$GNGST,015749.00,0.011,0.004,0.003,40.2601,2.724,1.231,9.596*40
$GNGST,015749.10,0.011,0.004,0.003,40.2862,2.724,1.231,9.596*4A
$GNGST,015749.20,0.011,0.004,0.003,40.2864,2.724,1.231,9.596*4F
$GNGST,015749.30,0.011,0.004,0.003,40.2865,2.724,1.231,9.596*4F
$GNGST,015749.40,0.011,0.004,0.003,40.5622,2.724,1.231,9.596*42
$GNGST,015749.50,0.011,0.004,0.003,40.2868,2.724,1.231,9.596*44
$GNGST,015749.60,0.011,0.004,0.003,40.2869,2.724,1.231,9.596*46
$GNGST,015749.70,0.011,0.004,0.003,40.2629,2.724,1.231,9.596*4D
$GNGST,015749.80,0.011,0.004,0.003,40.1326,2.724,1.231,9.596*4B
$GNGST,015749.90,0.011,0.004,0.003,40.7325,2.724,1.231,9.596*4F
$GNGST,015750.00,0.011,0.004,0.003,40.7327,2.724,1.231,9.596*4C
$GNGST,015750.10,0.011,0.004,0.003,40.7479,2.724,1.231,9.596*41
$GNGST,015750.20,0.011,0.004,0.003,40.7480,2.724,1.231,9.596*44
$GNGST,015750.30,0.011,0.004,0.003,41.0131,2.724,1.231,9.596*4C
$GNGST,015750.40,0.011,0.004,0.003,40.1539,2.724,1.231,9.596*47
$GNGST,015750.50,0.011,0.004,0.003,40.7334,2.724,1.231,9.596*4B
$GNGST,015750.60,0.011,0.004,0.003,43.1386,2.724,1.231,9.596*44
$GNGST,015750.70,0.010,0.004,0.003,39.6043,2.724,1.231,9.596*44
$GNGST,015750.80,0.011,0.004,0.003,34.5656,2.724,1.231,9.596*46
$GNGST,015750.90,0.011,0.004,0.003,37.1748,2.724,1.231,9.596*4E
$GNGST,015751.00,0.011,0.004,0.003,37.1949,2.724,1.231,9.596*49
$GNGST,015751.10,0.011,0.004,0.003,37.1750,2.724,1.231,9.596*4E
$GNGST,015751.20,0.011,0.004,0.003,34.5428,2.724,1.231,9.596*46
$GNGST,015751.30,0.011,0.004,0.003,37.1752,2.724,1.231,9.596*4E
$GNGST,015751.40,0.011,0.004,0.003,37.1753,2.724,1.231,9.596*48
$GNGST,015751.50,0.011,0.004,0.003,37.1754,2.724,1.231,9.596*4E
$GNGST,015751.60,0.011,0.004,0.003,33.0220,2.724,1.231,9.596*4E
$GNGST,015751.70,0.011,0.004,0.003,33.0220,2.724,1.231,9.596*4F
$GNGST,015751.80,0.011,0.004,0.003,33.0221,2.724,1.231,9.596*41
$GNGST,015751.90,0.011,0.004,0.003,33.3511,2.724,1.231,9.596*47
$GNGST,015752.00,0.011,0.004,0.003,34.2285,2.724,1.231,9.596*41
$GNGST,015752.10,0.011,0.004,0.003,34.2190,2.724,1.231,9.596*47
$GNGST,015752.20,0.011,0.004,0.003,34.2286,2.724,1.231,9.596*40
$GNGST,015752.30,0.011,0.004,0.003,34.2287,2.724,1.231,9.596*40
$GNGST,015752.40,0.011,0.004,0.003,34.2191,2.724,1.231,9.596*43
$GNGST,015752.50,0.011,0.004,0.003,34.2192,2.724,1.231,9.596*41
$GNGST,015752.60,0.011,0.004,0.003,31.4265,2.724,1.231,9.596*4A
$GNGST,015752.70,0.011,0.004,0.003,31.4265,2.724,1.231,9.596*4B
$GNGST,015752.80,0.011,0.004,0.003,31.4266,2.724,1.231,9.596*47
$GNGST,015752.90,0.012,0.005,0.003,35.5037,2.724,1.231,9.596*47
$GNGST,015753.00,0.011,0.004,0.003,34.3305,2.724,1.231,9.596*48
$GNGST,015753.10,0.011,0.004,0.003,33.8589,2.724,1.231,9.596*47
$GNGST,015753.20,0.011,0.004,0.003,33.8510,2.724,1.231,9.596*44
$GNGST,015753.30,0.011,0.004,0.003,33.9073,2.724,1.231,9.596*44
$GNGST,015753.40,0.011,0.004,0.003,33.9074,2.724,1.231,9.596*44
$GNGST,015753.50,0.011,0.004,0.003,33.8553,2.724,1.231,9.596*44
$GNGST,015753.60,0.011,0.004,0.003,30.7206,2.724,1.231,9.596*4C
$GNGST,015753.70,0.011,0.004,0.003,30.7206,2.724,1.231,9.596*4D
$GNGST,015753.80,0.011,0.004,0.003,36.6167,2.724,1.231,9.596*41
$GNGST,015753.90,0.011,0.004,0.003,37.3917,2.724,1.231,9.596*4B
$GNGST,015754.00,0.011,0.004,0.003,37.3918,2.724,1.231,9.596*4A
$GNGST,015754.10,0.011,0.004,0.003,37.6904,2.724,1.231,9.596*43
$GNGST,015754.20,0.011,0.004,0.003,36.7422,2.724,1.231,9.596*49
$GNGST,015754.30,0.011,0.004,0.003,37.5140,2.724,1.231,9.596*4A
$GNGST,015754.40,0.011,0.004,0.003,36.6380,2.724,1.231,9.596*41
$GNGST,015754.50,0.011,0.004,0.003,37.5142,2.724,1.231,9.596*4E
$GNGST,015754.60,0.011,0.004,0.003,37.5143,2.724,1.231,9.596*4C
$GNGST,015754.70,0.011,0.004,0.003,32.2772,2.724,1.231,9.596*4B
$GNGST,015754.80,0.011,0.004,0.003,32.2833,2.724,1.231,9.596*4E
$GNGST,015754.90,0.011,0.004,0.003,32.2773,2.724,1.231,9.596*44
$GNGST,015755.00,0.011,0.004,0.003,32.2773,2.724,1.231,9.596*4C
$GNGST,015755.10,0.011,0.004,0.003,32.2773,2.724,1.231,9.596*4D
$GNGST,015755.20,0.011,0.004,0.003,32.2774,2.724,1.231,9.596*49
$GNGST,015755.30,0.011,0.004,0.003,33.5890,2.724,1.231,9.596*4B
$GNGST,015755.40,0.011,0.004,0.003,33.5891,2.724,1.231,9.596*4D
$GNGST,015755.50,0.011,0.004,0.003,32.2775,2.724,1.231,9.596*4F
$GNGST,015755.60,0.011,0.004,0.003,33.5892,2.724,1.231,9.596*4C
$GNGST,015755.70,0.011,0.004,0.003,33.5893,2.724,1.231,9.596*4C
$GNGST,015755.80,0.011,0.004,0.003,33.1569,2.724,1.231,9.596*4F
$GNGST,015755.90,0.011,0.004,0.003,34.4373,2.724,1.231,9.596*41
$GNGST,015756.00,0.011,0.004,0.003,33.1570,2.724,1.231,9.596*4C
$GNGST,015756.10,0.011,0.004,0.003,34.3231,2.724,1.231,9.596*4A
$GNGST,015756.20,0.011,0.004,0.003,34.3232,2.724,1.231,9.596*4A
$GNGST,015756.30,0.011,0.004,0.003,34.3232,2.724,1.231,9.596*4B
$GNGST,015756.40,0.011,0.004,0.003,34.3232,2.724,1.231,9.596*4C
$GNGST,015756.50,0.011,0.004,0.003,34.3233,2.724,1.231,9.596*4C
$GNGST,015756.60,0.011,0.004,0.003,34.2748,2.724,1.231,9.596*47
$GNGST,015756.70,0.011,0.004,0.003,37.4675,2.724,1.231,9.596*4C
$GNGST,015756.80,0.011,0.004,0.003,38.5565,2.724,1.231,9.596*4F
$GNGST,015756.90,0.011,0.004,0.003,38.4343,2.724,1.231,9.596*4D
$GNGST,015757.00,0.011,0.004,0.003,38.4344,2.724,1.231,9.596*42
$GNGST,015757.10,0.011,0.004,0.003,38.4345,2.724,1.231,9.596*42
$GNGST,015757.20,0.011,0.004,0.003,38.4408,2.724,1.231,9.596*4F
$GNGST,015757.30,0.011,0.004,0.003,38.3788,2.724,1.231,9.596*42
$GNGST,015757.40,0.011,0.004,0.003,38.2228,2.724,1.231,9.596*4B
$GNGST,015757.50,0.011,0.004,0.003,38.4348,2.724,1.231,9.596*4B
$GNGST,015757.60,0.010,0.004,0.003,37.3830,2.724,1.231,9.596*45
$GNGST,015757.70,0.010,0.004,0.003,37.6061,2.724,1.231,9.596*4D
$GNGST,015757.80,0.011,0.004,0.003,38.2321,2.724,1.231,9.596*4F
$GNGST,015757.90,0.011,0.004,0.003,38.3826,2.724,1.231,9.596*43
$GNGST,015758.00,0.011,0.004,0.003,37.6274,2.724,1.231,9.596*42
$GNGST,015758.10,0.010,0.004,0.003,37.5772,2.724,1.231,9.596*42
$GNGST,015758.20,0.011,0.004,0.003,38.2264,2.724,1.231,9.596*4A
$GNGST,015758.30,0.011,0.004,0.003,38.5656,2.724,1.231,9.596*49
$GNGST,015758.40,0.011,0.004,0.003,38.2266,2.724,1.231,9.596*4E
$GNGST,015758.50,0.011,0.004,0.003,38.2266,2.724,1.231,9.596*4F
$GNGST,015758.60,0.010,0.004,0.003,37.9795,2.724,1.231,9.596*40
$GNGST,015758.70,0.011,0.004,0.003,37.2157,2.724,1.231,9.596*43
$GNGST,015758.80,0.011,0.004,0.003,38.3026,2.724,1.231,9.596*45
$GNGST,015758.90,0.011,0.004,0.003,38.5161,2.724,1.231,9.596*40
$GNGST,015759.00,0.011,0.004,0.003,37.3459,2.724,1.231,9.596*4F
$GNGST,015759.10,0.011,0.004,0.003,37.6055,2.724,1.231,9.596*43
$GNGST,015759.20,0.011,0.004,0.003,38.0264,2.724,1.231,9.596*49
$GNGST,015759.30,0.011,0.004,0.003,38.0265,2.724,1.231,9.596*49
$GNGST,015759.40,0.011,0.004,0.003,38.8824,2.724,1.231,9.596*49
$GNGST,015759.50,0.011,0.004,0.003,37.6805,2.724,1.231,9.596*4A
$GNGST,015759.60,0.011,0.004,0.003,38.0268,2.724,1.231,9.596*41
$GNGST,015759.70,0.011,0.004,0.003,38.8011,2.724,1.231,9.596*44
$GNGST,015759.80,0.011,0.004,0.003,40.0422,2.724,1.231,9.596*48
$GNGST,015759.90,0.011,0.004,0.003,40.2444,2.724,1.231,9.596*4B
$GNGST,015800.00,0.011,0.004,0.003,40.0425,2.724,1.231,9.596*44
$GNGST,015800.10,0.011,0.004,0.003,40.0427,2.724,1.231,9.596*47
$GNGST,015800.20,0.011,0.004,0.003,40.3914,2.724,1.231,9.596*4A
$GNGST,015800.30,0.011,0.004,0.003,40.2992,2.724,1.231,9.596*44
$GNGST,015800.40,0.011,0.004,0.003,40.3904,2.724,1.231,9.596*4D
$GNGST,015800.50,0.011,0.004,0.003,39.6932,2.724,1.231,9.596*42
$GNGST,015800.60,0.011,0.004,0.003,40.5995,2.724,1.231,9.596*41
$GNGST,015800.70,0.011,0.004,0.003,40.0517,2.724,1.231,9.596*43
$GNGST,015800.80,0.011,0.004,0.003,40.3484,2.724,1.231,9.596*44
$GNGST,015800.90,0.011,0.004,0.003,40.1878,2.724,1.231,9.596*48
$GNGST,015801.00,0.011,0.004,0.003,40.3098,2.724,1.231,9.596*44
$GNGST,015801.10,0.011,0.004,0.003,40.0507,2.724,1.231,9.596*45
$GNGST,015801.20,0.011,0.004,0.003,40.0509,2.724,1.231,9.596*48
$GNGST,015801.30,0.011,0.004,0.003,40.1723,2.724,1.231,9.596*42
$GNGST,015801.40,0.011,0.004,0.003,40.1724,2.724,1.231,9.596*42
$GNGST,015801.50,0.011,0.004,0.003,40.0513,2.724,1.231,9.596*44
$GNGST,015801.60,0.011,0.004,0.003,39.5711,2.724,1.231,9.596*4C
$GNGST,015801.70,0.011,0.004,0.003,40.0645,2.724,1.231,9.596*46
$GNGST,015801.80,0.011,0.004,0.003,39.2262,2.724,1.231,9.596*44
$GNGST,015801.90,0.011,0.004,0.003,39.9649,2.724,1.231,9.596*43
$GNGST,015802.00,0.011,0.004,0.003,40.0649,2.724,1.231,9.596*4E
$GNGST,015802.10,0.011,0.004,0.003,38.7456,2.724,1.231,9.596*4B
$GNGST,015802.20,0.011,0.004,0.003,38.5446,2.724,1.231,9.596*4B
$GNGST,015802.30,0.011,0.004,0.003,38.4101,2.724,1.231,9.596*4D
$GNGST,015802.40,0.011,0.004,0.003,39.3306,2.724,1.231,9.596*49
$GNGST,015802.50,0.011,0.004,0.003,38.6533,2.724,1.231,9.596*4C
$GNGST,015802.60,0.011,0.004,0.003,38.6534,2.724,1.231,9.596*48
$GNGST,015802.70,0.011,0.004,0.003,39.3310,2.724,1.231,9.596*4D
$GNGST,015802.80,0.011,0.004,0.003,39.3311,2.724,1.231,9.596*43
$GNGST,015802.90,0.011,0.004,0.003,39.3312,2.724,1.231,9.596*41
$GNGST,015803.00,0.011,0.004,0.003,34.3956,2.724,1.231,9.596*4E
$GNGST,015803.10,0.011,0.004,0.003,34.5263,2.724,1.231,9.596*44
$GNGST,015803.20,0.011,0.004,0.003,35.6116,2.724,1.231,9.596*44
$GNGST,015803.30,0.011,0.004,0.003,35.8375,2.724,1.231,9.596*4C
$GNGST,015803.40,0.011,0.004,0.003,35.4959,2.724,1.231,9.596*43
$GNGST,015803.50,0.011,0.004,0.003,35.6926,2.724,1.231,9.596*48
$GNGST,015803.60,0.011,0.004,0.003,35.4961,2.724,1.231,9.596*4A
$GNGST,015803.70,0.011,0.004,0.003,35.6927,2.724,1.231,9.596*4B
$GNGST,015803.80,0.011,0.004,0.003,35.4221,2.724,1.231,9.596*4B
$GNGST,015803.90,0.011,0.004,0.003,31.2141,2.724,1.231,9.596*4D
$GNGST,015804.00,0.011,0.004,0.003,31.3713,2.724,1.231,9.596*43
$GNGST,015804.10,0.011,0.004,0.003,34.9962,2.724,1.231,9.596*45
$GNGST,015804.20,0.011,0.004,0.003,31.0356,2.724,1.231,9.596*47
$GNGST,015804.30,0.011,0.004,0.003,34.9963,2.724,1.231,9.596*46
$GNGST,015804.40,0.011,0.004,0.003,35.1116,2.724,1.231,9.596*42
$GNGST,015804.50,0.011,0.004,0.003,35.1976,2.724,1.231,9.596*4D
$GNGST,015804.60,0.011,0.004,0.003,34.9822,2.724,1.231,9.596*47
$GNGST,015804.70,0.011,0.004,0.003,34.2786,2.724,1.231,9.596*4C
$GNGST,015804.80,0.011,0.004,0.003,35.4098,2.724,1.231,9.596*4C
$GNGST,015804.90,0.011,0.004,0.003,35.6075,2.724,1.231,9.596*4C
$GNGST,015805.00,0.011,0.004,0.003,35.3018,2.724,1.231,9.596*4A
$GNGST,015805.10,0.011,0.004,0.003,34.4728,2.724,1.231,9.596*49
$GNGST,015805.20,0.011,0.004,0.003,35.2970,2.724,1.231,9.596*4E
$GNGST,015805.30,0.011,0.004,0.003,35.2971,2.724,1.231,9.596*4E
$GNGST,015805.40,0.011,0.004,0.003,35.2096,2.724,1.231,9.596*49
$GNGST,015805.50,0.011,0.004,0.003,35.3215,2.724,1.231,9.596*40
$GNGST,015805.60,0.011,0.004,0.003,33.7326,2.724,1.231,9.596*40
$GNGST,015805.70,0.011,0.004,0.003,33.7326,2.724,1.231,9.596*41
$GNGST,015805.80,0.011,0.004,0.003,34.8407,2.724,1.231,9.596*42
$GNGST,015805.90,0.011,0.004,0.003,33.7457,2.724,1.231,9.596*4E
$GNGST,015806.00,0.011,0.004,0.003,33.8560,2.724,1.231,9.596*4E
$GNGST,015806.10,0.011,0.004,0.003,35.0496,2.724,1.231,9.596*49
$GNGST,015806.20,0.011,0.004,0.003,33.8561,2.724,1.231,9.596*4D
$GNGST,015806.30,0.011,0.004,0.003,33.8296,2.724,1.231,9.596*43
$GNGST,015806.40,0.011,0.004,0.003,33.8296,2.724,1.231,9.596*44
$GNGST,015806.50,0.011,0.004,0.003,32.6098,2.724,1.231,9.596*46
$GNGST,015806.60,0.011,0.004,0.003,32.6098,2.724,1.231,9.596*45
$GNGST,015806.70,0.011,0.004,0.003,32.6099,2.724,1.231,9.596*45
$GNGST,015806.80,0.011,0.004,0.003,32.6099,2.724,1.231,9.596*4A
$GNGST,015806.90,0.011,0.004,0.003,38.4902,2.724,1.231,9.596*48
$GNGST,015807.00,0.011,0.004,0.003,38.8942,2.724,1.231,9.596*48
$GNGST,015807.10,0.011,0.004,0.003,39.5005,2.724,1.231,9.596*4F
$GNGST,015807.20,0.011,0.004,0.003,39.5007,2.724,1.231,9.596*4E
$GNGST,015807.30,0.011,0.004,0.003,39.5008,2.724,1.231,9.596*40
$GNGST,015807.40,0.011,0.004,0.003,39.5342,2.724,1.231,9.596*4A
$GNGST,015807.50,0.011,0.004,0.003,37.6583,2.724,1.231,9.596*4D
$GNGST,015807.60,0.011,0.004,0.003,40.6148,2.724,1.231,9.596*4D
$GNGST,015807.70,0.011,0.004,0.003,41.1330,2.724,1.231,9.596*47
$GNGST,015807.80,0.011,0.004,0.003,40.5968,2.724,1.231,9.596*4A
$GNGST,015807.90,0.011,0.004,0.003,40.5883,2.724,1.231,9.596*4F
$GNGST,015808.00,0.011,0.004,0.003,40.5900,2.724,1.231,9.596*43
$GNGST,015808.10,0.011,0.004,0.003,41.1289,2.724,1.231,9.596*4D
$GNGST,015808.20,0.011,0.004,0.003,40.5450,2.724,1.231,9.596*49
$GNGST,015808.30,0.011,0.004,0.003,40.3093,2.724,1.231,9.596*45
$GNGST,015808.40,0.011,0.004,0.003,40.5364,2.724,1.231,9.596*4F
$GNGST,015808.50,0.011,0.004,0.003,40.8238,2.724,1.231,9.596*4B
$GNGST,015808.60,0.010,0.004,0.003,39.9911,2.724,1.231,9.596*46
$GNGST,015808.70,0.010,0.004,0.003,39.8694,2.724,1.231,9.596*44
$GNGST,015808.80,0.010,0.004,0.003,39.8696,2.724,1.231,9.596*49
$GNGST,015808.90,0.010,0.004,0.003,39.8697,2.724,1.231,9.596*49
$GNGST,015809.00,0.011,0.004,0.003,40.5517,2.724,1.231,9.596*48
$GNGST,015809.10,0.011,0.004,0.003,40.6376,2.724,1.231,9.596*4B
$GNGST,015809.20,0.011,0.004,0.003,40.6378,2.724,1.231,9.596*46
$GNGST,015809.30,0.011,0.004,0.003,39.1693,2.724,1.231,9.596*4E
$GNGST,015809.40,0.011,0.004,0.003,39.4178,2.724,1.231,9.596*4E
$GNGST,015809.50,0.011,0.004,0.003,39.4179,2.724,1.231,9.596*4E
$GNGST,015809.60,0.011,0.004,0.003,38.6225,2.724,1.231,9.596*44
$GNGST,015809.70,0.011,0.004,0.003,39.2866,2.724,1.231,9.596*4D
$GNGST,015809.80,0.011,0.004,0.003,39.2867,2.724,1.231,9.596*43
$GNGST,015809.90,0.011,0.004,0.003,39.2868,2.724,1.231,9.596*4D
$GNGST,015810.00,0.011,0.004,0.003,39.0465,2.724,1.231,9.596*4F
$GNGST,015810.10,0.011,0.004,0.003,39.3259,2.724,1.231,9.596*44
$GNGST,015810.20,0.011,0.004,0.003,39.8995,2.724,1.231,9.596*47
$GNGST,015810.30,0.011,0.004,0.003,39.9291,2.724,1.231,9.596*48
$GNGST,015810.40,0.011,0.004,0.003,39.0757,2.724,1.231,9.596*49
$GNGST,015810.50,0.011,0.004,0.003,39.8998,2.724,1.231,9.596*4D
$GNGST,015810.60,0.011,0.004,0.003,40.0879,2.724,1.231,9.596*46
$GNGST,015810.70,0.011,0.004,0.003,40.0881,2.724,1.231,9.596*40
$GNGST,015810.80,0.011,0.004,0.003,40.1208,2.724,1.231,9.596*45
$GNGST,015810.90,0.011,0.004,0.003,40.1209,2.724,1.231,9.596*45
$GNGST,015811.00,0.011,0.004,0.003,40.0884,2.724,1.231,9.596*43
$GNGST,015811.10,0.011,0.004,0.003,40.0886,2.724,1.231,9.596*40
$GNGST,015811.20,0.011,0.004,0.003,40.0887,2.724,1.231,9.596*42
$GNGST,015811.30,0.011,0.004,0.003,40.0888,2.724,1.231,9.596*4C
$GNGST,015811.40,0.011,0.004,0.003,40.4668,2.724,1.231,9.596*4F
$GNGST,015811.50,0.011,0.004,0.003,40.0890,2.724,1.231,9.596*43
$GNGST,015811.60,0.011,0.004,0.003,40.0892,2.724,1.231,9.596*42
$GNGST,015811.70,0.011,0.004,0.003,40.0893,2.724,1.231,9.596*42
$GNGST,015811.80,0.011,0.004,0.003,40.0894,2.724,1.231,9.596*4A
$GNGST,015811.90,0.011,0.004,0.003,40.0895,2.724,1.231,9.596*4A
$GNGST,015812.00,0.011,0.004,0.003,40.1280,2.724,1.231,9.596*4F
$GNGST,015812.10,0.011,0.004,0.003,40.0958,2.724,1.231,9.596*41
$GNGST,015812.20,0.011,0.004,0.003,40.0959,2.724,1.231,9.596*43
$GNGST,015812.30,0.011,0.004,0.003,40.0960,2.724,1.231,9.596*48
$GNGST,015812.40,0.011,0.004,0.003,40.0961,2.724,1.231,9.596*4E
$GNGST,015812.50,0.011,0.004,0.003,40.0962,2.724,1.231,9.596*4C
$GNGST,015812.60,0.011,0.004,0.003,40.3685,2.724,1.231,9.596*4A
$GNGST,015812.70,0.011,0.004,0.003,40.0965,2.724,1.231,9.596*49
$GNGST,015812.80,0.011,0.004,0.003,40.3688,2.724,1.231,9.596*49
$GNGST,015812.90,0.011,0.004,0.003,40.3690,2.724,1.231,9.596*41
$GNGST,015813.00,0.011,0.004,0.003,40.3692,2.724,1.231,9.596*4B
$GNGST,015813.10,0.011,0.004,0.003,40.3693,2.724,1.231,9.596*4B
$GNGST,015813.20,0.011,0.004,0.003,40.7508,2.724,1.231,9.596*4D
$GNGST,015813.30,0.011,0.004,0.003,40.4783,2.724,1.231,9.596*4E
$GNGST,015813.40,0.011,0.004,0.003,40.3698,2.724,1.231,9.596*45
$GNGST,015813.50,0.011,0.004,0.003,40.3699,2.724,1.231,9.596*45
$GNGST,015813.60,0.011,0.004,0.003,35.2377,2.724,1.231,9.596*40
$GNGST,015813.70,0.011,0.004,0.003,35.2378,2.724,1.231,9.596*4E
$GNGST,015813.80,0.011,0.004,0.003,34.8886,2.724,1.231,9.596*40
$GNGST,015813.90,0.011,0.004,0.003,38.9706,2.724,1.231,9.596*4B
$GNGST,015814.00,0.011,0.004,0.003,39.7504,2.724,1.231,9.596*4A
$GNGST,015814.10,0.011,0.004,0.003,39.7505,2.724,1.231,9.596*4A
$GNGST,015814.20,0.011,0.004,0.003,39.7506,2.724,1.231,9.596*4A
$GNGST,015814.30,0.011,0.004,0.003,39.0417,2.724,1.231,9.596*4D
$GNGST,015814.40,0.011,0.004,0.003,39.5058,2.724,1.231,9.596*40
$GNGST,015814.50,0.011,0.004,0.003,39.5059,2.724,1.231,9.596*40
$GNGST,015814.60,0.011,0.004,0.003,38.3933,2.724,1.231,9.596*41
$GNGST,015814.70,0.011,0.004,0.003,38.3547,2.724,1.231,9.596*4F
$GNGST,015814.80,0.011,0.004,0.003,38.3198,2.724,1.231,9.596*46
$GNGST,015814.90,0.011,0.004,0.003,39.0862,2.724,1.231,9.596*49
$GNGST,015815.00,0.011,0.004,0.003,39.1458,2.724,1.231,9.596*45
$GNGST,015815.10,0.011,0.004,0.003,39.0865,2.724,1.231,9.596*47
$GNGST,015815.20,0.011,0.004,0.003,39.0810,2.724,1.231,9.596*46
$GNGST,015815.30,0.011,0.004,0.003,38.9240,2.724,1.231,9.596*40
$GNGST,015815.40,0.011,0.004,0.003,39.0812,2.724,1.231,9.596*42
$GNGST,015815.50,0.011,0.004,0.003,38.8322,2.724,1.231,9.596*42
$GNGST,015815.60,0.011,0.004,0.003,39.0843,2.724,1.231,9.596*44
$GNGST,015815.70,0.011,0.004,0.003,39.0844,2.724,1.231,9.596*42
$GNGST,015815.80,0.011,0.004,0.003,39.0846,2.724,1.231,9.596*4F
$GNGST,015815.90,0.011,0.004,0.003,39.3036,2.724,1.231,9.596*42
$GNGST,015816.00,0.011,0.004,0.003,39.0457,2.724,1.231,9.596*48
$GNGST,015816.10,0.011,0.004,0.003,38.9475,2.724,1.231,9.596*41
$GNGST,015816.20,0.011,0.004,0.003,38.9476,2.724,1.231,9.596*41
$GNGST,015816.30,0.011,0.004,0.003,38.9477,2.724,1.231,9.596*41
$GNGST,015816.40,0.011,0.004,0.003,38.9534,2.724,1.231,9.596*40
$GNGST,015816.50,0.011,0.004,0.003,39.9873,2.724,1.231,9.596*4E
$GNGST,015816.60,0.011,0.004,0.003,40.3593,2.724,1.231,9.596*4A
$GNGST,015816.70,0.011,0.004,0.003,40.3535,2.724,1.231,9.596*47
$GNGST,015816.80,0.011,0.004,0.003,40.3289,2.724,1.231,9.596*48
$GNGST,015816.90,0.011,0.004,0.003,40.3353,2.724,1.231,9.596*4F
$GNGST,015817.00,0.011,0.004,0.003,39.9878,2.724,1.231,9.596*41
$GNGST,015817.10,0.011,0.004,0.003,40.3355,2.724,1.231,9.596*40
$GNGST,015817.20,0.011,0.004,0.003,40.3357,2.724,1.231,9.596*41
$GNGST,015817.30,0.011,0.004,0.003,40.6117,2.724,1.231,9.596*43
$GNGST,015817.40,0.011,0.004,0.003,40.3339,2.724,1.231,9.596*4F
$GNGST,015817.50,0.011,0.004,0.003,40.3340,2.724,1.231,9.596*40
$GNGST,015817.60,0.011,0.004,0.003,40.0432,2.724,1.231,9.596*42
$GNGST,015817.70,0.011,0.004,0.003,40.3280,2.724,1.231,9.596*4F
$GNGST,015817.80,0.011,0.004,0.003,40.0435,2.724,1.231,9.596*4B
$GNGST,015817.90,0.011,0.004,0.003,40.3206,2.724,1.231,9.596*4F
$GNGST,015818.00,0.011,0.004,0.003,40.0913,2.724,1.231,9.596*45
$GNGST,015818.10,0.011,0.004,0.003,40.3724,2.724,1.231,9.596*4D
$GNGST,015818.20,0.011,0.004,0.003,40.3753,2.724,1.231,9.596*4E
$GNGST,015818.30,0.011,0.004,0.003,40.3755,2.724,1.231,9.596*49
$GNGST,015818.40,0.011,0.004,0.003,40.3757,2.724,1.231,9.596*4C
$GNGST,015818.50,0.011,0.004,0.003,40.3759,2.724,1.231,9.596*43
$GNGST,015818.60,0.011,0.004,0.003,40.4106,2.724,1.231,9.596*4B
$GNGST,015818.70,0.011,0.004,0.003,40.3763,2.724,1.231,9.596*48
$GNGST,015818.80,0.011,0.004,0.003,40.3764,2.724,1.231,9.596*40
$GNGST,015818.90,0.011,0.004,0.003,40.4112,2.724,1.231,9.596*41
$GNGST,015819.00,0.011,0.004,0.003,40.3768,2.724,1.231,9.596*45
$GNGST,015819.10,0.011,0.004,0.003,40.3770,2.724,1.231,9.596*4D
$GNGST,015819.20,0.011,0.004,0.003,40.4118,2.724,1.231,9.596*41
$GNGST,015819.30,0.011,0.004,0.003,40.3774,2.724,1.231,9.596*4B
$GNGST,015819.40,0.011,0.004,0.003,40.4122,2.724,1.231,9.596*4E
$GNGST,015819.50,0.011,0.004,0.003,40.3778,2.724,1.231,9.596*41
$GNGST,015819.60,0.011,0.004,0.003,40.1859,2.724,1.231,9.596*4C
$GNGST,015819.70,0.011,0.004,0.003,39.9110,2.724,1.231,9.596*4F
$GNGST,015819.80,0.011,0.004,0.003,40.1578,2.724,1.231,9.596*4C
$GNGST,015819.90,0.011,0.004,0.003,39.6897,2.724,1.231,9.596*48
$GNGST,015820.00,0.011,0.004,0.003,39.6808,2.724,1.231,9.596*4D
$GNGST,015820.10,0.011,0.004,0.003,38.8859,2.724,1.231,9.596*47
$GNGST,015820.20,0.011,0.004,0.003,39.6810,2.724,1.231,9.596*46
$GNGST,015820.30,0.011,0.004,0.003,39.6811,2.724,1.231,9.596*46
$GNGST,015820.40,0.011,0.004,0.003,39.6813,2.724,1.231,9.596*43
$GNGST,015820.50,0.011,0.004,0.003,39.6814,2.724,1.231,9.596*45
$GNGST,015820.60,0.011,0.004,0.003,39.4132,2.724,1.231,9.596*49
$GNGST,015820.70,0.011,0.004,0.003,39.4220,2.724,1.231,9.596*48
$GNGST,015820.80,0.011,0.004,0.003,39.6907,2.724,1.231,9.596*4B
$GNGST,015820.90,0.011,0.004,0.003,40.4877,2.724,1.231,9.596*40
$GNGST,015821.00,0.011,0.004,0.003,39.7903,2.724,1.231,9.596*47
$GNGST,015821.10,0.011,0.004,0.003,40.5025,2.724,1.231,9.596*47
$GNGST,015821.20,0.011,0.004,0.003,40.8069,2.724,1.231,9.596*41
$GNGST,015821.30,0.011,0.004,0.003,40.8070,2.724,1.231,9.596*48
$GNGST,015821.40,0.011,0.004,0.003,40.4796,2.724,1.231,9.596*4C
$GNGST,015821.50,0.011,0.004,0.003,40.4876,2.724,1.231,9.596*4C
$GNGST,015821.60,0.011,0.004,0.003,40.4878,2.724,1.231,9.596*41
$GNGST,015821.70,0.011,0.004,0.003,40.4879,2.724,1.231,9.596*41
$GNGST,015821.80,0.011,0.004,0.003,40.4880,2.724,1.231,9.596*48
$GNGST,015821.90,0.011,0.004,0.003,40.4662,2.724,1.231,9.596*4B
$GNGST,015822.00,0.011,0.004,0.003,39.7152,2.724,1.231,9.596*48
$GNGST,015822.10,0.011,0.004,0.003,39.7153,2.724,1.231,9.596*48
$GNGST,015822.20,0.011,0.004,0.003,40.1029,2.724,1.231,9.596*4F
$GNGST,015822.30,0.011,0.004,0.003,40.4457,2.724,1.231,9.596*46
$GNGST,015822.40,0.011,0.004,0.003,40.4373,2.724,1.231,9.596*40
$GNGST,015822.50,0.010,0.004,0.003,38.9498,2.724,1.231,9.596*40
$GNGST,015822.60,0.010,0.004,0.003,38.9500,2.724,1.231,9.596*43
$GNGST,015822.70,0.010,0.004,0.003,38.9501,2.724,1.231,9.596*43
$GNGST,015822.80,0.011,0.004,0.003,40.2186,2.724,1.231,9.596*42
$GNGST,015822.90,0.011,0.004,0.003,40.2188,2.724,1.231,9.596*4D
$GNGST,015823.00,0.011,0.004,0.003,40.2189,2.724,1.231,9.596*44
$GNGST,015823.10,0.011,0.004,0.003,40.2190,2.724,1.231,9.596*4D
$GNGST,015823.20,0.011,0.004,0.003,40.2211,2.724,1.231,9.596*44
$GNGST,015823.30,0.010,0.004,0.003,39.3991,2.724,1.231,9.596*48
$GNGST,015823.40,0.011,0.004,0.003,40.1691,2.724,1.231,9.596*4D
$GNGST,015823.50,0.011,0.004,0.003,40.1692,2.724,1.231,9.596*4F
$GNGST,015823.60,0.011,0.004,0.003,40.1693,2.724,1.231,9.596*4D
$GNGST,015823.70,0.010,0.004,0.003,39.3998,2.724,1.231,9.596*45
$GNGST,015823.80,0.010,0.004,0.003,39.6085,2.724,1.231,9.596*4A
$GNGST,015823.90,0.010,0.004,0.003,39.5770,2.724,1.231,9.596*45
$GNGST,015824.00,0.010,0.004,0.003,39.7914,2.724,1.231,9.596*45
$GNGST,015824.10,0.011,0.004,0.003,39.5533,2.724,1.231,9.596*4E
$GNGST,015824.20,0.011,0.004,0.003,40.2931,2.724,1.231,9.596*4A
$GNGST,015824.30,0.011,0.004,0.003,39.5535,2.724,1.231,9.596*4A
$GNGST,015824.40,0.011,0.004,0.003,40.5876,2.724,1.231,9.596*49
$GNGST,015824.50,0.010,0.004,0.003,39.5777,2.724,1.231,9.596*49
$GNGST,015824.60,0.010,0.004,0.003,38.7033,2.724,1.231,9.596*4E
$GNGST,015824.70,0.010,0.004,0.003,38.7035,2.724,1.231,9.596*49
$GNGST,015824.80,0.010,0.004,0.003,38.7036,2.724,1.231,9.596*45
$GNGST,015824.90,0.010,0.004,0.003,38.7038,2.724,1.231,9.596*4A
$GNGST,015825.00,0.010,0.004,0.003,39.1192,2.724,1.231,9.596*44
$GNGST,015825.10,0.010,0.004,0.003,39.0874,2.724,1.231,9.596*45
$GNGST,015825.20,0.010,0.004,0.003,39.2986,2.724,1.231,9.596*48
$GNGST,015825.30,0.010,0.004,0.003,39.2988,2.724,1.231,9.596*47
$GNGST,015825.40,0.010,0.004,0.003,39.2989,2.724,1.231,9.596*41
$GNGST,015825.50,0.011,0.004,0.003,40.0970,2.724,1.231,9.596*4B
$GNGST,015825.60,0.010,0.004,0.003,39.2992,2.724,1.231,9.596*49
$GNGST,015825.70,0.011,0.004,0.003,40.3403,2.724,1.231,9.596*43
$GNGST,015825.80,0.011,0.004,0.003,40.0672,2.724,1.231,9.596*4B
$GNGST,015825.90,0.011,0.004,0.003,40.0673,2.724,1.231,9.596*4B
$GNGST,015826.00,0.011,0.004,0.003,40.0908,2.724,1.231,9.596*42
$GNGST,015826.10,0.011,0.004,0.003,40.0676,2.724,1.231,9.596*45
$GNGST,015826.20,0.011,0.004,0.003,40.0370,2.724,1.231,9.596*45
$GNGST,015826.30,0.011,0.004,0.003,40.3083,2.724,1.231,9.596*48
$GNGST,015826.40,0.011,0.004,0.003,39.8038,2.724,1.231,9.596*4A
$GNGST,015826.50,0.011,0.004,0.003,40.0373,2.724,1.231,9.596*41
$GNGST,015826.60,0.011,0.004,0.003,39.9570,2.724,1.231,9.596*40
$GNGST,015826.70,0.011,0.004,0.003,39.9572,2.724,1.231,9.596*43
$GNGST,015826.80,0.011,0.004,0.003,40.2180,2.724,1.231,9.596*40
$GNGST,015826.90,0.011,0.004,0.003,40.1944,2.724,1.231,9.596*42
$GNGST,015827.00,0.011,0.004,0.003,41.0155,2.724,1.231,9.596*42
$GNGST,015827.10,0.011,0.004,0.003,40.2474,2.724,1.231,9.596*46
$GNGST,015827.20,0.011,0.004,0.003,40.2177,2.724,1.231,9.596*43
$GNGST,015827.30,0.011,0.004,0.003,41.6017,2.724,1.231,9.596*40
$GNGST,015827.40,0.011,0.004,0.003,41.6380,2.724,1.231,9.596*4A
$GNGST,015827.50,0.011,0.004,0.003,36.1971,2.724,1.231,9.596*48
$GNGST,015827.60,0.011,0.004,0.003,41.6384,2.724,1.231,9.596*4C
$GNGST,015827.70,0.011,0.004,0.003,41.6386,2.724,1.231,9.596*4F
$GNGST,015827.80,0.011,0.004,0.003,41.6388,2.724,1.231,9.596*4E
$GNGST,015827.90,0.011,0.004,0.003,39.9452,2.724,1.231,9.596*4F
$GNGST,015828.00,0.011,0.004,0.003,39.9454,2.724,1.231,9.596*4F
$GNGST,015828.10,0.011,0.004,0.003,39.9455,2.724,1.231,9.596*4F
$GNGST,015828.20,0.011,0.004,0.003,39.9781,2.724,1.231,9.596*46
$GNGST,015828.30,0.011,0.004,0.003,39.9457,2.724,1.231,9.596*4F
$GNGST,015828.40,0.011,0.004,0.003,39.9783,2.724,1.231,9.596*42
$GNGST,015828.50,0.011,0.004,0.003,39.9459,2.724,1.231,9.596*47
$GNGST,015828.60,0.010,0.004,0.003,39.9225,2.724,1.231,9.596*48
$GNGST,015828.70,0.010,0.004,0.003,39.9333,2.724,1.231,9.596*4F
$GNGST,015828.80,0.010,0.004,0.003,39.9334,2.724,1.231,9.596*47
$GNGST,015828.90,0.010,0.004,0.003,39.9336,2.724,1.231,9.596*44
$GNGST,015829.00,0.011,0.004,0.003,40.3034,2.724,1.231,9.596*48
$GNGST,015829.10,0.011,0.004,0.003,41.6489,2.724,1.231,9.596*4F
$GNGST,015829.20,0.011,0.004,0.003,40.2740,2.724,1.231,9.596*4F
$GNGST,015829.30,0.011,0.004,0.003,40.2717,2.724,1.231,9.596*4C
$GNGST,015829.40,0.011,0.004,0.003,40.2718,2.724,1.231,9.596*44
$GNGST,015829.50,0.010,0.004,0.003,39.9321,2.724,1.231,9.596*4F
$GNGST,015829.60,0.010,0.004,0.003,39.9323,2.724,1.231,9.596*4E
$GNGST,015829.70,0.011,0.004,0.003,41.6840,2.724,1.231,9.596*40
$GNGST,015829.80,0.010,0.004,0.003,39.9979,2.724,1.231,9.596*45
$GNGST,015829.90,0.010,0.004,0.003,40.0284,2.724,1.231,9.596*4A
$GNGST,015830.00,0.010,0.004,0.003,39.9697,2.724,1.231,9.596*4A
$GNGST,015830.10,0.010,0.004,0.003,39.9698,2.724,1.231,9.596*44
$GNGST,015830.20,0.011,0.004,0.003,40.5806,2.724,1.231,9.596*4D
$GNGST,015830.30,0.011,0.004,0.003,40.5807,2.724,1.231,9.596*4D
$GNGST,015830.40,0.011,0.004,0.003,40.5809,2.724,1.231,9.596*44
$GNGST,015830.50,0.011,0.004,0.003,41.0228,2.724,1.231,9.596*48
$GNGST,015830.60,0.011,0.004,0.003,41.0229,2.724,1.231,9.596*4A
$GNGST,015830.70,0.011,0.004,0.003,41.3202,2.724,1.231,9.596*41
$GNGST,015830.80,0.011,0.004,0.003,41.0232,2.724,1.231,9.596*4E
$GNGST,015830.90,0.011,0.004,0.003,41.2934,2.724,1.231,9.596*40
$GNGST,015831.00,0.011,0.004,0.003,41.3208,2.724,1.231,9.596*4D
$GNGST,015831.10,0.011,0.004,0.003,41.2958,2.724,1.231,9.596*43
$GNGST,015831.20,0.011,0.004,0.003,41.5963,2.724,1.231,9.596*4F
$GNGST,015831.30,0.011,0.004,0.003,41.3213,2.724,1.231,9.596*44
$GNGST,015831.40,0.011,0.004,0.003,41.2963,2.724,1.231,9.596*4E
$GNGST,015831.50,0.011,0.004,0.003,41.2965,2.724,1.231,9.596*49
$GNGST,015831.60,0.011,0.004,0.003,41.2967,2.724,1.231,9.596*48
$GNGST,015831.70,0.011,0.004,0.003,41.0489,2.724,1.231,9.596*46
$GNGST,015831.80,0.011,0.004,0.003,41.4931,2.724,1.231,9.596*43
$GNGST,015831.90,0.011,0.004,0.003,40.9487,2.724,1.231,9.596*4E
$GNGST,015832.00,0.011,0.004,0.003,40.9489,2.724,1.231,9.596*4A
$GNGST,015832.10,0.011,0.004,0.003,41.2462,2.724,1.231,9.596*44
$GNGST,015832.20,0.011,0.004,0.003,41.2681,2.724,1.231,9.596*48
$GNGST,015832.30,0.011,0.004,0.003,41.2683,2.724,1.231,9.596*4B
$GNGST,015832.40,0.011,0.004,0.003,41.2466,2.724,1.231,9.596*45
$GNGST,015832.50,0.011,0.004,0.003,41.2468,2.724,1.231,9.596*4A
$GNGST,015832.60,0.011,0.004,0.003,40.9498,2.724,1.231,9.596*4C
$GNGST,015832.70,0.011,0.004,0.003,41.2837,2.724,1.231,9.596*4E
$GNGST,015832.80,0.011,0.004,0.003,41.0091,2.724,1.231,9.596*47
$GNGST,015832.90,0.011,0.004,0.003,41.1894,2.724,1.231,9.596*4A
$GNGST,015833.00,0.011,0.004,0.003,41.5817,2.724,1.231,9.596*4D
$GNGST,015833.10,0.011,0.004,0.003,41.1895,2.724,1.231,9.596*42
$GNGST,015833.20,0.011,0.004,0.003,41.1896,2.724,1.231,9.596*42
$GNGST,015833.30,0.011,0.004,0.003,41.5819,2.724,1.231,9.596*40
$GNGST,015833.40,0.011,0.004,0.003,41.5820,2.724,1.231,9.596*4D
$GNGST,015833.50,0.011,0.004,0.003,41.0097,2.724,1.231,9.596*4D
$GNGST,015833.60,0.011,0.004,0.003,41.0098,2.724,1.231,9.596*41
$GNGST,015833.70,0.011,0.004,0.003,41.0099,2.724,1.231,9.596*41
$GNGST,015833.80,0.011,0.004,0.003,41.0100,2.724,1.231,9.596*4F
$GNGST,015833.90,0.011,0.004,0.003,40.9413,2.724,1.231,9.596*41
$GNGST,015834.00,0.011,0.004,0.003,40.9615,2.724,1.231,9.596*4B
$GNGST,015834.10,0.011,0.004,0.003,40.9415,2.724,1.231,9.596*48
$GNGST,015834.20,0.011,0.004,0.003,41.0574,2.724,1.231,9.596*45
$GNGST,015834.30,0.011,0.004,0.003,41.0569,2.724,1.231,9.596*48
$GNGST,015834.40,0.011,0.004,0.003,40.8530,2.724,1.231,9.596*4A
$GNGST,015834.50,0.011,0.004,0.003,40.8706,2.724,1.231,9.596*4C
$GNGST,015834.60,0.011,0.004,0.003,40.8707,2.724,1.231,9.596*4E
$GNGST,015834.70,0.011,0.004,0.003,40.8377,2.724,1.231,9.596*4C
$GNGST,015834.80,0.011,0.004,0.003,40.8378,2.724,1.231,9.596*4C
$GNGST,015834.90,0.011,0.004,0.003,40.8379,2.724,1.231,9.596*4C
$GNGST,015835.00,0.011,0.004,0.003,40.9920,2.724,1.231,9.596*43
$GNGST,015835.10,0.011,0.004,0.003,40.7769,2.724,1.231,9.596*4F
$GNGST,015835.20,0.011,0.004,0.003,40.7575,2.724,1.231,9.596*43
$GNGST,015835.30,0.011,0.004,0.003,40.9724,2.724,1.231,9.596*4A
$GNGST,015835.40,0.011,0.004,0.003,40.9725,2.724,1.231,9.596*4C
$GNGST,015835.50,0.011,0.004,0.003,40.9726,2.724,1.231,9.596*4E
$GNGST,015835.60,0.011,0.004,0.003,40.7369,2.724,1.231,9.596*4C
$GNGST,015835.70,0.011,0.004,0.003,40.9508,2.724,1.231,9.596*42
$GNGST,015835.80,0.010,0.004,0.003,40.3913,2.724,1.231,9.596*40
$GNGST,015835.90,0.010,0.004,0.003,40.3915,2.724,1.231,9.596*47
$GNGST,015836.00,0.011,0.004,0.003,40.7796,2.724,1.231,9.596*4D
$GNGST,015836.10,0.011,0.004,0.003,41.1399,2.724,1.231,9.596*40
$GNGST,015836.20,0.011,0.004,0.003,41.1400,2.724,1.231,9.596*44
$GNGST,015836.30,0.011,0.004,0.003,41.1841,2.724,1.231,9.596*4C
$GNGST,015836.40,0.011,0.004,0.003,41.1611,2.724,1.231,9.596*40
$GNGST,015836.50,0.011,0.004,0.003,41.1612,2.724,1.231,9.596*42
$GNGST,015836.60,0.011,0.004,0.003,41.1845,2.724,1.231,9.596*4D
$GNGST,015836.70,0.010,0.004,0.003,40.2721,2.724,1.231,9.596*42
$GNGST,015836.80,0.011,0.004,0.003,39.4643,2.724,1.231,9.596*41
$GNGST,015836.90,0.011,0.004,0.003,40.3433,2.724,1.231,9.596*4C
$GNGST,015837.00,0.011,0.004,0.003,40.3434,2.724,1.231,9.596*43
$GNGST,015837.10,0.011,0.004,0.003,39.8985,2.724,1.231,9.596*40
$GNGST,015837.20,0.011,0.004,0.003,39.8986,2.724,1.231,9.596*40
$GNGST,015837.30,0.011,0.004,0.003,40.1145,2.724,1.231,9.596*41
$GNGST,015837.40,0.011,0.004,0.003,40.3439,2.724,1.231,9.596*4A
$GNGST,015837.50,0.011,0.004,0.003,35.7630,2.724,1.231,9.596*46
$GNGST,015837.60,0.011,0.004,0.003,39.6439,2.724,1.231,9.596*43
$GNGST,015837.70,0.010,0.004,0.003,38.8319,2.724,1.231,9.596*49
$GNGST,015837.80,0.010,0.004,0.003,38.8320,2.724,1.231,9.596*4C
$GNGST,015837.90,0.011,0.004,0.003,39.5298,2.724,1.231,9.596*42
$GNGST,015838.00,0.010,0.004,0.003,39.5033,2.724,1.231,9.596*46
$GNGST,015838.10,0.010,0.004,0.003,39.6620,2.724,1.231,9.596*40
$GNGST,015838.20,0.011,0.004,0.003,39.4462,2.724,1.231,9.596*44
$GNGST,015838.30,0.010,0.004,0.003,39.4774,2.724,1.231,9.596*40
$GNGST,015838.40,0.010,0.004,0.003,39.6624,2.724,1.231,9.596*41
$GNGST,015838.50,0.010,0.004,0.003,39.5204,2.724,1.231,9.596*45
$GNGST,015838.60,0.010,0.004,0.003,39.5736,2.724,1.231,9.596*42
$GNGST,015838.70,0.010,0.004,0.003,39.5206,2.724,1.231,9.596*45
$GNGST,015838.80,0.010,0.004,0.003,39.5207,2.724,1.231,9.596*4B
$GNGST,015838.90,0.010,0.004,0.003,39.5493,2.724,1.231,9.596*41
$GNGST,015839.00,0.010,0.004,0.003,39.5494,2.724,1.231,9.596*4E
$GNGST,015839.10,0.010,0.004,0.003,39.5495,2.724,1.231,9.596*4E
$GNGST,015839.20,0.010,0.004,0.003,39.5496,2.724,1.231,9.596*4E
$GNGST,015839.30,0.010,0.004,0.003,39.8973,2.724,1.231,9.596*44
$GNGST,015839.40,0.010,0.004,0.003,39.4776,2.724,1.231,9.596*44
$GNGST,015839.50,0.010,0.004,0.003,39.4777,2.724,1.231,9.596*44
$GNGST,015839.60,0.010,0.004,0.003,39.5022,2.724,1.231,9.596*41
$GNGST,015839.70,0.010,0.004,0.003,38.8663,2.724,1.231,9.596*4F
$GNGST,015839.80,0.011,0.004,0.003,40.1274,2.724,1.231,9.596*45
$GNGST,015839.90,0.011,0.004,0.003,40.1275,2.724,1.231,9.596*45
$GNGST,015840.00,0.011,0.004,0.003,40.1276,2.724,1.231,9.596*41
$GNGST,015840.10,0.010,0.004,0.003,39.5626,2.724,1.231,9.596*4A
$GNGST,015840.20,0.011,0.004,0.003,40.0658,2.724,1.231,9.596*4A
$GNGST,015840.30,0.011,0.004,0.003,40.0659,2.724,1.231,9.596*4A
$GNGST,015840.40,0.011,0.004,0.003,40.0660,2.724,1.231,9.596*47
$GNGST,015840.50,0.011,0.004,0.003,39.8299,2.724,1.231,9.596*42
$GNGST,015840.60,0.011,0.004,0.003,40.0663,2.724,1.231,9.596*46
$GNGST,015840.70,0.011,0.004,0.003,41.3497,2.724,1.231,9.596*4C
$GNGST,015840.80,0.010,0.004,0.003,38.7085,2.724,1.231,9.596*4F
$GNGST,015840.90,0.011,0.004,0.003,40.1242,2.724,1.231,9.596*4F
$GNGST,015841.00,0.011,0.004,0.003,41.1968,2.724,1.231,9.596*45
$GNGST,015841.10,0.010,0.004,0.003,39.3839,2.724,1.231,9.596*4D
$GNGST,015841.20,0.011,0.004,0.003,40.5502,2.724,1.231,9.596*42
$GNGST,015841.30,0.010,0.004,0.003,39.1675,2.724,1.231,9.596*4B
$GNGST,015841.40,0.010,0.004,0.003,39.1676,2.724,1.231,9.596*4F
$GNGST,015841.50,0.010,0.004,0.003,39.1677,2.724,1.231,9.596*4F
$GNGST,015841.60,0.011,0.004,0.003,40.5509,2.724,1.231,9.596*4D
$GNGST,015841.70,0.010,0.004,0.003,39.4061,2.724,1.231,9.596*49
$GNGST,015841.80,0.010,0.004,0.003,39.1873,2.724,1.231,9.596*48
$GNGST,015841.90,0.011,0.004,0.003,39.9110,2.724,1.231,9.596*4C
$GNGST,015842.00,0.010,0.004,0.003,39.4304,2.724,1.231,9.596*4D
$GNGST,015842.10,0.010,0.004,0.003,39.2193,2.724,1.231,9.596*46
$GNGST,015842.20,0.010,0.004,0.003,39.4066,2.724,1.231,9.596*48
$GNGST,015842.30,0.010,0.004,0.003,39.4067,2.724,1.231,9.596*48
$GNGST,015842.40,0.010,0.004,0.003,39.1879,2.724,1.231,9.596*4D
$GNGST,015842.50,0.010,0.004,0.003,39.4910,2.724,1.231,9.596*47
$GNGST,015842.60,0.010,0.004,0.003,40.2256,2.724,1.231,9.596*45
$GNGST,015842.70,0.011,0.004,0.003,40.2931,2.724,1.231,9.596*4F
$GNGST,015842.80,0.011,0.004,0.003,40.2781,2.724,1.231,9.596*45
$GNGST,015842.90,0.010,0.004,0.003,39.2594,2.724,1.231,9.596*4D
$GNGST,015843.00,0.011,0.004,0.003,40.3278,2.724,1.231,9.596*4E
$GNGST,015843.10,0.010,0.004,0.003,41.6494,2.724,1.231,9.596*4E
$GNGST,015843.20,0.010,0.004,0.003,39.7074,2.724,1.231,9.596*49
$GNGST,015843.30,0.010,0.004,0.003,39.6772,2.724,1.231,9.596*48
$GNGST,015843.40,0.010,0.004,0.003,39.7615,2.724,1.231,9.596*4E
$GNGST,015843.50,0.010,0.004,0.003,39.7616,2.724,1.231,9.596*4C
$GNGST,015843.60,0.010,0.004,0.003,39.5645,2.724,1.231,9.596*4B
$GNGST,015843.70,0.010,0.004,0.003,39.5366,2.724,1.231,9.596*4E
$GNGST,015843.80,0.010,0.004,0.003,39.2856,2.724,1.231,9.596*4E
$GNGST,015843.90,0.010,0.004,0.003,39.5301,2.724,1.231,9.596*41
$GNGST,015844.00,0.010,0.004,0.003,39.7313,2.724,1.231,9.596*4E
$GNGST,015844.10,0.010,0.004,0.003,39.7013,2.724,1.231,9.596*4C
$GNGST,015844.20,0.011,0.004,0.003,40.4525,2.724,1.231,9.596*43
$GNGST,015844.30,0.010,0.004,0.003,39.7015,2.724,1.231,9.596*48
$GNGST,015844.40,0.010,0.004,0.003,39.7318,2.724,1.231,9.596*41
$GNGST,015844.50,0.011,0.004,0.003,41.2538,2.724,1.231,9.596*4F
$GNGST,015844.60,0.010,0.004,0.003,40.9014,2.724,1.231,9.596*4C
$GNGST,015844.70,0.011,0.004,0.003,40.6163,2.724,1.231,9.596*42
$GNGST,015844.80,0.011,0.004,0.003,41.2685,2.724,1.231,9.596*47
$GNGST,015844.90,0.011,0.004,0.003,41.2686,2.724,1.231,9.596*45
$GNGST,015845.00,0.011,0.004,0.003,41.2914,2.724,1.231,9.596*49
$GNGST,015845.10,0.011,0.004,0.003,41.2915,2.724,1.231,9.596*49
$GNGST,015845.20,0.011,0.004,0.003,41.2917,2.724,1.231,9.596*48
$GNGST,015845.30,0.011,0.004,0.003,41.2667,2.724,1.231,9.596*41
$GNGST,015845.40,0.011,0.004,0.003,41.2669,2.724,1.231,9.596*48
$GNGST,015845.50,0.011,0.004,0.003,41.2670,2.724,1.231,9.596*41
$GNGST,015845.60,0.011,0.004,0.003,42.7009,2.724,1.231,9.596*4C
$GNGST,015845.70,0.011,0.004,0.003,41.2924,2.724,1.231,9.596*4D
$GNGST,015845.80,0.011,0.004,0.003,41.2926,2.724,1.231,9.596*40
$GNGST,015845.90,0.011,0.004,0.003,40.9597,2.724,1.231,9.596*4D
$GNGST,015846.00,0.011,0.004,0.003,41.1399,2.724,1.231,9.596*46
$GNGST,015846.10,0.011,0.004,0.003,41.1400,2.724,1.231,9.596*40
$GNGST,015846.20,0.011,0.004,0.003,40.5728,2.724,1.231,9.596*4F
$GNGST,015846.30,0.011,0.004,0.003,40.5729,2.724,1.231,9.596*4F
$GNGST,015846.40,0.011,0.004,0.003,41.1404,2.724,1.231,9.596*41
$GNGST,015846.50,0.011,0.004,0.003,41.1185,2.724,1.231,9.596*4C
$GNGST,015846.60,0.011,0.004,0.003,41.1639,2.724,1.231,9.596*4F
$GNGST,015846.70,0.011,0.004,0.003,41.1430,2.724,1.231,9.596*45
$GNGST,015846.80,0.011,0.004,0.003,41.1642,2.724,1.231,9.596*4D
$GNGST,015846.90,0.011,0.004,0.003,40.0145,2.724,1.231,9.596*4C
$GNGST,015847.00,0.011,0.004,0.003,40.0146,2.724,1.231,9.596*47
$GNGST,015847.10,0.011,0.004,0.003,40.5991,2.724,1.231,9.596*41
$GNGST,015847.20,0.011,0.004,0.003,40.3646,2.724,1.231,9.596*41
$GNGST,015847.30,0.011,0.004,0.003,40.3647,2.724,1.231,9.596*41
$GNGST,015847.40,0.011,0.004,0.003,39.8224,2.724,1.231,9.596*42
$GNGST,015847.50,0.011,0.004,0.003,40.0080,2.724,1.231,9.596*49
$GNGST,015847.60,0.011,0.004,0.003,40.0081,2.724,1.231,9.596*4B
$GNGST,015847.70,0.011,0.004,0.003,40.0644,2.724,1.231,9.596*45
$GNGST,015847.80,0.011,0.004,0.003,40.2800,2.724,1.231,9.596*46
$GNGST,015847.90,0.011,0.004,0.003,40.3207,2.724,1.231,9.596*4B
$GNGST,015848.00,0.011,0.004,0.003,40.3209,2.724,1.231,9.596*43
$GNGST,015848.10,0.011,0.004,0.003,40.3875,2.724,1.231,9.596*43
$GNGST,015848.20,0.011,0.004,0.003,40.3876,2.724,1.231,9.596*43
$GNGST,015848.30,0.011,0.004,0.003,40.0692,2.724,1.231,9.596*45
$GNGST,015848.40,0.011,0.004,0.003,40.3878,2.724,1.231,9.596*4B
$GNGST,015848.50,0.011,0.004,0.003,40.3879,2.724,1.231,9.596*4B
$GNGST,015848.60,0.011,0.004,0.003,41.0274,2.724,1.231,9.596*4D
$GNGST,015848.70,0.011,0.004,0.003,40.7898,2.724,1.231,9.596*42
$GNGST,015848.80,0.011,0.004,0.003,40.7899,2.724,1.231,9.596*4C
$GNGST,015848.90,0.011,0.004,0.003,40.8117,2.724,1.231,9.596*4D
$GNGST,015849.00,0.011,0.004,0.003,40.9133,2.724,1.231,9.596*42
$GNGST,015849.10,0.011,0.004,0.003,40.9134,2.724,1.231,9.596*44
$GNGST,015849.20,0.011,0.004,0.003,40.9136,2.724,1.231,9.596*45
$GNGST,015849.30,0.011,0.004,0.003,40.7904,2.724,1.231,9.596*43
$GNGST,015849.40,0.011,0.004,0.003,40.7906,2.724,1.231,9.596*46
$GNGST,015849.50,0.011,0.004,0.003,38.8476,2.724,1.231,9.596*4D
$GNGST,015849.60,0.011,0.004,0.003,39.0184,2.724,1.231,9.596*4F
$GNGST,015849.70,0.011,0.004,0.003,39.0185,2.724,1.231,9.596*4F
$GNGST,015849.80,0.011,0.004,0.003,39.0185,2.724,1.231,9.596*40
$GNGST,015849.90,0.011,0.004,0.003,39.0186,2.724,1.231,9.596*42
$GNGST,015850.00,0.011,0.004,0.003,39.0187,2.724,1.231,9.596*42
$GNGST,015850.10,0.011,0.004,0.003,39.0401,2.724,1.231,9.596*48
$GNGST,015850.20,0.011,0.004,0.003,39.0189,2.724,1.231,9.596*4E
$GNGST,015850.30,0.011,0.004,0.003,39.0190,2.724,1.231,9.596*47
$GNGST,015850.40,0.011,0.004,0.003,39.0191,2.724,1.231,9.596*41
$GNGST,015850.50,0.011,0.004,0.003,39.8361,2.724,1.231,9.596*45
$GNGST,015850.60,0.011,0.004,0.003,39.0193,2.724,1.231,9.596*41
$GNGST,015850.70,0.011,0.004,0.003,39.0194,2.724,1.231,9.596*47
$GNGST,015850.80,0.011,0.004,0.003,39.0195,2.724,1.231,9.596*49
$GNGST,015850.90,0.010,0.004,0.003,38.6618,2.724,1.231,9.596*4C
$GNGST,015851.00,0.011,0.004,0.003,38.4497,2.724,1.231,9.596*42
$GNGST,015851.10,0.011,0.004,0.003,38.4103,2.724,1.231,9.596*4B
$GNGST,015851.20,0.011,0.004,0.003,38.1927,2.724,1.231,9.596*43
$GNGST,015851.30,0.011,0.004,0.003,38.1928,2.724,1.231,9.596*4D
$GNGST,015851.40,0.011,0.004,0.003,38.1928,2.724,1.231,9.596*4A
$GNGST,015851.50,0.011,0.004,0.003,38.1542,2.724,1.231,9.596*4B
$GNGST,015851.60,0.011,0.004,0.003,38.1930,2.724,1.231,9.596*41
$GNGST,015851.70,0.011,0.004,0.003,38.4108,2.724,1.231,9.596*46
$GNGST,015851.80,0.011,0.004,0.003,38.4109,2.724,1.231,9.596*48
$GNGST,015851.90,0.011,0.004,0.003,38.1545,2.724,1.231,9.596*40
$GNGST,015852.00,0.011,0.004,0.003,38.3664,2.724,1.231,9.596*48
$GNGST,015852.10,0.011,0.004,0.003,38.3665,2.724,1.231,9.596*48
$GNGST,015852.20,0.011,0.004,0.003,38.3665,2.724,1.231,9.596*4B
$GNGST,015852.30,0.011,0.004,0.003,38.7300,2.724,1.231,9.596*48
$GNGST,015852.40,0.011,0.004,0.003,38.5417,2.724,1.231,9.596*4C
$GNGST,015852.50,0.011,0.004,0.003,38.3668,2.724,1.231,9.596*41
$GNGST,015852.60,0.010,0.004,0.003,37.6894,2.724,1.231,9.596*44
$GNGST,015852.70,0.010,0.004,0.003,37.6895,2.724,1.231,9.596*44
$GNGST,015852.80,0.010,0.004,0.003,37.6896,2.724,1.231,9.596*48
$GNGST,015852.90,0.010,0.004,0.003,37.6898,2.724,1.231,9.596*47
$GNGST,015853.00,0.011,0.004,0.003,38.5601,2.724,1.231,9.596*4C
$GNGST,015853.10,0.011,0.004,0.003,38.7838,2.724,1.231,9.596*4B
$GNGST,015853.20,0.011,0.004,0.003,38.5602,2.724,1.231,9.596*4D
$GNGST,015853.30,0.011,0.004,0.003,38.7840,2.724,1.231,9.596*46
$GNGST,015853.40,0.011,0.004,0.003,38.5604,2.724,1.231,9.596*4D
$GNGST,015853.50,0.011,0.004,0.003,38.7745,2.724,1.231,9.596*4A
$GNGST,015853.60,0.011,0.004,0.003,39.0031,2.724,1.231,9.596*4B
$GNGST,015853.70,0.011,0.004,0.003,38.8299,2.724,1.231,9.596*43
$GNGST,015853.80,0.011,0.004,0.003,38.7969,2.724,1.231,9.596*47
$GNGST,015853.90,0.011,0.004,0.003,38.7970,2.724,1.231,9.596*4E
$GNGST,015854.00,0.011,0.004,0.003,38.7971,2.724,1.231,9.596*41
$GNGST,015854.10,0.011,0.004,0.003,38.5953,2.724,1.231,9.596*42
$GNGST,015854.20,0.011,0.004,0.003,38.7972,2.724,1.231,9.596*40
$GNGST,015854.30,0.011,0.004,0.003,38.7973,2.724,1.231,9.596*40
$GNGST,015854.40,0.011,0.004,0.003,38.7974,2.724,1.231,9.596*40
$GNGST,015854.50,0.011,0.004,0.003,38.7975,2.724,1.231,9.596*40
$GNGST,015854.60,0.011,0.004,0.003,38.5959,2.724,1.231,9.596*4F
$GNGST,015854.70,0.011,0.004,0.003,38.7516,2.724,1.231,9.596*4B
$GNGST,015854.80,0.011,0.004,0.003,38.7517,2.724,1.231,9.596*45
$GNGST,015854.90,0.011,0.004,0.003,38.8240,2.724,1.231,9.596*4E
$GNGST,015855.00,0.011,0.004,0.003,40.7393,2.724,1.231,9.596*49
$GNGST,015855.10,0.011,0.004,0.003,38.8243,2.724,1.231,9.596*44
$GNGST,015855.20,0.011,0.004,0.003,40.8829,2.724,1.231,9.596*4E
$GNGST,015855.30,0.011,0.004,0.003,38.8246,2.724,1.231,9.596*43
$GNGST,015855.40,0.011,0.004,0.003,40.8832,2.724,1.231,9.596*42
$GNGST,015855.50,0.011,0.004,0.003,38.8248,2.724,1.231,9.596*4B
$GNGST,015855.60,0.011,0.004,0.003,38.4999,2.724,1.231,9.596*43
$GNGST,015855.70,0.011,0.004,0.003,38.4866,2.724,1.231,9.596*43
$GNGST,015855.80,0.011,0.004,0.003,38.3924,2.724,1.231,9.596*4C
$GNGST,015855.90,0.010,0.004,0.003,38.9271,2.724,1.231,9.596*4D
$GNGST,015856.00,0.011,0.004,0.003,39.0906,2.724,1.231,9.596*45
$GNGST,015856.10,0.010,0.004,0.003,39.0591,2.724,1.231,9.596*47
$GNGST,015856.20,0.010,0.004,0.003,39.0592,2.724,1.231,9.596*47
$GNGST,015856.30,0.010,0.004,0.003,39.0593,2.724,1.231,9.596*47
$GNGST,015856.40,0.010,0.004,0.003,39.0594,2.724,1.231,9.596*47
$GNGST,015856.50,0.011,0.004,0.003,39.1507,2.724,1.231,9.596*4C
$GNGST,015856.60,0.011,0.004,0.003,39.1484,2.724,1.231,9.596*45
$GNGST,015856.70,0.010,0.004,0.003,39.4800,2.724,1.231,9.596*40
$GNGST,015856.80,0.011,0.004,0.003,39.2710,2.724,1.231,9.596*46
$GNGST,015856.90,0.011,0.004,0.003,39.2711,2.724,1.231,9.596*46
$GNGST,015857.00,0.011,0.004,0.003,38.9060,2.724,1.231,9.596*45
$GNGST,015857.10,0.011,0.004,0.003,39.1490,2.724,1.231,9.596*46
$GNGST,015857.20,0.011,0.004,0.003,39.2765,2.724,1.231,9.596*4F
$GNGST,015857.30,0.010,0.004,0.003,38.9285,2.724,1.231,9.596*4E
$GNGST,015857.40,0.011,0.004,0.003,39.2768,2.724,1.231,9.596*44
$GNGST,015857.50,0.010,0.004,0.003,38.7159,2.724,1.231,9.596*44
$GNGST,015857.60,0.010,0.004,0.003,38.8230,2.724,1.231,9.596*44
$GNGST,015857.70,0.010,0.004,0.003,38.8231,2.724,1.231,9.596*44
$GNGST,015857.80,0.011,0.004,0.003,39.4202,2.724,1.231,9.596*47
$GNGST,015857.90,0.011,0.004,0.003,30.5972,2.724,1.231,9.596*42
$GNGST,015858.00,0.011,0.004,0.003,30.6437,2.724,1.231,9.596*4B
$GNGST,015858.10,0.011,0.004,0.003,30.6437,2.724,1.231,9.596*4A
$GNGST,015858.20,0.011,0.004,0.003,31.6636,2.724,1.231,9.596*4B
$GNGST,015858.30,0.011,0.004,0.003,31.5588,2.724,1.231,9.596*4F
$GNGST,015858.40,0.011,0.004,0.003,30.6438,2.724,1.231,9.596*40
$GNGST,015858.50,0.011,0.004,0.003,30.6438,2.724,1.231,9.596*41
$GNGST,015858.60,0.011,0.004,0.003,34.9452,2.724,1.231,9.596*45
$GNGST,015858.70,0.011,0.004,0.003,35.4813,2.724,1.231,9.596*41
$GNGST,015858.80,0.011,0.004,0.003,34.7165,2.724,1.231,9.596*44
$GNGST,015858.90,0.011,0.004,0.003,34.7728,2.724,1.231,9.596*4A
$GNGST,015859.00,0.011,0.004,0.003,34.7390,2.724,1.231,9.596*45
$GNGST,015859.10,0.011,0.004,0.003,34.8410,2.724,1.231,9.596*44
$GNGST,015859.20,0.011,0.004,0.003,34.7952,2.724,1.231,9.596*43
$GNGST,015859.30,0.011,0.004,0.003,35.6049,2.724,1.231,9.596*41
$GNGST,015859.40,0.011,0.004,0.003,34.7953,2.724,1.231,9.596*44
$GNGST,015859.50,0.011,0.004,0.003,34.7954,2.724,1.231,9.596*42
$GNGST,015859.60,0.011,0.004,0.003,35.4649,2.724,1.231,9.596*40
$GNGST,015859.70,0.011,0.004,0.003,35.6051,2.724,1.231,9.596*4C
$GNGST,015859.80,0.011,0.004,0.003,34.5647,2.724,1.231,9.596*40
$GNGST,015859.90,0.011,0.004,0.003,34.5647,2.724,1.231,9.596*41
$GNGST,015900.00,0.011,0.004,0.003,36.5193,2.724,1.231,9.596*49
$GNGST,015900.10,0.011,0.004,0.003,35.5276,2.724,1.231,9.596*43
$GNGST,015900.20,0.011,0.004,0.003,34.6600,2.724,1.231,9.596*47
$GNGST,015900.30,0.011,0.004,0.003,34.4874,2.724,1.231,9.596*49
$GNGST,015900.40,0.011,0.004,0.003,35.4464,2.724,1.231,9.596*42
$GNGST,015900.50,0.011,0.004,0.003,36.3220,2.724,1.231,9.596*41
$GNGST,015900.60,0.011,0.004,0.003,35.7108,2.724,1.231,9.596*4C
$GNGST,015900.70,0.011,0.004,0.003,34.4876,2.724,1.231,9.596*4F
$GNGST,015900.80,0.011,0.004,0.003,36.3224,2.724,1.231,9.596*48
$GNGST,015900.90,0.011,0.004,0.003,37.3916,2.724,1.231,9.596*42
$GNGST,015901.00,0.011,0.004,0.003,37.1283,2.724,1.231,9.596*4F
$GNGST,015901.10,0.011,0.004,0.003,37.5069,2.724,1.231,9.596*4C
$GNGST,015901.20,0.011,0.004,0.003,37.2571,2.724,1.231,9.596*44
$GNGST,015901.30,0.011,0.004,0.003,38.1291,2.724,1.231,9.596*40
$GNGST,015901.40,0.011,0.004,0.003,37.5072,2.724,1.231,9.596*43
$GNGST,015901.50,0.011,0.004,0.003,35.7751,2.724,1.231,9.596*44
$GNGST,015901.60,0.011,0.004,0.003,35.7751,2.724,1.231,9.596*47
$GNGST,015901.70,0.011,0.004,0.003,35.6254,2.724,1.231,9.596*47
$GNGST,015901.80,0.011,0.004,0.003,35.6254,2.724,1.231,9.596*48
$GNGST,015901.90,0.011,0.004,0.003,35.7753,2.724,1.231,9.596*4A
$GNGST,015902.00,0.011,0.004,0.003,36.2220,2.724,1.231,9.596*47
$GNGST,015902.10,0.011,0.004,0.003,35.7754,2.724,1.231,9.596*46
$GNGST,015902.20,0.011,0.004,0.003,36.8631,2.724,1.231,9.596*4B
$GNGST,015902.30,0.011,0.004,0.003,35.5572,2.724,1.231,9.596*40
$GNGST,015902.40,0.011,0.004,0.003,35.5573,2.724,1.231,9.596*46
$GNGST,015902.50,0.011,0.004,0.003,36.2223,2.724,1.231,9.596*41
$GNGST,015902.60,0.011,0.004,0.003,35.6109,2.724,1.231,9.596*4E
$GNGST,015902.70,0.011,0.004,0.003,35.6258,2.724,1.231,9.596*48
$GNGST,015902.80,0.011,0.004,0.003,35.5574,2.724,1.231,9.596*4D
$GNGST,015902.90,0.011,0.004,0.003,35.5880,2.724,1.231,9.596*4A
$GNGST,015903.00,0.011,0.004,0.003,35.6045,2.724,1.231,9.596*40
$GNGST,015903.10,0.011,0.004,0.003,36.2628,2.724,1.231,9.596*4B
$GNGST,015903.20,0.011,0.004,0.003,36.3631,2.724,1.231,9.596*41
$GNGST,015903.30,0.011,0.004,0.003,36.2240,2.724,1.231,9.596*43
$GNGST,015903.40,0.011,0.004,0.003,36.3633,2.724,1.231,9.596*45
$GNGST,015903.50,0.011,0.004,0.003,36.2241,2.724,1.231,9.596*44
$GNGST,015903.60,0.011,0.004,0.003,35.8408,2.724,1.231,9.596*45
$GNGST,015903.70,0.011,0.004,0.003,35.9737,2.724,1.231,9.596*4A
$GNGST,015903.80,0.011,0.004,0.003,35.7908,2.724,1.231,9.596*49
$GNGST,015903.90,0.011,0.004,0.003,35.7529,2.724,1.231,9.596*47
$GNGST,015904.00,0.011,0.004,0.003,36.2139,2.724,1.231,9.596*4A
$GNGST,015904.10,0.011,0.004,0.003,36.0523,2.724,1.231,9.596*46
$GNGST,015904.20,0.011,0.004,0.003,36.2140,2.724,1.231,9.596*46
$GNGST,015904.30,0.011,0.004,0.003,36.2141,2.724,1.231,9.596*46
$GNGST,015904.40,0.011,0.004,0.003,36.7165,2.724,1.231,9.596*42
$GNGST,015904.50,0.011,0.004,0.003,36.7165,2.724,1.231,9.596*43
$GNGST,015904.60,0.011,0.004,0.003,35.7532,2.724,1.231,9.596*45
$GNGST,015904.70,0.011,0.004,0.003,35.5728,2.724,1.231,9.596*4F
$GNGST,015904.80,0.011,0.004,0.003,40.2794,2.724,1.231,9.596*42
$GNGST,015904.90,0.011,0.004,0.003,40.3853,2.724,1.231,9.596*46
$GNGST,015905.00,0.011,0.004,0.003,40.3854,2.724,1.231,9.596*49
$GNGST,015905.10,0.011,0.004,0.003,40.1605,2.724,1.231,9.596*40
$GNGST,015905.20,0.011,0.004,0.003,40.2833,2.724,1.231,9.596*4B
$GNGST,015905.30,0.011,0.004,0.003,40.1778,2.724,1.231,9.596*49
$GNGST,015905.40,0.011,0.004,0.003,40.3858,2.724,1.231,9.596*41
$GNGST,015905.50,0.011,0.004,0.003,40.2836,2.724,1.231,9.596*49
$GNGST,015905.60,0.011,0.004,0.003,40.1610,2.724,1.231,9.596*43
$GNGST,015905.70,0.011,0.004,0.003,40.1611,2.724,1.231,9.596*43
$GNGST,015905.80,0.011,0.004,0.003,40.7032,2.724,1.231,9.596*4D
$GNGST,015905.90,0.011,0.004,0.003,40.4498,2.724,1.231,9.596*4B
$GNGST,015906.00,0.011,0.004,0.003,40.4687,2.724,1.231,9.596*4D
$GNGST,015906.10,0.011,0.004,0.003,40.4500,2.724,1.231,9.596*40
$GNGST,015906.20,0.011,0.004,0.003,40.6675,2.724,1.231,9.596*40
$GNGST,015906.30,0.011,0.004,0.003,40.5557,2.724,1.231,9.596*41
$GNGST,015906.40,0.011,0.004,0.003,40.6828,2.724,1.231,9.596*40
$GNGST,015906.50,0.011,0.004,0.003,40.6916,2.724,1.231,9.596*4D
$GNGST,015906.60,0.011,0.004,0.003,40.5889,2.724,1.231,9.596*4A
$GNGST,015906.70,0.011,0.004,0.003,40.8197,2.724,1.231,9.596*40
$GNGST,015906.80,0.011,0.004,0.003,40.8198,2.724,1.231,9.596*40
$GNGST,015906.90,0.011,0.004,0.003,40.6920,2.724,1.231,9.596*44
$GNGST,015907.00,0.011,0.004,0.003,40.8200,2.724,1.231,9.596*4B
$GNGST,015907.10,0.011,0.004,0.003,40.8202,2.724,1.231,9.596*48
$GNGST,015907.20,0.011,0.004,0.003,40.6923,2.724,1.231,9.596*4D
$GNGST,015907.30,0.011,0.004,0.003,40.6547,2.724,1.231,9.596*42
$GNGST,015907.40,0.011,0.004,0.003,40.6548,2.724,1.231,9.596*4A
$GNGST,015907.50,0.011,0.004,0.003,40.7813,2.724,1.231,9.596*49
$GNGST,015907.60,0.011,0.004,0.003,40.8616,2.724,1.231,9.596*4E
$GNGST,015907.70,0.011,0.004,0.003,40.8216,2.724,1.231,9.596*4B
$GNGST,015907.80,0.011,0.004,0.003,40.8608,2.724,1.231,9.596*4F
$GNGST,015907.90,0.011,0.004,0.003,40.8609,2.724,1.231,9.596*4F
$GNGST,015908.00,0.011,0.004,0.003,40.8219,2.724,1.231,9.596*4C
$GNGST,015908.10,0.011,0.004,0.003,41.0756,2.724,1.231,9.596*4A
$GNGST,015908.20,0.011,0.004,0.003,41.0757,2.724,1.231,9.596*48
$GNGST,015908.30,0.011,0.004,0.003,41.1182,2.724,1.231,9.596*46
$GNGST,015908.40,0.011,0.004,0.003,41.1703,2.724,1.231,9.596*4E
$GNGST,015908.50,0.011,0.004,0.003,40.7226,2.724,1.231,9.596*4A
$GNGST,015908.60,0.010,0.004,0.003,40.5901,2.724,1.231,9.596*44
$GNGST,015908.70,0.010,0.004,0.003,40.5902,2.724,1.231,9.596*46
$GNGST,015908.80,0.010,0.004,0.003,40.5904,2.724,1.231,9.596*4F
$GNGST,015908.90,0.011,0.004,0.003,40.7988,2.724,1.231,9.596*49
$GNGST,015909.00,0.011,0.004,0.003,40.8691,2.724,1.231,9.596*49
$GNGST,015909.10,0.011,0.004,0.003,40.7585,2.724,1.231,9.596*41
$GNGST,015909.20,0.011,0.004,0.003,40.8688,2.724,1.231,9.596*43
$GNGST,015909.30,0.011,0.004,0.003,40.8884,2.724,1.231,9.596*40
$GNGST,015909.40,0.011,0.004,0.003,40.8690,2.724,1.231,9.596*4C
$GNGST,015909.50,0.011,0.004,0.003,40.8692,2.724,1.231,9.596*4F
$GNGST,015909.60,0.011,0.004,0.003,40.7782,2.724,1.231,9.596*43
$GNGST,015909.70,0.011,0.004,0.003,40.7410,2.724,1.231,9.596*4A
$GNGST,015909.80,0.011,0.004,0.003,40.7640,2.724,1.231,9.596*42
$GNGST,015909.90,0.011,0.004,0.003,40.8012,2.724,1.231,9.596*4D
$GNGST,015910.00,0.011,0.004,0.003,40.7642,2.724,1.231,9.596*40
$GNGST,015910.10,0.011,0.004,0.003,40.9327,2.724,1.231,9.596*49
$GNGST,015910.20,0.011,0.004,0.003,40.8747,2.724,1.231,9.596*49
$GNGST,015910.30,0.011,0.004,0.003,40.7470,2.724,1.231,9.596*40
$GNGST,015910.40,0.011,0.004,0.003,40.7472,2.724,1.231,9.596*45
$GNGST,015910.50,0.011,0.004,0.003,40.8751,2.724,1.231,9.596*49
$GNGST,015910.60,0.010,0.004,0.003,40.6172,2.724,1.231,9.596*42
$GNGST,015910.70,0.011,0.004,0.003,40.7475,2.724,1.231,9.596*41
$GNGST,015910.80,0.011,0.004,0.003,40.1256,2.724,1.231,9.596*4F
$GNGST,015910.90,0.011,0.004,0.003,39.9811,2.724,1.231,9.596*41
$GNGST,015911.00,0.011,0.004,0.003,39.8802,2.724,1.231,9.596*4A
$GNGST,015911.10,0.011,0.004,0.003,39.7543,2.724,1.231,9.596*4C
$GNGST,015911.20,0.011,0.004,0.003,40.1073,2.724,1.231,9.596*41
$GNGST,015911.30,0.011,0.004,0.003,39.9814,2.724,1.231,9.596*4F
$GNGST,015911.40,0.011,0.004,0.003,40.0797,2.724,1.231,9.596*4B
$GNGST,015911.50,0.011,0.004,0.003,40.1259,2.724,1.231,9.596*4C
$GNGST,015911.60,0.011,0.004,0.003,40.1819,2.724,1.231,9.596*41
$GNGST,015911.70,0.011,0.004,0.003,40.1548,2.724,1.231,9.596*49
$GNGST,015911.80,0.011,0.004,0.003,40.0509,2.724,1.231,9.596*42
$GNGST,015911.90,0.011,0.004,0.003,40.0563,2.724,1.231,9.596*4F
$GNGST,015912.00,0.011,0.004,0.003,40.0312,2.724,1.231,9.596*45
$GNGST,015912.10,0.011,0.004,0.003,40.0565,2.724,1.231,9.596*42
$GNGST,015912.20,0.011,0.004,0.003,40.2280,2.724,1.231,9.596*4F
$GNGST,015912.30,0.011,0.004,0.003,40.0752,2.724,1.231,9.596*46
$GNGST,015912.40,0.011,0.004,0.003,40.0568,2.724,1.231,9.596*4A
$GNGST,015912.50,0.011,0.004,0.003,40.3721,2.724,1.231,9.596*47
$GNGST,015912.60,0.011,0.004,0.003,40.3722,2.724,1.231,9.596*47
$GNGST,015912.70,0.011,0.004,0.003,40.0571,2.724,1.231,9.596*41
$GNGST,015912.80,0.011,0.004,0.003,40.1196,2.724,1.231,9.596*42
$GNGST,015912.90,0.011,0.004,0.003,41.1720,2.724,1.231,9.596*49
$GNGST,015913.00,0.011,0.004,0.003,41.1721,2.724,1.231,9.596*40
$GNGST,015913.10,0.011,0.004,0.003,41.1415,2.724,1.231,9.596*45
$GNGST,015913.20,0.011,0.004,0.003,41.1724,2.724,1.231,9.596*47
$GNGST,015913.30,0.011,0.004,0.003,36.2205,2.724,1.231,9.596*43
$GNGST,015913.40,0.011,0.004,0.003,36.1217,2.724,1.231,9.596*44
$GNGST,015913.50,0.011,0.004,0.003,36.1250,2.724,1.231,9.596*46
$GNGST,015913.60,0.011,0.004,0.003,36.5799,2.724,1.231,9.596*41
$GNGST,015913.70,0.011,0.004,0.003,36.5453,2.724,1.231,9.596*45
$GNGST,015913.80,0.011,0.004,0.003,36.4552,2.724,1.231,9.596*4B
$GNGST,015913.90,0.011,0.004,0.003,41.0253,2.724,1.231,9.596*48
$GNGST,015914.00,0.011,0.004,0.003,41.0391,2.724,1.231,9.596*49
$GNGST,015914.10,0.011,0.004,0.003,36.2019,2.724,1.231,9.596*49
$GNGST,015914.20,0.011,0.004,0.003,41.1592,2.724,1.231,9.596*4F
$GNGST,015914.30,0.011,0.004,0.003,41.1593,2.724,1.231,9.596*4F
$GNGST,015914.40,0.011,0.004,0.003,36.5347,2.724,1.231,9.596*43
$GNGST,015914.50,0.011,0.004,0.003,41.3478,2.724,1.231,9.596*4F
$GNGST,015914.60,0.011,0.004,0.003,41.1385,2.724,1.231,9.596*4B
$GNGST,015914.70,0.011,0.004,0.003,40.9200,2.724,1.231,9.596*4F
$GNGST,015914.80,0.011,0.004,0.003,40.9005,2.724,1.231,9.596*47
$GNGST,015914.90,0.011,0.004,0.003,41.0539,2.724,1.231,9.596*44
$GNGST,015915.00,0.011,0.004,0.003,36.0839,2.724,1.231,9.596*41
$GNGST,015915.10,0.011,0.004,0.003,41.1391,2.724,1.231,9.596*48
$GNGST,015915.20,0.011,0.004,0.003,41.0327,2.724,1.231,9.596*47
$GNGST,015915.30,0.011,0.004,0.003,41.0328,2.724,1.231,9.596*49
$GNGST,015915.40,0.011,0.004,0.003,41.0329,2.724,1.231,9.596*4F
$GNGST,015915.50,0.011,0.004,0.003,41.0330,2.724,1.231,9.596*46
$GNGST,015915.60,0.011,0.004,0.003,41.0552,2.724,1.231,9.596*47
$GNGST,015915.70,0.011,0.004,0.003,41.3090,2.724,1.231,9.596*4E
$GNGST,015915.80,0.011,0.004,0.003,41.3092,2.724,1.231,9.596*43
$GNGST,015915.90,0.011,0.004,0.003,41.2896,2.724,1.231,9.596*4F
$GNGST,015916.00,0.011,0.004,0.003,41.4122,2.724,1.231,9.596*45
$GNGST,015916.10,0.011,0.004,0.003,41.4123,2.724,1.231,9.596*45
$GNGST,015916.20,0.011,0.004,0.003,41.2900,2.724,1.231,9.596*49
$GNGST,015916.30,0.011,0.004,0.003,41.2875,2.724,1.231,9.596*4B
$GNGST,015916.40,0.011,0.004,0.003,41.0609,2.724,1.231,9.596*4B
$GNGST,015916.50,0.011,0.004,0.003,41.1727,2.724,1.231,9.596*46
$GNGST,015916.60,0.011,0.004,0.003,41.2715,2.724,1.231,9.596*47
$GNGST,015916.70,0.011,0.004,0.003,41.1552,2.724,1.231,9.596*44
$GNGST,015916.80,0.011,0.004,0.003,41.1636,2.724,1.231,9.596*4A
$GNGST,015916.90,0.011,0.004,0.003,41.2865,2.724,1.231,9.596*40
$GNGST,015917.00,0.011,0.004,0.003,41.2540,2.724,1.231,9.596*42
$GNGST,015917.10,0.011,0.004,0.003,41.1557,2.724,1.231,9.596*46
$GNGST,015917.20,0.011,0.004,0.003,41.1271,2.724,1.231,9.596*46
$GNGST,015917.30,0.011,0.004,0.003,41.1272,2.724,1.231,9.596*44
$GNGST,015917.40,0.011,0.004,0.003,41.2576,2.724,1.231,9.596*43
$GNGST,015917.50,0.011,0.004,0.003,41.2577,2.724,1.231,9.596*43
$GNGST,015917.60,0.011,0.004,0.003,41.1276,2.724,1.231,9.596*45
$GNGST,015917.70,0.011,0.004,0.003,41.1277,2.724,1.231,9.596*45
$GNGST,015917.80,0.011,0.004,0.003,41.2165,2.724,1.231,9.596*49
$GNGST,015917.90,0.011,0.004,0.003,41.2376,2.724,1.231,9.596*48
$GNGST,015918.00,0.011,0.004,0.003,41.2168,2.724,1.231,9.596*43
$GNGST,015918.10,0.011,0.004,0.003,41.1087,2.724,1.231,9.596*41
$GNGST,015918.20,0.011,0.004,0.003,40.9965,2.724,1.231,9.596*4E
$GNGST,015918.30,0.011,0.004,0.003,40.7177,2.724,1.231,9.596*4A
$GNGST,015918.40,0.011,0.004,0.003,40.7178,2.724,1.231,9.596*42
$GNGST,015918.50,0.011,0.004,0.003,40.7369,2.724,1.231,9.596*41
$GNGST,015918.60,0.011,0.004,0.003,40.7180,2.724,1.231,9.596*47
$GNGST,015918.70,0.011,0.004,0.003,41.0613,2.724,1.231,9.596*4D
$GNGST,015918.80,0.011,0.004,0.003,40.8619,2.724,1.231,9.596*41
$GNGST,015918.90,0.011,0.004,0.003,40.5641,2.724,1.231,9.596*40
$GNGST,015919.00,0.011,0.004,0.003,40.8400,2.724,1.231,9.596*42
$GNGST,015919.10,0.011,0.004,0.003,40.9274,2.724,1.231,9.596*47
$GNGST,015919.20,0.011,0.004,0.003,40.4706,2.724,1.231,9.596*49
$GNGST,015919.30,0.011,0.004,0.003,40.7227,2.724,1.231,9.596*4D
$GNGST,015919.40,0.011,0.004,0.003,40.5647,2.724,1.231,9.596*4A
$GNGST,015919.50,0.011,0.004,0.003,40.6726,2.724,1.231,9.596*4E
$GNGST,015919.60,0.011,0.004,0.003,40.5650,2.724,1.231,9.596*4E
$GNGST,015919.70,0.011,0.004,0.003,40.8130,2.724,1.231,9.596*43
$GNGST,015919.80,0.011,0.004,0.003,41.1119,2.724,1.231,9.596*4F
$GNGST,015919.90,0.011,0.004,0.003,40.7192,2.724,1.231,9.596*4A
$GNGST,015920.00,0.011,0.004,0.003,40.9564,2.724,1.231,9.596*4A
$GNGST,015920.10,0.011,0.004,0.003,40.9566,2.724,1.231,9.596*49
$GNGST,015920.20,0.011,0.004,0.003,40.9798,2.724,1.231,9.596*49
$GNGST,015920.30,0.011,0.004,0.003,40.7197,2.724,1.231,9.596*4F
$GNGST,015920.40,0.011,0.004,0.003,40.7199,2.724,1.231,9.596*46
$GNGST,015920.50,0.011,0.004,0.003,40.9923,2.724,1.231,9.596*40
$GNGST,015920.60,0.011,0.004,0.003,40.9924,2.724,1.231,9.596*44
$GNGST,015920.70,0.011,0.004,0.003,41.0960,2.724,1.231,9.596*4D
$GNGST,015920.80,0.011,0.004,0.003,41.1157,2.724,1.231,9.596*4F
$GNGST,015920.90,0.011,0.004,0.003,41.0121,2.724,1.231,9.596*4E
$GNGST,015921.00,0.011,0.004,0.003,40.9928,2.724,1.231,9.596*4F
$GNGST,015921.10,0.011,0.004,0.003,41.0964,2.724,1.231,9.596*4E
$GNGST,015921.20,0.011,0.004,0.003,41.0965,2.724,1.231,9.596*4C
$GNGST,015921.30,0.011,0.004,0.003,41.0966,2.724,1.231,9.596*4E
$GNGST,015921.40,0.011,0.004,0.003,41.0967,2.724,1.231,9.596*48
$GNGST,015921.50,0.011,0.004,0.003,41.0969,2.724,1.231,9.596*47
$GNGST,015921.60,0.011,0.004,0.003,40.8377,2.724,1.231,9.596*48
$GNGST,015921.70,0.010,0.004,0.003,40.7352,2.724,1.231,9.596*40
$GNGST,015921.80,0.010,0.004,0.003,40.7353,2.724,1.231,9.596*4E
$GNGST,015921.90,0.011,0.004,0.003,41.1152,2.724,1.231,9.596*4A
$GNGST,015922.00,0.011,0.004,0.003,40.9681,2.724,1.231,9.596*40
$GNGST,015922.10,0.011,0.004,0.003,41.2238,2.724,1.231,9.596*4D
$GNGST,015922.20,0.011,0.004,0.003,41.1072,2.724,1.231,9.596*41
$GNGST,015922.30,0.011,0.004,0.003,41.0875,2.724,1.231,9.596*4E
$GNGST,015922.40,0.011,0.004,0.003,41.0876,2.724,1.231,9.596*4A
$GNGST,015922.50,0.011,0.004,0.003,41.0877,2.724,1.231,9.596*4A
$GNGST,015922.60,0.011,0.004,0.003,41.0878,2.724,1.231,9.596*46
$GNGST,015922.70,0.011,0.004,0.003,41.0879,2.724,1.231,9.596*46
$GNGST,015922.80,0.010,0.004,0.003,40.7247,2.724,1.231,9.596*49
$GNGST,015922.90,0.010,0.004,0.003,40.7248,2.724,1.231,9.596*47
$GNGST,015923.00,0.011,0.004,0.003,41.1505,2.724,1.231,9.596*47
$GNGST,015923.10,0.011,0.004,0.003,41.4641,2.724,1.231,9.596*40
$GNGST,015923.20,0.011,0.004,0.003,41.5593,2.724,1.231,9.596*4E
$GNGST,015923.30,0.011,0.004,0.003,41.2799,2.724,1.231,9.596*40
$GNGST,015923.40,0.011,0.004,0.003,41.0220,2.724,1.231,9.596*42
$GNGST,015923.50,0.011,0.004,0.003,41.2334,2.724,1.231,9.596*45
$GNGST,015923.60,0.011,0.004,0.003,41.0173,2.724,1.231,9.596*45
$GNGST,015923.70,0.011,0.004,0.003,41.2363,2.724,1.231,9.596*45
$GNGST,015923.80,0.011,0.004,0.003,41.1111,2.724,1.231,9.596*4E
$GNGST,015923.90,0.011,0.004,0.003,40.8758,2.724,1.231,9.596*4C
$GNGST,015924.00,0.011,0.004,0.003,41.0117,2.724,1.231,9.596*46
$GNGST,015924.10,0.011,0.004,0.003,40.8035,2.724,1.231,9.596*4F
$GNGST,015924.20,0.011,0.004,0.003,40.6185,2.724,1.231,9.596*48
$GNGST,015924.30,0.011,0.004,0.003,40.6015,2.724,1.231,9.596*41
$GNGST,015924.40,0.011,0.004,0.003,40.6016,2.724,1.231,9.596*45
$GNGST,015924.50,0.011,0.004,0.003,40.5655,2.724,1.231,9.596*46
$GNGST,015924.60,0.011,0.004,0.003,40.5656,2.724,1.231,9.596*46
$GNGST,015924.70,0.010,0.004,0.003,40.9520,2.724,1.231,9.596*48
$GNGST,015924.80,0.011,0.004,0.003,41.8790,2.724,1.231,9.596*4F
$GNGST,015924.90,0.011,0.004,0.003,41.9620,2.724,1.231,9.596*45
$GNGST,015925.00,0.011,0.004,0.003,41.9671,2.724,1.231,9.596*49
$GNGST,015925.10,0.011,0.004,0.003,41.4530,2.724,1.231,9.596*43
$GNGST,015925.20,0.011,0.004,0.003,41.4531,2.724,1.231,9.596*41
$GNGST,015925.30,0.011,0.004,0.003,41.4533,2.724,1.231,9.596*42
$GNGST,015925.40,0.011,0.004,0.003,41.9551,2.724,1.231,9.596*4C
$GNGST,015925.50,0.011,0.004,0.003,41.4597,2.724,1.231,9.596*4A
$GNGST,015925.60,0.011,0.004,0.003,41.9553,2.724,1.231,9.596*4C
$GNGST,015925.70,0.011,0.004,0.003,41.7552,2.724,1.231,9.596*42
$GNGST,015925.80,0.011,0.004,0.003,41.3564,2.724,1.231,9.596*4C
$GNGST,015925.90,0.011,0.004,0.003,41.8441,2.724,1.231,9.596*40
$GNGST,015926.00,0.011,0.004,0.003,42.2359,2.724,1.231,9.596*4D
$GNGST,015926.10,0.011,0.004,0.003,42.2360,2.724,1.231,9.596*46
$GNGST,015926.20,0.011,0.004,0.003,42.2361,2.724,1.231,9.596*44
$GNGST,015926.30,0.011,0.004,0.003,41.9271,2.724,1.231,9.596*4D
$GNGST,015926.40,0.011,0.004,0.003,41.9272,2.724,1.231,9.596*49
$GNGST,015926.50,0.011,0.004,0.003,41.6037,2.724,1.231,9.596*44
$GNGST,015926.60,0.011,0.004,0.003,41.9489,2.724,1.231,9.596*49
$GNGST,015926.70,0.011,0.004,0.003,41.6368,2.724,1.231,9.596*4F
$GNGST,015926.80,0.011,0.004,0.003,41.7716,2.724,1.231,9.596*4C
$GNGST,015926.90,0.011,0.004,0.003,41.8362,2.724,1.231,9.596*45
$GNGST,015927.00,0.011,0.004,0.003,41.8412,2.724,1.231,9.596*4D
$GNGST,015927.10,0.011,0.004,0.003,41.8414,2.724,1.231,9.596*4A
$GNGST,015927.20,0.011,0.004,0.003,41.9132,2.724,1.231,9.596*49
$GNGST,015927.30,0.011,0.004,0.003,42.0120,2.724,1.231,9.596*41
$GNGST,015927.40,0.011,0.004,0.003,42.0277,2.724,1.231,9.596*47
$GNGST,015927.50,0.011,0.004,0.003,41.8868,2.724,1.231,9.596*49
$GNGST,015927.60,0.011,0.004,0.003,41.9512,2.724,1.231,9.596*4B
$GNGST,015927.70,0.011,0.004,0.003,42.0466,2.724,1.231,9.596*42
$GNGST,015927.80,0.011,0.004,0.003,41.8245,2.724,1.231,9.596*41
$GNGST,015927.90,0.011,0.004,0.003,41.8853,2.724,1.231,9.596*4D
$GNGST,015928.00,0.011,0.004,0.003,42.1148,2.724,1.231,9.596*42
$GNGST,015928.10,0.011,0.004,0.003,41.9957,2.724,1.231,9.596*4E
$GNGST,015928.20,0.011,0.004,0.003,41.8771,2.724,1.231,9.596*46
$GNGST,015928.30,0.011,0.004,0.003,42.0815,2.724,1.231,9.596*41
$GNGST,015928.40,0.011,0.004,0.003,42.1469,2.724,1.231,9.596*40
$GNGST,015928.50,0.011,0.004,0.003,42.4075,2.724,1.231,9.596*4D
$GNGST,015928.60,0.011,0.004,0.003,42.3266,2.724,1.231,9.596*49
$GNGST,015928.70,0.011,0.004,0.003,41.9663,2.724,1.231,9.596*40
$GNGST,015928.80,0.011,0.004,0.003,42.1846,2.724,1.231,9.596*4D
$GNGST,015928.90,0.011,0.004,0.003,41.9722,2.724,1.231,9.596*4A
$GNGST,015929.00,0.011,0.004,0.003,41.9666,2.724,1.231,9.596*43
$GNGST,015929.10,0.011,0.004,0.003,42.1014,2.724,1.231,9.596*4A
$GNGST,015929.20,0.011,0.004,0.003,42.0416,2.724,1.231,9.596*4E
$GNGST,015929.30,0.011,0.004,0.003,42.0417,2.724,1.231,9.596*4E
$GNGST,015929.40,0.011,0.004,0.003,41.9728,2.724,1.231,9.596*4C
$GNGST,015929.50,0.011,0.004,0.003,41.9729,2.724,1.231,9.596*4C
$GNGST,015929.60,0.011,0.004,0.003,41.9730,2.724,1.231,9.596*47
$GNGST,015929.70,0.011,0.004,0.003,41.1552,2.724,1.231,9.596*48
$GNGST,015929.80,0.011,0.004,0.003,41.1373,2.724,1.231,9.596*42
$GNGST,015929.90,0.011,0.004,0.003,41.1374,2.724,1.231,9.596*44
$GNGST,015930.00,0.011,0.004,0.003,41.1375,2.724,1.231,9.596*44
$GNGST,015930.10,0.011,0.004,0.003,41.1376,2.724,1.231,9.596*46
$GNGST,015930.20,0.011,0.004,0.003,41.0218,2.724,1.231,9.596*4D
$GNGST,015930.30,0.011,0.004,0.003,41.1378,2.724,1.231,9.596*4A
$GNGST,015930.40,0.011,0.004,0.003,41.1379,2.724,1.231,9.596*4C
$GNGST,015930.50,0.011,0.004,0.003,40.8728,2.724,1.231,9.596*45
$GNGST,015930.60,0.011,0.004,0.003,41.0404,2.724,1.231,9.596*42
$GNGST,015930.70,0.011,0.004,0.003,41.0405,2.724,1.231,9.596*42
$GNGST,015930.80,0.011,0.004,0.003,41.1383,2.724,1.231,9.596*45
$GNGST,015930.90,0.011,0.004,0.003,41.3390,2.724,1.231,9.596*44
$GNGST,015931.00,0.011,0.004,0.003,41.3597,2.724,1.231,9.596*4D
$GNGST,015931.10,0.011,0.004,0.003,41.1270,2.724,1.231,9.596*40
$GNGST,015931.20,0.011,0.004,0.003,41.3285,2.724,1.231,9.596*4B
$GNGST,015931.30,0.011,0.004,0.003,41.0908,2.724,1.231,9.596*47
$GNGST,015931.40,0.011,0.004,0.003,41.2816,2.724,1.231,9.596*4C
$GNGST,015931.50,0.011,0.004,0.003,41.4096,2.724,1.231,9.596*4B
$GNGST,015931.60,0.011,0.004,0.003,41.2054,2.724,1.231,9.596*40
$GNGST,015931.70,0.011,0.004,0.003,41.1277,2.724,1.231,9.596*41
$GNGST,015931.80,0.011,0.004,0.003,41.2278,2.724,1.231,9.596*42
$GNGST,015931.90,0.011,0.004,0.003,41.2471,2.724,1.231,9.596*4C
$GNGST,015932.00,0.011,0.004,0.003,42.3892,2.724,1.231,9.596*45
$GNGST,015932.10,0.011,0.004,0.003,41.2282,2.724,1.231,9.596*4D
$GNGST,015932.20,0.011,0.004,0.003,41.2284,2.724,1.231,9.596*48
$GNGST,015932.30,0.011,0.004,0.003,41.1302,2.724,1.231,9.596*45
$GNGST,015932.40,0.011,0.004,0.003,41.2770,2.724,1.231,9.596*40
$GNGST,015932.50,0.011,0.004,0.003,41.1824,2.724,1.231,9.596*4C
$GNGST,015932.60,0.011,0.004,0.003,41.2062,2.724,1.231,9.596*46
$GNGST,015932.70,0.011,0.004,0.003,40.9660,2.724,1.231,9.596*49
$GNGST,015932.80,0.011,0.004,0.003,40.9405,2.724,1.231,9.596*47
$GNGST,015932.90,0.011,0.004,0.003,41.0357,2.724,1.231,9.596*4E
$GNGST,015933.00,0.011,0.004,0.003,41.0096,2.724,1.231,9.596*48
$GNGST,015933.10,0.011,0.004,0.003,41.0097,2.724,1.231,9.596*48
$GNGST,015933.20,0.011,0.004,0.003,41.0098,2.724,1.231,9.596*44
$GNGST,015933.30,0.011,0.004,0.003,41.2693,2.724,1.231,9.596*4A
$GNGST,015933.40,0.011,0.004,0.003,40.9217,2.724,1.231,9.596*4F
$GNGST,015933.50,0.011,0.004,0.003,40.7369,2.724,1.231,9.596*48
$GNGST,015933.60,0.011,0.004,0.003,40.7379,2.724,1.231,9.596*4A
$GNGST,015933.70,0.011,0.004,0.003,40.7336,2.724,1.231,9.596*40
$GNGST,015933.80,0.011,0.004,0.003,40.5227,2.724,1.231,9.596*4C
$GNGST,015933.90,0.011,0.004,0.003,40.5228,2.724,1.231,9.596*42
$GNGST,015934.00,0.011,0.004,0.003,40.5229,2.724,1.231,9.596*4D
$GNGST,015934.10,0.011,0.004,0.003,40.2645,2.724,1.231,9.596*45
$GNGST,015934.20,0.011,0.004,0.003,40.5231,2.724,1.231,9.596*46
$GNGST,015934.30,0.011,0.004,0.003,40.2647,2.724,1.231,9.596*45
$GNGST,015934.40,0.011,0.004,0.003,40.2647,2.724,1.231,9.596*42
$GNGST,015934.50,0.011,0.004,0.003,40.2648,2.724,1.231,9.596*4C
$GNGST,015934.60,0.011,0.004,0.003,40.2604,2.724,1.231,9.596*47
$GNGST,015934.70,0.011,0.004,0.003,40.3707,2.724,1.231,9.596*45
$GNGST,015934.80,0.011,0.004,0.003,40.3975,2.724,1.231,9.596*41
$GNGST,015934.90,0.011,0.004,0.003,40.2607,2.724,1.231,9.596*4B
$GNGST,015935.00,0.011,0.004,0.003,40.2363,2.724,1.231,9.596*44
$GNGST,015935.10,0.011,0.004,0.003,40.2859,2.724,1.231,9.596*47
$GNGST,015935.20,0.011,0.004,0.003,40.2610,2.724,1.231,9.596*47
$GNGST,015935.30,0.011,0.004,0.003,40.2861,2.724,1.231,9.596*4E
$GNGST,015935.40,0.011,0.004,0.003,40.2862,2.724,1.231,9.596*4A
$GNGST,015935.50,0.011,0.004,0.003,40.3981,2.724,1.231,9.596*46
$GNGST,015935.60,0.011,0.004,0.003,40.2613,2.724,1.231,9.596*40
$GNGST,015935.70,0.011,0.004,0.003,40.2614,2.724,1.231,9.596*46
$GNGST,015935.80,0.011,0.004,0.003,40.2615,2.724,1.231,9.596*48
$GNGST,015935.90,0.011,0.004,0.003,40.2866,2.724,1.231,9.596*43
$GNGST,015936.00,0.011,0.004,0.003,40.2617,2.724,1.231,9.596*41
$GNGST,015936.10,0.011,0.004,0.003,40.4231,2.724,1.231,9.596*46
$GNGST,015936.20,0.011,0.004,0.003,40.2619,2.724,1.231,9.596*4D
$GNGST,015936.30,0.011,0.004,0.003,40.2620,2.724,1.231,9.596*46
$GNGST,015936.40,0.011,0.004,0.003,40.3990,2.724,1.231,9.596*44
$GNGST,015936.50,0.011,0.004,0.003,40.4996,2.724,1.231,9.596*44
$GNGST,015936.60,0.011,0.004,0.003,40.5268,2.724,1.231,9.596*4C
$GNGST,015936.70,0.011,0.004,0.003,40.5492,2.724,1.231,9.596*4E
$GNGST,015936.80,0.011,0.004,0.003,40.4079,2.724,1.231,9.596*41
$GNGST,015936.90,0.011,0.004,0.003,40.6951,2.724,1.231,9.596*41
$GNGST,015937.00,0.011,0.004,0.003,40.6953,2.724,1.231,9.596*4B
$GNGST,015937.10,0.011,0.004,0.003,40.8311,2.724,1.231,9.596*48
$GNGST,015937.20,0.011,0.004,0.003,40.5939,2.724,1.231,9.596*46
$GNGST,015937.30,0.011,0.004,0.003,40.8313,2.724,1.231,9.596*48
$GNGST,015937.40,0.011,0.004,0.003,40.8315,2.724,1.231,9.596*49
$GNGST,015937.50,0.011,0.004,0.003,40.8023,2.724,1.231,9.596*4E
$GNGST,015937.60,0.011,0.004,0.003,40.5828,2.724,1.231,9.596*43
$GNGST,015937.70,0.011,0.004,0.003,40.6848,2.724,1.231,9.596*47
$GNGST,015937.80,0.010,0.004,0.003,40.0372,2.724,1.231,9.596*4D
$GNGST,015937.90,0.010,0.004,0.003,40.0373,2.724,1.231,9.596*4D
$GNGST,015938.00,0.011,0.004,0.003,40.4033,2.724,1.231,9.596*49
$GNGST,015938.10,0.011,0.004,0.003,40.4314,2.724,1.231,9.596*4E
$GNGST,015938.20,0.011,0.004,0.003,40.2740,2.724,1.231,9.596*4E
$GNGST,015938.30,0.011,0.004,0.003,40.2452,2.724,1.231,9.596*4F
$GNGST,015938.40,0.011,0.004,0.003,40.2891,2.724,1.231,9.596*4B
$GNGST,015938.50,0.011,0.004,0.003,40.1416,2.724,1.231,9.596*4A
$GNGST,015938.60,0.010,0.004,0.003,39.9981,2.724,1.231,9.596*4D
$GNGST,015938.70,0.011,0.004,0.003,40.2292,2.724,1.231,9.596*41
$GNGST,015938.80,0.011,0.004,0.003,40.3393,2.724,1.231,9.596*4F
$GNGST,015938.90,0.011,0.004,0.003,40.3395,2.724,1.231,9.596*48
$GNGST,015939.00,0.011,0.004,0.003,40.2295,2.724,1.231,9.596*40
$GNGST,015939.10,0.011,0.004,0.003,40.0327,2.724,1.231,9.596*4B
$GNGST,015939.20,0.011,0.004,0.003,40.2292,2.724,1.231,9.596*45
$GNGST,015939.30,0.011,0.004,0.003,40.3501,2.724,1.231,9.596*48
$GNGST,015939.40,0.011,0.004,0.003,40.6302,2.724,1.231,9.596*4F
$GNGST,015939.50,0.010,0.004,0.003,39.8305,2.724,1.231,9.596*48
$GNGST,015939.60,0.010,0.004,0.003,39.8307,2.724,1.231,9.596*49
$GNGST,015939.70,0.010,0.004,0.003,39.8308,2.724,1.231,9.596*47
$GNGST,015939.80,0.011,0.004,0.003,40.4315,2.724,1.231,9.596*47
$GNGST,015939.90,0.011,0.004,0.003,40.0937,2.724,1.231,9.596*48
$GNGST,015940.00,0.011,0.004,0.003,40.2298,2.724,1.231,9.596*43
$GNGST,015940.10,0.011,0.004,0.003,40.2299,2.724,1.231,9.596*43
$GNGST,015940.20,0.011,0.004,0.003,40.2300,2.724,1.231,9.596*41
$GNGST,015940.30,0.011,0.004,0.003,40.3753,2.724,1.231,9.596*43
$GNGST,015940.40,0.011,0.004,0.003,40.1779,2.724,1.231,9.596*4E
$GNGST,015940.50,0.011,0.004,0.003,40.2588,2.724,1.231,9.596*40
$GNGST,015940.60,0.011,0.004,0.003,40.6219,2.724,1.231,9.596*48
$GNGST,015940.70,0.010,0.004,0.003,39.2900,2.724,1.231,9.596*41
$GNGST,015940.80,0.011,0.004,0.003,40.4033,2.724,1.231,9.596*4E
$GNGST,015940.90,0.011,0.004,0.003,40.4034,2.724,1.231,9.596*48
$GNGST,015941.00,0.011,0.004,0.003,40.2569,2.724,1.231,9.596*4B
$GNGST,015941.10,0.011,0.004,0.003,40.4036,2.724,1.231,9.596*43
$GNGST,015941.20,0.011,0.004,0.003,40.3068,2.724,1.231,9.596*4C
$GNGST,015941.30,0.011,0.004,0.003,40.3069,2.724,1.231,9.596*4C
$GNGST,015941.40,0.011,0.004,0.003,40.0527,2.724,1.231,9.596*47
$GNGST,015941.50,0.011,0.004,0.003,40.4879,2.724,1.231,9.596*44
$GNGST,015941.60,0.010,0.004,0.003,39.8312,2.724,1.231,9.596*42
$GNGST,015941.70,0.011,0.004,0.003,40.3703,2.724,1.231,9.596*43
$GNGST,015941.80,0.011,0.004,0.003,40.1176,2.724,1.231,9.596*4A
$GNGST,015941.90,0.011,0.004,0.003,40.3704,2.724,1.231,9.596*4A
$GNGST,015942.00,0.011,0.004,0.003,40.2578,2.724,1.231,9.596*48
$GNGST,015942.10,0.011,0.004,0.003,40.2260,2.724,1.231,9.596*47
$GNGST,015942.20,0.011,0.004,0.003,40.2261,2.724,1.231,9.596*45
$GNGST,015942.30,0.011,0.004,0.003,40.2262,2.724,1.231,9.596*47
$GNGST,015942.40,0.011,0.004,0.003,40.2263,2.724,1.231,9.596*41
$GNGST,015942.50,0.011,0.004,0.003,40.4053,2.724,1.231,9.596*47
$GNGST,015942.60,0.011,0.004,0.003,40.3711,2.724,1.231,9.596*42
$GNGST,015942.70,0.011,0.004,0.003,39.1125,2.724,1.231,9.596*4E
$GNGST,015942.80,0.011,0.004,0.003,40.1033,2.724,1.231,9.596*49
$GNGST,015942.90,0.011,0.004,0.003,40.0704,2.724,1.231,9.596*4A
$GNGST,015943.00,0.011,0.004,0.003,40.4485,2.724,1.231,9.596*4C
$GNGST,015943.10,0.011,0.004,0.003,40.3350,2.724,1.231,9.596*45
$GNGST,015943.20,0.011,0.004,0.003,40.4814,2.724,1.231,9.596*4A
$GNGST,015943.30,0.011,0.004,0.003,40.3352,2.724,1.231,9.596*45
$GNGST,015943.40,0.011,0.004,0.003,40.4816,2.724,1.231,9.596*4E
$GNGST,015943.50,0.011,0.004,0.003,40.3354,2.724,1.231,9.596*45
$GNGST,015943.60,0.011,0.004,0.003,40.1706,2.724,1.231,9.596*47
$GNGST,015943.70,0.011,0.004,0.003,40.2636,2.724,1.231,9.596*47
$GNGST,015943.80,0.011,0.004,0.003,40.0168,2.724,1.231,9.596*46
$GNGST,015943.90,0.011,0.004,0.003,40.1906,2.724,1.231,9.596*46
$GNGST,015944.00,0.011,0.004,0.003,40.1568,2.724,1.231,9.596*4C
$GNGST,015944.10,0.011,0.004,0.003,40.2997,2.724,1.231,9.596*42
$GNGST,015944.20,0.011,0.004,0.003,40.2665,2.724,1.231,9.596*43
$GNGST,015944.30,0.011,0.004,0.003,40.6205,2.724,1.231,9.596*44
$GNGST,015944.40,0.011,0.004,0.003,40.4764,2.724,1.231,9.596*43
$GNGST,015944.50,0.011,0.004,0.003,40.2495,2.724,1.231,9.596*49
$GNGST,015944.60,0.011,0.004,0.003,40.2777,2.724,1.231,9.596*45
$GNGST,015944.70,0.011,0.004,0.003,40.2848,2.724,1.231,9.596*47
$GNGST,015944.80,0.011,0.004,0.003,40.7712,2.724,1.231,9.596*4D
$GNGST,015944.90,0.011,0.004,0.003,40.7713,2.724,1.231,9.596*4D
$GNGST,015945.00,0.011,0.004,0.003,40.7714,2.724,1.231,9.596*42
$GNGST,015945.10,0.011,0.004,0.003,40.6278,2.724,1.231,9.596*4D
$GNGST,015945.20,0.011,0.004,0.003,40.7716,2.724,1.231,9.596*42
$GNGST,015945.30,0.011,0.004,0.003,40.8019,2.724,1.231,9.596*44
$GNGST,015945.40,0.011,0.004,0.003,40.8020,2.724,1.231,9.596*49
$GNGST,015945.50,0.011,0.004,0.003,40.7719,2.724,1.231,9.596*4A
$GNGST,015945.60,0.011,0.004,0.003,40.7720,2.724,1.231,9.596*43
$GNGST,015945.70,0.011,0.004,0.003,40.7721,2.724,1.231,9.596*43
$GNGST,015945.80,0.011,0.004,0.003,40.7016,2.724,1.231,9.596*4F
$GNGST,015945.90,0.011,0.004,0.003,40.2965,2.724,1.231,9.596*46
$GNGST,015946.00,0.011,0.004,0.003,40.2966,2.724,1.231,9.596*4F
$GNGST,015946.10,0.011,0.004,0.003,40.5861,2.724,1.231,9.596*4F
$GNGST,015946.20,0.011,0.004,0.003,40.4352,2.724,1.231,9.596*46
$GNGST,015946.30,0.011,0.004,0.003,40.4353,2.724,1.231,9.596*46
$GNGST,015946.40,0.011,0.004,0.003,40.6085,2.724,1.231,9.596*4B
$GNGST,015946.50,0.011,0.004,0.003,40.3268,2.724,1.231,9.596*4E
$GNGST,015946.60,0.011,0.004,0.003,40.7025,2.724,1.231,9.596*42
$GNGST,015946.70,0.011,0.004,0.003,40.9944,2.724,1.231,9.596*43
$GNGST,015946.80,0.011,0.004,0.003,40.6746,2.724,1.231,9.596*4F
$GNGST,015946.90,0.011,0.004,0.003,40.1868,2.724,1.231,9.596*4A
$GNGST,015947.00,0.011,0.004,0.003,40.7305,2.724,1.231,9.596*44
$GNGST,015947.10,0.011,0.004,0.003,40.3700,2.724,1.231,9.596*40
$GNGST,015947.20,0.011,0.004,0.003,40.4964,2.724,1.231,9.596*48
$GNGST,015947.30,0.011,0.004,0.003,40.7310,2.724,1.231,9.596*43
$GNGST,015947.40,0.011,0.004,0.003,40.7626,2.724,1.231,9.596*44
$GNGST,015947.50,0.011,0.004,0.003,40.3884,2.724,1.231,9.596*47
$GNGST,015947.60,0.011,0.004,0.003,40.2511,2.724,1.231,9.596*44
$GNGST,015947.70,0.011,0.004,0.003,40.1628,2.724,1.231,9.596*4F
$GNGST,015947.80,0.011,0.004,0.003,39.8822,2.724,1.231,9.596*43
$GNGST,015947.90,0.011,0.004,0.003,40.1124,2.724,1.231,9.596*4A
$GNGST,015948.00,0.011,0.004,0.003,40.1125,2.724,1.231,9.596*4D
$GNGST,015948.10,0.011,0.004,0.003,40.1126,2.724,1.231,9.596*4F
$GNGST,015948.20,0.011,0.004,0.003,40.1127,2.724,1.231,9.596*4D
$GNGST,015948.30,0.011,0.004,0.003,40.1128,2.724,1.231,9.596*43
$GNGST,015948.40,0.011,0.004,0.003,40.1129,2.724,1.231,9.596*45
$GNGST,015948.50,0.011,0.004,0.003,39.8074,2.724,1.231,9.596*4A
$GNGST,015948.60,0.011,0.004,0.003,39.7082,2.724,1.231,9.596*4F
$GNGST,015948.70,0.011,0.004,0.003,40.0876,2.724,1.231,9.596*44
$GNGST,015948.80,0.011,0.004,0.003,35.7538,2.724,1.231,9.596*49
$GNGST,015948.90,0.011,0.004,0.003,35.7521,2.724,1.231,9.596*40
$GNGST,015949.00,0.011,0.004,0.003,35.5801,2.724,1.231,9.596*45
$GNGST,015949.10,0.011,0.004,0.003,35.7988,2.724,1.231,9.596*46
$GNGST,015949.20,0.011,0.004,0.003,35.7989,2.724,1.231,9.596*44
$GNGST,015949.30,0.011,0.004,0.003,35.7989,2.724,1.231,9.596*45
$GNGST,015949.40,0.011,0.004,0.003,35.6801,2.724,1.231,9.596*42
$GNGST,015949.50,0.011,0.004,0.003,35.6312,2.724,1.231,9.596*4A
$GNGST,015949.60,0.011,0.004,0.003,35.7335,2.724,1.231,9.596*4D
$GNGST,015949.70,0.011,0.004,0.003,35.9594,2.724,1.231,9.596*4F
$GNGST,015949.80,0.011,0.004,0.003,35.8505,2.724,1.231,9.596*49
$GNGST,015949.90,0.011,0.004,0.003,35.7605,2.724,1.231,9.596*44
$GNGST,015950.00,0.011,0.004,0.003,36.0232,2.724,1.231,9.596*41
$GNGST,015950.10,0.011,0.004,0.003,36.0755,2.724,1.231,9.596*44
$GNGST,015950.20,0.011,0.004,0.003,36.0756,2.724,1.231,9.596*44
$GNGST,015950.30,0.011,0.004,0.003,35.9736,2.724,1.231,9.596*49
$GNGST,015950.40,0.011,0.004,0.003,36.0756,2.724,1.231,9.596*42
$GNGST,015950.50,0.011,0.004,0.003,37.4229,2.724,1.231,9.596*4B
$GNGST,015950.60,0.011,0.004,0.003,37.3462,2.724,1.231,9.596*46
$GNGST,015950.70,0.011,0.004,0.003,37.1608,2.724,1.231,9.596*4B
$GNGST,015950.80,0.011,0.004,0.003,37.2103,2.724,1.231,9.596*4B
$GNGST,015950.90,0.011,0.004,0.003,37.1609,2.724,1.231,9.596*44
$GNGST,015951.00,0.011,0.004,0.003,37.4011,2.724,1.231,9.596*46
$GNGST,015951.10,0.011,0.004,0.003,37.5766,2.724,1.231,9.596*41
$GNGST,015951.20,0.011,0.004,0.003,37.6955,2.724,1.231,9.596*4F
$GNGST,015951.30,0.011,0.004,0.003,37.5147,2.724,1.231,9.596*46
$GNGST,015951.40,0.011,0.004,0.003,37.6956,2.724,1.231,9.596*4A
$GNGST,015951.50,0.011,0.004,0.003,37.7167,2.724,1.231,9.596*40
$GNGST,015951.60,0.011,0.004,0.003,37.5768,2.724,1.231,9.596*48
$GNGST,015951.70,0.011,0.004,0.003,37.6958,2.724,1.231,9.596*47
$GNGST,015951.80,0.011,0.004,0.003,37.5769,2.724,1.231,9.596*47
$GNGST,015951.90,0.011,0.004,0.003,38.6063,2.724,1.231,9.596*47
$GNGST,015952.00,0.011,0.004,0.003,38.6064,2.724,1.231,9.596*4A
$GNGST,015952.10,0.011,0.004,0.003,38.4878,2.724,1.231,9.596*4C
$GNGST,015952.20,0.011,0.004,0.003,38.5827,2.724,1.231,9.596*44
$GNGST,015952.30,0.011,0.004,0.003,38.5034,2.724,1.231,9.596*4F
$GNGST,015952.40,0.011,0.004,0.003,38.5035,2.724,1.231,9.596*49
$GNGST,015952.50,0.011,0.004,0.003,38.5036,2.724,1.231,9.596*4B
$GNGST,015952.60,0.011,0.004,0.003,38.5829,2.724,1.231,9.596*4E
$GNGST,015952.70,0.011,0.004,0.003,39.3236,2.724,1.231,9.596*4C
$GNGST,015952.80,0.011,0.004,0.003,39.2112,2.724,1.231,9.596*47
$GNGST,015952.90,0.011,0.004,0.003,39.2142,2.724,1.231,9.596*43
$GNGST,015953.00,0.011,0.004,0.003,39.2143,2.724,1.231,9.596*4A
$GNGST,015953.10,0.011,0.004,0.003,39.0972,2.724,1.231,9.596*43
$GNGST,015953.20,0.011,0.004,0.003,39.0671,2.724,1.231,9.596*4C
$GNGST,015953.30,0.011,0.004,0.003,39.0973,2.724,1.231,9.596*40
$GNGST,015953.40,0.011,0.004,0.003,39.2072,2.724,1.231,9.596*4D
$GNGST,015953.50,0.011,0.004,0.003,40.1745,2.724,1.231,9.596*42
$GNGST,015953.60,0.011,0.004,0.003,40.0616,2.724,1.231,9.596*47
$GNGST,015953.70,0.011,0.004,0.003,40.1746,2.724,1.231,9.596*43
$GNGST,015953.80,0.011,0.004,0.003,40.1747,2.724,1.231,9.596*4D
$GNGST,015953.90,0.011,0.004,0.003,40.1747,2.724,1.231,9.596*4C
$GNGST,015954.00,0.011,0.004,0.003,40.1748,2.724,1.231,9.596*4D
$GNGST,015954.10,0.011,0.004,0.003,39.8837,2.724,1.231,9.596*4C
$GNGST,015954.20,0.011,0.004,0.003,39.7413,2.724,1.231,9.596*4A
$GNGST,015954.30,0.011,0.004,0.003,40.0418,2.724,1.231,9.596*49
$GNGST,015954.40,0.011,0.004,0.003,40.0622,2.724,1.231,9.596*45
$GNGST,015954.50,0.011,0.004,0.003,40.1752,2.724,1.231,9.596*43
$GNGST,015954.60,0.011,0.004,0.003,40.2024,2.724,1.231,9.596*45
$GNGST,015954.70,0.011,0.004,0.003,40.7606,2.724,1.231,9.596*47
$GNGST,015954.80,0.011,0.004,0.003,40.7607,2.724,1.231,9.596*49
$GNGST,015954.90,0.011,0.004,0.003,40.9522,2.724,1.231,9.596*42
$GNGST,015955.00,0.011,0.004,0.003,40.9748,2.724,1.231,9.596*44
$GNGST,015955.10,0.011,0.004,0.003,40.9523,2.724,1.231,9.596*4A
$GNGST,015955.20,0.011,0.004,0.003,40.9524,2.724,1.231,9.596*4E
$GNGST,015955.30,0.011,0.004,0.003,40.9751,2.724,1.231,9.596*4F
$GNGST,015955.40,0.011,0.004,0.003,40.9752,2.724,1.231,9.596*4B
$GNGST,015955.50,0.011,0.004,0.003,40.8540,2.724,1.231,9.596*4A
$GNGST,015955.60,0.011,0.004,0.003,40.8929,2.724,1.231,9.596*4A
$GNGST,015955.70,0.011,0.004,0.003,40.7632,2.724,1.231,9.596*41
$GNGST,015955.80,0.011,0.004,0.003,40.9919,2.724,1.231,9.596*46
$GNGST,015955.90,0.011,0.004,0.003,40.9722,2.724,1.231,9.596*41
$GNGST,015956.00,0.011,0.004,0.003,40.9723,2.724,1.231,9.596*4A
$GNGST,015956.10,0.011,0.004,0.003,40.9724,2.724,1.231,9.596*4C
$GNGST,015956.20,0.011,0.004,0.003,40.9725,2.724,1.231,9.596*4E
$GNGST,015956.30,0.011,0.004,0.003,40.9725,2.724,1.231,9.596*4F
$GNGST,015956.40,0.011,0.004,0.003,40.9726,2.724,1.231,9.596*4B
$GNGST,015956.50,0.011,0.004,0.003,40.9931,2.724,1.231,9.596*42
$GNGST,015956.60,0.011,0.004,0.003,40.9932,2.724,1.231,9.596*42
$GNGST,015956.70,0.011,0.004,0.003,40.9933,2.724,1.231,9.596*42
$GNGST,015956.80,0.011,0.004,0.003,40.8753,2.724,1.231,9.596*44
$GNGST,015956.90,0.011,0.004,0.003,41.0955,2.724,1.231,9.596*44
$GNGST,015957.00,0.011,0.004,0.003,41.0930,2.724,1.231,9.596*4F
$GNGST,015957.10,0.011,0.004,0.003,41.1908,2.724,1.231,9.596*44
$GNGST,015957.20,0.011,0.004,0.003,42.8963,2.724,1.231,9.596*40
$GNGST,015957.30,0.011,0.004,0.003,42.8965,2.724,1.231,9.596*47
$GNGST,015957.40,0.011,0.004,0.003,42.8966,2.724,1.231,9.596*43
$GNGST,015957.50,0.011,0.004,0.003,41.1911,2.724,1.231,9.596*48
$GNGST,015957.60,0.011,0.004,0.003,40.9483,2.724,1.231,9.596*44
$GNGST,015957.70,0.011,0.004,0.003,40.8511,2.724,1.231,9.596*4E
$GNGST,015957.80,0.011,0.004,0.003,40.9485,2.724,1.231,9.596*4C
$GNGST,015957.90,0.011,0.004,0.003,40.8333,2.724,1.231,9.596*46
$GNGST,015958.00,0.011,0.004,0.003,40.8374,2.724,1.231,9.596*43
$GNGST,015958.10,0.011,0.004,0.003,40.9345,2.724,1.231,9.596*41
$GNGST,015958.20,0.011,0.004,0.003,40.8559,2.724,1.231,9.596*48
$GNGST,015958.30,0.011,0.004,0.003,40.9669,2.724,1.231,9.596*48
$GNGST,015958.40,0.011,0.004,0.003,40.9866,2.724,1.231,9.596*4E
$GNGST,015958.50,0.011,0.004,0.003,40.9866,2.724,1.231,9.596*4F
$GNGST,015958.60,0.011,0.004,0.003,40.9867,2.724,1.231,9.596*4D
$GNGST,015958.70,0.011,0.004,0.003,40.9673,2.724,1.231,9.596*47
$GNGST,015958.80,0.011,0.004,0.003,40.9674,2.724,1.231,9.596*4F
$GNGST,015958.90,0.011,0.004,0.003,41.0652,2.724,1.231,9.596*42
$GNGST,015959.00,0.011,0.004,0.003,41.0653,2.724,1.231,9.596*4B
$GNGST,015959.10,0.011,0.004,0.003,41.0654,2.724,1.231,9.596*4D
$GNGST,015959.20,0.011,0.004,0.003,41.0655,2.724,1.231,9.596*4F
$GNGST,015959.30,0.011,0.004,0.003,41.0656,2.724,1.231,9.596*4D
$GNGST,015959.40,0.011,0.004,0.003,40.8386,2.724,1.231,9.596*4B
$GNGST,015959.50,0.011,0.004,0.003,41.0657,2.724,1.231,9.596*4A
$GNGST,015959.60,0.011,0.004,0.003,41.0658,2.724,1.231,9.596*46
$GNGST,015959.70,0.011,0.004,0.003,41.0659,2.724,1.231,9.596*46
$GNGST,015959.80,0.011,0.004,0.003,41.1253,2.724,1.231,9.596*46
$GNGST,015959.90,0.011,0.004,0.003,40.7993,2.724,1.231,9.596*47
$GNGST,020000.00,0.011,0.004,0.003,40.7993,2.724,1.231,9.596*4D
$GNGST,020000.10,0.011,0.004,0.003,41.0190,2.724,1.231,9.596*41
$GNGST,020000.20,0.011,0.004,0.003,41.3673,2.724,1.231,9.596*4B
$GNGST,020000.30,0.011,0.004,0.003,41.2836,2.724,1.231,9.596*44
$GNGST,020000.40,0.011,0.004,0.003,41.2455,2.724,1.231,9.596*4A
$GNGST,020000.50,0.011,0.004,0.003,41.0073,2.724,1.231,9.596*49
$GNGST,020000.60,0.011,0.004,0.003,42.0719,2.724,1.231,9.596*42
$GNGST,020000.70,0.011,0.004,0.003,42.0721,2.724,1.231,9.596*48
$GNGST,020000.80,0.011,0.004,0.003,42.3575,2.724,1.231,9.596*47
$GNGST,020000.90,0.011,0.004,0.003,42.1193,2.724,1.231,9.596*48
$GNGST,020001.00,0.011,0.004,0.003,42.1195,2.724,1.231,9.596*46
$GNGST,020001.10,0.011,0.004,0.003,42.1196,2.724,1.231,9.596*44
$GNGST,020001.20,0.011,0.004,0.003,42.4092,2.724,1.231,9.596*47
$GNGST,020001.30,0.011,0.004,0.003,42.4094,2.724,1.231,9.596*40
$GNGST,020001.40,0.011,0.004,0.003,42.4095,2.724,1.231,9.596*46
$GNGST,020001.50,0.011,0.004,0.003,42.3884,2.724,1.231,9.596*48
$GNGST,020001.60,0.011,0.004,0.003,42.4789,2.724,1.231,9.596*4E
$GNGST,020001.70,0.011,0.004,0.003,42.4398,2.724,1.231,9.596*4B
$GNGST,020001.80,0.011,0.004,0.003,42.4400,2.724,1.231,9.596*42
$GNGST,020001.90,0.011,0.004,0.003,42.5387,2.724,1.231,9.596*4A
$GNGST,020002.00,0.011,0.004,0.003,43.6031,2.724,1.231,9.596*4C
$GNGST,020002.10,0.011,0.004,0.003,42.5581,2.724,1.231,9.596*41
$GNGST,020002.20,0.011,0.004,0.003,42.6463,2.724,1.231,9.596*4C
$GNGST,020002.30,0.011,0.004,0.003,42.5585,2.724,1.231,9.596*47
$GNGST,020002.40,0.011,0.004,0.003,42.5587,2.724,1.231,9.596*42
$GNGST,020002.50,0.011,0.004,0.003,42.2742,2.724,1.231,9.596*4F
$GNGST,020002.60,0.011,0.004,0.003,42.5591,2.724,1.231,9.596*47
$GNGST,020002.70,0.011,0.004,0.003,42.5593,2.724,1.231,9.596*44
$GNGST,020002.80,0.011,0.004,0.003,40.4501,2.724,1.231,9.596*43
$GNGST,020002.90,0.011,0.004,0.003,40.1158,2.724,1.231,9.596*4F
$GNGST,020003.00,0.011,0.004,0.003,40.2066,2.724,1.231,9.596*48
$GNGST,020003.10,0.011,0.004,0.003,40.4504,2.724,1.231,9.596*4E
$GNGST,020003.20,0.011,0.004,0.003,40.1160,2.724,1.231,9.596*4E
$GNGST,020003.30,0.011,0.004,0.003,40.1161,2.724,1.231,9.596*4E
$GNGST,020003.40,0.011,0.004,0.003,40.1162,2.724,1.231,9.596*4A
$GNGST,020003.50,0.011,0.004,0.003,39.9774,2.724,1.231,9.596*4C
$GNGST,020003.60,0.011,0.004,0.003,40.1164,2.724,1.231,9.596*4E
$GNGST,020003.70,0.011,0.004,0.003,41.0584,2.724,1.231,9.596*45
$GNGST,020003.80,0.011,0.004,0.003,42.1007,2.724,1.231,9.596*46
$GNGST,020003.90,0.011,0.004,0.003,40.5326,2.724,1.231,9.596*41
$GNGST,020004.00,0.011,0.004,0.003,40.5327,2.724,1.231,9.596*4E
$GNGST,020004.10,0.011,0.004,0.003,40.6443,2.724,1.231,9.596*49
$GNGST,020004.20,0.011,0.004,0.003,40.4107,2.724,1.231,9.596*4D
$GNGST,020004.30,0.011,0.004,0.003,40.8877,2.724,1.231,9.596*4E
$GNGST,020004.40,0.011,0.004,0.003,40.5578,2.724,1.231,9.596*46
$GNGST,020004.50,0.011,0.004,0.003,40.4384,2.724,1.231,9.596*43
$GNGST,020004.60,0.011,0.004,0.003,39.2025,2.724,1.231,9.596*40
$GNGST,020004.70,0.011,0.004,0.003,38.8176,2.724,1.231,9.596*4D
$GNGST,020004.80,0.011,0.004,0.003,38.8177,2.724,1.231,9.596*43
$GNGST,020004.90,0.011,0.004,0.003,38.6329,2.724,1.231,9.596*45
$GNGST,020005.00,0.011,0.004,0.003,38.6330,2.724,1.231,9.596*45
$GNGST,020005.10,0.011,0.004,0.003,38.6331,2.724,1.231,9.596*45
$GNGST,020005.20,0.011,0.004,0.003,38.6332,2.724,1.231,9.596*45
$GNGST,020005.30,0.011,0.004,0.003,38.6333,2.724,1.231,9.596*45
$GNGST,020005.40,0.011,0.004,0.003,38.6503,2.724,1.231,9.596*47
$GNGST,020005.50,0.011,0.004,0.003,38.8005,2.724,1.231,9.596*4B
$GNGST,020005.60,0.011,0.004,0.003,38.8006,2.724,1.231,9.596*4B
$GNGST,020005.70,0.011,0.004,0.003,38.9462,2.724,1.231,9.596*4D
$GNGST,020005.80,0.011,0.004,0.003,38.9463,2.724,1.231,9.596*43
$GNGST,020005.90,0.011,0.004,0.003,39.4617,2.724,1.231,9.596*4F
$GNGST,020006.00,0.011,0.004,0.003,39.1449,2.724,1.231,9.596*49
$GNGST,020006.10,0.011,0.004,0.003,39.0711,2.724,1.231,9.596*47
$GNGST,020006.20,0.011,0.004,0.003,39.2917,2.724,1.231,9.596*4E
$GNGST,020006.30,0.011,0.004,0.003,39.3399,2.724,1.231,9.596*42
$GNGST,020006.40,0.011,0.004,0.003,39.3400,2.724,1.231,9.596*42
$GNGST,020006.50,0.011,0.004,0.003,39.2306,2.724,1.231,9.596*43
$GNGST,020006.60,0.011,0.004,0.003,39.3785,2.724,1.231,9.596*4E
$GNGST,020006.70,0.011,0.004,0.003,39.5244,2.724,1.231,9.596*41
$GNGST,020006.80,0.011,0.004,0.003,39.6496,2.724,1.231,9.596*44
$GNGST,020006.90,0.011,0.004,0.003,39.6497,2.724,1.231,9.596*44
$GNGST,020007.00,0.011,0.004,0.003,39.4540,2.724,1.231,9.596*45
$GNGST,020007.10,0.011,0.004,0.003,39.2758,2.724,1.231,9.596*49
$GNGST,020007.20,0.011,0.004,0.003,39.6028,2.724,1.231,9.596*4E
$GNGST,020007.30,0.011,0.004,0.003,40.9159,2.724,1.231,9.596*49
$GNGST,020007.40,0.011,0.004,0.003,39.6030,2.724,1.231,9.596*41
$GNGST,020007.50,0.011,0.004,0.003,40.1494,2.724,1.231,9.596*43
$GNGST,020007.60,0.011,0.004,0.003,40.0315,2.724,1.231,9.596*4F
$GNGST,020007.70,0.011,0.004,0.003,40.2913,2.724,1.231,9.596*40
$GNGST,020007.80,0.011,0.004,0.003,40.3411,2.724,1.231,9.596*41
$GNGST,020007.90,0.011,0.004,0.003,40.6356,2.724,1.231,9.596*41
$GNGST,020008.00,0.011,0.004,0.003,40.3569,2.724,1.231,9.596*48
$GNGST,020008.10,0.011,0.004,0.003,40.0795,2.724,1.231,9.596*4B
$GNGST,020008.20,0.011,0.004,0.003,40.0320,2.724,1.231,9.596*42
$GNGST,020008.30,0.011,0.004,0.003,40.3090,2.724,1.231,9.596*48
$GNGST,020008.40,0.011,0.004,0.003,40.1502,2.724,1.231,9.596*43
$GNGST,020008.50,0.011,0.004,0.003,40.5860,2.724,1.231,9.596*4F
$GNGST,020008.60,0.010,0.004,0.003,40.2304,2.724,1.231,9.596*43
$GNGST,020008.70,0.010,0.004,0.003,40.2305,2.724,1.231,9.596*43
$GNGST,020008.80,0.011,0.004,0.003,39.7360,2.724,1.231,9.596*45
$GNGST,020008.90,0.011,0.004,0.003,39.7178,2.724,1.231,9.596*4F
$GNGST,020009.00,0.011,0.004,0.003,39.7178,2.724,1.231,9.596*47
$GNGST,020009.10,0.011,0.004,0.003,39.9018,2.724,1.231,9.596*4F
$GNGST,020009.20,0.011,0.004,0.003,39.7154,2.724,1.231,9.596*4B
$GNGST,020009.30,0.011,0.004,0.003,39.7531,2.724,1.231,9.596*4D
$GNGST,020009.40,0.011,0.004,0.003,39.5686,2.724,1.231,9.596*47
$GNGST,020009.50,0.011,0.004,0.003,39.8790,2.724,1.231,9.596*4D
$GNGST,020009.60,0.011,0.004,0.003,39.4635,2.724,1.231,9.596*4C
$GNGST,020009.70,0.011,0.004,0.003,39.5941,2.724,1.231,9.596*40
$GNGST,020009.80,0.011,0.004,0.003,39.4637,2.724,1.231,9.596*40
$GNGST,020009.90,0.011,0.004,0.003,39.4073,2.724,1.231,9.596*47
$GNGST,020010.00,0.011,0.004,0.003,39.6063,2.724,1.231,9.596*45
$GNGST,020010.10,0.011,0.004,0.003,39.4639,2.724,1.231,9.596*4F
$GNGST,020010.20,0.011,0.004,0.003,39.5470,2.724,1.231,9.596*42
$GNGST,020010.30,0.011,0.004,0.003,39.5946,2.724,1.231,9.596*4B
$GNGST,020010.40,0.011,0.004,0.003,39.6240,2.724,1.231,9.596*42
$GNGST,020010.50,0.011,0.004,0.003,39.5167,2.724,1.231,9.596*46
$GNGST,020010.60,0.011,0.004,0.003,39.6475,2.724,1.231,9.596*40
$GNGST,020010.70,0.011,0.004,0.003,39.4853,2.724,1.231,9.596*4B
$GNGST,020010.80,0.011,0.004,0.003,39.5199,2.724,1.231,9.596*4A
$GNGST,020010.90,0.011,0.004,0.003,39.3245,2.724,1.231,9.596*4F
$GNGST,020011.00,0.011,0.004,0.003,39.4855,2.724,1.231,9.596*4B
$GNGST,020011.10,0.011,0.004,0.003,39.1043,2.724,1.231,9.596*40
$GNGST,020011.20,0.011,0.004,0.003,39.4555,2.724,1.231,9.596*44
$GNGST,020011.30,0.011,0.004,0.003,39.3248,2.724,1.231,9.596*49
$GNGST,020011.40,0.011,0.004,0.003,39.4858,2.724,1.231,9.596*42
$GNGST,020011.50,0.011,0.004,0.003,39.6167,2.724,1.231,9.596*44
$GNGST,020011.60,0.011,0.004,0.003,39.3579,2.724,1.231,9.596*49
$GNGST,020011.70,0.010,0.004,0.003,39.2688,2.724,1.231,9.596*45
$GNGST,020011.80,0.011,0.004,0.003,39.3661,2.724,1.231,9.596*4D
$GNGST,020011.90,0.011,0.004,0.003,39.3662,2.724,1.231,9.596*4F
$GNGST,020012.00,0.011,0.004,0.003,39.3662,2.724,1.231,9.596*45
$GNGST,020012.10,0.011,0.004,0.003,39.2209,2.724,1.231,9.596*4C
$GNGST,020012.20,0.011,0.004,0.003,39.2040,2.724,1.231,9.596*40
$GNGST,020012.30,0.011,0.004,0.003,39.2041,2.724,1.231,9.596*40
$GNGST,020012.40,0.011,0.004,0.003,39.0611,2.724,1.231,9.596*46
$GNGST,020012.50,0.011,0.004,0.003,39.2760,2.724,1.231,9.596*42
$GNGST,020012.60,0.011,0.004,0.003,39.3464,2.724,1.231,9.596*47
$GNGST,020012.70,0.011,0.004,0.003,39.0256,2.724,1.231,9.596*42
$GNGST,020012.80,0.011,0.004,0.003,39.5271,2.724,1.231,9.596*4D
$GNGST,020012.90,0.011,0.004,0.003,39.2646,2.724,1.231,9.596*4B
$GNGST,020013.00,0.011,0.004,0.003,39.1214,2.724,1.231,9.596*43
$GNGST,020013.10,0.011,0.004,0.003,39.2531,2.724,1.231,9.596*41
$GNGST,020013.20,0.011,0.004,0.003,39.3768,2.724,1.231,9.596*4D
$GNGST,020013.30,0.011,0.004,0.003,39.0698,2.724,1.231,9.596*41
$GNGST,020013.40,0.011,0.004,0.003,39.2301,2.724,1.231,9.596*41
$GNGST,020013.50,0.011,0.004,0.003,39.0700,2.724,1.231,9.596*47
$GNGST,020013.60,0.011,0.004,0.003,39.2652,2.724,1.231,9.596*40
$GNGST,020013.70,0.011,0.004,0.003,39.2303,2.724,1.231,9.596*40
$GNGST,020013.80,0.011,0.004,0.003,39.0875,2.724,1.231,9.596*47
$GNGST,020013.90,0.011,0.004,0.003,43.4746,2.724,1.231,9.596*40
$GNGST,020014.00,0.011,0.004,0.003,43.6216,2.724,1.231,9.596*4C
$GNGST,020014.10,0.011,0.004,0.003,43.3965,2.724,1.231,9.596*47
$GNGST,020014.20,0.011,0.004,0.003,43.5467,2.724,1.231,9.596*4D
$GNGST,020014.30,0.011,0.004,0.003,43.3968,2.724,1.231,9.596*48
$GNGST,020014.40,0.011,0.004,0.003,43.4270,2.724,1.231,9.596*4A
$GNGST,020014.50,0.011,0.004,0.003,43.4271,2.724,1.231,9.596*4A
$GNGST,020014.60,0.011,0.004,0.003,43.6368,2.724,1.231,9.596*42
$GNGST,020014.70,0.011,0.004,0.003,43.6369,2.724,1.231,9.596*42
$GNGST,020014.80,0.011,0.004,0.003,42.8891,2.724,1.231,9.596*4E
$GNGST,020014.90,0.011,0.004,0.003,42.7111,2.724,1.231,9.596*41
$GNGST,020015.00,0.011,0.004,0.003,42.6819,2.724,1.231,9.596*49
$GNGST,020015.10,0.011,0.004,0.003,42.6872,2.724,1.231,9.596*45
$GNGST,020015.20,0.011,0.004,0.003,42.8332,2.724,1.231,9.596*47
$GNGST,020015.30,0.011,0.004,0.003,42.8333,2.724,1.231,9.596*47
$GNGST,020015.40,0.011,0.004,0.003,42.6876,2.724,1.231,9.596*44
$GNGST,020015.50,0.011,0.004,0.003,42.6788,2.724,1.231,9.596*4B
$GNGST,020015.60,0.011,0.004,0.003,42.6878,2.724,1.231,9.596*48
$GNGST,020015.70,0.011,0.004,0.003,42.6879,2.724,1.231,9.596*48
$GNGST,020015.80,0.011,0.004,0.003,42.6981,2.724,1.231,9.596*41
$GNGST,020015.90,0.011,0.004,0.003,42.6982,2.724,1.231,9.596*43
$GNGST,020016.00,0.011,0.004,0.003,42.9263,2.724,1.231,9.596*42
$GNGST,020016.10,0.011,0.004,0.003,42.4663,2.724,1.231,9.596*4A
$GNGST,020016.20,0.011,0.004,0.003,42.6877,2.724,1.231,9.596*40
$GNGST,020016.30,0.011,0.004,0.003,42.7544,2.724,1.231,9.596*4D
$GNGST,020016.40,0.011,0.004,0.003,42.5137,2.724,1.231,9.596*48
$GNGST,020016.50,0.011,0.004,0.003,42.8482,2.724,1.231,9.596*4F
$GNGST,020016.60,0.011,0.004,0.003,42.6597,2.724,1.231,9.596*47
$GNGST,020016.70,0.011,0.004,0.003,42.5409,2.724,1.231,9.596*43
$GNGST,020016.80,0.011,0.004,0.003,42.9751,2.724,1.231,9.596*4E
$GNGST,020016.90,0.011,0.004,0.003,40.2224,2.724,1.231,9.596*41
$GNGST,020017.00,0.011,0.004,0.003,40.2576,2.724,1.231,9.596*49
$GNGST,020017.10,0.011,0.004,0.003,40.0809,2.724,1.231,9.596*4F
$GNGST,020017.20,0.011,0.004,0.003,40.0567,2.724,1.231,9.596*49
$GNGST,020017.30,0.011,0.004,0.003,40.2229,2.724,1.231,9.596*47
$GNGST,020017.40,0.011,0.004,0.003,40.0920,2.724,1.231,9.596*40
$GNGST,020017.50,0.011,0.004,0.003,40.2581,2.724,1.231,9.596*44
$GNGST,020017.60,0.011,0.004,0.003,40.2583,2.724,1.231,9.596*45
$GNGST,020017.70,0.011,0.004,0.003,40.0988,2.724,1.231,9.596*41
$GNGST,020017.80,0.011,0.004,0.003,40.2463,2.724,1.231,9.596*44
$GNGST,020017.90,0.011,0.004,0.003,40.0990,2.724,1.231,9.596*46
$GNGST,020018.00,0.011,0.004,0.003,40.0659,2.724,1.231,9.596*4A
$GNGST,020018.10,0.011,0.004,0.003,40.4520,2.724,1.231,9.596*42
$GNGST,020018.20,0.011,0.004,0.003,40.0993,2.724,1.231,9.596*41
$GNGST,020018.30,0.011,0.004,0.003,40.2469,2.724,1.231,9.596*4A
$GNGST,020018.40,0.011,0.004,0.003,40.0664,2.724,1.231,9.596*40
$GNGST,020018.50,0.011,0.004,0.003,40.1040,2.724,1.231,9.596*40
$GNGST,020018.60,0.011,0.004,0.003,40.1041,2.724,1.231,9.596*42
$GNGST,020018.70,0.011,0.004,0.003,39.6058,2.724,1.231,9.596*42
$GNGST,020018.80,0.011,0.004,0.003,39.6806,2.724,1.231,9.596*4E
$GNGST,020018.90,0.011,0.004,0.003,39.7376,2.724,1.231,9.596*42
$GNGST,020019.00,0.011,0.004,0.003,39.6808,2.724,1.231,9.596*49
$GNGST,020019.10,0.011,0.004,0.003,39.7378,2.724,1.231,9.596*45
$GNGST,020019.20,0.011,0.004,0.003,39.6811,2.724,1.231,9.596*43
$GNGST,020019.30,0.011,0.004,0.003,39.6812,2.724,1.231,9.596*41
$GNGST,020019.40,0.011,0.004,0.003,39.4518,2.724,1.231,9.596*43
$GNGST,020019.50,0.011,0.004,0.003,39.3565,2.724,1.231,9.596*4F
$GNGST,020019.60,0.011,0.004,0.003,39.3566,2.724,1.231,9.596*4F
$GNGST,020019.70,0.011,0.004,0.003,39.0861,2.724,1.231,9.596*47
$GNGST,020019.80,0.011,0.004,0.003,39.7011,2.724,1.231,9.596*40
$GNGST,020019.90,0.011,0.004,0.003,35.0408,2.724,1.231,9.596*46
$GNGST,020020.00,0.011,0.004,0.003,31.6297,2.724,1.231,9.596*47
$GNGST,020020.10,0.011,0.004,0.003,35.2004,2.724,1.231,9.596*4E
$GNGST,020020.20,0.011,0.004,0.003,35.2004,2.724,1.231,9.596*4D
$GNGST,020020.30,0.011,0.004,0.003,35.2005,2.724,1.231,9.596*4D
$GNGST,020020.40,0.011,0.004,0.003,35.2005,2.724,1.231,9.596*4A
$GNGST,020020.50,0.011,0.004,0.003,35.3671,2.724,1.231,9.596*4F
$GNGST,020020.60,0.011,0.004,0.003,35.2975,2.724,1.231,9.596*46
$GNGST,020020.70,0.011,0.004,0.003,35.2975,2.724,1.231,9.596*47
$GNGST,020020.80,0.011,0.004,0.003,35.6132,2.724,1.231,9.596*47
$GNGST,020020.90,0.011,0.004,0.003,35.5384,2.724,1.231,9.596*4A
$GNGST,020021.00,0.011,0.004,0.003,35.5110,2.724,1.231,9.596*4D
$GNGST,020021.10,0.011,0.004,0.003,35.3672,2.724,1.231,9.596*49
$GNGST,020021.20,0.011,0.004,0.003,35.3878,2.724,1.231,9.596*4E
$GNGST,020021.30,0.011,0.004,0.003,35.4420,2.724,1.231,9.596*49
$GNGST,020021.40,0.011,0.004,0.003,35.4420,2.724,1.231,9.596*4E
$GNGST,020021.50,0.011,0.004,0.003,35.3878,2.724,1.231,9.596*49
$GNGST,020021.60,0.011,0.004,0.003,35.5392,2.724,1.231,9.596*43
$GNGST,020021.70,0.011,0.004,0.003,35.5392,2.724,1.231,9.596*42
$GNGST,020021.80,0.011,0.004,0.003,35.4023,2.724,1.231,9.596*45
$GNGST,020021.90,0.011,0.004,0.003,35.5393,2.724,1.231,9.596*4D
$GNGST,020022.00,0.011,0.004,0.003,35.5393,2.724,1.231,9.596*47
$GNGST,020022.10,0.011,0.004,0.003,35.4429,2.724,1.231,9.596*41
$GNGST,020022.20,0.011,0.004,0.003,35.7814,2.724,1.231,9.596*43
$GNGST,020022.30,0.011,0.004,0.003,35.5101,2.724,1.231,9.596*4D
$GNGST,020022.40,0.011,0.004,0.003,35.5101,2.724,1.231,9.596*4A
$GNGST,020022.50,0.011,0.004,0.003,35.5102,2.724,1.231,9.596*48
$GNGST,020022.60,0.011,0.004,0.003,35.7538,2.724,1.231,9.596*44
$GNGST,020022.70,0.011,0.004,0.003,35.4412,2.724,1.231,9.596*4F
$GNGST,020022.80,0.011,0.004,0.003,35.5103,2.724,1.231,9.596*44
$GNGST,020022.90,0.011,0.004,0.003,37.2608,2.724,1.231,9.596*4C
$GNGST,020023.00,0.011,0.004,0.003,37.3808,2.724,1.231,9.596*4B
$GNGST,020023.10,0.011,0.004,0.003,37.2799,2.724,1.231,9.596*4C
$GNGST,020023.20,0.011,0.004,0.003,37.2800,2.724,1.231,9.596*40
$GNGST,020023.30,0.011,0.004,0.003,37.2800,2.724,1.231,9.596*41
$GNGST,020023.40,0.011,0.004,0.003,39.2696,2.724,1.231,9.596*49
$GNGST,020023.50,0.011,0.004,0.003,37.3444,2.724,1.231,9.596*4A
$GNGST,020023.60,0.011,0.004,0.003,39.3881,2.724,1.231,9.596*42
$GNGST,020023.70,0.011,0.004,0.003,39.3882,2.724,1.231,9.596*40
$GNGST,020023.80,0.011,0.004,0.003,41.8283,2.724,1.231,9.596*40
$GNGST,020023.90,0.011,0.004,0.003,41.6340,2.724,1.231,9.596*41
$GNGST,020024.00,0.011,0.004,0.003,41.8940,2.724,1.231,9.596*4B
$GNGST,020024.10,0.011,0.004,0.003,39.3885,2.724,1.231,9.596*46
$GNGST,020024.20,0.011,0.004,0.003,39.5352,2.724,1.231,9.596*42
$GNGST,020024.30,0.011,0.004,0.003,41.8290,2.724,1.231,9.596*4E
$GNGST,020024.40,0.011,0.004,0.003,41.8291,2.724,1.231,9.596*48
$GNGST,020024.50,0.011,0.004,0.003,37.9987,2.724,1.231,9.596*45
$GNGST,020024.60,0.011,0.004,0.003,37.9036,2.724,1.231,9.596*45
$GNGST,020024.70,0.011,0.004,0.003,37.8829,2.724,1.231,9.596*43
$GNGST,020024.80,0.011,0.004,0.003,37.9508,2.724,1.231,9.596*43
$GNGST,020024.90,0.011,0.004,0.003,37.8152,2.724,1.231,9.596*48
$GNGST,020025.00,0.011,0.004,0.003,37.8153,2.724,1.231,9.596*41
$GNGST,020025.10,0.011,0.004,0.003,37.6884,2.724,1.231,9.596*4D
$GNGST,020025.20,0.011,0.004,0.003,37.6885,2.724,1.231,9.596*4F
$GNGST,020025.30,0.011,0.004,0.003,37.6885,2.724,1.231,9.596*4E
$GNGST,020025.40,0.011,0.004,0.003,37.6886,2.724,1.231,9.596*4A
$GNGST,020025.50,0.011,0.004,0.003,37.7152,2.724,1.231,9.596*4A
$GNGST,020025.60,0.011,0.004,0.003,37.8188,2.724,1.231,9.596*41
$GNGST,020025.70,0.011,0.004,0.003,37.7502,2.724,1.231,9.596*49
$GNGST,020025.80,0.011,0.004,0.003,38.3121,2.724,1.231,9.596*48
$GNGST,020025.90,0.011,0.004,0.003,38.3122,2.724,1.231,9.596*4A
$GNGST,020026.00,0.011,0.004,0.003,38.1732,2.724,1.231,9.596*45
$GNGST,020026.10,0.011,0.004,0.003,39.6302,2.724,1.231,9.596*45
$GNGST,020026.20,0.011,0.004,0.003,39.6304,2.724,1.231,9.596*40
$GNGST,020026.30,0.011,0.004,0.003,39.6306,2.724,1.231,9.596*43
$GNGST,020026.40,0.011,0.004,0.003,38.1068,2.724,1.231,9.596*49
$GNGST,020026.50,0.011,0.004,0.003,38.1735,2.724,1.231,9.596*47
$GNGST,020026.60,0.011,0.004,0.003,38.4864,2.724,1.231,9.596*4A
$GNGST,020026.70,0.011,0.004,0.003,38.4865,2.724,1.231,9.596*4A
$GNGST,020026.80,0.011,0.004,0.003,38.3499,2.724,1.231,9.596*4D
$GNGST,020026.90,0.011,0.004,0.003,38.3499,2.724,1.231,9.596*4C
$GNGST,020027.00,0.011,0.004,0.003,38.4583,2.724,1.231,9.596*49
$GNGST,020027.10,0.011,0.004,0.003,38.4991,2.724,1.231,9.596*47
$GNGST,020027.20,0.011,0.004,0.003,38.4992,2.724,1.231,9.596*47
$GNGST,020027.30,0.011,0.004,0.003,38.3212,2.724,1.231,9.596*42
$GNGST,020027.40,0.011,0.004,0.003,38.3503,2.724,1.231,9.596*42
$GNGST,020027.50,0.011,0.004,0.003,38.3504,2.724,1.231,9.596*44
$GNGST,020027.60,0.011,0.004,0.003,38.8086,2.724,1.231,9.596*43
$GNGST,020027.70,0.011,0.004,0.003,38.6269,2.724,1.231,9.596*4F
$GNGST,020027.80,0.011,0.004,0.003,38.5842,2.724,1.231,9.596*40
$GNGST,020027.90,0.011,0.004,0.003,38.8295,2.724,1.231,9.596*4C
$GNGST,020028.00,0.011,0.004,0.003,38.6451,2.724,1.231,9.596*4A
$GNGST,020028.10,0.011,0.004,0.003,38.5965,2.724,1.231,9.596*42
$GNGST,020028.20,0.011,0.004,0.003,38.4570,2.724,1.231,9.596*48
$GNGST,020028.30,0.011,0.004,0.003,38.5766,2.724,1.231,9.596*4D
$GNGST,020028.40,0.011,0.004,0.003,38.3046,2.724,1.231,9.596*49
$GNGST,020028.50,0.011,0.004,0.003,38.3046,2.724,1.231,9.596*48
$GNGST,020028.60,0.011,0.004,0.003,38.3047,2.724,1.231,9.596*4A
$GNGST,020028.70,0.011,0.004,0.003,38.6344,2.724,1.231,9.596*4E
$GNGST,020028.80,0.010,0.004,0.003,38.6296,2.724,1.231,9.596*4E
$GNGST,020028.90,0.011,0.004,0.003,38.8081,2.724,1.231,9.596*44
$GNGST,020029.00,0.011,0.004,0.003,38.6346,2.724,1.231,9.596*4A
$GNGST,020029.10,0.011,0.004,0.003,38.5342,2.724,1.231,9.596*4C
$GNGST,020029.20,0.011,0.004,0.003,38.3637,2.724,1.231,9.596*4E
$GNGST,020029.30,0.011,0.004,0.003,38.5043,2.724,1.231,9.596*4C
$GNGST,020029.40,0.011,0.004,0.003,38.5344,2.724,1.231,9.596*4F
$GNGST,020029.50,0.011,0.004,0.003,38.6808,2.724,1.231,9.596*4E
$GNGST,020029.60,0.011,0.004,0.003,38.6808,2.724,1.231,9.596*4D
$GNGST,020029.70,0.011,0.004,0.003,38.4469,2.724,1.231,9.596*45
$GNGST,020029.80,0.011,0.004,0.003,38.1818,2.724,1.231,9.596*45
$GNGST,020029.90,0.011,0.004,0.003,38.1819,2.724,1.231,9.596*45
$GNGST,020030.00,0.011,0.004,0.003,38.3617,2.724,1.231,9.596*46
$GNGST,020030.10,0.011,0.004,0.003,38.3618,2.724,1.231,9.596*48
$GNGST,020030.20,0.011,0.004,0.003,38.1821,2.724,1.231,9.596*4D
$GNGST,020030.30,0.011,0.004,0.003,38.2526,2.724,1.231,9.596*45
$GNGST,020030.40,0.011,0.004,0.003,38.3151,2.724,1.231,9.596*47
$GNGST,020030.50,0.011,0.004,0.003,38.1030,2.724,1.231,9.596*42
$GNGST,020030.60,0.011,0.004,0.003,38.2477,2.724,1.231,9.596*45
$GNGST,020030.70,0.011,0.004,0.003,37.9661,2.724,1.231,9.596*45
$GNGST,020030.80,0.011,0.004,0.003,38.2153,2.724,1.231,9.596*48
$GNGST,020030.90,0.011,0.004,0.003,38.1593,2.724,1.231,9.596*42
$GNGST,020031.00,0.011,0.004,0.003,38.0054,2.724,1.231,9.596*45
$GNGST,020031.10,0.011,0.004,0.003,37.8340,2.724,1.231,9.596*45
$GNGST,020031.20,0.011,0.004,0.003,38.2156,2.724,1.231,9.596*46
$GNGST,020031.30,0.011,0.004,0.003,37.8898,2.724,1.231,9.596*49
$GNGST,020031.40,0.011,0.004,0.003,38.2157,2.724,1.231,9.596*41
$GNGST,020031.50,0.011,0.004,0.003,38.2158,2.724,1.231,9.596*4F
$GNGST,020031.60,0.011,0.004,0.003,38.2159,2.724,1.231,9.596*4D
$GNGST,020031.70,0.011,0.004,0.003,38.2939,2.724,1.231,9.596*42
$GNGST,020031.80,0.011,0.004,0.003,38.8799,2.724,1.231,9.596*43
$GNGST,020031.90,0.011,0.004,0.003,38.9038,2.724,1.231,9.596*4F
$GNGST,020032.00,0.011,0.004,0.003,38.7438,2.724,1.231,9.596*4F
$GNGST,020032.10,0.011,0.004,0.003,38.6911,2.724,1.231,9.596*49
$GNGST,020032.20,0.011,0.004,0.003,38.2177,2.724,1.231,9.596*46
$GNGST,020032.30,0.011,0.004,0.003,38.3462,2.724,1.231,9.596*47
$GNGST,020032.40,0.011,0.004,0.003,38.6914,2.724,1.231,9.596*49
$GNGST,020032.50,0.011,0.004,0.003,38.6915,2.724,1.231,9.596*49
$GNGST,020032.60,0.011,0.004,0.003,38.8192,2.724,1.231,9.596*43
$GNGST,020032.70,0.011,0.004,0.003,38.8659,2.724,1.231,9.596*42
$GNGST,020032.80,0.011,0.004,0.003,38.7332,2.724,1.231,9.596*4A
$GNGST,020032.90,0.011,0.004,0.003,38.6066,2.724,1.231,9.596*48
$GNGST,020033.00,0.011,0.004,0.003,38.6434,2.724,1.231,9.596*43
$GNGST,020033.10,0.011,0.004,0.003,38.6068,2.724,1.231,9.596*4F
$GNGST,020033.20,0.011,0.004,0.003,38.4741,2.724,1.231,9.596*42
$GNGST,020033.30,0.011,0.004,0.003,38.4742,2.724,1.231,9.596*40
$GNGST,020033.40,0.011,0.004,0.003,38.4743,2.724,1.231,9.596*46
$GNGST,020033.50,0.011,0.004,0.003,38.6073,2.724,1.231,9.596*41
$GNGST,020033.60,0.011,0.004,0.003,38.6074,2.724,1.231,9.596*45
$GNGST,020033.70,0.011,0.004,0.003,38.2040,2.724,1.231,9.596*47
$GNGST,020033.80,0.011,0.004,0.003,38.7228,2.724,1.231,9.596*41
$GNGST,020033.90,0.011,0.004,0.003,38.7586,2.724,1.231,9.596*43
$GNGST,020034.00,0.011,0.004,0.003,39.0694,2.724,1.231,9.596*4B
$GNGST,020034.10,0.011,0.004,0.003,38.8169,2.724,1.231,9.596*46
$GNGST,020034.20,0.011,0.004,0.003,33.7085,2.724,1.231,9.596*42
$GNGST,020034.30,0.011,0.004,0.003,38.5892,2.724,1.231,9.596*44
$GNGST,020034.40,0.011,0.004,0.003,39.1632,2.724,1.231,9.596*42
$GNGST,020034.50,0.011,0.004,0.003,34.9009,2.724,1.231,9.596*48
$GNGST,020034.60,0.011,0.004,0.003,34.9010,2.724,1.231,9.596*43
$GNGST,020034.70,0.011,0.004,0.003,34.9959,2.724,1.231,9.596*46
$GNGST,020034.80,0.011,0.004,0.003,34.9959,2.724,1.231,9.596*49
$GNGST,020034.90,0.011,0.004,0.003,34.9011,2.724,1.231,9.596*4D
$GNGST,020035.00,0.011,0.004,0.003,35.0138,2.724,1.231,9.596*47
$GNGST,020035.10,0.011,0.004,0.003,34.9011,2.724,1.231,9.596*44
$GNGST,020035.20,0.011,0.004,0.003,35.0138,2.724,1.231,9.596*45
$GNGST,020035.30,0.011,0.004,0.003,34.9194,2.724,1.231,9.596*4A
$GNGST,020035.40,0.011,0.004,0.003,34.9012,2.724,1.231,9.596*42
$GNGST,020035.50,0.011,0.004,0.003,34.9012,2.724,1.231,9.596*43
$GNGST,020035.60,0.011,0.004,0.003,34.9012,2.724,1.231,9.596*40
$GNGST,020035.70,0.011,0.004,0.003,34.9195,2.724,1.231,9.596*4F
$GNGST,020035.80,0.011,0.004,0.003,35.0460,2.724,1.231,9.596*47
$GNGST,020035.90,0.011,0.004,0.003,35.0461,2.724,1.231,9.596*47
$GNGST,020036.00,0.011,0.004,0.003,34.8358,2.724,1.231,9.596*49
$GNGST,020036.10,0.011,0.004,0.003,35.0461,2.724,1.231,9.596*4C
$GNGST,020036.20,0.011,0.004,0.003,36.0394,2.724,1.231,9.596*41
$GNGST,020036.30,0.011,0.004,0.003,34.9294,2.724,1.231,9.596*4A
$GNGST,020036.40,0.011,0.004,0.003,35.1952,2.724,1.231,9.596*45
$GNGST,020036.50,0.011,0.004,0.003,36.3345,2.724,1.231,9.596*49
$GNGST,020036.60,0.011,0.004,0.003,36.0842,2.724,1.231,9.596*45
$GNGST,020036.70,0.011,0.004,0.003,36.2406,2.724,1.231,9.596*4A
$GNGST,020036.80,0.011,0.004,0.003,36.6329,2.724,1.231,9.596*4B
$GNGST,020036.90,0.011,0.004,0.003,36.4453,2.724,1.231,9.596*42
$GNGST,020037.00,0.011,0.004,0.003,36.7201,2.724,1.231,9.596*48
$GNGST,020037.10,0.011,0.004,0.003,36.6594,2.724,1.231,9.596*43
$GNGST,020037.20,0.011,0.004,0.003,36.6594,2.724,1.231,9.596*40
$GNGST,020037.30,0.011,0.004,0.003,36.5484,2.724,1.231,9.596*42
$GNGST,020037.40,0.011,0.004,0.003,36.6012,2.724,1.231,9.596*4D
$GNGST,020037.50,0.011,0.004,0.003,36.7719,2.724,1.231,9.596*41
$GNGST,020037.60,0.011,0.004,0.003,36.6105,2.724,1.231,9.596*48
$GNGST,020037.70,0.011,0.004,0.003,36.7720,2.724,1.231,9.596*49
$GNGST,020037.80,0.011,0.004,0.003,36.7720,2.724,1.231,9.596*46
$GNGST,020037.90,0.011,0.004,0.003,37.8662,2.724,1.231,9.596*4E
$GNGST,020038.00,0.011,0.004,0.003,37.9873,2.724,1.231,9.596*47
$GNGST,020038.10,0.011,0.004,0.003,37.8663,2.724,1.231,9.596*48
$GNGST,020038.20,0.011,0.004,0.003,37.8664,2.724,1.231,9.596*4C
$GNGST,020038.30,0.011,0.004,0.003,37.8238,2.724,1.231,9.596*40
$GNGST,020038.40,0.011,0.004,0.003,37.9425,2.724,1.231,9.596*4C
$GNGST,020038.50,0.011,0.004,0.003,37.8666,2.724,1.231,9.596*49
$GNGST,020038.60,0.011,0.004,0.003,38.4870,2.724,1.231,9.596*40
$GNGST,020038.70,0.011,0.004,0.003,38.5289,2.724,1.231,9.596*4C
$GNGST,020038.80,0.011,0.004,0.003,38.5290,2.724,1.231,9.596*4B
$GNGST,020038.90,0.011,0.004,0.003,38.5291,2.724,1.231,9.596*4B
$GNGST,020039.00,0.011,0.004,0.003,38.4042,2.724,1.231,9.596*4E
$GNGST,020039.10,0.011,0.004,0.003,38.5292,2.724,1.231,9.596*41
$GNGST,020039.20,0.011,0.004,0.003,38.5293,2.724,1.231,9.596*43
$GNGST,020039.30,0.011,0.004,0.003,38.5294,2.724,1.231,9.596*45
$GNGST,020039.40,0.011,0.004,0.003,38.7775,2.724,1.231,9.596*4A
$GNGST,020039.50,0.011,0.004,0.003,38.4688,2.724,1.231,9.596*4B
$GNGST,020039.60,0.011,0.004,0.003,38.4016,2.724,1.231,9.596*49
$GNGST,020039.70,0.011,0.004,0.003,38.3810,2.724,1.231,9.596*41
$GNGST,020039.80,0.011,0.004,0.003,38.3811,2.724,1.231,9.596*4F
$GNGST,020039.90,0.011,0.004,0.003,38.1365,2.724,1.231,9.596*44
$GNGST,020040.00,0.011,0.004,0.003,38.3812,2.724,1.231,9.596*4A
$GNGST,020040.10,0.011,0.004,0.003,38.1367,2.724,1.231,9.596*40
$GNGST,020040.20,0.011,0.004,0.003,38.1367,2.724,1.231,9.596*43
$GNGST,020040.30,0.011,0.004,0.003,38.3814,2.724,1.231,9.596*4F
$GNGST,020040.40,0.011,0.004,0.003,38.3815,2.724,1.231,9.596*49
$GNGST,020040.50,0.011,0.004,0.003,38.6523,2.724,1.231,9.596*45
$GNGST,020040.60,0.011,0.004,0.003,38.5256,2.724,1.231,9.596*40
$GNGST,020040.70,0.011,0.004,0.003,38.6524,2.724,1.231,9.596*40
$GNGST,020040.80,0.011,0.004,0.003,38.6525,2.724,1.231,9.596*4E
$GNGST,020040.90,0.011,0.004,0.003,38.6110,2.724,1.231,9.596*4D
$GNGST,020041.00,0.011,0.004,0.003,38.4866,2.724,1.231,9.596*4F
$GNGST,020041.10,0.011,0.004,0.003,38.6527,2.724,1.231,9.596*44
$GNGST,020041.20,0.011,0.004,0.003,38.6112,2.724,1.231,9.596*45
$GNGST,020041.30,0.011,0.004,0.003,38.6113,2.724,1.231,9.596*45
$GNGST,020041.40,0.011,0.004,0.003,38.4900,2.724,1.231,9.596*4A
$GNGST,020041.50,0.011,0.004,0.003,38.4901,2.724,1.231,9.596*4A
$GNGST,020041.60,0.011,0.004,0.003,38.4870,2.724,1.231,9.596*4E
$GNGST,020041.70,0.011,0.004,0.003,38.4871,2.724,1.231,9.596*4E
$GNGST,020041.80,0.011,0.004,0.003,38.4871,2.724,1.231,9.596*41
$GNGST,020041.90,0.011,0.004,0.003,39.0533,2.724,1.231,9.596*4E
$GNGST,020042.00,0.011,0.004,0.003,39.0231,2.724,1.231,9.596*41
$GNGST,020042.10,0.011,0.004,0.003,39.1970,2.724,1.231,9.596*4F
$GNGST,020042.20,0.011,0.004,0.003,39.1971,2.724,1.231,9.596*4D
$GNGST,020042.30,0.011,0.004,0.003,39.1585,2.724,1.231,9.596*4B
$GNGST,020042.40,0.011,0.004,0.003,39.0285,2.724,1.231,9.596*4A
$GNGST,020042.50,0.011,0.004,0.003,39.3218,2.724,1.231,9.596*4C
$GNGST,020042.60,0.010,0.004,0.003,39.0424,2.724,1.231,9.596*44
$GNGST,020042.70,0.011,0.004,0.003,39.2685,2.724,1.231,9.596*4F
$GNGST,020042.80,0.011,0.004,0.003,39.4367,2.724,1.231,9.596*4F
$GNGST,020042.90,0.011,0.004,0.003,40.8221,2.724,1.231,9.596*4F
$GNGST,020043.00,0.011,0.004,0.003,40.8223,2.724,1.231,9.596*45
$GNGST,020043.10,0.011,0.004,0.003,39.0497,2.724,1.231,9.596*4B
$GNGST,020043.20,0.011,0.004,0.003,39.0497,2.724,1.231,9.596*48
$GNGST,020043.30,0.011,0.004,0.003,38.9872,2.724,1.231,9.596*46
$GNGST,020043.40,0.011,0.004,0.003,38.9873,2.724,1.231,9.596*40
$GNGST,020043.50,0.011,0.004,0.003,38.8492,2.724,1.231,9.596*43
$GNGST,020043.60,0.011,0.004,0.003,38.8171,2.724,1.231,9.596*48
$GNGST,020043.70,0.010,0.004,0.003,39.2902,2.724,1.231,9.596*4F
$GNGST,020043.80,0.010,0.004,0.003,39.2903,2.724,1.231,9.596*41
$GNGST,020043.90,0.011,0.004,0.003,39.1848,2.724,1.231,9.596*4C
$GNGST,020044.00,0.011,0.004,0.003,39.1798,2.724,1.231,9.596*40
$GNGST,020044.10,0.011,0.004,0.003,39.0478,2.724,1.231,9.596*4D
$GNGST,020044.20,0.011,0.004,0.003,39.1851,2.724,1.231,9.596*48
$GNGST,020044.30,0.011,0.004,0.003,39.1851,2.724,1.231,9.596*49
$GNGST,020044.40,0.011,0.004,0.003,38.8498,2.724,1.231,9.596*4F
$GNGST,020044.50,0.011,0.004,0.003,39.0530,2.724,1.231,9.596*44
$GNGST,020044.60,0.011,0.004,0.003,39.5363,2.724,1.231,9.596*42
$GNGST,020044.70,0.011,0.004,0.003,39.3171,2.724,1.231,9.596*44
$GNGST,020044.80,0.011,0.004,0.003,39.1063,2.724,1.231,9.596*4B
$GNGST,020044.90,0.011,0.004,0.003,39.1824,2.724,1.231,9.596*41
$GNGST,020045.00,0.011,0.004,0.003,38.9443,2.724,1.231,9.596*4D
$GNGST,020045.10,0.011,0.004,0.003,39.5368,2.724,1.231,9.596*4F
$GNGST,020045.20,0.011,0.004,0.003,39.3175,2.724,1.231,9.596*44
$GNGST,020045.30,0.011,0.004,0.003,39.2837,2.724,1.231,9.596*4B
$GNGST,020045.40,0.011,0.004,0.003,39.1511,2.724,1.231,9.596*46
$GNGST,020045.50,0.011,0.004,0.003,39.1828,2.724,1.231,9.596*40
$GNGST,020045.60,0.011,0.004,0.003,39.4385,2.724,1.231,9.596*4A
$GNGST,020045.70,0.011,0.004,0.003,39.4046,2.724,1.231,9.596*47
$GNGST,020045.80,0.011,0.004,0.003,39.6151,2.724,1.231,9.596*4D
$GNGST,020045.90,0.011,0.004,0.003,39.4698,2.724,1.231,9.596*4C
$GNGST,020046.00,0.011,0.004,0.003,39.4699,2.724,1.231,9.596*47
$GNGST,020046.10,0.011,0.004,0.003,39.4182,2.724,1.231,9.596*4B
$GNGST,020046.20,0.011,0.004,0.003,39.6062,2.724,1.231,9.596*45
$GNGST,020046.30,0.011,0.004,0.003,39.4739,2.724,1.231,9.596*4F
$GNGST,020046.40,0.011,0.004,0.003,39.7379,2.724,1.231,9.596*4B
$GNGST,020046.50,0.011,0.004,0.003,39.7380,2.724,1.231,9.596*4C
$GNGST,020046.60,0.011,0.004,0.003,39.7381,2.724,1.231,9.596*4E
$GNGST,020046.70,0.011,0.004,0.003,39.8573,2.724,1.231,9.596*4B
$GNGST,020046.80,0.011,0.004,0.003,40.0231,2.724,1.231,9.596*43
$GNGST,020046.90,0.011,0.004,0.003,39.9904,2.724,1.231,9.596*48
$GNGST,020047.00,0.011,0.004,0.003,39.8576,2.724,1.231,9.596*48
$GNGST,020047.10,0.011,0.004,0.003,39.8577,2.724,1.231,9.596*48
$GNGST,020047.20,0.011,0.004,0.003,39.9907,2.724,1.231,9.596*41
$GNGST,020047.30,0.011,0.004,0.003,39.8886,2.724,1.231,9.596*49
$GNGST,020047.40,0.011,0.004,0.003,39.8580,2.724,1.231,9.596*45
$GNGST,020047.50,0.011,0.004,0.003,39.8749,2.724,1.231,9.596*43
$GNGST,020047.60,0.011,0.004,0.003,39.8750,2.724,1.231,9.596*48
$GNGST,020047.70,0.011,0.004,0.003,39.8844,2.724,1.231,9.596*43
$GNGST,020047.80,0.011,0.004,0.003,40.1275,2.724,1.231,9.596*43
$GNGST,020047.90,0.011,0.004,0.003,40.0171,2.724,1.231,9.596*44
$GNGST,020048.00,0.011,0.004,0.003,40.0452,2.724,1.231,9.596*46
$GNGST,020048.10,0.011,0.004,0.003,40.1824,2.724,1.231,9.596*4B
$GNGST,020048.20,0.011,0.004,0.003,40.1538,2.724,1.231,9.596*48
$GNGST,020048.30,0.011,0.004,0.003,40.0264,2.724,1.231,9.596*46
$GNGST,020048.40,0.011,0.004,0.003,40.0177,2.724,1.231,9.596*40
$GNGST,020048.50,0.011,0.004,0.003,40.0458,2.724,1.231,9.596*49
$GNGST,020048.60,0.011,0.004,0.003,40.0179,2.724,1.231,9.596*4C
$GNGST,020048.70,0.011,0.004,0.003,40.0743,2.724,1.231,9.596*42
$GNGST,020048.80,0.011,0.004,0.003,40.2545,2.724,1.231,9.596*4B
$GNGST,020048.90,0.011,0.004,0.003,40.2324,2.724,1.231,9.596*4B
$GNGST,020049.00,0.011,0.004,0.003,40.3345,2.724,1.231,9.596*45
$GNGST,020049.10,0.011,0.004,0.003,40.4262,2.724,1.231,9.596*47
$GNGST,020049.20,0.011,0.004,0.003,40.1996,2.724,1.231,9.596*41
$GNGST,020049.30,0.011,0.004,0.003,40.1998,2.724,1.231,9.596*4E
$GNGST,020049.40,0.011,0.004,0.003,40.1718,2.724,1.231,9.596*4F
$GNGST,020049.50,0.011,0.004,0.003,40.2000,2.724,1.231,9.596*43
$GNGST,020049.60,0.011,0.004,0.003,40.0559,2.724,1.231,9.596*4B
$GNGST,020049.70,0.011,0.004,0.003,40.0560,2.724,1.231,9.596*40
$GNGST,020049.80,0.011,0.004,0.003,40.0561,2.724,1.231,9.596*4E
$GNGST,020049.90,0.011,0.004,0.003,39.8002,2.724,1.231,9.596*49
$GNGST,020050.00,0.011,0.004,0.003,39.6678,2.724,1.231,9.596*4D
$GNGST,020050.10,0.011,0.004,0.003,39.6678,2.724,1.231,9.596*4C
$GNGST,020050.20,0.011,0.004,0.003,39.6679,2.724,1.231,9.596*4E
$GNGST,020050.30,0.011,0.004,0.003,39.5519,2.724,1.231,9.596*49
$GNGST,020050.40,0.011,0.004,0.003,39.5520,2.724,1.231,9.596*44
$GNGST,020050.50,0.011,0.004,0.003,40.0628,2.724,1.231,9.596*45
$GNGST,020050.60,0.011,0.004,0.003,40.0629,2.724,1.231,9.596*47
$GNGST,020050.70,0.011,0.004,0.003,39.6904,2.724,1.231,9.596*4E
$GNGST,020050.80,0.011,0.004,0.003,40.0632,2.724,1.231,9.596*43
$GNGST,020050.90,0.011,0.004,0.003,39.9360,2.724,1.231,9.596*47
$GNGST,020051.00,0.011,0.004,0.003,39.7980,2.724,1.231,9.596*45
$GNGST,020051.10,0.011,0.004,0.003,39.5607,2.724,1.231,9.596*46
$GNGST,020051.20,0.011,0.004,0.003,39.9363,2.724,1.231,9.596*4E
$GNGST,020051.30,0.011,0.004,0.003,39.9364,2.724,1.231,9.596*48
$GNGST,020051.40,0.011,0.004,0.003,39.9365,2.724,1.231,9.596*4E
$GNGST,020051.50,0.011,0.004,0.003,39.9366,2.724,1.231,9.596*4C
$GNGST,020051.60,0.011,0.004,0.003,39.9367,2.724,1.231,9.596*4E
$GNGST,020051.70,0.011,0.004,0.003,39.8930,2.724,1.231,9.596*46
$GNGST,020051.80,0.011,0.004,0.003,40.0305,2.724,1.231,9.596*43
$GNGST,020051.90,0.011,0.004,0.003,40.0639,2.724,1.231,9.596*48
$GNGST,020052.00,0.011,0.004,0.003,40.0306,2.724,1.231,9.596*4B
$GNGST,020052.10,0.011,0.004,0.003,39.8933,2.724,1.231,9.596*40
$GNGST,020052.20,0.011,0.004,0.003,39.8934,2.724,1.231,9.596*44
$GNGST,020052.30,0.011,0.004,0.003,39.6361,2.724,1.231,9.596*41
$GNGST,020052.40,0.011,0.004,0.003,39.6362,2.724,1.231,9.596*45
$GNGST,020052.50,0.011,0.004,0.003,39.9289,2.724,1.231,9.596*4F
$GNGST,020052.60,0.011,0.004,0.003,40.0312,2.724,1.231,9.596*48
$GNGST,020052.70,0.011,0.004,0.003,39.7739,2.724,1.231,9.596*4D
$GNGST,020052.80,0.011,0.004,0.003,40.4425,2.724,1.231,9.596*41
$GNGST,020052.90,0.011,0.004,0.003,40.6850,2.724,1.231,9.596*4C
$GNGST,020053.00,0.011,0.004,0.003,39.4957,2.724,1.231,9.596*4E
$GNGST,020053.10,0.011,0.004,0.003,39.9733,2.724,1.231,9.596*4E
$GNGST,020053.20,0.011,0.004,0.003,39.9733,2.724,1.231,9.596*4D
$GNGST,020053.30,0.011,0.004,0.003,39.8358,2.724,1.231,9.596*44
$GNGST,020053.40,0.011,0.004,0.003,39.5776,2.724,1.231,9.596*46
$GNGST,020053.50,0.011,0.004,0.003,35.7847,2.724,1.231,9.596*44
$GNGST,020053.60,0.011,0.004,0.003,35.7847,2.724,1.231,9.596*47
$GNGST,020053.70,0.011,0.004,0.003,35.6822,2.724,1.231,9.596*44
$GNGST,020053.80,0.011,0.004,0.003,35.5083,2.724,1.231,9.596*4B
$GNGST,020053.90,0.011,0.004,0.003,35.5083,2.724,1.231,9.596*4A
$GNGST,020054.00,0.011,0.004,0.003,35.7850,2.724,1.231,9.596*40
$GNGST,020054.10,0.011,0.004,0.003,35.7658,2.724,1.231,9.596*47
$GNGST,020054.20,0.011,0.004,0.003,35.8373,2.724,1.231,9.596*47
$GNGST,020054.30,0.011,0.004,0.003,35.7139,2.724,1.231,9.596*45
$GNGST,020054.40,0.011,0.004,0.003,35.8374,2.724,1.231,9.596*46
$GNGST,020054.50,0.011,0.004,0.003,35.6333,2.724,1.231,9.596*4A
$GNGST,020054.60,0.011,0.004,0.003,35.6099,2.724,1.231,9.596*4A
$GNGST,020054.70,0.011,0.004,0.003,35.8463,2.724,1.231,9.596*44
$GNGST,020054.80,0.011,0.004,0.003,35.8463,2.724,1.231,9.596*4B
$GNGST,020054.90,0.011,0.004,0.003,35.6100,2.724,1.231,9.596*44
$GNGST,020055.00,0.011,0.004,0.003,35.4645,2.724,1.231,9.596*48
$GNGST,020055.10,0.011,0.004,0.003,35.6101,2.724,1.231,9.596*4C
$GNGST,020055.20,0.011,0.004,0.003,35.6101,2.724,1.231,9.596*4F
$GNGST,020055.30,0.011,0.004,0.003,35.6101,2.724,1.231,9.596*4E
$GNGST,020055.40,0.011,0.004,0.003,35.7951,2.724,1.231,9.596*45
$GNGST,020055.50,0.011,0.004,0.003,35.9662,2.724,1.231,9.596*45
$GNGST,020055.60,0.011,0.004,0.003,35.3713,2.724,1.231,9.596*4B
$GNGST,020055.70,0.011,0.004,0.003,35.5733,2.724,1.231,9.596*4E
$GNGST,020055.80,0.011,0.004,0.003,35.7321,2.724,1.231,9.596*44
$GNGST,020055.90,0.011,0.004,0.003,35.7321,2.724,1.231,9.596*45
$GNGST,020056.00,0.011,0.004,0.003,35.7321,2.724,1.231,9.596*4F
$GNGST,020056.10,0.011,0.004,0.003,35.7321,2.724,1.231,9.596*4E
$GNGST,020056.20,0.011,0.004,0.003,35.8284,2.724,1.231,9.596*4C
$GNGST,020056.30,0.011,0.004,0.003,35.6859,2.724,1.231,9.596*49
$GNGST,020056.40,0.011,0.004,0.003,35.6860,2.724,1.231,9.596*44
$GNGST,020056.50,0.011,0.004,0.003,35.6860,2.724,1.231,9.596*45
$GNGST,020056.60,0.011,0.004,0.003,35.5218,2.724,1.231,9.596*40
$GNGST,020056.70,0.011,0.004,0.003,35.7284,2.724,1.231,9.596*46
$GNGST,020056.80,0.011,0.004,0.003,35.7283,2.724,1.231,9.596*4E
$GNGST,020056.90,0.011,0.004,0.003,35.6398,2.724,1.231,9.596*45
$GNGST,020057.00,0.011,0.004,0.003,35.8053,2.724,1.231,9.596*47
$GNGST,020057.10,0.011,0.004,0.003,35.7785,2.724,1.231,9.596*45
$GNGST,020057.20,0.011,0.004,0.003,35.7284,2.724,1.231,9.596*42
$GNGST,020057.30,0.011,0.004,0.003,35.7284,2.724,1.231,9.596*43
$GNGST,020057.40,0.011,0.004,0.003,35.7285,2.724,1.231,9.596*45
$GNGST,020057.50,0.011,0.004,0.003,35.5494,2.724,1.231,9.596*40
$GNGST,020057.60,0.011,0.004,0.003,35.5141,2.724,1.231,9.596*4E
$GNGST,020057.70,0.011,0.004,0.003,35.3972,2.724,1.231,9.596*41
$GNGST,020057.80,0.011,0.004,0.003,35.3972,2.724,1.231,9.596*4E
$GNGST,020057.90,0.011,0.004,0.003,35.7847,2.724,1.231,9.596*4C
$GNGST,020058.00,0.011,0.004,0.003,35.5495,2.724,1.231,9.596*4B
$GNGST,020058.10,0.011,0.004,0.003,35.6189,2.724,1.231,9.596*41
$GNGST,020058.20,0.011,0.004,0.003,35.6697,2.724,1.231,9.596*4A
$GNGST,020058.30,0.011,0.004,0.003,35.5681,2.724,1.231,9.596*4F
$GNGST,020058.40,0.011,0.004,0.003,35.5681,2.724,1.231,9.596*48
$GNGST,020058.50,0.011,0.004,0.003,36.1364,2.724,1.231,9.596*40
$GNGST,020058.60,0.011,0.004,0.003,36.1364,2.724,1.231,9.596*43
$GNGST,020058.70,0.011,0.004,0.003,36.1365,2.724,1.231,9.596*43
$GNGST,020058.80,0.011,0.004,0.003,35.8200,2.724,1.231,9.596*44
$GNGST,020058.90,0.011,0.004,0.003,35.9302,2.724,1.231,9.596*47
$GNGST,020059.00,0.011,0.004,0.003,36.0276,2.724,1.231,9.596*47
$GNGST,020059.10,0.011,0.004,0.003,36.0277,2.724,1.231,9.596*47
$GNGST,020059.20,0.011,0.004,0.003,35.7951,2.724,1.231,9.596*4F
$GNGST,020059.30,0.011,0.004,0.003,35.9033,2.724,1.231,9.596*4D
$GNGST,020059.40,0.011,0.004,0.003,35.9545,2.724,1.231,9.596*4E
$GNGST,020059.50,0.011,0.004,0.003,35.6969,2.724,1.231,9.596*42
$GNGST,020059.60,0.011,0.004,0.003,35.6969,2.724,1.231,9.596*41
$GNGST,020059.70,0.011,0.004,0.003,36.0015,2.724,1.231,9.596*47
$GNGST,020059.80,0.011,0.004,0.003,35.9817,2.724,1.231,9.596*48
$GNGST,020059.90,0.011,0.004,0.003,35.8835,2.724,1.231,9.596*48
$GNGST,020100.00,0.011,0.004,0.003,35.8836,2.724,1.231,9.596*4F
$GNGST,020100.10,0.011,0.004,0.003,35.8836,2.724,1.231,9.596*4E
$GNGST,020100.20,0.011,0.004,0.003,35.8836,2.724,1.231,9.596*4D
$GNGST,020100.30,0.011,0.004,0.003,35.9350,2.724,1.231,9.596*46
$GNGST,020100.40,0.011,0.004,0.003,35.8837,2.724,1.231,9.596*4A
$GNGST,020100.50,0.011,0.004,0.003,35.8837,2.724,1.231,9.596*4B
$GNGST,020100.60,0.011,0.004,0.003,35.8837,2.724,1.231,9.596*48
$GNGST,020100.70,0.011,0.004,0.003,36.0956,2.724,1.231,9.596*44
$GNGST,020100.80,0.011,0.004,0.003,36.4958,2.724,1.231,9.596*41
$GNGST,020100.90,0.011,0.004,0.003,36.3647,2.724,1.231,9.596*46
$GNGST,020101.00,0.011,0.004,0.003,36.1608,2.724,1.231,9.596*47
$GNGST,020101.10,0.011,0.004,0.003,36.4960,2.724,1.231,9.596*42
$GNGST,020101.20,0.011,0.004,0.003,36.4960,2.724,1.231,9.596*41
$GNGST,020101.30,0.011,0.004,0.003,36.5433,2.724,1.231,9.596*4A
$GNGST,020101.40,0.011,0.004,0.003,36.4961,2.724,1.231,9.596*46
$GNGST,020101.50,0.011,0.004,0.003,36.1094,2.724,1.231,9.596*41
$GNGST,020101.60,0.011,0.004,0.003,36.2101,2.724,1.231,9.596*4C
$GNGST,020101.70,0.011,0.004,0.003,36.0270,2.724,1.231,9.596*4A
$GNGST,020101.80,0.011,0.004,0.003,37.2167,2.724,1.231,9.596*43
$GNGST,020101.90,0.011,0.004,0.003,36.6478,2.724,1.231,9.596*4C
$GNGST,020102.00,0.011,0.004,0.003,36.6943,2.724,1.231,9.596*43
$GNGST,020102.10,0.011,0.004,0.003,37.2168,2.724,1.231,9.596*46
$GNGST,020102.20,0.011,0.004,0.003,36.6479,2.724,1.231,9.596*45
$GNGST,020102.30,0.011,0.004,0.003,36.5509,2.724,1.231,9.596*41
$GNGST,020102.40,0.011,0.004,0.003,36.5509,2.724,1.231,9.596*46
$GNGST,020102.50,0.011,0.004,0.003,36.3534,2.724,1.231,9.596*4F
$GNGST,020102.60,0.011,0.004,0.003,36.4941,2.724,1.231,9.596*45
$GNGST,020102.70,0.011,0.004,0.003,36.2952,2.724,1.231,9.596*40
$GNGST,020102.80,0.011,0.004,0.003,36.3979,2.724,1.231,9.596*47
$GNGST,020102.90,0.011,0.004,0.003,36.1989,2.724,1.231,9.596*4B
$GNGST,020103.00,0.011,0.004,0.003,36.4943,2.724,1.231,9.596*40
$GNGST,020103.10,0.011,0.004,0.003,36.3981,2.724,1.231,9.596*48
$GNGST,020103.20,0.011,0.004,0.003,36.4239,2.724,1.231,9.596*44
$GNGST,020103.30,0.011,0.004,0.003,36.3982,2.724,1.231,9.596*49
$GNGST,020103.40,0.011,0.004,0.003,36.3538,2.724,1.231,9.596*43
$GNGST,020103.50,0.011,0.004,0.003,36.3539,2.724,1.231,9.596*43
$GNGST,020103.60,0.011,0.004,0.003,36.4241,2.724,1.231,9.596*4F
$GNGST,020103.70,0.011,0.004,0.003,36.5198,2.724,1.231,9.596*48
$GNGST,020103.80,0.011,0.004,0.003,36.3487,2.724,1.231,9.596*4A
$GNGST,020103.90,0.011,0.004,0.003,36.3055,2.724,1.231,9.596*40
$GNGST,020104.00,0.011,0.004,0.003,36.3833,2.724,1.231,9.596*46
$GNGST,020104.10,0.011,0.004,0.003,36.3833,2.724,1.231,9.596*47
$GNGST,020104.20,0.011,0.004,0.003,36.3834,2.724,1.231,9.596*43
$GNGST,020104.30,0.011,0.004,0.003,36.3834,2.724,1.231,9.596*42
$GNGST,020104.40,0.011,0.004,0.003,36.2058,2.724,1.231,9.596*46
$GNGST,020104.50,0.011,0.004,0.003,36.3835,2.724,1.231,9.596*45
$GNGST,020104.60,0.011,0.004,0.003,36.2683,2.724,1.231,9.596*44
$GNGST,020104.70,0.011,0.004,0.003,36.2683,2.724,1.231,9.596*45
$GNGST,020104.80,0.011,0.004,0.003,36.4440,2.724,1.231,9.596*41
$GNGST,020104.90,0.011,0.004,0.003,36.2398,2.724,1.231,9.596*44
$GNGST,020105.00,0.011,0.004,0.003,36.4718,2.724,1.231,9.596*46
$GNGST,020105.10,0.011,0.004,0.003,36.4719,2.724,1.231,9.596*46
$GNGST,020105.20,0.011,0.004,0.003,36.4719,2.724,1.231,9.596*45
$GNGST,020105.30,0.011,0.004,0.003,36.2663,2.724,1.231,9.596*4E
$GNGST,020105.40,0.011,0.004,0.003,36.1637,2.724,1.231,9.596*4B
$GNGST,020105.50,0.011,0.004,0.003,36.5122,2.724,1.231,9.596*4D
$GNGST,020105.60,0.011,0.004,0.003,36.4684,2.724,1.231,9.596*44
$GNGST,020105.70,0.011,0.004,0.003,36.3029,2.724,1.231,9.596*43
$GNGST,020105.80,0.011,0.004,0.003,36.3029,2.724,1.231,9.596*4C
$GNGST,020105.90,0.011,0.004,0.003,36.3030,2.724,1.231,9.596*45
$GNGST,020106.00,0.011,0.004,0.003,36.3030,2.724,1.231,9.596*4F
$GNGST,020106.10,0.011,0.004,0.003,36.5125,2.724,1.231,9.596*4D
$GNGST,020106.20,0.011,0.004,0.003,36.5125,2.724,1.231,9.596*4E
$GNGST,020106.30,0.011,0.004,0.003,36.4687,2.724,1.231,9.596*41
$GNGST,020106.40,0.011,0.004,0.003,36.3530,2.724,1.231,9.596*4E
$GNGST,020106.50,0.011,0.004,0.003,36.5126,2.724,1.231,9.596*4A
$GNGST,020106.60,0.011,0.004,0.003,36.4688,2.724,1.231,9.596*4B
$GNGST,020106.70,0.011,0.004,0.003,36.4688,2.724,1.231,9.596*4A
$GNGST,020106.80,0.011,0.004,0.003,36.6482,2.724,1.231,9.596*4F
$GNGST,020106.90,0.011,0.004,0.003,36.2816,2.724,1.231,9.596*4B
$GNGST,020107.00,0.011,0.004,0.003,36.2817,2.724,1.231,9.596*42
$GNGST,020107.10,0.011,0.004,0.003,36.2354,2.724,1.231,9.596*4F
$GNGST,020107.20,0.011,0.004,0.003,36.2355,2.724,1.231,9.596*4D
$GNGST,020107.30,0.011,0.004,0.003,36.2818,2.724,1.231,9.596*4E
$GNGST,020107.40,0.011,0.004,0.003,36.2818,2.724,1.231,9.596*49
$GNGST,020107.50,0.011,0.004,0.003,36.4662,2.724,1.231,9.596*4D
$GNGST,020107.60,0.011,0.004,0.003,36.2490,2.724,1.231,9.596*47
$GNGST,020107.70,0.011,0.004,0.003,36.4166,2.724,1.231,9.596*4C
$GNGST,020107.80,0.011,0.004,0.003,36.3376,2.724,1.231,9.596*47
$GNGST,020107.90,0.011,0.004,0.003,36.3377,2.724,1.231,9.596*47
$GNGST,020108.00,0.011,0.004,0.003,36.3377,2.724,1.231,9.596*41
$GNGST,020108.10,0.011,0.004,0.003,36.1298,2.724,1.231,9.596*42
$GNGST,020108.20,0.011,0.004,0.003,36.3377,2.724,1.231,9.596*43
$GNGST,020108.30,0.011,0.004,0.003,36.1727,2.724,1.231,9.596*41
$GNGST,020108.40,0.011,0.004,0.003,36.3824,2.724,1.231,9.596*48
$GNGST,020108.50,0.011,0.004,0.003,36.1299,2.724,1.231,9.596*47
$GNGST,020108.60,0.011,0.004,0.003,36.3057,2.724,1.231,9.596*46
$GNGST,020108.70,0.011,0.004,0.003,36.3058,2.724,1.231,9.596*48
$GNGST,020108.80,0.011,0.004,0.003,38.2683,2.724,1.231,9.596*48
$GNGST,020108.90,0.011,0.004,0.003,38.2684,2.724,1.231,9.596*4E
$GNGST,020109.00,0.011,0.004,0.003,38.2685,2.724,1.231,9.596*47
$GNGST,020109.10,0.011,0.004,0.003,38.1347,2.724,1.231,9.596*4E
$GNGST,020109.20,0.011,0.004,0.003,38.1348,2.724,1.231,9.596*42
$GNGST,020109.30,0.011,0.004,0.003,38.2686,2.724,1.231,9.596*47
$GNGST,020109.40,0.011,0.004,0.003,38.2687,2.724,1.231,9.596*41
$GNGST,020109.50,0.011,0.004,0.003,38.1351,2.724,1.231,9.596*4D
$GNGST,020109.60,0.011,0.004,0.003,38.3355,2.724,1.231,9.596*48
$GNGST,020109.70,0.011,0.004,0.003,38.3356,2.724,1.231,9.596*4A
$GNGST,020109.80,0.011,0.004,0.003,38.3357,2.724,1.231,9.596*44
$GNGST,020109.90,0.011,0.004,0.003,39.5051,2.724,1.231,9.596*47
$GNGST,020110.00,0.011,0.004,0.003,39.5052,2.724,1.231,9.596*45
$GNGST,020110.10,0.011,0.004,0.003,39.2855,2.724,1.231,9.596*4C
$GNGST,020110.20,0.011,0.004,0.003,39.2856,2.724,1.231,9.596*4C
$GNGST,020110.30,0.011,0.004,0.003,39.4059,2.724,1.231,9.596*4C
$GNGST,020110.40,0.011,0.004,0.003,39.5055,2.724,1.231,9.596*46
$GNGST,020110.50,0.011,0.004,0.003,34.6415,2.724,1.231,9.596*49
$GNGST,020110.60,0.011,0.004,0.003,34.7284,2.724,1.231,9.596*45
$GNGST,020110.70,0.011,0.004,0.003,34.6415,2.724,1.231,9.596*4B
$GNGST,020110.80,0.011,0.004,0.003,34.7930,2.724,1.231,9.596*4F
$GNGST,020110.90,0.011,0.004,0.003,34.7930,2.724,1.231,9.596*4E
$GNGST,020111.00,0.011,0.004,0.003,34.9448,2.724,1.231,9.596*4A
$GNGST,020111.10,0.011,0.004,0.003,34.7930,2.724,1.231,9.596*47
$GNGST,020111.20,0.011,0.004,0.003,35.1265,2.724,1.231,9.596*48
$GNGST,020111.30,0.011,0.004,0.003,34.7163,2.724,1.231,9.596*4B
$GNGST,020111.40,0.011,0.004,0.003,34.7931,2.724,1.231,9.596*43
$GNGST,020111.50,0.011,0.004,0.003,34.7931,2.724,1.231,9.596*42
$GNGST,020111.60,0.011,0.004,0.003,34.7931,2.724,1.231,9.596*41
$GNGST,020111.70,0.011,0.004,0.003,34.7932,2.724,1.231,9.596*43
$GNGST,020111.80,0.011,0.004,0.003,35.3640,2.724,1.231,9.596*43
$GNGST,020111.90,0.011,0.004,0.003,35.5703,2.724,1.231,9.596*42
$GNGST,020112.00,0.011,0.004,0.003,35.6677,2.724,1.231,9.596*49
$GNGST,020112.10,0.011,0.004,0.003,35.6678,2.724,1.231,9.596*47
$GNGST,020112.20,0.011,0.004,0.003,35.5704,2.724,1.231,9.596*4D
$GNGST,020112.30,0.011,0.004,0.003,35.6678,2.724,1.231,9.596*45
$GNGST,020112.40,0.011,0.004,0.003,35.6678,2.724,1.231,9.596*42
$GNGST,020112.50,0.011,0.004,0.003,35.6153,2.724,1.231,9.596*4D
$GNGST,020112.60,0.011,0.004,0.003,35.5201,2.724,1.231,9.596*49
$GNGST,020112.70,0.011,0.004,0.003,35.4613,2.724,1.231,9.596*4E
$GNGST,020112.80,0.011,0.004,0.003,35.7761,2.724,1.231,9.596*46
$GNGST,020112.90,0.011,0.004,0.003,35.9090,2.724,1.231,9.596*40
$GNGST,020113.00,0.011,0.004,0.003,36.0145,2.724,1.231,9.596*4B
$GNGST,020113.10,0.011,0.004,0.003,35.9091,2.724,1.231,9.596*48
$GNGST,020113.20,0.011,0.004,0.003,35.7295,2.724,1.231,9.596*43
$GNGST,020113.30,0.011,0.004,0.003,35.9092,2.724,1.231,9.596*49
$GNGST,020113.40,0.011,0.004,0.003,35.7296,2.724,1.231,9.596*46
$GNGST,020113.50,0.011,0.004,0.003,35.9093,2.724,1.231,9.596*4E
$GNGST,020113.60,0.011,0.004,0.003,35.6241,2.724,1.231,9.596*4F
$GNGST,020113.70,0.011,0.004,0.003,35.6242,2.724,1.231,9.596*4D
$GNGST,020113.80,0.011,0.004,0.003,36.6902,2.724,1.231,9.596*4E
$GNGST,020113.90,0.011,0.004,0.003,35.7054,2.724,1.231,9.596*47
$GNGST,020114.00,0.011,0.004,0.003,36.2638,2.724,1.231,9.596*43
$GNGST,020114.10,0.011,0.004,0.003,35.7522,2.724,1.231,9.596*4C
$GNGST,020114.20,0.011,0.004,0.003,35.7522,2.724,1.231,9.596*4F
$GNGST,020114.30,0.011,0.004,0.003,35.7055,2.724,1.231,9.596*4B
$GNGST,020114.40,0.011,0.004,0.003,36.1892,2.724,1.231,9.596*4A
$GNGST,020114.50,0.011,0.004,0.003,35.9651,2.724,1.231,9.596*41
$GNGST,020114.60,0.011,0.004,0.003,36.0129,2.724,1.231,9.596*40
$GNGST,020114.70,0.011,0.004,0.003,36.2474,2.724,1.231,9.596*4E
$GNGST,020114.80,0.011,0.004,0.003,36.1437,2.724,1.231,9.596*45
$GNGST,020114.90,0.011,0.004,0.003,36.0718,2.724,1.231,9.596*4B
$GNGST,020115.00,0.011,0.004,0.003,36.2476,2.724,1.231,9.596*4A
$GNGST,020115.10,0.011,0.004,0.003,36.1945,2.724,1.231,9.596*45
$GNGST,020115.20,0.011,0.004,0.003,36.0931,2.724,1.231,9.596*44
$GNGST,020115.30,0.011,0.004,0.003,36.1946,2.724,1.231,9.596*44
$GNGST,020115.40,0.011,0.004,0.003,36.1440,2.724,1.231,9.596*48
$GNGST,020115.50,0.011,0.004,0.003,36.1947,2.724,1.231,9.596*43
$GNGST,020115.60,0.011,0.004,0.003,36.0933,2.724,1.231,9.596*42
$GNGST,020115.70,0.011,0.004,0.003,36.2480,2.724,1.231,9.596*44
$GNGST,020115.80,0.011,0.004,0.003,37.7526,2.724,1.231,9.596*42
$GNGST,020115.90,0.011,0.004,0.003,37.8305,2.724,1.231,9.596*4B
$GNGST,020116.00,0.011,0.004,0.003,37.9226,2.724,1.231,9.596*40
$GNGST,020116.10,0.011,0.004,0.003,37.8126,2.724,1.231,9.596*43
$GNGST,020116.20,0.011,0.004,0.003,37.9682,2.724,1.231,9.596*48
$GNGST,020116.30,0.011,0.004,0.003,37.8130,2.724,1.231,9.596*46
$GNGST,020116.40,0.011,0.004,0.003,37.9409,2.724,1.231,9.596*4F
$GNGST,020116.50,0.011,0.004,0.003,37.9410,2.724,1.231,9.596*46
$GNGST,020116.60,0.011,0.004,0.003,37.9411,2.724,1.231,9.596*44
$GNGST,020116.70,0.011,0.004,0.003,38.8268,2.724,1.231,9.596*43
$GNGST,020116.80,0.011,0.004,0.003,38.6824,2.724,1.231,9.596*40
$GNGST,020116.90,0.011,0.004,0.003,38.5688,2.724,1.231,9.596*4A
$GNGST,020117.00,0.011,0.004,0.003,38.6902,2.724,1.231,9.596*4C
$GNGST,020117.10,0.011,0.004,0.003,38.5689,2.724,1.231,9.596*42
$GNGST,020117.20,0.011,0.004,0.003,38.5690,2.724,1.231,9.596*49
$GNGST,020117.30,0.011,0.004,0.003,38.5690,2.724,1.231,9.596*48
$GNGST,020117.40,0.011,0.004,0.003,36.5868,2.724,1.231,9.596*48
$GNGST,020117.50,0.011,0.004,0.003,38.4395,2.724,1.231,9.596*4F
$GNGST,020117.60,0.011,0.004,0.003,38.1832,2.724,1.231,9.596*4F
$GNGST,020117.70,0.011,0.004,0.003,38.4397,2.724,1.231,9.596*4F
$GNGST,020117.80,0.011,0.004,0.003,39.3436,2.724,1.231,9.596*4A
$GNGST,020117.90,0.011,0.004,0.003,39.3437,2.724,1.231,9.596*4A
$GNGST,020118.00,0.011,0.004,0.003,39.3438,2.724,1.231,9.596*43
$GNGST,020118.10,0.011,0.004,0.003,39.3439,2.724,1.231,9.596*43
$GNGST,020118.20,0.011,0.004,0.003,39.3460,2.724,1.231,9.596*4C
$GNGST,020118.30,0.011,0.004,0.003,39.4888,2.724,1.231,9.596*40
$GNGST,020118.40,0.011,0.004,0.003,39.4889,2.724,1.231,9.596*46
$GNGST,020118.50,0.011,0.004,0.003,39.5775,2.724,1.231,9.596*4A
$GNGST,020118.60,0.011,0.004,0.003,39.5776,2.724,1.231,9.596*4A
$GNGST,020118.70,0.011,0.004,0.003,39.3224,2.724,1.231,9.596*4F
$GNGST,020118.80,0.011,0.004,0.003,39.3072,2.724,1.231,9.596*41
$GNGST,020118.90,0.011,0.004,0.003,39.3072,2.724,1.231,9.596*40
$GNGST,020119.00,0.011,0.004,0.003,39.4044,2.724,1.231,9.596*4A
$GNGST,020119.10,0.011,0.004,0.003,39.4045,2.724,1.231,9.596*4A
$GNGST,020119.20,0.011,0.004,0.003,39.4047,2.724,1.231,9.596*4B
$GNGST,020119.30,0.011,0.004,0.003,39.3197,2.724,1.231,9.596*41
$GNGST,020119.40,0.011,0.004,0.003,39.3077,2.724,1.231,9.596*49
$GNGST,020119.50,0.011,0.004,0.003,39.0374,2.724,1.231,9.596*4B
$GNGST,020119.60,0.011,0.004,0.003,39.0032,2.724,1.231,9.596*49
$GNGST,020119.70,0.011,0.004,0.003,38.8674,2.724,1.231,9.596*45
$GNGST,020119.80,0.011,0.004,0.003,39.3081,2.724,1.231,9.596*4C
$GNGST,020119.90,0.011,0.004,0.003,39.7989,2.724,1.231,9.596*48
$GNGST,020120.00,0.011,0.004,0.003,39.5778,2.724,1.231,9.596*49
$GNGST,020120.10,0.011,0.004,0.003,39.7991,2.724,1.231,9.596*43
$GNGST,020120.20,0.011,0.004,0.003,39.5494,2.724,1.231,9.596*4A
$GNGST,020120.30,0.011,0.004,0.003,39.2085,2.724,1.231,9.596*48
$GNGST,020120.40,0.011,0.004,0.003,39.0705,2.724,1.231,9.596*42
$GNGST,020120.50,0.011,0.004,0.003,39.4180,2.724,1.231,9.596*4C
$GNGST,020120.60,0.011,0.004,0.003,40.5006,2.724,1.231,9.596*4F
$GNGST,020120.70,0.011,0.004,0.003,40.1470,2.724,1.231,9.596*4F
$GNGST,020120.80,0.011,0.004,0.003,39.7343,2.724,1.231,9.596*4F
$GNGST,020120.90,0.011,0.004,0.003,40.5357,2.724,1.231,9.596*47
$GNGST,020121.00,0.011,0.004,0.003,39.9000,2.724,1.231,9.596*4C
$GNGST,020121.10,0.011,0.004,0.003,39.5268,2.724,1.231,9.596*4D
$GNGST,020121.20,0.011,0.004,0.003,40.0915,2.724,1.231,9.596*44
$GNGST,020121.30,0.011,0.004,0.003,40.2235,2.724,1.231,9.596*4E
$GNGST,020121.40,0.011,0.004,0.003,40.1204,2.724,1.231,9.596*48
$GNGST,020121.50,0.011,0.004,0.003,40.2546,2.724,1.231,9.596*4B
$GNGST,020121.60,0.011,0.004,0.003,40.1205,2.724,1.231,9.596*4B
$GNGST,020121.70,0.011,0.004,0.003,40.2238,2.724,1.231,9.596*47
$GNGST,020121.80,0.011,0.004,0.003,39.5908,2.724,1.231,9.596*49
$GNGST,020121.90,0.011,0.004,0.003,39.7634,2.724,1.231,9.596*4A
$GNGST,020122.00,0.011,0.004,0.003,39.7317,2.724,1.231,9.596*44
$GNGST,020122.10,0.011,0.004,0.003,39.8694,2.724,1.231,9.596*44
$GNGST,020122.20,0.011,0.004,0.003,39.9034,2.724,1.231,9.596*4A
$GNGST,020122.30,0.011,0.004,0.003,41.4099,2.724,1.231,9.596*4E
$GNGST,020122.40,0.011,0.004,0.003,39.7321,2.724,1.231,9.596*45
$GNGST,020122.50,0.011,0.004,0.003,39.7897,2.724,1.231,9.596*42
$GNGST,020122.60,0.011,0.004,0.003,39.6183,2.724,1.231,9.596*4C
$GNGST,020122.70,0.011,0.004,0.003,39.7554,2.724,1.231,9.596*42
$GNGST,020122.80,0.011,0.004,0.003,37.7212,2.724,1.231,9.596*46
$GNGST,020122.90,0.011,0.004,0.003,37.6128,2.724,1.231,9.596*4C
$GNGST,020123.00,0.011,0.004,0.003,37.6128,2.724,1.231,9.596*44
$GNGST,020123.10,0.011,0.004,0.003,37.8374,2.724,1.231,9.596*40
$GNGST,020123.20,0.011,0.004,0.003,37.6129,2.724,1.231,9.596*47
$GNGST,020123.30,0.011,0.004,0.003,37.6130,2.724,1.231,9.596*4E
$GNGST,020123.40,0.011,0.004,0.003,37.7923,2.724,1.231,9.596*42
$GNGST,020123.50,0.011,0.004,0.003,37.6131,2.724,1.231,9.596*49
$GNGST,020123.60,0.011,0.004,0.003,37.6132,2.724,1.231,9.596*49
$GNGST,020123.70,0.011,0.004,0.003,38.5728,2.724,1.231,9.596*49
$GNGST,020123.80,0.011,0.004,0.003,38.5729,2.724,1.231,9.596*47
$GNGST,020123.90,0.011,0.004,0.003,38.5005,2.724,1.231,9.596*4F
$GNGST,020124.00,0.011,0.004,0.003,38.4625,2.724,1.231,9.596*44
$GNGST,020124.10,0.011,0.004,0.003,38.4625,2.724,1.231,9.596*45
$GNGST,020124.20,0.011,0.004,0.003,38.4626,2.724,1.231,9.596*45
$GNGST,020124.30,0.011,0.004,0.003,38.4627,2.724,1.231,9.596*45
$GNGST,020124.40,0.011,0.004,0.003,38.4627,2.724,1.231,9.596*42
$GNGST,020124.50,0.011,0.004,0.003,38.4628,2.724,1.231,9.596*4C
$GNGST,020124.60,0.011,0.004,0.003,38.7781,2.724,1.231,9.596*4E
$GNGST,020124.70,0.011,0.004,0.003,38.7682,2.724,1.231,9.596*4D
$GNGST,020124.80,0.011,0.004,0.003,38.6922,2.724,1.231,9.596*46
$GNGST,020124.90,0.011,0.004,0.003,38.6560,2.724,1.231,9.596*4D
$GNGST,020125.00,0.011,0.004,0.003,38.7783,2.724,1.231,9.596*4B
$GNGST,020125.10,0.011,0.004,0.003,38.6562,2.724,1.231,9.596*46
$GNGST,020125.20,0.011,0.004,0.003,38.6562,2.724,1.231,9.596*45
$GNGST,020125.30,0.011,0.004,0.003,38.9032,2.724,1.231,9.596*4B
$GNGST,020125.40,0.011,0.004,0.003,39.0345,2.724,1.231,9.596*47
$GNGST,020125.50,0.011,0.004,0.003,39.0346,2.724,1.231,9.596*45
$GNGST,020125.60,0.011,0.004,0.003,39.0347,2.724,1.231,9.596*47
$GNGST,020125.70,0.010,0.004,0.003,37.7961,2.724,1.231,9.596*40
$GNGST,020125.80,0.010,0.004,0.003,37.7962,2.724,1.231,9.596*4C
$GNGST,020125.90,0.011,0.004,0.003,39.2385,2.724,1.231,9.596*44
$GNGST,020126.00,0.011,0.004,0.003,39.4073,2.724,1.231,9.596*42
$GNGST,020126.10,0.011,0.004,0.003,39.4074,2.724,1.231,9.596*44
$GNGST,020126.20,0.011,0.004,0.003,39.5449,2.724,1.231,9.596*4C
$GNGST,020126.30,0.011,0.004,0.003,39.5450,2.724,1.231,9.596*45
$GNGST,020126.40,0.011,0.004,0.003,39.6478,2.724,1.231,9.596*4B
$GNGST,020126.50,0.011,0.004,0.003,39.4832,2.724,1.231,9.596*4A
$GNGST,020126.60,0.010,0.004,0.003,38.6570,2.724,1.231,9.596*40
$GNGST,020126.70,0.010,0.004,0.003,38.6571,2.724,1.231,9.596*40
$GNGST,020126.80,0.011,0.004,0.003,30.7998,2.724,1.231,9.596*4C
$GNGST,020126.90,0.011,0.004,0.003,30.9940,2.724,1.231,9.596*46
$GNGST,020127.00,0.011,0.004,0.003,30.9662,2.724,1.231,9.596*41
$GNGST,020127.10,0.011,0.004,0.003,31.0047,2.724,1.231,9.596*49
$GNGST,020127.20,0.011,0.004,0.003,31.1621,2.724,1.231,9.596*4D
$GNGST,020127.30,0.011,0.004,0.003,30.9244,2.724,1.231,9.596*42
$GNGST,020127.40,0.011,0.004,0.003,31.0700,2.724,1.231,9.596*48
$GNGST,020127.50,0.011,0.004,0.003,31.2426,2.724,1.231,9.596*4C
$GNGST,020127.60,0.011,0.004,0.003,30.9663,2.724,1.231,9.596*46
$GNGST,020127.70,0.011,0.004,0.003,29.7964,2.724,1.231,9.596*49
$GNGST,020127.80,0.011,0.004,0.003,29.7964,2.724,1.231,9.596*46
$GNGST,020127.90,0.011,0.004,0.003,33.7348,2.724,1.231,9.596*48
$GNGST,020128.00,0.011,0.004,0.003,33.3716,2.724,1.231,9.596*45
$GNGST,020128.10,0.011,0.004,0.003,33.3716,2.724,1.231,9.596*44
$GNGST,020128.20,0.011,0.004,0.003,33.8574,2.724,1.231,9.596*4A
$GNGST,020128.30,0.011,0.004,0.003,33.5358,2.724,1.231,9.596*4E
$GNGST,020128.40,0.011,0.004,0.003,33.7744,2.724,1.231,9.596*42
$GNGST,020128.50,0.011,0.004,0.003,33.5359,2.724,1.231,9.596*49
$GNGST,020128.60,0.011,0.004,0.003,32.7045,2.724,1.231,9.596*47
$GNGST,020128.70,0.011,0.004,0.003,32.7045,2.724,1.231,9.596*46
$GNGST,020128.80,0.011,0.004,0.003,32.7045,2.724,1.231,9.596*49
$GNGST,020128.90,0.011,0.004,0.003,35.2095,2.724,1.231,9.596*47
$GNGST,020129.00,0.011,0.004,0.003,35.5774,2.724,1.231,9.596*40
$GNGST,020129.10,0.011,0.004,0.003,35.0109,2.724,1.231,9.596*48
$GNGST,020129.20,0.011,0.004,0.003,35.2095,2.724,1.231,9.596*4D
$GNGST,020129.30,0.011,0.004,0.003,35.2096,2.724,1.231,9.596*4F
$GNGST,020129.40,0.011,0.004,0.003,35.0110,2.724,1.231,9.596*45
$GNGST,020129.50,0.011,0.004,0.003,35.2096,2.724,1.231,9.596*49
$GNGST,020129.60,0.011,0.004,0.003,35.3959,2.724,1.231,9.596*41
$GNGST,020129.70,0.011,0.004,0.003,35.3959,2.724,1.231,9.596*40
$GNGST,020129.80,0.011,0.004,0.003,33.9293,2.724,1.231,9.596*4E
$GNGST,020129.90,0.011,0.004,0.003,35.0259,2.724,1.231,9.596*46
$GNGST,020130.00,0.011,0.004,0.003,35.0259,2.724,1.231,9.596*47
$GNGST,020130.10,0.011,0.004,0.003,35.1167,2.724,1.231,9.596*49
$GNGST,020130.20,0.011,0.004,0.003,35.6262,2.724,1.231,9.596*4B
$GNGST,020130.30,0.011,0.004,0.003,35.2806,2.724,1.231,9.596*46
$GNGST,020130.40,0.011,0.004,0.003,35.1712,2.724,1.231,9.596*48
$GNGST,020130.50,0.011,0.004,0.003,35.2120,2.724,1.231,9.596*4D
$GNGST,020130.60,0.011,0.004,0.003,35.0260,2.724,1.231,9.596*4B
$GNGST,020130.70,0.011,0.004,0.003,35.1777,2.724,1.231,9.596*48
$GNGST,020130.80,0.011,0.004,0.003,35.5540,2.724,1.231,9.596*45
$GNGST,020130.90,0.011,0.004,0.003,35.5047,2.724,1.231,9.596*46
$GNGST,020131.00,0.011,0.004,0.003,34.6373,2.724,1.231,9.596*48
$GNGST,020131.10,0.011,0.004,0.003,34.8512,2.724,1.231,9.596*46
$GNGST,020131.20,0.011,0.004,0.003,35.5933,2.724,1.231,9.596*46
$GNGST,020131.30,0.011,0.004,0.003,35.6981,2.724,1.231,9.596*4D
$GNGST,020131.40,0.011,0.004,0.003,34.9402,2.724,1.231,9.596*42
$GNGST,020131.50,0.011,0.004,0.003,34.8358,2.724,1.231,9.596*4A
$GNGST,020131.60,0.011,0.004,0.003,34.7898,2.724,1.231,9.596*41
$GNGST,020131.70,0.011,0.004,0.003,34.8513,2.724,1.231,9.596*41
$GNGST,020131.80,0.011,0.004,0.003,36.1446,2.724,1.231,9.596*44
$GNGST,020131.90,0.011,0.004,0.003,36.1447,2.724,1.231,9.596*44
$GNGST,020132.00,0.011,0.004,0.003,35.2970,2.724,1.231,9.596*47
$GNGST,020132.10,0.011,0.004,0.003,35.8275,2.724,1.231,9.596*42
$GNGST,020132.20,0.011,0.004,0.003,35.0937,2.724,1.231,9.596*44
$GNGST,020132.30,0.011,0.004,0.003,35.8275,2.724,1.231,9.596*40
$GNGST,020132.40,0.011,0.004,0.003,35.9291,2.724,1.231,9.596*4C
$GNGST,020132.50,0.011,0.004,0.003,35.9965,2.724,1.231,9.596*4D
$GNGST,020132.60,0.011,0.004,0.003,35.3397,2.724,1.231,9.596*43
$GNGST,020132.70,0.011,0.004,0.003,34.8783,2.724,1.231,9.596*49
$GNGST,020132.80,0.011,0.004,0.003,34.9361,2.724,1.231,9.596*4F
$GNGST,020132.90,0.011,0.004,0.003,34.9403,2.724,1.231,9.596*4D
$GNGST,020133.00,0.011,0.004,0.003,35.9211,2.724,1.231,9.596*41
$GNGST,020133.10,0.011,0.004,0.003,35.8691,2.724,1.231,9.596*4D
$GNGST,020133.20,0.011,0.004,0.003,35.8692,2.724,1.231,9.596*4D
$GNGST,020133.30,0.011,0.004,0.003,34.8938,2.724,1.231,9.596*42
$GNGST,020133.40,0.011,0.004,0.003,35.8693,2.724,1.231,9.596*4A
$GNGST,020133.50,0.011,0.004,0.003,35.9754,2.724,1.231,9.596*40
$GNGST,020133.60,0.011,0.004,0.003,35.8694,2.724,1.231,9.596*4F
$GNGST,020133.70,0.011,0.004,0.003,34.8939,2.724,1.231,9.596*47
$GNGST,020133.80,0.011,0.004,0.003,35.1087,2.724,1.231,9.596*4C
$GNGST,020133.90,0.011,0.004,0.003,34.8163,2.724,1.231,9.596*4E
$GNGST,020134.00,0.011,0.004,0.003,34.8163,2.724,1.231,9.596*40
$GNGST,020134.10,0.011,0.004,0.003,34.7463,2.724,1.231,9.596*4B
$GNGST,020134.20,0.011,0.004,0.003,35.0310,2.724,1.231,9.596*4D
$GNGST,020134.30,0.011,0.004,0.003,35.0310,2.724,1.231,9.596*4C
$GNGST,020134.40,0.011,0.004,0.003,35.1089,2.724,1.231,9.596*49
$GNGST,020134.50,0.011,0.004,0.003,35.2147,2.724,1.231,9.596*48
$GNGST,020134.60,0.011,0.004,0.003,35.2323,2.724,1.231,9.596*4B
$GNGST,020134.70,0.011,0.004,0.003,35.2296,2.724,1.231,9.596*45
$GNGST,020134.80,0.011,0.004,0.003,35.2898,2.724,1.231,9.596*4E
$GNGST,020134.90,0.011,0.004,0.003,36.0710,2.724,1.231,9.596*41
$GNGST,020135.00,0.011,0.004,0.003,35.3190,2.724,1.231,9.596*47
$GNGST,020135.10,0.011,0.004,0.003,35.0391,2.724,1.231,9.596*46
$GNGST,020135.20,0.011,0.004,0.003,34.9309,2.724,1.231,9.596*4C
$GNGST,020135.30,0.011,0.004,0.003,35.8532,2.724,1.231,9.596*43
$GNGST,020135.40,0.011,0.004,0.003,35.0247,2.724,1.231,9.596*49
$GNGST,020135.50,0.011,0.004,0.003,35.8125,2.724,1.231,9.596*47
$GNGST,020135.60,0.011,0.004,0.003,35.2760,2.724,1.231,9.596*49
$GNGST,020135.70,0.011,0.004,0.003,35.2760,2.724,1.231,9.596*48
$GNGST,020135.80,0.011,0.004,0.003,35.1981,2.724,1.231,9.596*45
$GNGST,020135.90,0.011,0.004,0.003,35.0193,2.724,1.231,9.596*4E
$GNGST,020136.00,0.011,0.004,0.003,35.0809,2.724,1.231,9.596*4E
$GNGST,020136.10,0.011,0.004,0.003,34.9750,2.724,1.231,9.596*44
$GNGST,020136.20,0.011,0.004,0.003,35.0504,2.724,1.231,9.596*4C
$GNGST,020136.30,0.011,0.004,0.003,34.9750,2.724,1.231,9.596*46
$GNGST,020136.40,0.011,0.004,0.003,34.9750,2.724,1.231,9.596*41
$GNGST,020136.50,0.011,0.004,0.003,34.8056,2.724,1.231,9.596*40
$GNGST,020136.60,0.011,0.004,0.003,34.6234,2.724,1.231,9.596*4B
$GNGST,020136.70,0.011,0.004,0.003,34.5218,2.724,1.231,9.596*47
$GNGST,020136.80,0.011,0.004,0.003,34.4763,2.724,1.231,9.596*40
$GNGST,020136.90,0.011,0.004,0.003,34.5219,2.724,1.231,9.596*48
$GNGST,020137.00,0.011,0.004,0.003,34.5432,2.724,1.231,9.596*4F
$GNGST,020137.10,0.011,0.004,0.003,34.6122,2.724,1.231,9.596*49
$GNGST,020137.20,0.011,0.004,0.003,34.5433,2.724,1.231,9.596*4C
$GNGST,020137.30,0.011,0.004,0.003,34.5219,2.724,1.231,9.596*43
$GNGST,020137.40,0.011,0.004,0.003,35.6568,2.724,1.231,9.596*47
$GNGST,020137.50,0.011,0.004,0.003,35.4896,2.724,1.231,9.596*48
$GNGST,020137.60,0.011,0.004,0.003,35.4380,2.724,1.231,9.596*47
$GNGST,020137.70,0.011,0.004,0.003,35.6189,2.724,1.231,9.596*4F
$GNGST,020137.80,0.011,0.004,0.003,35.6189,2.724,1.231,9.596*40
$GNGST,020137.90,0.011,0.004,0.003,35.5422,2.724,1.231,9.596*46
$GNGST,020138.00,0.011,0.004,0.003,35.6791,2.724,1.231,9.596*48
$GNGST,020138.10,0.011,0.004,0.003,35.3271,2.724,1.231,9.596*47
$GNGST,020138.20,0.011,0.004,0.003,35.4038,2.724,1.231,9.596*4C
$GNGST,020138.30,0.011,0.004,0.003,35.6190,2.724,1.231,9.596*4C
$GNGST,020138.40,0.011,0.004,0.003,35.2383,2.724,1.231,9.596*4F
$GNGST,020138.50,0.011,0.004,0.003,36.1921,2.724,1.231,9.596*4C
$GNGST,020138.60,0.011,0.004,0.003,35.5423,2.724,1.231,9.596*47
$GNGST,020138.70,0.011,0.004,0.003,35.5423,2.724,1.231,9.596*46
$GNGST,020138.80,0.011,0.004,0.003,35.4039,2.724,1.231,9.596*47
$GNGST,020138.90,0.011,0.004,0.003,36.4223,2.724,1.231,9.596*4C
$GNGST,020139.00,0.011,0.004,0.003,36.8117,2.724,1.231,9.596*4C
$GNGST,020139.10,0.011,0.004,0.003,37.2050,2.724,1.231,9.596*44
$GNGST,020139.20,0.011,0.004,0.003,37.7171,2.724,1.231,9.596*40
$GNGST,020139.30,0.011,0.004,0.003,37.1086,2.724,1.231,9.596*4E
$GNGST,020139.40,0.011,0.004,0.003,36.8670,2.724,1.231,9.596*4E
$GNGST,020139.50,0.011,0.004,0.003,37.6600,2.724,1.231,9.596*47
$GNGST,020139.60,0.011,0.004,0.003,37.7173,2.724,1.231,9.596*46
$GNGST,020139.70,0.010,0.004,0.003,35.4784,2.724,1.231,9.596*49
$GNGST,020139.80,0.010,0.004,0.003,35.4785,2.724,1.231,9.596*47
$GNGST,020139.90,0.011,0.004,0.003,38.6243,2.724,1.231,9.596*47
$GNGST,020140.00,0.011,0.004,0.003,38.5833,2.724,1.231,9.596*4E
$GNGST,020140.10,0.011,0.004,0.003,38.7730,2.724,1.231,9.596*41
$GNGST,020140.20,0.011,0.004,0.003,38.7377,2.724,1.231,9.596*45
$GNGST,020140.30,0.011,0.004,0.003,39.3282,2.724,1.231,9.596*4A
$GNGST,020140.40,0.011,0.004,0.003,38.5686,2.724,1.231,9.596*4A
$GNGST,020140.50,0.011,0.004,0.003,38.7603,2.724,1.231,9.596*44
$GNGST,020140.60,0.010,0.004,0.003,36.1523,2.724,1.231,9.596*4F
$GNGST,020140.70,0.011,0.004,0.003,38.1350,2.724,1.231,9.596*43
$GNGST,020140.80,0.011,0.004,0.003,38.6343,2.724,1.231,9.596*49
$GNGST,020140.90,0.011,0.004,0.003,38.7817,2.724,1.231,9.596*43
$GNGST,020141.00,0.011,0.004,0.003,39.1529,2.724,1.231,9.596*4C
$GNGST,020141.10,0.011,0.004,0.003,38.2398,2.724,1.231,9.596*43
$GNGST,020141.20,0.011,0.004,0.003,39.0277,2.724,1.231,9.596*43
$GNGST,020141.30,0.011,0.004,0.003,38.2399,2.724,1.231,9.596*40
$GNGST,020141.40,0.011,0.004,0.003,38.1280,2.724,1.231,9.596*4D
$GNGST,020141.50,0.011,0.004,0.003,38.4060,2.724,1.231,9.596*45
$GNGST,020141.60,0.011,0.004,0.003,38.4060,2.724,1.231,9.596*46
$GNGST,020141.70,0.011,0.004,0.003,38.2344,2.724,1.231,9.596*44
$GNGST,020141.80,0.011,0.004,0.003,38.2344,2.724,1.231,9.596*4B
$GNGST,020141.90,0.011,0.004,0.003,39.1946,2.724,1.231,9.596*40
$GNGST,020142.00,0.011,0.004,0.003,38.1487,2.724,1.231,9.596*4B
$GNGST,020142.10,0.011,0.004,0.003,38.2346,2.724,1.231,9.596*43
$GNGST,020142.20,0.011,0.004,0.003,38.9028,2.724,1.231,9.596*40
$GNGST,020142.30,0.011,0.004,0.003,38.1158,2.724,1.231,9.596*4F
$GNGST,020142.40,0.011,0.004,0.003,38.2674,2.724,1.231,9.596*42
$GNGST,020142.50,0.010,0.004,0.003,36.5903,2.724,1.231,9.596*44
$GNGST,020142.60,0.010,0.004,0.003,36.5904,2.724,1.231,9.596*40
$GNGST,020142.70,0.010,0.004,0.003,36.5905,2.724,1.231,9.596*40
$GNGST,020142.80,0.010,0.004,0.003,38.6943,2.724,1.231,9.596*40
$GNGST,020142.90,0.010,0.004,0.003,38.5450,2.724,1.231,9.596*4D
$GNGST,020143.00,0.011,0.004,0.003,38.9078,2.724,1.231,9.596*46
$GNGST,020143.10,0.011,0.004,0.003,38.4427,2.724,1.231,9.596*44
$GNGST,020143.20,0.011,0.004,0.003,39.0506,2.724,1.231,9.596*40
$GNGST,020143.30,0.010,0.004,0.003,38.2937,2.724,1.231,9.596*4D
$GNGST,020143.40,0.010,0.004,0.003,38.2938,2.724,1.231,9.596*45
$GNGST,020143.50,0.010,0.004,0.003,38.2938,2.724,1.231,9.596*44
$GNGST,020143.60,0.010,0.004,0.003,36.9733,2.724,1.231,9.596*47
$GNGST,020143.70,0.010,0.004,0.003,36.9733,2.724,1.231,9.596*46
$GNGST,020143.80,0.010,0.004,0.003,38.3848,2.724,1.231,9.596*4E
$GNGST,020143.90,0.011,0.004,0.003,39.3026,2.724,1.231,9.596*4F
$GNGST,020144.00,0.011,0.004,0.003,39.4349,2.724,1.231,9.596*4C
$GNGST,020144.10,0.010,0.004,0.003,38.3595,2.724,1.231,9.596*4D
$GNGST,020144.20,0.011,0.004,0.003,39.1616,2.724,1.231,9.596*44
$GNGST,020144.30,0.011,0.004,0.003,39.4735,2.724,1.231,9.596*40
$GNGST,020144.40,0.011,0.004,0.003,39.5508,2.724,1.231,9.596*4A
$GNGST,020144.50,0.011,0.004,0.003,39.4354,2.724,1.231,9.596*45
$GNGST,020144.60,0.010,0.004,0.003,38.6482,2.724,1.231,9.596*48
$GNGST,020144.70,0.011,0.004,0.003,39.5748,2.724,1.231,9.596*4F
$GNGST,020144.80,0.010,0.004,0.003,38.7484,2.724,1.231,9.596*41
$GNGST,020144.90,0.010,0.004,0.003,38.7220,2.724,1.231,9.596*48
$GNGST,020145.00,0.010,0.004,0.003,38.6160,2.724,1.231,9.596*46
$GNGST,020145.10,0.011,0.004,0.003,39.4960,2.724,1.231,9.596*4D
$GNGST,020145.20,0.010,0.004,0.003,38.7222,2.724,1.231,9.596*40
$GNGST,020145.30,0.010,0.004,0.003,39.1647,2.724,1.231,9.596*41
$GNGST,020145.40,0.010,0.004,0.003,38.7661,2.724,1.231,9.596*45
$GNGST,020145.50,0.010,0.004,0.003,38.6487,2.724,1.231,9.596*4F
$GNGST,020145.60,0.011,0.004,0.003,39.4965,2.724,1.231,9.596*4F
$GNGST,020145.70,0.011,0.004,0.003,39.2224,2.724,1.231,9.596*46
$GNGST,020145.80,0.011,0.004,0.003,38.6724,2.724,1.231,9.596*49
$GNGST,020145.90,0.011,0.004,0.003,38.8055,2.724,1.231,9.596*47
$GNGST,020146.00,0.011,0.004,0.003,38.6861,2.724,1.231,9.596*4C
$GNGST,020146.10,0.011,0.004,0.003,38.6861,2.724,1.231,9.596*4D
$GNGST,020146.20,0.011,0.004,0.003,38.6911,2.724,1.231,9.596*48
$GNGST,020146.30,0.010,0.004,0.003,38.5634,2.724,1.231,9.596*43
$GNGST,020146.40,0.010,0.004,0.003,38.5634,2.724,1.231,9.596*44
$GNGST,020146.50,0.010,0.004,0.003,39.0643,2.724,1.231,9.596*41
$GNGST,020146.60,0.010,0.004,0.003,38.9553,2.724,1.231,9.596*48
$GNGST,020146.70,0.010,0.004,0.003,38.5773,2.724,1.231,9.596*45
$GNGST,020146.80,0.010,0.004,0.003,38.5881,2.724,1.231,9.596*48
$GNGST,020146.90,0.010,0.004,0.003,38.5774,2.724,1.231,9.596*4C
$GNGST,020147.00,0.011,0.004,0.003,39.4307,2.724,1.231,9.596*45
$GNGST,020147.10,0.011,0.004,0.003,39.4308,2.724,1.231,9.596*4B
$GNGST,020147.20,0.010,0.004,0.003,38.4674,2.724,1.231,9.596*46
$GNGST,020147.30,0.010,0.004,0.003,38.5971,2.724,1.231,9.596*4C
$GNGST,020147.40,0.010,0.004,0.003,38.4675,2.724,1.231,9.596*41
$GNGST,020147.50,0.010,0.004,0.003,38.5778,2.724,1.231,9.596*4D
$GNGST,020147.60,0.010,0.004,0.003,38.5973,2.724,1.231,9.596*4B
$GNGST,020147.70,0.011,0.004,0.003,39.0011,2.724,1.231,9.596*42
$GNGST,020147.80,0.011,0.004,0.003,39.8486,2.724,1.231,9.596*4F
$GNGST,020147.90,0.010,0.004,0.003,39.3269,2.724,1.231,9.596*43
$GNGST,020148.00,0.011,0.004,0.003,39.0744,2.724,1.231,9.596*4D
$GNGST,020148.10,0.011,0.004,0.003,38.9585,2.724,1.231,9.596*4B
$GNGST,020148.20,0.010,0.004,0.003,38.8395,2.724,1.231,9.596*4F
$GNGST,020148.30,0.011,0.004,0.003,38.9490,2.724,1.231,9.596*4C
$GNGST,020148.40,0.011,0.004,0.003,38.9587,2.724,1.231,9.596*4C
$GNGST,020148.50,0.011,0.004,0.003,38.9587,2.724,1.231,9.596*4D
$GNGST,020148.60,0.011,0.004,0.003,39.4934,2.724,1.231,9.596*46
$GNGST,020148.70,0.011,0.004,0.003,39.6170,2.724,1.231,9.596*4D
$GNGST,020148.80,0.011,0.004,0.003,39.1772,2.724,1.231,9.596*41
$GNGST,020148.90,0.011,0.004,0.003,38.9120,2.724,1.231,9.596*48
$GNGST,020149.00,0.011,0.004,0.003,39.2081,2.724,1.231,9.596*40
$GNGST,020149.10,0.010,0.004,0.003,39.0032,2.724,1.231,9.596*4A
$GNGST,020149.20,0.010,0.004,0.003,39.2487,2.724,1.231,9.596*41
$GNGST,020149.30,0.010,0.004,0.003,39.5305,2.724,1.231,9.596*4A
$GNGST,020149.40,0.010,0.004,0.003,39.4177,2.724,1.231,9.596*4B
$GNGST,020149.50,0.010,0.004,0.003,39.5307,2.724,1.231,9.596*4E
$GNGST,020149.60,0.010,0.004,0.003,39.5307,2.724,1.231,9.596*4D
$GNGST,020149.70,0.010,0.004,0.003,39.3055,2.724,1.231,9.596*4E
$GNGST,020149.80,0.011,0.004,0.003,35.2297,2.724,1.231,9.596*41
$GNGST,020149.90,0.011,0.004,0.003,36.1621,2.724,1.231,9.596*49
$GNGST,020150.00,0.011,0.004,0.003,35.2298,2.724,1.231,9.596*4E
$GNGST,020150.10,0.011,0.004,0.003,35.0433,2.724,1.231,9.596*4A
$GNGST,020150.20,0.011,0.004,0.003,36.0643,2.724,1.231,9.596*4F
$GNGST,020150.30,0.011,0.004,0.003,36.1392,2.724,1.231,9.596*46
$GNGST,020150.40,0.011,0.004,0.003,36.1392,2.724,1.231,9.596*41
$GNGST,020150.50,0.011,0.004,0.003,35.3309,2.724,1.231,9.596*43
$GNGST,020150.60,0.011,0.004,0.003,38.4613,2.724,1.231,9.596*44
$GNGST,020150.70,0.011,0.004,0.003,37.4984,2.724,1.231,9.596*4B
$GNGST,020150.80,0.011,0.004,0.003,37.4986,2.724,1.231,9.596*46
$GNGST,020150.90,0.011,0.004,0.003,37.6081,2.724,1.231,9.596*4B
$GNGST,020151.00,0.011,0.004,0.003,35.9788,2.724,1.231,9.596*40
$GNGST,020151.10,0.011,0.004,0.003,37.4989,2.724,1.231,9.596*41
$GNGST,020151.20,0.011,0.004,0.003,37.4990,2.724,1.231,9.596*4A
$GNGST,020151.30,0.011,0.004,0.003,37.2789,2.724,1.231,9.596*4B
$GNGST,020151.40,0.011,0.004,0.003,36.2113,2.724,1.231,9.596*48
$GNGST,020151.50,0.011,0.004,0.003,37.4994,2.724,1.231,9.596*49
$GNGST,020151.60,0.011,0.004,0.003,37.4995,2.724,1.231,9.596*4B
$GNGST,020151.70,0.011,0.004,0.003,35.6719,2.724,1.231,9.596*40
$GNGST,020151.80,0.011,0.004,0.003,35.5898,2.724,1.231,9.596*4A
$GNGST,020151.90,0.011,0.004,0.003,36.6285,2.724,1.231,9.596*4D
$GNGST,020152.00,0.011,0.004,0.003,35.5364,2.724,1.231,9.596*49
$GNGST,020152.10,0.011,0.004,0.003,36.5644,2.724,1.231,9.596*4C
$GNGST,020152.20,0.011,0.004,0.003,36.6286,2.724,1.231,9.596*46
$GNGST,020152.30,0.011,0.004,0.003,36.4604,2.724,1.231,9.596*4B
$GNGST,020152.40,0.011,0.004,0.003,36.6287,2.724,1.231,9.596*41
$GNGST,020152.50,0.011,0.004,0.003,37.9432,2.724,1.231,9.596*46
$GNGST,020152.60,0.011,0.004,0.003,37.5107,2.724,1.231,9.596*4A
$GNGST,020152.70,0.011,0.004,0.003,37.6480,2.724,1.231,9.596*42
$GNGST,020152.80,0.011,0.004,0.003,38.6565,2.724,1.231,9.596*48
$GNGST,020152.90,0.011,0.004,0.003,38.5283,2.724,1.231,9.596*45
$GNGST,020153.00,0.011,0.004,0.003,38.6567,2.724,1.231,9.596*43
$GNGST,020153.10,0.011,0.004,0.003,38.6568,2.724,1.231,9.596*4D
$GNGST,020153.20,0.011,0.004,0.003,37.6482,2.724,1.231,9.596*44
$GNGST,020153.30,0.011,0.004,0.003,37.7457,2.724,1.231,9.596*4C
$GNGST,020153.40,0.011,0.004,0.003,39.2693,2.724,1.231,9.596*4A
$GNGST,020153.50,0.011,0.004,0.003,38.5287,2.724,1.231,9.596*4C
$GNGST,020153.60,0.011,0.004,0.003,39.1326,2.724,1.231,9.596*40
$GNGST,020153.70,0.011,0.004,0.003,38.6776,2.724,1.231,9.596*46
$GNGST,020153.80,0.011,0.004,0.003,35.5911,2.724,1.231,9.596*48
$GNGST,020153.90,0.011,0.004,0.003,35.7927,2.724,1.231,9.596*4E
$GNGST,020154.00,0.011,0.004,0.003,35.5738,2.724,1.231,9.596*42
$GNGST,020154.10,0.011,0.004,0.003,35.5912,2.724,1.231,9.596*45
$GNGST,020154.20,0.011,0.004,0.003,35.7928,2.724,1.231,9.596*4D
$GNGST,020154.30,0.011,0.004,0.003,36.8990,2.724,1.231,9.596*43
$GNGST,020154.40,0.011,0.004,0.003,36.5588,2.724,1.231,9.596*4C
$GNGST,020154.50,0.011,0.004,0.003,35.7928,2.724,1.231,9.596*4A
$GNGST,020154.60,0.011,0.004,0.003,36.8364,2.724,1.231,9.596*47
$GNGST,020154.70,0.011,0.004,0.003,36.7944,2.724,1.231,9.596*41
$GNGST,020154.80,0.011,0.004,0.003,35.4760,2.724,1.231,9.596*46
$GNGST,020154.90,0.011,0.004,0.003,35.1679,2.724,1.231,9.596*4B
$GNGST,020155.00,0.011,0.004,0.003,36.3855,2.724,1.231,9.596*42
$GNGST,020155.10,0.011,0.004,0.003,36.1036,2.724,1.231,9.596*4C
$GNGST,020155.20,0.011,0.004,0.003,36.4212,2.724,1.231,9.596*4E
$GNGST,020155.30,0.011,0.004,0.003,35.3840,2.724,1.231,9.596*46
$GNGST,020155.40,0.011,0.004,0.003,36.1807,2.724,1.231,9.596*43
$GNGST,020155.50,0.011,0.004,0.003,35.2963,2.724,1.231,9.596*41
$GNGST,020155.60,0.011,0.004,0.003,36.4214,2.724,1.231,9.596*4C
$GNGST,020155.70,0.011,0.004,0.003,35.4992,2.724,1.231,9.596*4B
$GNGST,020155.80,0.011,0.004,0.003,35.7344,2.724,1.231,9.596*46
$GNGST,020155.90,0.011,0.004,0.003,36.7260,2.724,1.231,9.596*43
$GNGST,020156.00,0.011,0.004,0.003,35.7345,2.724,1.231,9.596*4C
$GNGST,020156.10,0.011,0.004,0.003,36.6161,2.724,1.231,9.596*4B
$GNGST,020156.20,0.011,0.004,0.003,36.7261,2.724,1.231,9.596*4A
$GNGST,020156.30,0.011,0.004,0.003,36.7261,2.724,1.231,9.596*4B
$GNGST,020156.40,0.011,0.004,0.003,36.7262,2.724,1.231,9.596*4F
$GNGST,020156.50,0.011,0.004,0.003,36.6163,2.724,1.231,9.596*4D
$GNGST,020156.60,0.011,0.004,0.003,36.7263,2.724,1.231,9.596*4C
$GNGST,020156.70,0.011,0.004,0.003,36.4498,2.724,1.231,9.596*4C
$GNGST,020156.80,0.011,0.004,0.003,35.5365,2.724,1.231,9.596*44
$GNGST,020156.90,0.011,0.004,0.003,35.2738,2.724,1.231,9.596*4E
$GNGST,020157.00,0.011,0.004,0.003,36.5611,2.724,1.231,9.596*48
$GNGST,020157.10,0.011,0.004,0.003,36.5611,2.724,1.231,9.596*49
$GNGST,020157.20,0.011,0.004,0.003,35.4566,2.724,1.231,9.596*4B
$GNGST,020157.30,0.011,0.004,0.003,35.4567,2.724,1.231,9.596*4B
$GNGST,020157.40,0.011,0.004,0.003,36.2098,2.724,1.231,9.596*4C
$GNGST,020157.50,0.011,0.004,0.003,37.0040,2.724,1.231,9.596*4B
$GNGST,020157.60,0.011,0.004,0.003,37.7379,2.724,1.231,9.596*46
$GNGST,020157.70,0.011,0.004,0.003,36.8997,2.724,1.231,9.596*43
$GNGST,020157.80,0.011,0.004,0.003,37.1261,2.724,1.231,9.596*46
$GNGST,020157.90,0.011,0.004,0.003,36.8998,2.724,1.231,9.596*42
$GNGST,020158.00,0.011,0.004,0.003,38.0037,2.724,1.231,9.596*4E
$GNGST,020158.10,0.011,0.004,0.003,36.8999,2.724,1.231,9.596*44
$GNGST,020158.20,0.011,0.004,0.003,36.9000,2.724,1.231,9.596*4F
$GNGST,020158.30,0.011,0.004,0.003,37.0271,2.724,1.231,9.596*42
$GNGST,020158.40,0.011,0.004,0.003,38.0039,2.724,1.231,9.596*44
$GNGST,020158.50,0.011,0.004,0.003,38.0040,2.724,1.231,9.596*4B
$GNGST,020158.60,0.011,0.004,0.003,38.0041,2.724,1.231,9.596*49
$GNGST,020158.70,0.011,0.004,0.003,34.9977,2.724,1.231,9.596*41
$GNGST,020158.80,0.011,0.004,0.003,34.9977,2.724,1.231,9.596*4E
$GNGST,020158.90,0.011,0.004,0.003,34.7462,2.724,1.231,9.596*48
$GNGST,020159.00,0.011,0.004,0.003,34.9977,2.724,1.231,9.596*47
$GNGST,020159.10,0.011,0.004,0.003,34.9977,2.724,1.231,9.596*46
$GNGST,020159.20,0.011,0.004,0.003,36.0555,2.724,1.231,9.596*42
$GNGST,020159.30,0.011,0.004,0.003,34.9978,2.724,1.231,9.596*4B
$GNGST,020159.40,0.011,0.004,0.003,34.9978,2.724,1.231,9.596*4C
$GNGST,020159.50,0.011,0.004,0.003,34.9978,2.724,1.231,9.596*4D
$GNGST,020159.60,0.011,0.004,0.003,36.0556,2.724,1.231,9.596*45
$GNGST,020159.70,0.011,0.004,0.003,36.0557,2.724,1.231,9.596*45
$GNGST,020159.80,0.011,0.004,0.003,35.9642,2.724,1.231,9.596*47
$GNGST,020159.90,0.011,0.004,0.003,35.9404,2.724,1.231,9.596*46
$GNGST,020200.00,0.011,0.004,0.003,35.9404,2.724,1.231,9.596*40
$GNGST,020200.10,0.011,0.004,0.003,35.9404,2.724,1.231,9.596*41
$GNGST,020200.20,0.011,0.004,0.003,35.9404,2.724,1.231,9.596*42
$GNGST,020200.30,0.011,0.004,0.003,35.9405,2.724,1.231,9.596*42
$GNGST,020200.40,0.011,0.004,0.003,35.9405,2.724,1.231,9.596*45
$GNGST,020200.50,0.011,0.004,0.003,36.2910,2.724,1.231,9.596*45
$GNGST,020200.60,0.011,0.004,0.003,36.2911,2.724,1.231,9.596*47
$GNGST,020200.70,0.011,0.004,0.003,36.1223,2.724,1.231,9.596*4F
$GNGST,020200.80,0.011,0.004,0.003,36.1223,2.724,1.231,9.596*40
$GNGST,020200.90,0.011,0.004,0.003,36.1224,2.724,1.231,9.596*46
$GNGST,020201.00,0.011,0.004,0.003,37.8384,2.724,1.231,9.596*4D
$GNGST,020201.10,0.011,0.004,0.003,36.1224,2.724,1.231,9.596*4F
$GNGST,020201.20,0.011,0.004,0.003,36.1225,2.724,1.231,9.596*4D
$GNGST,020201.30,0.011,0.004,0.003,36.1225,2.724,1.231,9.596*4C
$GNGST,020201.40,0.011,0.004,0.003,36.1225,2.724,1.231,9.596*4B
$GNGST,020201.50,0.011,0.004,0.003,36.2269,2.724,1.231,9.596*41
$GNGST,020201.60,0.011,0.004,0.003,36.1226,2.724,1.231,9.596*4A
$GNGST,020201.70,0.011,0.004,0.003,36.1226,2.724,1.231,9.596*4B
$GNGST,020201.80,0.011,0.004,0.003,36.0996,2.724,1.231,9.596*45
$GNGST,020201.90,0.011,0.004,0.003,37.8715,2.724,1.231,9.596*48
$GNGST,020202.00,0.011,0.004,0.003,37.8716,2.724,1.231,9.596*41
$GNGST,020202.10,0.011,0.004,0.003,37.7765,2.724,1.231,9.596*4B
$GNGST,020202.20,0.011,0.004,0.003,37.5867,2.724,1.231,9.596*47
$GNGST,020202.30,0.011,0.004,0.003,37.7767,2.724,1.231,9.596*4B
$GNGST,020202.40,0.011,0.004,0.003,37.7099,2.724,1.231,9.596*4A
$GNGST,020202.50,0.011,0.004,0.003,39.4553,2.724,1.231,9.596*45
$GNGST,020202.60,0.011,0.004,0.003,39.2895,2.724,1.231,9.596*47
$GNGST,020202.70,0.011,0.004,0.003,39.1591,2.724,1.231,9.596*4C
$GNGST,020202.80,0.011,0.004,0.003,39.1592,2.724,1.231,9.596*40
$GNGST,020202.90,0.011,0.004,0.003,39.1593,2.724,1.231,9.596*40
$GNGST,020203.00,0.011,0.004,0.003,38.8832,2.724,1.231,9.596*46
$GNGST,020203.10,0.011,0.004,0.003,38.8833,2.724,1.231,9.596*46
$GNGST,020203.20,0.011,0.004,0.003,38.8834,2.724,1.231,9.596*42
$GNGST,020203.30,0.011,0.004,0.003,39.1596,2.724,1.231,9.596*4E
$GNGST,020203.40,0.011,0.004,0.003,39.0441,2.724,1.231,9.596*43
$GNGST,020203.50,0.011,0.004,0.003,39.0441,2.724,1.231,9.596*42
$GNGST,020203.60,0.011,0.004,0.003,39.3679,2.724,1.231,9.596*4B
$GNGST,020203.70,0.011,0.004,0.003,39.3680,2.724,1.231,9.596*4C
$GNGST,020203.80,0.011,0.004,0.003,39.4035,2.724,1.231,9.596*4C
$GNGST,020203.90,0.011,0.004,0.003,39.3682,2.724,1.231,9.596*40
$GNGST,020204.00,0.011,0.004,0.003,39.5279,2.724,1.231,9.596*48
$GNGST,020204.10,0.011,0.004,0.003,39.5280,2.724,1.231,9.596*4F
$GNGST,020204.20,0.011,0.004,0.003,39.5397,2.724,1.231,9.596*4B
$GNGST,020204.30,0.011,0.004,0.003,39.5641,2.724,1.231,9.596*44
$GNGST,020204.40,0.011,0.004,0.003,39.5642,2.724,1.231,9.596*40
$GNGST,020204.50,0.011,0.004,0.003,39.5643,2.724,1.231,9.596*40
$GNGST,020204.60,0.011,0.004,0.003,39.5644,2.724,1.231,9.596*44
$GNGST,020204.70,0.011,0.004,0.003,39.4213,2.724,1.231,9.596*42
$GNGST,020204.80,0.011,0.004,0.003,39.7109,2.724,1.231,9.596*46
$GNGST,020204.90,0.011,0.004,0.003,38.9745,2.724,1.231,9.596*46
$GNGST,020205.00,0.011,0.004,0.003,39.1428,2.724,1.231,9.596*4F
$GNGST,020205.10,0.011,0.004,0.003,39.1429,2.724,1.231,9.596*4F
$GNGST,020205.20,0.011,0.004,0.003,39.1430,2.724,1.231,9.596*44
$GNGST,020205.30,0.011,0.004,0.003,39.1430,2.724,1.231,9.596*45
$GNGST,020205.40,0.011,0.004,0.003,39.1431,2.724,1.231,9.596*43
$GNGST,020205.50,0.011,0.004,0.003,39.6692,2.724,1.231,9.596*4E
$GNGST,020205.60,0.011,0.004,0.003,39.8552,2.724,1.231,9.596*4C
$GNGST,020205.70,0.011,0.004,0.003,39.5755,2.724,1.231,9.596*45
$GNGST,020205.80,0.011,0.004,0.003,39.6347,2.724,1.231,9.596*4E
$GNGST,020205.90,0.011,0.004,0.003,39.6695,2.724,1.231,9.596*45
$GNGST,020206.00,0.011,0.004,0.003,39.3807,2.724,1.231,9.596*4F
$GNGST,020206.10,0.011,0.004,0.003,39.5402,2.724,1.231,9.596*41
$GNGST,020206.20,0.011,0.004,0.003,39.5403,2.724,1.231,9.596*43
$GNGST,020206.30,0.011,0.004,0.003,39.5403,2.724,1.231,9.596*42
$GNGST,020206.40,0.011,0.004,0.003,39.2718,2.724,1.231,9.596*4B
$GNGST,020206.50,0.011,0.004,0.003,40.2501,2.724,1.231,9.596*4E
$GNGST,020206.60,0.011,0.004,0.003,39.8231,2.724,1.231,9.596*4D
$GNGST,020206.70,0.011,0.004,0.003,40.2503,2.724,1.231,9.596*4E
$GNGST,020206.80,0.011,0.004,0.003,39.9776,2.724,1.231,9.596*44
$GNGST,020206.90,0.011,0.004,0.003,40.0100,2.724,1.231,9.596*45
$GNGST,020207.00,0.011,0.004,0.003,39.8314,2.724,1.231,9.596*4C
$GNGST,020207.10,0.011,0.004,0.003,39.8315,2.724,1.231,9.596*4C
$GNGST,020207.20,0.011,0.004,0.003,39.8315,2.724,1.231,9.596*4F
$GNGST,020207.30,0.011,0.004,0.003,39.8316,2.724,1.231,9.596*4D
$GNGST,020207.40,0.011,0.004,0.003,39.8317,2.724,1.231,9.596*4B
$GNGST,020207.50,0.011,0.004,0.003,39.8618,2.724,1.231,9.596*40
$GNGST,020207.60,0.011,0.004,0.003,39.8619,2.724,1.231,9.596*42
$GNGST,020207.70,0.011,0.004,0.003,39.8619,2.724,1.231,9.596*43
$GNGST,020207.80,0.011,0.004,0.003,39.6626,2.724,1.231,9.596*4E
$GNGST,020207.90,0.011,0.004,0.003,39.8071,2.724,1.231,9.596*45
$GNGST,020208.00,0.011,0.004,0.003,39.6628,2.724,1.231,9.596*47
$GNGST,020208.10,0.011,0.004,0.003,39.6629,2.724,1.231,9.596*47
$GNGST,020208.20,0.011,0.004,0.003,39.6630,2.724,1.231,9.596*4C
$GNGST,020208.30,0.011,0.004,0.003,39.0853,2.724,1.231,9.596*40
$GNGST,020208.40,0.011,0.004,0.003,39.8148,2.724,1.231,9.596*4C
$GNGST,020208.50,0.011,0.004,0.003,39.0854,2.724,1.231,9.596*41
$GNGST,020208.60,0.011,0.004,0.003,39.0854,2.724,1.231,9.596*42
$GNGST,020208.70,0.011,0.004,0.003,39.9130,2.724,1.231,9.596*41
$GNGST,020208.80,0.010,0.004,0.003,39.5582,2.724,1.231,9.596*4E
$GNGST,020208.90,0.011,0.004,0.003,40.1594,2.724,1.231,9.596*43
$GNGST,020209.00,0.011,0.004,0.003,39.2931,2.724,1.231,9.596*45
$GNGST,020209.10,0.011,0.004,0.003,39.4168,2.724,1.231,9.596*46
$GNGST,020209.20,0.011,0.004,0.003,40.0074,2.724,1.231,9.596*43
$GNGST,020209.30,0.011,0.004,0.003,39.2933,2.724,1.231,9.596*44
$GNGST,020209.40,0.011,0.004,0.003,39.2934,2.724,1.231,9.596*44
$GNGST,020209.50,0.011,0.004,0.003,39.2935,2.724,1.231,9.596*44
$GNGST,020209.60,0.010,0.004,0.003,39.4878,2.724,1.231,9.596*48
$GNGST,020209.70,0.010,0.004,0.003,39.4879,2.724,1.231,9.596*48
$GNGST,020209.80,0.011,0.004,0.003,40.2394,2.724,1.231,9.596*46
$GNGST,020209.90,0.011,0.004,0.003,40.2395,2.724,1.231,9.596*46
$GNGST,020210.00,0.011,0.004,0.003,40.2396,2.724,1.231,9.596*44
$GNGST,020210.10,0.011,0.004,0.003,39.9510,2.724,1.231,9.596*48
$GNGST,020210.20,0.011,0.004,0.003,40.2398,2.724,1.231,9.596*48
$GNGST,020210.30,0.011,0.004,0.003,40.2399,2.724,1.231,9.596*48
$GNGST,020210.40,0.011,0.004,0.003,40.2400,2.724,1.231,9.596*48
$GNGST,020210.50,0.011,0.004,0.003,40.2401,2.724,1.231,9.596*48
$GNGST,020210.60,0.011,0.004,0.003,40.2402,2.724,1.231,9.596*48
$GNGST,020210.70,0.010,0.004,0.003,38.5483,2.724,1.231,9.596*49
$GNGST,020210.80,0.010,0.004,0.003,39.8379,2.724,1.231,9.596*48
$GNGST,020210.90,0.010,0.004,0.003,39.7105,2.724,1.231,9.596*4F
$GNGST,020211.00,0.010,0.004,0.003,39.7106,2.724,1.231,9.596*44
$GNGST,020211.10,0.010,0.004,0.003,39.7106,2.724,1.231,9.596*45
$GNGST,020211.20,0.011,0.004,0.003,41.3546,2.724,1.231,9.596*4C
$GNGST,020211.30,0.010,0.004,0.003,39.7108,2.724,1.231,9.596*49
$GNGST,020211.40,0.010,0.004,0.003,39.7108,2.724,1.231,9.596*4E
$GNGST,020211.50,0.010,0.004,0.003,38.7519,2.724,1.231,9.596*4A
$GNGST,020211.60,0.011,0.004,0.003,35.2993,2.724,1.231,9.596*4E
$GNGST,020211.70,0.011,0.004,0.003,35.4606,2.724,1.231,9.596*4A
$GNGST,020211.80,0.011,0.004,0.003,35.0752,2.724,1.231,9.596*41
$GNGST,020211.90,0.011,0.004,0.003,35.4607,2.724,1.231,9.596*45
$GNGST,020212.00,0.011,0.004,0.003,35.4607,2.724,1.231,9.596*4F
$GNGST,020212.10,0.011,0.004,0.003,35.4608,2.724,1.231,9.596*41
$GNGST,020212.20,0.011,0.004,0.003,35.4608,2.724,1.231,9.596*42
$GNGST,020212.30,0.011,0.004,0.003,35.4608,2.724,1.231,9.596*43
$GNGST,020212.40,0.010,0.004,0.003,33.8860,2.724,1.231,9.596*4F
$GNGST,020212.50,0.011,0.004,0.003,35.3254,2.724,1.231,9.596*4F
$GNGST,020212.60,0.011,0.004,0.003,35.1206,2.724,1.231,9.596*49
$GNGST,020212.70,0.011,0.004,0.003,36.1761,2.724,1.231,9.596*4F
$GNGST,020212.80,0.011,0.004,0.003,35.9608,2.724,1.231,9.596*45
$GNGST,020212.90,0.011,0.004,0.003,36.1761,2.724,1.231,9.596*41
$GNGST,020213.00,0.011,0.004,0.003,36.4430,2.724,1.231,9.596*4B
$GNGST,020213.10,0.011,0.004,0.003,36.1762,2.724,1.231,9.596*4B
$GNGST,020213.20,0.011,0.004,0.003,36.1762,2.724,1.231,9.596*48
$GNGST,020213.30,0.011,0.004,0.003,35.3255,2.724,1.231,9.596*49
$GNGST,020213.40,0.011,0.004,0.003,36.3874,2.724,1.231,9.596*44
$GNGST,020213.50,0.011,0.004,0.003,33.9283,2.724,1.231,9.596*48
$GNGST,020213.60,0.011,0.004,0.003,33.9283,2.724,1.231,9.596*4B
$GNGST,020213.70,0.011,0.004,0.003,33.9283,2.724,1.231,9.596*4A
$GNGST,020213.80,0.011,0.004,0.003,37.4205,2.724,1.231,9.596*42
$GNGST,020213.90,0.011,0.004,0.003,38.2035,2.724,1.231,9.596*4B
$GNGST,020214.00,0.011,0.004,0.003,38.2035,2.724,1.231,9.596*45
$GNGST,020214.10,0.011,0.004,0.003,38.2036,2.724,1.231,9.596*47
$GNGST,020214.20,0.011,0.004,0.003,38.2473,2.724,1.231,9.596*41
$GNGST,020214.30,0.011,0.004,0.003,37.4206,2.724,1.231,9.596*4D
$GNGST,020214.40,0.011,0.004,0.003,38.2609,2.724,1.231,9.596*48
$GNGST,020214.50,0.011,0.004,0.003,38.1705,2.724,1.231,9.596*47
$GNGST,020214.60,0.011,0.004,0.003,38.8240,2.724,1.231,9.596*49
$GNGST,020214.70,0.011,0.004,0.003,38.9587,2.724,1.231,9.596*45
$GNGST,020214.80,0.011,0.004,0.003,38.1706,2.724,1.231,9.596*49
$GNGST,020214.90,0.011,0.004,0.003,38.0633,2.724,1.231,9.596*4E
$GNGST,020215.00,0.011,0.004,0.003,38.1707,2.724,1.231,9.596*41
$GNGST,020215.10,0.011,0.004,0.003,38.8243,2.724,1.231,9.596*4C
$GNGST,020215.20,0.011,0.004,0.003,38.0634,2.724,1.231,9.596*43
$GNGST,020215.30,0.011,0.004,0.003,38.8653,2.724,1.231,9.596*4B
$GNGST,020215.40,0.011,0.004,0.003,38.8503,2.724,1.231,9.596*4A
$GNGST,020215.50,0.011,0.004,0.003,38.1999,2.724,1.231,9.596*4D
$GNGST,020215.60,0.011,0.004,0.003,35.2637,2.724,1.231,9.596*4B
$GNGST,020215.70,0.011,0.004,0.003,36.1335,2.724,1.231,9.596*4D
$GNGST,020215.80,0.011,0.004,0.003,36.0036,2.724,1.231,9.596*43
$GNGST,020215.90,0.011,0.004,0.003,35.9043,2.724,1.231,9.596*4A
$GNGST,020216.00,0.011,0.004,0.003,35.9043,2.724,1.231,9.596*40
$GNGST,020216.10,0.011,0.004,0.003,35.9043,2.724,1.231,9.596*41
$GNGST,020216.20,0.011,0.004,0.003,35.9043,2.724,1.231,9.596*42
$GNGST,020216.30,0.011,0.004,0.003,35.2638,2.724,1.231,9.596*42
$GNGST,020216.40,0.011,0.004,0.003,35.9588,2.724,1.231,9.596*46
$GNGST,020216.50,0.011,0.004,0.003,35.0760,2.724,1.231,9.596*4A
$GNGST,020216.60,0.011,0.004,0.003,35.8915,2.724,1.231,9.596*4D
$GNGST,020216.70,0.011,0.004,0.003,35.0817,2.724,1.231,9.596*47
$GNGST,020216.80,0.011,0.004,0.003,35.0817,2.724,1.231,9.596*48
$GNGST,020216.90,0.011,0.004,0.003,35.2721,2.724,1.231,9.596*41
$GNGST,020217.00,0.011,0.004,0.003,35.2901,2.724,1.231,9.596*45
$GNGST,020217.10,0.011,0.004,0.003,36.2935,2.724,1.231,9.596*40
$GNGST,020217.20,0.011,0.004,0.003,34.9758,2.724,1.231,9.596*4F
$GNGST,020217.30,0.011,0.004,0.003,34.7492,2.724,1.231,9.596*45
$GNGST,020217.40,0.011,0.004,0.003,34.7492,2.724,1.231,9.596*42
$GNGST,020217.50,0.011,0.004,0.003,35.2010,2.724,1.231,9.596*49
$GNGST,020217.60,0.011,0.004,0.003,34.9120,2.724,1.231,9.596*42
$GNGST,020217.70,0.011,0.004,0.003,34.9120,2.724,1.231,9.596*43
$GNGST,020217.80,0.011,0.004,0.003,34.6925,2.724,1.231,9.596*4E
$GNGST,020217.90,0.011,0.004,0.003,35.9078,2.724,1.231,9.596*40
$GNGST,020218.00,0.011,0.004,0.003,35.0573,2.724,1.231,9.596*41
$GNGST,020218.10,0.011,0.004,0.003,35.0573,2.724,1.231,9.596*40
$GNGST,020218.20,0.011,0.004,0.003,35.5597,2.724,1.231,9.596*4C
$GNGST,020218.30,0.011,0.004,0.003,35.9596,2.724,1.231,9.596*40
$GNGST,020218.40,0.011,0.004,0.003,34.6925,2.724,1.231,9.596*4D
$GNGST,020218.50,0.011,0.004,0.003,35.0573,2.724,1.231,9.596*44
$GNGST,020218.60,0.011,0.004,0.003,35.9597,2.724,1.231,9.596*44
$GNGST,020218.70,0.011,0.004,0.003,35.2707,2.724,1.231,9.596*45
$GNGST,020218.80,0.011,0.004,0.003,35.4472,2.724,1.231,9.596*4D
$GNGST,020218.90,0.011,0.004,0.003,36.4367,2.724,1.231,9.596*4C
$GNGST,020219.00,0.011,0.004,0.003,36.1877,2.724,1.231,9.596*4B
$GNGST,020219.10,0.011,0.004,0.003,36.1877,2.724,1.231,9.596*4A
$GNGST,020219.20,0.011,0.004,0.003,35.5951,2.724,1.231,9.596*4B
$GNGST,020219.30,0.011,0.004,0.003,36.1878,2.724,1.231,9.596*47
$GNGST,020219.40,0.011,0.004,0.003,36.1553,2.724,1.231,9.596*44
$GNGST,020219.50,0.011,0.004,0.003,36.1879,2.724,1.231,9.596*40
$GNGST,020219.60,0.011,0.004,0.003,36.1879,2.724,1.231,9.596*43
$GNGST,020219.70,0.011,0.004,0.003,36.3445,2.724,1.231,9.596*43
$GNGST,020219.80,0.010,0.004,0.003,36.8389,2.724,1.231,9.596*41
$GNGST,020219.90,0.010,0.004,0.003,36.8390,2.724,1.231,9.596*48
$GNGST,020220.00,0.010,0.004,0.003,36.6700,2.724,1.231,9.596*48
$GNGST,020220.10,0.010,0.004,0.003,36.4985,2.724,1.231,9.596*48
$GNGST,020220.20,0.010,0.004,0.003,36.4985,2.724,1.231,9.596*4B
$GNGST,020220.30,0.010,0.004,0.003,36.3554,2.724,1.231,9.596*4D
$GNGST,020220.40,0.010,0.004,0.003,36.7090,2.724,1.231,9.596*43
$GNGST,020220.50,0.010,0.004,0.003,37.5825,2.724,1.231,9.596*47
$GNGST,020220.60,0.009,0.003,0.003,38.4964,2.724,1.231,9.596*41
$GNGST,020220.70,0.009,0.003,0.003,38.4265,2.724,1.231,9.596*4A
$GNGST,020220.80,0.009,0.003,0.003,37.3631,2.724,1.231,9.596*48
$GNGST,020220.90,0.009,0.003,0.003,38.6018,2.724,1.231,9.596*4E
$GNGST,020221.00,0.009,0.003,0.003,37.9796,2.724,1.231,9.596*47
$GNGST,020221.10,0.009,0.003,0.003,37.5784,2.724,1.231,9.596*49
$GNGST,020221.20,0.009,0.003,0.003,38.1472,2.724,1.231,9.596*4B
$GNGST,020221.30,0.009,0.003,0.003,38.1473,2.724,1.231,9.596*4B
$GNGST,020221.40,0.009,0.003,0.003,39.0992,2.724,1.231,9.596*4E
$GNGST,020221.50,0.009,0.003,0.003,38.3035,2.724,1.231,9.596*49
$GNGST,020221.60,0.009,0.003,0.003,38.0557,2.724,1.231,9.596*48
$GNGST,020221.70,0.009,0.003,0.003,37.8020,2.724,1.231,9.596*4B
$GNGST,020221.80,0.009,0.003,0.003,39.2878,2.724,1.231,9.596*45
$GNGST,020221.90,0.009,0.003,0.003,37.9934,2.724,1.231,9.596*48
$GNGST,020222.00,0.009,0.003,0.003,38.2089,2.724,1.231,9.596*49
$GNGST,020222.10,0.009,0.003,0.003,38.9236,2.724,1.231,9.596*45
$GNGST,020222.20,0.009,0.003,0.003,38.6125,2.724,1.231,9.596*48
$GNGST,020222.30,0.009,0.003,0.003,38.8627,2.724,1.231,9.596*42
$GNGST,020222.40,0.009,0.003,0.003,37.4998,2.724,1.231,9.596*4D
$GNGST,020222.50,0.008,0.003,0.002,39.2401,2.724,1.231,9.596*49
$GNGST,020222.60,0.009,0.003,0.003,38.4180,2.724,1.231,9.596*41
$GNGST,020222.70,0.009,0.003,0.003,39.5123,2.724,1.231,9.596*49
$GNGST,020222.80,0.008,0.003,0.003,38.2960,2.724,1.231,9.596*4E
$GNGST,020222.90,0.009,0.003,0.003,39.8140,2.724,1.231,9.596*4F
$GNGST,020223.00,0.009,0.003,0.003,39.9321,2.724,1.231,9.596*43
$GNGST,020223.10,0.009,0.003,0.003,38.4078,2.724,1.231,9.596*41
$GNGST,020223.20,0.009,0.003,0.003,38.8535,2.724,1.231,9.596*42
$GNGST,020223.30,0.009,0.003,0.003,37.9708,2.724,1.231,9.596*41
$GNGST,020223.40,0.009,0.003,0.003,37.9709,2.724,1.231,9.596*47
$GNGST,020223.50,0.009,0.003,0.003,38.9791,2.724,1.231,9.596*48
$GNGST,020223.60,0.009,0.003,0.003,39.4830,2.724,1.231,9.596*43
$GNGST,020223.70,0.009,0.003,0.003,37.9713,2.724,1.231,9.596*4F
$GNGST,020223.80,0.008,0.003,0.002,39.6142,2.724,1.231,9.596*43
$GNGST,020223.90,0.008,0.003,0.002,39.5416,2.724,1.231,9.596*45
$GNGST,020224.00,0.008,0.003,0.002,39.5417,2.724,1.231,9.596*4A
$GNGST,020224.10,0.009,0.003,0.003,39.1626,2.724,1.231,9.596*4F
$GNGST,020224.20,0.009,0.003,0.003,40.6763,2.724,1.231,9.596*45
$GNGST,020224.30,0.008,0.003,0.002,39.5420,2.724,1.231,9.596*4D
$GNGST,020224.40,0.008,0.003,0.002,39.5421,2.724,1.231,9.596*4B
$GNGST,020224.50,0.008,0.003,0.002,39.5422,2.724,1.231,9.596*49
$GNGST,020224.60,0.008,0.003,0.002,39.5423,2.724,1.231,9.596*4B
$GNGST,020224.70,0.009,0.003,0.003,40.6770,2.724,1.231,9.596*42
$GNGST,020224.80,0.008,0.003,0.002,40.3529,2.724,1.231,9.596*46
$GNGST,020224.90,0.008,0.003,0.002,40.1370,2.724,1.231,9.596*4F
$GNGST,020225.00,0.008,0.003,0.002,40.2052,2.724,1.231,9.596*47
$GNGST,020225.10,0.008,0.003,0.002,39.7410,2.724,1.231,9.596*4F
$GNGST,020225.20,0.008,0.003,0.002,39.3399,2.724,1.231,9.596*4E
$GNGST,020225.30,0.008,0.003,0.002,39.2709,2.724,1.231,9.596*43
$GNGST,020225.40,0.008,0.003,0.002,39.3402,2.724,1.231,9.596*4D
$GNGST,020225.50,0.008,0.003,0.002,39.6850,2.724,1.231,9.596*42
$GNGST,020225.60,0.008,0.003,0.002,40.7640,2.724,1.231,9.596*41
$GNGST,020225.70,0.008,0.003,0.002,40.7641,2.724,1.231,9.596*41
$GNGST,020225.80,0.008,0.003,0.002,40.4335,2.724,1.231,9.596*4B
$GNGST,020225.90,0.008,0.003,0.002,40.4337,2.724,1.231,9.596*48
$GNGST,020226.00,0.008,0.003,0.002,40.4996,2.724,1.231,9.596*43
$GNGST,020226.10,0.008,0.003,0.002,40.4339,2.724,1.231,9.596*4D
$GNGST,020226.20,0.008,0.003,0.002,40.4341,2.724,1.231,9.596*41
$GNGST,020226.30,0.008,0.003,0.002,41.4893,2.724,1.231,9.596*45
$GNGST,020226.40,0.008,0.003,0.002,40.5002,2.724,1.231,9.596*42
$GNGST,020226.50,0.008,0.003,0.002,40.4345,2.724,1.231,9.596*42
$GNGST,020226.60,0.008,0.003,0.002,41.4898,2.724,1.231,9.596*4B
$GNGST,020226.70,0.008,0.003,0.002,40.4347,2.724,1.231,9.596*42
$GNGST,020226.80,0.008,0.003,0.002,40.4349,2.724,1.231,9.596*43
$GNGST,020226.90,0.008,0.003,0.002,40.7578,2.724,1.231,9.596*45
$GNGST,020227.00,0.008,0.003,0.002,40.7580,2.724,1.231,9.596*4A
$GNGST,020227.10,0.008,0.003,0.002,41.7787,2.724,1.231,9.596*4F
$GNGST,020227.20,0.008,0.003,0.002,40.6947,2.724,1.231,9.596*4E
$GNGST,020227.30,0.008,0.003,0.002,41.7791,2.724,1.231,9.596*4A
$GNGST,020227.40,0.008,0.003,0.002,40.7585,2.724,1.231,9.596*4B
$GNGST,020227.50,0.008,0.003,0.002,41.7794,2.724,1.231,9.596*49
$GNGST,020227.60,0.008,0.003,0.002,41.2092,2.724,1.231,9.596*4E
$GNGST,020227.70,0.008,0.003,0.002,41.9434,2.724,1.231,9.596*4C
$GNGST,020227.80,0.008,0.003,0.002,41.9944,2.724,1.231,9.596*49
$GNGST,020227.90,0.008,0.003,0.002,40.9389,2.724,1.231,9.596*42
$GNGST,020228.00,0.008,0.003,0.002,40.8771,2.724,1.231,9.596*46
$GNGST,020228.10,0.008,0.003,0.002,41.8922,2.724,1.231,9.596*4E
$GNGST,020228.20,0.008,0.003,0.002,43.8216,2.724,1.231,9.596*43
$GNGST,020228.30,0.008,0.003,0.002,42.2108,2.724,1.231,9.596*45
$GNGST,020228.40,0.008,0.003,0.002,44.6579,2.724,1.231,9.596*42
$GNGST,020228.50,0.008,0.003,0.002,41.8929,2.724,1.231,9.596*41
$GNGST,020228.60,0.008,0.003,0.002,42.5023,2.724,1.231,9.596*4F
$GNGST,020228.70,0.008,0.003,0.002,42.4584,2.724,1.231,9.596*47
$GNGST,020228.80,0.008,0.003,0.002,41.2645,2.724,1.231,9.596*43
$GNGST,020228.90,0.008,0.003,0.002,41.4486,2.724,1.231,9.596*49
$GNGST,020229.00,0.008,0.003,0.002,41.2648,2.724,1.231,9.596*47
$GNGST,020229.10,0.008,0.003,0.002,41.2649,2.724,1.231,9.596*47
$GNGST,020229.20,0.008,0.003,0.002,41.8835,2.724,1.231,9.596*4B
$GNGST,020229.30,0.008,0.003,0.002,41.7030,2.724,1.231,9.596*48
$GNGST,020229.40,0.008,0.003,0.002,42.1785,2.724,1.231,9.596*43
$GNGST,020229.50,0.008,0.003,0.002,42.7429,2.724,1.231,9.596*41
$GNGST,020229.60,0.008,0.003,0.002,42.1788,2.724,1.231,9.596*4C
$GNGST,020229.70,0.008,0.003,0.002,42.7432,2.724,1.231,9.596*49
$GNGST,020229.80,0.008,0.003,0.002,41.4145,2.724,1.231,9.596*43
$GNGST,020229.90,0.008,0.003,0.002,41.8802,2.724,1.231,9.596*44
$GNGST,020230.00,0.008,0.003,0.002,41.8804,2.724,1.231,9.596*43
$GNGST,020230.10,0.008,0.003,0.002,42.3136,2.724,1.231,9.596*42
$GNGST,020230.20,0.008,0.003,0.002,42.3138,2.724,1.231,9.596*4F
$GNGST,020230.30,0.008,0.003,0.002,41.3589,2.724,1.231,9.596*43
$GNGST,020230.40,0.008,0.003,0.002,42.3604,2.724,1.231,9.596*41
$GNGST,020230.50,0.008,0.003,0.002,40.8752,2.724,1.231,9.596*4B
$GNGST,020230.60,0.008,0.003,0.002,42.1008,2.724,1.231,9.596*4B
$GNGST,020230.70,0.008,0.003,0.002,41.8680,2.724,1.231,9.596*46
$GNGST,020230.80,0.008,0.003,0.002,41.8681,2.724,1.231,9.596*48
$GNGST,020230.90,0.008,0.003,0.002,41.8683,2.724,1.231,9.596*4B
$GNGST,020231.00,0.008,0.003,0.002,40.8159,2.724,1.231,9.596*42
$GNGST,020231.10,0.008,0.003,0.002,41.8686,2.724,1.231,9.596*47
$GNGST,020231.20,0.008,0.003,0.002,42.4369,2.724,1.231,9.596*4F
$GNGST,020231.30,0.008,0.003,0.002,41.8689,2.724,1.231,9.596*4A
$GNGST,020231.40,0.008,0.003,0.002,41.8690,2.724,1.231,9.596*45
$GNGST,020231.50,0.008,0.003,0.002,42.4375,2.724,1.231,9.596*45
$GNGST,020231.60,0.008,0.003,0.002,41.8693,2.724,1.231,9.596*44
$GNGST,020231.70,0.008,0.003,0.002,42.0544,2.724,1.231,9.596*47
$GNGST,020231.80,0.008,0.003,0.002,42.5409,2.724,1.231,9.596*45
$GNGST,020231.90,0.008,0.003,0.002,41.6147,2.724,1.231,9.596*4B
$GNGST,020232.00,0.008,0.003,0.002,42.5847,2.724,1.231,9.596*48
$GNGST,020232.10,0.008,0.003,0.002,42.5849,2.724,1.231,9.596*47
$GNGST,020232.20,0.008,0.003,0.002,42.5851,2.724,1.231,9.596*4D
$GNGST,020232.30,0.008,0.003,0.002,41.7962,2.724,1.231,9.596*4C
$GNGST,020232.40,0.008,0.003,0.002,37.5976,2.724,1.231,9.596*4D
$GNGST,020232.50,0.008,0.003,0.002,41.9886,2.724,1.231,9.596*4F
$GNGST,020232.60,0.008,0.003,0.002,42.5401,2.724,1.231,9.596*40
$GNGST,020232.70,0.008,0.003,0.002,42.4962,2.724,1.231,9.596*48
$GNGST,020232.80,0.008,0.003,0.002,42.2704,2.724,1.231,9.596*4F
$GNGST,020232.90,0.008,0.003,0.002,42.2706,2.724,1.231,9.596*4C
$GNGST,020233.00,0.008,0.003,0.002,42.2708,2.724,1.231,9.596*4A
$GNGST,020233.10,0.008,0.003,0.002,42.2710,2.724,1.231,9.596*42
$GNGST,020233.20,0.008,0.003,0.002,42.2712,2.724,1.231,9.596*43
$GNGST,020233.30,0.008,0.003,0.002,41.6572,2.724,1.231,9.596*41
$GNGST,020233.40,0.008,0.003,0.002,42.2716,2.724,1.231,9.596*41
$GNGST,020233.50,0.008,0.003,0.002,42.2718,2.724,1.231,9.596*4E
$GNGST,020233.60,0.008,0.003,0.002,42.0882,2.724,1.231,9.596*43
$GNGST,020233.70,0.008,0.003,0.002,42.3425,2.724,1.231,9.596*40
$GNGST,020233.80,0.008,0.003,0.002,42.3427,2.724,1.231,9.596*4D
$GNGST,020233.90,0.008,0.003,0.002,42.0888,2.724,1.231,9.596*46
$GNGST,020234.00,0.008,0.003,0.002,41.7032,2.724,1.231,9.596*45
$GNGST,020234.10,0.008,0.003,0.002,42.0892,2.724,1.231,9.596*42
$GNGST,020234.20,0.008,0.003,0.002,42.7001,2.724,1.231,9.596*44
$GNGST,020234.30,0.008,0.003,0.002,43.2128,2.724,1.231,9.596*4B
$GNGST,020234.40,0.008,0.003,0.002,41.7039,2.724,1.231,9.596*4A
$GNGST,020234.50,0.008,0.003,0.002,42.6788,2.724,1.231,9.596*44
$GNGST,020234.60,0.008,0.003,0.002,43.2136,2.724,1.231,9.596*41
$GNGST,020234.70,0.008,0.003,0.002,42.0905,2.724,1.231,9.596*4B
$GNGST,020234.80,0.008,0.003,0.002,42.0907,2.724,1.231,9.596*46
$GNGST,020234.90,0.008,0.003,0.002,42.1498,2.724,1.231,9.596*4D
$GNGST,020235.00,0.008,0.003,0.002,42.9881,2.724,1.231,9.596*49
$GNGST,020235.10,0.008,0.003,0.002,42.9884,2.724,1.231,9.596*4D
$GNGST,020235.20,0.008,0.003,0.002,42.1537,2.724,1.231,9.596*43
$GNGST,020235.30,0.008,0.003,0.002,42.1539,2.724,1.231,9.596*4C
$GNGST,020235.40,0.008,0.003,0.002,42.1541,2.724,1.231,9.596*44
$GNGST,020235.50,0.008,0.003,0.002,42.4696,2.724,1.231,9.596*49
$GNGST,020235.60,0.008,0.003,0.002,42.4698,2.724,1.231,9.596*44
$GNGST,020235.70,0.008,0.003,0.002,42.4700,2.724,1.231,9.596*45
$GNGST,020235.80,0.008,0.003,0.002,42.4703,2.724,1.231,9.596*49
$GNGST,020235.90,0.008,0.003,0.002,42.4705,2.724,1.231,9.596*4E
$GNGST,020236.00,0.008,0.003,0.002,42.0897,2.724,1.231,9.596*44
$GNGST,020236.10,0.008,0.003,0.002,42.4709,2.724,1.231,9.596*49
$GNGST,020236.20,0.008,0.003,0.002,42.4712,2.724,1.231,9.596*40
$GNGST,020236.30,0.008,0.003,0.002,42.4714,2.724,1.231,9.596*47
$GNGST,020236.40,0.008,0.003,0.002,41.9577,2.724,1.231,9.596*49
$GNGST,020236.50,0.008,0.003,0.002,42.4684,2.724,1.231,9.596*49
$GNGST,020236.60,0.008,0.003,0.002,41.8314,2.724,1.231,9.596*49
$GNGST,020236.70,0.008,0.003,0.002,42.6781,2.724,1.231,9.596*4D
$GNGST,020236.80,0.008,0.003,0.002,42.3452,2.724,1.231,9.596*4A
$GNGST,020236.90,0.008,0.003,0.002,42.1405,2.724,1.231,9.596*4B
$GNGST,020237.00,0.008,0.003,0.002,42.7547,2.724,1.231,9.596*42
$GNGST,020237.10,0.008,0.003,0.002,42.1408,2.724,1.231,9.596*4F
$GNGST,020237.20,0.008,0.003,0.002,42.1410,2.724,1.231,9.596*45
$GNGST,020237.30,0.008,0.003,0.002,42.4269,2.724,1.231,9.596*49
$GNGST,020237.40,0.008,0.003,0.002,42.1414,2.724,1.231,9.596*47
$GNGST,020237.50,0.008,0.003,0.002,42.1416,2.724,1.231,9.596*44
$GNGST,020237.60,0.008,0.003,0.002,42.6394,2.724,1.231,9.596*4D
$GNGST,020237.70,0.008,0.003,0.002,41.2365,2.724,1.231,9.596*45
$GNGST,020237.80,0.008,0.003,0.002,41.2366,2.724,1.231,9.596*49
$GNGST,020237.90,0.008,0.003,0.002,41.2368,2.724,1.231,9.596*46
$GNGST,020238.00,0.008,0.003,0.002,41.2370,2.724,1.231,9.596*49
$GNGST,020238.10,0.008,0.003,0.002,41.2371,2.724,1.231,9.596*49
$GNGST,020238.20,0.008,0.003,0.002,42.1803,2.724,1.231,9.596*44
$GNGST,020238.30,0.008,0.003,0.002,41.7451,2.724,1.231,9.596*4B
$GNGST,020238.40,0.008,0.003,0.002,40.5792,2.724,1.231,9.596*43
$GNGST,020238.50,0.008,0.003,0.002,41.2377,2.724,1.231,9.596*4B
$GNGST,020238.60,0.008,0.003,0.002,42.1811,2.724,1.231,9.596*43
$GNGST,020238.70,0.008,0.003,0.002,41.8417,2.724,1.231,9.596*42
$GNGST,020238.80,0.008,0.003,0.002,41.8419,2.724,1.231,9.596*43
$GNGST,020238.90,0.008,0.003,0.002,42.8754,2.724,1.231,9.596*4B
$GNGST,020239.00,0.008,0.003,0.002,41.9842,2.724,1.231,9.596*49
$GNGST,020239.10,0.008,0.003,0.002,41.4775,2.724,1.231,9.596*4E
$GNGST,020239.20,0.008,0.003,0.002,42.3763,2.724,1.231,9.596*4E
$GNGST,020239.30,0.008,0.003,0.002,42.8762,2.724,1.231,9.596*45
$GNGST,020239.40,0.008,0.003,0.002,41.8429,2.724,1.231,9.596*4D
$GNGST,020239.50,0.008,0.003,0.002,41.8431,2.724,1.231,9.596*45
$GNGST,020239.60,0.008,0.003,0.002,42.3771,2.724,1.231,9.596*49
$GNGST,020239.70,0.007,0.003,0.002,40.5637,2.724,1.231,9.596*40
$GNGST,020239.80,0.008,0.003,0.002,42.1121,2.724,1.231,9.596*46
$GNGST,020239.90,0.008,0.003,0.002,41.6031,2.724,1.231,9.596*43
$GNGST,020240.00,0.008,0.003,0.002,42.9885,2.724,1.231,9.596*4F
$GNGST,020240.10,0.008,0.003,0.002,42.9887,2.724,1.231,9.596*4C
$GNGST,020240.20,0.008,0.003,0.002,42.9889,2.724,1.231,9.596*41
$GNGST,020240.30,0.008,0.003,0.002,43.0916,2.724,1.231,9.596*4F
$GNGST,020240.40,0.008,0.003,0.002,42.9893,2.724,1.231,9.596*4C
$GNGST,020240.50,0.008,0.003,0.002,42.1657,2.724,1.231,9.596*43
$GNGST,020240.60,0.008,0.003,0.002,42.1658,2.724,1.231,9.596*4F
$GNGST,020240.70,0.008,0.003,0.002,42.4355,2.724,1.231,9.596*43
$GNGST,020240.80,0.008,0.003,0.002,42.1662,2.724,1.231,9.596*48
$GNGST,020240.90,0.008,0.003,0.002,42.1664,2.724,1.231,9.596*4F
$GNGST,020241.00,0.008,0.003,0.002,42.1666,2.724,1.231,9.596*45
$GNGST,020241.10,0.008,0.003,0.002,42.1667,2.724,1.231,9.596*45
$GNGST,020241.20,0.007,0.003,0.002,41.0792,2.724,1.231,9.596*40
$GNGST,020241.30,0.007,0.003,0.002,41.0795,2.724,1.231,9.596*46
$GNGST,020241.40,0.008,0.003,0.002,42.1673,2.724,1.231,9.596*45
$GNGST,020241.50,0.008,0.003,0.002,41.6564,2.724,1.231,9.596*45
$GNGST,020241.60,0.007,0.003,0.002,41.0804,2.724,1.231,9.596*44
$GNGST,020241.70,0.008,0.003,0.002,42.2180,2.724,1.231,9.596*4E
$GNGST,020241.80,0.008,0.003,0.002,42.8914,2.724,1.231,9.596*4E
$GNGST,020241.90,0.008,0.003,0.002,42.8917,2.724,1.231,9.596*4C
$GNGST,020242.00,0.008,0.003,0.002,42.3700,2.724,1.231,9.596*45
$GNGST,020242.10,0.008,0.003,0.002,42.3702,2.724,1.231,9.596*46
$GNGST,020242.20,0.008,0.003,0.002,42.5014,2.724,1.231,9.596*43
$GNGST,020242.30,0.008,0.003,0.002,42.5016,2.724,1.231,9.596*40
$GNGST,020242.40,0.008,0.003,0.002,42.3710,2.724,1.231,9.596*40
$GNGST,020242.50,0.008,0.003,0.002,42.2592,2.724,1.231,9.596*48
$GNGST,020242.60,0.008,0.003,0.002,42.3855,2.724,1.231,9.596*4C
$GNGST,020242.70,0.008,0.003,0.002,43.0632,2.724,1.231,9.596*40
$GNGST,020242.80,0.008,0.003,0.002,43.9070,2.724,1.231,9.596*46
$GNGST,020242.90,0.008,0.003,0.002,43.0637,2.724,1.231,9.596*4B
$GNGST,020243.00,0.008,0.003,0.002,43.9076,2.724,1.231,9.596*49
$GNGST,020243.10,0.008,0.003,0.002,43.0642,2.724,1.231,9.596*40
$GNGST,020243.20,0.008,0.003,0.002,43.0645,2.724,1.231,9.596*44
$GNGST,020243.30,0.008,0.003,0.002,43.9084,2.724,1.231,9.596*47
$GNGST,020243.40,0.008,0.003,0.002,43.4456,2.724,1.231,9.596*46
$GNGST,020243.50,0.007,0.003,0.002,40.1281,2.724,1.231,9.596*42
$GNGST,020243.60,0.007,0.003,0.002,40.1283,2.724,1.231,9.596*43
$GNGST,020243.70,0.008,0.003,0.002,42.2260,2.724,1.231,9.596*41
$GNGST,020243.80,0.008,0.003,0.002,41.4010,2.724,1.231,9.596*4E
$GNGST,020243.90,0.008,0.003,0.002,40.9002,2.724,1.231,9.596*40
$GNGST,020244.00,0.008,0.003,0.002,41.4013,2.724,1.231,9.596*42
$GNGST,020244.10,0.008,0.003,0.002,41.5235,2.724,1.231,9.596*44
$GNGST,020244.20,0.008,0.003,0.002,42.0356,2.724,1.231,9.596*45
$GNGST,020244.30,0.008,0.003,0.002,41.9161,2.724,1.231,9.596*48
$GNGST,020244.40,0.008,0.003,0.002,42.2272,2.724,1.231,9.596*46
$GNGST,020244.50,0.008,0.003,0.002,41.7378,2.724,1.231,9.596*4A
$GNGST,020244.60,0.008,0.003,0.002,42.1014,2.724,1.231,9.596*45
$GNGST,020244.70,0.008,0.003,0.002,43.4896,2.724,1.231,9.596*42
$GNGST,020244.80,0.008,0.003,0.002,43.5866,2.724,1.231,9.596*43
$GNGST,020244.90,0.008,0.003,0.002,43.4901,2.724,1.231,9.596*43
$GNGST,020245.00,0.008,0.003,0.002,42.7462,2.724,1.231,9.596*41
$GNGST,020245.10,0.008,0.003,0.002,43.4905,2.724,1.231,9.596*4E
$GNGST,020245.20,0.008,0.003,0.002,43.4908,2.724,1.231,9.596*40
$GNGST,020245.30,0.008,0.003,0.002,43.4910,2.724,1.231,9.596*48
$GNGST,020245.40,0.008,0.003,0.002,41.7049,2.724,1.231,9.596*4B
$GNGST,020245.50,0.008,0.003,0.002,41.7050,2.724,1.231,9.596*42
$GNGST,020245.60,0.008,0.003,0.002,43.5885,2.724,1.231,9.596*41
$GNGST,020245.70,0.008,0.003,0.002,42.4591,2.724,1.231,9.596*48
$GNGST,020245.80,0.008,0.003,0.002,41.9459,2.724,1.231,9.596*4C
$GNGST,020245.90,0.008,0.003,0.002,42.5770,2.724,1.231,9.596*4A
$GNGST,020246.00,0.008,0.003,0.002,41.6153,2.724,1.231,9.596*47
$GNGST,020246.10,0.008,0.003,0.002,42.0400,2.724,1.231,9.596*40
$GNGST,020246.20,0.008,0.003,0.002,42.5776,2.724,1.231,9.596*44
$GNGST,020246.30,0.008,0.003,0.002,42.5778,2.724,1.231,9.596*4B
$GNGST,020246.40,0.008,0.003,0.002,42.6579,2.724,1.231,9.596*4C
$GNGST,020246.50,0.008,0.003,0.002,42.6581,2.724,1.231,9.596*4A
$GNGST,020246.60,0.008,0.003,0.002,43.2873,2.724,1.231,9.596*4C
$GNGST,020246.70,0.008,0.003,0.002,42.6585,2.724,1.231,9.596*4C
$GNGST,020246.80,0.008,0.003,0.002,41.5110,2.724,1.231,9.596*4B
$GNGST,020246.90,0.008,0.003,0.002,42.7213,2.724,1.231,9.596*4B
$GNGST,020247.00,0.008,0.003,0.002,42.7215,2.724,1.231,9.596*45
$GNGST,020247.10,0.008,0.003,0.002,42.7217,2.724,1.231,9.596*46
$GNGST,020247.20,0.008,0.003,0.002,42.7438,2.724,1.231,9.596*4E
$GNGST,020247.30,0.008,0.003,0.002,42.0229,2.724,1.231,9.596*4E
$GNGST,020247.40,0.008,0.003,0.002,42.7444,2.724,1.231,9.596*43
$GNGST,020247.50,0.008,0.003,0.002,42.7447,2.724,1.231,9.596*41
$GNGST,020247.60,0.008,0.003,0.002,42.7450,2.724,1.231,9.596*44
$GNGST,020247.70,0.008,0.003,0.002,43.3554,2.724,1.231,9.596*45
$GNGST,020247.80,0.008,0.003,0.002,42.0790,2.724,1.231,9.596*42
$GNGST,020247.90,0.008,0.003,0.002,41.4616,2.724,1.231,9.596*4B
$GNGST,020248.00,0.008,0.003,0.002,42.7697,2.724,1.231,9.596*44
$GNGST,020248.10,0.008,0.003,0.002,41.4620,2.724,1.231,9.596*49
$GNGST,020248.20,0.008,0.003,0.002,41.4622,2.724,1.231,9.596*48
$GNGST,020248.30,0.008,0.003,0.002,42.1847,2.724,1.231,9.596*42
$GNGST,020248.40,0.008,0.003,0.002,42.1849,2.724,1.231,9.596*4B
$GNGST,020248.50,0.008,0.003,0.002,41.7933,2.724,1.231,9.596*43
$GNGST,020248.60,0.008,0.003,0.002,43.2452,2.724,1.231,9.596*4D
$GNGST,020248.70,0.008,0.003,0.002,42.7277,2.724,1.231,9.596*49
$GNGST,020248.80,0.008,0.003,0.002,42.7956,2.724,1.231,9.596*4E
$GNGST,020248.90,0.008,0.003,0.002,42.7958,2.724,1.231,9.596*41
$GNGST,020249.00,0.008,0.003,0.002,41.6544,2.724,1.231,9.596*4A
$GNGST,020249.10,0.008,0.003,0.002,41.5933,2.724,1.231,9.596*44
$GNGST,020249.20,0.008,0.003,0.002,41.5936,2.724,1.231,9.596*42
$GNGST,020249.30,0.008,0.003,0.002,42.2777,2.724,1.231,9.596*4C
$GNGST,020249.40,0.008,0.003,0.002,42.8018,2.724,1.231,9.596*4F
$GNGST,020249.50,0.008,0.003,0.002,42.8424,2.724,1.231,9.596*45
$GNGST,020249.60,0.008,0.003,0.002,42.9713,2.724,1.231,9.596*40
$GNGST,020249.70,0.008,0.003,0.002,42.3292,2.724,1.231,9.596*47
$GNGST,020249.80,0.008,0.003,0.002,40.9459,2.724,1.231,9.596*41
$GNGST,020249.90,0.008,0.003,0.002,43.4518,2.724,1.231,9.596*4A
$GNGST,020250.00,0.008,0.003,0.002,45.2622,2.724,1.231,9.596*41
$GNGST,020250.10,0.008,0.003,0.002,44.0168,2.724,1.231,9.596*4A
$GNGST,020250.20,0.008,0.003,0.002,44.0171,2.724,1.231,9.596*41
$GNGST,020250.30,0.008,0.003,0.002,44.0174,2.724,1.231,9.596*45
$GNGST,020250.40,0.008,0.003,0.002,45.2637,2.724,1.231,9.596*41
$GNGST,020250.50,0.008,0.003,0.002,45.2640,2.724,1.231,9.596*40
$GNGST,020250.60,0.008,0.003,0.002,43.9128,2.724,1.231,9.596*47
$GNGST,020250.70,0.008,0.003,0.002,43.4765,2.724,1.231,9.596*44
$GNGST,020250.80,0.008,0.003,0.002,44.6709,2.724,1.231,9.596*44
$GNGST,020250.90,0.008,0.003,0.002,44.6713,2.724,1.231,9.596*4E
$GNGST,020251.00,0.008,0.003,0.002,45.2821,2.724,1.231,9.596*4D
$GNGST,020251.10,0.008,0.003,0.002,45.2825,2.724,1.231,9.596*48
$GNGST,020251.20,0.008,0.003,0.002,43.9012,2.724,1.231,9.596*4A
$GNGST,020251.30,0.008,0.003,0.002,43.4783,2.724,1.231,9.596*49
$GNGST,020251.40,0.008,0.003,0.002,43.4786,2.724,1.231,9.596*4B
$GNGST,020251.50,0.008,0.003,0.002,43.4789,2.724,1.231,9.596*45
$GNGST,020251.60,0.008,0.003,0.002,42.5778,2.724,1.231,9.596*48
$GNGST,020251.70,0.008,0.003,0.002,43.1856,2.724,1.231,9.596*4F
$GNGST,020251.80,0.008,0.003,0.002,42.5782,2.724,1.231,9.596*43
$GNGST,020251.90,0.008,0.003,0.002,42.5785,2.724,1.231,9.596*45
$GNGST,020252.00,0.008,0.003,0.002,43.3144,2.724,1.231,9.596*43
$GNGST,020252.10,0.008,0.003,0.002,42.5739,2.724,1.231,9.596*49
$GNGST,020252.20,0.008,0.003,0.002,42.6660,2.724,1.231,9.596*44
$GNGST,020252.30,0.008,0.003,0.002,42.6661,2.724,1.231,9.596*44
$GNGST,020252.40,0.008,0.003,0.002,42.5747,2.724,1.231,9.596*45
$GNGST,020252.50,0.008,0.003,0.002,41.9366,2.724,1.231,9.596*4C
$GNGST,020252.60,0.008,0.003,0.002,43.0830,2.724,1.231,9.596*4C
$GNGST,020252.70,0.008,0.003,0.002,43.1170,2.724,1.231,9.596*41
$GNGST,020252.80,0.008,0.003,0.002,43.1172,2.724,1.231,9.596*4C
$GNGST,020252.90,0.008,0.003,0.002,43.1083,2.724,1.231,9.596*42
$GNGST,020253.00,0.008,0.003,0.002,43.1177,2.724,1.231,9.596*40
$GNGST,020253.10,0.008,0.003,0.002,42.5989,2.724,1.231,9.596*4D
$GNGST,020253.20,0.008,0.003,0.002,42.5991,2.724,1.231,9.596*47
$GNGST,020253.30,0.008,0.003,0.002,49.8061,2.724,1.231,9.596*46
$GNGST,020253.40,0.008,0.003,0.002,42.0208,2.724,1.231,9.596*4F
$GNGST,020253.50,0.008,0.003,0.002,43.4511,2.724,1.231,9.596*44
$GNGST,020253.60,0.008,0.003,0.002,43.6201,2.724,1.231,9.596*43
$GNGST,020253.70,0.008,0.003,0.002,42.8161,2.724,1.231,9.596*48
$GNGST,020253.80,0.008,0.003,0.002,42.3567,2.724,1.231,9.596*4E
$GNGST,020253.90,0.008,0.003,0.002,43.1810,2.724,1.231,9.596*41
$GNGST,020254.00,0.008,0.003,0.002,43.1813,2.724,1.231,9.596*4C
$GNGST,020254.10,0.008,0.003,0.002,42.4652,2.724,1.231,9.596*42
$GNGST,020254.20,0.008,0.003,0.002,43.5898,2.724,1.231,9.596*49
$GNGST,020254.30,0.008,0.003,0.002,42.8876,2.724,1.231,9.596*44
$GNGST,020254.40,0.008,0.003,0.002,44.3189,2.724,1.231,9.596*47
$GNGST,020254.50,0.008,0.003,0.002,41.7045,2.724,1.231,9.596*46
$GNGST,020254.60,0.008,0.003,0.002,42.5892,2.724,1.231,9.596*46
$GNGST,020254.70,0.008,0.003,0.002,41.9190,2.724,1.231,9.596*43
$GNGST,020254.80,0.008,0.003,0.002,42.9872,2.724,1.231,9.596*4A
$GNGST,020254.90,0.008,0.003,0.002,44.5244,2.724,1.231,9.596*4E
$GNGST,020255.00,0.008,0.003,0.002,44.5121,2.724,1.231,9.596*46
$GNGST,020255.10,0.008,0.003,0.002,43.7734,2.724,1.231,9.596*40
$GNGST,020255.20,0.008,0.003,0.002,44.5128,2.724,1.231,9.596*4D
$GNGST,020255.30,0.008,0.003,0.002,43.7650,2.724,1.231,9.596*41
$GNGST,020255.40,0.008,0.003,0.002,44.5134,2.724,1.231,9.596*46
$GNGST,020255.50,0.008,0.003,0.002,43.6923,2.724,1.231,9.596*4D
$GNGST,020255.60,0.008,0.003,0.002,43.7031,2.724,1.231,9.596*45
$GNGST,020255.70,0.008,0.003,0.002,42.7288,2.724,1.231,9.596*45
$GNGST,020255.80,0.008,0.003,0.002,43.4611,2.724,1.231,9.596*4C
$GNGST,020255.90,0.008,0.003,0.002,43.4511,2.724,1.231,9.596*4E
$GNGST,020256.00,0.008,0.003,0.002,43.7724,2.724,1.231,9.596*43
$GNGST,020256.10,0.008,0.003,0.002,43.4618,2.724,1.231,9.596*4F
$GNGST,020256.20,0.008,0.003,0.002,43.4620,2.724,1.231,9.596*47
$GNGST,020256.30,0.008,0.003,0.002,43.4622,2.724,1.231,9.596*44
$GNGST,020256.40,0.008,0.003,0.002,43.4625,2.724,1.231,9.596*44
$GNGST,020256.50,0.008,0.003,0.002,43.0424,2.724,1.231,9.596*42
$GNGST,020256.60,0.008,0.003,0.002,43.7845,2.724,1.231,9.596*4D
$GNGST,020256.70,0.008,0.003,0.002,42.9614,2.724,1.231,9.596*49
$GNGST,020256.80,0.008,0.003,0.002,43.4745,2.724,1.231,9.596*4F
$GNGST,020256.90,0.008,0.003,0.002,42.7501,2.724,1.231,9.596*4E
$GNGST,020257.00,0.008,0.003,0.002,42.5105,2.724,1.231,9.596*44
$GNGST,020257.10,0.008,0.003,0.002,42.7505,2.724,1.231,9.596*43
$GNGST,020257.20,0.008,0.003,0.002,42.7574,2.724,1.231,9.596*46
$GNGST,020257.30,0.008,0.003,0.002,43.7972,2.724,1.231,9.596*4C
$GNGST,020257.40,0.008,0.003,0.002,43.4861,2.724,1.231,9.596*4B
$GNGST,020257.50,0.008,0.003,0.002,43.7867,2.724,1.231,9.596*4F
$GNGST,020257.60,0.008,0.003,0.002,42.7837,2.724,1.231,9.596*48
$GNGST,020257.70,0.008,0.003,0.002,42.7907,2.724,1.231,9.596*4B
$GNGST,020257.80,0.008,0.003,0.002,43.5141,2.724,1.231,9.596*4D
$GNGST,020257.90,0.008,0.003,0.002,42.8668,2.724,1.231,9.596*4C
$GNGST,020258.00,0.008,0.003,0.002,43.5765,2.724,1.231,9.596*4A
$GNGST,020258.10,0.008,0.003,0.002,43.5767,2.724,1.231,9.596*49
$GNGST,020258.20,0.008,0.003,0.002,43.5769,2.724,1.231,9.596*44
$GNGST,020258.30,0.008,0.003,0.002,43.5772,2.724,1.231,9.596*4F
$GNGST,020258.40,0.008,0.003,0.002,43.5774,2.724,1.231,9.596*4E
$GNGST,020258.50,0.008,0.003,0.002,42.8680,2.724,1.231,9.596*49
$GNGST,020258.60,0.008,0.003,0.002,43.6810,2.724,1.231,9.596*42
$GNGST,020258.70,0.008,0.003,0.002,42.8659,2.724,1.231,9.596*4F
$GNGST,020258.80,0.008,0.003,0.002,42.8661,2.724,1.231,9.596*4B
$GNGST,020258.90,0.008,0.003,0.002,42.8663,2.724,1.231,9.596*48
$GNGST,020259.00,0.008,0.003,0.002,42.8595,2.724,1.231,9.596*4A
$GNGST,020259.10,0.008,0.003,0.002,43.5957,2.724,1.231,9.596*45
$GNGST,020259.20,0.008,0.003,0.002,43.6045,2.724,1.231,9.596*4F
$GNGST,020259.30,0.008,0.003,0.002,43.6048,2.724,1.231,9.596*43
$GNGST,020259.40,0.008,0.003,0.002,43.6051,2.724,1.231,9.596*4C
$GNGST,020259.50,0.008,0.003,0.002,43.5572,2.724,1.231,9.596*4A
$GNGST,020259.60,0.008,0.003,0.002,43.6057,2.724,1.231,9.596*48
$GNGST,020259.70,0.007,0.003,0.002,42.0170,2.724,1.231,9.596*45
$GNGST,020259.80,0.010,0.004,0.003,38.7292,2.724,1.231,9.596*4F
$GNGST,020259.90,0.010,0.004,0.003,38.7293,2.724,1.231,9.596*4F
$GNGST,020300.00,0.010,0.004,0.003,38.7293,2.724,1.231,9.596*4B
$GNGST,020300.10,0.010,0.004,0.003,39.0139,2.724,1.231,9.596*4F
$GNGST,020300.20,0.010,0.004,0.003,39.0139,2.724,1.231,9.596*4C
$GNGST,020300.30,0.010,0.004,0.003,38.7307,2.724,1.231,9.596*44
$GNGST,020300.40,0.010,0.004,0.003,39.5864,2.724,1.231,9.596*4E
$GNGST,020300.50,0.010,0.004,0.003,38.8004,2.724,1.231,9.596*4D
$GNGST,020300.60,0.010,0.004,0.003,38.5194,2.724,1.231,9.596*4B
$GNGST,020300.70,0.010,0.004,0.003,39.5867,2.724,1.231,9.596*4E
$GNGST,020300.80,0.010,0.004,0.003,38.2807,2.724,1.231,9.596*41
$GNGST,020300.90,0.010,0.004,0.003,38.2807,2.724,1.231,9.596*40
$GNGST,020301.00,0.010,0.004,0.003,38.2808,2.724,1.231,9.596*47
$GNGST,020301.10,0.010,0.004,0.003,38.2808,2.724,1.231,9.596*46
$GNGST,020301.20,0.010,0.004,0.003,38.2808,2.724,1.231,9.596*45
$GNGST,020301.30,0.010,0.004,0.003,38.2809,2.724,1.231,9.596*45
$GNGST,020301.40,0.010,0.004,0.003,39.0190,2.724,1.231,9.596*48
$GNGST,020301.50,0.010,0.004,0.003,39.0190,2.724,1.231,9.596*49
$GNGST,020301.60,0.010,0.004,0.003,38.9926,2.724,1.231,9.596*47
$GNGST,020301.70,0.010,0.004,0.003,38.2523,2.724,1.231,9.596*44
$GNGST,020301.80,0.011,0.004,0.003,39.4489,2.724,1.231,9.596*4C
$GNGST,020301.90,0.010,0.004,0.003,38.7096,2.724,1.231,9.596*44
$GNGST,020302.00,0.010,0.004,0.003,38.7097,2.724,1.231,9.596*4F
$GNGST,020302.10,0.011,0.004,0.003,39.4491,2.724,1.231,9.596*4F
$GNGST,020302.20,0.010,0.004,0.003,38.7098,2.724,1.231,9.596*42
$GNGST,020302.30,0.011,0.004,0.003,39.4492,2.724,1.231,9.596*4E
$GNGST,020302.40,0.011,0.004,0.003,39.4493,2.724,1.231,9.596*48
$GNGST,020302.50,0.010,0.004,0.003,38.7099,2.724,1.231,9.596*44
$GNGST,020302.60,0.011,0.004,0.003,39.8740,2.724,1.231,9.596*4B
$GNGST,020302.70,0.011,0.004,0.003,40.2109,2.724,1.231,9.596*45
$GNGST,020302.80,0.011,0.004,0.003,40.1069,2.724,1.231,9.596*4E
$GNGST,020302.90,0.011,0.004,0.003,39.8742,2.724,1.231,9.596*46
$GNGST,020303.00,0.010,0.004,0.003,38.8820,2.724,1.231,9.596*45
$GNGST,020303.10,0.010,0.004,0.003,38.8820,2.724,1.231,9.596*44
$GNGST,020303.20,0.011,0.004,0.003,39.8745,2.724,1.231,9.596*4B
$GNGST,020303.30,0.011,0.004,0.003,40.2115,2.724,1.231,9.596*4D
$GNGST,020303.40,0.011,0.004,0.003,40.2116,2.724,1.231,9.596*49
$GNGST,020303.50,0.011,0.004,0.003,40.6629,2.724,1.231,9.596*47
$GNGST,020303.60,0.011,0.004,0.003,39.9179,2.724,1.231,9.596*47
$GNGST,020303.70,0.010,0.004,0.003,40.2003,2.724,1.231,9.596*4E
$GNGST,020303.80,0.010,0.004,0.003,40.0530,2.724,1.231,9.596*46
$GNGST,020303.90,0.010,0.004,0.003,39.3727,2.724,1.231,9.596*4E
$GNGST,020304.00,0.011,0.004,0.003,40.5079,2.724,1.231,9.596*45
$GNGST,020304.10,0.010,0.004,0.003,39.7852,2.724,1.231,9.596*48
$GNGST,020304.20,0.011,0.004,0.003,40.6667,2.724,1.231,9.596*4D
$GNGST,020304.30,0.011,0.004,0.003,40.5083,2.724,1.231,9.596*43
$GNGST,020304.40,0.010,0.004,0.003,39.3731,2.724,1.231,9.596*43
$GNGST,020304.50,0.010,0.004,0.003,39.3731,2.724,1.231,9.596*42
$GNGST,020304.60,0.011,0.004,0.003,40.4125,2.724,1.231,9.596*4A
$GNGST,020304.70,0.010,0.004,0.003,39.3733,2.724,1.231,9.596*42
$GNGST,020304.80,0.011,0.004,0.003,40.2875,2.724,1.231,9.596*4E
$GNGST,020304.90,0.010,0.004,0.003,39.8866,2.724,1.231,9.596*48
$GNGST,020305.00,0.010,0.004,0.003,39.8867,2.724,1.231,9.596*41
$GNGST,020305.10,0.010,0.004,0.003,39.8868,2.724,1.231,9.596*4F
$GNGST,020305.20,0.010,0.004,0.003,39.8868,2.724,1.231,9.596*4C
$GNGST,020305.30,0.011,0.004,0.003,40.0088,2.724,1.231,9.596*4C
$GNGST,020305.40,0.010,0.004,0.003,39.8870,2.724,1.231,9.596*43
$GNGST,020305.50,0.010,0.004,0.003,40.1697,2.724,1.231,9.596*42
$GNGST,020305.60,0.010,0.004,0.003,40.2953,2.724,1.231,9.596*45
$GNGST,020305.70,0.010,0.004,0.003,39.9821,2.724,1.231,9.596*45
$GNGST,020305.80,0.010,0.004,0.003,39.6128,2.724,1.231,9.596*45
$GNGST,020305.90,0.011,0.004,0.003,39.6837,2.724,1.231,9.596*42
$GNGST,020306.00,0.010,0.004,0.003,39.3394,2.724,1.231,9.596*4E
$GNGST,020306.10,0.011,0.004,0.003,39.4667,2.724,1.231,9.596*40
$GNGST,020306.20,0.011,0.004,0.003,39.4668,2.724,1.231,9.596*4C
$GNGST,020306.30,0.011,0.004,0.003,39.4669,2.724,1.231,9.596*4C
$GNGST,020306.40,0.011,0.004,0.003,39.6999,2.724,1.231,9.596*49
$GNGST,020306.50,0.011,0.004,0.003,39.7000,2.724,1.231,9.596*40
$GNGST,020306.60,0.011,0.004,0.003,39.4851,2.724,1.231,9.596*4C
$GNGST,020306.70,0.011,0.004,0.003,39.6843,2.724,1.231,9.596*4C
$GNGST,020306.80,0.011,0.004,0.003,39.7002,2.724,1.231,9.596*4F
$GNGST,020306.90,0.010,0.004,0.003,39.7432,2.724,1.231,9.596*48
$GNGST,020307.00,0.011,0.004,0.003,40.2688,2.724,1.231,9.596*49
$GNGST,020307.10,0.011,0.004,0.003,39.9446,2.724,1.231,9.596*4D
$GNGST,020307.20,0.011,0.004,0.003,39.9447,2.724,1.231,9.596*4F
$GNGST,020307.30,0.011,0.004,0.003,39.9447,2.724,1.231,9.596*4E
$GNGST,020307.40,0.011,0.004,0.003,39.9448,2.724,1.231,9.596*46
$GNGST,020307.50,0.011,0.004,0.003,39.7993,2.724,1.231,9.596*42
$GNGST,020307.60,0.010,0.004,0.003,39.7825,2.724,1.231,9.596*4C
$GNGST,020307.70,0.011,0.004,0.003,40.3865,2.724,1.231,9.596*42
$GNGST,020307.80,0.010,0.004,0.003,39.4432,2.724,1.231,9.596*4B
$GNGST,020307.90,0.011,0.004,0.003,40.3077,2.724,1.231,9.596*47
$GNGST,020308.00,0.011,0.004,0.003,40.3279,2.724,1.231,9.596*4D
$GNGST,020308.10,0.010,0.004,0.003,39.4820,2.724,1.231,9.596*42
$GNGST,020308.20,0.010,0.004,0.003,39.4890,2.724,1.231,9.596*4A
$GNGST,020308.30,0.010,0.004,0.003,40.1893,2.724,1.231,9.596*43
$GNGST,020308.40,0.010,0.004,0.003,39.4891,2.724,1.231,9.596*4D
$GNGST,020308.50,0.010,0.004,0.003,39.4891,2.724,1.231,9.596*4C
$GNGST,020308.60,0.010,0.004,0.003,39.2906,2.724,1.231,9.596*46
$GNGST,020308.70,0.010,0.004,0.003,39.2907,2.724,1.231,9.596*46
$GNGST,020308.80,0.010,0.004,0.003,39.4225,2.724,1.231,9.596*44
$GNGST,020308.90,0.010,0.004,0.003,39.2909,2.724,1.231,9.596*46
$GNGST,020309.00,0.010,0.004,0.003,39.2909,2.724,1.231,9.596*4E
$GNGST,020309.10,0.010,0.004,0.003,39.2910,2.724,1.231,9.596*47
$GNGST,020309.20,0.010,0.004,0.003,39.2911,2.724,1.231,9.596*45
$GNGST,020309.30,0.010,0.004,0.003,39.2912,2.724,1.231,9.596*47
$GNGST,020309.40,0.010,0.004,0.003,39.2912,2.724,1.231,9.596*40
$GNGST,020309.50,0.010,0.004,0.003,39.2913,2.724,1.231,9.596*40
$GNGST,020309.60,0.010,0.004,0.003,39.4232,2.724,1.231,9.596*4D
$GNGST,020309.70,0.010,0.004,0.003,39.5423,2.724,1.231,9.596*4B
$GNGST,020309.80,0.010,0.004,0.003,39.2638,2.724,1.231,9.596*4B
$GNGST,020309.90,0.010,0.004,0.003,40.2375,2.724,1.231,9.596*48
$GNGST,020310.00,0.010,0.004,0.003,40.2376,2.724,1.231,9.596*4A
$GNGST,020310.10,0.011,0.004,0.003,40.0303,2.724,1.231,9.596*4A
$GNGST,020310.20,0.011,0.004,0.003,40.1913,2.724,1.231,9.596*43
$GNGST,020310.30,0.011,0.004,0.003,40.0306,2.724,1.231,9.596*4D
$GNGST,020310.40,0.010,0.004,0.003,39.2725,2.724,1.231,9.596*42
$GNGST,020310.50,0.011,0.004,0.003,40.0308,2.724,1.231,9.596*45
$GNGST,020310.60,0.011,0.004,0.003,40.3940,2.724,1.231,9.596*43
$GNGST,020310.70,0.010,0.004,0.003,39.5872,2.724,1.231,9.596*4B
$GNGST,020310.80,0.010,0.004,0.003,39.5873,2.724,1.231,9.596*45
$GNGST,020310.90,0.010,0.004,0.003,39.5873,2.724,1.231,9.596*44
$GNGST,020311.00,0.010,0.004,0.003,39.5874,2.724,1.231,9.596*4B
$GNGST,020311.10,0.010,0.004,0.003,40.3368,2.724,1.231,9.596*44
$GNGST,020311.20,0.010,0.004,0.003,39.7140,2.724,1.231,9.596*45
$GNGST,020311.30,0.010,0.004,0.003,39.5875,2.724,1.231,9.596*49
$GNGST,020311.40,0.010,0.004,0.003,39.5876,2.724,1.231,9.596*4D
$GNGST,020311.50,0.010,0.004,0.003,39.5876,2.724,1.231,9.596*4C
$GNGST,020311.60,0.010,0.004,0.003,39.5877,2.724,1.231,9.596*4E
$GNGST,020311.70,0.010,0.004,0.003,39.5877,2.724,1.231,9.596*4F
$GNGST,020311.80,0.010,0.004,0.003,39.9932,2.724,1.231,9.596*4C
$GNGST,020311.90,0.010,0.004,0.003,39.9933,2.724,1.231,9.596*4C
$GNGST,020312.00,0.010,0.004,0.003,39.9934,2.724,1.231,9.596*41
$GNGST,020312.10,0.010,0.004,0.003,39.9935,2.724,1.231,9.596*41
$GNGST,020312.20,0.010,0.004,0.003,39.9935,2.724,1.231,9.596*42
$GNGST,020312.30,0.010,0.004,0.003,39.9936,2.724,1.231,9.596*40
$GNGST,020312.40,0.011,0.004,0.003,39.7008,2.724,1.231,9.596*4C
$GNGST,020312.50,0.010,0.004,0.003,38.1545,2.724,1.231,9.596*47
$GNGST,020312.60,0.010,0.004,0.003,38.1546,2.724,1.231,9.596*47
$GNGST,020312.70,0.010,0.004,0.003,38.1547,2.724,1.231,9.596*47
$GNGST,020312.80,0.010,0.004,0.003,39.5170,2.724,1.231,9.596*4D
$GNGST,020312.90,0.010,0.004,0.003,39.2436,2.724,1.231,9.596*4C
$GNGST,020313.00,0.011,0.004,0.003,40.2647,2.724,1.231,9.596*4F
$GNGST,020313.10,0.010,0.004,0.003,39.2437,2.724,1.231,9.596*44
$GNGST,020313.20,0.010,0.004,0.003,38.5062,2.724,1.231,9.596*45
$GNGST,020313.30,0.010,0.004,0.003,38.5063,2.724,1.231,9.596*45
$GNGST,020313.40,0.010,0.004,0.003,39.5173,2.724,1.231,9.596*43
$GNGST,020313.50,0.010,0.004,0.003,38.5064,2.724,1.231,9.596*44
$GNGST,020313.60,0.010,0.004,0.003,39.5174,2.724,1.231,9.596*46
$GNGST,020313.70,0.010,0.004,0.003,38.5066,2.724,1.231,9.596*44
$GNGST,020313.80,0.010,0.004,0.003,38.5066,2.724,1.231,9.596*4B
$GNGST,020313.90,0.011,0.004,0.003,39.1530,2.724,1.231,9.596*48
$GNGST,020314.00,0.010,0.004,0.003,39.4282,2.724,1.231,9.596*4C
$GNGST,020314.10,0.010,0.004,0.003,39.4283,2.724,1.231,9.596*4C
$GNGST,020314.20,0.010,0.004,0.003,39.4283,2.724,1.231,9.596*4F
$GNGST,020314.30,0.010,0.004,0.003,39.4284,2.724,1.231,9.596*49
$GNGST,020314.40,0.010,0.004,0.003,39.4284,2.724,1.231,9.596*4E
$GNGST,020314.50,0.010,0.004,0.003,39.4285,2.724,1.231,9.596*4E
$GNGST,020314.60,0.010,0.004,0.003,39.4285,2.724,1.231,9.596*4D
$GNGST,020314.70,0.010,0.004,0.003,39.4286,2.724,1.231,9.596*4F
$GNGST,020314.80,0.010,0.004,0.003,39.3339,2.724,1.231,9.596*42
$GNGST,020314.90,0.010,0.004,0.003,38.2684,2.724,1.231,9.596*40
$GNGST,020315.00,0.010,0.004,0.003,38.2684,2.724,1.231,9.596*48
$GNGST,020315.10,0.010,0.004,0.003,38.2684,2.724,1.231,9.596*49
$GNGST,020315.20,0.010,0.004,0.003,38.2685,2.724,1.231,9.596*4B
$GNGST,020315.30,0.010,0.004,0.003,39.3343,2.724,1.231,9.596*45
$GNGST,020315.40,0.010,0.004,0.003,38.5313,2.724,1.231,9.596*40
$GNGST,020315.50,0.010,0.004,0.003,39.3117,2.724,1.231,9.596*40
$GNGST,020315.60,0.010,0.004,0.003,39.4570,2.724,1.231,9.596*41
$GNGST,020315.70,0.010,0.004,0.003,38.8137,2.724,1.231,9.596*4A
$GNGST,020315.80,0.010,0.004,0.003,38.9287,2.724,1.231,9.596*4C
$GNGST,020315.90,0.010,0.004,0.003,38.9287,2.724,1.231,9.596*4D
$GNGST,020316.00,0.010,0.004,0.003,38.6656,2.724,1.231,9.596*40
$GNGST,020316.10,0.010,0.004,0.003,39.3121,2.724,1.231,9.596*42
$GNGST,020316.20,0.010,0.004,0.003,38.8139,2.724,1.231,9.596*42
$GNGST,020316.30,0.010,0.004,0.003,38.8139,2.724,1.231,9.596*43
$GNGST,020316.40,0.010,0.004,0.003,39.2751,2.724,1.231,9.596*47
$GNGST,020316.50,0.010,0.004,0.003,39.3123,2.724,1.231,9.596*44
$GNGST,020316.60,0.010,0.004,0.003,38.5510,2.724,1.231,9.596*44
$GNGST,020316.70,0.010,0.004,0.003,39.4577,2.724,1.231,9.596*44
$GNGST,020316.80,0.010,0.004,0.003,38.6692,2.724,1.231,9.596*40
$GNGST,020316.90,0.010,0.004,0.003,39.4128,2.724,1.231,9.596*44
$GNGST,020317.00,0.010,0.004,0.003,38.9294,2.724,1.231,9.596*44
$GNGST,020317.10,0.010,0.004,0.003,38.9295,2.724,1.231,9.596*44
$GNGST,020317.20,0.010,0.004,0.003,38.6693,2.724,1.231,9.596*4A
$GNGST,020317.30,0.010,0.004,0.003,39.3762,2.724,1.231,9.596*40
$GNGST,020317.40,0.010,0.004,0.003,39.6568,2.724,1.231,9.596*4A
$GNGST,020317.50,0.010,0.004,0.003,38.6247,2.724,1.231,9.596*40
$GNGST,020317.60,0.010,0.004,0.003,39.3764,2.724,1.231,9.596*43
$GNGST,020317.70,0.010,0.004,0.003,38.6247,2.724,1.231,9.596*42
$GNGST,020317.80,0.010,0.004,0.003,39.3766,2.724,1.231,9.596*4F
$GNGST,020317.90,0.010,0.004,0.003,38.1741,2.724,1.231,9.596*48
$GNGST,020318.00,0.010,0.004,0.003,39.1101,2.724,1.231,9.596*4D
$GNGST,020318.10,0.010,0.004,0.003,39.1101,2.724,1.231,9.596*4C
$GNGST,020318.20,0.010,0.004,0.003,39.1102,2.724,1.231,9.596*4C
$GNGST,020318.30,0.010,0.004,0.003,38.2870,2.724,1.231,9.596*43
$GNGST,020318.40,0.010,0.004,0.003,39.1103,2.724,1.231,9.596*4B
$GNGST,020318.50,0.010,0.004,0.003,39.1104,2.724,1.231,9.596*4D
$GNGST,020318.60,0.010,0.004,0.003,38.1743,2.724,1.231,9.596*4A
$GNGST,020318.70,0.010,0.004,0.003,38.9670,2.724,1.231,9.596*42
$GNGST,020318.80,0.010,0.004,0.003,38.9670,2.724,1.231,9.596*4D
$GNGST,020318.90,0.010,0.004,0.003,39.2117,2.724,1.231,9.596*40
$GNGST,020319.00,0.010,0.004,0.003,39.0828,2.724,1.231,9.596*4F
$GNGST,020319.10,0.010,0.004,0.003,39.8466,2.724,1.231,9.596*40
$GNGST,020319.20,0.010,0.004,0.003,39.2013,2.724,1.231,9.596*4F
$GNGST,020319.30,0.010,0.004,0.003,39.2013,2.724,1.231,9.596*4E
$GNGST,020319.40,0.011,0.004,0.003,39.7107,2.724,1.231,9.596*49
$GNGST,020319.50,0.010,0.004,0.003,39.2014,2.724,1.231,9.596*4F
$GNGST,020319.60,0.010,0.004,0.003,39.9954,2.724,1.231,9.596*4A
$GNGST,020319.70,0.010,0.004,0.003,38.9357,2.724,1.231,9.596*43
$GNGST,020319.80,0.011,0.004,0.003,34.8872,2.724,1.231,9.596*4C
$GNGST,020319.90,0.011,0.004,0.003,36.0661,2.724,1.231,9.596*4B
$GNGST,020320.00,0.011,0.004,0.003,35.7472,2.724,1.231,9.596*4C
$GNGST,020320.10,0.011,0.004,0.003,34.8083,2.724,1.231,9.596*49
$GNGST,020320.20,0.011,0.004,0.003,34.8083,2.724,1.231,9.596*4A
$GNGST,020320.30,0.011,0.004,0.003,34.8083,2.724,1.231,9.596*4B
$GNGST,020320.40,0.011,0.004,0.003,34.8083,2.724,1.231,9.596*4C
$GNGST,020320.50,0.011,0.004,0.003,34.8083,2.724,1.231,9.596*4D
$GNGST,020320.60,0.011,0.004,0.003,35.6935,2.724,1.231,9.596*45
$GNGST,020320.70,0.011,0.004,0.003,35.9616,2.724,1.231,9.596*45
$GNGST,020320.80,0.011,0.004,0.003,34.5198,2.724,1.231,9.596*46
$GNGST,020320.90,0.011,0.004,0.003,34.5198,2.724,1.231,9.596*47
$GNGST,020321.00,0.011,0.004,0.003,34.5198,2.724,1.231,9.596*4F
$GNGST,020321.10,0.011,0.004,0.003,34.5198,2.724,1.231,9.596*4E
$GNGST,020321.20,0.011,0.004,0.003,34.3249,2.724,1.231,9.596*44
$GNGST,020321.30,0.011,0.004,0.003,35.2857,2.724,1.231,9.596*40
$GNGST,020321.40,0.011,0.004,0.003,34.5198,2.724,1.231,9.596*4B
$GNGST,020321.50,0.011,0.004,0.003,35.8906,2.724,1.231,9.596*49
$GNGST,020321.60,0.011,0.004,0.003,35.4757,2.724,1.231,9.596*4C
$GNGST,020321.70,0.011,0.004,0.003,34.5198,2.724,1.231,9.596*48
$GNGST,020321.80,0.011,0.004,0.003,36.5861,2.724,1.231,9.596*4A
$GNGST,020321.90,0.011,0.004,0.003,37.4759,2.724,1.231,9.596*4F
$GNGST,020322.00,0.011,0.004,0.003,36.5861,2.724,1.231,9.596*41
$GNGST,020322.10,0.011,0.004,0.003,37.4574,2.724,1.231,9.596*49
$GNGST,020322.20,0.011,0.004,0.003,36.5664,2.724,1.231,9.596*48
$GNGST,020322.30,0.011,0.004,0.003,36.2530,2.724,1.231,9.596*4C
$GNGST,020322.40,0.011,0.004,0.003,37.1730,2.724,1.231,9.596*4B
$GNGST,020322.50,0.011,0.004,0.003,37.1731,2.724,1.231,9.596*4B
$GNGST,020322.60,0.011,0.004,0.003,37.2957,2.724,1.231,9.596*45
$GNGST,020322.70,0.011,0.004,0.003,37.2957,2.724,1.231,9.596*44
$GNGST,020322.80,0.011,0.004,0.003,37.2957,2.724,1.231,9.596*4B
$GNGST,020322.90,0.011,0.004,0.003,37.4569,2.724,1.231,9.596*4D
$GNGST,020323.00,0.010,0.004,0.003,36.3601,2.724,1.231,9.596*4F
$GNGST,020323.10,0.010,0.004,0.003,37.6804,2.724,1.231,9.596*41
$GNGST,020323.20,0.011,0.004,0.003,37.6762,2.724,1.231,9.596*4C
$GNGST,020323.30,0.011,0.004,0.003,37.9950,2.724,1.231,9.596*4D
$GNGST,020323.40,0.011,0.004,0.003,37.4133,2.724,1.231,9.596*4A
$GNGST,020323.50,0.011,0.004,0.003,37.7783,2.724,1.231,9.596*45
$GNGST,020323.60,0.011,0.004,0.003,37.4134,2.724,1.231,9.596*4F
$GNGST,020323.70,0.010,0.004,0.003,37.6806,2.724,1.231,9.596*45
$GNGST,020323.80,0.011,0.004,0.003,35.7562,2.724,1.231,9.596*47
$GNGST,020323.90,0.011,0.004,0.003,35.7562,2.724,1.231,9.596*46
$GNGST,020324.00,0.011,0.004,0.003,35.7562,2.724,1.231,9.596*48
$GNGST,020324.10,0.011,0.004,0.003,35.7562,2.724,1.231,9.596*49
$GNGST,020324.20,0.011,0.004,0.003,35.7563,2.724,1.231,9.596*4B
$GNGST,020324.30,0.011,0.004,0.003,35.7563,2.724,1.231,9.596*4A
$GNGST,020324.40,0.011,0.004,0.003,35.7563,2.724,1.231,9.596*4D
$GNGST,020324.50,0.011,0.004,0.003,35.7563,2.724,1.231,9.596*4C
$GNGST,020324.60,0.011,0.004,0.003,35.7563,2.724,1.231,9.596*4F
$GNGST,020324.70,0.011,0.004,0.003,33.9762,2.724,1.231,9.596*45
$GNGST,020324.80,0.011,0.004,0.003,34.7099,2.724,1.231,9.596*40
$GNGST,020324.90,0.011,0.004,0.003,33.8151,2.724,1.231,9.596*4C
$GNGST,020325.00,0.011,0.004,0.003,33.9745,2.724,1.231,9.596*46
$GNGST,020325.10,0.011,0.004,0.003,33.9885,2.724,1.231,9.596*44
$GNGST,020325.20,0.011,0.004,0.003,34.2659,2.724,1.231,9.596*44
$GNGST,020325.30,0.011,0.004,0.003,34.8807,2.724,1.231,9.596*4A
$GNGST,020325.40,0.011,0.004,0.003,33.9898,2.724,1.231,9.596*4D
$GNGST,020325.50,0.011,0.004,0.003,33.7071,2.724,1.231,9.596*4D
$GNGST,020325.60,0.011,0.004,0.003,33.9315,2.724,1.231,9.596*41
$GNGST,020325.70,0.011,0.004,0.003,34.4316,2.724,1.231,9.596*49
$GNGST,020325.80,0.011,0.004,0.003,33.4480,2.724,1.231,9.596*49
$GNGST,020325.90,0.011,0.004,0.003,33.6120,2.724,1.231,9.596*45
$GNGST,020326.00,0.011,0.004,0.003,33.6120,2.724,1.231,9.596*4F
$GNGST,020326.10,0.011,0.004,0.003,34.1269,2.724,1.231,9.596*40
$GNGST,020326.20,0.011,0.004,0.003,34.1269,2.724,1.231,9.596*43
$GNGST,020326.30,0.011,0.004,0.003,33.6621,2.724,1.231,9.596*4A
$GNGST,020326.40,0.011,0.004,0.003,34.7575,2.724,1.231,9.596*49
$GNGST,020326.50,0.011,0.004,0.003,33.4478,2.724,1.231,9.596*40
$GNGST,020326.60,0.011,0.004,0.003,33.4477,2.724,1.231,9.596*4C
$GNGST,020326.70,0.011,0.004,0.003,33.8260,2.724,1.231,9.596*41
$GNGST,020326.80,0.011,0.004,0.003,33.8260,2.724,1.231,9.596*4E
$GNGST,020326.90,0.011,0.004,0.003,33.8260,2.724,1.231,9.596*4F
$GNGST,020327.00,0.011,0.004,0.003,33.8260,2.724,1.231,9.596*47
$GNGST,020327.10,0.011,0.004,0.003,33.8260,2.724,1.231,9.596*46
$GNGST,020327.20,0.011,0.004,0.003,33.5623,2.724,1.231,9.596*4B
$GNGST,020327.30,0.011,0.004,0.003,34.7356,2.724,1.231,9.596*48
$GNGST,020327.40,0.011,0.004,0.003,33.8259,2.724,1.231,9.596*49
$GNGST,020327.50,0.011,0.004,0.003,33.5623,2.724,1.231,9.596*4C
$GNGST,020327.60,0.011,0.004,0.003,34.4821,2.724,1.231,9.596*45
$GNGST,020327.70,0.010,0.004,0.003,32.3473,2.724,1.231,9.596*4F
$GNGST,020327.80,0.010,0.004,0.003,32.3473,2.724,1.231,9.596*40
$GNGST,020327.90,0.010,0.004,0.003,36.4240,2.724,1.231,9.596*44
$GNGST,020328.00,0.010,0.004,0.003,35.5840,2.724,1.231,9.596*4A
$GNGST,020328.10,0.010,0.004,0.003,35.4874,2.724,1.231,9.596*4D
$GNGST,020328.20,0.010,0.004,0.003,36.6876,2.724,1.231,9.596*4D
$GNGST,020328.30,0.011,0.004,0.003,36.3312,2.724,1.231,9.596*41
$GNGST,020328.40,0.010,0.004,0.003,36.4153,2.724,1.231,9.596*47
$GNGST,020328.50,0.010,0.004,0.003,35.5848,2.724,1.231,9.596*47
$GNGST,020328.60,0.011,0.004,0.003,36.6594,2.724,1.231,9.596*49
$GNGST,020328.70,0.010,0.004,0.003,36.4242,2.724,1.231,9.596*47
$GNGST,020328.80,0.010,0.004,0.003,34.3965,2.724,1.231,9.596*43
$GNGST,020328.90,0.010,0.004,0.003,36.6830,2.724,1.231,9.596*44
$GNGST,020329.00,0.010,0.004,0.003,37.4911,2.724,1.231,9.596*4D
$GNGST,020329.10,0.010,0.004,0.003,37.4911,2.724,1.231,9.596*4C
$GNGST,020329.20,0.010,0.004,0.003,37.4911,2.724,1.231,9.596*4F
$GNGST,020329.30,0.010,0.004,0.003,37.2215,2.724,1.231,9.596*47
$GNGST,020329.40,0.010,0.004,0.003,37.4912,2.724,1.231,9.596*4A
$GNGST,020329.50,0.010,0.004,0.003,35.2948,2.724,1.231,9.596*40
$GNGST,020329.60,0.010,0.004,0.003,35.2948,2.724,1.231,9.596*43
$GNGST,020329.70,0.011,0.004,0.003,35.0036,2.724,1.231,9.596*41
$GNGST,020329.80,0.011,0.004,0.003,34.7005,2.724,1.231,9.596*48
$GNGST,020329.90,0.011,0.004,0.003,35.0037,2.724,1.231,9.596*4E
$GNGST,020330.00,0.011,0.004,0.003,35.0395,2.724,1.231,9.596*44
$GNGST,020330.10,0.011,0.004,0.003,34.7686,2.724,1.231,9.596*44
$GNGST,020330.20,0.011,0.004,0.003,34.7686,2.724,1.231,9.596*47
$GNGST,020330.30,0.011,0.004,0.003,35.0842,2.724,1.231,9.596*46
$GNGST,020330.40,0.011,0.004,0.003,34.9409,2.724,1.231,9.596*4A
$GNGST,020330.50,0.011,0.004,0.003,34.9409,2.724,1.231,9.596*4B
$GNGST,020330.60,0.011,0.004,0.003,34.0577,2.724,1.231,9.596*49
$GNGST,020330.70,0.011,0.004,0.003,33.7629,2.724,1.231,9.596*40
$GNGST,020330.80,0.011,0.004,0.003,33.7629,2.724,1.231,9.596*4F
$GNGST,020330.90,0.011,0.004,0.003,35.0058,2.724,1.231,9.596*4F
$GNGST,020331.00,0.011,0.004,0.003,33.7628,2.724,1.231,9.596*47
$GNGST,020331.10,0.011,0.004,0.003,33.7628,2.724,1.231,9.596*46
$GNGST,020331.20,0.011,0.004,0.003,34.6997,2.724,1.231,9.596*48
$GNGST,020331.30,0.011,0.004,0.003,34.6997,2.724,1.231,9.596*49
$GNGST,020331.40,0.011,0.004,0.003,33.7052,2.724,1.231,9.596*48
$GNGST,020331.50,0.011,0.004,0.003,33.7052,2.724,1.231,9.596*49
$GNGST,020331.60,0.011,0.004,0.003,34.9596,2.724,1.231,9.596*4E
$GNGST,020331.70,0.011,0.004,0.003,34.9596,2.724,1.231,9.596*4F
$GNGST,020331.80,0.011,0.004,0.003,33.8881,2.724,1.231,9.596*4D
$GNGST,020331.90,0.011,0.004,0.003,37.0749,2.724,1.231,9.596*4B
$GNGST,020332.00,0.011,0.004,0.003,37.9513,2.724,1.231,9.596*45
$GNGST,020332.10,0.011,0.004,0.003,36.9276,2.724,1.231,9.596*41
$GNGST,020332.20,0.011,0.004,0.003,38.0816,2.724,1.231,9.596*49
$GNGST,020332.30,0.011,0.004,0.003,37.6852,2.724,1.231,9.596*41
$GNGST,020332.40,0.011,0.004,0.003,38.0816,2.724,1.231,9.596*4F
$GNGST,020332.50,0.011,0.004,0.003,37.9515,2.724,1.231,9.596*46
$GNGST,020332.60,0.011,0.004,0.003,37.9515,2.724,1.231,9.596*45
$GNGST,020332.70,0.011,0.004,0.003,37.6853,2.724,1.231,9.596*44
$GNGST,020332.80,0.011,0.004,0.003,37.8155,2.724,1.231,9.596*4A
$GNGST,020332.90,0.011,0.004,0.003,38.0377,2.724,1.231,9.596*4E
$GNGST,020333.00,0.011,0.004,0.003,37.4570,2.724,1.231,9.596*4C
$GNGST,020333.10,0.011,0.004,0.003,37.7094,2.724,1.231,9.596*41
$GNGST,020333.20,0.011,0.004,0.003,37.7094,2.724,1.231,9.596*42
$GNGST,020333.30,0.011,0.004,0.003,37.7094,2.724,1.231,9.596*43
$GNGST,020333.40,0.011,0.004,0.003,37.7095,2.724,1.231,9.596*45
$GNGST,020333.50,0.011,0.004,0.003,38.5591,2.724,1.231,9.596*48
$GNGST,020333.60,0.011,0.004,0.003,38.5458,2.724,1.231,9.596*4F
$GNGST,020333.70,0.011,0.004,0.003,37.7095,2.724,1.231,9.596*46
$GNGST,020333.80,0.010,0.004,0.003,38.8419,2.724,1.231,9.596*48
$GNGST,020333.90,0.011,0.004,0.003,39.1583,2.724,1.231,9.596*42
$GNGST,020334.00,0.011,0.004,0.003,38.3789,2.724,1.231,9.596*47
$GNGST,020334.10,0.011,0.004,0.003,38.2667,2.724,1.231,9.596*46
$GNGST,020334.20,0.011,0.004,0.003,38.2667,2.724,1.231,9.596*45
$GNGST,020334.30,0.011,0.004,0.003,39.0323,2.724,1.231,9.596*42
$GNGST,020334.40,0.011,0.004,0.003,38.2610,2.724,1.231,9.596*43
$GNGST,020334.50,0.011,0.004,0.003,39.1587,2.724,1.231,9.596*4D
$GNGST,020334.60,0.010,0.004,0.003,39.0816,2.724,1.231,9.596*4B
$GNGST,020334.70,0.011,0.004,0.003,39.9439,2.724,1.231,9.596*43
$GNGST,020334.80,0.011,0.004,0.003,39.9439,2.724,1.231,9.596*4C
$GNGST,020334.90,0.011,0.004,0.003,40.2768,2.724,1.231,9.596*4F
$GNGST,020335.00,0.011,0.004,0.003,39.8278,2.724,1.231,9.596*47
$GNGST,020335.10,0.011,0.004,0.003,40.1233,2.724,1.231,9.596*4E
$GNGST,020335.20,0.011,0.004,0.003,40.1409,2.724,1.231,9.596*42
$GNGST,020335.30,0.011,0.004,0.003,39.9444,2.724,1.231,9.596*4C
$GNGST,020335.40,0.010,0.004,0.003,39.1901,2.724,1.231,9.596*4E
$GNGST,020335.50,0.011,0.004,0.003,39.9446,2.724,1.231,9.596*48
$GNGST,020335.60,0.010,0.004,0.003,39.2844,2.724,1.231,9.596*4F
$GNGST,020335.70,0.010,0.004,0.003,39.2845,2.724,1.231,9.596*4F
$GNGST,020335.80,0.010,0.004,0.003,39.2846,2.724,1.231,9.596*43
$GNGST,020335.90,0.010,0.004,0.003,39.1597,2.724,1.231,9.596*40
$GNGST,020336.00,0.010,0.004,0.003,39.2847,2.724,1.231,9.596*49
$GNGST,020336.10,0.011,0.004,0.003,39.9040,2.724,1.231,9.596*4D
$GNGST,020336.20,0.010,0.004,0.003,39.1670,2.724,1.231,9.596*42
$GNGST,020336.30,0.010,0.004,0.003,39.1235,2.724,1.231,9.596*46
$GNGST,020336.40,0.010,0.004,0.003,39.1600,2.724,1.231,9.596*43
$GNGST,020336.50,0.011,0.004,0.003,39.8910,2.724,1.231,9.596*44
$GNGST,020336.60,0.010,0.004,0.003,39.2851,2.724,1.231,9.596*48
$GNGST,020336.70,0.010,0.004,0.003,39.2811,2.724,1.231,9.596*4D
$GNGST,020336.80,0.010,0.004,0.003,39.2811,2.724,1.231,9.596*42
$GNGST,020336.90,0.010,0.004,0.003,40.0470,2.724,1.231,9.596*44
$GNGST,020337.00,0.011,0.004,0.003,40.1575,2.724,1.231,9.596*48
$GNGST,020337.10,0.010,0.004,0.003,38.8217,2.724,1.231,9.596*4D
$GNGST,020337.20,0.010,0.004,0.003,39.4075,2.724,1.231,9.596*45
$GNGST,020337.30,0.010,0.004,0.003,38.8218,2.724,1.231,9.596*40
$GNGST,020337.40,0.010,0.004,0.003,38.4989,2.724,1.231,9.596*48
$GNGST,020337.50,0.010,0.004,0.003,39.2961,2.724,1.231,9.596*48
$GNGST,020337.60,0.010,0.004,0.003,38.4990,2.724,1.231,9.596*42
$GNGST,020337.70,0.011,0.004,0.003,39.8364,2.724,1.231,9.596*4E
$GNGST,020337.80,0.010,0.004,0.003,38.4990,2.724,1.231,9.596*4C
$GNGST,020337.90,0.010,0.004,0.003,38.6031,2.724,1.231,9.596*4D
$GNGST,020338.00,0.010,0.004,0.003,38.6031,2.724,1.231,9.596*4B
$GNGST,020338.10,0.010,0.004,0.003,38.6032,2.724,1.231,9.596*49
$GNGST,020338.20,0.010,0.004,0.003,38.5815,2.724,1.231,9.596*44
$GNGST,020338.30,0.010,0.004,0.003,38.5816,2.724,1.231,9.596*46
$GNGST,020338.40,0.010,0.004,0.003,38.6033,2.724,1.231,9.596*4D
$GNGST,020338.50,0.010,0.004,0.003,38.5817,2.724,1.231,9.596*41
$GNGST,020338.60,0.010,0.004,0.003,38.6034,2.724,1.231,9.596*48
$GNGST,020338.70,0.010,0.004,0.003,38.6034,2.724,1.231,9.596*49
$GNGST,020338.80,0.010,0.004,0.003,39.0503,2.724,1.231,9.596*40
$GNGST,020338.90,0.010,0.004,0.003,38.7268,2.724,1.231,9.596*4D
$GNGST,020339.00,0.010,0.004,0.003,38.4624,2.724,1.231,9.596*4A
$GNGST,020339.10,0.010,0.004,0.003,38.7308,2.724,1.231,9.596*43
$GNGST,020339.20,0.010,0.004,0.003,38.7308,2.724,1.231,9.596*40
$GNGST,020339.30,0.010,0.004,0.003,38.7270,2.724,1.231,9.596*4F
$GNGST,020339.40,0.010,0.004,0.003,38.7270,2.724,1.231,9.596*48
$GNGST,020339.50,0.010,0.004,0.003,38.3586,2.724,1.231,9.596*43
$GNGST,020339.60,0.010,0.004,0.003,38.3594,2.724,1.231,9.596*43
$GNGST,020339.70,0.010,0.004,0.003,38.4627,2.724,1.231,9.596*4E
$GNGST,020339.80,0.010,0.004,0.003,38.4069,2.724,1.231,9.596*4D
$GNGST,020339.90,0.011,0.004,0.003,38.8044,2.724,1.231,9.596*4E
$GNGST,020340.00,0.010,0.004,0.003,38.4037,2.724,1.231,9.596*40
$GNGST,020340.10,0.011,0.004,0.003,38.7960,2.724,1.231,9.596*48
$GNGST,020340.20,0.010,0.004,0.003,39.3473,2.724,1.231,9.596*40
$GNGST,020340.30,0.010,0.004,0.003,39.3428,2.724,1.231,9.596*4F
$GNGST,020340.40,0.010,0.004,0.003,39.3429,2.724,1.231,9.596*49
$GNGST,020340.50,0.010,0.004,0.003,39.3334,2.724,1.231,9.596*43
$GNGST,020340.60,0.010,0.004,0.003,39.3334,2.724,1.231,9.596*40
$GNGST,020340.70,0.010,0.004,0.003,39.3335,2.724,1.231,9.596*40
$GNGST,020340.80,0.010,0.004,0.003,39.1154,2.724,1.231,9.596*48
$GNGST,020340.90,0.010,0.004,0.003,38.5065,2.724,1.231,9.596*4F
$GNGST,020341.00,0.010,0.004,0.003,39.1155,2.724,1.231,9.596*40
$GNGST,020341.10,0.010,0.004,0.003,38.5066,2.724,1.231,9.596*45
$GNGST,020341.20,0.010,0.004,0.003,39.1037,2.724,1.231,9.596*47
$GNGST,020341.30,0.010,0.004,0.003,39.1037,2.724,1.231,9.596*46
$GNGST,020341.40,0.010,0.004,0.003,39.1157,2.724,1.231,9.596*46
$GNGST,020341.50,0.010,0.004,0.003,39.1038,2.724,1.231,9.596*4F
$GNGST,020341.60,0.010,0.004,0.003,37.6381,2.724,1.231,9.596*44
$GNGST,020341.70,0.010,0.004,0.003,37.6381,2.724,1.231,9.596*45
$GNGST,020341.80,0.010,0.004,0.003,37.6382,2.724,1.231,9.596*49
$GNGST,020341.90,0.011,0.004,0.003,33.6891,2.724,1.231,9.596*44
$GNGST,020342.00,0.011,0.004,0.003,32.5945,2.724,1.231,9.596*44
$GNGST,020342.10,0.011,0.004,0.003,32.3317,2.724,1.231,9.596*4E
$GNGST,020342.20,0.011,0.004,0.003,32.3913,2.724,1.231,9.596*43
$GNGST,020342.30,0.011,0.004,0.003,32.5944,2.724,1.231,9.596*46
$GNGST,020342.40,0.011,0.004,0.003,32.2071,2.724,1.231,9.596*49
$GNGST,020342.50,0.011,0.004,0.003,33.2866,2.724,1.231,9.596*47
$GNGST,020342.60,0.010,0.004,0.003,31.0634,2.724,1.231,9.596*4C
$GNGST,020342.70,0.010,0.004,0.003,31.0634,2.724,1.231,9.596*4D
$GNGST,020342.80,0.010,0.004,0.003,31.0634,2.724,1.231,9.596*42
$GNGST,020342.90,0.010,0.004,0.003,31.0634,2.724,1.231,9.596*43
$GNGST,020343.00,0.011,0.004,0.003,34.2040,2.724,1.231,9.596*48
$GNGST,020343.10,0.011,0.004,0.003,32.6879,2.724,1.231,9.596*49
$GNGST,020343.20,0.011,0.004,0.003,33.0734,2.724,1.231,9.596*4B
$GNGST,020343.30,0.011,0.004,0.003,33.2907,2.724,1.231,9.596*46
$GNGST,020343.40,0.011,0.004,0.003,33.2907,2.724,1.231,9.596*41
$GNGST,020343.50,0.011,0.004,0.003,33.4792,2.724,1.231,9.596*44
$GNGST,020343.60,0.011,0.004,0.003,33.0734,2.724,1.231,9.596*4F
$GNGST,020343.70,0.011,0.004,0.003,33.4792,2.724,1.231,9.596*46
$GNGST,020343.80,0.011,0.004,0.003,33.2906,2.724,1.231,9.596*4C
$GNGST,020343.90,0.011,0.004,0.003,33.2906,2.724,1.231,9.596*4D
$GNGST,020344.00,0.011,0.004,0.003,33.5888,2.724,1.231,9.596*43
$GNGST,020344.10,0.011,0.004,0.003,33.2906,2.724,1.231,9.596*42
$GNGST,020344.20,0.011,0.004,0.003,33.2906,2.724,1.231,9.596*41
$GNGST,020344.30,0.011,0.004,0.003,33.6957,2.724,1.231,9.596*40
$GNGST,020344.40,0.011,0.004,0.003,33.6957,2.724,1.231,9.596*47
$GNGST,020344.50,0.011,0.004,0.003,33.6957,2.724,1.231,9.596*46
$GNGST,020344.60,0.011,0.004,0.003,34.8192,2.724,1.231,9.596*4D
$GNGST,020344.70,0.011,0.004,0.003,33.6957,2.724,1.231,9.596*44
$GNGST,020344.80,0.011,0.004,0.003,34.6019,2.724,1.231,9.596*4F
$GNGST,020344.90,0.011,0.004,0.003,33.9088,2.724,1.231,9.596*4E
$GNGST,020345.00,0.010,0.004,0.003,34.8652,2.724,1.231,9.596*40
$GNGST,020345.10,0.011,0.004,0.003,36.2534,2.724,1.231,9.596*4B
$GNGST,020345.20,0.010,0.004,0.003,36.0201,2.724,1.231,9.596*4A
$GNGST,020345.30,0.011,0.004,0.003,35.7837,2.724,1.231,9.596*41
$GNGST,020345.40,0.011,0.004,0.003,36.2506,2.724,1.231,9.596*4F
$GNGST,020345.50,0.011,0.004,0.003,37.0300,2.724,1.231,9.596*4D
$GNGST,020345.60,0.010,0.004,0.003,34.4057,2.724,1.231,9.596*49
$GNGST,020345.70,0.010,0.004,0.003,34.4057,2.724,1.231,9.596*48
$GNGST,020345.80,0.010,0.004,0.003,34.4058,2.724,1.231,9.596*48
$GNGST,020345.90,0.010,0.004,0.003,37.4882,2.724,1.231,9.596*45
$GNGST,020346.00,0.010,0.004,0.003,37.4882,2.724,1.231,9.596*4F
$GNGST,020346.10,0.010,0.004,0.003,37.4883,2.724,1.231,9.596*4F
$GNGST,020346.20,0.010,0.004,0.003,37.4883,2.724,1.231,9.596*4C
$GNGST,020346.30,0.010,0.004,0.003,37.4883,2.724,1.231,9.596*4D
$GNGST,020346.40,0.010,0.004,0.003,36.7029,2.724,1.231,9.596*40
$GNGST,020346.50,0.010,0.004,0.003,38.3280,2.724,1.231,9.596*4A
$GNGST,020346.60,0.010,0.004,0.003,37.8860,2.724,1.231,9.596*49
$GNGST,020346.70,0.010,0.004,0.003,37.5593,2.724,1.231,9.596*44
$GNGST,020346.80,0.010,0.004,0.003,37.5563,2.724,1.231,9.596*44
$GNGST,020346.90,0.010,0.004,0.003,37.5563,2.724,1.231,9.596*45
$GNGST,020347.00,0.010,0.004,0.003,37.5594,2.724,1.231,9.596*45
$GNGST,020347.10,0.011,0.004,0.003,38.7108,2.724,1.231,9.596*49
$GNGST,020347.20,0.010,0.004,0.003,37.5595,2.724,1.231,9.596*46
$GNGST,020347.30,0.010,0.004,0.003,37.5595,2.724,1.231,9.596*47
$GNGST,020347.40,0.010,0.004,0.003,37.2958,2.724,1.231,9.596*4A
$GNGST,020347.50,0.010,0.004,0.003,37.5595,2.724,1.231,9.596*41
$GNGST,020347.60,0.010,0.004,0.003,37.5596,2.724,1.231,9.596*41
$GNGST,020347.70,0.010,0.004,0.003,37.7206,2.724,1.231,9.596*4C
$GNGST,020347.80,0.010,0.004,0.003,37.3649,2.724,1.231,9.596*48
$GNGST,020347.90,0.010,0.004,0.003,37.6507,2.724,1.231,9.596*45
$GNGST,020348.00,0.010,0.004,0.003,37.6507,2.724,1.231,9.596*43
$GNGST,020348.10,0.010,0.004,0.003,37.3614,2.724,1.231,9.596*46
$GNGST,020348.20,0.010,0.004,0.003,37.6472,2.724,1.231,9.596*42
$GNGST,020348.30,0.010,0.004,0.003,37.6508,2.724,1.231,9.596*4F
$GNGST,020348.40,0.010,0.004,0.003,38.4617,2.724,1.231,9.596*48
$GNGST,020348.50,0.010,0.004,0.003,36.2115,2.724,1.231,9.596*44
$GNGST,020348.60,0.011,0.004,0.003,36.7867,2.724,1.231,9.596*4F
$GNGST,020348.70,0.011,0.004,0.003,36.8480,2.724,1.231,9.596*44
$GNGST,020348.80,0.010,0.004,0.003,36.6314,2.724,1.231,9.596*4E
$GNGST,020348.90,0.010,0.004,0.003,35.5400,2.724,1.231,9.596*4D
$GNGST,020349.00,0.011,0.004,0.003,36.8481,2.724,1.231,9.596*43
$GNGST,020349.10,0.010,0.004,0.003,36.3666,2.724,1.231,9.596*43
$GNGST,020349.20,0.010,0.004,0.003,36.3667,2.724,1.231,9.596*41
$GNGST,020349.30,0.010,0.004,0.003,36.3758,2.724,1.231,9.596*4D
$GNGST,020349.40,0.010,0.004,0.003,36.3667,2.724,1.231,9.596*47
$GNGST,020349.50,0.010,0.004,0.003,36.3667,2.724,1.231,9.596*46
$GNGST,020349.60,0.010,0.004,0.003,37.1515,2.724,1.231,9.596*40
$GNGST,020349.70,0.010,0.004,0.003,36.7005,2.724,1.231,9.596*42
$GNGST,020349.80,0.010,0.004,0.003,36.7026,2.724,1.231,9.596*4C
$GNGST,020349.90,0.010,0.004,0.003,36.7026,2.724,1.231,9.596*4D
$GNGST,020350.00,0.010,0.004,0.003,36.7026,2.724,1.231,9.596*4C
$GNGST,020350.10,0.010,0.004,0.003,36.7026,2.724,1.231,9.596*4D
$GNGST,020350.20,0.010,0.004,0.003,36.7026,2.724,1.231,9.596*4E
$GNGST,020350.30,0.010,0.004,0.003,37.4914,2.724,1.231,9.596*45
$GNGST,020350.40,0.010,0.004,0.003,36.7027,2.724,1.231,9.596*49
$GNGST,020350.50,0.010,0.004,0.003,37.2621,2.724,1.231,9.596*4C
$GNGST,020350.60,0.010,0.004,0.003,37.7351,2.724,1.231,9.596*48
$GNGST,020350.70,0.010,0.004,0.003,37.2622,2.724,1.231,9.596*4D
$GNGST,020350.80,0.010,0.004,0.003,38.0061,2.724,1.231,9.596*4E
$GNGST,020350.90,0.010,0.004,0.003,37.2622,2.724,1.231,9.596*43
$GNGST,020351.00,0.010,0.004,0.003,37.4563,2.724,1.231,9.596*4B
$GNGST,020351.10,0.011,0.004,0.003,38.2940,2.724,1.231,9.596*4F
$GNGST,020351.20,0.010,0.004,0.003,37.7574,2.724,1.231,9.596*4C
$GNGST,020351.30,0.010,0.004,0.003,38.2775,2.724,1.231,9.596*44
$GNGST,020351.40,0.011,0.004,0.003,38.4153,2.724,1.231,9.596*46
$GNGST,020351.50,0.010,0.004,0.003,38.0316,2.724,1.231,9.596*41
$GNGST,020351.60,0.010,0.004,0.003,38.3075,2.724,1.231,9.596*47
$GNGST,020351.70,0.010,0.004,0.003,38.3075,2.724,1.231,9.596*46
$GNGST,020351.80,0.010,0.004,0.003,38.3371,2.724,1.231,9.596*4E
$GNGST,020351.90,0.010,0.004,0.003,38.6038,2.724,1.231,9.596*44
$GNGST,020352.00,0.010,0.004,0.003,38.6039,2.724,1.231,9.596*4F
$GNGST,020352.10,0.011,0.004,0.003,40.0027,2.724,1.231,9.596*49
$GNGST,020352.20,0.010,0.004,0.003,39.3831,2.724,1.231,9.596*49
$GNGST,020352.30,0.010,0.004,0.003,39.3832,2.724,1.231,9.596*4B
$GNGST,020352.40,0.011,0.004,0.003,39.6839,2.724,1.231,9.596*43
$GNGST,020352.50,0.010,0.004,0.003,39.0659,2.724,1.231,9.596*4D
$GNGST,020352.60,0.011,0.004,0.003,40.0034,2.724,1.231,9.596*4C
$GNGST,020352.70,0.011,0.004,0.003,39.6842,2.724,1.231,9.596*4C
$GNGST,020352.80,0.011,0.004,0.003,39.6843,2.724,1.231,9.596*42
$GNGST,020352.90,0.010,0.004,0.003,38.4996,2.724,1.231,9.596*48
$GNGST,020353.00,0.010,0.004,0.003,38.4996,2.724,1.231,9.596*40
$GNGST,020353.10,0.010,0.004,0.003,38.6020,2.724,1.231,9.596*47
$GNGST,020353.20,0.010,0.004,0.003,38.1303,2.724,1.231,9.596*41
$GNGST,020353.30,0.010,0.004,0.003,38.6018,2.724,1.231,9.596*4E
$GNGST,020353.40,0.010,0.004,0.003,38.9140,2.724,1.231,9.596*4A
$GNGST,020353.50,0.010,0.004,0.003,38.9237,2.724,1.231,9.596*48
$GNGST,020353.60,0.010,0.004,0.003,41.4821,2.724,1.231,9.596*45
$GNGST,020353.70,0.010,0.004,0.003,38.7919,2.724,1.231,9.596*43
$GNGST,020353.80,0.010,0.004,0.003,39.3179,2.724,1.231,9.596*47
$GNGST,020353.90,0.010,0.004,0.003,38.7920,2.724,1.231,9.596*47
$GNGST,020354.00,0.010,0.004,0.003,39.4949,2.724,1.231,9.596*44
$GNGST,020354.10,0.010,0.004,0.003,39.1798,2.724,1.231,9.596*42
$GNGST,020354.20,0.010,0.004,0.003,39.1799,2.724,1.231,9.596*40
$GNGST,020354.30,0.010,0.004,0.003,39.4951,2.724,1.231,9.596*4E
$GNGST,020354.40,0.010,0.004,0.003,39.4952,2.724,1.231,9.596*4A
$GNGST,020354.50,0.010,0.004,0.003,39.4953,2.724,1.231,9.596*4A
$GNGST,020354.60,0.010,0.004,0.003,39.4954,2.724,1.231,9.596*4E
$GNGST,020354.70,0.011,0.004,0.003,39.9685,2.724,1.231,9.596*40
$GNGST,020354.80,0.010,0.004,0.003,38.9516,2.724,1.231,9.596*46
$GNGST,020354.90,0.010,0.004,0.003,38.6814,2.724,1.231,9.596*47
$GNGST,020355.00,0.010,0.004,0.003,38.9518,2.724,1.231,9.596*41
$GNGST,020355.10,0.010,0.004,0.003,38.9518,2.724,1.231,9.596*40
$GNGST,020355.20,0.010,0.004,0.003,39.5173,2.724,1.231,9.596*47
$GNGST,020355.30,0.010,0.004,0.003,38.9520,2.724,1.231,9.596*49
$GNGST,020355.40,0.010,0.004,0.003,39.3059,2.724,1.231,9.596*4E
$GNGST,020355.50,0.010,0.004,0.003,39.7010,2.724,1.231,9.596*46
$GNGST,020355.60,0.010,0.004,0.003,39.7010,2.724,1.231,9.596*45
$GNGST,020355.70,0.010,0.004,0.003,38.1498,2.724,1.231,9.596*47
$GNGST,020355.80,0.010,0.004,0.003,37.8589,2.724,1.231,9.596*4F
$GNGST,020355.90,0.010,0.004,0.003,38.6054,2.724,1.231,9.596*4A
$GNGST,020356.00,0.010,0.004,0.003,37.7081,2.724,1.231,9.596*46
$GNGST,020356.10,0.010,0.004,0.003,38.7525,2.724,1.231,9.596*43
$GNGST,020356.20,0.010,0.004,0.003,37.7723,2.724,1.231,9.596*4B
$GNGST,020356.30,0.010,0.004,0.003,38.8990,2.724,1.231,9.596*4C
$GNGST,020356.40,0.010,0.004,0.003,38.8990,2.724,1.231,9.596*4B
$GNGST,020356.50,0.010,0.004,0.003,38.8991,2.724,1.231,9.596*4B
$GNGST,020356.60,0.010,0.004,0.003,38.0309,2.724,1.231,9.596*4B
$GNGST,020356.70,0.010,0.004,0.003,38.2806,2.724,1.231,9.596*4C
$GNGST,020356.80,0.010,0.004,0.003,38.7660,2.724,1.231,9.596*48
$GNGST,020356.90,0.010,0.004,0.003,38.0310,2.724,1.231,9.596*4C
$GNGST,020357.00,0.010,0.004,0.003,38.7661,2.724,1.231,9.596*40
$GNGST,020357.10,0.010,0.004,0.003,39.0635,2.724,1.231,9.596*46
$GNGST,020357.20,0.010,0.004,0.003,39.0636,2.724,1.231,9.596*46
$GNGST,020357.30,0.010,0.004,0.003,38.0312,2.724,1.231,9.596*45
$GNGST,020357.40,0.010,0.004,0.003,38.0312,2.724,1.231,9.596*42
$GNGST,020357.50,0.010,0.004,0.003,38.7664,2.724,1.231,9.596*40
$GNGST,020357.60,0.010,0.004,0.003,37.7434,2.724,1.231,9.596*4B
$GNGST,020357.70,0.010,0.004,0.003,37.7434,2.724,1.231,9.596*4A
$GNGST,020357.80,0.010,0.004,0.003,38.0562,2.724,1.231,9.596*4F
$GNGST,020357.90,0.010,0.004,0.003,38.0562,2.724,1.231,9.596*4E
$GNGST,020358.00,0.010,0.004,0.003,38.0563,2.724,1.231,9.596*49
$GNGST,020358.10,0.010,0.004,0.003,38.0563,2.724,1.231,9.596*48
$GNGST,020358.20,0.010,0.004,0.003,38.0563,2.724,1.231,9.596*4B
$GNGST,020358.30,0.010,0.004,0.003,38.0564,2.724,1.231,9.596*4D
$GNGST,020358.40,0.010,0.004,0.003,38.0604,2.724,1.231,9.596*4F
$GNGST,020358.50,0.010,0.004,0.003,38.0564,2.724,1.231,9.596*4B
$GNGST,020358.60,0.010,0.004,0.003,38.7960,2.724,1.231,9.596*47
$GNGST,020358.70,0.010,0.004,0.003,36.7200,2.724,1.231,9.596*45
$GNGST,020358.80,0.010,0.004,0.003,38.2884,2.724,1.231,9.596*47
$GNGST,020358.90,0.010,0.004,0.003,38.2885,2.724,1.231,9.596*47
$GNGST,020359.00,0.010,0.004,0.003,38.5415,2.724,1.231,9.596*4D
$GNGST,020359.10,0.010,0.004,0.003,38.2885,2.724,1.231,9.596*4E
$GNGST,020359.20,0.010,0.004,0.003,39.2969,2.724,1.231,9.596*4F
$GNGST,020359.30,0.010,0.004,0.003,38.9848,2.724,1.231,9.596*46
$GNGST,020359.40,0.010,0.004,0.003,38.5417,2.724,1.231,9.596*4B
$GNGST,020359.50,0.010,0.004,0.003,38.3376,2.724,1.231,9.596*4C
$GNGST,020359.60,0.010,0.004,0.003,39.0475,2.724,1.231,9.596*49
$GNGST,020359.70,0.010,0.004,0.003,39.0476,2.724,1.231,9.596*4B
$GNGST,020359.80,0.010,0.004,0.003,38.3407,2.724,1.231,9.596*40
$GNGST,020359.90,0.010,0.004,0.003,39.0441,2.724,1.231,9.596*41
$GNGST,020400.00,0.010,0.004,0.003,39.0442,2.724,1.231,9.596*40
$GNGST,020400.10,0.010,0.004,0.003,39.0442,2.724,1.231,9.596*41
$GNGST,020400.20,0.010,0.004,0.003,39.0185,2.724,1.231,9.596*4C
$GNGST,020400.30,0.010,0.004,0.003,39.0185,2.724,1.231,9.596*4D
$GNGST,020400.40,0.010,0.004,0.003,39.0186,2.724,1.231,9.596*49
$GNGST,020400.50,0.010,0.004,0.003,39.0221,2.724,1.231,9.596*46
$GNGST,020400.60,0.010,0.004,0.003,38.7378,2.724,1.231,9.596*4E
$GNGST,020400.70,0.010,0.004,0.003,38.3206,2.724,1.231,9.596*43
$GNGST,020400.80,0.010,0.004,0.003,38.3245,2.724,1.231,9.596*4B
$GNGST,020400.90,0.010,0.004,0.003,38.3245,2.724,1.231,9.596*4A
$GNGST,020401.00,0.010,0.004,0.003,38.3245,2.724,1.231,9.596*42
$GNGST,020401.10,0.010,0.004,0.003,38.0595,2.724,1.231,9.596*4A
$GNGST,020401.20,0.010,0.004,0.003,38.0556,2.724,1.231,9.596*46
$GNGST,020401.30,0.010,0.004,0.003,38.3208,2.724,1.231,9.596*48
$GNGST,020401.40,0.010,0.004,0.003,38.3246,2.724,1.231,9.596*45
$GNGST,020401.50,0.010,0.004,0.003,38.3247,2.724,1.231,9.596*45
$GNGST,020401.60,0.010,0.004,0.003,38.0597,2.724,1.231,9.596*4F
$GNGST,020401.70,0.010,0.004,0.003,39.1061,2.724,1.231,9.596*42
$GNGST,020401.80,0.010,0.004,0.003,38.3768,2.724,1.231,9.596*40
$GNGST,020401.90,0.010,0.004,0.003,39.4329,2.724,1.231,9.596*46
$GNGST,020402.00,0.010,0.004,0.003,39.4329,2.724,1.231,9.596*4C
$GNGST,020402.10,0.010,0.004,0.003,39.2602,2.724,1.231,9.596*47
$GNGST,020402.20,0.010,0.004,0.003,39.4331,2.724,1.231,9.596*47
$GNGST,020402.30,0.010,0.004,0.003,39.4210,2.724,1.231,9.596*44
$GNGST,020402.40,0.010,0.004,0.003,39.0675,2.724,1.231,9.596*40
$GNGST,020402.50,0.010,0.004,0.003,38.9151,2.724,1.231,9.596*48
$GNGST,020402.60,0.010,0.004,0.003,38.9152,2.724,1.231,9.596*48
$GNGST,020402.70,0.010,0.004,0.003,36.1891,2.724,1.231,9.596*49
$GNGST,020402.80,0.010,0.004,0.003,36.4149,2.724,1.231,9.596*4F
$GNGST,020402.90,0.010,0.004,0.003,36.4149,2.724,1.231,9.596*4E
$GNGST,020403.00,0.010,0.004,0.003,38.0272,2.724,1.231,9.596*47
$GNGST,020403.10,0.010,0.004,0.003,38.0272,2.724,1.231,9.596*46
$GNGST,020403.20,0.010,0.004,0.003,38.5499,2.724,1.231,9.596*43
$GNGST,020403.30,0.010,0.004,0.003,36.4567,2.724,1.231,9.596*4D
$GNGST,020403.40,0.010,0.004,0.003,36.4567,2.724,1.231,9.596*4A
$GNGST,020403.50,0.010,0.004,0.003,36.4567,2.724,1.231,9.596*4B
$GNGST,020403.60,0.010,0.004,0.003,36.4567,2.724,1.231,9.596*48
$GNGST,020403.70,0.010,0.004,0.003,37.4922,2.724,1.231,9.596*45
$GNGST,020403.80,0.010,0.004,0.003,37.0940,2.724,1.231,9.596*4A
$GNGST,020403.90,0.010,0.004,0.003,37.7968,2.724,1.231,9.596*46
$GNGST,020404.00,0.010,0.004,0.003,37.7968,2.724,1.231,9.596*48
$GNGST,020404.10,0.010,0.004,0.003,37.7856,2.724,1.231,9.596*45
$GNGST,020404.20,0.010,0.004,0.003,37.7856,2.724,1.231,9.596*46
$GNGST,020404.30,0.010,0.004,0.003,37.7969,2.724,1.231,9.596*4A
$GNGST,020404.40,0.010,0.004,0.003,37.7970,2.724,1.231,9.596*45
$GNGST,020404.50,0.010,0.004,0.003,37.5038,2.724,1.231,9.596*43
$GNGST,020404.60,0.011,0.004,0.003,33.2466,2.724,1.231,9.596*4D
$GNGST,020404.70,0.011,0.004,0.003,33.6047,2.724,1.231,9.596*4F
$GNGST,020404.80,0.011,0.004,0.003,34.2002,2.724,1.231,9.596*42
$GNGST,020404.90,0.011,0.004,0.003,33.6047,2.724,1.231,9.596*41
$GNGST,020405.00,0.011,0.004,0.003,33.2479,2.724,1.231,9.596*44
$GNGST,020405.10,0.011,0.004,0.003,34.3019,2.724,1.231,9.596*41
$GNGST,020405.20,0.011,0.004,0.003,34.5426,2.724,1.231,9.596*4C
$GNGST,020405.30,0.011,0.004,0.003,34.5426,2.724,1.231,9.596*4D
$GNGST,020405.40,0.011,0.004,0.003,33.6046,2.724,1.231,9.596*4C
$GNGST,020405.50,0.011,0.004,0.003,33.2478,2.724,1.231,9.596*40
$GNGST,020405.60,0.011,0.004,0.003,33.4007,2.724,1.231,9.596*49
$GNGST,020405.70,0.011,0.004,0.003,34.4938,2.724,1.231,9.596*4A
$GNGST,020405.80,0.011,0.004,0.003,33.4540,2.724,1.231,9.596*41
$GNGST,020405.90,0.011,0.004,0.003,33.1756,2.724,1.231,9.596*40
$GNGST,020406.00,0.011,0.004,0.003,33.4539,2.724,1.231,9.596*44
$GNGST,020406.10,0.011,0.004,0.003,34.0986,2.724,1.231,9.596*4E
$GNGST,020406.20,0.011,0.004,0.003,33.1755,2.724,1.231,9.596*4B
$GNGST,020406.30,0.011,0.004,0.003,33.4006,2.724,1.231,9.596*4E
$GNGST,020406.40,0.011,0.004,0.003,34.3371,2.724,1.231,9.596*4A
$GNGST,020406.50,0.011,0.004,0.003,34.5216,2.724,1.231,9.596*4D
$GNGST,020406.60,0.010,0.004,0.003,35.2770,2.724,1.231,9.596*4C
$GNGST,020406.70,0.011,0.004,0.003,36.3752,2.724,1.231,9.596*4E
$GNGST,020406.80,0.011,0.004,0.003,36.3569,2.724,1.231,9.596*4B
$GNGST,020406.90,0.011,0.004,0.003,36.1472,2.724,1.231,9.596*43
$GNGST,020407.00,0.011,0.004,0.003,36.6150,2.724,1.231,9.596*49
$GNGST,020407.10,0.011,0.004,0.003,36.1559,2.724,1.231,9.596*42
$GNGST,020407.20,0.011,0.004,0.003,36.3571,2.724,1.231,9.596*49
$GNGST,020407.30,0.011,0.004,0.003,35.8980,2.724,1.231,9.596*42
$GNGST,020407.40,0.011,0.004,0.003,35.8980,2.724,1.231,9.596*45
$GNGST,020407.50,0.011,0.004,0.003,35.8891,2.724,1.231,9.596*45
$GNGST,020407.60,0.010,0.004,0.003,36.4645,2.724,1.231,9.596*4F
$GNGST,020407.70,0.010,0.004,0.003,36.7769,2.724,1.231,9.596*42
$GNGST,020407.80,0.010,0.004,0.003,36.2099,2.724,1.231,9.596*40
$GNGST,020407.90,0.011,0.004,0.003,37.0059,2.724,1.231,9.596*4F
$GNGST,020408.00,0.010,0.004,0.003,36.2099,2.724,1.231,9.596*47
$GNGST,020408.10,0.011,0.004,0.003,36.9960,2.724,1.231,9.596*43
$GNGST,020408.20,0.010,0.004,0.003,36.1914,2.724,1.231,9.596*4A
$GNGST,020408.30,0.011,0.004,0.003,36.9786,2.724,1.231,9.596*47
$GNGST,020408.40,0.010,0.004,0.003,36.1914,2.724,1.231,9.596*4C
$GNGST,020408.50,0.010,0.004,0.003,36.1928,2.724,1.231,9.596*42
$GNGST,020408.60,0.010,0.004,0.003,36.1928,2.724,1.231,9.596*41
$GNGST,020408.70,0.010,0.004,0.003,36.1928,2.724,1.231,9.596*40
$GNGST,020408.80,0.010,0.004,0.003,36.1928,2.724,1.231,9.596*4F
$GNGST,020408.90,0.010,0.004,0.003,37.0965,2.724,1.231,9.596*47
$GNGST,020409.00,0.010,0.004,0.003,36.5216,2.724,1.231,9.596*44
$GNGST,020409.10,0.010,0.004,0.003,36.5216,2.724,1.231,9.596*45
$GNGST,020409.20,0.010,0.004,0.003,37.3050,2.724,1.231,9.596*41
$GNGST,020409.30,0.011,0.004,0.003,38.1304,2.724,1.231,9.596*4E
$GNGST,020409.40,0.010,0.004,0.003,37.4840,2.724,1.231,9.596*49
$GNGST,020409.50,0.011,0.004,0.003,33.2969,2.724,1.231,9.596*41
$GNGST,020409.60,0.011,0.004,0.003,33.2088,2.724,1.231,9.596*44
$GNGST,020409.70,0.011,0.004,0.003,33.2067,2.724,1.231,9.596*44
$GNGST,020409.80,0.011,0.004,0.003,34.1176,2.724,1.231,9.596*4E
$GNGST,020409.90,0.011,0.004,0.003,33.2200,2.724,1.231,9.596*49
$GNGST,020410.00,0.011,0.004,0.003,33.3525,2.724,1.231,9.596*49
$GNGST,020410.10,0.011,0.004,0.003,34.6939,2.724,1.231,9.596*4B
$GNGST,020410.20,0.011,0.004,0.003,33.3525,2.724,1.231,9.596*4B
$GNGST,020410.30,0.011,0.004,0.003,34.2995,2.724,1.231,9.596*4B
$GNGST,020410.40,0.011,0.004,0.003,34.1176,2.724,1.231,9.596*4A
$GNGST,020410.50,0.011,0.004,0.003,33.8875,2.724,1.231,9.596*4F
$GNGST,020410.60,0.011,0.004,0.003,33.3823,2.724,1.231,9.596*44
$GNGST,020410.70,0.011,0.004,0.003,33.3823,2.724,1.231,9.596*45
$GNGST,020410.80,0.011,0.004,0.003,33.1941,2.724,1.231,9.596*4D
$GNGST,020410.90,0.011,0.004,0.003,34.0968,2.724,1.231,9.596*41
$GNGST,020411.00,0.011,0.004,0.003,34.0967,2.724,1.231,9.596*46
$GNGST,020411.10,0.011,0.004,0.003,34.0316,2.724,1.231,9.596*4B
$GNGST,020411.20,0.011,0.004,0.003,34.0315,2.724,1.231,9.596*4B
$GNGST,020411.30,0.011,0.004,0.003,34.0315,2.724,1.231,9.596*4A
$GNGST,020411.40,0.011,0.004,0.003,34.0315,2.724,1.231,9.596*4D
$GNGST,020411.50,0.011,0.004,0.003,34.0967,2.724,1.231,9.596*43
$GNGST,020411.60,0.011,0.004,0.003,34.0315,2.724,1.231,9.596*4F
$GNGST,020411.70,0.011,0.004,0.003,34.0967,2.724,1.231,9.596*41
$GNGST,020411.80,0.011,0.004,0.003,33.4494,2.724,1.231,9.596*4C
$GNGST,020411.90,0.010,0.004,0.003,31.6608,2.724,1.231,9.596*4B
$GNGST,020412.00,0.011,0.004,0.003,34.0688,2.724,1.231,9.596*4B
$GNGST,020412.10,0.011,0.004,0.003,34.1332,2.724,1.231,9.596*4F
$GNGST,020412.20,0.010,0.004,0.003,33.8939,2.724,1.231,9.596*42
$GNGST,020412.30,0.010,0.004,0.003,33.8918,2.724,1.231,9.596*40
$GNGST,020412.40,0.011,0.004,0.003,34.8751,2.724,1.231,9.596*42
$GNGST,020412.50,0.011,0.004,0.003,34.5600,2.724,1.231,9.596*4B
$GNGST,020412.60,0.011,0.004,0.003,34.8640,2.724,1.231,9.596*41
$GNGST,020412.70,0.011,0.004,0.003,34.8751,2.724,1.231,9.596*41
$GNGST,020412.80,0.010,0.004,0.003,34.7249,2.724,1.231,9.596*4C
$GNGST,020412.90,0.010,0.004,0.003,34.9377,2.724,1.231,9.596*4F
$GNGST,020413.00,0.010,0.004,0.003,34.9377,2.724,1.231,9.596*47
$GNGST,020413.10,0.010,0.004,0.003,34.9377,2.724,1.231,9.596*46
$GNGST,020413.20,0.010,0.004,0.003,35.8298,2.724,1.231,9.596*45
$GNGST,020413.30,0.010,0.004,0.003,34.9377,2.724,1.231,9.596*44
$GNGST,020413.40,0.010,0.004,0.003,35.8298,2.724,1.231,9.596*43
$GNGST,020413.50,0.010,0.004,0.003,34.9377,2.724,1.231,9.596*42
$GNGST,020413.60,0.010,0.004,0.003,33.4143,2.724,1.231,9.596*4E
$GNGST,020413.70,0.010,0.004,0.003,33.4143,2.724,1.231,9.596*4F
$GNGST,020413.80,0.010,0.004,0.003,33.4143,2.724,1.231,9.596*40
$GNGST,020413.90,0.010,0.004,0.003,33.4143,2.724,1.231,9.596*41
$GNGST,020414.00,0.010,0.004,0.003,36.2282,2.724,1.231,9.596*42
$GNGST,020414.10,0.010,0.004,0.003,36.1702,2.724,1.231,9.596*4D
$GNGST,020414.20,0.010,0.004,0.003,36.2282,2.724,1.231,9.596*40
$GNGST,020414.30,0.010,0.004,0.003,35.6493,2.724,1.231,9.596*40
$GNGST,020414.40,0.010,0.004,0.003,36.1702,2.724,1.231,9.596*48
$GNGST,020414.50,0.010,0.004,0.003,36.1702,2.724,1.231,9.596*49
$GNGST,020414.60,0.010,0.004,0.003,33.8287,2.724,1.231,9.596*4E
$GNGST,020414.70,0.010,0.004,0.003,33.8287,2.724,1.231,9.596*4F
$GNGST,020414.80,0.010,0.004,0.003,35.7201,2.724,1.231,9.596*47
$GNGST,020414.90,0.010,0.004,0.003,35.7868,2.724,1.231,9.596*43
$GNGST,020415.00,0.010,0.004,0.003,35.7868,2.724,1.231,9.596*4B
$GNGST,020415.10,0.010,0.004,0.003,35.7868,2.724,1.231,9.596*4A
$GNGST,020415.20,0.010,0.004,0.003,36.5428,2.724,1.231,9.596*40
$GNGST,020415.30,0.010,0.004,0.003,35.8404,2.724,1.231,9.596*41
$GNGST,020415.40,0.010,0.004,0.003,34.2070,2.724,1.231,9.596*4A
$GNGST,020415.50,0.010,0.004,0.003,34.2071,2.724,1.231,9.596*4A
$GNGST,020415.60,0.010,0.004,0.003,34.2071,2.724,1.231,9.596*49
$GNGST,020415.70,0.010,0.004,0.003,34.2071,2.724,1.231,9.596*48
$GNGST,020415.80,0.010,0.004,0.003,35.9469,2.724,1.231,9.596*40
$GNGST,020415.90,0.010,0.004,0.003,35.9469,2.724,1.231,9.596*41
$GNGST,020416.00,0.010,0.004,0.003,35.9469,2.724,1.231,9.596*4B
$GNGST,020416.10,0.010,0.004,0.003,36.6794,2.724,1.231,9.596*47
$GNGST,020416.20,0.010,0.004,0.003,35.9458,2.724,1.231,9.596*4B
$GNGST,020416.30,0.010,0.004,0.003,35.9458,2.724,1.231,9.596*4A
$GNGST,020416.40,0.010,0.004,0.003,36.5860,2.724,1.231,9.596*45
$GNGST,020416.50,0.010,0.004,0.003,36.9989,2.724,1.231,9.596*4E
$GNGST,020416.60,0.010,0.004,0.003,34.6341,2.724,1.231,9.596*4E
$GNGST,020416.70,0.010,0.004,0.003,34.6341,2.724,1.231,9.596*4F
$GNGST,020416.80,0.010,0.004,0.003,34.6342,2.724,1.231,9.596*43
$GNGST,020416.90,0.010,0.004,0.003,37.2223,2.724,1.231,9.596*43
$GNGST,020417.00,0.010,0.004,0.003,36.2973,2.724,1.231,9.596*44
$GNGST,020417.10,0.010,0.004,0.003,37.2223,2.724,1.231,9.596*4A
$GNGST,020417.20,0.010,0.004,0.003,37.2657,2.724,1.231,9.596*4E
$GNGST,020417.30,0.010,0.004,0.003,37.1279,2.724,1.231,9.596*44
$GNGST,020417.40,0.010,0.004,0.003,37.1279,2.724,1.231,9.596*43
$GNGST,020417.50,0.010,0.004,0.003,37.2753,2.724,1.231,9.596*4C
$GNGST,020417.60,0.010,0.004,0.003,37.2569,2.724,1.231,9.596*44
$GNGST,020417.70,0.010,0.004,0.003,36.3873,2.724,1.231,9.596*43
$GNGST,020417.80,0.010,0.004,0.003,36.9093,2.724,1.231,9.596*40
$GNGST,020417.90,0.010,0.004,0.003,36.9093,2.724,1.231,9.596*41
$GNGST,020418.00,0.010,0.004,0.003,37.0685,2.724,1.231,9.596*4E
$GNGST,020418.10,0.010,0.004,0.003,37.1404,2.724,1.231,9.596*45
$GNGST,020418.20,0.010,0.004,0.003,37.1480,2.724,1.231,9.596*4A
$GNGST,020418.30,0.010,0.004,0.003,37.1405,2.724,1.231,9.596*46
$GNGST,020418.40,0.010,0.004,0.003,37.4719,2.724,1.231,9.596*4A
$GNGST,020418.50,0.010,0.004,0.003,37.5159,2.724,1.231,9.596*48
$GNGST,020418.60,0.011,0.004,0.003,37.9807,2.724,1.231,9.596*44
$GNGST,020418.70,0.010,0.004,0.003,37.4613,2.724,1.231,9.596*42
$GNGST,020418.80,0.010,0.004,0.003,36.6901,2.724,1.231,9.596*42
$GNGST,020418.90,0.010,0.004,0.003,36.8565,2.724,1.231,9.596*43
$GNGST,020419.00,0.010,0.004,0.003,36.9053,2.724,1.231,9.596*4A
$GNGST,020419.10,0.010,0.004,0.003,36.9077,2.724,1.231,9.596*4D
$GNGST,020419.20,0.010,0.004,0.003,36.7387,2.724,1.231,9.596*4C
$GNGST,020419.30,0.010,0.004,0.003,37.4453,2.724,1.231,9.596*41
$GNGST,020419.40,0.010,0.004,0.003,37.3946,2.724,1.231,9.596*48
$GNGST,020419.50,0.010,0.004,0.003,36.6902,2.724,1.231,9.596*4D
$GNGST,020419.60,0.010,0.004,0.003,37.3182,2.724,1.231,9.596*4A
$GNGST,020419.70,0.010,0.004,0.003,37.4435,2.724,1.231,9.596*45
$GNGST,020419.80,0.011,0.004,0.003,38.2670,2.724,1.231,9.596*41
$GNGST,020419.90,0.010,0.004,0.003,38.4677,2.724,1.231,9.596*40
$GNGST,020420.00,0.010,0.004,0.003,38.4934,2.724,1.231,9.596*4B
$GNGST,020420.10,0.010,0.004,0.003,37.9772,2.724,1.231,9.596*44
$GNGST,020420.20,0.010,0.004,0.003,38.4935,2.724,1.231,9.596*48
$GNGST,020420.30,0.010,0.004,0.003,37.7950,2.724,1.231,9.596*46
$GNGST,020420.40,0.010,0.004,0.003,37.9773,2.724,1.231,9.596*40
$GNGST,020420.50,0.010,0.004,0.003,37.8320,2.724,1.231,9.596*42
$GNGST,020420.60,0.010,0.004,0.003,37.5206,2.724,1.231,9.596*49
$GNGST,020420.70,0.010,0.004,0.003,37.8428,2.724,1.231,9.596*4F
$GNGST,020420.80,0.010,0.004,0.003,37.5237,2.724,1.231,9.596*45
$GNGST,020420.90,0.010,0.004,0.003,37.8470,2.724,1.231,9.596*4C
$GNGST,020421.00,0.010,0.004,0.003,37.5238,2.724,1.231,9.596*43
$GNGST,020421.10,0.010,0.004,0.003,37.8770,2.724,1.231,9.596*46
$GNGST,020421.20,0.010,0.004,0.003,37.5035,2.724,1.231,9.596*4E
$GNGST,020421.30,0.010,0.004,0.003,37.1847,2.724,1.231,9.596*46
$GNGST,020421.40,0.010,0.004,0.003,37.1847,2.724,1.231,9.596*41
$GNGST,020421.50,0.010,0.004,0.003,37.5068,2.724,1.231,9.596*41
$GNGST,020421.60,0.010,0.004,0.003,37.5036,2.724,1.231,9.596*49
$GNGST,020421.70,0.010,0.004,0.003,37.5036,2.724,1.231,9.596*48
$GNGST,020421.80,0.010,0.004,0.003,37.6395,2.724,1.231,9.596*4E
$GNGST,020421.90,0.010,0.004,0.003,37.6395,2.724,1.231,9.596*4F
$GNGST,020422.00,0.010,0.004,0.003,38.2923,2.724,1.231,9.596*49
$GNGST,020422.10,0.010,0.004,0.003,38.2924,2.724,1.231,9.596*4F
$GNGST,020422.20,0.010,0.004,0.003,38.2924,2.724,1.231,9.596*4C
$GNGST,020422.30,0.010,0.004,0.003,39.6211,2.724,1.231,9.596*45
$GNGST,020422.40,0.010,0.004,0.003,38.2925,2.724,1.231,9.596*4B
$GNGST,020422.50,0.010,0.004,0.003,38.2926,2.724,1.231,9.596*49
$GNGST,020422.60,0.010,0.004,0.003,38.2926,2.724,1.231,9.596*4A
$GNGST,020422.70,0.010,0.004,0.003,38.2927,2.724,1.231,9.596*4A
$GNGST,020422.80,0.010,0.004,0.003,38.2927,2.724,1.231,9.596*45
$GNGST,020422.90,0.010,0.004,0.003,38.0776,2.724,1.231,9.596*4C
$GNGST,020423.00,0.010,0.004,0.003,38.0777,2.724,1.231,9.596*45
$GNGST,020423.10,0.010,0.004,0.003,37.4085,2.724,1.231,9.596*45
$GNGST,020423.20,0.010,0.004,0.003,37.0879,2.724,1.231,9.596*49
$GNGST,020423.30,0.010,0.004,0.003,37.4085,2.724,1.231,9.596*47
$GNGST,020423.40,0.010,0.004,0.003,37.4086,2.724,1.231,9.596*43
$GNGST,020423.50,0.010,0.004,0.003,37.7791,2.724,1.231,9.596*40
$GNGST,020423.60,0.010,0.004,0.003,37.4086,2.724,1.231,9.596*41
$GNGST,020423.70,0.010,0.004,0.003,37.6601,2.724,1.231,9.596*4B
$GNGST,020423.80,0.010,0.004,0.003,37.6602,2.724,1.231,9.596*47
$GNGST,020423.90,0.010,0.004,0.003,38.3517,2.724,1.231,9.596*4B
$GNGST,020424.00,0.010,0.004,0.003,37.9450,2.724,1.231,9.596*42
$GNGST,020424.10,0.010,0.004,0.003,38.5137,2.724,1.231,9.596*44
$GNGST,020424.20,0.010,0.004,0.003,38.3738,2.724,1.231,9.596*48
$GNGST,020424.30,0.011,0.004,0.003,38.3162,2.724,1.231,9.596*41
$GNGST,020424.40,0.011,0.004,0.003,38.4246,2.724,1.231,9.596*44
$GNGST,020424.50,0.010,0.004,0.003,37.9849,2.724,1.231,9.596*43
$GNGST,020424.60,0.010,0.004,0.003,38.0336,2.724,1.231,9.596*45
$GNGST,020424.70,0.010,0.004,0.003,38.4864,2.724,1.231,9.596*4C
$GNGST,020424.80,0.010,0.004,0.003,38.5736,2.724,1.231,9.596*4A
$GNGST,020424.90,0.010,0.004,0.003,38.5737,2.724,1.231,9.596*4A
$GNGST,020425.00,0.010,0.004,0.003,38.5737,2.724,1.231,9.596*42
$GNGST,020425.10,0.010,0.004,0.003,38.7304,2.724,1.231,9.596*45
$GNGST,020425.20,0.010,0.004,0.003,38.5739,2.724,1.231,9.596*4E
$GNGST,020425.30,0.011,0.004,0.003,38.7549,2.724,1.231,9.596*49
$GNGST,020425.40,0.010,0.004,0.003,37.9676,2.724,1.231,9.596*41
$GNGST,020425.50,0.010,0.004,0.003,37.9409,2.724,1.231,9.596*4A
$GNGST,020425.60,0.010,0.004,0.003,38.7644,2.724,1.231,9.596*43
$GNGST,020425.70,0.010,0.004,0.003,38.5949,2.724,1.231,9.596*42
$GNGST,020425.80,0.010,0.004,0.003,38.0984,2.724,1.231,9.596*49
$GNGST,020425.90,0.010,0.004,0.003,38.7040,2.724,1.231,9.596*4E
$GNGST,020426.00,0.010,0.004,0.003,38.0985,2.724,1.231,9.596*43
$GNGST,020426.10,0.010,0.004,0.003,38.0985,2.724,1.231,9.596*42
$GNGST,020426.20,0.010,0.004,0.003,38.0985,2.724,1.231,9.596*41
$GNGST,020426.30,0.010,0.004,0.003,38.7041,2.724,1.231,9.596*46
$GNGST,020426.40,0.010,0.004,0.003,38.7041,2.724,1.231,9.596*41
$GNGST,020426.50,0.010,0.004,0.003,38.7042,2.724,1.231,9.596*43
$GNGST,020426.60,0.010,0.004,0.003,38.7042,2.724,1.231,9.596*40
$GNGST,020426.70,0.011,0.004,0.003,39.4029,2.724,1.231,9.596*4F
$GNGST,020426.80,0.010,0.004,0.003,37.8319,2.724,1.231,9.596*43
$GNGST,020426.90,0.010,0.004,0.003,37.8281,2.724,1.231,9.596*42
$GNGST,020427.00,0.010,0.004,0.003,37.7037,2.724,1.231,9.596*4A
$GNGST,020427.10,0.010,0.004,0.003,37.8319,2.724,1.231,9.596*4B
$GNGST,020427.20,0.010,0.004,0.003,38.4414,2.724,1.231,9.596*41
$GNGST,020427.30,0.011,0.004,0.003,38.9883,2.724,1.231,9.596*4E
$GNGST,020427.40,0.010,0.004,0.003,38.4415,2.724,1.231,9.596*46
$GNGST,020427.50,0.010,0.004,0.003,38.2919,2.724,1.231,9.596*40
$GNGST,020427.60,0.010,0.004,0.003,37.6772,2.724,1.231,9.596*4B
$GNGST,020427.70,0.010,0.004,0.003,38.3055,2.724,1.231,9.596*42
$GNGST,020427.80,0.010,0.004,0.003,41.2419,2.724,1.231,9.596*4E
$GNGST,020427.90,0.010,0.004,0.003,41.5844,2.724,1.231,9.596*4C
$GNGST,020428.00,0.010,0.004,0.003,41.6764,2.724,1.231,9.596*44
$GNGST,020428.10,0.010,0.004,0.003,41.9083,2.724,1.231,9.596*44
$GNGST,020428.20,0.010,0.004,0.003,41.9084,2.724,1.231,9.596*40
$GNGST,020428.30,0.010,0.004,0.003,41.9085,2.724,1.231,9.596*40
$GNGST,020428.40,0.010,0.004,0.003,41.9086,2.724,1.231,9.596*44
$GNGST,020428.50,0.010,0.004,0.003,41.9087,2.724,1.231,9.596*44
$GNGST,020428.60,0.010,0.004,0.003,40.1664,2.724,1.231,9.596*45
$GNGST,020428.70,0.010,0.004,0.003,40.1665,2.724,1.231,9.596*45
$GNGST,020428.80,0.010,0.004,0.003,40.1666,2.724,1.231,9.596*49
$GNGST,020428.90,0.010,0.004,0.003,40.5735,2.724,1.231,9.596*4B
$GNGST,020429.00,0.010,0.004,0.003,40.5556,2.724,1.231,9.596*44
$GNGST,020429.10,0.010,0.004,0.003,40.5557,2.724,1.231,9.596*44
$GNGST,020429.20,0.010,0.004,0.003,40.6532,2.724,1.231,9.596*47
$GNGST,020429.30,0.010,0.004,0.003,40.4278,2.724,1.231,9.596*4D
$GNGST,020429.40,0.010,0.004,0.003,40.9483,2.724,1.231,9.596*45
$GNGST,020429.50,0.010,0.004,0.003,40.6533,2.724,1.231,9.596*41
$GNGST,020429.60,0.010,0.004,0.003,39.3657,2.724,1.231,9.596*48
$GNGST,020429.70,0.010,0.004,0.003,39.3658,2.724,1.231,9.596*46
$GNGST,020429.80,0.010,0.004,0.003,39.2098,2.724,1.231,9.596*42
$GNGST,020429.90,0.010,0.004,0.003,39.1965,2.724,1.231,9.596*4B
$GNGST,020430.00,0.010,0.004,0.003,39.6122,2.724,1.231,9.596*46
$GNGST,020430.10,0.010,0.004,0.003,39.6123,2.724,1.231,9.596*46
$GNGST,020430.20,0.010,0.004,0.003,39.6123,2.724,1.231,9.596*45
$GNGST,020430.30,0.010,0.004,0.003,39.1967,2.724,1.231,9.596*4B
$GNGST,020430.40,0.010,0.004,0.003,40.1617,2.724,1.231,9.596*4A
$GNGST,020430.50,0.010,0.004,0.003,39.1967,2.724,1.231,9.596*4D
$GNGST,020430.60,0.011,0.004,0.003,35.3645,2.724,1.231,9.596*4E
$GNGST,020430.70,0.011,0.004,0.003,34.7282,2.724,1.231,9.596*45
$GNGST,020430.80,0.011,0.004,0.003,35.3389,2.724,1.231,9.596*45
$GNGST,020430.90,0.011,0.004,0.003,34.8108,2.724,1.231,9.596*45
$GNGST,020431.00,0.011,0.004,0.003,34.8105,2.724,1.231,9.596*40
$GNGST,020431.10,0.011,0.004,0.003,35.3203,2.724,1.231,9.596*4E
$GNGST,020431.20,0.011,0.004,0.003,35.2633,2.724,1.231,9.596*4B
$GNGST,020431.30,0.011,0.004,0.003,34.7184,2.724,1.231,9.596*45
$GNGST,020431.40,0.011,0.004,0.003,35.4242,2.724,1.231,9.596*49
$GNGST,020431.50,0.011,0.004,0.003,35.3254,2.724,1.231,9.596*48
$GNGST,020431.60,0.010,0.004,0.003,33.2460,2.724,1.231,9.596*4C
$GNGST,020431.70,0.010,0.004,0.003,33.2460,2.724,1.231,9.596*4D
$GNGST,020431.80,0.011,0.004,0.003,34.8977,2.724,1.231,9.596*45
$GNGST,020431.90,0.011,0.004,0.003,35.5249,2.724,1.231,9.596*4E
$GNGST,020432.00,0.011,0.004,0.003,35.6157,2.724,1.231,9.596*4B
$GNGST,020432.10,0.011,0.004,0.003,35.6157,2.724,1.231,9.596*4A
$GNGST,020432.20,0.011,0.004,0.003,35.6157,2.724,1.231,9.596*49
$GNGST,020432.30,0.011,0.004,0.003,34.9804,2.724,1.231,9.596*49
$GNGST,020432.40,0.011,0.004,0.003,34.8910,2.724,1.231,9.596*4B
$GNGST,020432.50,0.011,0.004,0.003,35.6069,2.724,1.231,9.596*42
$GNGST,020432.60,0.011,0.004,0.003,35.6069,2.724,1.231,9.596*41
$GNGST,020432.70,0.011,0.004,0.003,35.6069,2.724,1.231,9.596*40
$GNGST,020432.80,0.011,0.004,0.003,37.9361,2.724,1.231,9.596*49
$GNGST,020432.90,0.011,0.004,0.003,38.0294,2.724,1.231,9.596*45
$GNGST,020433.00,0.011,0.004,0.003,38.0295,2.724,1.231,9.596*4C
$GNGST,020433.10,0.011,0.004,0.003,38.4432,2.724,1.231,9.596*42
$GNGST,020433.20,0.011,0.004,0.003,37.9362,2.724,1.231,9.596*41
$GNGST,020433.30,0.011,0.004,0.003,38.0295,2.724,1.231,9.596*4F
$GNGST,020433.40,0.011,0.004,0.003,38.4432,2.724,1.231,9.596*47
$GNGST,020433.50,0.011,0.004,0.003,38.4433,2.724,1.231,9.596*47
$GNGST,020433.60,0.011,0.004,0.003,38.4433,2.724,1.231,9.596*44
$GNGST,020433.70,0.011,0.004,0.003,38.6363,2.724,1.231,9.596*45
$GNGST,020433.80,0.011,0.004,0.003,38.6364,2.724,1.231,9.596*4D
$GNGST,020433.90,0.010,0.004,0.003,38.0048,2.724,1.231,9.596*46
$GNGST,020434.00,0.010,0.004,0.003,38.0050,2.724,1.231,9.596*41
$GNGST,020434.10,0.011,0.004,0.003,38.5319,2.724,1.231,9.596*4A
$GNGST,020434.20,0.010,0.004,0.003,38.1030,2.724,1.231,9.596*44
$GNGST,020434.30,0.010,0.004,0.003,38.1030,2.724,1.231,9.596*45
$GNGST,020434.40,0.010,0.004,0.003,38.0008,2.724,1.231,9.596*48
$GNGST,020434.50,0.011,0.004,0.003,38.6366,2.724,1.231,9.596*45
$GNGST,020434.60,0.010,0.004,0.003,39.0893,2.724,1.231,9.596*41
$GNGST,020434.70,0.010,0.004,0.003,39.1014,2.724,1.231,9.596*46
$GNGST,020434.80,0.010,0.004,0.003,39.1014,2.724,1.231,9.596*49
$GNGST,020434.90,0.010,0.004,0.003,39.1015,2.724,1.231,9.596*49
$GNGST,020435.00,0.010,0.004,0.003,39.1016,2.724,1.231,9.596*42
$GNGST,020435.10,0.011,0.004,0.003,38.8161,2.724,1.231,9.596*4B
$GNGST,020435.20,0.011,0.004,0.003,38.5603,2.724,1.231,9.596*46
$GNGST,020435.30,0.011,0.004,0.003,39.0923,2.724,1.231,9.596*4E
$GNGST,020435.40,0.011,0.004,0.003,39.5306,2.724,1.231,9.596*41
$GNGST,020435.50,0.011,0.004,0.003,39.0924,2.724,1.231,9.596*4F
$GNGST,020435.60,0.011,0.004,0.003,38.7090,2.724,1.231,9.596*4C
$GNGST,020435.70,0.010,0.004,0.003,38.7999,2.724,1.231,9.596*4C
$GNGST,020435.80,0.010,0.004,0.003,38.7797,2.724,1.231,9.596*43
$GNGST,020435.90,0.011,0.004,0.003,39.1713,2.724,1.231,9.596*48
$GNGST,020436.00,0.011,0.004,0.003,39.3897,2.724,1.231,9.596*43
$GNGST,020436.10,0.010,0.004,0.003,38.7718,2.724,1.231,9.596*4E
$GNGST,020436.20,0.010,0.004,0.003,38.6826,2.724,1.231,9.596*4E
$GNGST,020436.30,0.010,0.004,0.003,38.6827,2.724,1.231,9.596*4E
$GNGST,020436.40,0.010,0.004,0.003,38.6827,2.724,1.231,9.596*49
$GNGST,020436.50,0.010,0.004,0.003,38.7031,2.724,1.231,9.596*46
$GNGST,020436.60,0.010,0.004,0.003,38.7031,2.724,1.231,9.596*45
$GNGST,020436.70,0.011,0.004,0.003,39.1907,2.724,1.231,9.596*4E
$GNGST,020436.80,0.010,0.004,0.003,39.1346,2.724,1.231,9.596*4F
$GNGST,020436.90,0.010,0.004,0.003,39.1441,2.724,1.231,9.596*4E
$GNGST,020437.00,0.011,0.004,0.003,39.3196,2.724,1.231,9.596*4A
$GNGST,020437.10,0.010,0.004,0.003,39.4256,2.724,1.231,9.596*42
$GNGST,020437.20,0.011,0.004,0.003,39.3198,2.724,1.231,9.596*46
$GNGST,020437.30,0.011,0.004,0.003,39.2715,2.724,1.231,9.596*45
$GNGST,020437.40,0.011,0.004,0.003,39.1598,2.724,1.231,9.596*46
$GNGST,020437.50,0.011,0.004,0.003,39.1599,2.724,1.231,9.596*46
$GNGST,020437.60,0.011,0.004,0.003,38.8763,2.724,1.231,9.596*4A
$GNGST,020437.70,0.010,0.004,0.003,39.0396,2.724,1.231,9.596*4D
$GNGST,020437.80,0.010,0.004,0.003,39.1446,2.724,1.231,9.596*49
$GNGST,020437.90,0.010,0.004,0.003,38.7739,2.724,1.231,9.596*44
$GNGST,020438.00,0.011,0.004,0.003,38.9289,2.724,1.231,9.596*43
$GNGST,020438.10,0.010,0.004,0.003,38.4698,2.724,1.231,9.596*4A
$GNGST,020438.20,0.011,0.004,0.003,38.7885,2.724,1.231,9.596*49
$GNGST,020438.30,0.010,0.004,0.003,38.9082,2.724,1.231,9.596*48
$GNGST,020438.40,0.010,0.004,0.003,38.5849,2.724,1.231,9.596*4C
$GNGST,020438.50,0.011,0.004,0.003,39.4272,2.724,1.231,9.596*4E
$GNGST,020438.60,0.010,0.004,0.003,38.9083,2.724,1.231,9.596*4C
$GNGST,020438.70,0.010,0.004,0.003,38.5850,2.724,1.231,9.596*47
$GNGST,020438.80,0.010,0.004,0.003,40.3624,2.724,1.231,9.596*4C
$GNGST,020438.90,0.011,0.004,0.003,40.4821,2.724,1.231,9.596*40
$GNGST,020439.00,0.011,0.004,0.003,40.6902,2.724,1.231,9.596*4A
$GNGST,020439.10,0.011,0.004,0.003,40.4952,2.724,1.231,9.596*4C
$GNGST,020439.20,0.011,0.004,0.003,40.4823,2.724,1.231,9.596*48
$GNGST,020439.30,0.011,0.004,0.003,40.3793,2.724,1.231,9.596*4A
$GNGST,020439.40,0.010,0.004,0.003,40.3854,2.724,1.231,9.596*48
$GNGST,020439.50,0.011,0.004,0.003,40.4825,2.724,1.231,9.596*49
$GNGST,020439.60,0.011,0.004,0.003,40.4825,2.724,1.231,9.596*4A
$GNGST,020439.70,0.011,0.004,0.003,40.8030,2.724,1.231,9.596*4B
$GNGST,020439.80,0.011,0.004,0.003,40.8030,2.724,1.231,9.596*44
$GNGST,020439.90,0.011,0.004,0.003,39.9692,2.724,1.231,9.596*44
$GNGST,020440.00,0.011,0.004,0.003,39.8581,2.724,1.231,9.596*43
$GNGST,020440.10,0.011,0.004,0.003,39.9795,2.724,1.231,9.596*44
$GNGST,020440.20,0.011,0.004,0.003,39.9693,2.724,1.231,9.596*40
$GNGST,020440.30,0.011,0.004,0.003,39.9694,2.724,1.231,9.596*46
$GNGST,020440.40,0.011,0.004,0.003,40.0688,2.724,1.231,9.596*4B
$GNGST,020440.50,0.011,0.004,0.003,41.8153,2.724,1.231,9.596*42
$GNGST,020440.60,0.011,0.004,0.003,40.0689,2.724,1.231,9.596*48
$GNGST,020440.70,0.011,0.004,0.003,40.3054,2.724,1.231,9.596*4C
$GNGST,020440.80,0.011,0.004,0.003,40.2947,2.724,1.231,9.596*49
$GNGST,020440.90,0.011,0.004,0.003,40.4763,2.724,1.231,9.596*46
$GNGST,020441.00,0.011,0.004,0.003,40.3055,2.724,1.231,9.596*4B
$GNGST,020441.10,0.011,0.004,0.003,40.3121,2.724,1.231,9.596*48
$GNGST,020441.20,0.011,0.004,0.003,40.1723,2.724,1.231,9.596*4D
$GNGST,020441.30,0.011,0.004,0.003,40.2649,2.724,1.231,9.596*42
$GNGST,020441.40,0.011,0.004,0.003,40.9293,2.724,1.231,9.596*4D
$GNGST,020441.50,0.011,0.004,0.003,40.4076,2.724,1.231,9.596*48
$GNGST,020441.60,0.011,0.004,0.003,40.4034,2.724,1.231,9.596*4D
$GNGST,020441.70,0.010,0.004,0.003,40.3077,2.724,1.231,9.596*4D
$GNGST,020441.80,0.011,0.004,0.003,40.3186,2.724,1.231,9.596*4C
$GNGST,020441.90,0.011,0.004,0.003,40.5027,2.724,1.231,9.596*41
$GNGST,020442.00,0.011,0.004,0.003,40.4904,2.724,1.231,9.596*42
$GNGST,020442.10,0.011,0.004,0.003,40.4160,2.724,1.231,9.596*49
$GNGST,020442.20,0.010,0.004,0.003,40.3080,2.724,1.231,9.596*43
$GNGST,020442.30,0.011,0.004,0.003,40.4037,2.724,1.231,9.596*48
$GNGST,020442.40,0.011,0.004,0.003,40.4906,2.724,1.231,9.596*44
$GNGST,020442.50,0.011,0.004,0.003,41.0159,2.724,1.231,9.596*42
$GNGST,020442.60,0.011,0.004,0.003,40.4162,2.724,1.231,9.596*4C
$GNGST,020442.70,0.011,0.004,0.003,40.4163,2.724,1.231,9.596*4C
$GNGST,020442.80,0.010,0.004,0.003,39.4710,2.724,1.231,9.596*4E
$GNGST,020442.90,0.010,0.004,0.003,39.4711,2.724,1.231,9.596*4E
$GNGST,020443.00,0.011,0.004,0.003,40.3443,2.724,1.231,9.596*4A
$GNGST,020443.10,0.011,0.004,0.003,40.1079,2.724,1.231,9.596*44
$GNGST,020443.20,0.011,0.004,0.003,40.3444,2.724,1.231,9.596*4F
$GNGST,020443.30,0.011,0.004,0.003,40.1133,2.724,1.231,9.596*49
$GNGST,020443.40,0.011,0.004,0.003,40.3445,2.724,1.231,9.596*48
$GNGST,020443.50,0.011,0.004,0.003,40.3445,2.724,1.231,9.596*49
$GNGST,020443.60,0.011,0.004,0.003,39.9690,2.724,1.231,9.596*44
$GNGST,020443.70,0.011,0.004,0.003,39.7396,2.724,1.231,9.596*48
$GNGST,020443.80,0.010,0.004,0.003,40.1081,2.724,1.231,9.596*4B
$GNGST,020443.90,0.010,0.004,0.003,40.1082,2.724,1.231,9.596*49
$GNGST,020444.00,0.011,0.004,0.003,39.7397,2.724,1.231,9.596*49
$GNGST,020444.10,0.010,0.004,0.003,40.1310,2.724,1.231,9.596*4E
$GNGST,020444.20,0.011,0.004,0.003,39.9693,2.724,1.231,9.596*44
$GNGST,020444.30,0.011,0.004,0.003,40.2081,2.724,1.231,9.596*45
$GNGST,020444.40,0.011,0.004,0.003,40.2082,2.724,1.231,9.596*41
$GNGST,020444.50,0.010,0.004,0.003,40.1084,2.724,1.231,9.596*44
$GNGST,020444.60,0.010,0.004,0.003,40.1085,2.724,1.231,9.596*46
$GNGST,020444.70,0.010,0.004,0.003,40.1085,2.724,1.231,9.596*47
$GNGST,020444.80,0.010,0.004,0.003,39.2645,2.724,1.231,9.596*4F
$GNGST,020444.90,0.011,0.004,0.003,40.3977,2.724,1.231,9.596*4E
$GNGST,020445.00,0.011,0.004,0.003,40.0645,2.724,1.231,9.596*4B
$GNGST,020445.10,0.011,0.004,0.003,40.2826,2.724,1.231,9.596*43
$GNGST,020445.20,0.011,0.004,0.003,40.2930,2.724,1.231,9.596*46
$GNGST,020445.30,0.011,0.004,0.003,40.4114,2.724,1.231,9.596*4F
$GNGST,020445.40,0.011,0.004,0.003,40.4115,2.724,1.231,9.596*49
$GNGST,020445.50,0.011,0.004,0.003,40.4014,2.724,1.231,9.596*48
$GNGST,020445.60,0.011,0.004,0.003,40.3973,2.724,1.231,9.596*44
$GNGST,020445.70,0.011,0.004,0.003,41.2726,2.724,1.231,9.596*4B
$GNGST,020445.80,0.011,0.004,0.003,40.4062,2.724,1.231,9.596*44
$GNGST,020445.90,0.011,0.004,0.003,40.6052,2.724,1.231,9.596*44
$GNGST,020446.00,0.011,0.004,0.003,40.3115,2.724,1.231,9.596*49
$GNGST,020446.10,0.011,0.004,0.003,40.9028,2.724,1.231,9.596*4D
$GNGST,020446.20,0.011,0.004,0.003,40.4064,2.724,1.231,9.596*4B
$GNGST,020446.30,0.011,0.004,0.003,40.6227,2.724,1.231,9.596*4D
$GNGST,020446.40,0.011,0.004,0.003,40.9030,2.724,1.231,9.596*41
$GNGST,020446.50,0.011,0.004,0.003,40.7542,2.724,1.231,9.596*4E
$GNGST,020446.60,0.011,0.004,0.003,40.7542,2.724,1.231,9.596*4D
$GNGST,020446.70,0.011,0.004,0.003,40.7660,2.724,1.231,9.596*4F
$GNGST,020446.80,0.011,0.004,0.003,40.5734,2.724,1.231,9.596*42
$GNGST,020446.90,0.011,0.004,0.003,40.7661,2.724,1.231,9.596*40
$GNGST,020447.00,0.011,0.004,0.003,40.9036,2.724,1.231,9.596*42
$GNGST,020447.10,0.011,0.004,0.003,41.0348,2.724,1.231,9.596*41
$GNGST,020447.20,0.011,0.004,0.003,41.0463,2.724,1.231,9.596*4C
$GNGST,020447.30,0.011,0.004,0.003,40.7663,2.724,1.231,9.596*49
$GNGST,020447.40,0.011,0.004,0.003,41.0464,2.724,1.231,9.596*4D
$GNGST,020447.50,0.011,0.004,0.003,41.3204,2.724,1.231,9.596*4F
$GNGST,020447.60,0.011,0.004,0.003,41.3076,2.724,1.231,9.596*4B
$GNGST,020447.70,0.011,0.004,0.003,40.4830,2.724,1.231,9.596*46
$GNGST,020447.80,0.011,0.004,0.003,40.8496,2.724,1.231,9.596*45
$GNGST,020447.90,0.011,0.004,0.003,40.9830,2.724,1.231,9.596*45
$GNGST,020448.00,0.011,0.004,0.003,40.8497,2.724,1.231,9.596*43
$GNGST,020448.10,0.011,0.004,0.003,40.9831,2.724,1.231,9.596*43
$GNGST,020448.20,0.011,0.004,0.003,40.9831,2.724,1.231,9.596*40
$GNGST,020448.30,0.011,0.004,0.003,40.8498,2.724,1.231,9.596*4F
$GNGST,020448.40,0.011,0.004,0.003,40.6092,2.724,1.231,9.596*48
$GNGST,020448.50,0.011,0.004,0.003,40.3289,2.724,1.231,9.596*44
$GNGST,020448.60,0.010,0.004,0.003,39.8786,2.724,1.231,9.596*49
$GNGST,020448.70,0.011,0.004,0.003,39.7463,2.724,1.231,9.596*4E
$GNGST,020448.80,0.011,0.004,0.003,39.8423,2.724,1.231,9.596*4A
$GNGST,020448.90,0.011,0.004,0.003,39.7464,2.724,1.231,9.596*47
$GNGST,020449.00,0.010,0.004,0.003,39.8787,2.724,1.231,9.596*4F
$GNGST,020449.10,0.011,0.004,0.003,39.8424,2.724,1.231,9.596*45
$GNGST,020449.20,0.011,0.004,0.003,39.7465,2.724,1.231,9.596*4C
$GNGST,020449.30,0.011,0.004,0.003,39.7466,2.724,1.231,9.596*4E
$GNGST,020449.40,0.011,0.004,0.003,39.7466,2.724,1.231,9.596*49
$GNGST,020449.50,0.011,0.004,0.003,39.7466,2.724,1.231,9.596*48
$GNGST,020449.60,0.011,0.004,0.003,39.7467,2.724,1.231,9.596*4A
$GNGST,020449.70,0.011,0.004,0.003,39.8427,2.724,1.231,9.596*40
$GNGST,020449.80,0.010,0.004,0.003,39.8992,2.724,1.231,9.596*4D
$GNGST,020449.90,0.011,0.004,0.003,39.5106,2.724,1.231,9.596*45
$GNGST,020450.00,0.011,0.004,0.003,39.5106,2.724,1.231,9.596*44
$GNGST,020450.10,0.011,0.004,0.003,39.6940,2.724,1.231,9.596*4C
$GNGST,020450.20,0.011,0.004,0.003,39.5952,2.724,1.231,9.596*4F
$GNGST,020450.30,0.011,0.004,0.003,39.6097,2.724,1.231,9.596*4D
$GNGST,020450.40,0.011,0.004,0.003,39.5107,2.724,1.231,9.596*41
$GNGST,020450.50,0.011,0.004,0.003,40.2569,2.724,1.231,9.596*45
$GNGST,020450.60,0.011,0.004,0.003,40.3922,2.724,1.231,9.596*44
$GNGST,020450.70,0.011,0.004,0.003,39.9195,2.724,1.231,9.596*45
$GNGST,020450.80,0.011,0.004,0.003,39.8688,2.724,1.231,9.596*40
$GNGST,020450.90,0.011,0.004,0.003,39.6868,2.724,1.231,9.596*4F
$GNGST,020451.00,0.011,0.004,0.003,39.8688,2.724,1.231,9.596*49
$GNGST,020451.10,0.011,0.004,0.003,39.7718,2.724,1.231,9.596*4F
$GNGST,020451.20,0.011,0.004,0.003,39.8325,2.724,1.231,9.596*49
$GNGST,020451.30,0.011,0.004,0.003,39.9674,2.724,1.231,9.596*48
$GNGST,020451.40,0.011,0.004,0.003,39.8835,2.724,1.231,9.596*45
$GNGST,020451.50,0.011,0.004,0.003,39.9675,2.724,1.231,9.596*4F
$GNGST,020451.60,0.011,0.004,0.003,39.8836,2.724,1.231,9.596*44
$GNGST,020451.70,0.010,0.004,0.003,40.1507,2.724,1.231,9.596*4C
$GNGST,020451.80,0.010,0.004,0.003,40.1507,2.724,1.231,9.596*43
$GNGST,020451.90,0.010,0.004,0.003,40.1508,2.724,1.231,9.596*4D
$GNGST,020452.00,0.011,0.004,0.003,41.5790,2.724,1.231,9.596*40
$GNGST,020452.10,0.011,0.004,0.003,40.2044,2.724,1.231,9.596*49
$GNGST,020452.20,0.011,0.004,0.003,40.2045,2.724,1.231,9.596*4B
$GNGST,020452.30,0.011,0.004,0.003,40.2045,2.724,1.231,9.596*4A
$GNGST,020452.40,0.011,0.004,0.003,40.2046,2.724,1.231,9.596*4E
$GNGST,020452.50,0.011,0.004,0.003,40.2046,2.724,1.231,9.596*4F
$GNGST,020452.60,0.011,0.004,0.003,40.2047,2.724,1.231,9.596*4D
$GNGST,020452.70,0.011,0.004,0.003,40.2649,2.724,1.231,9.596*44
$GNGST,020452.80,0.011,0.004,0.003,39.9573,2.724,1.231,9.596*44
$GNGST,020452.90,0.011,0.004,0.003,40.3303,2.724,1.231,9.596*40
$GNGST,020453.00,0.011,0.004,0.003,40.3304,2.724,1.231,9.596*4F
$GNGST,020453.10,0.011,0.004,0.003,40.6143,2.724,1.231,9.596*4A
$GNGST,020453.20,0.011,0.004,0.003,40.2490,2.724,1.231,9.596*46
$GNGST,020453.30,0.011,0.004,0.003,40.3305,2.724,1.231,9.596*4D
$GNGST,020453.40,0.011,0.004,0.003,40.3306,2.724,1.231,9.596*49
$GNGST,020453.50,0.011,0.004,0.003,40.0555,2.724,1.231,9.596*4B
$GNGST,020453.60,0.010,0.004,0.003,40.1197,2.724,1.231,9.596*42
$GNGST,020453.70,0.011,0.004,0.003,40.1946,2.724,1.231,9.596*46
$GNGST,020453.80,0.011,0.004,0.003,39.6740,2.724,1.231,9.596*48
$GNGST,020453.90,0.011,0.004,0.003,40.0985,2.724,1.231,9.596*46
$GNGST,020454.00,0.011,0.004,0.003,39.9324,2.724,1.231,9.596*4E
$GNGST,020454.10,0.011,0.004,0.003,39.6742,2.724,1.231,9.596*44
$GNGST,020454.20,0.011,0.004,0.003,39.7745,2.724,1.231,9.596*41
$GNGST,020454.30,0.011,0.004,0.003,39.7746,2.724,1.231,9.596*43
$GNGST,020454.40,0.011,0.004,0.003,39.7747,2.724,1.231,9.596*45
$GNGST,020454.50,0.011,0.004,0.003,40.4187,2.724,1.231,9.596*43
$GNGST,020454.60,0.011,0.004,0.003,40.4207,2.724,1.231,9.596*4B
$GNGST,020454.70,0.011,0.004,0.003,39.9412,2.724,1.231,9.596*4B
$GNGST,020454.80,0.011,0.004,0.003,40.1855,2.724,1.231,9.596*4D
$GNGST,020454.90,0.011,0.004,0.003,39.7354,2.724,1.231,9.596*4E
$GNGST,020455.00,0.011,0.004,0.003,39.7354,2.724,1.231,9.596*46
$GNGST,020455.10,0.011,0.004,0.003,39.7355,2.724,1.231,9.596*46
$GNGST,020455.20,0.011,0.004,0.003,39.7355,2.724,1.231,9.596*45
$GNGST,020455.30,0.011,0.004,0.003,39.9415,2.724,1.231,9.596*49
$GNGST,020455.40,0.011,0.004,0.003,39.9415,2.724,1.231,9.596*4E
$GNGST,020455.50,0.011,0.004,0.003,40.1239,2.724,1.231,9.596*41
$GNGST,020455.60,0.011,0.004,0.003,39.9416,2.724,1.231,9.596*4F
$GNGST,020455.70,0.011,0.004,0.003,39.9416,2.724,1.231,9.596*4E
$GNGST,020455.80,0.011,0.004,0.003,40.5857,2.724,1.231,9.596*4A
$GNGST,020455.90,0.011,0.004,0.003,30.7413,2.724,1.231,9.596*42
$GNGST,020456.00,0.011,0.004,0.003,30.5325,2.724,1.231,9.596*48
$GNGST,020456.10,0.011,0.004,0.003,30.4451,2.724,1.231,9.596*4C
$GNGST,020456.20,0.011,0.004,0.003,30.4451,2.724,1.231,9.596*4F
$GNGST,020456.30,0.011,0.004,0.003,30.4120,2.724,1.231,9.596*4D
$GNGST,020456.40,0.011,0.004,0.003,30.4450,2.724,1.231,9.596*48
$GNGST,020456.50,0.011,0.004,0.003,30.4449,2.724,1.231,9.596*41
$GNGST,020456.60,0.011,0.004,0.003,30.4420,2.724,1.231,9.596*4D
$GNGST,020456.70,0.011,0.004,0.003,30.5293,2.724,1.231,9.596*43
$GNGST,020456.80,0.011,0.004,0.003,30.3635,2.724,1.231,9.596*42
$GNGST,020456.90,0.011,0.004,0.003,30.6129,2.724,1.231,9.596*4C
$GNGST,020457.00,0.011,0.004,0.003,30.6129,2.724,1.231,9.596*44
$GNGST,020457.10,0.011,0.004,0.003,30.3633,2.724,1.231,9.596*4C
$GNGST,020457.20,0.011,0.004,0.003,30.7002,2.724,1.231,9.596*4F
$GNGST,020457.30,0.011,0.004,0.003,30.3632,2.724,1.231,9.596*4F
$GNGST,020457.40,0.011,0.004,0.003,30.5017,2.724,1.231,9.596*4F
$GNGST,020457.50,0.011,0.004,0.003,30.4681,2.724,1.231,9.596*46
$GNGST,020457.60,0.011,0.004,0.003,30.4681,2.724,1.231,9.596*45
$GNGST,020457.70,0.011,0.004,0.003,30.3865,2.724,1.231,9.596*47
$GNGST,020457.80,0.011,0.004,0.003,30.6159,2.724,1.231,9.596*4B
$GNGST,020457.90,0.011,0.004,0.003,34.3913,2.724,1.231,9.596*4D
$GNGST,020458.00,0.011,0.004,0.003,34.3418,2.724,1.231,9.596*4D
$GNGST,020458.10,0.011,0.004,0.003,34.3417,2.724,1.231,9.596*43
$GNGST,020458.20,0.011,0.004,0.003,34.4991,2.724,1.231,9.596*44
$GNGST,020458.30,0.011,0.004,0.003,34.4990,2.724,1.231,9.596*44
$GNGST,020458.40,0.011,0.004,0.003,34.4990,2.724,1.231,9.596*43
$GNGST,020458.50,0.011,0.004,0.003,34.4990,2.724,1.231,9.596*42
$GNGST,020458.60,0.011,0.004,0.003,34.4990,2.724,1.231,9.596*41
$GNGST,020458.70,0.011,0.004,0.003,33.5635,2.724,1.231,9.596*46
$GNGST,020458.80,0.011,0.004,0.003,34.4990,2.724,1.231,9.596*4F
$GNGST,020458.90,0.011,0.004,0.003,36.6345,2.724,1.231,9.596*4C
$GNGST,020459.00,0.011,0.004,0.003,36.2213,2.724,1.231,9.596*42
$GNGST,020459.10,0.011,0.004,0.003,36.5091,2.724,1.231,9.596*4C
$GNGST,020459.20,0.011,0.004,0.003,36.7043,2.724,1.231,9.596*42
$GNGST,020459.30,0.011,0.004,0.003,36.5178,2.724,1.231,9.596*48
$GNGST,020459.40,0.011,0.004,0.003,36.4090,2.724,1.231,9.596*49
$GNGST,020459.50,0.010,0.004,0.003,35.4571,2.724,1.231,9.596*40
$GNGST,020459.60,0.011,0.004,0.003,36.4189,2.724,1.231,9.596*42
$GNGST,020459.70,0.010,0.004,0.003,37.9154,2.724,1.231,9.596*4E
$GNGST,020459.80,0.010,0.004,0.003,37.6768,2.724,1.231,9.596*47
$GNGST,020459.90,0.010,0.004,0.003,36.9520,2.724,1.231,9.596*46
$GNGST,020500.00,0.010,0.004,0.003,37.1608,2.724,1.231,9.596*42
$GNGST,020500.10,0.010,0.004,0.003,37.0949,2.724,1.231,9.596*48
$GNGST,020500.20,0.010,0.004,0.003,37.4534,2.724,1.231,9.596*49
$GNGST,020500.30,0.010,0.004,0.003,37.2461,2.724,1.231,9.596*4F
$GNGST,020500.40,0.009,0.003,0.003,35.8412,2.724,1.231,9.596*4B
$GNGST,020500.50,0.010,0.004,0.003,37.2462,2.724,1.231,9.596*4A
$GNGST,020500.60,0.009,0.003,0.003,38.3751,2.724,1.231,9.596*4B
$GNGST,020500.70,0.009,0.003,0.003,37.9025,2.724,1.231,9.596*4B
$GNGST,020500.80,0.009,0.003,0.003,38.6457,2.724,1.231,9.596*45
$GNGST,020500.90,0.009,0.003,0.003,38.3752,2.724,1.231,9.596*47
$GNGST,020501.00,0.009,0.003,0.003,38.2226,2.724,1.231,9.596*48
$GNGST,020501.10,0.009,0.003,0.003,38.6460,2.724,1.231,9.596*49
$GNGST,020501.20,0.009,0.003,0.003,38.1544,2.724,1.231,9.596*4A
$GNGST,020501.30,0.009,0.003,0.003,38.6462,2.724,1.231,9.596*49
$GNGST,020501.40,0.009,0.003,0.003,38.6463,2.724,1.231,9.596*4F
$GNGST,020501.50,0.009,0.003,0.003,38.4182,2.724,1.231,9.596*46
$GNGST,020501.60,0.009,0.003,0.003,37.9702,2.724,1.231,9.596*49
$GNGST,020501.70,0.009,0.003,0.003,37.9703,2.724,1.231,9.596*49
$GNGST,020501.80,0.009,0.003,0.003,38.0677,2.724,1.231,9.596*42
$GNGST,020501.90,0.009,0.003,0.003,38.1378,2.724,1.231,9.596*48
$GNGST,020502.00,0.009,0.003,0.003,38.4950,2.724,1.231,9.596*47
$GNGST,020502.10,0.009,0.003,0.003,38.4951,2.724,1.231,9.596*47
$GNGST,020502.20,0.009,0.003,0.003,38.4952,2.724,1.231,9.596*47
$GNGST,020502.30,0.009,0.003,0.003,37.8993,2.724,1.231,9.596*48
$GNGST,020502.40,0.009,0.003,0.003,38.5634,2.724,1.231,9.596*4F
$GNGST,020502.50,0.009,0.003,0.003,37.3477,2.724,1.231,9.596*42
$GNGST,020502.60,0.008,0.003,0.003,37.0900,2.724,1.231,9.596*4E
$GNGST,020502.70,0.009,0.003,0.003,38.3609,2.724,1.231,9.596*44
$GNGST,020502.80,0.008,0.003,0.003,37.5481,2.724,1.231,9.596*41
$GNGST,020502.90,0.008,0.003,0.003,37.0899,2.724,1.231,9.596*40
$GNGST,020503.00,0.008,0.003,0.003,37.0899,2.724,1.231,9.596*48
$GNGST,020503.10,0.008,0.003,0.003,37.5482,2.724,1.231,9.596*4A
$GNGST,020503.20,0.009,0.003,0.003,38.2568,2.724,1.231,9.596*45
$GNGST,020503.30,0.008,0.003,0.003,37.0898,2.724,1.231,9.596*4A
$GNGST,020503.40,0.008,0.003,0.003,37.8598,2.724,1.231,9.596*48
$GNGST,020503.50,0.008,0.003,0.003,37.9304,2.724,1.231,9.596*4B
$GNGST,020503.60,0.008,0.003,0.003,37.9304,2.724,1.231,9.596*48
$GNGST,020503.70,0.008,0.003,0.003,37.4754,2.724,1.231,9.596*45
$GNGST,020503.80,0.008,0.003,0.002,38.3559,2.724,1.231,9.596*4C
$GNGST,020503.90,0.008,0.003,0.002,38.7384,2.724,1.231,9.596*4F
$GNGST,020504.00,0.008,0.003,0.002,38.7385,2.724,1.231,9.596*40
$GNGST,020504.10,0.008,0.003,0.002,39.3697,2.724,1.231,9.596*42
$GNGST,020504.20,0.008,0.003,0.002,39.3075,2.724,1.231,9.596*4B
$GNGST,020504.30,0.009,0.003,0.002,41.1276,2.724,1.231,9.596*47
$GNGST,020504.40,0.009,0.003,0.002,41.5053,2.724,1.231,9.596*41
$GNGST,020504.50,0.009,0.003,0.002,41.5055,2.724,1.231,9.596*46
$GNGST,020504.60,0.008,0.003,0.002,41.1111,2.724,1.231,9.596*41
$GNGST,020504.70,0.008,0.003,0.002,39.8108,2.724,1.231,9.596*4E
$GNGST,020504.80,0.008,0.003,0.002,39.3323,2.724,1.231,9.596*41
$GNGST,020504.90,0.008,0.003,0.002,39.3323,2.724,1.231,9.596*40
$GNGST,020505.00,0.008,0.003,0.002,39.3324,2.724,1.231,9.596*4F
$GNGST,020505.10,0.008,0.003,0.002,39.1580,2.724,1.231,9.596*44
$GNGST,020505.20,0.008,0.003,0.002,39.4845,2.724,1.231,9.596*46
$GNGST,020505.30,0.008,0.003,0.002,39.4388,2.724,1.231,9.596*4D
$GNGST,020505.40,0.008,0.003,0.002,39.6106,2.724,1.231,9.596*4C
$GNGST,020505.50,0.008,0.003,0.002,39.4066,2.724,1.231,9.596*48
$GNGST,020505.60,0.008,0.003,0.002,39.8680,2.724,1.231,9.596*49
$GNGST,020505.70,0.008,0.003,0.002,40.6021,2.724,1.231,9.596*45
$GNGST,020505.80,0.008,0.003,0.002,40.2644,2.724,1.231,9.596*4B
$GNGST,020505.90,0.008,0.003,0.002,41.7130,2.724,1.231,9.596*4A
$GNGST,020506.00,0.008,0.003,0.002,40.0371,2.724,1.231,9.596*41
$GNGST,020506.10,0.008,0.003,0.002,40.0642,2.724,1.231,9.596*45
$GNGST,020506.20,0.008,0.003,0.002,40.3843,2.724,1.231,9.596*4A
$GNGST,020506.30,0.008,0.003,0.002,40.0088,2.724,1.231,9.596*47
$GNGST,020506.40,0.008,0.003,0.002,39.9729,2.724,1.231,9.596*4B
$GNGST,020506.50,0.008,0.003,0.002,39.9311,2.724,1.231,9.596*45
$GNGST,020506.60,0.008,0.003,0.002,40.5568,2.724,1.231,9.596*4C
$GNGST,020506.70,0.008,0.003,0.002,39.6211,2.724,1.231,9.596*49
$GNGST,020506.80,0.008,0.003,0.002,40.0012,2.724,1.231,9.596*4F
$GNGST,020506.90,0.008,0.003,0.002,39.1426,2.724,1.231,9.596*42
$GNGST,020507.00,0.008,0.003,0.002,38.9594,2.724,1.231,9.596*4B
$GNGST,020507.10,0.008,0.003,0.002,38.7101,2.724,1.231,9.596*4C
$GNGST,020507.20,0.008,0.003,0.002,38.3250,2.724,1.231,9.596*4C
$GNGST,020507.30,0.008,0.003,0.002,39.2201,2.724,1.231,9.596*49
$GNGST,020507.40,0.008,0.003,0.002,39.5146,2.724,1.231,9.596*49
$GNGST,020507.50,0.008,0.003,0.002,40.7231,2.724,1.231,9.596*47
$GNGST,020507.60,0.008,0.003,0.002,40.7233,2.724,1.231,9.596*46
$GNGST,020507.70,0.008,0.003,0.002,39.5151,2.724,1.231,9.596*4C
$GNGST,020507.80,0.008,0.003,0.002,39.6626,2.724,1.231,9.596*47
$GNGST,020507.90,0.008,0.003,0.002,39.8779,2.724,1.231,9.596*43
$GNGST,020508.00,0.008,0.003,0.002,39.6629,2.724,1.231,9.596*4F
$GNGST,020508.10,0.008,0.003,0.002,38.8980,2.724,1.231,9.596*4D
$GNGST,020508.20,0.008,0.003,0.002,39.6632,2.724,1.231,9.596*47
$GNGST,020508.30,0.008,0.003,0.002,39.7233,2.724,1.231,9.596*42
$GNGST,020508.40,0.008,0.003,0.002,39.6634,2.724,1.231,9.596*47
$GNGST,020508.50,0.008,0.003,0.002,40.1697,2.724,1.231,9.596*46
$GNGST,020508.60,0.008,0.003,0.002,39.8502,2.724,1.231,9.596*4D
$GNGST,020508.70,0.008,0.003,0.002,39.8504,2.724,1.231,9.596*4A
$GNGST,020508.80,0.008,0.003,0.002,39.4128,2.724,1.231,9.596*43
$GNGST,020508.90,0.008,0.003,0.002,39.5768,2.724,1.231,9.596*41
$GNGST,020509.00,0.008,0.003,0.002,39.9248,2.724,1.231,9.596*42
$GNGST,020509.10,0.008,0.003,0.002,39.5357,2.724,1.231,9.596*40
$GNGST,020509.20,0.008,0.003,0.002,39.6402,2.724,1.231,9.596*47
$GNGST,020509.30,0.008,0.003,0.002,39.7086,2.724,1.231,9.596*4F
$GNGST,020509.40,0.008,0.003,0.002,40.5636,2.724,1.231,9.596*49
$GNGST,020509.50,0.008,0.003,0.002,39.4817,2.724,1.231,9.596*4A
$GNGST,020509.60,0.008,0.003,0.002,39.6460,2.724,1.231,9.596*47
$GNGST,020509.70,0.008,0.003,0.002,39.6461,2.724,1.231,9.596*47
$GNGST,020509.80,0.008,0.003,0.002,39.6165,2.724,1.231,9.596*49
$GNGST,020509.90,0.008,0.003,0.002,39.8601,2.724,1.231,9.596*43
$GNGST,020510.00,0.008,0.003,0.002,39.8602,2.724,1.231,9.596*41
$GNGST,020510.10,0.008,0.003,0.002,40.2136,2.724,1.231,9.596*44
$GNGST,020510.20,0.008,0.003,0.002,40.2138,2.724,1.231,9.596*49
$GNGST,020510.30,0.008,0.003,0.002,39.9206,2.724,1.231,9.596*43
$GNGST,020510.40,0.008,0.003,0.002,40.4614,2.724,1.231,9.596*40
$GNGST,020510.50,0.008,0.003,0.002,40.5230,2.724,1.231,9.596*42
$GNGST,020510.60,0.008,0.003,0.002,39.9301,2.724,1.231,9.596*40
$GNGST,020510.70,0.008,0.003,0.002,41.3776,2.724,1.231,9.596*40
$GNGST,020510.80,0.008,0.003,0.002,39.9303,2.724,1.231,9.596*4C
$GNGST,020510.90,0.008,0.003,0.002,39.9891,2.724,1.231,9.596*4D
$GNGST,020511.00,0.008,0.003,0.002,39.9892,2.724,1.231,9.596*46
$GNGST,020511.10,0.008,0.003,0.002,39.9063,2.724,1.231,9.596*41
$GNGST,020511.20,0.008,0.003,0.002,39.9064,2.724,1.231,9.596*45
$GNGST,020511.30,0.008,0.003,0.002,40.5152,2.724,1.231,9.596*42
$GNGST,020511.40,0.008,0.003,0.002,40.2892,2.724,1.231,9.596*47
$GNGST,020511.50,0.008,0.003,0.002,39.6844,2.724,1.231,9.596*47
$GNGST,020511.60,0.008,0.003,0.002,40.1892,2.724,1.231,9.596*46
$GNGST,020511.70,0.008,0.003,0.002,39.4695,2.724,1.231,9.596*45
$GNGST,020511.80,0.008,0.003,0.002,39.2381,2.724,1.231,9.596*4C
$GNGST,020511.90,0.008,0.003,0.002,39.2382,2.724,1.231,9.596*4E
$GNGST,020512.00,0.008,0.003,0.002,40.1356,2.724,1.231,9.596*40
$GNGST,020512.10,0.008,0.003,0.002,40.1898,2.724,1.231,9.596*48
$GNGST,020512.20,0.008,0.003,0.002,39.9275,2.724,1.231,9.596*44
$GNGST,020512.30,0.008,0.003,0.002,39.9276,2.724,1.231,9.596*46
$GNGST,020512.40,0.008,0.003,0.002,43.1614,2.724,1.231,9.596*44
$GNGST,020512.50,0.008,0.003,0.002,40.1902,2.724,1.231,9.596*4E
$GNGST,020512.60,0.008,0.003,0.002,39.6774,2.724,1.231,9.596*4B
$GNGST,020512.70,0.008,0.003,0.002,40.5952,2.724,1.231,9.596*4D
$GNGST,020512.80,0.007,0.003,0.002,38.2232,2.724,1.231,9.596*48
$GNGST,020512.90,0.008,0.003,0.002,39.9015,2.724,1.231,9.596*4B
$GNGST,020513.00,0.008,0.003,0.002,42.8480,2.724,1.231,9.596*46
$GNGST,020513.10,0.008,0.003,0.002,42.6336,2.724,1.231,9.596*43
$GNGST,020513.20,0.008,0.003,0.002,42.7602,2.724,1.231,9.596*43
$GNGST,020513.30,0.008,0.003,0.002,42.6340,2.724,1.231,9.596*40
$GNGST,020513.40,0.008,0.003,0.002,42.6616,2.724,1.231,9.596*41
$GNGST,020513.50,0.008,0.003,0.002,42.6345,2.724,1.231,9.596*43
$GNGST,020513.60,0.008,0.003,0.002,39.9009,2.724,1.231,9.596*48
$GNGST,020513.70,0.007,0.003,0.002,38.2778,2.724,1.231,9.596*4D
$GNGST,020513.80,0.008,0.003,0.002,40.0461,2.724,1.231,9.596*4B
$GNGST,020513.90,0.008,0.003,0.002,40.2354,2.724,1.231,9.596*49
$GNGST,020514.00,0.008,0.003,0.002,40.0463,2.724,1.231,9.596*46
$GNGST,020514.10,0.008,0.003,0.002,39.8187,2.724,1.231,9.596*4E
$GNGST,020514.20,0.008,0.003,0.002,40.0682,2.724,1.231,9.596*49
$GNGST,020514.30,0.008,0.003,0.002,40.2892,2.724,1.231,9.596*45
$GNGST,020514.40,0.008,0.003,0.002,40.0766,2.724,1.231,9.596*44
$GNGST,020514.50,0.008,0.003,0.002,40.2894,2.724,1.231,9.596*45
$GNGST,020514.60,0.007,0.003,0.002,38.4031,2.724,1.231,9.596*47
$GNGST,020514.70,0.008,0.003,0.002,39.9236,2.724,1.231,9.596*40
$GNGST,020514.80,0.008,0.003,0.002,39.9237,2.724,1.231,9.596*4E
$GNGST,020514.90,0.008,0.003,0.002,40.2550,2.724,1.231,9.596*4C
$GNGST,020515.00,0.008,0.003,0.002,41.0325,2.724,1.231,9.596*43
$GNGST,020515.10,0.008,0.003,0.002,40.2552,2.724,1.231,9.596*47
$GNGST,020515.20,0.008,0.003,0.002,41.2494,2.724,1.231,9.596*4E
$GNGST,020515.30,0.008,0.003,0.002,41.1168,2.724,1.231,9.596*4A
$GNGST,020515.40,0.008,0.003,0.002,40.8881,2.724,1.231,9.596*4B
$GNGST,020515.50,0.007,0.003,0.002,38.5173,2.724,1.231,9.596*43
$GNGST,020515.60,0.007,0.003,0.002,38.5174,2.724,1.231,9.596*47
$GNGST,020515.70,0.007,0.003,0.002,38.5176,2.724,1.231,9.596*44
$GNGST,020515.80,0.007,0.003,0.002,38.5177,2.724,1.231,9.596*4A
$GNGST,020515.90,0.008,0.003,0.002,40.5410,2.724,1.231,9.596*4F
$GNGST,020516.00,0.008,0.003,0.002,40.5935,2.724,1.231,9.596*4F
$GNGST,020516.10,0.008,0.003,0.002,40.3905,2.724,1.231,9.596*4B
$GNGST,020516.20,0.008,0.003,0.002,40.0758,2.724,1.231,9.596*4D
$GNGST,020516.30,0.008,0.003,0.002,40.5415,2.724,1.231,9.596*43
$GNGST,020516.40,0.008,0.003,0.002,40.5416,2.724,1.231,9.596*47
$GNGST,020516.50,0.008,0.003,0.002,41.4148,2.724,1.231,9.596*48
$GNGST,020516.60,0.008,0.003,0.002,40.3486,2.724,1.231,9.596*4A
$GNGST,020516.70,0.008,0.003,0.002,40.1447,2.724,1.231,9.596*44
$GNGST,020516.80,0.008,0.003,0.002,40.4763,2.724,1.231,9.596*4B
$GNGST,020516.90,0.008,0.003,0.002,40.4764,2.724,1.231,9.596*4D
$GNGST,020517.00,0.008,0.003,0.002,40.1988,2.724,1.231,9.596*4C
$GNGST,020517.10,0.008,0.003,0.002,40.1989,2.724,1.231,9.596*4C
$GNGST,020517.20,0.008,0.003,0.002,41.8663,2.724,1.231,9.596*4C
$GNGST,020517.30,0.008,0.003,0.002,40.3930,2.724,1.231,9.596*4E
$GNGST,020517.40,0.008,0.003,0.002,40.1992,2.724,1.231,9.596*43
$GNGST,020517.50,0.008,0.003,0.002,40.1454,2.724,1.231,9.596*45
$GNGST,020517.60,0.008,0.003,0.002,39.9342,2.724,1.231,9.596*40
$GNGST,020517.70,0.008,0.003,0.002,39.9872,2.724,1.231,9.596*49
$GNGST,020517.80,0.008,0.003,0.002,40.3499,2.724,1.231,9.596*4B
$GNGST,020517.90,0.008,0.003,0.002,40.7198,2.724,1.231,9.596*4A
$GNGST,020518.00,0.008,0.003,0.002,40.2729,2.724,1.231,9.596*45
$GNGST,020518.10,0.008,0.003,0.002,40.2331,2.724,1.231,9.596*49
$GNGST,020518.20,0.008,0.003,0.002,40.8621,2.724,1.231,9.596*44
$GNGST,020518.30,0.008,0.003,0.002,40.8623,2.724,1.231,9.596*47
$GNGST,020518.40,0.008,0.003,0.002,41.0693,2.724,1.231,9.596*42
$GNGST,020518.50,0.008,0.003,0.002,40.4348,2.724,1.231,9.596*45
$GNGST,020518.60,0.008,0.003,0.002,40.5438,2.724,1.231,9.596*47
$GNGST,020518.70,0.008,0.003,0.002,40.7424,2.724,1.231,9.596*49
$GNGST,020518.80,0.008,0.003,0.002,40.5440,2.724,1.231,9.596*46
$GNGST,020518.90,0.008,0.003,0.002,40.1270,2.724,1.231,9.596*46
$GNGST,020519.00,0.008,0.003,0.002,40.3269,2.724,1.231,9.596*44
$GNGST,020519.10,0.008,0.003,0.002,40.1273,2.724,1.231,9.596*4C
$GNGST,020519.20,0.008,0.003,0.002,40.1275,2.724,1.231,9.596*49
$GNGST,020519.30,0.008,0.003,0.002,40.1276,2.724,1.231,9.596*4B
$GNGST,020519.40,0.008,0.003,0.002,40.1278,2.724,1.231,9.596*42
$GNGST,020519.50,0.008,0.003,0.002,40.3277,2.724,1.231,9.596*4E
$GNGST,020519.60,0.008,0.003,0.002,40.3278,2.724,1.231,9.596*42
$GNGST,020519.70,0.008,0.003,0.002,40.3280,2.724,1.231,9.596*44
$GNGST,020519.80,0.008,0.003,0.002,40.5510,2.724,1.231,9.596*43
$GNGST,020519.90,0.008,0.003,0.002,40.3440,2.724,1.231,9.596*40
$GNGST,020520.00,0.008,0.003,0.002,40.3441,2.724,1.231,9.596*42
$GNGST,020520.10,0.008,0.003,0.002,40.3604,2.724,1.231,9.596*40
$GNGST,020520.20,0.008,0.003,0.002,40.1624,2.724,1.231,9.596*43
$GNGST,020520.30,0.008,0.003,0.002,40.3446,2.724,1.231,9.596*46
$GNGST,020520.40,0.008,0.003,0.002,40.1173,2.724,1.231,9.596*40
$GNGST,020520.50,0.008,0.003,0.002,40.5376,2.724,1.231,9.596*42
$GNGST,020520.60,0.008,0.003,0.002,41.8492,2.724,1.231,9.596*40
$GNGST,020520.70,0.008,0.003,0.002,41.2623,2.724,1.231,9.596*43
$GNGST,020520.80,0.008,0.003,0.002,40.4155,2.724,1.231,9.596*4D
$GNGST,020520.90,0.008,0.003,0.002,40.8812,2.724,1.231,9.596*4A
$GNGST,020521.00,0.008,0.003,0.002,40.5924,2.724,1.231,9.596*4B
$GNGST,020521.10,0.008,0.003,0.002,41.2629,2.724,1.231,9.596*4E
$GNGST,020521.20,0.008,0.003,0.002,40.1989,2.724,1.231,9.596*4A
$GNGST,020521.30,0.008,0.003,0.002,40.1991,2.724,1.231,9.596*42
$GNGST,020521.40,0.008,0.003,0.002,40.1869,2.724,1.231,9.596*43
$GNGST,020521.50,0.008,0.003,0.002,40.1870,2.724,1.231,9.596*4A
$GNGST,020521.60,0.008,0.003,0.002,39.7479,2.724,1.231,9.596*44
$GNGST,020521.70,0.008,0.003,0.002,40.8623,2.724,1.231,9.596*49
$GNGST,020521.80,0.008,0.003,0.002,39.9899,2.724,1.231,9.596*46
$GNGST,020521.90,0.008,0.003,0.002,41.4791,2.724,1.231,9.596*42
$GNGST,020522.00,0.008,0.003,0.002,42.1613,2.724,1.231,9.596*45
$GNGST,020522.10,0.008,0.003,0.002,41.4482,2.724,1.231,9.596*48
$GNGST,020522.20,0.008,0.003,0.002,41.4484,2.724,1.231,9.596*4D
$GNGST,020522.30,0.008,0.003,0.002,40.7926,2.724,1.231,9.596*4B
$GNGST,020522.40,0.008,0.003,0.002,41.4487,2.724,1.231,9.596*48
$GNGST,020522.50,0.008,0.003,0.002,41.3759,2.724,1.231,9.596*4E
$GNGST,020522.60,0.008,0.003,0.002,41.7164,2.724,1.231,9.596*41
$GNGST,020522.70,0.008,0.003,0.002,42.8245,2.724,1.231,9.596*4C
$GNGST,020522.80,0.008,0.003,0.002,41.3763,2.724,1.231,9.596*4A
$GNGST,020522.90,0.008,0.003,0.002,41.3765,2.724,1.231,9.596*4D
$GNGST,020523.00,0.008,0.003,0.002,41.5444,2.724,1.231,9.596*43
$GNGST,020523.10,0.008,0.003,0.002,41.5547,2.724,1.231,9.596*40
$GNGST,020523.20,0.008,0.003,0.002,41.3769,2.724,1.231,9.596*4B
$GNGST,020523.30,0.008,0.003,0.002,42.6354,2.724,1.231,9.596*46
$GNGST,020523.40,0.008,0.003,0.002,41.3772,2.724,1.231,9.596*47
$GNGST,020523.50,0.008,0.003,0.002,42.8334,2.724,1.231,9.596*48
$GNGST,020523.60,0.008,0.003,0.002,41.4014,2.724,1.231,9.596*45
$GNGST,020523.70,0.008,0.003,0.002,42.9336,2.724,1.231,9.596*49
$GNGST,020523.80,0.008,0.003,0.002,41.4524,2.724,1.231,9.596*4D
$GNGST,020523.90,0.008,0.003,0.002,41.4525,2.724,1.231,9.596*4D
$GNGST,020524.00,0.008,0.003,0.002,41.4527,2.724,1.231,9.596*41
$GNGST,020524.10,0.008,0.003,0.002,41.4528,2.724,1.231,9.596*4F
$GNGST,020524.20,0.008,0.003,0.002,41.6191,2.724,1.231,9.596*48
$GNGST,020524.30,0.008,0.003,0.002,40.3938,2.724,1.231,9.596*46
$GNGST,020524.40,0.008,0.003,0.002,41.4533,2.724,1.231,9.596*40
$GNGST,020524.50,0.008,0.003,0.002,40.1362,2.724,1.231,9.596*47
$GNGST,020524.60,0.008,0.003,0.002,41.4536,2.724,1.231,9.596*47
$GNGST,020524.70,0.008,0.003,0.002,41.5017,2.724,1.231,9.596*41
$GNGST,020524.80,0.008,0.003,0.002,41.2586,2.724,1.231,9.596*44
$GNGST,020524.90,0.008,0.003,0.002,40.8200,2.724,1.231,9.596*47
$GNGST,020525.00,0.008,0.003,0.002,43.8485,2.724,1.231,9.596*47
$GNGST,020525.10,0.008,0.003,0.002,40.6295,2.724,1.231,9.596*4C
$GNGST,020525.20,0.008,0.003,0.002,40.8818,2.724,1.231,9.596*4E
$GNGST,020525.30,0.008,0.003,0.002,43.8472,2.724,1.231,9.596*4C
$GNGST,020525.40,0.008,0.003,0.002,40.3064,2.724,1.231,9.596*40
$GNGST,020525.50,0.008,0.003,0.002,40.8206,2.724,1.231,9.596*4C
$GNGST,020525.60,0.008,0.003,0.002,41.4730,2.724,1.231,9.596*42
$GNGST,020525.70,0.008,0.003,0.002,40.8208,2.724,1.231,9.596*40
$GNGST,020525.80,0.008,0.003,0.002,40.8202,2.724,1.231,9.596*45
$GNGST,020525.90,0.008,0.003,0.002,41.7072,2.724,1.231,9.596*4F
$GNGST,020526.00,0.008,0.003,0.002,41.5147,2.724,1.231,9.596*40
$GNGST,020526.10,0.008,0.003,0.002,41.6706,2.724,1.231,9.596*41
$GNGST,020526.20,0.008,0.003,0.002,41.4921,2.724,1.231,9.596*4B
$GNGST,020526.30,0.008,0.003,0.002,41.5685,2.724,1.231,9.596*4A
$GNGST,020526.40,0.008,0.003,0.002,41.7497,2.724,1.231,9.596*4E
$GNGST,020526.50,0.008,0.003,0.002,42.5833,2.724,1.231,9.596*4C
$GNGST,020526.60,0.008,0.003,0.002,41.9074,2.724,1.231,9.596*4B
$GNGST,020526.70,0.008,0.003,0.002,42.5836,2.724,1.231,9.596*4B
$GNGST,020526.80,0.008,0.003,0.002,40.5145,2.724,1.231,9.596*4B
$GNGST,020526.90,0.008,0.003,0.002,40.9652,2.724,1.231,9.596*47
$GNGST,020527.00,0.008,0.003,0.002,40.9653,2.724,1.231,9.596*4E
$GNGST,020527.10,0.008,0.003,0.002,41.1518,2.724,1.231,9.596*4A
$GNGST,020527.20,0.008,0.003,0.002,40.9656,2.724,1.231,9.596*49
$GNGST,020527.30,0.008,0.003,0.002,40.9407,2.724,1.231,9.596*4E
$GNGST,020527.40,0.008,0.003,0.002,41.5884,2.724,1.231,9.596*43
$GNGST,020527.50,0.008,0.003,0.002,40.9409,2.724,1.231,9.596*46
$GNGST,020527.60,0.008,0.003,0.002,41.7378,2.724,1.231,9.596*4B
$GNGST,020527.70,0.008,0.003,0.002,40.4802,2.724,1.231,9.596*4E
$GNGST,020527.80,0.008,0.003,0.002,40.3211,2.724,1.231,9.596*4E
$GNGST,020527.90,0.008,0.003,0.002,40.5185,2.724,1.231,9.596*47
$GNGST,020528.00,0.008,0.003,0.002,40.5276,2.724,1.231,9.596*4E
$GNGST,020528.10,0.008,0.003,0.002,40.6080,2.724,1.231,9.596*47
$GNGST,020528.20,0.008,0.003,0.002,40.4107,2.724,1.231,9.596*48
$GNGST,020528.30,0.008,0.003,0.002,40.4108,2.724,1.231,9.596*46
$GNGST,020528.40,0.008,0.003,0.002,40.8766,2.724,1.231,9.596*43
$GNGST,020528.50,0.008,0.003,0.002,40.6194,2.724,1.231,9.596*47
$GNGST,020528.60,0.008,0.003,0.002,40.8768,2.724,1.231,9.596*4F
$GNGST,020528.70,0.008,0.003,0.002,40.7455,2.724,1.231,9.596*4C
$GNGST,020528.80,0.008,0.003,0.002,40.9939,2.724,1.231,9.596*4A
$GNGST,020528.90,0.008,0.003,0.002,41.3868,2.724,1.231,9.596*45
$GNGST,020529.00,0.008,0.003,0.002,41.1229,2.724,1.231,9.596*40
$GNGST,020529.10,0.008,0.003,0.002,41.1231,2.724,1.231,9.596*48
$GNGST,020529.20,0.008,0.003,0.002,41.3308,2.724,1.231,9.596*42
$GNGST,020529.30,0.008,0.003,0.002,41.1235,2.724,1.231,9.596*4E
$GNGST,020529.40,0.008,0.003,0.002,41.1237,2.724,1.231,9.596*4B
$GNGST,020529.50,0.008,0.003,0.002,41.1239,2.724,1.231,9.596*44
$GNGST,020529.60,0.008,0.003,0.002,41.1241,2.724,1.231,9.596*48
$GNGST,020529.70,0.008,0.003,0.002,41.1242,2.724,1.231,9.596*4A
$GNGST,020529.80,0.007,0.003,0.002,38.4691,2.724,1.231,9.596*4B
$GNGST,020529.90,0.008,0.003,0.002,43.2450,2.724,1.231,9.596*40
$GNGST,020530.00,0.008,0.003,0.002,41.4645,2.724,1.231,9.596*43
$GNGST,020530.10,0.008,0.003,0.002,41.7433,2.724,1.231,9.596*42
$GNGST,020530.20,0.008,0.003,0.002,42.0189,2.724,1.231,9.596*41
$GNGST,020530.30,0.008,0.003,0.002,42.0330,2.724,1.231,9.596*40
$GNGST,020530.40,0.008,0.003,0.002,43.3661,2.724,1.231,9.596*44
$GNGST,020530.50,0.008,0.003,0.002,42.0333,2.724,1.231,9.596*45
$GNGST,020530.60,0.008,0.003,0.002,41.8450,2.724,1.231,9.596*4F
$GNGST,020530.70,0.007,0.003,0.002,39.1765,2.724,1.231,9.596*42
$GNGST,020530.80,0.008,0.003,0.002,42.0085,2.724,1.231,9.596*46
$GNGST,020530.90,0.008,0.003,0.002,43.2235,2.724,1.231,9.596*4D
$GNGST,020531.00,0.008,0.003,0.002,41.8092,2.724,1.231,9.596*42
$GNGST,020531.10,0.008,0.003,0.002,41.8094,2.724,1.231,9.596*45
$GNGST,020531.20,0.008,0.003,0.002,41.8096,2.724,1.231,9.596*44
$GNGST,020531.30,0.008,0.003,0.002,43.2245,2.724,1.231,9.596*41
$GNGST,020531.40,0.008,0.003,0.002,42.1082,2.724,1.231,9.596*4D
$GNGST,020531.50,0.008,0.003,0.002,41.9088,2.724,1.231,9.596*4D
$GNGST,020531.60,0.008,0.003,0.002,41.9090,2.724,1.231,9.596*47
$GNGST,020531.70,0.008,0.003,0.002,41.2309,2.724,1.231,9.596*4E
$GNGST,020531.80,0.008,0.003,0.002,42.6214,2.724,1.231,9.596*4B
$GNGST,020531.90,0.008,0.003,0.002,41.9582,2.724,1.231,9.596*4E
$GNGST,020532.00,0.008,0.003,0.002,41.4842,2.724,1.231,9.596*48
$GNGST,020532.10,0.008,0.003,0.002,40.7512,2.724,1.231,9.596*43
$GNGST,020532.20,0.008,0.003,0.002,41.6691,2.724,1.231,9.596*48
$GNGST,020532.30,0.008,0.003,0.002,41.4937,2.724,1.231,9.596*48
$GNGST,020532.40,0.008,0.003,0.002,41.4847,2.724,1.231,9.596*49
$GNGST,020532.50,0.008,0.003,0.002,41.6694,2.724,1.231,9.596*4A
$GNGST,020532.60,0.008,0.003,0.002,41.3033,2.724,1.231,9.596*47
$GNGST,020532.70,0.008,0.003,0.002,41.3034,2.724,1.231,9.596*41
$GNGST,020532.80,0.008,0.003,0.002,41.5083,2.724,1.231,9.596*44
$GNGST,020532.90,0.008,0.003,0.002,41.7117,2.724,1.231,9.596*4B
$GNGST,020533.00,0.008,0.003,0.002,41.7118,2.724,1.231,9.596*4C
$GNGST,020533.10,0.008,0.003,0.002,41.5379,2.724,1.231,9.596*4A
$GNGST,020533.20,0.008,0.003,0.002,41.3476,2.724,1.231,9.596*47
$GNGST,020533.30,0.008,0.003,0.002,41.3477,2.724,1.231,9.596*47
$GNGST,020533.40,0.008,0.003,0.002,41.3478,2.724,1.231,9.596*4F
$GNGST,020533.50,0.008,0.003,0.002,41.5280,2.724,1.231,9.596*49
$GNGST,020533.60,0.008,0.003,0.002,41.3481,2.724,1.231,9.596*4B
$GNGST,020533.70,0.008,0.003,0.002,41.2021,2.724,1.231,9.596*45
$GNGST,020533.80,0.008,0.003,0.002,41.0388,2.724,1.231,9.596*48
$GNGST,020533.90,0.008,0.003,0.002,41.5578,2.724,1.231,9.596*45
$GNGST,020534.00,0.008,0.003,0.002,41.3673,2.724,1.231,9.596*45
$GNGST,020534.10,0.008,0.003,0.002,42.2276,2.724,1.231,9.596*47
$GNGST,020534.20,0.008,0.003,0.002,41.5183,2.724,1.231,9.596*49
$GNGST,020534.30,0.008,0.003,0.002,42.0287,2.724,1.231,9.596*49
$GNGST,020534.40,0.008,0.003,0.002,41.3274,2.724,1.231,9.596*42
$GNGST,020534.50,0.008,0.003,0.002,41.5401,2.724,1.231,9.596*41
$GNGST,020534.60,0.008,0.003,0.002,41.3616,2.724,1.231,9.596*40
$GNGST,020534.70,0.008,0.003,0.002,41.7253,2.724,1.231,9.596*40
$GNGST,020534.80,0.007,0.003,0.002,40.6202,2.724,1.231,9.596*44
$GNGST,020534.90,0.008,0.003,0.002,41.5530,2.724,1.231,9.596*4E
$GNGST,020535.00,0.008,0.003,0.002,41.5531,2.724,1.231,9.596*47
$GNGST,020535.10,0.008,0.003,0.002,41.0686,2.724,1.231,9.596*4C
$GNGST,020535.20,0.008,0.003,0.002,41.9283,2.724,1.231,9.596*47
$GNGST,020535.30,0.008,0.003,0.002,41.7503,2.724,1.231,9.596*47
$GNGST,020535.40,0.008,0.003,0.002,42.2655,2.724,1.231,9.596*46
$GNGST,020535.50,0.008,0.003,0.002,41.4538,2.724,1.231,9.596*4A
$GNGST,020535.60,0.008,0.003,0.002,42.3288,2.724,1.231,9.596*41
$GNGST,020535.70,0.008,0.003,0.002,42.4412,2.724,1.231,9.596*42
$GNGST,020535.80,0.008,0.003,0.002,42.4414,2.724,1.231,9.596*4B
$GNGST,020535.90,0.008,0.003,0.002,42.4416,2.724,1.231,9.596*48
$GNGST,020536.00,0.008,0.003,0.002,42.0155,2.724,1.231,9.596*44
$GNGST,020536.10,0.008,0.003,0.002,41.7702,2.724,1.231,9.596*45
$GNGST,020536.20,0.008,0.003,0.002,42.3405,2.724,1.231,9.596*45
$GNGST,020536.30,0.008,0.003,0.002,42.3406,2.724,1.231,9.596*47
$GNGST,020536.40,0.008,0.003,0.002,42.0848,2.724,1.231,9.596*45
$GNGST,020536.50,0.008,0.003,0.002,42.3410,2.724,1.231,9.596*46
$GNGST,020536.60,0.008,0.003,0.002,42.3412,2.724,1.231,9.596*47
$GNGST,020536.70,0.008,0.003,0.002,41.7544,2.724,1.231,9.596*43
$GNGST,020536.80,0.008,0.003,0.002,42.2677,2.724,1.231,9.596*49
$GNGST,020536.90,0.008,0.003,0.002,42.9840,2.724,1.231,9.596*49
$GNGST,020537.00,0.008,0.003,0.002,42.2680,2.724,1.231,9.596*48
$GNGST,020537.10,0.008,0.003,0.002,41.5792,2.724,1.231,9.596*4F
$GNGST,020537.20,0.008,0.003,0.002,42.2683,2.724,1.231,9.596*49
$GNGST,020537.30,0.008,0.003,0.002,42.2685,2.724,1.231,9.596*4E
$GNGST,020537.40,0.008,0.003,0.002,42.9852,2.724,1.231,9.596*46
$GNGST,020537.50,0.008,0.003,0.002,42.9854,2.724,1.231,9.596*41
$GNGST,020537.60,0.008,0.003,0.002,42.8421,2.724,1.231,9.596*4D
$GNGST,020537.70,0.008,0.003,0.002,42.0250,2.724,1.231,9.596*44
$GNGST,020537.80,0.008,0.003,0.002,42.1245,2.724,1.231,9.596*4E
$GNGST,020537.90,0.008,0.003,0.002,41.5959,2.724,1.231,9.596*4E
$GNGST,020538.00,0.008,0.003,0.002,42.1551,2.724,1.231,9.596*4B
$GNGST,020538.10,0.008,0.003,0.002,42.2981,2.724,1.231,9.596*48
$GNGST,020538.20,0.008,0.003,0.002,41.9106,2.724,1.231,9.596*44
$GNGST,020538.30,0.008,0.003,0.002,41.9107,2.724,1.231,9.596*44
$GNGST,020538.40,0.008,0.003,0.002,41.9109,2.724,1.231,9.596*4D
$GNGST,020538.50,0.008,0.003,0.002,42.1256,2.724,1.231,9.596*4E
$GNGST,020538.60,0.008,0.003,0.002,41.8810,2.724,1.231,9.596*4F
$GNGST,020538.70,0.008,0.003,0.002,42.1321,2.724,1.231,9.596*4D
$GNGST,020538.80,0.008,0.003,0.002,42.3253,2.724,1.231,9.596*44
$GNGST,020538.90,0.008,0.003,0.002,42.1846,2.724,1.231,9.596*49
$GNGST,020539.00,0.008,0.003,0.002,41.7205,2.724,1.231,9.596*49
$GNGST,020539.10,0.008,0.003,0.002,41.3255,2.724,1.231,9.596*49
$GNGST,020539.20,0.008,0.003,0.002,40.9938,2.724,1.231,9.596*41
$GNGST,020539.30,0.008,0.003,0.002,41.4924,2.724,1.231,9.596*41
$GNGST,020539.40,0.008,0.003,0.002,41.4926,2.724,1.231,9.596*44
$GNGST,020539.50,0.008,0.003,0.002,42.1550,2.724,1.231,9.596*4E
$GNGST,020539.60,0.008,0.003,0.002,41.7213,2.724,1.231,9.596*48
$GNGST,020539.70,0.008,0.003,0.002,41.2294,2.724,1.231,9.596*43
$GNGST,020539.80,0.008,0.003,0.002,41.5781,2.724,1.231,9.596*4A
$GNGST,020539.90,0.008,0.003,0.002,41.6070,2.724,1.231,9.596*41
$GNGST,020540.00,0.008,0.003,0.002,41.6071,2.724,1.231,9.596*47
$GNGST,020540.10,0.008,0.003,0.002,41.6072,2.724,1.231,9.596*45
$GNGST,020540.20,0.008,0.003,0.002,41.0767,2.724,1.231,9.596*43
$GNGST,020540.30,0.008,0.003,0.002,41.0769,2.724,1.231,9.596*4C
$GNGST,020540.40,0.008,0.003,0.002,41.0770,2.724,1.231,9.596*43
$GNGST,020540.50,0.008,0.003,0.002,41.0772,2.724,1.231,9.596*40
$GNGST,020540.60,0.008,0.003,0.002,42.3379,2.724,1.231,9.596*4C
$GNGST,020540.70,0.008,0.003,0.002,41.6456,2.724,1.231,9.596*41
$GNGST,020540.80,0.008,0.003,0.002,41.6095,2.724,1.231,9.596*45
$GNGST,020540.90,0.008,0.003,0.002,41.6097,2.724,1.231,9.596*46
$GNGST,020541.00,0.008,0.003,0.002,41.9666,2.724,1.231,9.596*49
$GNGST,020541.10,0.008,0.003,0.002,41.8023,2.724,1.231,9.596*4E
$GNGST,020541.20,0.008,0.003,0.002,41.8025,2.724,1.231,9.596*4B
$GNGST,020541.30,0.008,0.003,0.002,41.9673,2.724,1.231,9.596*4E
$GNGST,020541.40,0.008,0.003,0.002,41.8029,2.724,1.231,9.596*41
$GNGST,020541.50,0.008,0.003,0.002,41.8032,2.724,1.231,9.596*4A
$GNGST,020541.60,0.008,0.003,0.002,42.0489,2.724,1.231,9.596*46
$GNGST,020541.70,0.008,0.003,0.002,41.1960,2.724,1.231,9.596*4F
$GNGST,020541.80,0.008,0.003,0.002,41.3606,2.724,1.231,9.596*4D
$GNGST,020541.90,0.008,0.003,0.002,41.1963,2.724,1.231,9.596*42
$GNGST,020542.00,0.008,0.003,0.002,42.0498,2.724,1.231,9.596*43
$GNGST,020542.10,0.008,0.003,0.002,42.0500,2.724,1.231,9.596*42
$GNGST,020542.20,0.008,0.003,0.002,41.1968,2.724,1.231,9.596*41
$GNGST,020542.30,0.008,0.003,0.002,41.3614,2.724,1.231,9.596*46
$GNGST,020542.40,0.008,0.003,0.002,41.1656,2.724,1.231,9.596*45
$GNGST,020542.50,0.008,0.003,0.002,41.3618,2.724,1.231,9.596*4C
$GNGST,020542.60,0.007,0.003,0.002,40.3065,2.724,1.231,9.596*4D
$GNGST,020542.70,0.008,0.003,0.002,41.8600,2.724,1.231,9.596*4C
$GNGST,020542.80,0.008,0.003,0.002,41.9177,2.724,1.231,9.596*45
$GNGST,020542.90,0.008,0.003,0.002,41.6634,2.724,1.231,9.596*4B
$GNGST,020543.00,0.008,0.003,0.002,41.7586,2.724,1.231,9.596*48
$GNGST,020543.10,0.008,0.003,0.002,42.5477,2.724,1.231,9.596*47
$GNGST,020543.20,0.008,0.003,0.002,42.5479,2.724,1.231,9.596*4A
$GNGST,020543.30,0.008,0.003,0.002,42.5163,2.724,1.231,9.596*45
$GNGST,020543.40,0.008,0.003,0.002,42.5164,2.724,1.231,9.596*45
$GNGST,020543.50,0.008,0.003,0.002,42.5483,2.724,1.231,9.596*48
$GNGST,020543.60,0.008,0.003,0.002,42.5484,2.724,1.231,9.596*4C
$GNGST,020543.70,0.008,0.003,0.002,43.2694,2.724,1.231,9.596*48
$GNGST,020543.80,0.008,0.003,0.002,41.6945,2.724,1.231,9.596*42
$GNGST,020543.90,0.008,0.003,0.002,41.9806,2.724,1.231,9.596*4A
$GNGST,020544.00,0.008,0.003,0.002,41.9807,2.724,1.231,9.596*45
$GNGST,020544.10,0.008,0.003,0.002,43.0582,2.724,1.231,9.596*4F
$GNGST,020544.20,0.008,0.003,0.002,42.4161,2.724,1.231,9.596*40
$GNGST,020544.30,0.008,0.003,0.002,42.4163,2.724,1.231,9.596*43
$GNGST,020544.40,0.008,0.003,0.002,42.4165,2.724,1.231,9.596*42
$GNGST,020544.50,0.008,0.003,0.002,42.4167,2.724,1.231,9.596*41
$GNGST,020544.60,0.008,0.003,0.002,43.0592,2.724,1.231,9.596*49
$GNGST,020544.70,0.008,0.003,0.002,38.3411,2.724,1.231,9.596*4D
$GNGST,020544.80,0.007,0.003,0.002,40.3725,2.724,1.231,9.596*46
$GNGST,020544.90,0.008,0.003,0.002,42.2958,2.724,1.231,9.596*4F
$GNGST,020545.00,0.008,0.003,0.002,42.2960,2.724,1.231,9.596*4C
$GNGST,020545.10,0.008,0.003,0.002,42.2962,2.724,1.231,9.596*4F
$GNGST,020545.20,0.008,0.003,0.002,42.2964,2.724,1.231,9.596*4A
$GNGST,020545.30,0.008,0.003,0.002,42.2966,2.724,1.231,9.596*49
$GNGST,020545.40,0.008,0.003,0.002,42.2967,2.724,1.231,9.596*4F
$GNGST,020545.50,0.008,0.003,0.002,41.7443,2.724,1.231,9.596*43
$GNGST,020545.60,0.007,0.003,0.002,40.3200,2.724,1.231,9.596*4B
$GNGST,020545.70,0.008,0.003,0.002,42.0171,2.724,1.231,9.596*41
$GNGST,020545.80,0.008,0.003,0.002,41.7828,2.724,1.231,9.596*4F
$GNGST,020545.90,0.008,0.003,0.002,41.8208,2.724,1.231,9.596*49
$GNGST,020546.00,0.008,0.003,0.002,41.6716,2.724,1.231,9.596*47
$GNGST,020546.10,0.008,0.003,0.002,41.9407,2.724,1.231,9.596*4A
$GNGST,020546.20,0.008,0.003,0.002,41.9409,2.724,1.231,9.596*47
$GNGST,020546.30,0.008,0.003,0.002,41.9411,2.724,1.231,9.596*4F
$GNGST,020546.40,0.008,0.003,0.002,41.9414,2.724,1.231,9.596*4D
$GNGST,020546.50,0.007,0.003,0.002,40.4478,2.724,1.231,9.596*45
$GNGST,020546.60,0.007,0.003,0.002,40.4480,2.724,1.231,9.596*41
$GNGST,020546.70,0.007,0.003,0.002,40.4482,2.724,1.231,9.596*42
$GNGST,020546.80,0.007,0.003,0.002,40.4483,2.724,1.231,9.596*4C
$GNGST,020546.90,0.007,0.003,0.002,40.4485,2.724,1.231,9.596*4B
$GNGST,020547.00,0.008,0.003,0.002,42.1286,2.724,1.231,9.596*4E
$GNGST,020547.10,0.008,0.003,0.002,41.0770,2.724,1.231,9.596*41
$GNGST,020547.20,0.008,0.003,0.002,41.0771,2.724,1.231,9.596*43
$GNGST,020547.30,0.008,0.003,0.002,41.6127,2.724,1.231,9.596*41
$GNGST,020547.40,0.008,0.003,0.002,41.3169,2.724,1.231,9.596*49
$GNGST,020547.50,0.008,0.003,0.002,41.6131,2.724,1.231,9.596*40
$GNGST,020547.60,0.007,0.003,0.002,40.4848,2.724,1.231,9.596*48
$GNGST,020547.70,0.008,0.003,0.002,42.9396,2.724,1.231,9.596*41
$GNGST,020547.80,0.008,0.003,0.002,41.6427,2.724,1.231,9.596*4F
$GNGST,020547.90,0.008,0.003,0.002,41.4958,2.724,1.231,9.596*49
$GNGST,020548.00,0.008,0.003,0.002,41.4959,2.724,1.231,9.596*4E
$GNGST,020548.10,0.008,0.003,0.002,41.1899,2.724,1.231,9.596*47
$GNGST,020548.20,0.008,0.003,0.002,41.6849,2.724,1.231,9.596*4E
$GNGST,020548.30,0.008,0.003,0.002,41.4964,2.724,1.231,9.596*43
$GNGST,020548.40,0.008,0.003,0.002,41.4965,2.724,1.231,9.596*45
$GNGST,020548.50,0.008,0.003,0.002,41.8863,2.724,1.231,9.596*4F
$GNGST,020548.60,0.008,0.003,0.002,43.5970,2.724,1.231,9.596*40
$GNGST,020548.70,0.008,0.003,0.002,43.2644,2.724,1.231,9.596*4E
$GNGST,020548.80,0.008,0.003,0.002,41.8867,2.724,1.231,9.596*46
$GNGST,020548.90,0.008,0.003,0.002,41.7347,2.724,1.231,9.596*41
$GNGST,020549.00,0.008,0.003,0.002,41.8870,2.724,1.231,9.596*49
$GNGST,020549.10,0.008,0.003,0.002,43.2651,2.724,1.231,9.596*4D
$GNGST,020549.20,0.008,0.003,0.002,42.6266,2.724,1.231,9.596*4B
$GNGST,020549.30,0.008,0.003,0.002,42.9620,2.724,1.231,9.596*43
$GNGST,020549.40,0.008,0.003,0.002,41.8875,2.724,1.231,9.596*48
$GNGST,020549.50,0.008,0.003,0.002,42.6272,2.724,1.231,9.596*49
$GNGST,020549.60,0.008,0.003,0.002,42.6274,2.724,1.231,9.596*4C
$GNGST,020549.70,0.008,0.003,0.002,42.0652,2.724,1.231,9.596*4B
$GNGST,020549.80,0.008,0.003,0.002,42.8428,2.724,1.231,9.596*43
$GNGST,020549.90,0.008,0.003,0.002,42.0971,2.724,1.231,9.596*4B
$GNGST,020550.00,0.008,0.003,0.002,42.9920,2.724,1.231,9.596*47
$GNGST,020550.10,0.008,0.003,0.002,42.2471,2.724,1.231,9.596*44
$GNGST,020550.20,0.008,0.003,0.002,42.9925,2.724,1.231,9.596*40
$GNGST,020550.30,0.008,0.003,0.002,42.8025,2.724,1.231,9.596*49
$GNGST,020550.40,0.008,0.003,0.002,42.9517,2.724,1.231,9.596*4B
$GNGST,020550.50,0.008,0.003,0.002,42.2070,2.724,1.231,9.596*45
$GNGST,020550.60,0.008,0.003,0.002,42.9521,2.724,1.231,9.596*4C
$GNGST,020550.70,0.008,0.003,0.002,42.9523,2.724,1.231,9.596*4F
$GNGST,020550.80,0.008,0.003,0.002,42.9525,2.724,1.231,9.596*46
$GNGST,020550.90,0.008,0.003,0.002,42.2352,2.724,1.231,9.596*4A
$GNGST,020551.00,0.008,0.003,0.002,42.9417,2.724,1.231,9.596*4F
$GNGST,020551.10,0.008,0.003,0.002,42.9419,2.724,1.231,9.596*40
$GNGST,020551.20,0.008,0.003,0.002,42.1012,2.724,1.231,9.596*44
$GNGST,020551.30,0.008,0.003,0.002,42.6615,2.724,1.231,9.596*43
$GNGST,020551.40,0.008,0.003,0.002,42.0417,2.724,1.231,9.596*42
$GNGST,020551.50,0.008,0.003,0.002,42.0419,2.724,1.231,9.596*4D
$GNGST,020551.60,0.008,0.003,0.002,42.3332,2.724,1.231,9.596*43
$GNGST,020551.70,0.008,0.003,0.002,42.8448,2.724,1.231,9.596*43
$GNGST,020551.80,0.008,0.003,0.002,42.2097,2.724,1.231,9.596*40
$GNGST,020551.90,0.008,0.003,0.002,42.2098,2.724,1.231,9.596*4E
$GNGST,020552.00,0.008,0.003,0.002,42.8453,2.724,1.231,9.596*4D
$GNGST,020552.10,0.008,0.003,0.002,42.2101,2.724,1.231,9.596*44
$GNGST,020552.20,0.008,0.003,0.002,42.2102,2.724,1.231,9.596*44
$GNGST,020552.30,0.008,0.003,0.002,42.2103,2.724,1.231,9.596*44
$GNGST,020552.40,0.008,0.003,0.002,42.2105,2.724,1.231,9.596*45
$GNGST,020552.50,0.008,0.003,0.002,42.2360,2.724,1.231,9.596*45
$GNGST,020552.60,0.008,0.003,0.002,41.5591,2.724,1.231,9.596*4A
$GNGST,020552.70,0.008,0.003,0.002,42.7321,2.724,1.231,9.596*47
$GNGST,020552.80,0.008,0.003,0.002,41.8122,2.724,1.231,9.596*45
$GNGST,020552.90,0.008,0.003,0.002,42.7141,2.724,1.231,9.596*4D
$GNGST,020553.00,0.008,0.003,0.002,41.9438,2.724,1.231,9.596*43
$GNGST,020553.10,0.008,0.003,0.002,41.9440,2.724,1.231,9.596*4D
$GNGST,020553.20,0.008,0.003,0.002,42.6813,2.724,1.231,9.596*48
$GNGST,020553.30,0.008,0.003,0.002,41.8893,2.724,1.231,9.596*4C
$GNGST,020553.40,0.008,0.003,0.002,42.1811,2.724,1.231,9.596*4B
$GNGST,020553.50,0.008,0.003,0.002,42.6642,2.724,1.231,9.596*45
$GNGST,020553.60,0.008,0.003,0.002,42.8192,2.724,1.231,9.596*42
$GNGST,020553.70,0.008,0.003,0.002,42.5388,2.724,1.231,9.596*47
$GNGST,020553.80,0.008,0.003,0.002,42.6647,2.724,1.231,9.596*4D
$GNGST,020553.90,0.008,0.003,0.002,42.2859,2.724,1.231,9.596*49
$GNGST,020554.00,0.008,0.003,0.002,42.2861,2.724,1.231,9.596*4C
$GNGST,020554.10,0.008,0.003,0.002,42.2864,2.724,1.231,9.596*48
$GNGST,020554.20,0.008,0.003,0.002,43.1466,2.724,1.231,9.596*47
$GNGST,020554.30,0.008,0.003,0.002,42.4171,2.724,1.231,9.596*41
$GNGST,020554.40,0.008,0.003,0.002,43.0596,2.724,1.231,9.596*4E
$GNGST,020554.50,0.008,0.003,0.002,43.0300,2.724,1.231,9.596*46
$GNGST,020554.60,0.008,0.003,0.002,42.3053,2.724,1.231,9.596*42
$GNGST,020554.70,0.008,0.003,0.002,41.9336,2.724,1.231,9.596*4A
$GNGST,020554.80,0.008,0.003,0.002,42.4191,2.724,1.231,9.596*44
$GNGST,020554.90,0.008,0.003,0.002,41.5506,2.724,1.231,9.596*4D
$GNGST,020555.00,0.008,0.003,0.002,42.4194,2.724,1.231,9.596*48
$GNGST,020555.10,0.008,0.003,0.002,43.8551,2.724,1.231,9.596*49
$GNGST,020555.20,0.008,0.003,0.002,42.5781,2.724,1.231,9.596*49
$GNGST,020555.30,0.008,0.003,0.002,42.5783,2.724,1.231,9.596*4A
$GNGST,020555.40,0.008,0.003,0.002,43.4132,2.724,1.231,9.596*41
$GNGST,020555.50,0.008,0.003,0.002,42.0387,2.724,1.231,9.596*49
$GNGST,020555.60,0.008,0.003,0.002,42.5787,2.724,1.231,9.596*4B
$GNGST,020555.70,0.008,0.003,0.002,42.0391,2.724,1.231,9.596*4C
$GNGST,020555.80,0.008,0.003,0.002,43.2985,2.724,1.231,9.596*4F
$GNGST,020555.90,0.008,0.003,0.002,42.0769,2.724,1.231,9.596*41
$GNGST,020556.00,0.008,0.003,0.002,43.8996,2.724,1.231,9.596*4C
$GNGST,020556.10,0.008,0.003,0.002,42.6200,2.724,1.231,9.596*46
$GNGST,020556.20,0.008,0.003,0.002,42.0774,2.724,1.231,9.596*45
$GNGST,020556.30,0.008,0.003,0.002,43.2454,2.724,1.231,9.596*46
$GNGST,020556.40,0.008,0.003,0.002,42.6205,2.724,1.231,9.596*46
$GNGST,020556.50,0.008,0.003,0.002,42.6206,2.724,1.231,9.596*44
$GNGST,020556.60,0.008,0.003,0.002,43.2458,2.724,1.231,9.596*4F
$GNGST,020556.70,0.008,0.003,0.002,42.5843,2.724,1.231,9.596*4E
$GNGST,020556.80,0.008,0.003,0.002,43.3835,2.724,1.231,9.596*47
$GNGST,020556.90,0.008,0.003,0.002,43.2472,2.724,1.231,9.596*48
$GNGST,020557.00,0.008,0.003,0.002,43.3839,2.724,1.231,9.596*42
$GNGST,020557.10,0.008,0.003,0.002,42.4818,2.724,1.231,9.596*46
$GNGST,020557.20,0.008,0.003,0.002,43.3843,2.724,1.231,9.596*4D
$GNGST,020557.30,0.008,0.003,0.002,43.2480,2.724,1.231,9.596*4E
$GNGST,020557.40,0.008,0.003,0.002,43.3440,2.724,1.231,9.596*44
$GNGST,020557.50,0.008,0.003,0.002,43.0551,2.724,1.231,9.596*47
$GNGST,020557.60,0.008,0.003,0.002,42.5990,2.724,1.231,9.596*41
$GNGST,020557.70,0.008,0.003,0.002,42.4614,2.724,1.231,9.596*42
$GNGST,020557.80,0.008,0.003,0.002,42.5993,2.724,1.231,9.596*4C
$GNGST,020557.90,0.008,0.003,0.002,42.3326,2.724,1.231,9.596*4F
$GNGST,020558.00,0.008,0.003,0.002,42.4618,2.724,1.231,9.596*46
$GNGST,020558.10,0.008,0.003,0.002,42.3328,2.724,1.231,9.596*46
$GNGST,020558.20,0.008,0.003,0.002,41.9621,2.724,1.231,9.596*40
$GNGST,020558.30,0.008,0.003,0.002,41.9114,2.724,1.231,9.596*40
$GNGST,020558.40,0.008,0.003,0.002,41.8266,2.724,1.231,9.596*40
$GNGST,020558.50,0.008,0.003,0.002,41.9118,2.724,1.231,9.596*4A
$GNGST,020558.60,0.008,0.003,0.002,41.9119,2.724,1.231,9.596*48
$GNGST,020558.70,0.008,0.003,0.002,42.0722,2.724,1.231,9.596*4D
$GNGST,020558.80,0.008,0.003,0.002,42.4019,2.724,1.231,9.596*49
$GNGST,020558.90,0.008,0.003,0.002,42.4570,2.724,1.231,9.596*42
$GNGST,020559.00,0.008,0.003,0.002,42.4571,2.724,1.231,9.596*4B
$GNGST,020559.10,0.008,0.003,0.002,42.4572,2.724,1.231,9.596*49
$GNGST,020559.20,0.008,0.003,0.002,42.1221,2.724,1.231,9.596*4E
$GNGST,020559.30,0.008,0.003,0.002,42.1223,2.724,1.231,9.596*4D
$GNGST,020559.40,0.008,0.003,0.002,42.4576,2.724,1.231,9.596*48
$GNGST,020559.50,0.008,0.003,0.002,42.0699,2.724,1.231,9.596*4F
$GNGST,020559.60,0.008,0.003,0.002,42.0700,2.724,1.231,9.596*4D
$GNGST,020559.70,0.008,0.003,0.002,42.7330,2.724,1.231,9.596*4C
$GNGST,020559.80,0.008,0.003,0.002,42.7332,2.724,1.231,9.596*41
$GNGST,020559.90,0.008,0.003,0.002,42.7333,2.724,1.231,9.596*41
$GNGST,020600.00,0.008,0.003,0.002,42.7334,2.724,1.231,9.596*40
$GNGST,020600.10,0.008,0.003,0.002,42.6971,2.724,1.231,9.596*4B
$GNGST,020600.20,0.008,0.003,0.002,42.1437,2.724,1.231,9.596*40
$GNGST,020600.30,0.008,0.003,0.002,43.5668,2.724,1.231,9.596*4C
$GNGST,020600.40,0.008,0.003,0.002,43.9658,2.724,1.231,9.596*44
$GNGST,020600.50,0.008,0.003,0.002,42.6794,2.724,1.231,9.596*4A
$GNGST,020600.60,0.008,0.003,0.002,42.6796,2.724,1.231,9.596*4B
$GNGST,020600.70,0.008,0.003,0.002,43.5130,2.724,1.231,9.596*42
$GNGST,020600.80,0.008,0.003,0.002,42.7151,2.724,1.231,9.596*49
$GNGST,020600.90,0.008,0.003,0.002,42.5854,2.724,1.231,9.596*46
$GNGST,020601.00,0.008,0.003,0.002,44.6797,2.724,1.231,9.596*4B
$GNGST,020601.10,0.008,0.003,0.002,42.7521,2.724,1.231,9.596*42
$GNGST,020601.20,0.008,0.003,0.002,42.7116,2.724,1.231,9.596*41
$GNGST,020601.30,0.008,0.003,0.002,42.5786,2.724,1.231,9.596*4D
$GNGST,020601.40,0.008,0.003,0.002,42.5787,2.724,1.231,9.596*4B
$GNGST,020601.50,0.008,0.003,0.002,42.7121,2.724,1.231,9.596*42
$GNGST,020601.60,0.008,0.003,0.002,42.5790,2.724,1.231,9.596*4F
$GNGST,020601.70,0.008,0.003,0.002,42.6935,2.724,1.231,9.596*4C
$GNGST,020601.80,0.008,0.003,0.002,43.3211,2.724,1.231,9.596*4A
$GNGST,020601.90,0.008,0.003,0.002,44.0289,2.724,1.231,9.596*4E
$GNGST,020602.00,0.008,0.003,0.002,42.4034,2.724,1.231,9.596*42
$GNGST,020602.10,0.008,0.003,0.002,42.6940,2.724,1.231,9.596*4B
$GNGST,020602.20,0.008,0.003,0.002,42.6941,2.724,1.231,9.596*49
$GNGST,020602.30,0.008,0.003,0.002,44.0297,2.724,1.231,9.596*48
$GNGST,020602.40,0.008,0.003,0.002,42.6944,2.724,1.231,9.596*4A
$GNGST,020602.50,0.008,0.003,0.002,42.6945,2.724,1.231,9.596*4A
$GNGST,020602.60,0.008,0.003,0.002,43.0837,2.724,1.231,9.596*4A
$GNGST,020602.70,0.008,0.003,0.002,42.7151,2.724,1.231,9.596*44
$GNGST,020602.80,0.008,0.003,0.002,42.0391,2.724,1.231,9.596*42
$GNGST,020602.90,0.008,0.003,0.002,42.1579,2.724,1.231,9.596*42
$GNGST,020603.00,0.008,0.003,0.002,42.5836,2.724,1.231,9.596*48
$GNGST,020603.10,0.008,0.003,0.002,42.0201,2.724,1.231,9.596*42
$GNGST,020603.20,0.008,0.003,0.002,42.7625,2.724,1.231,9.596*44
$GNGST,020603.30,0.008,0.003,0.002,42.1586,2.724,1.231,9.596*49
$GNGST,020603.40,0.008,0.003,0.002,42.7161,2.724,1.231,9.596*45
$GNGST,020603.50,0.008,0.003,0.002,42.7162,2.724,1.231,9.596*47
$GNGST,020603.60,0.008,0.003,0.002,42.7324,2.724,1.231,9.596*44
$GNGST,020603.70,0.008,0.003,0.002,42.7326,2.724,1.231,9.596*47
$GNGST,020603.80,0.008,0.003,0.002,42.7327,2.724,1.231,9.596*49
$GNGST,020603.90,0.008,0.003,0.002,42.7329,2.724,1.231,9.596*46
$GNGST,020604.00,0.008,0.003,0.002,42.7330,2.724,1.231,9.596*40
$GNGST,020604.10,0.008,0.003,0.002,42.4738,2.724,1.231,9.596*4E
$GNGST,020604.20,0.008,0.003,0.002,42.4740,2.724,1.231,9.596*42
$GNGST,020604.30,0.008,0.003,0.002,42.4741,2.724,1.231,9.596*42
$GNGST,020604.40,0.008,0.003,0.002,42.6022,2.724,1.231,9.596*45
$GNGST,020604.50,0.008,0.003,0.002,42.4744,2.724,1.231,9.596*41
$GNGST,020604.60,0.008,0.003,0.002,45.7066,2.724,1.231,9.596*41
$GNGST,020604.70,0.008,0.003,0.002,42.5918,2.724,1.231,9.596*45
$GNGST,020604.80,0.008,0.003,0.002,42.4816,2.724,1.231,9.596*44
$GNGST,020604.90,0.008,0.003,0.002,42.7397,2.724,1.231,9.596*44
$GNGST,020605.00,0.008,0.003,0.002,42.4819,2.724,1.231,9.596*42
$GNGST,020605.10,0.008,0.003,0.002,42.4820,2.724,1.231,9.596*49
$GNGST,020605.20,0.008,0.003,0.002,45.7069,2.724,1.231,9.596*4B
$GNGST,020605.30,0.008,0.003,0.002,42.4822,2.724,1.231,9.596*49
$GNGST,020605.40,0.008,0.003,0.002,41.8988,2.724,1.231,9.596*40
$GNGST,020605.50,0.008,0.003,0.002,42.5185,2.724,1.231,9.596*4A
$GNGST,020605.60,0.008,0.003,0.002,41.9759,2.724,1.231,9.596*41
$GNGST,020605.70,0.008,0.003,0.002,42.6056,2.724,1.231,9.596*44
$GNGST,020605.80,0.008,0.003,0.002,42.5189,2.724,1.231,9.596*4B
$GNGST,020605.90,0.008,0.003,0.002,42.5190,2.724,1.231,9.596*42
$GNGST,020606.00,0.008,0.003,0.002,41.9329,2.724,1.231,9.596*47
$GNGST,020606.10,0.008,0.003,0.002,42.5192,2.724,1.231,9.596*4B
$GNGST,020606.20,0.008,0.003,0.002,42.0635,2.724,1.231,9.596*47
$GNGST,020606.30,0.008,0.003,0.002,42.5195,2.724,1.231,9.596*4E
$GNGST,020606.40,0.008,0.003,0.002,41.9335,2.724,1.231,9.596*4E
$GNGST,020606.50,0.008,0.003,0.002,42.6431,2.724,1.231,9.596*40
$GNGST,020606.60,0.008,0.003,0.002,42.0642,2.724,1.231,9.596*43
$GNGST,020606.70,0.008,0.003,0.002,43.4056,2.724,1.231,9.596*44
$GNGST,020606.80,0.008,0.003,0.002,42.5392,2.724,1.231,9.596*40
$GNGST,020606.90,0.008,0.003,0.002,42.5393,2.724,1.231,9.596*40
$GNGST,020607.00,0.008,0.003,0.002,43.4840,2.724,1.231,9.596*4D
$GNGST,020607.10,0.008,0.003,0.002,42.8324,2.724,1.231,9.596*48
$GNGST,020607.20,0.008,0.003,0.002,42.9561,2.724,1.231,9.596*4D
$GNGST,020607.30,0.008,0.003,0.002,42.9997,2.724,1.231,9.596*49
$GNGST,020607.40,0.008,0.003,0.002,42.5399,2.724,1.231,9.596*46
$GNGST,020607.50,0.008,0.003,0.002,42.5401,2.724,1.231,9.596*41
$GNGST,020607.60,0.008,0.003,0.002,43.1868,2.724,1.231,9.596*44
$GNGST,020607.70,0.008,0.003,0.002,43.1869,2.724,1.231,9.596*44
$GNGST,020607.80,0.008,0.003,0.002,43.3255,2.724,1.231,9.596*4C
$GNGST,020607.90,0.008,0.003,0.002,43.3992,2.724,1.231,9.596*4D
$GNGST,020608.00,0.008,0.003,0.002,43.4954,2.724,1.231,9.596*46
$GNGST,020608.10,0.008,0.003,0.002,43.4956,2.724,1.231,9.596*45
$GNGST,020608.20,0.008,0.003,0.002,43.4958,2.724,1.231,9.596*48
$GNGST,020608.30,0.008,0.003,0.002,43.4960,2.724,1.231,9.596*42
$GNGST,020608.40,0.008,0.003,0.002,43.4962,2.724,1.231,9.596*47
$GNGST,020608.50,0.008,0.003,0.002,43.7371,2.724,1.231,9.596*4D
$GNGST,020608.60,0.008,0.003,0.002,43.1787,2.724,1.231,9.596*45
$GNGST,020608.70,0.008,0.003,0.002,43.1788,2.724,1.231,9.596*4B
$GNGST,020608.80,0.008,0.003,0.002,44.5832,2.724,1.231,9.596*49
$GNGST,020608.90,0.008,0.003,0.002,43.5098,2.724,1.231,9.596*47
$GNGST,020609.00,0.008,0.003,0.002,43.4145,2.724,1.231,9.596*4F
$GNGST,020609.10,0.008,0.003,0.002,43.5102,2.724,1.231,9.596*4C
$GNGST,020609.20,0.008,0.003,0.002,44.2017,2.724,1.231,9.596*4A
$GNGST,020609.30,0.008,0.003,0.002,43.1925,2.724,1.231,9.596*47
$GNGST,020609.40,0.008,0.003,0.002,43.3338,2.724,1.231,9.596*44
$GNGST,020609.50,0.008,0.003,0.002,43.0973,2.724,1.231,9.596*43
$GNGST,020609.60,0.008,0.003,0.002,43.4962,2.724,1.231,9.596*44
$GNGST,020609.70,0.008,0.003,0.002,44.0004,2.724,1.231,9.596*4F
$GNGST,020609.80,0.008,0.003,0.002,43.6198,2.724,1.231,9.596*45
$GNGST,020609.90,0.008,0.003,0.002,43.0188,2.724,1.231,9.596*43
$GNGST,020610.00,0.008,0.003,0.002,43.5322,2.724,1.231,9.596*45
$GNGST,020610.10,0.008,0.003,0.002,43.4971,2.724,1.231,9.596*49
$GNGST,020610.20,0.008,0.003,0.002,43.3023,2.724,1.231,9.596*43
$GNGST,020610.30,0.008,0.003,0.002,43.4584,2.724,1.231,9.596*4D
$GNGST,020610.40,0.008,0.003,0.002,43.4586,2.724,1.231,9.596*48
$GNGST,020610.50,0.008,0.003,0.002,43.4588,2.724,1.231,9.596*47
$GNGST,020610.60,0.008,0.003,0.002,42.8603,2.724,1.231,9.596*49
$GNGST,020610.70,0.008,0.003,0.002,42.8186,2.724,1.231,9.596*42
$GNGST,020610.80,0.008,0.003,0.002,42.8522,2.724,1.231,9.596*47
$GNGST,020610.90,0.008,0.003,0.002,43.7447,2.724,1.231,9.596*4A
$GNGST,020611.00,0.008,0.003,0.002,45.2865,2.724,1.231,9.596*4D
$GNGST,020611.10,0.008,0.003,0.002,42.9656,2.724,1.231,9.596*4E
$GNGST,020611.20,0.008,0.003,0.002,43.6360,2.724,1.231,9.596*43
$GNGST,020611.30,0.008,0.003,0.002,43.5967,2.724,1.231,9.596*4C
$GNGST,020611.40,0.008,0.003,0.002,43.7458,2.724,1.231,9.596*48
$GNGST,020611.50,0.008,0.003,0.002,44.4755,2.724,1.231,9.596*43
$GNGST,020611.60,0.008,0.003,0.002,43.6652,2.724,1.231,9.596*43
$GNGST,020611.70,0.008,0.003,0.002,44.4367,2.724,1.231,9.596*44
$GNGST,020611.80,0.008,0.003,0.002,43.7466,2.724,1.231,9.596*49
$GNGST,020611.90,0.008,0.003,0.002,42.2778,2.724,1.231,9.596*40
$GNGST,020612.00,0.008,0.003,0.002,43.6102,2.724,1.231,9.596*44
$GNGST,020612.10,0.008,0.003,0.002,42.8224,2.724,1.231,9.596*4D
$GNGST,020612.20,0.008,0.003,0.002,42.9328,2.724,1.231,9.596*42
$GNGST,020612.30,0.008,0.003,0.002,42.9329,2.724,1.231,9.596*42
$GNGST,020612.40,0.008,0.003,0.002,42.2345,2.724,1.231,9.596*44
$GNGST,020612.50,0.008,0.003,0.002,42.2347,2.724,1.231,9.596*47
$GNGST,020612.60,0.008,0.003,0.002,42.3524,2.724,1.231,9.596*46
$GNGST,020612.70,0.008,0.003,0.002,42.2995,2.724,1.231,9.596*40
$GNGST,020612.80,0.008,0.003,0.002,42.2997,2.724,1.231,9.596*4D
$GNGST,020612.90,0.008,0.003,0.002,42.4022,2.724,1.231,9.596*4D
$GNGST,020613.00,0.008,0.003,0.002,42.9824,2.724,1.231,9.596*46
$GNGST,020613.10,0.008,0.003,0.002,42.3640,2.724,1.231,9.596*41
$GNGST,020613.20,0.008,0.003,0.002,42.3003,2.724,1.231,9.596*43
$GNGST,020613.30,0.008,0.003,0.002,42.3644,2.724,1.231,9.596*47
$GNGST,020613.40,0.008,0.003,0.002,42.3007,2.724,1.231,9.596*41
$GNGST,020613.50,0.008,0.003,0.002,42.3391,2.724,1.231,9.596*4C
$GNGST,020613.60,0.008,0.003,0.002,43.0058,2.724,1.231,9.596*4B
$GNGST,020613.70,0.008,0.003,0.002,42.7701,2.724,1.231,9.596*47
$GNGST,020613.80,0.008,0.003,0.002,42.7384,2.724,1.231,9.596*41
$GNGST,020613.90,0.008,0.003,0.002,42.2777,2.724,1.231,9.596*4D
$GNGST,020614.00,0.008,0.003,0.002,41.9225,2.724,1.231,9.596*49
$GNGST,020614.10,0.008,0.003,0.002,42.1911,2.724,1.231,9.596*4F
$GNGST,020614.20,0.008,0.003,0.002,42.1560,2.724,1.231,9.596*46
$GNGST,020614.30,0.008,0.003,0.002,42.1561,2.724,1.231,9.596*46
$GNGST,020614.40,0.008,0.003,0.002,42.7392,2.724,1.231,9.596*4D
$GNGST,020614.50,0.008,0.003,0.002,42.7498,2.724,1.231,9.596*41
$GNGST,020614.60,0.008,0.003,0.002,42.9051,2.724,1.231,9.596*4D
$GNGST,020614.70,0.008,0.003,0.002,42.7500,2.724,1.231,9.596*43
$GNGST,020614.80,0.008,0.003,0.002,42.9384,2.724,1.231,9.596*48
$GNGST,020614.90,0.008,0.003,0.002,42.8652,2.724,1.231,9.596*46
$GNGST,020615.00,0.008,0.003,0.002,42.6793,2.724,1.231,9.596*4C
$GNGST,020615.10,0.008,0.003,0.002,42.9735,2.724,1.231,9.596*4E
$GNGST,020615.20,0.008,0.003,0.002,42.7127,2.724,1.231,9.596*46
$GNGST,020615.30,0.008,0.003,0.002,43.2682,2.724,1.231,9.596*4B
$GNGST,020615.40,0.008,0.003,0.002,42.6207,2.724,1.231,9.596*40
$GNGST,020615.50,0.008,0.003,0.002,42.7133,2.724,1.231,9.596*44
$GNGST,020615.60,0.008,0.003,0.002,42.7115,2.724,1.231,9.596*43
$GNGST,020615.70,0.008,0.003,0.002,42.9342,2.724,1.231,9.596*4C
$GNGST,020615.80,0.008,0.003,0.002,42.8114,2.724,1.231,9.596*43
$GNGST,020615.90,0.008,0.003,0.002,42.8115,2.724,1.231,9.596*43
$GNGST,020616.00,0.008,0.003,0.002,42.9140,2.724,1.231,9.596*48
$GNGST,020616.10,0.008,0.003,0.002,42.9281,2.724,1.231,9.596*47
$GNGST,020616.20,0.008,0.003,0.002,42.7844,2.724,1.231,9.596*49
$GNGST,020616.30,0.008,0.003,0.002,42.9143,2.724,1.231,9.596*48
$GNGST,020616.40,0.008,0.003,0.002,42.7846,2.724,1.231,9.596*4D
$GNGST,020616.50,0.007,0.003,0.002,41.0461,2.724,1.231,9.596*4E
$GNGST,020616.60,0.007,0.003,0.002,41.0463,2.724,1.231,9.596*4F
$GNGST,020616.70,0.007,0.003,0.002,41.0465,2.724,1.231,9.596*48
$GNGST,020616.80,0.008,0.003,0.002,43.1186,2.724,1.231,9.596*43
$GNGST,020616.90,0.008,0.003,0.002,43.3041,2.724,1.231,9.596*4A
$GNGST,020617.00,0.008,0.003,0.002,43.1637,2.724,1.231,9.596*47
$GNGST,020617.10,0.008,0.003,0.002,43.4833,2.724,1.231,9.596*49
$GNGST,020617.20,0.008,0.003,0.002,43.9963,2.724,1.231,9.596*43
$GNGST,020617.30,0.008,0.003,0.002,43.9965,2.724,1.231,9.596*44
$GNGST,020617.40,0.008,0.003,0.002,43.3862,2.724,1.231,9.596*4F
$GNGST,020617.50,0.008,0.003,0.002,43.1252,2.724,1.231,9.596*45
$GNGST,020617.60,0.008,0.003,0.002,43.1253,2.724,1.231,9.596*47
$GNGST,020617.70,0.008,0.003,0.002,43.2463,2.724,1.231,9.596*40
$GNGST,020617.80,0.008,0.003,0.002,43.1851,2.724,1.231,9.596*41
$GNGST,020617.90,0.008,0.003,0.002,43.1257,2.724,1.231,9.596*4C
$GNGST,020618.00,0.008,0.003,0.002,43.1951,2.724,1.231,9.596*47
$GNGST,020618.10,0.008,0.003,0.002,43.1952,2.724,1.231,9.596*45
$GNGST,020618.20,0.008,0.003,0.002,43.1582,2.724,1.231,9.596*47
$GNGST,020618.30,0.008,0.003,0.002,43.1583,2.724,1.231,9.596*47
$GNGST,020618.40,0.008,0.003,0.002,43.1584,2.724,1.231,9.596*47
$GNGST,020618.50,0.008,0.003,0.002,43.2181,2.724,1.231,9.596*44
$GNGST,020618.60,0.008,0.003,0.002,43.3845,2.724,1.231,9.596*47
$GNGST,020618.70,0.008,0.003,0.002,43.2282,2.724,1.231,9.596*46
$GNGST,020618.80,0.008,0.003,0.002,43.2659,2.724,1.231,9.596*4B
$GNGST,020618.90,0.008,0.003,0.002,42.8377,2.724,1.231,9.596*48
$GNGST,020619.00,0.008,0.003,0.002,42.7953,2.724,1.231,9.596*43
$GNGST,020619.10,0.008,0.003,0.002,42.8999,2.724,1.231,9.596*4B
$GNGST,020619.20,0.008,0.003,0.002,43.9288,2.724,1.231,9.596*43
$GNGST,020619.30,0.008,0.003,0.002,43.2647,2.724,1.231,9.596*4E
$GNGST,020619.40,0.008,0.003,0.002,42.7778,2.724,1.231,9.596*40
$GNGST,020619.50,0.008,0.003,0.002,43.3788,2.724,1.231,9.596*4B
$GNGST,020619.60,0.008,0.003,0.002,42.6777,2.724,1.231,9.596*4C
$GNGST,020619.70,0.008,0.003,0.002,43.2878,2.724,1.231,9.596*48
$GNGST,020619.80,0.008,0.003,0.002,47.8291,2.724,1.231,9.596*44
$GNGST,020619.90,0.008,0.003,0.002,43.4014,2.724,1.231,9.596*42
$GNGST,020620.00,0.008,0.003,0.002,47.8622,2.724,1.231,9.596*4A
$GNGST,020620.10,0.008,0.003,0.002,47.8624,2.724,1.231,9.596*4D
$GNGST,020620.20,0.008,0.003,0.002,47.5594,2.724,1.231,9.596*4B
$GNGST,020620.30,0.008,0.003,0.002,47.8763,2.724,1.231,9.596*4D
$GNGST,020620.40,0.008,0.003,0.002,47.8766,2.724,1.231,9.596*4F
$GNGST,020620.50,0.008,0.003,0.002,47.8768,2.724,1.231,9.596*40
$GNGST,020620.60,0.008,0.003,0.002,43.2980,2.724,1.231,9.596*45
$GNGST,020620.70,0.008,0.003,0.002,47.7561,2.724,1.231,9.596*46
$GNGST,020620.80,0.008,0.003,0.002,43.0179,2.724,1.231,9.596*47
$GNGST,020620.90,0.008,0.003,0.002,43.2384,2.724,1.231,9.596*44
$GNGST,020621.00,0.008,0.003,0.002,47.8233,2.724,1.231,9.596*4F
$GNGST,020621.10,0.008,0.003,0.002,44.8183,2.724,1.231,9.596*45
$GNGST,020621.20,0.008,0.003,0.002,43.3381,2.724,1.231,9.596*4A
$GNGST,020621.30,0.008,0.003,0.002,43.2389,2.724,1.231,9.596*42
$GNGST,020621.40,0.008,0.003,0.002,43.0047,2.724,1.231,9.596*46
$GNGST,020621.50,0.008,0.003,0.002,43.3385,2.724,1.231,9.596*49
$GNGST,020621.60,0.008,0.003,0.002,43.3386,2.724,1.231,9.596*49
$GNGST,020621.70,0.008,0.003,0.002,43.3526,2.724,1.231,9.596*44
$GNGST,020621.80,0.008,0.003,0.002,43.3682,2.724,1.231,9.596*46
$GNGST,020621.90,0.008,0.003,0.002,42.6154,2.724,1.231,9.596*4F
$GNGST,020622.00,0.008,0.003,0.002,42.7808,2.724,1.231,9.596*44
$GNGST,020622.10,0.008,0.003,0.002,42.0546,2.724,1.231,9.596*45
$GNGST,020622.20,0.008,0.003,0.002,42.6701,2.724,1.231,9.596*41
$GNGST,020622.30,0.008,0.003,0.002,42.7813,2.724,1.231,9.596*4D
$GNGST,020622.40,0.008,0.003,0.002,42.7815,2.724,1.231,9.596*4C
$GNGST,020622.50,0.008,0.003,0.002,43.3691,2.724,1.231,9.596*4A
$GNGST,020622.60,0.008,0.003,0.002,42.7818,2.724,1.231,9.596*43
$GNGST,020622.70,0.008,0.003,0.002,44.8420,2.724,1.231,9.596*4C
$GNGST,020622.80,0.008,0.003,0.002,44.8422,2.724,1.231,9.596*41
$GNGST,020622.90,0.008,0.003,0.002,42.6490,2.724,1.231,9.596*41
$GNGST,020623.00,0.008,0.003,0.002,44.0881,2.724,1.231,9.596*45
$GNGST,020623.10,0.008,0.003,0.002,43.3608,2.724,1.231,9.596*4F
$GNGST,020623.20,0.008,0.003,0.002,42.7738,2.724,1.231,9.596*4B
$GNGST,020623.30,0.008,0.003,0.002,43.2441,2.724,1.231,9.596*43
$GNGST,020623.40,0.008,0.003,0.002,43.2442,2.724,1.231,9.596*47
$GNGST,020623.50,0.008,0.003,0.002,43.2444,2.724,1.231,9.596*40
$GNGST,020623.60,0.008,0.003,0.002,42.9097,2.724,1.231,9.596*43
$GNGST,020623.70,0.008,0.003,0.002,43.6658,2.724,1.231,9.596*49
$GNGST,020623.80,0.008,0.003,0.002,43.9871,2.724,1.231,9.596*4C
$GNGST,020623.90,0.008,0.003,0.002,43.8262,2.724,1.231,9.596*44
$GNGST,020624.00,0.008,0.003,0.002,46.7760,2.724,1.231,9.596*47
$GNGST,020624.10,0.008,0.003,0.002,47.9399,2.724,1.231,9.596*4B
$GNGST,020624.20,0.008,0.003,0.002,47.9402,2.724,1.231,9.596*4D
$GNGST,020624.30,0.008,0.003,0.002,43.8269,2.724,1.231,9.596*42
$GNGST,020624.40,0.008,0.003,0.002,43.8876,2.724,1.231,9.596*41
$GNGST,020624.50,0.008,0.003,0.002,45.4157,2.724,1.231,9.596*40
$GNGST,020624.60,0.008,0.003,0.002,43.8880,2.724,1.231,9.596*4A
$GNGST,020624.70,0.008,0.003,0.002,43.7343,2.724,1.231,9.596*40
$GNGST,020624.80,0.008,0.003,0.002,45.5800,2.724,1.231,9.596*47
$GNGST,020624.90,0.008,0.003,0.002,43.8004,2.724,1.231,9.596*41
$GNGST,020625.00,0.008,0.003,0.002,43.9053,2.724,1.231,9.596*4A
$GNGST,020625.10,0.008,0.003,0.002,43.2442,2.724,1.231,9.596*44
$GNGST,020625.20,0.008,0.003,0.002,43.4404,2.724,1.231,9.596*43
$GNGST,020625.30,0.008,0.003,0.002,43.4405,2.724,1.231,9.596*43
$GNGST,020625.40,0.008,0.003,0.002,43.2603,2.724,1.231,9.596*46
$GNGST,020625.50,0.008,0.003,0.002,44.9693,2.724,1.231,9.596*42
$GNGST,020625.60,0.008,0.003,0.002,43.7823,2.724,1.231,9.596*4D
$GNGST,020625.70,0.008,0.003,0.002,43.4224,2.724,1.231,9.596*42
$GNGST,020625.80,0.008,0.003,0.002,43.4226,2.724,1.231,9.596*4F
$GNGST,020625.90,0.008,0.003,0.002,43.3814,2.724,1.231,9.596*42
$GNGST,020626.00,0.008,0.003,0.002,43.3816,2.724,1.231,9.596*4A
$GNGST,020626.10,0.008,0.003,0.002,43.3661,2.724,1.231,9.596*45
$GNGST,020626.20,0.008,0.003,0.002,43.3818,2.724,1.231,9.596*46
$GNGST,020626.30,0.008,0.003,0.002,43.3819,2.724,1.231,9.596*46
$GNGST,020626.40,0.008,0.003,0.002,43.3072,2.724,1.231,9.596*44
$GNGST,020626.50,0.008,0.003,0.002,43.3073,2.724,1.231,9.596*44
$GNGST,020626.60,0.008,0.003,0.002,43.1610,2.724,1.231,9.596*46
$GNGST,020626.70,0.008,0.003,0.002,43.2931,2.724,1.231,9.596*48
$GNGST,020626.80,0.008,0.003,0.002,43.1788,2.724,1.231,9.596*48
$GNGST,020626.90,0.008,0.003,0.002,43.1632,2.724,1.231,9.596*49
$GNGST,020627.00,0.008,0.003,0.002,43.0174,2.724,1.231,9.596*45
$GNGST,020627.10,0.008,0.003,0.002,43.1791,2.724,1.231,9.596*48
$GNGST,020627.20,0.008,0.003,0.002,43.1792,2.724,1.231,9.596*48
$GNGST,020627.30,0.008,0.003,0.002,42.7356,2.724,1.231,9.596*42
$GNGST,020627.40,0.008,0.003,0.002,42.7357,2.724,1.231,9.596*44
$GNGST,020627.50,0.008,0.003,0.002,42.8354,2.724,1.231,9.596*49
$GNGST,020627.60,0.008,0.003,0.002,42.6028,2.724,1.231,9.596*4C
$GNGST,020627.70,0.008,0.003,0.002,42.5639,2.724,1.231,9.596*48
$GNGST,020627.80,0.008,0.003,0.002,42.5641,2.724,1.231,9.596*48
$GNGST,020627.90,0.008,0.003,0.002,43.1013,2.724,1.231,9.596*4D
$GNGST,020628.00,0.008,0.003,0.002,42.6981,2.724,1.231,9.596*4F
$GNGST,020628.10,0.008,0.003,0.002,42.2440,2.724,1.231,9.596*4A
$GNGST,020628.20,0.008,0.003,0.002,42.0984,2.724,1.231,9.596*4E
$GNGST,020628.30,0.008,0.003,0.002,42.5182,2.724,1.231,9.596*44
$GNGST,020628.40,0.008,0.003,0.002,43.8503,2.724,1.231,9.596*42
$GNGST,020628.50,0.008,0.003,0.002,42.5186,2.724,1.231,9.596*46
$GNGST,020628.60,0.008,0.003,0.002,42.3739,2.724,1.231,9.596*41
$GNGST,020628.70,0.008,0.003,0.002,42.9579,2.724,1.231,9.596*4C
$GNGST,020628.80,0.008,0.003,0.002,43.0691,2.724,1.231,9.596*4E
$GNGST,020628.90,0.008,0.003,0.002,42.2641,2.724,1.231,9.596*41
$GNGST,020629.00,0.008,0.003,0.002,43.0961,2.724,1.231,9.596*47
$GNGST,020629.10,0.008,0.003,0.002,42.8305,2.724,1.231,9.596*47
$GNGST,020629.20,0.008,0.003,0.002,43.1095,2.724,1.231,9.596*46
$GNGST,020629.30,0.008,0.003,0.002,42.7063,2.724,1.231,9.596*49
$GNGST,020629.40,0.008,0.003,0.002,42.8308,2.724,1.231,9.596*4F
$GNGST,020629.50,0.008,0.003,0.002,43.0967,2.724,1.231,9.596*44
$GNGST,020629.60,0.008,0.003,0.002,43.9463,2.724,1.231,9.596*47
$GNGST,020629.70,0.008,0.003,0.002,42.8645,2.724,1.231,9.596*40
$GNGST,020629.80,0.008,0.003,0.002,43.1051,2.724,1.231,9.596*44
$GNGST,020629.90,0.008,0.003,0.002,42.1635,2.724,1.231,9.596*40
$GNGST,020630.00,0.008,0.003,0.002,42.9677,2.724,1.231,9.596*4F
$GNGST,020630.10,0.008,0.003,0.002,43.1559,2.724,1.231,9.596*48
$GNGST,020630.20,0.008,0.003,0.002,43.1560,2.724,1.231,9.596*41
$GNGST,020630.30,0.008,0.003,0.002,42.9681,2.724,1.231,9.596*45
$GNGST,020630.40,0.008,0.003,0.002,43.1058,2.724,1.231,9.596*49
$GNGST,020630.50,0.008,0.003,0.002,42.3363,2.724,1.231,9.596*40
$GNGST,020630.60,0.008,0.003,0.002,43.1060,2.724,1.231,9.596*40
$GNGST,020630.70,0.008,0.003,0.002,42.9535,2.724,1.231,9.596*4D
$GNGST,020630.80,0.008,0.003,0.002,43.2547,2.724,1.231,9.596*4D
$GNGST,020630.90,0.008,0.003,0.002,43.1136,2.724,1.231,9.596*4D
$GNGST,020631.00,0.008,0.003,0.002,43.0235,2.724,1.231,9.596*44
$GNGST,020631.10,0.008,0.003,0.002,43.3002,2.724,1.231,9.596*40
$GNGST,020631.20,0.008,0.003,0.002,43.1598,2.724,1.231,9.596*47
$GNGST,020631.30,0.008,0.003,0.002,43.2112,2.724,1.231,9.596*43
$GNGST,020631.40,0.008,0.003,0.002,43.3005,2.724,1.231,9.596*42
$GNGST,020631.50,0.008,0.003,0.002,43.3314,2.724,1.231,9.596*40
$GNGST,020631.60,0.008,0.003,0.002,43.8578,2.724,1.231,9.596*44
$GNGST,020631.70,0.008,0.003,0.002,43.1293,2.724,1.231,9.596*4E
$GNGST,020631.80,0.008,0.003,0.002,42.7266,2.724,1.231,9.596*4C
$GNGST,020631.90,0.008,0.003,0.002,44.2056,2.724,1.231,9.596*4F
$GNGST,020632.00,0.008,0.003,0.002,42.5938,2.724,1.231,9.596*45
$GNGST,020632.10,0.008,0.003,0.002,42.4503,2.724,1.231,9.596*41
$GNGST,020632.20,0.008,0.003,0.002,43.2917,2.724,1.231,9.596*4C
$GNGST,020632.30,0.008,0.003,0.002,43.3460,2.724,1.231,9.596*41
$GNGST,020632.40,0.008,0.003,0.002,43.3331,2.724,1.231,9.596*45
$GNGST,020632.50,0.008,0.003,0.002,43.3332,2.724,1.231,9.596*47
$GNGST,020632.60,0.008,0.003,0.002,43.3923,2.724,1.231,9.596*4E
$GNGST,020632.70,0.008,0.003,0.002,42.5754,2.724,1.231,9.596*46
$GNGST,020632.80,0.008,0.003,0.002,43.3388,2.724,1.231,9.596*4B
$GNGST,020632.90,0.008,0.003,0.002,43.2491,2.724,1.231,9.596*44
$GNGST,020633.00,0.008,0.003,0.002,42.6053,2.724,1.231,9.596*43
$GNGST,020633.10,0.008,0.003,0.002,43.3798,2.724,1.231,9.596*46
$GNGST,020633.20,0.008,0.003,0.002,43.3393,2.724,1.231,9.596*4A
$GNGST,020633.30,0.008,0.003,0.002,43.3394,2.724,1.231,9.596*4C
$GNGST,020633.40,0.008,0.003,0.002,43.3801,2.724,1.231,9.596*4C
$GNGST,020633.50,0.008,0.003,0.002,43.3961,2.724,1.231,9.596*4A
$GNGST,020633.60,0.008,0.003,0.002,43.3962,2.724,1.231,9.596*4A
$GNGST,020633.70,0.008,0.003,0.002,43.3963,2.724,1.231,9.596*4A
$GNGST,020633.80,0.008,0.003,0.002,42.4640,2.724,1.231,9.596*4D
$GNGST,020633.90,0.008,0.003,0.002,43.3445,2.724,1.231,9.596*4D
$GNGST,020634.00,0.008,0.003,0.002,42.4443,2.724,1.231,9.596*43
$GNGST,020634.10,0.008,0.003,0.002,43.2552,2.724,1.231,9.596*44
$GNGST,020634.20,0.008,0.003,0.002,44.0268,2.724,1.231,9.596*4C
$GNGST,020634.30,0.008,0.003,0.002,44.0269,2.724,1.231,9.596*4C
$GNGST,020634.40,0.008,0.003,0.002,43.9248,2.724,1.231,9.596*46
$GNGST,020634.50,0.008,0.003,0.002,44.0272,2.724,1.231,9.596*40
$GNGST,020634.60,0.008,0.003,0.002,44.0273,2.724,1.231,9.596*42
$GNGST,020634.70,0.008,0.003,0.002,44.0274,2.724,1.231,9.596*44
$GNGST,020634.80,0.008,0.003,0.002,45.5211,2.724,1.231,9.596*4C
$GNGST,020634.90,0.008,0.003,0.002,45.2052,2.724,1.231,9.596*4F
$GNGST,020635.00,0.008,0.003,0.002,45.5215,2.724,1.231,9.596*41
$GNGST,020635.10,0.008,0.003,0.002,44.0330,2.724,1.231,9.596*42
$GNGST,020635.20,0.008,0.003,0.002,44.0332,2.724,1.231,9.596*43
$GNGST,020635.30,0.008,0.003,0.002,43.7173,2.724,1.231,9.596*45
$GNGST,020635.40,0.008,0.003,0.002,43.2596,2.724,1.231,9.596*48
$GNGST,020635.50,0.008,0.003,0.002,43.7162,2.724,1.231,9.596*43
$GNGST,020635.60,0.008,0.003,0.002,43.2832,2.724,1.231,9.596*49
$GNGST,020635.70,0.008,0.003,0.002,44.9403,2.724,1.231,9.596*4A
$GNGST,020635.80,0.008,0.003,0.002,44.0373,2.724,1.231,9.596*4C
$GNGST,020635.90,0.008,0.003,0.002,43.4122,2.724,1.231,9.596*48
$GNGST,020636.00,0.008,0.003,0.002,45.4088,2.724,1.231,9.596*45
$GNGST,020636.10,0.008,0.003,0.002,44.4401,2.724,1.231,9.596*40
$GNGST,020636.20,0.008,0.003,0.002,43.2680,2.724,1.231,9.596*49
$GNGST,020636.30,0.008,0.003,0.002,43.9202,2.724,1.231,9.596*4D
$GNGST,020636.40,0.008,0.003,0.002,43.2682,2.724,1.231,9.596*4D
$GNGST,020636.50,0.008,0.003,0.002,44.7799,2.724,1.231,9.596*45
$GNGST,020636.60,0.008,0.003,0.002,43.2685,2.724,1.231,9.596*48
$GNGST,020636.70,0.008,0.003,0.002,43.2686,2.724,1.231,9.596*4A
$GNGST,020636.80,0.008,0.003,0.002,44.4412,2.724,1.231,9.596*4B
$GNGST,020636.90,0.008,0.003,0.002,43.2345,2.724,1.231,9.596*4E
$GNGST,020637.00,0.008,0.003,0.002,43.0854,2.724,1.231,9.596*4F
$GNGST,020637.10,0.008,0.003,0.002,43.2142,2.724,1.231,9.596*42
$GNGST,020637.20,0.008,0.003,0.002,43.3780,2.724,1.231,9.596*48
$GNGST,020637.30,0.008,0.003,0.002,43.3781,2.724,1.231,9.596*48
$GNGST,020637.40,0.008,0.003,0.002,43.2350,2.724,1.231,9.596*46
$GNGST,020637.50,0.008,0.003,0.002,43.2497,2.724,1.231,9.596*4B
$GNGST,020637.60,0.008,0.003,0.002,43.8847,2.724,1.231,9.596*43
$GNGST,020637.70,0.008,0.003,0.002,45.5530,2.724,1.231,9.596*44
$GNGST,020637.80,0.008,0.003,0.002,45.5532,2.724,1.231,9.596*49
$GNGST,020637.90,0.008,0.003,0.002,43.9250,2.724,1.231,9.596*41
$GNGST,020638.00,0.008,0.003,0.002,44.0261,2.724,1.231,9.596*4B
$GNGST,020638.10,0.008,0.003,0.002,44.0263,2.724,1.231,9.596*48
$GNGST,020638.20,0.008,0.003,0.002,43.8796,2.724,1.231,9.596*4B
$GNGST,020638.30,0.008,0.003,0.002,43.9955,2.724,1.231,9.596*4A
$GNGST,020638.40,0.008,0.003,0.002,43.9957,2.724,1.231,9.596*4F
$GNGST,020638.50,0.008,0.003,0.002,43.9823,2.724,1.231,9.596*4C
$GNGST,020638.60,0.008,0.003,0.002,45.5111,2.724,1.231,9.596*4D
$GNGST,020638.70,0.008,0.003,0.002,43.9962,2.724,1.231,9.596*4A
$GNGST,020638.80,0.008,0.003,0.002,43.9964,2.724,1.231,9.596*43
$GNGST,020638.90,0.008,0.003,0.002,43.9458,2.724,1.231,9.596*40
$GNGST,020639.00,0.008,0.003,0.002,42.5839,2.724,1.231,9.596*4E
$GNGST,020639.10,0.008,0.003,0.002,43.2246,2.724,1.231,9.596*4B
$GNGST,020639.20,0.008,0.003,0.002,43.2378,2.724,1.231,9.596*44
$GNGST,020639.30,0.008,0.003,0.002,43.8548,2.724,1.231,9.596*4A
$GNGST,020639.40,0.008,0.003,0.002,43.0402,2.724,1.231,9.596*4A
$GNGST,020639.50,0.008,0.003,0.002,42.7889,2.724,1.231,9.596*42
$GNGST,020639.60,0.008,0.003,0.002,43.3800,2.724,1.231,9.596*45
$GNGST,020639.70,0.008,0.003,0.002,42.6877,2.724,1.231,9.596*40
$GNGST,020639.80,0.008,0.003,0.002,43.2965,2.724,1.231,9.596*48
$GNGST,020639.90,0.008,0.003,0.002,43.4088,2.724,1.231,9.596*45
$GNGST,020640.00,0.008,0.003,0.002,43.1449,2.724,1.231,9.596*4E
$GNGST,020640.10,0.008,0.003,0.002,43.3419,2.724,1.231,9.596*48
$GNGST,020640.20,0.008,0.003,0.002,43.2260,2.724,1.231,9.596*42
$GNGST,020640.30,0.008,0.003,0.002,42.9600,2.724,1.231,9.596*4B
$GNGST,020640.40,0.008,0.003,0.002,43.0769,2.724,1.231,9.596*4A
$GNGST,020640.50,0.008,0.003,0.002,43.2264,2.724,1.231,9.596*41
$GNGST,020640.60,0.008,0.003,0.002,43.2739,2.724,1.231,9.596*4F
$GNGST,020640.70,0.008,0.003,0.002,43.1964,2.724,1.231,9.596*4B
$GNGST,020640.80,0.008,0.003,0.002,43.1965,2.724,1.231,9.596*45
$GNGST,020640.90,0.008,0.003,0.002,43.1184,2.724,1.231,9.596*43
$GNGST,020641.00,0.008,0.003,0.002,43.0499,2.724,1.231,9.596*43
$GNGST,020641.10,0.008,0.003,0.002,42.0875,2.724,1.231,9.596*4D
$GNGST,020641.20,0.008,0.003,0.002,43.0502,2.724,1.231,9.596*42
$GNGST,020641.30,0.008,0.003,0.002,43.0503,2.724,1.231,9.596*42
$GNGST,020641.40,0.008,0.003,0.002,43.0504,2.724,1.231,9.596*42
$GNGST,020641.50,0.008,0.003,0.002,42.9310,2.724,1.231,9.596*48
$GNGST,020641.60,0.008,0.003,0.002,43.0097,2.724,1.231,9.596*4F
$GNGST,020641.70,0.008,0.003,0.002,43.1597,2.724,1.231,9.596*4A
$GNGST,020641.80,0.008,0.003,0.002,43.0099,2.724,1.231,9.596*4F
$GNGST,020641.90,0.008,0.003,0.002,42.9314,2.724,1.231,9.596*40
$GNGST,020642.00,0.008,0.003,0.002,43.9859,2.724,1.231,9.596*49
$GNGST,020642.10,0.008,0.003,0.002,43.4514,2.724,1.231,9.596*41
$GNGST,020642.20,0.008,0.003,0.002,43.4515,2.724,1.231,9.596*43
$GNGST,020642.30,0.008,0.003,0.002,43.4517,2.724,1.231,9.596*40
$GNGST,020642.40,0.008,0.003,0.002,43.4518,2.724,1.231,9.596*48
$GNGST,020642.50,0.008,0.003,0.002,43.4520,2.724,1.231,9.596*42
$GNGST,020642.60,0.008,0.003,0.002,43.4521,2.724,1.231,9.596*40
$GNGST,020642.70,0.008,0.003,0.002,43.4522,2.724,1.231,9.596*42
$GNGST,020642.80,0.008,0.003,0.002,43.3066,2.724,1.231,9.596*4F
$GNGST,020642.90,0.008,0.003,0.002,47.9173,2.724,1.231,9.596*45
$GNGST,020643.00,0.008,0.003,0.002,43.4114,2.724,1.231,9.596*45
$GNGST,020643.10,0.008,0.003,0.002,43.4592,2.724,1.231,9.596*4E
$GNGST,020643.20,0.008,0.003,0.002,43.3454,2.724,1.231,9.596*41
$GNGST,020643.30,0.008,0.003,0.002,43.1613,2.724,1.231,9.596*43
$GNGST,020643.40,0.008,0.003,0.002,43.5207,2.724,1.231,9.596*41
$GNGST,020643.50,0.008,0.003,0.002,43.4789,2.724,1.231,9.596*42
$GNGST,020643.60,0.008,0.003,0.002,44.1444,2.724,1.231,9.596*41
$GNGST,020643.70,0.008,0.003,0.002,43.4853,2.724,1.231,9.596*48
$GNGST,020643.80,0.008,0.003,0.002,45.3468,2.724,1.231,9.596*42
$GNGST,020643.90,0.008,0.003,0.002,43.1681,2.724,1.231,9.596*42
$GNGST,020644.00,0.008,0.003,0.002,43.1683,2.724,1.231,9.596*4E
$GNGST,020644.10,0.008,0.003,0.002,45.3474,2.724,1.231,9.596*41
$GNGST,020644.20,0.008,0.003,0.002,44.1107,2.724,1.231,9.596*40
$GNGST,020644.30,0.008,0.003,0.002,43.8306,2.724,1.231,9.596*4C
$GNGST,020644.40,0.008,0.003,0.002,44.1516,2.724,1.231,9.596*42
$GNGST,020644.50,0.008,0.003,0.002,43.5346,2.724,1.231,9.596*43
$GNGST,020644.60,0.008,0.003,0.002,43.4927,2.724,1.231,9.596*4C
$GNGST,020644.70,0.008,0.003,0.002,44.1174,2.724,1.231,9.596*41
$GNGST,020644.80,0.008,0.003,0.002,43.4930,2.724,1.231,9.596*44
$GNGST,020644.90,0.008,0.003,0.002,43.3881,2.724,1.231,9.596*49
$GNGST,020645.00,0.008,0.003,0.002,43.5353,2.724,1.231,9.596*43
$GNGST,020645.10,0.008,0.003,0.002,43.5772,2.724,1.231,9.596*45
$GNGST,020645.20,0.008,0.003,0.002,43.4691,2.724,1.231,9.596*4B
$GNGST,020645.30,0.008,0.003,0.002,43.5303,2.724,1.231,9.596*45
$GNGST,020645.40,0.007,0.003,0.002,41.5005,2.724,1.231,9.596*4A
$GNGST,020645.50,0.007,0.003,0.002,41.5007,2.724,1.231,9.596*49
$GNGST,020645.60,0.007,0.003,0.002,41.5008,2.724,1.231,9.596*45
$GNGST,020645.70,0.007,0.003,0.002,41.5010,2.724,1.231,9.596*4D
$GNGST,020645.80,0.007,0.003,0.002,41.5012,2.724,1.231,9.596*40
$GNGST,020645.90,0.007,0.003,0.002,41.5013,2.724,1.231,9.596*40
$GNGST,020646.00,0.008,0.003,0.002,43.5225,2.724,1.231,9.596*40
$GNGST,020646.10,0.008,0.003,0.002,44.2189,2.724,1.231,9.596*44
$GNGST,020646.20,0.008,0.003,0.002,44.2650,2.724,1.231,9.596*44
$GNGST,020646.30,0.008,0.003,0.002,44.2652,2.724,1.231,9.596*47
$GNGST,020646.40,0.008,0.003,0.002,44.2804,2.724,1.231,9.596*4D
$GNGST,020646.50,0.007,0.003,0.002,41.5298,2.724,1.231,9.596*4E
$GNGST,020646.60,0.007,0.003,0.002,41.5299,2.724,1.231,9.596*4C
$GNGST,020646.70,0.007,0.003,0.002,41.5301,2.724,1.231,9.596*4D
$GNGST,020646.80,0.008,0.003,0.002,44.4067,2.724,1.231,9.596*4A
$GNGST,020646.90,0.008,0.003,0.002,44.4069,2.724,1.231,9.596*45
$GNGST,020647.00,0.008,0.003,0.002,44.3710,2.724,1.231,9.596*43
$GNGST,020647.10,0.008,0.003,0.002,43.5299,2.724,1.231,9.596*47
$GNGST,020647.20,0.008,0.003,0.002,43.5300,2.724,1.231,9.596*45
$GNGST,020647.30,0.008,0.003,0.002,43.4307,2.724,1.231,9.596*42
$GNGST,020647.40,0.008,0.003,0.002,43.4308,2.724,1.231,9.596*4A
$GNGST,020647.50,0.008,0.003,0.002,43.4309,2.724,1.231,9.596*4A
$GNGST,020647.60,0.007,0.003,0.002,41.6022,2.724,1.231,9.596*4C
$GNGST,020647.70,0.008,0.003,0.002,43.1084,2.724,1.231,9.596*4B
$GNGST,020647.80,0.008,0.003,0.002,43.2334,2.724,1.231,9.596*4F
$GNGST,020647.90,0.008,0.003,0.002,43.2335,2.724,1.231,9.596*4F
$GNGST,020648.00,0.008,0.003,0.002,43.2337,2.724,1.231,9.596*4B
$GNGST,020648.10,0.008,0.003,0.002,43.2338,2.724,1.231,9.596*45
$GNGST,020648.20,0.008,0.003,0.002,43.2339,2.724,1.231,9.596*47
$GNGST,020648.30,0.008,0.003,0.002,43.1092,2.724,1.231,9.596*47
$GNGST,020648.40,0.008,0.003,0.002,43.2342,2.724,1.231,9.596*4D
$GNGST,020648.50,0.007,0.003,0.002,41.2940,2.724,1.231,9.596*49
$GNGST,020648.60,0.007,0.003,0.002,41.2942,2.724,1.231,9.596*48
$GNGST,020648.70,0.007,0.003,0.002,41.2944,2.724,1.231,9.596*4F
$GNGST,020648.80,0.007,0.003,0.002,41.2945,2.724,1.231,9.596*41
$GNGST,020648.90,0.008,0.003,0.002,42.2781,2.724,1.231,9.596*4A
$GNGST,020649.00,0.008,0.003,0.002,43.1351,2.724,1.231,9.596*49
$GNGST,020649.10,0.008,0.003,0.002,43.0928,2.724,1.231,9.596*4D
$GNGST,020649.20,0.008,0.003,0.002,43.2166,2.724,1.231,9.596*4E
$GNGST,020649.30,0.008,0.003,0.002,43.0931,2.724,1.231,9.596*47
$GNGST,020649.40,0.008,0.003,0.002,43.0265,2.724,1.231,9.596*4A
$GNGST,020649.50,0.008,0.003,0.002,43.7877,2.724,1.231,9.596*45
$GNGST,020649.60,0.008,0.003,0.002,44.5662,2.724,1.231,9.596*49
$GNGST,020649.70,0.008,0.003,0.002,43.0273,2.724,1.231,9.596*4E
$GNGST,020649.80,0.008,0.003,0.002,43.1910,2.724,1.231,9.596*4E
$GNGST,020649.90,0.008,0.003,0.002,43.1911,2.724,1.231,9.596*4E
$GNGST,020650.00,0.008,0.003,0.002,43.4639,2.724,1.231,9.596*4F
$GNGST,020650.10,0.008,0.003,0.002,42.6362,2.724,1.231,9.596*46
$GNGST,020650.20,0.008,0.003,0.002,42.6363,2.724,1.231,9.596*44
$GNGST,020650.30,0.008,0.003,0.002,42.7612,2.724,1.231,9.596*47
$GNGST,020650.40,0.008,0.003,0.002,43.4857,2.724,1.231,9.596*4D
$GNGST,020650.50,0.008,0.003,0.002,44.5991,2.724,1.231,9.596*41
$GNGST,020650.60,0.008,0.003,0.002,44.2944,2.724,1.231,9.596*4D
$GNGST,020650.70,0.008,0.003,0.002,42.9597,2.724,1.231,9.596*43
$GNGST,020650.80,0.008,0.003,0.002,42.9598,2.724,1.231,9.596*43
$GNGST,020650.90,0.008,0.003,0.002,42.6564,2.724,1.231,9.596*4E
$GNGST,020651.00,0.008,0.003,0.002,42.6761,2.724,1.231,9.596*41
$GNGST,020651.10,0.008,0.003,0.002,42.6566,2.724,1.231,9.596*45
$GNGST,020651.20,0.008,0.003,0.002,42.6567,2.724,1.231,9.596*47
$GNGST,020651.30,0.008,0.003,0.002,42.6765,2.724,1.231,9.596*46
$GNGST,020651.40,0.008,0.003,0.002,42.6766,2.724,1.231,9.596*42
$GNGST,020651.50,0.008,0.003,0.002,42.6571,2.724,1.231,9.596*47
$GNGST,020651.60,0.008,0.003,0.002,42.6572,2.724,1.231,9.596*47
$GNGST,020651.70,0.008,0.003,0.002,42.9599,2.724,1.231,9.596*4C
$GNGST,020651.80,0.008,0.003,0.002,43.6435,2.724,1.231,9.596*4A
$GNGST,020651.90,0.008,0.003,0.002,43.6436,2.724,1.231,9.596*48
$GNGST,020652.00,0.008,0.003,0.002,43.6618,2.724,1.231,9.596*4C
$GNGST,020652.10,0.008,0.003,0.002,43.6619,2.724,1.231,9.596*4C
$GNGST,020652.20,0.008,0.003,0.002,43.2654,2.724,1.231,9.596*42
$GNGST,020652.30,0.008,0.003,0.002,43.6623,2.724,1.231,9.596*47
$GNGST,020652.40,0.008,0.003,0.002,42.4087,2.724,1.231,9.596*4B
$GNGST,020652.50,0.008,0.003,0.002,46.6135,2.724,1.231,9.596*44
$GNGST,020652.60,0.008,0.003,0.002,43.3519,2.724,1.231,9.596*4D
$GNGST,020652.70,0.008,0.003,0.002,42.4868,2.724,1.231,9.596*41
$GNGST,020652.80,0.008,0.003,0.002,43.6115,2.724,1.231,9.596*4E
$GNGST,020652.90,0.008,0.003,0.002,43.5112,2.724,1.231,9.596*4B
$GNGST,020653.00,0.008,0.003,0.002,43.5252,2.724,1.231,9.596*44
$GNGST,020653.10,0.008,0.003,0.002,43.1873,2.724,1.231,9.596*48
$GNGST,020653.20,0.008,0.003,0.002,43.1874,2.724,1.231,9.596*4C
$GNGST,020653.30,0.008,0.003,0.002,43.3010,2.724,1.231,9.596*45
$GNGST,020653.40,0.008,0.003,0.002,43.1987,2.724,1.231,9.596*47
$GNGST,020653.50,0.008,0.003,0.002,43.4722,2.724,1.231,9.596*42
$GNGST,020653.60,0.008,0.003,0.002,42.9642,2.724,1.231,9.596*4A
$GNGST,020653.70,0.008,0.003,0.002,43.4986,2.724,1.231,9.596*40
$GNGST,020653.80,0.008,0.003,0.002,42.9644,2.724,1.231,9.596*42
$GNGST,020653.90,0.008,0.003,0.002,43.4990,2.724,1.231,9.596*49
$GNGST,020654.00,0.008,0.003,0.002,42.8362,2.724,1.231,9.596*4D
$GNGST,020654.10,0.008,0.003,0.002,43.5058,2.724,1.231,9.596*4A
$GNGST,020654.20,0.008,0.003,0.002,43.5059,2.724,1.231,9.596*48
$GNGST,020654.30,0.008,0.003,0.002,43.5061,2.724,1.231,9.596*42
$GNGST,020654.40,0.008,0.003,0.002,43.5062,2.724,1.231,9.596*46
$GNGST,020654.50,0.008,0.003,0.002,44.1563,2.724,1.231,9.596*40
$GNGST,020654.60,0.008,0.003,0.002,44.2861,2.724,1.231,9.596*4F
$GNGST,020654.70,0.008,0.003,0.002,44.3248,2.724,1.231,9.596*4E
$GNGST,020654.80,0.008,0.003,0.002,44.2916,2.724,1.231,9.596*40
$GNGST,020654.90,0.008,0.003,0.002,44.2917,2.724,1.231,9.596*40
$GNGST,020655.00,0.008,0.003,0.002,44.0554,2.724,1.231,9.596*41
$GNGST,020655.10,0.008,0.003,0.002,44.2920,2.724,1.231,9.596*4D
$GNGST,020655.20,0.008,0.003,0.002,43.5774,2.724,1.231,9.596*41
$GNGST,020655.30,0.008,0.003,0.002,44.2345,2.724,1.231,9.596*46
$GNGST,020655.40,0.008,0.003,0.002,43.9948,2.724,1.231,9.596*4A
$GNGST,020655.50,0.008,0.003,0.002,44.2347,2.724,1.231,9.596*42
$GNGST,020655.60,0.008,0.003,0.002,43.9621,2.724,1.231,9.596*48
$GNGST,020655.70,0.008,0.003,0.002,43.9622,2.724,1.231,9.596*4A
$GNGST,020655.80,0.008,0.003,0.002,43.3513,2.724,1.231,9.596*4E
$GNGST,020655.90,0.008,0.003,0.002,42.5583,2.724,1.231,9.596*41
$GNGST,020656.00,0.008,0.003,0.002,43.4968,2.724,1.231,9.596*42
$GNGST,020656.10,0.008,0.003,0.002,42.9778,2.724,1.231,9.596*40
$GNGST,020656.20,0.008,0.003,0.002,42.8499,2.724,1.231,9.596*4E
$GNGST,020656.30,0.008,0.003,0.002,42.6771,2.724,1.231,9.596*44
$GNGST,020656.40,0.008,0.003,0.002,42.8502,2.724,1.231,9.596*4B
$GNGST,020656.50,0.008,0.003,0.002,42.8503,2.724,1.231,9.596*4B
$GNGST,020656.60,0.008,0.003,0.002,42.8504,2.724,1.231,9.596*4F
$GNGST,020656.70,0.008,0.003,0.002,42.9785,2.724,1.231,9.596*44
$GNGST,020656.80,0.008,0.003,0.002,42.8506,2.724,1.231,9.596*43
$GNGST,020656.90,0.008,0.003,0.002,42.7867,2.724,1.231,9.596*47
$GNGST,020657.00,0.008,0.003,0.002,42.8078,2.724,1.231,9.596*46
$GNGST,020657.10,0.008,0.003,0.002,43.5504,2.724,1.231,9.596*45
$GNGST,020657.20,0.008,0.003,0.002,43.5505,2.724,1.231,9.596*47
$GNGST,020657.30,0.008,0.003,0.002,42.8082,2.724,1.231,9.596*40
$GNGST,020657.40,0.008,0.003,0.002,42.7872,2.724,1.231,9.596*4F
$GNGST,020657.50,0.007,0.003,0.002,41.9746,2.724,1.231,9.596*44
$GNGST,020657.60,0.008,0.003,0.002,43.4874,2.724,1.231,9.596*49
$GNGST,020657.70,0.008,0.003,0.002,42.8017,2.724,1.231,9.596*48
$GNGST,020657.80,0.008,0.003,0.002,42.5512,2.724,1.231,9.596*4A
$GNGST,020657.90,0.008,0.003,0.002,42.8007,2.724,1.231,9.596*47
$GNGST,020658.00,0.008,0.003,0.002,42.6313,2.724,1.231,9.596*49
$GNGST,020658.10,0.008,0.003,0.002,42.6293,2.724,1.231,9.596*41
$GNGST,020658.20,0.008,0.003,0.002,42.9178,2.724,1.231,9.596*4B
$GNGST,020658.30,0.008,0.003,0.002,42.6492,2.724,1.231,9.596*44
$GNGST,020658.40,0.008,0.003,0.002,42.7889,2.724,1.231,9.596*44
$GNGST,020658.50,0.008,0.003,0.002,42.7682,2.724,1.231,9.596*40
$GNGST,020658.60,0.008,0.003,0.002,42.7597,2.724,1.231,9.596*44
$GNGST,020658.70,0.008,0.003,0.002,42.8910,2.724,1.231,9.596*49
$GNGST,020658.80,0.008,0.003,0.002,43.2602,2.724,1.231,9.596*41
$GNGST,020658.90,0.008,0.003,0.002,42.4221,2.724,1.231,9.596*42
$GNGST,020659.00,0.008,0.003,0.002,42.5002,2.724,1.231,9.596*48
$GNGST,020659.10,0.008,0.003,0.002,42.1028,2.724,1.231,9.596*45
$GNGST,020659.20,0.008,0.003,0.002,42.7439,2.724,1.231,9.596*44
$GNGST,020659.30,0.008,0.003,0.002,42.5437,2.724,1.231,9.596*49
$GNGST,020659.40,0.008,0.003,0.002,42.6873,2.724,1.231,9.596*41
$GNGST,020659.50,0.008,0.003,0.002,42.6874,2.724,1.231,9.596*47
$GNGST,020659.60,0.008,0.003,0.002,42.6875,2.724,1.231,9.596*45
$GNGST,020659.70,0.008,0.003,0.002,42.5441,2.724,1.231,9.596*4C
$GNGST,020659.80,0.008,0.003,0.002,42.3147,2.724,1.231,9.596*46
$GNGST,020659.90,0.008,0.003,0.002,43.3133,2.724,1.231,9.596*45
$GNGST,020700.00,0.008,0.003,0.002,42.4611,2.724,1.231,9.596*40
$GNGST,020700.10,0.008,0.003,0.002,42.3406,2.724,1.231,9.596*42
$GNGST,020700.20,0.008,0.003,0.002,42.4590,2.724,1.231,9.596*48
$GNGST,020700.30,0.008,0.003,0.002,42.7038,2.724,1.231,9.596*4D
$GNGST,020700.40,0.008,0.003,0.002,42.4592,2.724,1.231,9.596*4C
$GNGST,020700.50,0.008,0.003,0.002,41.8173,2.724,1.231,9.596*49
$GNGST,020700.60,0.008,0.003,0.002,42.6917,2.724,1.231,9.596*4D
$GNGST,020700.70,0.008,0.003,0.002,42.5494,2.724,1.231,9.596*49
$GNGST,020700.80,0.008,0.003,0.002,42.5495,2.724,1.231,9.596*47
$GNGST,020700.90,0.008,0.003,0.002,42.6939,2.724,1.231,9.596*4E
$GNGST,020701.00,0.008,0.003,0.002,42.7575,2.724,1.231,9.596*43
$GNGST,020701.10,0.008,0.003,0.002,42.5498,2.724,1.231,9.596*42
$GNGST,020701.20,0.008,0.003,0.002,42.5499,2.724,1.231,9.596*40
$GNGST,020701.30,0.008,0.003,0.002,42.5500,2.724,1.231,9.596*40
$GNGST,020701.40,0.007,0.003,0.002,41.9504,2.724,1.231,9.596*43
$GNGST,020701.50,0.007,0.003,0.002,41.9506,2.724,1.231,9.596*40
$GNGST,020701.60,0.007,0.003,0.002,41.9508,2.724,1.231,9.596*4D
$GNGST,020701.70,0.008,0.003,0.002,42.5679,2.724,1.231,9.596*49
$GNGST,020701.80,0.008,0.003,0.002,42.5654,2.724,1.231,9.596*49
$GNGST,020701.90,0.008,0.003,0.002,42.4294,2.724,1.231,9.596*41
$GNGST,020702.00,0.008,0.003,0.002,42.4295,2.724,1.231,9.596*4A
$GNGST,020702.10,0.008,0.003,0.002,42.4063,2.724,1.231,9.596*40
$GNGST,020702.20,0.008,0.003,0.002,42.4297,2.724,1.231,9.596*4A
$GNGST,020702.30,0.008,0.003,0.002,42.2347,2.724,1.231,9.596*41
$GNGST,020702.40,0.008,0.003,0.002,42.4839,2.724,1.231,9.596*42
$GNGST,020702.50,0.008,0.003,0.002,42.5103,2.724,1.231,9.596*42
$GNGST,020702.60,0.007,0.003,0.002,41.2756,2.724,1.231,9.596*4C
$GNGST,020702.70,0.007,0.003,0.002,41.2693,2.724,1.231,9.596*45
$GNGST,020702.80,0.007,0.003,0.002,41.2695,2.724,1.231,9.596*4C
$GNGST,020702.90,0.008,0.003,0.002,42.4649,2.724,1.231,9.596*46
$GNGST,020703.00,0.008,0.003,0.002,42.4920,2.724,1.231,9.596*4E
$GNGST,020703.10,0.008,0.003,0.002,42.6199,2.724,1.231,9.596*47
$GNGST,020703.20,0.008,0.003,0.002,42.5590,2.724,1.231,9.596*4A
$GNGST,020703.30,0.008,0.003,0.002,42.4555,2.724,1.231,9.596*43
$GNGST,020703.40,0.008,0.003,0.002,42.4556,2.724,1.231,9.596*47
$GNGST,020703.50,0.008,0.003,0.002,41.8259,2.724,1.231,9.596*41
$GNGST,020703.60,0.008,0.003,0.002,42.6879,2.724,1.231,9.596*47
$GNGST,020703.70,0.008,0.003,0.002,42.4934,2.724,1.231,9.596*4C
$GNGST,020703.80,0.008,0.003,0.002,42.6254,2.724,1.231,9.596*4C
$GNGST,020703.90,0.008,0.003,0.002,41.9439,2.724,1.231,9.596*4C
$GNGST,020704.00,0.008,0.003,0.002,41.8216,2.724,1.231,9.596*48
$GNGST,020704.10,0.007,0.003,0.002,41.0836,2.724,1.231,9.596*46
$GNGST,020704.20,0.007,0.003,0.002,41.0838,2.724,1.231,9.596*4B
$GNGST,020704.30,0.008,0.003,0.002,42.3000,2.724,1.231,9.596*46
$GNGST,020704.40,0.007,0.003,0.002,41.7519,2.724,1.231,9.596*44
$GNGST,020704.50,0.007,0.003,0.002,41.7521,2.724,1.231,9.596*4E
$GNGST,020704.60,0.008,0.003,0.002,42.6773,2.724,1.231,9.596*45
$GNGST,020704.70,0.007,0.003,0.002,40.5977,2.724,1.231,9.596*40
$GNGST,020704.80,0.008,0.003,0.002,42.8346,2.724,1.231,9.596*47
$GNGST,020704.90,0.008,0.003,0.002,42.2609,2.724,1.231,9.596*42
$GNGST,020705.00,0.008,0.003,0.002,42.2609,2.724,1.231,9.596*4A
$GNGST,020705.10,0.008,0.003,0.002,42.1844,2.724,1.231,9.596*4F
$GNGST,020705.20,0.008,0.003,0.002,42.1845,2.724,1.231,9.596*4D
$GNGST,020705.30,0.008,0.003,0.002,42.1845,2.724,1.231,9.596*4C
$GNGST,020705.40,0.008,0.003,0.002,42.1846,2.724,1.231,9.596*48
$GNGST,020705.50,0.008,0.003,0.002,42.1847,2.724,1.231,9.596*48
$GNGST,020705.60,0.008,0.003,0.002,41.7128,2.724,1.231,9.596*4E
$GNGST,020705.70,0.008,0.003,0.002,42.4079,2.724,1.231,9.596*4A
$GNGST,020705.80,0.008,0.003,0.002,42.5848,2.724,1.231,9.596*4E
$GNGST,020705.90,0.008,0.003,0.002,42.4109,2.724,1.231,9.596*42
$GNGST,020706.00,0.008,0.003,0.002,43.4633,2.724,1.231,9.596*47
$GNGST,020706.10,0.008,0.003,0.002,43.5885,2.724,1.231,9.596*44
$GNGST,020706.20,0.008,0.003,0.002,42.5577,2.724,1.231,9.596*46
$GNGST,020706.30,0.008,0.003,0.002,43.4934,2.724,1.231,9.596*4C
$GNGST,020706.40,0.008,0.003,0.002,43.4634,2.724,1.231,9.596*44
$GNGST,020706.50,0.008,0.003,0.002,42.5873,2.724,1.231,9.596*48
$GNGST,020706.60,0.007,0.003,0.002,41.6267,2.724,1.231,9.596*4B
$GNGST,020706.70,0.008,0.003,0.002,43.0958,2.724,1.231,9.596*46
$GNGST,020706.80,0.008,0.003,0.002,43.1862,2.724,1.231,9.596*40
$GNGST,020706.90,0.008,0.003,0.002,44.1254,2.724,1.231,9.596*49
$GNGST,020707.00,0.008,0.003,0.002,41.8004,2.724,1.231,9.596*4A
$GNGST,020707.10,0.008,0.003,0.002,41.8004,2.724,1.231,9.596*4B
$GNGST,020707.20,0.008,0.003,0.002,41.8004,2.724,1.231,9.596*48
$GNGST,020707.30,0.008,0.003,0.002,42.4539,2.724,1.231,9.596*4D
$GNGST,020707.40,0.008,0.003,0.002,41.7561,2.724,1.231,9.596*47
$GNGST,020707.50,0.008,0.003,0.002,42.5349,2.724,1.231,9.596*4B
$GNGST,020707.60,0.008,0.003,0.002,42.5350,2.724,1.231,9.596*40
$GNGST,020707.70,0.008,0.003,0.002,42.4868,2.724,1.231,9.596*40
$GNGST,020707.80,0.008,0.003,0.002,42.5610,2.724,1.231,9.596*4F
$GNGST,020707.90,0.008,0.003,0.002,42.4195,2.724,1.231,9.596*45
$GNGST,020708.00,0.008,0.003,0.002,42.5178,2.724,1.231,9.596*41
$GNGST,020708.10,0.008,0.003,0.002,42.5426,2.724,1.231,9.596*4E
$GNGST,020708.20,0.008,0.003,0.002,42.5374,2.724,1.231,9.596*4D
$GNGST,020708.30,0.008,0.003,0.002,42.3420,2.724,1.231,9.596*4C
$GNGST,020708.40,0.008,0.003,0.002,42.5470,2.724,1.231,9.596*48
$GNGST,020708.50,0.008,0.003,0.002,42.5471,2.724,1.231,9.596*48
$GNGST,020708.60,0.008,0.003,0.002,42.9176,2.724,1.231,9.596*45
$GNGST,020708.70,0.008,0.003,0.002,43.0177,2.724,1.231,9.596*4D
$GNGST,020708.80,0.008,0.003,0.002,42.5543,2.724,1.231,9.596*45
$GNGST,020708.90,0.008,0.003,0.002,44.3509,2.724,1.231,9.596*4A
$GNGST,020709.00,0.008,0.003,0.002,43.6105,2.724,1.231,9.596*48
$GNGST,020709.10,0.008,0.003,0.002,43.1606,2.724,1.231,9.596*4A
$GNGST,020709.20,0.008,0.003,0.002,43.1907,2.724,1.231,9.596*47
$GNGST,020709.30,0.008,0.003,0.002,44.9108,2.724,1.231,9.596*4E
$GNGST,020709.40,0.008,0.003,0.002,42.5615,2.724,1.231,9.596*48
$GNGST,020709.50,0.008,0.003,0.002,43.1912,2.724,1.231,9.596*44
$GNGST,020709.60,0.008,0.003,0.002,42.8656,2.724,1.231,9.596*40
$GNGST,020709.70,0.008,0.003,0.002,42.8657,2.724,1.231,9.596*40
$GNGST,020709.80,0.008,0.003,0.002,42.8958,2.724,1.231,9.596*4F
$GNGST,020709.90,0.008,0.003,0.002,42.0380,2.724,1.231,9.596*49
$GNGST,020710.00,0.008,0.003,0.002,42.2446,2.724,1.231,9.596*47
$GNGST,020710.10,0.008,0.003,0.002,42.2784,2.724,1.231,9.596*4B
$GNGST,020710.20,0.008,0.003,0.002,42.4774,2.724,1.231,9.596*41
$GNGST,020710.30,0.008,0.003,0.002,42.5169,2.724,1.231,9.596*4B
$GNGST,020710.40,0.008,0.003,0.002,42.3310,2.724,1.231,9.596*46
$GNGST,020710.50,0.008,0.003,0.002,42.9391,2.724,1.231,9.596*44
$GNGST,020710.60,0.008,0.003,0.002,43.1655,2.724,1.231,9.596*43
$GNGST,020710.70,0.008,0.003,0.002,42.2757,2.724,1.231,9.596*43
$GNGST,020710.80,0.008,0.003,0.002,42.0172,2.724,1.231,9.596*4F
$GNGST,020710.90,0.008,0.003,0.002,42.9612,2.724,1.231,9.596*46
$GNGST,020711.00,0.008,0.003,0.002,42.4598,2.724,1.231,9.596*42
$GNGST,020711.10,0.008,0.003,0.002,42.4319,2.724,1.231,9.596*4C
$GNGST,020711.20,0.008,0.003,0.002,42.2741,2.724,1.231,9.596*40
$GNGST,020711.30,0.008,0.003,0.002,42.3041,2.724,1.231,9.596*47
$GNGST,020711.40,0.008,0.003,0.002,42.2742,2.724,1.231,9.596*45
$GNGST,020711.50,0.008,0.003,0.002,42.1281,2.724,1.231,9.596*4D
$GNGST,020711.60,0.008,0.003,0.002,42.4840,2.724,1.231,9.596*4C
$GNGST,020711.70,0.008,0.003,0.002,42.6491,2.724,1.231,9.596*4F
$GNGST,020711.80,0.008,0.003,0.002,42.6762,2.724,1.231,9.596*4F
$GNGST,020711.90,0.008,0.003,0.002,42.6739,2.724,1.231,9.596*40
$GNGST,020712.00,0.008,0.003,0.002,43.5115,2.724,1.231,9.596*40
$GNGST,020712.10,0.008,0.003,0.002,42.6741,2.724,1.231,9.596*44
$GNGST,020712.20,0.008,0.003,0.002,43.1294,2.724,1.231,9.596*4C
$GNGST,020712.30,0.008,0.003,0.002,42.6644,2.724,1.231,9.596*42
$GNGST,020712.40,0.008,0.003,0.002,43.1326,2.724,1.231,9.596*42
$GNGST,020712.50,0.008,0.003,0.002,43.2907,2.724,1.231,9.596*49
$GNGST,020712.60,0.008,0.003,0.002,43.0594,2.724,1.231,9.596*4E
$GNGST,020712.70,0.008,0.003,0.002,43.0299,2.724,1.231,9.596*45
$GNGST,020712.80,0.008,0.003,0.002,43.1406,2.724,1.231,9.596*4B
$GNGST,020712.90,0.008,0.003,0.002,42.3365,2.724,1.231,9.596*4B
$GNGST,020713.00,0.008,0.003,0.002,42.3366,2.724,1.231,9.596*40
$GNGST,020713.10,0.008,0.003,0.002,42.3398,2.724,1.231,9.596*40
$GNGST,020713.20,0.008,0.003,0.002,42.9600,2.724,1.231,9.596*4D
$GNGST,020713.30,0.007,0.003,0.002,42.1869,2.724,1.231,9.596*4A
$GNGST,020713.40,0.007,0.003,0.002,41.7732,2.724,1.231,9.596*49
$GNGST,020713.50,0.008,0.003,0.002,42.4421,2.724,1.231,9.596*46
$GNGST,020713.60,0.007,0.003,0.002,41.7736,2.724,1.231,9.596*4F
$GNGST,020713.70,0.007,0.003,0.002,42.1873,2.724,1.231,9.596*45
$GNGST,020713.80,0.007,0.003,0.002,41.7739,2.724,1.231,9.596*4E
$GNGST,020713.90,0.008,0.003,0.002,42.1105,2.724,1.231,9.596*4C
$GNGST,020714.00,0.008,0.003,0.002,42.1106,2.724,1.231,9.596*41
$GNGST,020714.10,0.008,0.003,0.002,43.3890,2.724,1.231,9.596*45
$GNGST,020714.20,0.008,0.003,0.002,42.2619,2.724,1.231,9.596*49
$GNGST,020714.30,0.008,0.003,0.002,42.1108,2.724,1.231,9.596*4C
$GNGST,020714.40,0.008,0.003,0.002,43.3891,2.724,1.231,9.596*41
$GNGST,020714.50,0.008,0.003,0.002,41.5782,2.724,1.231,9.596*49
$GNGST,020714.60,0.008,0.003,0.002,42.1688,2.724,1.231,9.596*46
$GNGST,020714.70,0.008,0.003,0.002,42.1689,2.724,1.231,9.596*46
$GNGST,020714.80,0.008,0.003,0.002,42.4198,2.724,1.231,9.596*4B
$GNGST,020714.90,0.008,0.003,0.002,42.4078,2.724,1.231,9.596*45
$GNGST,020715.00,0.008,0.003,0.002,42.5935,2.724,1.231,9.596*4C
$GNGST,020715.10,0.008,0.003,0.002,42.6738,2.724,1.231,9.596*4D
$GNGST,020715.20,0.008,0.003,0.002,42.5351,2.724,1.231,9.596*46
$GNGST,020715.30,0.008,0.003,0.002,42.5353,2.724,1.231,9.596*45
$GNGST,020715.40,0.008,0.003,0.002,42.5354,2.724,1.231,9.596*45
$GNGST,020715.50,0.008,0.003,0.002,42.4488,2.724,1.231,9.596*43
$GNGST,020715.60,0.008,0.003,0.002,41.8630,2.724,1.231,9.596*4E
$GNGST,020715.70,0.008,0.003,0.002,42.0073,2.724,1.231,9.596*45
$GNGST,020715.80,0.008,0.003,0.002,42.0073,2.724,1.231,9.596*4A
$GNGST,020715.90,0.008,0.003,0.002,42.0074,2.724,1.231,9.596*4C
$GNGST,020716.00,0.008,0.003,0.002,42.3701,2.724,1.231,9.596*40
$GNGST,020716.10,0.008,0.003,0.002,42.4597,2.724,1.231,9.596*4B
$GNGST,020716.20,0.008,0.003,0.002,42.3703,2.724,1.231,9.596*40
$GNGST,020716.30,0.008,0.003,0.002,42.5440,2.724,1.231,9.596*43
$GNGST,020716.40,0.008,0.003,0.002,42.4578,2.724,1.231,9.596*4F
$GNGST,020716.50,0.008,0.003,0.002,42.3706,2.724,1.231,9.596*42
$GNGST,020716.60,0.008,0.003,0.002,42.4580,2.724,1.231,9.596*4A
$GNGST,020716.70,0.007,0.003,0.002,41.3967,2.724,1.231,9.596*45
$GNGST,020716.80,0.007,0.003,0.002,41.3885,2.724,1.231,9.596*47
$GNGST,020716.90,0.008,0.003,0.002,42.5879,2.724,1.231,9.596*4F
$GNGST,020717.00,0.008,0.003,0.002,42.5519,2.724,1.231,9.596*4C
$GNGST,020717.10,0.008,0.003,0.002,41.6816,2.724,1.231,9.596*4F
$GNGST,020717.20,0.008,0.003,0.002,42.5521,2.724,1.231,9.596*45
$GNGST,020717.30,0.008,0.003,0.002,42.5522,2.724,1.231,9.596*47
$GNGST,020717.40,0.008,0.003,0.002,42.4218,2.724,1.231,9.596*4F
$GNGST,020717.50,0.008,0.003,0.002,41.6028,2.724,1.231,9.596*4E
$GNGST,020717.60,0.008,0.003,0.002,42.4408,2.724,1.231,9.596*4A
$GNGST,020717.70,0.008,0.003,0.002,44.3345,2.724,1.231,9.596*44
$GNGST,020717.80,0.008,0.003,0.002,44.0159,2.724,1.231,9.596*47
$GNGST,020717.90,0.008,0.003,0.002,42.2905,2.724,1.231,9.596*43
$GNGST,020718.00,0.008,0.003,0.002,44.0163,2.724,1.231,9.596*49
$GNGST,020718.10,0.008,0.003,0.002,42.5967,2.724,1.231,9.596*47
$GNGST,020718.20,0.008,0.003,0.002,42.5969,2.724,1.231,9.596*4A
$GNGST,020718.30,0.008,0.003,0.002,42.6069,2.724,1.231,9.596*41
$GNGST,020718.40,0.008,0.003,0.002,42.6070,2.724,1.231,9.596*4E
$GNGST,020718.50,0.008,0.003,0.002,42.4555,2.724,1.231,9.596*4F
$GNGST,020718.60,0.008,0.003,0.002,42.4556,2.724,1.231,9.596*4F
$GNGST,020718.70,0.008,0.003,0.002,42.4188,2.724,1.231,9.596*49
$GNGST,020718.80,0.008,0.003,0.002,41.7196,2.724,1.231,9.596*49
$GNGST,020718.90,0.008,0.003,0.002,41.7197,2.724,1.231,9.596*49
$GNGST,020719.00,0.008,0.003,0.002,42.4528,2.724,1.231,9.596*41
$GNGST,020719.10,0.008,0.003,0.002,42.4529,2.724,1.231,9.596*41
$GNGST,020719.20,0.008,0.003,0.002,42.4094,2.724,1.231,9.596*41
$GNGST,020719.30,0.008,0.003,0.002,42.4531,2.724,1.231,9.596*4A
$GNGST,020719.40,0.008,0.003,0.002,42.4532,2.724,1.231,9.596*4E
$GNGST,020719.50,0.008,0.003,0.002,42.4533,2.724,1.231,9.596*4E
$GNGST,020719.60,0.008,0.003,0.002,42.4098,2.724,1.231,9.596*49
$GNGST,020719.70,0.008,0.003,0.002,42.3821,2.724,1.231,9.596*45
$GNGST,020719.80,0.008,0.003,0.002,42.4258,2.724,1.231,9.596*49
$GNGST,020719.90,0.008,0.003,0.002,42.4259,2.724,1.231,9.596*49
$GNGST,020720.00,0.008,0.003,0.002,42.4260,2.724,1.231,9.596*40
$GNGST,020720.10,0.008,0.003,0.002,42.5325,2.724,1.231,9.596*40
$GNGST,020720.20,0.008,0.003,0.002,42.2995,2.724,1.231,9.596*45
$GNGST,020720.30,0.008,0.003,0.002,41.6348,2.724,1.231,9.596*49
$GNGST,020720.40,0.008,0.003,0.002,41.5121,2.724,1.231,9.596*40
$GNGST,020720.50,0.008,0.003,0.002,42.4266,2.724,1.231,9.596*43
$GNGST,020720.60,0.008,0.003,0.002,42.3830,2.724,1.231,9.596*4E
$GNGST,020720.70,0.007,0.003,0.002,41.6198,2.724,1.231,9.596*4D
$GNGST,020720.80,0.008,0.003,0.002,42.3924,2.724,1.231,9.596*44
$GNGST,020720.90,0.008,0.003,0.002,42.4708,2.724,1.231,9.596*42
$GNGST,020721.00,0.008,0.003,0.002,42.4681,2.724,1.231,9.596*4A
$GNGST,020721.10,0.008,0.003,0.002,42.4710,2.724,1.231,9.596*42
$GNGST,020721.20,0.008,0.003,0.002,42.4683,2.724,1.231,9.596*4A
$GNGST,020721.30,0.008,0.003,0.002,42.4684,2.724,1.231,9.596*4C
$GNGST,020721.40,0.008,0.003,0.002,42.4686,2.724,1.231,9.596*49
$GNGST,020721.50,0.008,0.003,0.002,42.4687,2.724,1.231,9.596*49
$GNGST,020721.60,0.008,0.003,0.002,42.4315,2.724,1.231,9.596*44
$GNGST,020721.70,0.008,0.003,0.002,41.7380,2.724,1.231,9.596*49
$GNGST,020721.80,0.008,0.003,0.002,42.4756,2.724,1.231,9.596*49
$GNGST,020721.90,0.008,0.003,0.002,42.4784,2.724,1.231,9.596*47
$GNGST,020722.00,0.008,0.003,0.002,41.9001,2.724,1.231,9.596*49
$GNGST,020722.10,0.008,0.003,0.002,41.9002,2.724,1.231,9.596*4B
$GNGST,020722.20,0.008,0.003,0.002,42.3954,2.724,1.231,9.596*4B
$GNGST,020722.30,0.008,0.003,0.002,41.9005,2.724,1.231,9.596*4E
$GNGST,020722.40,0.008,0.003,0.002,42.3956,2.724,1.231,9.596*4F
$GNGST,020722.50,0.008,0.003,0.002,42.4683,2.724,1.231,9.596*4E
$GNGST,020722.60,0.007,0.003,0.002,42.2212,2.724,1.231,9.596*48
$GNGST,020722.70,0.008,0.003,0.002,42.0794,2.724,1.231,9.596*4F
$GNGST,020722.80,0.007,0.003,0.002,42.2216,2.724,1.231,9.596*42
$GNGST,020722.90,0.008,0.003,0.002,42.6614,2.724,1.231,9.596*4E
$GNGST,020723.00,0.008,0.003,0.002,42.6616,2.724,1.231,9.596*44
$GNGST,020723.10,0.008,0.003,0.002,42.6617,2.724,1.231,9.596*44
$GNGST,020723.20,0.008,0.003,0.002,42.0076,2.724,1.231,9.596*40
$GNGST,020723.30,0.008,0.003,0.002,42.0077,2.724,1.231,9.596*40
$GNGST,020723.40,0.008,0.003,0.002,41.9265,2.724,1.231,9.596*4C
$GNGST,020723.50,0.008,0.003,0.002,42.5897,2.724,1.231,9.596*45
$GNGST,020723.60,0.008,0.003,0.002,42.6622,2.724,1.231,9.596*45
$GNGST,020723.70,0.007,0.003,0.002,42.3653,2.724,1.231,9.596*48
$GNGST,020723.80,0.008,0.003,0.002,43.3453,2.724,1.231,9.596*4B
$GNGST,020723.90,0.008,0.003,0.002,42.6676,2.724,1.231,9.596*4B
$GNGST,020724.00,0.008,0.003,0.002,42.6677,2.724,1.231,9.596*44
$GNGST,020724.10,0.008,0.003,0.002,42.6678,2.724,1.231,9.596*4A
$GNGST,020724.20,0.008,0.003,0.002,42.3074,2.724,1.231,9.596*46
$GNGST,020724.30,0.008,0.003,0.002,42.6543,2.724,1.231,9.596*43
$GNGST,020724.40,0.008,0.003,0.002,42.3010,2.724,1.231,9.596*42
$GNGST,020724.50,0.008,0.003,0.002,42.7204,2.724,1.231,9.596*40
$GNGST,020724.60,0.008,0.003,0.002,42.7205,2.724,1.231,9.596*42
$GNGST,020724.70,0.008,0.003,0.002,42.6619,2.724,1.231,9.596*4B
$GNGST,020724.80,0.007,0.003,0.002,42.3722,2.724,1.231,9.596*47
$GNGST,020724.90,0.008,0.003,0.002,43.2796,2.724,1.231,9.596*46
$GNGST,020725.00,0.008,0.003,0.002,43.7551,2.724,1.231,9.596*42
$GNGST,020725.10,0.008,0.003,0.002,42.9376,2.724,1.231,9.596*4F
$GNGST,020725.20,0.008,0.003,0.002,42.9377,2.724,1.231,9.596*4D
$GNGST,020725.30,0.008,0.003,0.002,43.3466,2.724,1.231,9.596*40
$GNGST,020725.40,0.008,0.003,0.002,42.3044,2.724,1.231,9.596*42
$GNGST,020725.50,0.008,0.003,0.002,42.6653,2.724,1.231,9.596*46
$GNGST,020725.60,0.008,0.003,0.002,42.5995,2.724,1.231,9.596*43
$GNGST,020725.70,0.008,0.003,0.002,43.2834,2.724,1.231,9.596*4E
$GNGST,020725.80,0.008,0.003,0.002,43.2444,2.724,1.231,9.596*4A
$GNGST,020725.90,0.008,0.003,0.002,42.6038,2.724,1.231,9.596*41
$GNGST,020726.00,0.008,0.003,0.002,43.2879,2.724,1.231,9.596*43
$GNGST,020726.10,0.008,0.003,0.002,42.6700,2.724,1.231,9.596*46
$GNGST,020726.20,0.008,0.003,0.002,42.6701,2.724,1.231,9.596*44
$GNGST,020726.30,0.008,0.003,0.002,42.6267,2.724,1.231,9.596*40
$GNGST,020726.40,0.008,0.003,0.002,42.6649,2.724,1.231,9.596*4F
$GNGST,020726.50,0.008,0.003,0.002,42.6207,2.724,1.231,9.596*40
$GNGST,020726.60,0.008,0.003,0.002,42.5774,2.724,1.231,9.596*41
$GNGST,020726.70,0.008,0.003,0.002,42.5775,2.724,1.231,9.596*41
$GNGST,020726.80,0.008,0.003,0.002,42.5174,2.724,1.231,9.596*49
$GNGST,020726.90,0.008,0.003,0.002,42.5824,2.724,1.231,9.596*44
$GNGST,020727.00,0.008,0.003,0.002,42.6260,2.724,1.231,9.596*45
$GNGST,020727.10,0.008,0.003,0.002,42.5826,2.724,1.231,9.596*4F
$GNGST,020727.20,0.008,0.003,0.002,43.8112,2.724,1.231,9.596*4E
$GNGST,020727.30,0.008,0.003,0.002,42.6263,2.724,1.231,9.596*45
$GNGST,020727.40,0.008,0.003,0.002,42.5829,2.724,1.231,9.596*45
$GNGST,020727.50,0.008,0.003,0.002,42.5660,2.724,1.231,9.596*47
$GNGST,020727.60,0.008,0.003,0.002,43.4796,2.724,1.231,9.596*4C
$GNGST,020727.70,0.008,0.003,0.002,42.6268,2.724,1.231,9.596*4A
$GNGST,020727.80,0.007,0.003,0.002,42.3884,2.724,1.231,9.596*47
$GNGST,020727.90,0.008,0.003,0.002,42.6013,2.724,1.231,9.596*4A
$GNGST,020728.00,0.008,0.003,0.002,41.9181,2.724,1.231,9.596*4A
$GNGST,020728.10,0.008,0.003,0.002,42.6800,2.724,1.231,9.596*47
$GNGST,020728.20,0.008,0.003,0.002,43.1642,2.724,1.231,9.596*4A
$GNGST,020728.30,0.008,0.003,0.002,42.3000,2.724,1.231,9.596*48
$GNGST,020728.40,0.008,0.003,0.002,43.1465,2.724,1.231,9.596*4B
$GNGST,020728.50,0.008,0.003,0.002,42.2835,2.724,1.231,9.596*41
$GNGST,020728.60,0.008,0.003,0.002,42.2835,2.724,1.231,9.596*42
$GNGST,020728.70,0.008,0.003,0.002,42.5626,2.724,1.231,9.596*48
$GNGST,020728.80,0.008,0.003,0.002,41.7817,2.724,1.231,9.596*4A
$GNGST,020728.90,0.008,0.003,0.002,41.1772,2.724,1.231,9.596*41
$GNGST,020729.00,0.008,0.003,0.002,41.7820,2.724,1.231,9.596*47
$GNGST,020729.10,0.008,0.003,0.002,41.1773,2.724,1.231,9.596*49
$GNGST,020729.20,0.008,0.003,0.002,41.7822,2.724,1.231,9.596*47
$GNGST,020729.30,0.008,0.003,0.002,41.6178,2.724,1.231,9.596*41
$GNGST,020729.40,0.008,0.003,0.002,41.7825,2.724,1.231,9.596*46
$GNGST,020729.50,0.008,0.003,0.002,41.1776,2.724,1.231,9.596*48
$GNGST,020729.60,0.008,0.003,0.002,42.6699,2.724,1.231,9.596*4F
$GNGST,020729.70,0.008,0.003,0.002,42.6134,2.724,1.231,9.596*4E
$GNGST,020729.80,0.008,0.003,0.002,42.6580,2.724,1.231,9.596*4A
$GNGST,020729.90,0.008,0.003,0.002,42.6136,2.724,1.231,9.596*42
$GNGST,020730.00,0.008,0.003,0.002,42.6582,2.724,1.231,9.596*48
$GNGST,020730.10,0.008,0.003,0.002,42.6704,2.724,1.231,9.596*45
$GNGST,020730.20,0.008,0.003,0.002,42.6705,2.724,1.231,9.596*47
$GNGST,020730.30,0.008,0.003,0.002,42.6706,2.724,1.231,9.596*45
$GNGST,020730.40,0.008,0.003,0.002,42.6707,2.724,1.231,9.596*43
$GNGST,020730.50,0.008,0.003,0.002,42.6732,2.724,1.231,9.596*44
$GNGST,020730.60,0.008,0.003,0.002,42.6733,2.724,1.231,9.596*46
$GNGST,020730.70,0.008,0.003,0.002,42.6778,2.724,1.231,9.596*48
$GNGST,020730.80,0.008,0.003,0.002,42.0326,2.724,1.231,9.596*4E
$GNGST,020730.90,0.008,0.003,0.002,42.0326,2.724,1.231,9.596*4F
$GNGST,020731.00,0.008,0.003,0.002,42.0968,2.724,1.231,9.596*47
$GNGST,020731.10,0.008,0.003,0.002,42.6782,2.724,1.231,9.596*4A
$GNGST,020731.20,0.008,0.003,0.002,42.7230,2.724,1.231,9.596*44
$GNGST,020731.30,0.008,0.003,0.002,42.7231,2.724,1.231,9.596*44
$GNGST,020731.40,0.008,0.003,0.002,43.3352,2.724,1.231,9.596*42
$GNGST,020731.50,0.008,0.003,0.002,42.7399,2.724,1.231,9.596*41
$GNGST,020731.60,0.008,0.003,0.002,43.3354,2.724,1.231,9.596*46
$GNGST,020731.70,0.007,0.003,0.002,42.4140,2.724,1.231,9.596*49
$GNGST,020731.80,0.007,0.003,0.002,41.8127,2.724,1.231,9.596*48
$GNGST,020731.90,0.008,0.003,0.002,42.7467,2.724,1.231,9.596*4B
$GNGST,020732.00,0.008,0.003,0.002,42.7468,2.724,1.231,9.596*4E
$GNGST,020732.10,0.008,0.003,0.002,42.3696,2.724,1.231,9.596*48
$GNGST,020732.20,0.008,0.003,0.002,42.2605,2.724,1.231,9.596*40
$GNGST,020732.30,0.008,0.003,0.002,41.8061,2.724,1.231,9.596*4C
$GNGST,020732.40,0.008,0.003,0.002,42.3667,2.724,1.231,9.596*43
$GNGST,020732.50,0.008,0.003,0.002,42.3668,2.724,1.231,9.596*4D
$GNGST,020732.60,0.008,0.003,0.002,43.4618,2.724,1.231,9.596*4F
$GNGST,020732.70,0.008,0.003,0.002,43.4620,2.724,1.231,9.596*45
$GNGST,020732.80,0.008,0.003,0.002,42.6840,2.724,1.231,9.596*41
$GNGST,020732.90,0.008,0.003,0.002,42.6841,2.724,1.231,9.596*41
$GNGST,020733.00,0.008,0.003,0.002,42.7506,2.724,1.231,9.596*46
$GNGST,020733.10,0.008,0.003,0.002,42.8316,2.724,1.231,9.596*4F
$GNGST,020733.20,0.008,0.003,0.002,42.8769,2.724,1.231,9.596*40
$GNGST,020733.30,0.008,0.003,0.002,42.8154,2.724,1.231,9.596*49
$GNGST,020733.40,0.008,0.003,0.002,42.7705,2.724,1.231,9.596*43
$GNGST,020733.50,0.008,0.003,0.002,42.8320,2.724,1.231,9.596*4E
$GNGST,020733.60,0.008,0.003,0.002,42.8774,2.724,1.231,9.596*48
$GNGST,020733.70,0.007,0.003,0.002,42.4252,2.724,1.231,9.596*4B
$GNGST,020733.80,0.008,0.003,0.002,42.3142,2.724,1.231,9.596*4E
$GNGST,020733.90,0.008,0.003,0.002,33.0834,2.724,1.231,9.596*42
$GNGST,020734.00,0.008,0.003,0.002,42.8818,2.724,1.231,9.596*4C
$GNGST,020734.10,0.008,0.003,0.002,42.8819,2.724,1.231,9.596*4C
$GNGST,020734.20,0.008,0.003,0.002,42.7998,2.724,1.231,9.596*48
$GNGST,020734.30,0.008,0.003,0.002,32.3190,2.724,1.231,9.596*4A
$GNGST,020734.40,0.008,0.003,0.002,42.3147,2.724,1.231,9.596*40
$GNGST,020734.50,0.008,0.003,0.002,42.3148,2.724,1.231,9.596*4E
$GNGST,020734.60,0.008,0.003,0.002,42.6388,2.724,1.231,9.596*46
$GNGST,020734.70,0.008,0.003,0.002,42.6836,2.724,1.231,9.596*49
$GNGST,020734.80,0.008,0.003,0.002,42.6837,2.724,1.231,9.596*47
$GNGST,020734.90,0.008,0.003,0.002,41.5873,2.724,1.231,9.596*46
$GNGST,020735.00,0.008,0.003,0.002,42.7457,2.724,1.231,9.596*45
$GNGST,020735.10,0.008,0.003,0.002,42.3226,2.724,1.231,9.596*40
$GNGST,020735.20,0.008,0.003,0.002,41.9932,2.724,1.231,9.596*44
$GNGST,020735.30,0.008,0.003,0.002,42.7413,2.724,1.231,9.596*46
$GNGST,020735.40,0.008,0.003,0.002,42.2156,2.724,1.231,9.596*40
$GNGST,020735.50,0.007,0.003,0.002,42.3806,2.724,1.231,9.596*43
$GNGST,020735.60,0.008,0.003,0.002,42.7416,2.724,1.231,9.596*46
$GNGST,020735.70,0.008,0.003,0.002,42.2612,2.724,1.231,9.596*44
$GNGST,020735.80,0.007,0.003,0.002,42.2537,2.724,1.231,9.596*40
$GNGST,020735.90,0.008,0.003,0.002,42.6667,2.724,1.231,9.596*4C
$GNGST,020736.00,0.008,0.003,0.002,43.5401,2.724,1.231,9.596*46
$GNGST,020736.10,0.008,0.003,0.002,48.5143,2.724,1.231,9.596*4F
$GNGST,020736.20,0.008,0.003,0.002,42.6670,2.724,1.231,9.596*42
$GNGST,020736.30,0.008,0.003,0.002,42.4890,2.724,1.231,9.596*41
$GNGST,020736.40,0.008,0.003,0.002,47.2638,2.724,1.231,9.596*49
$GNGST,020736.50,0.008,0.003,0.002,43.5387,2.724,1.231,9.596*4A
$GNGST,020736.60,0.008,0.003,0.002,43.1101,2.724,1.231,9.596*41
$GNGST,020736.70,0.008,0.003,0.002,43.5390,2.724,1.231,9.596*4E
$GNGST,020736.80,0.008,0.003,0.002,43.5392,2.724,1.231,9.596*43
$GNGST,020736.90,0.008,0.003,0.002,42.6626,2.724,1.231,9.596*4A
$GNGST,020737.00,0.008,0.003,0.002,42.6627,2.724,1.231,9.596*43
$GNGST,020737.10,0.008,0.003,0.002,42.6628,2.724,1.231,9.596*4D
$GNGST,020737.20,0.008,0.003,0.002,42.6629,2.724,1.231,9.596*4F
$GNGST,020737.30,0.008,0.003,0.002,42.6630,2.724,1.231,9.596*46
$GNGST,020737.40,0.008,0.003,0.002,42.6631,2.724,1.231,9.596*40
$GNGST,020737.50,0.008,0.003,0.002,42.6039,2.724,1.231,9.596*4F
$GNGST,020737.60,0.008,0.003,0.002,43.2347,2.724,1.231,9.596*43
$GNGST,020737.70,0.008,0.003,0.002,42.5416,2.724,1.231,9.596*47
$GNGST,020737.80,0.008,0.003,0.002,43.7132,2.724,1.231,9.596*48
$GNGST,020737.90,0.008,0.003,0.002,43.7132,2.724,1.231,9.596*49
$GNGST,020738.00,0.008,0.003,0.002,42.5865,2.724,1.231,9.596*47
$GNGST,020738.10,0.008,0.003,0.002,42.5420,2.724,1.231,9.596*4B
$GNGST,020738.20,0.008,0.003,0.002,42.5421,2.724,1.231,9.596*49
$GNGST,020738.30,0.008,0.003,0.002,42.5422,2.724,1.231,9.596*4B
$GNGST,020738.40,0.008,0.003,0.002,42.5423,2.724,1.231,9.596*4D
$GNGST,020738.50,0.008,0.003,0.002,42.5424,2.724,1.231,9.596*4B
$GNGST,020738.60,0.008,0.003,0.002,42.2224,2.724,1.231,9.596*49
$GNGST,020738.70,0.008,0.003,0.002,42.2225,2.724,1.231,9.596*49
$GNGST,020738.80,0.008,0.003,0.002,42.8939,2.724,1.231,9.596*4A
$GNGST,020738.90,0.008,0.003,0.002,42.1840,2.724,1.231,9.596*4D
$GNGST,020739.00,0.008,0.003,0.002,42.9383,2.724,1.231,9.596*49
$GNGST,020739.10,0.008,0.003,0.002,42.1873,2.724,1.231,9.596*44
$GNGST,020739.20,0.008,0.003,0.002,42.1842,2.724,1.231,9.596*45
$GNGST,020739.30,0.008,0.003,0.002,42.8917,2.724,1.231,9.596*4C
$GNGST,020739.40,0.008,0.003,0.002,42.8919,2.724,1.231,9.596*45
$GNGST,020739.50,0.008,0.003,0.002,42.8920,2.724,1.231,9.596*4E
$GNGST,020739.60,0.008,0.003,0.002,42.9391,2.724,1.231,9.596*4C
$GNGST,020739.70,0.008,0.003,0.002,42.2290,2.724,1.231,9.596*46
$GNGST,020739.80,0.008,0.003,0.002,43.2897,2.724,1.231,9.596*45
$GNGST,020739.90,0.008,0.003,0.002,42.9382,2.724,1.231,9.596*41
$GNGST,020740.00,0.008,0.003,0.002,43.2900,2.724,1.231,9.596*4C
$GNGST,020740.10,0.008,0.003,0.002,42.9385,2.724,1.231,9.596*40
$GNGST,020740.20,0.008,0.003,0.002,46.0104,2.724,1.231,9.596*45
$GNGST,020740.30,0.008,0.003,0.002,46.0107,2.724,1.231,9.596*47
$GNGST,020740.40,0.008,0.003,0.002,42.9389,2.724,1.231,9.596*49
$GNGST,020740.50,0.008,0.003,0.002,42.9391,2.724,1.231,9.596*41
$GNGST,020740.60,0.007,0.003,0.002,42.2275,2.724,1.231,9.596*4D
$GNGST,020740.70,0.008,0.003,0.002,42.9394,2.724,1.231,9.596*46
$GNGST,020740.80,0.008,0.003,0.002,43.2954,2.724,1.231,9.596*45
$GNGST,020740.90,0.008,0.003,0.002,42.9438,2.724,1.231,9.596*49
$GNGST,020741.00,0.008,0.003,0.002,42.9603,2.724,1.231,9.596*4B
$GNGST,020741.10,0.008,0.003,0.002,42.9604,2.724,1.231,9.596*4D
$GNGST,020741.20,0.008,0.003,0.002,43.8404,2.724,1.231,9.596*4C
$GNGST,020741.30,0.008,0.003,0.002,43.8406,2.724,1.231,9.596*4F
$GNGST,020741.40,0.008,0.003,0.002,42.9445,2.724,1.231,9.596*4F
$GNGST,020741.50,0.008,0.003,0.002,42.2336,2.724,1.231,9.596*46
$GNGST,020741.60,0.008,0.003,0.002,43.3013,2.724,1.231,9.596*41
$GNGST,020741.70,0.008,0.003,0.002,42.2384,2.724,1.231,9.596*4D
$GNGST,020741.80,0.008,0.003,0.002,42.6039,2.724,1.231,9.596*43
$GNGST,020741.90,0.008,0.003,0.002,42.6040,2.724,1.231,9.596*4C
$GNGST,020742.00,0.008,0.003,0.002,43.4783,2.724,1.231,9.596*4D
$GNGST,020742.10,0.007,0.003,0.002,42.2388,2.724,1.231,9.596*4B
$GNGST,020742.20,0.008,0.003,0.002,42.6043,2.724,1.231,9.596*47
$GNGST,020742.30,0.008,0.003,0.002,42.6044,2.724,1.231,9.596*41
$GNGST,020742.40,0.008,0.003,0.002,42.6045,2.724,1.231,9.596*47
$GNGST,020742.50,0.007,0.003,0.002,42.2396,2.724,1.231,9.596*40
$GNGST,020742.60,0.007,0.003,0.002,42.2398,2.724,1.231,9.596*4D
$GNGST,020742.70,0.007,0.003,0.002,42.2400,2.724,1.231,9.596*4A
$GNGST,020742.80,0.007,0.003,0.002,42.2402,2.724,1.231,9.596*47
$GNGST,020742.90,0.008,0.003,0.002,42.6017,2.724,1.231,9.596*4D
$GNGST,020743.00,0.008,0.003,0.002,42.6018,2.724,1.231,9.596*4A
$GNGST,020743.10,0.008,0.003,0.002,42.6019,2.724,1.231,9.596*4A
$GNGST,020743.20,0.008,0.003,0.002,42.5570,2.724,1.231,9.596*40
$GNGST,020743.30,0.007,0.003,0.002,42.2379,2.724,1.231,9.596*46
$GNGST,020743.40,0.007,0.003,0.002,42.2381,2.724,1.231,9.596*46
$GNGST,020743.50,0.008,0.003,0.002,42.6023,2.724,1.231,9.596*47
$GNGST,020743.60,0.008,0.003,0.002,43.7297,2.724,1.231,9.596*49
$GNGST,020743.70,0.008,0.003,0.002,42.5624,2.724,1.231,9.596*47
$GNGST,020743.80,0.008,0.003,0.002,42.5625,2.724,1.231,9.596*49
$GNGST,020743.90,0.008,0.003,0.002,42.6672,2.724,1.231,9.596*49
$GNGST,020744.00,0.008,0.003,0.002,42.6222,2.724,1.231,9.596*46
$GNGST,020744.10,0.008,0.003,0.002,42.6674,2.724,1.231,9.596*40
$GNGST,020744.20,0.008,0.003,0.002,42.6224,2.724,1.231,9.596*42
$GNGST,020744.30,0.008,0.003,0.002,42.6676,2.724,1.231,9.596*40
$GNGST,020744.40,0.008,0.003,0.002,42.6677,2.724,1.231,9.596*46
$GNGST,020744.50,0.008,0.003,0.002,42.6369,2.724,1.231,9.596*4D
$GNGST,020744.60,0.008,0.003,0.002,42.6370,2.724,1.231,9.596*46
$GNGST,020744.70,0.008,0.003,0.002,43.8884,2.724,1.231,9.596*48
$GNGST,020744.80,0.008,0.003,0.002,43.8885,2.724,1.231,9.596*46
$GNGST,020744.90,0.008,0.003,0.002,42.7177,2.724,1.231,9.596*4D
$GNGST,020745.00,0.008,0.003,0.002,42.7178,2.724,1.231,9.596*4A
$GNGST,020745.10,0.008,0.003,0.002,42.7505,2.724,1.231,9.596*45
$GNGST,020745.20,0.008,0.003,0.002,42.7506,2.724,1.231,9.596*45
$GNGST,020745.30,0.008,0.003,0.002,42.7507,2.724,1.231,9.596*45
$GNGST,020745.40,0.008,0.003,0.002,42.7508,2.724,1.231,9.596*4D
$GNGST,020745.50,0.008,0.003,0.002,42.7509,2.724,1.231,9.596*4D
$GNGST,020745.60,0.008,0.003,0.002,42.8812,2.724,1.231,9.596*46
$GNGST,020745.70,0.008,0.003,0.002,42.2478,2.724,1.231,9.596*4D
$GNGST,020745.80,0.008,0.003,0.002,42.8814,2.724,1.231,9.596*4E
$GNGST,020745.90,0.008,0.003,0.002,42.8815,2.724,1.231,9.596*4E
$GNGST,020746.00,0.008,0.003,0.002,42.8816,2.724,1.231,9.596*47
$GNGST,020746.10,0.008,0.003,0.002,42.8817,2.724,1.231,9.596*47
$GNGST,020746.20,0.008,0.003,0.002,42.9026,2.724,1.231,9.596*4F
$GNGST,020746.30,0.008,0.003,0.002,42.9027,2.724,1.231,9.596*4F
$GNGST,020746.40,0.008,0.003,0.002,42.9028,2.724,1.231,9.596*47
$GNGST,020746.50,0.008,0.003,0.002,42.9029,2.724,1.231,9.596*47
$GNGST,020746.60,0.007,0.003,0.002,41.7677,2.724,1.231,9.596*4B
$GNGST,020746.70,0.007,0.003,0.002,41.7679,2.724,1.231,9.596*44
$GNGST,020746.80,0.008,0.003,0.002,42.7502,2.724,1.231,9.596*48
$GNGST,020746.90,0.008,0.003,0.002,42.7846,2.724,1.231,9.596*44
$GNGST,020747.00,0.008,0.003,0.002,42.7504,2.724,1.231,9.596*47
$GNGST,020747.10,0.008,0.003,0.002,42.7505,2.724,1.231,9.596*47
$GNGST,020747.20,0.008,0.003,0.002,42.7506,2.724,1.231,9.596*47
$GNGST,020747.30,0.008,0.003,0.002,42.7850,2.724,1.231,9.596*48
$GNGST,020747.40,0.008,0.003,0.002,43.3670,2.724,1.231,9.596*46
$GNGST,020747.50,0.008,0.003,0.002,42.7509,2.724,1.231,9.596*4F
$GNGST,020747.60,0.007,0.003,0.002,41.7765,2.724,1.231,9.596*48
$GNGST,020747.70,0.007,0.003,0.002,41.7651,2.724,1.231,9.596*4F
$GNGST,020747.80,0.008,0.003,0.002,42.7558,2.724,1.231,9.596*46
$GNGST,020747.90,0.008,0.003,0.002,42.3088,2.724,1.231,9.596*4B
$GNGST,020748.00,0.008,0.003,0.002,42.2721,2.724,1.231,9.596*48
$GNGST,020748.10,0.008,0.003,0.002,42.7560,2.724,1.231,9.596*4B
$GNGST,020748.20,0.008,0.003,0.002,42.7561,2.724,1.231,9.596*49
$GNGST,020748.30,0.008,0.003,0.002,42.1876,2.724,1.231,9.596*45
$GNGST,020748.40,0.008,0.003,0.002,42.1877,2.724,1.231,9.596*43
$GNGST,020748.50,0.007,0.003,0.002,41.7826,2.724,1.231,9.596*4C
$GNGST,020748.60,0.008,0.003,0.002,42.6150,2.724,1.231,9.596*4A
$GNGST,020748.70,0.008,0.003,0.002,42.1866,2.724,1.231,9.596*40
$GNGST,020748.80,0.008,0.003,0.002,42.6152,2.724,1.231,9.596*46
$GNGST,020748.90,0.008,0.003,0.002,42.7125,2.724,1.231,9.596*46
$GNGST,020749.00,0.008,0.003,0.002,42.7126,2.724,1.231,9.596*4D
$GNGST,020749.10,0.008,0.003,0.002,42.7127,2.724,1.231,9.596*4D
$GNGST,020749.20,0.008,0.003,0.002,42.5552,2.724,1.231,9.596*4A
$GNGST,020749.30,0.008,0.003,0.002,42.5553,2.724,1.231,9.596*4A
$GNGST,020749.40,0.008,0.003,0.002,42.6531,2.724,1.231,9.596*4A
$GNGST,020749.50,0.007,0.003,0.002,41.7962,2.724,1.231,9.596*4C
$GNGST,020749.60,0.008,0.003,0.002,42.5601,2.724,1.231,9.596*4B
$GNGST,020749.70,0.008,0.003,0.002,42.3114,2.724,1.231,9.596*4F
$GNGST,020749.80,0.008,0.003,0.002,42.6577,2.724,1.231,9.596*44
$GNGST,020749.90,0.008,0.003,0.002,42.1893,2.724,1.231,9.596*45
$GNGST,020750.00,0.008,0.003,0.002,42.5605,2.724,1.231,9.596*41
$GNGST,020750.10,0.008,0.003,0.002,43.2294,2.724,1.231,9.596*4A
$GNGST,020750.20,0.008,0.003,0.002,42.9241,2.724,1.231,9.596*4B
$GNGST,020750.30,0.008,0.003,0.002,42.9242,2.724,1.231,9.596*49
$GNGST,020750.40,0.008,0.003,0.002,42.1226,2.724,1.231,9.596*44
$GNGST,020750.50,0.007,0.003,0.002,42.4911,2.724,1.231,9.596*40
$GNGST,020750.60,0.007,0.003,0.002,42.4913,2.724,1.231,9.596*41
$GNGST,020750.70,0.007,0.003,0.002,41.8033,2.724,1.231,9.596*44
$GNGST,020750.80,0.008,0.003,0.002,42.8338,2.724,1.231,9.596*4F
$GNGST,020750.90,0.008,0.003,0.002,43.4597,2.724,1.231,9.596*40
$GNGST,020751.00,0.008,0.003,0.002,43.4598,2.724,1.231,9.596*47
$GNGST,020751.10,0.008,0.003,0.002,43.4599,2.724,1.231,9.596*47
$GNGST,020751.20,0.008,0.003,0.002,45.4003,2.724,1.231,9.596*44
$GNGST,020751.30,0.008,0.003,0.002,45.4005,2.724,1.231,9.596*43
$GNGST,020751.40,0.008,0.003,0.002,43.4603,2.724,1.231,9.596*42
$GNGST,020751.50,0.008,0.003,0.002,43.4604,2.724,1.231,9.596*44
$GNGST,020751.60,0.008,0.003,0.002,43.4605,2.724,1.231,9.596*46
$GNGST,020751.70,0.008,0.003,0.002,42.8411,2.724,1.231,9.596*4D
$GNGST,020751.80,0.008,0.003,0.002,42.8393,2.724,1.231,9.596*4F
$GNGST,020751.90,0.008,0.003,0.002,42.8394,2.724,1.231,9.596*49
$GNGST,020752.00,0.008,0.003,0.002,42.4559,2.724,1.231,9.596*48
$GNGST,020752.10,0.008,0.003,0.002,42.9011,2.724,1.231,9.596*4D
$GNGST,020752.20,0.008,0.003,0.002,42.9012,2.724,1.231,9.596*4D
$GNGST,020752.30,0.008,0.003,0.002,45.4437,2.724,1.231,9.596*45
$GNGST,020752.40,0.008,0.003,0.002,42.4565,2.724,1.231,9.596*43
$GNGST,020752.50,0.008,0.003,0.002,42.4205,2.724,1.231,9.596*43
$GNGST,020752.60,0.008,0.003,0.002,42.9352,2.724,1.231,9.596*4E
$GNGST,020752.70,0.008,0.003,0.002,42.9017,2.724,1.231,9.596*4D
$GNGST,020752.80,0.008,0.003,0.002,41.9965,2.724,1.231,9.596*4D
$GNGST,020752.90,0.008,0.003,0.002,41.9966,2.724,1.231,9.596*4F
$GNGST,020753.00,0.008,0.003,0.002,41.9967,2.724,1.231,9.596*46
$GNGST,020753.10,0.008,0.003,0.002,41.9968,2.724,1.231,9.596*48
$GNGST,020753.20,0.008,0.003,0.002,41.9968,2.724,1.231,9.596*4B
$GNGST,020753.30,0.008,0.003,0.002,41.7319,2.724,1.231,9.596*48
$GNGST,020753.40,0.008,0.003,0.002,42.2134,2.724,1.231,9.596*44
$GNGST,020753.50,0.008,0.003,0.002,41.5287,2.724,1.231,9.596*4A
$GNGST,020753.60,0.008,0.003,0.002,42.0548,2.724,1.231,9.596*4B
$GNGST,020753.70,0.008,0.003,0.002,42.2798,2.724,1.231,9.596*47
$GNGST,020753.80,0.008,0.003,0.002,43.7280,2.724,1.231,9.596*40
$GNGST,020753.90,0.008,0.003,0.002,42.0753,2.724,1.231,9.596*4C
$GNGST,020754.00,0.008,0.003,0.002,41.8003,2.724,1.231,9.596*4B
$GNGST,020754.10,0.008,0.003,0.002,42.7179,2.724,1.231,9.596*4A
$GNGST,020754.20,0.008,0.003,0.002,42.0055,2.724,1.231,9.596*41
$GNGST,020754.30,0.008,0.003,0.002,42.6935,2.724,1.231,9.596*49
$GNGST,020754.40,0.008,0.003,0.002,41.5150,2.724,1.231,9.596*45
$GNGST,020754.50,0.008,0.003,0.002,41.5151,2.724,1.231,9.596*45
$GNGST,020754.60,0.008,0.003,0.002,41.7783,2.724,1.231,9.596*4D
$GNGST,020754.70,0.008,0.003,0.002,42.9731,2.724,1.231,9.596*48
$GNGST,020754.80,0.008,0.003,0.002,42.4965,2.724,1.231,9.596*45
$GNGST,020754.90,0.008,0.003,0.002,42.4967,2.724,1.231,9.596*46
$GNGST,020755.00,0.008,0.003,0.002,42.4684,2.724,1.231,9.596*4C
$GNGST,020755.10,0.008,0.003,0.002,42.4686,2.724,1.231,9.596*4F
$GNGST,020755.20,0.008,0.003,0.002,41.8951,2.724,1.231,9.596*46
$GNGST,020755.30,0.008,0.003,0.002,41.6118,2.724,1.231,9.596*4C
$GNGST,020755.40,0.008,0.003,0.002,41.8954,2.724,1.231,9.596*45
$GNGST,020755.50,0.008,0.003,0.002,42.9718,2.724,1.231,9.596*40
$GNGST,020755.60,0.008,0.003,0.002,42.0553,2.724,1.231,9.596*47
$GNGST,020755.70,0.008,0.003,0.002,42.9806,2.724,1.231,9.596*42
$GNGST,020755.80,0.008,0.003,0.002,42.9807,2.724,1.231,9.596*4C
$GNGST,020755.90,0.008,0.003,0.002,42.9833,2.724,1.231,9.596*4A
$GNGST,020756.00,0.008,0.003,0.002,42.9810,2.724,1.231,9.596*41
$GNGST,020756.10,0.008,0.003,0.002,42.9811,2.724,1.231,9.596*41
$GNGST,020756.20,0.008,0.003,0.002,42.3399,2.724,1.231,9.596*43
$GNGST,020756.30,0.008,0.003,0.002,43.0068,2.724,1.231,9.596*4D
$GNGST,020756.40,0.008,0.003,0.002,42.9815,2.724,1.231,9.596*40
$GNGST,020756.50,0.008,0.003,0.002,42.7325,2.724,1.231,9.596*47
$GNGST,020756.60,0.007,0.003,0.002,42.2092,2.724,1.231,9.596*41
$GNGST,020756.70,0.008,0.003,0.002,42.9819,2.724,1.231,9.596*4F
$GNGST,020756.80,0.007,0.003,0.002,42.2096,2.724,1.231,9.596*4B
$GNGST,020756.90,0.008,0.003,0.002,42.7423,2.724,1.231,9.596*4A
$GNGST,020757.00,0.008,0.003,0.002,42.7424,2.724,1.231,9.596*45
$GNGST,020757.10,0.008,0.003,0.002,42.2756,2.724,1.231,9.596*47
$GNGST,020757.20,0.008,0.003,0.002,42.2756,2.724,1.231,9.596*44
$GNGST,020757.30,0.008,0.003,0.002,42.2757,2.724,1.231,9.596*44
$GNGST,020757.40,0.008,0.003,0.002,42.3041,2.724,1.231,9.596*42
$GNGST,020757.50,0.008,0.003,0.002,42.9422,2.724,1.231,9.596*48
$GNGST,020757.60,0.008,0.003,0.002,42.2489,2.724,1.231,9.596*41
$GNGST,020757.70,0.008,0.003,0.002,41.9553,2.724,1.231,9.596*4E
$GNGST,020757.80,0.008,0.003,0.002,41.9620,2.724,1.231,9.596*46
$GNGST,020757.90,0.008,0.003,0.002,41.9621,2.724,1.231,9.596*46
$GNGST,020758.00,0.007,0.003,0.002,42.0550,2.724,1.231,9.596*40
$GNGST,020758.10,0.008,0.003,0.002,41.9623,2.724,1.231,9.596*43
$GNGST,020758.20,0.008,0.003,0.002,41.9623,2.724,1.231,9.596*40
$GNGST,020758.30,0.007,0.003,0.002,42.0556,2.724,1.231,9.596*45
$GNGST,020758.40,0.007,0.003,0.002,42.0558,2.724,1.231,9.596*4C
$GNGST,020758.50,0.007,0.003,0.002,42.0560,2.724,1.231,9.596*46
$GNGST,020758.60,0.008,0.003,0.002,42.6356,2.724,1.231,9.596*4F
$GNGST,020758.70,0.007,0.003,0.002,42.0564,2.724,1.231,9.596*40
$GNGST,020758.80,0.007,0.003,0.002,42.0566,2.724,1.231,9.596*4D
$GNGST,020758.90,0.008,0.003,0.002,42.2937,2.724,1.231,9.596*49
$GNGST,020759.00,0.008,0.003,0.002,42.4280,2.724,1.231,9.596*40
$GNGST,020759.10,0.008,0.003,0.002,42.2938,2.724,1.231,9.596*4F
$GNGST,020759.20,0.008,0.003,0.002,42.9215,2.724,1.231,9.596*43
$GNGST,020759.30,0.008,0.003,0.002,42.4284,2.724,1.231,9.596*47
$GNGST,020759.40,0.008,0.003,0.002,42.9217,2.724,1.231,9.596*47
$GNGST,020759.50,0.008,0.003,0.002,42.4287,2.724,1.231,9.596*42
$GNGST,020759.60,0.008,0.003,0.002,42.9219,2.724,1.231,9.596*4B
$GNGST,020759.70,0.007,0.003,0.002,42.1783,2.724,1.231,9.596*4B
$GNGST,020759.80,0.008,0.003,0.002,42.3492,2.724,1.231,9.596*4A
$GNGST,020759.90,0.008,0.003,0.002,42.9742,2.724,1.231,9.596*4F
$GNGST,020800.00,0.008,0.003,0.002,42.3494,2.724,1.231,9.596*47
$GNGST,020800.10,0.008,0.003,0.002,42.3495,2.724,1.231,9.596*47
$GNGST,020800.20,0.008,0.003,0.002,42.3496,2.724,1.231,9.596*47
$GNGST,020800.30,0.008,0.003,0.002,42.3496,2.724,1.231,9.596*46
$GNGST,020800.40,0.008,0.003,0.002,42.3497,2.724,1.231,9.596*40
$GNGST,020800.50,0.008,0.003,0.002,42.3498,2.724,1.231,9.596*4E
$GNGST,020800.60,0.008,0.003,0.002,42.9515,2.724,1.231,9.596*43
$GNGST,020800.70,0.008,0.003,0.002,42.3266,2.724,1.231,9.596*4B
$GNGST,020800.80,0.008,0.003,0.002,42.1456,2.724,1.231,9.596*43
$GNGST,020800.90,0.007,0.003,0.002,41.4821,2.724,1.231,9.596*47
$GNGST,020801.00,0.008,0.003,0.002,41.2787,2.724,1.231,9.596*45
$GNGST,020801.10,0.008,0.003,0.002,43.1389,2.724,1.231,9.596*4F
$GNGST,020801.20,0.008,0.003,0.002,42.7876,2.724,1.231,9.596*40
$GNGST,020801.30,0.008,0.003,0.002,41.9467,2.724,1.231,9.596*40
$GNGST,020801.40,0.008,0.003,0.002,42.0066,2.724,1.231,9.596*48
$GNGST,020801.50,0.008,0.003,0.002,44.0457,2.724,1.231,9.596*49
$GNGST,020801.60,0.008,0.003,0.002,41.3319,2.724,1.231,9.596*41
$GNGST,020801.70,0.008,0.003,0.002,41.3387,2.724,1.231,9.596*47
$GNGST,020801.80,0.008,0.003,0.002,41.9624,2.724,1.231,9.596*4E
$GNGST,020801.90,0.008,0.003,0.002,41.3320,2.724,1.231,9.596*44
$GNGST,020802.00,0.008,0.003,0.002,41.3320,2.724,1.231,9.596*4E
$GNGST,020802.10,0.008,0.003,0.002,42.0027,2.724,1.231,9.596*4B
$GNGST,020802.20,0.008,0.003,0.002,42.8450,2.724,1.231,9.596*44
$GNGST,020802.30,0.008,0.003,0.002,42.0029,2.724,1.231,9.596*47
$GNGST,020802.40,0.008,0.003,0.002,42.0030,2.724,1.231,9.596*48
$GNGST,020802.50,0.008,0.003,0.002,42.0862,2.724,1.231,9.596*46
$GNGST,020802.60,0.008,0.003,0.002,42.7675,2.724,1.231,9.596*4A
$GNGST,020802.70,0.008,0.003,0.002,42.0595,2.724,1.231,9.596*41
$GNGST,020802.80,0.008,0.003,0.002,41.4402,2.724,1.231,9.596*46
$GNGST,020802.90,0.008,0.003,0.002,41.3946,2.724,1.231,9.596*4D
$GNGST,020803.00,0.008,0.003,0.002,41.3946,2.724,1.231,9.596*45
$GNGST,020803.10,0.008,0.003,0.002,41.3946,2.724,1.231,9.596*44
$GNGST,020803.20,0.008,0.003,0.002,41.4403,2.724,1.231,9.596*4C
$GNGST,020803.30,0.008,0.003,0.002,41.4403,2.724,1.231,9.596*4D
$GNGST,020803.40,0.008,0.003,0.002,41.5128,2.724,1.231,9.596*47
$GNGST,020803.50,0.008,0.003,0.002,41.5128,2.724,1.231,9.596*46
$GNGST,020803.60,0.007,0.003,0.002,41.2944,2.724,1.231,9.596*4F
$GNGST,020803.70,0.007,0.003,0.002,41.2509,2.724,1.231,9.596*4B
$GNGST,020803.80,0.008,0.003,0.002,42.7929,2.724,1.231,9.596*43
$GNGST,020803.90,0.008,0.003,0.002,42.7930,2.724,1.231,9.596*4A
$GNGST,020804.00,0.008,0.003,0.002,42.7931,2.724,1.231,9.596*45
$GNGST,020804.10,0.008,0.003,0.002,42.7932,2.724,1.231,9.596*47
$GNGST,020804.20,0.008,0.003,0.002,42.7933,2.724,1.231,9.596*45
$GNGST,020804.30,0.008,0.003,0.002,42.7934,2.724,1.231,9.596*43
$GNGST,020804.40,0.008,0.003,0.002,42.1832,2.724,1.231,9.596*45
$GNGST,020804.50,0.008,0.003,0.002,42.1833,2.724,1.231,9.596*45
$GNGST,020804.60,0.007,0.003,0.002,41.8707,2.724,1.231,9.596*4B
$GNGST,020804.70,0.007,0.003,0.002,41.8302,2.724,1.231,9.596*4B
$GNGST,020804.80,0.007,0.003,0.002,41.8304,2.724,1.231,9.596*42
$GNGST,020804.90,0.007,0.003,0.002,41.8306,2.724,1.231,9.596*41
$GNGST,020805.00,0.008,0.003,0.002,42.1671,2.724,1.231,9.596*49
$GNGST,020805.10,0.008,0.003,0.002,42.1947,2.724,1.231,9.596*42
$GNGST,020805.20,0.008,0.003,0.002,41.6005,2.724,1.231,9.596*4A
$GNGST,020805.30,0.008,0.003,0.002,41.6376,2.724,1.231,9.596*4C
$GNGST,020805.40,0.008,0.003,0.002,41.1800,2.724,1.231,9.596*46
$GNGST,020805.50,0.008,0.003,0.002,41.6378,2.724,1.231,9.596*44
$GNGST,020805.60,0.008,0.003,0.002,41.6008,2.724,1.231,9.596*43
$GNGST,020805.70,0.008,0.003,0.002,42.2847,2.724,1.231,9.596*46
$GNGST,020805.80,0.008,0.003,0.002,42.2848,2.724,1.231,9.596*46
$GNGST,020805.90,0.008,0.003,0.002,42.2849,2.724,1.231,9.596*46
$GNGST,020806.00,0.007,0.003,0.002,41.9204,2.724,1.231,9.596*48
$GNGST,020806.10,0.008,0.003,0.002,42.2090,2.724,1.231,9.596*41
$GNGST,020806.20,0.008,0.003,0.002,42.2851,2.724,1.231,9.596*47
$GNGST,020806.30,0.007,0.003,0.002,41.9209,2.724,1.231,9.596*46
$GNGST,020806.40,0.008,0.003,0.002,42.3021,2.724,1.231,9.596*4F
$GNGST,020806.50,0.008,0.003,0.002,42.3022,2.724,1.231,9.596*4D
$GNGST,020806.60,0.008,0.003,0.002,42.3023,2.724,1.231,9.596*4F
$GNGST,020806.70,0.007,0.003,0.002,41.9017,2.724,1.231,9.596*4F
$GNGST,020806.80,0.008,0.003,0.002,42.3163,2.724,1.231,9.596*44
$GNGST,020806.90,0.008,0.003,0.002,41.6785,2.724,1.231,9.596*4D
$GNGST,020807.00,0.008,0.003,0.002,41.6820,2.724,1.231,9.596*45
$GNGST,020807.10,0.008,0.003,0.002,42.3166,2.724,1.231,9.596*49
$GNGST,020807.20,0.008,0.003,0.002,42.3167,2.724,1.231,9.596*4B
$GNGST,020807.30,0.008,0.003,0.002,42.3168,2.724,1.231,9.596*45
$GNGST,020807.40,0.008,0.003,0.002,42.3169,2.724,1.231,9.596*43
$GNGST,020807.50,0.008,0.003,0.002,42.3170,2.724,1.231,9.596*4A
$GNGST,020807.60,0.008,0.003,0.002,42.3171,2.724,1.231,9.596*48
$GNGST,020807.70,0.008,0.003,0.002,42.3280,2.724,1.231,9.596*44
$GNGST,020807.80,0.008,0.003,0.002,42.3255,2.724,1.231,9.596*43
$GNGST,020807.90,0.008,0.003,0.002,41.6370,2.724,1.231,9.596*42
$GNGST,020808.00,0.008,0.003,0.002,42.3257,2.724,1.231,9.596*46
$GNGST,020808.10,0.008,0.003,0.002,42.3258,2.724,1.231,9.596*48
$GNGST,020808.20,0.008,0.003,0.002,41.5169,2.724,1.231,9.596*4F
$GNGST,020808.30,0.008,0.003,0.002,42.2024,2.724,1.231,9.596*42
$GNGST,020808.40,0.008,0.003,0.002,42.2025,2.724,1.231,9.596*44
$GNGST,020808.50,0.008,0.003,0.002,42.2026,2.724,1.231,9.596*46
$GNGST,020808.60,0.008,0.003,0.002,42.2026,2.724,1.231,9.596*45
$GNGST,020808.70,0.008,0.003,0.002,42.2027,2.724,1.231,9.596*45
$GNGST,020808.80,0.008,0.003,0.002,42.9086,2.724,1.231,9.596*4A
$GNGST,020808.90,0.008,0.003,0.002,42.1715,2.724,1.231,9.596*4E
$GNGST,020809.00,0.008,0.003,0.002,41.6597,2.724,1.231,9.596*4A
$GNGST,020809.10,0.008,0.003,0.002,40.8069,2.724,1.231,9.596*40
$GNGST,020809.20,0.008,0.003,0.002,42.8587,2.724,1.231,9.596*44
$GNGST,020809.30,0.008,0.003,0.002,41.6599,2.724,1.231,9.596*47
$GNGST,020809.40,0.008,0.003,0.002,41.7017,2.724,1.231,9.596*42
$GNGST,020809.50,0.008,0.003,0.002,41.6600,2.724,1.231,9.596*42
$GNGST,020809.60,0.008,0.003,0.002,42.3707,2.724,1.231,9.596*41
$GNGST,020809.70,0.008,0.003,0.002,41.6602,2.724,1.231,9.596*42
$GNGST,020809.80,0.008,0.003,0.002,42.3821,2.724,1.231,9.596*44
$GNGST,020809.90,0.008,0.003,0.002,42.4269,2.724,1.231,9.596*44
$GNGST,020810.00,0.008,0.003,0.002,42.4270,2.724,1.231,9.596*4D
$GNGST,020810.10,0.008,0.003,0.002,42.7834,2.724,1.231,9.596*45
$GNGST,020810.20,0.008,0.003,0.002,42.4272,2.724,1.231,9.596*4D
$GNGST,020810.30,0.008,0.003,0.002,41.9317,2.724,1.231,9.596*40
$GNGST,020810.40,0.008,0.003,0.002,41.9485,2.724,1.231,9.596*4B
$GNGST,020810.50,0.008,0.003,0.002,41.9320,2.724,1.231,9.596*42
$GNGST,020810.60,0.008,0.003,0.002,43.6012,2.724,1.231,9.596*4E
$GNGST,020810.70,0.008,0.003,0.002,43.0720,2.724,1.231,9.596*4F
$GNGST,020810.80,0.008,0.003,0.002,42.9758,2.724,1.231,9.596*47
$GNGST,020810.90,0.008,0.003,0.002,44.5618,2.724,1.231,9.596*49
$GNGST,020811.00,0.008,0.003,0.002,43.0531,2.724,1.231,9.596*4B
$GNGST,020811.10,0.008,0.003,0.002,43.1378,2.724,1.231,9.596*40
$GNGST,020811.20,0.008,0.003,0.002,42.5401,2.724,1.231,9.596*4F
$GNGST,020811.30,0.008,0.003,0.002,43.1381,2.724,1.231,9.596*44
$GNGST,020811.40,0.008,0.003,0.002,42.5404,2.724,1.231,9.596*4C
$GNGST,020811.50,0.008,0.003,0.002,43.1266,2.724,1.231,9.596*4A
$GNGST,020811.60,0.008,0.003,0.002,43.2032,2.724,1.231,9.596*49
$GNGST,020811.70,0.008,0.003,0.002,43.7187,2.724,1.231,9.596*42
$GNGST,020811.80,0.008,0.003,0.002,43.2036,2.724,1.231,9.596*43
$GNGST,020811.90,0.008,0.003,0.002,43.7190,2.724,1.231,9.596*4A
$GNGST,020812.00,0.008,0.003,0.002,43.0485,2.724,1.231,9.596*46
$GNGST,020812.10,0.008,0.003,0.002,43.7193,2.724,1.231,9.596*42
$GNGST,020812.20,0.008,0.003,0.002,43.2043,2.724,1.231,9.596*48
$GNGST,020812.30,0.008,0.003,0.002,43.0555,2.724,1.231,9.596*49
$GNGST,020812.40,0.008,0.003,0.002,43.0556,2.724,1.231,9.596*4D
$GNGST,020812.50,0.008,0.003,0.002,43.0557,2.724,1.231,9.596*4D
$GNGST,020812.60,0.008,0.003,0.002,42.5028,2.724,1.231,9.596*47
$GNGST,020812.70,0.008,0.003,0.002,42.5688,2.724,1.231,9.596*4A
$GNGST,020812.80,0.008,0.003,0.002,42.3414,2.724,1.231,9.596*44
$GNGST,020812.90,0.008,0.003,0.002,41.8916,2.724,1.231,9.596*42
$GNGST,020813.00,0.008,0.003,0.002,41.8917,2.724,1.231,9.596*4B
$GNGST,020813.10,0.008,0.003,0.002,42.3417,2.724,1.231,9.596*4F
$GNGST,020813.20,0.008,0.003,0.002,41.8920,2.724,1.231,9.596*4D
$GNGST,020813.30,0.008,0.003,0.002,41.8921,2.724,1.231,9.596*4D
$GNGST,020813.40,0.008,0.003,0.002,43.3052,2.724,1.231,9.596*4E
$GNGST,020813.50,0.008,0.003,0.002,43.9649,2.724,1.231,9.596*49
$GNGST,020813.60,0.008,0.003,0.002,43.9651,2.724,1.231,9.596*43
$GNGST,020813.70,0.008,0.003,0.002,41.2426,2.724,1.231,9.596*49
$GNGST,020813.80,0.008,0.003,0.002,43.3060,2.724,1.231,9.596*43
$GNGST,020813.90,0.008,0.003,0.002,41.9143,2.724,1.231,9.596*4A
$GNGST,020814.00,0.008,0.003,0.002,41.6964,2.724,1.231,9.596*46
$GNGST,020814.10,0.008,0.003,0.002,41.6965,2.724,1.231,9.596*46
$GNGST,020814.20,0.008,0.003,0.002,41.7129,2.724,1.231,9.596*44
$GNGST,020814.30,0.008,0.003,0.002,41.7129,2.724,1.231,9.596*45
$GNGST,020814.40,0.008,0.003,0.002,41.7130,2.724,1.231,9.596*4A
$GNGST,020814.50,0.008,0.003,0.002,41.7131,2.724,1.231,9.596*4A
$GNGST,020814.60,0.008,0.003,0.002,41.9086,2.724,1.231,9.596*4A
$GNGST,020814.70,0.008,0.003,0.002,41.8923,2.724,1.231,9.596*4C
$GNGST,020814.80,0.008,0.003,0.002,41.2884,2.724,1.231,9.596*45
$GNGST,020814.90,0.008,0.003,0.002,41.9440,2.724,1.231,9.596*4B
$GNGST,020815.00,0.008,0.003,0.002,41.2802,2.724,1.231,9.596*42
$GNGST,020815.10,0.008,0.003,0.002,41.9441,2.724,1.231,9.596*43
$GNGST,020815.20,0.008,0.003,0.002,41.9442,2.724,1.231,9.596*43
$GNGST,020815.30,0.008,0.003,0.002,41.9443,2.724,1.231,9.596*43
$GNGST,020815.40,0.008,0.003,0.002,41.9443,2.724,1.231,9.596*44
$GNGST,020815.50,0.008,0.003,0.002,41.9444,2.724,1.231,9.596*42
$GNGST,020815.60,0.008,0.003,0.002,41.9445,2.724,1.231,9.596*40
$GNGST,020815.70,0.008,0.003,0.002,41.9446,2.724,1.231,9.596*42
$GNGST,020815.80,0.008,0.003,0.002,43.2232,2.724,1.231,9.596*41
$GNGST,020815.90,0.008,0.003,0.002,41.2889,2.724,1.231,9.596*48
$GNGST,020816.00,0.008,0.003,0.002,41.9113,2.724,1.231,9.596*43
$GNGST,020816.10,0.008,0.003,0.002,41.9803,2.724,1.231,9.596*4A
$GNGST,020816.20,0.008,0.003,0.002,42.1124,2.724,1.231,9.596*4E
$GNGST,020816.30,0.008,0.003,0.002,41.0610,2.724,1.231,9.596*4D
$GNGST,020816.40,0.008,0.003,0.002,41.8584,2.724,1.231,9.596*4C
$GNGST,020816.50,0.008,0.003,0.002,41.3114,2.724,1.231,9.596*4B
$GNGST,020816.60,0.007,0.003,0.002,41.3681,2.724,1.231,9.596*4C
$GNGST,020816.70,0.008,0.003,0.002,41.7304,2.724,1.231,9.596*4E
$GNGST,020816.80,0.008,0.003,0.002,41.7304,2.724,1.231,9.596*41
$GNGST,020816.90,0.008,0.003,0.002,41.7043,2.724,1.231,9.596*40
$GNGST,020817.00,0.008,0.003,0.002,41.9927,2.724,1.231,9.596*4D
$GNGST,020817.10,0.008,0.003,0.002,41.9928,2.724,1.231,9.596*43
$GNGST,020817.20,0.008,0.003,0.002,41.7045,2.724,1.231,9.596*4C
$GNGST,020817.30,0.008,0.003,0.002,41.9930,2.724,1.231,9.596*48
$GNGST,020817.40,0.008,0.003,0.002,41.7047,2.724,1.231,9.596*48
$GNGST,020817.50,0.008,0.003,0.002,43.7454,2.724,1.231,9.596*4D
$GNGST,020817.60,0.007,0.003,0.002,41.5354,2.724,1.231,9.596*46
$GNGST,020817.70,0.007,0.003,0.002,41.4193,2.724,1.231,9.596*4F
$GNGST,020817.80,0.007,0.003,0.002,41.4195,2.724,1.231,9.596*46
$GNGST,020817.90,0.008,0.003,0.002,41.5710,2.724,1.231,9.596*42
$GNGST,020818.00,0.008,0.003,0.002,41.5711,2.724,1.231,9.596*45
$GNGST,020818.10,0.008,0.003,0.002,41.6635,2.724,1.231,9.596*40
$GNGST,020818.20,0.008,0.003,0.002,41.6636,2.724,1.231,9.596*40
$GNGST,020818.30,0.008,0.003,0.002,41.6637,2.724,1.231,9.596*40
$GNGST,020818.40,0.007,0.003,0.002,41.3532,2.724,1.231,9.596*4B
$GNGST,020818.50,0.007,0.003,0.002,41.3533,2.724,1.231,9.596*4B
$GNGST,020818.60,0.008,0.003,0.002,41.5542,2.724,1.231,9.596*47
$GNGST,020818.70,0.008,0.003,0.002,41.9730,2.724,1.231,9.596*4D
$GNGST,020818.80,0.008,0.003,0.002,41.6734,2.724,1.231,9.596*49
$GNGST,020818.90,0.008,0.003,0.002,41.6325,2.724,1.231,9.596*4C
$GNGST,020819.00,0.008,0.003,0.002,41.0108,2.724,1.231,9.596*4F
$GNGST,020819.10,0.008,0.003,0.002,41.9785,2.724,1.231,9.596*44
$GNGST,020819.20,0.008,0.003,0.002,41.6483,2.724,1.231,9.596*4D
$GNGST,020819.30,0.007,0.003,0.002,41.5066,2.724,1.231,9.596*4F
$GNGST,020819.40,0.007,0.003,0.002,41.5068,2.724,1.231,9.596*46
$GNGST,020819.50,0.007,0.003,0.002,41.5069,2.724,1.231,9.596*46
$GNGST,020819.60,0.007,0.003,0.002,41.5071,2.724,1.231,9.596*4C
$GNGST,020819.70,0.007,0.003,0.002,41.5072,2.724,1.231,9.596*4E
$GNGST,020819.80,0.008,0.003,0.002,41.9848,2.724,1.231,9.596*43
$GNGST,020819.90,0.008,0.003,0.002,41.9550,2.724,1.231,9.596*46
$GNGST,020820.00,0.008,0.003,0.002,41.9873,2.724,1.231,9.596*49
$GNGST,020820.10,0.008,0.003,0.002,41.9873,2.724,1.231,9.596*48
$GNGST,020820.20,0.008,0.003,0.002,41.9873,2.724,1.231,9.596*4B
$GNGST,020820.30,0.008,0.003,0.002,41.9874,2.724,1.231,9.596*4D
$GNGST,020820.40,0.008,0.003,0.002,42.6484,2.724,1.231,9.596*45
$GNGST,020820.50,0.007,0.003,0.002,41.5139,2.724,1.231,9.596*48
$GNGST,020820.60,0.007,0.003,0.002,41.5141,2.724,1.231,9.596*44
$GNGST,020820.70,0.007,0.003,0.002,41.5142,2.724,1.231,9.596*46
$GNGST,020820.80,0.007,0.003,0.002,41.4635,2.724,1.231,9.596*4F
$GNGST,020820.90,0.008,0.003,0.002,42.0298,2.724,1.231,9.596*45
$GNGST,020821.00,0.008,0.003,0.002,42.2090,2.724,1.231,9.596*45
$GNGST,020821.10,0.008,0.003,0.002,42.7005,2.724,1.231,9.596*4D
$GNGST,020821.20,0.008,0.003,0.002,42.7006,2.724,1.231,9.596*4D
$GNGST,020821.30,0.008,0.003,0.002,42.0757,2.724,1.231,9.596*48
$GNGST,020821.40,0.008,0.003,0.002,41.2366,2.724,1.231,9.596*48
$GNGST,020821.50,0.008,0.003,0.002,41.2367,2.724,1.231,9.596*48
$GNGST,020821.60,0.008,0.003,0.002,41.8502,2.724,1.231,9.596*44
$GNGST,020821.70,0.008,0.003,0.002,42.7011,2.724,1.231,9.596*4E
$GNGST,020821.80,0.007,0.003,0.002,41.5243,2.724,1.231,9.596*4A
$GNGST,020821.90,0.008,0.003,0.002,42.9274,2.724,1.231,9.596*4F
$GNGST,020822.00,0.008,0.003,0.002,42.0848,2.724,1.231,9.596*49
$GNGST,020822.10,0.008,0.003,0.002,42.3583,2.724,1.231,9.596*41
$GNGST,020822.20,0.008,0.003,0.002,41.7141,2.724,1.231,9.596*4F
$GNGST,020822.30,0.008,0.003,0.002,41.7142,2.724,1.231,9.596*4D
$GNGST,020822.40,0.008,0.003,0.002,42.5529,2.724,1.231,9.596*42
$GNGST,020822.50,0.008,0.003,0.002,41.9738,2.724,1.231,9.596*4E
$GNGST,020822.60,0.008,0.003,0.002,42.4918,2.724,1.231,9.596*4F
$GNGST,020822.70,0.008,0.003,0.002,42.4919,2.724,1.231,9.596*4F
$GNGST,020822.80,0.008,0.003,0.002,42.9332,2.724,1.231,9.596*4E
$GNGST,020822.90,0.008,0.003,0.002,42.5007,2.724,1.231,9.596*46
$GNGST,020823.00,0.008,0.003,0.002,41.9826,2.724,1.231,9.596*4A
$GNGST,020823.10,0.008,0.003,0.002,42.5548,2.724,1.231,9.596*41
$GNGST,020823.20,0.008,0.003,0.002,43.1957,2.724,1.231,9.596*45
$GNGST,020823.30,0.008,0.003,0.002,42.5551,2.724,1.231,9.596*4B
$GNGST,020823.40,0.008,0.003,0.002,42.0317,2.724,1.231,9.596*4D
$GNGST,020823.50,0.008,0.003,0.002,43.1963,2.724,1.231,9.596*45
$GNGST,020823.60,0.008,0.003,0.002,43.1964,2.724,1.231,9.596*41
$GNGST,020823.70,0.008,0.003,0.002,42.5760,2.724,1.231,9.596*4F
$GNGST,020823.80,0.008,0.003,0.002,42.5642,2.724,1.231,9.596*41
$GNGST,020823.90,0.008,0.003,0.002,42.5644,2.724,1.231,9.596*46
$GNGST,020824.00,0.008,0.003,0.002,42.5646,2.724,1.231,9.596*4A
$GNGST,020824.10,0.008,0.003,0.002,42.5647,2.724,1.231,9.596*4A
$GNGST,020824.20,0.008,0.003,0.002,42.5649,2.724,1.231,9.596*47
$GNGST,020824.30,0.008,0.003,0.002,42.5651,2.724,1.231,9.596*4F
$GNGST,020824.40,0.008,0.003,0.002,42.5652,2.724,1.231,9.596*4B
$GNGST,020824.50,0.008,0.003,0.002,42.5654,2.724,1.231,9.596*4C
$GNGST,020824.60,0.008,0.003,0.002,42.5656,2.724,1.231,9.596*4D
$GNGST,020824.70,0.008,0.003,0.002,42.5658,2.724,1.231,9.596*42
$GNGST,020824.80,0.008,0.003,0.002,42.7324,2.724,1.231,9.596*41
$GNGST,020824.90,0.008,0.003,0.002,42.7325,2.724,1.231,9.596*41
$GNGST,020825.00,0.008,0.003,0.002,41.5818,2.724,1.231,9.596*4D
$GNGST,020825.10,0.008,0.003,0.002,42.0007,2.724,1.231,9.596*4C
$GNGST,020825.20,0.008,0.003,0.002,41.5719,2.724,1.231,9.596*41
$GNGST,020825.30,0.008,0.003,0.002,41.5720,2.724,1.231,9.596*4A
$GNGST,020825.40,0.008,0.003,0.002,41.0996,2.724,1.231,9.596*4B
$GNGST,020825.50,0.008,0.003,0.002,41.5721,2.724,1.231,9.596*4D
$GNGST,020825.60,0.008,0.003,0.002,42.2941,2.724,1.231,9.596*42
$GNGST,020825.70,0.008,0.003,0.002,41.6817,2.724,1.231,9.596*46
$GNGST,020825.80,0.008,0.003,0.002,42.7753,2.724,1.231,9.596*44
$GNGST,020825.90,0.008,0.003,0.002,44.7385,2.724,1.231,9.596*4C
$GNGST,020826.00,0.008,0.003,0.002,42.8257,2.724,1.231,9.596*41
$GNGST,020826.10,0.008,0.003,0.002,42.8259,2.724,1.231,9.596*4E
$GNGST,020826.20,0.008,0.003,0.002,42.8260,2.724,1.231,9.596*47
$GNGST,020826.30,0.008,0.003,0.002,42.8262,2.724,1.231,9.596*44
$GNGST,020826.40,0.008,0.003,0.002,43.3052,2.724,1.231,9.596*48
$GNGST,020826.50,0.007,0.003,0.002,43.3076,2.724,1.231,9.596*40
$GNGST,020826.60,0.008,0.003,0.002,46.7711,2.724,1.231,9.596*4B
$GNGST,020826.70,0.008,0.003,0.002,43.2994,2.724,1.231,9.596*49
$GNGST,020826.80,0.008,0.003,0.002,43.2996,2.724,1.231,9.596*44
$GNGST,020826.90,0.008,0.003,0.002,43.2998,2.724,1.231,9.596*4B
$GNGST,020827.00,0.008,0.003,0.002,43.2495,2.724,1.231,9.596*43
$GNGST,020827.10,0.008,0.003,0.002,43.2496,2.724,1.231,9.596*41
$GNGST,020827.20,0.008,0.003,0.002,43.8349,2.724,1.231,9.596*4D
$GNGST,020827.30,0.008,0.003,0.002,43.2500,2.724,1.231,9.596*4D
$GNGST,020827.40,0.008,0.003,0.002,43.2501,2.724,1.231,9.596*4B
$GNGST,020827.50,0.008,0.003,0.002,43.3008,2.724,1.231,9.596*47
$GNGST,020827.60,0.008,0.003,0.002,43.3009,2.724,1.231,9.596*45
$GNGST,020827.70,0.008,0.003,0.002,43.3011,2.724,1.231,9.596*4D
$GNGST,020827.80,0.008,0.003,0.002,42.6175,2.724,1.231,9.596*45
$GNGST,020827.90,0.008,0.003,0.002,42.6329,2.724,1.231,9.596*4F
$GNGST,020828.00,0.008,0.003,0.002,42.6178,2.724,1.231,9.596*4F
$GNGST,020828.10,0.008,0.003,0.002,42.1115,2.724,1.231,9.596*42
$GNGST,020828.20,0.008,0.003,0.002,42.6180,2.724,1.231,9.596*4A
$GNGST,020828.30,0.008,0.003,0.002,42.1117,2.724,1.231,9.596*42
$GNGST,020828.40,0.008,0.003,0.002,42.6182,2.724,1.231,9.596*4E
$GNGST,020828.50,0.008,0.003,0.002,42.1119,2.724,1.231,9.596*4A
$GNGST,020828.60,0.008,0.003,0.002,42.6153,2.724,1.231,9.596*40
$GNGST,020828.70,0.008,0.003,0.002,42.6155,2.724,1.231,9.596*47
$GNGST,020828.80,0.008,0.003,0.002,42.6156,2.724,1.231,9.596*4B
$GNGST,020828.90,0.008,0.003,0.002,41.9225,2.724,1.231,9.596*41
$GNGST,020829.00,0.008,0.003,0.002,42.6158,2.724,1.231,9.596*4C
$GNGST,020829.10,0.008,0.003,0.002,42.6159,2.724,1.231,9.596*4C
$GNGST,020829.20,0.008,0.003,0.002,42.6161,2.724,1.231,9.596*44
$GNGST,020829.30,0.008,0.003,0.002,42.6162,2.724,1.231,9.596*46
$GNGST,020829.40,0.008,0.003,0.002,41.9228,2.724,1.231,9.596*40
$GNGST,020829.50,0.008,0.003,0.002,43.0942,2.724,1.231,9.596*4D
$GNGST,020829.60,0.008,0.003,0.002,42.6166,2.724,1.231,9.596*47
$GNGST,020829.70,0.008,0.003,0.002,42.0110,2.724,1.231,9.596*41
$GNGST,020829.80,0.008,0.003,0.002,42.0005,2.724,1.231,9.596*4B
$GNGST,020829.90,0.008,0.003,0.002,42.0006,2.724,1.231,9.596*49
$GNGST,020830.00,0.008,0.003,0.002,42.0007,2.724,1.231,9.596*49
$GNGST,020830.10,0.008,0.003,0.002,42.0008,2.724,1.231,9.596*47
$GNGST,020830.20,0.008,0.003,0.002,42.0009,2.724,1.231,9.596*45
$GNGST,020830.30,0.008,0.003,0.002,42.0010,2.724,1.231,9.596*4C
$GNGST,020830.40,0.008,0.003,0.002,42.1263,2.724,1.231,9.596*4C
$GNGST,020830.50,0.008,0.003,0.002,42.9559,2.724,1.231,9.596*4B
$GNGST,020830.60,0.007,0.003,0.002,42.1720,2.724,1.231,9.596*43
$GNGST,020830.70,0.007,0.003,0.002,42.1722,2.724,1.231,9.596*40
$GNGST,020830.80,0.008,0.003,0.002,42.1104,2.724,1.231,9.596*42
$GNGST,020830.90,0.007,0.003,0.002,42.1202,2.724,1.231,9.596*49
$GNGST,020831.00,0.008,0.003,0.002,42.1106,2.724,1.231,9.596*49
$GNGST,020831.10,0.008,0.003,0.002,42.9328,2.724,1.231,9.596*4E
$GNGST,020831.20,0.008,0.003,0.002,42.9330,2.724,1.231,9.596*44
$GNGST,020831.30,0.008,0.003,0.002,42.9332,2.724,1.231,9.596*47
$GNGST,020831.40,0.008,0.003,0.002,42.9334,2.724,1.231,9.596*46
$GNGST,020831.50,0.008,0.003,0.002,42.4472,2.724,1.231,9.596*4F
$GNGST,020831.60,0.007,0.003,0.002,42.6967,2.724,1.231,9.596*48
$GNGST,020831.70,0.008,0.003,0.002,42.7160,2.724,1.231,9.596*48
$GNGST,020831.80,0.007,0.003,0.002,42.6885,2.724,1.231,9.596*4B
$GNGST,020831.90,0.007,0.003,0.002,42.6886,2.724,1.231,9.596*49
$GNGST,020832.00,0.008,0.003,0.002,42.2181,2.724,1.231,9.596*46
$GNGST,020832.10,0.008,0.003,0.002,42.9921,2.724,1.231,9.596*4E
$GNGST,020832.20,0.008,0.003,0.002,42.9923,2.724,1.231,9.596*4F
$GNGST,020832.30,0.008,0.003,0.002,42.9926,2.724,1.231,9.596*4B
$GNGST,020832.40,0.008,0.003,0.002,42.9928,2.724,1.231,9.596*42
$GNGST,020832.50,0.008,0.003,0.002,42.9930,2.724,1.231,9.596*4A
$GNGST,020832.60,0.008,0.003,0.002,42.9933,2.724,1.231,9.596*4A
$GNGST,020832.70,0.007,0.003,0.002,41.9473,2.724,1.231,9.596*4E
$GNGST,020832.80,0.008,0.003,0.002,42.7165,2.724,1.231,9.596*41
$GNGST,020832.90,0.008,0.003,0.002,42.2056,2.724,1.231,9.596*44
$GNGST,020833.00,0.007,0.003,0.002,42.6983,2.724,1.231,9.596*46
$GNGST,020833.10,0.007,0.003,0.002,42.6984,2.724,1.231,9.596*40
$GNGST,020833.20,0.008,0.003,0.002,42.2061,2.724,1.231,9.596*4A
$GNGST,020833.30,0.007,0.003,0.002,42.6986,2.724,1.231,9.596*40
$GNGST,020833.40,0.007,0.003,0.002,42.6987,2.724,1.231,9.596*46
$GNGST,020833.50,0.007,0.003,0.002,42.6989,2.724,1.231,9.596*49
$GNGST,020833.60,0.007,0.003,0.002,42.6990,2.724,1.231,9.596*42
$GNGST,020833.70,0.008,0.003,0.002,43.1926,2.724,1.231,9.596*47
$GNGST,020833.80,0.007,0.003,0.002,42.7078,2.724,1.231,9.596*42
$GNGST,020833.90,0.007,0.003,0.002,42.7079,2.724,1.231,9.596*42
$GNGST,020834.00,0.007,0.003,0.002,42.7080,2.724,1.231,9.596*4A
$GNGST,020834.10,0.007,0.003,0.002,42.7081,2.724,1.231,9.596*4A
$GNGST,020834.20,0.007,0.003,0.002,42.7083,2.724,1.231,9.596*4B
$GNGST,020834.30,0.007,0.003,0.002,42.7084,2.724,1.231,9.596*4D
$GNGST,020834.40,0.008,0.003,0.002,43.1891,2.724,1.231,9.596*4E
$GNGST,020834.50,0.007,0.003,0.002,42.7086,2.724,1.231,9.596*49
$GNGST,020834.60,0.007,0.003,0.002,42.7087,2.724,1.231,9.596*4B
$GNGST,020834.70,0.007,0.003,0.002,42.2491,2.724,1.231,9.596*4C
$GNGST,020834.80,0.007,0.003,0.002,42.8673,2.724,1.231,9.596*47
$GNGST,020834.90,0.007,0.003,0.002,42.2493,2.724,1.231,9.596*40
$GNGST,020835.00,0.007,0.003,0.002,42.8675,2.724,1.231,9.596*48
$GNGST,020835.10,0.007,0.003,0.002,42.8676,2.724,1.231,9.596*4A
$GNGST,020835.20,0.007,0.003,0.002,42.8677,2.724,1.231,9.596*48
$GNGST,020835.30,0.007,0.003,0.002,42.8678,2.724,1.231,9.596*46
$GNGST,020835.40,0.008,0.003,0.002,42.8791,2.724,1.231,9.596*48
$GNGST,020835.50,0.008,0.003,0.002,42.8621,2.724,1.231,9.596*43
$GNGST,020835.60,0.008,0.003,0.002,42.8623,2.724,1.231,9.596*42
$GNGST,020835.70,0.008,0.003,0.002,42.8624,2.724,1.231,9.596*44
$GNGST,020835.80,0.008,0.003,0.002,42.8625,2.724,1.231,9.596*4A
$GNGST,020835.90,0.008,0.003,0.002,44.1588,2.724,1.231,9.596*40
$GNGST,020836.00,0.007,0.003,0.002,42.8210,2.724,1.231,9.596*4C
$GNGST,020836.10,0.007,0.003,0.002,42.8211,2.724,1.231,9.596*4C
$GNGST,020836.20,0.007,0.003,0.002,42.1837,2.724,1.231,9.596*48
$GNGST,020836.30,0.008,0.003,0.002,42.8701,2.724,1.231,9.596*45
$GNGST,020836.40,0.007,0.003,0.002,42.8214,2.724,1.231,9.596*4C
$GNGST,020836.50,0.007,0.003,0.002,42.2032,2.724,1.231,9.596*41
$GNGST,020836.60,0.007,0.003,0.002,42.2786,2.724,1.231,9.596*4A
$GNGST,020836.70,0.008,0.003,0.002,42.2690,2.724,1.231,9.596*42
$GNGST,020836.80,0.008,0.003,0.002,44.1728,2.724,1.231,9.596*4A
$GNGST,020836.90,0.007,0.003,0.002,42.1958,2.724,1.231,9.596*4B
$GNGST,020837.00,0.008,0.003,0.002,43.1001,2.724,1.231,9.596*48
$GNGST,020837.10,0.007,0.003,0.002,42.2511,2.724,1.231,9.596*40
$GNGST,020837.20,0.007,0.003,0.002,43.0950,2.724,1.231,9.596*49
$GNGST,020837.30,0.007,0.003,0.002,42.3223,2.724,1.231,9.596*45
$GNGST,020837.40,0.008,0.003,0.002,41.6797,2.724,1.231,9.596*41
$GNGST,020837.50,0.008,0.003,0.002,41.6797,2.724,1.231,9.596*40
$GNGST,020837.60,0.008,0.003,0.002,41.6048,2.724,1.231,9.596*46
$GNGST,020837.70,0.007,0.003,0.002,42.4831,2.724,1.231,9.596*4F
$GNGST,020837.80,0.008,0.003,0.002,41.7598,2.724,1.231,9.596*41
$GNGST,020837.90,0.008,0.003,0.002,41.8278,2.724,1.231,9.596*46
$GNGST,020838.00,0.008,0.003,0.002,41.8279,2.724,1.231,9.596*41
$GNGST,020838.10,0.008,0.003,0.002,41.7600,2.724,1.231,9.596*45
$GNGST,020838.20,0.008,0.003,0.002,41.7601,2.724,1.231,9.596*47
$GNGST,020838.30,0.008,0.003,0.002,41.8282,2.724,1.231,9.596*46
$GNGST,020838.40,0.008,0.003,0.002,41.8283,2.724,1.231,9.596*40
$GNGST,020838.50,0.007,0.003,0.002,42.4165,2.724,1.231,9.596*4A
$GNGST,020838.60,0.007,0.003,0.002,43.1472,2.724,1.231,9.596*4E
$GNGST,020838.70,0.008,0.003,0.002,41.7705,2.724,1.231,9.596*47
$GNGST,020838.80,0.008,0.003,0.002,41.8381,2.724,1.231,9.596*4F
$GNGST,020838.90,0.008,0.003,0.002,41.8382,2.724,1.231,9.596*4D
$GNGST,020839.00,0.007,0.003,0.002,42.4171,2.724,1.231,9.596*4B
$GNGST,020839.10,0.008,0.003,0.002,42.0044,2.724,1.231,9.596*46
$GNGST,020839.20,0.008,0.003,0.002,42.0045,2.724,1.231,9.596*44
$GNGST,020839.30,0.008,0.003,0.002,42.0047,2.724,1.231,9.596*47
$GNGST,020839.40,0.008,0.003,0.002,43.0599,2.724,1.231,9.596*47
$GNGST,020839.50,0.008,0.003,0.002,42.0050,2.724,1.231,9.596*47
$GNGST,020839.60,0.008,0.003,0.002,41.9338,2.724,1.231,9.596*43
$GNGST,020839.70,0.008,0.003,0.002,43.0603,2.724,1.231,9.596*44
$GNGST,020839.80,0.007,0.003,0.002,43.1387,2.724,1.231,9.596*4C
$GNGST,020839.90,0.008,0.003,0.002,42.0005,2.724,1.231,9.596*4B
$GNGST,020840.00,0.008,0.003,0.002,41.3391,2.724,1.231,9.596*42
$GNGST,020840.10,0.008,0.003,0.002,41.3393,2.724,1.231,9.596*41
$GNGST,020840.20,0.007,0.003,0.002,43.2034,2.724,1.231,9.596*40
$GNGST,020840.30,0.008,0.003,0.002,41.3395,2.724,1.231,9.596*45
$GNGST,020840.40,0.008,0.003,0.002,41.3397,2.724,1.231,9.596*40
$GNGST,020840.50,0.008,0.003,0.002,41.4123,2.724,1.231,9.596*4B
$GNGST,020840.60,0.008,0.003,0.002,42.9721,2.724,1.231,9.596*42
$GNGST,020840.70,0.007,0.003,0.002,43.6224,2.724,1.231,9.596*42
$GNGST,020840.80,0.008,0.003,0.002,43.0263,2.724,1.231,9.596*47
$GNGST,020840.90,0.008,0.003,0.002,43.0152,2.724,1.231,9.596*47
$GNGST,020841.00,0.007,0.003,0.002,43.0010,2.724,1.231,9.596*47
$GNGST,020841.10,0.008,0.003,0.002,43.0408,2.724,1.231,9.596*44
$GNGST,020841.20,0.008,0.003,0.002,43.8568,2.724,1.231,9.596*48
$GNGST,020841.30,0.008,0.003,0.002,43.8570,2.724,1.231,9.596*40
$GNGST,020841.40,0.008,0.003,0.002,44.4333,2.724,1.231,9.596*4D
$GNGST,020841.50,0.007,0.003,0.002,42.7610,2.724,1.231,9.596*42
$GNGST,020841.60,0.008,0.003,0.002,44.4160,2.724,1.231,9.596*4B
$GNGST,020841.70,0.007,0.003,0.002,43.5722,2.724,1.231,9.596*43
$GNGST,020841.80,0.008,0.003,0.002,42.9681,2.724,1.231,9.596*46
$GNGST,020841.90,0.007,0.003,0.002,42.9592,2.724,1.231,9.596*49
$GNGST,020842.00,0.007,0.003,0.002,43.5899,2.724,1.231,9.596*48
$GNGST,020842.10,0.007,0.003,0.002,42.9502,2.724,1.231,9.596*4B
$GNGST,020842.20,0.008,0.003,0.002,42.8830,2.724,1.231,9.596*4A
$GNGST,020842.30,0.008,0.003,0.002,42.8831,2.724,1.231,9.596*4A
$GNGST,020842.40,0.008,0.003,0.002,43.1187,2.724,1.231,9.596*41
$GNGST,020842.50,0.008,0.003,0.002,43.7405,2.724,1.231,9.596*49
$GNGST,020842.60,0.007,0.003,0.002,42.2318,2.724,1.231,9.596*4A
$GNGST,020842.70,0.007,0.003,0.002,42.2319,2.724,1.231,9.596*4A
$GNGST,020842.80,0.007,0.003,0.002,42.5673,2.724,1.231,9.596*4B
$GNGST,020842.90,0.007,0.003,0.002,42.5532,2.724,1.231,9.596*4C
$GNGST,020843.00,0.007,0.003,0.002,42.5533,2.724,1.231,9.596*45
$GNGST,020843.10,0.007,0.003,0.002,42.6109,2.724,1.231,9.596*4A
$GNGST,020843.20,0.007,0.003,0.002,42.4391,2.724,1.231,9.596*48
$GNGST,020843.30,0.007,0.003,0.002,42.3750,2.724,1.231,9.596*47
$GNGST,020843.40,0.007,0.003,0.002,42.3752,2.724,1.231,9.596*42
$GNGST,020843.50,0.008,0.003,0.002,42.1260,2.724,1.231,9.596*4A
$GNGST,020843.60,0.008,0.003,0.002,44.6725,2.724,1.231,9.596*4C
$GNGST,020843.70,0.008,0.003,0.002,44.6700,2.724,1.231,9.596*4A
$GNGST,020843.80,0.008,0.003,0.002,42.1480,2.724,1.231,9.596*4F
$GNGST,020843.90,0.008,0.003,0.002,41.4473,2.724,1.231,9.596*44
$GNGST,020844.00,0.008,0.003,0.002,42.1866,2.724,1.231,9.596*44
$GNGST,020844.10,0.008,0.003,0.002,42.1607,2.724,1.231,9.596*4C
$GNGST,020844.20,0.008,0.003,0.002,42.1711,2.724,1.231,9.596*49
$GNGST,020844.30,0.008,0.003,0.002,42.1489,2.724,1.231,9.596*4A
$GNGST,020844.40,0.008,0.003,0.002,42.1490,2.724,1.231,9.596*45
$GNGST,020844.50,0.008,0.003,0.002,42.1492,2.724,1.231,9.596*46
$GNGST,020844.60,0.007,0.003,0.002,42.6805,2.724,1.231,9.596*4F
$GNGST,020844.70,0.007,0.003,0.002,42.6707,2.724,1.231,9.596*43
$GNGST,020844.80,0.007,0.003,0.002,42.6651,2.724,1.231,9.596*4E
$GNGST,020844.90,0.007,0.003,0.002,42.5877,2.724,1.231,9.596*46
$GNGST,020845.00,0.007,0.003,0.002,42.6015,2.724,1.231,9.596*41
$GNGST,020845.10,0.008,0.003,0.002,42.6083,2.724,1.231,9.596*40
$GNGST,020845.20,0.007,0.003,0.002,42.5880,2.724,1.231,9.596*44
$GNGST,020845.30,0.007,0.003,0.002,42.6019,2.724,1.231,9.596*4E
$GNGST,020845.40,0.007,0.003,0.002,42.6020,2.724,1.231,9.596*43
$GNGST,020845.50,0.007,0.003,0.002,42.4394,2.724,1.231,9.596*4C
$GNGST,020845.60,0.007,0.003,0.002,42.4031,2.724,1.231,9.596*43
$GNGST,020845.70,0.008,0.003,0.002,43.2223,2.724,1.231,9.596*4B
$GNGST,020845.80,0.008,0.003,0.002,43.2225,2.724,1.231,9.596*42
$GNGST,020845.90,0.007,0.003,0.002,43.2124,2.724,1.231,9.596*4E
$GNGST,020846.00,0.007,0.003,0.002,43.2126,2.724,1.231,9.596*46
$GNGST,020846.10,0.007,0.003,0.002,43.2127,2.724,1.231,9.596*46
$GNGST,020846.20,0.008,0.003,0.002,43.2230,2.724,1.231,9.596*4F
$GNGST,020846.30,0.007,0.003,0.002,43.2130,2.724,1.231,9.596*42
$GNGST,020846.40,0.007,0.003,0.002,43.2131,2.724,1.231,9.596*44
$GNGST,020846.50,0.007,0.003,0.002,43.2132,2.724,1.231,9.596*46
$GNGST,020846.60,0.007,0.003,0.002,42.4127,2.724,1.231,9.596*46
$GNGST,020846.70,0.007,0.003,0.002,43.2135,2.724,1.231,9.596*43
$GNGST,020846.80,0.007,0.003,0.002,43.2209,2.724,1.231,9.596*40
$GNGST,020846.90,0.008,0.003,0.002,42.6994,2.724,1.231,9.596*44
$GNGST,020847.00,0.007,0.003,0.002,43.2212,2.724,1.231,9.596*43
$GNGST,020847.10,0.008,0.003,0.002,43.2313,2.724,1.231,9.596*4D
$GNGST,020847.20,0.008,0.003,0.002,42.6999,2.724,1.231,9.596*43
$GNGST,020847.30,0.008,0.003,0.002,42.7001,2.724,1.231,9.596*4B
$GNGST,020847.40,0.007,0.003,0.002,43.2217,2.724,1.231,9.596*42
$GNGST,020847.50,0.008,0.003,0.002,42.7005,2.724,1.231,9.596*49
$GNGST,020847.60,0.007,0.003,0.002,42.4510,2.724,1.231,9.596*47
$GNGST,020847.70,0.007,0.003,0.002,43.1528,2.724,1.231,9.596*49
$GNGST,020847.80,0.008,0.003,0.002,41.9561,2.724,1.231,9.596*4E
$GNGST,020847.90,0.008,0.003,0.002,43.1441,2.724,1.231,9.596*46
$GNGST,020848.00,0.007,0.003,0.002,43.1328,2.724,1.231,9.596*47
$GNGST,020848.10,0.008,0.003,0.002,42.6324,2.724,1.231,9.596*43
$GNGST,020848.20,0.008,0.003,0.002,43.1445,2.724,1.231,9.596*46
$GNGST,020848.30,0.007,0.003,0.002,43.1332,2.724,1.231,9.596*4F
$GNGST,020848.40,0.008,0.003,0.002,47.3932,2.724,1.231,9.596*4B
$GNGST,020848.50,0.007,0.003,0.002,42.3600,2.724,1.231,9.596*4E
$GNGST,020848.60,0.007,0.003,0.002,43.1209,2.724,1.231,9.596*43
$GNGST,020848.70,0.008,0.003,0.002,43.1326,2.724,1.231,9.596*41
$GNGST,020848.80,0.007,0.003,0.002,43.1211,2.724,1.231,9.596*44
$GNGST,020848.90,0.008,0.003,0.002,43.1328,2.724,1.231,9.596*41
$GNGST,020849.00,0.008,0.003,0.002,43.1330,2.724,1.231,9.596*40
$GNGST,020849.10,0.008,0.003,0.002,43.9713,2.724,1.231,9.596*4C
$GNGST,020849.20,0.008,0.003,0.002,43.1332,2.724,1.231,9.596*40
$GNGST,020849.30,0.008,0.003,0.002,43.1334,2.724,1.231,9.596*47
$GNGST,020849.40,0.008,0.003,0.002,43.1335,2.724,1.231,9.596*41
$GNGST,020849.50,0.007,0.003,0.002,42.3486,2.724,1.231,9.596*43
$GNGST,020849.60,0.007,0.003,0.002,42.3488,2.724,1.231,9.596*4E
$GNGST,020849.70,0.007,0.003,0.002,42.3490,2.724,1.231,9.596*46
$GNGST,020849.80,0.007,0.003,0.002,42.3491,2.724,1.231,9.596*48
$GNGST,020849.90,0.008,0.003,0.002,44.0277,2.724,1.231,9.596*4D
$GNGST,020850.00,0.008,0.003,0.002,43.4899,2.724,1.231,9.596*45
$GNGST,020850.10,0.008,0.003,0.002,43.4786,2.724,1.231,9.596*45
$GNGST,020850.20,0.007,0.003,0.002,43.1783,2.724,1.231,9.596*49
$GNGST,020850.30,0.008,0.003,0.002,43.4779,2.724,1.231,9.596*47
$GNGST,020850.40,0.008,0.003,0.002,43.4673,2.724,1.231,9.596*4B
$GNGST,020850.50,0.007,0.003,0.002,43.2011,2.724,1.231,9.596*41
$GNGST,020850.60,0.008,0.003,0.002,43.2447,2.724,1.231,9.596*4A
$GNGST,020850.70,0.007,0.003,0.002,43.2014,2.724,1.231,9.596*46
$GNGST,020850.80,0.008,0.003,0.002,42.6833,2.724,1.231,9.596*4E
$GNGST,020850.90,0.008,0.003,0.002,42.0538,2.724,1.231,9.596*4F
$GNGST,020851.00,0.008,0.003,0.002,42.0394,2.724,1.231,9.596*47
$GNGST,020851.10,0.008,0.003,0.002,42.0396,2.724,1.231,9.596*44
$GNGST,020851.20,0.008,0.003,0.002,42.6839,2.724,1.231,9.596*4F
$GNGST,020851.30,0.008,0.003,0.002,42.6841,2.724,1.231,9.596*41
$GNGST,020851.40,0.008,0.003,0.002,42.6843,2.724,1.231,9.596*44
$GNGST,020851.50,0.007,0.003,0.002,42.4331,2.724,1.231,9.596*46
$GNGST,020851.60,0.007,0.003,0.002,43.0152,2.724,1.231,9.596*47
$GNGST,020851.70,0.007,0.003,0.002,43.0166,2.724,1.231,9.596*41
$GNGST,020851.80,0.007,0.003,0.002,43.0072,2.724,1.231,9.596*4A
$GNGST,020851.90,0.008,0.003,0.002,42.4910,2.724,1.231,9.596*4C
$GNGST,020852.00,0.008,0.003,0.002,42.4912,2.724,1.231,9.596*44
$GNGST,020852.10,0.007,0.003,0.002,43.0076,2.724,1.231,9.596*44
$GNGST,020852.20,0.007,0.003,0.002,43.0077,2.724,1.231,9.596*46
$GNGST,020852.30,0.008,0.003,0.002,42.4917,2.724,1.231,9.596*42
$GNGST,020852.40,0.007,0.003,0.002,43.0175,2.724,1.231,9.596*43
$GNGST,020852.50,0.008,0.003,0.002,42.4920,2.724,1.231,9.596*40
$GNGST,020852.60,0.007,0.003,0.002,43.0082,2.724,1.231,9.596*48
$GNGST,020852.70,0.007,0.003,0.002,42.9981,2.724,1.231,9.596*4B
$GNGST,020852.80,0.008,0.003,0.002,43.8168,2.724,1.231,9.596*44
$GNGST,020852.90,0.007,0.003,0.002,43.8106,2.724,1.231,9.596*42
$GNGST,020853.00,0.008,0.003,0.002,43.0469,2.724,1.231,9.596*41
$GNGST,020853.10,0.008,0.003,0.002,43.0470,2.724,1.231,9.596*48
$GNGST,020853.20,0.007,0.003,0.002,43.8112,2.724,1.231,9.596*4D
$GNGST,020853.30,0.007,0.003,0.002,43.8114,2.724,1.231,9.596*4A
$GNGST,020853.40,0.008,0.003,0.002,42.5901,2.724,1.231,9.596*42
$GNGST,020853.50,0.008,0.003,0.002,43.2614,2.724,1.231,9.596*4E
$GNGST,020853.60,0.008,0.003,0.002,43.2616,2.724,1.231,9.596*4F
$GNGST,020853.70,0.007,0.003,0.002,43.8122,2.724,1.231,9.596*4B
$GNGST,020853.80,0.008,0.003,0.002,43.2760,2.724,1.231,9.596*41
$GNGST,020853.90,0.007,0.003,0.002,43.8170,2.724,1.231,9.596*42
$GNGST,020854.00,0.008,0.003,0.002,43.2665,2.724,1.231,9.596*4A
$GNGST,020854.10,0.008,0.003,0.002,43.2667,2.724,1.231,9.596*49
$GNGST,020854.20,0.008,0.003,0.002,43.8238,2.724,1.231,9.596*4E
$GNGST,020854.30,0.008,0.003,0.002,43.1890,2.724,1.231,9.596*4E
$GNGST,020854.40,0.008,0.003,0.002,43.2674,2.724,1.231,9.596*4E
$GNGST,020854.50,0.008,0.003,0.002,43.2676,2.724,1.231,9.596*4D
$GNGST,020854.60,0.008,0.003,0.002,44.3052,2.724,1.231,9.596*48
$GNGST,020854.70,0.008,0.003,0.002,43.2781,2.724,1.231,9.596*46
$GNGST,020854.80,0.008,0.003,0.002,43.2683,2.724,1.231,9.596*4A
$GNGST,020854.90,0.007,0.003,0.002,43.0045,2.724,1.231,9.596*4A
$GNGST,020855.00,0.007,0.003,0.002,43.0542,2.724,1.231,9.596*40
$GNGST,020855.10,0.007,0.003,0.002,43.7272,2.724,1.231,9.596*42
$GNGST,020855.20,0.007,0.003,0.002,43.0677,2.724,1.231,9.596*47
$GNGST,020855.30,0.007,0.003,0.002,43.0678,2.724,1.231,9.596*49
$GNGST,020855.40,0.008,0.003,0.002,42.5465,2.724,1.231,9.596*4B
$GNGST,020855.50,0.008,0.003,0.002,42.5467,2.724,1.231,9.596*48
$GNGST,020855.60,0.008,0.003,0.002,43.3476,2.724,1.231,9.596*4C
$GNGST,020855.70,0.008,0.003,0.002,42.5471,2.724,1.231,9.596*4D
$GNGST,020855.80,0.008,0.003,0.002,43.1998,2.724,1.231,9.596*4D
$GNGST,020855.90,0.008,0.003,0.002,42.9895,2.724,1.231,9.596*49
$GNGST,020856.00,0.007,0.003,0.002,43.7458,2.724,1.231,9.596*4E
$GNGST,020856.10,0.008,0.003,0.002,43.0017,2.724,1.231,9.596*48
$GNGST,020856.20,0.007,0.003,0.002,43.7467,2.724,1.231,9.596*40
$GNGST,020856.30,0.008,0.003,0.002,42.3184,2.724,1.231,9.596*43
$GNGST,020856.40,0.007,0.003,0.002,43.7471,2.724,1.231,9.596*41
$GNGST,020856.50,0.007,0.003,0.002,43.7349,2.724,1.231,9.596*4C
$GNGST,020856.60,0.007,0.003,0.002,43.7474,2.724,1.231,9.596*46
$GNGST,020856.70,0.007,0.003,0.002,43.7352,2.724,1.231,9.596*44
$GNGST,020856.80,0.007,0.003,0.002,43.7478,2.724,1.231,9.596*44
$GNGST,020856.90,0.007,0.003,0.002,43.7458,2.724,1.231,9.596*47
$GNGST,020857.00,0.007,0.003,0.002,43.7465,2.724,1.231,9.596*41
$GNGST,020857.10,0.008,0.003,0.002,42.5624,2.724,1.231,9.596*4B
$GNGST,020857.20,0.008,0.003,0.002,43.1868,2.724,1.231,9.596*4B
$GNGST,020857.30,0.007,0.003,0.002,43.7346,2.724,1.231,9.596*44
$GNGST,020857.40,0.008,0.003,0.002,44.8687,2.724,1.231,9.596*4C
$GNGST,020857.50,0.007,0.003,0.002,42.9906,2.724,1.231,9.596*43
$GNGST,020857.60,0.007,0.003,0.002,43.6720,2.724,1.231,9.596*44
$GNGST,020857.70,0.007,0.003,0.002,43.8162,2.724,1.231,9.596*4B
$GNGST,020857.80,0.007,0.003,0.002,42.9904,2.724,1.231,9.596*4C
$GNGST,020857.90,0.007,0.003,0.002,43.1443,2.724,1.231,9.596*4A
$GNGST,020858.00,0.007,0.003,0.002,43.1444,2.724,1.231,9.596*4B
$GNGST,020858.10,0.008,0.003,0.002,42.4588,2.724,1.231,9.596*40
$GNGST,020858.20,0.008,0.003,0.002,43.0307,2.724,1.231,9.596*47
$GNGST,020858.30,0.007,0.003,0.002,42.9821,2.724,1.231,9.596*4E
$GNGST,020858.40,0.008,0.003,0.002,42.4594,2.724,1.231,9.596*48
$GNGST,020858.50,0.008,0.003,0.002,43.0312,2.724,1.231,9.596*44
$GNGST,020858.60,0.007,0.003,0.002,43.5787,2.724,1.231,9.596*45
$GNGST,020858.70,0.007,0.003,0.002,43.1454,2.724,1.231,9.596*4D
$GNGST,020858.80,0.008,0.003,0.002,41.9665,2.724,1.231,9.596*47
$GNGST,020858.90,0.007,0.003,0.002,42.5142,2.724,1.231,9.596*44
$GNGST,020859.00,0.007,0.003,0.002,42.5143,2.724,1.231,9.596*4D
$GNGST,020859.10,0.007,0.003,0.002,42.5144,2.724,1.231,9.596*4B
$GNGST,020859.20,0.008,0.003,0.002,42.5224,2.724,1.231,9.596*42
$GNGST,020859.30,0.007,0.003,0.002,42.5146,2.724,1.231,9.596*4B
$GNGST,020859.40,0.008,0.003,0.002,42.5226,2.724,1.231,9.596*46
$GNGST,020859.50,0.008,0.003,0.002,42.5227,2.724,1.231,9.596*46
$GNGST,020859.60,0.007,0.003,0.002,42.5149,2.724,1.231,9.596*41
$GNGST,020859.70,0.007,0.003,0.002,42.3512,2.724,1.231,9.596*4C
$GNGST,020859.80,0.008,0.003,0.002,42.5297,2.724,1.231,9.596*40
$GNGST,020859.90,0.008,0.003,0.002,42.5298,2.724,1.231,9.596*4E
$GNGST,020900.00,0.007,0.003,0.002,42.5221,2.724,1.231,9.596*47
$GNGST,020900.10,0.008,0.003,0.002,42.5300,2.724,1.231,9.596*4B
$GNGST,020900.20,0.008,0.003,0.002,42.5301,2.724,1.231,9.596*49
$GNGST,020900.30,0.007,0.003,0.002,43.1679,2.724,1.231,9.596*48
$GNGST,020900.40,0.007,0.003,0.002,42.5226,2.724,1.231,9.596*44
$GNGST,020900.50,0.007,0.003,0.002,42.5227,2.724,1.231,9.596*44
$GNGST,020900.60,0.008,0.003,0.002,42.5306,2.724,1.231,9.596*4A
$GNGST,020900.70,0.007,0.003,0.002,43.1768,2.724,1.231,9.596*4D
$GNGST,020900.80,0.007,0.003,0.002,43.1681,2.724,1.231,9.596*44
$GNGST,020900.90,0.008,0.003,0.002,42.3301,2.724,1.231,9.596*44
$GNGST,020901.00,0.007,0.003,0.002,43.1752,2.724,1.231,9.596*42
$GNGST,020901.10,0.007,0.003,0.002,43.1685,2.724,1.231,9.596*48
$GNGST,020901.20,0.007,0.003,0.002,43.1754,2.724,1.231,9.596*46
$GNGST,020901.30,0.008,0.003,0.002,42.6409,2.724,1.231,9.596*45
$GNGST,020901.40,0.008,0.003,0.002,42.6513,2.724,1.231,9.596*48
$GNGST,020901.50,0.008,0.003,0.002,45.4763,2.724,1.231,9.596*49
$GNGST,020901.60,0.007,0.003,0.002,43.4029,2.724,1.231,9.596*4A
$GNGST,020901.70,0.007,0.003,0.002,43.1824,2.724,1.231,9.596*4B
$GNGST,020901.80,0.007,0.003,0.002,43.1826,2.724,1.231,9.596*46
$GNGST,020901.90,0.007,0.003,0.002,43.4033,2.724,1.231,9.596*4E
$GNGST,020902.00,0.008,0.003,0.002,45.4656,2.724,1.231,9.596*48
$GNGST,020902.10,0.008,0.003,0.002,42.8756,2.724,1.231,9.596*43
$GNGST,020902.20,0.008,0.003,0.002,42.8758,2.724,1.231,9.596*4E
$GNGST,020902.30,0.008,0.003,0.002,42.8760,2.724,1.231,9.596*44
$GNGST,020902.40,0.008,0.003,0.002,42.8762,2.724,1.231,9.596*41
$GNGST,020902.50,0.007,0.003,0.002,42.6344,2.724,1.231,9.596*41
$GNGST,020902.60,0.008,0.003,0.002,46.9907,2.724,1.231,9.596*4B
$GNGST,020902.70,0.007,0.003,0.002,42.5825,2.724,1.231,9.596*4C
$GNGST,020902.80,0.007,0.003,0.002,46.6914,2.724,1.231,9.596*47
$GNGST,020902.90,0.007,0.003,0.002,42.4129,2.724,1.231,9.596*46
$GNGST,020903.00,0.007,0.003,0.002,42.5828,2.724,1.231,9.596*47
$GNGST,020903.10,0.007,0.003,0.002,42.4131,2.724,1.231,9.596*46
$GNGST,020903.20,0.007,0.003,0.002,42.4132,2.724,1.231,9.596*46
$GNGST,020903.30,0.007,0.003,0.002,42.4134,2.724,1.231,9.596*41
$GNGST,020903.40,0.007,0.003,0.002,42.4135,2.724,1.231,9.596*47
$GNGST,020903.50,0.007,0.003,0.002,42.5834,2.724,1.231,9.596*4F
$GNGST,020903.60,0.007,0.003,0.002,41.2219,2.724,1.231,9.596*4D
$GNGST,020903.70,0.007,0.003,0.002,42.4139,2.724,1.231,9.596*48
$GNGST,020903.80,0.007,0.003,0.002,42.5921,2.724,1.231,9.596*47
$GNGST,020903.90,0.007,0.003,0.002,42.5922,2.724,1.231,9.596*45
$GNGST,020904.00,0.007,0.003,0.002,42.5923,2.724,1.231,9.596*4A
$GNGST,020904.10,0.007,0.003,0.002,42.5925,2.724,1.231,9.596*4D
$GNGST,020904.20,0.007,0.003,0.002,41.9357,2.724,1.231,9.596*4E
$GNGST,020904.30,0.007,0.003,0.002,42.4230,2.724,1.231,9.596*41
$GNGST,020904.40,0.008,0.003,0.002,41.7458,2.724,1.231,9.596*41
$GNGST,020904.50,0.007,0.003,0.002,42.5986,2.724,1.231,9.596*40
$GNGST,020904.60,0.007,0.003,0.002,42.4291,2.724,1.231,9.596*4F
$GNGST,020904.70,0.008,0.003,0.002,41.9427,2.724,1.231,9.596*44
$GNGST,020904.80,0.008,0.003,0.002,42.1074,2.724,1.231,9.596*42
$GNGST,020904.90,0.008,0.003,0.002,41.9430,2.724,1.231,9.596*4C
$GNGST,020905.00,0.008,0.003,0.002,41.9432,2.724,1.231,9.596*46
$GNGST,020905.10,0.008,0.003,0.002,41.9434,2.724,1.231,9.596*41
$GNGST,020905.20,0.008,0.003,0.002,41.9435,2.724,1.231,9.596*43
$GNGST,020905.30,0.008,0.003,0.002,42.1082,2.724,1.231,9.596*41
$GNGST,020905.40,0.008,0.003,0.002,42.0407,2.724,1.231,9.596*4E
$GNGST,020905.50,0.007,0.003,0.002,42.3633,2.724,1.231,9.596*46
$GNGST,020905.60,0.008,0.003,0.002,41.8837,2.724,1.231,9.596*48
$GNGST,020905.70,0.008,0.003,0.002,41.8839,2.724,1.231,9.596*47
$GNGST,020905.80,0.008,0.003,0.002,36.3212,2.724,1.231,9.596*40
$GNGST,020905.90,0.008,0.003,0.002,36.3213,2.724,1.231,9.596*40
$GNGST,020906.00,0.008,0.003,0.002,42.0489,2.724,1.231,9.596*4F
$GNGST,020906.10,0.008,0.003,0.002,42.0491,2.724,1.231,9.596*47
$GNGST,020906.20,0.008,0.003,0.002,41.8846,2.724,1.231,9.596*49
$GNGST,020906.30,0.008,0.003,0.002,42.4716,2.724,1.231,9.596*4D
$GNGST,020906.40,0.008,0.003,0.002,41.8850,2.724,1.231,9.596*48
$GNGST,020906.50,0.008,0.003,0.002,41.8851,2.724,1.231,9.596*48
$GNGST,020906.60,0.007,0.003,0.002,42.4357,2.724,1.231,9.596*46
$GNGST,020906.70,0.007,0.003,0.002,42.4359,2.724,1.231,9.596*49
$GNGST,020906.80,0.007,0.003,0.002,42.4360,2.724,1.231,9.596*4C
$GNGST,020906.90,0.007,0.003,0.002,42.2654,2.724,1.231,9.596*49
$GNGST,020907.00,0.007,0.003,0.002,42.4362,2.724,1.231,9.596*47
$GNGST,020907.10,0.007,0.003,0.002,42.4363,2.724,1.231,9.596*47
$GNGST,020907.20,0.007,0.003,0.002,42.2658,2.724,1.231,9.596*4F
$GNGST,020907.30,0.007,0.003,0.002,42.2659,2.724,1.231,9.596*4F
$GNGST,020907.40,0.007,0.003,0.002,42.2660,2.724,1.231,9.596*42
$GNGST,020907.50,0.007,0.003,0.002,42.4368,2.724,1.231,9.596*48
$GNGST,020907.60,0.007,0.003,0.002,43.0472,2.724,1.231,9.596*42
$GNGST,020907.70,0.008,0.003,0.002,42.8903,2.724,1.231,9.596*4E
$GNGST,020907.80,0.008,0.003,0.002,43.5579,2.724,1.231,9.596*4C
$GNGST,020907.90,0.007,0.003,0.002,42.2333,2.724,1.231,9.596*4C
$GNGST,020908.00,0.007,0.003,0.002,42.2334,2.724,1.231,9.596*4D
$GNGST,020908.10,0.008,0.003,0.002,42.8845,2.724,1.231,9.596*44
$GNGST,020908.20,0.007,0.003,0.002,42.2336,2.724,1.231,9.596*4D
$GNGST,020908.30,0.007,0.003,0.002,42.2337,2.724,1.231,9.596*4D
$GNGST,020908.40,0.007,0.003,0.002,42.4048,2.724,1.231,9.596*47
$GNGST,020908.50,0.007,0.003,0.002,42.2339,2.724,1.231,9.596*45
$GNGST,020908.60,0.007,0.003,0.002,43.0747,2.724,1.231,9.596*48
$GNGST,020908.70,0.008,0.003,0.002,41.4601,2.724,1.231,9.596*43
$GNGST,020908.80,0.007,0.003,0.002,42.2347,2.724,1.231,9.596*41
$GNGST,020908.90,0.007,0.003,0.002,42.2348,2.724,1.231,9.596*4F
$GNGST,020909.00,0.008,0.003,0.002,41.4603,2.724,1.231,9.596*47
$GNGST,020909.10,0.008,0.003,0.002,41.4603,2.724,1.231,9.596*46
$GNGST,020909.20,0.007,0.003,0.002,42.1724,2.724,1.231,9.596*48
$GNGST,020909.30,0.007,0.003,0.002,43.1856,2.724,1.231,9.596*42
$GNGST,020909.40,0.007,0.003,0.002,43.0092,2.724,1.231,9.596*44
$GNGST,020909.50,0.007,0.003,0.002,43.0094,2.724,1.231,9.596*43
$GNGST,020909.60,0.007,0.003,0.002,43.1862,2.724,1.231,9.596*40
$GNGST,020909.70,0.007,0.003,0.002,42.1745,2.724,1.231,9.596*4A
$GNGST,020909.80,0.007,0.003,0.002,42.3349,2.724,1.231,9.596*4F
$GNGST,020909.90,0.008,0.003,0.002,43.9393,2.724,1.231,9.596*4D
$GNGST,020910.00,0.007,0.003,0.002,42.3351,2.724,1.231,9.596*46
$GNGST,020910.10,0.007,0.003,0.002,42.7823,2.724,1.231,9.596*4D
$GNGST,020910.20,0.008,0.003,0.002,43.5279,2.724,1.231,9.596*47
$GNGST,020910.30,0.007,0.003,0.002,42.7826,2.724,1.231,9.596*4A
$GNGST,020910.40,0.008,0.003,0.002,44.6043,2.724,1.231,9.596*4E
$GNGST,020910.50,0.008,0.003,0.002,44.6045,2.724,1.231,9.596*49
$GNGST,020910.60,0.008,0.003,0.002,45.3181,2.724,1.231,9.596*47
$GNGST,020910.70,0.007,0.003,0.002,43.0338,2.724,1.231,9.596*4C
$GNGST,020910.80,0.008,0.003,0.002,43.3178,2.724,1.231,9.596*49
$GNGST,020910.90,0.008,0.003,0.002,43.3179,2.724,1.231,9.596*49
$GNGST,020911.00,0.007,0.003,0.002,42.9350,2.724,1.231,9.596*4C
$GNGST,020911.10,0.007,0.003,0.002,42.9352,2.724,1.231,9.596*4F
$GNGST,020911.20,0.007,0.003,0.002,42.9353,2.724,1.231,9.596*4D
$GNGST,020911.30,0.007,0.003,0.002,43.0959,2.724,1.231,9.596*44
$GNGST,020911.40,0.007,0.003,0.002,42.9357,2.724,1.231,9.596*4F
$GNGST,020911.50,0.007,0.003,0.002,42.9358,2.724,1.231,9.596*41
$GNGST,020911.60,0.007,0.003,0.002,42.9360,2.724,1.231,9.596*49
$GNGST,020911.70,0.007,0.003,0.002,43.0966,2.724,1.231,9.596*4C
$GNGST,020911.80,0.007,0.003,0.002,43.0967,2.724,1.231,9.596*42
$GNGST,020911.90,0.007,0.003,0.002,43.1005,2.724,1.231,9.596*4F
$GNGST,020912.00,0.007,0.003,0.002,42.2391,2.724,1.231,9.596*49
$GNGST,020912.10,0.007,0.003,0.002,42.9405,2.724,1.231,9.596*49
$GNGST,020912.20,0.007,0.003,0.002,42.9406,2.724,1.231,9.596*49
$GNGST,020912.30,0.007,0.003,0.002,43.1011,2.724,1.231,9.596*43
$GNGST,020912.40,0.008,0.003,0.002,42.4653,2.724,1.231,9.596*4F
$GNGST,020912.50,0.007,0.003,0.002,42.2397,2.724,1.231,9.596*4A
$GNGST,020912.60,0.007,0.003,0.002,42.2398,2.724,1.231,9.596*46
$GNGST,020912.70,0.008,0.003,0.002,41.5732,2.724,1.231,9.596*48
$GNGST,020912.80,0.007,0.003,0.002,42.2400,2.724,1.231,9.596*4E
$GNGST,020912.90,0.007,0.003,0.002,42.4219,2.724,1.231,9.596*47
$GNGST,020913.00,0.007,0.003,0.002,42.4220,2.724,1.231,9.596*45
$GNGST,020913.10,0.007,0.003,0.002,42.4221,2.724,1.231,9.596*45
$GNGST,020913.20,0.007,0.003,0.002,42.2627,2.724,1.231,9.596*42
$GNGST,020913.30,0.008,0.003,0.002,41.5848,2.724,1.231,9.596*4F
$GNGST,020913.40,0.008,0.003,0.002,41.1058,2.724,1.231,9.596*45
$GNGST,020913.50,0.008,0.003,0.002,41.5849,2.724,1.231,9.596*48
$GNGST,020913.60,0.008,0.003,0.002,41.5850,2.724,1.231,9.596*43
$GNGST,020913.70,0.008,0.003,0.002,41.5851,2.724,1.231,9.596*43
$GNGST,020913.80,0.007,0.003,0.002,42.4337,2.724,1.231,9.596*4A
$GNGST,020913.90,0.007,0.003,0.002,42.4339,2.724,1.231,9.596*45
$GNGST,020914.00,0.007,0.003,0.002,42.4340,2.724,1.231,9.596*45
$GNGST,020914.10,0.007,0.003,0.002,42.4341,2.724,1.231,9.596*45
$GNGST,020914.20,0.007,0.003,0.002,42.4342,2.724,1.231,9.596*45
$GNGST,020914.30,0.007,0.003,0.002,42.4343,2.724,1.231,9.596*45
$GNGST,020914.40,0.007,0.003,0.002,42.4344,2.724,1.231,9.596*45
$GNGST,020914.50,0.007,0.003,0.002,42.4345,2.724,1.231,9.596*45
$GNGST,020914.60,0.007,0.003,0.002,42.4534,2.724,1.231,9.596*46
$GNGST,020914.70,0.007,0.003,0.002,42.4430,2.724,1.231,9.596*42
$GNGST,020914.80,0.007,0.003,0.002,42.5317,2.724,1.231,9.596*4E
$GNGST,020914.90,0.008,0.003,0.002,32.9704,2.724,1.231,9.596*4D
$GNGST,020915.00,0.008,0.003,0.002,32.9704,2.724,1.231,9.596*45
$GNGST,020915.10,0.007,0.003,0.002,42.5188,2.724,1.231,9.596*42
$GNGST,020915.20,0.008,0.003,0.002,33.7935,2.724,1.231,9.596*44
$GNGST,020915.30,0.007,0.003,0.002,42.5190,2.724,1.231,9.596*49
$GNGST,020915.40,0.007,0.003,0.002,43.3765,2.724,1.231,9.596*45
$GNGST,020915.50,0.007,0.003,0.002,43.3767,2.724,1.231,9.596*46
$GNGST,020915.60,0.008,0.003,0.002,33.4869,2.724,1.231,9.596*4B
$GNGST,020915.70,0.007,0.003,0.002,43.3771,2.724,1.231,9.596*43
$GNGST,020915.80,0.007,0.003,0.002,42.5361,2.724,1.231,9.596*4E
$GNGST,020915.90,0.007,0.003,0.002,42.5254,2.724,1.231,9.596*48
$GNGST,020916.00,0.007,0.003,0.002,42.5256,2.724,1.231,9.596*40
$GNGST,020916.10,0.007,0.003,0.002,42.5257,2.724,1.231,9.596*40
$GNGST,020916.20,0.007,0.003,0.002,42.5258,2.724,1.231,9.596*4C
$GNGST,020916.30,0.007,0.003,0.002,43.3841,2.724,1.231,9.596*48
$GNGST,020916.40,0.007,0.003,0.002,42.5260,2.724,1.231,9.596*41
$GNGST,020916.50,0.007,0.003,0.002,42.3780,2.724,1.231,9.596*4D
$GNGST,020916.60,0.007,0.003,0.002,42.3666,2.724,1.231,9.596*47
$GNGST,020916.70,0.007,0.003,0.002,42.5368,2.724,1.231,9.596*4B
$GNGST,020916.80,0.007,0.003,0.002,42.5369,2.724,1.231,9.596*45
$GNGST,020916.90,0.007,0.003,0.002,42.5370,2.724,1.231,9.596*4C
$GNGST,020917.00,0.007,0.003,0.002,42.3671,2.724,1.231,9.596*46
$GNGST,020917.10,0.007,0.003,0.002,42.3672,2.724,1.231,9.596*44
$GNGST,020917.20,0.007,0.003,0.002,42.3674,2.724,1.231,9.596*41
$GNGST,020917.30,0.007,0.003,0.002,42.5375,2.724,1.231,9.596*42
$GNGST,020917.40,0.007,0.003,0.002,42.5376,2.724,1.231,9.596*46
$GNGST,020917.50,0.007,0.003,0.002,42.3677,2.724,1.231,9.596*45
$GNGST,020917.60,0.007,0.003,0.002,42.3678,2.724,1.231,9.596*49
$GNGST,020917.70,0.007,0.003,0.002,42.3452,2.724,1.231,9.596*42
$GNGST,020917.80,0.007,0.003,0.002,42.9607,2.724,1.231,9.596*45
$GNGST,020917.90,0.007,0.003,0.002,42.7953,2.724,1.231,9.596*44
$GNGST,020918.00,0.007,0.003,0.002,42.7954,2.724,1.231,9.596*45
$GNGST,020918.10,0.007,0.003,0.002,42.7955,2.724,1.231,9.596*45
$GNGST,020918.20,0.007,0.003,0.002,42.7957,2.724,1.231,9.596*44
$GNGST,020918.30,0.007,0.003,0.002,42.1738,2.724,1.231,9.596*44
$GNGST,020918.40,0.007,0.003,0.002,42.9614,2.724,1.231,9.596*44
$GNGST,020918.50,0.007,0.003,0.002,42.1867,2.724,1.231,9.596*47
$GNGST,020918.60,0.007,0.003,0.002,42.1868,2.724,1.231,9.596*4B
$GNGST,020918.70,0.007,0.003,0.002,42.1870,2.724,1.231,9.596*43
$GNGST,020918.80,0.007,0.003,0.002,42.3590,2.724,1.231,9.596*4D
$GNGST,020918.90,0.007,0.003,0.002,43.2161,2.724,1.231,9.596*46
$GNGST,020919.00,0.007,0.003,0.002,42.3592,2.724,1.231,9.596*46
$GNGST,020919.10,0.007,0.003,0.002,42.1874,2.724,1.231,9.596*40
$GNGST,020919.20,0.007,0.003,0.002,43.0393,2.724,1.231,9.596*41
$GNGST,020919.30,0.007,0.003,0.002,42.1877,2.724,1.231,9.596*41
$GNGST,020919.40,0.007,0.003,0.002,42.1878,2.724,1.231,9.596*49
$GNGST,020919.50,0.007,0.003,0.002,42.3738,2.724,1.231,9.596*41
$GNGST,020919.60,0.007,0.003,0.002,42.3850,2.724,1.231,9.596*43
$GNGST,020919.70,0.007,0.003,0.002,42.3851,2.724,1.231,9.596*43
$GNGST,020919.80,0.008,0.003,0.002,41.7080,2.724,1.231,9.596*40
$GNGST,020919.90,0.007,0.003,0.002,41.7216,2.724,1.231,9.596*43
$GNGST,020920.00,0.007,0.003,0.002,41.7217,2.724,1.231,9.596*41
$GNGST,020920.10,0.007,0.003,0.002,41.7218,2.724,1.231,9.596*4F
$GNGST,020920.20,0.008,0.003,0.002,41.7084,2.724,1.231,9.596*44
$GNGST,020920.30,0.007,0.003,0.002,41.5285,2.724,1.231,9.596*4B
$GNGST,020920.40,0.007,0.003,0.002,42.3748,2.724,1.231,9.596*4D
$GNGST,020920.50,0.007,0.003,0.002,41.0747,2.724,1.231,9.596*43
$GNGST,020920.60,0.007,0.003,0.002,41.0748,2.724,1.231,9.596*4F
$GNGST,020920.70,0.007,0.003,0.002,42.1662,2.724,1.231,9.596*45
$GNGST,020920.80,0.007,0.003,0.002,42.2504,2.724,1.231,9.596*4A
$GNGST,020920.90,0.007,0.003,0.002,42.1565,2.724,1.231,9.596*4F
$GNGST,020921.00,0.007,0.003,0.002,42.3897,2.724,1.231,9.596*45
$GNGST,020921.10,0.007,0.003,0.002,42.3898,2.724,1.231,9.596*4B
$GNGST,020921.20,0.008,0.003,0.002,41.9193,2.724,1.231,9.596*4C
$GNGST,020921.30,0.008,0.003,0.002,41.9195,2.724,1.231,9.596*4B
$GNGST,020921.40,0.008,0.003,0.002,41.7535,2.724,1.231,9.596*4C
$GNGST,020921.50,0.008,0.003,0.002,41.7537,2.724,1.231,9.596*4F
$GNGST,020921.60,0.007,0.003,0.002,41.1824,2.724,1.231,9.596*4A
$GNGST,020921.70,0.007,0.003,0.002,41.1826,2.724,1.231,9.596*49
$GNGST,020921.80,0.007,0.003,0.002,41.1827,2.724,1.231,9.596*47
$GNGST,020921.90,0.007,0.003,0.002,42.3922,2.724,1.231,9.596*43
$GNGST,020922.00,0.007,0.003,0.002,41.9352,2.724,1.231,9.596*4D
$GNGST,020922.10,0.007,0.003,0.002,42.3488,2.724,1.231,9.596*45
$GNGST,020922.20,0.007,0.003,0.002,41.8698,2.724,1.231,9.596*4D
$GNGST,020922.30,0.007,0.003,0.002,41.8699,2.724,1.231,9.596*4D
$GNGST,020922.40,0.007,0.003,0.002,41.8701,2.724,1.231,9.596*4A
$GNGST,020922.50,0.007,0.003,0.002,42.1723,2.724,1.231,9.596*41
$GNGST,020922.60,0.007,0.003,0.002,41.8704,2.724,1.231,9.596*4D
$GNGST,020922.70,0.007,0.003,0.002,41.8706,2.724,1.231,9.596*4E
$GNGST,020922.80,0.007,0.003,0.002,41.8707,2.724,1.231,9.596*40
$GNGST,020922.90,0.007,0.003,0.002,42.2317,2.724,1.231,9.596*4D
$GNGST,020923.00,0.008,0.003,0.002,41.4638,2.724,1.231,9.596*47
$GNGST,020923.10,0.007,0.003,0.002,42.3407,2.724,1.231,9.596*43
$GNGST,020923.20,0.007,0.003,0.002,42.1694,2.724,1.231,9.596*4A
$GNGST,020923.30,0.007,0.003,0.002,42.2826,2.724,1.231,9.596*4F
$GNGST,020923.40,0.008,0.003,0.002,41.2850,2.724,1.231,9.596*45
$GNGST,020923.50,0.007,0.003,0.002,42.1058,2.724,1.231,9.596*4B
$GNGST,020923.60,0.008,0.003,0.002,41.2850,2.724,1.231,9.596*47
$GNGST,020923.70,0.008,0.003,0.002,41.4640,2.724,1.231,9.596*4F
$GNGST,020923.80,0.008,0.003,0.002,41.2851,2.724,1.231,9.596*48
$GNGST,020923.90,0.008,0.003,0.002,41.4641,2.724,1.231,9.596*40
$GNGST,020924.00,0.007,0.003,0.002,42.7847,2.724,1.231,9.596*49
$GNGST,020924.10,0.007,0.003,0.002,42.1051,2.724,1.231,9.596*41
$GNGST,020924.20,0.007,0.003,0.002,42.1052,2.724,1.231,9.596*41
$GNGST,020924.30,0.007,0.003,0.002,42.7502,2.724,1.231,9.596*46
$GNGST,020924.40,0.007,0.003,0.002,42.5831,2.724,1.231,9.596*4E
$GNGST,020924.50,0.008,0.003,0.002,42.2590,2.724,1.231,9.596*41
$GNGST,020924.60,0.007,0.003,0.002,42.6250,2.724,1.231,9.596*42
$GNGST,020924.70,0.007,0.003,0.002,42.5835,2.724,1.231,9.596*49
$GNGST,020924.80,0.007,0.003,0.002,41.9303,2.724,1.231,9.596*47
$GNGST,020924.90,0.007,0.003,0.002,42.5956,2.724,1.231,9.596*43
$GNGST,020925.00,0.008,0.003,0.002,41.8606,2.724,1.231,9.596*40
$GNGST,020925.10,0.008,0.003,0.002,41.7835,2.724,1.231,9.596*40
$GNGST,020925.20,0.007,0.003,0.002,43.3070,2.724,1.231,9.596*43
$GNGST,020925.30,0.008,0.003,0.002,42.2710,2.724,1.231,9.596*4C
$GNGST,020925.40,0.008,0.003,0.002,42.1581,2.724,1.231,9.596*42
$GNGST,020925.50,0.008,0.003,0.002,42.2714,2.724,1.231,9.596*4E
$GNGST,020925.60,0.007,0.003,0.002,42.3378,2.724,1.231,9.596*4D
$GNGST,020925.70,0.008,0.003,0.002,42.5762,2.724,1.231,9.596*4A
$GNGST,020925.80,0.007,0.003,0.002,43.3196,2.724,1.231,9.596*40
$GNGST,020925.90,0.008,0.003,0.002,42.6846,2.724,1.231,9.596*4E
$GNGST,020926.00,0.008,0.003,0.002,42.7305,2.724,1.231,9.596*49
$GNGST,020926.10,0.007,0.003,0.002,43.3201,2.724,1.231,9.596*47
$GNGST,020926.20,0.007,0.003,0.002,43.3202,2.724,1.231,9.596*47
$GNGST,020926.30,0.007,0.003,0.002,43.3204,2.724,1.231,9.596*40
$GNGST,020926.40,0.008,0.003,0.002,41.5067,2.724,1.231,9.596*4B
$GNGST,020926.50,0.007,0.003,0.002,43.3318,2.724,1.231,9.596*4A
$GNGST,020926.60,0.007,0.003,0.002,42.7871,2.724,1.231,9.596*48
$GNGST,020926.70,0.008,0.003,0.002,42.6957,2.724,1.231,9.596*42
$GNGST,020926.80,0.008,0.003,0.002,42.3219,2.724,1.231,9.596*49
$GNGST,020926.90,0.008,0.003,0.002,42.8365,2.724,1.231,9.596*49
$GNGST,020927.00,0.008,0.003,0.002,42.8367,2.724,1.231,9.596*43
$GNGST,020927.10,0.007,0.003,0.002,43.3419,2.724,1.231,9.596*49
$GNGST,020927.20,0.008,0.003,0.002,42.9705,2.724,1.231,9.596*40
$GNGST,020927.30,0.007,0.003,0.002,43.4904,2.724,1.231,9.596*4D
$GNGST,020927.40,0.007,0.003,0.002,42.8231,2.724,1.231,9.596*4A
$GNGST,020927.50,0.007,0.003,0.002,42.8108,2.724,1.231,9.596*42
$GNGST,020927.60,0.007,0.003,0.002,43.3477,2.724,1.231,9.596*46
$GNGST,020927.70,0.007,0.003,0.002,43.3479,2.724,1.231,9.596*49
$GNGST,020927.80,0.007,0.003,0.002,43.4157,2.724,1.231,9.596*48
$GNGST,020927.90,0.007,0.003,0.002,43.4159,2.724,1.231,9.596*47
$GNGST,020928.00,0.007,0.003,0.002,44.4221,2.724,1.231,9.596*4A
$GNGST,020928.10,0.007,0.003,0.002,44.2672,2.724,1.231,9.596*4F
$GNGST,020928.20,0.007,0.003,0.002,44.2674,2.724,1.231,9.596*4A
$GNGST,020928.30,0.007,0.003,0.002,44.4228,2.724,1.231,9.596*40
$GNGST,020928.40,0.007,0.003,0.002,44.4230,2.724,1.231,9.596*4E
$GNGST,020928.50,0.007,0.003,0.002,44.4233,2.724,1.231,9.596*4C
$GNGST,020928.60,0.007,0.003,0.002,44.4235,2.724,1.231,9.596*49
$GNGST,020928.70,0.007,0.003,0.002,44.4237,2.724,1.231,9.596*4A
$GNGST,020928.80,0.007,0.003,0.002,42.9141,2.724,1.231,9.596*4C
$GNGST,020928.90,0.007,0.003,0.002,43.4411,2.724,1.231,9.596*41
$GNGST,020929.00,0.008,0.003,0.002,45.8314,2.724,1.231,9.596*4E
$GNGST,020929.10,0.007,0.003,0.002,42.7530,2.724,1.231,9.596*48
$GNGST,020929.20,0.007,0.003,0.002,42.9146,2.724,1.231,9.596*40
$GNGST,020929.30,0.007,0.003,0.002,42.8562,2.724,1.231,9.596*42
$GNGST,020929.40,0.007,0.003,0.002,42.8563,2.724,1.231,9.596*44
$GNGST,020929.50,0.008,0.003,0.002,42.4230,2.724,1.231,9.596*47
$GNGST,020929.60,0.008,0.003,0.002,43.4331,2.724,1.231,9.596*45
$GNGST,020929.70,0.008,0.003,0.002,42.4233,2.724,1.231,9.596*46
$GNGST,020929.80,0.007,0.003,0.002,42.9133,2.724,1.231,9.596*48
$GNGST,020929.90,0.008,0.003,0.002,42.2129,2.724,1.231,9.596*46
$GNGST,020930.00,0.008,0.003,0.002,41.7731,2.724,1.231,9.596*4E
$GNGST,020930.10,0.008,0.003,0.002,41.7732,2.724,1.231,9.596*4C
$GNGST,020930.20,0.008,0.003,0.002,42.4321,2.724,1.231,9.596*49
$GNGST,020930.30,0.008,0.003,0.002,41.7735,2.724,1.231,9.596*49
$GNGST,020930.40,0.008,0.003,0.002,41.7587,2.724,1.231,9.596*45
$GNGST,020930.50,0.008,0.003,0.002,41.7738,2.724,1.231,9.596*42
$GNGST,020930.60,0.008,0.003,0.002,41.7739,2.724,1.231,9.596*40
$GNGST,020930.70,0.008,0.003,0.002,41.7740,2.724,1.231,9.596*4F
$GNGST,020930.80,0.008,0.003,0.002,45.2012,2.724,1.231,9.596*41
$GNGST,020930.90,0.007,0.003,0.002,42.9234,2.724,1.231,9.596*45
$GNGST,020931.00,0.007,0.003,0.002,42.9235,2.724,1.231,9.596*4C
$GNGST,020931.10,0.007,0.003,0.002,42.9236,2.724,1.231,9.596*4E
$GNGST,020931.20,0.007,0.003,0.002,42.9238,2.724,1.231,9.596*43
$GNGST,020931.30,0.007,0.003,0.002,42.2765,2.724,1.231,9.596*44
$GNGST,020931.40,0.008,0.003,0.002,42.2881,2.724,1.231,9.596*49
$GNGST,020931.50,0.007,0.003,0.002,42.2767,2.724,1.231,9.596*40
$GNGST,020931.60,0.008,0.003,0.002,42.2883,2.724,1.231,9.596*49
$GNGST,020931.70,0.008,0.003,0.002,41.7023,2.724,1.231,9.596*4C
$GNGST,020931.80,0.007,0.003,0.002,42.4289,2.724,1.231,9.596*4E
$GNGST,020931.90,0.008,0.003,0.002,41.2973,2.724,1.231,9.596*4B
$GNGST,020932.00,0.007,0.003,0.002,42.4291,2.724,1.231,9.596*4C
$GNGST,020932.10,0.007,0.003,0.002,42.4292,2.724,1.231,9.596*4E
$GNGST,020932.20,0.007,0.003,0.002,42.4293,2.724,1.231,9.596*4C
$GNGST,020932.30,0.007,0.003,0.002,42.4294,2.724,1.231,9.596*4A
$GNGST,020932.40,0.007,0.003,0.002,42.4296,2.724,1.231,9.596*4F
$GNGST,020932.50,0.008,0.003,0.002,46.0888,2.724,1.231,9.596*44
$GNGST,020932.60,0.007,0.003,0.002,42.4298,2.724,1.231,9.596*43
$GNGST,020932.70,0.007,0.003,0.002,42.4299,2.724,1.231,9.596*43
$GNGST,020932.80,0.007,0.003,0.002,41.7480,2.724,1.231,9.596*42
$GNGST,020932.90,0.008,0.003,0.002,46.7654,2.724,1.231,9.596*40
$GNGST,020933.00,0.008,0.003,0.002,36.0869,2.724,1.231,9.596*48
$GNGST,020933.10,0.008,0.003,0.002,36.0870,2.724,1.231,9.596*41
$GNGST,020933.20,0.008,0.003,0.002,36.0870,2.724,1.231,9.596*42
$GNGST,020933.30,0.008,0.003,0.002,32.8507,2.724,1.231,9.596*42
$GNGST,020933.40,0.008,0.003,0.002,32.8507,2.724,1.231,9.596*45
$GNGST,020933.50,0.007,0.003,0.002,42.4414,2.724,1.231,9.596*43
$GNGST,020933.60,0.007,0.003,0.002,42.4415,2.724,1.231,9.596*41
$GNGST,020933.70,0.008,0.003,0.002,32.8505,2.724,1.231,9.596*44
$GNGST,020933.80,0.007,0.003,0.002,42.4506,2.724,1.231,9.596*4C
$GNGST,020933.90,0.007,0.003,0.002,41.9448,2.724,1.231,9.596*48
$GNGST,020934.00,0.007,0.003,0.002,41.9450,2.724,1.231,9.596*4F
$GNGST,020934.10,0.007,0.003,0.002,41.9451,2.724,1.231,9.596*4F
$GNGST,020934.20,0.007,0.003,0.002,42.4217,2.724,1.231,9.596*46
$GNGST,020934.30,0.007,0.003,0.002,41.9454,2.724,1.231,9.596*48
$GNGST,020934.40,0.008,0.003,0.002,42.7818,2.724,1.231,9.596*49
$GNGST,020934.50,0.007,0.003,0.002,41.7886,2.724,1.231,9.596*43
$GNGST,020934.60,0.007,0.003,0.002,41.7887,2.724,1.231,9.596*41
$GNGST,020934.70,0.007,0.003,0.002,43.8021,2.724,1.231,9.596*49
$GNGST,020934.80,0.007,0.003,0.002,43.8023,2.724,1.231,9.596*44
$GNGST,020934.90,0.007,0.003,0.002,42.9294,2.724,1.231,9.596*4B
$GNGST,020935.00,0.007,0.003,0.002,42.9295,2.724,1.231,9.596*42
$GNGST,020935.10,0.007,0.003,0.002,42.9297,2.724,1.231,9.596*41
$GNGST,020935.20,0.007,0.003,0.002,42.9298,2.724,1.231,9.596*4D
$GNGST,020935.30,0.007,0.003,0.002,42.9299,2.724,1.231,9.596*4D
$GNGST,020935.40,0.007,0.003,0.002,43.8035,2.724,1.231,9.596*4E
$GNGST,020935.50,0.007,0.003,0.002,42.9301,2.724,1.231,9.596*4B
$GNGST,020935.60,0.007,0.003,0.002,42.4427,2.724,1.231,9.596*46
$GNGST,020935.70,0.007,0.003,0.002,42.9304,2.724,1.231,9.596*4C
$GNGST,020935.80,0.007,0.003,0.002,42.9386,2.724,1.231,9.596*49
$GNGST,020935.90,0.007,0.003,0.002,42.9387,2.724,1.231,9.596*49
$GNGST,020936.00,0.007,0.003,0.002,42.4312,2.724,1.231,9.596*42
$GNGST,020936.10,0.007,0.003,0.002,42.4314,2.724,1.231,9.596*45
$GNGST,020936.20,0.007,0.003,0.002,42.4315,2.724,1.231,9.596*47
$GNGST,020936.30,0.007,0.003,0.002,42.9392,2.724,1.231,9.596*44
$GNGST,020936.40,0.007,0.003,0.002,42.4318,2.724,1.231,9.596*4C
$GNGST,020936.50,0.007,0.003,0.002,42.4537,2.724,1.231,9.596*46
$GNGST,020936.60,0.007,0.003,0.002,42.9396,2.724,1.231,9.596*45
$GNGST,020936.70,0.007,0.003,0.002,42.5791,2.724,1.231,9.596*4B
$GNGST,020936.80,0.007,0.003,0.002,42.6427,2.724,1.231,9.596*49
$GNGST,020936.90,0.007,0.003,0.002,42.5793,2.724,1.231,9.596*47
$GNGST,020937.00,0.007,0.003,0.002,42.5794,2.724,1.231,9.596*48
$GNGST,020937.10,0.007,0.003,0.002,42.6430,2.724,1.231,9.596*47
$GNGST,020937.20,0.007,0.003,0.002,42.5796,2.724,1.231,9.596*48
$GNGST,020937.30,0.007,0.003,0.002,42.5797,2.724,1.231,9.596*48
$GNGST,020937.40,0.008,0.003,0.002,32.9594,2.724,1.231,9.596*4A
$GNGST,020937.50,0.007,0.003,0.002,42.5799,2.724,1.231,9.596*40
$GNGST,020937.60,0.007,0.003,0.002,42.5801,2.724,1.231,9.596*4D
$GNGST,020937.70,0.007,0.003,0.002,42.5802,2.724,1.231,9.596*4F
$GNGST,020937.80,0.008,0.003,0.002,44.7722,2.724,1.231,9.596*46
$GNGST,020937.90,0.008,0.003,0.002,42.8835,2.724,1.231,9.596*47
$GNGST,020938.00,0.008,0.003,0.002,42.2140,2.724,1.231,9.596*40
$GNGST,020938.10,0.008,0.003,0.002,42.2142,2.724,1.231,9.596*43
$GNGST,020938.20,0.007,0.003,0.002,42.7394,2.724,1.231,9.596*43
$GNGST,020938.30,0.007,0.003,0.002,42.7395,2.724,1.231,9.596*43
$GNGST,020938.40,0.007,0.003,0.002,42.7397,2.724,1.231,9.596*46
$GNGST,020938.50,0.007,0.003,0.002,41.8884,2.724,1.231,9.596*42
$GNGST,020938.60,0.007,0.003,0.002,42.7400,2.724,1.231,9.596*4D
$GNGST,020938.70,0.008,0.003,0.002,42.2154,2.724,1.231,9.596*42
$GNGST,020938.80,0.008,0.003,0.002,45.1771,2.724,1.231,9.596*48
$GNGST,020938.90,0.008,0.003,0.002,44.5161,2.724,1.231,9.596*4B
$GNGST,020939.00,0.008,0.003,0.002,44.1006,2.724,1.231,9.596*47
$GNGST,020939.10,0.008,0.003,0.002,44.1007,2.724,1.231,9.596*47
$GNGST,020939.20,0.008,0.003,0.002,33.1625,2.724,1.231,9.596*42
$GNGST,020939.30,0.008,0.003,0.002,32.7698,2.724,1.231,9.596*42
$GNGST,020939.40,0.008,0.003,0.002,42.0554,2.724,1.231,9.596*46
$GNGST,020939.50,0.008,0.003,0.002,45.1785,2.724,1.231,9.596*4F
$GNGST,020939.60,0.008,0.003,0.002,33.1624,2.724,1.231,9.596*47
$GNGST,020939.70,0.007,0.003,0.002,42.9098,2.724,1.231,9.596*46
$GNGST,020939.80,0.007,0.003,0.002,43.5630,2.724,1.231,9.596*40
$GNGST,020939.90,0.007,0.003,0.002,43.5631,2.724,1.231,9.596*40
$GNGST,020940.00,0.007,0.003,0.002,43.4578,2.724,1.231,9.596*48
$GNGST,020940.10,0.007,0.003,0.002,43.5634,2.724,1.231,9.596*43
$GNGST,020940.20,0.007,0.003,0.002,43.5636,2.724,1.231,9.596*42
$GNGST,020940.30,0.007,0.003,0.002,43.5638,2.724,1.231,9.596*4D
$GNGST,020940.40,0.008,0.003,0.002,43.9625,2.724,1.231,9.596*45
$GNGST,020940.50,0.007,0.003,0.002,43.5641,2.724,1.231,9.596*45
$GNGST,020940.60,0.007,0.003,0.002,43.2311,2.724,1.231,9.596*41
$GNGST,020940.70,0.007,0.003,0.002,43.2313,2.724,1.231,9.596*42
$GNGST,020940.80,0.007,0.003,0.002,43.2314,2.724,1.231,9.596*4A
$GNGST,020940.90,0.007,0.003,0.002,43.2316,2.724,1.231,9.596*49
$GNGST,020941.00,0.007,0.003,0.002,43.2317,2.724,1.231,9.596*40
$GNGST,020941.10,0.008,0.003,0.002,42.4864,2.724,1.231,9.596*46
$GNGST,020941.20,0.008,0.003,0.002,42.6821,2.724,1.231,9.596*46
$GNGST,020941.30,0.008,0.003,0.002,46.8945,2.724,1.231,9.596*4E
$GNGST,020941.40,0.007,0.003,0.002,43.4485,2.724,1.231,9.596*4E
$GNGST,020941.50,0.007,0.003,0.002,43.4487,2.724,1.231,9.596*4D
$GNGST,020941.60,0.007,0.003,0.002,43.3354,2.724,1.231,9.596*40
$GNGST,020941.70,0.007,0.003,0.002,43.3755,2.724,1.231,9.596*44
$GNGST,020941.80,0.007,0.003,0.002,43.3357,2.724,1.231,9.596*4D
$GNGST,020941.90,0.008,0.003,0.002,42.6398,2.724,1.231,9.596*44
$GNGST,020942.00,0.008,0.003,0.002,33.1607,2.724,1.231,9.596*4C
$GNGST,020942.10,0.008,0.003,0.002,45.4766,2.724,1.231,9.596*4F
$GNGST,020942.20,0.007,0.003,0.002,43.3364,2.724,1.231,9.596*44
$GNGST,020942.30,0.008,0.003,0.002,42.5477,2.724,1.231,9.596*48
$GNGST,020942.40,0.007,0.003,0.002,43.3367,2.724,1.231,9.596*41
$GNGST,020942.50,0.007,0.003,0.002,43.3368,2.724,1.231,9.596*4F
$GNGST,020942.60,0.008,0.003,0.002,42.5551,2.724,1.231,9.596*48
$GNGST,020942.70,0.008,0.003,0.002,42.5552,2.724,1.231,9.596*4A
$GNGST,020942.80,0.008,0.003,0.002,42.5553,2.724,1.231,9.596*44
$GNGST,020942.90,0.007,0.003,0.002,43.3450,2.724,1.231,9.596*4F
$GNGST,020943.00,0.007,0.003,0.002,43.3451,2.724,1.231,9.596*46
$GNGST,020943.10,0.007,0.003,0.002,43.3453,2.724,1.231,9.596*45
$GNGST,020943.20,0.007,0.003,0.002,43.3455,2.724,1.231,9.596*40
$GNGST,020943.30,0.007,0.003,0.002,43.3456,2.724,1.231,9.596*42
$GNGST,020943.40,0.007,0.003,0.002,43.3458,2.724,1.231,9.596*4B
$GNGST,020943.50,0.007,0.003,0.002,42.6777,2.724,1.231,9.596*40
$GNGST,020943.60,0.007,0.003,0.002,43.1454,2.724,1.231,9.596*47
$GNGST,020943.70,0.007,0.003,0.002,43.1456,2.724,1.231,9.596*44
$GNGST,020943.80,0.007,0.003,0.002,41.9256,2.724,1.231,9.596*47
$GNGST,020943.90,0.007,0.003,0.002,43.1459,2.724,1.231,9.596*45
$GNGST,020944.00,0.007,0.003,0.002,43.1460,2.724,1.231,9.596*41
$GNGST,020944.10,0.007,0.003,0.002,42.3863,2.724,1.231,9.596*4C
$GNGST,020944.20,0.007,0.003,0.002,42.3864,2.724,1.231,9.596*48
$GNGST,020944.30,0.007,0.003,0.002,42.3865,2.724,1.231,9.596*48
$GNGST,020944.40,0.007,0.003,0.002,42.3866,2.724,1.231,9.596*4C
$GNGST,020944.50,0.007,0.003,0.002,42.3867,2.724,1.231,9.596*4C
$GNGST,020944.60,0.007,0.003,0.002,41.6582,2.724,1.231,9.596*4F
$GNGST,020944.70,0.007,0.003,0.002,41.6583,2.724,1.231,9.596*4F
$GNGST,020944.80,0.007,0.003,0.002,41.6583,2.724,1.231,9.596*40
$GNGST,020944.90,0.007,0.003,0.002,41.6584,2.724,1.231,9.596*46
$GNGST,020945.00,0.007,0.003,0.002,42.3405,2.724,1.231,9.596*40
$GNGST,020945.10,0.007,0.003,0.002,42.3405,2.724,1.231,9.596*41
$GNGST,020945.20,0.007,0.003,0.002,42.3406,2.724,1.231,9.596*41
$GNGST,020945.30,0.007,0.003,0.002,42.3407,2.724,1.231,9.596*41
$GNGST,020945.40,0.007,0.003,0.002,42.3408,2.724,1.231,9.596*49
$GNGST,020945.50,0.008,0.003,0.002,41.8279,2.724,1.231,9.596*4F
$GNGST,020945.60,0.008,0.003,0.002,41.8280,2.724,1.231,9.596*4A
$GNGST,020945.70,0.008,0.003,0.002,41.8282,2.724,1.231,9.596*49
$GNGST,020945.80,0.007,0.003,0.002,42.4185,2.724,1.231,9.596*42
$GNGST,020945.90,0.008,0.003,0.002,41.2581,2.724,1.231,9.596*49
$GNGST,020946.00,0.007,0.003,0.002,42.4885,2.724,1.231,9.596*40
$GNGST,020946.10,0.007,0.003,0.002,42.5595,2.724,1.231,9.596*4C
$GNGST,020946.20,0.007,0.003,0.002,42.4887,2.724,1.231,9.596*40
$GNGST,020946.30,0.007,0.003,0.002,42.4888,2.724,1.231,9.596*4E
$GNGST,020946.40,0.007,0.003,0.002,42.4889,2.724,1.231,9.596*48
$GNGST,020946.50,0.007,0.003,0.002,42.4890,2.724,1.231,9.596*41
$GNGST,020946.60,0.007,0.003,0.002,42.0071,2.724,1.231,9.596*41
$GNGST,020946.70,0.007,0.003,0.002,42.4892,2.724,1.231,9.596*41
$GNGST,020946.80,0.007,0.003,0.002,42.5692,2.724,1.231,9.596*41
$GNGST,020946.90,0.007,0.003,0.002,42.5693,2.724,1.231,9.596*41
$GNGST,020947.00,0.007,0.003,0.002,43.4445,2.724,1.231,9.596*40
$GNGST,020947.10,0.007,0.003,0.002,43.3915,2.724,1.231,9.596*4E
$GNGST,020947.20,0.007,0.003,0.002,42.5274,2.724,1.231,9.596*46
$GNGST,020947.30,0.007,0.003,0.002,43.4451,2.724,1.231,9.596*46
$GNGST,020947.40,0.007,0.003,0.002,42.5699,2.724,1.231,9.596*47
$GNGST,020947.50,0.007,0.003,0.002,42.5277,2.724,1.231,9.596*42
$GNGST,020947.60,0.007,0.003,0.002,43.4136,2.724,1.231,9.596*47
$GNGST,020947.70,0.008,0.003,0.002,43.0480,2.724,1.231,9.596*45
$GNGST,020947.80,0.007,0.003,0.002,42.5384,2.724,1.231,9.596*42
$GNGST,020947.90,0.007,0.003,0.002,41.7194,2.724,1.231,9.596*41
$GNGST,020948.00,0.007,0.003,0.002,42.5386,2.724,1.231,9.596*47
$GNGST,020948.10,0.007,0.003,0.002,42.5805,2.724,1.231,9.596*46
$GNGST,020948.20,0.007,0.003,0.002,42.5388,2.724,1.231,9.596*4B
$GNGST,020948.30,0.007,0.003,0.002,42.5389,2.724,1.231,9.596*4B
$GNGST,020948.40,0.007,0.003,0.002,42.6203,2.724,1.231,9.596*4C
$GNGST,020948.50,0.007,0.003,0.002,42.6588,2.724,1.231,9.596*49
$GNGST,020948.60,0.007,0.003,0.002,42.6205,2.724,1.231,9.596*48
$GNGST,020948.70,0.007,0.003,0.002,41.9237,2.724,1.231,9.596*44
$GNGST,020948.80,0.007,0.003,0.002,42.6526,2.724,1.231,9.596*40
$GNGST,020948.90,0.007,0.003,0.002,42.6527,2.724,1.231,9.596*40
$GNGST,020949.00,0.007,0.003,0.002,42.6528,2.724,1.231,9.596*47
$GNGST,020949.10,0.007,0.003,0.002,42.6529,2.724,1.231,9.596*47
$GNGST,020949.20,0.007,0.003,0.002,41.9772,2.724,1.231,9.596*44
$GNGST,020949.30,0.008,0.003,0.002,44.3224,2.724,1.231,9.596*43
$GNGST,020949.40,0.008,0.003,0.002,44.3226,2.724,1.231,9.596*46
$GNGST,020949.50,0.008,0.003,0.002,44.3227,2.724,1.231,9.596*46
$GNGST,020949.60,0.007,0.003,0.002,42.6535,2.724,1.231,9.596*4D
$GNGST,020949.70,0.007,0.003,0.002,41.9052,2.724,1.231,9.596*44
$GNGST,020949.80,0.007,0.003,0.002,42.6537,2.724,1.231,9.596*41
$GNGST,020949.90,0.007,0.003,0.002,41.9055,2.724,1.231,9.596*4D
$GNGST,020950.00,0.007,0.003,0.002,42.6622,2.724,1.231,9.596*46
$GNGST,020950.10,0.007,0.003,0.002,42.8678,2.724,1.231,9.596*46
$GNGST,020950.20,0.007,0.003,0.002,42.8680,2.724,1.231,9.596*42
$GNGST,020950.30,0.007,0.003,0.002,43.5501,2.724,1.231,9.596*45
$GNGST,020950.40,0.007,0.003,0.002,42.8683,2.724,1.231,9.596*47
$GNGST,020950.50,0.007,0.003,0.002,42.6716,2.724,1.231,9.596*45
$GNGST,020950.60,0.007,0.003,0.002,43.5596,2.724,1.231,9.596*4E
$GNGST,020950.70,0.007,0.003,0.002,43.5598,2.724,1.231,9.596*41
$GNGST,020950.80,0.007,0.003,0.002,43.5704,2.724,1.231,9.596*49
$GNGST,020950.90,0.008,0.003,0.002,42.8900,2.724,1.231,9.596*41
$GNGST,020951.00,0.007,0.003,0.002,43.5604,2.724,1.231,9.596*41
$GNGST,020951.10,0.007,0.003,0.002,42.8784,2.724,1.231,9.596*45
$GNGST,020951.20,0.007,0.003,0.002,43.5712,2.724,1.231,9.596*45
$GNGST,020951.30,0.007,0.003,0.002,43.5609,2.724,1.231,9.596*4F
$GNGST,020951.40,0.007,0.003,0.002,43.5611,2.724,1.231,9.596*41
$GNGST,020951.50,0.007,0.003,0.002,43.5717,2.724,1.231,9.596*47
$GNGST,020951.60,0.007,0.003,0.002,41.9258,2.724,1.231,9.596*44
$GNGST,020951.70,0.007,0.003,0.002,42.6702,2.724,1.231,9.596*43
$GNGST,020951.80,0.008,0.003,0.002,43.4731,2.724,1.231,9.596*40
$GNGST,020951.90,0.007,0.003,0.002,43.5590,2.724,1.231,9.596*46
$GNGST,020952.00,0.008,0.003,0.002,46.9440,2.724,1.231,9.596*46
$GNGST,020952.10,0.007,0.003,0.002,43.5594,2.724,1.231,9.596*49
$GNGST,020952.20,0.008,0.003,0.002,46.9446,2.724,1.231,9.596*42
$GNGST,020952.30,0.008,0.003,0.002,46.9158,2.724,1.231,9.596*49
$GNGST,020952.40,0.008,0.003,0.002,46.9453,2.724,1.231,9.596*40
$GNGST,020952.50,0.007,0.003,0.002,43.5602,2.724,1.231,9.596*41
$GNGST,020952.60,0.008,0.003,0.002,46.9459,2.724,1.231,9.596*48
$GNGST,020952.70,0.007,0.003,0.002,43.5606,2.724,1.231,9.596*47
$GNGST,020952.80,0.007,0.003,0.002,41.9249,2.724,1.231,9.596*49
$GNGST,020952.90,0.007,0.003,0.002,42.6890,2.724,1.231,9.596*4A
$GNGST,020953.00,0.007,0.003,0.002,42.7036,2.724,1.231,9.596*47
$GNGST,020953.10,0.007,0.003,0.002,42.0124,2.724,1.231,9.596*43
$GNGST,020953.20,0.007,0.003,0.002,42.6894,2.724,1.231,9.596*44
$GNGST,020953.30,0.007,0.003,0.002,42.6895,2.724,1.231,9.596*44
$GNGST,020953.40,0.008,0.003,0.002,42.5166,2.724,1.231,9.596*4A
$GNGST,020953.50,0.007,0.003,0.002,42.0286,2.724,1.231,9.596*4C
$GNGST,020953.60,0.007,0.003,0.002,42.6979,2.724,1.231,9.596*42
$GNGST,020953.70,0.007,0.003,0.002,42.7123,2.724,1.231,9.596*45
$GNGST,020953.80,0.007,0.003,0.002,42.6981,2.724,1.231,9.596*4B
$GNGST,020953.90,0.007,0.003,0.002,42.6982,2.724,1.231,9.596*49
$GNGST,020954.00,0.007,0.003,0.002,42.6983,2.724,1.231,9.596*46
$GNGST,020954.10,0.007,0.003,0.002,42.7127,2.724,1.231,9.596*40
$GNGST,020954.20,0.007,0.003,0.002,42.6986,2.724,1.231,9.596*41
$GNGST,020954.30,0.007,0.003,0.002,43.5895,2.724,1.231,9.596*41
$GNGST,020954.40,0.007,0.003,0.002,42.6988,2.724,1.231,9.596*49
$GNGST,020954.50,0.007,0.003,0.002,42.7074,2.724,1.231,9.596*43
$GNGST,020954.60,0.007,0.003,0.002,43.5987,2.724,1.231,9.596*46
$GNGST,020954.70,0.007,0.003,0.002,42.7218,2.724,1.231,9.596*49
$GNGST,020954.80,0.007,0.003,0.002,43.5991,2.724,1.231,9.596*4F
$GNGST,020954.90,0.007,0.003,0.002,43.6090,2.724,1.231,9.596*45
$GNGST,020955.00,0.007,0.003,0.002,43.5995,2.724,1.231,9.596*42
$GNGST,020955.10,0.007,0.003,0.002,43.5997,2.724,1.231,9.596*41
$GNGST,020955.20,0.007,0.003,0.002,43.5998,2.724,1.231,9.596*4D
$GNGST,020955.30,0.007,0.003,0.002,43.6098,2.724,1.231,9.596*46
$GNGST,020955.40,0.007,0.003,0.002,43.6100,2.724,1.231,9.596*41
$GNGST,020955.50,0.007,0.003,0.002,43.6004,2.724,1.231,9.596*45
$GNGST,020955.60,0.007,0.003,0.002,42.7151,2.724,1.231,9.596*47
$GNGST,020955.70,0.007,0.003,0.002,42.7153,2.724,1.231,9.596*44
$GNGST,020955.80,0.008,0.003,0.002,46.0225,2.724,1.231,9.596*45
$GNGST,020955.90,0.008,0.003,0.002,46.1221,2.724,1.231,9.596*41
$GNGST,020956.00,0.007,0.003,0.002,43.5334,2.724,1.231,9.596*40
$GNGST,020956.10,0.007,0.003,0.002,43.5224,2.724,1.231,9.596*41
$GNGST,020956.20,0.007,0.003,0.002,42.8421,2.724,1.231,9.596*4D
$GNGST,020956.30,0.007,0.003,0.002,43.5339,2.724,1.231,9.596*4E
$GNGST,020956.40,0.008,0.003,0.002,42.6365,2.724,1.231,9.596*4D
$GNGST,020956.50,0.007,0.003,0.002,43.5232,2.724,1.231,9.596*42
$GNGST,020956.60,0.007,0.003,0.002,43.5233,2.724,1.231,9.596*40
$GNGST,020956.70,0.007,0.003,0.002,43.5235,2.724,1.231,9.596*47
$GNGST,020956.80,0.007,0.003,0.002,41.9999,2.724,1.231,9.596*4B
$GNGST,020956.90,0.007,0.003,0.002,41.9826,2.724,1.231,9.596*4F
$GNGST,020957.00,0.007,0.003,0.002,42.6439,2.724,1.231,9.596*49
$GNGST,020957.10,0.007,0.003,0.002,41.9828,2.724,1.231,9.596*48
$GNGST,020957.20,0.007,0.003,0.002,43.3699,2.724,1.231,9.596*47
$GNGST,020957.30,0.007,0.003,0.002,42.6442,2.724,1.231,9.596*46
$GNGST,020957.40,0.007,0.003,0.002,41.9693,2.724,1.231,9.596*43
$GNGST,020957.50,0.007,0.003,0.002,41.9861,2.724,1.231,9.596*41
$GNGST,020957.60,0.007,0.003,0.002,43.3617,2.724,1.231,9.596*45
$GNGST,020957.70,0.007,0.003,0.002,43.3619,2.724,1.231,9.596*4A
$GNGST,020957.80,0.008,0.003,0.002,46.0881,2.724,1.231,9.596*43
$GNGST,020957.90,0.008,0.003,0.002,42.1274,2.724,1.231,9.596*47
$GNGST,020958.00,0.008,0.003,0.002,42.1487,2.724,1.231,9.596*4B
$GNGST,020958.10,0.007,0.003,0.002,43.3694,2.724,1.231,9.596*46
$GNGST,020958.20,0.008,0.003,0.002,42.8614,2.724,1.231,9.596*48
$GNGST,020958.30,0.008,0.003,0.002,42.1279,2.724,1.231,9.596*4F
$GNGST,020958.40,0.008,0.003,0.002,42.1281,2.724,1.231,9.596*4F
$GNGST,020958.50,0.008,0.003,0.002,44.2626,2.724,1.231,9.596*42
$GNGST,020958.60,0.008,0.003,0.002,44.2909,2.724,1.231,9.596*43
$GNGST,020958.70,0.008,0.003,0.002,42.5809,2.724,1.231,9.596*42
$GNGST,020958.80,0.008,0.003,0.002,42.8130,2.724,1.231,9.596*43
$GNGST,020958.90,0.007,0.003,0.002,44.4163,2.724,1.231,9.596*41
$GNGST,020959.00,0.007,0.003,0.002,44.4150,2.724,1.231,9.596*49
$GNGST,020959.10,0.008,0.003,0.002,47.5456,2.724,1.231,9.596*46
$GNGST,020959.20,0.008,0.003,0.002,47.5824,2.724,1.231,9.596*4C
$GNGST,020959.30,0.008,0.003,0.002,47.0263,2.724,1.231,9.596*41
$GNGST,020959.40,0.008,0.003,0.002,46.3705,2.724,1.231,9.596*41
$GNGST,020959.50,0.007,0.003,0.002,43.5347,2.724,1.231,9.596*4E
$GNGST,020959.60,0.007,0.003,0.002,43.7099,2.724,1.231,9.596*4F
$GNGST,020959.70,0.007,0.003,0.002,43.7101,2.724,1.231,9.596*4E
$GNGST,020959.80,0.008,0.003,0.002,47.0011,2.724,1.231,9.596*4D
$GNGST,020959.90,0.008,0.003,0.002,44.0082,2.724,1.231,9.596*45
$GNGST,021000.00,0.007,0.003,0.002,43.7107,2.724,1.231,9.596*4B
$GNGST,021000.10,0.007,0.003,0.002,43.7108,2.724,1.231,9.596*45
$GNGST,021000.20,0.007,0.003,0.002,43.7110,2.724,1.231,9.596*4F
$GNGST,021000.30,0.007,0.003,0.002,43.7112,2.724,1.231,9.596*4C
$GNGST,021000.40,0.007,0.003,0.002,43.7114,2.724,1.231,9.596*4D
$GNGST,021000.50,0.008,0.003,0.002,44.8062,2.724,1.231,9.596*4B
$GNGST,021000.60,0.007,0.003,0.002,43.7118,2.724,1.231,9.596*43
$GNGST,021000.70,0.007,0.003,0.002,43.7119,2.724,1.231,9.596*43
$GNGST,021000.80,0.007,0.003,0.002,42.8555,2.724,1.231,9.596*4E
$GNGST,021000.90,0.008,0.003,0.002,47.4456,2.724,1.231,9.596*4B
$GNGST,021001.00,0.007,0.003,0.002,43.7325,2.724,1.231,9.596*48
$GNGST,021001.10,0.007,0.003,0.002,43.7327,2.724,1.231,9.596*4B
$GNGST,021001.20,0.007,0.003,0.002,43.7329,2.724,1.231,9.596*46
$GNGST,021001.30,0.007,0.003,0.002,43.7330,2.724,1.231,9.596*4F
$GNGST,021001.40,0.007,0.003,0.002,43.7332,2.724,1.231,9.596*4A
$GNGST,021001.50,0.007,0.003,0.002,43.7334,2.724,1.231,9.596*4D
$GNGST,021001.60,0.007,0.003,0.002,44.3160,2.724,1.231,9.596*4E
$GNGST,021001.70,0.008,0.003,0.002,42.9322,2.724,1.231,9.596*48
$GNGST,021001.80,0.007,0.003,0.002,43.7371,2.724,1.231,9.596*41
$GNGST,021001.90,0.007,0.003,0.002,44.3196,2.724,1.231,9.596*48
$GNGST,021002.00,0.007,0.003,0.002,42.8598,2.724,1.231,9.596*45
$GNGST,021002.10,0.007,0.003,0.002,42.8599,2.724,1.231,9.596*45
$GNGST,021002.20,0.007,0.003,0.002,42.8600,2.724,1.231,9.596*45
$GNGST,021002.30,0.007,0.003,0.002,42.8601,2.724,1.231,9.596*45
$GNGST,021002.40,0.007,0.003,0.002,42.8603,2.724,1.231,9.596*40
$GNGST,021002.50,0.007,0.003,0.002,42.8604,2.724,1.231,9.596*46
$GNGST,021002.60,0.007,0.003,0.002,42.8605,2.724,1.231,9.596*44
$GNGST,021002.70,0.007,0.003,0.002,42.8606,2.724,1.231,9.596*46
$GNGST,021002.80,0.007,0.003,0.002,42.8607,2.724,1.231,9.596*48
$GNGST,021002.90,0.007,0.003,0.002,42.8608,2.724,1.231,9.596*46
$GNGST,021003.00,0.008,0.003,0.002,42.1991,2.724,1.231,9.596*47
$GNGST,021003.10,0.008,0.003,0.002,42.1992,2.724,1.231,9.596*45
$GNGST,021003.20,0.007,0.003,0.002,42.8631,2.724,1.231,9.596*46
$GNGST,021003.30,0.007,0.003,0.002,42.8632,2.724,1.231,9.596*44
$GNGST,021003.40,0.008,0.003,0.002,43.3354,2.724,1.231,9.596*43
$GNGST,021003.50,0.008,0.003,0.002,43.0730,2.724,1.231,9.596*47
$GNGST,021003.60,0.007,0.003,0.002,42.8660,2.724,1.231,9.596*46
$GNGST,021003.70,0.007,0.003,0.002,42.8661,2.724,1.231,9.596*46
$GNGST,021003.80,0.007,0.003,0.002,43.7454,2.724,1.231,9.596*43
$GNGST,021003.90,0.007,0.003,0.002,43.7456,2.724,1.231,9.596*40
$GNGST,021004.00,0.007,0.003,0.002,43.7457,2.724,1.231,9.596*4F
$GNGST,021004.10,0.008,0.003,0.002,43.0764,2.724,1.231,9.596*45
$GNGST,021004.20,0.007,0.003,0.002,43.7461,2.724,1.231,9.596*48
$GNGST,021004.30,0.007,0.003,0.002,43.7463,2.724,1.231,9.596*4B
$GNGST,021004.40,0.008,0.003,0.002,43.0769,2.724,1.231,9.596*4D
$GNGST,021004.50,0.007,0.003,0.002,42.2414,2.724,1.231,9.596*49
$GNGST,021004.60,0.007,0.003,0.002,42.2416,2.724,1.231,9.596*48
$GNGST,021004.70,0.007,0.003,0.002,42.2417,2.724,1.231,9.596*48
$GNGST,021004.80,0.007,0.003,0.002,42.8691,2.724,1.231,9.596*41
$GNGST,021004.90,0.007,0.003,0.002,43.7493,2.724,1.231,9.596*4E
$GNGST,021005.00,0.007,0.003,0.002,43.7494,2.724,1.231,9.596*41
$GNGST,021005.10,0.007,0.003,0.002,43.7496,2.724,1.231,9.596*42
$GNGST,021005.20,0.007,0.003,0.002,43.7498,2.724,1.231,9.596*4F
$GNGST,021005.30,0.007,0.003,0.002,43.7500,2.724,1.231,9.596*4E
$GNGST,021005.40,0.007,0.003,0.002,43.7502,2.724,1.231,9.596*4B
$GNGST,021005.50,0.007,0.003,0.002,42.2446,2.724,1.231,9.596*4F
$GNGST,021005.60,0.007,0.003,0.002,42.8699,2.724,1.231,9.596*46
$GNGST,021005.70,0.007,0.003,0.002,42.8701,2.724,1.231,9.596*47
$GNGST,021005.80,0.007,0.003,0.002,42.8702,2.724,1.231,9.596*4B
$GNGST,021005.90,0.008,0.003,0.002,48.3293,2.724,1.231,9.596*49
$GNGST,021006.00,0.007,0.003,0.002,43.4614,2.724,1.231,9.596*4B
$GNGST,021006.10,0.007,0.003,0.002,43.4615,2.724,1.231,9.596*4B
$GNGST,021006.20,0.007,0.003,0.002,43.4617,2.724,1.231,9.596*4A
$GNGST,021006.30,0.007,0.003,0.002,43.4618,2.724,1.231,9.596*44
$GNGST,021006.40,0.008,0.003,0.002,33.9775,2.724,1.231,9.596*4C
$GNGST,021006.50,0.007,0.003,0.002,43.4620,2.724,1.231,9.596*49
$GNGST,021006.60,0.007,0.003,0.002,43.4621,2.724,1.231,9.596*4B
$GNGST,021006.70,0.007,0.003,0.002,43.4622,2.724,1.231,9.596*49
$GNGST,021006.80,0.007,0.003,0.002,42.8750,2.724,1.231,9.596*4F
$GNGST,021006.90,0.007,0.003,0.002,44.3389,2.724,1.231,9.596*43
$GNGST,021007.00,0.007,0.003,0.002,42.8752,2.724,1.231,9.596*44
$GNGST,021007.10,0.007,0.003,0.002,42.9417,2.724,1.231,9.596*46
$GNGST,021007.20,0.007,0.003,0.002,44.4102,2.724,1.231,9.596*4F
$GNGST,021007.30,0.007,0.003,0.002,43.8286,2.724,1.231,9.596*4A
$GNGST,021007.40,0.007,0.003,0.002,44.4106,2.724,1.231,9.596*4D
$GNGST,021007.50,0.007,0.003,0.002,44.4107,2.724,1.231,9.596*4D
$GNGST,021007.60,0.007,0.003,0.002,44.4109,2.724,1.231,9.596*40
$GNGST,021007.70,0.007,0.003,0.002,42.9444,2.724,1.231,9.596*46
$GNGST,021007.80,0.007,0.003,0.002,43.8315,2.724,1.231,9.596*4A
$GNGST,021007.90,0.007,0.003,0.002,43.8317,2.724,1.231,9.596*49
$GNGST,021008.00,0.007,0.003,0.002,43.8319,2.724,1.231,9.596*41
$GNGST,021008.10,0.007,0.003,0.002,43.8321,2.724,1.231,9.596*4B
$GNGST,021008.20,0.007,0.003,0.002,43.8323,2.724,1.231,9.596*4A
$GNGST,021008.30,0.007,0.003,0.002,43.8325,2.724,1.231,9.596*4D
$GNGST,021008.40,0.008,0.003,0.002,47.5422,2.724,1.231,9.596*4C
$GNGST,021008.50,0.007,0.003,0.002,43.8329,2.724,1.231,9.596*47
$GNGST,021008.60,0.008,0.003,0.002,43.3104,2.724,1.231,9.596*4D
$GNGST,021008.70,0.007,0.003,0.002,43.7622,2.724,1.231,9.596*44
$GNGST,021008.80,0.007,0.003,0.002,43.7624,2.724,1.231,9.596*4D
$GNGST,021008.90,0.008,0.003,0.002,42.9303,2.724,1.231,9.596*4C
$GNGST,021009.00,0.008,0.003,0.002,43.5382,2.724,1.231,9.596*40
$GNGST,021009.10,0.008,0.003,0.002,42.9539,2.724,1.231,9.596*4A
$GNGST,021009.20,0.007,0.003,0.002,43.7623,2.724,1.231,9.596*41
$GNGST,021009.30,0.007,0.003,0.002,43.7624,2.724,1.231,9.596*47
$GNGST,021009.40,0.007,0.003,0.002,43.7626,2.724,1.231,9.596*42
$GNGST,021009.50,0.007,0.003,0.002,43.7628,2.724,1.231,9.596*4D
$GNGST,021009.60,0.008,0.003,0.002,43.2471,2.724,1.231,9.596*4A
$GNGST,021009.70,0.007,0.003,0.002,43.7631,2.724,1.231,9.596*47
$GNGST,021009.80,0.007,0.003,0.002,43.7632,2.724,1.231,9.596*4B
$GNGST,021009.90,0.007,0.003,0.002,43.7634,2.724,1.231,9.596*4C
$GNGST,021010.00,0.007,0.003,0.002,43.7636,2.724,1.231,9.596*4F
$GNGST,021010.10,0.007,0.003,0.002,43.7638,2.724,1.231,9.596*40
$GNGST,021010.20,0.008,0.003,0.002,42.9549,2.724,1.231,9.596*46
$GNGST,021010.30,0.008,0.003,0.002,42.5148,2.724,1.231,9.596*4E
$GNGST,021010.40,0.007,0.003,0.002,43.7643,2.724,1.231,9.596*49
$GNGST,021010.50,0.008,0.003,0.002,43.2491,2.724,1.231,9.596*4F
$GNGST,021010.60,0.008,0.003,0.002,43.2493,2.724,1.231,9.596*4E
$GNGST,021010.70,0.007,0.003,0.002,43.7649,2.724,1.231,9.596*40
$GNGST,021010.80,0.007,0.003,0.002,43.5853,2.724,1.231,9.596*48
$GNGST,021010.90,0.007,0.003,0.002,42.8795,2.724,1.231,9.596*40
$GNGST,021011.00,0.007,0.003,0.002,42.8796,2.724,1.231,9.596*4B
$GNGST,021011.10,0.007,0.003,0.002,42.8797,2.724,1.231,9.596*4B
$GNGST,021011.20,0.007,0.003,0.002,42.8798,2.724,1.231,9.596*47
$GNGST,021011.30,0.007,0.003,0.002,42.8799,2.724,1.231,9.596*47
$GNGST,021011.40,0.007,0.003,0.002,42.8800,2.724,1.231,9.596*4F
$GNGST,021011.50,0.007,0.003,0.002,42.8801,2.724,1.231,9.596*4F
$GNGST,021011.60,0.008,0.003,0.002,44.0303,2.724,1.231,9.596*44
$GNGST,021011.70,0.008,0.003,0.002,44.0305,2.724,1.231,9.596*43
$GNGST,021011.80,0.007,0.003,0.002,43.5865,2.724,1.231,9.596*4C
$GNGST,021011.90,0.007,0.003,0.002,43.5867,2.724,1.231,9.596*4F
$GNGST,021012.00,0.007,0.003,0.002,43.5868,2.724,1.231,9.596*4A
$GNGST,021012.10,0.007,0.003,0.002,43.5870,2.724,1.231,9.596*42
$GNGST,021012.20,0.007,0.003,0.002,43.5871,2.724,1.231,9.596*40
$GNGST,021012.30,0.007,0.003,0.002,43.5873,2.724,1.231,9.596*43
$GNGST,021012.40,0.007,0.003,0.002,43.5874,2.724,1.231,9.596*43
$GNGST,021012.50,0.008,0.003,0.002,41.9381,2.724,1.231,9.596*42
$GNGST,021012.60,0.008,0.003,0.002,41.9382,2.724,1.231,9.596*42
$GNGST,021012.70,0.007,0.003,0.002,44.4831,2.724,1.231,9.596*47
$GNGST,021012.80,0.007,0.003,0.002,45.0484,2.724,1.231,9.596*4F
$GNGST,021012.90,0.008,0.003,0.002,42.8478,2.724,1.231,9.596*4D
$GNGST,021013.00,0.007,0.003,0.002,44.4830,2.724,1.231,9.596*40
$GNGST,021013.10,0.007,0.003,0.002,44.4832,2.724,1.231,9.596*43
$GNGST,021013.20,0.007,0.003,0.002,44.4835,2.724,1.231,9.596*47
$GNGST,021013.30,0.008,0.003,0.002,47.0830,2.724,1.231,9.596*4B
$GNGST,021013.40,0.007,0.003,0.002,44.4839,2.724,1.231,9.596*4D
$GNGST,021013.50,0.007,0.003,0.002,43.5973,2.724,1.231,9.596*45
$GNGST,021013.60,0.007,0.003,0.002,43.5975,2.724,1.231,9.596*40
$GNGST,021013.70,0.007,0.003,0.002,43.5976,2.724,1.231,9.596*42
$GNGST,021013.80,0.008,0.003,0.002,43.6954,2.724,1.231,9.596*41
$GNGST,021013.90,0.007,0.003,0.002,43.5889,2.724,1.231,9.596*4D
$GNGST,021014.00,0.007,0.003,0.002,42.8814,2.724,1.231,9.596*4B
$GNGST,021014.10,0.007,0.003,0.002,42.8815,2.724,1.231,9.596*4B
$GNGST,021014.20,0.008,0.003,0.002,44.2364,2.724,1.231,9.596*46
$GNGST,021014.30,0.008,0.003,0.002,47.7646,2.724,1.231,9.596*44
$GNGST,021014.40,0.008,0.003,0.002,47.7649,2.724,1.231,9.596*4C
$GNGST,021014.50,0.007,0.003,0.002,42.8819,2.724,1.231,9.596*43
$GNGST,021014.60,0.008,0.003,0.002,42.2128,2.724,1.231,9.596*4E
$GNGST,021014.70,0.007,0.003,0.002,43.5895,2.724,1.231,9.596*49
$GNGST,021014.80,0.007,0.003,0.002,42.8816,2.724,1.231,9.596*41
$GNGST,021014.90,0.008,0.003,0.002,45.2240,2.724,1.231,9.596*4B
$GNGST,021015.00,0.008,0.003,0.002,42.2122,2.724,1.231,9.596*43
$GNGST,021015.10,0.008,0.003,0.002,42.1575,2.724,1.231,9.596*47
$GNGST,021015.20,0.008,0.003,0.002,42.1576,2.724,1.231,9.596*47
$GNGST,021015.30,0.008,0.003,0.002,42.6385,2.724,1.231,9.596*4B
$GNGST,021015.40,0.008,0.003,0.002,42.6386,2.724,1.231,9.596*4F
$GNGST,021015.50,0.008,0.003,0.002,42.1578,2.724,1.231,9.596*4E
$GNGST,021015.60,0.008,0.003,0.002,42.1579,2.724,1.231,9.596*4C
$GNGST,021015.70,0.007,0.003,0.002,42.8251,2.724,1.231,9.596*46
$GNGST,021015.80,0.008,0.003,0.002,42.0528,2.724,1.231,9.596*47
$GNGST,021015.90,0.007,0.003,0.002,42.1184,2.724,1.231,9.596*4A
$GNGST,021016.00,0.007,0.003,0.002,42.5157,2.724,1.231,9.596*4A
$GNGST,021016.10,0.007,0.003,0.002,42.5493,2.724,1.231,9.596*46
$GNGST,021016.20,0.007,0.003,0.002,41.8830,2.724,1.231,9.596*4E
$GNGST,021016.30,0.007,0.003,0.002,42.5495,2.724,1.231,9.596*42
$GNGST,021016.40,0.007,0.003,0.002,42.5496,2.724,1.231,9.596*46
$GNGST,021016.50,0.007,0.003,0.002,42.5497,2.724,1.231,9.596*46
$GNGST,021016.60,0.007,0.003,0.002,43.4067,2.724,1.231,9.596*4E
$GNGST,021016.70,0.007,0.003,0.002,43.4068,2.724,1.231,9.596*40
$GNGST,021016.80,0.007,0.003,0.002,43.4070,2.724,1.231,9.596*46
$GNGST,021016.90,0.007,0.003,0.002,42.5586,2.724,1.231,9.596*4B
$GNGST,021017.00,0.007,0.003,0.002,42.5587,2.724,1.231,9.596*42
$GNGST,021017.10,0.007,0.003,0.002,42.5588,2.724,1.231,9.596*4C
$GNGST,021017.20,0.007,0.003,0.002,43.4189,2.724,1.231,9.596*4A
$GNGST,021017.30,0.008,0.003,0.002,42.9138,2.724,1.231,9.596*42
$GNGST,021017.40,0.008,0.003,0.002,42.9140,2.724,1.231,9.596*4A
$GNGST,021017.50,0.008,0.003,0.002,42.9142,2.724,1.231,9.596*49
$GNGST,021017.60,0.008,0.003,0.002,42.9144,2.724,1.231,9.596*4C
$GNGST,021017.70,0.007,0.003,0.002,42.5594,2.724,1.231,9.596*47
$GNGST,021017.80,0.007,0.003,0.002,42.3868,2.724,1.231,9.596*40
$GNGST,021017.90,0.008,0.003,0.002,41.2500,2.724,1.231,9.596*4F
$GNGST,021018.00,0.008,0.003,0.002,41.2501,2.724,1.231,9.596*48
$GNGST,021018.10,0.008,0.003,0.002,41.2503,2.724,1.231,9.596*4B
$GNGST,021018.20,0.008,0.003,0.002,41.2504,2.724,1.231,9.596*4F
$GNGST,021018.30,0.008,0.003,0.002,41.9314,2.724,1.231,9.596*42
$GNGST,021018.40,0.008,0.003,0.002,41.2506,2.724,1.231,9.596*4B
$GNGST,021018.50,0.007,0.003,0.002,42.3874,2.724,1.231,9.596*4F
$GNGST,021018.60,0.007,0.003,0.002,42.4330,2.724,1.231,9.596*40
$GNGST,021018.70,0.007,0.003,0.002,42.4331,2.724,1.231,9.596*40
$GNGST,021018.80,0.007,0.003,0.002,42.4332,2.724,1.231,9.596*4C
$GNGST,021018.90,0.007,0.003,0.002,42.4332,2.724,1.231,9.596*4D
$GNGST,021019.00,0.007,0.003,0.002,42.4333,2.724,1.231,9.596*44
$GNGST,021019.10,0.007,0.003,0.002,42.4334,2.724,1.231,9.596*42
$GNGST,021019.20,0.007,0.003,0.002,42.4335,2.724,1.231,9.596*40
$GNGST,021019.30,0.008,0.003,0.002,43.5364,2.724,1.231,9.596*4A
$GNGST,021019.40,0.007,0.003,0.002,42.4337,2.724,1.231,9.596*44
$GNGST,021019.50,0.007,0.003,0.002,42.4379,2.724,1.231,9.596*4F
$GNGST,021019.60,0.007,0.003,0.002,42.4380,2.724,1.231,9.596*4A
$GNGST,021019.70,0.007,0.003,0.002,42.4381,2.724,1.231,9.596*4A
$GNGST,021019.80,0.007,0.003,0.002,42.4382,2.724,1.231,9.596*46
$GNGST,021019.90,0.007,0.003,0.002,42.4383,2.724,1.231,9.596*46
$GNGST,021020.00,0.007,0.003,0.002,42.4384,2.724,1.231,9.596*42
$GNGST,021020.10,0.007,0.003,0.002,42.4385,2.724,1.231,9.596*42
$GNGST,021020.20,0.007,0.003,0.002,43.0407,2.724,1.231,9.596*49
$GNGST,021020.30,0.007,0.003,0.002,42.4387,2.724,1.231,9.596*42
$GNGST,021020.40,0.007,0.003,0.002,42.4387,2.724,1.231,9.596*45
$GNGST,021020.50,0.007,0.003,0.002,42.1490,2.724,1.231,9.596*40
$GNGST,021020.60,0.007,0.003,0.002,42.1492,2.724,1.231,9.596*41
$GNGST,021020.70,0.007,0.003,0.002,42.5267,2.724,1.231,9.596*48
$GNGST,021020.80,0.008,0.003,0.002,42.6892,2.724,1.231,9.596*4B
$GNGST,021020.90,0.007,0.003,0.002,43.4227,2.724,1.231,9.596*42
$GNGST,021021.00,0.007,0.003,0.002,42.7467,2.724,1.231,9.596*4A
$GNGST,021021.10,0.008,0.003,0.002,42.6895,2.724,1.231,9.596*44
$GNGST,021021.20,0.007,0.003,0.002,43.4232,2.724,1.231,9.596*4C
$GNGST,021021.30,0.007,0.003,0.002,43.4233,2.724,1.231,9.596*4C
$GNGST,021021.40,0.007,0.003,0.002,43.4017,2.724,1.231,9.596*4F
$GNGST,021021.50,0.007,0.003,0.002,42.4401,2.724,1.231,9.596*4C
$GNGST,021021.60,0.007,0.003,0.002,42.4402,2.724,1.231,9.596*4C
$GNGST,021021.70,0.007,0.003,0.002,42.4404,2.724,1.231,9.596*4B
$GNGST,021021.80,0.007,0.003,0.002,42.4406,2.724,1.231,9.596*46
$GNGST,021021.90,0.007,0.003,0.002,41.8098,2.724,1.231,9.596*4B
$GNGST,021022.00,0.007,0.003,0.002,41.8099,2.724,1.231,9.596*40
$GNGST,021022.10,0.007,0.003,0.002,42.5271,2.724,1.231,9.596*4B
$GNGST,021022.20,0.007,0.003,0.002,42.5272,2.724,1.231,9.596*4B
$GNGST,021022.30,0.007,0.003,0.002,42.5273,2.724,1.231,9.596*4B
$GNGST,021022.40,0.007,0.003,0.002,42.5605,2.724,1.231,9.596*49
$GNGST,021022.50,0.007,0.003,0.002,42.5275,2.724,1.231,9.596*4B
$GNGST,021022.60,0.007,0.003,0.002,41.8100,2.724,1.231,9.596*47
$GNGST,021022.70,0.007,0.003,0.002,42.5275,2.724,1.231,9.596*49
$GNGST,021022.80,0.007,0.003,0.002,42.5607,2.724,1.231,9.596*47
$GNGST,021022.90,0.007,0.003,0.002,42.5607,2.724,1.231,9.596*46
$GNGST,021023.00,0.007,0.003,0.002,42.5608,2.724,1.231,9.596*41
$GNGST,021023.10,0.008,0.003,0.002,41.8750,2.724,1.231,9.596*4D
$GNGST,021023.20,0.008,0.003,0.002,43.6560,2.724,1.231,9.596*43
$GNGST,021023.30,0.007,0.003,0.002,42.5611,2.724,1.231,9.596*4A
$GNGST,021023.40,0.007,0.003,0.002,42.5281,2.724,1.231,9.596*40
$GNGST,021023.50,0.007,0.003,0.002,42.5282,2.724,1.231,9.596*42
$GNGST,021023.60,0.008,0.003,0.002,43.6819,2.724,1.231,9.596*44
$GNGST,021023.70,0.007,0.003,0.002,42.5284,2.724,1.231,9.596*46
$GNGST,021023.80,0.007,0.003,0.002,42.5278,2.724,1.231,9.596*4A
$GNGST,021023.90,0.007,0.003,0.002,42.5279,2.724,1.231,9.596*4A
$GNGST,021024.00,0.007,0.003,0.002,42.5280,2.724,1.231,9.596*42
$GNGST,021024.10,0.007,0.003,0.002,42.5280,2.724,1.231,9.596*43
$GNGST,021024.20,0.007,0.003,0.002,41.8892,2.724,1.231,9.596*47
$GNGST,021024.30,0.007,0.003,0.002,41.8893,2.724,1.231,9.596*47
$GNGST,021024.40,0.007,0.003,0.002,41.8893,2.724,1.231,9.596*40
$GNGST,021024.50,0.007,0.003,0.002,41.8529,2.724,1.231,9.596*4D
$GNGST,021024.60,0.007,0.003,0.002,42.5285,2.724,1.231,9.596*41
$GNGST,021024.70,0.007,0.003,0.002,41.8531,2.724,1.231,9.596*46
$GNGST,021024.80,0.007,0.003,0.002,42.5283,2.724,1.231,9.596*49
$GNGST,021024.90,0.007,0.003,0.002,42.5284,2.724,1.231,9.596*4F
$GNGST,021025.00,0.007,0.003,0.002,42.5285,2.724,1.231,9.596*46
$GNGST,021025.10,0.007,0.003,0.002,42.5286,2.724,1.231,9.596*44
$GNGST,021025.20,0.007,0.003,0.002,41.8528,2.724,1.231,9.596*4A
$GNGST,021025.30,0.007,0.003,0.002,41.8529,2.724,1.231,9.596*4A
$GNGST,021025.40,0.007,0.003,0.002,41.8530,2.724,1.231,9.596*45
$GNGST,021025.50,0.007,0.003,0.002,42.5289,2.724,1.231,9.596*4F
$GNGST,021025.60,0.007,0.003,0.002,43.1228,2.724,1.231,9.596*42
$GNGST,021025.70,0.007,0.003,0.002,42.3834,2.724,1.231,9.596*47
$GNGST,021025.80,0.007,0.003,0.002,42.3750,2.724,1.231,9.596*45
$GNGST,021025.90,0.007,0.003,0.002,42.3751,2.724,1.231,9.596*45
$GNGST,021026.00,0.007,0.003,0.002,42.4148,2.724,1.231,9.596*46
$GNGST,021026.10,0.007,0.003,0.002,42.3753,2.724,1.231,9.596*4C
$GNGST,021026.20,0.007,0.003,0.002,42.3753,2.724,1.231,9.596*4F
$GNGST,021026.30,0.007,0.003,0.002,42.3754,2.724,1.231,9.596*49
$GNGST,021026.40,0.007,0.003,0.002,42.3755,2.724,1.231,9.596*4F
$GNGST,021026.50,0.007,0.003,0.002,43.2755,2.724,1.231,9.596*4E
$GNGST,021026.60,0.008,0.003,0.002,41.2283,2.724,1.231,9.596*4E
$GNGST,021026.70,0.007,0.003,0.002,41.8890,2.724,1.231,9.596*42
$GNGST,021026.80,0.007,0.003,0.002,41.8891,2.724,1.231,9.596*4C
$GNGST,021026.90,0.008,0.003,0.002,40.7414,2.724,1.231,9.596*4D
$GNGST,021027.00,0.008,0.003,0.002,41.1603,2.724,1.231,9.596*46
$GNGST,021027.10,0.008,0.003,0.002,41.2283,2.724,1.231,9.596*48
$GNGST,021027.20,0.007,0.003,0.002,43.2696,2.724,1.231,9.596*46
$GNGST,021027.30,0.008,0.003,0.002,42.0398,2.724,1.231,9.596*40
$GNGST,021027.40,0.008,0.003,0.002,42.0398,2.724,1.231,9.596*47
$GNGST,021027.50,0.007,0.003,0.002,41.8895,2.724,1.231,9.596*44
$GNGST,021027.60,0.007,0.003,0.002,43.2692,2.724,1.231,9.596*46
$GNGST,021027.70,0.007,0.003,0.002,43.2757,2.724,1.231,9.596*4F
$GNGST,021027.80,0.007,0.003,0.002,46.7730,2.724,1.231,9.596*41
$GNGST,021027.90,0.007,0.003,0.002,43.2697,2.724,1.231,9.596*4C
$GNGST,021028.00,0.007,0.003,0.002,47.5315,2.724,1.231,9.596*46
$GNGST,021028.10,0.007,0.003,0.002,42.5645,2.724,1.231,9.596*42
$GNGST,021028.20,0.007,0.003,0.002,43.2701,2.724,1.231,9.596*46
$GNGST,021028.30,0.007,0.003,0.002,47.5323,2.724,1.231,9.596*40
$GNGST,021028.40,0.007,0.003,0.002,43.2703,2.724,1.231,9.596*42
$GNGST,021028.50,0.007,0.003,0.002,43.2705,2.724,1.231,9.596*45
$GNGST,021028.60,0.007,0.003,0.002,43.2838,2.724,1.231,9.596*47
$GNGST,021028.70,0.007,0.003,0.002,43.2892,2.724,1.231,9.596*46
$GNGST,021028.80,0.007,0.003,0.002,43.2841,2.724,1.231,9.596*47
$GNGST,021028.90,0.007,0.003,0.002,43.2842,2.724,1.231,9.596*45
$GNGST,021029.00,0.007,0.003,0.002,42.5801,2.724,1.231,9.596*4C
$GNGST,021029.10,0.007,0.003,0.002,43.2845,2.724,1.231,9.596*4B
$GNGST,021029.20,0.007,0.003,0.002,42.5642,2.724,1.231,9.596*47
$GNGST,021029.30,0.007,0.003,0.002,42.5643,2.724,1.231,9.596*47
$GNGST,021029.40,0.007,0.003,0.002,43.2706,2.724,1.231,9.596*46
$GNGST,021029.50,0.007,0.003,0.002,43.2708,2.724,1.231,9.596*49
$GNGST,021029.60,0.007,0.003,0.002,43.2702,2.724,1.231,9.596*40
$GNGST,021029.70,0.007,0.003,0.002,42.5292,2.724,1.231,9.596*4B
$GNGST,021029.80,0.007,0.003,0.002,42.5293,2.724,1.231,9.596*45
$GNGST,021029.90,0.007,0.003,0.002,43.2706,2.724,1.231,9.596*4B
$GNGST,021030.00,0.007,0.003,0.002,44.1630,2.724,1.231,9.596*4A
$GNGST,021030.10,0.007,0.003,0.002,43.2709,2.724,1.231,9.596*44
$GNGST,021030.20,0.007,0.003,0.002,42.5296,2.724,1.231,9.596*42
$GNGST,021030.30,0.007,0.003,0.002,43.4106,2.724,1.231,9.596*49
$GNGST,021030.40,0.007,0.003,0.002,43.4107,2.724,1.231,9.596*4F
$GNGST,021030.50,0.007,0.003,0.002,42.7268,2.724,1.231,9.596*46
$GNGST,021030.60,0.007,0.003,0.002,41.8514,2.724,1.231,9.596*45
$GNGST,021030.70,0.008,0.003,0.002,43.1025,2.724,1.231,9.596*47
$GNGST,021030.80,0.007,0.003,0.002,41.8516,2.724,1.231,9.596*49
$GNGST,021030.90,0.007,0.003,0.002,41.8516,2.724,1.231,9.596*48
$GNGST,021031.00,0.007,0.003,0.002,41.8517,2.724,1.231,9.596*41
$GNGST,021031.10,0.007,0.003,0.002,41.8671,2.724,1.231,9.596*43
$GNGST,021031.20,0.007,0.003,0.002,41.8672,2.724,1.231,9.596*43
$GNGST,021031.30,0.007,0.003,0.002,41.8349,2.724,1.231,9.596*4F
$GNGST,021031.40,0.008,0.003,0.002,44.4429,2.724,1.231,9.596*4F
$GNGST,021031.50,0.007,0.003,0.002,41.8350,2.724,1.231,9.596*41
$GNGST,021031.60,0.007,0.003,0.002,41.8351,2.724,1.231,9.596*43
$GNGST,021031.70,0.007,0.003,0.002,42.5933,2.724,1.231,9.596*42
$GNGST,021031.80,0.007,0.003,0.002,41.9190,2.724,1.231,9.596*43
$GNGST,021031.90,0.007,0.003,0.002,41.8717,2.724,1.231,9.596*4A
$GNGST,021032.00,0.008,0.003,0.002,41.1558,2.724,1.231,9.596*4F
$GNGST,021032.10,0.007,0.003,0.002,41.8347,2.724,1.231,9.596*40
$GNGST,021032.20,0.008,0.003,0.002,45.1947,2.724,1.231,9.596*4B
$GNGST,021032.30,0.007,0.003,0.002,41.8348,2.724,1.231,9.596*4D
$GNGST,021032.40,0.007,0.003,0.002,41.8348,2.724,1.231,9.596*4A
$GNGST,021032.50,0.007,0.003,0.002,41.8349,2.724,1.231,9.596*4A
$GNGST,021032.60,0.007,0.003,0.002,41.8350,2.724,1.231,9.596*41
$GNGST,021032.70,0.007,0.003,0.002,41.8350,2.724,1.231,9.596*40
$GNGST,021032.80,0.007,0.003,0.002,41.8351,2.724,1.231,9.596*4E
$GNGST,021032.90,0.007,0.003,0.002,41.8351,2.724,1.231,9.596*4F
$GNGST,021033.00,0.007,0.003,0.002,42.5867,2.724,1.231,9.596*47
$GNGST,021033.10,0.007,0.003,0.002,41.9086,2.724,1.231,9.596*4E
$GNGST,021033.20,0.007,0.003,0.002,42.5869,2.724,1.231,9.596*4B
$GNGST,021033.30,0.007,0.003,0.002,41.8345,2.724,1.231,9.596*41
$GNGST,021033.40,0.007,0.003,0.002,41.8346,2.724,1.231,9.596*45
$GNGST,021033.50,0.007,0.003,0.002,42.5135,2.724,1.231,9.596*4C
$GNGST,021033.60,0.007,0.003,0.002,42.5131,2.724,1.231,9.596*4B
$GNGST,021033.70,0.007,0.003,0.002,42.5132,2.724,1.231,9.596*49
$GNGST,021033.80,0.007,0.003,0.002,42.5469,2.724,1.231,9.596*4D
$GNGST,021033.90,0.007,0.003,0.002,42.4975,2.724,1.231,9.596*4D
$GNGST,021034.00,0.007,0.003,0.002,42.5470,2.724,1.231,9.596*4A
$GNGST,021034.10,0.007,0.003,0.002,42.4976,2.724,1.231,9.596*41
$GNGST,021034.20,0.007,0.003,0.002,42.4977,2.724,1.231,9.596*43
$GNGST,021034.30,0.007,0.003,0.002,42.4978,2.724,1.231,9.596*4D
$GNGST,021034.40,0.007,0.003,0.002,42.5474,2.724,1.231,9.596*4A
$GNGST,021034.50,0.007,0.003,0.002,42.5475,2.724,1.231,9.596*4A
$GNGST,021034.60,0.007,0.003,0.002,42.4981,2.724,1.231,9.596*4E
$GNGST,021034.70,0.007,0.003,0.002,42.4981,2.724,1.231,9.596*4F
$GNGST,021034.80,0.007,0.003,0.002,42.4676,2.724,1.231,9.596*47
$GNGST,021034.90,0.007,0.003,0.002,42.4983,2.724,1.231,9.596*43
$GNGST,021035.00,0.007,0.003,0.002,42.5545,2.724,1.231,9.596*4C
$GNGST,021035.10,0.007,0.003,0.002,42.7578,2.724,1.231,9.596*41
$GNGST,021035.20,0.007,0.003,0.002,42.5547,2.724,1.231,9.596*4C
$GNGST,021035.30,0.007,0.003,0.002,43.4721,2.724,1.231,9.596*4F
$GNGST,021035.40,0.007,0.003,0.002,42.5549,2.724,1.231,9.596*44
$GNGST,021035.50,0.007,0.003,0.002,42.5549,2.724,1.231,9.596*45
$GNGST,021035.60,0.007,0.003,0.002,42.5347,2.724,1.231,9.596*4E
$GNGST,021035.70,0.007,0.003,0.002,42.5349,2.724,1.231,9.596*41
$GNGST,021035.80,0.007,0.003,0.002,42.6134,2.724,1.231,9.596*45
$GNGST,021035.90,0.007,0.003,0.002,42.5952,2.724,1.231,9.596*4F
$GNGST,021036.00,0.007,0.003,0.002,41.8245,2.724,1.231,9.596*46
$GNGST,021036.10,0.007,0.003,0.002,42.5492,2.724,1.231,9.596*45
$GNGST,021036.20,0.007,0.003,0.002,42.6138,2.724,1.231,9.596*40
$GNGST,021036.30,0.007,0.003,0.002,42.6138,2.724,1.231,9.596*41
$GNGST,021036.40,0.007,0.003,0.002,41.8687,2.724,1.231,9.596*48
$GNGST,021036.50,0.007,0.003,0.002,42.5143,2.724,1.231,9.596*48
$GNGST,021036.60,0.007,0.003,0.002,42.5144,2.724,1.231,9.596*4C
$GNGST,021036.70,0.007,0.003,0.002,41.8166,2.724,1.231,9.596*43
$GNGST,021036.80,0.007,0.003,0.002,41.8326,2.724,1.231,9.596*4A
$GNGST,021036.90,0.007,0.003,0.002,41.8714,2.724,1.231,9.596*4E
$GNGST,021037.00,0.008,0.003,0.002,42.4149,2.724,1.231,9.596*48
$GNGST,021037.10,0.007,0.003,0.002,42.4948,2.724,1.231,9.596*4F
$GNGST,021037.20,0.007,0.003,0.002,42.5601,2.724,1.231,9.596*4F
$GNGST,021037.30,0.007,0.003,0.002,42.5601,2.724,1.231,9.596*4E
$GNGST,021037.40,0.007,0.003,0.002,42.5819,2.724,1.231,9.596*4E
$GNGST,021037.50,0.007,0.003,0.002,42.5784,2.724,1.231,9.596*44
$GNGST,021037.60,0.007,0.003,0.002,42.5785,2.724,1.231,9.596*46
$GNGST,021037.70,0.007,0.003,0.002,42.5786,2.724,1.231,9.596*44
$GNGST,021037.80,0.007,0.003,0.002,42.5787,2.724,1.231,9.596*4A
$GNGST,021037.90,0.007,0.003,0.002,42.5128,2.724,1.231,9.596*48
$GNGST,021038.00,0.007,0.003,0.002,42.9977,2.724,1.231,9.596*40
$GNGST,021038.10,0.007,0.003,0.002,43.0642,2.724,1.231,9.596*40
$GNGST,021038.20,0.007,0.003,0.002,42.5600,2.724,1.231,9.596*41
$GNGST,021038.30,0.007,0.003,0.002,43.0644,2.724,1.231,9.596*44
$GNGST,021038.40,0.007,0.003,0.002,42.5602,2.724,1.231,9.596*45
$GNGST,021038.50,0.007,0.003,0.002,42.5603,2.724,1.231,9.596*45
$GNGST,021038.60,0.007,0.003,0.002,42.5603,2.724,1.231,9.596*46
$GNGST,021038.70,0.007,0.003,0.002,42.5991,2.724,1.231,9.596*43
$GNGST,021038.80,0.007,0.003,0.002,42.5993,2.724,1.231,9.596*4E
$GNGST,021038.90,0.007,0.003,0.002,42.5149,2.724,1.231,9.596*40
$GNGST,021039.00,0.007,0.003,0.002,42.5532,2.724,1.231,9.596*40
$GNGST,021039.10,0.007,0.003,0.002,42.5151,2.724,1.231,9.596*40
$GNGST,021039.20,0.007,0.003,0.002,42.5151,2.724,1.231,9.596*43
$GNGST,021039.30,0.007,0.003,0.002,42.5842,2.724,1.231,9.596*49
$GNGST,021039.40,0.007,0.003,0.002,42.5536,2.724,1.231,9.596*40
$GNGST,021039.50,0.007,0.003,0.002,42.5154,2.724,1.231,9.596*41
$GNGST,021039.60,0.007,0.003,0.002,42.4324,2.724,1.231,9.596*46
$GNGST,021039.70,0.008,0.003,0.002,41.0336,2.724,1.231,9.596*4C
$GNGST,021039.80,0.007,0.003,0.002,41.7520,2.724,1.231,9.596*4A
$GNGST,021039.90,0.007,0.003,0.002,41.7915,2.724,1.231,9.596*41
$GNGST,021040.00,0.007,0.003,0.002,42.3935,2.724,1.231,9.596*43
$GNGST,021040.10,0.007,0.003,0.002,42.3935,2.724,1.231,9.596*42
$GNGST,021040.20,0.007,0.003,0.002,42.3936,2.724,1.231,9.596*42
$GNGST,021040.30,0.008,0.003,0.002,43.5771,2.724,1.231,9.596*46
$GNGST,021040.40,0.008,0.003,0.002,43.5527,2.724,1.231,9.596*40
$GNGST,021040.50,0.008,0.003,0.002,43.5772,2.724,1.231,9.596*43
$GNGST,021040.60,0.007,0.003,0.002,42.3947,2.724,1.231,9.596*40
$GNGST,021040.70,0.007,0.003,0.002,41.7573,2.724,1.231,9.596*4D
$GNGST,021040.80,0.007,0.003,0.002,41.7574,2.724,1.231,9.596*45
$GNGST,021040.90,0.007,0.003,0.002,42.3949,2.724,1.231,9.596*41
$GNGST,021041.00,0.007,0.003,0.002,41.7522,2.724,1.231,9.596*4F
$GNGST,021041.10,0.008,0.003,0.002,42.1179,2.724,1.231,9.596*4E
$GNGST,021041.20,0.007,0.003,0.002,41.7523,2.724,1.231,9.596*4C
$GNGST,021041.30,0.008,0.003,0.002,42.2947,2.724,1.231,9.596*4A
$GNGST,021041.40,0.008,0.003,0.002,42.3030,2.724,1.231,9.596*45
$GNGST,021041.50,0.007,0.003,0.002,42.4377,2.724,1.231,9.596*4C
$GNGST,021041.60,0.007,0.003,0.002,41.8148,2.724,1.231,9.596*4E
$GNGST,021041.70,0.007,0.003,0.002,41.7546,2.724,1.231,9.596*4A
$GNGST,021041.80,0.007,0.003,0.002,41.6888,2.724,1.231,9.596*4B
$GNGST,021041.90,0.007,0.003,0.002,41.6888,2.724,1.231,9.596*4A
$GNGST,021042.00,0.007,0.003,0.002,43.0712,2.724,1.231,9.596*48
$GNGST,021042.10,0.007,0.003,0.002,42.4369,2.724,1.231,9.596*44
$GNGST,021042.20,0.007,0.003,0.002,42.4104,2.724,1.231,9.596*4E
$GNGST,021042.30,0.007,0.003,0.002,43.1100,2.724,1.231,9.596*4F
$GNGST,021042.40,0.007,0.003,0.002,42.3079,2.724,1.231,9.596*44
$GNGST,021042.50,0.007,0.003,0.002,43.1135,2.724,1.231,9.596*4F
$GNGST,021042.60,0.008,0.003,0.002,42.4333,2.724,1.231,9.596*43
$GNGST,021042.70,0.007,0.003,0.002,43.1138,2.724,1.231,9.596*40
$GNGST,021042.80,0.007,0.003,0.002,43.1139,2.724,1.231,9.596*4E
$GNGST,021042.90,0.007,0.003,0.002,42.4073,2.724,1.231,9.596*44
$GNGST,021043.00,0.007,0.003,0.002,43.1141,2.724,1.231,9.596*48
$GNGST,021043.10,0.007,0.003,0.002,43.1157,2.724,1.231,9.596*4E
$GNGST,021043.20,0.007,0.003,0.002,43.1410,2.724,1.231,9.596*4B
$GNGST,021043.30,0.007,0.003,0.002,43.1411,2.724,1.231,9.596*4B
$GNGST,021043.40,0.007,0.003,0.002,43.1412,2.724,1.231,9.596*4F
$GNGST,021043.50,0.007,0.003,0.002,42.4477,2.724,1.231,9.596*49
$GNGST,021043.60,0.007,0.003,0.002,43.0755,2.724,1.231,9.596*4C
$GNGST,021043.70,0.007,0.003,0.002,43.1531,2.724,1.231,9.596*4C
$GNGST,021043.80,0.007,0.003,0.002,43.0978,2.724,1.231,9.596*43
$GNGST,021043.90,0.007,0.003,0.002,43.0838,2.724,1.231,9.596*47
$GNGST,021044.00,0.007,0.003,0.002,43.1535,2.724,1.231,9.596*48
$GNGST,021044.10,0.007,0.003,0.002,43.0840,2.724,1.231,9.596*47
$GNGST,021044.20,0.008,0.003,0.002,45.8056,2.724,1.231,9.596*4A
$GNGST,021044.30,0.007,0.003,0.002,43.1539,2.724,1.231,9.596*47
$GNGST,021044.40,0.007,0.003,0.002,42.4405,2.724,1.231,9.596*4A
$GNGST,021044.50,0.007,0.003,0.002,43.1724,2.724,1.231,9.596*4F
$GNGST,021044.60,0.008,0.003,0.002,41.6997,2.724,1.231,9.596*40
$GNGST,021044.70,0.008,0.003,0.002,39.2834,2.724,1.231,9.596*42
$GNGST,021044.80,0.007,0.003,0.002,43.1728,2.724,1.231,9.596*4E
$GNGST,021044.90,0.007,0.003,0.002,42.3549,2.724,1.231,9.596*49
$GNGST,021045.00,0.007,0.003,0.002,42.3952,2.724,1.231,9.596*47
$GNGST,021045.10,0.007,0.003,0.002,42.3551,2.724,1.231,9.596*49
$GNGST,021045.20,0.007,0.003,0.002,41.9018,2.724,1.231,9.596*4B
$GNGST,021045.30,0.007,0.003,0.002,42.4294,2.724,1.231,9.596*42
$GNGST,021045.40,0.007,0.003,0.002,42.3553,2.724,1.231,9.596*4E
$GNGST,021045.50,0.007,0.003,0.002,41.9022,2.724,1.231,9.596*45
$GNGST,021045.60,0.007,0.003,0.002,41.9023,2.724,1.231,9.596*47
$GNGST,021045.70,0.007,0.003,0.002,41.9024,2.724,1.231,9.596*41
$GNGST,021045.80,0.007,0.003,0.002,42.3556,2.724,1.231,9.596*47
$GNGST,021045.90,0.007,0.003,0.002,41.9027,2.724,1.231,9.596*4C
$GNGST,021046.00,0.007,0.003,0.002,42.5373,2.724,1.231,9.596*4B
$GNGST,021046.10,0.008,0.003,0.002,42.1114,2.724,1.231,9.596*42
$GNGST,021046.20,0.007,0.003,0.002,42.5699,2.724,1.231,9.596*48
$GNGST,021046.30,0.007,0.003,0.002,42.5223,2.724,1.231,9.596*4C
$GNGST,021046.40,0.007,0.003,0.002,42.5224,2.724,1.231,9.596*4C
$GNGST,021046.50,0.007,0.003,0.002,46.7998,2.724,1.231,9.596*47
$GNGST,021046.60,0.007,0.003,0.002,42.5226,2.724,1.231,9.596*4C
$GNGST,021046.70,0.007,0.003,0.002,42.5226,2.724,1.231,9.596*4D
$GNGST,021046.80,0.007,0.003,0.002,42.3592,2.724,1.231,9.596*4C
$GNGST,021046.90,0.007,0.003,0.002,41.7247,2.724,1.231,9.596*45
$GNGST,021047.00,0.007,0.003,0.002,41.7248,2.724,1.231,9.596*42
$GNGST,021047.10,0.007,0.003,0.002,41.6637,2.724,1.231,9.596*4E
$GNGST,021047.20,0.007,0.003,0.002,41.6637,2.724,1.231,9.596*4D
$GNGST,021047.30,0.007,0.003,0.002,41.6465,2.724,1.231,9.596*49
$GNGST,021047.40,0.007,0.003,0.002,41.6466,2.724,1.231,9.596*4D
$GNGST,021047.50,0.007,0.003,0.002,42.3354,2.724,1.231,9.596*4C
$GNGST,021047.60,0.007,0.003,0.002,41.6467,2.724,1.231,9.596*4E
$GNGST,021047.70,0.007,0.003,0.002,42.3429,2.724,1.231,9.596*43
$GNGST,021047.80,0.007,0.003,0.002,41.9515,2.724,1.231,9.596*4B
$GNGST,021047.90,0.008,0.003,0.002,41.8947,2.724,1.231,9.596*4F
$GNGST,021048.00,0.007,0.003,0.002,41.8207,2.724,1.231,9.596*49
$GNGST,021048.10,0.008,0.003,0.002,41.8946,2.724,1.231,9.596*49
$GNGST,021048.20,0.008,0.003,0.002,41.8947,2.724,1.231,9.596*4B
$GNGST,021048.30,0.007,0.003,0.002,41.9518,2.724,1.231,9.596*42
$GNGST,021048.40,0.007,0.003,0.002,41.9519,2.724,1.231,9.596*44
$GNGST,021048.50,0.007,0.003,0.002,41.9520,2.724,1.231,9.596*4F
$GNGST,021048.60,0.007,0.003,0.002,42.3883,2.724,1.231,9.596*41
$GNGST,021048.70,0.007,0.003,0.002,42.3247,2.724,1.231,9.596*42
$GNGST,021048.80,0.007,0.003,0.002,42.2609,2.724,1.231,9.596*42
$GNGST,021048.90,0.007,0.003,0.002,41.8744,2.724,1.231,9.596*42
$GNGST,021049.00,0.007,0.003,0.002,42.3838,2.724,1.231,9.596*46
$GNGST,021049.10,0.007,0.003,0.002,42.6627,2.724,1.231,9.596*42
$GNGST,021049.20,0.007,0.003,0.002,42.6264,2.724,1.231,9.596*42
$GNGST,021049.30,0.007,0.003,0.002,42.6265,2.724,1.231,9.596*42
$GNGST,021049.40,0.008,0.003,0.002,42.1618,2.724,1.231,9.596*43
$GNGST,021049.50,0.007,0.003,0.002,42.1712,2.724,1.231,9.596*46
$GNGST,021049.60,0.007,0.003,0.002,42.2816,2.724,1.231,9.596*4D
$GNGST,021049.70,0.007,0.003,0.002,42.3792,2.724,1.231,9.596*4E
$GNGST,021049.80,0.007,0.003,0.002,42.2818,2.724,1.231,9.596*4D
$GNGST,021049.90,0.007,0.003,0.002,42.3794,2.724,1.231,9.596*46
$GNGST,021050.00,0.007,0.003,0.002,42.3206,2.724,1.231,9.596*49
$GNGST,021050.10,0.007,0.003,0.002,42.7416,2.724,1.231,9.596*4B
$GNGST,021050.20,0.008,0.003,0.002,42.9880,2.724,1.231,9.596*4A
$GNGST,021050.30,0.008,0.003,0.002,43.0261,2.724,1.231,9.596*46
$GNGST,021050.40,0.008,0.003,0.002,42.1111,2.724,1.231,9.596*45
$GNGST,021050.50,0.007,0.003,0.002,42.6357,2.724,1.231,9.596*4C
$GNGST,021050.60,0.007,0.003,0.002,42.6583,2.724,1.231,9.596*40
$GNGST,021050.70,0.007,0.003,0.002,42.6225,2.724,1.231,9.596*4A
$GNGST,021050.80,0.007,0.003,0.002,42.6226,2.724,1.231,9.596*46
$GNGST,021050.90,0.007,0.003,0.002,42.6226,2.724,1.231,9.596*47
$GNGST,021051.00,0.007,0.003,0.002,42.6587,2.724,1.231,9.596*43
$GNGST,021051.10,0.007,0.003,0.002,42.6441,2.724,1.231,9.596*49
$GNGST,021051.20,0.007,0.003,0.002,42.6072,2.724,1.231,9.596*4E
$GNGST,021051.30,0.007,0.003,0.002,42.6073,2.724,1.231,9.596*4E
$GNGST,021051.40,0.007,0.003,0.002,42.2225,2.724,1.231,9.596*4C
$GNGST,021051.50,0.007,0.003,0.002,42.6444,2.724,1.231,9.596*48
$GNGST,021051.60,0.007,0.003,0.002,42.6445,2.724,1.231,9.596*4A
$GNGST,021051.70,0.007,0.003,0.002,42.6446,2.724,1.231,9.596*48
$GNGST,021051.80,0.007,0.003,0.002,42.6741,2.724,1.231,9.596*43
$GNGST,021051.90,0.007,0.003,0.002,42.6742,2.724,1.231,9.596*41
$GNGST,021052.00,0.008,0.003,0.002,42.2419,2.724,1.231,9.596*4D
$GNGST,021052.10,0.008,0.003,0.002,42.2249,2.724,1.231,9.596*4F
$GNGST,021052.20,0.008,0.003,0.002,41.9569,2.724,1.231,9.596*41
$GNGST,021052.30,0.007,0.003,0.002,42.6598,2.724,1.231,9.596*4D
$GNGST,021052.40,0.007,0.003,0.002,42.6599,2.724,1.231,9.596*4B
$GNGST,021052.50,0.007,0.003,0.002,42.2180,2.724,1.231,9.596*42
$GNGST,021052.60,0.007,0.003,0.002,42.2181,2.724,1.231,9.596*40
$GNGST,021052.70,0.007,0.003,0.002,42.2183,2.724,1.231,9.596*43
$GNGST,021052.80,0.007,0.003,0.002,42.2184,2.724,1.231,9.596*4B
$GNGST,021052.90,0.007,0.003,0.002,42.2186,2.724,1.231,9.596*48
$GNGST,021053.00,0.007,0.003,0.002,42.7977,2.724,1.231,9.596*43
$GNGST,021053.10,0.007,0.003,0.002,42.7850,2.724,1.231,9.596*46
$GNGST,021053.20,0.007,0.003,0.002,42.7851,2.724,1.231,9.596*44
$GNGST,021053.30,0.007,0.003,0.002,42.8151,2.724,1.231,9.596*43
$GNGST,021053.40,0.008,0.003,0.002,42.0971,2.724,1.231,9.596*49
$GNGST,021053.50,0.008,0.003,0.002,42.3546,2.724,1.231,9.596*43
$GNGST,021053.60,0.008,0.003,0.002,42.3547,2.724,1.231,9.596*41
$GNGST,021053.70,0.007,0.003,0.002,42.3934,2.724,1.231,9.596*47
$GNGST,021053.80,0.007,0.003,0.002,42.8156,2.724,1.231,9.596*4F
$GNGST,021053.90,0.007,0.003,0.002,42.8157,2.724,1.231,9.596*4F
$GNGST,021054.00,0.007,0.003,0.002,42.7494,2.724,1.231,9.596*44
$GNGST,021054.10,0.007,0.003,0.002,42.0923,2.724,1.231,9.596*43
$GNGST,021054.20,0.007,0.003,0.002,42.0924,2.724,1.231,9.596*47
$GNGST,021054.30,0.007,0.003,0.002,42.7806,2.724,1.231,9.596*40
$GNGST,021054.40,0.007,0.003,0.002,42.7498,2.724,1.231,9.596*4C
$GNGST,021054.50,0.007,0.003,0.002,42.7362,2.724,1.231,9.596*4F
$GNGST,021054.60,0.007,0.003,0.002,42.7196,2.724,1.231,9.596*45
$GNGST,021054.70,0.007,0.003,0.002,42.7197,2.724,1.231,9.596*45
$GNGST,021054.80,0.007,0.003,0.002,42.7891,2.724,1.231,9.596*45
$GNGST,021054.90,0.007,0.003,0.002,42.7892,2.724,1.231,9.596*47
$GNGST,021055.00,0.007,0.003,0.002,42.7771,2.724,1.231,9.596*4D
$GNGST,021055.10,0.007,0.003,0.002,42.7894,2.724,1.231,9.596*48
$GNGST,021055.20,0.008,0.003,0.002,41.9911,2.724,1.231,9.596*45
$GNGST,021055.30,0.007,0.003,0.002,42.7202,2.724,1.231,9.596*4F
$GNGST,021055.40,0.007,0.003,0.002,42.7203,2.724,1.231,9.596*49
$GNGST,021055.50,0.007,0.003,0.002,42.7897,2.724,1.231,9.596*4F
$GNGST,021055.60,0.007,0.003,0.002,42.7898,2.724,1.231,9.596*43
$GNGST,021055.70,0.007,0.003,0.002,42.7065,2.724,1.231,9.596*48
$GNGST,021055.80,0.007,0.003,0.002,42.7462,2.724,1.231,9.596*44
$GNGST,021055.90,0.007,0.003,0.002,42.7463,2.724,1.231,9.596*44
$GNGST,021056.00,0.007,0.003,0.002,42.7327,2.724,1.231,9.596*49
$GNGST,021056.10,0.007,0.003,0.002,42.7862,2.724,1.231,9.596*42
$GNGST,021056.20,0.008,0.003,0.002,42.2637,2.724,1.231,9.596*45
$GNGST,021056.30,0.007,0.003,0.002,43.5233,2.724,1.231,9.596*4D
$GNGST,021056.40,0.008,0.003,0.002,42.2640,2.724,1.231,9.596*43
$GNGST,021056.50,0.007,0.003,0.002,42.7290,2.724,1.231,9.596*41
$GNGST,021056.60,0.008,0.003,0.002,45.1556,2.724,1.231,9.596*41
$GNGST,021056.70,0.008,0.003,0.002,42.8465,2.724,1.231,9.596*4F
$GNGST,021056.80,0.007,0.003,0.002,42.4920,2.724,1.231,9.596*4F
$GNGST,021056.90,0.007,0.003,0.002,42.4920,2.724,1.231,9.596*4E
$GNGST,021057.00,0.007,0.003,0.002,42.4921,2.724,1.231,9.596*47
$GNGST,021057.10,0.007,0.003,0.002,42.4922,2.724,1.231,9.596*45
$GNGST,021057.20,0.007,0.003,0.002,42.5098,2.724,1.231,9.596*4F
$GNGST,021057.30,0.007,0.003,0.002,42.5099,2.724,1.231,9.596*4F
$GNGST,021057.40,0.007,0.003,0.002,42.5099,2.724,1.231,9.596*48
$GNGST,021057.50,0.007,0.003,0.002,42.5100,2.724,1.231,9.596*48
$GNGST,021057.60,0.007,0.003,0.002,42.5101,2.724,1.231,9.596*4A
$GNGST,021057.70,0.007,0.003,0.002,43.0474,2.724,1.231,9.596*48
$GNGST,021057.80,0.007,0.003,0.002,43.0475,2.724,1.231,9.596*46
$GNGST,021057.90,0.008,0.003,0.002,45.5695,2.724,1.231,9.596*47
$GNGST,021058.00,0.008,0.003,0.002,45.5196,2.724,1.231,9.596*45
$GNGST,021058.10,0.007,0.003,0.002,43.0478,2.724,1.231,9.596*4D
$GNGST,021058.20,0.007,0.003,0.002,43.3322,2.724,1.231,9.596*45
$GNGST,021058.30,0.007,0.003,0.002,43.3323,2.724,1.231,9.596*45
$GNGST,021058.40,0.008,0.003,0.002,45.5709,2.724,1.231,9.596*41
$GNGST,021058.50,0.007,0.003,0.002,43.0483,2.724,1.231,9.596*4D
$GNGST,021058.60,0.007,0.003,0.002,43.0485,2.724,1.231,9.596*48
$GNGST,021058.70,0.007,0.003,0.002,43.0486,2.724,1.231,9.596*4A
$GNGST,021058.80,0.007,0.003,0.002,43.0312,2.724,1.231,9.596*4F
$GNGST,021058.90,0.007,0.003,0.002,42.3654,2.724,1.231,9.596*4B
$GNGST,021059.00,0.008,0.003,0.002,35.6330,2.724,1.231,9.596*4E
$GNGST,021059.10,0.008,0.003,0.002,45.5492,2.724,1.231,9.596*44
$GNGST,021059.20,0.008,0.003,0.002,41.8843,2.724,1.231,9.596*4E
$GNGST,021059.30,0.008,0.003,0.002,47.5338,2.724,1.231,9.596*43
$GNGST,021059.40,0.008,0.003,0.002,46.5697,2.724,1.231,9.596*45
$GNGST,021059.50,0.008,0.003,0.002,45.6220,2.724,1.231,9.596*4C
$GNGST,021059.60,0.007,0.003,0.002,42.3774,2.724,1.231,9.596*46
$GNGST,021059.70,0.008,0.003,0.002,45.6182,2.724,1.231,9.596*45
$GNGST,021059.80,0.008,0.003,0.002,45.6184,2.724,1.231,9.596*4C
$GNGST,021059.90,0.008,0.003,0.002,42.3683,2.724,1.231,9.596*4F
$GNGST,021100.00,0.008,0.003,0.002,41.3106,2.724,1.231,9.596*42
$GNGST,021100.10,0.007,0.003,0.002,41.5478,2.724,1.231,9.596*46
$GNGST,021100.20,0.008,0.003,0.002,41.1949,2.724,1.231,9.596*41
$GNGST,021100.30,0.008,0.003,0.002,41.2080,2.724,1.231,9.596*4F
$GNGST,021100.40,0.008,0.003,0.002,41.0447,2.724,1.231,9.596*45
$GNGST,021100.50,0.007,0.003,0.002,42.1899,2.724,1.231,9.596*46
$GNGST,021100.60,0.007,0.003,0.002,42.1900,2.724,1.231,9.596*44
$GNGST,021100.70,0.007,0.003,0.002,42.1901,2.724,1.231,9.596*44
$GNGST,021100.80,0.007,0.003,0.002,42.1902,2.724,1.231,9.596*48
$GNGST,021100.90,0.007,0.003,0.002,42.2044,2.724,1.231,9.596*41
$GNGST,021101.00,0.007,0.003,0.002,42.1904,2.724,1.231,9.596*47
$GNGST,021101.10,0.007,0.003,0.002,42.1904,2.724,1.231,9.596*46
$GNGST,021101.20,0.007,0.003,0.002,41.5134,2.724,1.231,9.596*49
$GNGST,021101.30,0.007,0.003,0.002,41.6041,2.724,1.231,9.596*48
$GNGST,021101.40,0.007,0.003,0.002,41.5896,2.724,1.231,9.596*4E
$GNGST,021101.50,0.007,0.003,0.002,41.5896,2.724,1.231,9.596*4F
$GNGST,021101.60,0.008,0.003,0.002,41.5525,2.724,1.231,9.596*46
$GNGST,021101.70,0.007,0.003,0.002,42.2551,2.724,1.231,9.596*4F
$GNGST,021101.80,0.007,0.003,0.002,42.2551,2.724,1.231,9.596*40
$GNGST,021101.90,0.007,0.003,0.002,42.2552,2.724,1.231,9.596*42
$GNGST,021102.00,0.007,0.003,0.002,42.2553,2.724,1.231,9.596*49
$GNGST,021102.10,0.007,0.003,0.002,42.2554,2.724,1.231,9.596*4F
$GNGST,021102.20,0.007,0.003,0.002,42.2554,2.724,1.231,9.596*4C
$GNGST,021102.30,0.008,0.003,0.002,41.8265,2.724,1.231,9.596*4E
$GNGST,021102.40,0.007,0.003,0.002,42.2701,2.724,1.231,9.596*48
$GNGST,021102.50,0.007,0.003,0.002,41.6426,2.724,1.231,9.596*48
$GNGST,021102.60,0.007,0.003,0.002,42.3304,2.724,1.231,9.596*4A
$GNGST,021102.70,0.007,0.003,0.002,42.3160,2.724,1.231,9.596*4B
$GNGST,021102.80,0.007,0.003,0.002,42.3306,2.724,1.231,9.596*46
$GNGST,021102.90,0.007,0.003,0.002,42.3306,2.724,1.231,9.596*47
$GNGST,021103.00,0.008,0.003,0.002,40.9536,2.724,1.231,9.596*4D
$GNGST,021103.10,0.007,0.003,0.002,42.3308,2.724,1.231,9.596*40
$GNGST,021103.20,0.007,0.003,0.002,42.3164,2.724,1.231,9.596*4B
$GNGST,021103.30,0.007,0.003,0.002,42.3165,2.724,1.231,9.596*4B
$GNGST,021103.40,0.007,0.003,0.002,42.3310,2.724,1.231,9.596*4C
$GNGST,021103.50,0.007,0.003,0.002,42.3167,2.724,1.231,9.596*4F
$GNGST,021103.60,0.007,0.003,0.002,41.6286,2.724,1.231,9.596*46
$GNGST,021103.70,0.007,0.003,0.002,42.0893,2.724,1.231,9.596*4C
$GNGST,021103.80,0.007,0.003,0.002,42.0894,2.724,1.231,9.596*44
$GNGST,021103.90,0.007,0.003,0.002,42.0896,2.724,1.231,9.596*47
$GNGST,021104.00,0.007,0.003,0.002,41.6288,2.724,1.231,9.596*49
$GNGST,021104.10,0.007,0.003,0.002,42.2978,2.724,1.231,9.596*4B
$GNGST,021104.20,0.008,0.003,0.002,40.9382,2.724,1.231,9.596*41
$GNGST,021104.30,0.007,0.003,0.002,41.6102,2.724,1.231,9.596*4B
$GNGST,021104.40,0.007,0.003,0.002,41.6103,2.724,1.231,9.596*4D
$GNGST,021104.50,0.007,0.003,0.002,41.6103,2.724,1.231,9.596*4C
$GNGST,021104.60,0.008,0.003,0.002,40.9381,2.724,1.231,9.596*46
$GNGST,021104.70,0.007,0.003,0.002,42.3395,2.724,1.231,9.596*45
$GNGST,021104.80,0.007,0.003,0.002,42.3396,2.724,1.231,9.596*49
$GNGST,021104.90,0.007,0.003,0.002,42.3612,2.724,1.231,9.596*41
$GNGST,021105.00,0.008,0.003,0.002,41.6616,2.724,1.231,9.596*44
$GNGST,021105.10,0.007,0.003,0.002,42.3614,2.724,1.231,9.596*4E
$GNGST,021105.20,0.007,0.003,0.002,41.6740,2.724,1.231,9.596*4B
$GNGST,021105.30,0.007,0.003,0.002,42.3625,2.724,1.231,9.596*4E
$GNGST,021105.40,0.007,0.003,0.002,42.3616,2.724,1.231,9.596*49
$GNGST,021105.50,0.007,0.003,0.002,42.3626,2.724,1.231,9.596*4B
$GNGST,021105.60,0.007,0.003,0.002,42.3618,2.724,1.231,9.596*45
$GNGST,021105.70,0.008,0.003,0.002,42.8436,2.724,1.231,9.596*4E
$GNGST,021105.80,0.007,0.003,0.002,42.3304,2.724,1.231,9.596*43
$GNGST,021105.90,0.007,0.003,0.002,42.3305,2.724,1.231,9.596*43
$GNGST,021106.00,0.007,0.003,0.002,42.3881,2.724,1.231,9.596*4E
$GNGST,021106.10,0.007,0.003,0.002,42.3882,2.724,1.231,9.596*4C
$GNGST,021106.20,0.007,0.003,0.002,42.3883,2.724,1.231,9.596*4E
$GNGST,021106.30,0.007,0.003,0.002,42.3884,2.724,1.231,9.596*48
$GNGST,021106.40,0.007,0.003,0.002,42.3885,2.724,1.231,9.596*4E
$GNGST,021106.50,0.007,0.003,0.002,42.3885,2.724,1.231,9.596*4F
$GNGST,021106.60,0.007,0.003,0.002,43.2441,2.724,1.231,9.596*48
$GNGST,021106.70,0.007,0.003,0.002,43.2442,2.724,1.231,9.596*4A
$GNGST,021106.80,0.007,0.003,0.002,42.5138,2.724,1.231,9.596*4B
$GNGST,021106.90,0.007,0.003,0.002,42.5139,2.724,1.231,9.596*4B
$GNGST,021107.00,0.007,0.003,0.002,42.5140,2.724,1.231,9.596*4D
$GNGST,021107.10,0.007,0.003,0.002,42.5716,2.724,1.231,9.596*49
$GNGST,021107.20,0.007,0.003,0.002,42.5141,2.724,1.231,9.596*4E
$GNGST,021107.30,0.007,0.003,0.002,42.5142,2.724,1.231,9.596*4C
$GNGST,021107.40,0.007,0.003,0.002,42.5143,2.724,1.231,9.596*4A
$GNGST,021107.50,0.007,0.003,0.002,42.5144,2.724,1.231,9.596*4C
$GNGST,021107.60,0.007,0.003,0.002,42.5145,2.724,1.231,9.596*4E
$GNGST,021107.70,0.007,0.003,0.002,42.5145,2.724,1.231,9.596*4F
$GNGST,021107.80,0.007,0.003,0.002,42.5146,2.724,1.231,9.596*43
$GNGST,021107.90,0.007,0.003,0.002,42.8360,2.724,1.231,9.596*49
$GNGST,021108.00,0.008,0.003,0.002,43.2882,2.724,1.231,9.596*4C
$GNGST,021108.10,0.008,0.003,0.002,42.1238,2.724,1.231,9.596*44
$GNGST,021108.20,0.007,0.003,0.002,42.7794,2.724,1.231,9.596*4D
$GNGST,021108.30,0.007,0.003,0.002,42.8368,2.724,1.231,9.596*44
$GNGST,021108.40,0.007,0.003,0.002,42.8369,2.724,1.231,9.596*42
$GNGST,021108.50,0.007,0.003,0.002,42.8156,2.724,1.231,9.596*4D
$GNGST,021108.60,0.008,0.003,0.002,43.2671,2.724,1.231,9.596*48
$GNGST,021108.70,0.008,0.003,0.002,42.3475,2.724,1.231,9.596*4F
$GNGST,021108.80,0.007,0.003,0.002,42.6144,2.724,1.231,9.596*4D
$GNGST,021108.90,0.008,0.003,0.002,42.3830,2.724,1.231,9.596*4C
$GNGST,021109.00,0.008,0.003,0.002,41.6831,2.724,1.231,9.596*43
$GNGST,021109.10,0.008,0.003,0.002,41.6832,2.724,1.231,9.596*41
$GNGST,021109.20,0.008,0.003,0.002,45.4690,2.724,1.231,9.596*42
$GNGST,021109.30,0.008,0.003,0.002,42.3836,2.724,1.231,9.596*41
$GNGST,021109.40,0.008,0.003,0.002,45.4695,2.724,1.231,9.596*41
$GNGST,021109.50,0.008,0.003,0.002,41.6837,2.724,1.231,9.596*40
$GNGST,021109.60,0.008,0.003,0.002,42.3840,2.724,1.231,9.596*45
$GNGST,021109.70,0.008,0.003,0.002,42.4162,2.724,1.231,9.596*4A
$GNGST,021109.80,0.008,0.003,0.002,41.7158,2.724,1.231,9.596*4C
$GNGST,021109.90,0.008,0.003,0.002,41.7594,2.724,1.231,9.596*49
$GNGST,021110.00,0.008,0.003,0.002,42.4166,2.724,1.231,9.596*41
$GNGST,021110.10,0.008,0.003,0.002,42.4167,2.724,1.231,9.596*41
$GNGST,021110.20,0.008,0.003,0.002,42.4040,2.724,1.231,9.596*46
$GNGST,021110.30,0.008,0.003,0.002,42.4701,2.724,1.231,9.596*45
$GNGST,021110.40,0.008,0.003,0.002,42.4702,2.724,1.231,9.596*41
$GNGST,021110.50,0.008,0.003,0.002,42.4577,2.724,1.231,9.596*40
$GNGST,021110.60,0.007,0.003,0.002,42.9560,2.724,1.231,9.596*47
$GNGST,021110.70,0.007,0.003,0.002,42.9561,2.724,1.231,9.596*47
$GNGST,021110.80,0.007,0.003,0.002,42.9420,2.724,1.231,9.596*4C
$GNGST,021110.90,0.007,0.003,0.002,43.8514,2.724,1.231,9.596*4B
$GNGST,021111.00,0.008,0.003,0.002,45.7064,2.724,1.231,9.596*47
$GNGST,021111.10,0.008,0.003,0.002,45.6731,2.724,1.231,9.596*40
$GNGST,021111.20,0.008,0.003,0.002,45.6863,2.724,1.231,9.596*4B
$GNGST,021111.30,0.007,0.003,0.002,43.8521,2.724,1.231,9.596*46
$GNGST,021111.40,0.007,0.003,0.002,43.8523,2.724,1.231,9.596*43
$GNGST,021111.50,0.007,0.003,0.002,43.6814,2.724,1.231,9.596*45
$GNGST,021111.60,0.007,0.003,0.002,42.9512,2.724,1.231,9.596*43
$GNGST,021111.70,0.008,0.003,0.002,45.1646,2.724,1.231,9.596*40
$GNGST,021111.80,0.007,0.003,0.002,42.2579,2.724,1.231,9.596*4B
$GNGST,021111.90,0.008,0.003,0.002,45.9075,2.724,1.231,9.596*40
$GNGST,021112.00,0.007,0.003,0.002,42.2581,2.724,1.231,9.596*47
$GNGST,021112.10,0.008,0.003,0.002,45.9077,2.724,1.231,9.596*49
$GNGST,021112.20,0.007,0.003,0.002,42.2582,2.724,1.231,9.596*46
$GNGST,021112.30,0.007,0.003,0.002,42.2583,2.724,1.231,9.596*46
$GNGST,021112.40,0.007,0.003,0.002,42.2584,2.724,1.231,9.596*46
$GNGST,021112.50,0.007,0.003,0.002,42.2440,2.724,1.231,9.596*4E
$GNGST,021112.60,0.007,0.003,0.002,42.8776,2.724,1.231,9.596*41
$GNGST,021112.70,0.007,0.003,0.002,43.5595,2.724,1.231,9.596*43
$GNGST,021112.80,0.007,0.003,0.002,42.1403,2.724,1.231,9.596*47
$GNGST,021112.90,0.007,0.003,0.002,42.1403,2.724,1.231,9.596*46
$GNGST,021113.00,0.007,0.003,0.002,42.1404,2.724,1.231,9.596*49
$GNGST,021113.10,0.007,0.003,0.002,43.5600,2.724,1.231,9.596*4B
$GNGST,021113.20,0.007,0.003,0.002,43.5602,2.724,1.231,9.596*4A
$GNGST,021113.30,0.008,0.003,0.002,41.6638,2.724,1.231,9.596*4C
$GNGST,021113.40,0.008,0.003,0.002,41.6511,2.724,1.231,9.596*43
$GNGST,021113.50,0.008,0.003,0.002,42.3794,2.724,1.231,9.596*4B
$GNGST,021113.60,0.008,0.003,0.002,42.3795,2.724,1.231,9.596*49
$GNGST,021113.70,0.007,0.003,0.002,43.5037,2.724,1.231,9.596*4F
$GNGST,021113.80,0.008,0.003,0.002,42.3274,2.724,1.231,9.596*4D
$GNGST,021113.90,0.008,0.003,0.002,42.3275,2.724,1.231,9.596*4D
$GNGST,021114.00,0.007,0.003,0.002,42.8355,2.724,1.231,9.596*44
$GNGST,021114.10,0.007,0.003,0.002,42.8356,2.724,1.231,9.596*46
$GNGST,021114.20,0.007,0.003,0.002,42.8357,2.724,1.231,9.596*44
$GNGST,021114.30,0.007,0.003,0.002,42.8358,2.724,1.231,9.596*4A
$GNGST,021114.40,0.008,0.003,0.002,42.3283,2.724,1.231,9.596*4E
$GNGST,021114.50,0.008,0.003,0.002,42.3165,2.724,1.231,9.596*44
$GNGST,021114.60,0.008,0.003,0.002,42.3286,2.724,1.231,9.596*49
$GNGST,021114.70,0.007,0.003,0.002,43.4726,2.724,1.231,9.596*4E
$GNGST,021114.80,0.007,0.003,0.002,43.4728,2.724,1.231,9.596*4F
$GNGST,021114.90,0.007,0.003,0.002,43.4729,2.724,1.231,9.596*4F
$GNGST,021115.00,0.007,0.003,0.002,43.4731,2.724,1.231,9.596*4E
$GNGST,021115.10,0.007,0.003,0.002,43.4732,2.724,1.231,9.596*4C
$GNGST,021115.20,0.007,0.003,0.002,43.4733,2.724,1.231,9.596*4E
$GNGST,021115.30,0.007,0.003,0.002,43.4735,2.724,1.231,9.596*49
$GNGST,021115.40,0.008,0.003,0.002,46.4861,2.724,1.231,9.596*4A
$GNGST,021115.50,0.007,0.003,0.002,43.3355,2.724,1.231,9.596*4A
$GNGST,021115.60,0.008,0.003,0.002,46.4865,2.724,1.231,9.596*4C
$GNGST,021115.70,0.007,0.003,0.002,43.3357,2.724,1.231,9.596*4A
$GNGST,021115.80,0.007,0.003,0.002,42.7440,2.724,1.231,9.596*41
$GNGST,021115.90,0.007,0.003,0.002,43.3339,2.724,1.231,9.596*4C
$GNGST,021116.00,0.007,0.003,0.002,43.3340,2.724,1.231,9.596*48
$GNGST,021116.10,0.007,0.003,0.002,43.3341,2.724,1.231,9.596*48
$GNGST,021116.20,0.007,0.003,0.002,42.7444,2.724,1.231,9.596*4C
$GNGST,021116.30,0.007,0.003,0.002,43.3201,2.724,1.231,9.596*4F
$GNGST,021116.40,0.008,0.003,0.002,43.5995,2.724,1.231,9.596*47
$GNGST,021116.50,0.008,0.003,0.002,42.1639,2.724,1.231,9.596*4A
$GNGST,021116.60,0.008,0.003,0.002,43.8999,2.724,1.231,9.596*44
$GNGST,021116.70,0.007,0.003,0.002,42.9673,2.724,1.231,9.596*41
$GNGST,021116.80,0.008,0.003,0.002,43.9535,2.724,1.231,9.596*41
$GNGST,021116.90,0.008,0.003,0.002,43.9537,2.724,1.231,9.596*42
$GNGST,021117.00,0.008,0.003,0.002,43.4022,2.724,1.231,9.596*46
$GNGST,021117.10,0.008,0.003,0.002,47.8504,2.724,1.231,9.596*4E
$GNGST,021117.20,0.008,0.003,0.002,43.4041,2.724,1.231,9.596*41
$GNGST,021117.30,0.008,0.003,0.002,43.9560,2.724,1.231,9.596*4B
$GNGST,021117.40,0.008,0.003,0.002,43.4045,2.724,1.231,9.596*43
$GNGST,021117.50,0.008,0.003,0.002,43.9030,2.724,1.231,9.596*4D
$GNGST,021117.60,0.008,0.003,0.002,43.0942,2.724,1.231,9.596*4B
$GNGST,021117.70,0.008,0.003,0.002,43.0945,2.724,1.231,9.596*4D
$GNGST,021117.80,0.007,0.003,0.002,43.6484,2.724,1.231,9.596*4B
$GNGST,021117.90,0.007,0.003,0.002,43.6486,2.724,1.231,9.596*48
$GNGST,021118.00,0.008,0.003,0.002,43.1521,2.724,1.231,9.596*4A
$GNGST,021118.10,0.007,0.003,0.002,43.6476,2.724,1.231,9.596*40
$GNGST,021118.20,0.008,0.003,0.002,43.1513,2.724,1.231,9.596*49
$GNGST,021118.30,0.008,0.003,0.002,43.1515,2.724,1.231,9.596*4E
$GNGST,021118.40,0.008,0.003,0.002,43.1517,2.724,1.231,9.596*4B
$GNGST,021118.50,0.008,0.003,0.002,43.1390,2.724,1.231,9.596*43
$GNGST,021118.60,0.007,0.003,0.002,42.7276,2.724,1.231,9.596*41
$GNGST,021118.70,0.007,0.003,0.002,42.7423,2.724,1.231,9.596*46
$GNGST,021118.80,0.007,0.003,0.002,43.3325,2.724,1.231,9.596*4D
$GNGST,021118.90,0.007,0.003,0.002,43.3180,2.724,1.231,9.596*41
$GNGST,021119.00,0.007,0.003,0.002,43.3867,2.724,1.231,9.596*49
$GNGST,021119.10,0.007,0.003,0.002,43.3868,2.724,1.231,9.596*47
$GNGST,021119.20,0.007,0.003,0.002,43.3869,2.724,1.231,9.596*45
$GNGST,021119.30,0.007,0.003,0.002,42.8114,2.724,1.231,9.596*4D
$GNGST,021119.40,0.007,0.003,0.002,42.8115,2.724,1.231,9.596*4B
$GNGST,021119.50,0.007,0.003,0.002,42.7971,2.724,1.231,9.596*4F
$GNGST,021119.60,0.007,0.003,0.002,42.4549,2.724,1.231,9.596*48
$GNGST,021119.70,0.007,0.003,0.002,42.8094,2.724,1.231,9.596*40
$GNGST,021119.80,0.007,0.003,0.002,43.5277,2.724,1.231,9.596*4C
$GNGST,021119.90,0.007,0.003,0.002,43.5278,2.724,1.231,9.596*42
$GNGST,021120.00,0.007,0.003,0.002,43.5279,2.724,1.231,9.596*40
$GNGST,021120.10,0.007,0.003,0.002,43.5141,2.724,1.231,9.596*49
$GNGST,021120.20,0.007,0.003,0.002,43.5292,2.724,1.231,9.596*47
$GNGST,021120.30,0.007,0.003,0.002,43.5293,2.724,1.231,9.596*47
$GNGST,021120.40,0.007,0.003,0.002,43.5294,2.724,1.231,9.596*47
$GNGST,021120.50,0.007,0.003,0.002,43.5295,2.724,1.231,9.596*47
$GNGST,021120.60,0.007,0.003,0.002,43.5296,2.724,1.231,9.596*47
$GNGST,021120.70,0.007,0.003,0.002,43.5125,2.724,1.231,9.596*4D
$GNGST,021120.80,0.007,0.003,0.002,43.5126,2.724,1.231,9.596*41
$GNGST,021120.90,0.007,0.003,0.002,43.5127,2.724,1.231,9.596*41
$GNGST,021121.00,0.007,0.003,0.002,43.5128,2.724,1.231,9.596*46
$GNGST,021121.10,0.007,0.003,0.002,42.8389,2.724,1.231,9.596*42
$GNGST,021121.20,0.007,0.003,0.002,43.5130,2.724,1.231,9.596*4D
$GNGST,021121.30,0.007,0.003,0.002,43.5131,2.724,1.231,9.596*4D
$GNGST,021121.40,0.007,0.003,0.002,43.5132,2.724,1.231,9.596*49
$GNGST,021121.50,0.007,0.003,0.002,42.4529,2.724,1.231,9.596*46
$GNGST,021121.60,0.007,0.003,0.002,42.4530,2.724,1.231,9.596*4D
$GNGST,021121.70,0.007,0.003,0.002,47.8414,2.724,1.231,9.596*42
$GNGST,021121.80,0.007,0.003,0.002,43.5300,2.724,1.231,9.596*46
$GNGST,021121.90,0.007,0.003,0.002,43.5150,2.724,1.231,9.596*40
$GNGST,021122.00,0.007,0.003,0.002,43.5151,2.724,1.231,9.596*4B
$GNGST,021122.10,0.007,0.003,0.002,43.5152,2.724,1.231,9.596*49
$GNGST,021122.20,0.007,0.003,0.002,43.5153,2.724,1.231,9.596*4B
$GNGST,021122.30,0.007,0.003,0.002,43.5154,2.724,1.231,9.596*4D
$GNGST,021122.40,0.007,0.003,0.002,43.5155,2.724,1.231,9.596*4B
$GNGST,021122.50,0.007,0.003,0.002,43.5532,2.724,1.231,9.596*4F
$GNGST,021122.60,0.007,0.003,0.002,43.5567,2.724,1.231,9.596*4C
$GNGST,021122.70,0.007,0.003,0.002,43.5534,2.724,1.231,9.596*4B
$GNGST,021122.80,0.007,0.003,0.002,43.5535,2.724,1.231,9.596*45
$GNGST,021122.90,0.007,0.003,0.002,43.5688,2.724,1.231,9.596*41
$GNGST,021123.00,0.007,0.003,0.002,43.5689,2.724,1.231,9.596*48
$GNGST,021123.10,0.007,0.003,0.002,43.5690,2.724,1.231,9.596*41
$GNGST,021123.20,0.007,0.003,0.002,43.5691,2.724,1.231,9.596*43
$GNGST,021123.30,0.007,0.003,0.002,43.5316,2.724,1.231,9.596*48
$GNGST,021123.40,0.008,0.003,0.002,42.7245,2.724,1.231,9.596*44
$GNGST,021123.50,0.007,0.003,0.002,43.5318,2.724,1.231,9.596*40
$GNGST,021123.60,0.007,0.003,0.002,43.5695,2.724,1.231,9.596*43
$GNGST,021123.70,0.007,0.003,0.002,43.4010,2.724,1.231,9.596*48
$GNGST,021123.80,0.007,0.003,0.002,43.4387,2.724,1.231,9.596*4A
$GNGST,021123.90,0.007,0.003,0.002,43.3991,2.724,1.231,9.596*41
$GNGST,021124.00,0.007,0.003,0.002,43.4592,2.724,1.231,9.596*47
$GNGST,021124.10,0.007,0.003,0.002,43.4593,2.724,1.231,9.596*47
$GNGST,021124.20,0.007,0.003,0.002,44.1627,2.724,1.231,9.596*4A
$GNGST,021124.30,0.008,0.003,0.002,43.2532,2.724,1.231,9.596*47
$GNGST,021124.40,0.007,0.003,0.002,43.6944,2.724,1.231,9.596*46
$GNGST,021124.50,0.007,0.003,0.002,43.6945,2.724,1.231,9.596*46
$GNGST,021124.60,0.007,0.003,0.002,43.4086,2.724,1.231,9.596*41
$GNGST,021124.70,0.007,0.003,0.002,43.3985,2.724,1.231,9.596*4D
$GNGST,021124.80,0.007,0.003,0.002,43.3985,2.724,1.231,9.596*42
$GNGST,021124.90,0.007,0.003,0.002,43.6936,2.724,1.231,9.596*4E
$GNGST,021125.00,0.007,0.003,0.002,43.6937,2.724,1.231,9.596*47
$GNGST,021125.10,0.007,0.003,0.002,43.6938,2.724,1.231,9.596*49
$GNGST,021125.20,0.007,0.003,0.002,43.7537,2.724,1.231,9.596*48
$GNGST,021125.30,0.007,0.003,0.002,43.6940,2.724,1.231,9.596*44
$GNGST,021125.40,0.007,0.003,0.002,43.6941,2.724,1.231,9.596*42
$GNGST,021125.50,0.007,0.003,0.002,43.7541,2.724,1.231,9.596*4E
$GNGST,021125.60,0.007,0.003,0.002,43.7036,2.724,1.231,9.596*48
$GNGST,021125.70,0.007,0.003,0.002,43.7037,2.724,1.231,9.596*48
$GNGST,021125.80,0.007,0.003,0.002,43.7489,2.724,1.231,9.596*46
$GNGST,021125.90,0.007,0.003,0.002,43.7490,2.724,1.231,9.596*4F
$GNGST,021126.00,0.008,0.003,0.002,44.6671,2.724,1.231,9.596*41
$GNGST,021126.10,0.007,0.003,0.002,43.7492,2.724,1.231,9.596*46
$GNGST,021126.20,0.008,0.003,0.002,44.6675,2.724,1.231,9.596*47
$GNGST,021126.30,0.008,0.003,0.002,44.7217,2.724,1.231,9.596*47
$GNGST,021126.40,0.008,0.003,0.002,44.7219,2.724,1.231,9.596*4E
$GNGST,021126.50,0.008,0.003,0.002,44.6680,2.724,1.231,9.596*4A
$GNGST,021126.60,0.008,0.003,0.002,44.6682,2.724,1.231,9.596*4B
$GNGST,021126.70,0.007,0.003,0.002,44.7269,2.724,1.231,9.596*45
$GNGST,021126.80,0.008,0.003,0.002,44.6686,2.724,1.231,9.596*41
$GNGST,021126.90,0.007,0.003,0.002,44.8689,2.724,1.231,9.596*4E
$GNGST,021127.00,0.008,0.003,0.002,44.8108,2.724,1.231,9.596*47
$GNGST,021127.10,0.008,0.003,0.002,44.8109,2.724,1.231,9.596*47
$GNGST,021127.20,0.008,0.003,0.002,45.9135,2.724,1.231,9.596*4B
$GNGST,021127.30,0.008,0.003,0.002,45.8480,2.724,1.231,9.596*40
$GNGST,021127.40,0.007,0.003,0.002,43.8338,2.724,1.231,9.596*4A
$GNGST,021127.50,0.007,0.003,0.002,43.8339,2.724,1.231,9.596*4A
$GNGST,021127.60,0.007,0.003,0.002,43.8232,2.724,1.231,9.596*43
$GNGST,021127.70,0.007,0.003,0.002,43.8233,2.724,1.231,9.596*43
$GNGST,021127.80,0.008,0.003,0.002,45.3000,2.724,1.231,9.596*4C
$GNGST,021127.90,0.007,0.003,0.002,44.3049,2.724,1.231,9.596*4E
$GNGST,021128.00,0.007,0.003,0.002,44.3050,2.724,1.231,9.596*40
$GNGST,021128.10,0.007,0.003,0.002,44.3051,2.724,1.231,9.596*40
$GNGST,021128.20,0.007,0.003,0.002,44.3052,2.724,1.231,9.596*40
$GNGST,021128.30,0.007,0.003,0.002,44.3053,2.724,1.231,9.596*40
$GNGST,021128.40,0.007,0.003,0.002,45.0557,2.724,1.231,9.596*44
$GNGST,021128.50,0.007,0.003,0.002,44.3056,2.724,1.231,9.596*43
$GNGST,021128.60,0.007,0.003,0.002,44.3057,2.724,1.231,9.596*41
$GNGST,021128.70,0.008,0.003,0.002,42.4361,2.724,1.231,9.596*48
$GNGST,021128.80,0.008,0.003,0.002,44.3376,2.724,1.231,9.596*40
$GNGST,021128.90,0.008,0.003,0.002,43.0913,2.724,1.231,9.596*4C
$GNGST,021129.00,0.007,0.003,0.002,44.9123,2.724,1.231,9.596*4E
$GNGST,021129.10,0.007,0.003,0.002,44.9124,2.724,1.231,9.596*48
$GNGST,021129.20,0.008,0.003,0.002,44.1338,2.724,1.231,9.596*43
$GNGST,021129.30,0.008,0.003,0.002,44.1338,2.724,1.231,9.596*42
$GNGST,021129.40,0.007,0.003,0.002,44.9129,2.724,1.231,9.596*40
$GNGST,021129.50,0.008,0.003,0.002,47.1876,2.724,1.231,9.596*46
$GNGST,021129.60,0.008,0.003,0.002,44.4215,2.724,1.231,9.596*4C
$GNGST,021129.70,0.008,0.003,0.002,44.9345,2.724,1.231,9.596*44
$GNGST,021129.80,0.007,0.003,0.002,44.9496,2.724,1.231,9.596*4D
$GNGST,021129.90,0.007,0.003,0.002,44.9498,2.724,1.231,9.596*42
$GNGST,021130.00,0.007,0.003,0.002,44.9499,2.724,1.231,9.596*42
$GNGST,021130.10,0.007,0.003,0.002,44.9501,2.724,1.231,9.596*43
$GNGST,021130.20,0.008,0.003,0.002,44.4223,2.724,1.231,9.596*45
$GNGST,021130.30,0.007,0.003,0.002,44.9504,2.724,1.231,9.596*44
$GNGST,021130.40,0.007,0.003,0.002,44.9505,2.724,1.231,9.596*42
$GNGST,021130.50,0.007,0.003,0.002,44.9507,2.724,1.231,9.596*41
$GNGST,021130.60,0.008,0.003,0.002,43.7067,2.724,1.231,9.596*47
$GNGST,021130.70,0.008,0.003,0.002,43.7068,2.724,1.231,9.596*49
$GNGST,021130.80,0.008,0.003,0.002,43.7069,2.724,1.231,9.596*47
$GNGST,021130.90,0.008,0.003,0.002,44.2391,2.724,1.231,9.596*40
$GNGST,021131.00,0.008,0.003,0.002,44.2392,2.724,1.231,9.596*4B
$GNGST,021131.10,0.008,0.003,0.002,44.2393,2.724,1.231,9.596*4B
$GNGST,021131.20,0.008,0.003,0.002,43.7072,2.724,1.231,9.596*46
$GNGST,021131.30,0.008,0.003,0.002,44.2395,2.724,1.231,9.596*4F
$GNGST,021131.40,0.008,0.003,0.002,44.3678,2.724,1.231,9.596*4F
$GNGST,021131.50,0.008,0.003,0.002,44.3679,2.724,1.231,9.596*4F
$GNGST,021131.60,0.008,0.003,0.002,44.2892,2.724,1.231,9.596*46
$GNGST,021131.70,0.008,0.003,0.002,44.3681,2.724,1.231,9.596*4A
$GNGST,021131.80,0.007,0.003,0.002,44.3570,2.724,1.231,9.596*47
$GNGST,021131.90,0.007,0.003,0.002,44.3571,2.724,1.231,9.596*47
$GNGST,021132.00,0.007,0.003,0.002,44.3572,2.724,1.231,9.596*4E
$GNGST,021132.10,0.007,0.003,0.002,44.3573,2.724,1.231,9.596*4E
$GNGST,021132.20,0.007,0.003,0.002,44.3574,2.724,1.231,9.596*4A
$GNGST,021132.30,0.007,0.003,0.002,44.3575,2.724,1.231,9.596*4A
$GNGST,021132.40,0.007,0.003,0.002,44.3577,2.724,1.231,9.596*4F
$GNGST,021132.50,0.008,0.003,0.002,44.9040,2.724,1.231,9.596*4A
$GNGST,021132.60,0.008,0.003,0.002,44.9041,2.724,1.231,9.596*48
$GNGST,021132.70,0.007,0.003,0.002,44.3580,2.724,1.231,9.596*44
$GNGST,021132.80,0.007,0.003,0.002,44.9776,2.724,1.231,9.596*4A
$GNGST,021132.90,0.008,0.003,0.002,44.7102,2.724,1.231,9.596*4F
$GNGST,021133.00,0.008,0.003,0.002,44.2675,2.724,1.231,9.596*45
$GNGST,021133.10,0.008,0.003,0.002,43.6187,2.724,1.231,9.596*4D
$GNGST,021133.20,0.008,0.003,0.002,43.6024,2.724,1.231,9.596*46
$GNGST,021133.30,0.008,0.003,0.002,44.2841,2.724,1.231,9.596*4F
$GNGST,021133.40,0.008,0.003,0.002,44.2842,2.724,1.231,9.596*4B
$GNGST,021133.50,0.008,0.003,0.002,44.2680,2.724,1.231,9.596*4A
$GNGST,021133.60,0.008,0.003,0.002,43.0861,2.724,1.231,9.596*4D
$GNGST,021133.70,0.008,0.003,0.002,43.0862,2.724,1.231,9.596*4F
$GNGST,021133.80,0.008,0.003,0.002,43.6029,2.724,1.231,9.596*41
$GNGST,021133.90,0.008,0.003,0.002,44.1933,2.724,1.231,9.596*42
$GNGST,021134.00,0.008,0.003,0.002,44.1934,2.724,1.231,9.596*4B
$GNGST,021134.10,0.008,0.003,0.002,44.1935,2.724,1.231,9.596*4B
$GNGST,021134.20,0.008,0.003,0.002,44.1936,2.724,1.231,9.596*4B
$GNGST,021134.30,0.008,0.003,0.002,44.1938,2.724,1.231,9.596*44
$GNGST,021134.40,0.008,0.003,0.002,44.1939,2.724,1.231,9.596*42
$GNGST,021134.50,0.008,0.003,0.002,44.1940,2.724,1.231,9.596*4D
$GNGST,021134.60,0.008,0.003,0.002,44.7433,2.724,1.231,9.596*41
$GNGST,021134.70,0.008,0.003,0.002,43.9193,2.724,1.231,9.596*46
$GNGST,021134.80,0.008,0.003,0.002,44.7435,2.724,1.231,9.596*49
$GNGST,021134.90,0.008,0.003,0.002,44.7436,2.724,1.231,9.596*4B
$GNGST,021135.00,0.008,0.003,0.002,44.7437,2.724,1.231,9.596*42
$GNGST,021135.10,0.008,0.003,0.002,43.9195,2.724,1.231,9.596*47
$GNGST,021135.20,0.008,0.003,0.002,44.7440,2.724,1.231,9.596*40
$GNGST,021135.30,0.008,0.003,0.002,44.7441,2.724,1.231,9.596*40
$GNGST,021135.40,0.008,0.003,0.002,44.0862,2.724,1.231,9.596*4D
$GNGST,021135.50,0.008,0.003,0.002,44.0863,2.724,1.231,9.596*4D
$GNGST,021135.60,0.007,0.003,0.002,42.9873,2.724,1.231,9.596*4F
$GNGST,021135.70,0.007,0.003,0.002,42.9874,2.724,1.231,9.596*49
$GNGST,021135.80,0.008,0.003,0.002,43.6154,2.724,1.231,9.596*4C
$GNGST,021135.90,0.008,0.003,0.002,44.1710,2.724,1.231,9.596*4B
$GNGST,021136.00,0.008,0.003,0.002,44.1974,2.724,1.231,9.596*4D
$GNGST,021136.10,0.007,0.003,0.002,43.1317,2.724,1.231,9.596*4B
$GNGST,021136.20,0.007,0.003,0.002,43.1319,2.724,1.231,9.596*46
$GNGST,021136.30,0.007,0.003,0.002,43.1320,2.724,1.231,9.596*4D
$GNGST,021136.40,0.007,0.003,0.002,43.1322,2.724,1.231,9.596*48
$GNGST,021136.50,0.007,0.003,0.002,43.1324,2.724,1.231,9.596*4F
$GNGST,021136.60,0.007,0.003,0.002,43.1325,2.724,1.231,9.596*4D
$GNGST,021136.70,0.007,0.003,0.002,43.1327,2.724,1.231,9.596*4E
$GNGST,021136.80,0.007,0.003,0.002,43.1329,2.724,1.231,9.596*4F
$GNGST,021136.90,0.008,0.003,0.002,44.2220,2.724,1.231,9.596*4D
$GNGST,021137.00,0.008,0.003,0.002,44.2298,2.724,1.231,9.596*46
$GNGST,021137.10,0.008,0.003,0.002,44.2299,2.724,1.231,9.596*46
$GNGST,021137.20,0.008,0.003,0.002,44.7596,2.724,1.231,9.596*48
$GNGST,021137.30,0.008,0.003,0.002,44.7597,2.724,1.231,9.596*48
$GNGST,021137.40,0.008,0.003,0.002,44.2225,2.724,1.231,9.596*44
$GNGST,021137.50,0.008,0.003,0.002,44.7404,2.724,1.231,9.596*45
$GNGST,021137.60,0.008,0.003,0.002,44.7405,2.724,1.231,9.596*47
$GNGST,021137.70,0.008,0.003,0.002,47.2040,2.724,1.231,9.596*45
$GNGST,021137.80,0.008,0.003,0.002,47.2042,2.724,1.231,9.596*48
$GNGST,021137.90,0.008,0.003,0.002,44.7409,2.724,1.231,9.596*44
$GNGST,021138.00,0.008,0.003,0.002,44.4697,2.724,1.231,9.596*44
$GNGST,021138.10,0.008,0.003,0.002,44.7411,2.724,1.231,9.596*4A
$GNGST,021138.20,0.008,0.003,0.002,44.7412,2.724,1.231,9.596*4A
$GNGST,021138.30,0.007,0.003,0.002,44.8128,2.724,1.231,9.596*47
$GNGST,021138.40,0.008,0.003,0.002,45.3520,2.724,1.231,9.596*49
$GNGST,021138.50,0.008,0.003,0.002,43.9286,2.724,1.231,9.596*4F
$GNGST,021138.60,0.008,0.003,0.002,43.9286,2.724,1.231,9.596*4C
$GNGST,021138.70,0.008,0.003,0.002,43.9287,2.724,1.231,9.596*4C
$GNGST,021138.80,0.007,0.003,0.002,44.7935,2.724,1.231,9.596*47
$GNGST,021138.90,0.008,0.003,0.002,44.7250,2.724,1.231,9.596*41
$GNGST,021139.00,0.008,0.003,0.002,43.8279,2.724,1.231,9.596*4A
$GNGST,021139.10,0.008,0.003,0.002,43.3188,2.724,1.231,9.596*4D
$GNGST,021139.20,0.008,0.003,0.002,44.2624,2.724,1.231,9.596*49
$GNGST,021139.30,0.008,0.003,0.002,43.4003,2.724,1.231,9.596*4A
$GNGST,021139.40,0.008,0.003,0.002,43.3189,2.724,1.231,9.596*49
$GNGST,021139.50,0.008,0.003,0.002,43.4004,2.724,1.231,9.596*4B
$GNGST,021139.60,0.008,0.003,0.002,44.2565,2.724,1.231,9.596*4B
$GNGST,021139.70,0.007,0.003,0.002,44.5336,2.724,1.231,9.596*42
$GNGST,021139.80,0.008,0.003,0.002,43.4234,2.724,1.231,9.596*47
$GNGST,021139.90,0.008,0.003,0.002,43.9270,2.724,1.231,9.596*4B
$GNGST,021140.00,0.008,0.003,0.002,43.9271,2.724,1.231,9.596*4D
$GNGST,021140.10,0.008,0.003,0.002,44.0291,2.724,1.231,9.596*4C
$GNGST,021140.20,0.007,0.003,0.002,44.4812,2.724,1.231,9.596*45
$GNGST,021140.30,0.007,0.003,0.002,44.4813,2.724,1.231,9.596*45
$GNGST,021140.40,0.008,0.003,0.002,43.9450,2.724,1.231,9.596*4C
$GNGST,021140.50,0.007,0.003,0.002,44.4987,2.724,1.231,9.596*4F
$GNGST,021140.60,0.008,0.003,0.002,43.9453,2.724,1.231,9.596*4D
$GNGST,021140.70,0.008,0.003,0.002,43.9282,2.724,1.231,9.596*46
$GNGST,021140.80,0.007,0.003,0.002,45.1720,2.724,1.231,9.596*45
$GNGST,021140.90,0.008,0.003,0.002,43.9219,2.724,1.231,9.596*4A
$GNGST,021141.00,0.008,0.003,0.002,43.4007,2.724,1.231,9.596*42
$GNGST,021141.10,0.007,0.003,0.002,44.6598,2.724,1.231,9.596*4A
$GNGST,021141.20,0.007,0.003,0.002,44.4741,2.724,1.231,9.596*4D
$GNGST,021141.30,0.007,0.003,0.002,44.4742,2.724,1.231,9.596*4F
$GNGST,021141.40,0.007,0.003,0.002,44.6602,2.724,1.231,9.596*4F
$GNGST,021141.50,0.007,0.003,0.002,44.4745,2.724,1.231,9.596*4E
$GNGST,021141.60,0.008,0.003,0.002,44.6083,2.724,1.231,9.596*4D
$GNGST,021141.70,0.008,0.003,0.002,46.9198,2.724,1.231,9.596*4A
$GNGST,021141.80,0.008,0.003,0.002,44.5464,2.724,1.231,9.596*4D
$GNGST,021141.90,0.008,0.003,0.002,44.5465,2.724,1.231,9.596*4D
$GNGST,021142.00,0.008,0.003,0.002,44.5466,2.724,1.231,9.596*44
$GNGST,021142.10,0.007,0.003,0.002,44.3583,2.724,1.231,9.596*46
$GNGST,021142.20,0.008,0.003,0.002,46.8548,2.724,1.231,9.596*44
$GNGST,021142.30,0.008,0.003,0.002,44.5470,2.724,1.231,9.596*40
$GNGST,021142.40,0.008,0.003,0.002,44.4853,2.724,1.231,9.596*4B
$GNGST,021142.50,0.008,0.003,0.002,44.4854,2.724,1.231,9.596*4D
$GNGST,021142.60,0.008,0.003,0.002,44.9086,2.724,1.231,9.596*44
$GNGST,021142.70,0.008,0.003,0.002,44.4857,2.724,1.231,9.596*4C
$GNGST,021142.80,0.008,0.003,0.002,44.4858,2.724,1.231,9.596*4C
$GNGST,021142.90,0.007,0.003,0.002,45.0885,2.724,1.231,9.596*47
$GNGST,021143.00,0.007,0.003,0.002,45.0887,2.724,1.231,9.596*4D
$GNGST,021143.10,0.007,0.003,0.002,45.0889,2.724,1.231,9.596*42
$GNGST,021143.20,0.007,0.003,0.002,45.0890,2.724,1.231,9.596*49
$GNGST,021143.30,0.007,0.003,0.002,45.2528,2.724,1.231,9.596*44
$GNGST,021143.40,0.007,0.003,0.002,45.0893,2.724,1.231,9.596*4C
$GNGST,021143.50,0.007,0.003,0.002,45.2531,2.724,1.231,9.596*4A
$GNGST,021143.60,0.007,0.003,0.002,45.6468,2.724,1.231,9.596*40
$GNGST,021143.70,0.007,0.003,0.002,45.1026,2.724,1.231,9.596*48
$GNGST,021143.80,0.007,0.003,0.002,45.1027,2.724,1.231,9.596*46
$GNGST,021143.90,0.008,0.003,0.002,45.9914,2.724,1.231,9.596*49
$GNGST,021144.00,0.008,0.003,0.002,45.1420,2.724,1.231,9.596*45
$GNGST,021144.10,0.008,0.003,0.002,45.1422,2.724,1.231,9.596*46
$GNGST,021144.20,0.008,0.003,0.002,44.6148,2.724,1.231,9.596*4A
$GNGST,021144.30,0.008,0.003,0.002,44.1020,2.724,1.231,9.596*43
$GNGST,021144.40,0.008,0.003,0.002,45.2966,2.724,1.231,9.596*4D
$GNGST,021144.50,0.008,0.003,0.002,45.2968,2.724,1.231,9.596*42
$GNGST,021144.60,0.008,0.003,0.002,45.3874,2.724,1.231,9.596*4C
$GNGST,021144.70,0.008,0.003,0.002,44.8777,2.724,1.231,9.596*4B
$GNGST,021144.80,0.008,0.003,0.002,44.7347,2.724,1.231,9.596*4C
$GNGST,021144.90,0.008,0.003,0.002,45.4259,2.724,1.231,9.596*41
$GNGST,021145.00,0.008,0.003,0.002,44.7985,2.724,1.231,9.596*41
$GNGST,021145.10,0.008,0.003,0.002,44.8547,2.724,1.231,9.596*4D
$GNGST,021145.20,0.008,0.003,0.002,44.0736,2.724,1.231,9.596*42
$GNGST,021145.30,0.008,0.003,0.002,47.5325,2.724,1.231,9.596*43
$GNGST,021145.40,0.008,0.003,0.002,44.2005,2.724,1.231,9.596*41
$GNGST,021145.50,0.008,0.003,0.002,44.2006,2.724,1.231,9.596*43
$GNGST,021145.60,0.008,0.003,0.002,44.7432,2.724,1.231,9.596*46
$GNGST,021145.70,0.008,0.003,0.002,44.2009,2.724,1.231,9.596*4E
$GNGST,021145.80,0.008,0.003,0.002,44.7383,2.724,1.231,9.596*45
$GNGST,021145.90,0.008,0.003,0.002,44.1753,2.724,1.231,9.596*4B
$GNGST,021146.00,0.008,0.003,0.002,44.1328,2.724,1.231,9.596*49
$GNGST,021146.10,0.008,0.003,0.002,44.1329,2.724,1.231,9.596*49
$GNGST,021146.20,0.008,0.003,0.002,44.1757,2.724,1.231,9.596*47
$GNGST,021146.30,0.008,0.003,0.002,44.6661,2.724,1.231,9.596*45
$GNGST,021146.40,0.008,0.003,0.002,44.6663,2.724,1.231,9.596*40
$GNGST,021146.50,0.008,0.003,0.002,34.8499,2.724,1.231,9.596*4F
$GNGST,021146.60,0.008,0.003,0.002,44.7527,2.724,1.231,9.596*40
$GNGST,021146.70,0.008,0.003,0.002,44.7528,2.724,1.231,9.596*4E
$GNGST,021146.80,0.008,0.003,0.002,45.7519,2.724,1.231,9.596*42
$GNGST,021146.90,0.008,0.003,0.002,44.6962,2.724,1.231,9.596*43
$GNGST,021147.00,0.008,0.003,0.002,44.7733,2.724,1.231,9.596*40
$GNGST,021147.10,0.008,0.003,0.002,44.6964,2.724,1.231,9.596*4C
$GNGST,021147.20,0.008,0.003,0.002,44.6965,2.724,1.231,9.596*4E
$GNGST,021147.30,0.008,0.003,0.002,44.6967,2.724,1.231,9.596*4D
$GNGST,021147.40,0.008,0.003,0.002,44.7738,2.724,1.231,9.596*4F
$GNGST,021147.50,0.008,0.003,0.002,44.7739,2.724,1.231,9.596*4F
$GNGST,021147.60,0.008,0.003,0.002,44.2437,2.724,1.231,9.596*44
$GNGST,021147.70,0.008,0.003,0.002,44.7741,2.724,1.231,9.596*42
$GNGST,021147.80,0.008,0.003,0.002,43.7951,2.724,1.231,9.596*45
$GNGST,021147.90,0.008,0.003,0.002,44.6368,2.724,1.231,9.596*42
$GNGST,021148.00,0.007,0.003,0.002,44.6448,2.724,1.231,9.596*4E
$GNGST,021148.10,0.008,0.003,0.002,44.6371,2.724,1.231,9.596*4D
$GNGST,021148.20,0.008,0.003,0.002,45.7894,2.724,1.231,9.596*4E
$GNGST,021148.30,0.008,0.003,0.002,45.8961,2.724,1.231,9.596*4B
$GNGST,021148.40,0.008,0.003,0.002,44.8057,2.724,1.231,9.596*41
$GNGST,021148.50,0.008,0.003,0.002,44.6965,2.724,1.231,9.596*46
$GNGST,021148.60,0.008,0.003,0.002,46.8887,2.724,1.231,9.596*44
$GNGST,021148.70,0.008,0.003,0.002,46.8889,2.724,1.231,9.596*4B
$GNGST,021148.80,0.008,0.003,0.002,44.6273,2.724,1.231,9.596*47
$GNGST,021148.90,0.008,0.003,0.002,44.6274,2.724,1.231,9.596*41
$GNGST,021149.00,0.008,0.003,0.002,45.6460,2.724,1.231,9.596*4B
$GNGST,021149.10,0.008,0.003,0.002,44.6276,2.724,1.231,9.596*4A
$GNGST,021149.20,0.008,0.003,0.002,44.6277,2.724,1.231,9.596*48
$GNGST,021149.30,0.008,0.003,0.002,44.6278,2.724,1.231,9.596*46
$GNGST,021149.40,0.008,0.003,0.002,44.6280,2.724,1.231,9.596*46
$GNGST,021149.50,0.008,0.003,0.002,45.5890,2.724,1.231,9.596*4E
$GNGST,021149.60,0.008,0.003,0.002,44.6282,2.724,1.231,9.596*46
$GNGST,021149.70,0.008,0.003,0.002,44.5692,2.724,1.231,9.596*41
$GNGST,021149.80,0.008,0.003,0.002,44.6284,2.724,1.231,9.596*4E
$GNGST,021149.90,0.008,0.003,0.002,43.8186,2.724,1.231,9.596*47
$GNGST,021150.00,0.007,0.003,0.002,44.4852,2.724,1.231,9.596*42
$GNGST,021150.10,0.007,0.003,0.002,44.4853,2.724,1.231,9.596*42
$GNGST,021150.20,0.008,0.003,0.002,44.6325,2.724,1.231,9.596*46
$GNGST,021150.30,0.008,0.003,0.002,44.1283,2.724,1.231,9.596*4D
$GNGST,021150.40,0.008,0.003,0.002,44.1285,2.724,1.231,9.596*4C
$GNGST,021150.50,0.008,0.003,0.002,43.7520,2.724,1.231,9.596*44
$GNGST,021150.60,0.008,0.003,0.002,43.7664,2.724,1.231,9.596*44
$GNGST,021150.70,0.007,0.003,0.002,42.3977,2.724,1.231,9.596*42
$GNGST,021150.80,0.007,0.003,0.002,42.3979,2.724,1.231,9.596*43
$GNGST,021150.90,0.008,0.003,0.002,44.5495,2.724,1.231,9.596*42
$GNGST,021151.00,0.008,0.003,0.002,44.6131,2.724,1.231,9.596*42
$GNGST,021151.10,0.008,0.003,0.002,44.5497,2.724,1.231,9.596*49
$GNGST,021151.20,0.007,0.003,0.002,44.3299,2.724,1.231,9.596*4B
$GNGST,021151.30,0.007,0.003,0.002,44.3300,2.724,1.231,9.596*4B
$GNGST,021151.40,0.008,0.003,0.002,44.5500,2.724,1.231,9.596*43
$GNGST,021151.50,0.007,0.003,0.002,42.1793,2.724,1.231,9.596*47
$GNGST,021151.60,0.007,0.003,0.002,42.1795,2.724,1.231,9.596*42
$GNGST,021151.70,0.007,0.003,0.002,42.3772,2.724,1.231,9.596*48
$GNGST,021151.80,0.007,0.003,0.002,44.5168,2.724,1.231,9.596*4A
$GNGST,021151.90,0.008,0.003,0.002,43.9635,2.724,1.231,9.596*40
$GNGST,021152.00,0.008,0.003,0.002,44.6284,2.724,1.231,9.596*4C
$GNGST,021152.10,0.008,0.003,0.002,44.6285,2.724,1.231,9.596*4C
$GNGST,021152.20,0.007,0.003,0.002,44.6913,2.724,1.231,9.596*44
$GNGST,021152.30,0.008,0.003,0.002,44.6288,2.724,1.231,9.596*43
$GNGST,021152.40,0.008,0.003,0.002,44.6289,2.724,1.231,9.596*45
$GNGST,021152.50,0.007,0.003,0.002,44.5824,2.724,1.231,9.596*45
$GNGST,021152.60,0.007,0.003,0.002,42.3814,2.724,1.231,9.596*45
$GNGST,021152.70,0.007,0.003,0.002,42.3815,2.724,1.231,9.596*45
$GNGST,021152.80,0.007,0.003,0.002,42.3817,2.724,1.231,9.596*48
$GNGST,021152.90,0.007,0.003,0.002,42.3819,2.724,1.231,9.596*47
$GNGST,021153.00,0.007,0.003,0.002,44.5901,2.724,1.231,9.596*47
$GNGST,021153.10,0.007,0.003,0.002,44.5902,2.724,1.231,9.596*45
$GNGST,021153.20,0.008,0.003,0.002,45.6116,2.724,1.231,9.596*46
$GNGST,021153.30,0.008,0.003,0.002,45.6118,2.724,1.231,9.596*49
$GNGST,021153.40,0.008,0.003,0.002,45.0654,2.724,1.231,9.596*47
$GNGST,021153.50,0.008,0.003,0.002,44.5278,2.724,1.231,9.596*48
$GNGST,021153.60,0.007,0.003,0.002,44.5908,2.724,1.231,9.596*48
$GNGST,021153.70,0.007,0.003,0.002,44.6001,2.724,1.231,9.596*4A
$GNGST,021153.80,0.007,0.003,0.002,44.6002,2.724,1.231,9.596*46
$GNGST,021153.90,0.008,0.003,0.002,44.5374,2.724,1.231,9.596*49
$GNGST,021154.00,0.007,0.003,0.002,44.6256,2.724,1.231,9.596*4A
$GNGST,021154.10,0.008,0.003,0.002,43.6972,2.724,1.231,9.596*4E
$GNGST,021154.20,0.007,0.003,0.002,44.6877,2.724,1.231,9.596*41
$GNGST,021154.30,0.007,0.003,0.002,44.6878,2.724,1.231,9.596*4F
$GNGST,021154.40,0.007,0.003,0.002,44.6879,2.724,1.231,9.596*49
$GNGST,021154.50,0.007,0.003,0.002,44.6262,2.724,1.231,9.596*48
$GNGST,021154.60,0.008,0.003,0.002,44.1619,2.724,1.231,9.596*4B
$GNGST,021154.70,0.007,0.003,0.002,44.6718,2.724,1.231,9.596*42
$GNGST,021154.80,0.007,0.003,0.002,44.6100,2.724,1.231,9.596*42
$GNGST,021154.90,0.007,0.003,0.002,44.6101,2.724,1.231,9.596*42
$GNGST,021155.00,0.007,0.003,0.002,44.6671,2.724,1.231,9.596*4A
$GNGST,021155.10,0.008,0.003,0.002,35.0183,2.724,1.231,9.596*4E
$GNGST,021155.20,0.007,0.003,0.002,44.6105,2.724,1.231,9.596*4C
$GNGST,021155.30,0.008,0.003,0.002,44.1146,2.724,1.231,9.596*42
$GNGST,021155.40,0.007,0.003,0.002,44.6676,2.724,1.231,9.596*49
$GNGST,021155.50,0.007,0.003,0.002,44.6239,2.724,1.231,9.596*47
$GNGST,021155.60,0.007,0.003,0.002,44.6240,2.724,1.231,9.596*4A
$GNGST,021155.70,0.007,0.003,0.002,44.6679,2.724,1.231,9.596*45
$GNGST,021155.80,0.007,0.003,0.002,44.6243,2.724,1.231,9.596*47
$GNGST,021155.90,0.007,0.003,0.002,44.7548,2.724,1.231,9.596*4B
$GNGST,021156.00,0.008,0.003,0.002,45.7656,2.724,1.231,9.596*43
$GNGST,021156.10,0.008,0.003,0.002,49.0935,2.724,1.231,9.596*43
$GNGST,021156.20,0.008,0.003,0.002,49.1383,2.724,1.231,9.596*46
$GNGST,021156.30,0.008,0.003,0.002,49.1386,2.724,1.231,9.596*42
$GNGST,021156.40,0.008,0.003,0.002,49.0943,2.724,1.231,9.596*47
$GNGST,021156.50,0.008,0.003,0.002,45.7350,2.724,1.231,9.596*45
$GNGST,021156.60,0.007,0.003,0.002,44.7507,2.724,1.231,9.596*4C
$GNGST,021156.70,0.007,0.003,0.002,44.6983,2.724,1.231,9.596*4C
$GNGST,021156.80,0.008,0.003,0.002,45.7861,2.724,1.231,9.596*41
$GNGST,021156.90,0.008,0.003,0.002,45.2247,2.724,1.231,9.596*4B
$GNGST,021157.00,0.008,0.003,0.002,45.7865,2.724,1.231,9.596*4C
$GNGST,021157.10,0.008,0.003,0.002,44.5420,2.724,1.231,9.596*43
$GNGST,021157.20,0.008,0.003,0.002,45.2290,2.724,1.231,9.596*4B
$GNGST,021157.30,0.008,0.003,0.002,45.2293,2.724,1.231,9.596*49
$GNGST,021157.40,0.008,0.003,0.002,45.2295,2.724,1.231,9.596*48
$GNGST,021157.50,0.008,0.003,0.002,45.2298,2.724,1.231,9.596*44
$GNGST,021157.60,0.008,0.003,0.002,45.2300,2.724,1.231,9.596*47
$GNGST,021157.70,0.008,0.003,0.002,45.7889,2.724,1.231,9.596*49
$GNGST,021157.80,0.008,0.003,0.002,45.7891,2.724,1.231,9.596*4F
$GNGST,021157.90,0.007,0.003,0.002,44.6961,2.724,1.231,9.596*4F
$GNGST,021158.00,0.008,0.003,0.002,45.7345,2.724,1.231,9.596*4A
$GNGST,021158.10,0.008,0.003,0.002,45.2334,2.724,1.231,9.596*48
$GNGST,021158.20,0.008,0.003,0.002,47.2540,2.724,1.231,9.596*4C
$GNGST,021158.30,0.008,0.003,0.002,46.3181,2.724,1.231,9.596*44
$GNGST,021158.40,0.007,0.003,0.002,45.3018,2.724,1.231,9.596*4E
$GNGST,021158.50,0.008,0.003,0.002,46.3244,2.724,1.231,9.596*48
$GNGST,021158.60,0.008,0.003,0.002,46.3246,2.724,1.231,9.596*49
$GNGST,021158.70,0.007,0.003,0.002,45.3022,2.724,1.231,9.596*44
$GNGST,021158.80,0.007,0.003,0.002,44.8129,2.724,1.231,9.596*4B
$GNGST,021158.90,0.008,0.003,0.002,47.6714,2.724,1.231,9.596*40
$GNGST,021159.00,0.007,0.003,0.002,45.5051,2.724,1.231,9.596*40
$GNGST,021159.10,0.007,0.003,0.002,45.5053,2.724,1.231,9.596*43
$GNGST,021159.20,0.007,0.003,0.002,45.5055,2.724,1.231,9.596*46
$GNGST,021159.30,0.007,0.003,0.002,45.5057,2.724,1.231,9.596*45
$GNGST,021159.40,0.008,0.003,0.002,44.8560,2.724,1.231,9.596*40
$GNGST,021159.50,0.007,0.003,0.002,45.5060,2.724,1.231,9.596*47
$GNGST,021159.60,0.008,0.003,0.002,47.1735,2.724,1.231,9.596*4A
$GNGST,021159.70,0.007,0.003,0.002,45.5035,2.724,1.231,9.596*45
$GNGST,021159.80,0.008,0.003,0.002,44.9526,2.724,1.231,9.596*4F
$GNGST,021159.90,0.007,0.003,0.002,45.5039,2.724,1.231,9.596*47
$GNGST,021200.00,0.007,0.003,0.002,45.5040,2.724,1.231,9.596*4F
$GNGST,021200.10,0.008,0.003,0.002,44.9532,2.724,1.231,9.596*4C
$GNGST,021200.20,0.008,0.003,0.002,44.9534,2.724,1.231,9.596*49
$GNGST,021200.30,0.007,0.003,0.002,45.5046,2.724,1.231,9.596*4A
$GNGST,021200.40,0.008,0.003,0.002,44.9538,2.724,1.231,9.596*43
$GNGST,021200.50,0.008,0.003,0.002,44.9540,2.724,1.231,9.596*4D
$GNGST,021200.60,0.008,0.003,0.002,44.9805,2.724,1.231,9.596*42
$GNGST,021200.70,0.008,0.003,0.002,35.5100,2.724,1.231,9.596*45
$GNGST,021200.80,0.008,0.003,0.002,43.3297,2.724,1.231,9.596*40
$GNGST,021200.90,0.008,0.003,0.002,44.2573,2.724,1.231,9.596*4A
$GNGST,021201.00,0.008,0.003,0.002,44.3180,2.724,1.231,9.596*4B
$GNGST,021201.10,0.008,0.003,0.002,44.3182,2.724,1.231,9.596*48
$GNGST,021201.20,0.008,0.003,0.002,44.2578,2.724,1.231,9.596*4B
$GNGST,021201.30,0.008,0.003,0.002,44.3185,2.724,1.231,9.596*4D
$GNGST,021201.40,0.008,0.003,0.002,44.3187,2.724,1.231,9.596*48
$GNGST,021201.50,0.008,0.003,0.002,44.3189,2.724,1.231,9.596*47
$GNGST,021201.60,0.008,0.003,0.002,44.3257,2.724,1.231,9.596*44
$GNGST,021201.70,0.008,0.003,0.002,44.3259,2.724,1.231,9.596*4B
$GNGST,021201.80,0.008,0.003,0.002,34.8649,2.724,1.231,9.596*4D
$GNGST,021201.90,0.007,0.003,0.002,44.8024,2.724,1.231,9.596*49
$GNGST,021202.00,0.007,0.003,0.002,44.8025,2.724,1.231,9.596*42
$GNGST,021202.10,0.007,0.003,0.002,44.8027,2.724,1.231,9.596*41
$GNGST,021202.20,0.007,0.003,0.002,44.8028,2.724,1.231,9.596*4D
$GNGST,021202.30,0.007,0.003,0.002,44.8029,2.724,1.231,9.596*4D
$GNGST,021202.40,0.007,0.003,0.002,44.8030,2.724,1.231,9.596*42
$GNGST,021202.50,0.007,0.003,0.002,44.8032,2.724,1.231,9.596*41
$GNGST,021202.60,0.007,0.003,0.002,44.8033,2.724,1.231,9.596*43
$GNGST,021202.70,0.007,0.003,0.002,45.1525,2.724,1.231,9.596*48
$GNGST,021202.80,0.008,0.003,0.002,43.9410,2.724,1.231,9.596*41
$GNGST,021202.90,0.008,0.003,0.002,44.4804,2.724,1.231,9.596*43
$GNGST,021203.00,0.008,0.003,0.002,44.4805,2.724,1.231,9.596*4A
$GNGST,021203.10,0.008,0.003,0.002,44.6140,2.724,1.231,9.596*41
$GNGST,021203.20,0.008,0.003,0.002,43.9350,2.724,1.231,9.596*49
$GNGST,021203.30,0.008,0.003,0.002,43.9351,2.724,1.231,9.596*49
$GNGST,021203.40,0.008,0.003,0.002,43.9353,2.724,1.231,9.596*4C
$GNGST,021203.50,0.008,0.003,0.002,44.3976,2.724,1.231,9.596*4D
$GNGST,021203.60,0.007,0.003,0.002,45.0607,2.724,1.231,9.596*4A
$GNGST,021203.70,0.008,0.003,0.002,44.9927,2.724,1.231,9.596*41
$GNGST,021203.80,0.008,0.003,0.002,43.8602,2.724,1.231,9.596*40
$GNGST,021203.90,0.008,0.003,0.002,44.5374,2.724,1.231,9.596*4F
$GNGST,021204.00,0.008,0.003,0.002,43.8605,2.724,1.231,9.596*48
$GNGST,021204.10,0.008,0.003,0.002,43.7996,2.724,1.231,9.596*43
$GNGST,021204.20,0.008,0.003,0.002,44.5379,2.724,1.231,9.596*4E
$GNGST,021204.30,0.008,0.003,0.002,43.8609,2.724,1.231,9.596*47
$GNGST,021204.40,0.008,0.003,0.002,44.5382,2.724,1.231,9.596*4C
$GNGST,021204.50,0.008,0.003,0.002,43.8612,2.724,1.231,9.596*4B
$GNGST,021204.60,0.008,0.003,0.002,43.8613,2.724,1.231,9.596*49
$GNGST,021204.70,0.008,0.003,0.002,43.8614,2.724,1.231,9.596*4F
$GNGST,021204.80,0.008,0.003,0.002,43.8616,2.724,1.231,9.596*42
$GNGST,021204.90,0.007,0.003,0.002,45.0565,2.724,1.231,9.596*45
$GNGST,021205.00,0.008,0.003,0.002,44.9884,2.724,1.231,9.596*48
$GNGST,021205.10,0.007,0.003,0.002,44.7410,2.724,1.231,9.596*49
$GNGST,021205.20,0.008,0.003,0.002,44.2300,2.724,1.231,9.596*46
$GNGST,021205.30,0.008,0.003,0.002,44.2301,2.724,1.231,9.596*46
$GNGST,021205.40,0.008,0.003,0.002,44.2303,2.724,1.231,9.596*43
$GNGST,021205.50,0.007,0.003,0.002,44.8102,2.724,1.231,9.596*44
$GNGST,021205.60,0.007,0.003,0.002,44.7415,2.724,1.231,9.596*4B
$GNGST,021205.70,0.007,0.003,0.002,44.6593,2.724,1.231,9.596*44
$GNGST,021205.80,0.007,0.003,0.002,44.6594,2.724,1.231,9.596*4C
$GNGST,021205.90,0.008,0.003,0.002,43.9121,2.724,1.231,9.596*40
$GNGST,021206.00,0.008,0.003,0.002,43.7588,2.724,1.231,9.596*43
$GNGST,021206.10,0.008,0.003,0.002,43.8308,2.724,1.231,9.596*43
$GNGST,021206.20,0.007,0.003,0.002,44.8098,2.724,1.231,9.596*42
$GNGST,021206.30,0.007,0.003,0.002,44.8099,2.724,1.231,9.596*42
$GNGST,021206.40,0.007,0.003,0.002,44.7411,2.724,1.231,9.596*4E
$GNGST,021206.50,0.007,0.003,0.002,44.8101,2.724,1.231,9.596*44
$GNGST,021206.60,0.007,0.003,0.002,44.8102,2.724,1.231,9.596*44
$GNGST,021206.70,0.007,0.003,0.002,44.8103,2.724,1.231,9.596*44
$GNGST,021206.80,0.008,0.003,0.002,47.3446,2.724,1.231,9.596*48
$GNGST,021206.90,0.008,0.003,0.002,46.7702,2.724,1.231,9.596*4F
$GNGST,021207.00,0.007,0.003,0.002,44.8183,2.724,1.231,9.596*4A
$GNGST,021207.10,0.007,0.003,0.002,44.7073,2.724,1.231,9.596*4A
$GNGST,021207.20,0.007,0.003,0.002,44.7771,2.724,1.231,9.596*4C
$GNGST,021207.30,0.007,0.003,0.002,44.8187,2.724,1.231,9.596*4D
$GNGST,021207.40,0.007,0.003,0.002,44.8188,2.724,1.231,9.596*45
$GNGST,021207.50,0.007,0.003,0.002,44.7463,2.724,1.231,9.596*4B
$GNGST,021207.60,0.007,0.003,0.002,44.7464,2.724,1.231,9.596*4F
$GNGST,021207.70,0.007,0.003,0.002,42.5843,2.724,1.231,9.596*43
$GNGST,021207.80,0.007,0.003,0.002,44.4785,2.724,1.231,9.596*4E
$GNGST,021207.90,0.007,0.003,0.002,44.4737,2.724,1.231,9.596*46
$GNGST,021208.00,0.008,0.003,0.002,44.5800,2.724,1.231,9.596*45
$GNGST,021208.10,0.008,0.003,0.002,44.0095,2.724,1.231,9.596*45
$GNGST,021208.20,0.007,0.003,0.002,44.6733,2.724,1.231,9.596*44
$GNGST,021208.30,0.007,0.003,0.002,44.6734,2.724,1.231,9.596*42
$GNGST,021208.40,0.007,0.003,0.002,44.6735,2.724,1.231,9.596*44
$GNGST,021208.50,0.007,0.003,0.002,44.6260,2.724,1.231,9.596*40
$GNGST,021208.60,0.007,0.003,0.002,42.5809,2.724,1.231,9.596*43
$GNGST,021208.70,0.007,0.003,0.002,42.5810,2.724,1.231,9.596*4A
$GNGST,021208.80,0.008,0.003,0.002,44.0135,2.724,1.231,9.596*47
$GNGST,021208.90,0.008,0.003,0.002,44.0136,2.724,1.231,9.596*45
$GNGST,021209.00,0.008,0.003,0.002,43.9483,2.724,1.231,9.596*48
$GNGST,021209.10,0.008,0.003,0.002,43.9981,2.724,1.231,9.596*46
$GNGST,021209.20,0.008,0.003,0.002,43.9981,2.724,1.231,9.596*45
$GNGST,021209.30,0.008,0.003,0.002,43.9982,2.724,1.231,9.596*47
$GNGST,021209.40,0.008,0.003,0.002,43.9983,2.724,1.231,9.596*41
$GNGST,021209.50,0.007,0.003,0.002,44.6994,2.724,1.231,9.596*41
$GNGST,021209.60,0.007,0.003,0.002,44.6110,2.724,1.231,9.596*46
$GNGST,021209.70,0.007,0.003,0.002,44.6588,2.724,1.231,9.596*42
$GNGST,021209.80,0.007,0.003,0.002,44.6589,2.724,1.231,9.596*4C
$GNGST,021209.90,0.007,0.003,0.002,44.5082,2.724,1.231,9.596*40
$GNGST,021210.00,0.007,0.003,0.002,44.5083,2.724,1.231,9.596*40
$GNGST,021210.10,0.007,0.003,0.002,44.6592,2.724,1.231,9.596*47
$GNGST,021210.20,0.007,0.003,0.002,44.6593,2.724,1.231,9.596*45
$GNGST,021210.30,0.008,0.003,0.002,45.6229,2.724,1.231,9.596*4C
$GNGST,021210.40,0.007,0.003,0.002,44.5968,2.724,1.231,9.596*48
$GNGST,021210.50,0.007,0.003,0.002,44.4458,2.724,1.231,9.596*46
$GNGST,021210.60,0.007,0.003,0.002,44.4459,2.724,1.231,9.596*44
$GNGST,021210.70,0.007,0.003,0.002,44.4006,2.724,1.231,9.596*4B
$GNGST,021210.80,0.007,0.003,0.002,44.5527,2.724,1.231,9.596*43
$GNGST,021210.90,0.008,0.003,0.002,45.1415,2.724,1.231,9.596*48
$GNGST,021211.00,0.007,0.003,0.002,44.9967,2.724,1.231,9.596*4E
$GNGST,021211.10,0.007,0.003,0.002,44.9968,2.724,1.231,9.596*40
$GNGST,021211.20,0.007,0.003,0.002,44.9969,2.724,1.231,9.596*42
$GNGST,021211.30,0.007,0.003,0.002,44.9970,2.724,1.231,9.596*4B
$GNGST,021211.40,0.007,0.003,0.002,44.9971,2.724,1.231,9.596*4D
$GNGST,021211.50,0.007,0.003,0.002,44.9972,2.724,1.231,9.596*4F
$GNGST,021211.60,0.007,0.003,0.002,44.9973,2.724,1.231,9.596*4D
$GNGST,021211.70,0.007,0.003,0.002,44.9974,2.724,1.231,9.596*4B
$GNGST,021211.80,0.007,0.003,0.002,44.9975,2.724,1.231,9.596*45
$GNGST,021211.90,0.007,0.003,0.002,44.4399,2.724,1.231,9.596*41
$GNGST,021212.00,0.007,0.003,0.002,44.6060,2.724,1.231,9.596*4C
$GNGST,021212.10,0.008,0.003,0.002,43.9615,2.724,1.231,9.596*4E
$GNGST,021212.20,0.008,0.003,0.002,44.2550,2.724,1.231,9.596*43
$GNGST,021212.30,0.008,0.003,0.002,44.2551,2.724,1.231,9.596*43
$GNGST,021212.40,0.008,0.003,0.002,44.9425,2.724,1.231,9.596*4D
$GNGST,021212.50,0.007,0.003,0.002,44.4555,2.724,1.231,9.596*48
$GNGST,021212.60,0.008,0.003,0.002,47.2080,2.724,1.231,9.596*4C
$GNGST,021212.70,0.007,0.003,0.002,45.2949,2.724,1.231,9.596*4C
$GNGST,021212.80,0.007,0.003,0.002,45.2950,2.724,1.231,9.596*4B
$GNGST,021212.90,0.007,0.003,0.002,45.2813,2.724,1.231,9.596*4C
$GNGST,021213.00,0.007,0.003,0.002,45.1759,2.724,1.231,9.596*46
$GNGST,021213.10,0.007,0.003,0.002,45.3161,2.724,1.231,9.596*48
$GNGST,021213.20,0.007,0.003,0.002,45.2979,2.724,1.231,9.596*4B
$GNGST,021213.30,0.007,0.003,0.002,45.2981,2.724,1.231,9.596*4D
$GNGST,021213.40,0.007,0.003,0.002,45.1581,2.724,1.231,9.596*45
$GNGST,021213.50,0.007,0.003,0.002,45.1583,2.724,1.231,9.596*46
$GNGST,021213.60,0.007,0.003,0.002,46.3269,2.724,1.231,9.596*47
$GNGST,021213.70,0.007,0.003,0.002,46.3271,2.724,1.231,9.596*4F
$GNGST,021213.80,0.008,0.003,0.002,46.6164,2.724,1.231,9.596*4D
$GNGST,021213.90,0.007,0.003,0.002,45.1886,2.724,1.231,9.596*42
$GNGST,021214.00,0.007,0.003,0.002,45.1887,2.724,1.231,9.596*4D
$GNGST,021214.10,0.007,0.003,0.002,46.3571,2.724,1.231,9.596*49
$GNGST,021214.20,0.007,0.003,0.002,45.1890,2.724,1.231,9.596*49
$GNGST,021214.30,0.007,0.003,0.002,46.2163,2.724,1.231,9.596*4D
$GNGST,021214.40,0.007,0.003,0.002,46.2166,2.724,1.231,9.596*4F
$GNGST,021214.50,0.007,0.003,0.002,46.2168,2.724,1.231,9.596*40
$GNGST,021214.60,0.007,0.003,0.002,45.1594,2.724,1.231,9.596*44
$GNGST,021214.70,0.007,0.003,0.002,45.1596,2.724,1.231,9.596*47
$GNGST,021214.80,0.007,0.003,0.002,45.1597,2.724,1.231,9.596*49
$GNGST,021214.90,0.007,0.003,0.002,45.1599,2.724,1.231,9.596*46
$GNGST,021215.00,0.007,0.003,0.002,45.1600,2.724,1.231,9.596*4D
$GNGST,021215.10,0.007,0.003,0.002,45.1601,2.724,1.231,9.596*4D
$GNGST,021215.20,0.007,0.003,0.002,45.2161,2.724,1.231,9.596*4C
$GNGST,021215.30,0.008,0.003,0.002,44.5094,2.724,1.231,9.596*4F
$GNGST,021215.40,0.007,0.003,0.002,45.2164,2.724,1.231,9.596*4F
$GNGST,021215.50,0.008,0.003,0.002,45.8179,2.724,1.231,9.596*47
$GNGST,021215.60,0.007,0.003,0.002,45.4702,2.724,1.231,9.596*4D
$GNGST,021215.70,0.008,0.003,0.002,45.9674,2.724,1.231,9.596*4E
$GNGST,021215.80,0.008,0.003,0.002,44.9243,2.724,1.231,9.596*40
$GNGST,021215.90,0.008,0.003,0.002,43.6882,2.724,1.231,9.596*4E
$GNGST,021216.00,0.008,0.003,0.002,45.2592,2.724,1.231,9.596*4A
$GNGST,021216.10,0.008,0.003,0.002,45.2593,2.724,1.231,9.596*4A
$GNGST,021216.20,0.008,0.003,0.002,44.2049,2.724,1.231,9.596*4A
$GNGST,021216.30,0.008,0.003,0.002,44.2050,2.724,1.231,9.596*43
$GNGST,021216.40,0.008,0.003,0.002,43.4562,2.724,1.231,9.596*41
$GNGST,021216.50,0.008,0.003,0.002,44.2051,2.724,1.231,9.596*44
$GNGST,021216.60,0.008,0.003,0.002,45.2601,2.724,1.231,9.596*45
$GNGST,021216.70,0.008,0.003,0.002,44.7015,2.724,1.231,9.596*43
$GNGST,021216.80,0.007,0.003,0.002,44.7363,2.724,1.231,9.596*41
$GNGST,021216.90,0.008,0.003,0.002,44.0319,2.724,1.231,9.596*45
$GNGST,021217.00,0.008,0.003,0.002,43.9611,2.724,1.231,9.596*4E
$GNGST,021217.10,0.008,0.003,0.002,43.9611,2.724,1.231,9.596*4F
$GNGST,021217.20,0.008,0.003,0.002,43.9612,2.724,1.231,9.596*4F
$GNGST,021217.30,0.008,0.003,0.002,43.9612,2.724,1.231,9.596*4E
$GNGST,021217.40,0.008,0.003,0.002,43.9613,2.724,1.231,9.596*48
$GNGST,021217.50,0.008,0.003,0.002,44.0616,2.724,1.231,9.596*42
$GNGST,021217.60,0.008,0.003,0.002,43.9773,2.724,1.231,9.596*4D
$GNGST,021217.70,0.008,0.003,0.002,43.9773,2.724,1.231,9.596*4C
$GNGST,021217.80,0.008,0.003,0.002,43.9774,2.724,1.231,9.596*44
$GNGST,021217.90,0.008,0.003,0.002,43.9774,2.724,1.231,9.596*45
$GNGST,021218.00,0.008,0.003,0.002,45.0576,2.724,1.231,9.596*4C
$GNGST,021218.10,0.008,0.003,0.002,43.8945,2.724,1.231,9.596*4F
$GNGST,021218.20,0.008,0.003,0.002,44.9797,2.724,1.231,9.596*4B
$GNGST,021218.30,0.007,0.003,0.002,44.7494,2.724,1.231,9.596*4B
$GNGST,021218.40,0.007,0.003,0.002,44.7495,2.724,1.231,9.596*4D
$GNGST,021218.50,0.008,0.003,0.002,45.8874,2.724,1.231,9.596*4E
$GNGST,021218.60,0.008,0.003,0.002,43.9873,2.724,1.231,9.596*4D
$GNGST,021218.70,0.008,0.003,0.002,44.1443,2.724,1.231,9.596*4C
$GNGST,021218.80,0.008,0.003,0.002,44.1401,2.724,1.231,9.596*45
$GNGST,021218.90,0.008,0.003,0.002,43.9874,2.724,1.231,9.596*45
$GNGST,021219.00,0.008,0.003,0.002,43.9875,2.724,1.231,9.596*4C
$GNGST,021219.10,0.008,0.003,0.002,44.1492,2.724,1.231,9.596*47
$GNGST,021219.20,0.008,0.003,0.002,45.1603,2.724,1.231,9.596*4F
$GNGST,021219.30,0.008,0.003,0.002,45.8291,2.724,1.231,9.596*48
$GNGST,021219.40,0.008,0.003,0.002,45.9807,2.724,1.231,9.596*4B
$GNGST,021219.50,0.008,0.003,0.002,45.8219,2.724,1.231,9.596*4E
$GNGST,021219.60,0.007,0.003,0.002,44.7662,2.724,1.231,9.596*44
$GNGST,021219.70,0.008,0.003,0.002,45.9737,2.724,1.231,9.596*44
$GNGST,021219.80,0.008,0.003,0.002,43.9899,2.724,1.231,9.596*46
$GNGST,021219.90,0.008,0.003,0.002,43.9900,2.724,1.231,9.596*46
$GNGST,021220.00,0.008,0.003,0.002,43.7627,2.724,1.231,9.596*41
$GNGST,021220.10,0.008,0.003,0.002,43.7627,2.724,1.231,9.596*40
$GNGST,021220.20,0.008,0.003,0.002,44.7468,2.724,1.231,9.596*4D
$GNGST,021220.30,0.008,0.003,0.002,44.9998,2.724,1.231,9.596*40
$GNGST,021220.40,0.008,0.003,0.002,43.7720,2.724,1.231,9.596*43
$GNGST,021220.50,0.007,0.003,0.002,44.5307,2.724,1.231,9.596*49
$GNGST,021220.60,0.008,0.003,0.002,43.7720,2.724,1.231,9.596*41
$GNGST,021220.70,0.007,0.003,0.002,44.6835,2.724,1.231,9.596*42
$GNGST,021220.80,0.008,0.003,0.002,43.9273,2.724,1.231,9.596*42
$GNGST,021220.90,0.008,0.003,0.002,43.7742,2.724,1.231,9.596*4A
$GNGST,021221.00,0.008,0.003,0.002,43.4929,2.724,1.231,9.596*42
$GNGST,021221.10,0.008,0.003,0.002,43.7743,2.724,1.231,9.596*42
$GNGST,021221.20,0.008,0.003,0.002,43.7743,2.724,1.231,9.596*41
$GNGST,021221.30,0.007,0.003,0.002,44.5438,2.724,1.231,9.596*45
$GNGST,021221.40,0.008,0.003,0.002,43.3545,2.724,1.231,9.596*47
$GNGST,021221.50,0.008,0.003,0.002,43.7859,2.724,1.231,9.596*42
$GNGST,021221.60,0.007,0.003,0.002,42.1985,2.724,1.231,9.596*49
$GNGST,021221.70,0.007,0.003,0.002,42.1987,2.724,1.231,9.596*4A
$GNGST,021221.80,0.007,0.003,0.002,44.4567,2.724,1.231,9.596*44
$GNGST,021221.90,0.007,0.003,0.002,44.5471,2.724,1.231,9.596*42
$GNGST,021222.00,0.007,0.003,0.002,44.5472,2.724,1.231,9.596*4B
$GNGST,021222.10,0.007,0.003,0.002,44.5473,2.724,1.231,9.596*4B
$GNGST,021222.20,0.007,0.003,0.002,45.0893,2.724,1.231,9.596*4E
$GNGST,021222.30,0.007,0.003,0.002,45.0894,2.724,1.231,9.596*48
$GNGST,021222.40,0.007,0.003,0.002,44.4573,2.724,1.231,9.596*4E
$GNGST,021222.50,0.007,0.003,0.002,44.5378,2.724,1.231,9.596*43
$GNGST,021222.60,0.007,0.003,0.002,42.2025,2.724,1.231,9.596*4A
$GNGST,021222.70,0.007,0.003,0.002,44.5488,2.724,1.231,9.596*49
$GNGST,021222.80,0.008,0.003,0.002,47.0987,2.724,1.231,9.596*4D
$GNGST,021222.90,0.008,0.003,0.002,45.8112,2.724,1.231,9.596*42
$GNGST,021223.00,0.008,0.003,0.002,43.7879,2.724,1.231,9.596*47
$GNGST,021223.10,0.008,0.003,0.002,43.7879,2.724,1.231,9.596*46
$GNGST,021223.20,0.007,0.003,0.002,44.4689,2.724,1.231,9.596*4F
$GNGST,021223.30,0.007,0.003,0.002,44.5494,2.724,1.231,9.596*41
$GNGST,021223.40,0.008,0.003,0.002,47.7771,2.724,1.231,9.596*40
$GNGST,021223.50,0.007,0.003,0.002,44.5496,2.724,1.231,9.596*45
$GNGST,021223.60,0.007,0.003,0.002,44.5497,2.724,1.231,9.596*47
$GNGST,021223.70,0.007,0.003,0.002,44.5418,2.724,1.231,9.596*41
$GNGST,021223.80,0.007,0.003,0.002,44.5323,2.724,1.231,9.596*41
$GNGST,021223.90,0.007,0.003,0.002,44.5324,2.724,1.231,9.596*47
$GNGST,021224.00,0.007,0.003,0.002,44.6827,2.724,1.231,9.596*42
$GNGST,021224.10,0.007,0.003,0.002,44.9366,2.724,1.231,9.596*42
$GNGST,021224.20,0.007,0.003,0.002,44.7163,2.724,1.231,9.596*48
$GNGST,021224.30,0.008,0.003,0.002,44.6886,2.724,1.231,9.596*45
$GNGST,021224.40,0.007,0.003,0.002,44.7878,2.724,1.231,9.596*4D
$GNGST,021224.50,0.007,0.003,0.002,44.7879,2.724,1.231,9.596*4D
$GNGST,021224.60,0.007,0.003,0.002,44.7880,2.724,1.231,9.596*48
$GNGST,021224.70,0.007,0.003,0.002,44.7881,2.724,1.231,9.596*48
$GNGST,021224.80,0.007,0.003,0.002,42.2064,2.724,1.231,9.596*47
$GNGST,021224.90,0.007,0.003,0.002,44.7883,2.724,1.231,9.596*44
$GNGST,021225.00,0.008,0.003,0.002,44.0263,2.724,1.231,9.596*40
$GNGST,021225.10,0.007,0.003,0.002,45.9834,2.724,1.231,9.596*4E
$GNGST,021225.20,0.007,0.003,0.002,45.9836,2.724,1.231,9.596*4F
$GNGST,021225.30,0.007,0.003,0.002,45.9838,2.724,1.231,9.596*40
$GNGST,021225.40,0.007,0.003,0.002,45.8329,2.724,1.231,9.596*4D
$GNGST,021225.50,0.007,0.003,0.002,45.9841,2.724,1.231,9.596*48
$GNGST,021225.60,0.007,0.003,0.002,42.2069,2.724,1.231,9.596*45
$GNGST,021225.70,0.007,0.003,0.002,42.2071,2.724,1.231,9.596*4D
$GNGST,021225.80,0.008,0.003,0.002,45.5899,2.724,1.231,9.596*43
$GNGST,021225.90,0.008,0.003,0.002,44.0402,2.724,1.231,9.596*48
$GNGST,021226.00,0.008,0.003,0.002,45.0475,2.724,1.231,9.596*43
$GNGST,021226.10,0.008,0.003,0.002,45.0476,2.724,1.231,9.596*41
$GNGST,021226.20,0.008,0.003,0.002,45.0477,2.724,1.231,9.596*43
$GNGST,021226.30,0.008,0.003,0.002,45.0478,2.724,1.231,9.596*4D
$GNGST,021226.40,0.008,0.003,0.002,45.0479,2.724,1.231,9.596*4B
$GNGST,021226.50,0.008,0.003,0.002,45.0480,2.724,1.231,9.596*4C
$GNGST,021226.60,0.008,0.003,0.002,45.0481,2.724,1.231,9.596*4E
$GNGST,021226.70,0.008,0.003,0.002,45.0483,2.724,1.231,9.596*4D
$GNGST,021226.80,0.008,0.003,0.002,45.0484,2.724,1.231,9.596*45
$GNGST,021226.90,0.008,0.003,0.002,44.1441,2.724,1.231,9.596*4D
$GNGST,021227.00,0.007,0.003,0.002,44.7356,2.724,1.231,9.596*4D
$GNGST,021227.10,0.007,0.003,0.002,44.8148,2.724,1.231,9.596*4E
$GNGST,021227.20,0.007,0.003,0.002,44.8149,2.724,1.231,9.596*4C
$GNGST,021227.30,0.008,0.003,0.002,44.0642,2.724,1.231,9.596*46
$GNGST,021227.40,0.008,0.003,0.002,47.5179,2.724,1.231,9.596*48
$GNGST,021227.50,0.008,0.003,0.002,44.0643,2.724,1.231,9.596*41
$GNGST,021227.60,0.008,0.003,0.002,44.0644,2.724,1.231,9.596*45
$GNGST,021227.70,0.008,0.003,0.002,44.0645,2.724,1.231,9.596*45
$GNGST,021227.80,0.008,0.003,0.002,44.1468,2.724,1.231,9.596*46
$GNGST,021227.90,0.008,0.003,0.002,43.5550,2.724,1.231,9.596*4E
$GNGST,021228.00,0.008,0.003,0.002,44.2250,2.724,1.231,9.596*4F
$GNGST,021228.10,0.008,0.003,0.002,43.9120,2.724,1.231,9.596*46
$GNGST,021228.20,0.008,0.003,0.002,44.1471,2.724,1.231,9.596*4B
$GNGST,021228.30,0.008,0.003,0.002,43.9120,2.724,1.231,9.596*44
$GNGST,021228.40,0.008,0.003,0.002,44.2253,2.724,1.231,9.596*48
$GNGST,021228.50,0.007,0.003,0.002,45.4453,2.724,1.231,9.596*47
$GNGST,021228.60,0.007,0.003,0.002,45.5188,2.724,1.231,9.596*46
$GNGST,021228.70,0.007,0.003,0.002,44.7404,2.724,1.231,9.596*45
$GNGST,021228.80,0.007,0.003,0.002,44.7405,2.724,1.231,9.596*4B
$GNGST,021228.90,0.007,0.003,0.002,45.4919,2.724,1.231,9.596*48
$GNGST,021229.00,0.007,0.003,0.002,44.7407,2.724,1.231,9.596*40
$GNGST,021229.10,0.007,0.003,0.002,45.5195,2.724,1.231,9.596*4C
$GNGST,021229.20,0.007,0.003,0.002,44.8201,2.724,1.231,9.596*4D
$GNGST,021229.30,0.007,0.003,0.002,44.8202,2.724,1.231,9.596*4F
$GNGST,021229.40,0.008,0.003,0.002,47.4202,2.724,1.231,9.596*48
$GNGST,021229.50,0.007,0.003,0.002,44.8204,2.724,1.231,9.596*4F
$GNGST,021229.60,0.007,0.003,0.002,45.5295,2.724,1.231,9.596*48
$GNGST,021229.70,0.007,0.003,0.002,45.5297,2.724,1.231,9.596*4B
$GNGST,021229.80,0.007,0.003,0.002,45.5298,2.724,1.231,9.596*4B
$GNGST,021229.90,0.007,0.003,0.002,45.5300,2.724,1.231,9.596*4A
$GNGST,021230.00,0.007,0.003,0.002,45.5210,2.724,1.231,9.596*4B
$GNGST,021230.10,0.007,0.003,0.002,45.5212,2.724,1.231,9.596*48
$GNGST,021230.20,0.007,0.003,0.002,45.9666,2.724,1.231,9.596*40
$GNGST,021230.30,0.007,0.003,0.002,45.9668,2.724,1.231,9.596*4F
$GNGST,021230.40,0.007,0.003,0.002,46.1812,2.724,1.231,9.596*40
$GNGST,021230.50,0.007,0.003,0.002,45.5218,2.724,1.231,9.596*46
$GNGST,021230.60,0.008,0.003,0.002,59.1592,2.724,1.231,9.596*46
$GNGST,021230.70,0.007,0.003,0.002,45.5220,2.724,1.231,9.596*4F
$GNGST,021230.80,0.007,0.003,0.002,45.5257,2.724,1.231,9.596*40
$GNGST,021230.90,0.007,0.003,0.002,45.5908,2.724,1.231,9.596*40
$GNGST,021231.00,0.007,0.003,0.002,45.5260,2.724,1.231,9.596*4D
$GNGST,021231.10,0.007,0.003,0.002,45.4528,2.724,1.231,9.596*46
$GNGST,021231.20,0.007,0.003,0.002,45.5263,2.724,1.231,9.596*4C
$GNGST,021231.30,0.007,0.003,0.002,45.5264,2.724,1.231,9.596*4A
$GNGST,021231.40,0.007,0.003,0.002,45.4532,2.724,1.231,9.596*48
$GNGST,021231.50,0.008,0.003,0.002,46.4121,2.724,1.231,9.596*43
$GNGST,021231.60,0.007,0.003,0.002,45.5254,2.724,1.231,9.596*4C
$GNGST,021231.70,0.007,0.003,0.002,45.5256,2.724,1.231,9.596*4F
$GNGST,021231.80,0.007,0.003,0.002,45.5257,2.724,1.231,9.596*41
$GNGST,021231.90,0.007,0.003,0.002,45.5259,2.724,1.231,9.596*4E
$GNGST,021232.00,0.007,0.003,0.002,45.5260,2.724,1.231,9.596*4E
$GNGST,021232.10,0.007,0.003,0.002,45.5261,2.724,1.231,9.596*4E
$GNGST,021232.20,0.007,0.003,0.002,45.5263,2.724,1.231,9.596*4F
$GNGST,021232.30,0.007,0.003,0.002,45.5264,2.724,1.231,9.596*49
$GNGST,021232.40,0.007,0.003,0.002,45.5266,2.724,1.231,9.596*4C
$GNGST,021232.50,0.008,0.003,0.002,44.7723,2.724,1.231,9.596*45
$GNGST,021232.60,0.007,0.003,0.002,45.5196,2.724,1.231,9.596*42
$GNGST,021232.70,0.008,0.003,0.002,52.5729,2.724,1.231,9.596*48
$GNGST,021232.80,0.007,0.003,0.002,44.9210,2.724,1.231,9.596*4C
$GNGST,021232.90,0.007,0.003,0.002,44.9618,2.724,1.231,9.596*41
$GNGST,021233.00,0.008,0.003,0.002,45.8849,2.724,1.231,9.596*4C
$GNGST,021233.10,0.007,0.003,0.002,44.7419,2.724,1.231,9.596*45
$GNGST,021233.20,0.007,0.003,0.002,44.9621,2.724,1.231,9.596*41
$GNGST,021233.30,0.007,0.003,0.002,44.8913,2.724,1.231,9.596*4F
$GNGST,021233.40,0.008,0.003,0.002,43.4733,2.724,1.231,9.596*40
$GNGST,021233.50,0.008,0.003,0.002,43.4733,2.724,1.231,9.596*41
$GNGST,021233.60,0.008,0.003,0.002,44.2258,2.724,1.231,9.596*4B
$GNGST,021233.70,0.008,0.003,0.002,43.3142,2.724,1.231,9.596*44
$GNGST,021233.80,0.008,0.003,0.002,43.3351,2.724,1.231,9.596*4B
$GNGST,021233.90,0.008,0.003,0.002,43.3351,2.724,1.231,9.596*4A
$GNGST,021234.00,0.007,0.003,0.002,44.3125,2.724,1.231,9.596*4D
$GNGST,021234.10,0.008,0.003,0.002,43.3352,2.724,1.231,9.596*46
$GNGST,021234.20,0.007,0.003,0.002,44.3285,2.724,1.231,9.596*46
$GNGST,021234.30,0.008,0.003,0.002,45.5414,2.724,1.231,9.596*41
$GNGST,021234.40,0.008,0.003,0.002,45.3824,2.724,1.231,9.596*4F
$GNGST,021234.50,0.008,0.003,0.002,45.3826,2.724,1.231,9.596*4C
$GNGST,021234.60,0.008,0.003,0.002,45.3828,2.724,1.231,9.596*41
$GNGST,021234.70,0.007,0.003,0.002,44.3131,2.724,1.231,9.596*4F
$GNGST,021234.80,0.007,0.003,0.002,42.1239,2.724,1.231,9.596*4F
$GNGST,021234.90,0.008,0.003,0.002,44.4881,2.724,1.231,9.596*4B
$GNGST,021235.00,0.008,0.003,0.002,44.4883,2.724,1.231,9.596*41
$GNGST,021235.10,0.008,0.003,0.002,44.4885,2.724,1.231,9.596*46
$GNGST,021235.20,0.008,0.003,0.002,44.4886,2.724,1.231,9.596*46
$GNGST,021235.30,0.007,0.003,0.002,44.9932,2.724,1.231,9.596*4B
$GNGST,021235.40,0.007,0.003,0.002,45.0089,2.724,1.231,9.596*4D
$GNGST,021235.50,0.007,0.003,0.002,44.9935,2.724,1.231,9.596*4A
$GNGST,021235.60,0.007,0.003,0.002,44.9936,2.724,1.231,9.596*4A
$GNGST,021235.70,0.007,0.003,0.002,44.9937,2.724,1.231,9.596*4A
$GNGST,021235.80,0.007,0.003,0.002,45.1387,2.724,1.231,9.596*4D
$GNGST,021235.90,0.008,0.003,0.002,43.9593,2.724,1.231,9.596*4E
$GNGST,021236.00,0.007,0.003,0.002,45.0528,2.724,1.231,9.596*44
$GNGST,021236.10,0.007,0.003,0.002,44.9909,2.724,1.231,9.596*42
$GNGST,021236.20,0.007,0.003,0.002,45.0530,2.724,1.231,9.596*4F
$GNGST,021236.30,0.008,0.003,0.002,45.0406,2.724,1.231,9.596*45
$GNGST,021236.40,0.007,0.003,0.002,44.9912,2.724,1.231,9.596*4D
$GNGST,021236.50,0.007,0.003,0.002,44.9913,2.724,1.231,9.596*4D
$GNGST,021236.60,0.007,0.003,0.002,44.9799,2.724,1.231,9.596*42
$GNGST,021236.70,0.007,0.003,0.002,44.9801,2.724,1.231,9.596*4D
$GNGST,021236.80,0.007,0.003,0.002,44.9802,2.724,1.231,9.596*41
$GNGST,021236.90,0.007,0.003,0.002,45.0372,2.724,1.231,9.596*44
$GNGST,021237.00,0.008,0.003,0.002,45.9547,2.724,1.231,9.596*4A
$GNGST,021237.10,0.007,0.003,0.002,44.9805,2.724,1.231,9.596*4E
$GNGST,021237.20,0.007,0.003,0.002,44.9806,2.724,1.231,9.596*4E
$GNGST,021237.30,0.008,0.003,0.002,46.0139,2.724,1.231,9.596*4E
$GNGST,021237.40,0.007,0.003,0.002,45.0378,2.724,1.231,9.596*42
$GNGST,021237.50,0.008,0.003,0.002,45.9551,2.724,1.231,9.596*48
$GNGST,021237.60,0.007,0.003,0.002,44.9812,2.724,1.231,9.596*4F
$GNGST,021237.70,0.007,0.003,0.002,44.9243,2.724,1.231,9.596*40
$GNGST,021237.80,0.007,0.003,0.002,45.0733,2.724,1.231,9.596*45
$GNGST,021237.90,0.007,0.003,0.002,45.1299,2.724,1.231,9.596*40
$GNGST,021238.00,0.007,0.003,0.002,44.9817,2.724,1.231,9.596*43
$GNGST,021238.10,0.008,0.003,0.002,46.3913,2.724,1.231,9.596*40
$GNGST,021238.20,0.007,0.003,0.002,44.9249,2.724,1.231,9.596*40
$GNGST,021238.30,0.007,0.003,0.002,44.9250,2.724,1.231,9.596*49
$GNGST,021238.40,0.007,0.003,0.002,44.9251,2.724,1.231,9.596*4F
$GNGST,021238.50,0.008,0.003,0.002,46.9626,2.724,1.231,9.596*47
$GNGST,021238.60,0.007,0.003,0.002,44.9824,2.724,1.231,9.596*45
$GNGST,021238.70,0.007,0.003,0.002,42.1672,2.724,1.231,9.596*47
$GNGST,021238.80,0.007,0.003,0.002,42.1673,2.724,1.231,9.596*49
$GNGST,021238.90,0.007,0.003,0.002,44.9131,2.724,1.231,9.596*47
$GNGST,021239.00,0.008,0.003,0.002,43.7029,2.724,1.231,9.596*41
$GNGST,021239.10,0.007,0.003,0.002,44.9134,2.724,1.231,9.596*4B
$GNGST,021239.20,0.007,0.003,0.002,44.2279,2.724,1.231,9.596*49
$GNGST,021239.30,0.007,0.003,0.002,44.9136,2.724,1.231,9.596*4B
$GNGST,021239.40,0.007,0.003,0.002,44.9137,2.724,1.231,9.596*4D
$GNGST,021239.50,0.007,0.003,0.002,44.9138,2.724,1.231,9.596*43
$GNGST,021239.60,0.007,0.003,0.002,44.9139,2.724,1.231,9.596*41
$GNGST,021239.70,0.007,0.003,0.002,44.9141,2.724,1.231,9.596*4F
$GNGST,021239.80,0.008,0.003,0.002,43.8816,2.724,1.231,9.596*42
$GNGST,021239.90,0.008,0.003,0.002,45.0485,2.724,1.231,9.596*4B
$GNGST,021240.00,0.007,0.003,0.002,44.9169,2.724,1.231,9.596*4C
$GNGST,021240.10,0.008,0.003,0.002,47.7307,2.724,1.231,9.596*45
$GNGST,021240.20,0.007,0.003,0.002,44.9172,2.724,1.231,9.596*44
$GNGST,021240.30,0.007,0.003,0.002,44.9173,2.724,1.231,9.596*44
$GNGST,021240.40,0.008,0.003,0.002,48.3646,2.724,1.231,9.596*4B
$GNGST,021240.50,0.008,0.003,0.002,43.8843,2.724,1.231,9.596*41
$GNGST,021240.60,0.007,0.003,0.002,44.9176,2.724,1.231,9.596*44
$GNGST,021240.70,0.007,0.003,0.002,44.8596,2.724,1.231,9.596*4E
$GNGST,021240.80,0.007,0.003,0.002,44.8597,2.724,1.231,9.596*40
$GNGST,021240.90,0.008,0.003,0.002,43.8203,2.724,1.231,9.596*43
$GNGST,021241.00,0.007,0.003,0.002,44.8600,2.724,1.231,9.596*44
$GNGST,021241.10,0.007,0.003,0.002,44.8601,2.724,1.231,9.596*44
$GNGST,021241.20,0.007,0.003,0.002,44.8602,2.724,1.231,9.596*44
$GNGST,021241.30,0.007,0.003,0.002,44.8603,2.724,1.231,9.596*44
$GNGST,021241.40,0.007,0.003,0.002,44.8604,2.724,1.231,9.596*44
$GNGST,021241.50,0.008,0.003,0.002,45.8755,2.724,1.231,9.596*4E
$GNGST,021241.60,0.007,0.003,0.002,46.6324,2.724,1.231,9.596*4D
$GNGST,021241.70,0.007,0.003,0.002,44.8632,2.724,1.231,9.596*42
$GNGST,021241.80,0.007,0.003,0.002,44.9048,2.724,1.231,9.596*47
$GNGST,021241.90,0.008,0.003,0.002,43.8706,2.724,1.231,9.596*42
$GNGST,021242.00,0.007,0.003,0.002,44.8636,2.724,1.231,9.596*42
$GNGST,021242.10,0.007,0.003,0.002,45.0135,2.724,1.231,9.596*4E
$GNGST,021242.20,0.007,0.003,0.002,44.8638,2.724,1.231,9.596*4E
$GNGST,021242.30,0.008,0.003,0.002,43.8231,2.724,1.231,9.596*4A
$GNGST,021242.40,0.007,0.003,0.002,44.8640,2.724,1.231,9.596*47
$GNGST,021242.50,0.008,0.003,0.002,43.8232,2.724,1.231,9.596*4F
$GNGST,021242.60,0.008,0.003,0.002,43.8232,2.724,1.231,9.596*4C
$GNGST,021242.70,0.007,0.003,0.002,44.9058,2.724,1.231,9.596*4A
$GNGST,021242.80,0.007,0.003,0.002,44.8643,2.724,1.231,9.596*48
$GNGST,021242.90,0.007,0.003,0.002,45.0548,2.724,1.231,9.596*48
$GNGST,021243.00,0.007,0.003,0.002,44.9060,2.724,1.231,9.596*47
$GNGST,021243.10,0.007,0.003,0.002,44.9061,2.724,1.231,9.596*47
$GNGST,021243.20,0.007,0.003,0.002,44.9062,2.724,1.231,9.596*47
$GNGST,021243.30,0.007,0.003,0.002,44.9064,2.724,1.231,9.596*40
$GNGST,021243.40,0.007,0.003,0.002,44.9065,2.724,1.231,9.596*46
$GNGST,021243.50,0.007,0.003,0.002,45.1638,2.724,1.231,9.596*40
$GNGST,021243.60,0.008,0.003,0.002,45.1650,2.724,1.231,9.596*42
$GNGST,021243.70,0.008,0.003,0.002,44.8223,2.724,1.231,9.596*4B
$GNGST,021243.80,0.007,0.003,0.002,45.8682,2.724,1.231,9.596*45
$GNGST,021243.90,0.008,0.003,0.002,44.0842,2.724,1.231,9.596*40
$GNGST,021244.00,0.008,0.003,0.002,44.1017,2.724,1.231,9.596*47
$GNGST,021244.10,0.007,0.003,0.002,45.8687,2.724,1.231,9.596*4E
$GNGST,021244.20,0.007,0.003,0.002,45.3090,2.724,1.231,9.596*46
$GNGST,021244.30,0.007,0.003,0.002,45.8690,2.724,1.231,9.596*4A
$GNGST,021244.40,0.007,0.003,0.002,45.8692,2.724,1.231,9.596*4F
$GNGST,021244.50,0.007,0.003,0.002,45.8694,2.724,1.231,9.596*48
$GNGST,021244.60,0.007,0.003,0.002,45.3095,2.724,1.231,9.596*47
$GNGST,021244.70,0.007,0.003,0.002,45.8697,2.724,1.231,9.596*49
$GNGST,021244.80,0.007,0.003,0.002,45.3097,2.724,1.231,9.596*4B
$GNGST,021244.90,0.007,0.003,0.002,45.8347,2.724,1.231,9.596*4F
$GNGST,021245.00,0.007,0.003,0.002,45.8715,2.724,1.231,9.596*44
$GNGST,021245.10,0.007,0.003,0.002,45.8717,2.724,1.231,9.596*47
$GNGST,021245.20,0.007,0.003,0.002,45.8352,2.724,1.231,9.596*41
$GNGST,021245.30,0.007,0.003,0.002,45.8720,2.724,1.231,9.596*41
$GNGST,021245.40,0.008,0.003,0.002,46.8122,2.724,1.231,9.596*4E
$GNGST,021245.50,0.008,0.003,0.002,44.9827,2.724,1.231,9.596*40
$GNGST,021245.60,0.008,0.003,0.002,44.7309,2.724,1.231,9.596*4A
$GNGST,021245.70,0.007,0.003,0.002,45.3749,2.724,1.231,9.596*41
$GNGST,021245.80,0.007,0.003,0.002,45.3750,2.724,1.231,9.596*46
$GNGST,021245.90,0.007,0.003,0.002,45.3752,2.724,1.231,9.596*45
$GNGST,021246.00,0.007,0.003,0.002,45.3753,2.724,1.231,9.596*4E
$GNGST,021246.10,0.007,0.003,0.002,45.5143,2.724,1.231,9.596*4E
$GNGST,021246.20,0.007,0.003,0.002,44.7968,2.724,1.231,9.596*4F
$GNGST,021246.30,0.007,0.003,0.002,44.6621,2.724,1.231,9.596*4D
$GNGST,021246.40,0.007,0.003,0.002,44.6622,2.724,1.231,9.596*49
$GNGST,021246.50,0.007,0.003,0.002,44.8121,2.724,1.231,9.596*42
$GNGST,021246.60,0.007,0.003,0.002,45.5126,2.724,1.231,9.596*4A
$GNGST,021246.70,0.007,0.003,0.002,46.6204,2.724,1.231,9.596*48
$GNGST,021246.80,0.007,0.003,0.002,44.7192,2.724,1.231,9.596*48
$GNGST,021246.90,0.007,0.003,0.002,44.6590,2.724,1.231,9.596*4E
$GNGST,021247.00,0.008,0.003,0.002,43.8719,2.724,1.231,9.596*43
$GNGST,021247.10,0.007,0.003,0.002,45.4303,2.724,1.231,9.596*48
$GNGST,021247.20,0.008,0.003,0.002,44.5570,2.724,1.231,9.596*46
$GNGST,021247.30,0.008,0.003,0.002,44.0251,2.724,1.231,9.596*46
$GNGST,021247.40,0.008,0.003,0.002,46.1410,2.724,1.231,9.596*41
$GNGST,021247.50,0.008,0.003,0.002,43.8760,2.724,1.231,9.596*48
$GNGST,021247.60,0.008,0.003,0.002,43.8760,2.724,1.231,9.596*4B
$GNGST,021247.70,0.008,0.003,0.002,43.9456,2.724,1.231,9.596*4D
$GNGST,021247.80,0.007,0.003,0.002,44.7243,2.724,1.231,9.596*46
$GNGST,021247.90,0.008,0.003,0.002,43.8761,2.724,1.231,9.596*45
$GNGST,021248.00,0.008,0.003,0.002,44.0291,2.724,1.231,9.596*46
$GNGST,021248.10,0.008,0.003,0.002,43.8762,2.724,1.231,9.596*41
$GNGST,021248.20,0.008,0.003,0.002,43.2176,2.724,1.231,9.596*4B
$GNGST,021248.30,0.008,0.003,0.002,43.8762,2.724,1.231,9.596*43
$GNGST,021248.40,0.007,0.003,0.002,45.0285,2.724,1.231,9.596*49
$GNGST,021248.50,0.008,0.003,0.002,43.2176,2.724,1.231,9.596*4C
$GNGST,021248.60,0.008,0.003,0.002,43.2176,2.724,1.231,9.596*4F
$GNGST,021248.70,0.008,0.003,0.002,43.2176,2.724,1.231,9.596*4E
$GNGST,021248.80,0.007,0.003,0.002,44.4967,2.724,1.231,9.596*47
$GNGST,021248.90,0.007,0.003,0.002,44.3477,2.724,1.231,9.596*4D
$GNGST,021249.00,0.007,0.003,0.002,44.4969,2.724,1.231,9.596*40
$GNGST,021249.10,0.007,0.003,0.002,44.4970,2.724,1.231,9.596*49
$GNGST,021249.20,0.007,0.003,0.002,44.7019,2.724,1.231,9.596*4F
$GNGST,021249.30,0.007,0.003,0.002,44.7020,2.724,1.231,9.596*44
$GNGST,021249.40,0.007,0.003,0.002,44.7021,2.724,1.231,9.596*42
$GNGST,021249.50,0.007,0.003,0.002,44.5459,2.724,1.231,9.596*4A
$GNGST,021249.60,0.007,0.003,0.002,44.7023,2.724,1.231,9.596*42
$GNGST,021249.70,0.007,0.003,0.002,44.7024,2.724,1.231,9.596*44
$GNGST,021249.80,0.007,0.003,0.002,45.6395,2.724,1.231,9.596*42
$GNGST,021249.90,0.007,0.003,0.002,45.3807,2.724,1.231,9.596*46
$GNGST,021250.00,0.007,0.003,0.002,44.5465,2.724,1.231,9.596*48
$GNGST,021250.10,0.007,0.003,0.002,44.5466,2.724,1.231,9.596*4A
$GNGST,021250.20,0.008,0.003,0.002,45.5702,2.724,1.231,9.596*46
$GNGST,021250.30,0.008,0.003,0.002,43.4329,2.724,1.231,9.596*4D
$GNGST,021250.40,0.008,0.003,0.002,45.0690,2.724,1.231,9.596*4F
$GNGST,021250.50,0.008,0.003,0.002,43.4315,2.724,1.231,9.596*44
$GNGST,021250.60,0.008,0.003,0.002,43.4154,2.724,1.231,9.596*40
$GNGST,021250.70,0.008,0.003,0.002,43.4315,2.724,1.231,9.596*46
$GNGST,021250.80,0.007,0.003,0.002,45.3820,2.724,1.231,9.596*4A
$GNGST,021250.90,0.007,0.003,0.002,44.7036,2.724,1.231,9.596*41
$GNGST,021251.00,0.007,0.003,0.002,45.3695,2.724,1.231,9.596*43
$GNGST,021251.10,0.007,0.003,0.002,44.6909,2.724,1.231,9.596*4C
$GNGST,021251.20,0.007,0.003,0.002,44.7039,2.724,1.231,9.596*44
$GNGST,021251.30,0.007,0.003,0.002,44.7040,2.724,1.231,9.596*4B
$GNGST,021251.40,0.007,0.003,0.002,44.6911,2.724,1.231,9.596*40
$GNGST,021251.50,0.007,0.003,0.002,44.7042,2.724,1.231,9.596*4F
$GNGST,021251.60,0.008,0.003,0.002,44.2484,2.724,1.231,9.596*48
$GNGST,021251.70,0.008,0.003,0.002,53.6023,2.724,1.231,9.596*42
$GNGST,021251.80,0.008,0.003,0.002,51.7287,2.724,1.231,9.596*42
$GNGST,021251.90,0.007,0.003,0.002,45.3938,2.724,1.231,9.596*42
$GNGST,021252.00,0.007,0.003,0.002,45.3812,2.724,1.231,9.596*41
$GNGST,021252.10,0.007,0.003,0.002,45.3940,2.724,1.231,9.596*46
$GNGST,021252.20,0.007,0.003,0.002,45.4157,2.724,1.231,9.596*4C
$GNGST,021252.30,0.008,0.003,0.002,44.2755,2.724,1.231,9.596*41
$GNGST,021252.40,0.007,0.003,0.002,45.4160,2.724,1.231,9.596*4E
$GNGST,021252.50,0.007,0.003,0.002,45.4161,2.724,1.231,9.596*4E
$GNGST,021252.60,0.007,0.003,0.002,47.0603,2.724,1.231,9.596*48
$GNGST,021252.70,0.007,0.003,0.002,42.6299,2.724,1.231,9.596*4D
$GNGST,021252.80,0.007,0.003,0.002,45.4795,2.724,1.231,9.596*4E
$GNGST,021252.90,0.007,0.003,0.002,45.4796,2.724,1.231,9.596*4C
$GNGST,021253.00,0.007,0.003,0.002,45.4444,2.724,1.231,9.596*48
$GNGST,021253.10,0.007,0.003,0.002,45.4799,2.724,1.231,9.596*4A
$GNGST,021253.20,0.007,0.003,0.002,45.4446,2.724,1.231,9.596*48
$GNGST,021253.30,0.007,0.003,0.002,45.4447,2.724,1.231,9.596*48
$GNGST,021253.40,0.007,0.003,0.002,46.5732,2.724,1.231,9.596*4C
$GNGST,021253.50,0.007,0.003,0.002,46.5733,2.724,1.231,9.596*4C
$GNGST,021253.60,0.007,0.003,0.002,42.5673,2.724,1.231,9.596*4E
$GNGST,021253.70,0.007,0.003,0.002,45.4582,2.724,1.231,9.596*44
$GNGST,021253.80,0.007,0.003,0.002,45.4483,2.724,1.231,9.596*4B
$GNGST,021253.90,0.007,0.003,0.002,45.4811,2.724,1.231,9.596*4D
$GNGST,021254.00,0.007,0.003,0.002,45.4812,2.724,1.231,9.596*40
$GNGST,021254.10,0.007,0.003,0.002,46.5773,2.724,1.231,9.596*4B
$GNGST,021254.20,0.007,0.003,0.002,45.4487,2.724,1.231,9.596*42
$GNGST,021254.30,0.007,0.003,0.002,45.3325,2.724,1.231,9.596*4B
$GNGST,021254.40,0.007,0.003,0.002,45.3326,2.724,1.231,9.596*4F
$GNGST,021254.50,0.007,0.003,0.002,42.5724,2.724,1.231,9.596*49
$GNGST,021254.60,0.007,0.003,0.002,42.5726,2.724,1.231,9.596*48
$GNGST,021254.70,0.007,0.003,0.002,42.5727,2.724,1.231,9.596*48
$GNGST,021254.80,0.007,0.003,0.002,42.5728,2.724,1.231,9.596*48
$GNGST,021254.90,0.008,0.003,0.002,44.7548,2.724,1.231,9.596*46
$GNGST,021255.00,0.008,0.003,0.002,47.5578,2.724,1.231,9.596*4C
$GNGST,021255.10,0.008,0.003,0.002,44.7419,2.724,1.231,9.596*4A
$GNGST,021255.20,0.008,0.003,0.002,45.8734,2.724,1.231,9.596*4B
$GNGST,021255.30,0.008,0.003,0.002,45.2911,2.724,1.231,9.596*49
$GNGST,021255.40,0.008,0.003,0.002,45.8737,2.724,1.231,9.596*4E
$GNGST,021255.50,0.008,0.003,0.002,44.6240,2.724,1.231,9.596*45
$GNGST,021255.60,0.007,0.003,0.002,45.3784,2.724,1.231,9.596*40
$GNGST,021255.70,0.008,0.003,0.002,44.9039,2.724,1.231,9.596*44
$GNGST,021255.80,0.008,0.003,0.002,44.1599,2.724,1.231,9.596*4C
$GNGST,021255.90,0.008,0.003,0.002,43.8034,2.724,1.231,9.596*41
$GNGST,021256.00,0.007,0.003,0.002,45.4328,2.724,1.231,9.596*40
$GNGST,021256.10,0.008,0.003,0.002,44.1735,2.724,1.231,9.596*42
$GNGST,021256.20,0.008,0.003,0.002,44.2054,2.724,1.231,9.596*42
$GNGST,021256.30,0.008,0.003,0.002,44.2055,2.724,1.231,9.596*42
$GNGST,021256.40,0.008,0.003,0.002,44.8750,2.724,1.231,9.596*4D
$GNGST,021256.50,0.008,0.003,0.002,44.8626,2.724,1.231,9.596*4C
$GNGST,021256.60,0.008,0.003,0.002,44.8991,2.724,1.231,9.596*4C
$GNGST,021256.70,0.007,0.003,0.002,45.4270,2.724,1.231,9.596*4B
$GNGST,021256.80,0.007,0.003,0.002,45.3721,2.724,1.231,9.596*42
$GNGST,021256.90,0.007,0.003,0.002,45.3215,2.724,1.231,9.596*41
$GNGST,021257.00,0.008,0.003,0.002,45.8117,2.724,1.231,9.596*4C
$GNGST,021257.10,0.008,0.003,0.002,44.2184,2.724,1.231,9.596*4C
$GNGST,021257.20,0.008,0.003,0.002,44.2184,2.724,1.231,9.596*4F
$GNGST,021257.30,0.008,0.003,0.002,44.2023,2.724,1.231,9.596*42
$GNGST,021257.40,0.008,0.003,0.002,44.2023,2.724,1.231,9.596*45
$GNGST,021257.50,0.008,0.003,0.002,44.2184,2.724,1.231,9.596*48
$GNGST,021257.60,0.007,0.003,0.002,45.3117,2.724,1.231,9.596*4E
$GNGST,021257.70,0.008,0.003,0.002,43.7942,2.724,1.231,9.596*4A
$GNGST,021257.80,0.007,0.003,0.002,45.3073,2.724,1.231,9.596*43
$GNGST,021257.90,0.008,0.003,0.002,44.1979,2.724,1.231,9.596*4D
$GNGST,021258.00,0.007,0.003,0.002,45.2944,2.724,1.231,9.596*48
$GNGST,021258.10,0.008,0.003,0.002,44.1979,2.724,1.231,9.596*4A
$GNGST,021258.20,0.008,0.003,0.002,44.5816,2.724,1.231,9.596*45
$GNGST,021258.30,0.008,0.003,0.002,44.1980,2.724,1.231,9.596*4E
$GNGST,021258.40,0.008,0.003,0.002,44.5982,2.724,1.231,9.596*4F
$GNGST,021258.50,0.008,0.003,0.002,45.2044,2.724,1.231,9.596*4B
$GNGST,021258.60,0.008,0.003,0.002,45.0206,2.724,1.231,9.596*4E
$GNGST,021258.70,0.008,0.003,0.002,44.1154,2.724,1.231,9.596*4B
$GNGST,021258.80,0.008,0.003,0.002,45.1908,2.724,1.231,9.596*44
$GNGST,021258.90,0.008,0.003,0.002,46.7644,2.724,1.231,9.596*47
$GNGST,021259.00,0.008,0.003,0.002,45.2038,2.724,1.231,9.596*44
$GNGST,021259.10,0.008,0.003,0.002,45.1911,2.724,1.231,9.596*44
$GNGST,021259.20,0.008,0.003,0.002,45.3007,2.724,1.231,9.596*4B
$GNGST,021259.30,0.008,0.003,0.002,44.7917,2.724,1.231,9.596*47
$GNGST,021259.40,0.008,0.003,0.002,45.2042,2.724,1.231,9.596*4D
$GNGST,021259.50,0.008,0.003,0.002,45.3011,2.724,1.231,9.596*4B
$GNGST,021259.60,0.008,0.003,0.002,44.7921,2.724,1.231,9.596*47
$GNGST,021259.70,0.007,0.003,0.002,45.9035,2.724,1.231,9.596*4A
$GNGST,021259.80,0.007,0.003,0.002,45.9036,2.724,1.231,9.596*46
$GNGST,021259.90,0.008,0.003,0.002,48.6986,2.724,1.231,9.596*48
$GNGST,021300.00,0.008,0.003,0.002,46.9281,2.724,1.231,9.596*41
$GNGST,021300.10,0.008,0.003,0.002,44.4967,2.724,1.231,9.596*4C
$GNGST,021300.20,0.008,0.003,0.002,44.4968,2.724,1.231,9.596*40
$GNGST,021300.30,0.008,0.003,0.002,44.4969,2.724,1.231,9.596*40
$GNGST,021300.40,0.008,0.003,0.002,45.4676,2.724,1.231,9.596*47
$GNGST,021300.50,0.008,0.003,0.002,45.4678,2.724,1.231,9.596*48
$GNGST,021300.60,0.007,0.003,0.002,45.8614,2.724,1.231,9.596*42
$GNGST,021300.70,0.008,0.003,0.002,48.9697,2.724,1.231,9.596*4B
$GNGST,021300.80,0.008,0.003,0.002,45.8232,2.724,1.231,9.596*43
$GNGST,021300.90,0.007,0.003,0.002,45.8988,2.724,1.231,9.596*47
$GNGST,021301.00,0.007,0.003,0.002,45.8989,2.724,1.231,9.596*4E
$GNGST,021301.10,0.008,0.003,0.002,45.4737,2.724,1.231,9.596*47
$GNGST,021301.20,0.008,0.003,0.002,45.4739,2.724,1.231,9.596*4A
$GNGST,021301.30,0.007,0.003,0.002,45.8994,2.724,1.231,9.596*41
$GNGST,021301.40,0.007,0.003,0.002,45.8995,2.724,1.231,9.596*47
$GNGST,021301.50,0.007,0.003,0.002,45.8628,2.724,1.231,9.596*4F
$GNGST,021301.60,0.007,0.003,0.002,45.8998,2.724,1.231,9.596*48
$GNGST,021301.70,0.007,0.003,0.002,45.9000,2.724,1.231,9.596*40
$GNGST,021301.80,0.007,0.003,0.002,45.9001,2.724,1.231,9.596*4E
$GNGST,021301.90,0.008,0.003,0.002,48.6734,2.724,1.231,9.596*43
$GNGST,021302.00,0.008,0.003,0.002,45.1985,2.724,1.231,9.596*47
$GNGST,021302.10,0.007,0.003,0.002,45.8649,2.724,1.231,9.596*4F
$GNGST,021302.20,0.008,0.003,0.002,45.1566,2.724,1.231,9.596*44
$GNGST,021302.30,0.008,0.003,0.002,44.1189,2.724,1.231,9.596*41
$GNGST,021302.40,0.008,0.003,0.002,45.1987,2.724,1.231,9.596*41
$GNGST,021302.50,0.008,0.003,0.002,44.5098,2.724,1.231,9.596*42
$GNGST,021302.60,0.008,0.003,0.002,38.2342,2.724,1.231,9.596*49
$GNGST,021302.70,0.008,0.003,0.002,44.1185,2.724,1.231,9.596*49
$GNGST,021302.80,0.008,0.003,0.002,45.1986,2.724,1.231,9.596*4C
$GNGST,021302.90,0.008,0.003,0.002,45.1987,2.724,1.231,9.596*4C
$GNGST,021303.00,0.008,0.003,0.002,44.1186,2.724,1.231,9.596*4C
$GNGST,021303.10,0.008,0.003,0.002,44.1186,2.724,1.231,9.596*4D
$GNGST,021303.20,0.008,0.003,0.002,45.1990,2.724,1.231,9.596*40
$GNGST,021303.30,0.008,0.003,0.002,45.1991,2.724,1.231,9.596*40
$GNGST,021303.40,0.008,0.003,0.002,49.7595,2.724,1.231,9.596*45
$GNGST,021303.50,0.008,0.003,0.002,44.1187,2.724,1.231,9.596*48
$GNGST,021303.60,0.008,0.003,0.002,47.6635,2.724,1.231,9.596*41
$GNGST,021303.70,0.008,0.003,0.002,45.1975,2.724,1.231,9.596*4E
$GNGST,021303.80,0.008,0.003,0.002,45.1976,2.724,1.231,9.596*42
$GNGST,021303.90,0.008,0.003,0.002,45.1977,2.724,1.231,9.596*42
$GNGST,021304.00,0.008,0.003,0.002,45.1723,2.724,1.231,9.596*43
$GNGST,021304.10,0.008,0.003,0.002,45.4421,2.724,1.231,9.596*46
$GNGST,021304.20,0.008,0.003,0.002,46.6123,2.724,1.231,9.596*43
$GNGST,021304.30,0.008,0.003,0.002,44.3584,2.724,1.231,9.596*4C
$GNGST,021304.40,0.008,0.003,0.002,44.7763,2.724,1.231,9.596*44
$GNGST,021304.50,0.008,0.003,0.002,44.7764,2.724,1.231,9.596*42
$GNGST,021304.60,0.008,0.003,0.002,44.7750,2.724,1.231,9.596*46
$GNGST,021304.70,0.008,0.003,0.002,44.7751,2.724,1.231,9.596*46
$GNGST,021304.80,0.008,0.003,0.002,44.7752,2.724,1.231,9.596*4A
$GNGST,021304.90,0.008,0.003,0.002,44.3573,2.724,1.231,9.596*4E
$GNGST,021305.00,0.008,0.003,0.002,44.7753,2.724,1.231,9.596*42
$GNGST,021305.10,0.008,0.003,0.002,44.7754,2.724,1.231,9.596*44
$GNGST,021305.20,0.008,0.003,0.002,43.6972,2.724,1.231,9.596*4B
$GNGST,021305.30,0.008,0.003,0.002,44.7756,2.724,1.231,9.596*44
$GNGST,021305.40,0.008,0.003,0.002,44.7757,2.724,1.231,9.596*42
$GNGST,021305.50,0.008,0.003,0.002,44.7758,2.724,1.231,9.596*4C
$GNGST,021305.60,0.008,0.003,0.002,44.7759,2.724,1.231,9.596*4E
$GNGST,021305.70,0.008,0.003,0.002,44.7760,2.724,1.231,9.596*45
$GNGST,021305.80,0.008,0.003,0.002,44.7741,2.724,1.231,9.596*49
$GNGST,021305.90,0.008,0.003,0.002,44.7741,2.724,1.231,9.596*48
$GNGST,021306.00,0.008,0.003,0.002,45.4653,2.724,1.231,9.596*42
$GNGST,021306.10,0.008,0.003,0.002,45.4655,2.724,1.231,9.596*45
$GNGST,021306.20,0.008,0.003,0.002,46.6127,2.724,1.231,9.596*45
$GNGST,021306.30,0.008,0.003,0.002,46.6129,2.724,1.231,9.596*4A
$GNGST,021306.40,0.008,0.003,0.002,45.9244,2.724,1.231,9.596*49
$GNGST,021306.50,0.008,0.003,0.002,44.7747,2.724,1.231,9.596*41
$GNGST,021306.60,0.008,0.003,0.002,34.6309,2.724,1.231,9.596*4A
$GNGST,021306.70,0.008,0.003,0.002,34.6308,2.724,1.231,9.596*4A
$GNGST,021306.80,0.008,0.003,0.002,45.6245,2.724,1.231,9.596*4B
$GNGST,021306.90,0.008,0.003,0.002,45.6246,2.724,1.231,9.596*49
$GNGST,021307.00,0.008,0.003,0.002,45.6247,2.724,1.231,9.596*40
$GNGST,021307.10,0.008,0.003,0.002,45.6248,2.724,1.231,9.596*4E
$GNGST,021307.20,0.008,0.003,0.002,45.6249,2.724,1.231,9.596*4C
$GNGST,021307.30,0.008,0.003,0.002,45.6250,2.724,1.231,9.596*45
$GNGST,021307.40,0.008,0.003,0.002,44.9397,2.724,1.231,9.596*46
$GNGST,021307.50,0.008,0.003,0.002,45.6253,2.724,1.231,9.596*40
$GNGST,021307.60,0.008,0.003,0.002,45.6254,2.724,1.231,9.596*44
$GNGST,021307.70,0.008,0.003,0.002,45.6506,2.724,1.231,9.596*45
$GNGST,021307.80,0.008,0.003,0.002,45.6234,2.724,1.231,9.596*4C
$GNGST,021307.90,0.007,0.003,0.002,45.2559,2.724,1.231,9.596*4A
$GNGST,021308.00,0.008,0.003,0.002,45.6236,2.724,1.231,9.596*49
$GNGST,021308.10,0.007,0.003,0.002,45.2561,2.724,1.231,9.596*46
$GNGST,021308.20,0.007,0.003,0.002,45.2561,2.724,1.231,9.596*45
$GNGST,021308.30,0.008,0.003,0.002,44.5152,2.724,1.231,9.596*49
$GNGST,021308.40,0.008,0.003,0.002,44.2299,2.724,1.231,9.596*4D
$GNGST,021308.50,0.008,0.003,0.002,44.5153,2.724,1.231,9.596*4E
$GNGST,021308.60,0.008,0.003,0.002,45.6243,2.724,1.231,9.596*4D
$GNGST,021308.70,0.008,0.003,0.002,44.5139,2.724,1.231,9.596*40
$GNGST,021308.80,0.008,0.003,0.002,43.8578,2.724,1.231,9.596*44
$GNGST,021308.90,0.008,0.003,0.002,34.2684,2.724,1.231,9.596*4F
$GNGST,021309.00,0.008,0.003,0.002,44.9372,2.724,1.231,9.596*47
$GNGST,021309.10,0.008,0.003,0.002,45.6236,2.724,1.231,9.596*49
$GNGST,021309.20,0.008,0.003,0.002,45.6237,2.724,1.231,9.596*4B
$GNGST,021309.30,0.008,0.003,0.002,44.5141,2.724,1.231,9.596*4A
$GNGST,021309.40,0.008,0.003,0.002,34.8109,2.724,1.231,9.596*4B
$GNGST,021309.50,0.008,0.003,0.002,34.3128,2.724,1.231,9.596*42
$GNGST,021309.60,0.008,0.003,0.002,44.8697,2.724,1.231,9.596*4E
$GNGST,021309.70,0.007,0.003,0.002,45.5537,2.724,1.231,9.596*45
$GNGST,021309.80,0.007,0.003,0.002,45.5538,2.724,1.231,9.596*45
$GNGST,021309.90,0.007,0.003,0.002,45.5539,2.724,1.231,9.596*45
$GNGST,021310.00,0.007,0.003,0.002,45.5540,2.724,1.231,9.596*4A
$GNGST,021310.10,0.007,0.003,0.002,45.5541,2.724,1.231,9.596*4A
$GNGST,021310.20,0.007,0.003,0.002,45.5543,2.724,1.231,9.596*4B
$GNGST,021310.30,0.007,0.003,0.002,45.5544,2.724,1.231,9.596*4D
$GNGST,021310.40,0.008,0.003,0.002,46.0605,2.724,1.231,9.596*45
$GNGST,021310.50,0.008,0.003,0.002,36.5145,2.724,1.231,9.596*45
$GNGST,021310.60,0.008,0.003,0.002,36.3022,2.724,1.231,9.596*40
$GNGST,021310.70,0.007,0.003,0.002,41.8512,2.724,1.231,9.596*43
$GNGST,021310.80,0.007,0.003,0.002,41.8512,2.724,1.231,9.596*4C
$GNGST,021310.90,0.007,0.003,0.002,45.5576,2.724,1.231,9.596*46
$GNGST,021311.00,0.007,0.003,0.002,45.5577,2.724,1.231,9.596*4F
$GNGST,021311.10,0.008,0.003,0.002,35.3491,2.724,1.231,9.596*49
$GNGST,021311.20,0.007,0.003,0.002,45.5580,2.724,1.231,9.596*45
$GNGST,021311.30,0.008,0.003,0.002,35.3490,2.724,1.231,9.596*4A
$GNGST,021311.40,0.008,0.003,0.002,36.7225,2.724,1.231,9.596*42
$GNGST,021311.50,0.007,0.003,0.002,45.5583,2.724,1.231,9.596*41
$GNGST,021311.60,0.007,0.003,0.002,45.5598,2.724,1.231,9.596*48
$GNGST,021311.70,0.007,0.003,0.002,45.5600,2.724,1.231,9.596*4B
$GNGST,021311.80,0.007,0.003,0.002,45.5601,2.724,1.231,9.596*45
$GNGST,021311.90,0.007,0.003,0.002,45.5602,2.724,1.231,9.596*47
$GNGST,021312.00,0.008,0.003,0.002,35.9116,2.724,1.231,9.596*4B
$GNGST,021312.10,0.007,0.003,0.002,45.5604,2.724,1.231,9.596*4A
$GNGST,021312.20,0.007,0.003,0.002,45.5606,2.724,1.231,9.596*4B
$GNGST,021312.30,0.008,0.003,0.002,46.4780,2.724,1.231,9.596*48
$GNGST,021312.40,0.008,0.003,0.002,46.4781,2.724,1.231,9.596*4E
$GNGST,021312.50,0.007,0.003,0.002,45.5609,2.724,1.231,9.596*43
$GNGST,021312.60,0.007,0.003,0.002,45.5610,2.724,1.231,9.596*48
$GNGST,021312.70,0.007,0.003,0.002,45.2581,2.724,1.231,9.596*45
$GNGST,021312.80,0.007,0.003,0.002,44.8401,2.724,1.231,9.596*48
$GNGST,021312.90,0.007,0.003,0.002,45.2582,2.724,1.231,9.596*48
$GNGST,021313.00,0.007,0.003,0.002,44.5805,2.724,1.231,9.596*44
$GNGST,021313.10,0.008,0.003,0.002,44.8785,2.724,1.231,9.596*40
$GNGST,021313.20,0.007,0.003,0.002,44.5806,2.724,1.231,9.596*45
$GNGST,021313.30,0.008,0.003,0.002,44.8787,2.724,1.231,9.596*40
$GNGST,021313.40,0.008,0.003,0.002,44.8788,2.724,1.231,9.596*48
$GNGST,021313.50,0.007,0.003,0.002,45.5606,2.724,1.231,9.596*4D
$GNGST,021313.60,0.008,0.003,0.002,45.8468,2.724,1.231,9.596*46
$GNGST,021313.70,0.007,0.003,0.002,45.5595,2.724,1.231,9.596*46
$GNGST,021313.80,0.008,0.003,0.002,47.5479,2.724,1.231,9.596*47
$GNGST,021313.90,0.007,0.003,0.002,45.5598,2.724,1.231,9.596*45
$GNGST,021314.00,0.008,0.003,0.002,34.8201,2.724,1.231,9.596*48
$GNGST,021314.10,0.007,0.003,0.002,45.5600,2.724,1.231,9.596*48
$GNGST,021314.20,0.008,0.003,0.002,35.7202,2.724,1.231,9.596*47
$GNGST,021314.30,0.008,0.003,0.002,35.3463,2.724,1.231,9.596*43
$GNGST,021314.40,0.008,0.003,0.002,35.9099,2.724,1.231,9.596*4F
$GNGST,021314.50,0.008,0.003,0.002,34.8199,2.724,1.231,9.596*4F
$GNGST,021314.60,0.008,0.003,0.002,34.8199,2.724,1.231,9.596*4C
$GNGST,021314.70,0.008,0.003,0.002,35.9099,2.724,1.231,9.596*4C
$GNGST,021314.80,0.008,0.003,0.002,35.9099,2.724,1.231,9.596*43
$GNGST,021314.90,0.008,0.003,0.002,36.6548,2.724,1.231,9.596*47
$GNGST,021315.00,0.008,0.003,0.002,36.0991,2.724,1.231,9.596*41
$GNGST,021315.10,0.008,0.003,0.002,36.6549,2.724,1.231,9.596*4F
$GNGST,021315.20,0.008,0.003,0.002,36.0991,2.724,1.231,9.596*43
$GNGST,021315.30,0.008,0.003,0.002,36.6549,2.724,1.231,9.596*4D
$GNGST,021315.40,0.008,0.003,0.002,36.6550,2.724,1.231,9.596*42
$GNGST,021315.50,0.008,0.003,0.002,35.5775,2.724,1.231,9.596*46
$GNGST,021315.60,0.008,0.003,0.002,36.6551,2.724,1.231,9.596*41
$GNGST,021315.70,0.008,0.003,0.002,36.1948,2.724,1.231,9.596*43
$GNGST,021315.80,0.008,0.003,0.002,37.2547,2.724,1.231,9.596*4D
$GNGST,021315.90,0.008,0.003,0.002,36.6574,2.724,1.231,9.596*49
$GNGST,021316.00,0.008,0.003,0.002,37.2561,2.724,1.231,9.596*42
$GNGST,021316.10,0.008,0.003,0.002,36.9907,2.724,1.231,9.596*45
$GNGST,021316.20,0.008,0.003,0.002,36.6575,2.724,1.231,9.596*40
$GNGST,021316.30,0.008,0.003,0.002,36.1016,2.724,1.231,9.596*46
$GNGST,021316.40,0.008,0.003,0.002,36.4297,2.724,1.231,9.596*4F
$GNGST,021316.50,0.008,0.003,0.002,37.7028,2.724,1.231,9.596*4A
$GNGST,021316.60,0.008,0.003,0.002,36.6576,2.724,1.231,9.596*47
$GNGST,021316.70,0.007,0.003,0.002,46.7301,2.724,1.231,9.596*49
$GNGST,021316.80,0.008,0.003,0.002,37.2565,2.724,1.231,9.596*4E
$GNGST,021316.90,0.008,0.003,0.002,45.2224,2.724,1.231,9.596*48
$GNGST,021317.00,0.008,0.003,0.002,35.9192,2.724,1.231,9.596*42
$GNGST,021317.10,0.008,0.003,0.002,45.1538,2.724,1.231,9.596*48
$GNGST,021317.20,0.008,0.003,0.002,44.4608,2.724,1.231,9.596*4F
$GNGST,021317.30,0.008,0.003,0.002,34.6557,2.724,1.231,9.596*42
$GNGST,021317.40,0.008,0.003,0.002,34.6557,2.724,1.231,9.596*45
$GNGST,021317.50,0.007,0.003,0.002,46.2220,2.724,1.231,9.596*4D
$GNGST,021317.60,0.007,0.003,0.002,45.5671,2.724,1.231,9.596*4A
$GNGST,021317.70,0.007,0.003,0.002,46.2223,2.724,1.231,9.596*4C
$GNGST,021317.80,0.007,0.003,0.002,45.5287,2.724,1.231,9.596*49
$GNGST,021317.90,0.007,0.003,0.002,45.5289,2.724,1.231,9.596*46
$GNGST,021318.00,0.007,0.003,0.002,45.5676,2.724,1.231,9.596*44
$GNGST,021318.10,0.007,0.003,0.002,45.5677,2.724,1.231,9.596*44
$GNGST,021318.20,0.007,0.003,0.002,45.5292,2.724,1.231,9.596*48
$GNGST,021318.30,0.007,0.003,0.002,45.5293,2.724,1.231,9.596*48
$GNGST,021318.40,0.007,0.003,0.002,45.5295,2.724,1.231,9.596*49
$GNGST,021318.50,0.007,0.003,0.002,45.5296,2.724,1.231,9.596*4B
$GNGST,021318.60,0.007,0.003,0.002,45.5297,2.724,1.231,9.596*49
$GNGST,021318.70,0.007,0.003,0.002,46.7279,2.724,1.231,9.596*49
$GNGST,021318.80,0.008,0.003,0.002,35.8533,2.724,1.231,9.596*4B
$GNGST,021318.90,0.007,0.003,0.002,45.5684,2.724,1.231,9.596*40
$GNGST,021319.00,0.007,0.003,0.002,45.5300,2.724,1.231,9.596*41
$GNGST,021319.10,0.007,0.003,0.002,45.5687,2.724,1.231,9.596*4A
$GNGST,021319.20,0.008,0.003,0.002,35.9218,2.724,1.231,9.596*4F
$GNGST,021319.30,0.008,0.003,0.002,44.7005,2.724,1.231,9.596*48
$GNGST,021319.40,0.008,0.003,0.002,45.7134,2.724,1.231,9.596*4D
$GNGST,021319.50,0.007,0.003,0.002,45.4992,2.724,1.231,9.596*44
$GNGST,021319.60,0.008,0.003,0.002,45.7137,2.724,1.231,9.596*4C
$GNGST,021319.70,0.008,0.003,0.002,45.7138,2.724,1.231,9.596*42
$GNGST,021319.80,0.008,0.003,0.002,45.3805,2.724,1.231,9.596*4E
$GNGST,021319.90,0.008,0.003,0.002,45.7250,2.724,1.231,9.596*41
$GNGST,021320.00,0.008,0.003,0.002,45.7252,2.724,1.231,9.596*40
$GNGST,021320.10,0.008,0.003,0.002,45.6867,2.724,1.231,9.596*4C
$GNGST,021320.20,0.008,0.003,0.002,45.6868,2.724,1.231,9.596*40
$GNGST,021320.30,0.008,0.003,0.002,45.6869,2.724,1.231,9.596*40
$GNGST,021320.40,0.008,0.003,0.002,45.3815,2.724,1.231,9.596*49
$GNGST,021320.50,0.008,0.003,0.002,45.6967,2.724,1.231,9.596*49
$GNGST,021320.60,0.008,0.003,0.002,45.7087,2.724,1.231,9.596*4C
$GNGST,021320.70,0.008,0.003,0.002,44.6413,2.724,1.231,9.596*44
$GNGST,021320.80,0.008,0.003,0.002,45.6971,2.724,1.231,9.596*43
$GNGST,021320.90,0.008,0.003,0.002,45.6972,2.724,1.231,9.596*41
$GNGST,021321.00,0.008,0.003,0.002,45.6973,2.724,1.231,9.596*48
$GNGST,021321.10,0.008,0.003,0.002,45.6975,2.724,1.231,9.596*4F
$GNGST,021321.20,0.008,0.003,0.002,45.6976,2.724,1.231,9.596*4F
$GNGST,021321.30,0.008,0.003,0.002,45.6977,2.724,1.231,9.596*4F
$GNGST,021321.40,0.008,0.003,0.002,44.6120,2.724,1.231,9.596*43
$GNGST,021321.50,0.008,0.003,0.002,44.6121,2.724,1.231,9.596*43
$GNGST,021321.60,0.008,0.003,0.002,44.6122,2.724,1.231,9.596*43
$GNGST,021321.70,0.007,0.003,0.002,42.5519,2.724,1.231,9.596*44
$GNGST,021321.80,0.007,0.003,0.002,42.5520,2.724,1.231,9.596*41
$GNGST,021321.90,0.007,0.003,0.002,42.5522,2.724,1.231,9.596*42
$GNGST,021322.00,0.008,0.003,0.002,35.5456,2.724,1.231,9.596*45
$GNGST,021322.10,0.008,0.003,0.002,42.8886,2.724,1.231,9.596*48
$GNGST,021322.20,0.008,0.003,0.002,44.6289,2.724,1.231,9.596*46
$GNGST,021322.30,0.008,0.003,0.002,44.6290,2.724,1.231,9.596*4F
$GNGST,021322.40,0.008,0.003,0.002,44.6291,2.724,1.231,9.596*49
$GNGST,021322.50,0.008,0.003,0.002,45.7871,2.724,1.231,9.596*4C
$GNGST,021322.60,0.007,0.003,0.002,45.7616,2.724,1.231,9.596*4F
$GNGST,021322.70,0.008,0.003,0.002,45.0999,2.724,1.231,9.596*4E
$GNGST,021322.80,0.008,0.003,0.002,45.0595,2.724,1.231,9.596*41
$GNGST,021322.90,0.008,0.003,0.002,45.0596,2.724,1.231,9.596*43
$GNGST,021323.00,0.008,0.003,0.002,45.0597,2.724,1.231,9.596*4A
$GNGST,021323.10,0.008,0.003,0.002,45.0598,2.724,1.231,9.596*44
$GNGST,021323.20,0.008,0.003,0.002,44.5865,2.724,1.231,9.596*4C
$GNGST,021323.30,0.008,0.003,0.002,43.8520,2.724,1.231,9.596*4B
$GNGST,021323.40,0.008,0.003,0.002,43.8521,2.724,1.231,9.596*4D
$GNGST,021323.50,0.007,0.003,0.002,42.5082,2.724,1.231,9.596*43
$GNGST,021323.60,0.008,0.003,0.002,44.6463,2.724,1.231,9.596*41
$GNGST,021323.70,0.008,0.003,0.002,46.7751,2.724,1.231,9.596*41
$GNGST,021323.80,0.008,0.003,0.002,45.7799,2.724,1.231,9.596*49
$GNGST,021323.90,0.008,0.003,0.002,45.7728,2.724,1.231,9.596*42
$GNGST,021324.00,0.008,0.003,0.002,45.1555,2.724,1.231,9.596*42
$GNGST,021324.10,0.007,0.003,0.002,45.5316,2.724,1.231,9.596*49
$GNGST,021324.20,0.007,0.003,0.002,45.4953,2.724,1.231,9.596*40
$GNGST,021324.30,0.008,0.003,0.002,46.6174,2.724,1.231,9.596*42
$GNGST,021324.40,0.007,0.003,0.002,45.4956,2.724,1.231,9.596*43
$GNGST,021324.50,0.007,0.003,0.002,42.4818,2.724,1.231,9.596*4E
$GNGST,021324.60,0.007,0.003,0.002,42.4819,2.724,1.231,9.596*4C
$GNGST,021324.70,0.007,0.003,0.002,42.4820,2.724,1.231,9.596*47
$GNGST,021324.80,0.007,0.003,0.002,42.4821,2.724,1.231,9.596*49
$GNGST,021324.90,0.008,0.003,0.002,45.1575,2.724,1.231,9.596*49
$GNGST,021325.00,0.007,0.003,0.002,45.5003,2.724,1.231,9.596*4E
$GNGST,021325.10,0.007,0.003,0.002,45.5384,2.724,1.231,9.596*43
$GNGST,021325.20,0.007,0.003,0.002,45.5385,2.724,1.231,9.596*41
$GNGST,021325.30,0.007,0.003,0.002,45.5386,2.724,1.231,9.596*43
$GNGST,021325.40,0.007,0.003,0.002,45.5661,2.724,1.231,9.596*48
$GNGST,021325.50,0.007,0.003,0.002,45.5662,2.724,1.231,9.596*4A
$GNGST,021325.60,0.007,0.003,0.002,45.5664,2.724,1.231,9.596*4F
$GNGST,021325.70,0.007,0.003,0.002,45.5665,2.724,1.231,9.596*4F
$GNGST,021325.80,0.007,0.003,0.002,45.5029,2.724,1.231,9.596*4E
$GNGST,021325.90,0.007,0.003,0.002,45.5430,2.724,1.231,9.596*43
$GNGST,021326.00,0.008,0.003,0.002,44.8554,2.724,1.231,9.596*49
$GNGST,021326.10,0.008,0.003,0.002,44.8842,2.724,1.231,9.596*42
$GNGST,021326.20,0.008,0.003,0.002,45.4607,2.724,1.231,9.596*43
$GNGST,021326.30,0.008,0.003,0.002,45.4608,2.724,1.231,9.596*4D
$GNGST,021326.40,0.008,0.003,0.002,45.5006,2.724,1.231,9.596*43
$GNGST,021326.50,0.008,0.003,0.002,44.9639,2.724,1.231,9.596*45
$GNGST,021326.60,0.008,0.003,0.002,44.9868,2.724,1.231,9.596*4C
$GNGST,021326.70,0.007,0.003,0.002,45.6776,2.724,1.231,9.596*4C
$GNGST,021326.80,0.008,0.003,0.002,45.1477,2.724,1.231,9.596*49
$GNGST,021326.90,0.008,0.003,0.002,44.9872,2.724,1.231,9.596*48
$GNGST,021327.00,0.008,0.003,0.002,45.1480,2.724,1.231,9.596*48
$GNGST,021327.10,0.008,0.003,0.002,45.5241,2.724,1.231,9.596*46
$GNGST,021327.20,0.007,0.003,0.002,46.1794,2.724,1.231,9.596*40
$GNGST,021327.30,0.008,0.003,0.002,46.4314,2.724,1.231,9.596*47
$GNGST,021327.40,0.008,0.003,0.002,48.0512,2.724,1.231,9.596*4A
$GNGST,021327.50,0.008,0.003,0.002,45.4569,2.724,1.231,9.596*4E
$GNGST,021327.60,0.008,0.003,0.002,45.5246,2.724,1.231,9.596*46
$GNGST,021327.70,0.008,0.003,0.002,45.1649,2.724,1.231,9.596*48
$GNGST,021327.80,0.008,0.003,0.002,46.5123,2.724,1.231,9.596*4B
$GNGST,021327.90,0.008,0.003,0.002,46.5124,2.724,1.231,9.596*4D
$GNGST,021328.00,0.008,0.003,0.002,46.5126,2.724,1.231,9.596*49
$GNGST,021328.10,0.008,0.003,0.002,45.5640,2.724,1.231,9.596*4C
$GNGST,021328.20,0.008,0.003,0.002,46.5130,2.724,1.231,9.596*4C
$GNGST,021328.30,0.008,0.003,0.002,46.4161,2.724,1.231,9.596*48
$GNGST,021328.40,0.008,0.003,0.002,46.4163,2.724,1.231,9.596*4D
$GNGST,021328.50,0.008,0.003,0.002,47.3090,2.724,1.231,9.596*47
$GNGST,021328.60,0.008,0.003,0.002,46.2721,2.724,1.231,9.596*49
$GNGST,021328.70,0.008,0.003,0.002,47.6764,2.724,1.231,9.596*4C
$GNGST,021328.80,0.008,0.003,0.002,45.0818,2.724,1.231,9.596*43
$GNGST,021328.90,0.008,0.003,0.002,45.1844,2.724,1.231,9.596*4A
$GNGST,021329.00,0.008,0.003,0.002,45.1845,2.724,1.231,9.596*43
$GNGST,021329.10,0.008,0.003,0.002,45.1227,2.724,1.231,9.596*4C
$GNGST,021329.20,0.008,0.003,0.002,46.2337,2.724,1.231,9.596*4F
$GNGST,021329.30,0.008,0.003,0.002,46.2924,2.724,1.231,9.596*46
$GNGST,021329.40,0.008,0.003,0.002,46.2926,2.724,1.231,9.596*43
$GNGST,021329.50,0.008,0.003,0.002,44.4944,2.724,1.231,9.596*42
$GNGST,021329.60,0.008,0.003,0.002,46.5540,2.724,1.231,9.596*4A
$GNGST,021329.70,0.008,0.003,0.002,46.5541,2.724,1.231,9.596*4A
$GNGST,021329.80,0.008,0.003,0.002,45.1962,2.724,1.231,9.596*4F
$GNGST,021329.90,0.008,0.003,0.002,45.1963,2.724,1.231,9.596*4F
$GNGST,021330.00,0.008,0.003,0.002,47.6146,2.724,1.231,9.596*44
$GNGST,021330.10,0.008,0.003,0.002,44.6218,2.724,1.231,9.596*4E
$GNGST,021330.20,0.008,0.003,0.002,45.5710,2.724,1.231,9.596*42
$GNGST,021330.30,0.008,0.003,0.002,45.5117,2.724,1.231,9.596*42
$GNGST,021330.40,0.008,0.003,0.002,47.7835,2.724,1.231,9.596*4C
$GNGST,021330.50,0.008,0.003,0.002,47.7836,2.724,1.231,9.596*4E
$GNGST,021330.60,0.008,0.003,0.002,47.7838,2.724,1.231,9.596*43
$GNGST,021330.70,0.008,0.003,0.002,45.8574,2.724,1.231,9.596*4A
$GNGST,021330.80,0.008,0.003,0.002,47.1326,2.724,1.231,9.596*4F
$GNGST,021330.90,0.008,0.003,0.002,47.1328,2.724,1.231,9.596*40
$GNGST,021331.00,0.008,0.003,0.002,45.8056,2.724,1.231,9.596*49
$GNGST,021331.10,0.008,0.003,0.002,45.8541,2.724,1.231,9.596*4B
$GNGST,021331.20,0.008,0.003,0.002,45.8542,2.724,1.231,9.596*4B
$GNGST,021331.30,0.008,0.003,0.002,47.1334,2.724,1.231,9.596*46
$GNGST,021331.40,0.008,0.003,0.002,45.5847,2.724,1.231,9.596*48
$GNGST,021331.50,0.008,0.003,0.002,47.4927,2.724,1.231,9.596*4D
$GNGST,021331.60,0.008,0.003,0.002,45.9768,2.724,1.231,9.596*44
$GNGST,021331.70,0.008,0.003,0.002,47.0563,2.724,1.231,9.596*47
$GNGST,021331.80,0.008,0.003,0.002,47.0389,2.724,1.231,9.596*4A
$GNGST,021331.90,0.008,0.003,0.002,47.0731,2.724,1.231,9.596*4C
$GNGST,021332.00,0.008,0.003,0.002,47.0896,2.724,1.231,9.596*44
$GNGST,021332.10,0.008,0.003,0.002,45.9781,2.724,1.231,9.596*47
$GNGST,021332.20,0.008,0.003,0.002,47.4901,2.724,1.231,9.596*4D
$GNGST,021332.30,0.008,0.003,0.002,47.0468,2.724,1.231,9.596*4A
$GNGST,021332.40,0.008,0.003,0.002,47.0905,2.724,1.231,9.596*4B
$GNGST,021332.50,0.008,0.003,0.002,47.0908,2.724,1.231,9.596*47
$GNGST,021332.60,0.008,0.003,0.002,47.1112,2.724,1.231,9.596*46
$GNGST,021332.70,0.008,0.003,0.002,47.0681,2.724,1.231,9.596*4B
$GNGST,021332.80,0.008,0.003,0.002,46.3932,2.724,1.231,9.596*41
$GNGST,021332.90,0.008,0.003,0.002,47.0010,2.724,1.231,9.596*4B
$GNGST,021333.00,0.008,0.003,0.002,46.3389,2.724,1.231,9.596*42
$GNGST,021333.10,0.008,0.003,0.002,46.3391,2.724,1.231,9.596*4A
$GNGST,021333.20,0.008,0.003,0.002,46.3393,2.724,1.231,9.596*4B
$GNGST,021333.30,0.008,0.003,0.002,46.3015,2.724,1.231,9.596*47
$GNGST,021333.40,0.008,0.003,0.002,46.3016,2.724,1.231,9.596*43
$GNGST,021333.50,0.008,0.003,0.002,46.2839,2.724,1.231,9.596*46
$GNGST,021333.60,0.007,0.003,0.002,42.7543,2.724,1.231,9.596*4B
$GNGST,021333.70,0.007,0.003,0.002,42.7545,2.724,1.231,9.596*4C
$GNGST,021333.80,0.007,0.003,0.002,42.7547,2.724,1.231,9.596*41
$GNGST,021333.90,0.008,0.003,0.002,45.2565,2.724,1.231,9.596*4D
$GNGST,021334.00,0.008,0.003,0.002,45.2172,2.724,1.231,9.596*41
$GNGST,021334.10,0.008,0.003,0.002,45.1975,2.724,1.231,9.596*4C
$GNGST,021334.20,0.008,0.003,0.002,45.1976,2.724,1.231,9.596*4C
$GNGST,021334.30,0.008,0.003,0.002,45.2373,2.724,1.231,9.596*41
$GNGST,021334.40,0.008,0.003,0.002,45.2374,2.724,1.231,9.596*41
$GNGST,021334.50,0.008,0.003,0.002,45.2375,2.724,1.231,9.596*41
$GNGST,021334.60,0.008,0.003,0.002,45.2376,2.724,1.231,9.596*41
$GNGST,021334.70,0.007,0.003,0.002,42.9372,2.724,1.231,9.596*47
$GNGST,021334.80,0.008,0.003,0.002,45.3250,2.724,1.231,9.596*4B
$GNGST,021334.90,0.008,0.003,0.002,45.3251,2.724,1.231,9.596*4B
$GNGST,021335.00,0.008,0.003,0.002,45.3252,2.724,1.231,9.596*40
$GNGST,021335.10,0.008,0.003,0.002,47.6063,2.724,1.231,9.596*46
$GNGST,021335.20,0.008,0.003,0.002,45.3254,2.724,1.231,9.596*44
$GNGST,021335.30,0.008,0.003,0.002,45.1825,2.724,1.231,9.596*4B
$GNGST,021335.40,0.008,0.003,0.002,45.1826,2.724,1.231,9.596*4F
$GNGST,021335.50,0.008,0.003,0.002,45.1827,2.724,1.231,9.596*4F
$GNGST,021335.60,0.008,0.003,0.002,45.1828,2.724,1.231,9.596*43
$GNGST,021335.70,0.008,0.003,0.002,45.2296,2.724,1.231,9.596*4E
$GNGST,021335.80,0.008,0.003,0.002,46.3222,2.724,1.231,9.596*4C
$GNGST,021335.90,0.008,0.003,0.002,46.5442,2.724,1.231,9.596*4B
$GNGST,021336.00,0.008,0.003,0.002,46.5444,2.724,1.231,9.596*47
$GNGST,021336.10,0.008,0.003,0.002,46.4920,2.724,1.231,9.596*48
$GNGST,021336.20,0.008,0.003,0.002,46.4922,2.724,1.231,9.596*49
$GNGST,021336.30,0.008,0.003,0.002,46.4014,2.724,1.231,9.596*44
$GNGST,021336.40,0.008,0.003,0.002,46.4015,2.724,1.231,9.596*42
$GNGST,021336.50,0.008,0.003,0.002,47.3958,2.724,1.231,9.596*45
$GNGST,021336.60,0.008,0.003,0.002,47.2555,2.724,1.231,9.596*46
$GNGST,021336.70,0.008,0.003,0.002,47.3112,2.724,1.231,9.596*41
$GNGST,021336.80,0.008,0.003,0.002,45.4251,2.724,1.231,9.596*4F
$GNGST,021336.90,0.008,0.003,0.002,45.2647,2.724,1.231,9.596*4B
$GNGST,021337.00,0.008,0.003,0.002,45.2649,2.724,1.231,9.596*4D
$GNGST,021337.10,0.008,0.003,0.002,46.3861,2.724,1.231,9.596*4A
$GNGST,021337.20,0.008,0.003,0.002,45.4083,2.724,1.231,9.596*49
$GNGST,021337.30,0.007,0.003,0.002,45.2822,2.724,1.231,9.596*42
$GNGST,021337.40,0.008,0.003,0.002,45.4258,2.724,1.231,9.596*4B
$GNGST,021337.50,0.008,0.003,0.002,45.4259,2.724,1.231,9.596*4B
$GNGST,021337.60,0.008,0.003,0.002,45.4260,2.724,1.231,9.596*42
$GNGST,021337.70,0.007,0.003,0.002,42.0358,2.724,1.231,9.596*45
$GNGST,021337.80,0.007,0.003,0.002,41.8332,2.724,1.231,9.596*4D
$GNGST,021337.90,0.007,0.003,0.002,42.0361,2.724,1.231,9.596*41
$GNGST,021338.00,0.007,0.003,0.002,45.3275,2.724,1.231,9.596*47
$GNGST,021338.10,0.008,0.003,0.002,45.8375,2.724,1.231,9.596*43
$GNGST,021338.20,0.008,0.003,0.002,45.8173,2.724,1.231,9.596*44
$GNGST,021338.30,0.008,0.003,0.002,45.7845,2.724,1.231,9.596*46
$GNGST,021338.40,0.008,0.003,0.002,45.8175,2.724,1.231,9.596*44
$GNGST,021338.50,0.008,0.003,0.002,45.8176,2.724,1.231,9.596*46
$GNGST,021338.60,0.007,0.003,0.002,41.9726,2.724,1.231,9.596*4C
$GNGST,021338.70,0.007,0.003,0.002,41.8563,2.724,1.231,9.596*4F
$GNGST,021338.80,0.008,0.003,0.002,45.2699,2.724,1.231,9.596*47
$GNGST,021338.90,0.008,0.003,0.002,47.0170,2.724,1.231,9.596*46
$GNGST,021339.00,0.008,0.003,0.002,45.7802,2.724,1.231,9.596*47
$GNGST,021339.10,0.008,0.003,0.002,45.7671,2.724,1.231,9.596*4C
$GNGST,021339.20,0.008,0.003,0.002,45.7672,2.724,1.231,9.596*4C
$GNGST,021339.30,0.008,0.003,0.002,45.7673,2.724,1.231,9.596*4C
$GNGST,021339.40,0.008,0.003,0.002,45.7806,2.724,1.231,9.596*47
$GNGST,021339.50,0.008,0.003,0.002,45.7807,2.724,1.231,9.596*47
$GNGST,021339.60,0.007,0.003,0.002,41.8853,2.724,1.231,9.596*41
$GNGST,021339.70,0.007,0.003,0.002,41.8855,2.724,1.231,9.596*46
$GNGST,021339.80,0.007,0.003,0.002,41.8856,2.724,1.231,9.596*4A
$GNGST,021339.90,0.008,0.003,0.002,45.4217,2.724,1.231,9.596*43
$GNGST,021340.00,0.008,0.003,0.002,45.2642,2.724,1.231,9.596*46
$GNGST,021340.10,0.008,0.003,0.002,45.4229,2.724,1.231,9.596*48
$GNGST,021340.20,0.008,0.003,0.002,45.4230,2.724,1.231,9.596*43
$GNGST,021340.30,0.008,0.003,0.002,45.4100,2.724,1.231,9.596*42
$GNGST,021340.40,0.008,0.003,0.002,45.4101,2.724,1.231,9.596*44
$GNGST,021340.50,0.008,0.003,0.002,45.4102,2.724,1.231,9.596*46
$GNGST,021340.60,0.007,0.003,0.002,41.9630,2.724,1.231,9.596*45
$GNGST,021340.70,0.007,0.003,0.002,41.9632,2.724,1.231,9.596*46
$GNGST,021340.80,0.008,0.003,0.002,45.3506,2.724,1.231,9.596*4C
$GNGST,021340.90,0.008,0.003,0.002,46.6176,2.724,1.231,9.596*48
$GNGST,021341.00,0.008,0.003,0.002,45.3508,2.724,1.231,9.596*4B
$GNGST,021341.10,0.008,0.003,0.002,45.4941,2.724,1.231,9.596*4C
$GNGST,021341.20,0.008,0.003,0.002,45.3186,2.724,1.231,9.596*4B
$GNGST,021341.30,0.008,0.003,0.002,45.3519,2.724,1.231,9.596*48
$GNGST,021341.40,0.008,0.003,0.002,45.4952,2.724,1.231,9.596*4B
$GNGST,021341.50,0.008,0.003,0.002,46.6190,2.724,1.231,9.596*4D
$GNGST,021341.60,0.008,0.003,0.002,45.4954,2.724,1.231,9.596*4F
$GNGST,021341.70,0.007,0.003,0.002,42.1104,2.724,1.231,9.596*4E
$GNGST,021341.80,0.007,0.003,0.002,42.1105,2.724,1.231,9.596*40
$GNGST,021341.90,0.008,0.003,0.002,45.4178,2.724,1.231,9.596*46
$GNGST,021342.00,0.008,0.003,0.002,46.7068,2.724,1.231,9.596*4C
$GNGST,021342.10,0.008,0.003,0.002,46.7068,2.724,1.231,9.596*4D
$GNGST,021342.20,0.008,0.003,0.002,46.7069,2.724,1.231,9.596*4F
$GNGST,021342.30,0.008,0.003,0.002,45.4181,2.724,1.231,9.596*49
$GNGST,021342.40,0.008,0.003,0.002,46.7071,2.724,1.231,9.596*40
$GNGST,021342.50,0.008,0.003,0.002,46.7072,2.724,1.231,9.596*42
$GNGST,021342.60,0.008,0.003,0.002,46.7073,2.724,1.231,9.596*40
$GNGST,021342.70,0.008,0.003,0.002,45.4172,2.724,1.231,9.596*41
$GNGST,021342.80,0.008,0.003,0.002,47.9648,2.724,1.231,9.596*4F
$GNGST,021342.90,0.008,0.003,0.002,45.4174,2.724,1.231,9.596*49
$GNGST,021343.00,0.008,0.003,0.002,45.6610,2.724,1.231,9.596*46
$GNGST,021343.10,0.008,0.003,0.002,46.9520,2.724,1.231,9.596*4B
$GNGST,021343.20,0.008,0.003,0.002,46.8139,2.724,1.231,9.596*45
$GNGST,021343.30,0.008,0.003,0.002,45.4745,2.724,1.231,9.596*46
$GNGST,021343.40,0.008,0.003,0.002,59.7284,2.724,1.231,9.596*47
$GNGST,021343.50,0.008,0.003,0.002,53.7737,2.724,1.231,9.596*41
$GNGST,021343.60,0.008,0.003,0.002,53.7741,2.724,1.231,9.596*43
$GNGST,021343.70,0.008,0.003,0.002,44.9677,2.724,1.231,9.596*4E
$GNGST,021343.80,0.007,0.003,0.002,45.4180,2.724,1.231,9.596*4D
$GNGST,021343.90,0.007,0.003,0.002,42.8304,2.724,1.231,9.596*49
$GNGST,021344.00,0.008,0.003,0.002,45.5427,2.724,1.231,9.596*44
$GNGST,021344.10,0.007,0.003,0.002,45.5628,2.724,1.231,9.596*47
$GNGST,021344.20,0.007,0.003,0.002,45.5629,2.724,1.231,9.596*45
$GNGST,021344.30,0.007,0.003,0.002,45.6013,2.724,1.231,9.596*48
$GNGST,021344.40,0.007,0.003,0.002,45.4578,2.724,1.231,9.596*45
$GNGST,021344.50,0.007,0.003,0.002,45.4187,2.724,1.231,9.596*40
$GNGST,021344.60,0.007,0.003,0.002,45.4188,2.724,1.231,9.596*4C
$GNGST,021344.70,0.007,0.003,0.002,42.8320,2.724,1.231,9.596*46
$GNGST,021344.80,0.008,0.003,0.002,48.5520,2.724,1.231,9.596*47
$GNGST,021344.90,0.007,0.003,0.002,46.0833,2.724,1.231,9.596*4D
$GNGST,021345.00,0.007,0.003,0.002,45.5031,2.724,1.231,9.596*49
$GNGST,021345.10,0.007,0.003,0.002,45.3328,2.724,1.231,9.596*45
$GNGST,021345.20,0.007,0.003,0.002,46.1190,2.724,1.231,9.596*46
$GNGST,021345.30,0.008,0.003,0.002,46.6852,2.724,1.231,9.596*48
$GNGST,021345.40,0.007,0.003,0.002,45.5034,2.724,1.231,9.596*48
$GNGST,021345.50,0.007,0.003,0.002,46.1349,2.724,1.231,9.596*47
$GNGST,021345.60,0.007,0.003,0.002,45.5036,2.724,1.231,9.596*48
$GNGST,021345.70,0.008,0.003,0.002,46.6859,2.724,1.231,9.596*47
$GNGST,021345.80,0.008,0.003,0.002,46.6860,2.724,1.231,9.596*42
$GNGST,021345.90,0.008,0.003,0.002,46.6862,2.724,1.231,9.596*41
$GNGST,021346.00,0.007,0.003,0.002,47.3158,2.724,1.231,9.596*40
$GNGST,021346.10,0.007,0.003,0.002,46.1198,2.724,1.231,9.596*4E
$GNGST,021346.20,0.007,0.003,0.002,47.3162,2.724,1.231,9.596*4B
$GNGST,021346.30,0.008,0.003,0.002,46.6951,2.724,1.231,9.596*49
$GNGST,021346.40,0.008,0.003,0.002,45.9733,2.724,1.231,9.596*48
$GNGST,021346.50,0.008,0.003,0.002,46.7438,2.724,1.231,9.596*4C
$GNGST,021346.60,0.008,0.003,0.002,45.6218,2.724,1.231,9.596*49
$GNGST,021346.70,0.007,0.003,0.002,46.2792,2.724,1.231,9.596*47
$GNGST,021346.80,0.008,0.003,0.002,46.8708,2.724,1.231,9.596*4E
$GNGST,021346.90,0.008,0.003,0.002,46.7974,2.724,1.231,9.596*45
$GNGST,021347.00,0.008,0.003,0.002,46.7415,2.724,1.231,9.596*47
$GNGST,021347.10,0.007,0.003,0.002,46.1760,2.724,1.231,9.596*4E
$GNGST,021347.20,0.007,0.003,0.002,47.3145,2.724,1.231,9.596*4F
$GNGST,021347.30,0.008,0.003,0.002,46.0601,2.724,1.231,9.596*44
$GNGST,021347.40,0.008,0.003,0.002,48.7039,2.724,1.231,9.596*47
$GNGST,021347.50,0.008,0.003,0.002,47.7677,2.724,1.231,9.596*45
$GNGST,021347.60,0.008,0.003,0.002,45.3484,2.724,1.231,9.596*4E
$GNGST,021347.70,0.008,0.003,0.002,45.4574,2.724,1.231,9.596*46
$GNGST,021347.80,0.008,0.003,0.002,44.3094,2.724,1.231,9.596*44
$GNGST,021347.90,0.008,0.003,0.002,45.0585,2.724,1.231,9.596*42
$GNGST,021348.00,0.008,0.003,0.002,46.5790,2.724,1.231,9.596*44
$GNGST,021348.10,0.008,0.003,0.002,47.2917,2.724,1.231,9.596*42
$GNGST,021348.20,0.008,0.003,0.002,47.2919,2.724,1.231,9.596*4F
$GNGST,021348.30,0.008,0.003,0.002,47.2922,2.724,1.231,9.596*46
$GNGST,021348.40,0.008,0.003,0.002,46.5797,2.724,1.231,9.596*47
$GNGST,021348.50,0.008,0.003,0.002,45.4452,2.724,1.231,9.596*4E
$GNGST,021348.60,0.008,0.003,0.002,44.6373,2.724,1.231,9.596*4A
$GNGST,021348.70,0.008,0.003,0.002,45.4584,2.724,1.231,9.596*46
$GNGST,021348.80,0.007,0.003,0.002,43.3210,2.724,1.231,9.596*4D
$GNGST,021348.90,0.008,0.003,0.002,45.3161,2.724,1.231,9.596*40
$GNGST,021349.00,0.008,0.003,0.002,44.6225,2.724,1.231,9.596*4F
$GNGST,021349.10,0.008,0.003,0.002,44.6226,2.724,1.231,9.596*4D
$GNGST,021349.20,0.008,0.003,0.002,45.3164,2.724,1.231,9.596*4F
$GNGST,021349.30,0.008,0.003,0.002,44.6095,2.724,1.231,9.596*45
$GNGST,021349.40,0.008,0.003,0.002,45.4468,2.724,1.231,9.596*47
$GNGST,021349.50,0.007,0.003,0.002,45.4025,2.724,1.231,9.596*44
$GNGST,021349.60,0.007,0.003,0.002,45.4160,2.724,1.231,9.596*47
$GNGST,021349.70,0.007,0.003,0.002,45.4161,2.724,1.231,9.596*47
$GNGST,021349.80,0.007,0.003,0.002,45.4162,2.724,1.231,9.596*4B
$GNGST,021349.90,0.007,0.003,0.002,45.4163,2.724,1.231,9.596*4B
$GNGST,021350.00,0.008,0.003,0.002,45.0715,2.724,1.231,9.596*46
$GNGST,021350.10,0.008,0.003,0.002,46.3007,2.724,1.231,9.596*43
$GNGST,021350.20,0.008,0.003,0.002,44.9315,2.724,1.231,9.596*48
$GNGST,021350.30,0.008,0.003,0.002,45.5541,2.724,1.231,9.596*43
$GNGST,021350.40,0.008,0.003,0.002,45.0720,2.724,1.231,9.596*44
$GNGST,021350.50,0.008,0.003,0.002,44.6553,2.724,1.231,9.596*44
$GNGST,021350.60,0.008,0.003,0.002,45.4195,2.724,1.231,9.596*4A
$GNGST,021350.70,0.008,0.003,0.002,45.4197,2.724,1.231,9.596*49
$GNGST,021350.80,0.008,0.003,0.002,45.0511,2.724,1.231,9.596*48
$GNGST,021350.90,0.008,0.003,0.002,44.7752,2.724,1.231,9.596*4A
$GNGST,021351.00,0.008,0.003,0.002,45.5724,2.724,1.231,9.596*40
$GNGST,021351.10,0.008,0.003,0.002,44.9109,2.724,1.231,9.596*45
$GNGST,021351.20,0.008,0.003,0.002,44.9110,2.724,1.231,9.596*4E
$GNGST,021351.30,0.008,0.003,0.002,45.0518,2.724,1.231,9.596*4B
$GNGST,021351.40,0.008,0.003,0.002,44.9112,2.724,1.231,9.596*4A
$GNGST,021351.50,0.008,0.003,0.002,44.9113,2.724,1.231,9.596*4A
$GNGST,021351.60,0.008,0.003,0.002,45.5732,2.724,1.231,9.596*41
$GNGST,021351.70,0.007,0.003,0.002,45.5572,2.724,1.231,9.596*49
$GNGST,021351.80,0.008,0.003,0.002,44.7404,2.724,1.231,9.596*4A
$GNGST,021351.90,0.007,0.003,0.002,45.5759,2.724,1.231,9.596*4C
$GNGST,021352.00,0.008,0.003,0.002,46.3309,2.724,1.231,9.596*4D
$GNGST,021352.10,0.007,0.003,0.002,45.5958,2.724,1.231,9.596*48
$GNGST,021352.20,0.007,0.003,0.002,45.5959,2.724,1.231,9.596*4A
$GNGST,021352.30,0.007,0.003,0.002,45.5960,2.724,1.231,9.596*41
$GNGST,021352.40,0.007,0.003,0.002,45.5961,2.724,1.231,9.596*47
$GNGST,021352.50,0.008,0.003,0.002,44.9131,2.724,1.231,9.596*49
$GNGST,021352.60,0.008,0.003,0.002,45.4539,2.724,1.231,9.596*4A
$GNGST,021352.70,0.007,0.003,0.002,42.7029,2.724,1.231,9.596*44
$GNGST,021352.80,0.007,0.003,0.002,42.7030,2.724,1.231,9.596*43
$GNGST,021352.90,0.007,0.003,0.002,45.5949,2.724,1.231,9.596*40
$GNGST,021353.00,0.007,0.003,0.002,45.5950,2.724,1.231,9.596*40
$GNGST,021353.10,0.007,0.003,0.002,45.5951,2.724,1.231,9.596*40
$GNGST,021353.20,0.008,0.003,0.002,44.7623,2.724,1.231,9.596*45
$GNGST,021353.30,0.008,0.003,0.002,44.1013,2.724,1.231,9.596*47
$GNGST,021353.40,0.008,0.003,0.002,44.1013,2.724,1.231,9.596*40
$GNGST,021353.50,0.008,0.003,0.002,44.0139,2.724,1.231,9.596*49
$GNGST,021353.60,0.008,0.003,0.002,44.6809,2.724,1.231,9.596*46
$GNGST,021353.70,0.008,0.003,0.002,44.6809,2.724,1.231,9.596*47
$GNGST,021353.80,0.008,0.003,0.002,44.0175,2.724,1.231,9.596*4C
$GNGST,021353.90,0.008,0.003,0.002,45.4986,2.724,1.231,9.596*4C
$GNGST,021354.00,0.008,0.003,0.002,44.6826,2.724,1.231,9.596*4A
$GNGST,021354.10,0.008,0.003,0.002,44.6826,2.724,1.231,9.596*4B
$GNGST,021354.20,0.008,0.003,0.002,45.5002,2.724,1.231,9.596*44
$GNGST,021354.30,0.008,0.003,0.002,45.5003,2.724,1.231,9.596*44
$GNGST,021354.40,0.008,0.003,0.002,45.5004,2.724,1.231,9.596*44
$GNGST,021354.50,0.008,0.003,0.002,45.5005,2.724,1.231,9.596*44
$GNGST,021354.60,0.007,0.003,0.002,45.4794,2.724,1.231,9.596*46
$GNGST,021354.70,0.008,0.003,0.002,46.7628,2.724,1.231,9.596*4E
$GNGST,021354.80,0.008,0.003,0.002,46.7629,2.724,1.231,9.596*40
$GNGST,021354.90,0.008,0.003,0.002,45.5066,2.724,1.231,9.596*4D
$GNGST,021355.00,0.008,0.003,0.002,45.5067,2.724,1.231,9.596*44
$GNGST,021355.10,0.008,0.003,0.002,45.5068,2.724,1.231,9.596*4A
$GNGST,021355.20,0.008,0.003,0.002,45.5069,2.724,1.231,9.596*48
$GNGST,021355.30,0.008,0.003,0.002,45.4498,2.724,1.231,9.596*42
$GNGST,021355.40,0.008,0.003,0.002,44.8207,2.724,1.231,9.596*48
$GNGST,021355.50,0.008,0.003,0.002,46.0061,2.724,1.231,9.596*41
$GNGST,021355.60,0.007,0.003,0.002,42.6983,2.724,1.231,9.596*4A
$GNGST,021355.70,0.007,0.003,0.002,42.6984,2.724,1.231,9.596*4C
$GNGST,021355.80,0.007,0.003,0.002,42.6985,2.724,1.231,9.596*42
$GNGST,021355.90,0.008,0.003,0.002,45.6119,2.724,1.231,9.596*46
$GNGST,021356.00,0.008,0.003,0.002,45.9613,2.724,1.231,9.596*4E
$GNGST,021356.10,0.008,0.003,0.002,46.7623,2.724,1.231,9.596*41
$GNGST,021356.20,0.008,0.003,0.002,45.6122,2.724,1.231,9.596*46
$GNGST,021356.30,0.008,0.003,0.002,45.6123,2.724,1.231,9.596*46
$GNGST,021356.40,0.008,0.003,0.002,45.6124,2.724,1.231,9.596*46
$GNGST,021356.50,0.008,0.003,0.002,45.6125,2.724,1.231,9.596*46
$GNGST,021356.60,0.008,0.003,0.002,46.1082,2.724,1.231,9.596*4D
$GNGST,021356.70,0.008,0.003,0.002,44.7444,2.724,1.231,9.596*46
$GNGST,021356.80,0.007,0.003,0.002,45.5908,2.724,1.231,9.596*40
$GNGST,021356.90,0.007,0.003,0.002,45.5973,2.724,1.231,9.596*4D
$GNGST,021357.00,0.007,0.003,0.002,45.6193,2.724,1.231,9.596*40
$GNGST,021357.10,0.007,0.003,0.002,45.5975,2.724,1.231,9.596*42
$GNGST,021357.20,0.007,0.003,0.002,45.6195,2.724,1.231,9.596*44
$GNGST,021357.30,0.007,0.003,0.002,45.6196,2.724,1.231,9.596*46
$GNGST,021357.40,0.007,0.003,0.002,45.6197,2.724,1.231,9.596*40
$GNGST,021357.50,0.008,0.003,0.002,44.4349,2.724,1.231,9.596*4C
$GNGST,021357.60,0.008,0.003,0.002,44.4350,2.724,1.231,9.596*47
$GNGST,021357.70,0.008,0.003,0.002,45.1319,2.724,1.231,9.596*4F
$GNGST,021357.80,0.008,0.003,0.002,45.1320,2.724,1.231,9.596*4A
$GNGST,021357.90,0.008,0.003,0.002,44.9937,2.724,1.231,9.596*4E
$GNGST,021358.00,0.008,0.003,0.002,45.0330,2.724,1.231,9.596*4D
$GNGST,021358.10,0.008,0.003,0.002,44.1903,2.724,1.231,9.596*46
$GNGST,021358.20,0.008,0.003,0.002,45.2210,2.724,1.231,9.596*4E
$GNGST,021358.30,0.008,0.003,0.002,45.2211,2.724,1.231,9.596*4E
$GNGST,021358.40,0.008,0.003,0.002,44.5289,2.724,1.231,9.596*4E
$GNGST,021358.50,0.008,0.003,0.002,44.4272,2.724,1.231,9.596*4A
$GNGST,021358.60,0.008,0.003,0.002,45.2215,2.724,1.231,9.596*4F
$GNGST,021358.70,0.008,0.003,0.002,44.5292,2.724,1.231,9.596*47
$GNGST,021358.80,0.008,0.003,0.002,44.5293,2.724,1.231,9.596*49
$GNGST,021358.90,0.007,0.003,0.002,43.1823,2.724,1.231,9.596*45
$GNGST,021359.00,0.008,0.003,0.002,46.7100,2.724,1.231,9.596*49
$GNGST,021359.10,0.008,0.003,0.002,45.1237,2.724,1.231,9.596*4A
$GNGST,021359.20,0.008,0.003,0.002,45.1833,2.724,1.231,9.596*47
$GNGST,021359.30,0.008,0.003,0.002,45.1834,2.724,1.231,9.596*41
$GNGST,021359.40,0.008,0.003,0.002,45.1835,2.724,1.231,9.596*47
$GNGST,021359.50,0.008,0.003,0.002,45.1242,2.724,1.231,9.596*4C
$GNGST,021359.60,0.008,0.003,0.002,45.1273,2.724,1.231,9.596*4D
$GNGST,021359.70,0.008,0.003,0.002,45.1669,2.724,1.231,9.596*43
$GNGST,021359.80,0.008,0.003,0.002,45.2283,2.724,1.231,9.596*4F
$GNGST,021359.90,0.008,0.003,0.002,46.2565,2.724,1.231,9.596*42
$GNGST,021400.00,0.008,0.003,0.002,46.3460,2.724,1.231,9.596*45
$GNGST,021400.10,0.007,0.003,0.002,45.7205,2.724,1.231,9.596*49
$GNGST,021400.20,0.007,0.003,0.002,45.6127,2.724,1.231,9.596*48
$GNGST,021400.30,0.008,0.003,0.002,45.1677,2.724,1.231,9.596*43
$GNGST,021400.40,0.007,0.003,0.002,45.6835,2.724,1.231,9.596*44
$GNGST,021400.50,0.008,0.003,0.002,45.7684,2.724,1.231,9.596*4F
$GNGST,021400.60,0.007,0.003,0.002,47.4948,2.724,1.231,9.596*4D
$GNGST,021400.70,0.008,0.003,0.002,45.7346,2.724,1.231,9.596*46
$GNGST,021400.80,0.008,0.003,0.002,45.7347,2.724,1.231,9.596*48
$GNGST,021400.90,0.008,0.003,0.002,45.4063,2.724,1.231,9.596*4F
$GNGST,021401.00,0.008,0.003,0.002,44.9812,2.724,1.231,9.596*45
$GNGST,021401.10,0.008,0.003,0.002,45.0099,2.724,1.231,9.596*47
$GNGST,021401.20,0.008,0.003,0.002,45.6316,2.724,1.231,9.596*46
$GNGST,021401.30,0.008,0.003,0.002,44.9452,2.724,1.231,9.596*4E
$GNGST,021401.40,0.008,0.003,0.002,46.7991,2.724,1.231,9.596*47
$GNGST,021401.50,0.008,0.003,0.002,46.7708,2.724,1.231,9.596*48
$GNGST,021401.60,0.008,0.003,0.002,46.7709,2.724,1.231,9.596*4A
$GNGST,021401.70,0.008,0.003,0.002,45.6661,2.724,1.231,9.596*46
$GNGST,021401.80,0.008,0.003,0.002,45.6310,2.724,1.231,9.596*4A
$GNGST,021401.90,0.008,0.003,0.002,45.6651,2.724,1.231,9.596*4B
$GNGST,021402.00,0.008,0.003,0.002,45.6652,2.724,1.231,9.596*42
$GNGST,021402.10,0.008,0.003,0.002,45.6314,2.724,1.231,9.596*44
$GNGST,021402.20,0.008,0.003,0.002,45.7202,2.724,1.231,9.596*40
$GNGST,021402.30,0.008,0.003,0.002,45.7203,2.724,1.231,9.596*40
$GNGST,021402.40,0.008,0.003,0.002,45.7205,2.724,1.231,9.596*41
$GNGST,021402.50,0.008,0.003,0.002,45.7206,2.724,1.231,9.596*43
$GNGST,021402.60,0.008,0.003,0.002,45.7542,2.724,1.231,9.596*47
$GNGST,021402.70,0.008,0.003,0.002,45.8744,2.724,1.231,9.596*4D
$GNGST,021402.80,0.008,0.003,0.002,45.8745,2.724,1.231,9.596*43
$GNGST,021402.90,0.008,0.003,0.002,45.8746,2.724,1.231,9.596*41
$GNGST,021403.00,0.007,0.003,0.002,46.4953,2.724,1.231,9.596*43
$GNGST,021403.10,0.008,0.003,0.002,45.6075,2.724,1.231,9.596*41
$GNGST,021403.20,0.008,0.003,0.002,45.5731,2.724,1.231,9.596*46
$GNGST,021403.30,0.008,0.003,0.002,45.9266,2.724,1.231,9.596*4C
$GNGST,021403.40,0.008,0.003,0.002,44.8384,2.724,1.231,9.596*46
$GNGST,021403.50,0.008,0.003,0.002,45.6487,2.724,1.231,9.596*4C
$GNGST,021403.60,0.008,0.003,0.002,44.7749,2.724,1.231,9.596*4E
$GNGST,021403.70,0.007,0.003,0.002,46.5270,2.724,1.231,9.596*4F
$GNGST,021403.80,0.008,0.003,0.002,46.3235,2.724,1.231,9.596*48
$GNGST,021403.90,0.007,0.003,0.002,45.8401,2.724,1.231,9.596*4F
$GNGST,021404.00,0.008,0.003,0.002,46.7635,2.724,1.231,9.596*47
$GNGST,021404.10,0.008,0.003,0.002,47.3645,2.724,1.231,9.596*44
$GNGST,021404.20,0.008,0.003,0.002,46.7410,2.724,1.231,9.596*40
$GNGST,021404.30,0.008,0.003,0.002,46.7411,2.724,1.231,9.596*40
$GNGST,021404.40,0.008,0.003,0.002,46.7412,2.724,1.231,9.596*44
$GNGST,021404.50,0.008,0.003,0.002,46.1157,2.724,1.231,9.596*47
$GNGST,021404.60,0.007,0.003,0.002,44.5889,2.724,1.231,9.596*47
$GNGST,021404.70,0.007,0.003,0.002,46.7676,2.724,1.231,9.596*48
$GNGST,021404.80,0.007,0.003,0.002,46.8909,2.724,1.231,9.596*4F
$GNGST,021404.90,0.007,0.003,0.002,46.0836,2.724,1.231,9.596*4B
$GNGST,021405.00,0.007,0.003,0.002,46.7486,2.724,1.231,9.596*43
$GNGST,021405.10,0.007,0.003,0.002,46.8849,2.724,1.231,9.596*42
$GNGST,021405.20,0.008,0.003,0.002,45.3114,2.724,1.231,9.596*47
$GNGST,021405.30,0.008,0.003,0.002,45.2713,2.724,1.231,9.596*46
$GNGST,021405.40,0.008,0.003,0.002,45.3114,2.724,1.231,9.596*41
$GNGST,021405.50,0.007,0.003,0.002,46.1001,2.724,1.231,9.596*4B
$GNGST,021405.60,0.008,0.003,0.002,54.5222,2.724,1.231,9.596*43
$GNGST,021405.70,0.008,0.003,0.002,55.2178,2.724,1.231,9.596*48
$GNGST,021405.80,0.008,0.003,0.002,49.0912,2.724,1.231,9.596*4C
$GNGST,021405.90,0.007,0.003,0.002,46.6591,2.724,1.231,9.596*4C
$GNGST,021406.00,0.007,0.003,0.002,46.6591,2.724,1.231,9.596*46
$GNGST,021406.10,0.007,0.003,0.002,46.6592,2.724,1.231,9.596*44
$GNGST,021406.20,0.007,0.003,0.002,46.6593,2.724,1.231,9.596*46
$GNGST,021406.30,0.007,0.003,0.002,46.6272,2.724,1.231,9.596*4F
$GNGST,021406.40,0.008,0.003,0.002,49.1090,2.724,1.231,9.596*41
$GNGST,021406.50,0.007,0.003,0.002,46.6487,2.724,1.231,9.596*45
$GNGST,021406.60,0.008,0.003,0.002,46.0913,2.724,1.231,9.596*4F
$GNGST,021406.70,0.008,0.003,0.002,49.3677,2.724,1.231,9.596*4F
$GNGST,021406.80,0.007,0.003,0.002,46.6472,2.724,1.231,9.596*42
$GNGST,021406.90,0.007,0.003,0.002,46.6473,2.724,1.231,9.596*42
$GNGST,021407.00,0.007,0.003,0.002,46.6473,2.724,1.231,9.596*4A
$GNGST,021407.10,0.008,0.003,0.002,46.5177,2.724,1.231,9.596*46
$GNGST,021407.20,0.007,0.003,0.002,46.6475,2.724,1.231,9.596*4E
$GNGST,021407.30,0.007,0.003,0.002,46.6476,2.724,1.231,9.596*4C
$GNGST,021407.40,0.007,0.003,0.002,46.6477,2.724,1.231,9.596*4A
$GNGST,021407.50,0.007,0.003,0.002,46.6478,2.724,1.231,9.596*44
$GNGST,021407.60,0.008,0.003,0.002,46.5518,2.724,1.231,9.596*4C
$GNGST,021407.70,0.007,0.003,0.002,46.5086,2.724,1.231,9.596*40
$GNGST,021407.80,0.007,0.003,0.002,46.5413,2.724,1.231,9.596*47
$GNGST,021407.90,0.007,0.003,0.002,46.7979,2.724,1.231,9.596*45
$GNGST,021408.00,0.008,0.003,0.002,46.8081,2.724,1.231,9.596*4D
$GNGST,021408.10,0.008,0.003,0.002,46.4124,2.724,1.231,9.596*4E
$GNGST,021408.20,0.008,0.003,0.002,46.5501,2.724,1.231,9.596*4F
$GNGST,021408.30,0.008,0.003,0.002,46.5502,2.724,1.231,9.596*4D
$GNGST,021408.40,0.007,0.003,0.002,46.7094,2.724,1.231,9.596*4D
$GNGST,021408.50,0.008,0.003,0.002,46.5504,2.724,1.231,9.596*4D
$GNGST,021408.60,0.008,0.003,0.002,46.5505,2.724,1.231,9.596*4F
$GNGST,021408.70,0.007,0.003,0.002,46.9304,2.724,1.231,9.596*4A
$GNGST,021408.80,0.007,0.003,0.002,46.9606,2.724,1.231,9.596*42
$GNGST,021408.90,0.007,0.003,0.002,46.7062,2.724,1.231,9.596*49
$GNGST,021409.00,0.007,0.003,0.002,46.7063,2.724,1.231,9.596*40
$GNGST,021409.10,0.007,0.003,0.002,46.9608,2.724,1.231,9.596*44
$GNGST,021409.20,0.007,0.003,0.002,46.6751,2.724,1.231,9.596*45
$GNGST,021409.30,0.007,0.003,0.002,46.6752,2.724,1.231,9.596*47
$GNGST,021409.40,0.008,0.003,0.002,55.0353,2.724,1.231,9.596*4E
$GNGST,021409.50,0.008,0.003,0.002,46.7732,2.724,1.231,9.596*49
$GNGST,021409.60,0.007,0.003,0.002,45.1524,2.724,1.231,9.596*45
$GNGST,021409.70,0.007,0.003,0.002,45.1525,2.724,1.231,9.596*45
$GNGST,021409.80,0.007,0.003,0.002,45.1526,2.724,1.231,9.596*49
$GNGST,021409.90,0.008,0.003,0.002,49.2537,2.724,1.231,9.596*48
$GNGST,021410.00,0.008,0.003,0.002,46.6352,2.724,1.231,9.596*47
$GNGST,021410.10,0.008,0.003,0.002,46.5130,2.724,1.231,9.596*43
$GNGST,021410.20,0.008,0.003,0.002,46.4092,2.724,1.231,9.596*48
$GNGST,021410.30,0.008,0.003,0.002,46.3747,2.724,1.231,9.596*41
$GNGST,021410.40,0.007,0.003,0.002,46.5380,2.724,1.231,9.596*40
$GNGST,021410.50,0.008,0.003,0.002,46.6356,2.724,1.231,9.596*46
$GNGST,021410.60,0.007,0.003,0.002,46.7936,2.724,1.231,9.596*47
$GNGST,021410.70,0.007,0.003,0.002,46.8246,2.724,1.231,9.596*45
$GNGST,021410.80,0.007,0.003,0.002,46.9594,2.724,1.231,9.596*43
$GNGST,021410.90,0.008,0.003,0.002,46.0443,2.724,1.231,9.596*4F
$GNGST,021411.00,0.008,0.003,0.002,45.5571,2.724,1.231,9.596*41
$GNGST,021411.10,0.007,0.003,0.002,46.5693,2.724,1.231,9.596*43
$GNGST,021411.20,0.007,0.003,0.002,46.7053,2.724,1.231,9.596*48
$GNGST,021411.30,0.008,0.003,0.002,46.0448,2.724,1.231,9.596*4F
$GNGST,021411.40,0.007,0.003,0.002,46.5695,2.724,1.231,9.596*40
$GNGST,021411.50,0.007,0.003,0.002,46.5696,2.724,1.231,9.596*42
$GNGST,021411.60,0.007,0.003,0.002,46.5680,2.724,1.231,9.596*46
$GNGST,021411.70,0.007,0.003,0.002,46.8438,2.724,1.231,9.596*4B
$GNGST,021411.80,0.008,0.003,0.002,46.0370,2.724,1.231,9.596*48
$GNGST,021411.90,0.008,0.003,0.002,46.1966,2.724,1.231,9.596*45
$GNGST,021412.00,0.007,0.003,0.002,46.8441,2.724,1.231,9.596*41
$GNGST,021412.10,0.007,0.003,0.002,46.5886,2.724,1.231,9.596*4A
$GNGST,021412.20,0.007,0.003,0.002,46.5887,2.724,1.231,9.596*48
$GNGST,021412.30,0.007,0.003,0.002,46.5887,2.724,1.231,9.596*49
$GNGST,021412.40,0.007,0.003,0.002,46.8444,2.724,1.231,9.596*40
$GNGST,021412.50,0.007,0.003,0.002,46.8445,2.724,1.231,9.596*40
$GNGST,021412.60,0.007,0.003,0.002,46.8446,2.724,1.231,9.596*40
$GNGST,021412.70,0.007,0.003,0.002,46.5877,2.724,1.231,9.596*42
$GNGST,021412.80,0.007,0.003,0.002,46.7236,2.724,1.231,9.596*40
$GNGST,021412.90,0.007,0.003,0.002,46.5879,2.724,1.231,9.596*42
$GNGST,021413.00,0.008,0.003,0.002,45.7554,2.724,1.231,9.596*46
$GNGST,021413.10,0.007,0.003,0.002,46.7238,2.724,1.231,9.596*46
$GNGST,021413.20,0.007,0.003,0.002,46.7239,2.724,1.231,9.596*44
$GNGST,021413.30,0.008,0.003,0.002,46.0627,2.724,1.231,9.596*46
$GNGST,021413.40,0.007,0.003,0.002,46.5569,2.724,1.231,9.596*42
$GNGST,021413.50,0.008,0.003,0.002,46.5655,2.724,1.231,9.596*40
$GNGST,021413.60,0.008,0.003,0.002,46.4283,2.724,1.231,9.596*4D
$GNGST,021413.70,0.008,0.003,0.002,46.4284,2.724,1.231,9.596*4B
$GNGST,021413.80,0.008,0.003,0.002,47.1076,2.724,1.231,9.596*4F
$GNGST,021413.90,0.008,0.003,0.002,45.9111,2.724,1.231,9.596*44
$GNGST,021414.00,0.008,0.003,0.002,45.7649,2.724,1.231,9.596*4E
$GNGST,021414.10,0.008,0.003,0.002,46.4267,2.724,1.231,9.596*47
$GNGST,021414.20,0.008,0.003,0.002,46.4268,2.724,1.231,9.596*4B
$GNGST,021414.30,0.008,0.003,0.002,46.4269,2.724,1.231,9.596*4B
$GNGST,021414.40,0.008,0.003,0.002,46.4270,2.724,1.231,9.596*44
$GNGST,021414.50,0.008,0.003,0.002,45.3402,2.724,1.231,9.596*42
$GNGST,021414.60,0.007,0.003,0.002,44.2078,2.724,1.231,9.596*47
$GNGST,021414.70,0.008,0.003,0.002,45.3403,2.724,1.231,9.596*41
$GNGST,021414.80,0.007,0.003,0.002,46.8116,2.724,1.231,9.596*48
$GNGST,021414.90,0.008,0.003,0.002,46.3757,2.724,1.231,9.596*4E
$GNGST,021415.00,0.007,0.003,0.002,46.7907,2.724,1.231,9.596*46
$GNGST,021415.10,0.008,0.003,0.002,47.8751,2.724,1.231,9.596*4B
$GNGST,021415.20,0.007,0.003,0.002,46.8121,2.724,1.231,9.596*47
$GNGST,021415.30,0.008,0.003,0.002,46.8215,2.724,1.231,9.596*4D
$GNGST,021415.40,0.007,0.003,0.002,46.7910,2.724,1.231,9.596*44
$GNGST,021415.50,0.008,0.003,0.002,46.0177,2.724,1.231,9.596*44
$GNGST,021415.60,0.008,0.003,0.002,46.0178,2.724,1.231,9.596*48
$GNGST,021415.70,0.007,0.003,0.002,46.3330,2.724,1.231,9.596*4B
$GNGST,021415.80,0.007,0.003,0.002,46.3331,2.724,1.231,9.596*45
$GNGST,021415.90,0.008,0.003,0.002,48.8413,2.724,1.231,9.596*49
$GNGST,021416.00,0.007,0.003,0.002,46.3334,2.724,1.231,9.596*4B
$GNGST,021416.10,0.007,0.003,0.002,46.9651,2.724,1.231,9.596*46
$GNGST,021416.20,0.008,0.003,0.002,46.7917,2.724,1.231,9.596*49
$GNGST,021416.30,0.007,0.003,0.002,46.8383,2.724,1.231,9.596*4F
$GNGST,021416.40,0.008,0.003,0.002,46.0214,2.724,1.231,9.596*40
$GNGST,021416.50,0.007,0.003,0.002,46.7363,2.724,1.231,9.596*48
$GNGST,021416.60,0.008,0.003,0.002,48.2519,2.724,1.231,9.596*44
$GNGST,021416.70,0.007,0.003,0.002,46.7366,2.724,1.231,9.596*4F
$GNGST,021416.80,0.007,0.003,0.002,47.1987,2.724,1.231,9.596*42
$GNGST,021416.90,0.007,0.003,0.002,47.2183,2.724,1.231,9.596*4C
$GNGST,021417.00,0.008,0.003,0.002,47.0798,2.724,1.231,9.596*45
$GNGST,021417.10,0.008,0.003,0.002,48.0558,2.724,1.231,9.596*45
$GNGST,021417.20,0.008,0.003,0.002,47.0801,2.724,1.231,9.596*48
$GNGST,021417.30,0.008,0.003,0.002,47.9331,2.724,1.231,9.596*48
$GNGST,021417.40,0.008,0.003,0.002,50.2996,2.724,1.231,9.596*45
$GNGST,021417.50,0.008,0.003,0.002,49.5953,2.724,1.231,9.596*42
$GNGST,021417.60,0.008,0.003,0.002,46.4005,2.724,1.231,9.596*45
$GNGST,021417.70,0.008,0.003,0.002,46.4006,2.724,1.231,9.596*47
$GNGST,021417.80,0.007,0.003,0.002,47.1984,2.724,1.231,9.596*40
$GNGST,021417.90,0.008,0.003,0.002,45.9202,2.724,1.231,9.596*41
$GNGST,021418.00,0.007,0.003,0.002,47.1791,2.724,1.231,9.596*4D
$GNGST,021418.10,0.008,0.003,0.002,45.7593,2.724,1.231,9.596*47
$GNGST,021418.20,0.008,0.003,0.002,46.3776,2.724,1.231,9.596*4A
$GNGST,021418.30,0.008,0.003,0.002,45.6786,2.724,1.231,9.596*42
$GNGST,021418.40,0.008,0.003,0.002,45.2123,2.724,1.231,9.596*48
$GNGST,021418.50,0.007,0.003,0.002,47.1993,2.724,1.231,9.596*44
$GNGST,021418.60,0.007,0.003,0.002,47.1994,2.724,1.231,9.596*40
$GNGST,021418.70,0.008,0.003,0.002,46.0102,2.724,1.231,9.596*49
$GNGST,021418.80,0.008,0.003,0.002,46.0102,2.724,1.231,9.596*46
$GNGST,021418.90,0.008,0.003,0.002,46.0592,2.724,1.231,9.596*4A
$GNGST,021419.00,0.008,0.003,0.002,45.7025,2.724,1.231,9.596*4F
$GNGST,021419.10,0.007,0.003,0.002,46.5248,2.724,1.231,9.596*49
$GNGST,021419.20,0.008,0.003,0.002,45.7026,2.724,1.231,9.596*4E
$GNGST,021419.30,0.008,0.003,0.002,46.0087,2.724,1.231,9.596*40
$GNGST,021419.40,0.008,0.003,0.002,45.2163,2.724,1.231,9.596*4D
$GNGST,021419.50,0.008,0.003,0.002,45.8639,2.724,1.231,9.596*4E
$GNGST,021419.60,0.008,0.003,0.002,45.8640,2.724,1.231,9.596*43
$GNGST,021419.70,0.008,0.003,0.002,45.8641,2.724,1.231,9.596*43
$GNGST,021419.80,0.008,0.003,0.002,44.6053,2.724,1.231,9.596*46
$GNGST,021419.90,0.008,0.003,0.002,45.7149,2.724,1.231,9.596*4D
$GNGST,021420.00,0.008,0.003,0.002,45.0736,2.724,1.231,9.596*47
$GNGST,021420.10,0.008,0.003,0.002,45.0736,2.724,1.231,9.596*46
$GNGST,021420.20,0.008,0.003,0.002,45.0736,2.724,1.231,9.596*45
$GNGST,021420.30,0.008,0.003,0.002,44.7608,2.724,1.231,9.596*4E
$GNGST,021420.40,0.008,0.003,0.002,45.3437,2.724,1.231,9.596*42
$GNGST,021420.50,0.008,0.003,0.002,45.3437,2.724,1.231,9.596*43
$GNGST,021420.60,0.008,0.003,0.002,46.2870,2.724,1.231,9.596*4D
$GNGST,021420.70,0.008,0.003,0.002,45.0724,2.724,1.231,9.596*43
$GNGST,021420.80,0.008,0.003,0.002,45.0724,2.724,1.231,9.596*4C
$GNGST,021420.90,0.008,0.003,0.002,45.0724,2.724,1.231,9.596*4D
$GNGST,021421.00,0.008,0.003,0.002,45.8761,2.724,1.231,9.596*4C
$GNGST,021421.10,0.008,0.003,0.002,45.0724,2.724,1.231,9.596*44
$GNGST,021421.20,0.008,0.003,0.002,45.8763,2.724,1.231,9.596*4C
$GNGST,021421.30,0.008,0.003,0.002,45.8763,2.724,1.231,9.596*4D
$GNGST,021421.40,0.008,0.003,0.002,45.0724,2.724,1.231,9.596*41
$GNGST,021421.50,0.008,0.003,0.002,45.8764,2.724,1.231,9.596*4C
$GNGST,021421.60,0.008,0.003,0.002,45.0467,2.724,1.231,9.596*47
$GNGST,021421.70,0.008,0.003,0.002,45.6952,2.724,1.231,9.596*4B
$GNGST,021421.80,0.007,0.003,0.002,46.6597,2.724,1.231,9.596*4D
$GNGST,021421.90,0.008,0.003,0.002,46.0060,2.724,1.231,9.596*48
$GNGST,021422.00,0.007,0.003,0.002,46.6599,2.724,1.231,9.596*48
$GNGST,021422.10,0.008,0.003,0.002,46.5525,2.724,1.231,9.596*42
$GNGST,021422.20,0.007,0.003,0.002,46.6600,2.724,1.231,9.596*49
$GNGST,021422.30,0.007,0.003,0.002,46.6601,2.724,1.231,9.596*49
$GNGST,021422.40,0.007,0.003,0.002,46.6451,2.724,1.231,9.596*49
$GNGST,021422.50,0.007,0.003,0.002,46.6451,2.724,1.231,9.596*48
$GNGST,021422.60,0.007,0.003,0.002,46.6420,2.724,1.231,9.596*4D
$GNGST,021422.70,0.008,0.003,0.002,46.5497,2.724,1.231,9.596*4C
$GNGST,021422.80,0.008,0.003,0.002,46.5498,2.724,1.231,9.596*4C
$GNGST,021422.90,0.008,0.003,0.002,46.5499,2.724,1.231,9.596*4C
$GNGST,021423.00,0.008,0.003,0.002,46.5500,2.724,1.231,9.596*45
$GNGST,021423.10,0.008,0.003,0.002,46.5501,2.724,1.231,9.596*45
$GNGST,021423.20,0.008,0.003,0.002,46.5501,2.724,1.231,9.596*46
$GNGST,021423.30,0.008,0.003,0.002,46.5502,2.724,1.231,9.596*44
$GNGST,021423.40,0.008,0.003,0.002,46.5503,2.724,1.231,9.596*42
$GNGST,021423.50,0.008,0.003,0.002,46.5504,2.724,1.231,9.596*44
$GNGST,021423.60,0.007,0.003,0.002,45.2392,2.724,1.231,9.596*45
$GNGST,021423.70,0.007,0.003,0.002,45.2393,2.724,1.231,9.596*45
$GNGST,021423.80,0.007,0.003,0.002,45.2395,2.724,1.231,9.596*4C
$GNGST,021423.90,0.008,0.003,0.002,46.7156,2.724,1.231,9.596*49
$GNGST,021424.00,0.008,0.003,0.002,45.7034,2.724,1.231,9.596*41
$GNGST,021424.10,0.008,0.003,0.002,45.3310,2.724,1.231,9.596*41
$GNGST,021424.20,0.007,0.003,0.002,46.2601,2.724,1.231,9.596*4A
$GNGST,021424.30,0.007,0.003,0.002,46.2602,2.724,1.231,9.596*48
$GNGST,021424.40,0.008,0.003,0.002,49.3257,2.724,1.231,9.596*4A
$GNGST,021424.50,0.007,0.003,0.002,47.0216,2.724,1.231,9.596*4C
$GNGST,021424.60,0.007,0.003,0.002,44.7613,2.724,1.231,9.596*4A
$GNGST,021424.70,0.007,0.003,0.002,47.0156,2.724,1.231,9.596*49
$GNGST,021424.80,0.008,0.003,0.002,45.5699,2.724,1.231,9.596*4A
$GNGST,021424.90,0.008,0.003,0.002,45.0597,2.724,1.231,9.596*43
$GNGST,021425.00,0.007,0.003,0.002,47.0793,2.724,1.231,9.596*40
$GNGST,021425.10,0.008,0.003,0.002,45.5828,2.724,1.231,9.596*46
$GNGST,021425.20,0.007,0.003,0.002,47.3719,2.724,1.231,9.596*43
$GNGST,021425.30,0.007,0.003,0.002,47.3721,2.724,1.231,9.596*49
$GNGST,021425.40,0.007,0.003,0.002,47.2384,2.724,1.231,9.596*44
$GNGST,021425.50,0.007,0.003,0.002,44.7571,2.724,1.231,9.596*4F
$GNGST,021425.60,0.007,0.003,0.002,47.3067,2.724,1.231,9.596*49
$GNGST,021425.70,0.008,0.003,0.002,45.6815,2.724,1.231,9.596*4D
$GNGST,021425.80,0.007,0.003,0.002,47.3070,2.724,1.231,9.596*41
$GNGST,021425.90,0.007,0.003,0.002,47.3071,2.724,1.231,9.596*41
$GNGST,021426.00,0.007,0.003,0.002,47.3072,2.724,1.231,9.596*48
$GNGST,021426.10,0.007,0.003,0.002,47.3073,2.724,1.231,9.596*48
$GNGST,021426.20,0.007,0.003,0.002,47.4405,2.724,1.231,9.596*49
$GNGST,021426.30,0.007,0.003,0.002,47.3076,2.724,1.231,9.596*4F
$GNGST,021426.40,0.007,0.003,0.002,46.6202,2.724,1.231,9.596*4D
$GNGST,021426.50,0.007,0.003,0.002,44.7561,2.724,1.231,9.596*4D
$GNGST,021426.60,0.007,0.003,0.002,44.7563,2.724,1.231,9.596*4C
$GNGST,021426.70,0.007,0.003,0.002,47.3081,2.724,1.231,9.596*43
$GNGST,021426.80,0.007,0.003,0.002,44.7565,2.724,1.231,9.596*44
$GNGST,021426.90,0.007,0.003,0.002,47.3074,2.724,1.231,9.596*47
$GNGST,021427.00,0.007,0.003,0.002,46.5182,2.724,1.231,9.596*40
$GNGST,021427.10,0.007,0.003,0.002,46.8541,2.724,1.231,9.596*47
$GNGST,021427.20,0.007,0.003,0.002,46.6598,2.724,1.231,9.596*4E
$GNGST,021427.30,0.007,0.003,0.002,46.5899,2.724,1.231,9.596*40
$GNGST,021427.40,0.008,0.003,0.002,44.9072,2.724,1.231,9.596*4B
$GNGST,021427.50,0.007,0.003,0.002,46.5187,2.724,1.231,9.596*40
$GNGST,021427.60,0.008,0.003,0.002,45.0060,2.724,1.231,9.596*42
$GNGST,021427.70,0.007,0.003,0.002,47.1994,2.724,1.231,9.596*4D
$GNGST,021427.80,0.007,0.003,0.002,46.5275,2.724,1.231,9.596*43
$GNGST,021427.90,0.008,0.003,0.002,35.5069,2.724,1.231,9.596*46
$GNGST,021428.00,0.008,0.003,0.002,36.4992,2.724,1.231,9.596*4F
$GNGST,021428.10,0.008,0.003,0.002,36.2954,2.724,1.231,9.596*42
$GNGST,021428.20,0.008,0.003,0.002,36.2954,2.724,1.231,9.596*41
$GNGST,021428.30,0.008,0.003,0.002,36.4992,2.724,1.231,9.596*4C
$GNGST,021428.40,0.008,0.003,0.002,36.2954,2.724,1.231,9.596*47
$GNGST,021428.50,0.007,0.003,0.002,45.4278,2.724,1.231,9.596*4E
$GNGST,021428.60,0.007,0.003,0.002,47.2091,2.724,1.231,9.596*4C
$GNGST,021428.70,0.007,0.003,0.002,47.3415,2.724,1.231,9.596*44
$GNGST,021428.80,0.008,0.003,0.002,45.3254,2.724,1.231,9.596*45
$GNGST,021428.90,0.008,0.003,0.002,45.6920,2.724,1.231,9.596*49
$GNGST,021429.00,0.007,0.003,0.002,46.5888,2.724,1.231,9.596*4D
$GNGST,021429.10,0.007,0.003,0.002,46.4468,2.724,1.231,9.596*4F
$GNGST,021429.20,0.007,0.003,0.002,46.5890,2.724,1.231,9.596*46
$GNGST,021429.30,0.008,0.003,0.002,46.0768,2.724,1.231,9.596*45
$GNGST,021429.40,0.007,0.003,0.002,46.5279,2.724,1.231,9.596*4D
$GNGST,021429.50,0.007,0.003,0.002,46.6692,2.724,1.231,9.596*4E
$GNGST,021429.60,0.007,0.003,0.002,47.3397,2.724,1.231,9.596*49
$GNGST,021429.70,0.007,0.003,0.002,46.5250,2.724,1.231,9.596*45
$GNGST,021429.80,0.007,0.003,0.002,47.2078,2.724,1.231,9.596*44
$GNGST,021429.90,0.008,0.003,0.002,45.0505,2.724,1.231,9.596*45
$GNGST,021430.00,0.007,0.003,0.002,47.1293,2.724,1.231,9.596*40
$GNGST,021430.10,0.008,0.003,0.002,45.0323,2.724,1.231,9.596*47
$GNGST,021430.20,0.008,0.003,0.002,55.3406,2.724,1.231,9.596*46
$GNGST,021430.30,0.008,0.003,0.002,55.4353,2.724,1.231,9.596*47
$GNGST,021430.40,0.008,0.003,0.002,55.3282,2.724,1.231,9.596*4A
$GNGST,021430.50,0.008,0.003,0.002,53.2262,2.724,1.231,9.596*42
$GNGST,021430.60,0.007,0.003,0.002,48.0002,2.724,1.231,9.596*42
$GNGST,021430.70,0.007,0.003,0.002,46.9409,2.724,1.231,9.596*4B
$GNGST,021430.80,0.007,0.003,0.002,48.1351,2.724,1.231,9.596*48
$GNGST,021430.90,0.007,0.003,0.002,47.8960,2.724,1.231,9.596*47
$GNGST,021431.00,0.007,0.003,0.002,46.8196,2.724,1.231,9.596*4F
$GNGST,021431.10,0.007,0.003,0.002,47.8964,2.724,1.231,9.596*4A
$GNGST,021431.20,0.007,0.003,0.002,46.6978,2.724,1.231,9.596*4B
$GNGST,021431.30,0.007,0.003,0.002,47.2394,2.724,1.231,9.596*47
$GNGST,021431.40,0.007,0.003,0.002,46.6621,2.724,1.231,9.596*4E
$GNGST,021431.50,0.007,0.003,0.002,47.2396,2.724,1.231,9.596*43
$GNGST,021431.60,0.007,0.003,0.002,47.3716,2.724,1.231,9.596*4D
$GNGST,021431.70,0.008,0.003,0.002,50.6918,2.724,1.231,9.596*40
$GNGST,021431.80,0.008,0.003,0.002,46.7389,2.724,1.231,9.596*4B
$GNGST,021431.90,0.008,0.003,0.002,49.8124,2.724,1.231,9.596*4F
$GNGST,021432.00,0.008,0.003,0.002,49.8127,2.724,1.231,9.596*46
$GNGST,021432.10,0.008,0.003,0.002,49.8129,2.724,1.231,9.596*49
$GNGST,021432.20,0.008,0.003,0.002,49.8132,2.724,1.231,9.596*40
$GNGST,021432.30,0.008,0.003,0.002,49.7353,2.724,1.231,9.596*4B
$GNGST,021432.40,0.008,0.003,0.002,49.8136,2.724,1.231,9.596*42
$GNGST,021432.50,0.007,0.003,0.002,47.8673,2.724,1.231,9.596*44
$GNGST,021432.60,0.008,0.003,0.002,46.5864,2.724,1.231,9.596*4C
$GNGST,021432.70,0.008,0.003,0.002,49.9366,2.724,1.231,9.596*47
$GNGST,021432.80,0.008,0.003,0.002,49.2433,2.724,1.231,9.596*44
$GNGST,021432.90,0.008,0.003,0.002,46.7151,2.724,1.231,9.596*4E
$GNGST,021433.00,0.008,0.003,0.002,46.5872,2.724,1.231,9.596*4C
$GNGST,021433.10,0.008,0.003,0.002,46.5874,2.724,1.231,9.596*4B
$GNGST,021433.20,0.008,0.003,0.002,46.5876,2.724,1.231,9.596*4A
$GNGST,021433.30,0.008,0.003,0.002,46.5877,2.724,1.231,9.596*4A
$GNGST,021433.40,0.008,0.003,0.002,46.5879,2.724,1.231,9.596*43
$GNGST,021433.50,0.008,0.003,0.002,46.5881,2.724,1.231,9.596*45
$GNGST,021433.60,0.007,0.003,0.002,47.9923,2.724,1.231,9.596*4D
$GNGST,021433.70,0.007,0.003,0.002,47.3423,2.724,1.231,9.596*4B
$GNGST,021433.80,0.007,0.003,0.002,47.2128,2.724,1.231,9.596*4B
$GNGST,021433.90,0.008,0.003,0.002,50.5846,2.724,1.231,9.596*45
$GNGST,021434.00,0.007,0.003,0.002,47.3804,2.724,1.231,9.596*42
$GNGST,021434.10,0.007,0.003,0.002,47.8605,2.724,1.231,9.596*47
$GNGST,021434.20,0.007,0.003,0.002,47.8607,2.724,1.231,9.596*46
$GNGST,021434.30,0.007,0.003,0.002,46.8471,2.724,1.231,9.596*45
$GNGST,021434.40,0.008,0.003,0.002,48.7342,2.724,1.231,9.596*4B
$GNGST,021434.50,0.007,0.003,0.002,48.2259,2.724,1.231,9.596*4B
$GNGST,021434.60,0.007,0.003,0.002,47.1007,2.724,1.231,9.596*4D
$GNGST,021434.70,0.007,0.003,0.002,47.8462,2.724,1.231,9.596*42
$GNGST,021434.80,0.007,0.003,0.002,48.1664,2.724,1.231,9.596*4F
$GNGST,021434.90,0.007,0.003,0.002,47.7055,2.724,1.231,9.596*43
$GNGST,021435.00,0.007,0.003,0.002,47.5746,2.724,1.231,9.596*4C
$GNGST,021435.10,0.008,0.003,0.002,45.6975,2.724,1.231,9.596*4D
$GNGST,021435.20,0.007,0.003,0.002,47.5749,2.724,1.231,9.596*41
$GNGST,021435.30,0.007,0.003,0.002,48.1671,2.724,1.231,9.596*41
$GNGST,021435.40,0.007,0.003,0.002,48.1672,2.724,1.231,9.596*45
$GNGST,021435.50,0.007,0.003,0.002,47.7063,2.724,1.231,9.596*4B
$GNGST,021435.60,0.007,0.003,0.002,47.7327,2.724,1.231,9.596*4B
$GNGST,021435.70,0.007,0.003,0.002,47.1060,2.724,1.231,9.596*4C
$GNGST,021435.80,0.007,0.003,0.002,47.1062,2.724,1.231,9.596*41
$GNGST,021435.90,0.007,0.003,0.002,47.5663,2.724,1.231,9.596*43
$GNGST,021436.00,0.007,0.003,0.002,47.6976,2.724,1.231,9.596*41
$GNGST,021436.10,0.007,0.003,0.002,47.1067,2.724,1.231,9.596*4E
$GNGST,021436.20,0.007,0.003,0.002,46.9777,2.724,1.231,9.596*42
$GNGST,021436.30,0.007,0.003,0.002,46.8541,2.724,1.231,9.596*45
$GNGST,021436.40,0.007,0.003,0.002,46.7794,2.724,1.231,9.596*47
$GNGST,021436.50,0.007,0.003,0.002,46.8545,2.724,1.231,9.596*47
$GNGST,021436.60,0.007,0.003,0.002,47.6768,2.724,1.231,9.596*46
$GNGST,021436.70,0.007,0.003,0.002,47.5801,2.724,1.231,9.596*44
$GNGST,021436.80,0.007,0.003,0.002,46.7590,2.724,1.231,9.596*4D
$GNGST,021436.90,0.007,0.003,0.002,46.8989,2.724,1.231,9.596*47
$GNGST,021437.00,0.007,0.003,0.002,46.4868,2.724,1.231,9.596*4D
$GNGST,021437.10,0.007,0.003,0.002,46.2871,2.724,1.231,9.596*42
$GNGST,021437.20,0.007,0.003,0.002,46.2872,2.724,1.231,9.596*42
$GNGST,021437.30,0.007,0.003,0.002,46.5401,2.724,1.231,9.596*4C
$GNGST,021437.40,0.007,0.003,0.002,46.2875,2.724,1.231,9.596*43
$GNGST,021437.50,0.007,0.003,0.002,46.8996,2.724,1.231,9.596*44
$GNGST,021437.60,0.007,0.003,0.002,46.8997,2.724,1.231,9.596*46
$GNGST,021437.70,0.008,0.003,0.002,45.1760,2.724,1.231,9.596*44
$GNGST,021437.80,0.008,0.003,0.002,45.6818,2.724,1.231,9.596*4C
$GNGST,021437.90,0.008,0.003,0.002,46.6018,2.724,1.231,9.596*46
$GNGST,021438.00,0.008,0.003,0.002,46.9789,2.724,1.231,9.596*40
$GNGST,021438.10,0.008,0.003,0.002,46.7127,2.724,1.231,9.596*4D
$GNGST,021438.20,0.008,0.003,0.002,46.7127,2.724,1.231,9.596*4E
$GNGST,021438.30,0.008,0.003,0.002,46.9576,2.724,1.231,9.596*41
$GNGST,021438.40,0.008,0.003,0.002,46.6912,2.724,1.231,9.596*47
$GNGST,021438.50,0.008,0.003,0.002,45.9560,2.724,1.231,9.596*43
$GNGST,021438.60,0.008,0.003,0.002,46.0867,2.724,1.231,9.596*40
$GNGST,021438.70,0.008,0.003,0.002,45.8225,2.724,1.231,9.596*46
$GNGST,021438.80,0.008,0.003,0.002,46.9657,2.724,1.231,9.596*4A
$GNGST,021438.90,0.008,0.003,0.002,46.6993,2.724,1.231,9.596*43
$GNGST,021439.00,0.008,0.003,0.002,46.6994,2.724,1.231,9.596*4C
$GNGST,021439.10,0.008,0.003,0.002,47.9256,2.724,1.231,9.596*46
$GNGST,021439.20,0.007,0.003,0.002,44.4012,2.724,1.231,9.596*46
$GNGST,021439.30,0.007,0.003,0.002,44.4013,2.724,1.231,9.596*46
$GNGST,021439.40,0.008,0.003,0.002,47.9260,2.724,1.231,9.596*46
$GNGST,021439.50,0.008,0.003,0.002,47.3819,2.724,1.231,9.596*49
$GNGST,021439.60,0.008,0.003,0.002,47.2805,2.724,1.231,9.596*46
$GNGST,021439.70,0.008,0.003,0.002,47.3821,2.724,1.231,9.596*40
$GNGST,021439.80,0.008,0.003,0.002,46.6941,2.724,1.231,9.596*4C
$GNGST,021439.90,0.008,0.003,0.002,46.6942,2.724,1.231,9.596*4E
$GNGST,021440.00,0.008,0.003,0.002,46.6942,2.724,1.231,9.596*49
$GNGST,021440.10,0.008,0.003,0.002,46.6943,2.724,1.231,9.596*49
$GNGST,021440.20,0.008,0.003,0.002,46.6944,2.724,1.231,9.596*4D
$GNGST,021440.30,0.008,0.003,0.002,46.6944,2.724,1.231,9.596*4C
$GNGST,021440.40,0.008,0.003,0.002,46.5831,2.724,1.231,9.596*4B
$GNGST,021440.50,0.008,0.003,0.002,46.6789,2.724,1.231,9.596*45
$GNGST,021440.60,0.007,0.003,0.002,46.9997,2.724,1.231,9.596*47
$GNGST,021440.70,0.008,0.003,0.002,46.5794,2.724,1.231,9.596*48
$GNGST,021440.80,0.008,0.003,0.002,46.5794,2.724,1.231,9.596*47
$GNGST,021440.90,0.008,0.003,0.002,46.5795,2.724,1.231,9.596*47
$GNGST,021441.00,0.008,0.003,0.002,46.6820,2.724,1.231,9.596*4D
$GNGST,021441.10,0.007,0.003,0.002,46.3355,2.724,1.231,9.596*4F
$GNGST,021441.20,0.007,0.003,0.002,46.3355,2.724,1.231,9.596*4C
$GNGST,021441.30,0.008,0.003,0.002,46.5865,2.724,1.231,9.596*4C
$GNGST,021441.40,0.008,0.003,0.002,46.5866,2.724,1.231,9.596*48
$GNGST,021441.50,0.008,0.003,0.002,45.9159,2.724,1.231,9.596*43
$GNGST,021441.60,0.008,0.003,0.002,46.1891,2.724,1.231,9.596*46
$GNGST,021441.70,0.007,0.003,0.002,45.2617,2.724,1.231,9.596*48
$GNGST,021441.80,0.008,0.003,0.002,46.5869,2.724,1.231,9.596*4B
$GNGST,021441.90,0.008,0.003,0.002,46.5869,2.724,1.231,9.596*4A
$GNGST,021442.00,0.008,0.003,0.002,46.5513,2.724,1.231,9.596*40
$GNGST,021442.10,0.008,0.003,0.002,47.0504,2.724,1.231,9.596*43
$GNGST,021442.20,0.008,0.003,0.002,46.8997,2.724,1.231,9.596*4F
$GNGST,021442.30,0.008,0.003,0.002,46.8998,2.724,1.231,9.596*41
$GNGST,021442.40,0.008,0.003,0.002,46.8999,2.724,1.231,9.596*47
$GNGST,021442.50,0.008,0.003,0.002,46.8173,2.724,1.231,9.596*4A
$GNGST,021442.60,0.008,0.003,0.002,46.8174,2.724,1.231,9.596*4E
$GNGST,021442.70,0.008,0.003,0.002,47.2012,2.724,1.231,9.596*45
$GNGST,021442.80,0.008,0.003,0.002,46.8197,2.724,1.231,9.596*4D
$GNGST,021442.90,0.008,0.003,0.002,46.8133,2.724,1.231,9.596*42
$GNGST,021443.00,0.008,0.003,0.002,46.8134,2.724,1.231,9.596*4D
$GNGST,021443.10,0.008,0.003,0.002,47.7926,2.724,1.231,9.596*49
$GNGST,021443.20,0.008,0.003,0.002,48.0298,2.724,1.231,9.596*4C
$GNGST,021443.30,0.008,0.003,0.002,47.9564,2.724,1.231,9.596*4F
$GNGST,021443.40,0.008,0.003,0.002,47.9566,2.724,1.231,9.596*4A
$GNGST,021443.50,0.008,0.003,0.002,46.8151,2.724,1.231,9.596*4B
$GNGST,021443.60,0.008,0.003,0.002,46.9929,2.724,1.231,9.596*4E
$GNGST,021443.70,0.008,0.003,0.002,46.8152,2.724,1.231,9.596*4A
$GNGST,021443.80,0.008,0.003,0.002,47.3007,2.724,1.231,9.596*4E
$GNGST,021443.90,0.008,0.003,0.002,46.8154,2.724,1.231,9.596*42
$GNGST,021444.00,0.008,0.003,0.002,46.1514,2.724,1.231,9.596*45
$GNGST,021444.10,0.008,0.003,0.002,45.3133,2.724,1.231,9.596*44
$GNGST,021444.20,0.008,0.003,0.002,46.1516,2.724,1.231,9.596*45
$GNGST,021444.30,0.008,0.003,0.002,46.0694,2.724,1.231,9.596*4C
$GNGST,021444.40,0.008,0.003,0.002,46.3381,2.724,1.231,9.596*49
$GNGST,021444.50,0.008,0.003,0.002,46.3381,2.724,1.231,9.596*48
$GNGST,021444.60,0.008,0.003,0.002,46.3382,2.724,1.231,9.596*48
$GNGST,021444.70,0.008,0.003,0.002,47.5006,2.724,1.231,9.596*41
$GNGST,021444.80,0.008,0.003,0.002,46.5633,2.724,1.231,9.596*4F
$GNGST,021444.90,0.008,0.003,0.002,46.0649,2.724,1.231,9.596*46
$GNGST,021445.00,0.008,0.003,0.002,46.0650,2.724,1.231,9.596*46
$GNGST,021445.10,0.008,0.003,0.002,46.0650,2.724,1.231,9.596*47
$GNGST,021445.20,0.008,0.003,0.002,48.3751,2.724,1.231,9.596*49
$GNGST,021445.30,0.008,0.003,0.002,46.0651,2.724,1.231,9.596*44
$GNGST,021445.40,0.008,0.003,0.002,46.0652,2.724,1.231,9.596*40
$GNGST,021445.50,0.008,0.003,0.002,46.0652,2.724,1.231,9.596*41
$GNGST,021445.60,0.008,0.003,0.002,46.1745,2.724,1.231,9.596*44
$GNGST,021445.70,0.008,0.003,0.002,47.5139,2.724,1.231,9.596*4D
$GNGST,021445.80,0.008,0.003,0.002,47.5140,2.724,1.231,9.596*4C
$GNGST,021445.90,0.008,0.003,0.002,46.8737,2.724,1.231,9.596*47
$GNGST,021446.00,0.008,0.003,0.002,47.5143,2.724,1.231,9.596*44
$GNGST,021446.10,0.008,0.003,0.002,45.6497,2.724,1.231,9.596*48
$GNGST,021446.20,0.008,0.003,0.002,47.5145,2.724,1.231,9.596*40
$GNGST,021446.30,0.008,0.003,0.002,46.8741,2.724,1.231,9.596*4F
$GNGST,021446.40,0.008,0.003,0.002,46.8742,2.724,1.231,9.596*4B
$GNGST,021446.50,0.008,0.003,0.002,47.3588,2.724,1.231,9.596*44
$GNGST,021446.60,0.008,0.003,0.002,47.5150,2.724,1.231,9.596*40
$GNGST,021446.70,0.008,0.003,0.002,46.7837,2.724,1.231,9.596*4A
$GNGST,021446.80,0.007,0.003,0.002,47.4867,2.724,1.231,9.596*4D
$GNGST,021446.90,0.008,0.003,0.002,47.9629,2.724,1.231,9.596*4A
$GNGST,021447.00,0.008,0.003,0.002,47.6021,2.724,1.231,9.596*43
$GNGST,021447.10,0.008,0.003,0.002,48.1978,2.724,1.231,9.596*4F
$GNGST,021447.20,0.008,0.003,0.002,47.6023,2.724,1.231,9.596*43
$GNGST,021447.30,0.008,0.003,0.002,47.0208,2.724,1.231,9.596*4F
$GNGST,021447.40,0.008,0.003,0.002,47.0209,2.724,1.231,9.596*49
$GNGST,021447.50,0.008,0.003,0.002,48.1702,2.724,1.231,9.596*48
$GNGST,021447.60,0.008,0.003,0.002,47.3582,2.724,1.231,9.596*4C
$GNGST,021447.70,0.008,0.003,0.002,47.0213,2.724,1.231,9.596*41
$GNGST,021447.80,0.008,0.003,0.002,47.5135,2.724,1.231,9.596*4C
$GNGST,021447.90,0.008,0.003,0.002,47.6817,2.724,1.231,9.596*47
$GNGST,021448.00,0.008,0.003,0.002,47.6819,2.724,1.231,9.596*4F
$GNGST,021448.10,0.008,0.003,0.002,49.3209,2.724,1.231,9.596*4E
$GNGST,021448.20,0.008,0.003,0.002,48.9042,2.724,1.231,9.596*4B
$GNGST,021448.30,0.008,0.003,0.002,48.9044,2.724,1.231,9.596*4C
$GNGST,021448.40,0.008,0.003,0.002,48.9046,2.724,1.231,9.596*49
$GNGST,021448.50,0.008,0.003,0.002,48.6571,2.724,1.231,9.596*46
$GNGST,021448.60,0.008,0.003,0.002,47.4380,2.724,1.231,9.596*40
$GNGST,021448.70,0.008,0.003,0.002,46.2547,2.724,1.231,9.596*4B
$GNGST,021448.80,0.008,0.003,0.002,47.5202,2.724,1.231,9.596*44
$GNGST,021448.90,0.008,0.003,0.002,47.5203,2.724,1.231,9.596*44
$GNGST,021449.00,0.008,0.003,0.002,46.2536,2.724,1.231,9.596*4B
$GNGST,021449.10,0.008,0.003,0.002,47.5206,2.724,1.231,9.596*48
$GNGST,021449.20,0.008,0.003,0.002,46.8417,2.724,1.231,9.596*41
$GNGST,021449.30,0.008,0.003,0.002,47.0975,2.724,1.231,9.596*40
$GNGST,021449.40,0.008,0.003,0.002,46.8418,2.724,1.231,9.596*48
$GNGST,021449.50,0.008,0.003,0.002,48.4645,2.724,1.231,9.596*41
$GNGST,021449.60,0.008,0.003,0.002,49.0668,2.724,1.231,9.596*48
$GNGST,021449.70,0.008,0.003,0.002,46.7506,2.724,1.231,9.596*4A
$GNGST,021449.80,0.008,0.003,0.002,47.5053,2.724,1.231,9.596*43
$GNGST,021449.90,0.008,0.003,0.002,46.7450,2.724,1.231,9.596*46
$GNGST,021450.00,0.008,0.003,0.002,46.8253,2.724,1.231,9.596*4D
$GNGST,021450.10,0.008,0.003,0.002,46.8254,2.724,1.231,9.596*4B
$GNGST,021450.20,0.008,0.003,0.002,47.0815,2.724,1.231,9.596*4E
$GNGST,021450.30,0.008,0.003,0.002,46.8256,2.724,1.231,9.596*4B
$GNGST,021450.40,0.008,0.003,0.002,46.8168,2.724,1.231,9.596*42
$GNGST,021450.50,0.008,0.003,0.002,46.7455,2.724,1.231,9.596*47
$GNGST,021450.60,0.008,0.003,0.002,47.3803,2.724,1.231,9.596*4E
$GNGST,021450.70,0.008,0.003,0.002,47.6520,2.724,1.231,9.596*46
$GNGST,021450.80,0.008,0.003,0.002,47.3135,2.724,1.231,9.596*4C
$GNGST,021450.90,0.008,0.003,0.002,48.2109,2.724,1.231,9.596*4C
$GNGST,021451.00,0.008,0.003,0.002,46.7878,2.724,1.231,9.596*40
$GNGST,021451.10,0.008,0.003,0.002,48.3037,2.724,1.231,9.596*48
$GNGST,021451.20,0.008,0.003,0.002,47.7389,2.724,1.231,9.596*46
$GNGST,021451.30,0.008,0.003,0.002,47.9478,2.724,1.231,9.596*40
$GNGST,021451.40,0.008,0.003,0.002,48.0142,2.724,1.231,9.596*4D
$GNGST,021451.50,0.008,0.003,0.002,48.0144,2.724,1.231,9.596*4A
$GNGST,021451.60,0.008,0.003,0.002,47.7106,2.724,1.231,9.596*47
$GNGST,021451.70,0.008,0.003,0.002,48.2749,2.724,1.231,9.596*41
$GNGST,021451.80,0.008,0.003,0.002,47.0444,2.724,1.231,9.596*4D
$GNGST,021451.90,0.008,0.003,0.002,48.0216,2.724,1.231,9.596*42
$GNGST,021452.00,0.008,0.003,0.002,46.7961,2.724,1.231,9.596*4A
$GNGST,021452.10,0.008,0.003,0.002,48.0966,2.724,1.231,9.596*45
$GNGST,021452.20,0.008,0.003,0.002,48.0968,2.724,1.231,9.596*48
$GNGST,021452.30,0.008,0.003,0.002,46.8679,2.724,1.231,9.596*40
$GNGST,021452.40,0.008,0.003,0.002,48.0971,2.724,1.231,9.596*46
$GNGST,021452.50,0.008,0.003,0.002,48.0973,2.724,1.231,9.596*45
$GNGST,021452.60,0.008,0.003,0.002,48.0974,2.724,1.231,9.596*41
$GNGST,021452.70,0.008,0.003,0.002,48.0976,2.724,1.231,9.596*42
$GNGST,021452.80,0.008,0.003,0.002,46.8973,2.724,1.231,9.596*4E
$GNGST,021452.90,0.008,0.003,0.002,47.1529,2.724,1.231,9.596*44
$GNGST,021453.00,0.008,0.003,0.002,46.8974,2.724,1.231,9.596*40
$GNGST,021453.10,0.008,0.003,0.002,46.8975,2.724,1.231,9.596*40
$GNGST,021453.20,0.008,0.003,0.002,46.8976,2.724,1.231,9.596*40
$GNGST,021453.30,0.008,0.003,0.002,46.8977,2.724,1.231,9.596*40
$GNGST,021453.40,0.008,0.003,0.002,46.8595,2.724,1.231,9.596*47
$GNGST,021453.50,0.008,0.003,0.002,46.8596,2.724,1.231,9.596*45
$GNGST,021453.60,0.007,0.003,0.002,45.1283,2.724,1.231,9.596*40
$GNGST,021453.70,0.008,0.003,0.002,46.8598,2.724,1.231,9.596*49
$GNGST,021453.80,0.008,0.003,0.002,46.7629,2.724,1.231,9.596*40
$GNGST,021453.90,0.008,0.003,0.002,46.9030,2.724,1.231,9.596*41
$GNGST,021454.00,0.008,0.003,0.002,46.5703,2.724,1.231,9.596*44
$GNGST,021454.10,0.008,0.003,0.002,46.5704,2.724,1.231,9.596*42
$GNGST,021454.20,0.008,0.003,0.002,46.8585,2.724,1.231,9.596*47
$GNGST,021454.30,0.007,0.003,0.002,45.6924,2.724,1.231,9.596*43
$GNGST,021454.40,0.007,0.003,0.002,46.7910,2.724,1.231,9.596*41
$GNGST,021454.50,0.007,0.003,0.002,47.0509,2.724,1.231,9.596*42
$GNGST,021454.60,0.007,0.003,0.002,46.7912,2.724,1.231,9.596*41
$GNGST,021454.70,0.007,0.003,0.002,46.7912,2.724,1.231,9.596*40
$GNGST,021454.80,0.008,0.003,0.002,46.8962,2.724,1.231,9.596*48
$GNGST,021454.90,0.007,0.003,0.002,46.9881,2.724,1.231,9.596*4B
$GNGST,021455.00,0.007,0.003,0.002,46.9881,2.724,1.231,9.596*43
$GNGST,021455.10,0.008,0.003,0.002,47.9683,2.724,1.231,9.596*40
$GNGST,021455.20,0.008,0.003,0.002,47.1521,2.724,1.231,9.596*40
$GNGST,021455.30,0.008,0.003,0.002,47.1521,2.724,1.231,9.596*41
$GNGST,021455.40,0.007,0.003,0.002,46.7262,2.724,1.231,9.596*4E
$GNGST,021455.50,0.007,0.003,0.002,46.7263,2.724,1.231,9.596*4E
$GNGST,021455.60,0.007,0.003,0.002,45.2039,2.724,1.231,9.596*46
$GNGST,021455.70,0.008,0.003,0.002,46.8970,2.724,1.231,9.596*45
$GNGST,021455.80,0.008,0.003,0.002,47.0695,2.724,1.231,9.596*47
$GNGST,021455.90,0.008,0.003,0.002,46.8912,2.724,1.231,9.596*4F
$GNGST,021456.00,0.008,0.003,0.002,47.1467,2.724,1.231,9.596*42
$GNGST,021456.10,0.008,0.003,0.002,47.1468,2.724,1.231,9.596*4C
$GNGST,021456.20,0.008,0.003,0.002,48.3792,2.724,1.231,9.596*44
$GNGST,021456.30,0.008,0.003,0.002,48.0480,2.724,1.231,9.596*46
$GNGST,021456.40,0.008,0.003,0.002,51.7237,2.724,1.231,9.596*44
$GNGST,021456.50,0.008,0.003,0.002,46.8917,2.724,1.231,9.596*45
$GNGST,021456.60,0.008,0.003,0.002,46.7179,2.724,1.231,9.596*49
$GNGST,021456.70,0.007,0.003,0.002,47.0601,2.724,1.231,9.596*49
$GNGST,021456.80,0.007,0.003,0.002,46.8009,2.724,1.231,9.596*41
$GNGST,021456.90,0.007,0.003,0.002,46.8010,2.724,1.231,9.596*48
$GNGST,021457.00,0.007,0.003,0.002,46.8011,2.724,1.231,9.596*41
$GNGST,021457.10,0.007,0.003,0.002,46.8011,2.724,1.231,9.596*40
$GNGST,021457.20,0.007,0.003,0.002,46.8012,2.724,1.231,9.596*40
$GNGST,021457.30,0.007,0.003,0.002,46.8013,2.724,1.231,9.596*40
$GNGST,021457.40,0.007,0.003,0.002,47.0518,2.724,1.231,9.596*40
$GNGST,021457.50,0.007,0.003,0.002,47.0519,2.724,1.231,9.596*40
$GNGST,021457.60,0.008,0.003,0.002,46.7790,2.724,1.231,9.596*49
$GNGST,021457.70,0.008,0.003,0.002,46.5911,2.724,1.231,9.596*4D
$GNGST,021457.80,0.008,0.003,0.002,46.3197,2.724,1.231,9.596*42
$GNGST,021457.90,0.008,0.003,0.002,46.8189,2.724,1.231,9.596*47
$GNGST,021458.00,0.008,0.003,0.002,46.8190,2.724,1.231,9.596*49
$GNGST,021458.10,0.008,0.003,0.002,46.8191,2.724,1.231,9.596*49
$GNGST,021458.20,0.008,0.003,0.002,46.8192,2.724,1.231,9.596*49
$GNGST,021458.30,0.008,0.003,0.002,46.8896,2.724,1.231,9.596*45
$GNGST,021458.40,0.008,0.003,0.002,46.8897,2.724,1.231,9.596*43
$GNGST,021458.50,0.008,0.003,0.002,37.3349,2.724,1.231,9.596*47
$GNGST,021458.60,0.008,0.003,0.002,37.4023,2.724,1.231,9.596*4C
$GNGST,021458.70,0.008,0.003,0.002,37.3956,2.724,1.231,9.596*41
$GNGST,021458.80,0.008,0.003,0.002,46.8145,2.724,1.231,9.596*49
$GNGST,021458.90,0.008,0.003,0.002,45.9145,2.724,1.231,9.596*4A
$GNGST,021459.00,0.008,0.003,0.002,46.9487,2.724,1.231,9.596*4A
$GNGST,021459.10,0.008,0.003,0.002,46.8677,2.724,1.231,9.596*47
$GNGST,021459.20,0.008,0.003,0.002,45.9272,2.724,1.231,9.596*47
$GNGST,021459.30,0.008,0.003,0.002,46.7587,2.724,1.231,9.596*46
$GNGST,021459.40,0.008,0.003,0.002,46.7588,2.724,1.231,9.596*4E
$GNGST,021459.50,0.008,0.003,0.002,46.3633,2.724,1.231,9.596*48
$GNGST,021459.60,0.008,0.003,0.002,46.3676,2.724,1.231,9.596*4A
$GNGST,021459.70,0.008,0.003,0.002,46.8730,2.724,1.231,9.596*43
$GNGST,021459.80,0.008,0.003,0.002,46.3679,2.724,1.231,9.596*4B
$GNGST,021459.90,0.008,0.003,0.002,47.1268,2.724,1.231,9.596*4D
$GNGST,021500.00,0.008,0.003,0.002,48.0731,2.724,1.231,9.596*4E
$GNGST,021500.10,0.008,0.003,0.002,46.8711,2.724,1.231,9.596*4B
$GNGST,021500.20,0.008,0.003,0.002,46.8135,2.724,1.231,9.596*48
$GNGST,021500.30,0.008,0.003,0.002,48.5988,2.724,1.231,9.596*44
$GNGST,021500.40,0.008,0.003,0.002,46.3665,2.724,1.231,9.596*47
$GNGST,021500.50,0.008,0.003,0.002,46.8715,2.724,1.231,9.596*4B
$GNGST,021500.60,0.008,0.003,0.002,46.3164,2.724,1.231,9.596*43
$GNGST,021500.70,0.008,0.003,0.002,46.8471,2.724,1.231,9.596*48
$GNGST,021500.80,0.008,0.003,0.002,50.9078,2.724,1.231,9.596*4C
$GNGST,021500.90,0.008,0.003,0.002,46.2155,2.724,1.231,9.596*4F
$GNGST,021501.00,0.008,0.003,0.002,49.9336,2.724,1.231,9.596*44
$GNGST,021501.10,0.008,0.003,0.002,46.2158,2.724,1.231,9.596*4B
$GNGST,021501.20,0.008,0.003,0.002,46.2159,2.724,1.231,9.596*49
$GNGST,021501.30,0.008,0.003,0.002,46.4687,2.724,1.231,9.596*4A
$GNGST,021501.40,0.008,0.003,0.002,46.3173,2.724,1.231,9.596*46
$GNGST,021501.50,0.008,0.003,0.002,46.5665,2.724,1.231,9.596*41
$GNGST,021501.60,0.008,0.003,0.002,46.3176,2.724,1.231,9.596*41
$GNGST,021501.70,0.008,0.003,0.002,46.8147,2.724,1.231,9.596*49
$GNGST,021501.80,0.008,0.003,0.002,46.6539,2.724,1.231,9.596*45
$GNGST,021501.90,0.007,0.003,0.002,47.6726,2.724,1.231,9.596*46
$GNGST,021502.00,0.007,0.003,0.002,47.6782,2.724,1.231,9.596*42
$GNGST,021502.10,0.008,0.003,0.002,46.9176,2.724,1.231,9.596*4F
$GNGST,021502.20,0.007,0.003,0.002,47.4305,2.724,1.231,9.596*49
$GNGST,021502.30,0.007,0.003,0.002,47.4306,2.724,1.231,9.596*4B
$GNGST,021502.40,0.008,0.003,0.002,46.6544,2.724,1.231,9.596*40
$GNGST,021502.50,0.007,0.003,0.002,47.4309,2.724,1.231,9.596*42
$GNGST,021502.60,0.008,0.003,0.002,47.5626,2.724,1.231,9.596*47
$GNGST,021502.70,0.008,0.003,0.002,48.3955,2.724,1.231,9.596*44
$GNGST,021502.80,0.007,0.003,0.002,48.3819,2.724,1.231,9.596*4D
$GNGST,021502.90,0.008,0.003,0.002,47.3776,2.724,1.231,9.596*4A
$GNGST,021503.00,0.008,0.003,0.002,46.7998,2.724,1.231,9.596*49
$GNGST,021503.10,0.008,0.003,0.002,46.7203,2.724,1.231,9.596*41
$GNGST,021503.20,0.008,0.003,0.002,47.3845,2.724,1.231,9.596*4F
$GNGST,021503.30,0.008,0.003,0.002,47.3150,2.724,1.231,9.596*43
$GNGST,021503.40,0.008,0.003,0.002,47.3152,2.724,1.231,9.596*46
$GNGST,021503.50,0.008,0.003,0.002,47.7012,2.724,1.231,9.596*46
$GNGST,021503.60,0.008,0.003,0.002,47.3850,2.724,1.231,9.596*4F
$GNGST,021503.70,0.008,0.003,0.002,47.7720,2.724,1.231,9.596*42
$GNGST,021503.80,0.008,0.003,0.002,47.3853,2.724,1.231,9.596*42
$GNGST,021503.90,0.008,0.003,0.002,47.4017,2.724,1.231,9.596*4C
$GNGST,021504.00,0.008,0.003,0.002,47.4344,2.724,1.231,9.596*47
$GNGST,021504.10,0.008,0.003,0.002,47.4345,2.724,1.231,9.596*47
$GNGST,021504.20,0.008,0.003,0.002,47.8176,2.724,1.231,9.596*4A
$GNGST,021504.30,0.008,0.003,0.002,47.1411,2.724,1.231,9.596*46
$GNGST,021504.40,0.008,0.003,0.002,47.1737,2.724,1.231,9.596*46
$GNGST,021504.50,0.008,0.003,0.002,47.1738,2.724,1.231,9.596*48
$GNGST,021504.60,0.008,0.003,0.002,47.4311,2.724,1.231,9.596*41
$GNGST,021504.70,0.008,0.003,0.002,46.9691,2.724,1.231,9.596*41
$GNGST,021504.80,0.008,0.003,0.002,46.7139,2.724,1.231,9.596*45
$GNGST,021504.90,0.008,0.003,0.002,47.0025,2.724,1.231,9.596*4E
$GNGST,021505.00,0.008,0.003,0.002,46.9345,2.724,1.231,9.596*4B
$GNGST,021505.10,0.008,0.003,0.002,46.6778,2.724,1.231,9.596*4F
$GNGST,021505.20,0.008,0.003,0.002,45.7925,2.724,1.231,9.596*48
$GNGST,021505.30,0.008,0.003,0.002,46.7143,2.724,1.231,9.596*42
$GNGST,021505.40,0.008,0.003,0.002,46.7144,2.724,1.231,9.596*42
$GNGST,021505.50,0.008,0.003,0.002,46.7145,2.724,1.231,9.596*42
$GNGST,021505.60,0.008,0.003,0.002,46.7917,2.724,1.231,9.596*4E
$GNGST,021505.70,0.008,0.003,0.002,46.5341,2.724,1.231,9.596*44
$GNGST,021505.80,0.008,0.003,0.002,46.5392,2.724,1.231,9.596*45
$GNGST,021505.90,0.008,0.003,0.002,47.1462,2.724,1.231,9.596*49
$GNGST,021506.00,0.008,0.003,0.002,46.6332,2.724,1.231,9.596*47
$GNGST,021506.10,0.008,0.003,0.002,46.3863,2.724,1.231,9.596*4C
$GNGST,021506.20,0.008,0.003,0.002,46.5319,2.724,1.231,9.596*4F
$GNGST,021506.30,0.008,0.003,0.002,46.3789,2.724,1.231,9.596*45
$GNGST,021506.40,0.008,0.003,0.002,46.6263,2.724,1.231,9.596*46
$GNGST,021506.50,0.008,0.003,0.002,46.3792,2.724,1.231,9.596*49
$GNGST,021506.60,0.008,0.003,0.002,47.5611,2.724,1.231,9.596*47
$GNGST,021506.70,0.008,0.003,0.002,47.8127,2.724,1.231,9.596*49
$GNGST,021506.80,0.008,0.003,0.002,47.9749,2.724,1.231,9.596*49
$GNGST,021506.90,0.008,0.003,0.002,47.9751,2.724,1.231,9.596*41
$GNGST,021507.00,0.008,0.003,0.002,47.9752,2.724,1.231,9.596*4A
$GNGST,021507.10,0.008,0.003,0.002,47.9754,2.724,1.231,9.596*4D
$GNGST,021507.20,0.008,0.003,0.002,47.9756,2.724,1.231,9.596*4C
$GNGST,021507.30,0.008,0.003,0.002,47.5600,2.724,1.231,9.596*43
$GNGST,021507.40,0.008,0.003,0.002,47.5602,2.724,1.231,9.596*46
$GNGST,021507.50,0.008,0.003,0.002,47.5604,2.724,1.231,9.596*41
$GNGST,021507.60,0.008,0.003,0.002,47.4151,2.724,1.231,9.596*44
$GNGST,021507.70,0.008,0.003,0.002,47.4153,2.724,1.231,9.596*47
$GNGST,021507.80,0.008,0.003,0.002,46.1532,2.724,1.231,9.596*4F
$GNGST,021507.90,0.007,0.003,0.002,46.7259,2.724,1.231,9.596*4D
$GNGST,021508.00,0.007,0.003,0.002,46.7259,2.724,1.231,9.596*4B
$GNGST,021508.10,0.008,0.003,0.002,46.8805,2.724,1.231,9.596*49
$GNGST,021508.20,0.008,0.003,0.002,46.6248,2.724,1.231,9.596*47
$GNGST,021508.30,0.008,0.003,0.002,46.2205,2.724,1.231,9.596*4B
$GNGST,021508.40,0.007,0.003,0.002,46.8137,2.724,1.231,9.596*4B
$GNGST,021508.50,0.007,0.003,0.002,46.8138,2.724,1.231,9.596*45
$GNGST,021508.60,0.007,0.003,0.002,47.0738,2.724,1.231,9.596*49
$GNGST,021508.70,0.007,0.003,0.002,46.8129,2.724,1.231,9.596*47
$GNGST,021508.80,0.008,0.003,0.002,46.9577,2.724,1.231,9.596*49
$GNGST,021508.90,0.007,0.003,0.002,46.7005,2.724,1.231,9.596*49
$GNGST,021509.00,0.007,0.003,0.002,46.7006,2.724,1.231,9.596*42
$GNGST,021509.10,0.007,0.003,0.002,46.7007,2.724,1.231,9.596*42
$GNGST,021509.20,0.007,0.003,0.002,46.7009,2.724,1.231,9.596*4F
$GNGST,021509.30,0.007,0.003,0.002,46.7010,2.724,1.231,9.596*46
$GNGST,021509.40,0.007,0.003,0.002,46.9605,2.724,1.231,9.596*4D
$GNGST,021509.50,0.008,0.003,0.002,46.4551,2.724,1.231,9.596*4C
$GNGST,021509.60,0.007,0.003,0.002,44.8929,2.724,1.231,9.596*4D
$GNGST,021509.70,0.007,0.003,0.002,44.8930,2.724,1.231,9.596*44
$GNGST,021509.80,0.007,0.003,0.002,46.7087,2.724,1.231,9.596*43
$GNGST,021509.90,0.007,0.003,0.002,46.7040,2.724,1.231,9.596*49
$GNGST,021510.00,0.008,0.003,0.002,46.5429,2.724,1.231,9.596*4E
$GNGST,021510.10,0.008,0.003,0.002,46.6437,2.724,1.231,9.596*43
$GNGST,021510.20,0.008,0.003,0.002,46.3917,2.724,1.231,9.596*4A
$GNGST,021510.30,0.008,0.003,0.002,46.3918,2.724,1.231,9.596*44
$GNGST,021510.40,0.008,0.003,0.002,46.3920,2.724,1.231,9.596*48
$GNGST,021510.50,0.008,0.003,0.002,45.6394,2.724,1.231,9.596*4A
$GNGST,021510.60,0.007,0.003,0.002,46.8108,2.724,1.231,9.596*4C
$GNGST,021510.70,0.007,0.003,0.002,48.0592,2.724,1.231,9.596*4C
$GNGST,021510.80,0.007,0.003,0.002,46.8111,2.724,1.231,9.596*4A
$GNGST,021510.90,0.008,0.003,0.002,46.9598,2.724,1.231,9.596*40
$GNGST,021511.00,0.007,0.003,0.002,46.8113,2.724,1.231,9.596*41
$GNGST,021511.10,0.008,0.003,0.002,47.6005,2.724,1.231,9.596*46
$GNGST,021511.20,0.008,0.003,0.002,47.6007,2.724,1.231,9.596*47
$GNGST,021511.30,0.008,0.003,0.002,47.5952,2.724,1.231,9.596*4C
$GNGST,021511.40,0.008,0.003,0.002,47.5954,2.724,1.231,9.596*4D
$GNGST,021511.50,0.008,0.003,0.002,47.5956,2.724,1.231,9.596*4E
$GNGST,021511.60,0.008,0.003,0.002,47.5959,2.724,1.231,9.596*42
$GNGST,021511.70,0.008,0.003,0.002,46.3899,2.724,1.231,9.596*49
$GNGST,021511.80,0.008,0.003,0.002,46.5475,2.724,1.231,9.596*4E
$GNGST,021511.90,0.008,0.003,0.002,46.7937,2.724,1.231,9.596*46
$GNGST,021512.00,0.008,0.003,0.002,46.5478,2.724,1.231,9.596*48
$GNGST,021512.10,0.008,0.003,0.002,46.5479,2.724,1.231,9.596*48
$GNGST,021512.20,0.008,0.003,0.002,46.5480,2.724,1.231,9.596*4D
$GNGST,021512.30,0.008,0.003,0.002,46.3971,2.724,1.231,9.596*49
$GNGST,021512.40,0.008,0.003,0.002,46.3972,2.724,1.231,9.596*4D
$GNGST,021512.50,0.007,0.003,0.002,46.8165,2.724,1.231,9.596*46
$GNGST,021512.60,0.008,0.003,0.002,48.7040,2.724,1.231,9.596*4D
$GNGST,021512.70,0.008,0.003,0.002,49.1661,2.724,1.231,9.596*4E
$GNGST,021512.80,0.007,0.003,0.002,46.8098,2.724,1.231,9.596*48
$GNGST,021512.90,0.007,0.003,0.002,46.8099,2.724,1.231,9.596*48
$GNGST,021513.00,0.007,0.003,0.002,46.8100,2.724,1.231,9.596*41
$GNGST,021513.10,0.007,0.003,0.002,46.8101,2.724,1.231,9.596*41
$GNGST,021513.20,0.007,0.003,0.002,46.8102,2.724,1.231,9.596*41
$GNGST,021513.30,0.007,0.003,0.002,46.8103,2.724,1.231,9.596*41
$GNGST,021513.40,0.007,0.003,0.002,46.8104,2.724,1.231,9.596*41
$GNGST,021513.50,0.007,0.003,0.002,48.1915,2.724,1.231,9.596*4F
$GNGST,021513.60,0.007,0.003,0.002,48.1917,2.724,1.231,9.596*4E
$GNGST,021513.70,0.008,0.003,0.002,48.3220,2.724,1.231,9.596*4D
$GNGST,021513.80,0.007,0.003,0.002,46.9282,2.724,1.231,9.596*41
$GNGST,021513.90,0.007,0.003,0.002,46.9283,2.724,1.231,9.596*41
$GNGST,021514.00,0.007,0.003,0.002,48.5690,2.724,1.231,9.596*4B
$GNGST,021514.10,0.007,0.003,0.002,48.4350,2.724,1.231,9.596*42
$GNGST,021514.20,0.007,0.003,0.002,48.4352,2.724,1.231,9.596*43
$GNGST,021514.30,0.007,0.003,0.002,48.5696,2.724,1.231,9.596*4E
$GNGST,021514.40,0.007,0.003,0.002,48.5698,2.724,1.231,9.596*47
$GNGST,021514.50,0.007,0.003,0.002,47.0388,2.724,1.231,9.596*48
$GNGST,021514.60,0.007,0.003,0.002,46.9750,2.724,1.231,9.596*42
$GNGST,021514.70,0.008,0.003,0.002,46.5077,2.724,1.231,9.596*42
$GNGST,021514.80,0.007,0.003,0.002,47.0391,2.724,1.231,9.596*4D
$GNGST,021514.90,0.007,0.003,0.002,46.9754,2.724,1.231,9.596*49
$GNGST,021515.00,0.008,0.003,0.002,46.4524,2.724,1.231,9.596*46
$GNGST,021515.10,0.008,0.003,0.002,46.6558,2.724,1.231,9.596*4E
$GNGST,021515.20,0.008,0.003,0.002,48.1566,2.724,1.231,9.596*49
$GNGST,021515.30,0.007,0.003,0.002,48.7610,2.724,1.231,9.596*43
$GNGST,021515.40,0.008,0.003,0.002,48.1570,2.724,1.231,9.596*48
$GNGST,021515.50,0.008,0.003,0.002,48.1572,2.724,1.231,9.596*4B
$GNGST,021515.60,0.008,0.003,0.002,48.1575,2.724,1.231,9.596*4F
$GNGST,021515.70,0.008,0.003,0.002,48.1577,2.724,1.231,9.596*4C
$GNGST,021515.80,0.008,0.003,0.002,47.6717,2.724,1.231,9.596*4F
$GNGST,021515.90,0.008,0.003,0.002,49.4347,2.724,1.231,9.596*43
$GNGST,021516.00,0.008,0.003,0.002,47.8535,2.724,1.231,9.596*48
$GNGST,021516.10,0.008,0.003,0.002,46.6600,2.724,1.231,9.596*43
$GNGST,021516.20,0.007,0.003,0.002,47.1879,2.724,1.231,9.596*49
$GNGST,021516.30,0.007,0.003,0.002,47.1815,2.724,1.231,9.596*42
$GNGST,021516.40,0.007,0.003,0.002,48.4364,2.724,1.231,9.596*42
$GNGST,021516.50,0.007,0.003,0.002,47.1226,2.724,1.231,9.596*4E
$GNGST,021516.60,0.007,0.003,0.002,47.1818,2.724,1.231,9.596*4A
$GNGST,021516.70,0.007,0.003,0.002,47.8623,2.724,1.231,9.596*44
$GNGST,021516.80,0.007,0.003,0.002,47.8625,2.724,1.231,9.596*4D
$GNGST,021516.90,0.007,0.003,0.002,48.5398,2.724,1.231,9.596*4D
$GNGST,021517.00,0.008,0.003,0.002,46.7585,2.724,1.231,9.596*4C
$GNGST,021517.10,0.008,0.003,0.002,47.4510,2.724,1.231,9.596*43
$GNGST,021517.20,0.008,0.003,0.002,47.2008,2.724,1.231,9.596*4A
$GNGST,021517.30,0.008,0.003,0.002,47.2010,2.724,1.231,9.596*42
$GNGST,021517.40,0.008,0.003,0.002,49.8361,2.724,1.231,9.596*44
$GNGST,021517.50,0.008,0.003,0.002,47.2012,2.724,1.231,9.596*46
$GNGST,021517.60,0.008,0.003,0.002,47.4516,2.724,1.231,9.596*42
$GNGST,021517.70,0.008,0.003,0.002,47.4517,2.724,1.231,9.596*42
$GNGST,021517.80,0.008,0.003,0.002,49.5865,2.724,1.231,9.596*4A
$GNGST,021517.90,0.008,0.003,0.002,47.2003,2.724,1.231,9.596*4A
$GNGST,021518.00,0.008,0.003,0.002,47.2004,2.724,1.231,9.596*4B
$GNGST,021518.10,0.008,0.003,0.002,47.2005,2.724,1.231,9.596*4B
$GNGST,021518.20,0.008,0.003,0.002,46.8705,2.724,1.231,9.596*44
$GNGST,021518.30,0.008,0.003,0.002,47.2008,2.724,1.231,9.596*44
$GNGST,021518.40,0.008,0.003,0.002,46.6279,2.724,1.231,9.596*42
$GNGST,021518.50,0.008,0.003,0.002,47.2010,2.724,1.231,9.596*4B
$GNGST,021518.60,0.007,0.003,0.002,47.6770,2.724,1.231,9.596*42
$GNGST,021518.70,0.007,0.003,0.002,47.9209,2.724,1.231,9.596*47
$GNGST,021518.80,0.007,0.003,0.002,47.6773,2.724,1.231,9.596*4F
$GNGST,021518.90,0.008,0.003,0.002,46.2883,2.724,1.231,9.596*44
$GNGST,021519.00,0.008,0.003,0.002,50.7812,2.724,1.231,9.596*46
$GNGST,021519.10,0.008,0.003,0.002,46.2705,2.724,1.231,9.596*4C
$GNGST,021519.20,0.008,0.003,0.002,50.7992,2.724,1.231,9.596*4D
$GNGST,021519.30,0.008,0.003,0.002,45.8490,2.724,1.231,9.596*48
$GNGST,021519.40,0.008,0.003,0.002,46.2805,2.724,1.231,9.596*46
$GNGST,021519.50,0.008,0.003,0.002,46.2805,2.724,1.231,9.596*47
$GNGST,021519.60,0.008,0.003,0.002,46.3773,2.724,1.231,9.596*4B
$GNGST,021519.70,0.008,0.003,0.002,46.2150,2.724,1.231,9.596*4C
$GNGST,021519.80,0.008,0.003,0.002,45.6936,2.724,1.231,9.596*4C
$GNGST,021519.90,0.008,0.003,0.002,46.1498,2.724,1.231,9.596*40
$GNGST,021520.00,0.007,0.003,0.002,47.0588,2.724,1.231,9.596*4C
$GNGST,021520.10,0.008,0.003,0.002,46.4940,2.724,1.231,9.596*4F
$GNGST,021520.20,0.007,0.003,0.002,47.1823,2.724,1.231,9.596*43
$GNGST,021520.30,0.007,0.003,0.002,47.1824,2.724,1.231,9.596*45
$GNGST,021520.40,0.008,0.003,0.002,46.3735,2.724,1.231,9.596*41
$GNGST,021520.50,0.007,0.003,0.002,47.3131,2.724,1.231,9.596*4C
$GNGST,021520.60,0.007,0.003,0.002,47.0612,2.724,1.231,9.596*4A
$GNGST,021520.70,0.007,0.003,0.002,46.9139,2.724,1.231,9.596*4D
$GNGST,021520.80,0.007,0.003,0.002,46.8481,2.724,1.231,9.596*45
$GNGST,021520.90,0.007,0.003,0.002,46.8482,2.724,1.231,9.596*47
$GNGST,021521.00,0.007,0.003,0.002,47.0616,2.724,1.231,9.596*49
$GNGST,021521.10,0.007,0.003,0.002,48.4455,2.724,1.231,9.596*46
$GNGST,021521.20,0.008,0.003,0.002,48.6340,2.724,1.231,9.596*4B
$GNGST,021521.30,0.007,0.003,0.002,48.1820,2.724,1.231,9.596*4F
$GNGST,021521.40,0.007,0.003,0.002,48.1822,2.724,1.231,9.596*4A
$GNGST,021521.50,0.007,0.003,0.002,48.1824,2.724,1.231,9.596*4D
$GNGST,021521.60,0.008,0.003,0.002,45.7082,2.724,1.231,9.596*4E
$GNGST,021521.70,0.008,0.003,0.002,45.7082,2.724,1.231,9.596*4F
$GNGST,021521.80,0.008,0.003,0.002,48.5894,2.724,1.231,9.596*40
$GNGST,021521.90,0.007,0.003,0.002,47.0415,2.724,1.231,9.596*41
$GNGST,021522.00,0.007,0.003,0.002,48.3152,2.724,1.231,9.596*41
$GNGST,021522.10,0.007,0.003,0.002,47.0417,2.724,1.231,9.596*48
$GNGST,021522.20,0.007,0.003,0.002,47.2955,2.724,1.231,9.596*42
$GNGST,021522.30,0.007,0.003,0.002,47.0362,2.724,1.231,9.596*4F
$GNGST,021522.40,0.007,0.003,0.002,47.0363,2.724,1.231,9.596*49
$GNGST,021522.50,0.007,0.003,0.002,47.0324,2.724,1.231,9.596*4B
$GNGST,021522.60,0.007,0.003,0.002,46.9743,2.724,1.231,9.596*45
$GNGST,021522.70,0.007,0.003,0.002,47.1223,2.724,1.231,9.596*4E
$GNGST,021522.80,0.007,0.003,0.002,46.9745,2.724,1.231,9.596*4D
$GNGST,021522.90,0.007,0.003,0.002,47.1226,2.724,1.231,9.596*45
$GNGST,021523.00,0.007,0.003,0.002,46.9747,2.724,1.231,9.596*46
$GNGST,021523.10,0.007,0.003,0.002,46.9748,2.724,1.231,9.596*48
$GNGST,021523.20,0.008,0.003,0.002,46.2753,2.724,1.231,9.596*45
$GNGST,021523.30,0.007,0.003,0.002,46.9751,2.724,1.231,9.596*42
$GNGST,021523.40,0.008,0.003,0.002,46.4319,2.724,1.231,9.596*4F
$GNGST,021523.50,0.008,0.003,0.002,46.2756,2.724,1.231,9.596*47
$GNGST,021523.60,0.008,0.003,0.002,46.2757,2.724,1.231,9.596*45
$GNGST,021523.70,0.008,0.003,0.002,46.2245,2.724,1.231,9.596*42
$GNGST,021523.80,0.007,0.003,0.002,46.9241,2.724,1.231,9.596*4D
$GNGST,021523.90,0.008,0.003,0.002,46.2230,2.724,1.231,9.596*4E
$GNGST,021524.00,0.008,0.003,0.002,46.1648,2.724,1.231,9.596*48
$GNGST,021524.10,0.008,0.003,0.002,46.2231,2.724,1.231,9.596*40
$GNGST,021524.20,0.008,0.003,0.002,46.1649,2.724,1.231,9.596*4B
$GNGST,021524.30,0.008,0.003,0.002,46.2233,2.724,1.231,9.596*40
$GNGST,021524.40,0.008,0.003,0.002,46.2234,2.724,1.231,9.596*40
$GNGST,021524.50,0.007,0.003,0.002,46.9279,2.724,1.231,9.596*4C
$GNGST,021524.60,0.007,0.003,0.002,46.9281,2.724,1.231,9.596*48
$GNGST,021524.70,0.007,0.003,0.002,47.0723,2.724,1.231,9.596*4C
$GNGST,021524.80,0.007,0.003,0.002,47.3238,2.724,1.231,9.596*4F
$GNGST,021524.90,0.007,0.003,0.002,47.1977,2.724,1.231,9.596*4C
$GNGST,021525.00,0.007,0.003,0.002,47.1978,2.724,1.231,9.596*4B
$GNGST,021525.10,0.007,0.003,0.002,46.9408,2.724,1.231,9.596*49
$GNGST,021525.20,0.007,0.003,0.002,47.1981,2.724,1.231,9.596*4F
$GNGST,021525.30,0.007,0.003,0.002,47.1982,2.724,1.231,9.596*4D
$GNGST,021525.40,0.007,0.003,0.002,46.9412,2.724,1.231,9.596*47
$GNGST,021525.50,0.008,0.003,0.002,46.7719,2.724,1.231,9.596*4F
$GNGST,021525.60,0.007,0.003,0.002,47.0713,2.724,1.231,9.596*4F
$GNGST,021525.70,0.007,0.003,0.002,47.3228,2.724,1.231,9.596*40
$GNGST,021525.80,0.007,0.003,0.002,47.3229,2.724,1.231,9.596*4E
$GNGST,021525.90,0.007,0.003,0.002,47.3231,2.724,1.231,9.596*46
$GNGST,021526.00,0.007,0.003,0.002,46.9399,2.724,1.231,9.596*44
$GNGST,021526.10,0.007,0.003,0.002,47.0718,2.724,1.231,9.596*40
$GNGST,021526.20,0.007,0.003,0.002,47.3234,2.724,1.231,9.596*4B
$GNGST,021526.30,0.008,0.003,0.002,46.1808,2.724,1.231,9.596*43
$GNGST,021526.40,0.008,0.003,0.002,46.5070,2.724,1.231,9.596*47
$GNGST,021526.50,0.008,0.003,0.002,46.2389,2.724,1.231,9.596*44
$GNGST,021526.60,0.008,0.003,0.002,46.2390,2.724,1.231,9.596*4F
$GNGST,021526.70,0.007,0.003,0.002,46.9378,2.724,1.231,9.596*4C
$GNGST,021526.80,0.008,0.003,0.002,46.5042,2.724,1.231,9.596*4A
$GNGST,021526.90,0.008,0.003,0.002,46.2361,2.724,1.231,9.596*4E
$GNGST,021527.00,0.008,0.003,0.002,46.2362,2.724,1.231,9.596*45
$GNGST,021527.10,0.008,0.003,0.002,45.8086,2.724,1.231,9.596*44
$GNGST,021527.20,0.008,0.003,0.002,46.6385,2.724,1.231,9.596*4A
$GNGST,021527.30,0.008,0.003,0.002,46.2365,2.724,1.231,9.596*41
$GNGST,021527.40,0.008,0.003,0.002,46.2237,2.724,1.231,9.596*40
$GNGST,021527.50,0.008,0.003,0.002,46.1654,2.724,1.231,9.596*43
$GNGST,021527.60,0.008,0.003,0.002,45.7961,2.724,1.231,9.596*4C
$GNGST,021527.70,0.007,0.003,0.002,47.0710,2.724,1.231,9.596*4F
$GNGST,021527.80,0.007,0.003,0.002,47.0711,2.724,1.231,9.596*41
$GNGST,021527.90,0.007,0.003,0.002,47.0712,2.724,1.231,9.596*43
$GNGST,021528.00,0.007,0.003,0.002,47.0713,2.724,1.231,9.596*44
$GNGST,021528.10,0.007,0.003,0.002,47.0714,2.724,1.231,9.596*42
$GNGST,021528.20,0.007,0.003,0.002,47.0715,2.724,1.231,9.596*40
$GNGST,021528.30,0.007,0.003,0.002,47.0768,2.724,1.231,9.596*4B
$GNGST,021528.40,0.007,0.003,0.002,47.0769,2.724,1.231,9.596*4D
$GNGST,021528.50,0.007,0.003,0.002,47.0770,2.724,1.231,9.596*44
$GNGST,021528.60,0.007,0.003,0.002,47.0772,2.724,1.231,9.596*45
$GNGST,021528.70,0.007,0.003,0.002,47.0773,2.724,1.231,9.596*45
$GNGST,021528.80,0.007,0.003,0.002,46.9178,2.724,1.231,9.596*4F
$GNGST,021528.90,0.007,0.003,0.002,46.8468,2.724,1.231,9.596*4B
$GNGST,021529.00,0.008,0.003,0.002,47.0053,2.724,1.231,9.596*49
$GNGST,021529.10,0.008,0.003,0.002,47.0055,2.724,1.231,9.596*4E
$GNGST,021529.20,0.008,0.003,0.002,47.2557,2.724,1.231,9.596*48
$GNGST,021529.30,0.008,0.003,0.002,47.0057,2.724,1.231,9.596*4E
$GNGST,021529.40,0.007,0.003,0.002,46.8474,2.724,1.231,9.596*4A
$GNGST,021529.50,0.008,0.003,0.002,47.0059,2.724,1.231,9.596*46
$GNGST,021529.60,0.008,0.003,0.002,47.0060,2.724,1.231,9.596*4F
$GNGST,021529.70,0.008,0.003,0.002,47.4574,2.724,1.231,9.596*4A
$GNGST,021529.80,0.007,0.003,0.002,46.7831,2.724,1.231,9.596*44
$GNGST,021529.90,0.008,0.003,0.002,49.6671,2.724,1.231,9.596*4E
$GNGST,021530.00,0.007,0.003,0.002,46.7833,2.724,1.231,9.596*46
$GNGST,021530.10,0.008,0.003,0.002,50.2089,2.724,1.231,9.596*43
$GNGST,021530.20,0.008,0.003,0.002,49.9233,2.724,1.231,9.596*40
$GNGST,021530.30,0.008,0.003,0.002,49.6798,2.724,1.231,9.596*4A
$GNGST,021530.40,0.008,0.003,0.002,49.6799,2.724,1.231,9.596*4C
$GNGST,021530.50,0.008,0.003,0.002,49.6053,2.724,1.231,9.596*4C
$GNGST,021530.60,0.007,0.003,0.002,46.7344,2.724,1.231,9.596*4B
$GNGST,021530.70,0.008,0.003,0.002,52.0953,2.724,1.231,9.596*4B
$GNGST,021530.80,0.008,0.003,0.002,49.8610,2.724,1.231,9.596*4E
$GNGST,021530.90,0.008,0.003,0.002,46.9521,2.724,1.231,9.596*40
$GNGST,021531.00,0.008,0.003,0.002,49.6780,2.724,1.231,9.596*41
$GNGST,021531.10,0.008,0.003,0.002,46.1960,2.724,1.231,9.596*48
$GNGST,021531.20,0.008,0.003,0.002,46.0388,2.724,1.231,9.596*46
$GNGST,021531.30,0.008,0.003,0.002,46.3069,2.724,1.231,9.596*48
$GNGST,021531.40,0.008,0.003,0.002,46.1013,2.724,1.231,9.596*40
$GNGST,021531.50,0.008,0.003,0.002,46.1963,2.724,1.231,9.596*4F
$GNGST,021531.60,0.008,0.003,0.002,46.4578,2.724,1.231,9.596*4F
$GNGST,021531.70,0.008,0.003,0.002,49.9253,2.724,1.231,9.596*42
$GNGST,021531.80,0.008,0.003,0.002,49.7359,2.724,1.231,9.596*48
$GNGST,021531.90,0.008,0.003,0.002,50.0676,2.724,1.231,9.596*4E
$GNGST,021532.00,0.008,0.003,0.002,46.2606,2.724,1.231,9.596*46
$GNGST,021532.10,0.008,0.003,0.002,50.3619,2.724,1.231,9.596*4F
$GNGST,021532.20,0.008,0.003,0.002,46.2608,2.724,1.231,9.596*4A
$GNGST,021532.30,0.008,0.003,0.002,46.4075,2.724,1.231,9.596*41
$GNGST,021532.40,0.008,0.003,0.002,46.4076,2.724,1.231,9.596*45
$GNGST,021532.50,0.008,0.003,0.002,46.5264,2.724,1.231,9.596*44
$GNGST,021532.60,0.008,0.003,0.002,46.2612,2.724,1.231,9.596*45
$GNGST,021532.70,0.008,0.003,0.002,46.4606,2.724,1.231,9.596*47
$GNGST,021532.80,0.007,0.003,0.002,47.7801,2.724,1.231,9.596*4C
$GNGST,021532.90,0.008,0.003,0.002,47.6926,2.724,1.231,9.596*47
$GNGST,021533.00,0.007,0.003,0.002,47.3306,2.724,1.231,9.596*4D
$GNGST,021533.10,0.008,0.003,0.002,37.8273,2.724,1.231,9.596*4C
$GNGST,021533.20,0.008,0.003,0.002,37.8274,2.724,1.231,9.596*48
$GNGST,021533.30,0.008,0.003,0.002,38.1162,2.724,1.231,9.596*4B
$GNGST,021533.40,0.008,0.003,0.002,37.8223,2.724,1.231,9.596*4C
$GNGST,021533.50,0.008,0.003,0.002,38.7476,2.724,1.231,9.596*4B
$GNGST,021533.60,0.007,0.003,0.002,47.9451,2.724,1.231,9.596*44
$GNGST,021533.70,0.008,0.003,0.002,48.6983,2.724,1.231,9.596*48
$GNGST,021533.80,0.008,0.003,0.002,48.4607,2.724,1.231,9.596*46
$GNGST,021533.90,0.008,0.003,0.002,48.7544,2.724,1.231,9.596*40
$GNGST,021534.00,0.008,0.003,0.002,48.4610,2.724,1.231,9.596*4F
$GNGST,021534.10,0.007,0.003,0.002,47.7038,2.724,1.231,9.596*41
$GNGST,021534.20,0.007,0.003,0.002,47.7039,2.724,1.231,9.596*43
$GNGST,021534.30,0.007,0.003,0.002,47.7041,2.724,1.231,9.596*4D
$GNGST,021534.40,0.007,0.003,0.002,47.7043,2.724,1.231,9.596*48
$GNGST,021534.50,0.007,0.003,0.002,47.7045,2.724,1.231,9.596*4F
$GNGST,021534.60,0.007,0.003,0.002,47.7047,2.724,1.231,9.596*4E
$GNGST,021534.70,0.007,0.003,0.002,47.7048,2.724,1.231,9.596*40
$GNGST,021534.80,0.007,0.003,0.002,47.7026,2.724,1.231,9.596*47
$GNGST,021534.90,0.008,0.003,0.002,36.7027,2.724,1.231,9.596*4E
$GNGST,021535.00,0.007,0.003,0.002,46.2920,2.724,1.231,9.596*45
$GNGST,021535.10,0.008,0.003,0.002,36.6436,2.724,1.231,9.596*42
$GNGST,021535.20,0.008,0.003,0.002,37.0148,2.724,1.231,9.596*4A
$GNGST,021535.30,0.008,0.003,0.002,46.7981,2.724,1.231,9.596*47
$GNGST,021535.40,0.007,0.003,0.002,47.6988,2.724,1.231,9.596*46
$GNGST,021535.50,0.008,0.003,0.002,47.0515,2.724,1.231,9.596*46
$GNGST,021535.60,0.008,0.003,0.002,46.7929,2.724,1.231,9.596*40
$GNGST,021535.70,0.007,0.003,0.002,47.6843,2.724,1.231,9.596*43
$GNGST,021535.80,0.007,0.003,0.002,47.8124,2.724,1.231,9.596*4A
$GNGST,021535.90,0.007,0.003,0.002,46.2724,2.724,1.231,9.596*46
$GNGST,021536.00,0.007,0.003,0.002,47.6848,2.724,1.231,9.596*4C
$GNGST,021536.10,0.008,0.003,0.002,46.5541,2.724,1.231,9.596*44
$GNGST,021536.20,0.007,0.003,0.002,46.2878,2.724,1.231,9.596*48
$GNGST,021536.30,0.007,0.003,0.002,46.2879,2.724,1.231,9.596*48
$GNGST,021536.40,0.007,0.003,0.002,46.2880,2.724,1.231,9.596*49
$GNGST,021536.50,0.008,0.003,0.002,46.0765,2.724,1.231,9.596*41
$GNGST,021536.60,0.007,0.003,0.002,46.2882,2.724,1.231,9.596*49
$GNGST,021536.70,0.008,0.003,0.002,46.2892,2.724,1.231,9.596*46
$GNGST,021536.80,0.008,0.003,0.002,46.1369,2.724,1.231,9.596*45
$GNGST,021536.90,0.007,0.003,0.002,47.1063,2.724,1.231,9.596*43
$GNGST,021537.00,0.007,0.003,0.002,47.1064,2.724,1.231,9.596*4C
$GNGST,021537.10,0.007,0.003,0.002,46.8504,2.724,1.231,9.596*46
$GNGST,021537.20,0.008,0.003,0.002,46.4089,2.724,1.231,9.596*46
$GNGST,021537.30,0.008,0.003,0.002,46.4213,2.724,1.231,9.596*46
$GNGST,021537.40,0.008,0.003,0.002,46.5546,2.724,1.231,9.596*47
$GNGST,021537.50,0.008,0.003,0.002,46.4215,2.724,1.231,9.596*46
$GNGST,021537.60,0.008,0.003,0.002,46.4216,2.724,1.231,9.596*46
$GNGST,021537.70,0.007,0.003,0.002,47.1189,2.724,1.231,9.596*49
$GNGST,021537.80,0.007,0.003,0.002,46.9142,2.724,1.231,9.596*48
$GNGST,021537.90,0.007,0.003,0.002,46.9144,2.724,1.231,9.596*4F
$GNGST,021538.00,0.007,0.003,0.002,47.2393,2.724,1.231,9.596*4B
$GNGST,021538.10,0.007,0.003,0.002,46.9849,2.724,1.231,9.596*4C
$GNGST,021538.20,0.007,0.003,0.002,46.9932,2.724,1.231,9.596*42
$GNGST,021538.30,0.007,0.003,0.002,46.9933,2.724,1.231,9.596*42
$GNGST,021538.40,0.007,0.003,0.002,47.2475,2.724,1.231,9.596*40
$GNGST,021538.50,0.007,0.003,0.002,47.2476,2.724,1.231,9.596*42
$GNGST,021538.60,0.007,0.003,0.002,46.9917,2.724,1.231,9.596*41
$GNGST,021538.70,0.007,0.003,0.002,46.9918,2.724,1.231,9.596*4F
$GNGST,021538.80,0.008,0.003,0.002,48.1862,2.724,1.231,9.596*45
$GNGST,021538.90,0.007,0.003,0.002,47.3158,2.724,1.231,9.596*46
$GNGST,021539.00,0.007,0.003,0.002,47.3159,2.724,1.231,9.596*4F
$GNGST,021539.10,0.007,0.003,0.002,47.3160,2.724,1.231,9.596*44
$GNGST,021539.20,0.007,0.003,0.002,47.3161,2.724,1.231,9.596*46
$GNGST,021539.30,0.008,0.003,0.002,48.1087,2.724,1.231,9.596*4C
$GNGST,021539.40,0.008,0.003,0.002,48.1088,2.724,1.231,9.596*44
$GNGST,021539.50,0.007,0.003,0.002,47.3164,2.724,1.231,9.596*44
$GNGST,021539.60,0.007,0.003,0.002,47.0617,2.724,1.231,9.596*47
$GNGST,021539.70,0.007,0.003,0.002,47.0618,2.724,1.231,9.596*49
$GNGST,021539.80,0.007,0.003,0.002,47.3128,2.724,1.231,9.596*41
$GNGST,021539.90,0.007,0.003,0.002,47.3129,2.724,1.231,9.596*41
$GNGST,021540.00,0.007,0.003,0.002,47.1976,2.724,1.231,9.596*46
$GNGST,021540.10,0.007,0.003,0.002,46.9415,2.724,1.231,9.596*46
$GNGST,021540.20,0.007,0.003,0.002,47.0623,2.724,1.231,9.596*4A
$GNGST,021540.30,0.007,0.003,0.002,47.0624,2.724,1.231,9.596*4C
$GNGST,021540.40,0.007,0.003,0.002,46.9196,2.724,1.231,9.596*4D
$GNGST,021540.50,0.007,0.003,0.002,46.9197,2.724,1.231,9.596*4D
$GNGST,021540.60,0.007,0.003,0.002,44.8990,2.724,1.231,9.596*42
$GNGST,021540.70,0.007,0.003,0.002,44.8991,2.724,1.231,9.596*42
$GNGST,021540.80,0.007,0.003,0.002,47.3412,2.724,1.231,9.596*43
$GNGST,021540.90,0.007,0.003,0.002,47.3413,2.724,1.231,9.596*43
$GNGST,021541.00,0.007,0.003,0.002,47.0852,2.724,1.231,9.596*41
$GNGST,021541.10,0.008,0.003,0.002,46.5580,2.724,1.231,9.596*49
$GNGST,021541.20,0.007,0.003,0.002,47.0765,2.724,1.231,9.596*48
$GNGST,021541.30,0.007,0.003,0.002,47.0766,2.724,1.231,9.596*4A
$GNGST,021541.40,0.008,0.003,0.002,46.5584,2.724,1.231,9.596*48
$GNGST,021541.50,0.007,0.003,0.002,47.0768,2.724,1.231,9.596*42
$GNGST,021541.60,0.007,0.003,0.002,47.0769,2.724,1.231,9.596*40
$GNGST,021541.70,0.007,0.003,0.002,46.9706,2.724,1.231,9.596*40
$GNGST,021541.80,0.007,0.003,0.002,46.9708,2.724,1.231,9.596*41
$GNGST,021541.90,0.007,0.003,0.002,46.9142,2.724,1.231,9.596*48
$GNGST,021542.00,0.007,0.003,0.002,46.9143,2.724,1.231,9.596*43
$GNGST,021542.10,0.007,0.003,0.002,46.9144,2.724,1.231,9.596*45
$GNGST,021542.20,0.007,0.003,0.002,46.9146,2.724,1.231,9.596*44
$GNGST,021542.30,0.007,0.003,0.002,46.9147,2.724,1.231,9.596*44
$GNGST,021542.40,0.007,0.003,0.002,46.9148,2.724,1.231,9.596*4C
$GNGST,021542.50,0.007,0.003,0.002,46.9092,2.724,1.231,9.596*4B
$GNGST,021542.60,0.007,0.003,0.002,46.9093,2.724,1.231,9.596*49
$GNGST,021542.70,0.007,0.003,0.002,46.8514,2.724,1.231,9.596*43
$GNGST,021542.80,0.007,0.003,0.002,47.1664,2.724,1.231,9.596*40
$GNGST,021542.90,0.007,0.003,0.002,47.1665,2.724,1.231,9.596*40
$GNGST,021543.00,0.007,0.003,0.002,46.9091,2.724,1.231,9.596*4C
$GNGST,021543.10,0.007,0.003,0.002,47.0663,2.724,1.231,9.596*4E
$GNGST,021543.20,0.007,0.003,0.002,47.0664,2.724,1.231,9.596*4A
$GNGST,021543.30,0.007,0.003,0.002,47.0665,2.724,1.231,9.596*4A
$GNGST,021543.40,0.007,0.003,0.002,46.8522,2.724,1.231,9.596*44
$GNGST,021543.50,0.007,0.003,0.002,46.9097,2.724,1.231,9.596*4F
$GNGST,021543.60,0.007,0.003,0.002,46.9098,2.724,1.231,9.596*43
$GNGST,021543.70,0.007,0.003,0.002,46.9099,2.724,1.231,9.596*43
$GNGST,021543.80,0.007,0.003,0.002,46.8509,2.724,1.231,9.596*41
$GNGST,021543.90,0.007,0.003,0.002,46.9084,2.724,1.231,9.596*41
$GNGST,021544.00,0.007,0.003,0.002,46.9085,2.724,1.231,9.596*4E
$GNGST,021544.10,0.007,0.003,0.002,46.9086,2.724,1.231,9.596*4C
$GNGST,021544.20,0.007,0.003,0.002,46.9087,2.724,1.231,9.596*4E
$GNGST,021544.30,0.007,0.003,0.002,47.1663,2.724,1.231,9.596*4A
$GNGST,021544.40,0.007,0.003,0.002,46.9090,2.724,1.231,9.596*4E
$GNGST,021544.50,0.007,0.003,0.002,46.9091,2.724,1.231,9.596*4E
$GNGST,021544.60,0.007,0.003,0.002,46.9092,2.724,1.231,9.596*4E
$GNGST,021544.70,0.007,0.003,0.002,47.1661,2.724,1.231,9.596*4C
$GNGST,021544.80,0.007,0.003,0.002,46.9088,2.724,1.231,9.596*4B
$GNGST,021544.90,0.007,0.003,0.002,47.3850,2.724,1.231,9.596*4C
$GNGST,021545.00,0.007,0.003,0.002,46.9292,2.724,1.231,9.596*4B
$GNGST,021545.10,0.007,0.003,0.002,47.1860,2.724,1.231,9.596*44
$GNGST,021545.20,0.007,0.003,0.002,47.1861,2.724,1.231,9.596*46
$GNGST,021545.30,0.007,0.003,0.002,47.3982,2.724,1.231,9.596*49
$GNGST,021545.40,0.007,0.003,0.002,47.1863,2.724,1.231,9.596*42
$GNGST,021545.50,0.007,0.003,0.002,46.8672,2.724,1.231,9.596*45
$GNGST,021545.60,0.007,0.003,0.002,46.9299,2.724,1.231,9.596*46
$GNGST,021545.70,0.007,0.003,0.002,47.1856,2.724,1.231,9.596*47
$GNGST,021545.80,0.007,0.003,0.002,46.9290,2.724,1.231,9.596*41
$GNGST,021545.90,0.008,0.003,0.002,51.8555,2.724,1.231,9.596*46
$GNGST,021546.00,0.008,0.003,0.002,55.1421,2.724,1.231,9.596*43
$GNGST,021546.10,0.008,0.003,0.002,52.1102,2.724,1.231,9.596*41
$GNGST,021546.20,0.008,0.003,0.002,52.1105,2.724,1.231,9.596*45
$GNGST,021546.30,0.008,0.003,0.002,52.2661,2.724,1.231,9.596*42
$GNGST,021546.40,0.007,0.003,0.002,47.2943,2.724,1.231,9.596*41
$GNGST,021546.50,0.007,0.003,0.002,47.2806,2.724,1.231,9.596*40
$GNGST,021546.60,0.007,0.003,0.002,47.2807,2.724,1.231,9.596*42
$GNGST,021546.70,0.008,0.003,0.002,48.8905,2.724,1.231,9.596*4A
$GNGST,021546.80,0.007,0.003,0.002,47.8752,2.724,1.231,9.596*49
$GNGST,021546.90,0.007,0.003,0.002,47.7398,2.724,1.231,9.596*45
$GNGST,021547.00,0.007,0.003,0.002,47.7399,2.724,1.231,9.596*4C
$GNGST,021547.10,0.007,0.003,0.002,47.7465,2.724,1.231,9.596*49
$GNGST,021547.20,0.007,0.003,0.002,47.8162,2.724,1.231,9.596*47
$GNGST,021547.30,0.007,0.003,0.002,48.0564,2.724,1.231,9.596*43
$GNGST,021547.40,0.007,0.003,0.002,47.7470,2.724,1.231,9.596*48
$GNGST,021547.50,0.007,0.003,0.002,47.8167,2.724,1.231,9.596*45
$GNGST,021547.60,0.007,0.003,0.002,47.8763,2.724,1.231,9.596*44
$GNGST,021547.70,0.007,0.003,0.002,47.8765,2.724,1.231,9.596*43
$GNGST,021547.80,0.007,0.003,0.002,47.8766,2.724,1.231,9.596*4F
$GNGST,021547.90,0.007,0.003,0.002,47.7313,2.724,1.231,9.596*47
$GNGST,021548.00,0.007,0.003,0.002,47.7315,2.724,1.231,9.596*47
$GNGST,021548.10,0.007,0.003,0.002,47.7316,2.724,1.231,9.596*45
$GNGST,021548.20,0.007,0.003,0.002,47.7318,2.724,1.231,9.596*48
$GNGST,021548.30,0.007,0.003,0.002,47.7319,2.724,1.231,9.596*48
$GNGST,021548.40,0.007,0.003,0.002,47.7321,2.724,1.231,9.596*44
$GNGST,021548.50,0.007,0.003,0.002,47.7310,2.724,1.231,9.596*47
$GNGST,021548.60,0.007,0.003,0.002,47.7312,2.724,1.231,9.596*46
$GNGST,021548.70,0.007,0.003,0.002,47.7314,2.724,1.231,9.596*41
$GNGST,021548.80,0.007,0.003,0.002,47.7315,2.724,1.231,9.596*4F
$GNGST,021548.90,0.007,0.003,0.002,47.7317,2.724,1.231,9.596*4C
$GNGST,021549.00,0.007,0.003,0.002,47.7318,2.724,1.231,9.596*4B
$GNGST,021549.10,0.007,0.003,0.002,47.7320,2.724,1.231,9.596*41
$GNGST,021549.20,0.007,0.003,0.002,47.0094,2.724,1.231,9.596*49
$GNGST,021549.30,0.007,0.003,0.002,47.0095,2.724,1.231,9.596*49
$GNGST,021549.40,0.007,0.003,0.002,47.4946,2.724,1.231,9.596*4D
$GNGST,021549.50,0.007,0.003,0.002,47.0186,2.724,1.231,9.596*4C
$GNGST,021549.60,0.007,0.003,0.002,47.0187,2.724,1.231,9.596*4E
$GNGST,021549.70,0.007,0.003,0.002,47.0189,2.724,1.231,9.596*41
$GNGST,021549.80,0.007,0.003,0.002,47.0175,2.724,1.231,9.596*4D
$GNGST,021549.90,0.007,0.003,0.002,48.3253,2.724,1.231,9.596*47
$GNGST,021550.00,0.007,0.003,0.002,47.0352,2.724,1.231,9.596*4A
$GNGST,021550.10,0.007,0.003,0.002,47.0353,2.724,1.231,9.596*4A
$GNGST,021550.20,0.007,0.003,0.002,46.9546,2.724,1.231,9.596*43
$GNGST,021550.30,0.007,0.003,0.002,46.9547,2.724,1.231,9.596*43
$GNGST,021550.40,0.007,0.003,0.002,46.9548,2.724,1.231,9.596*4B
$GNGST,021550.50,0.007,0.003,0.002,47.0268,2.724,1.231,9.596*47
$GNGST,021550.60,0.007,0.003,0.002,46.9550,2.724,1.231,9.596*40
$GNGST,021550.70,0.007,0.003,0.002,46.9551,2.724,1.231,9.596*40
$GNGST,021550.80,0.007,0.003,0.002,47.1809,2.724,1.231,9.596*46
$GNGST,021550.90,0.007,0.003,0.002,47.0267,2.724,1.231,9.596*44
$GNGST,021551.00,0.007,0.003,0.002,47.0268,2.724,1.231,9.596*43
$GNGST,021551.10,0.007,0.003,0.002,47.1812,2.724,1.231,9.596*44
$GNGST,021551.20,0.007,0.003,0.002,46.9550,2.724,1.231,9.596*45
$GNGST,021551.30,0.007,0.003,0.002,47.1814,2.724,1.231,9.596*40
$GNGST,021551.40,0.007,0.003,0.002,47.5134,2.724,1.231,9.596*48
$GNGST,021551.50,0.007,0.003,0.002,47.5135,2.724,1.231,9.596*48
$GNGST,021551.60,0.008,0.003,0.002,46.5249,2.724,1.231,9.596*4D
$GNGST,021551.70,0.007,0.003,0.002,47.0411,2.724,1.231,9.596*4C
$GNGST,021551.80,0.007,0.003,0.002,47.2991,2.724,1.231,9.596*44
$GNGST,021551.90,0.007,0.003,0.002,47.1153,2.724,1.231,9.596*40
$GNGST,021552.00,0.007,0.003,0.002,47.1814,2.724,1.231,9.596*40
$GNGST,021552.10,0.007,0.003,0.002,47.3762,2.724,1.231,9.596*4D
$GNGST,021552.20,0.007,0.003,0.002,47.3763,2.724,1.231,9.596*4F
$GNGST,021552.30,0.008,0.003,0.002,47.6318,2.724,1.231,9.596*4C
$GNGST,021552.40,0.008,0.003,0.002,47.6319,2.724,1.231,9.596*4A
$GNGST,021552.50,0.007,0.003,0.002,47.3766,2.724,1.231,9.596*4D
$GNGST,021552.60,0.007,0.003,0.002,47.5139,2.724,1.231,9.596*44
$GNGST,021552.70,0.007,0.003,0.002,47.5140,2.724,1.231,9.596*4B
$GNGST,021552.80,0.008,0.003,0.002,46.9777,2.724,1.231,9.596*44
$GNGST,021552.90,0.008,0.003,0.002,46.0047,2.724,1.231,9.596*48
$GNGST,021553.00,0.008,0.003,0.002,46.9263,2.724,1.231,9.596*4D
$GNGST,021553.10,0.008,0.003,0.002,47.8037,2.724,1.231,9.596*4F
$GNGST,021553.20,0.008,0.003,0.002,47.8129,2.724,1.231,9.596*42
$GNGST,021553.30,0.008,0.003,0.002,46.4298,2.724,1.231,9.596*47
$GNGST,021553.40,0.007,0.003,0.002,46.9826,2.724,1.231,9.596*4D
$GNGST,021553.50,0.007,0.003,0.002,47.3105,2.724,1.231,9.596*4F
$GNGST,021553.60,0.008,0.003,0.002,49.7207,2.724,1.231,9.596*48
$GNGST,021553.70,0.008,0.003,0.002,46.6697,2.724,1.231,9.596*4A
$GNGST,021553.80,0.007,0.003,0.002,47.0417,2.724,1.231,9.596*47
$GNGST,021553.90,0.007,0.003,0.002,47.0418,2.724,1.231,9.596*49
$GNGST,021554.00,0.007,0.003,0.002,47.0419,2.724,1.231,9.596*46
$GNGST,021554.10,0.007,0.003,0.002,47.0420,2.724,1.231,9.596*4D
$GNGST,021554.20,0.008,0.003,0.002,46.7766,2.724,1.231,9.596*46
$GNGST,021554.30,0.008,0.003,0.002,46.4088,2.724,1.231,9.596*43
$GNGST,021554.40,0.007,0.003,0.002,46.9119,2.724,1.231,9.596*4F
$GNGST,021554.50,0.007,0.003,0.002,46.9120,2.724,1.231,9.596*44
$GNGST,021554.60,0.008,0.003,0.002,46.4171,2.724,1.231,9.596*41
$GNGST,021554.70,0.007,0.003,0.002,46.9213,2.724,1.231,9.596*45
$GNGST,021554.80,0.007,0.003,0.002,44.9087,2.724,1.231,9.596*47
$GNGST,021554.90,0.008,0.003,0.002,47.5215,2.724,1.231,9.596*4F
$GNGST,021555.00,0.008,0.003,0.002,47.7656,2.724,1.231,9.596*46
$GNGST,021555.10,0.008,0.003,0.002,47.7657,2.724,1.231,9.596*46
$GNGST,021555.20,0.008,0.003,0.002,47.5217,2.724,1.231,9.596*47
$GNGST,021555.30,0.008,0.003,0.002,47.5218,2.724,1.231,9.596*49
$GNGST,021555.40,0.007,0.003,0.002,47.3826,2.724,1.231,9.596*40
$GNGST,021555.50,0.008,0.003,0.002,47.2990,2.724,1.231,9.596*43
$GNGST,021555.60,0.007,0.003,0.002,44.9129,2.724,1.231,9.596*4D
$GNGST,021555.70,0.007,0.003,0.002,44.9130,2.724,1.231,9.596*44
$GNGST,021555.80,0.007,0.003,0.002,46.8279,2.724,1.231,9.596*46
$GNGST,021555.90,0.008,0.003,0.002,50.6924,2.724,1.231,9.596*42
$GNGST,021556.00,0.007,0.003,0.002,46.8280,2.724,1.231,9.596*4B
$GNGST,021556.10,0.007,0.003,0.002,47.3848,2.724,1.231,9.596*4E
$GNGST,021556.20,0.007,0.003,0.002,47.3849,2.724,1.231,9.596*4C
$GNGST,021556.30,0.007,0.003,0.002,46.9117,2.724,1.231,9.596*44
$GNGST,021556.40,0.007,0.003,0.002,47.3851,2.724,1.231,9.596*43
$GNGST,021556.50,0.008,0.003,0.002,47.3014,2.724,1.231,9.596*44
$GNGST,021556.60,0.008,0.003,0.002,47.3015,2.724,1.231,9.596*46
$GNGST,021556.70,0.007,0.003,0.002,47.0688,2.724,1.231,9.596*49
$GNGST,021556.80,0.007,0.003,0.002,47.6350,2.724,1.231,9.596*40
$GNGST,021556.90,0.007,0.003,0.002,46.9231,2.724,1.231,9.596*49
$GNGST,021557.00,0.008,0.003,0.002,48.3929,2.724,1.231,9.596*48
$GNGST,021557.10,0.007,0.003,0.002,48.2113,2.724,1.231,9.596*46
$GNGST,021557.20,0.007,0.003,0.002,46.9234,2.724,1.231,9.596*46
$GNGST,021557.30,0.007,0.003,0.002,46.9235,2.724,1.231,9.596*46
$GNGST,021557.40,0.007,0.003,0.002,48.2118,2.724,1.231,9.596*48
$GNGST,021557.50,0.008,0.003,0.002,49.4994,2.724,1.231,9.596*4D
$GNGST,021557.60,0.007,0.003,0.002,46.9224,2.724,1.231,9.596*43
$GNGST,021557.70,0.007,0.003,0.002,46.9225,2.724,1.231,9.596*43
$GNGST,021557.80,0.007,0.003,0.002,46.9226,2.724,1.231,9.596*4F
$GNGST,021557.90,0.007,0.003,0.002,46.8276,2.724,1.231,9.596*4A
$GNGST,021558.00,0.007,0.003,0.002,47.1812,2.724,1.231,9.596*4C
$GNGST,021558.10,0.007,0.003,0.002,48.2114,2.724,1.231,9.596*4E
$GNGST,021558.20,0.008,0.003,0.002,48.3512,2.724,1.231,9.596*41
$GNGST,021558.30,0.007,0.003,0.002,48.2118,2.724,1.231,9.596*40
$GNGST,021558.40,0.007,0.003,0.002,48.2120,2.724,1.231,9.596*4C
$GNGST,021558.50,0.007,0.003,0.002,46.9233,2.724,1.231,9.596*49
$GNGST,021558.60,0.007,0.003,0.002,46.9234,2.724,1.231,9.596*4D
$GNGST,021558.70,0.008,0.003,0.002,46.8274,2.724,1.231,9.596*46
$GNGST,021558.80,0.008,0.003,0.002,46.4243,2.724,1.231,9.596*41
$GNGST,021558.90,0.008,0.003,0.002,46.6744,2.724,1.231,9.596*40
$GNGST,021559.00,0.008,0.003,0.002,46.8278,2.724,1.231,9.596*4C
$GNGST,021559.10,0.008,0.003,0.002,46.6087,2.724,1.231,9.596*41
$GNGST,021559.20,0.007,0.003,0.002,46.9440,2.724,1.231,9.596*4D
$GNGST,021559.30,0.008,0.003,0.002,46.4398,2.724,1.231,9.596*4C
$GNGST,021559.40,0.008,0.003,0.002,47.4544,2.724,1.231,9.596*4D
$GNGST,021559.50,0.008,0.003,0.002,46.6653,2.724,1.231,9.596*4A
$GNGST,021559.60,0.008,0.003,0.002,46.8195,2.724,1.231,9.596*4A
$GNGST,021559.70,0.008,0.003,0.002,46.6655,2.724,1.231,9.596*4E
$GNGST,021559.80,0.008,0.003,0.002,51.8922,2.724,1.231,9.596*46
$GNGST,021559.90,0.007,0.003,0.002,46.9167,2.724,1.231,9.596*46
$GNGST,021600.00,0.007,0.003,0.002,47.3255,2.724,1.231,9.596*49
$GNGST,021600.10,0.007,0.003,0.002,46.9169,2.724,1.231,9.596*4F
$GNGST,021600.20,0.007,0.003,0.002,46.9170,2.724,1.231,9.596*44
$GNGST,021600.30,0.007,0.003,0.002,46.9171,2.724,1.231,9.596*44
$GNGST,021600.40,0.007,0.003,0.002,48.2083,2.724,1.231,9.596*4A
$GNGST,021600.50,0.008,0.003,0.002,46.4147,2.724,1.231,9.596*45
$GNGST,021600.60,0.008,0.003,0.002,46.4148,2.724,1.231,9.596*49
$GNGST,021600.70,0.007,0.003,0.002,47.1747,2.724,1.231,9.596*4A
$GNGST,021600.80,0.008,0.003,0.002,46.6641,2.724,1.231,9.596*4B
$GNGST,021600.90,0.008,0.003,0.002,45.9440,2.724,1.231,9.596*45
$GNGST,021601.00,0.007,0.003,0.002,46.8083,2.724,1.231,9.596*4B
$GNGST,021601.10,0.007,0.003,0.002,47.0675,2.724,1.231,9.596*4C
$GNGST,021601.20,0.008,0.003,0.002,46.3694,2.724,1.231,9.596*4D
$GNGST,021601.30,0.007,0.003,0.002,48.3581,2.724,1.231,9.596*4A
$GNGST,021601.40,0.008,0.003,0.002,48.5290,2.724,1.231,9.596*43
$GNGST,021601.50,0.008,0.003,0.002,46.3511,2.724,1.231,9.596*44
$GNGST,021601.60,0.008,0.003,0.002,48.5292,2.724,1.231,9.596*43
$GNGST,021601.70,0.008,0.003,0.002,48.5293,2.724,1.231,9.596*43
$GNGST,021601.80,0.008,0.003,0.002,48.5294,2.724,1.231,9.596*4B
$GNGST,021601.90,0.008,0.003,0.002,48.2612,2.724,1.231,9.596*47
$GNGST,021602.00,0.007,0.003,0.002,46.7887,2.724,1.231,9.596*4B
$GNGST,021602.10,0.008,0.003,0.002,46.0776,2.724,1.231,9.596*43
$GNGST,021602.20,0.008,0.003,0.002,46.0776,2.724,1.231,9.596*40
$GNGST,021602.30,0.008,0.003,0.002,46.5303,2.724,1.231,9.596*42
$GNGST,021602.40,0.008,0.003,0.002,46.3491,2.724,1.231,9.596*4F
$GNGST,021602.50,0.008,0.003,0.002,46.8299,2.724,1.231,9.596*4B
$GNGST,021602.60,0.008,0.003,0.002,46.8301,2.724,1.231,9.596*48
$GNGST,021602.70,0.008,0.003,0.002,46.8302,2.724,1.231,9.596*4A
$GNGST,021602.80,0.008,0.003,0.002,46.2591,2.724,1.231,9.596*43
$GNGST,021602.90,0.008,0.003,0.002,45.9902,2.724,1.231,9.596*4C
$GNGST,021603.00,0.008,0.003,0.002,46.0692,2.724,1.231,9.596*48
$GNGST,021603.10,0.008,0.003,0.002,46.0693,2.724,1.231,9.596*48
$GNGST,021603.20,0.008,0.003,0.002,46.9607,2.724,1.231,9.596*4F
$GNGST,021603.30,0.008,0.003,0.002,45.9904,2.724,1.231,9.596*41
$GNGST,021603.40,0.008,0.003,0.002,46.8238,2.724,1.231,9.596*40
$GNGST,021603.50,0.008,0.003,0.002,45.9905,2.724,1.231,9.596*46
$GNGST,021603.60,0.008,0.003,0.002,45.9906,2.724,1.231,9.596*46
$GNGST,021603.70,0.007,0.003,0.002,47.6940,2.724,1.231,9.596*47
$GNGST,021603.80,0.007,0.003,0.002,47.4464,2.724,1.231,9.596*41
$GNGST,021603.90,0.007,0.003,0.002,47.6942,2.724,1.231,9.596*4B
$GNGST,021604.00,0.008,0.003,0.002,50.1114,2.724,1.231,9.596*40
$GNGST,021604.10,0.007,0.003,0.002,47.4468,2.724,1.231,9.596*43
$GNGST,021604.20,0.007,0.003,0.002,47.4470,2.724,1.231,9.596*49
$GNGST,021604.30,0.007,0.003,0.002,47.4829,2.724,1.231,9.596*48
$GNGST,021604.40,0.007,0.003,0.002,47.4831,2.724,1.231,9.596*46
$GNGST,021604.50,0.008,0.003,0.002,47.6864,2.724,1.231,9.596*4A
$GNGST,021604.60,0.008,0.003,0.002,50.1225,2.724,1.231,9.596*47
$GNGST,021604.70,0.008,0.003,0.002,49.5287,2.724,1.231,9.596*42
$GNGST,021604.80,0.008,0.003,0.002,49.5374,2.724,1.231,9.596*40
$GNGST,021604.90,0.007,0.003,0.002,47.4620,2.724,1.231,9.596*45
$GNGST,021605.00,0.008,0.003,0.002,46.9319,2.724,1.231,9.596*41
$GNGST,021605.10,0.007,0.003,0.002,47.4479,2.724,1.231,9.596*42
$GNGST,021605.20,0.008,0.003,0.002,46.9448,2.724,1.231,9.596*40
$GNGST,021605.30,0.007,0.003,0.002,47.4625,2.724,1.231,9.596*4B
$GNGST,021605.40,0.007,0.003,0.002,47.4626,2.724,1.231,9.596*4F
$GNGST,021605.50,0.008,0.003,0.002,46.9453,2.724,1.231,9.596*4D
$GNGST,021605.60,0.007,0.003,0.002,46.7038,2.724,1.231,9.596*46
$GNGST,021605.70,0.008,0.003,0.002,46.8901,2.724,1.231,9.596*44
$GNGST,021605.80,0.008,0.003,0.002,46.6592,2.724,1.231,9.596*43
$GNGST,021605.90,0.008,0.003,0.002,49.1337,2.724,1.231,9.596*43
$GNGST,021606.00,0.007,0.003,0.002,46.7231,2.724,1.231,9.596*48
$GNGST,021606.10,0.007,0.003,0.002,46.7232,2.724,1.231,9.596*4A
$GNGST,021606.20,0.008,0.003,0.002,49.3979,2.724,1.231,9.596*49
$GNGST,021606.30,0.007,0.003,0.002,46.7234,2.724,1.231,9.596*4E
$GNGST,021606.40,0.007,0.003,0.002,46.7234,2.724,1.231,9.596*49
$GNGST,021606.50,0.007,0.003,0.002,46.7235,2.724,1.231,9.596*49
$GNGST,021606.60,0.007,0.003,0.002,46.7236,2.724,1.231,9.596*49
$GNGST,021606.70,0.007,0.003,0.002,47.4778,2.724,1.231,9.596*45
$GNGST,021606.80,0.008,0.003,0.002,49.1463,2.724,1.231,9.596*47
$GNGST,021606.90,0.008,0.003,0.002,47.4456,2.724,1.231,9.596*4B
$GNGST,021607.00,0.008,0.003,0.002,46.0409,2.724,1.231,9.596*4C
$GNGST,021607.10,0.008,0.003,0.002,47.2107,2.724,1.231,9.596*45
$GNGST,021607.20,0.008,0.003,0.002,46.0627,2.724,1.231,9.596*40
$GNGST,021607.30,0.008,0.003,0.002,47.3578,2.724,1.231,9.596*4A
$GNGST,021607.40,0.008,0.003,0.002,47.2109,2.724,1.231,9.596*4E
$GNGST,021607.50,0.008,0.003,0.002,47.1936,2.724,1.231,9.596*48
$GNGST,021607.60,0.008,0.003,0.002,47.2074,2.724,1.231,9.596*47
$GNGST,021607.70,0.007,0.003,0.002,46.7369,2.724,1.231,9.596*42
$GNGST,021607.80,0.008,0.003,0.002,47.2750,2.724,1.231,9.596*48
$GNGST,021607.90,0.008,0.003,0.002,47.2751,2.724,1.231,9.596*48
$GNGST,021608.00,0.008,0.003,0.002,47.2752,2.724,1.231,9.596*4D
$GNGST,021608.10,0.008,0.003,0.002,47.2753,2.724,1.231,9.596*4D
$GNGST,021608.20,0.008,0.003,0.002,47.2754,2.724,1.231,9.596*49
$GNGST,021608.30,0.008,0.003,0.002,47.2754,2.724,1.231,9.596*48
$GNGST,021608.40,0.008,0.003,0.002,46.9023,2.724,1.231,9.596*42
$GNGST,021608.50,0.008,0.003,0.002,47.2071,2.724,1.231,9.596*4E
$GNGST,021608.60,0.008,0.003,0.002,47.2757,2.724,1.231,9.596*4E
$GNGST,021608.70,0.008,0.003,0.002,47.2758,2.724,1.231,9.596*40
$GNGST,021608.80,0.007,0.003,0.002,46.8050,2.724,1.231,9.596*44
$GNGST,021608.90,0.007,0.003,0.002,46.8050,2.724,1.231,9.596*45
$GNGST,021609.00,0.007,0.003,0.002,46.8051,2.724,1.231,9.596*4C
$GNGST,021609.10,0.007,0.003,0.002,46.8052,2.724,1.231,9.596*4E
$GNGST,021609.20,0.008,0.003,0.002,46.0931,2.724,1.231,9.596*46
$GNGST,021609.30,0.008,0.003,0.002,46.2481,2.724,1.231,9.596*43
$GNGST,021609.40,0.008,0.003,0.002,46.1063,2.724,1.231,9.596*4F
$GNGST,021609.50,0.008,0.003,0.002,46.1064,2.724,1.231,9.596*49
$GNGST,021609.60,0.008,0.003,0.002,46.0368,2.724,1.231,9.596*44
$GNGST,021609.70,0.008,0.003,0.002,46.2554,2.724,1.231,9.596*4E
$GNGST,021609.80,0.007,0.003,0.002,46.8120,2.724,1.231,9.596*43
$GNGST,021609.90,0.007,0.003,0.002,46.8121,2.724,1.231,9.596*43
$GNGST,021610.00,0.007,0.003,0.002,47.0703,2.724,1.231,9.596*4D
$GNGST,021610.10,0.008,0.003,0.002,46.0998,2.724,1.231,9.596*4E
$GNGST,021610.20,0.008,0.003,0.002,46.0999,2.724,1.231,9.596*4C
$GNGST,021610.30,0.008,0.003,0.002,46.5171,2.724,1.231,9.596*46
$GNGST,021610.40,0.008,0.003,0.002,46.1000,2.724,1.231,9.596*42
$GNGST,021610.50,0.008,0.003,0.002,46.2543,2.724,1.231,9.596*42
$GNGST,021610.60,0.007,0.003,0.002,44.9288,2.724,1.231,9.596*47
$GNGST,021610.70,0.008,0.003,0.002,46.2528,2.724,1.231,9.596*4D
$GNGST,021610.80,0.008,0.003,0.002,47.1408,2.724,1.231,9.596*43
$GNGST,021610.90,0.008,0.003,0.002,46.9571,2.724,1.231,9.596*44
$GNGST,021611.00,0.008,0.003,0.002,46.2529,2.724,1.231,9.596*4A
$GNGST,021611.10,0.007,0.003,0.002,46.8116,2.724,1.231,9.596*46
$GNGST,021611.20,0.008,0.003,0.002,48.0067,2.724,1.231,9.596*4B
$GNGST,021611.30,0.007,0.003,0.002,46.8117,2.724,1.231,9.596*45
$GNGST,021611.40,0.007,0.003,0.002,46.8118,2.724,1.231,9.596*4D
$GNGST,021611.50,0.007,0.003,0.002,46.7970,2.724,1.231,9.596*45
$GNGST,021611.60,0.007,0.003,0.002,44.9287,2.724,1.231,9.596*49
$GNGST,021611.70,0.007,0.003,0.002,46.7193,2.724,1.231,9.596*42
$GNGST,021611.80,0.007,0.003,0.002,48.0886,2.724,1.231,9.596*49
$GNGST,021611.90,0.008,0.003,0.002,48.0200,2.724,1.231,9.596*43
$GNGST,021612.00,0.008,0.003,0.002,48.4271,2.724,1.231,9.596*4B
$GNGST,021612.10,0.008,0.003,0.002,47.0021,2.724,1.231,9.596*46
$GNGST,021612.20,0.008,0.003,0.002,48.5848,2.724,1.231,9.596*48
$GNGST,021612.30,0.008,0.003,0.002,48.5849,2.724,1.231,9.596*48
$GNGST,021612.40,0.007,0.003,0.002,45.2127,2.724,1.231,9.596*4B
$GNGST,021612.50,0.007,0.003,0.002,45.2128,2.724,1.231,9.596*45
$GNGST,021612.60,0.007,0.003,0.002,45.2129,2.724,1.231,9.596*47
$GNGST,021612.70,0.008,0.003,0.002,47.2452,2.724,1.231,9.596*42
$GNGST,021612.80,0.008,0.003,0.002,46.9923,2.724,1.231,9.596*4C
$GNGST,021612.90,0.007,0.003,0.002,46.8298,2.724,1.231,9.596*48
$GNGST,021613.00,0.008,0.003,0.002,46.3440,2.724,1.231,9.596*47
$GNGST,021613.10,0.008,0.003,0.002,46.3442,2.724,1.231,9.596*44
$GNGST,021613.20,0.008,0.003,0.002,46.3443,2.724,1.231,9.596*46
$GNGST,021613.30,0.007,0.003,0.002,46.8302,2.724,1.231,9.596*41
$GNGST,021613.40,0.008,0.003,0.002,49.7137,2.724,1.231,9.596*4D
$GNGST,021613.50,0.007,0.003,0.002,44.7667,2.724,1.231,9.596*4C
$GNGST,021613.60,0.007,0.003,0.002,46.8305,2.724,1.231,9.596*43
$GNGST,021613.70,0.007,0.003,0.002,46.8305,2.724,1.231,9.596*42
$GNGST,021613.80,0.007,0.003,0.002,46.8306,2.724,1.231,9.596*4E
$GNGST,021613.90,0.007,0.003,0.002,46.8959,2.724,1.231,9.596*4F
$GNGST,021614.00,0.007,0.003,0.002,46.8960,2.724,1.231,9.596*4B
$GNGST,021614.10,0.007,0.003,0.002,46.8960,2.724,1.231,9.596*4A
$GNGST,021614.20,0.007,0.003,0.002,46.8961,2.724,1.231,9.596*48
$GNGST,021614.30,0.007,0.003,0.002,47.1544,2.724,1.231,9.596*4A
$GNGST,021614.40,0.007,0.003,0.002,47.1545,2.724,1.231,9.596*4C
$GNGST,021614.50,0.007,0.003,0.002,46.8283,2.724,1.231,9.596*48
$GNGST,021614.60,0.007,0.003,0.002,46.8954,2.724,1.231,9.596*4A
$GNGST,021614.70,0.008,0.003,0.002,47.2320,2.724,1.231,9.596*46
$GNGST,021614.80,0.007,0.003,0.002,46.8956,2.724,1.231,9.596*46
$GNGST,021614.90,0.007,0.003,0.002,46.8957,2.724,1.231,9.596*46
$GNGST,021615.00,0.007,0.003,0.002,46.8958,2.724,1.231,9.596*41
$GNGST,021615.10,0.007,0.003,0.002,46.8959,2.724,1.231,9.596*41
$GNGST,021615.20,0.007,0.003,0.002,46.8960,2.724,1.231,9.596*48
$GNGST,021615.30,0.007,0.003,0.002,46.8960,2.724,1.231,9.596*49
$GNGST,021615.40,0.007,0.003,0.002,46.8961,2.724,1.231,9.596*4F
$GNGST,021615.50,0.007,0.003,0.002,48.1972,2.724,1.231,9.596*4B
$GNGST,021615.60,0.007,0.003,0.002,48.1974,2.724,1.231,9.596*4E
$GNGST,021615.70,0.008,0.003,0.002,48.1374,2.724,1.231,9.596*4A
$GNGST,021615.80,0.008,0.003,0.002,48.3985,2.724,1.231,9.596*43
$GNGST,021615.90,0.007,0.003,0.002,47.0875,2.724,1.231,9.596*4F
$GNGST,021616.00,0.008,0.003,0.002,53.7145,2.724,1.231,9.596*42
$GNGST,021616.10,0.008,0.003,0.002,53.7148,2.724,1.231,9.596*4E
$GNGST,021616.20,0.008,0.003,0.002,51.8471,2.724,1.231,9.596*4F
$GNGST,021616.30,0.008,0.003,0.002,48.3994,2.724,1.231,9.596*4B
$GNGST,021616.40,0.007,0.003,0.002,47.0880,2.724,1.231,9.596*4B
$GNGST,021616.50,0.007,0.003,0.002,46.8282,2.724,1.231,9.596*4B
$GNGST,021616.60,0.008,0.003,0.002,51.8480,2.724,1.231,9.596*45
$GNGST,021616.70,0.007,0.003,0.002,46.8284,2.724,1.231,9.596*4F
$GNGST,021616.80,0.007,0.003,0.002,46.8285,2.724,1.231,9.596*41
$GNGST,021616.90,0.008,0.003,0.002,46.9909,2.724,1.231,9.596*41
$GNGST,021617.00,0.007,0.003,0.002,46.8269,2.724,1.231,9.596*4A
$GNGST,021617.10,0.007,0.003,0.002,47.0843,2.724,1.231,9.596*40
$GNGST,021617.20,0.007,0.003,0.002,46.8087,2.724,1.231,9.596*4A
$GNGST,021617.30,0.007,0.003,0.002,47.0845,2.724,1.231,9.596*44
$GNGST,021617.40,0.007,0.003,0.002,46.8244,2.724,1.231,9.596*41
$GNGST,021617.50,0.008,0.003,0.002,49.9423,2.724,1.231,9.596*46
$GNGST,021617.60,0.008,0.003,0.002,49.9556,2.724,1.231,9.596*46
$GNGST,021617.70,0.008,0.003,0.002,47.6504,2.724,1.231,9.596*41
$GNGST,021617.80,0.008,0.003,0.002,47.0040,2.724,1.231,9.596*4D
$GNGST,021617.90,0.007,0.003,0.002,47.5670,2.724,1.231,9.596*43
$GNGST,021618.00,0.007,0.003,0.002,47.5672,2.724,1.231,9.596*47
$GNGST,021618.10,0.008,0.003,0.002,47.0237,2.724,1.231,9.596*49
$GNGST,021618.20,0.008,0.003,0.002,48.2809,2.724,1.231,9.596*40
$GNGST,021618.30,0.007,0.003,0.002,47.5536,2.724,1.231,9.596*47
$GNGST,021618.40,0.008,0.003,0.002,48.9882,2.724,1.231,9.596*4E
$GNGST,021618.50,0.008,0.003,0.002,47.7051,2.724,1.231,9.596*48
$GNGST,021618.60,0.008,0.003,0.002,47.7035,2.724,1.231,9.596*49
$GNGST,021618.70,0.008,0.003,0.002,47.9766,2.724,1.231,9.596*47
$GNGST,021618.80,0.008,0.003,0.002,47.9768,2.724,1.231,9.596*46
$GNGST,021618.90,0.008,0.003,0.002,47.9430,2.724,1.231,9.596*49
$GNGST,021619.00,0.008,0.003,0.002,47.7040,2.724,1.231,9.596*4C
$GNGST,021619.10,0.007,0.003,0.002,47.7809,2.724,1.231,9.596*47
$GNGST,021619.20,0.007,0.003,0.002,47.7810,2.724,1.231,9.596*4C
$GNGST,021619.30,0.007,0.003,0.002,47.5728,2.724,1.231,9.596*4B
$GNGST,021619.40,0.008,0.003,0.002,49.7376,2.724,1.231,9.596*40
$GNGST,021619.50,0.007,0.003,0.002,47.5731,2.724,1.231,9.596*45
$GNGST,021619.60,0.007,0.003,0.002,47.5732,2.724,1.231,9.596*45
$GNGST,021619.70,0.008,0.003,0.002,47.7049,2.724,1.231,9.596*42
$GNGST,021619.80,0.007,0.003,0.002,47.8402,2.724,1.231,9.596*46
$GNGST,021619.90,0.007,0.003,0.002,47.5948,2.724,1.231,9.596*49
$GNGST,021620.00,0.007,0.003,0.002,47.8405,2.724,1.231,9.596*43
$GNGST,021620.10,0.007,0.003,0.002,47.5951,2.724,1.231,9.596*43
$GNGST,021620.20,0.007,0.003,0.002,47.5952,2.724,1.231,9.596*43
$GNGST,021620.30,0.008,0.003,0.002,49.5698,2.724,1.231,9.596*4A
$GNGST,021620.40,0.008,0.003,0.002,49.4512,2.724,1.231,9.596*4D
$GNGST,021620.50,0.007,0.003,0.002,47.5956,2.724,1.231,9.596*40
$GNGST,021620.60,0.007,0.003,0.002,47.5958,2.724,1.231,9.596*4D
$GNGST,021620.70,0.007,0.003,0.002,47.5944,2.724,1.231,9.596*41
$GNGST,021620.80,0.008,0.003,0.002,51.5061,2.724,1.231,9.596*48
$GNGST,021620.90,0.007,0.003,0.002,47.6015,2.724,1.231,9.596*41
$GNGST,021621.00,0.008,0.003,0.002,52.5406,2.724,1.231,9.596*47
$GNGST,021621.10,0.007,0.003,0.002,47.6018,2.724,1.231,9.596*45
$GNGST,021621.20,0.008,0.003,0.002,52.2033,2.724,1.231,9.596*40
$GNGST,021621.30,0.008,0.003,0.002,52.3024,2.724,1.231,9.596*46
$GNGST,021621.40,0.008,0.003,0.002,52.2648,2.724,1.231,9.596*4C
$GNGST,021621.50,0.007,0.003,0.002,47.3340,2.724,1.231,9.596*4A
$GNGST,021621.60,0.008,0.003,0.002,52.2485,2.724,1.231,9.596*4D
$GNGST,021621.70,0.007,0.003,0.002,46.7253,2.724,1.231,9.596*4E
$GNGST,021621.80,0.007,0.003,0.002,46.7254,2.724,1.231,9.596*46
$GNGST,021621.90,0.007,0.003,0.002,46.6486,2.724,1.231,9.596*4F
$GNGST,021622.00,0.008,0.003,0.002,47.5604,2.724,1.231,9.596*40
$GNGST,021622.10,0.007,0.003,0.002,46.6488,2.724,1.231,9.596*4A
$GNGST,021622.20,0.007,0.003,0.002,46.9869,2.724,1.231,9.596*45
$GNGST,021622.30,0.007,0.003,0.002,46.9870,2.724,1.231,9.596*4C
$GNGST,021622.40,0.008,0.003,0.002,47.4801,2.724,1.231,9.596*4E
$GNGST,021622.50,0.007,0.003,0.002,46.6491,2.724,1.231,9.596*46
$GNGST,021622.60,0.008,0.003,0.002,52.4972,2.724,1.231,9.596*4D
$GNGST,021622.70,0.008,0.003,0.002,47.4803,2.724,1.231,9.596*4F
$GNGST,021622.80,0.008,0.003,0.002,47.6421,2.724,1.231,9.596*4E
$GNGST,021622.90,0.007,0.003,0.002,46.9257,2.724,1.231,9.596*49
$GNGST,021623.00,0.007,0.003,0.002,46.9258,2.724,1.231,9.596*4E
$GNGST,021623.10,0.007,0.003,0.002,46.9259,2.724,1.231,9.596*4E
$GNGST,021623.20,0.007,0.003,0.002,46.9260,2.724,1.231,9.596*47
$GNGST,021623.30,0.007,0.003,0.002,46.9261,2.724,1.231,9.596*47
$GNGST,021623.40,0.007,0.003,0.002,46.9262,2.724,1.231,9.596*43
$GNGST,021623.50,0.008,0.003,0.002,46.8572,2.724,1.231,9.596*4A
$GNGST,021623.60,0.007,0.003,0.002,46.9263,2.724,1.231,9.596*40
$GNGST,021623.70,0.007,0.003,0.002,46.9264,2.724,1.231,9.596*46
$GNGST,021623.80,0.007,0.003,0.002,46.7470,2.724,1.231,9.596*44
$GNGST,021623.90,0.007,0.003,0.002,46.7471,2.724,1.231,9.596*44
$GNGST,021624.00,0.007,0.003,0.002,47.0073,2.724,1.231,9.596*4A
$GNGST,021624.10,0.007,0.003,0.002,46.7473,2.724,1.231,9.596*49
$GNGST,021624.20,0.007,0.003,0.002,46.7474,2.724,1.231,9.596*4D
$GNGST,021624.30,0.007,0.003,0.002,46.6714,2.724,1.231,9.596*48
$GNGST,021624.40,0.008,0.003,0.002,46.8566,2.724,1.231,9.596*49
$GNGST,021624.50,0.008,0.003,0.002,46.9653,2.724,1.231,9.596*4C
$GNGST,021624.60,0.008,0.003,0.002,46.8533,2.724,1.231,9.596*4B
$GNGST,021624.70,0.008,0.003,0.002,46.1291,2.724,1.231,9.596*4C
$GNGST,021624.80,0.007,0.003,0.002,46.6683,2.724,1.231,9.596*4C
$GNGST,021624.90,0.008,0.003,0.002,45.9328,2.724,1.231,9.596*4A
$GNGST,021625.00,0.008,0.003,0.002,46.1293,2.724,1.231,9.596*48
$GNGST,021625.10,0.008,0.003,0.002,45.9329,2.724,1.231,9.596*42
$GNGST,021625.20,0.008,0.003,0.002,45.9123,2.724,1.231,9.596*49
$GNGST,021625.30,0.008,0.003,0.002,46.0231,2.724,1.231,9.596*42
$GNGST,021625.40,0.008,0.003,0.002,46.1614,2.724,1.231,9.596*47
$GNGST,021625.50,0.008,0.003,0.002,46.8553,2.724,1.231,9.596*4F
$GNGST,021625.60,0.008,0.003,0.002,46.0232,2.724,1.231,9.596*44
$GNGST,021625.70,0.007,0.003,0.002,44.9236,2.724,1.231,9.596*45
$GNGST,021625.80,0.007,0.003,0.002,44.9238,2.724,1.231,9.596*44
$GNGST,021625.90,0.008,0.003,0.002,46.9519,2.724,1.231,9.596*4C
$GNGST,021626.00,0.007,0.003,0.002,46.7525,2.724,1.231,9.596*48
$GNGST,021626.10,0.008,0.003,0.002,46.8731,2.724,1.231,9.596*4E
$GNGST,021626.20,0.008,0.003,0.002,46.8732,2.724,1.231,9.596*4E
$GNGST,021626.30,0.008,0.003,0.002,46.4066,2.724,1.231,9.596*45
$GNGST,021626.40,0.008,0.003,0.002,46.4067,2.724,1.231,9.596*43
$GNGST,021626.50,0.008,0.003,0.002,46.8734,2.724,1.231,9.596*4F
$GNGST,021626.60,0.007,0.003,0.002,44.9232,2.724,1.231,9.596*43
$GNGST,021626.70,0.007,0.003,0.002,44.9233,2.724,1.231,9.596*43
$GNGST,021626.80,0.008,0.003,0.002,47.1330,2.724,1.231,9.596*4A
$GNGST,021626.90,0.008,0.003,0.002,46.8150,2.724,1.231,9.596*47
$GNGST,021627.00,0.007,0.003,0.002,46.5303,2.724,1.231,9.596*49
$GNGST,021627.10,0.007,0.003,0.002,46.6093,2.724,1.231,9.596*41
$GNGST,021627.20,0.007,0.003,0.002,46.6094,2.724,1.231,9.596*45
$GNGST,021627.30,0.008,0.003,0.002,46.8153,2.724,1.231,9.596*4F
$GNGST,021627.40,0.008,0.003,0.002,47.4412,2.724,1.231,9.596*45
$GNGST,021627.50,0.008,0.003,0.002,46.8273,2.724,1.231,9.596*48
$GNGST,021627.60,0.008,0.003,0.002,46.8156,2.724,1.231,9.596*4F
$GNGST,021627.70,0.008,0.003,0.002,46.8090,2.724,1.231,9.596*45
$GNGST,021627.80,0.007,0.003,0.002,46.6031,2.724,1.231,9.596*40
$GNGST,021627.90,0.008,0.003,0.002,46.8092,2.724,1.231,9.596*49
$GNGST,021628.00,0.008,0.003,0.002,49.0335,2.724,1.231,9.596*46
$GNGST,021628.10,0.007,0.003,0.002,46.8651,2.724,1.231,9.596*48
$GNGST,021628.20,0.007,0.003,0.002,46.6035,2.724,1.231,9.596*41
$GNGST,021628.30,0.007,0.003,0.002,46.7979,2.724,1.231,9.596*40
$GNGST,021628.40,0.007,0.003,0.002,46.5958,2.724,1.231,9.596*46
$GNGST,021628.50,0.008,0.003,0.002,46.0809,2.724,1.231,9.596*48
$GNGST,021628.60,0.007,0.003,0.002,46.7898,2.724,1.231,9.596*4B
$GNGST,021628.70,0.007,0.003,0.002,47.0523,2.724,1.231,9.596*41
$GNGST,021628.80,0.008,0.003,0.002,49.0282,2.724,1.231,9.596*43
$GNGST,021628.90,0.008,0.003,0.002,49.2334,2.724,1.231,9.596*4C
$GNGST,021629.00,0.008,0.003,0.002,46.7199,2.724,1.231,9.596*4B
$GNGST,021629.10,0.008,0.003,0.002,48.9733,2.724,1.231,9.596*4C
$GNGST,021629.20,0.008,0.003,0.002,46.7201,2.724,1.231,9.596*4B
$GNGST,021629.30,0.008,0.003,0.002,49.9285,2.724,1.231,9.596*47
$GNGST,021629.40,0.008,0.003,0.002,49.1871,2.724,1.231,9.596*49
$GNGST,021629.50,0.008,0.003,0.002,46.9348,2.724,1.231,9.596*4E
$GNGST,021629.60,0.008,0.003,0.002,46.9349,2.724,1.231,9.596*4C
$GNGST,021629.70,0.008,0.003,0.002,47.0000,2.724,1.231,9.596*4B
$GNGST,021629.80,0.008,0.003,0.002,49.4628,2.724,1.231,9.596*42
$GNGST,021629.90,0.008,0.003,0.002,47.3043,2.724,1.231,9.596*41
$GNGST,021630.00,0.008,0.003,0.002,47.1510,2.724,1.231,9.596*41
$GNGST,021630.10,0.008,0.003,0.002,47.1510,2.724,1.231,9.596*40
$GNGST,021630.20,0.008,0.003,0.002,46.7154,2.724,1.231,9.596*40
$GNGST,021630.30,0.008,0.003,0.002,46.7155,2.724,1.231,9.596*40
$GNGST,021630.40,0.008,0.003,0.002,46.7156,2.724,1.231,9.596*44
$GNGST,021630.50,0.008,0.003,0.002,46.7157,2.724,1.231,9.596*44
$GNGST,021630.60,0.008,0.003,0.002,46.7157,2.724,1.231,9.596*47
$GNGST,021630.70,0.008,0.003,0.002,47.2128,2.724,1.231,9.596*4A
$GNGST,021630.80,0.008,0.003,0.002,46.6513,2.724,1.231,9.596*4C
$GNGST,021630.90,0.008,0.003,0.002,46.9134,2.724,1.231,9.596*43
$GNGST,021631.00,0.008,0.003,0.002,46.6496,2.724,1.231,9.596*49
$GNGST,021631.10,0.008,0.003,0.002,46.6497,2.724,1.231,9.596*49
$GNGST,021631.20,0.008,0.003,0.002,46.6498,2.724,1.231,9.596*45
$GNGST,021631.30,0.008,0.003,0.002,46.6499,2.724,1.231,9.596*45
$GNGST,021631.40,0.008,0.003,0.002,46.9138,2.724,1.231,9.596*43
$GNGST,021631.50,0.008,0.003,0.002,46.6501,2.724,1.231,9.596*43
$GNGST,021631.60,0.008,0.003,0.002,46.6501,2.724,1.231,9.596*40
$GNGST,021631.70,0.008,0.003,0.002,46.6502,2.724,1.231,9.596*42
$GNGST,021631.80,0.008,0.003,0.002,46.6520,2.724,1.231,9.596*4D
$GNGST,021631.90,0.008,0.003,0.002,46.7167,2.724,1.231,9.596*4A
$GNGST,021632.00,0.008,0.003,0.002,47.0438,2.724,1.231,9.596*49
$GNGST,021632.10,0.008,0.003,0.002,47.1749,2.724,1.231,9.596*4C
$GNGST,021632.20,0.008,0.003,0.002,48.3047,2.724,1.231,9.596*4B
$GNGST,021632.30,0.008,0.003,0.002,46.9161,2.724,1.231,9.596*4B
$GNGST,021632.40,0.008,0.003,0.002,46.6277,2.724,1.231,9.596*47
$GNGST,021632.50,0.008,0.003,0.002,48.2916,2.724,1.231,9.596*40
$GNGST,021632.60,0.008,0.003,0.002,46.6279,2.724,1.231,9.596*4B
$GNGST,021632.70,0.007,0.003,0.002,46.6913,2.724,1.231,9.596*42
$GNGST,021632.80,0.007,0.003,0.002,46.6914,2.724,1.231,9.596*4A
$GNGST,021632.90,0.008,0.003,0.002,46.6261,2.724,1.231,9.596*4D
$GNGST,021633.00,0.007,0.003,0.002,46.6916,2.724,1.231,9.596*41
$GNGST,021633.10,0.008,0.003,0.002,47.5088,2.724,1.231,9.596*43
$GNGST,021633.20,0.008,0.003,0.002,46.5434,2.724,1.231,9.596*42
$GNGST,021633.30,0.008,0.003,0.002,45.8889,2.724,1.231,9.596*47
$GNGST,021633.40,0.008,0.003,0.002,47.4404,2.724,1.231,9.596*47
$GNGST,021633.50,0.008,0.003,0.002,46.4036,2.724,1.231,9.596*42
$GNGST,021633.60,0.008,0.003,0.002,47.3571,2.724,1.231,9.596*41
$GNGST,021633.70,0.008,0.003,0.002,47.1011,2.724,1.231,9.596*41
$GNGST,021633.80,0.008,0.003,0.002,47.2917,2.724,1.231,9.596*42
$GNGST,021633.90,0.007,0.003,0.002,47.4360,2.724,1.231,9.596*40
$GNGST,021634.00,0.008,0.003,0.002,47.3762,2.724,1.231,9.596*40
$GNGST,021634.10,0.007,0.003,0.002,47.4363,2.724,1.231,9.596*4C
$GNGST,021634.20,0.008,0.003,0.002,48.3665,2.724,1.231,9.596*4B
$GNGST,021634.30,0.008,0.003,0.002,47.9047,2.724,1.231,9.596*49
$GNGST,021634.40,0.008,0.003,0.002,48.0819,2.724,1.231,9.596*4B
$GNGST,021634.50,0.007,0.003,0.002,47.8093,2.724,1.231,9.596*48
$GNGST,021634.60,0.007,0.003,0.002,47.4402,2.724,1.231,9.596*4B
$GNGST,021634.70,0.007,0.003,0.002,47.4403,2.724,1.231,9.596*4B
$GNGST,021634.80,0.007,0.003,0.002,47.4405,2.724,1.231,9.596*42
$GNGST,021634.90,0.007,0.003,0.002,47.4406,2.724,1.231,9.596*40
$GNGST,021635.00,0.007,0.003,0.002,47.4408,2.724,1.231,9.596*46
$GNGST,021635.10,0.008,0.003,0.002,46.9566,2.724,1.231,9.596*4D
$GNGST,021635.20,0.008,0.003,0.002,49.4279,2.724,1.231,9.596*45
$GNGST,021635.30,0.007,0.003,0.002,47.4412,2.724,1.231,9.596*4E
$GNGST,021635.40,0.008,0.003,0.002,47.1833,2.724,1.231,9.596*4C
$GNGST,021635.50,0.008,0.003,0.002,47.6245,2.724,1.231,9.596*41
$GNGST,021635.60,0.008,0.003,0.002,47.9089,2.724,1.231,9.596*4F
$GNGST,021635.70,0.007,0.003,0.002,47.4466,2.724,1.231,9.596*49
$GNGST,021635.80,0.007,0.003,0.002,47.4468,2.724,1.231,9.596*48
$GNGST,021635.90,0.007,0.003,0.002,47.4469,2.724,1.231,9.596*48
$GNGST,021636.00,0.008,0.003,0.002,46.2040,2.724,1.231,9.596*45
$GNGST,021636.10,0.007,0.003,0.002,47.4472,2.724,1.231,9.596*49
$GNGST,021636.20,0.008,0.003,0.002,46.8773,2.724,1.231,9.596*4A
$GNGST,021636.30,0.008,0.003,0.002,47.8361,2.724,1.231,9.596*4D
$GNGST,021636.40,0.007,0.003,0.002,47.4476,2.724,1.231,9.596*48
$GNGST,021636.50,0.007,0.003,0.002,47.4477,2.724,1.231,9.596*48
$GNGST,021636.60,0.008,0.003,0.002,46.2604,2.724,1.231,9.596*45
$GNGST,021636.70,0.007,0.003,0.002,47.4480,2.724,1.231,9.596*42
$GNGST,021636.80,0.007,0.003,0.002,47.4482,2.724,1.231,9.596*4F
$GNGST,021636.90,0.008,0.003,0.002,47.4318,2.724,1.231,9.596*45
$GNGST,021637.00,0.008,0.003,0.002,46.5369,2.724,1.231,9.596*4B
$GNGST,021637.10,0.008,0.003,0.002,46.5370,2.724,1.231,9.596*42
$GNGST,021637.20,0.008,0.003,0.002,46.5371,2.724,1.231,9.596*40
$GNGST,021637.30,0.008,0.003,0.002,46.8024,2.724,1.231,9.596*4F
$GNGST,021637.40,0.008,0.003,0.002,45.7992,2.724,1.231,9.596*40
$GNGST,021637.50,0.008,0.003,0.002,46.8817,2.724,1.231,9.596*41
$GNGST,021637.60,0.008,0.003,0.002,46.6654,2.724,1.231,9.596*45
$GNGST,021637.70,0.008,0.003,0.002,46.6654,2.724,1.231,9.596*44
$GNGST,021637.80,0.008,0.003,0.002,47.3488,2.724,1.231,9.596*4C
$GNGST,021637.90,0.008,0.003,0.002,46.5358,2.724,1.231,9.596*40
$GNGST,021638.00,0.008,0.003,0.002,46.7579,2.724,1.231,9.596*41
$GNGST,021638.10,0.008,0.003,0.002,46.5612,2.724,1.231,9.596*4C
$GNGST,021638.20,0.008,0.003,0.002,46.7741,2.724,1.231,9.596*4A
$GNGST,021638.30,0.008,0.003,0.002,46.5614,2.724,1.231,9.596*48
$GNGST,021638.40,0.008,0.003,0.002,47.0143,2.724,1.231,9.596*4E
$GNGST,021638.50,0.008,0.003,0.002,46.8396,2.724,1.231,9.596*4C
$GNGST,021638.60,0.008,0.003,0.002,47.0936,2.724,1.231,9.596*46
$GNGST,021638.70,0.008,0.003,0.002,46.9671,2.724,1.231,9.596*43
$GNGST,021638.80,0.008,0.003,0.002,46.8399,2.724,1.231,9.596*4E
$GNGST,021638.90,0.008,0.003,0.002,46.7579,2.724,1.231,9.596*48
$GNGST,021639.00,0.008,0.003,0.002,47.6082,2.724,1.231,9.596*41
$GNGST,021639.10,0.008,0.003,0.002,47.5216,2.724,1.231,9.596*4C
$GNGST,021639.20,0.008,0.003,0.002,46.8872,2.724,1.231,9.596*4B
$GNGST,021639.30,0.008,0.003,0.002,46.9182,2.724,1.231,9.596*4D
$GNGST,021639.40,0.008,0.003,0.002,48.0562,2.724,1.231,9.596*47
$GNGST,021639.50,0.008,0.003,0.002,47.1717,2.724,1.231,9.596*48
$GNGST,021639.60,0.008,0.003,0.002,47.1717,2.724,1.231,9.596*4B
$GNGST,021639.70,0.008,0.003,0.002,46.9185,2.724,1.231,9.596*4E
$GNGST,021639.80,0.008,0.003,0.002,46.6430,2.724,1.231,9.596*45
$GNGST,021639.90,0.008,0.003,0.002,48.7976,2.724,1.231,9.596*44
$GNGST,021640.00,0.008,0.003,0.002,46.5602,2.724,1.231,9.596*43
$GNGST,021640.10,0.008,0.003,0.002,46.5603,2.724,1.231,9.596*43
$GNGST,021640.20,0.008,0.003,0.002,46.6408,2.724,1.231,9.596*4A
$GNGST,021640.30,0.008,0.003,0.002,46.5605,2.724,1.231,9.596*47
$GNGST,021640.40,0.008,0.003,0.002,46.5606,2.724,1.231,9.596*43
$GNGST,021640.50,0.008,0.003,0.002,46.5606,2.724,1.231,9.596*42
$GNGST,021640.60,0.008,0.003,0.002,47.0320,2.724,1.231,9.596*44
$GNGST,021640.70,0.008,0.003,0.002,47.5256,2.724,1.231,9.596*40
$GNGST,021640.80,0.008,0.003,0.002,46.6399,2.724,1.231,9.596*4F
$GNGST,021640.90,0.008,0.003,0.002,46.7487,2.724,1.231,9.596*47
$GNGST,021641.00,0.008,0.003,0.002,48.6853,2.724,1.231,9.596*45
$GNGST,021641.10,0.008,0.003,0.002,48.3966,2.724,1.231,9.596*46
$GNGST,021641.20,0.008,0.003,0.002,48.1399,2.724,1.231,9.596*4D
$GNGST,021641.30,0.008,0.003,0.002,48.9325,2.724,1.231,9.596*43
$GNGST,021641.40,0.008,0.003,0.002,47.3449,2.724,1.231,9.596*4C
$GNGST,021641.50,0.008,0.003,0.002,48.5665,2.724,1.231,9.596*48
$GNGST,021641.60,0.007,0.003,0.002,44.4320,2.724,1.231,9.596*4D
$GNGST,021641.70,0.008,0.003,0.002,46.6684,2.724,1.231,9.596*48
$GNGST,021641.80,0.008,0.003,0.002,45.7331,2.724,1.231,9.596*4E
$GNGST,021641.90,0.008,0.003,0.002,45.7331,2.724,1.231,9.596*4F
$GNGST,021642.00,0.008,0.003,0.002,45.7331,2.724,1.231,9.596*45
$GNGST,021642.10,0.008,0.003,0.002,46.7492,2.724,1.231,9.596*49
$GNGST,021642.20,0.008,0.003,0.002,47.0106,2.724,1.231,9.596*44
$GNGST,021642.30,0.008,0.003,0.002,46.7593,2.724,1.231,9.596*4B
$GNGST,021642.40,0.008,0.003,0.002,45.7452,2.724,1.231,9.596*43
$GNGST,021642.50,0.008,0.003,0.002,45.7452,2.724,1.231,9.596*42
$GNGST,021642.60,0.008,0.003,0.002,46.7579,2.724,1.231,9.596*4A
$GNGST,021642.70,0.008,0.003,0.002,46.8016,2.724,1.231,9.596*48
$GNGST,021642.80,0.008,0.003,0.002,46.8907,2.724,1.231,9.596*4E
$GNGST,021642.90,0.008,0.003,0.002,46.5367,2.724,1.231,9.596*4E
$GNGST,021643.00,0.008,0.003,0.002,46.5368,2.724,1.231,9.596*49
$GNGST,021643.10,0.008,0.003,0.002,47.1223,2.724,1.231,9.596*43
$GNGST,021643.20,0.008,0.003,0.002,46.8606,2.724,1.231,9.596*4B
$GNGST,021643.30,0.008,0.003,0.002,46.5370,2.724,1.231,9.596*43
$GNGST,021643.40,0.008,0.003,0.002,46.8022,2.724,1.231,9.596*4D
$GNGST,021643.50,0.008,0.003,0.002,46.8022,2.724,1.231,9.596*4C
$GNGST,021643.60,0.008,0.003,0.002,46.8023,2.724,1.231,9.596*4E
$GNGST,021643.70,0.007,0.003,0.002,44.4357,2.724,1.231,9.596*4E
$GNGST,021643.80,0.008,0.003,0.002,47.0934,2.724,1.231,9.596*46
$GNGST,021643.90,0.008,0.003,0.002,46.8905,2.724,1.231,9.596*4C
$GNGST,021644.00,0.008,0.003,0.002,46.6279,2.724,1.231,9.596*4C
$GNGST,021644.10,0.008,0.003,0.002,46.8906,2.724,1.231,9.596*40
$GNGST,021644.20,0.008,0.003,0.002,46.6281,2.724,1.231,9.596*49
$GNGST,021644.30,0.008,0.003,0.002,46.6281,2.724,1.231,9.596*48
$GNGST,021644.40,0.008,0.003,0.002,46.8311,2.724,1.231,9.596*49
$GNGST,021644.50,0.007,0.003,0.002,47.3951,2.724,1.231,9.596*43
$GNGST,021644.60,0.008,0.003,0.002,46.8814,2.724,1.231,9.596*45
$GNGST,021644.70,0.008,0.003,0.002,45.5945,2.724,1.231,9.596*4F
$GNGST,021644.80,0.008,0.003,0.002,46.9047,2.724,1.231,9.596*44
$GNGST,021644.90,0.008,0.003,0.002,46.6429,2.724,1.231,9.596*46
$GNGST,021645.00,0.008,0.003,0.002,46.6430,2.724,1.231,9.596*46
$GNGST,021645.10,0.008,0.003,0.002,46.8317,2.724,1.231,9.596*4B
$GNGST,021645.20,0.008,0.003,0.002,47.0857,2.724,1.231,9.596*4E
$GNGST,021645.30,0.008,0.003,0.002,46.6432,2.724,1.231,9.596*47
$GNGST,021645.40,0.008,0.003,0.002,46.8319,2.724,1.231,9.596*40
$GNGST,021645.50,0.008,0.003,0.002,46.6434,2.724,1.231,9.596*47
$GNGST,021645.60,0.008,0.003,0.002,46.6435,2.724,1.231,9.596*45
$GNGST,021645.70,0.008,0.003,0.002,46.3874,2.724,1.231,9.596*48
$GNGST,021645.80,0.008,0.003,0.002,47.9756,2.724,1.231,9.596*43
$GNGST,021645.90,0.008,0.003,0.002,46.6424,2.724,1.231,9.596*4A
$GNGST,021646.00,0.008,0.003,0.002,46.9043,2.724,1.231,9.596*4A
$GNGST,021646.10,0.008,0.003,0.002,46.8260,2.724,1.231,9.596*49
$GNGST,021646.20,0.008,0.003,0.002,46.9045,2.724,1.231,9.596*4E
$GNGST,021646.30,0.008,0.003,0.002,47.4279,2.724,1.231,9.596*4E
$GNGST,021646.40,0.008,0.003,0.002,48.2415,2.724,1.231,9.596*4C
$GNGST,021646.50,0.008,0.003,0.002,46.8802,2.724,1.231,9.596*43
$GNGST,021646.60,0.008,0.003,0.002,46.8900,2.724,1.231,9.596*43
$GNGST,021646.70,0.008,0.003,0.002,48.2251,2.724,1.231,9.596*49
$GNGST,021646.80,0.008,0.003,0.002,47.4002,2.724,1.231,9.596*4B
$GNGST,021646.90,0.008,0.003,0.002,47.0690,2.724,1.231,9.596*43
$GNGST,021647.00,0.008,0.003,0.002,47.0691,2.724,1.231,9.596*4A
$GNGST,021647.10,0.008,0.003,0.002,47.0692,2.724,1.231,9.596*48
$GNGST,021647.20,0.008,0.003,0.002,47.1152,2.724,1.231,9.596*41
$GNGST,021647.30,0.008,0.003,0.002,47.0190,2.724,1.231,9.596*4F
$GNGST,021647.40,0.008,0.003,0.002,47.1153,2.724,1.231,9.596*46
$GNGST,021647.50,0.008,0.003,0.002,47.2408,2.724,1.231,9.596*4F
$GNGST,021647.60,0.008,0.003,0.002,47.2408,2.724,1.231,9.596*4C
$GNGST,021647.70,0.008,0.003,0.002,46.6446,2.724,1.231,9.596*42
$GNGST,021647.80,0.008,0.003,0.002,47.2964,2.724,1.231,9.596*45
$GNGST,021647.90,0.008,0.003,0.002,47.2965,2.724,1.231,9.596*45
$GNGST,021648.00,0.008,0.003,0.002,47.4178,2.724,1.231,9.596*41
$GNGST,021648.10,0.008,0.003,0.002,47.2968,2.724,1.231,9.596*4F
$GNGST,021648.20,0.008,0.003,0.002,47.2969,2.724,1.231,9.596*4D
$GNGST,021648.30,0.008,0.003,0.002,47.5005,2.724,1.231,9.596*48
$GNGST,021648.40,0.008,0.003,0.002,47.3803,2.724,1.231,9.596*47
$GNGST,021648.50,0.008,0.003,0.002,46.7974,2.724,1.231,9.596*42
$GNGST,021648.60,0.008,0.003,0.002,47.3805,2.724,1.231,9.596*43
$GNGST,021648.70,0.008,0.003,0.002,46.7126,2.724,1.231,9.596*4F
$GNGST,021648.80,0.008,0.003,0.002,46.7959,2.724,1.231,9.596*40
$GNGST,021648.90,0.008,0.003,0.002,46.6661,2.724,1.231,9.596*44
$GNGST,021649.00,0.008,0.003,0.002,46.5803,2.724,1.231,9.596*45
$GNGST,021649.10,0.008,0.003,0.002,46.5804,2.724,1.231,9.596*43
$GNGST,021649.20,0.008,0.003,0.002,48.0085,2.724,1.231,9.596*4A
$GNGST,021649.30,0.008,0.003,0.002,48.9085,2.724,1.231,9.596*42
$GNGST,021649.40,0.008,0.003,0.002,46.6571,2.724,1.231,9.596*4A
$GNGST,021649.50,0.008,0.003,0.002,46.6809,2.724,1.231,9.596*49
$GNGST,021649.60,0.008,0.003,0.002,46.6810,2.724,1.231,9.596*42
$GNGST,021649.70,0.008,0.003,0.002,46.8109,2.724,1.231,9.596*4C
$GNGST,021649.80,0.008,0.003,0.002,46.6812,2.724,1.231,9.596*4E
$GNGST,021649.90,0.008,0.003,0.002,46.6813,2.724,1.231,9.596*4E
$GNGST,021650.00,0.008,0.003,0.002,46.5763,2.724,1.231,9.596*44
$GNGST,021650.10,0.008,0.003,0.002,46.5764,2.724,1.231,9.596*42
$GNGST,021650.20,0.008,0.003,0.002,46.5739,2.724,1.231,9.596*49
$GNGST,021650.30,0.008,0.003,0.002,46.5740,2.724,1.231,9.596*46
$GNGST,021650.40,0.008,0.003,0.002,46.5741,2.724,1.231,9.596*40
$GNGST,021650.50,0.008,0.003,0.002,46.8003,2.724,1.231,9.596*4D
$GNGST,021650.60,0.008,0.003,0.002,46.5743,2.724,1.231,9.596*40
$GNGST,021650.70,0.008,0.003,0.002,47.5449,2.724,1.231,9.596*49
$GNGST,021650.80,0.008,0.003,0.002,47.2936,2.724,1.231,9.596*44
$GNGST,021650.90,0.008,0.003,0.002,47.2937,2.724,1.231,9.596*44
$GNGST,021651.00,0.008,0.003,0.002,47.2939,2.724,1.231,9.596*42
$GNGST,021651.10,0.008,0.003,0.002,47.2940,2.724,1.231,9.596*4D
$GNGST,021651.20,0.008,0.003,0.002,47.2941,2.724,1.231,9.596*4F
$GNGST,021651.30,0.008,0.003,0.002,46.5013,2.724,1.231,9.596*46
$GNGST,021651.40,0.008,0.003,0.002,46.5860,2.724,1.231,9.596*4D
$GNGST,021651.50,0.008,0.003,0.002,46.8347,2.724,1.231,9.596*4F
$GNGST,021651.60,0.008,0.003,0.002,46.8348,2.724,1.231,9.596*43
$GNGST,021651.70,0.007,0.003,0.002,47.4413,2.724,1.231,9.596*49
$GNGST,021651.80,0.008,0.003,0.002,47.1514,2.724,1.231,9.596*4A
$GNGST,021651.90,0.008,0.003,0.002,47.1515,2.724,1.231,9.596*4A
$GNGST,021652.00,0.008,0.003,0.002,46.8506,2.724,1.231,9.596*4A
$GNGST,021652.10,0.008,0.003,0.002,46.8983,2.724,1.231,9.596*4A
$GNGST,021652.20,0.008,0.003,0.002,46.9452,2.724,1.231,9.596*49
$GNGST,021652.30,0.008,0.003,0.002,47.0889,2.724,1.231,9.596*4A
$GNGST,021652.40,0.008,0.003,0.002,47.3452,2.724,1.231,9.596*44
$GNGST,021652.50,0.008,0.003,0.002,47.5874,2.724,1.231,9.596*4B
$GNGST,021652.60,0.008,0.003,0.002,47.5295,2.724,1.231,9.596*4D
$GNGST,021652.70,0.008,0.003,0.002,47.2956,2.724,1.231,9.596*4F
$GNGST,021652.80,0.008,0.003,0.002,46.6321,2.724,1.231,9.596*4F
$GNGST,021652.90,0.008,0.003,0.002,47.5424,2.724,1.231,9.596*4E
$GNGST,021653.00,0.008,0.003,0.002,46.8472,2.724,1.231,9.596*49
$GNGST,021653.10,0.008,0.003,0.002,47.3601,2.724,1.231,9.596*44
$GNGST,021653.20,0.008,0.003,0.002,47.1050,2.724,1.231,9.596*47
$GNGST,021653.30,0.008,0.003,0.002,47.2960,2.724,1.231,9.596*4F
$GNGST,021653.40,0.008,0.003,0.002,47.2948,2.724,1.231,9.596*42
$GNGST,021653.50,0.008,0.003,0.002,47.2949,2.724,1.231,9.596*42
$GNGST,021653.60,0.008,0.003,0.002,47.3442,2.724,1.231,9.596*46
$GNGST,021653.70,0.008,0.003,0.002,46.6300,2.724,1.231,9.596*42
$GNGST,021653.80,0.008,0.003,0.002,47.4828,2.724,1.231,9.596*4F
$GNGST,021653.90,0.008,0.003,0.002,47.5269,2.724,1.231,9.596*40
$GNGST,021654.00,0.008,0.003,0.002,48.1694,2.724,1.231,9.596*43
$GNGST,021654.10,0.008,0.003,0.002,47.0875,2.724,1.231,9.596*4D
$GNGST,021654.20,0.008,0.003,0.002,47.2801,2.724,1.231,9.596*4F
$GNGST,021654.30,0.008,0.003,0.002,47.0877,2.724,1.231,9.596*4D
$GNGST,021654.40,0.008,0.003,0.002,47.0877,2.724,1.231,9.596*4A
$GNGST,021654.50,0.008,0.003,0.002,48.0286,2.724,1.231,9.596*40
$GNGST,021654.60,0.008,0.003,0.002,48.0520,2.724,1.231,9.596*48
$GNGST,021654.70,0.007,0.003,0.002,44.2694,2.724,1.231,9.596*44
$GNGST,021654.80,0.008,0.003,0.002,46.7467,2.724,1.231,9.596*4D
$GNGST,021654.90,0.008,0.003,0.002,46.6314,2.724,1.231,9.596*4E
$GNGST,021655.00,0.008,0.003,0.002,46.8307,2.724,1.231,9.596*4A
$GNGST,021655.10,0.008,0.003,0.002,46.8453,2.724,1.231,9.596*4D
$GNGST,021655.20,0.008,0.003,0.002,47.0516,2.724,1.231,9.596*47
$GNGST,021655.30,0.008,0.003,0.002,47.0517,2.724,1.231,9.596*47
$GNGST,021655.40,0.008,0.003,0.002,46.7471,2.724,1.231,9.596*47
$GNGST,021655.50,0.008,0.003,0.002,46.9580,2.724,1.231,9.596*47
$GNGST,021655.60,0.007,0.003,0.002,44.2690,2.724,1.231,9.596*40
$GNGST,021655.70,0.007,0.003,0.002,44.2692,2.724,1.231,9.596*43
$GNGST,021655.80,0.008,0.003,0.002,46.7122,2.724,1.231,9.596*48
$GNGST,021655.90,0.008,0.003,0.002,46.8443,2.724,1.231,9.596*44
$GNGST,021656.00,0.008,0.003,0.002,47.0505,2.724,1.231,9.596*44
$GNGST,021656.10,0.008,0.003,0.002,46.9242,2.724,1.231,9.596*49
$GNGST,021656.20,0.008,0.003,0.002,47.8021,2.724,1.231,9.596*4D
$GNGST,021656.30,0.008,0.003,0.002,46.9244,2.724,1.231,9.596*4D
$GNGST,021656.40,0.008,0.003,0.002,46.9245,2.724,1.231,9.596*4B
$GNGST,021656.50,0.008,0.003,0.002,47.6789,2.724,1.231,9.596*41
$GNGST,021656.60,0.008,0.003,0.002,47.1056,2.724,1.231,9.596*40
$GNGST,021656.70,0.008,0.003,0.002,46.8615,2.724,1.231,9.596*48
$GNGST,021656.80,0.008,0.003,0.002,45.6383,2.724,1.231,9.596*40
$GNGST,021656.90,0.007,0.003,0.002,46.5328,2.724,1.231,9.596*4F
$GNGST,021657.00,0.008,0.003,0.002,45.3195,2.724,1.231,9.596*49
$GNGST,021657.10,0.008,0.003,0.002,45.4590,2.724,1.231,9.596*4E
$GNGST,021657.20,0.007,0.003,0.002,46.5314,2.724,1.231,9.596*4A
$GNGST,021657.30,0.007,0.003,0.002,46.6972,2.724,1.231,9.596*42
$GNGST,021657.40,0.007,0.003,0.002,46.4342,2.724,1.231,9.596*4E
$GNGST,021657.50,0.008,0.003,0.002,45.3194,2.724,1.231,9.596*4D
$GNGST,021657.60,0.007,0.003,0.002,46.4343,2.724,1.231,9.596*4D
$GNGST,021657.70,0.007,0.003,0.002,44.3119,2.724,1.231,9.596*44
$GNGST,021657.80,0.007,0.003,0.002,46.4345,2.724,1.231,9.596*45
$GNGST,021657.90,0.007,0.003,0.002,46.4563,2.724,1.231,9.596*46
$GNGST,021658.00,0.008,0.003,0.002,46.5727,2.724,1.231,9.596*4C
$GNGST,021658.10,0.008,0.003,0.002,46.7587,2.724,1.231,9.596*47
$GNGST,021658.20,0.008,0.003,0.002,46.5892,2.724,1.231,9.596*4F
$GNGST,021658.30,0.008,0.003,0.002,46.5893,2.724,1.231,9.596*4F
$GNGST,021658.40,0.008,0.003,0.002,46.5894,2.724,1.231,9.596*4F
$GNGST,021658.50,0.008,0.003,0.002,46.7739,2.724,1.231,9.596*44
$GNGST,021658.60,0.008,0.003,0.002,47.3910,2.724,1.231,9.596*47
$GNGST,021658.70,0.007,0.003,0.002,44.7998,2.724,1.231,9.596*4E
$GNGST,021658.80,0.007,0.003,0.002,44.7999,2.724,1.231,9.596*40
$GNGST,021658.90,0.008,0.003,0.002,46.5722,2.724,1.231,9.596*40
$GNGST,021659.00,0.008,0.003,0.002,46.5722,2.724,1.231,9.596*48
$GNGST,021659.10,0.008,0.003,0.002,46.5723,2.724,1.231,9.596*48
$GNGST,021659.20,0.008,0.003,0.002,46.5724,2.724,1.231,9.596*4C
$GNGST,021659.30,0.008,0.003,0.002,46.5889,2.724,1.231,9.596*45
$GNGST,021659.40,0.008,0.003,0.002,46.5889,2.724,1.231,9.596*42
$GNGST,021659.50,0.008,0.003,0.002,46.5726,2.724,1.231,9.596*49
$GNGST,021659.60,0.008,0.003,0.002,46.5891,2.724,1.231,9.596*49
$GNGST,021659.70,0.008,0.003,0.002,46.5891,2.724,1.231,9.596*48
$GNGST,021659.80,0.008,0.003,0.002,46.8483,2.724,1.231,9.596*45
$GNGST,021659.90,0.008,0.003,0.002,46.8484,2.724,1.231,9.596*43
$GNGST,021700.00,0.008,0.003,0.002,46.8484,2.724,1.231,9.596*47
$GNGST,021700.10,0.008,0.003,0.002,46.1221,2.724,1.231,9.596*46
$GNGST,021700.20,0.008,0.003,0.002,46.1222,2.724,1.231,9.596*46
$GNGST,021700.30,0.008,0.003,0.002,46.8666,2.724,1.231,9.596*4A
$GNGST,021700.40,0.008,0.003,0.002,46.8667,2.724,1.231,9.596*4C
$GNGST,021700.50,0.008,0.003,0.002,46.8667,2.724,1.231,9.596*4D
$GNGST,021700.60,0.008,0.003,0.002,49.4720,2.724,1.231,9.596*4F
$GNGST,021700.70,0.008,0.003,0.002,49.4732,2.724,1.231,9.596*4D
$GNGST,021700.80,0.008,0.003,0.002,46.8672,2.724,1.231,9.596*44
$GNGST,021700.90,0.008,0.003,0.002,47.0256,2.724,1.231,9.596*4E
$GNGST,021701.00,0.008,0.003,0.002,47.0257,2.724,1.231,9.596*47
$GNGST,021701.10,0.008,0.003,0.002,46.8674,2.724,1.231,9.596*4A
$GNGST,021701.20,0.008,0.003,0.002,46.8675,2.724,1.231,9.596*48
$GNGST,021701.30,0.008,0.003,0.002,47.0497,2.724,1.231,9.596*4E
$GNGST,021701.40,0.008,0.003,0.002,47.0498,2.724,1.231,9.596*46
$GNGST,021701.50,0.008,0.003,0.002,47.0498,2.724,1.231,9.596*47
$GNGST,021701.60,0.008,0.003,0.002,46.9568,2.724,1.231,9.596*42
$GNGST,021701.70,0.008,0.003,0.002,45.8043,2.724,1.231,9.596*4D
$GNGST,021701.80,0.008,0.003,0.002,45.8043,2.724,1.231,9.596*42
$GNGST,021701.90,0.008,0.003,0.002,45.5386,2.724,1.231,9.596*44
$GNGST,021702.00,0.008,0.003,0.002,45.8043,2.724,1.231,9.596*49
$GNGST,021702.10,0.008,0.003,0.002,47.6829,2.724,1.231,9.596*40
$GNGST,021702.20,0.008,0.003,0.002,46.8927,2.724,1.231,9.596*43
$GNGST,021702.30,0.008,0.003,0.002,47.6829,2.724,1.231,9.596*42
$GNGST,021702.40,0.008,0.003,0.002,46.3325,2.724,1.231,9.596*46
$GNGST,021702.50,0.008,0.003,0.002,47.4306,2.724,1.231,9.596*40
$GNGST,021702.60,0.008,0.003,0.002,46.5896,2.724,1.231,9.596*41
$GNGST,021702.70,0.008,0.003,0.002,47.6831,2.724,1.231,9.596*4F
$GNGST,021702.80,0.008,0.003,0.002,46.2744,2.724,1.231,9.596*48
$GNGST,021702.90,0.008,0.003,0.002,46.9721,2.724,1.231,9.596*41
$GNGST,021703.00,0.007,0.003,0.002,46.6666,2.724,1.231,9.596*4B
$GNGST,021703.10,0.007,0.003,0.002,46.6667,2.724,1.231,9.596*4B
$GNGST,021703.20,0.008,0.003,0.002,49.1010,2.724,1.231,9.596*49
$GNGST,021703.30,0.008,0.003,0.002,46.2139,2.724,1.231,9.596*4E
$GNGST,021703.40,0.007,0.003,0.002,46.6668,2.724,1.231,9.596*41
$GNGST,021703.50,0.007,0.003,0.002,46.9247,2.724,1.231,9.596*46
$GNGST,021703.60,0.008,0.003,0.002,50.0686,2.724,1.231,9.596*4D
$GNGST,021703.70,0.007,0.003,0.002,46.9231,2.724,1.231,9.596*45
$GNGST,021703.80,0.008,0.003,0.002,49.3602,2.724,1.231,9.596*44
$GNGST,021703.90,0.007,0.003,0.002,46.9327,2.724,1.231,9.596*4D
$GNGST,021704.00,0.007,0.003,0.002,46.9328,2.724,1.231,9.596*4C
$GNGST,021704.10,0.007,0.003,0.002,46.9328,2.724,1.231,9.596*4D
$GNGST,021704.20,0.007,0.003,0.002,46.9329,2.724,1.231,9.596*4F
$GNGST,021704.30,0.007,0.003,0.002,46.9330,2.724,1.231,9.596*46
$GNGST,021704.40,0.007,0.003,0.002,46.6755,2.724,1.231,9.596*49
$GNGST,021704.50,0.007,0.003,0.002,46.6756,2.724,1.231,9.596*4B
$GNGST,021704.60,0.007,0.003,0.002,47.3159,2.724,1.231,9.596*45
$GNGST,021704.70,0.007,0.003,0.002,47.4352,2.724,1.231,9.596*4A
$GNGST,021704.80,0.007,0.003,0.002,47.4466,2.724,1.231,9.596*45
$GNGST,021704.90,0.008,0.003,0.002,47.8068,2.724,1.231,9.596*4D
$GNGST,021705.00,0.008,0.003,0.002,48.5990,2.724,1.231,9.596*49
$GNGST,021705.10,0.008,0.003,0.002,48.5991,2.724,1.231,9.596*49
$GNGST,021705.20,0.008,0.003,0.002,48.0446,2.724,1.231,9.596*48
$GNGST,021705.30,0.008,0.003,0.002,47.8072,2.724,1.231,9.596*4D
$GNGST,021705.40,0.008,0.003,0.002,47.3559,2.724,1.231,9.596*4D
$GNGST,021705.50,0.008,0.003,0.002,48.1321,2.724,1.231,9.596*48
$GNGST,021705.60,0.007,0.003,0.002,47.4693,2.724,1.231,9.596*42
$GNGST,021705.70,0.008,0.003,0.002,49.9246,2.724,1.231,9.596*43
$GNGST,021705.80,0.007,0.003,0.002,47.4695,2.724,1.231,9.596*4A
$GNGST,021705.90,0.008,0.003,0.002,47.8437,2.724,1.231,9.596*42
$GNGST,021706.00,0.007,0.003,0.002,47.4697,2.724,1.231,9.596*43
$GNGST,021706.10,0.008,0.003,0.002,47.8478,2.724,1.231,9.596*42
$GNGST,021706.20,0.008,0.003,0.002,47.8479,2.724,1.231,9.596*40
$GNGST,021706.30,0.008,0.003,0.002,48.0029,2.724,1.231,9.596*47
$GNGST,021706.40,0.008,0.003,0.002,47.8481,2.724,1.231,9.596*41
$GNGST,021706.50,0.008,0.003,0.002,47.7632,2.724,1.231,9.596*45
$GNGST,021706.60,0.008,0.003,0.002,47.9166,2.724,1.231,9.596*4E
$GNGST,021706.70,0.008,0.003,0.002,47.3101,2.724,1.231,9.596*44
$GNGST,021706.80,0.008,0.003,0.002,47.8081,2.724,1.231,9.596*49
$GNGST,021706.90,0.008,0.003,0.002,47.0586,2.724,1.231,9.596*42
$GNGST,021707.00,0.008,0.003,0.002,47.0587,2.724,1.231,9.596*4B
$GNGST,021707.10,0.008,0.003,0.002,47.0587,2.724,1.231,9.596*4A
$GNGST,021707.20,0.008,0.003,0.002,47.0588,2.724,1.231,9.596*46
$GNGST,021707.30,0.008,0.003,0.002,47.2024,2.724,1.231,9.596*46
$GNGST,021707.40,0.008,0.003,0.002,47.3085,2.724,1.231,9.596*4B
$GNGST,021707.50,0.008,0.003,0.002,48.1137,2.724,1.231,9.596*4F
$GNGST,021707.60,0.008,0.003,0.002,50.2950,2.724,1.231,9.596*4F
$GNGST,021707.70,0.008,0.003,0.002,50.1900,2.724,1.231,9.596*48
$GNGST,021707.80,0.008,0.003,0.002,47.1524,2.724,1.231,9.596*4B
$GNGST,021707.90,0.008,0.003,0.002,47.1509,2.724,1.231,9.596*45
$GNGST,021708.00,0.008,0.003,0.002,47.1510,2.724,1.231,9.596*4B
$GNGST,021708.10,0.008,0.003,0.002,46.8424,2.724,1.231,9.596*44
$GNGST,021708.20,0.007,0.003,0.002,46.6845,2.724,1.231,9.596*4D
$GNGST,021708.30,0.008,0.003,0.002,51.9959,2.724,1.231,9.596*46
$GNGST,021708.40,0.008,0.003,0.002,52.2987,2.724,1.231,9.596*4A
$GNGST,021708.50,0.008,0.003,0.002,47.4001,2.724,1.231,9.596*4E
$GNGST,021708.60,0.008,0.003,0.002,47.4002,2.724,1.231,9.596*4E
$GNGST,021708.70,0.008,0.003,0.002,47.3969,2.724,1.231,9.596*4C
$GNGST,021708.80,0.008,0.003,0.002,47.1497,2.724,1.231,9.596*4D
$GNGST,021708.90,0.008,0.003,0.002,47.2618,2.724,1.231,9.596*4A
$GNGST,021709.00,0.008,0.003,0.002,47.0079,2.724,1.231,9.596*41
$GNGST,021709.10,0.008,0.003,0.002,47.0253,2.724,1.231,9.596*4A
$GNGST,021709.20,0.008,0.003,0.002,47.0253,2.724,1.231,9.596*49
$GNGST,021709.30,0.008,0.003,0.002,47.0254,2.724,1.231,9.596*4F
$GNGST,021709.40,0.008,0.003,0.002,47.0254,2.724,1.231,9.596*48
$GNGST,021709.50,0.008,0.003,0.002,47.8629,2.724,1.231,9.596*4F
$GNGST,021709.60,0.007,0.003,0.002,46.7002,2.724,1.231,9.596*42
$GNGST,021709.70,0.008,0.003,0.002,46.5824,2.724,1.231,9.596*42
$GNGST,021709.80,0.007,0.003,0.002,46.7003,2.724,1.231,9.596*4D
$GNGST,021709.90,0.008,0.003,0.002,47.0013,2.724,1.231,9.596*44
$GNGST,021710.00,0.008,0.003,0.002,46.5826,2.724,1.231,9.596*4F
$GNGST,021710.10,0.008,0.003,0.002,46.5827,2.724,1.231,9.596*4F
$GNGST,021710.20,0.008,0.003,0.002,46.5827,2.724,1.231,9.596*4C
$GNGST,021710.30,0.008,0.003,0.002,47.0016,2.724,1.231,9.596*43
$GNGST,021710.40,0.008,0.003,0.002,46.8572,2.724,1.231,9.596*4A
$GNGST,021710.50,0.008,0.003,0.002,46.7491,2.724,1.231,9.596*48
$GNGST,021710.60,0.008,0.003,0.002,46.7491,2.724,1.231,9.596*4B
$GNGST,021710.70,0.007,0.003,0.002,44.9202,2.724,1.231,9.596*45
$GNGST,021710.80,0.008,0.003,0.002,45.6025,2.724,1.231,9.596*4C
$GNGST,021710.90,0.007,0.003,0.002,46.6837,2.724,1.231,9.596*4A
$GNGST,021711.00,0.008,0.003,0.002,45.9697,2.724,1.231,9.596*45
$GNGST,021711.10,0.008,0.003,0.002,46.1382,2.724,1.231,9.596*4E
$GNGST,021711.20,0.008,0.003,0.002,45.8473,2.724,1.231,9.596*4E
$GNGST,021711.30,0.008,0.003,0.002,45.9698,2.724,1.231,9.596*49
$GNGST,021711.40,0.008,0.003,0.002,45.9445,2.724,1.231,9.596*4C
$GNGST,021711.50,0.008,0.003,0.002,46.7901,2.724,1.231,9.596*4D
$GNGST,021711.60,0.007,0.003,0.002,45.0854,2.724,1.231,9.596*44
$GNGST,021711.70,0.007,0.003,0.002,45.0855,2.724,1.231,9.596*44
$GNGST,021711.80,0.007,0.003,0.002,45.0856,2.724,1.231,9.596*48
$GNGST,021711.90,0.008,0.003,0.002,45.9684,2.724,1.231,9.596*4E
$GNGST,021712.00,0.008,0.003,0.002,45.9430,2.724,1.231,9.596*49
$GNGST,021712.10,0.008,0.003,0.002,46.2284,2.724,1.231,9.596*49
$GNGST,021712.20,0.008,0.003,0.002,45.8605,2.724,1.231,9.596*4E
$GNGST,021712.30,0.008,0.003,0.002,46.1346,2.724,1.231,9.596*47
$GNGST,021712.40,0.007,0.003,0.002,45.0850,2.724,1.231,9.596*41
$GNGST,021712.50,0.007,0.003,0.002,45.0851,2.724,1.231,9.596*41
$GNGST,021712.60,0.007,0.003,0.002,45.0853,2.724,1.231,9.596*40
$GNGST,021712.70,0.007,0.003,0.002,45.0854,2.724,1.231,9.596*46
$GNGST,021712.80,0.007,0.003,0.002,46.6810,2.724,1.231,9.596*4C
$GNGST,021712.90,0.007,0.003,0.002,46.6811,2.724,1.231,9.596*4C
$GNGST,021713.00,0.008,0.003,0.002,46.2092,2.724,1.231,9.596*4C
$GNGST,021713.10,0.008,0.003,0.002,45.9660,2.724,1.231,9.596*4E
$GNGST,021713.20,0.008,0.003,0.002,45.9402,2.724,1.231,9.596*4B
$GNGST,021713.30,0.008,0.003,0.002,45.9661,2.724,1.231,9.596*4D
$GNGST,021713.40,0.007,0.003,0.002,46.7075,2.724,1.231,9.596*4B
$GNGST,021713.50,0.007,0.003,0.002,45.0851,2.724,1.231,9.596*40
$GNGST,021713.60,0.007,0.003,0.002,46.7076,2.724,1.231,9.596*4A
$GNGST,021713.70,0.007,0.003,0.002,46.7077,2.724,1.231,9.596*4A
$GNGST,021713.80,0.007,0.003,0.002,45.0855,2.724,1.231,9.596*49
$GNGST,021713.90,0.007,0.003,0.002,45.0856,2.724,1.231,9.596*4B
$GNGST,021714.00,0.007,0.003,0.002,46.9027,2.724,1.231,9.596*41
$GNGST,021714.10,0.007,0.003,0.002,46.9027,2.724,1.231,9.596*40
$GNGST,021714.20,0.007,0.003,0.002,47.1608,2.724,1.231,9.596*41
$GNGST,021714.30,0.007,0.003,0.002,47.1545,2.724,1.231,9.596*4A
$GNGST,021714.40,0.007,0.003,0.002,46.9247,2.724,1.231,9.596*41
$GNGST,021714.50,0.007,0.003,0.002,46.9248,2.724,1.231,9.596*4F
$GNGST,021714.60,0.008,0.003,0.002,46.3087,2.724,1.231,9.596*48
$GNGST,021714.70,0.008,0.003,0.002,47.2422,2.724,1.231,9.596*42
$GNGST,021714.80,0.008,0.003,0.002,46.2013,2.724,1.231,9.596*4A
$GNGST,021714.90,0.008,0.003,0.002,46.2013,2.724,1.231,9.596*4B
$GNGST,021715.00,0.008,0.003,0.002,46.2014,2.724,1.231,9.596*44
$GNGST,021715.10,0.008,0.003,0.002,46.2014,2.724,1.231,9.596*45
$GNGST,021715.20,0.008,0.003,0.002,46.0528,2.724,1.231,9.596*4E
$GNGST,021715.30,0.007,0.003,0.002,46.9151,2.724,1.231,9.596*43
$GNGST,021715.40,0.008,0.003,0.002,46.2015,2.724,1.231,9.596*41
$GNGST,021715.50,0.008,0.003,0.002,46.4721,2.724,1.231,9.596*46
$GNGST,021715.60,0.008,0.003,0.002,47.1661,2.724,1.231,9.596*44
$GNGST,021715.70,0.008,0.003,0.002,47.1661,2.724,1.231,9.596*45
$GNGST,021715.80,0.007,0.003,0.002,47.2022,2.724,1.231,9.596*47
$GNGST,021715.90,0.007,0.003,0.002,47.2023,2.724,1.231,9.596*47
$GNGST,021716.00,0.007,0.003,0.002,47.2023,2.724,1.231,9.596*4D
$GNGST,021716.10,0.007,0.003,0.002,47.2024,2.724,1.231,9.596*4B
$GNGST,021716.20,0.008,0.003,0.002,48.5200,2.724,1.231,9.596*4B
$GNGST,021716.30,0.007,0.003,0.002,47.2025,2.724,1.231,9.596*48
$GNGST,021716.40,0.008,0.003,0.002,47.1731,2.724,1.231,9.596*41
$GNGST,021716.50,0.007,0.003,0.002,47.9566,2.724,1.231,9.596*47
$GNGST,021716.60,0.007,0.003,0.002,47.9567,2.724,1.231,9.596*45
$GNGST,021716.70,0.007,0.003,0.002,47.9568,2.724,1.231,9.596*4B
$GNGST,021716.80,0.007,0.003,0.002,47.9569,2.724,1.231,9.596*45
$GNGST,021716.90,0.007,0.003,0.002,47.9570,2.724,1.231,9.596*4C
$GNGST,021717.00,0.007,0.003,0.002,47.9571,2.724,1.231,9.596*45
$GNGST,021717.10,0.007,0.003,0.002,47.9573,2.724,1.231,9.596*46
$GNGST,021717.20,0.007,0.003,0.002,47.9574,2.724,1.231,9.596*42
$GNGST,021717.30,0.007,0.003,0.002,47.1995,2.724,1.231,9.596*48
$GNGST,021717.40,0.007,0.003,0.002,47.1995,2.724,1.231,9.596*4F
$GNGST,021717.50,0.007,0.003,0.002,47.1996,2.724,1.231,9.596*4D
$GNGST,021717.60,0.007,0.003,0.002,47.1997,2.724,1.231,9.596*4F
$GNGST,021717.70,0.007,0.003,0.002,47.1998,2.724,1.231,9.596*41
$GNGST,021717.80,0.007,0.003,0.002,47.1979,2.724,1.231,9.596*41
$GNGST,021717.90,0.008,0.003,0.002,47.0580,2.724,1.231,9.596*44
$GNGST,021718.00,0.008,0.003,0.002,47.0331,2.724,1.231,9.596*4E
$GNGST,021718.10,0.008,0.003,0.002,47.0582,2.724,1.231,9.596*41
$GNGST,021718.20,0.008,0.003,0.002,47.0583,2.724,1.231,9.596*43
$GNGST,021718.30,0.008,0.003,0.002,46.4504,2.724,1.231,9.596*48
$GNGST,021718.40,0.008,0.003,0.002,46.4504,2.724,1.231,9.596*4F
$GNGST,021718.50,0.008,0.003,0.002,46.4504,2.724,1.231,9.596*4E
$GNGST,021718.60,0.008,0.003,0.002,46.1485,2.724,1.231,9.596*40
$GNGST,021718.70,0.008,0.003,0.002,46.0346,2.724,1.231,9.596*48
$GNGST,021718.80,0.008,0.003,0.002,46.3044,2.724,1.231,9.596*45
$GNGST,021718.90,0.008,0.003,0.002,47.6047,2.724,1.231,9.596*43
$GNGST,021719.00,0.007,0.003,0.002,47.9421,2.724,1.231,9.596*4F
$GNGST,021719.10,0.008,0.003,0.002,46.8325,2.724,1.231,9.596*42
$GNGST,021719.20,0.007,0.003,0.002,47.8406,2.724,1.231,9.596*49
$GNGST,021719.30,0.008,0.003,0.002,46.1954,2.724,1.231,9.596*45
$GNGST,021719.40,0.008,0.003,0.002,46.3869,2.724,1.231,9.596*4F
$GNGST,021719.50,0.008,0.003,0.002,46.8089,2.724,1.231,9.596*43
$GNGST,021719.60,0.008,0.003,0.002,46.8089,2.724,1.231,9.596*40
$GNGST,021719.70,0.008,0.003,0.002,47.5781,2.724,1.231,9.596*42
$GNGST,021719.80,0.008,0.003,0.002,47.7493,2.724,1.231,9.596*4F
$GNGST,021719.90,0.008,0.003,0.002,50.1849,2.724,1.231,9.596*45
$GNGST,021720.00,0.008,0.003,0.002,48.3596,2.724,1.231,9.596*42
$GNGST,021720.10,0.007,0.003,0.002,47.8401,2.724,1.231,9.596*47
$GNGST,021720.20,0.007,0.003,0.002,47.8402,2.724,1.231,9.596*47
$GNGST,021720.30,0.008,0.003,0.002,48.1845,2.724,1.231,9.596*40
$GNGST,021720.40,0.008,0.003,0.002,48.1847,2.724,1.231,9.596*45
$GNGST,021720.50,0.008,0.003,0.002,49.4165,2.724,1.231,9.596*49
$GNGST,021720.60,0.007,0.003,0.002,47.6440,2.724,1.231,9.596*4B
$GNGST,021720.70,0.007,0.003,0.002,47.6429,2.724,1.231,9.596*45
$GNGST,021720.80,0.007,0.003,0.002,47.6072,2.724,1.231,9.596*40
$GNGST,021720.90,0.007,0.003,0.002,47.6073,2.724,1.231,9.596*40
$GNGST,021721.00,0.008,0.003,0.002,48.9302,2.724,1.231,9.596*42
$GNGST,021721.10,0.008,0.003,0.002,48.9304,2.724,1.231,9.596*45
$GNGST,021721.20,0.007,0.003,0.002,48.9766,2.724,1.231,9.596*49
$GNGST,021721.30,0.008,0.003,0.002,48.9307,2.724,1.231,9.596*44
$GNGST,021721.40,0.007,0.003,0.002,47.6437,2.724,1.231,9.596*48
$GNGST,021721.50,0.008,0.003,0.002,48.1820,2.724,1.231,9.596*44
$GNGST,021721.60,0.008,0.003,0.002,48.1822,2.724,1.231,9.596*45
$GNGST,021721.70,0.008,0.003,0.002,48.1823,2.724,1.231,9.596*45
$GNGST,021721.80,0.008,0.003,0.002,48.2196,2.724,1.231,9.596*4E
$GNGST,021721.90,0.008,0.003,0.002,48.1958,2.724,1.231,9.596*46
$GNGST,021722.00,0.007,0.003,0.002,47.6209,2.724,1.231,9.596*44
$GNGST,021722.10,0.008,0.003,0.002,48.3297,2.724,1.231,9.596*47
$GNGST,021722.20,0.008,0.003,0.002,48.1810,2.724,1.231,9.596*43
$GNGST,021722.30,0.008,0.003,0.002,48.1963,2.724,1.231,9.596*47
$GNGST,021722.40,0.008,0.003,0.002,48.3301,2.724,1.231,9.596*4C
$GNGST,021722.50,0.008,0.003,0.002,48.3302,2.724,1.231,9.596*4E
$GNGST,021722.60,0.007,0.003,0.002,47.5977,2.724,1.231,9.596*43
$GNGST,021722.70,0.008,0.003,0.002,46.7252,2.724,1.231,9.596*42
$GNGST,021722.80,0.008,0.003,0.002,46.7252,2.724,1.231,9.596*4D
$GNGST,021722.90,0.008,0.003,0.002,46.8431,2.724,1.231,9.596*40
$GNGST,021723.00,0.008,0.003,0.002,46.7253,2.724,1.231,9.596*45
$GNGST,021723.10,0.008,0.003,0.002,48.1718,2.724,1.231,9.596*46
$GNGST,021723.20,0.008,0.003,0.002,46.3960,2.724,1.231,9.596*48
$GNGST,021723.30,0.008,0.003,0.002,46.3961,2.724,1.231,9.596*48
$GNGST,021723.40,0.008,0.003,0.002,46.8434,2.724,1.231,9.596*49
$GNGST,021723.50,0.008,0.003,0.002,46.3963,2.724,1.231,9.596*4C
$GNGST,021723.60,0.008,0.003,0.002,46.3964,2.724,1.231,9.596*48
$GNGST,021723.70,0.008,0.003,0.002,46.3965,2.724,1.231,9.596*48
$GNGST,021723.80,0.008,0.003,0.002,46.8420,2.724,1.231,9.596*40
$GNGST,021723.90,0.008,0.003,0.002,46.7242,2.724,1.231,9.596*4C
$GNGST,021724.00,0.008,0.003,0.002,45.8608,2.724,1.231,9.596*44
$GNGST,021724.10,0.008,0.003,0.002,49.4232,2.724,1.231,9.596*48
$GNGST,021724.20,0.008,0.003,0.002,46.8422,2.724,1.231,9.596*4F
$GNGST,021724.30,0.007,0.003,0.002,46.8250,2.724,1.231,9.596*42
$GNGST,021724.40,0.008,0.003,0.002,49.9105,2.724,1.231,9.596*47
$GNGST,021724.50,0.007,0.003,0.002,46.8251,2.724,1.231,9.596*45
$GNGST,021724.60,0.008,0.003,0.002,46.9947,2.724,1.231,9.596*44
$GNGST,021724.70,0.008,0.003,0.002,46.0467,2.724,1.231,9.596*43
$GNGST,021724.80,0.008,0.003,0.002,46.8852,2.724,1.231,9.596*4E
$GNGST,021724.90,0.008,0.003,0.002,46.7049,2.724,1.231,9.596*42
$GNGST,021725.00,0.008,0.003,0.002,46.6480,2.724,1.231,9.596*4A
$GNGST,021725.10,0.008,0.003,0.002,46.0466,2.724,1.231,9.596*45
$GNGST,021725.20,0.008,0.003,0.002,46.0466,2.724,1.231,9.596*46
$GNGST,021725.30,0.008,0.003,0.002,45.8665,2.724,1.231,9.596*4D
$GNGST,021725.40,0.008,0.003,0.002,45.8665,2.724,1.231,9.596*4A
$GNGST,021725.50,0.007,0.003,0.002,46.8463,2.724,1.231,9.596*43
$GNGST,021725.60,0.007,0.003,0.002,46.8231,2.724,1.231,9.596*41
$GNGST,021725.70,0.007,0.003,0.002,46.8232,2.724,1.231,9.596*43
$GNGST,021725.80,0.008,0.003,0.002,48.1555,2.724,1.231,9.596*42
$GNGST,021725.90,0.008,0.003,0.002,48.5896,2.724,1.231,9.596*45
$GNGST,021726.00,0.007,0.003,0.002,46.8233,2.724,1.231,9.596*46
$GNGST,021726.10,0.008,0.003,0.002,46.7043,2.724,1.231,9.596*42
$GNGST,021726.20,0.008,0.003,0.002,46.9929,2.724,1.231,9.596*4A
$GNGST,021726.30,0.008,0.003,0.002,46.9930,2.724,1.231,9.596*43
$GNGST,021726.40,0.008,0.003,0.002,48.3057,2.724,1.231,9.596*48
$GNGST,021726.50,0.008,0.003,0.002,47.5642,2.724,1.231,9.596*42
$GNGST,021726.60,0.008,0.003,0.002,48.0995,2.724,1.231,9.596*4E
$GNGST,021726.70,0.007,0.003,0.002,46.5648,2.724,1.231,9.596*44
$GNGST,021726.80,0.008,0.003,0.002,46.8223,2.724,1.231,9.596*40
$GNGST,021726.90,0.008,0.003,0.002,46.9917,2.724,1.231,9.596*4C
$GNGST,021727.00,0.007,0.003,0.002,46.5650,2.724,1.231,9.596*4B
$GNGST,021727.10,0.007,0.003,0.002,46.5650,2.724,1.231,9.596*4A
$GNGST,021727.20,0.008,0.003,0.002,45.8351,2.724,1.231,9.596*4C
$GNGST,021727.30,0.007,0.003,0.002,46.5652,2.724,1.231,9.596*4A
$GNGST,021727.40,0.007,0.003,0.002,46.5652,2.724,1.231,9.596*4D
$GNGST,021727.50,0.008,0.003,0.002,46.8387,2.724,1.231,9.596*43
$GNGST,021727.60,0.008,0.003,0.002,45.8550,2.724,1.231,9.596*4F
$GNGST,021727.70,0.008,0.003,0.002,45.7863,2.724,1.231,9.596*4C
$GNGST,021727.80,0.008,0.003,0.002,45.5921,2.724,1.231,9.596*46
$GNGST,021727.90,0.008,0.003,0.002,45.5920,2.724,1.231,9.596*46
$GNGST,021728.00,0.008,0.003,0.002,45.6491,2.724,1.231,9.596*44
$GNGST,021728.10,0.008,0.003,0.002,49.4123,2.724,1.231,9.596*47
$GNGST,021728.20,0.008,0.003,0.002,46.0233,2.724,1.231,9.596*4D
$GNGST,021728.30,0.008,0.003,0.002,46.8225,2.724,1.231,9.596*43
$GNGST,021728.40,0.008,0.003,0.002,46.9760,2.724,1.231,9.596*41
$GNGST,021728.50,0.008,0.003,0.002,46.8226,2.724,1.231,9.596*46
$GNGST,021728.60,0.008,0.003,0.002,46.8210,2.724,1.231,9.596*40
$GNGST,021728.70,0.008,0.003,0.002,46.7196,2.724,1.231,9.596*43
$GNGST,021728.80,0.008,0.003,0.002,46.8211,2.724,1.231,9.596*4F
$GNGST,021728.90,0.008,0.003,0.002,46.8211,2.724,1.231,9.596*4E
$GNGST,021729.00,0.008,0.003,0.002,46.0872,2.724,1.231,9.596*41
$GNGST,021729.10,0.008,0.003,0.002,46.8212,2.724,1.231,9.596*44
$GNGST,021729.20,0.008,0.003,0.002,46.8213,2.724,1.231,9.596*46
$GNGST,021729.30,0.008,0.003,0.002,46.8214,2.724,1.231,9.596*40
$GNGST,021729.40,0.008,0.003,0.002,46.8214,2.724,1.231,9.596*47
$GNGST,021729.50,0.008,0.003,0.002,46.8214,2.724,1.231,9.596*46
$GNGST,021729.60,0.008,0.003,0.002,46.8215,2.724,1.231,9.596*44
$GNGST,021729.70,0.008,0.003,0.002,46.8216,2.724,1.231,9.596*46
$GNGST,021729.80,0.008,0.003,0.002,46.7185,2.724,1.231,9.596*4F
$GNGST,021729.90,0.008,0.003,0.002,48.2076,2.724,1.231,9.596*48
$GNGST,021730.00,0.008,0.003,0.002,48.0640,2.724,1.231,9.596*48
$GNGST,021730.10,0.008,0.003,0.002,48.2078,2.724,1.231,9.596*46
$GNGST,021730.20,0.008,0.003,0.002,48.0480,2.724,1.231,9.596*44
$GNGST,021730.30,0.008,0.003,0.002,48.0481,2.724,1.231,9.596*44
$GNGST,021730.40,0.008,0.003,0.002,48.0482,2.724,1.231,9.596*40
$GNGST,021730.50,0.008,0.003,0.002,46.9738,2.724,1.231,9.596*44
$GNGST,021730.60,0.008,0.003,0.002,46.9738,2.724,1.231,9.596*47
$GNGST,021730.70,0.008,0.003,0.002,46.9739,2.724,1.231,9.596*47
$GNGST,021730.80,0.008,0.003,0.002,46.9739,2.724,1.231,9.596*48
$GNGST,021730.90,0.008,0.003,0.002,46.9740,2.724,1.231,9.596*47
$GNGST,021731.00,0.008,0.003,0.002,46.9740,2.724,1.231,9.596*4F
$GNGST,021731.10,0.008,0.003,0.002,46.9741,2.724,1.231,9.596*4F
$GNGST,021731.20,0.008,0.003,0.002,46.9741,2.724,1.231,9.596*4C
$GNGST,021731.30,0.008,0.003,0.002,46.9742,2.724,1.231,9.596*4E
$GNGST,021731.40,0.008,0.003,0.002,46.9742,2.724,1.231,9.596*49
$GNGST,021731.50,0.008,0.003,0.002,46.8812,2.724,1.231,9.596*43
$GNGST,021731.60,0.008,0.003,0.002,46.8812,2.724,1.231,9.596*40
$GNGST,021731.70,0.008,0.003,0.002,46.8813,2.724,1.231,9.596*40
$GNGST,021731.80,0.008,0.003,0.002,46.8813,2.724,1.231,9.596*4F
$GNGST,021731.90,0.008,0.003,0.002,45.7816,2.724,1.231,9.596*47
$GNGST,021732.00,0.008,0.003,0.002,46.7810,2.724,1.231,9.596*48
$GNGST,021732.10,0.008,0.003,0.002,46.7811,2.724,1.231,9.596*48
$GNGST,021732.20,0.008,0.003,0.002,46.5228,2.724,1.231,9.596*49
$GNGST,021732.30,0.008,0.003,0.002,46.7812,2.724,1.231,9.596*49
$GNGST,021732.40,0.008,0.003,0.002,46.9735,2.724,1.231,9.596*4A
$GNGST,021732.50,0.007,0.003,0.002,47.5478,2.724,1.231,9.596*43
$GNGST,021732.60,0.008,0.003,0.002,45.7806,2.724,1.231,9.596*4A
$GNGST,021732.70,0.007,0.003,0.002,47.5480,2.724,1.231,9.596*46
$GNGST,021732.80,0.008,0.003,0.002,46.8797,2.724,1.231,9.596*4F
$GNGST,021732.90,0.008,0.003,0.002,46.9729,2.724,1.231,9.596*4A
$GNGST,021733.00,0.008,0.003,0.002,46.9729,2.724,1.231,9.596*42
$GNGST,021733.10,0.008,0.003,0.002,46.9729,2.724,1.231,9.596*43
$GNGST,021733.20,0.008,0.003,0.002,46.9730,2.724,1.231,9.596*48
$GNGST,021733.30,0.008,0.003,0.002,46.9730,2.724,1.231,9.596*49
$GNGST,021733.40,0.008,0.003,0.002,46.9731,2.724,1.231,9.596*4F
$GNGST,021733.50,0.008,0.003,0.002,46.9731,2.724,1.231,9.596*4E
$GNGST,021733.60,0.008,0.003,0.002,46.9732,2.724,1.231,9.596*4E
$GNGST,021733.70,0.008,0.003,0.002,46.9732,2.724,1.231,9.596*4F
$GNGST,021733.80,0.008,0.003,0.002,47.4113,2.724,1.231,9.596*49
$GNGST,021733.90,0.008,0.003,0.002,46.9539,2.724,1.231,9.596*48
$GNGST,021734.00,0.008,0.003,0.002,47.4031,2.724,1.231,9.596*47
$GNGST,021734.10,0.008,0.003,0.002,47.3916,2.724,1.231,9.596*4D
$GNGST,021734.20,0.008,0.003,0.002,47.3916,2.724,1.231,9.596*4E
$GNGST,021734.30,0.008,0.003,0.002,47.3917,2.724,1.231,9.596*4E
$GNGST,021734.40,0.008,0.003,0.002,46.7136,2.724,1.231,9.596*47
$GNGST,021734.50,0.008,0.003,0.002,46.7136,2.724,1.231,9.596*46
$GNGST,021734.60,0.008,0.003,0.002,46.7136,2.724,1.231,9.596*45
$GNGST,021734.70,0.008,0.003,0.002,46.9973,2.724,1.231,9.596*43
$GNGST,021734.80,0.008,0.003,0.002,47.6996,2.724,1.231,9.596*49
$GNGST,021734.90,0.008,0.003,0.002,47.0116,2.724,1.231,9.596*4E
$GNGST,021735.00,0.008,0.003,0.002,47.7135,2.724,1.231,9.596*40
$GNGST,021735.10,0.008,0.003,0.002,47.0117,2.724,1.231,9.596*46
$GNGST,021735.20,0.008,0.003,0.002,47.0118,2.724,1.231,9.596*4A
$GNGST,021735.30,0.008,0.003,0.002,47.0118,2.724,1.231,9.596*4B
$GNGST,021735.40,0.008,0.003,0.002,49.4636,2.724,1.231,9.596*4D
$GNGST,021735.50,0.008,0.003,0.002,49.4638,2.724,1.231,9.596*42
$GNGST,021735.60,0.008,0.003,0.002,49.4639,2.724,1.231,9.596*40
$GNGST,021735.70,0.008,0.003,0.002,49.4641,2.724,1.231,9.596*4E
$GNGST,021735.80,0.008,0.003,0.002,47.0103,2.724,1.231,9.596*4A
$GNGST,021735.90,0.008,0.003,0.002,46.9096,2.724,1.231,9.596*4E
$GNGST,021736.00,0.008,0.003,0.002,46.6600,2.724,1.231,9.596*42
$GNGST,021736.10,0.008,0.003,0.002,46.9097,2.724,1.231,9.596*44
$GNGST,021736.20,0.008,0.003,0.002,46.9098,2.724,1.231,9.596*48
$GNGST,021736.30,0.008,0.003,0.002,46.6602,2.724,1.231,9.596*43
$GNGST,021736.40,0.008,0.003,0.002,46.1969,2.724,1.231,9.596*41
$GNGST,021736.50,0.008,0.003,0.002,47.7122,2.724,1.231,9.596*40
$GNGST,021736.60,0.008,0.003,0.002,47.2137,2.724,1.231,9.596*42
$GNGST,021736.70,0.008,0.003,0.002,47.2139,2.724,1.231,9.596*4D
$GNGST,021736.80,0.008,0.003,0.002,47.2140,2.724,1.231,9.596*4C
$GNGST,021736.90,0.008,0.003,0.002,47.0597,2.724,1.231,9.596*41
$GNGST,021737.00,0.008,0.003,0.002,47.1551,2.724,1.231,9.596*42
$GNGST,021737.10,0.008,0.003,0.002,47.1671,2.724,1.231,9.596*42
$GNGST,021737.20,0.008,0.003,0.002,47.0480,2.724,1.231,9.596*4C
$GNGST,021737.30,0.008,0.003,0.002,47.0482,2.724,1.231,9.596*4F
$GNGST,021737.40,0.008,0.003,0.002,47.0483,2.724,1.231,9.596*49
$GNGST,021737.50,0.008,0.003,0.002,47.6085,2.724,1.231,9.596*4C
$GNGST,021737.60,0.007,0.003,0.002,47.5754,2.724,1.231,9.596*48
$GNGST,021737.70,0.008,0.003,0.002,46.9981,2.724,1.231,9.596*4D
$GNGST,021737.80,0.008,0.003,0.002,46.5582,2.724,1.231,9.596*41
$GNGST,021737.90,0.008,0.003,0.002,46.5583,2.724,1.231,9.596*41
$GNGST,021738.00,0.008,0.003,0.002,46.9983,2.724,1.231,9.596*47
$GNGST,021738.10,0.008,0.003,0.002,46.9983,2.724,1.231,9.596*46
$GNGST,021738.20,0.008,0.003,0.002,46.3676,2.724,1.231,9.596*4A
$GNGST,021738.30,0.008,0.003,0.002,46.5587,2.724,1.231,9.596*40
$GNGST,021738.40,0.008,0.003,0.002,46.5588,2.724,1.231,9.596*48
$GNGST,021738.50,0.008,0.003,0.002,46.5589,2.724,1.231,9.596*48
$GNGST,021738.60,0.008,0.003,0.002,46.5590,2.724,1.231,9.596*43
$GNGST,021738.70,0.008,0.003,0.002,46.6664,2.724,1.231,9.596*49
$GNGST,021738.80,0.008,0.003,0.002,46.0177,2.724,1.231,9.596*45
$GNGST,021738.90,0.008,0.003,0.002,45.6333,2.724,1.231,9.596*43
$GNGST,021739.00,0.008,0.003,0.002,45.6333,2.724,1.231,9.596*4B
$GNGST,021739.10,0.008,0.003,0.002,45.4847,2.724,1.231,9.596*40
$GNGST,021739.20,0.008,0.003,0.002,46.6604,2.724,1.231,9.596*4B
$GNGST,021739.30,0.008,0.003,0.002,46.6605,2.724,1.231,9.596*4B
$GNGST,021739.40,0.007,0.003,0.002,46.8401,2.724,1.231,9.596*4B
$GNGST,021739.50,0.008,0.003,0.002,46.6606,2.724,1.231,9.596*4E
$GNGST,021739.60,0.008,0.003,0.002,46.1015,2.724,1.231,9.596*4E
$GNGST,021739.70,0.008,0.003,0.002,45.1322,2.724,1.231,9.596*4B
$GNGST,021739.80,0.008,0.003,0.002,45.8522,2.724,1.231,9.596*4B
$GNGST,021739.90,0.007,0.003,0.002,46.8392,2.724,1.231,9.596*4B
$GNGST,021740.00,0.007,0.003,0.002,46.8393,2.724,1.231,9.596*4D
$GNGST,021740.10,0.007,0.003,0.002,46.8602,2.724,1.231,9.596*41
$GNGST,021740.20,0.008,0.003,0.002,45.3716,2.724,1.231,9.596*41
$GNGST,021740.30,0.008,0.003,0.002,45.3715,2.724,1.231,9.596*43
$GNGST,021740.40,0.008,0.003,0.002,45.3715,2.724,1.231,9.596*44
$GNGST,021740.50,0.008,0.003,0.002,45.3714,2.724,1.231,9.596*44
$GNGST,021740.60,0.008,0.003,0.002,45.3714,2.724,1.231,9.596*47
$GNGST,021740.70,0.008,0.003,0.002,45.3713,2.724,1.231,9.596*41
$GNGST,021740.80,0.008,0.003,0.002,46.2966,2.724,1.231,9.596*40
$GNGST,021740.90,0.008,0.003,0.002,46.2946,2.724,1.231,9.596*43
$GNGST,021741.00,0.008,0.003,0.002,46.2946,2.724,1.231,9.596*4B
$GNGST,021741.10,0.008,0.003,0.002,45.1568,2.724,1.231,9.596*4A
$GNGST,021741.20,0.008,0.003,0.002,45.3691,2.724,1.231,9.596*4E
$GNGST,021741.30,0.008,0.003,0.002,46.1540,2.724,1.231,9.596*41
$GNGST,021741.40,0.008,0.003,0.002,45.9402,2.724,1.231,9.596*4A
$GNGST,021741.50,0.008,0.003,0.002,46.2947,2.724,1.231,9.596*4F
$GNGST,021741.60,0.008,0.003,0.002,46.1280,2.724,1.231,9.596*4F
$GNGST,021741.70,0.008,0.003,0.002,46.1280,2.724,1.231,9.596*4E
$GNGST,021741.80,0.008,0.003,0.002,46.2947,2.724,1.231,9.596*42
$GNGST,021741.90,0.007,0.003,0.002,45.7402,2.724,1.231,9.596*46
$GNGST,021742.00,0.007,0.003,0.002,46.8745,2.724,1.231,9.596*40
$GNGST,021742.10,0.008,0.003,0.002,46.6985,2.724,1.231,9.596*42
$GNGST,021742.20,0.008,0.003,0.002,51.7561,2.724,1.231,9.596*40
$GNGST,021742.30,0.008,0.003,0.002,46.6986,2.724,1.231,9.596*43
$GNGST,021742.40,0.008,0.003,0.002,46.6987,2.724,1.231,9.596*45
$GNGST,021742.50,0.008,0.003,0.002,51.7566,2.724,1.231,9.596*40
$GNGST,021742.60,0.008,0.003,0.002,45.6117,2.724,1.231,9.596*45
$GNGST,021742.70,0.007,0.003,0.002,46.8573,2.724,1.231,9.596*40
$GNGST,021742.80,0.008,0.003,0.002,45.3883,2.724,1.231,9.596*4A
$GNGST,021742.90,0.008,0.003,0.002,46.4196,2.724,1.231,9.596*42
$GNGST,021743.00,0.008,0.003,0.002,46.4197,2.724,1.231,9.596*4B
$GNGST,021743.10,0.008,0.003,0.002,44.6511,2.724,1.231,9.596*40
$GNGST,021743.20,0.007,0.003,0.002,46.6023,2.724,1.231,9.596*4A
$GNGST,021743.30,0.008,0.003,0.002,45.8214,2.724,1.231,9.596*4F
$GNGST,021743.40,0.008,0.003,0.002,45.8214,2.724,1.231,9.596*48
$GNGST,021743.50,0.007,0.003,0.002,44.9087,2.724,1.231,9.596*4E
$GNGST,021743.60,0.007,0.003,0.002,44.9088,2.724,1.231,9.596*42
$GNGST,021743.70,0.007,0.003,0.002,44.9089,2.724,1.231,9.596*42
$GNGST,021743.80,0.007,0.003,0.002,46.5390,2.724,1.231,9.596*48
$GNGST,021743.90,0.008,0.003,0.002,45.7994,2.724,1.231,9.596*49
$GNGST,021744.00,0.008,0.003,0.002,46.2891,2.724,1.231,9.596*45
$GNGST,021744.10,0.008,0.003,0.002,46.0578,2.724,1.231,9.596*4C
$GNGST,021744.20,0.008,0.003,0.002,45.7994,2.724,1.231,9.596*45
$GNGST,021744.30,0.008,0.003,0.002,46.0578,2.724,1.231,9.596*4E
$GNGST,021744.40,0.008,0.003,0.002,45.7994,2.724,1.231,9.596*43
$GNGST,021744.50,0.007,0.003,0.002,45.5654,2.724,1.231,9.596*4C
$GNGST,021744.60,0.008,0.003,0.002,45.7994,2.724,1.231,9.596*41
$GNGST,021744.70,0.008,0.003,0.002,45.7994,2.724,1.231,9.596*40
$GNGST,021744.80,0.007,0.003,0.002,45.8325,2.724,1.231,9.596*4F
$GNGST,021744.90,0.007,0.003,0.002,46.7849,2.724,1.231,9.596*43
$GNGST,021745.00,0.007,0.003,0.002,46.7850,2.724,1.231,9.596*43
$GNGST,021745.10,0.008,0.003,0.002,47.4341,2.724,1.231,9.596*44
$GNGST,021745.20,0.008,0.003,0.002,46.9655,2.724,1.231,9.596*4B
$GNGST,021745.30,0.008,0.003,0.002,47.6822,2.724,1.231,9.596*4A
$GNGST,021745.40,0.008,0.003,0.002,47.6823,2.724,1.231,9.596*4C
$GNGST,021745.50,0.008,0.003,0.002,47.6823,2.724,1.231,9.596*4D
$GNGST,021745.60,0.008,0.003,0.002,47.5302,2.724,1.231,9.596*45
$GNGST,021745.70,0.007,0.003,0.002,44.9067,2.724,1.231,9.596*44
$GNGST,021745.80,0.007,0.003,0.002,44.9068,2.724,1.231,9.596*44
$GNGST,021745.90,0.008,0.003,0.002,46.2861,2.724,1.231,9.596*42
$GNGST,021746.00,0.008,0.003,0.002,46.5456,2.724,1.231,9.596*47
$GNGST,021746.10,0.008,0.003,0.002,46.5456,2.724,1.231,9.596*46
$GNGST,021746.20,0.008,0.003,0.002,46.7769,2.724,1.231,9.596*48
$GNGST,021746.30,0.008,0.003,0.002,46.7769,2.724,1.231,9.596*49
$GNGST,021746.40,0.008,0.003,0.002,47.7788,2.724,1.231,9.596*40
$GNGST,021746.50,0.008,0.003,0.002,49.3016,2.724,1.231,9.596*4B
$GNGST,021746.60,0.008,0.003,0.002,49.1753,2.724,1.231,9.596*4C
$GNGST,021746.70,0.008,0.003,0.002,47.7791,2.724,1.231,9.596*4B
$GNGST,021746.80,0.007,0.003,0.002,48.5168,2.724,1.231,9.596*46
$GNGST,021746.90,0.007,0.003,0.002,47.7626,2.724,1.231,9.596*47
$GNGST,021747.00,0.008,0.003,0.002,48.3480,2.724,1.231,9.596*45
$GNGST,021747.10,0.008,0.003,0.002,48.3481,2.724,1.231,9.596*45
$GNGST,021747.20,0.008,0.003,0.002,48.3482,2.724,1.231,9.596*45
$GNGST,021747.30,0.008,0.003,0.002,48.9626,2.724,1.231,9.596*42
$GNGST,021747.40,0.008,0.003,0.002,48.9627,2.724,1.231,9.596*44
$GNGST,021747.50,0.008,0.003,0.002,48.9628,2.724,1.231,9.596*4A
$GNGST,021747.60,0.008,0.003,0.002,48.9629,2.724,1.231,9.596*48
$GNGST,021747.70,0.008,0.003,0.002,48.9629,2.724,1.231,9.596*49
$GNGST,021747.80,0.008,0.003,0.002,47.5783,2.724,1.231,9.596*44
$GNGST,021747.90,0.008,0.003,0.002,48.5506,2.724,1.231,9.596*45
$GNGST,021748.00,0.008,0.003,0.002,48.5507,2.724,1.231,9.596*42
$GNGST,021748.10,0.008,0.003,0.002,47.5784,2.724,1.231,9.596*45
$GNGST,021748.20,0.008,0.003,0.002,48.5508,2.724,1.231,9.596*4F
$GNGST,021748.30,0.008,0.003,0.002,49.9641,2.724,1.231,9.596*4D
$GNGST,021748.40,0.008,0.003,0.002,48.2970,2.724,1.231,9.596*4D
$GNGST,021748.50,0.008,0.003,0.002,48.2971,2.724,1.231,9.596*4D
$GNGST,021748.60,0.008,0.003,0.002,48.2972,2.724,1.231,9.596*4D
$GNGST,021748.70,0.007,0.003,0.002,48.3082,2.724,1.231,9.596*44
$GNGST,021748.80,0.007,0.003,0.002,51.6890,2.724,1.231,9.596*4D
$GNGST,021748.90,0.008,0.003,0.002,51.5990,2.724,1.231,9.596*41
$GNGST,021749.00,0.008,0.003,0.002,50.2752,2.724,1.231,9.596*4F
$GNGST,021749.10,0.007,0.003,0.002,51.6894,2.724,1.231,9.596*41
$GNGST,021749.20,0.008,0.003,0.002,48.2968,2.724,1.231,9.596*43
$GNGST,021749.30,0.007,0.003,0.002,49.0440,2.724,1.231,9.596*49
$GNGST,021749.40,0.008,0.003,0.002,48.2970,2.724,1.231,9.596*4C
$GNGST,021749.50,0.008,0.003,0.002,48.2970,2.724,1.231,9.596*4D
$GNGST,021749.60,0.008,0.003,0.002,49.0093,2.724,1.231,9.596*49
$GNGST,021749.70,0.008,0.003,0.002,51.9120,2.724,1.231,9.596*41
$GNGST,021749.80,0.008,0.003,0.002,48.8803,2.724,1.231,9.596*4F
$GNGST,021749.90,0.008,0.003,0.002,48.8804,2.724,1.231,9.596*49
$GNGST,021750.00,0.008,0.003,0.002,48.6429,2.724,1.231,9.596*45
$GNGST,021750.10,0.008,0.003,0.002,48.6430,2.724,1.231,9.596*4C
$GNGST,021750.20,0.008,0.003,0.002,48.6432,2.724,1.231,9.596*4D
$GNGST,021750.30,0.008,0.003,0.002,48.8809,2.724,1.231,9.596*46
$GNGST,021750.40,0.008,0.003,0.002,48.8810,2.724,1.231,9.596*49
$GNGST,021750.50,0.008,0.003,0.002,48.6435,2.724,1.231,9.596*4D
$GNGST,021750.60,0.008,0.003,0.002,48.7750,2.724,1.231,9.596*4F
$GNGST,021750.70,0.008,0.003,0.002,48.7751,2.724,1.231,9.596*4F
$GNGST,021750.80,0.008,0.003,0.002,48.7752,2.724,1.231,9.596*43
$GNGST,021750.90,0.007,0.003,0.002,48.7514,2.724,1.231,9.596*4D
$GNGST,021751.00,0.007,0.003,0.002,48.7515,2.724,1.231,9.596*44
$GNGST,021751.10,0.007,0.003,0.002,48.9865,2.724,1.231,9.596*41
$GNGST,021751.20,0.007,0.003,0.002,48.6971,2.724,1.231,9.596*49
$GNGST,021751.30,0.007,0.003,0.002,48.7059,2.724,1.231,9.596*4A
$GNGST,021751.40,0.008,0.003,0.002,47.7453,2.724,1.231,9.596*43
$GNGST,021751.50,0.007,0.003,0.002,48.7062,2.724,1.231,9.596*44
$GNGST,021751.60,0.007,0.003,0.002,48.7063,2.724,1.231,9.596*46
$GNGST,021751.70,0.007,0.003,0.002,49.1540,2.724,1.231,9.596*44
$GNGST,021751.80,0.008,0.003,0.002,48.5218,2.724,1.231,9.596*4B
$GNGST,021751.90,0.007,0.003,0.002,48.6680,2.724,1.231,9.596*43
$GNGST,021752.00,0.008,0.003,0.002,48.5219,2.724,1.231,9.596*41
$GNGST,021752.10,0.007,0.003,0.002,48.6887,2.724,1.231,9.596*41
$GNGST,021752.20,0.008,0.003,0.002,47.4896,2.724,1.231,9.596*40
$GNGST,021752.30,0.008,0.003,0.002,48.9112,2.724,1.231,9.596*46
$GNGST,021752.40,0.007,0.003,0.002,51.5830,2.724,1.231,9.596*43
$GNGST,021752.50,0.007,0.003,0.002,50.0843,2.724,1.231,9.596*42
$GNGST,021752.60,0.007,0.003,0.002,50.9001,2.724,1.231,9.596*46
$GNGST,021752.70,0.007,0.003,0.002,50.0847,2.724,1.231,9.596*44
$GNGST,021752.80,0.007,0.003,0.002,50.0848,2.724,1.231,9.596*44
$GNGST,021752.90,0.007,0.003,0.002,50.8752,2.724,1.231,9.596*49
$GNGST,021753.00,0.007,0.003,0.002,50.9010,2.724,1.231,9.596*41
$GNGST,021753.10,0.007,0.003,0.002,49.1745,2.724,1.231,9.596*47
$GNGST,021753.20,0.007,0.003,0.002,50.6797,2.724,1.231,9.596*44
$GNGST,021753.30,0.007,0.003,0.002,49.7332,2.724,1.231,9.596*47
$GNGST,021753.40,0.007,0.003,0.002,50.4581,2.724,1.231,9.596*45
$GNGST,021753.50,0.007,0.003,0.002,50.4029,2.724,1.231,9.596*43
$GNGST,021753.60,0.007,0.003,0.002,50.4031,2.724,1.231,9.596*49
$GNGST,021753.70,0.007,0.003,0.002,50.4034,2.724,1.231,9.596*4D
$GNGST,021753.80,0.007,0.003,0.002,48.9271,2.724,1.231,9.596*45
$GNGST,021753.90,0.007,0.003,0.002,48.9596,2.724,1.231,9.596*4A
$GNGST,021754.00,0.007,0.003,0.002,51.1498,2.724,1.231,9.596*4B
$GNGST,021754.10,0.007,0.003,0.002,51.1500,2.724,1.231,9.596*4A
$GNGST,021754.20,0.007,0.003,0.002,51.1707,2.724,1.231,9.596*4C
$GNGST,021754.30,0.007,0.003,0.002,51.1505,2.724,1.231,9.596*4D
$GNGST,021754.40,0.007,0.003,0.002,51.1507,2.724,1.231,9.596*48
$GNGST,021754.50,0.008,0.003,0.002,51.8915,2.724,1.231,9.596*40
$GNGST,021754.60,0.008,0.003,0.002,51.8917,2.724,1.231,9.596*41
$GNGST,021754.70,0.007,0.003,0.002,51.8924,2.724,1.231,9.596*4F
$GNGST,021754.80,0.007,0.003,0.002,51.1721,2.724,1.231,9.596*42
$GNGST,021754.90,0.007,0.003,0.002,51.1723,2.724,1.231,9.596*41
$GNGST,021755.00,0.008,0.003,0.002,52.2159,2.724,1.231,9.596*4D
$GNGST,021755.10,0.008,0.003,0.002,51.8927,2.724,1.231,9.596*44
$GNGST,021755.20,0.008,0.003,0.002,51.8931,2.724,1.231,9.596*40
$GNGST,021755.30,0.008,0.003,0.002,51.8933,2.724,1.231,9.596*43
$GNGST,021755.40,0.007,0.003,0.002,43.6684,2.724,1.231,9.596*45
$GNGST,021755.50,0.007,0.003,0.002,43.6684,2.724,1.231,9.596*44
$GNGST,021755.60,0.007,0.003,0.002,43.6684,2.724,1.231,9.596*47
$GNGST,021755.70,0.007,0.003,0.002,43.6035,2.724,1.231,9.596*4A
$GNGST,021755.80,0.007,0.003,0.002,44.5623,2.724,1.231,9.596*40
$GNGST,021755.90,0.007,0.003,0.002,43.3444,2.724,1.231,9.596*43
$GNGST,021756.00,0.007,0.003,0.002,43.3443,2.724,1.231,9.596*4E
$GNGST,021756.10,0.007,0.003,0.002,43.9155,2.724,1.231,9.596*47
$GNGST,021756.20,0.007,0.003,0.002,43.9154,2.724,1.231,9.596*45
$GNGST,021756.30,0.007,0.003,0.002,44.7088,2.724,1.231,9.596*4D
$GNGST,021756.40,0.007,0.003,0.002,44.7087,2.724,1.231,9.596*45
$GNGST,021756.50,0.007,0.003,0.002,44.1844,2.724,1.231,9.596*45
$GNGST,021756.60,0.007,0.003,0.002,43.3530,2.724,1.231,9.596*4D
$GNGST,021756.70,0.007,0.003,0.002,43.4439,2.724,1.231,9.596*43
$GNGST,021756.80,0.007,0.003,0.002,43.4438,2.724,1.231,9.596*4D
$GNGST,021756.90,0.007,0.003,0.002,43.4437,2.724,1.231,9.596*43
$GNGST,021757.00,0.007,0.003,0.002,43.4436,2.724,1.231,9.596*4A
$GNGST,021757.10,0.007,0.003,0.002,43.4435,2.724,1.231,9.596*48
$GNGST,021757.20,0.008,0.003,0.002,37.0541,2.724,1.231,9.596*41
$GNGST,021757.30,0.008,0.003,0.002,47.8328,2.724,1.231,9.596*46
$GNGST,021757.40,0.008,0.003,0.002,46.0738,2.724,1.231,9.596*4D
$GNGST,021757.50,0.008,0.003,0.002,49.7453,2.724,1.231,9.596*4A
$GNGST,021757.60,0.008,0.003,0.002,46.0736,2.724,1.231,9.596*41
$GNGST,021757.70,0.008,0.003,0.002,49.8044,2.724,1.231,9.596*45
$GNGST,021757.80,0.008,0.003,0.002,35.7162,2.724,1.231,9.596*4B
$GNGST,021757.90,0.008,0.003,0.002,45.4496,2.724,1.231,9.596*40
$GNGST,021758.00,0.008,0.003,0.002,35.7157,2.724,1.231,9.596*4A
$GNGST,021758.10,0.008,0.003,0.002,47.0719,2.724,1.231,9.596*45
$GNGST,021758.20,0.008,0.003,0.002,47.0718,2.724,1.231,9.596*47
$GNGST,021758.30,0.008,0.003,0.002,49.2717,2.724,1.231,9.596*45
$GNGST,021758.40,0.008,0.003,0.002,39.2255,2.724,1.231,9.596*46
$GNGST,021758.50,0.008,0.003,0.002,35.7146,2.724,1.231,9.596*4F
$GNGST,021758.60,0.008,0.003,0.002,37.1866,2.724,1.231,9.596*43
$GNGST,021758.70,0.008,0.003,0.002,37.1863,2.724,1.231,9.596*47
$GNGST,021758.80,0.008,0.003,0.002,37.1861,2.724,1.231,9.596*4A
$GNGST,021758.90,0.008,0.003,0.002,35.7136,2.724,1.231,9.596*44
$GNGST,021759.00,0.008,0.003,0.002,35.7134,2.724,1.231,9.596*4E
$GNGST,021759.10,0.008,0.003,0.003,38.1684,2.724,1.231,9.596*49
$GNGST,021759.20,0.008,0.003,0.002,37.1853,2.724,1.231,9.596*40
$GNGST,021759.30,0.008,0.003,0.002,47.2491,2.724,1.231,9.596*47
$GNGST,021759.40,0.008,0.003,0.002,35.8717,2.724,1.231,9.596*42
$GNGST,021759.50,0.008,0.003,0.002,38.0492,2.724,1.231,9.596*48
$GNGST,021759.60,0.008,0.003,0.002,46.5252,2.724,1.231,9.596*4D
$GNGST,021759.70,0.007,0.003,0.002,44.9611,2.724,1.231,9.596*4E
$GNGST,021759.80,0.008,0.003,0.002,49.4457,2.724,1.231,9.596*4E
$GNGST,021759.90,0.008,0.003,0.002,46.5249,2.724,1.231,9.596*48
$GNGST,021800.00,0.007,0.003,0.002,50.6311,2.724,1.231,9.596*45
$GNGST,021800.10,0.008,0.003,0.002,45.4466,2.724,1.231,9.596*4A
$GNGST,021800.20,0.008,0.003,0.002,46.5247,2.724,1.231,9.596*4E
$GNGST,021800.30,0.008,0.003,0.002,46.4895,2.724,1.231,9.596*4B
$GNGST,021800.40,0.007,0.003,0.002,50.5962,2.724,1.231,9.596*4C
$GNGST,021800.50,0.007,0.003,0.002,50.5963,2.724,1.231,9.596*4C
$GNGST,021800.60,0.008,0.003,0.002,44.7552,2.724,1.231,9.596*49
$GNGST,021800.70,0.008,0.003,0.002,46.3457,2.724,1.231,9.596*4A
$GNGST,021800.80,0.007,0.003,0.002,44.1240,2.724,1.231,9.596*4A
$GNGST,021800.90,0.007,0.003,0.002,47.3974,2.724,1.231,9.596*46
$GNGST,021801.00,0.007,0.003,0.002,48.1832,2.724,1.231,9.596*40
$GNGST,021801.10,0.007,0.003,0.002,48.2048,2.724,1.231,9.596*47
$GNGST,021801.20,0.007,0.003,0.002,49.5549,2.724,1.231,9.596*46
$GNGST,021801.30,0.007,0.003,0.002,48.9377,2.724,1.231,9.596*41
$GNGST,021801.40,0.007,0.003,0.002,47.0819,2.724,1.231,9.596*43
$GNGST,021801.50,0.007,0.003,0.002,49.5945,2.724,1.231,9.596*41
$GNGST,021801.60,0.007,0.003,0.002,47.8389,2.724,1.231,9.596*4B
$GNGST,021801.70,0.007,0.003,0.002,47.5999,2.724,1.231,9.596*4C
$GNGST,021801.80,0.007,0.003,0.002,47.5997,2.724,1.231,9.596*4D
$GNGST,021801.90,0.007,0.003,0.002,47.5998,2.724,1.231,9.596*43
$GNGST,021802.00,0.007,0.003,0.002,47.5999,2.724,1.231,9.596*48
$GNGST,021802.10,0.007,0.003,0.002,47.8390,2.724,1.231,9.596*47
$GNGST,021802.20,0.007,0.003,0.002,47.8391,2.724,1.231,9.596*45
$GNGST,021802.30,0.007,0.003,0.002,47.8392,2.724,1.231,9.596*47
$GNGST,021802.40,0.007,0.003,0.002,47.8393,2.724,1.231,9.596*41
$GNGST,021802.50,0.007,0.003,0.002,47.8394,2.724,1.231,9.596*47
$GNGST,021802.60,0.008,0.003,0.002,50.6809,2.724,1.231,9.596*4C
$GNGST,021802.70,0.007,0.003,0.002,47.3156,2.724,1.231,9.596*42
$GNGST,021802.80,0.007,0.003,0.002,47.8189,2.724,1.231,9.596*44
$GNGST,021802.90,0.007,0.003,0.002,47.8190,2.724,1.231,9.596*4D
$GNGST,021803.00,0.007,0.003,0.002,47.8402,2.724,1.231,9.596*4B
$GNGST,021803.10,0.007,0.003,0.002,47.8403,2.724,1.231,9.596*4B
$GNGST,021803.20,0.008,0.003,0.002,50.6822,2.724,1.231,9.596*40
$GNGST,021803.30,0.007,0.003,0.002,47.8405,2.724,1.231,9.596*4F
$GNGST,021803.40,0.008,0.003,0.002,50.6826,2.724,1.231,9.596*42
$GNGST,021803.50,0.008,0.003,0.002,50.6828,2.724,1.231,9.596*4D
$GNGST,021803.60,0.007,0.003,0.002,47.5780,2.724,1.231,9.596*49
$GNGST,021803.70,0.008,0.003,0.002,50.4471,2.724,1.231,9.596*4D
$GNGST,021803.80,0.007,0.003,0.002,47.5783,2.724,1.231,9.596*44
$GNGST,021803.90,0.008,0.003,0.002,45.5406,2.724,1.231,9.596*46
$GNGST,021804.00,0.008,0.003,0.002,45.7943,2.724,1.231,9.596*46
$GNGST,021804.10,0.007,0.003,0.002,47.5786,2.724,1.231,9.596*4F
$GNGST,021804.20,0.008,0.003,0.002,45.5405,2.724,1.231,9.596*49
$GNGST,021804.30,0.008,0.003,0.002,45.5405,2.724,1.231,9.596*48
$GNGST,021804.40,0.007,0.003,0.002,46.8081,2.724,1.231,9.596*46
$GNGST,021804.50,0.007,0.003,0.002,48.3180,2.724,1.231,9.596*42
$GNGST,021804.60,0.007,0.003,0.002,48.3181,2.724,1.231,9.596*40
$GNGST,021804.70,0.007,0.003,0.002,47.5985,2.724,1.231,9.596*44
$GNGST,021804.80,0.007,0.003,0.002,47.5986,2.724,1.231,9.596*48
$GNGST,021804.90,0.007,0.003,0.002,48.3186,2.724,1.231,9.596*48
$GNGST,021805.00,0.007,0.003,0.002,48.3188,2.724,1.231,9.596*4E
$GNGST,021805.10,0.007,0.003,0.002,48.3189,2.724,1.231,9.596*4E
$GNGST,021805.20,0.007,0.003,0.002,48.3191,2.724,1.231,9.596*44
$GNGST,021805.30,0.007,0.003,0.002,47.8380,2.724,1.231,9.596*43
$GNGST,021805.40,0.007,0.003,0.002,47.8381,2.724,1.231,9.596*45
$GNGST,021805.50,0.007,0.003,0.002,48.3195,2.724,1.231,9.596*47
$GNGST,021805.60,0.007,0.003,0.002,48.3197,2.724,1.231,9.596*46
$GNGST,021805.70,0.007,0.003,0.002,48.5258,2.724,1.231,9.596*41
$GNGST,021805.80,0.007,0.003,0.002,48.9707,2.724,1.231,9.596*4D
$GNGST,021805.90,0.007,0.003,0.002,48.9709,2.724,1.231,9.596*42
$GNGST,021806.00,0.007,0.003,0.002,48.9710,2.724,1.231,9.596*40
$GNGST,021806.10,0.007,0.003,0.002,48.9712,2.724,1.231,9.596*43
$GNGST,021806.20,0.007,0.003,0.002,48.5441,2.724,1.231,9.596*49
$GNGST,021806.30,0.007,0.003,0.002,48.9576,2.724,1.231,9.596*41
$GNGST,021806.40,0.007,0.003,0.002,48.9577,2.724,1.231,9.596*47
$GNGST,021806.50,0.007,0.003,0.002,48.9717,2.724,1.231,9.596*42
$GNGST,021806.60,0.007,0.003,0.002,48.9580,2.724,1.231,9.596*4D
$GNGST,021806.70,0.007,0.003,0.002,48.5274,2.724,1.231,9.596*4C
$GNGST,021806.80,0.007,0.003,0.002,48.5275,2.724,1.231,9.596*42
$GNGST,021806.90,0.007,0.003,0.002,48.2990,2.724,1.231,9.596*44
$GNGST,021807.00,0.007,0.003,0.002,48.5258,2.724,1.231,9.596*44
$GNGST,021807.10,0.007,0.003,0.002,48.5434,2.724,1.231,9.596*49
$GNGST,021807.20,0.007,0.003,0.002,48.5261,2.724,1.231,9.596*4C
$GNGST,021807.30,0.007,0.003,0.002,47.8112,2.724,1.231,9.596*48
$GNGST,021807.40,0.007,0.003,0.002,47.8365,2.724,1.231,9.596*4D
$GNGST,021807.50,0.007,0.003,0.002,48.5440,2.724,1.231,9.596*4E
$GNGST,021807.60,0.007,0.003,0.002,47.8116,2.724,1.231,9.596*49
$GNGST,021807.70,0.007,0.003,0.002,47.8117,2.724,1.231,9.596*49
$GNGST,021807.80,0.007,0.003,0.002,47.8101,2.724,1.231,9.596*41
$GNGST,021807.90,0.007,0.003,0.002,47.0538,2.724,1.231,9.596*46
$GNGST,021808.00,0.007,0.003,0.002,48.5274,2.724,1.231,9.596*45
$GNGST,021808.10,0.007,0.003,0.002,47.0769,2.724,1.231,9.596*47
$GNGST,021808.20,0.007,0.003,0.002,47.0770,2.724,1.231,9.596*4C
$GNGST,021808.30,0.007,0.003,0.002,46.9480,2.724,1.231,9.596*49
$GNGST,021808.40,0.007,0.003,0.002,46.9840,2.724,1.231,9.596*4E
$GNGST,021808.50,0.007,0.003,0.002,46.9841,2.724,1.231,9.596*4E
$GNGST,021808.60,0.007,0.003,0.002,46.9482,2.724,1.231,9.596*4E
$GNGST,021808.70,0.007,0.003,0.002,47.7498,2.724,1.231,9.596*4B
$GNGST,021808.80,0.008,0.003,0.002,45.8205,2.724,1.231,9.596*44
$GNGST,021808.90,0.008,0.003,0.002,45.8205,2.724,1.231,9.596*45
$GNGST,021809.00,0.008,0.003,0.002,45.8205,2.724,1.231,9.596*4D
$GNGST,021809.10,0.008,0.003,0.002,45.8204,2.724,1.231,9.596*4D
$GNGST,021809.20,0.007,0.003,0.002,47.8354,2.724,1.231,9.596*47
$GNGST,021809.30,0.008,0.003,0.002,49.8994,2.724,1.231,9.596*41
$GNGST,021809.40,0.008,0.003,0.002,45.8203,2.724,1.231,9.596*4F
$GNGST,021809.50,0.008,0.003,0.002,47.9346,2.724,1.231,9.596*4D
$GNGST,021809.60,0.008,0.003,0.002,49.8998,2.724,1.231,9.596*48
$GNGST,021809.70,0.008,0.003,0.002,47.8013,2.724,1.231,9.596*4D
$GNGST,021809.80,0.008,0.003,0.002,45.8185,2.724,1.231,9.596*4E
$GNGST,021809.90,0.008,0.003,0.002,45.8185,2.724,1.231,9.596*4F
$GNGST,021810.00,0.007,0.003,0.002,47.0750,2.724,1.231,9.596*45
$GNGST,021810.10,0.007,0.003,0.002,47.0750,2.724,1.231,9.596*44
$GNGST,021810.20,0.007,0.003,0.002,47.0751,2.724,1.231,9.596*46
$GNGST,021810.30,0.007,0.003,0.002,47.0752,2.724,1.231,9.596*44
$GNGST,021810.40,0.007,0.003,0.002,48.4331,2.724,1.231,9.596*49
$GNGST,021810.50,0.007,0.003,0.002,47.0753,2.724,1.231,9.596*43
$GNGST,021810.60,0.008,0.003,0.002,46.3725,2.724,1.231,9.596*4C
$GNGST,021810.70,0.007,0.003,0.002,47.8337,2.724,1.231,9.596*4F
$GNGST,021810.80,0.007,0.003,0.002,49.1770,2.724,1.231,9.596*40
$GNGST,021810.90,0.007,0.003,0.002,48.4152,2.724,1.231,9.596*43
$GNGST,021811.00,0.007,0.003,0.002,47.8340,2.724,1.231,9.596*49
$GNGST,021811.10,0.008,0.003,0.002,46.3708,2.724,1.231,9.596*45
$GNGST,021811.20,0.007,0.003,0.002,48.4325,2.724,1.231,9.596*4B
$GNGST,021811.30,0.007,0.003,0.002,48.4326,2.724,1.231,9.596*49
$GNGST,021811.40,0.008,0.003,0.002,49.2008,2.724,1.231,9.596*49
$GNGST,021811.50,0.008,0.003,0.002,49.2009,2.724,1.231,9.596*49
$GNGST,021811.60,0.007,0.003,0.002,47.7543,2.724,1.231,9.596*45
$GNGST,021811.70,0.008,0.003,0.002,45.8140,2.724,1.231,9.596*41
$GNGST,021811.80,0.007,0.003,0.002,47.8328,2.724,1.231,9.596*4F
$GNGST,021811.90,0.008,0.003,0.002,45.8698,2.724,1.231,9.596*4D
$GNGST,021812.00,0.007,0.003,0.002,47.8330,2.724,1.231,9.596*4D
$GNGST,021812.10,0.007,0.003,0.002,47.8331,2.724,1.231,9.596*4D
$GNGST,021812.20,0.008,0.003,0.002,48.5670,2.724,1.231,9.596*43
$GNGST,021812.30,0.007,0.003,0.002,47.8333,2.724,1.231,9.596*4D
$GNGST,021812.40,0.007,0.003,0.002,47.8334,2.724,1.231,9.596*4D
$GNGST,021812.50,0.007,0.003,0.002,47.8335,2.724,1.231,9.596*4D
$GNGST,021812.60,0.008,0.003,0.002,48.5673,2.724,1.231,9.596*44
$GNGST,021812.70,0.007,0.003,0.002,45.9324,2.724,1.231,9.596*4C
$GNGST,021812.80,0.007,0.003,0.002,47.8338,2.724,1.231,9.596*4D
$GNGST,021812.90,0.007,0.003,0.002,46.7289,2.724,1.231,9.596*49
$GNGST,021813.00,0.008,0.003,0.002,45.7751,2.724,1.231,9.596*4D
$GNGST,021813.10,0.008,0.003,0.002,45.7750,2.724,1.231,9.596*4D
$GNGST,021813.20,0.007,0.003,0.002,46.7290,2.724,1.231,9.596*4B
$GNGST,021813.30,0.007,0.003,0.002,46.7290,2.724,1.231,9.596*4A
$GNGST,021813.40,0.007,0.003,0.002,46.7291,2.724,1.231,9.596*4C
$GNGST,021813.50,0.007,0.003,0.002,46.7314,2.724,1.231,9.596*41
$GNGST,021813.60,0.007,0.003,0.002,46.7291,2.724,1.231,9.596*4E
$GNGST,021813.70,0.008,0.003,0.002,49.4176,2.724,1.231,9.596*46
$GNGST,021813.80,0.008,0.003,0.002,48.5442,2.724,1.231,9.596*4B
$GNGST,021813.90,0.008,0.003,0.002,49.4179,2.724,1.231,9.596*47
$GNGST,021814.00,0.008,0.003,0.002,45.9840,2.724,1.231,9.596*4B
$GNGST,021814.10,0.008,0.003,0.002,50.2870,2.724,1.231,9.596*46
$GNGST,021814.20,0.008,0.003,0.002,46.0154,2.724,1.231,9.596*4F
$GNGST,021814.30,0.008,0.003,0.002,45.0483,2.724,1.231,9.596*42
$GNGST,021814.40,0.008,0.003,0.002,45.0483,2.724,1.231,9.596*45
$GNGST,021814.50,0.007,0.003,0.002,45.8824,2.724,1.231,9.596*42
$GNGST,021814.60,0.007,0.003,0.002,45.9307,2.724,1.231,9.596*4A
$GNGST,021814.70,0.007,0.003,0.002,45.9307,2.724,1.231,9.596*4B
$GNGST,021814.80,0.007,0.003,0.002,45.9308,2.724,1.231,9.596*4B
$GNGST,021814.90,0.008,0.003,0.002,47.0564,2.724,1.231,9.596*42
$GNGST,021815.00,0.008,0.003,0.002,46.7560,2.724,1.231,9.596*48
$GNGST,021815.10,0.008,0.003,0.002,46.7560,2.724,1.231,9.596*49
$GNGST,021815.20,0.007,0.003,0.002,46.4731,2.724,1.231,9.596*40
$GNGST,021815.30,0.007,0.003,0.002,46.4731,2.724,1.231,9.596*41
$GNGST,021815.40,0.007,0.003,0.002,46.4731,2.724,1.231,9.596*46
$GNGST,021815.50,0.007,0.003,0.002,45.9295,2.724,1.231,9.596*42
$GNGST,021815.60,0.007,0.003,0.002,45.9296,2.724,1.231,9.596*42
$GNGST,021815.70,0.007,0.003,0.002,45.9297,2.724,1.231,9.596*42
$GNGST,021815.80,0.007,0.003,0.002,45.9297,2.724,1.231,9.596*4D
$GNGST,021815.90,0.007,0.003,0.002,46.9916,2.724,1.231,9.596*4D
$GNGST,021816.00,0.007,0.003,0.002,47.4223,2.724,1.231,9.596*46
$GNGST,021816.10,0.007,0.003,0.002,47.4414,2.724,1.231,9.596*45
$GNGST,021816.20,0.007,0.003,0.002,47.5040,2.724,1.231,9.596*42
$GNGST,021816.30,0.007,0.003,0.002,47.9721,2.724,1.231,9.596*4F
$GNGST,021816.40,0.007,0.003,0.002,47.4418,2.724,1.231,9.596*4C
$GNGST,021816.50,0.007,0.003,0.002,47.5032,2.724,1.231,9.596*40
$GNGST,021816.60,0.007,0.003,0.002,47.6477,2.724,1.231,9.596*45
$GNGST,021816.70,0.007,0.003,0.002,47.6478,2.724,1.231,9.596*4B
$GNGST,021816.80,0.007,0.003,0.002,47.6479,2.724,1.231,9.596*45
$GNGST,021816.90,0.007,0.003,0.002,47.6677,2.724,1.231,9.596*48
$GNGST,021817.00,0.007,0.003,0.002,46.9127,2.724,1.231,9.596*4C
$GNGST,021817.10,0.008,0.003,0.002,47.5491,2.724,1.231,9.596*47
$GNGST,021817.20,0.007,0.003,0.002,46.7367,2.724,1.231,9.596*46
$GNGST,021817.30,0.007,0.003,0.002,46.7368,2.724,1.231,9.596*48
$GNGST,021817.40,0.008,0.003,0.002,47.5492,2.724,1.231,9.596*41
$GNGST,021817.50,0.008,0.003,0.002,47.5325,2.724,1.231,9.596*4B
$GNGST,021817.60,0.007,0.003,0.002,46.7621,2.724,1.231,9.596*45
$GNGST,021817.70,0.007,0.003,0.002,46.7350,2.724,1.231,9.596*47
$GNGST,021817.80,0.007,0.003,0.002,46.6264,2.724,1.231,9.596*4F
$GNGST,021817.90,0.007,0.003,0.002,46.7761,2.724,1.231,9.596*4F
$GNGST,021818.00,0.007,0.003,0.002,46.7498,2.724,1.231,9.596*4C
$GNGST,021818.10,0.007,0.003,0.002,46.7498,2.724,1.231,9.596*4D
$GNGST,021818.20,0.007,0.003,0.002,46.7762,2.724,1.231,9.596*48
$GNGST,021818.30,0.007,0.003,0.002,46.9113,2.724,1.231,9.596*47
$GNGST,021818.40,0.007,0.003,0.002,46.7763,2.724,1.231,9.596*4F
$GNGST,021818.50,0.007,0.003,0.002,46.7764,2.724,1.231,9.596*49
$GNGST,021818.60,0.007,0.003,0.002,46.7764,2.724,1.231,9.596*4A
$GNGST,021818.70,0.007,0.003,0.002,46.7765,2.724,1.231,9.596*4A
$GNGST,021818.80,0.007,0.003,0.002,46.7766,2.724,1.231,9.596*46
$GNGST,021818.90,0.007,0.003,0.002,46.7750,2.724,1.231,9.596*42
$GNGST,021819.00,0.008,0.003,0.002,46.2623,2.724,1.231,9.596*45
$GNGST,021819.10,0.008,0.003,0.002,46.2624,2.724,1.231,9.596*43
$GNGST,021819.20,0.008,0.003,0.002,49.3796,2.724,1.231,9.596*46
$GNGST,021819.30,0.007,0.003,0.002,48.3302,2.724,1.231,9.596*40
$GNGST,021819.40,0.008,0.003,0.002,46.2627,2.724,1.231,9.596*45
$GNGST,021819.50,0.007,0.003,0.002,48.3022,2.724,1.231,9.596*47
$GNGST,021819.60,0.007,0.003,0.002,46.2663,2.724,1.231,9.596*48
$GNGST,021819.70,0.007,0.003,0.002,47.5640,2.724,1.231,9.596*4E
$GNGST,021819.80,0.007,0.003,0.002,47.5641,2.724,1.231,9.596*40
$GNGST,021819.90,0.007,0.003,0.002,47.6432,2.724,1.231,9.596*44
$GNGST,021820.00,0.007,0.003,0.002,46.9094,2.724,1.231,9.596*41
$GNGST,021820.10,0.007,0.003,0.002,48.2189,2.724,1.231,9.596*48
$GNGST,021820.20,0.008,0.003,0.002,46.8749,2.724,1.231,9.596*4A
$GNGST,021820.30,0.007,0.003,0.002,47.6436,2.724,1.231,9.596*40
$GNGST,021820.40,0.007,0.003,0.002,47.6437,2.724,1.231,9.596*46
$GNGST,021820.50,0.007,0.003,0.002,46.9097,2.724,1.231,9.596*47
$GNGST,021820.60,0.007,0.003,0.002,46.8508,2.724,1.231,9.596*46
$GNGST,021820.70,0.007,0.003,0.002,47.6440,2.724,1.231,9.596*45
$GNGST,021820.80,0.008,0.003,0.002,50.0098,2.724,1.231,9.596*44
$GNGST,021820.90,0.008,0.003,0.002,48.2413,2.724,1.231,9.596*49
$GNGST,021821.00,0.007,0.003,0.002,47.5213,2.724,1.231,9.596*40
$GNGST,021821.10,0.007,0.003,0.002,48.3332,2.724,1.231,9.596*4A
$GNGST,021821.20,0.007,0.003,0.002,48.3333,2.724,1.231,9.596*48
$GNGST,021821.30,0.007,0.003,0.002,48.3335,2.724,1.231,9.596*4F
$GNGST,021821.40,0.007,0.003,0.002,48.3336,2.724,1.231,9.596*4B
$GNGST,021821.50,0.007,0.003,0.002,47.6422,2.724,1.231,9.596*42
$GNGST,021821.60,0.007,0.003,0.002,48.3722,2.724,1.231,9.596*48
$GNGST,021821.70,0.007,0.003,0.002,48.3724,2.724,1.231,9.596*4F
$GNGST,021821.80,0.008,0.003,0.002,46.4376,2.724,1.231,9.596*45
$GNGST,021821.90,0.007,0.003,0.002,48.3726,2.724,1.231,9.596*43
$GNGST,021822.00,0.008,0.003,0.002,46.4376,2.724,1.231,9.596*4E
$GNGST,021822.10,0.007,0.003,0.002,47.8194,2.724,1.231,9.596*43
$GNGST,021822.20,0.007,0.003,0.002,47.6638,2.724,1.231,9.596*4F
$GNGST,021822.30,0.007,0.003,0.002,48.3572,2.724,1.231,9.596*49
$GNGST,021822.40,0.007,0.003,0.002,48.3587,2.724,1.231,9.596*44
$GNGST,021822.50,0.007,0.003,0.002,47.6640,2.724,1.231,9.596*47
$GNGST,021822.60,0.007,0.003,0.002,47.1443,2.724,1.231,9.596*42
$GNGST,021822.70,0.007,0.003,0.002,47.1444,2.724,1.231,9.596*44
$GNGST,021822.80,0.007,0.003,0.002,48.4143,2.724,1.231,9.596*43
$GNGST,021822.90,0.007,0.003,0.002,47.6775,2.724,1.231,9.596*4C
$GNGST,021823.00,0.008,0.003,0.002,45.5794,2.724,1.231,9.596*45
$GNGST,021823.10,0.007,0.003,0.002,47.1467,2.724,1.231,9.596*42
$GNGST,021823.20,0.007,0.003,0.002,47.1679,2.724,1.231,9.596*4C
$GNGST,021823.30,0.007,0.003,0.002,47.6427,2.724,1.231,9.596*43
$GNGST,021823.40,0.007,0.003,0.002,47.1222,2.724,1.231,9.596*40
$GNGST,021823.50,0.008,0.003,0.002,45.2936,2.724,1.231,9.596*41
$GNGST,021823.60,0.007,0.003,0.002,47.1225,2.724,1.231,9.596*45
$GNGST,021823.70,0.007,0.003,0.002,47.1226,2.724,1.231,9.596*47
$GNGST,021823.80,0.007,0.003,0.002,47.6409,2.724,1.231,9.596*44
$GNGST,021823.90,0.007,0.003,0.002,47.6409,2.724,1.231,9.596*45
$GNGST,021824.00,0.007,0.003,0.002,47.6606,2.724,1.231,9.596*46
$GNGST,021824.10,0.008,0.003,0.002,45.6688,2.724,1.231,9.596*4C
$GNGST,021824.20,0.008,0.003,0.002,49.5684,2.724,1.231,9.596*4C
$GNGST,021824.30,0.007,0.003,0.002,47.6433,2.724,1.231,9.596*41
$GNGST,021824.40,0.007,0.003,0.002,47.6609,2.724,1.231,9.596*4D
$GNGST,021824.50,0.007,0.003,0.002,48.9814,2.724,1.231,9.596*4E
$GNGST,021824.60,0.008,0.003,0.002,49.5689,2.724,1.231,9.596*45
$GNGST,021824.70,0.007,0.003,0.002,48.9817,2.724,1.231,9.596*4F
$GNGST,021824.80,0.007,0.003,0.002,47.6613,2.724,1.231,9.596*4A
$GNGST,021824.90,0.007,0.003,0.002,47.6419,2.724,1.231,9.596*43
$GNGST,021825.00,0.008,0.003,0.002,52.3729,2.724,1.231,9.596*45
$GNGST,021825.10,0.007,0.003,0.002,47.6597,2.724,1.231,9.596*4D
$GNGST,021825.20,0.007,0.003,0.002,47.6422,2.724,1.231,9.596*41
$GNGST,021825.30,0.007,0.003,0.002,47.6423,2.724,1.231,9.596*41
$GNGST,021825.40,0.007,0.003,0.002,47.6423,2.724,1.231,9.596*46
$GNGST,021825.50,0.008,0.003,0.002,50.7899,2.724,1.231,9.596*42
$GNGST,021825.60,0.007,0.003,0.002,48.8554,2.724,1.231,9.596*44
$GNGST,021825.70,0.007,0.003,0.002,47.5108,2.724,1.231,9.596*4A
$GNGST,021825.80,0.007,0.003,0.002,48.9678,2.724,1.231,9.596*46
$GNGST,021825.90,0.007,0.003,0.002,47.6598,2.724,1.231,9.596*4A
$GNGST,021826.00,0.008,0.003,0.002,50.8045,2.724,1.231,9.596*42
$GNGST,021826.10,0.007,0.003,0.002,47.6419,2.724,1.231,9.596*49
$GNGST,021826.20,0.007,0.003,0.002,47.6420,2.724,1.231,9.596*40
$GNGST,021826.30,0.007,0.003,0.002,47.6601,2.724,1.231,9.596*40
$GNGST,021826.40,0.007,0.003,0.002,47.6602,2.724,1.231,9.596*44
$GNGST,021826.50,0.007,0.003,0.002,48.0949,2.724,1.231,9.596*4C
$GNGST,021826.60,0.007,0.003,0.002,47.6424,2.724,1.231,9.596*40
$GNGST,021826.70,0.007,0.003,0.002,45.8722,2.724,1.231,9.596*48
$GNGST,021826.80,0.007,0.003,0.002,47.6425,2.724,1.231,9.596*4F
$GNGST,021826.90,0.007,0.003,0.002,47.5305,2.724,1.231,9.596*48
$GNGST,021827.00,0.007,0.003,0.002,47.6770,2.724,1.231,9.596*45
$GNGST,021827.10,0.008,0.003,0.002,45.4204,2.724,1.231,9.596*4D
$GNGST,021827.20,0.007,0.003,0.002,47.6756,2.724,1.231,9.596*43
$GNGST,021827.30,0.007,0.003,0.002,47.6603,2.724,1.231,9.596*43
$GNGST,021827.40,0.007,0.003,0.002,47.5516,2.724,1.231,9.596*40
$GNGST,021827.50,0.007,0.003,0.002,47.5517,2.724,1.231,9.596*40
$GNGST,021827.60,0.007,0.003,0.002,45.9367,2.724,1.231,9.596*4C
$GNGST,021827.70,0.007,0.003,0.002,45.9368,2.724,1.231,9.596*42
$GNGST,021827.80,0.007,0.003,0.002,45.9369,2.724,1.231,9.596*4C
$GNGST,021827.90,0.007,0.003,0.002,47.6941,2.724,1.231,9.596*40
$GNGST,021828.00,0.007,0.003,0.002,47.5803,2.724,1.231,9.596*42
$GNGST,021828.10,0.007,0.003,0.002,47.5804,2.724,1.231,9.596*44
$GNGST,021828.20,0.007,0.003,0.002,47.5805,2.724,1.231,9.596*46
$GNGST,021828.30,0.007,0.003,0.002,48.1086,2.724,1.231,9.596*4F
$GNGST,021828.40,0.007,0.003,0.002,47.5807,2.724,1.231,9.596*42
$GNGST,021828.50,0.007,0.003,0.002,47.6596,2.724,1.231,9.596*45
$GNGST,021828.60,0.007,0.003,0.002,45.9187,2.724,1.231,9.596*4F
$GNGST,021828.70,0.007,0.003,0.002,45.9188,2.724,1.231,9.596*41
$GNGST,021828.80,0.007,0.003,0.002,47.6588,2.724,1.231,9.596*47
$GNGST,021828.90,0.007,0.003,0.002,46.8984,2.724,1.231,9.596*49
$GNGST,021829.00,0.007,0.003,0.002,46.8984,2.724,1.231,9.596*41
$GNGST,021829.10,0.007,0.003,0.002,47.6591,2.724,1.231,9.596*47
$GNGST,021829.20,0.007,0.003,0.002,47.6592,2.724,1.231,9.596*47
$GNGST,021829.30,0.007,0.003,0.002,47.6592,2.724,1.231,9.596*46
$GNGST,021829.40,0.007,0.003,0.002,47.6593,2.724,1.231,9.596*40
$GNGST,021829.50,0.007,0.003,0.002,47.6594,2.724,1.231,9.596*46
$GNGST,021829.60,0.007,0.003,0.002,47.6595,2.724,1.231,9.596*44
$GNGST,021829.70,0.008,0.003,0.002,37.9818,2.724,1.231,9.596*4A
$GNGST,021829.80,0.007,0.003,0.002,47.6397,2.724,1.231,9.596*4E
$GNGST,021829.90,0.007,0.003,0.002,47.1426,2.724,1.231,9.596*45
$GNGST,021830.00,0.007,0.003,0.002,47.1428,2.724,1.231,9.596*4A
$GNGST,021830.10,0.007,0.003,0.002,47.1222,2.724,1.231,9.596*47
$GNGST,021830.20,0.007,0.003,0.002,47.6401,2.724,1.231,9.596*44
$GNGST,021830.30,0.007,0.003,0.002,47.6401,2.724,1.231,9.596*45
$GNGST,021830.40,0.007,0.003,0.002,47.6402,2.724,1.231,9.596*41
$GNGST,021830.50,0.007,0.003,0.002,47.6403,2.724,1.231,9.596*41
$GNGST,021830.60,0.007,0.003,0.002,47.6598,2.724,1.231,9.596*41
$GNGST,021830.70,0.007,0.003,0.002,45.8718,2.724,1.231,9.596*46
$GNGST,021830.80,0.007,0.003,0.002,47.3682,2.724,1.231,9.596*42
$GNGST,021830.90,0.007,0.003,0.002,52.0595,2.724,1.231,9.596*41
$GNGST,021831.00,0.007,0.003,0.002,47.3899,2.724,1.231,9.596*4F
$GNGST,021831.10,0.007,0.003,0.002,47.3900,2.724,1.231,9.596*4F
$GNGST,021831.20,0.007,0.003,0.002,47.3702,2.724,1.231,9.596*40
$GNGST,021831.30,0.007,0.003,0.002,47.6405,2.724,1.231,9.596*40
$GNGST,021831.40,0.007,0.003,0.002,47.3902,2.724,1.231,9.596*48
$GNGST,021831.50,0.007,0.003,0.002,47.3704,2.724,1.231,9.596*41
$GNGST,021831.60,0.007,0.003,0.002,47.3903,2.724,1.231,9.596*4B
$GNGST,021831.70,0.007,0.003,0.002,47.3904,2.724,1.231,9.596*4D
$GNGST,021831.80,0.007,0.003,0.002,46.8977,2.724,1.231,9.596*4C
$GNGST,021831.90,0.008,0.003,0.002,46.7778,2.724,1.231,9.596*4C
$GNGST,021832.00,0.007,0.003,0.002,47.2493,2.724,1.231,9.596*4B
$GNGST,021832.10,0.008,0.003,0.002,46.7780,2.724,1.231,9.596*40
$GNGST,021832.20,0.007,0.003,0.002,46.8981,2.724,1.231,9.596*4C
$GNGST,021832.30,0.007,0.003,0.002,47.3894,2.724,1.231,9.596*42
$GNGST,021832.40,0.007,0.003,0.002,47.3894,2.724,1.231,9.596*45
$GNGST,021832.50,0.007,0.003,0.002,46.8984,2.724,1.231,9.596*4E
$GNGST,021832.60,0.007,0.003,0.002,47.3896,2.724,1.231,9.596*45
$GNGST,021832.70,0.007,0.003,0.002,48.1598,2.724,1.231,9.596*4A
$GNGST,021832.80,0.007,0.003,0.002,47.4311,2.724,1.231,9.596*48
$GNGST,021832.90,0.007,0.003,0.002,47.2865,2.724,1.231,9.596*47
$GNGST,021833.00,0.007,0.003,0.002,47.4312,2.724,1.231,9.596*42
$GNGST,021833.10,0.007,0.003,0.002,47.4313,2.724,1.231,9.596*42
$GNGST,021833.20,0.007,0.003,0.002,46.8965,2.724,1.231,9.596*47
$GNGST,021833.30,0.007,0.003,0.002,46.9361,2.724,1.231,9.596*49
$GNGST,021833.40,0.007,0.003,0.002,46.9363,2.724,1.231,9.596*4C
$GNGST,021833.50,0.007,0.003,0.002,48.1590,2.724,1.231,9.596*41
$GNGST,021833.60,0.008,0.003,0.002,48.4165,2.724,1.231,9.596*46
$GNGST,021833.70,0.007,0.003,0.002,47.3859,2.724,1.231,9.596*46
$GNGST,021833.80,0.007,0.003,0.002,47.4301,2.724,1.231,9.596*48
$GNGST,021833.90,0.008,0.003,0.002,45.7607,2.724,1.231,9.596*44
$GNGST,021834.00,0.007,0.003,0.002,47.3696,2.724,1.231,9.596*4B
$GNGST,021834.10,0.008,0.003,0.002,48.6188,2.724,1.231,9.596*47
$GNGST,021834.20,0.008,0.003,0.002,48.6190,2.724,1.231,9.596*4D
$GNGST,021834.30,0.007,0.003,0.002,46.9356,2.724,1.231,9.596*4A
$GNGST,021834.40,0.007,0.003,0.002,48.7574,2.724,1.231,9.596*4B
$GNGST,021834.50,0.008,0.003,0.002,48.6195,2.724,1.231,9.596*4F
$GNGST,021834.60,0.007,0.003,0.002,46.9359,2.724,1.231,9.596*40
$GNGST,021834.70,0.007,0.003,0.002,46.9361,2.724,1.231,9.596*4A
$GNGST,021834.80,0.007,0.003,0.002,46.9362,2.724,1.231,9.596*46
$GNGST,021834.90,0.007,0.003,0.002,47.3841,2.724,1.231,9.596*46
$GNGST,021835.00,0.007,0.003,0.002,48.1579,2.724,1.231,9.596*45
$GNGST,021835.10,0.007,0.003,0.002,48.1580,2.724,1.231,9.596*42
$GNGST,021835.20,0.007,0.003,0.002,48.1581,2.724,1.231,9.596*40
$GNGST,021835.30,0.007,0.003,0.002,48.1582,2.724,1.231,9.596*42
$GNGST,021835.40,0.007,0.003,0.002,47.2839,2.724,1.231,9.596*44
$GNGST,021835.50,0.007,0.003,0.002,47.4286,2.724,1.231,9.596*4D
$GNGST,021835.60,0.008,0.003,0.002,47.4890,2.724,1.231,9.596*4C
$GNGST,021835.70,0.007,0.003,0.002,47.4288,2.724,1.231,9.596*41
$GNGST,021835.80,0.007,0.003,0.002,48.1577,2.724,1.231,9.596*43
$GNGST,021835.90,0.007,0.003,0.002,48.1578,2.724,1.231,9.596*4D
$GNGST,021836.00,0.007,0.003,0.002,48.1579,2.724,1.231,9.596*46
$GNGST,021836.10,0.007,0.003,0.002,48.1580,2.724,1.231,9.596*41
$GNGST,021836.20,0.007,0.003,0.002,48.1581,2.724,1.231,9.596*43
$GNGST,021836.30,0.007,0.003,0.002,48.1582,2.724,1.231,9.596*41
$GNGST,021836.40,0.007,0.003,0.002,48.1583,2.724,1.231,9.596*47
$GNGST,021836.50,0.007,0.003,0.002,48.1584,2.724,1.231,9.596*41
$GNGST,021836.60,0.008,0.003,0.002,46.0577,2.724,1.231,9.596*4E
$GNGST,021836.70,0.007,0.003,0.002,48.1046,2.724,1.231,9.596*48
$GNGST,021836.80,0.007,0.003,0.002,48.1568,2.724,1.231,9.596*4E
$GNGST,021836.90,0.007,0.003,0.002,48.1569,2.724,1.231,9.596*4E
$GNGST,021837.00,0.007,0.003,0.002,48.1570,2.724,1.231,9.596*4E
$GNGST,021837.10,0.007,0.003,0.002,48.1571,2.724,1.231,9.596*4E
$GNGST,021837.20,0.008,0.003,0.002,48.1746,2.724,1.231,9.596*44
$GNGST,021837.30,0.007,0.003,0.002,48.1573,2.724,1.231,9.596*4E
$GNGST,021837.40,0.007,0.003,0.002,48.1574,2.724,1.231,9.596*4E
$GNGST,021837.50,0.007,0.003,0.002,48.1576,2.724,1.231,9.596*4D
$GNGST,021837.60,0.007,0.003,0.002,48.1577,2.724,1.231,9.596*4F
$GNGST,021837.70,0.008,0.003,0.002,48.0529,2.724,1.231,9.596*4B
$GNGST,021837.80,0.008,0.003,0.002,48.0529,2.724,1.231,9.596*44
$GNGST,021837.90,0.007,0.003,0.002,48.0903,2.724,1.231,9.596*4E
$GNGST,021838.00,0.008,0.003,0.002,47.3964,2.724,1.231,9.596*4A
$GNGST,021838.10,0.007,0.003,0.002,46.8933,2.724,1.231,9.596*4C
$GNGST,021838.20,0.007,0.003,0.002,46.8934,2.724,1.231,9.596*48
$GNGST,021838.30,0.007,0.003,0.002,48.1568,2.724,1.231,9.596*4B
$GNGST,021838.40,0.007,0.003,0.002,46.8936,2.724,1.231,9.596*4C
$GNGST,021838.50,0.008,0.003,0.002,47.4465,2.724,1.231,9.596*44
$GNGST,021838.60,0.007,0.003,0.002,46.9333,2.724,1.231,9.596*40
$GNGST,021838.70,0.007,0.003,0.002,46.9334,2.724,1.231,9.596*46
$GNGST,021838.80,0.007,0.003,0.002,52.9946,2.724,1.231,9.596*43
$GNGST,021838.90,0.007,0.003,0.002,47.9788,2.724,1.231,9.596*4A
$GNGST,021839.00,0.007,0.003,0.002,47.5228,2.724,1.231,9.596*41
$GNGST,021839.10,0.007,0.003,0.002,47.4258,2.724,1.231,9.596*46
$GNGST,021839.20,0.007,0.003,0.002,52.2644,2.724,1.231,9.596*4E
$GNGST,021839.30,0.007,0.003,0.002,47.7004,2.724,1.231,9.596*4C
$GNGST,021839.40,0.007,0.003,0.002,47.7005,2.724,1.231,9.596*4A
$GNGST,021839.50,0.007,0.003,0.002,47.7006,2.724,1.231,9.596*48
$GNGST,021839.60,0.007,0.003,0.002,47.6493,2.724,1.231,9.596*42
$GNGST,021839.70,0.007,0.003,0.002,47.6983,2.724,1.231,9.596*4F
$GNGST,021839.80,0.008,0.003,0.002,45.6196,2.724,1.231,9.596*41
$GNGST,021839.90,0.008,0.003,0.002,46.9106,2.724,1.231,9.596*45
$GNGST,021840.00,0.007,0.003,0.002,47.6986,2.724,1.231,9.596*43
$GNGST,021840.10,0.007,0.003,0.002,47.6795,2.724,1.231,9.596*4E
$GNGST,021840.20,0.007,0.003,0.002,47.6987,2.724,1.231,9.596*40
$GNGST,021840.30,0.007,0.003,0.002,48.1519,2.724,1.231,9.596*42
$GNGST,021840.40,0.007,0.003,0.002,47.8601,2.724,1.231,9.596*49
$GNGST,021840.50,0.007,0.003,0.002,47.8288,2.724,1.231,9.596*4D
$GNGST,021840.60,0.008,0.003,0.002,51.8098,2.724,1.231,9.596*45
$GNGST,021840.70,0.007,0.003,0.002,49.1252,2.724,1.231,9.596*4F
$GNGST,021840.80,0.007,0.003,0.002,48.7372,2.724,1.231,9.596*44
$GNGST,021840.90,0.007,0.003,0.002,47.9892,2.724,1.231,9.596*41
$GNGST,021841.00,0.007,0.003,0.002,47.4241,2.724,1.231,9.596*40
$GNGST,021841.10,0.007,0.003,0.002,48.6831,2.724,1.231,9.596*41
$GNGST,021841.20,0.007,0.003,0.002,47.3588,2.724,1.231,9.596*47
$GNGST,021841.30,0.007,0.003,0.002,46.9104,2.724,1.231,9.596*4D
$GNGST,021841.40,0.007,0.003,0.002,47.4244,2.724,1.231,9.596*41
$GNGST,021841.50,0.007,0.003,0.002,47.4244,2.724,1.231,9.596*40
$GNGST,021841.60,0.007,0.003,0.002,47.8586,2.724,1.231,9.596*46
$GNGST,021841.70,0.007,0.003,0.002,47.4225,2.724,1.231,9.596*45
$GNGST,021841.80,0.007,0.003,0.002,47.4226,2.724,1.231,9.596*49
$GNGST,021841.90,0.007,0.003,0.002,47.3441,2.724,1.231,9.596*48
$GNGST,021842.00,0.008,0.003,0.002,47.3650,2.724,1.231,9.596*4F
$GNGST,021842.10,0.007,0.003,0.002,47.8762,2.724,1.231,9.596*4A
$GNGST,021842.20,0.007,0.003,0.002,47.4229,2.724,1.231,9.596*4F
$GNGST,021842.30,0.007,0.003,0.002,47.3789,2.724,1.231,9.596*46
$GNGST,021842.40,0.007,0.003,0.002,47.4230,2.724,1.231,9.596*41
$GNGST,021842.50,0.008,0.003,0.002,50.8568,2.724,1.231,9.596*4F
$GNGST,021842.60,0.008,0.003,0.002,50.7991,2.724,1.231,9.596*49
$GNGST,021842.70,0.008,0.003,0.002,53.6760,2.724,1.231,9.596*4A
$GNGST,021842.80,0.007,0.003,0.002,47.3181,2.724,1.231,9.596*43
$GNGST,021842.90,0.007,0.003,0.002,47.4221,2.724,1.231,9.596*4C
$GNGST,021843.00,0.007,0.003,0.002,47.3182,2.724,1.231,9.596*49
$GNGST,021843.10,0.008,0.003,0.002,50.2765,2.724,1.231,9.596*4F
$GNGST,021843.20,0.007,0.003,0.002,46.8227,2.724,1.231,9.596*4D
$GNGST,021843.30,0.007,0.003,0.002,47.4223,2.724,1.231,9.596*45
$GNGST,021843.40,0.007,0.003,0.002,47.4224,2.724,1.231,9.596*45
$GNGST,021843.50,0.008,0.003,0.002,46.8832,2.724,1.231,9.596*4B
$GNGST,021843.60,0.007,0.003,0.002,47.2822,2.724,1.231,9.596*4D
$GNGST,021843.70,0.007,0.003,0.002,47.3264,2.724,1.231,9.596*45
$GNGST,021843.80,0.007,0.003,0.002,47.4207,2.724,1.231,9.596*48
$GNGST,021843.90,0.007,0.003,0.002,47.3265,2.724,1.231,9.596*4A
$GNGST,021844.00,0.007,0.003,0.002,47.3266,2.724,1.231,9.596*47
$GNGST,021844.10,0.007,0.003,0.002,47.3267,2.724,1.231,9.596*47
$GNGST,021844.20,0.007,0.003,0.002,47.3268,2.724,1.231,9.596*4B
$GNGST,021844.30,0.007,0.003,0.002,47.4210,2.724,1.231,9.596*42
$GNGST,021844.40,0.007,0.003,0.002,47.3269,2.724,1.231,9.596*4C
$GNGST,021844.50,0.007,0.003,0.002,47.3270,2.724,1.231,9.596*45
$GNGST,021844.60,0.007,0.003,0.002,45.9039,2.724,1.231,9.596*41
$GNGST,021844.70,0.007,0.003,0.002,48.7511,2.724,1.231,9.596*4C
$GNGST,021844.80,0.007,0.003,0.002,47.3958,2.724,1.231,9.596*49
$GNGST,021844.90,0.007,0.003,0.002,47.3959,2.724,1.231,9.596*49
$GNGST,021845.00,0.007,0.003,0.002,47.7036,2.724,1.231,9.596*45
$GNGST,021845.10,0.007,0.003,0.002,47.3960,2.724,1.231,9.596*4A
$GNGST,021845.20,0.007,0.003,0.002,47.3961,2.724,1.231,9.596*48
$GNGST,021845.30,0.008,0.003,0.002,50.5337,2.724,1.231,9.596*4F
$GNGST,021845.40,0.007,0.003,0.002,47.3982,2.724,1.231,9.596*43
$GNGST,021845.50,0.007,0.003,0.002,47.3983,2.724,1.231,9.596*43
$GNGST,021845.60,0.007,0.003,0.002,47.3983,2.724,1.231,9.596*40
$GNGST,021845.70,0.007,0.003,0.002,47.3984,2.724,1.231,9.596*46
$GNGST,021845.80,0.007,0.003,0.002,47.3984,2.724,1.231,9.596*49
$GNGST,021845.90,0.007,0.003,0.002,47.3965,2.724,1.231,9.596*47
$GNGST,021846.00,0.007,0.003,0.002,47.3965,2.724,1.231,9.596*4D
$GNGST,021846.10,0.008,0.003,0.002,50.8649,2.724,1.231,9.596*4F
$GNGST,021846.20,0.008,0.003,0.002,50.1664,2.724,1.231,9.596*4A
$GNGST,021846.30,0.008,0.003,0.002,50.8652,2.724,1.231,9.596*47
$GNGST,021846.40,0.008,0.003,0.002,50.2704,2.724,1.231,9.596*48
$GNGST,021846.50,0.008,0.003,0.002,50.8654,2.724,1.231,9.596*47
$GNGST,021846.60,0.008,0.003,0.002,50.8643,2.724,1.231,9.596*42
$GNGST,021846.70,0.008,0.003,0.002,45.6374,2.724,1.231,9.596*48
$GNGST,021846.80,0.007,0.003,0.002,47.3732,2.724,1.231,9.596*49
$GNGST,021846.90,0.007,0.003,0.002,46.6536,2.724,1.231,9.596*4A
$GNGST,021847.00,0.007,0.003,0.002,46.5030,2.724,1.231,9.596*42
$GNGST,021847.10,0.007,0.003,0.002,46.6095,2.724,1.231,9.596*4F
$GNGST,021847.20,0.007,0.003,0.002,46.6537,2.724,1.231,9.596*41
$GNGST,021847.30,0.008,0.003,0.002,49.7945,2.724,1.231,9.596*48
$GNGST,021847.40,0.007,0.003,0.002,46.6538,2.724,1.231,9.596*48
$GNGST,021847.50,0.007,0.003,0.002,46.6538,2.724,1.231,9.596*49
$GNGST,021847.60,0.007,0.003,0.002,46.5031,2.724,1.231,9.596*45
$GNGST,021847.70,0.008,0.003,0.002,46.9925,2.724,1.231,9.596*4B
$GNGST,021847.80,0.008,0.003,0.002,46.9925,2.724,1.231,9.596*44
$GNGST,021847.90,0.007,0.003,0.002,46.6078,2.724,1.231,9.596*44
$GNGST,021848.00,0.007,0.003,0.002,46.5793,2.724,1.231,9.596*43
$GNGST,021848.10,0.007,0.003,0.002,46.6226,2.724,1.231,9.596*4A
$GNGST,021848.20,0.007,0.003,0.002,46.6226,2.724,1.231,9.596*49
$GNGST,021848.30,0.007,0.003,0.002,46.6226,2.724,1.231,9.596*48
$GNGST,021848.40,0.007,0.003,0.002,46.6227,2.724,1.231,9.596*4E
$GNGST,021848.50,0.007,0.003,0.002,46.5795,2.724,1.231,9.596*40
$GNGST,021848.60,0.007,0.003,0.002,46.5795,2.724,1.231,9.596*43
$GNGST,021848.70,0.007,0.003,0.002,46.6228,2.724,1.231,9.596*42
$GNGST,021848.80,0.007,0.003,0.002,47.2487,2.724,1.231,9.596*4B
$GNGST,021848.90,0.007,0.003,0.002,47.2488,2.724,1.231,9.596*45
$GNGST,021849.00,0.007,0.003,0.002,47.3438,2.724,1.231,9.596*47
$GNGST,021849.10,0.007,0.003,0.002,47.3869,2.724,1.231,9.596*4E
$GNGST,021849.20,0.008,0.003,0.002,47.8111,2.724,1.231,9.596*4F
$GNGST,021849.30,0.008,0.003,0.002,50.7453,2.724,1.231,9.596*44
$GNGST,021849.40,0.008,0.003,0.002,47.8444,2.724,1.231,9.596*4C
$GNGST,021849.50,0.007,0.003,0.002,46.7274,2.724,1.231,9.596*49
$GNGST,021849.60,0.007,0.003,0.002,47.3249,2.724,1.231,9.596*41
$GNGST,021849.70,0.007,0.003,0.002,50.0834,2.724,1.231,9.596*45
$GNGST,021849.80,0.008,0.003,0.002,50.4526,2.724,1.231,9.596*4F
$GNGST,021849.90,0.008,0.003,0.002,53.7416,2.724,1.231,9.596*4C
$GNGST,021850.00,0.008,0.003,0.002,50.6822,2.724,1.231,9.596*44
$GNGST,021850.10,0.007,0.003,0.002,47.2096,2.724,1.231,9.596*4F
$GNGST,021850.20,0.008,0.003,0.002,50.7500,2.724,1.231,9.596*4A
$GNGST,021850.30,0.007,0.003,0.002,47.3678,2.724,1.231,9.596*4A
$GNGST,021850.40,0.008,0.003,0.002,50.5272,2.724,1.231,9.596*4C
$GNGST,021850.50,0.008,0.003,0.002,50.5023,2.724,1.231,9.596*4B
$GNGST,021850.60,0.008,0.003,0.002,51.1966,2.724,1.231,9.596*45
$GNGST,021850.70,0.007,0.003,0.002,47.8915,2.724,1.231,9.596*41
$GNGST,021850.80,0.008,0.003,0.002,46.1732,2.724,1.231,9.596*42
$GNGST,021850.90,0.007,0.003,0.002,47.8899,2.724,1.231,9.596*4A
$GNGST,021851.00,0.007,0.003,0.002,47.8578,2.724,1.231,9.596*40
$GNGST,021851.10,0.008,0.003,0.002,48.5854,2.724,1.231,9.596*4F
$GNGST,021851.20,0.008,0.003,0.002,46.0858,2.724,1.231,9.596*4B
$GNGST,021851.30,0.007,0.003,0.002,47.1020,2.724,1.231,9.596*42
$GNGST,021851.40,0.007,0.003,0.002,48.5010,2.724,1.231,9.596*4D
$GNGST,021851.50,0.008,0.003,0.002,44.1357,2.724,1.231,9.596*4B
$GNGST,021851.60,0.007,0.003,0.002,47.8738,2.724,1.231,9.596*40
$GNGST,021851.70,0.007,0.003,0.002,47.1149,2.724,1.231,9.596*48
$GNGST,021851.80,0.007,0.003,0.002,47.9555,2.724,1.231,9.596*46
$GNGST,021851.90,0.007,0.003,0.002,47.2045,2.724,1.231,9.596*48
$GNGST,021852.00,0.007,0.003,0.002,48.5591,2.724,1.231,9.596*46
$GNGST,021852.10,0.007,0.003,0.002,47.8744,2.724,1.231,9.596*4F
$GNGST,021852.20,0.007,0.003,0.002,47.8745,2.724,1.231,9.596*4D
$GNGST,021852.30,0.007,0.003,0.002,48.5596,2.724,1.231,9.596*42
$GNGST,021852.40,0.007,0.003,0.002,47.9562,2.724,1.231,9.596*4D
$GNGST,021852.50,0.007,0.003,0.002,40.7110,2.724,1.231,9.596*44
$GNGST,021852.60,0.007,0.003,0.002,40.7110,2.724,1.231,9.596*47
$GNGST,021852.70,0.008,0.003,0.002,41.3189,2.724,1.231,9.596*4C
$GNGST,021852.80,0.007,0.003,0.002,47.9071,2.724,1.231,9.596*46
$GNGST,021852.90,0.007,0.003,0.002,47.9072,2.724,1.231,9.596*44
$GNGST,021853.00,0.007,0.003,0.002,47.9550,2.724,1.231,9.596*49
$GNGST,021853.10,0.007,0.003,0.002,47.9672,2.724,1.231,9.596*4B
$GNGST,021853.20,0.007,0.003,0.002,46.8116,2.724,1.231,9.596*4D
$GNGST,021853.30,0.007,0.003,0.002,47.2426,2.724,1.231,9.596*41
$GNGST,021853.40,0.008,0.003,0.002,43.9760,2.724,1.231,9.596*47
$GNGST,021853.50,0.008,0.003,0.002,43.9364,2.724,1.231,9.596*46
$GNGST,021853.60,0.008,0.003,0.002,43.9364,2.724,1.231,9.596*45
$GNGST,021853.70,0.008,0.003,0.002,43.9759,2.724,1.231,9.596*4E
$GNGST,021853.80,0.007,0.003,0.002,47.2820,2.724,1.231,9.596*40
$GNGST,021853.90,0.007,0.003,0.002,47.7318,2.724,1.231,9.596*44
$GNGST,021854.00,0.008,0.003,0.002,45.4593,2.724,1.231,9.596*41
$GNGST,021854.10,0.007,0.003,0.002,46.4114,2.724,1.231,9.596*47
$GNGST,021854.20,0.008,0.003,0.002,45.0063,2.724,1.231,9.596*4D
$GNGST,021854.30,0.007,0.003,0.002,42.8122,2.724,1.231,9.596*48
$GNGST,021854.40,0.007,0.003,0.002,44.1444,2.724,1.231,9.596*45
$GNGST,021854.50,0.007,0.003,0.002,44.5597,2.724,1.231,9.596*4F
$GNGST,021854.60,0.007,0.003,0.002,46.7847,2.724,1.231,9.596*4C
$GNGST,021854.70,0.007,0.003,0.002,46.7848,2.724,1.231,9.596*42
$GNGST,021854.80,0.007,0.003,0.002,46.3119,2.724,1.231,9.596*44
$GNGST,021854.90,0.008,0.003,0.002,46.2754,2.724,1.231,9.596*44
$GNGST,021855.00,0.008,0.003,0.002,46.2755,2.724,1.231,9.596*4D
$GNGST,021855.10,0.007,0.003,0.002,46.3892,2.724,1.231,9.596*46
$GNGST,021855.20,0.008,0.003,0.002,46.2755,2.724,1.231,9.596*4F
$GNGST,021855.30,0.007,0.003,0.002,43.2020,2.724,1.231,9.596*41
$GNGST,021855.40,0.008,0.003,0.002,43.1311,2.724,1.231,9.596*4B
$GNGST,021855.50,0.008,0.003,0.002,43.8957,2.724,1.231,9.596*4B
$GNGST,021855.60,0.008,0.003,0.002,43.7642,2.724,1.231,9.596*4C
$GNGST,021855.70,0.007,0.003,0.002,47.0443,2.724,1.231,9.596*42
$GNGST,021855.80,0.008,0.003,0.002,45.4193,2.724,1.231,9.596*4C
$GNGST,021855.90,0.007,0.003,0.002,47.2023,2.724,1.231,9.596*4C
$GNGST,021856.00,0.008,0.003,0.002,44.6914,2.724,1.231,9.596*43
$GNGST,021856.10,0.008,0.003,0.002,45.4095,2.724,1.231,9.596*41
$GNGST,021856.20,0.008,0.003,0.002,46.2317,2.724,1.231,9.596*4E
$GNGST,021856.30,0.007,0.003,0.002,44.2591,2.724,1.231,9.596*4A
$GNGST,021856.40,0.008,0.003,0.002,43.0403,2.724,1.231,9.596*4D
$GNGST,021856.50,0.008,0.003,0.002,42.8195,2.724,1.231,9.596*4F
$GNGST,021856.60,0.007,0.003,0.002,43.3040,2.724,1.231,9.596*40
$GNGST,021856.70,0.007,0.003,0.002,47.3587,2.724,1.231,9.596*4B
$GNGST,021856.80,0.007,0.003,0.002,45.8845,2.724,1.231,9.596*4E
$GNGST,021856.90,0.007,0.003,0.002,46.6493,2.724,1.231,9.596*45
$GNGST,021857.00,0.007,0.003,0.002,46.1778,2.724,1.231,9.596*4C
$GNGST,021857.10,0.007,0.003,0.002,46.1596,2.724,1.231,9.596*4F
$GNGST,021857.20,0.007,0.003,0.002,46.5161,2.724,1.231,9.596*44
$GNGST,021857.30,0.007,0.003,0.002,42.9510,2.724,1.231,9.596*4F
$GNGST,021857.40,0.007,0.003,0.002,43.0545,2.724,1.231,9.596*40
$GNGST,021857.50,0.007,0.003,0.002,43.5979,2.724,1.231,9.596*47
$GNGST,021857.60,0.007,0.003,0.002,42.5790,2.724,1.231,9.596*4C
$GNGST,021857.70,0.007,0.003,0.002,42.5790,2.724,1.231,9.596*4D
$GNGST,021857.80,0.007,0.003,0.002,47.7719,2.724,1.231,9.596*44
$GNGST,021857.90,0.007,0.003,0.002,46.5432,2.724,1.231,9.596*4C
$GNGST,021858.00,0.007,0.003,0.002,46.5432,2.724,1.231,9.596*4A
$GNGST,021858.10,0.007,0.003,0.002,46.6789,2.724,1.231,9.596*4B
$GNGST,021858.20,0.007,0.003,0.002,46.0349,2.724,1.231,9.596*46
$GNGST,021858.30,0.007,0.003,0.002,43.8857,2.724,1.231,9.596*4E
$GNGST,021858.40,0.007,0.003,0.002,43.0995,2.724,1.231,9.596*4E
$GNGST,021858.50,0.007,0.003,0.002,42.7212,2.724,1.231,9.596*4D
$GNGST,021858.60,0.007,0.003,0.002,42.7213,2.724,1.231,9.596*4F
$GNGST,021858.70,0.007,0.003,0.002,42.7213,2.724,1.231,9.596*4E
$GNGST,021858.80,0.007,0.003,0.002,46.5070,2.724,1.231,9.596*40
$GNGST,021858.90,0.007,0.003,0.002,46.6429,2.724,1.231,9.596*4A
$GNGST,021859.00,0.007,0.003,0.002,46.6429,2.724,1.231,9.596*42
$GNGST,021859.10,0.007,0.003,0.002,46.4785,2.724,1.231,9.596*44
$GNGST,021859.20,0.007,0.003,0.002,46.4785,2.724,1.231,9.596*47
$GNGST,021859.30,0.007,0.003,0.002,41.2445,2.724,1.231,9.596*48
$GNGST,021859.40,0.007,0.003,0.002,41.4241,2.724,1.231,9.596*4B
$GNGST,021859.50,0.007,0.003,0.002,40.5788,2.724,1.231,9.596*4A
$GNGST,021859.60,0.007,0.003,0.002,46.6929,2.724,1.231,9.596*49
$GNGST,021859.70,0.007,0.003,0.002,46.6460,2.724,1.231,9.596*48
$GNGST,021859.80,0.007,0.003,0.002,46.5101,2.724,1.231,9.596*46
$GNGST,021859.90,0.007,0.003,0.002,46.4122,2.724,1.231,9.596*47
$GNGST,021900.00,0.007,0.003,0.002,46.6174,2.724,1.231,9.596*42
$GNGST,021900.10,0.007,0.003,0.002,44.9248,2.724,1.231,9.596*42
$GNGST,021900.20,0.007,0.003,0.002,40.9024,2.724,1.231,9.596*4D
$GNGST,021900.30,0.007,0.003,0.002,40.9023,2.724,1.231,9.596*4B
$GNGST,021900.40,0.007,0.003,0.002,40.2582,2.724,1.231,9.596*49
$GNGST,021900.50,0.007,0.003,0.002,41.4383,2.724,1.231,9.596*48
$GNGST,021900.60,0.007,0.003,0.002,46.6632,2.724,1.231,9.596*41
$GNGST,021900.70,0.007,0.003,0.002,47.9164,2.724,1.231,9.596*4A
$GNGST,021900.80,0.007,0.003,0.002,47.8501,2.724,1.231,9.596*43
$GNGST,021900.90,0.007,0.003,0.002,47.8502,2.724,1.231,9.596*41
$GNGST,021901.00,0.007,0.003,0.002,47.8503,2.724,1.231,9.596*48
$GNGST,021901.10,0.007,0.003,0.002,47.8503,2.724,1.231,9.596*49
$GNGST,021901.20,0.007,0.003,0.002,43.6454,2.724,1.231,9.596*43
$GNGST,021901.30,0.007,0.003,0.002,43.7581,2.724,1.231,9.596*4A
$GNGST,021901.40,0.007,0.003,0.002,43.7581,2.724,1.231,9.596*4D
$GNGST,021901.50,0.007,0.003,0.002,43.7582,2.724,1.231,9.596*4F
$GNGST,021901.60,0.007,0.003,0.002,42.9926,2.724,1.231,9.596*41
$GNGST,021901.70,0.007,0.003,0.002,47.3199,2.724,1.231,9.596*43
$GNGST,021901.80,0.007,0.003,0.002,47.9176,2.724,1.231,9.596*47
$GNGST,021901.90,0.007,0.003,0.002,47.9177,2.724,1.231,9.596*47
$GNGST,021902.00,0.007,0.003,0.002,47.8485,2.724,1.231,9.596*44
$GNGST,021902.10,0.007,0.003,0.002,48.1879,2.724,1.231,9.596*4C
$GNGST,021902.20,0.007,0.003,0.002,45.4391,2.724,1.231,9.596*4A
$GNGST,021902.30,0.007,0.003,0.002,43.7760,2.724,1.231,9.596*44
$GNGST,021902.40,0.007,0.003,0.002,44.6716,2.724,1.231,9.596*44
$GNGST,021902.50,0.007,0.003,0.002,43.7759,2.724,1.231,9.596*48
$GNGST,021902.60,0.007,0.003,0.002,43.8865,2.724,1.231,9.596*44
$GNGST,021902.70,0.007,0.003,0.002,43.7759,2.724,1.231,9.596*4A
$GNGST,021902.80,0.007,0.003,0.002,46.5930,2.724,1.231,9.596*43
$GNGST,021902.90,0.007,0.003,0.002,46.5930,2.724,1.231,9.596*42
$GNGST,021903.00,0.007,0.003,0.002,46.5930,2.724,1.231,9.596*4A
$GNGST,021903.10,0.007,0.003,0.002,47.8494,2.724,1.231,9.596*44
$GNGST,021903.20,0.007,0.003,0.002,43.6889,2.724,1.231,9.596*4D
$GNGST,021903.30,0.007,0.003,0.002,43.7910,2.724,1.231,9.596*4C
$GNGST,021903.40,0.007,0.003,0.002,43.7910,2.724,1.231,9.596*4B
$GNGST,021903.50,0.007,0.003,0.002,43.9692,2.724,1.231,9.596*41
$GNGST,021903.60,0.007,0.003,0.002,43.6888,2.724,1.231,9.596*48
$GNGST,021903.70,0.007,0.003,0.002,43.7909,2.724,1.231,9.596*40
$GNGST,021903.80,0.007,0.003,0.002,43.9692,2.724,1.231,9.596*4C
$GNGST,021903.90,0.007,0.003,0.002,45.0180,2.724,1.231,9.596*46
$GNGST,021904.00,0.007,0.003,0.002,47.9567,2.724,1.231,9.596*4E
$GNGST,021904.10,0.007,0.003,0.002,47.9568,2.724,1.231,9.596*40
$GNGST,021904.20,0.007,0.003,0.002,43.9669,2.724,1.231,9.596*45
$GNGST,021904.30,0.007,0.003,0.002,46.5703,2.724,1.231,9.596*40
$GNGST,021904.40,0.007,0.003,0.002,46.5704,2.724,1.231,9.596*40
$GNGST,021904.50,0.007,0.003,0.002,43.8548,2.724,1.231,9.596*43
$GNGST,021904.60,0.007,0.003,0.002,46.6889,2.724,1.231,9.596*4B
$GNGST,021904.70,0.007,0.003,0.002,46.5579,2.724,1.231,9.596*4B
$GNGST,021904.80,0.007,0.003,0.002,44.9626,2.724,1.231,9.596*43
$GNGST,021904.90,0.007,0.003,0.002,46.5580,2.724,1.231,9.596*43
$GNGST,021905.00,0.007,0.003,0.002,46.6889,2.724,1.231,9.596*4C
$GNGST,021905.10,0.007,0.003,0.002,47.4926,2.724,1.231,9.596*4A
$GNGST,021905.20,0.007,0.003,0.002,45.1846,2.724,1.231,9.596*49
$GNGST,021905.30,0.007,0.003,0.002,45.9185,2.724,1.231,9.596*46
$GNGST,021905.40,0.007,0.003,0.002,45.0711,2.724,1.231,9.596*43
$GNGST,021905.50,0.007,0.003,0.002,45.9677,2.724,1.231,9.596*4A
$GNGST,021905.60,0.007,0.003,0.002,45.1102,2.724,1.231,9.596*44
$GNGST,021905.70,0.007,0.003,0.002,45.9185,2.724,1.231,9.596*42
$GNGST,021905.80,0.007,0.003,0.002,46.6010,2.724,1.231,9.596*4C
$GNGST,021905.90,0.007,0.003,0.002,47.2180,2.724,1.231,9.596*40
$GNGST,021906.00,0.007,0.003,0.002,46.6010,2.724,1.231,9.596*47
$GNGST,021906.10,0.007,0.003,0.002,47.3211,2.724,1.231,9.596*41
$GNGST,021906.20,0.007,0.003,0.002,42.7875,2.724,1.231,9.596*4B
$GNGST,021906.30,0.007,0.003,0.002,41.8999,2.724,1.231,9.596*45
$GNGST,021906.40,0.007,0.003,0.002,43.4990,2.724,1.231,9.596*45
$GNGST,021906.50,0.007,0.003,0.002,42.7872,2.724,1.231,9.596*4B
$GNGST,021906.60,0.007,0.003,0.002,40.4477,2.724,1.231,9.596*40
$GNGST,021906.70,0.007,0.003,0.002,43.1990,2.724,1.231,9.596*43
$GNGST,021906.80,0.007,0.003,0.002,47.2834,2.724,1.231,9.596*44
$GNGST,021906.90,0.007,0.003,0.002,47.2835,2.724,1.231,9.596*44
$GNGST,021907.00,0.007,0.003,0.002,48.0225,2.724,1.231,9.596*4A
$GNGST,021907.10,0.007,0.003,0.002,47.2836,2.724,1.231,9.596*4E
$GNGST,021907.20,0.007,0.003,0.002,43.0023,2.724,1.231,9.596*47
$GNGST,021907.30,0.007,0.003,0.002,42.9799,2.724,1.231,9.596*48
$GNGST,021907.40,0.007,0.003,0.002,43.0022,2.724,1.231,9.596*40
$GNGST,021907.50,0.007,0.003,0.002,43.0022,2.724,1.231,9.596*41
$GNGST,021907.60,0.007,0.003,0.002,43.0022,2.724,1.231,9.596*42
$GNGST,021907.70,0.007,0.003,0.002,43.0022,2.724,1.231,9.596*43
$GNGST,021907.80,0.007,0.003,0.002,47.3201,2.724,1.231,9.596*48
$GNGST,021907.90,0.007,0.003,0.002,52.7711,2.724,1.231,9.596*4D
$GNGST,021908.00,0.007,0.003,0.002,47.3202,2.724,1.231,9.596*4C
$GNGST,021908.10,0.007,0.003,0.002,47.3202,2.724,1.231,9.596*4D
$GNGST,021908.20,0.007,0.003,0.002,52.7718,2.724,1.231,9.596*40
$GNGST,021908.30,0.007,0.003,0.002,42.2633,2.724,1.231,9.596*4D
$GNGST,021908.40,0.007,0.003,0.002,42.5862,2.724,1.231,9.596*47
$GNGST,021908.50,0.007,0.003,0.002,43.1014,2.724,1.231,9.596*4A
$GNGST,021908.60,0.007,0.003,0.002,43.1014,2.724,1.231,9.596*49
$GNGST,021908.70,0.007,0.003,0.002,42.3604,2.724,1.231,9.596*4C
$GNGST,021908.80,0.007,0.003,0.002,43.1014,2.724,1.231,9.596*47
$GNGST,021908.90,0.007,0.003,0.002,46.5518,2.724,1.231,9.596*4E
$GNGST,021909.00,0.007,0.003,0.002,48.6048,2.724,1.231,9.596*4B
$GNGST,021909.10,0.007,0.003,0.002,47.8489,2.724,1.231,9.596*42
$GNGST,021909.20,0.007,0.003,0.002,47.8489,2.724,1.231,9.596*41
$GNGST,021909.30,0.007,0.003,0.002,42.3600,2.724,1.231,9.596*4D
$GNGST,021909.40,0.007,0.003,0.002,40.9073,2.724,1.231,9.596*40
$GNGST,021909.50,0.007,0.003,0.002,40.9073,2.724,1.231,9.596*41
$GNGST,021909.60,0.007,0.003,0.002,40.9072,2.724,1.231,9.596*43
$GNGST,021909.70,0.007,0.003,0.002,39.6970,2.724,1.231,9.596*48
$GNGST,021909.80,0.007,0.003,0.002,40.9072,2.724,1.231,9.596*4D
$GNGST,021909.90,0.007,0.003,0.002,46.5944,2.724,1.231,9.596*4A
$GNGST,021910.00,0.007,0.003,0.002,46.5944,2.724,1.231,9.596*4B
$GNGST,021910.10,0.007,0.003,0.002,46.5502,2.724,1.231,9.596*44
$GNGST,021910.20,0.007,0.003,0.002,47.3230,2.724,1.231,9.596*46
$GNGST,021910.30,0.007,0.003,0.002,48.0798,2.724,1.231,9.596*4C
$GNGST,021910.40,0.007,0.003,0.002,39.9825,2.724,1.231,9.596*4D
$GNGST,021910.50,0.007,0.003,0.002,39.5124,2.724,1.231,9.596*48
$GNGST,021910.60,0.007,0.003,0.002,39.3686,2.724,1.231,9.596*42
$GNGST,021910.70,0.007,0.003,0.002,46.5306,2.724,1.231,9.596*40
$GNGST,021910.80,0.007,0.003,0.002,46.5481,2.724,1.231,9.596*47
$GNGST,021910.90,0.008,0.003,0.002,45.4358,2.724,1.231,9.596*48
$GNGST,021911.00,0.007,0.003,0.002,46.0808,2.724,1.231,9.596*46
$GNGST,021911.10,0.007,0.003,0.002,46.5482,2.724,1.231,9.596*4C
$GNGST,021911.20,0.007,0.003,0.002,46.5931,2.724,1.231,9.596*4A
$GNGST,021911.30,0.007,0.003,0.002,47.8464,2.724,1.231,9.596*4A
$GNGST,021911.40,0.007,0.003,0.002,39.5531,2.724,1.231,9.596*48
$GNGST,021911.50,0.007,0.003,0.002,39.0187,2.724,1.231,9.596*45
$GNGST,021911.60,0.007,0.003,0.002,46.5919,2.724,1.231,9.596*44
$GNGST,021911.70,0.007,0.003,0.002,46.9188,2.724,1.231,9.596*49
$GNGST,021911.80,0.007,0.003,0.002,46.5744,2.724,1.231,9.596*4C
$GNGST,021911.90,0.007,0.003,0.002,46.5744,2.724,1.231,9.596*4D
$GNGST,021912.00,0.008,0.003,0.002,47.9117,2.724,1.231,9.596*45
$GNGST,021912.10,0.007,0.003,0.002,46.5295,2.724,1.231,9.596*4F
$GNGST,021912.20,0.007,0.003,0.002,46.5295,2.724,1.231,9.596*4C
$GNGST,021912.30,0.007,0.003,0.002,46.5745,2.724,1.231,9.596*45
$GNGST,021912.40,0.007,0.003,0.002,46.5745,2.724,1.231,9.596*42
$GNGST,021912.50,0.007,0.003,0.002,47.3666,2.724,1.231,9.596*44
$GNGST,021912.60,0.007,0.003,0.002,39.2661,2.724,1.231,9.596*48
$GNGST,021912.70,0.007,0.003,0.002,39.2660,2.724,1.231,9.596*48
$GNGST,021912.80,0.007,0.003,0.002,39.8290,2.724,1.231,9.596*46
$GNGST,021912.90,0.007,0.003,0.002,46.5725,2.724,1.231,9.596*49
$GNGST,021913.00,0.007,0.003,0.002,46.5000,2.724,1.231,9.596*41
$GNGST,021913.10,0.007,0.003,0.002,46.5412,2.724,1.231,9.596*47
$GNGST,021913.20,0.007,0.003,0.002,46.0681,2.724,1.231,9.596*49
$GNGST,021913.30,0.007,0.003,0.002,46.0681,2.724,1.231,9.596*48
$GNGST,021913.40,0.007,0.003,0.002,46.0682,2.724,1.231,9.596*4C
$GNGST,021913.50,0.007,0.003,0.002,46.0683,2.724,1.231,9.596*4C
$GNGST,021913.60,0.007,0.003,0.002,45.9332,2.724,1.231,9.596*4A
$GNGST,021913.70,0.007,0.003,0.002,45.9332,2.724,1.231,9.596*4B
$GNGST,021913.80,0.007,0.003,0.002,43.4027,2.724,1.231,9.596*48
$GNGST,021913.90,0.007,0.003,0.002,46.5883,2.724,1.231,9.596*4B
$GNGST,021914.00,0.007,0.003,0.002,45.8605,2.724,1.231,9.596*4B
$GNGST,021914.10,0.007,0.003,0.002,45.9950,2.724,1.231,9.596*44
$GNGST,021914.20,0.007,0.003,0.002,45.8969,2.724,1.231,9.596*4C
$GNGST,021914.30,0.007,0.003,0.002,45.8970,2.724,1.231,9.596*45
$GNGST,021914.40,0.007,0.003,0.002,45.8970,2.724,1.231,9.596*42
$GNGST,021914.50,0.007,0.003,0.002,46.5228,2.724,1.231,9.596*4B
$GNGST,021914.60,0.007,0.003,0.002,49.3434,2.724,1.231,9.596*4A
$GNGST,021914.70,0.007,0.003,0.002,46.5871,2.724,1.231,9.596*4F
$GNGST,021914.80,0.007,0.003,0.002,46.5677,2.724,1.231,9.596*48
$GNGST,021914.90,0.007,0.003,0.002,46.4169,2.724,1.231,9.596*40
$GNGST,021915.00,0.007,0.003,0.002,47.2060,2.724,1.231,9.596*47
$GNGST,021915.10,0.007,0.003,0.002,46.4169,2.724,1.231,9.596*49
$GNGST,021915.20,0.007,0.003,0.002,46.5677,2.724,1.231,9.596*43
$GNGST,021915.30,0.007,0.003,0.002,47.2059,2.724,1.231,9.596*4E
$GNGST,021915.40,0.007,0.003,0.002,46.5872,2.724,1.231,9.596*4E
$GNGST,021915.50,0.007,0.003,0.002,47.3601,2.724,1.231,9.596*42
$GNGST,021915.60,0.007,0.003,0.002,47.1881,2.724,1.231,9.596*45
$GNGST,021915.70,0.007,0.003,0.002,46.5211,2.724,1.231,9.596*42
$GNGST,021915.80,0.007,0.003,0.002,47.1882,2.724,1.231,9.596*48
$GNGST,021915.90,0.007,0.003,0.002,46.4939,2.724,1.231,9.596*4C
$GNGST,021916.00,0.007,0.003,0.002,47.2010,2.724,1.231,9.596*43
$GNGST,021916.10,0.007,0.003,0.002,46.5380,2.724,1.231,9.596*4E
$GNGST,021916.20,0.007,0.003,0.002,46.5563,2.724,1.231,9.596*46
$GNGST,021916.30,0.007,0.003,0.002,46.5563,2.724,1.231,9.596*47
$GNGST,021916.40,0.007,0.003,0.002,46.5380,2.724,1.231,9.596*4B
$GNGST,021916.50,0.007,0.003,0.002,46.5380,2.724,1.231,9.596*4A
$GNGST,021916.60,0.007,0.003,0.002,46.4940,2.724,1.231,9.596*4E
$GNGST,021916.70,0.007,0.003,0.002,46.7414,2.724,1.231,9.596*40
$GNGST,021916.80,0.007,0.003,0.002,46.5556,2.724,1.231,9.596*4A
$GNGST,021916.90,0.007,0.003,0.002,46.5373,2.724,1.231,9.596*4A
$GNGST,021917.00,0.007,0.003,0.002,46.5373,2.724,1.231,9.596*42
$GNGST,021917.10,0.007,0.003,0.002,46.4932,2.724,1.231,9.596*4D
$GNGST,021917.20,0.007,0.003,0.002,46.5373,2.724,1.231,9.596*40
$GNGST,021917.30,0.007,0.003,0.002,46.5373,2.724,1.231,9.596*41
$GNGST,021917.40,0.007,0.003,0.002,46.0714,2.724,1.231,9.596*46
$GNGST,021917.50,0.007,0.003,0.002,46.5373,2.724,1.231,9.596*47
$GNGST,021917.60,0.007,0.003,0.002,46.0715,2.724,1.231,9.596*45
$GNGST,021917.70,0.007,0.003,0.002,46.0716,2.724,1.231,9.596*47
$GNGST,021917.80,0.007,0.003,0.002,46.5354,2.724,1.231,9.596*4F
$GNGST,021917.90,0.007,0.003,0.002,44.9076,2.724,1.231,9.596*43
$GNGST,021918.00,0.008,0.003,0.002,44.5831,2.724,1.231,9.596*4D
$GNGST,021918.10,0.007,0.003,0.002,46.0121,2.724,1.231,9.596*4C
$GNGST,021918.20,0.007,0.003,0.002,45.9719,2.724,1.231,9.596*48
$GNGST,021918.30,0.007,0.003,0.002,44.5251,2.724,1.231,9.596*4D
$GNGST,021918.40,0.007,0.003,0.002,46.0122,2.724,1.231,9.596*4A
$GNGST,021918.50,0.007,0.003,0.002,46.0123,2.724,1.231,9.596*4A
$GNGST,021918.60,0.007,0.003,0.002,44.8521,2.724,1.231,9.596*45
$GNGST,021918.70,0.007,0.003,0.002,44.8337,2.724,1.231,9.596*45
$GNGST,021918.80,0.007,0.003,0.002,44.8336,2.724,1.231,9.596*4B
$GNGST,021918.90,0.007,0.003,0.002,44.8518,2.724,1.231,9.596*40
$GNGST,021919.00,0.007,0.003,0.002,44.8517,2.724,1.231,9.596*47
$GNGST,021919.10,0.007,0.003,0.002,44.5246,2.724,1.231,9.596*48
$GNGST,021919.20,0.007,0.003,0.002,44.8514,2.724,1.231,9.596*46
$GNGST,021919.30,0.008,0.003,0.002,45.1915,2.724,1.231,9.596*4D
$GNGST,021919.40,0.007,0.003,0.002,44.8512,2.724,1.231,9.596*46
$GNGST,021919.50,0.008,0.003,0.002,46.0097,2.724,1.231,9.596*4A
$GNGST,021919.60,0.007,0.003,0.002,46.5425,2.724,1.231,9.596*4E
$GNGST,021919.70,0.008,0.003,0.002,48.4225,2.724,1.231,9.596*49
$GNGST,021919.80,0.007,0.003,0.002,44.8820,2.724,1.231,9.596*46
$GNGST,021919.90,0.007,0.003,0.002,46.4262,2.724,1.231,9.596*45
$GNGST,021920.00,0.007,0.003,0.002,45.7845,2.724,1.231,9.596*49
$GNGST,021920.10,0.007,0.003,0.002,46.5851,2.724,1.231,9.596*4C
$GNGST,021920.20,0.007,0.003,0.002,45.7844,2.724,1.231,9.596*4A
$GNGST,021920.30,0.007,0.003,0.002,46.4538,2.724,1.231,9.596*4D
$GNGST,021920.40,0.008,0.003,0.002,46.9787,2.724,1.231,9.596*4E
$GNGST,021920.50,0.007,0.003,0.002,44.8812,2.724,1.231,9.596*40
$GNGST,021920.60,0.008,0.003,0.002,46.2084,2.724,1.231,9.596*43
$GNGST,021920.70,0.007,0.003,0.002,45.5981,2.724,1.231,9.596*45
$GNGST,021920.80,0.007,0.003,0.002,46.4585,2.724,1.231,9.596*40
$GNGST,021920.90,0.007,0.003,0.002,46.5595,2.724,1.231,9.596*41
$GNGST,021921.00,0.007,0.003,0.002,44.9255,2.724,1.231,9.596*4C
$GNGST,021921.10,0.007,0.003,0.002,46.5595,2.724,1.231,9.596*48
$GNGST,021921.20,0.007,0.003,0.002,47.0345,2.724,1.231,9.596*44
$GNGST,021921.30,0.007,0.003,0.002,46.5575,2.724,1.231,9.596*44
$GNGST,021921.40,0.007,0.003,0.002,46.5575,2.724,1.231,9.596*43
$GNGST,021921.50,0.007,0.003,0.002,46.5575,2.724,1.231,9.596*42
$GNGST,021921.60,0.007,0.003,0.002,44.9770,2.724,1.231,9.596*48
$GNGST,021921.70,0.007,0.003,0.002,46.5548,2.724,1.231,9.596*4E
$GNGST,021921.80,0.007,0.003,0.002,44.9767,2.724,1.231,9.596*40
$GNGST,021921.90,0.007,0.003,0.002,46.5548,2.724,1.231,9.596*40
$GNGST,021922.00,0.007,0.003,0.002,45.4640,2.724,1.231,9.596*43
$GNGST,021922.10,0.007,0.003,0.002,46.2983,2.724,1.231,9.596*47
$GNGST,021922.20,0.007,0.003,0.002,45.6593,2.724,1.231,9.596*4E
$GNGST,021922.30,0.008,0.003,0.002,46.3262,2.724,1.231,9.596*4F
$GNGST,021922.40,0.007,0.003,0.002,45.8350,2.724,1.231,9.596*4F
$GNGST,021922.50,0.007,0.003,0.002,45.6939,2.724,1.231,9.596*45
$GNGST,021922.60,0.007,0.003,0.002,45.5292,2.724,1.231,9.596*4F
$GNGST,021922.70,0.007,0.003,0.002,45.5292,2.724,1.231,9.596*4E
$GNGST,021922.80,0.007,0.003,0.002,46.4320,2.724,1.231,9.596*4B
$GNGST,021922.90,0.007,0.003,0.002,46.4727,2.724,1.231,9.596*49
$GNGST,021923.00,0.007,0.003,0.002,46.2720,2.724,1.231,9.596*40
$GNGST,021923.10,0.007,0.003,0.002,46.4727,2.724,1.231,9.596*40
$GNGST,021923.20,0.007,0.003,0.002,46.4726,2.724,1.231,9.596*42
$GNGST,021923.30,0.007,0.003,0.002,44.6692,2.724,1.231,9.596*4D
$GNGST,021923.40,0.007,0.003,0.002,45.5739,2.724,1.231,9.596*48
$GNGST,021923.50,0.007,0.003,0.002,46.4726,2.724,1.231,9.596*45
$GNGST,021923.60,0.007,0.003,0.002,46.4726,2.724,1.231,9.596*46
$GNGST,021923.70,0.007,0.003,0.002,44.7767,2.724,1.231,9.596*43
$GNGST,021923.80,0.007,0.003,0.002,44.9875,2.724,1.231,9.596*4E
$GNGST,021923.90,0.007,0.003,0.002,46.4707,2.724,1.231,9.596*4A
$GNGST,021924.00,0.007,0.003,0.002,46.4313,2.724,1.231,9.596*45
$GNGST,021924.10,0.007,0.003,0.002,46.4315,2.724,1.231,9.596*42
$GNGST,021924.20,0.007,0.003,0.002,44.8300,2.724,1.231,9.596*4B
$GNGST,021924.30,0.007,0.003,0.002,47.1999,2.724,1.231,9.596*4A
$GNGST,021924.40,0.007,0.003,0.002,47.1998,2.724,1.231,9.596*4C
$GNGST,021924.50,0.007,0.003,0.002,47.2051,2.724,1.231,9.596*42
$GNGST,021924.60,0.007,0.003,0.002,47.1523,2.724,1.231,9.596*42
$GNGST,021924.70,0.007,0.003,0.002,46.4934,2.724,1.231,9.596*4D
$GNGST,021924.80,0.007,0.003,0.002,46.4306,2.724,1.231,9.596*49
$GNGST,021924.90,0.007,0.003,0.002,46.4306,2.724,1.231,9.596*48
$GNGST,021925.00,0.007,0.003,0.002,46.4759,2.724,1.231,9.596*4E
$GNGST,021925.10,0.007,0.003,0.002,46.4306,2.724,1.231,9.596*41
$GNGST,021925.20,0.007,0.003,0.002,46.4759,2.724,1.231,9.596*4C
$GNGST,021925.30,0.007,0.003,0.002,47.2667,2.724,1.231,9.596*46
$GNGST,021925.40,0.007,0.003,0.002,47.2555,2.724,1.231,9.596*43
$GNGST,021925.50,0.007,0.003,0.002,46.4481,2.724,1.231,9.596*4D
$GNGST,021925.60,0.007,0.003,0.002,47.1974,2.724,1.231,9.596*4D
$GNGST,021925.70,0.007,0.003,0.002,47.1949,2.724,1.231,9.596*42
$GNGST,021925.80,0.007,0.003,0.002,46.8198,2.724,1.231,9.596*41
$GNGST,021925.90,0.007,0.003,0.002,46.8198,2.724,1.231,9.596*40
$GNGST,021926.00,0.007,0.003,0.002,46.7426,2.724,1.231,9.596*45
$GNGST,021926.10,0.007,0.003,0.002,47.4632,2.724,1.231,9.596*41
$GNGST,021926.20,0.007,0.003,0.002,46.6968,2.724,1.231,9.596*41
$GNGST,021926.30,0.007,0.003,0.002,46.9779,2.724,1.231,9.596*41
$GNGST,021926.40,0.007,0.003,0.002,46.9779,2.724,1.231,9.596*46
$GNGST,021926.50,0.007,0.003,0.002,47.4522,2.724,1.231,9.596*47
$GNGST,021926.60,0.007,0.003,0.002,46.9901,2.724,1.231,9.596*45
$GNGST,021926.70,0.007,0.003,0.002,46.9901,2.724,1.231,9.596*44
$GNGST,021926.80,0.007,0.003,0.002,46.7577,2.724,1.231,9.596*48
$GNGST,021926.90,0.007,0.003,0.002,45.0804,2.724,1.231,9.596*44
$GNGST,021927.00,0.007,0.003,0.002,46.7577,2.724,1.231,9.596*41
$GNGST,021927.10,0.007,0.003,0.002,46.7577,2.724,1.231,9.596*40
$GNGST,021927.20,0.007,0.003,0.002,46.7577,2.724,1.231,9.596*43
$GNGST,021927.30,0.007,0.003,0.002,46.7577,2.724,1.231,9.596*42
$GNGST,021927.40,0.007,0.003,0.002,48.0330,2.724,1.231,9.596*49
$GNGST,021927.50,0.007,0.003,0.002,46.7565,2.724,1.231,9.596*47
$GNGST,021927.60,0.007,0.003,0.002,46.7565,2.724,1.231,9.596*44
$GNGST,021927.70,0.007,0.003,0.002,46.7565,2.724,1.231,9.596*45
$GNGST,021927.80,0.007,0.003,0.002,46.7565,2.724,1.231,9.596*4A
$GNGST,021927.90,0.007,0.003,0.002,46.7565,2.724,1.231,9.596*4B
$GNGST,021928.00,0.007,0.003,0.002,47.5440,2.724,1.231,9.596*48
$GNGST,021928.10,0.007,0.003,0.002,47.9768,2.724,1.231,9.596*4C
$GNGST,021928.20,0.007,0.003,0.002,46.7566,2.724,1.231,9.596*4C
$GNGST,021928.30,0.007,0.003,0.002,46.7566,2.724,1.231,9.596*4D
$GNGST,021928.40,0.007,0.003,0.002,47.5443,2.724,1.231,9.596*4F
$GNGST,021928.50,0.007,0.003,0.002,47.8610,2.724,1.231,9.596*47
$GNGST,021928.60,0.007,0.003,0.002,47.9168,2.724,1.231,9.596*4D
$GNGST,021928.70,0.007,0.003,0.002,44.9672,2.724,1.231,9.596*43
$GNGST,021928.80,0.007,0.003,0.002,46.6554,2.724,1.231,9.596*46
$GNGST,021928.90,0.007,0.003,0.002,46.4179,2.724,1.231,9.596*4E
$GNGST,021929.00,0.007,0.003,0.002,46.4179,2.724,1.231,9.596*46
$GNGST,021929.10,0.007,0.003,0.002,46.4179,2.724,1.231,9.596*47
$GNGST,021929.20,0.007,0.003,0.002,46.1826,2.724,1.231,9.596*42
$GNGST,021929.30,0.007,0.003,0.002,47.3919,2.724,1.231,9.596*4D
$GNGST,021929.40,0.007,0.003,0.002,46.1827,2.724,1.231,9.596*45
$GNGST,021929.50,0.007,0.003,0.002,46.1828,2.724,1.231,9.596*4B
$GNGST,021929.60,0.007,0.003,0.002,44.9646,2.724,1.231,9.596*44
$GNGST,021929.70,0.007,0.003,0.002,46.6064,2.724,1.231,9.596*4E
$GNGST,021929.80,0.007,0.003,0.002,46.6527,2.724,1.231,9.596*43
$GNGST,021929.90,0.007,0.003,0.002,46.1826,2.724,1.231,9.596*49
$GNGST,021930.00,0.007,0.003,0.002,46.1826,2.724,1.231,9.596*48
$GNGST,021930.10,0.007,0.003,0.002,46.1827,2.724,1.231,9.596*48
$GNGST,021930.20,0.007,0.003,0.002,46.1827,2.724,1.231,9.596*4B
$GNGST,021930.30,0.007,0.003,0.002,46.1828,2.724,1.231,9.596*45
$GNGST,021930.40,0.007,0.003,0.002,44.9641,2.724,1.231,9.596*49
$GNGST,021930.50,0.007,0.003,0.002,44.9641,2.724,1.231,9.596*48
$GNGST,021930.60,0.007,0.003,0.002,44.9641,2.724,1.231,9.596*4B
$GNGST,021930.70,0.007,0.003,0.002,44.9641,2.724,1.231,9.596*4A
$GNGST,021930.80,0.007,0.003,0.002,44.9640,2.724,1.231,9.596*44
$GNGST,021930.90,0.007,0.003,0.002,46.4157,2.724,1.231,9.596*4B
$GNGST,021931.00,0.007,0.003,0.002,45.0156,2.724,1.231,9.596*45
$GNGST,021931.10,0.007,0.003,0.002,46.6043,2.724,1.231,9.596*44
$GNGST,021931.20,0.007,0.003,0.002,44.8064,2.724,1.231,9.596*4E
$GNGST,021931.30,0.007,0.003,0.002,45.0153,2.724,1.231,9.596*43
$GNGST,021931.40,0.007,0.003,0.002,46.6506,2.724,1.231,9.596*45
$GNGST,021931.50,0.007,0.003,0.002,46.4283,2.724,1.231,9.596*4C
$GNGST,021931.60,0.007,0.003,0.002,45.6236,2.724,1.231,9.596*40
$GNGST,021931.70,0.007,0.003,0.002,45.8949,2.724,1.231,9.596*4C
$GNGST,021931.80,0.007,0.003,0.002,45.7199,2.724,1.231,9.596*49
$GNGST,021931.90,0.007,0.003,0.002,45.7199,2.724,1.231,9.596*48
$GNGST,021932.00,0.007,0.003,0.002,45.6554,2.724,1.231,9.596*46
$GNGST,021932.10,0.007,0.003,0.002,45.8947,2.724,1.231,9.596*47
$GNGST,021932.20,0.007,0.003,0.002,46.0518,2.724,1.231,9.596*49
$GNGST,021932.30,0.007,0.003,0.002,45.7197,2.724,1.231,9.596*4F
$GNGST,021932.40,0.007,0.003,0.002,45.6906,2.724,1.231,9.596*49
$GNGST,021932.50,0.007,0.003,0.002,46.4389,2.724,1.231,9.596*44
$GNGST,021932.60,0.007,0.003,0.002,46.4807,2.724,1.231,9.596*4A
$GNGST,021932.70,0.007,0.003,0.002,45.8925,2.724,1.231,9.596*45
$GNGST,021932.80,0.007,0.003,0.002,45.8924,2.724,1.231,9.596*4B
$GNGST,021932.90,0.007,0.003,0.002,45.8924,2.724,1.231,9.596*4A
$GNGST,021933.00,0.007,0.003,0.002,45.8923,2.724,1.231,9.596*45
$GNGST,021933.10,0.007,0.003,0.002,44.8013,2.724,1.231,9.596*4F
$GNGST,021933.20,0.007,0.003,0.002,45.6882,2.724,1.231,9.596*43
$GNGST,021933.30,0.007,0.003,0.002,45.8921,2.724,1.231,9.596*44
$GNGST,021933.40,0.007,0.003,0.002,45.8921,2.724,1.231,9.596*43
$GNGST,021933.50,0.007,0.003,0.002,45.8920,2.724,1.231,9.596*43
$GNGST,021933.60,0.007,0.003,0.002,45.8920,2.724,1.231,9.596*40
$GNGST,021933.70,0.007,0.003,0.002,46.6587,2.724,1.231,9.596*4D
$GNGST,021933.80,0.007,0.003,0.002,45.8562,2.724,1.231,9.596*44
$GNGST,021933.90,0.008,0.003,0.002,48.1747,2.724,1.231,9.596*4B
$GNGST,021934.00,0.008,0.003,0.002,48.1747,2.724,1.231,9.596*45
$GNGST,021934.10,0.008,0.003,0.002,46.8137,2.724,1.231,9.596*42
$GNGST,021934.20,0.007,0.003,0.002,47.2691,2.724,1.231,9.596*4E
$GNGST,021934.30,0.007,0.003,0.002,46.3474,2.724,1.231,9.596*46
$GNGST,021934.40,0.007,0.003,0.002,47.2691,2.724,1.231,9.596*48
$GNGST,021934.50,0.007,0.003,0.002,45.1536,2.724,1.231,9.596*46
$GNGST,021934.60,0.007,0.003,0.002,46.0358,2.724,1.231,9.596*49
$GNGST,021934.70,0.007,0.003,0.002,46.0358,2.724,1.231,9.596*48
$GNGST,021934.80,0.007,0.003,0.002,45.1532,2.724,1.231,9.596*4F
$GNGST,021934.90,0.008,0.003,0.002,45.7724,2.724,1.231,9.596*42
$GNGST,021935.00,0.007,0.003,0.002,46.3457,2.724,1.231,9.596*45
$GNGST,021935.10,0.007,0.003,0.002,46.0356,2.724,1.231,9.596*41
$GNGST,021935.20,0.007,0.003,0.002,46.3456,2.724,1.231,9.596*46
$GNGST,021935.30,0.007,0.003,0.002,46.6539,2.724,1.231,9.596*4A
$GNGST,021935.40,0.007,0.003,0.002,47.2678,2.724,1.231,9.596*4E
$GNGST,021935.50,0.007,0.003,0.002,46.6537,2.724,1.231,9.596*42
$GNGST,021935.60,0.007,0.003,0.002,47.2678,2.724,1.231,9.596*4C
$GNGST,021935.70,0.007,0.003,0.002,46.3798,2.724,1.231,9.596*42
$GNGST,021935.80,0.007,0.003,0.002,46.0333,2.724,1.231,9.596*4B
$GNGST,021935.90,0.007,0.003,0.002,46.0333,2.724,1.231,9.596*4A
$GNGST,021936.00,0.007,0.003,0.002,46.0332,2.724,1.231,9.596*41
$GNGST,021936.10,0.007,0.003,0.002,46.0332,2.724,1.231,9.596*40
$GNGST,021936.20,0.007,0.003,0.002,46.0331,2.724,1.231,9.596*40
$GNGST,021936.30,0.007,0.003,0.002,46.7773,2.724,1.231,9.596*44
$GNGST,021936.40,0.007,0.003,0.002,45.9966,2.724,1.231,9.596*44
$GNGST,021936.50,0.007,0.003,0.002,46.7764,2.724,1.231,9.596*44
$GNGST,021936.60,0.007,0.003,0.002,46.7763,2.724,1.231,9.596*40
$GNGST,021936.70,0.007,0.003,0.002,46.7323,2.724,1.231,9.596*41
$GNGST,021936.80,0.007,0.003,0.002,46.7763,2.724,1.231,9.596*4E
$GNGST,021936.90,0.008,0.003,0.002,47.5917,2.724,1.231,9.596*4E
$GNGST,021937.00,0.007,0.003,0.002,46.7763,2.724,1.231,9.596*47
$GNGST,021937.10,0.007,0.003,0.002,47.3853,2.724,1.231,9.596*4F
$GNGST,021937.20,0.007,0.003,0.002,47.3853,2.724,1.231,9.596*4C
$GNGST,021937.30,0.007,0.003,0.002,47.3852,2.724,1.231,9.596*4C
$GNGST,021937.40,0.007,0.003,0.002,46.7762,2.724,1.231,9.596*42
$GNGST,021937.50,0.007,0.003,0.002,46.7762,2.724,1.231,9.596*43
$GNGST,021937.60,0.007,0.003,0.002,46.7762,2.724,1.231,9.596*40
$GNGST,021937.70,0.007,0.003,0.002,46.7761,2.724,1.231,9.596*42
$GNGST,021937.80,0.007,0.003,0.002,46.7761,2.724,1.231,9.596*4D
$GNGST,021937.90,0.007,0.003,0.002,45.9088,2.724,1.231,9.596*41
$GNGST,021938.00,0.007,0.003,0.002,45.8786,2.724,1.231,9.596*4F
$GNGST,021938.10,0.008,0.003,0.002,49.0702,2.724,1.231,9.596*49
$GNGST,021938.20,0.007,0.003,0.002,46.6286,2.724,1.231,9.596*45
$GNGST,021938.30,0.007,0.003,0.002,45.7634,2.724,1.231,9.596*4B
$GNGST,021938.40,0.008,0.003,0.002,49.1363,2.724,1.231,9.596*4E
$GNGST,021938.50,0.007,0.003,0.002,46.7227,2.724,1.231,9.596*48
$GNGST,021938.60,0.007,0.003,0.002,46.7227,2.724,1.231,9.596*4B
$GNGST,021938.70,0.008,0.003,0.002,47.8312,2.724,1.231,9.596*4C
$GNGST,021938.80,0.007,0.003,0.002,46.6804,2.724,1.231,9.596*4F
$GNGST,021938.90,0.007,0.003,0.002,46.5251,2.724,1.231,9.596*47
$GNGST,021939.00,0.007,0.003,0.002,46.6804,2.724,1.231,9.596*46
$GNGST,021939.10,0.007,0.003,0.002,46.7213,2.724,1.231,9.596*4A
$GNGST,021939.20,0.007,0.003,0.002,46.7256,2.724,1.231,9.596*48
$GNGST,021939.30,0.007,0.003,0.002,45.9366,2.724,1.231,9.596*46
$GNGST,021939.40,0.007,0.003,0.002,45.9365,2.724,1.231,9.596*42
$GNGST,021939.50,0.007,0.003,0.002,46.7212,2.724,1.231,9.596*4F
$GNGST,021939.60,0.007,0.003,0.002,46.7212,2.724,1.231,9.596*4C
$GNGST,021939.70,0.007,0.003,0.002,46.7212,2.724,1.231,9.596*4D
$GNGST,021939.80,0.007,0.003,0.002,45.9290,2.724,1.231,9.596*45
$GNGST,021939.90,0.007,0.003,0.002,45.1956,2.724,1.231,9.596*4D
$GNGST,021940.00,0.007,0.003,0.002,44.0855,2.724,1.231,9.596*48
$GNGST,021940.10,0.007,0.003,0.002,44.9442,2.724,1.231,9.596*4A
$GNGST,021940.20,0.007,0.003,0.002,45.7050,2.724,1.231,9.596*41
$GNGST,021940.30,0.007,0.003,0.002,45.7518,2.724,1.231,9.596*49
$GNGST,021940.40,0.008,0.003,0.002,48.2186,2.724,1.231,9.596*4A
$GNGST,021940.50,0.007,0.003,0.002,44.9111,2.724,1.231,9.596*4D
$GNGST,021940.60,0.007,0.003,0.002,45.7514,2.724,1.231,9.596*40
$GNGST,021940.70,0.007,0.003,0.002,45.7513,2.724,1.231,9.596*46
$GNGST,021940.80,0.007,0.003,0.002,45.7132,2.724,1.231,9.596*4E
$GNGST,021940.90,0.007,0.003,0.002,45.5353,2.724,1.231,9.596*48
$GNGST,021941.00,0.007,0.003,0.002,45.7131,2.724,1.231,9.596*44
$GNGST,021941.10,0.007,0.003,0.002,45.6802,2.724,1.231,9.596*4D
$GNGST,021941.20,0.007,0.003,0.002,45.6801,2.724,1.231,9.596*4D
$GNGST,021941.30,0.007,0.003,0.002,45.6801,2.724,1.231,9.596*4C
$GNGST,021941.40,0.007,0.003,0.002,46.0513,2.724,1.231,9.596*40
$GNGST,021941.50,0.007,0.003,0.002,46.0128,2.724,1.231,9.596*4D
$GNGST,021941.60,0.007,0.003,0.002,46.0511,2.724,1.231,9.596*40
$GNGST,021941.70,0.007,0.003,0.002,45.6799,2.724,1.231,9.596*46
$GNGST,021941.80,0.007,0.003,0.002,45.7086,2.724,1.231,9.596*41
$GNGST,021941.90,0.007,0.003,0.002,43.7915,2.724,1.231,9.596*45
$GNGST,021942.00,0.007,0.003,0.002,45.5157,2.724,1.231,9.596*45
$GNGST,021942.10,0.007,0.003,0.002,44.7558,2.724,1.231,9.596*4C
$GNGST,021942.20,0.007,0.003,0.002,45.5330,2.724,1.231,9.596*44
$GNGST,021942.30,0.007,0.003,0.002,44.7281,2.724,1.231,9.596*4D
$GNGST,021942.40,0.007,0.003,0.002,43.8620,2.724,1.231,9.596*4D
$GNGST,021942.50,0.007,0.003,0.002,44.7555,2.724,1.231,9.596*45
$GNGST,021942.60,0.007,0.003,0.002,44.7278,2.724,1.231,9.596*4E
$GNGST,021942.70,0.007,0.003,0.002,43.8486,2.724,1.231,9.596*40
$GNGST,021942.80,0.007,0.003,0.002,45.7093,2.724,1.231,9.596*46
$GNGST,021942.90,0.007,0.003,0.002,45.7093,2.724,1.231,9.596*47
$GNGST,021943.00,0.007,0.003,0.002,45.6764,2.724,1.231,9.596*41
$GNGST,021943.10,0.007,0.003,0.002,45.7092,2.724,1.231,9.596*4F
$GNGST,021943.20,0.007,0.003,0.002,45.5312,2.724,1.231,9.596*45
$GNGST,021943.30,0.007,0.003,0.002,45.5311,2.724,1.231,9.596*47
$GNGST,021943.40,0.007,0.003,0.002,46.9350,2.724,1.231,9.596*4A
$GNGST,021943.50,0.007,0.003,0.002,45.6129,2.724,1.231,9.596*4B
$GNGST,021943.60,0.007,0.003,0.002,45.5020,2.724,1.231,9.596*43
$GNGST,021943.70,0.007,0.003,0.002,49.1450,2.724,1.231,9.596*49
$GNGST,021943.80,0.007,0.003,0.002,45.5123,2.724,1.231,9.596*4F
$GNGST,021943.90,0.007,0.003,0.002,45.4840,2.724,1.231,9.596*43
$GNGST,021944.00,0.007,0.003,0.002,45.6350,2.724,1.231,9.596*45
$GNGST,021944.10,0.007,0.003,0.002,45.5121,2.724,1.231,9.596*43
$GNGST,021944.20,0.007,0.003,0.002,45.4838,2.724,1.231,9.596*40
$GNGST,021944.30,0.007,0.003,0.002,45.4837,2.724,1.231,9.596*4E
$GNGST,021944.40,0.007,0.003,0.002,45.4091,2.724,1.231,9.596*4D
$GNGST,021944.50,0.007,0.003,0.002,45.4091,2.724,1.231,9.596*4C
$GNGST,021944.60,0.007,0.003,0.002,45.8599,2.724,1.231,9.596*4E
$GNGST,021944.70,0.007,0.003,0.002,45.4986,2.724,1.231,9.596*41
$GNGST,021944.80,0.007,0.003,0.002,45.4986,2.724,1.231,9.596*4E
$GNGST,021944.90,0.008,0.003,0.002,48.1721,2.724,1.231,9.596*4B
$GNGST,021945.00,0.008,0.003,0.002,49.0634,2.724,1.231,9.596*46
$GNGST,021945.10,0.008,0.003,0.002,49.0634,2.724,1.231,9.596*47
$GNGST,021945.20,0.007,0.003,0.002,45.4705,2.724,1.231,9.596*40
$GNGST,021945.30,0.007,0.003,0.002,44.6106,2.724,1.231,9.596*47
$GNGST,021945.40,0.007,0.003,0.002,44.9091,2.724,1.231,9.596*40
$GNGST,021945.50,0.007,0.003,0.002,44.9091,2.724,1.231,9.596*41
$GNGST,021945.60,0.007,0.003,0.002,44.9091,2.724,1.231,9.596*42
$GNGST,021945.70,0.007,0.003,0.002,44.9091,2.724,1.231,9.596*43
$GNGST,021945.80,0.007,0.003,0.002,45.6795,2.724,1.231,9.596*41
$GNGST,021945.90,0.007,0.003,0.002,45.7034,2.724,1.231,9.596*4D
$GNGST,021946.00,0.007,0.003,0.002,45.7034,2.724,1.231,9.596*47
$GNGST,021946.10,0.007,0.003,0.002,45.7033,2.724,1.231,9.596*41
$GNGST,021946.20,0.007,0.003,0.002,45.7033,2.724,1.231,9.596*42
$GNGST,021946.30,0.007,0.003,0.002,45.7032,2.724,1.231,9.596*42
$GNGST,021946.40,0.007,0.003,0.002,45.7032,2.724,1.231,9.596*45
$GNGST,021946.50,0.007,0.003,0.002,45.7031,2.724,1.231,9.596*47
$GNGST,021946.60,0.007,0.003,0.002,44.9349,2.724,1.231,9.596*47
$GNGST,021946.70,0.007,0.003,0.002,45.6158,2.724,1.231,9.596*4A
$GNGST,021946.80,0.007,0.003,0.002,45.5821,2.724,1.231,9.596*41
$GNGST,021946.90,0.007,0.003,0.002,45.5820,2.724,1.231,9.596*41
$GNGST,021947.00,0.007,0.003,0.002,44.7274,2.724,1.231,9.596*41
$GNGST,021947.10,0.007,0.003,0.002,45.6155,2.724,1.231,9.596*40
$GNGST,021947.20,0.007,0.003,0.002,45.6155,2.724,1.231,9.596*43
$GNGST,021947.30,0.007,0.003,0.002,45.6154,2.724,1.231,9.596*43
$GNGST,021947.40,0.007,0.003,0.002,44.7469,2.724,1.231,9.596*4F
$GNGST,021947.50,0.007,0.003,0.002,45.6160,2.724,1.231,9.596*42
$GNGST,021947.60,0.007,0.003,0.002,45.6145,2.724,1.231,9.596*46
$GNGST,021947.70,0.007,0.003,0.002,45.2233,2.724,1.231,9.596*41
$GNGST,021947.80,0.007,0.003,0.002,46.0679,2.724,1.231,9.596*45
$GNGST,021947.90,0.007,0.003,0.002,46.0679,2.724,1.231,9.596*44
$GNGST,021948.00,0.007,0.003,0.002,46.0513,2.724,1.231,9.596*4D
$GNGST,021948.10,0.007,0.003,0.002,46.0902,2.724,1.231,9.596*40
$GNGST,021948.20,0.007,0.003,0.002,45.8795,2.724,1.231,9.596*48
$GNGST,021948.30,0.007,0.003,0.002,46.0901,2.724,1.231,9.596*41
$GNGST,021948.40,0.007,0.003,0.002,46.0675,2.724,1.231,9.596*4A
$GNGST,021948.50,0.007,0.003,0.002,46.0675,2.724,1.231,9.596*4B
$GNGST,021948.60,0.007,0.003,0.002,46.0674,2.724,1.231,9.596*49
$GNGST,021948.70,0.007,0.003,0.002,46.1069,2.724,1.231,9.596*43
$GNGST,021948.80,0.007,0.003,0.002,46.1068,2.724,1.231,9.596*4D
$GNGST,021948.90,0.007,0.003,0.002,45.5779,2.724,1.231,9.596*4C
$GNGST,021949.00,0.007,0.003,0.002,45.6113,2.724,1.231,9.596*4D
$GNGST,021949.10,0.007,0.003,0.002,45.4045,2.724,1.231,9.596*4C
$GNGST,021949.20,0.007,0.003,0.002,45.6112,2.724,1.231,9.596*4E
$GNGST,021949.30,0.007,0.003,0.002,46.0878,2.724,1.231,9.596*4F
$GNGST,021949.40,0.007,0.003,0.002,46.0877,2.724,1.231,9.596*47
$GNGST,021949.50,0.007,0.003,0.002,45.9117,2.724,1.231,9.596*43
$GNGST,021949.60,0.007,0.003,0.002,46.0876,2.724,1.231,9.596*44
$GNGST,021949.70,0.007,0.003,0.002,45.6109,2.724,1.231,9.596*41
$GNGST,021949.80,0.007,0.003,0.002,45.2135,2.724,1.231,9.596*45
$GNGST,021949.90,0.007,0.003,0.002,45.6087,2.724,1.231,9.596*48
$GNGST,021950.00,0.007,0.003,0.002,45.6087,2.724,1.231,9.596*49
$GNGST,021950.10,0.007,0.003,0.002,45.6086,2.724,1.231,9.596*49
$GNGST,021950.20,0.007,0.003,0.002,45.6085,2.724,1.231,9.596*49
$GNGST,021950.30,0.007,0.003,0.002,45.5749,2.724,1.231,9.596*4C
$GNGST,021950.40,0.007,0.003,0.002,45.6301,2.724,1.231,9.596*40
$GNGST,021950.50,0.007,0.003,0.002,48.1103,2.724,1.231,9.596*4B
$GNGST,021950.60,0.007,0.003,0.002,46.4342,2.724,1.231,9.596*44
$GNGST,021950.70,0.007,0.003,0.002,44.6434,2.724,1.231,9.596*43
$GNGST,021950.80,0.007,0.003,0.002,44.7761,2.724,1.231,9.596*4E
$GNGST,021950.90,0.007,0.003,0.002,45.6957,2.724,1.231,9.596*44
$GNGST,021951.00,0.007,0.003,0.002,44.9203,2.724,1.231,9.596*48
$GNGST,021951.10,0.007,0.003,0.002,44.7757,2.724,1.231,9.596*43
$GNGST,021951.20,0.007,0.003,0.002,43.9841,2.724,1.231,9.596*41
$GNGST,021951.30,0.007,0.003,0.002,46.4810,2.724,1.231,9.596*4C
$GNGST,021951.40,0.007,0.003,0.002,44.9201,2.724,1.231,9.596*4E
$GNGST,021951.50,0.007,0.003,0.002,44.9198,2.724,1.231,9.596*4C
$GNGST,021951.60,0.007,0.003,0.002,45.3152,2.724,1.231,9.596*42
$GNGST,021951.70,0.007,0.003,0.002,46.1844,2.724,1.231,9.596*4C
$GNGST,021951.80,0.007,0.003,0.002,46.4356,2.724,1.231,9.596*4E
$GNGST,021951.90,0.007,0.003,0.002,46.4566,2.724,1.231,9.596*4A
$GNGST,021952.00,0.007,0.003,0.002,46.4565,2.724,1.231,9.596*43
$GNGST,021952.10,0.007,0.003,0.002,46.4752,2.724,1.231,9.596*44
$GNGST,021952.20,0.007,0.003,0.002,46.3296,2.724,1.231,9.596*4D
$GNGST,021952.30,0.007,0.003,0.002,46.4751,2.724,1.231,9.596*45
$GNGST,021952.40,0.007,0.003,0.002,46.4507,2.724,1.231,9.596*43
$GNGST,021952.50,0.007,0.003,0.002,46.4751,2.724,1.231,9.596*43
$GNGST,021952.60,0.007,0.003,0.002,45.5210,2.724,1.231,9.596*42
$GNGST,021952.70,0.008,0.003,0.002,46.6353,2.724,1.231,9.596*4A
$GNGST,021952.80,0.007,0.003,0.002,46.4490,2.724,1.231,9.596*40
$GNGST,021952.90,0.007,0.003,0.002,46.4489,2.724,1.231,9.596*49
$GNGST,021953.00,0.007,0.003,0.002,46.4489,2.724,1.231,9.596*41
$GNGST,021953.10,0.007,0.003,0.002,46.4489,2.724,1.231,9.596*40
$GNGST,021953.20,0.007,0.003,0.002,48.2888,2.724,1.231,9.596*46
$GNGST,021953.30,0.007,0.003,0.002,46.4489,2.724,1.231,9.596*42
$GNGST,021953.40,0.007,0.003,0.002,46.4488,2.724,1.231,9.596*44
$GNGST,021953.50,0.008,0.003,0.002,47.4306,2.724,1.231,9.596*4A
$GNGST,021953.60,0.007,0.003,0.002,46.4488,2.724,1.231,9.596*46
$GNGST,021953.70,0.007,0.003,0.002,46.4477,2.724,1.231,9.596*47
$GNGST,021953.80,0.007,0.003,0.002,46.4477,2.724,1.231,9.596*48
$GNGST,021953.90,0.007,0.003,0.002,46.4476,2.724,1.231,9.596*48
$GNGST,021954.00,0.007,0.003,0.002,46.4476,2.724,1.231,9.596*46
$GNGST,021954.10,0.007,0.003,0.002,46.2765,2.724,1.231,9.596*40
$GNGST,021954.20,0.007,0.003,0.002,46.2537,2.724,1.231,9.596*46
$GNGST,021954.30,0.007,0.003,0.002,45.4763,2.724,1.231,9.596*41
$GNGST,021954.40,0.007,0.003,0.002,44.6942,2.724,1.231,9.596*48
$GNGST,021954.50,0.007,0.003,0.002,46.4256,2.724,1.231,9.596*47
$GNGST,021954.60,0.007,0.003,0.002,46.4234,2.724,1.231,9.596*40
$GNGST,021954.70,0.008,0.003,0.002,45.5055,2.724,1.231,9.596*49
$GNGST,021954.80,0.008,0.003,0.002,49.2056,2.724,1.231,9.596*4E
$GNGST,021954.90,0.007,0.003,0.002,44.8846,2.724,1.231,9.596*4E
$GNGST,021955.00,0.007,0.003,0.002,44.8845,2.724,1.231,9.596*45
$GNGST,021955.10,0.008,0.003,0.002,47.4725,2.724,1.231,9.596*4D
$GNGST,021955.20,0.008,0.003,0.002,46.1852,2.724,1.231,9.596*45
$GNGST,021955.30,0.007,0.003,0.002,44.8842,2.724,1.231,9.596*41
$GNGST,021955.40,0.007,0.003,0.002,43.7795,2.724,1.231,9.596*4B
$GNGST,021955.50,0.007,0.003,0.002,45.2622,2.724,1.231,9.596*44
$GNGST,021955.60,0.007,0.003,0.002,44.8839,2.724,1.231,9.596*48
$GNGST,021955.70,0.007,0.003,0.002,45.6175,2.724,1.231,9.596*47
$GNGST,021955.80,0.008,0.003,0.002,49.3357,2.724,1.231,9.596*4C
$GNGST,021955.90,0.007,0.003,0.002,44.8814,2.724,1.231,9.596*48
$GNGST,021956.00,0.007,0.003,0.002,45.6585,2.724,1.231,9.596*48
$GNGST,021956.10,0.007,0.003,0.002,46.4075,2.724,1.231,9.596*42
$GNGST,021956.20,0.007,0.003,0.002,45.6584,2.724,1.231,9.596*4B
$GNGST,021956.30,0.007,0.003,0.002,45.6583,2.724,1.231,9.596*4D
$GNGST,021956.40,0.007,0.003,0.002,45.6582,2.724,1.231,9.596*4B
$GNGST,021956.50,0.007,0.003,0.002,44.7590,2.724,1.231,9.596*49
$GNGST,021956.60,0.007,0.003,0.002,45.6581,2.724,1.231,9.596*4A
$GNGST,021956.70,0.007,0.003,0.002,45.6580,2.724,1.231,9.596*4A
$GNGST,021956.80,0.007,0.003,0.002,45.6580,2.724,1.231,9.596*45
$GNGST,021956.90,0.007,0.003,0.002,45.6565,2.724,1.231,9.596*4F
$GNGST,021957.00,0.007,0.003,0.002,45.6564,2.724,1.231,9.596*46
$GNGST,021957.10,0.008,0.003,0.002,49.5023,2.724,1.231,9.596*41
$GNGST,021957.20,0.007,0.003,0.002,44.7569,2.724,1.231,9.596*49
$GNGST,021957.30,0.007,0.003,0.002,45.6562,2.724,1.231,9.596*43
$GNGST,021957.40,0.008,0.003,0.002,47.4674,2.724,1.231,9.596*4F
$GNGST,021957.50,0.008,0.003,0.002,47.4674,2.724,1.231,9.596*4E
$GNGST,021957.60,0.007,0.003,0.002,44.8782,2.724,1.231,9.596*45
$GNGST,021957.70,0.008,0.003,0.002,47.4673,2.724,1.231,9.596*4B
$GNGST,021957.80,0.007,0.003,0.002,45.5562,2.724,1.231,9.596*4B
$GNGST,021957.90,0.007,0.003,0.002,44.4786,2.724,1.231,9.596*42
$GNGST,021958.00,0.008,0.003,0.002,43.6232,2.724,1.231,9.596*44
$GNGST,021958.10,0.008,0.003,0.002,44.7185,2.724,1.231,9.596*4C
$GNGST,021958.20,0.007,0.003,0.002,44.3890,2.724,1.231,9.596*49
$GNGST,021958.30,0.007,0.003,0.002,44.4784,2.724,1.231,9.596*45
$GNGST,021958.40,0.007,0.003,0.002,44.8778,2.724,1.231,9.596*4D
$GNGST,021958.50,0.007,0.003,0.002,43.6739,2.724,1.231,9.596*40
$GNGST,021958.60,0.007,0.003,0.002,44.8771,2.724,1.231,9.596*46
$GNGST,021958.70,0.007,0.003,0.002,44.8770,2.724,1.231,9.596*46
$GNGST,021958.80,0.008,0.003,0.002,47.4667,2.724,1.231,9.596*4E
$GNGST,021958.90,0.007,0.003,0.002,44.8768,2.724,1.231,9.596*41
$GNGST,021959.00,0.007,0.003,0.002,44.8767,2.724,1.231,9.596*46
$GNGST,021959.10,0.007,0.003,0.002,44.8766,2.724,1.231,9.596*46
$GNGST,021959.20,0.007,0.003,0.002,46.1415,2.724,1.231,9.596*49
$GNGST,021959.30,0.007,0.003,0.002,45.6551,2.724,1.231,9.596*4D
$GNGST,021959.40,0.007,0.003,0.002,45.6550,2.724,1.231,9.596*4B
$GNGST,021959.50,0.007,0.003,0.002,45.0262,2.724,1.231,9.596*4A
$GNGST,021959.60,0.007,0.003,0.002,45.2603,2.724,1.231,9.596*48
$GNGST,021959.70,0.007,0.003,0.002,45.6538,2.724,1.231,9.596*46
$GNGST,021959.80,0.007,0.003,0.002,45.2603,2.724,1.231,9.596*46
$GNGST,021959.90,0.007,0.003,0.002,45.2603,2.724,1.231,9.596*47
$GNGST,022000.00,0.007,0.003,0.002,45.2603,2.724,1.231,9.596*48
$GNGST,022000.10,0.007,0.003,0.002,45.2603,2.724,1.231,9.596*49
$GNGST,022000.20,0.007,0.003,0.002,45.2602,2.724,1.231,9.596*4B
$GNGST,022000.30,0.007,0.003,0.002,45.6534,2.724,1.231,9.596*48
$GNGST,022000.40,0.007,0.003,0.002,45.2602,2.724,1.231,9.596*4D
$GNGST,022000.50,0.007,0.003,0.002,45.2602,2.724,1.231,9.596*4C
$GNGST,022000.60,0.008,0.003,0.002,45.8594,2.724,1.231,9.596*46
$GNGST,022000.70,0.007,0.003,0.002,45.3145,2.724,1.231,9.596*4B
$GNGST,022000.80,0.007,0.003,0.002,45.5516,2.724,1.231,9.596*40
$GNGST,022000.90,0.007,0.003,0.002,45.5516,2.724,1.231,9.596*41
$GNGST,022001.00,0.007,0.003,0.002,45.5515,2.724,1.231,9.596*4A
$GNGST,022001.10,0.007,0.003,0.002,45.6517,2.724,1.231,9.596*4A
$GNGST,022001.20,0.007,0.003,0.002,45.5514,2.724,1.231,9.596*49
$GNGST,022001.30,0.007,0.003,0.002,45.5513,2.724,1.231,9.596*4F
$GNGST,022001.40,0.007,0.003,0.002,45.6515,2.724,1.231,9.596*4D
$GNGST,022001.50,0.007,0.003,0.002,45.3131,2.724,1.231,9.596*4B
$GNGST,022001.60,0.007,0.003,0.002,45.6513,2.724,1.231,9.596*49
$GNGST,022001.70,0.007,0.003,0.002,45.5495,2.724,1.231,9.596*44
$GNGST,022001.80,0.007,0.003,0.002,46.4021,2.724,1.231,9.596*42
$GNGST,022001.90,0.007,0.003,0.002,44.6579,2.724,1.231,9.596*4B
$GNGST,022002.00,0.007,0.003,0.002,46.3576,2.724,1.231,9.596*49
$GNGST,022002.10,0.007,0.003,0.002,45.5614,2.724,1.231,9.596*4A
$GNGST,022002.20,0.007,0.003,0.002,46.2150,2.724,1.231,9.596*4A
$GNGST,022002.30,0.007,0.003,0.002,45.4567,2.724,1.231,9.596*4E
$GNGST,022002.40,0.007,0.003,0.002,45.4566,2.724,1.231,9.596*48
$GNGST,022002.50,0.008,0.003,0.002,46.9242,2.724,1.231,9.596*49
$GNGST,022002.60,0.007,0.003,0.002,44.5921,2.724,1.231,9.596*45
$GNGST,022002.70,0.007,0.003,0.002,44.6541,2.724,1.231,9.596*4D
$GNGST,022002.80,0.007,0.003,0.002,45.5351,2.724,1.231,9.596*47
$GNGST,022002.90,0.007,0.003,0.002,45.3479,2.724,1.231,9.596*4D
$GNGST,022003.00,0.007,0.003,0.002,45.4340,2.724,1.231,9.596*4F
$GNGST,022003.10,0.007,0.003,0.002,45.5349,2.724,1.231,9.596*46
$GNGST,022003.20,0.007,0.003,0.002,45.5348,2.724,1.231,9.596*44
$GNGST,022003.30,0.007,0.003,0.002,45.5567,2.724,1.231,9.596*4E
$GNGST,022003.40,0.007,0.003,0.002,45.5566,2.724,1.231,9.596*48
$GNGST,022003.50,0.007,0.003,0.002,45.5346,2.724,1.231,9.596*4D
$GNGST,022003.60,0.007,0.003,0.002,45.5345,2.724,1.231,9.596*4D
$GNGST,022003.70,0.007,0.003,0.002,44.2734,2.724,1.231,9.596*48
$GNGST,022003.80,0.007,0.003,0.002,44.5886,2.724,1.231,9.596*46
$GNGST,022003.90,0.007,0.003,0.002,45.4313,2.724,1.231,9.596*40
$GNGST,022004.00,0.007,0.003,0.002,46.1886,2.724,1.231,9.596*4F
$GNGST,022004.10,0.007,0.003,0.002,45.4312,2.724,1.231,9.596*4E
$GNGST,022004.20,0.007,0.003,0.002,45.4311,2.724,1.231,9.596*4E
$GNGST,022004.30,0.007,0.003,0.002,45.2575,2.724,1.231,9.596*4D
$GNGST,022004.40,0.007,0.003,0.002,45.4309,2.724,1.231,9.596*41
$GNGST,022004.50,0.007,0.003,0.002,45.4309,2.724,1.231,9.596*40
$GNGST,022004.60,0.007,0.003,0.002,45.5317,2.724,1.231,9.596*4D
$GNGST,022004.70,0.007,0.003,0.002,45.5316,2.724,1.231,9.596*4D
$GNGST,022004.80,0.007,0.003,0.002,45.4306,2.724,1.231,9.596*42
$GNGST,022004.90,0.007,0.003,0.002,45.4305,2.724,1.231,9.596*40
$GNGST,022005.00,0.007,0.003,0.002,45.3441,2.724,1.231,9.596*48
$GNGST,022005.10,0.007,0.003,0.002,45.4282,2.724,1.231,9.596*47
$GNGST,022005.20,0.007,0.003,0.002,45.4281,2.724,1.231,9.596*47
$GNGST,022005.30,0.007,0.003,0.002,45.4280,2.724,1.231,9.596*47
$GNGST,022005.40,0.007,0.003,0.002,45.2544,2.724,1.231,9.596*49
$GNGST,022005.50,0.007,0.003,0.002,45.2543,2.724,1.231,9.596*4F
$GNGST,022005.60,0.007,0.003,0.002,46.3945,2.724,1.231,9.596*44
$GNGST,022005.70,0.007,0.003,0.002,45.4030,2.724,1.231,9.596*4A
$GNGST,022005.80,0.007,0.003,0.002,45.4029,2.724,1.231,9.596*4D
$GNGST,022005.90,0.008,0.003,0.002,45.9584,2.724,1.231,9.596*4C
$GNGST,022006.00,0.007,0.003,0.002,45.4272,2.724,1.231,9.596*4A
$GNGST,022006.10,0.007,0.003,0.002,46.3944,2.724,1.231,9.596*41
$GNGST,022006.20,0.007,0.003,0.002,46.3944,2.724,1.231,9.596*42
$GNGST,022006.30,0.007,0.003,0.002,45.5408,2.724,1.231,9.596*43
$GNGST,022006.40,0.007,0.003,0.002,45.6383,2.724,1.231,9.596*43
$GNGST,022006.50,0.007,0.003,0.002,45.6382,2.724,1.231,9.596*43
$GNGST,022006.60,0.007,0.003,0.002,44.7339,2.724,1.231,9.596*40
$GNGST,022006.70,0.007,0.003,0.002,46.2276,2.724,1.231,9.596*4C
$GNGST,022006.80,0.007,0.003,0.002,45.5389,2.724,1.231,9.596*46
$GNGST,022006.90,0.007,0.003,0.002,45.5388,2.724,1.231,9.596*46
$GNGST,022007.00,0.007,0.003,0.002,45.5388,2.724,1.231,9.596*4E
$GNGST,022007.10,0.007,0.003,0.002,45.5387,2.724,1.231,9.596*40
$GNGST,022007.20,0.007,0.003,0.002,45.5386,2.724,1.231,9.596*42
$GNGST,022007.30,0.007,0.003,0.002,45.5386,2.724,1.231,9.596*43
$GNGST,022007.40,0.007,0.003,0.002,45.5385,2.724,1.231,9.596*47
$GNGST,022007.50,0.007,0.003,0.002,45.5384,2.724,1.231,9.596*47
$GNGST,022007.60,0.007,0.003,0.002,45.5383,2.724,1.231,9.596*43
$GNGST,022007.70,0.007,0.003,0.002,45.5364,2.724,1.231,9.596*4B
$GNGST,022007.80,0.008,0.003,0.002,36.1271,2.724,1.231,9.596*4E
$GNGST,022007.90,0.007,0.003,0.002,45.5362,2.724,1.231,9.596*43
$GNGST,022008.00,0.007,0.003,0.002,45.5362,2.724,1.231,9.596*45
$GNGST,022008.10,0.007,0.003,0.002,46.3999,2.724,1.231,9.596*4F
$GNGST,022008.20,0.007,0.003,0.002,45.5360,2.724,1.231,9.596*45
$GNGST,022008.30,0.007,0.003,0.002,45.5360,2.724,1.231,9.596*44
$GNGST,022008.40,0.007,0.003,0.002,46.3999,2.724,1.231,9.596*4A
$GNGST,022008.50,0.007,0.003,0.002,45.5358,2.724,1.231,9.596*49
$GNGST,022008.60,0.007,0.003,0.002,45.5358,2.724,1.231,9.596*4A
$GNGST,022008.70,0.007,0.003,0.002,46.3998,2.724,1.231,9.596*48
$GNGST,022008.80,0.007,0.003,0.002,46.3997,2.724,1.231,9.596*48
$GNGST,022008.90,0.007,0.003,0.002,46.3997,2.724,1.231,9.596*49
$GNGST,022009.00,0.007,0.003,0.002,46.3975,2.724,1.231,9.596*4D
$GNGST,022009.10,0.007,0.003,0.002,43.9943,2.724,1.231,9.596*46
$GNGST,022009.20,0.007,0.003,0.002,45.9711,2.724,1.231,9.596*4A
$GNGST,022009.30,0.007,0.003,0.002,45.9711,2.724,1.231,9.596*4B
$GNGST,022009.40,0.007,0.003,0.002,46.3974,2.724,1.231,9.596*48
$GNGST,022009.50,0.007,0.003,0.002,46.3973,2.724,1.231,9.596*4E
$GNGST,022009.60,0.007,0.003,0.002,45.2422,2.724,1.231,9.596*46
$GNGST,022009.70,0.007,0.003,0.002,45.4879,2.724,1.231,9.596*43
$GNGST,022009.80,0.007,0.003,0.002,46.6505,2.724,1.231,9.596*4B
$GNGST,022009.90,0.007,0.003,0.002,46.6505,2.724,1.231,9.596*4A
$GNGST,022010.00,0.007,0.003,0.002,45.8781,2.724,1.231,9.596*48
$GNGST,022010.10,0.007,0.003,0.002,46.6505,2.724,1.231,9.596*4A
$GNGST,022010.20,0.008,0.003,0.002,45.2165,2.724,1.231,9.596*43
$GNGST,022010.30,0.007,0.003,0.002,45.8779,2.724,1.231,9.596*4C
$GNGST,022010.40,0.007,0.003,0.002,45.9684,2.724,1.231,9.596*49
$GNGST,022010.50,0.007,0.003,0.002,46.4845,2.724,1.231,9.596*45
$GNGST,022010.60,0.007,0.003,0.002,44.9695,2.724,1.231,9.596*4A
$GNGST,022010.70,0.007,0.003,0.002,45.1197,2.724,1.231,9.596*47
$GNGST,022010.80,0.007,0.003,0.002,44.9692,2.724,1.231,9.596*43
$GNGST,022010.90,0.007,0.003,0.002,46.5084,2.724,1.231,9.596*4D
$GNGST,022011.00,0.007,0.003,0.002,46.1447,2.724,1.231,9.596*4A
$GNGST,022011.10,0.007,0.003,0.002,45.8715,2.724,1.231,9.596*45
$GNGST,022011.20,0.007,0.003,0.002,45.8715,2.724,1.231,9.596*46
$GNGST,022011.30,0.007,0.003,0.002,46.1445,2.724,1.231,9.596*4B
$GNGST,022011.40,0.007,0.003,0.002,46.1444,2.724,1.231,9.596*4D
$GNGST,022011.50,0.007,0.003,0.002,45.9304,2.724,1.231,9.596*44
$GNGST,022011.60,0.007,0.003,0.002,45.6992,2.724,1.231,9.596*4D
$GNGST,022011.70,0.007,0.003,0.002,45.2140,2.724,1.231,9.596*4F
$GNGST,022011.80,0.007,0.003,0.002,46.0789,2.724,1.231,9.596*42
$GNGST,022011.90,0.007,0.003,0.002,48.5572,2.724,1.231,9.596*4E
$GNGST,022012.00,0.007,0.003,0.002,48.5572,2.724,1.231,9.596*44
$GNGST,022012.10,0.007,0.003,0.002,48.5572,2.724,1.231,9.596*45
$GNGST,022012.20,0.007,0.003,0.002,47.5273,2.724,1.231,9.596*4F
$GNGST,022012.30,0.007,0.003,0.002,46.1164,2.724,1.231,9.596*4E
$GNGST,022012.40,0.007,0.003,0.002,50.3382,2.724,1.231,9.596*46
$GNGST,022012.50,0.007,0.003,0.002,47.5273,2.724,1.231,9.596*48
$GNGST,022012.60,0.007,0.003,0.002,47.5273,2.724,1.231,9.596*4B
$GNGST,022012.70,0.007,0.003,0.002,47.5273,2.724,1.231,9.596*4A
$GNGST,022012.80,0.007,0.003,0.002,47.5273,2.724,1.231,9.596*45
$GNGST,022012.90,0.007,0.003,0.002,47.5273,2.724,1.231,9.596*44
$GNGST,022013.00,0.007,0.003,0.002,46.9709,2.724,1.231,9.596*49
$GNGST,022013.10,0.007,0.003,0.002,46.3615,2.724,1.231,9.596*4E
$GNGST,022013.20,0.007,0.003,0.002,47.5247,2.724,1.231,9.596*49
$GNGST,022013.30,0.007,0.003,0.002,46.7411,2.724,1.231,9.596*4E
$GNGST,022013.40,0.007,0.003,0.002,46.7411,2.724,1.231,9.596*49
$GNGST,022013.50,0.007,0.003,0.002,46.2681,2.724,1.231,9.596*46
$GNGST,022013.60,0.007,0.003,0.002,46.7410,2.724,1.231,9.596*4A
$GNGST,022013.70,0.007,0.003,0.002,46.1131,2.724,1.231,9.596*4B
$GNGST,022013.80,0.007,0.003,0.002,46.6514,2.724,1.231,9.596*40
$GNGST,022013.90,0.007,0.003,0.002,47.6086,2.724,1.231,9.596*4E
$GNGST,022014.00,0.007,0.003,0.002,46.8964,2.724,1.231,9.596*4A
$GNGST,022014.10,0.007,0.003,0.002,46.8964,2.724,1.231,9.596*4B
$GNGST,022014.20,0.007,0.003,0.002,46.1516,2.724,1.231,9.596*48
$GNGST,022014.30,0.007,0.003,0.002,46.1515,2.724,1.231,9.596*4A
$GNGST,022014.40,0.007,0.003,0.002,45.5681,2.724,1.231,9.596*44
$GNGST,022014.50,0.007,0.003,0.002,46.3582,2.724,1.231,9.596*40
$GNGST,022014.60,0.007,0.003,0.002,44.9027,2.724,1.231,9.596*41
$GNGST,022014.70,0.007,0.003,0.002,46.3581,2.724,1.231,9.596*41
$GNGST,022014.80,0.007,0.003,0.002,45.7040,2.724,1.231,9.596*41
$GNGST,022014.90,0.007,0.003,0.002,44.7445,2.724,1.231,9.596*40
$GNGST,022015.00,0.007,0.003,0.002,46.2757,2.724,1.231,9.596*4F
$GNGST,022015.10,0.007,0.003,0.002,46.3578,2.724,1.231,9.596*40
$GNGST,022015.20,0.007,0.003,0.002,46.8947,2.724,1.231,9.596*48
$GNGST,022015.30,0.007,0.003,0.002,46.8947,2.724,1.231,9.596*49
$GNGST,022015.40,0.007,0.003,0.002,46.8946,2.724,1.231,9.596*4F
$GNGST,022015.50,0.007,0.003,0.002,45.7708,2.724,1.231,9.596*46
$GNGST,022015.60,0.007,0.003,0.002,46.2766,2.724,1.231,9.596*4B
$GNGST,022015.70,0.007,0.003,0.002,46.2766,2.724,1.231,9.596*4A
$GNGST,022015.80,0.007,0.003,0.002,47.6060,2.724,1.231,9.596*41
$GNGST,022015.90,0.007,0.003,0.002,45.0481,2.724,1.231,9.596*4F
$GNGST,022016.00,0.007,0.003,0.002,45.3880,2.724,1.231,9.596*4B
$GNGST,022016.10,0.007,0.003,0.002,46.2740,2.724,1.231,9.596*4B
$GNGST,022016.20,0.007,0.003,0.002,45.8448,2.724,1.231,9.596*4A
$GNGST,022016.30,0.007,0.003,0.002,46.2738,2.724,1.231,9.596*46
$GNGST,022016.40,0.007,0.003,0.002,46.2738,2.724,1.231,9.596*41
$GNGST,022016.50,0.007,0.003,0.002,46.2737,2.724,1.231,9.596*4F
$GNGST,022016.60,0.007,0.003,0.002,46.2736,2.724,1.231,9.596*4D
$GNGST,022016.70,0.007,0.003,0.002,46.2736,2.724,1.231,9.596*4C
$GNGST,022016.80,0.007,0.003,0.002,47.6033,2.724,1.231,9.596*44
$GNGST,022016.90,0.007,0.003,0.002,46.2734,2.724,1.231,9.596*40
$GNGST,022017.00,0.007,0.003,0.002,45.8535,2.724,1.231,9.596*42
$GNGST,022017.10,0.007,0.003,0.002,46.0709,2.724,1.231,9.596*45
$GNGST,022017.20,0.007,0.003,0.002,46.6110,2.724,1.231,9.596*4E
$GNGST,022017.30,0.007,0.003,0.002,45.8533,2.724,1.231,9.596*47
$GNGST,022017.40,0.007,0.003,0.002,45.8533,2.724,1.231,9.596*40
$GNGST,022017.50,0.007,0.003,0.002,46.0438,2.724,1.231,9.596*40
$GNGST,022017.60,0.007,0.003,0.002,46.0437,2.724,1.231,9.596*4C
$GNGST,022017.70,0.007,0.003,0.002,45.8302,2.724,1.231,9.596*47
$GNGST,022017.80,0.007,0.003,0.002,46.3381,2.724,1.231,9.596*4B
$GNGST,022017.90,0.007,0.003,0.002,46.0435,2.724,1.231,9.596*41
$GNGST,022018.00,0.007,0.003,0.002,46.0418,2.724,1.231,9.596*48
$GNGST,022018.10,0.007,0.003,0.002,48.2354,2.724,1.231,9.596*4A
$GNGST,022018.20,0.007,0.003,0.002,46.0417,2.724,1.231,9.596*45
$GNGST,022018.30,0.007,0.003,0.002,45.7620,2.724,1.231,9.596*46
$GNGST,022018.40,0.007,0.003,0.002,46.0415,2.724,1.231,9.596*41
$GNGST,022018.50,0.007,0.003,0.002,47.0063,2.724,1.231,9.596*44
$GNGST,022018.60,0.007,0.003,0.002,47.0063,2.724,1.231,9.596*47
$GNGST,022018.70,0.007,0.003,0.002,46.3362,2.724,1.231,9.596*46
$GNGST,022018.80,0.007,0.003,0.002,46.0413,2.724,1.231,9.596*4B
$GNGST,022018.90,0.007,0.003,0.002,46.0412,2.724,1.231,9.596*4B
$GNGST,022019.00,0.007,0.003,0.002,45.8685,2.724,1.231,9.596*44
$GNGST,022019.10,0.007,0.003,0.002,46.3481,2.724,1.231,9.596*4B
$GNGST,022019.20,0.007,0.003,0.002,47.6007,2.724,1.231,9.596*46
$GNGST,022019.30,0.007,0.003,0.002,47.6007,2.724,1.231,9.596*47
$GNGST,022019.40,0.007,0.003,0.002,47.6007,2.724,1.231,9.596*40
$GNGST,022019.50,0.007,0.003,0.002,47.0045,2.724,1.231,9.596*41
$GNGST,022019.60,0.007,0.003,0.002,47.4481,2.724,1.231,9.596*4A
$GNGST,022019.70,0.007,0.003,0.002,47.6007,2.724,1.231,9.596*43
$GNGST,022019.80,0.007,0.003,0.002,48.3772,2.724,1.231,9.596*43
$GNGST,022019.90,0.007,0.003,0.002,45.8665,2.724,1.231,9.596*43
$GNGST,022020.00,0.007,0.003,0.002,46.3459,2.724,1.231,9.596*45
$GNGST,022020.10,0.007,0.003,0.002,45.8663,2.724,1.231,9.596*47
$GNGST,022020.20,0.007,0.003,0.002,45.8663,2.724,1.231,9.596*44
$GNGST,022020.30,0.008,0.003,0.002,38.4257,2.724,1.231,9.596*4F
$GNGST,022020.40,0.007,0.003,0.002,45.8661,2.724,1.231,9.596*40
$GNGST,022020.50,0.007,0.003,0.002,47.2465,2.724,1.231,9.596*4F
$GNGST,022020.60,0.008,0.003,0.002,50.2961,2.724,1.231,9.596*4C
$GNGST,022020.70,0.007,0.003,0.002,46.4328,2.724,1.231,9.596*44
$GNGST,022020.80,0.007,0.003,0.002,46.2899,2.724,1.231,9.596*4C
$GNGST,022020.90,0.007,0.003,0.002,46.4312,2.724,1.231,9.596*43
$GNGST,022021.00,0.007,0.003,0.002,46.3083,2.724,1.231,9.596*47
$GNGST,022021.10,0.007,0.003,0.002,45.9554,2.724,1.231,9.596*40
$GNGST,022021.20,0.007,0.003,0.002,45.9470,2.724,1.231,9.596*44
$GNGST,022021.30,0.007,0.003,0.002,45.9470,2.724,1.231,9.596*45
$GNGST,022021.40,0.007,0.003,0.002,45.9469,2.724,1.231,9.596*4A
$GNGST,022021.50,0.007,0.003,0.002,45.9468,2.724,1.231,9.596*4A
$GNGST,022021.60,0.007,0.003,0.002,45.9468,2.724,1.231,9.596*49
$GNGST,022021.70,0.007,0.003,0.002,45.9467,2.724,1.231,9.596*47
$GNGST,022021.80,0.007,0.003,0.002,49.5844,2.724,1.231,9.596*45
$GNGST,022021.90,0.007,0.003,0.002,45.9466,2.724,1.231,9.596*48
$GNGST,022022.00,0.007,0.003,0.002,46.7267,2.724,1.231,9.596*48
$GNGST,022022.10,0.007,0.003,0.002,46.7267,2.724,1.231,9.596*49
$GNGST,022022.20,0.007,0.003,0.002,46.7267,2.724,1.231,9.596*4A
$GNGST,022022.30,0.007,0.003,0.002,45.8471,2.724,1.231,9.596*46
$GNGST,022022.40,0.007,0.003,0.002,45.8470,2.724,1.231,9.596*40
$GNGST,022022.50,0.007,0.003,0.002,45.8470,2.724,1.231,9.596*41
$GNGST,022022.60,0.007,0.003,0.002,45.7566,2.724,1.231,9.596*4B
$GNGST,022022.70,0.007,0.003,0.002,46.7266,2.724,1.231,9.596*4E
$GNGST,022022.80,0.007,0.003,0.002,46.7254,2.724,1.231,9.596*40
$GNGST,022022.90,0.007,0.003,0.002,45.7932,2.724,1.231,9.596*49
$GNGST,022023.00,0.007,0.003,0.002,45.7931,2.724,1.231,9.596*42
$GNGST,022023.10,0.007,0.003,0.002,45.7931,2.724,1.231,9.596*43
$GNGST,022023.20,0.007,0.003,0.002,45.7930,2.724,1.231,9.596*41
$GNGST,022023.30,0.007,0.003,0.002,46.9156,2.724,1.231,9.596*45
$GNGST,022023.40,0.007,0.003,0.002,46.9156,2.724,1.231,9.596*42
$GNGST,022023.50,0.007,0.003,0.002,45.1632,2.724,1.231,9.596*4D
$GNGST,022023.60,0.007,0.003,0.002,45.1631,2.724,1.231,9.596*4D
$GNGST,022023.70,0.008,0.003,0.002,46.2698,2.724,1.231,9.596*40
$GNGST,022023.80,0.007,0.003,0.002,45.9131,2.724,1.231,9.596*4C
$GNGST,022023.90,0.007,0.003,0.002,46.9138,2.724,1.231,9.596*47
$GNGST,022024.00,0.007,0.003,0.002,46.9138,2.724,1.231,9.596*49
$GNGST,022024.10,0.007,0.003,0.002,46.9138,2.724,1.231,9.596*48
$GNGST,022024.20,0.007,0.003,0.002,46.9138,2.724,1.231,9.596*4B
$GNGST,022024.30,0.007,0.003,0.002,46.9138,2.724,1.231,9.596*4A
$GNGST,022024.40,0.007,0.003,0.002,46.9137,2.724,1.231,9.596*42
$GNGST,022024.50,0.007,0.003,0.002,46.5991,2.724,1.231,9.596*4B
$GNGST,022024.60,0.007,0.003,0.002,47.1135,2.724,1.231,9.596*4B
$GNGST,022024.70,0.007,0.003,0.002,47.1135,2.724,1.231,9.596*4A
$GNGST,022024.80,0.007,0.003,0.002,47.1135,2.724,1.231,9.596*45
$GNGST,022024.90,0.007,0.003,0.002,45.6842,2.724,1.231,9.596*48
$GNGST,022025.00,0.007,0.003,0.002,47.1135,2.724,1.231,9.596*4C
$GNGST,022025.10,0.007,0.003,0.002,46.5716,2.724,1.231,9.596*4F
$GNGST,022025.20,0.007,0.003,0.002,46.5714,2.724,1.231,9.596*4E
$GNGST,022025.30,0.007,0.003,0.002,46.7768,2.724,1.231,9.596*46
$GNGST,022025.40,0.007,0.003,0.002,46.7767,2.724,1.231,9.596*4E
$GNGST,022025.50,0.007,0.003,0.002,46.7766,2.724,1.231,9.596*4E
$GNGST,022025.60,0.007,0.003,0.002,46.7766,2.724,1.231,9.596*4D
$GNGST,022025.70,0.007,0.003,0.002,45.1533,2.724,1.231,9.596*4B
$GNGST,022025.80,0.007,0.003,0.002,45.1532,2.724,1.231,9.596*45
$GNGST,022025.90,0.007,0.003,0.002,44.3742,2.724,1.231,9.596*42
$GNGST,022026.00,0.007,0.003,0.002,45.5334,2.724,1.231,9.596*4A
$GNGST,022026.10,0.007,0.003,0.002,46.6950,2.724,1.231,9.596*43
$GNGST,022026.20,0.007,0.003,0.002,46.3174,2.724,1.231,9.596*4B
$GNGST,022026.30,0.007,0.003,0.002,46.3173,2.724,1.231,9.596*4D
$GNGST,022026.40,0.007,0.003,0.002,46.3172,2.724,1.231,9.596*4B
$GNGST,022026.50,0.007,0.003,0.002,45.9143,2.724,1.231,9.596*41
$GNGST,022026.60,0.007,0.003,0.002,45.9143,2.724,1.231,9.596*42
$GNGST,022026.70,0.007,0.003,0.002,45.9142,2.724,1.231,9.596*42
$GNGST,022026.80,0.007,0.003,0.002,46.3170,2.724,1.231,9.596*45
$GNGST,022026.90,0.007,0.003,0.002,46.3154,2.724,1.231,9.596*42
$GNGST,022027.00,0.007,0.003,0.002,46.3153,2.724,1.231,9.596*4D
$GNGST,022027.10,0.007,0.003,0.002,46.4355,2.724,1.231,9.596*4F
$GNGST,022027.20,0.007,0.003,0.002,46.4355,2.724,1.231,9.596*4C
$GNGST,022027.30,0.007,0.003,0.002,46.4354,2.724,1.231,9.596*4C
$GNGST,022027.40,0.007,0.003,0.002,46.3429,2.724,1.231,9.596*41
$GNGST,022027.50,0.007,0.003,0.002,46.3428,2.724,1.231,9.596*41
$GNGST,022027.60,0.007,0.003,0.002,46.3428,2.724,1.231,9.596*42
$GNGST,022027.70,0.007,0.003,0.002,46.3427,2.724,1.231,9.596*4C
$GNGST,022027.80,0.007,0.003,0.002,46.3426,2.724,1.231,9.596*42
$GNGST,022027.90,0.007,0.003,0.002,46.3407,2.724,1.231,9.596*40
$GNGST,022028.00,0.007,0.003,0.002,45.9288,2.724,1.231,9.596*4E
$GNGST,022028.10,0.007,0.003,0.002,46.3406,2.724,1.231,9.596*46
$GNGST,022028.20,0.007,0.003,0.002,46.3405,2.724,1.231,9.596*46
$GNGST,022028.30,0.007,0.003,0.002,46.3405,2.724,1.231,9.596*47
$GNGST,022028.40,0.007,0.003,0.002,45.1968,2.724,1.231,9.596*47
$GNGST,022028.50,0.007,0.003,0.002,45.1967,2.724,1.231,9.596*49
$GNGST,022028.60,0.007,0.003,0.002,45.1965,2.724,1.231,9.596*48
$GNGST,022028.70,0.007,0.003,0.002,46.3402,2.724,1.231,9.596*44
$GNGST,022028.80,0.007,0.003,0.002,46.3388,2.724,1.231,9.596*4E
$GNGST,022028.90,0.007,0.003,0.002,46.3387,2.724,1.231,9.596*40
$GNGST,022029.00,0.007,0.003,0.002,46.4312,2.724,1.231,9.596*43
$GNGST,022029.10,0.007,0.003,0.002,46.4312,2.724,1.231,9.596*42
$GNGST,022029.20,0.007,0.003,0.002,47.0427,2.724,1.231,9.596*45
$GNGST,022029.30,0.007,0.003,0.002,47.0427,2.724,1.231,9.596*44
$GNGST,022029.40,0.007,0.003,0.002,46.4310,2.724,1.231,9.596*45
$GNGST,022029.50,0.007,0.003,0.002,46.4309,2.724,1.231,9.596*4C
$GNGST,022029.60,0.007,0.003,0.002,46.4309,2.724,1.231,9.596*4F
$GNGST,022029.70,0.007,0.003,0.002,47.5793,2.724,1.231,9.596*49
$GNGST,022029.80,0.007,0.003,0.002,46.0091,2.724,1.231,9.596*47
$GNGST,022029.90,0.007,0.003,0.002,46.4275,2.724,1.231,9.596*4A
$GNGST,022030.00,0.007,0.003,0.002,46.0091,2.724,1.231,9.596*47
$GNGST,022030.10,0.007,0.003,0.002,46.0091,2.724,1.231,9.596*46
$GNGST,022030.20,0.007,0.003,0.002,46.4273,2.724,1.231,9.596*4F
$GNGST,022030.30,0.007,0.003,0.002,46.4273,2.724,1.231,9.596*4E
$GNGST,022030.40,0.007,0.003,0.002,46.4272,2.724,1.231,9.596*48
$GNGST,022030.50,0.007,0.003,0.002,45.1898,2.724,1.231,9.596*41
$GNGST,022030.60,0.007,0.003,0.002,46.3345,2.724,1.231,9.596*48
$GNGST,022030.70,0.007,0.003,0.002,46.3330,2.724,1.231,9.596*4B
$GNGST,022030.80,0.007,0.003,0.002,45.5309,2.724,1.231,9.596*4B
$GNGST,022030.90,0.007,0.003,0.002,45.1280,2.724,1.231,9.596*4E
$GNGST,022031.00,0.007,0.003,0.002,45.1279,2.724,1.231,9.596*40
$GNGST,022031.10,0.007,0.003,0.002,45.1278,2.724,1.231,9.596*40
$GNGST,022031.20,0.007,0.003,0.002,45.1277,2.724,1.231,9.596*4C
$GNGST,022031.30,0.007,0.003,0.002,45.9259,2.724,1.231,9.596*49
$GNGST,022031.40,0.007,0.003,0.002,46.3326,2.724,1.231,9.596*4E
$GNGST,022031.50,0.007,0.003,0.002,45.9258,2.724,1.231,9.596*4E
$GNGST,022031.60,0.007,0.003,0.002,44.8897,2.724,1.231,9.596*44
$GNGST,022031.70,0.007,0.003,0.002,46.1656,2.724,1.231,9.596*4D
$GNGST,022031.80,0.007,0.003,0.002,46.1655,2.724,1.231,9.596*41
$GNGST,022031.90,0.007,0.003,0.002,46.1655,2.724,1.231,9.596*40
$GNGST,022032.00,0.007,0.003,0.002,46.1654,2.724,1.231,9.596*4B
$GNGST,022032.10,0.007,0.003,0.002,46.4245,2.724,1.231,9.596*4B
$GNGST,022032.20,0.007,0.003,0.002,46.4244,2.724,1.231,9.596*49
$GNGST,022032.30,0.007,0.003,0.002,46.0072,2.724,1.231,9.596*4B
$GNGST,022032.40,0.007,0.003,0.002,45.5481,2.724,1.231,9.596*42
$GNGST,022032.50,0.007,0.003,0.002,45.4791,2.724,1.231,9.596*40
$GNGST,022032.60,0.007,0.003,0.002,45.1347,2.724,1.231,9.596*49
$GNGST,022032.70,0.007,0.003,0.002,46.3014,2.724,1.231,9.596*4C
$GNGST,022032.80,0.007,0.003,0.002,47.1824,2.724,1.231,9.596*4B
$GNGST,022032.90,0.007,0.003,0.002,46.3013,2.724,1.231,9.596*45
$GNGST,022033.00,0.007,0.003,0.002,45.8483,2.724,1.231,9.596*48
$GNGST,022033.10,0.007,0.003,0.002,46.3011,2.724,1.231,9.596*4E
$GNGST,022033.20,0.007,0.003,0.002,46.3010,2.724,1.231,9.596*4C
$GNGST,022033.30,0.007,0.003,0.002,46.3010,2.724,1.231,9.596*4D
$GNGST,022033.40,0.007,0.003,0.002,46.3009,2.724,1.231,9.596*42
$GNGST,022033.50,0.007,0.003,0.002,46.3008,2.724,1.231,9.596*42
$GNGST,022033.60,0.007,0.003,0.002,46.3008,2.724,1.231,9.596*41
$GNGST,022033.70,0.007,0.003,0.002,45.9216,2.724,1.231,9.596*44
$GNGST,022033.80,0.007,0.003,0.002,45.9216,2.724,1.231,9.596*4B
$GNGST,022033.90,0.007,0.003,0.002,45.9215,2.724,1.231,9.596*49
$GNGST,022034.00,0.007,0.003,0.002,45.9214,2.724,1.231,9.596*46
$GNGST,022034.10,0.007,0.003,0.002,45.7522,2.724,1.231,9.596*4B
$GNGST,022034.20,0.007,0.003,0.002,45.7521,2.724,1.231,9.596*4B
$GNGST,022034.30,0.007,0.003,0.002,45.9213,2.724,1.231,9.596*42
$GNGST,022034.40,0.007,0.003,0.002,45.9212,2.724,1.231,9.596*44
$GNGST,022034.50,0.007,0.003,0.002,45.9212,2.724,1.231,9.596*45
$GNGST,022034.60,0.007,0.003,0.002,46.3912,2.724,1.231,9.596*44
$GNGST,022034.70,0.007,0.003,0.002,45.9461,2.724,1.231,9.596*45
$GNGST,022034.80,0.007,0.003,0.002,45.7159,2.724,1.231,9.596*4A
$GNGST,022034.90,0.007,0.003,0.002,45.7159,2.724,1.231,9.596*4B
$GNGST,022035.00,0.007,0.003,0.002,45.7158,2.724,1.231,9.596*42
$GNGST,022035.10,0.007,0.003,0.002,46.6621,2.724,1.231,9.596*48
$GNGST,022035.20,0.007,0.003,0.002,45.9674,2.724,1.231,9.596*47
$GNGST,022035.30,0.007,0.003,0.002,45.9674,2.724,1.231,9.596*46
$GNGST,022035.40,0.007,0.003,0.002,45.9674,2.724,1.231,9.596*41
$GNGST,022035.50,0.007,0.003,0.002,47.8827,2.724,1.231,9.596*4B
$GNGST,022035.60,0.007,0.003,0.002,47.8827,2.724,1.231,9.596*48
$GNGST,022035.70,0.007,0.003,0.002,46.4557,2.724,1.231,9.596*4E
$GNGST,022035.80,0.007,0.003,0.002,45.9946,2.724,1.231,9.596*43
$GNGST,022035.90,0.007,0.003,0.002,46.4556,2.724,1.231,9.596*41
$GNGST,022036.00,0.007,0.003,0.002,46.8450,2.724,1.231,9.596*40
$GNGST,022036.10,0.007,0.003,0.002,46.8449,2.724,1.231,9.596*49
$GNGST,022036.20,0.007,0.003,0.002,46.8449,2.724,1.231,9.596*4A
$GNGST,022036.30,0.007,0.003,0.002,46.8449,2.724,1.231,9.596*4B
$GNGST,022036.40,0.007,0.003,0.002,46.8448,2.724,1.231,9.596*4D
$GNGST,022036.50,0.007,0.003,0.002,47.3281,2.724,1.231,9.596*45
$GNGST,022036.60,0.007,0.003,0.002,47.0758,2.724,1.231,9.596*44
$GNGST,022036.70,0.007,0.003,0.002,47.0757,2.724,1.231,9.596*4A
$GNGST,022036.80,0.007,0.003,0.002,47.0756,2.724,1.231,9.596*44
$GNGST,022036.90,0.007,0.003,0.002,46.3648,2.724,1.231,9.596*49
$GNGST,022037.00,0.007,0.003,0.002,46.7621,2.724,1.231,9.596*4A
$GNGST,022037.10,0.007,0.003,0.002,46.3649,2.724,1.231,9.596*41
$GNGST,022037.20,0.007,0.003,0.002,46.4527,2.724,1.231,9.596*4E
$GNGST,022037.30,0.007,0.003,0.002,45.2213,2.724,1.231,9.596*4A
$GNGST,022037.40,0.007,0.003,0.002,45.2213,2.724,1.231,9.596*4D
$GNGST,022037.50,0.007,0.003,0.002,45.1751,2.724,1.231,9.596*4C
$GNGST,022037.60,0.007,0.003,0.002,44.8388,2.724,1.231,9.596*47
$GNGST,022037.70,0.007,0.003,0.002,45.5957,2.724,1.231,9.596*42
$GNGST,022037.80,0.007,0.003,0.002,47.0407,2.724,1.231,9.596*42
$GNGST,022037.90,0.007,0.003,0.002,47.0407,2.724,1.231,9.596*43
$GNGST,022038.00,0.007,0.003,0.002,46.9441,2.724,1.231,9.596*4F
$GNGST,022038.10,0.007,0.003,0.002,46.9441,2.724,1.231,9.596*4E
$GNGST,022038.20,0.007,0.003,0.002,46.9441,2.724,1.231,9.596*4D
$GNGST,022038.30,0.007,0.003,0.002,46.1671,2.724,1.231,9.596*45
$GNGST,022038.40,0.008,0.003,0.002,46.6638,2.724,1.231,9.596*47
$GNGST,022038.50,0.007,0.003,0.002,46.7476,2.724,1.231,9.596*40
$GNGST,022038.60,0.007,0.003,0.002,47.5293,2.724,1.231,9.596*4D
$GNGST,022038.70,0.007,0.003,0.002,46.9424,2.724,1.231,9.596*4B
$GNGST,022038.80,0.007,0.003,0.002,45.5438,2.724,1.231,9.596*46
$GNGST,022038.90,0.007,0.003,0.002,45.5437,2.724,1.231,9.596*48
$GNGST,022039.00,0.007,0.003,0.002,45.6374,2.724,1.231,9.596*43
$GNGST,022039.10,0.007,0.003,0.002,46.1859,2.724,1.231,9.596*42
$GNGST,022039.20,0.007,0.003,0.002,46.7608,2.724,1.231,9.596*4D
$GNGST,022039.30,0.007,0.003,0.002,46.5007,2.724,1.231,9.596*47
$GNGST,022039.40,0.007,0.003,0.002,46.5006,2.724,1.231,9.596*41
$GNGST,022039.50,0.007,0.003,0.002,45.2290,2.724,1.231,9.596*49
$GNGST,022039.60,0.007,0.003,0.002,45.6371,2.724,1.231,9.596*40
$GNGST,022039.70,0.007,0.003,0.002,46.7604,2.724,1.231,9.596*44
$GNGST,022039.80,0.007,0.003,0.002,47.2088,2.724,1.231,9.596*4D
$GNGST,022039.90,0.007,0.003,0.002,47.2068,2.724,1.231,9.596*42
$GNGST,022040.00,0.007,0.003,0.002,47.2068,2.724,1.231,9.596*45
$GNGST,022040.10,0.007,0.003,0.002,47.2068,2.724,1.231,9.596*44
$GNGST,022040.20,0.007,0.003,0.002,47.2067,2.724,1.231,9.596*48
$GNGST,022040.30,0.007,0.003,0.002,47.2067,2.724,1.231,9.596*49
$GNGST,022040.40,0.007,0.003,0.002,46.2593,2.724,1.231,9.596*41
$GNGST,022040.50,0.007,0.003,0.002,45.0824,2.724,1.231,9.596*40
$GNGST,022040.60,0.007,0.003,0.002,46.2367,2.724,1.231,9.596*4E
$GNGST,022040.70,0.007,0.003,0.002,46.2367,2.724,1.231,9.596*4F
$GNGST,022040.80,0.007,0.003,0.002,45.9834,2.724,1.231,9.596*45
$GNGST,022040.90,0.007,0.003,0.002,46.0080,2.724,1.231,9.596*49
$GNGST,022041.00,0.007,0.003,0.002,46.2581,2.724,1.231,9.596*47
$GNGST,022041.10,0.007,0.003,0.002,46.0078,2.724,1.231,9.596*47
$GNGST,022041.20,0.007,0.003,0.002,46.2579,2.724,1.231,9.596*42
$GNGST,022041.30,0.007,0.003,0.002,45.7208,2.724,1.231,9.596*44
$GNGST,022041.40,0.007,0.003,0.002,45.7207,2.724,1.231,9.596*4C
$GNGST,022041.50,0.007,0.003,0.002,45.4464,2.724,1.231,9.596*4D
$GNGST,022041.60,0.007,0.003,0.002,45.1863,2.724,1.231,9.596*40
$GNGST,022041.70,0.007,0.003,0.002,45.4461,2.724,1.231,9.596*4A
$GNGST,022041.80,0.007,0.003,0.002,45.3917,2.724,1.231,9.596*4E
$GNGST,022041.90,0.007,0.003,0.002,45.1364,2.724,1.231,9.596*43
$GNGST,022042.00,0.007,0.003,0.002,45.4328,2.724,1.231,9.596*44
$GNGST,022042.10,0.007,0.003,0.002,45.1597,2.724,1.231,9.596*42
$GNGST,022042.20,0.007,0.003,0.002,45.4326,2.724,1.231,9.596*48
$GNGST,022042.30,0.007,0.003,0.002,44.7482,2.724,1.231,9.596*42
$GNGST,022042.40,0.007,0.003,0.002,45.0115,2.724,1.231,9.596*48
$GNGST,022042.50,0.007,0.003,0.002,45.0115,2.724,1.231,9.596*49
$GNGST,022042.60,0.007,0.003,0.002,44.7480,2.724,1.231,9.596*45
$GNGST,022042.70,0.007,0.003,0.002,44.7479,2.724,1.231,9.596*42
$GNGST,022042.80,0.007,0.003,0.002,44.7730,2.724,1.231,9.596*43
$GNGST,022042.90,0.007,0.003,0.002,44.7729,2.724,1.231,9.596*4A
$GNGST,022043.00,0.007,0.003,0.002,45.4569,2.724,1.231,9.596*46
$GNGST,022043.10,0.007,0.003,0.002,45.1840,2.724,1.231,9.596*44
$GNGST,022043.20,0.007,0.003,0.002,45.1839,2.724,1.231,9.596*49
$GNGST,022043.30,0.007,0.003,0.002,45.1838,2.724,1.231,9.596*49
$GNGST,022043.40,0.007,0.003,0.002,45.1836,2.724,1.231,9.596*40
$GNGST,022043.50,0.007,0.003,0.002,44.5382,2.724,1.231,9.596*40
$GNGST,022043.60,0.007,0.003,0.002,46.5095,2.724,1.231,9.596*44
$GNGST,022043.70,0.007,0.003,0.002,45.9559,2.724,1.231,9.596*4F
$GNGST,022043.80,0.007,0.003,0.002,46.2126,2.724,1.231,9.596*44
$GNGST,022043.90,0.007,0.003,0.002,45.0884,2.724,1.231,9.596*45
$GNGST,022044.00,0.007,0.003,0.002,45.9557,2.724,1.231,9.596*41
$GNGST,022044.10,0.007,0.003,0.002,46.2124,2.724,1.231,9.596*48
$GNGST,022044.20,0.007,0.003,0.002,45.9555,2.724,1.231,9.596*41
$GNGST,022044.30,0.007,0.003,0.002,45.9555,2.724,1.231,9.596*40
$GNGST,022044.40,0.007,0.003,0.002,46.2121,2.724,1.231,9.596*48
$GNGST,022044.50,0.007,0.003,0.002,45.4149,2.724,1.231,9.596*42
$GNGST,022044.60,0.007,0.003,0.002,45.9552,2.724,1.231,9.596*42
$GNGST,022044.70,0.007,0.003,0.002,45.9551,2.724,1.231,9.596*40
$GNGST,022044.80,0.007,0.003,0.002,46.5078,2.724,1.231,9.596*4E
$GNGST,022044.90,0.007,0.003,0.002,44.4647,2.724,1.231,9.596*46
$GNGST,022045.00,0.007,0.003,0.002,46.0437,2.724,1.231,9.596*4D
$GNGST,022045.10,0.007,0.003,0.002,45.4042,2.724,1.231,9.596*4D
$GNGST,022045.20,0.007,0.003,0.002,45.4041,2.724,1.231,9.596*4D
$GNGST,022045.30,0.007,0.003,0.002,47.1399,2.724,1.231,9.596*4D
$GNGST,022045.40,0.007,0.003,0.002,45.7742,2.724,1.231,9.596*4C
$GNGST,022045.50,0.007,0.003,0.002,45.7742,2.724,1.231,9.596*4D
$GNGST,022045.60,0.007,0.003,0.002,46.0305,2.724,1.231,9.596*4D
$GNGST,022045.70,0.007,0.003,0.002,45.6086,2.724,1.231,9.596*41
$GNGST,022045.80,0.007,0.003,0.002,45.6021,2.724,1.231,9.596*43
$GNGST,022045.90,0.007,0.003,0.002,45.0316,2.724,1.231,9.596*43
$GNGST,022046.00,0.007,0.003,0.002,45.4685,2.724,1.231,9.596*42
$GNGST,022046.10,0.007,0.003,0.002,45.4684,2.724,1.231,9.596*42
$GNGST,022046.20,0.007,0.003,0.002,45.4684,2.724,1.231,9.596*41
$GNGST,022046.30,0.007,0.003,0.002,45.4683,2.724,1.231,9.596*47
$GNGST,022046.40,0.007,0.003,0.002,45.7091,2.724,1.231,9.596*46
$GNGST,022046.50,0.007,0.003,0.002,45.4682,2.724,1.231,9.596*40
$GNGST,022046.60,0.007,0.003,0.002,45.6147,2.724,1.231,9.596*4F
$GNGST,022046.70,0.007,0.003,0.002,45.7072,2.724,1.231,9.596*48
$GNGST,022046.80,0.007,0.003,0.002,45.4663,2.724,1.231,9.596*42
$GNGST,022046.90,0.007,0.003,0.002,45.7071,2.724,1.231,9.596*45
$GNGST,022047.00,0.007,0.003,0.002,45.4661,2.724,1.231,9.596*49
$GNGST,022047.10,0.007,0.003,0.002,44.5039,2.724,1.231,9.596*43
$GNGST,022047.20,0.007,0.003,0.002,45.4660,2.724,1.231,9.596*4A
$GNGST,022047.30,0.007,0.003,0.002,45.4659,2.724,1.231,9.596*41
$GNGST,022047.40,0.007,0.003,0.002,45.4659,2.724,1.231,9.596*46
$GNGST,022047.50,0.007,0.003,0.002,45.4658,2.724,1.231,9.596*46
$GNGST,022047.60,0.007,0.003,0.002,45.7066,2.724,1.231,9.596*4D
$GNGST,022047.70,0.007,0.003,0.002,45.7065,2.724,1.231,9.596*4F
$GNGST,022047.80,0.007,0.003,0.002,45.7025,2.724,1.231,9.596*44
$GNGST,022047.90,0.007,0.003,0.002,45.7952,2.724,1.231,9.596*4C
$GNGST,022048.00,0.007,0.003,0.002,49.1363,2.724,1.231,9.596*48
$GNGST,022048.10,0.007,0.003,0.002,45.4619,2.724,1.231,9.596*48
$GNGST,022048.20,0.007,0.003,0.002,45.4619,2.724,1.231,9.596*4B
$GNGST,022048.30,0.008,0.003,0.002,49.6869,2.724,1.231,9.596*42
$GNGST,022048.40,0.008,0.003,0.002,49.7136,2.724,1.231,9.596*47
$GNGST,022048.50,0.008,0.003,0.002,49.7136,2.724,1.231,9.596*46
$GNGST,022048.60,0.007,0.003,0.002,44.7519,2.724,1.231,9.596*4E
$GNGST,022048.70,0.007,0.003,0.002,45.7187,2.724,1.231,9.596*4D
$GNGST,022048.80,0.007,0.003,0.002,45.7186,2.724,1.231,9.596*43
$GNGST,022048.90,0.007,0.003,0.002,45.7185,2.724,1.231,9.596*41
$GNGST,022049.00,0.007,0.003,0.002,45.5249,2.724,1.231,9.596*48
$GNGST,022049.10,0.007,0.003,0.002,43.4390,2.724,1.231,9.596*4B
$GNGST,022049.20,0.007,0.003,0.002,43.4389,2.724,1.231,9.596*40
$GNGST,022049.30,0.007,0.003,0.002,45.7183,2.724,1.231,9.596*4C
$GNGST,022049.40,0.007,0.003,0.002,45.8602,2.724,1.231,9.596*4A
$GNGST,022049.50,0.007,0.003,0.002,46.7314,2.724,1.231,9.596*45
$GNGST,022049.60,0.007,0.003,0.002,44.9293,2.724,1.231,9.596*44
$GNGST,022049.70,0.007,0.003,0.002,44.7979,2.724,1.231,9.596*44
$GNGST,022049.80,0.007,0.003,0.002,45.8840,2.724,1.231,9.596*4E
$GNGST,022049.90,0.007,0.003,0.002,45.8840,2.724,1.231,9.596*4F
$GNGST,022050.00,0.007,0.003,0.002,44.7975,2.724,1.231,9.596*47
$GNGST,022050.10,0.007,0.003,0.002,44.7973,2.724,1.231,9.596*40
$GNGST,022050.20,0.007,0.003,0.002,45.8574,2.724,1.231,9.596*46
$GNGST,022050.30,0.007,0.003,0.002,44.7971,2.724,1.231,9.596*40
$GNGST,022050.40,0.007,0.003,0.002,45.0538,2.724,1.231,9.596*40
$GNGST,022050.50,0.007,0.003,0.002,45.0537,2.724,1.231,9.596*4E
$GNGST,022050.60,0.007,0.003,0.002,45.8571,2.724,1.231,9.596*47
$GNGST,022050.70,0.007,0.003,0.002,45.8834,2.724,1.231,9.596*4A
$GNGST,022050.80,0.007,0.003,0.002,46.5148,2.724,1.231,9.596*49
$GNGST,022050.90,0.007,0.003,0.002,46.1311,2.724,1.231,9.596*42
$GNGST,022051.00,0.007,0.003,0.002,46.1310,2.724,1.231,9.596*4B
$GNGST,022051.10,0.008,0.003,0.002,49.7224,2.724,1.231,9.596*4A
$GNGST,022051.20,0.008,0.003,0.002,50.0284,2.724,1.231,9.596*4C
$GNGST,022051.30,0.007,0.003,0.002,45.8808,2.724,1.231,9.596*40
$GNGST,022051.40,0.007,0.003,0.002,45.3191,2.724,1.231,9.596*45
$GNGST,022051.50,0.007,0.003,0.002,45.0559,2.724,1.231,9.596*47
$GNGST,022051.60,0.008,0.003,0.002,44.4638,2.724,1.231,9.596*4A
$GNGST,022051.70,0.007,0.003,0.002,45.0556,2.724,1.231,9.596*4A
$GNGST,022051.80,0.007,0.003,0.002,45.1682,2.724,1.231,9.596*4E
$GNGST,022051.90,0.007,0.003,0.002,45.0741,2.724,1.231,9.596*40
$GNGST,022052.00,0.007,0.003,0.002,45.1680,2.724,1.231,9.596*47
$GNGST,022052.10,0.007,0.003,0.002,44.3790,2.724,1.231,9.596*45
$GNGST,022052.20,0.008,0.003,0.002,43.8968,2.724,1.231,9.596*4C
$GNGST,022052.30,0.007,0.003,0.002,45.1677,2.724,1.231,9.596*4C
$GNGST,022052.40,0.007,0.003,0.002,45.1676,2.724,1.231,9.596*4A
$GNGST,022052.50,0.007,0.003,0.002,45.1675,2.724,1.231,9.596*48
$GNGST,022052.60,0.007,0.003,0.002,44.9720,2.724,1.231,9.596*43
$GNGST,022052.70,0.007,0.003,0.002,44.9719,2.724,1.231,9.596*48
$GNGST,022052.80,0.007,0.003,0.002,47.4756,2.724,1.231,9.596*42
$GNGST,022052.90,0.007,0.003,0.002,46.5432,2.724,1.231,9.596*42
$GNGST,022053.00,0.007,0.003,0.002,46.5432,2.724,1.231,9.596*4A
$GNGST,022053.10,0.007,0.003,0.002,46.6435,2.724,1.231,9.596*4F
$GNGST,022053.20,0.007,0.003,0.002,46.6435,2.724,1.231,9.596*4C
$GNGST,022053.30,0.007,0.003,0.002,45.9754,2.724,1.231,9.596*45
$GNGST,022053.40,0.007,0.003,0.002,45.9753,2.724,1.231,9.596*45
$GNGST,022053.50,0.007,0.003,0.002,46.5191,2.724,1.231,9.596*43
$GNGST,022053.60,0.007,0.003,0.002,46.7478,2.724,1.231,9.596*40
$GNGST,022053.70,0.008,0.003,0.002,37.6597,2.724,1.231,9.596*49
$GNGST,022053.80,0.007,0.003,0.002,46.6274,2.724,1.231,9.596*45
$GNGST,022053.90,0.007,0.003,0.002,46.7462,2.724,1.231,9.596*44
$GNGST,022054.00,0.007,0.003,0.002,45.7841,2.724,1.231,9.596*44
$GNGST,022054.10,0.007,0.003,0.002,45.5489,2.724,1.231,9.596*4F
$GNGST,022054.20,0.007,0.003,0.002,45.7839,2.724,1.231,9.596*49
$GNGST,022054.30,0.007,0.003,0.002,46.5175,2.724,1.231,9.596*48
$GNGST,022054.40,0.007,0.003,0.002,45.7838,2.724,1.231,9.596*4E
$GNGST,022054.50,0.007,0.003,0.002,45.7837,2.724,1.231,9.596*40
$GNGST,022054.60,0.007,0.003,0.002,45.7836,2.724,1.231,9.596*42
$GNGST,022054.70,0.007,0.003,0.002,45.7835,2.724,1.231,9.596*40
$GNGST,022054.80,0.007,0.003,0.002,46.5174,2.724,1.231,9.596*42
$GNGST,022054.90,0.007,0.003,0.002,46.5153,2.724,1.231,9.596*46
$GNGST,022055.00,0.007,0.003,0.002,46.5153,2.724,1.231,9.596*4E
$GNGST,022055.10,0.007,0.003,0.002,45.5833,2.724,1.231,9.596*43
$GNGST,022055.20,0.007,0.003,0.002,46.5153,2.724,1.231,9.596*4C
$GNGST,022055.30,0.007,0.003,0.002,45.3502,2.724,1.231,9.596*48
$GNGST,022055.40,0.007,0.003,0.002,45.7053,2.724,1.231,9.596*4A
$GNGST,022055.50,0.007,0.003,0.002,46.3661,2.724,1.231,9.596*4B
$GNGST,022055.60,0.007,0.003,0.002,45.4467,2.724,1.231,9.596*48
$GNGST,022055.70,0.007,0.003,0.002,45.0950,2.724,1.231,9.596*44
$GNGST,022055.80,0.007,0.003,0.002,44.2089,2.724,1.231,9.596*45
$GNGST,022055.90,0.007,0.003,0.002,45.4443,2.724,1.231,9.596*41
$GNGST,022056.00,0.007,0.003,0.002,44.4776,2.724,1.231,9.596*4F
$GNGST,022056.10,0.007,0.003,0.002,46.0587,2.724,1.231,9.596*44
$GNGST,022056.20,0.007,0.003,0.002,46.9955,2.724,1.231,9.596*4D
$GNGST,022056.30,0.007,0.003,0.002,46.0587,2.724,1.231,9.596*46
$GNGST,022056.40,0.007,0.003,0.002,49.1502,2.724,1.231,9.596*42
$GNGST,022056.50,0.007,0.003,0.002,46.2952,2.724,1.231,9.596*46
$GNGST,022056.60,0.007,0.003,0.002,46.2941,2.724,1.231,9.596*47
$GNGST,022056.70,0.007,0.003,0.002,44.6720,2.724,1.231,9.596*49
$GNGST,022056.80,0.007,0.003,0.002,44.7216,2.724,1.231,9.596*47
$GNGST,022056.90,0.007,0.003,0.002,44.7215,2.724,1.231,9.596*45
$GNGST,022057.00,0.007,0.003,0.002,46.0574,2.724,1.231,9.596*48
$GNGST,022057.10,0.007,0.003,0.002,44.4752,2.724,1.231,9.596*49
$GNGST,022057.20,0.007,0.003,0.002,44.5439,2.724,1.231,9.596*45
$GNGST,022057.30,0.008,0.003,0.002,45.4639,2.724,1.231,9.596*49
$GNGST,022057.40,0.007,0.003,0.002,44.7208,2.724,1.231,9.596*45
$GNGST,022057.50,0.007,0.003,0.002,46.0573,2.724,1.231,9.596*4A
$GNGST,022057.60,0.007,0.003,0.002,45.6099,2.724,1.231,9.596*4D
$GNGST,022057.70,0.008,0.003,0.002,36.2810,2.724,1.231,9.596*4A
$GNGST,022057.80,0.007,0.003,0.002,45.5121,2.724,1.231,9.596*42
$GNGST,022057.90,0.007,0.003,0.002,45.7601,2.724,1.231,9.596*44
$GNGST,022058.00,0.007,0.003,0.002,45.5790,2.724,1.231,9.596*49
$GNGST,022058.10,0.007,0.003,0.002,45.7599,2.724,1.231,9.596*41
$GNGST,022058.20,0.007,0.003,0.002,44.4893,2.724,1.231,9.596*47
$GNGST,022058.30,0.007,0.003,0.002,44.5409,2.724,1.231,9.596*48
$GNGST,022058.40,0.007,0.003,0.002,44.5408,2.724,1.231,9.596*4E
$GNGST,022058.50,0.007,0.003,0.002,44.7956,2.724,1.231,9.596*4B
$GNGST,022058.60,0.007,0.003,0.002,44.5405,2.724,1.231,9.596*41
$GNGST,022058.70,0.007,0.003,0.002,46.2401,2.724,1.231,9.596*41
$GNGST,022058.80,0.007,0.003,0.002,46.2401,2.724,1.231,9.596*4E
$GNGST,022058.90,0.007,0.003,0.002,46.6865,2.724,1.231,9.596*45
$GNGST,022059.00,0.007,0.003,0.002,44.6656,2.724,1.231,9.596*41
$GNGST,022059.10,0.007,0.003,0.002,45.0306,2.724,1.231,9.596*47
$GNGST,022059.20,0.007,0.003,0.002,46.4335,2.724,1.231,9.596*43
$GNGST,022059.30,0.007,0.003,0.002,47.0898,2.724,1.231,9.596*4B
$GNGST,022059.40,0.007,0.003,0.002,46.4334,2.724,1.231,9.596*44
$GNGST,022059.50,0.007,0.003,0.002,46.4334,2.724,1.231,9.596*45
$GNGST,022059.60,0.007,0.003,0.002,46.4322,2.724,1.231,9.596*41
$GNGST,022059.70,0.007,0.003,0.002,46.4322,2.724,1.231,9.596*40
$GNGST,022059.80,0.007,0.003,0.002,46.4773,2.724,1.231,9.596*4F
$GNGST,022059.90,0.007,0.003,0.002,44.8911,2.724,1.231,9.596*4A
$GNGST,022100.00,0.007,0.003,0.002,44.7234,2.724,1.231,9.596*4D
$GNGST,022100.10,0.007,0.003,0.002,44.7234,2.724,1.231,9.596*4C
$GNGST,022100.20,0.007,0.003,0.002,44.9279,2.724,1.231,9.596*48
$GNGST,022100.30,0.007,0.003,0.002,44.6554,2.724,1.231,9.596*4E
$GNGST,022100.40,0.007,0.003,0.002,44.6553,2.724,1.231,9.596*4E
$GNGST,022100.50,0.007,0.003,0.002,44.7233,2.724,1.231,9.596*4F
$GNGST,022100.60,0.007,0.003,0.002,44.9951,2.724,1.231,9.596*4D
$GNGST,022100.70,0.007,0.003,0.002,44.9950,2.724,1.231,9.596*4D
$GNGST,022100.80,0.007,0.003,0.002,44.7216,2.724,1.231,9.596*45
$GNGST,022100.90,0.007,0.003,0.002,44.7216,2.724,1.231,9.596*44
$GNGST,022101.00,0.007,0.003,0.002,44.7215,2.724,1.231,9.596*4F
$GNGST,022101.10,0.007,0.003,0.002,44.7215,2.724,1.231,9.596*4E
$GNGST,022101.20,0.007,0.003,0.002,44.7215,2.724,1.231,9.596*4D
$GNGST,022101.30,0.007,0.003,0.002,44.7214,2.724,1.231,9.596*4D
$GNGST,022101.40,0.007,0.003,0.002,44.7214,2.724,1.231,9.596*4A
$GNGST,022101.50,0.007,0.003,0.002,45.6243,2.724,1.231,9.596*49
$GNGST,022101.60,0.007,0.003,0.002,45.0860,2.724,1.231,9.596*47
$GNGST,022101.70,0.007,0.003,0.002,44.9934,2.724,1.231,9.596*4E
$GNGST,022101.80,0.007,0.003,0.002,42.9843,2.724,1.231,9.596*46
$GNGST,022101.90,0.007,0.003,0.002,44.7200,2.724,1.231,9.596*42
$GNGST,022102.00,0.007,0.003,0.002,44.9933,2.724,1.231,9.596*4D
$GNGST,022102.10,0.007,0.003,0.002,45.3256,2.724,1.231,9.596*4F
$GNGST,022102.20,0.007,0.003,0.002,44.9932,2.724,1.231,9.596*4E
$GNGST,022102.30,0.007,0.003,0.002,44.7199,2.724,1.231,9.596*48
$GNGST,022102.40,0.007,0.003,0.002,44.7198,2.724,1.231,9.596*4E
$GNGST,022102.50,0.007,0.003,0.002,44.7198,2.724,1.231,9.596*4F
$GNGST,022102.60,0.007,0.003,0.002,44.7198,2.724,1.231,9.596*4C
$GNGST,022102.70,0.007,0.003,0.002,44.7197,2.724,1.231,9.596*42
$GNGST,022102.80,0.007,0.003,0.002,45.6053,2.724,1.231,9.596*44
$GNGST,022102.90,0.007,0.003,0.002,45.6053,2.724,1.231,9.596*45
$GNGST,022103.00,0.007,0.003,0.002,45.3242,2.724,1.231,9.596*4A
$GNGST,022103.10,0.007,0.003,0.002,44.9346,2.724,1.231,9.596*45
$GNGST,022103.20,0.007,0.003,0.002,44.9347,2.724,1.231,9.596*47
$GNGST,022103.30,0.007,0.003,0.002,44.9912,2.724,1.231,9.596*4C
$GNGST,022103.40,0.007,0.003,0.002,44.5754,2.724,1.231,9.596*4B
$GNGST,022103.50,0.007,0.003,0.002,44.5754,2.724,1.231,9.596*4A
$GNGST,022103.60,0.007,0.003,0.002,45.2048,2.724,1.231,9.596*45
$GNGST,022103.70,0.007,0.003,0.002,47.5104,2.724,1.231,9.596*48
$GNGST,022103.80,0.007,0.003,0.002,43.2607,2.724,1.231,9.596*40
$GNGST,022103.90,0.007,0.003,0.002,43.9686,2.724,1.231,9.596*43
$GNGST,022104.00,0.007,0.003,0.002,44.3141,2.724,1.231,9.596*4C
$GNGST,022104.10,0.007,0.003,0.002,43.9580,2.724,1.231,9.596*49
$GNGST,022104.20,0.007,0.003,0.002,44.3140,2.724,1.231,9.596*4F
$GNGST,022104.30,0.007,0.003,0.002,43.2599,2.724,1.231,9.596*48
$GNGST,022104.40,0.007,0.003,0.002,44.5632,2.724,1.231,9.596*4D
$GNGST,022104.50,0.007,0.003,0.002,44.2040,2.724,1.231,9.596*48
$GNGST,022104.60,0.007,0.003,0.002,44.5630,2.724,1.231,9.596*4D
$GNGST,022104.70,0.008,0.003,0.002,45.6206,2.724,1.231,9.596*40
$GNGST,022104.80,0.007,0.003,0.002,44.5617,2.724,1.231,9.596*46
