$GQGSV,1,1,03,02,14,149,34,03,41,169,44,07,53,169,40,,,,*44
$GQGSV,1,1,03,02,14,149,34,03,41,169,44,07,53,169,40,,,,*44
$GQGSV,1,1,03,02,14,149,34,03,41,169,44,07,53,169,40,,,,*44
$GQGSV,1,1,03,02,14,149,34,03,41,169,44,07,53,169,40,,,,*44
$GQGSV,1,1,03,02,14,149,34,03,41,169,44,07,53,169,40,,,,*44
$GQGSV,1,1,03,02,14,149,34,03,41,169,44,07,53,169,40,,,,*44
$GQGSV,1,1,03,02,14,149,34,03,41,169,44,07,53,169,40,,,,*44
$GQGSV,1,1,03,02,14,149,34,03,41,169,44,07,53,169,40,,,,*44
$GQGSV,1,1,03,02,14,149,34,03,41,169,44,07,53,169,40,,,,*44
$GQGSV,1,1,03,02,14,149,34,03,41,169,44,07,53,169,40,,,,*44
$GQGSV,1,1,03,02,14,149,34,03,41,169,44,07,53,169,40,,,,*44
$GQGSV,1,1,03,02,14,149,34,03,41,169,44,07,53,169,40,,,,*44
$GQGSV,1,1,03,02,14,149,34,03,41,169,44,07,53,169,40,,,,*44
$GQGSV,1,1,03,02,14,149,34,03,41,169,44,07,53,169,40,,,,*44
$GQGSV,1,1,03,02,14,149,34,03,41,169,44,07,53,169,40,,,,*44
$GQGSV,1,1,03,02,14,149,34,03,41,169,44,07,53,169,40,,,,*44
$GQGSV,1,1,03,02,14,149,35,03,41,169,44,07,53,169,40,,,,*45
$GQGSV,1,1,03,02,14,149,35,03,41,169,44,07,53,169,40,,,,*45
$GQGSV,1,1,03,02,14,149,35,03,41,169,44,07,53,169,40,,,,*45
$GQGSV,1,1,03,02,14,149,35,03,41,169,44,07,53,169,40,,,,*45
$GQGSV,1,1,03,02,14,149,35,03,41,169,44,07,53,169,40,,,,*45
$GQGSV,1,1,03,02,14,149,35,03,41,169,44,07,53,169,40,,,,*45
$GQGSV,1,1,03,02,14,149,35,03,41,169,44,07,53,169,40,,,,*45
$GQGSV,1,1,03,02,14,149,35,03,41,169,44,07,53,169,40,,,,*45
$GQGSV,1,1,03,02,14,149,35,03,41,169,44,07,53,169,40,,,,*45
$GQGSV,1,1,03,02,14,149,35,03,41,169,44,07,53,169,40,,,,*45
$GQGSV,1,1,03,02,14,149,35,03,41,169,45,07,53,169,40,,,,*44
$GQGSV,1,1,03,02,14,149,35,03,41,169,45,07,53,169,40,,,,*44
$GQGSV,1,1,03,02,14,149,35,03,41,169,45,07,53,169,40,,,,*44
$GQGSV,1,1,03,02,14,149,35,03,41,169,45,07,53,169,40,,,,*44
$GQGSV,1,1,03,02,14,149,35,03,41,169,44,07,53,169,40,,,,*45
$GQGSV,1,1,03,02,14,149,35,03,41,169,44,07,53,169,40,,,,*45
$GQGSV,1,1,03,02,14,149,35,03,41,169,44,07,53,169,40,,,,*45
$GQGSV,1,1,03,02,14,149,35,03,41,169,45,07,53,169,40,,,,*44
$GQGSV,1,1,03,02,14,149,35,03,41,169,45,07,53,169,40,,,,*44
$GQGSV,1,1,03,02,14,149,35,03,41,169,45,07,53,169,40,,,,*44
$GQGSV,1,1,03,02,14,149,35,03,41,169,45,07,53,169,40,,,,*44
$GQGSV,1,1,03,02,14,149,35,03,41,169,45,07,53,169,40,,,,*44
$GQGSV,1,1,03,02,14,149,35,03,41,169,45,07,53,169,40,,,,*44
$GQGSV,1,1,03,02,14,149,35,03,41,169,45,07,53,169,40,,,,*44
$GQGSV,1,1,03,02,14,149,35,03,41,169,45,07,53,169,40,,,,*44
$GQGSV,1,1,03,02,14,149,36,03,41,169,45,07,53,169,40,,,,*47
$GQGSV,1,1,03,02,14,149,36,03,41,169,45,07,53,169,40,,,,*47
$GQGSV,1,1,03,02,14,149,36,03,41,169,45,07,53,169,40,,,,*47
$GQGSV,1,1,03,02,14,149,36,03,41,169,45,07,53,169,40,,,,*47
$GQGSV,1,1,03,02,14,149,36,03,41,169,45,07,53,169,40,,,,*47
$GQGSV,1,1,03,02,14,149,36,03,41,169,45,07,53,169,40,,,,*47
$GQGSV,1,1,03,02,14,149,36,03,41,169,45,07,53,169,40,,,,*47
$GQGSV,1,1,03,02,14,149,36,03,41,169,45,07,53,169,40,,,,*47
$GQGSV,1,1,03,02,14,149,35,03,41,169,45,07,53,169,40,,,,*44
$GQGSV,1,1,03,02,14,149,35,03,41,169,45,07,53,169,40,,,,*44
$GQGSV,1,1,03,02,14,149,35,03,41,169,45,07,53,169,40,,,,*44
$GQGSV,1,1,03,02,14,149,35,03,41,169,45,07,53,169,40,,,,*44
$GQGSV,1,1,03,02,14,149,35,03,41,169,45,07,53,169,40,,,,*44
$GQGSV,1,1,03,02,14,149,35,03,41,169,45,07,53,169,40,,,,*44
$GQGSV,1,1,03,02,14,149,35,03,41,169,44,07,53,169,40,,,,*45
$GQGSV,1,1,03,02,14,149,35,03,41,169,44,07,53,169,40,,,,*45
$GQGSV,1,1,03,02,14,149,35,03,41,169,44,07,53,169,40,,,,*45
$GQGSV,1,1,03,02,14,149,35,03,41,169,44,07,53,169,40,,,,*45
$GQGSV,1,1,03,02,14,149,35,03,41,169,44,07,53,169,40,,,,*45
$GQGSV,1,1,03,02,14,149,35,03,41,169,44,07,53,169,40,,,,*45
$GQGSV,1,1,03,02,14,149,35,03,41,169,44,07,53,169,40,,,,*45
$GQGSV,1,1,03,02,14,149,35,03,41,169,44,07,53,169,40,,,,*45
$GQGSV,1,1,03,02,14,149,35,03,41,169,44,07,53,169,40,,,,*45
$GQGSV,1,1,03,02,14,149,35,03,41,169,44,07,53,169,40,,,,*45
$GQGSV,1,1,03,02,14,149,35,03,41,169,44,07,53,169,40,,,,*45
$GQGSV,1,1,03,02,14,149,35,03,41,169,44,07,53,169,40,,,,*45
$GQGSV,1,1,03,02,14,149,35,03,41,169,44,07,53,169,40,,,,*45
$GQGSV,1,1,03,02,14,149,35,03,41,169,44,07,53,169,39,,,,*4B
$GQGSV,1,1,03,02,14,149,35,03,41,169,44,07,53,169,39,,,,*4B
$GQGSV,1,1,03,02,14,149,34,03,41,169,44,07,53,169,39,,,,*4A
$GQGSV,1,1,03,02,14,149,34,03,41,169,44,07,53,169,39,,,,*4A
$GQGSV,1,1,03,02,14,149,34,03,41,169,44,07,53,169,39,,,,*4A
$GQGSV,1,1,03,02,14,149,34,03,41,169,44,07,53,169,39,,,,*4A
$GQGSV,1,1,03,02,14,149,34,03,41,169,43,07,53,169,39,,,,*4D
$GQGSV,1,1,03,02,14,149,34,03,41,169,43,07,53,169,39,,,,*4D
$GQGSV,1,1,03,02,14,149,34,03,41,169,43,07,53,169,39,,,,*4D
$GQGSV,1,1,03,02,14,149,34,03,41,169,43,07,53,169,39,,,,*4D
$GQGSV,1,1,03,02,14,149,34,03,41,169,43,07,53,169,39,,,,*4D
$GQGSV,1,1,03,02,14,149,34,03,41,169,43,07,53,169,39,,,,*4D
$GQGSV,1,1,03,02,14,149,34,03,41,169,43,07,53,169,39,,,,*4D
$GQGSV,1,1,03,02,14,149,34,03,41,169,43,07,53,169,39,,,,*4D
$GQGSV,1,1,03,02,14,149,34,03,41,169,43,07,53,169,39,,,,*4D
$GQGSV,1,1,03,02,14,149,34,03,41,169,43,07,53,169,39,,,,*4D
$GQGSV,1,1,03,02,14,149,34,03,41,169,43,07,53,169,39,,,,*4D
$GQGSV,1,1,03,02,14,149,34,03,41,169,43,07,53,169,39,,,,*4D
$GQGSV,1,1,03,02,14,149,34,03,41,169,43,07,53,169,39,,,,*4D
$GQGSV,1,1,03,02,14,149,34,03,41,169,43,07,53,169,39,,,,*4D
$GQGSV,1,1,03,02,14,149,34,03,41,169,43,07,53,169,39,,,,*4D
$GQGSV,1,1,03,02,14,149,34,03,41,169,43,07,53,169,39,,,,*4D
$GQGSV,1,1,03,02,14,149,34,03,41,169,43,07,53,169,39,,,,*4D
$GQGSV,1,1,03,02,14,149,34,03,41,169,43,07,53,169,39,,,,*4D
$GQGSV,1,1,03,02,14,149,34,03,41,169,43,07,53,169,39,,,,*4D
$GQGSV,1,1,03,02,14,149,34,03,41,169,43,07,53,169,39,,,,*4D
$GQGSV,1,1,03,02,14,149,34,03,41,169,43,07,53,169,39,,,,*4D
$GQGSV,1,1,03,02,14,149,34,03,41,169,43,07,53,169,39,,,,*4D
$GQGSV,1,1,03,02,14,149,34,03,41,169,43,07,53,169,39,,,,*4D
$GQGSV,1,1,03,02,14,149,34,03,41,169,43,07,53,169,39,,,,*4D
$GQGSV,1,1,03,02,14,149,34,03,41,169,43,07,53,169,39,,,,*4D
$GQGSV,1,1,03,02,14,149,34,03,41,169,43,07,53,169,39,,,,*4D
$GQGSV,1,1,03,02,14,149,34,03,41,169,43,07,53,169,39,,,,*4D
$GQGSV,1,1,03,02,14,149,34,03,41,169,43,07,53,169,39,,,,*4D
$GQGSV,1,1,03,02,14,149,34,03,41,169,43,07,53,169,39,,,,*4D
$GQGSV,1,1,03,02,14,149,34,03,41,169,43,07,53,169,39,,,,*4D
$GQGSV,1,1,03,02,14,149,34,03,41,169,43,07,53,169,39,,,,*4D
$GQGSV,1,1,03,02,14,149,34,03,41,169,43,07,53,169,39,,,,*4D
$GQGSV,1,1,03,02,14,149,34,03,41,169,43,07,53,169,39,,,,*4D
$GQGSV,1,1,03,02,14,149,34,03,41,169,43,07,53,169,39,,,,*4D
$GQGSV,1,1,03,02,14,149,34,03,41,169,43,07,53,169,39,,,,*4D
$GQGSV,1,1,03,02,14,149,34,03,41,169,42,07,53,169,39,,,,*4C
$GQGSV,1,1,03,02,14,149,34,03,41,169,42,07,53,169,39,,,,*4C
$GQGSV,1,1,03,02,14,149,34,03,41,169,42,07,53,169,39,,,,*4C
$GQGSV,1,1,03,02,14,149,34,03,41,169,42,07,53,169,39,,,,*4C
$GQGSV,1,1,03,02,14,149,34,03,41,169,42,07,53,169,39,,,,*4C
$GQGSV,1,1,03,02,14,149,34,03,41,169,42,07,53,169,39,,,,*4C
$GQGSV,1,1,03,02,14,149,34,03,41,169,42,07,53,169,39,,,,*4C
$GQGSV,1,1,03,02,14,149,34,03,41,169,42,07,53,169,39,,,,*4C
$GQGSV,1,1,03,02,14,149,34,03,41,169,42,07,53,169,39,,,,*4C
$GQGSV,1,1,03,02,14,149,34,03,41,169,42,07,53,169,39,,,,*4C
$GQGSV,1,1,03,02,14,149,34,03,41,169,42,07,53,169,39,,,,*4C
$GQGSV,1,1,03,02,14,149,34,03,41,169,42,07,53,169,39,,,,*4C
$GQGSV,1,1,03,02,14,149,34,03,41,169,42,07,53,169,39,,,,*4C
$GQGSV,1,1,03,02,14,149,34,03,41,169,42,07,53,169,39,,,,*4C
$GQGSV,1,1,03,02,14,149,34,03,41,169,42,07,53,169,39,,,,*4C
$GQGSV,1,1,03,02,14,149,34,03,41,169,42,07,53,169,39,,,,*4C
$GQGSV,1,1,03,02,14,149,34,03,41,169,42,07,53,169,39,,,,*4C
$GQGSV,1,1,03,02,14,149,33,03,41,169,42,07,53,169,39,,,,*4B
$GQGSV,1,1,03,02,14,149,33,03,41,169,42,07,53,169,39,,,,*4B
$GQGSV,1,1,03,02,14,149,33,03,41,169,42,07,53,169,39,,,,*4B
$GQGSV,1,1,03,02,14,149,33,03,41,169,42,07,53,169,39,,,,*4B
$GQGSV,1,1,03,02,14,149,33,03,41,169,42,07,53,169,39,,,,*4B
$GQGSV,1,1,03,02,14,149,33,03,41,169,42,07,53,169,39,,,,*4B
$GQGSV,1,1,03,02,14,149,33,03,41,169,42,07,53,169,39,,,,*4B
$GQGSV,1,1,03,02,14,149,33,03,41,169,42,07,53,169,39,,,,*4B
$GQGSV,1,1,03,02,14,149,33,03,41,169,42,07,53,169,39,,,,*4B
$GQGSV,1,1,03,02,14,149,33,03,41,169,42,07,53,169,39,,,,*4B
$GQGSV,1,1,03,02,14,149,33,03,41,169,42,07,53,169,39,,,,*4B
$GQGSV,1,1,03,02,14,149,33,03,41,169,42,07,53,169,39,,,,*4B
$GQGSV,1,1,03,02,14,149,33,03,41,169,42,07,53,169,39,,,,*4B
$GQGSV,1,1,03,02,14,149,33,03,41,169,42,07,53,169,39,,,,*4B
$GQGSV,1,1,03,02,14,149,33,03,41,169,42,07,53,169,39,,,,*4B
$GQGSV,1,1,03,02,14,149,33,03,41,169,42,07,53,169,39,,,,*4B
$GQGSV,1,1,03,02,14,149,33,03,41,169,42,07,53,169,39,,,,*4B
$GQGSV,1,1,03,02,14,149,33,03,41,169,42,07,53,169,39,,,,*4B
$GQGSV,1,1,03,02,14,149,33,03,41,169,42,07,53,169,39,,,,*4B
$GQGSV,1,1,03,02,14,149,33,03,41,169,42,07,53,169,39,,,,*4B
$GQGSV,1,1,03,02,14,149,33,03,41,169,42,07,53,169,39,,,,*4B
$GQGSV,1,1,03,02,14,149,33,03,41,169,42,07,53,169,39,,,,*4B
$GQGSV,1,1,03,02,14,149,33,03,41,169,42,07,53,169,39,,,,*4B
$GQGSV,1,1,03,02,14,149,33,03,41,169,42,07,53,169,39,,,,*4B
$GQGSV,1,1,03,02,14,149,33,03,41,169,42,07,53,169,39,,,,*4B
$GQGSV,1,1,03,02,14,149,34,03,41,169,42,07,53,169,39,,,,*4C
$GQGSV,1,1,03,02,14,149,34,03,41,169,42,07,53,169,39,,,,*4C
$GQGSV,1,1,03,02,14,149,34,03,41,169,42,07,53,169,39,,,,*4C
$GQGSV,1,1,03,02,14,149,34,03,41,169,42,07,53,169,39,,,,*4C
$GQGSV,1,1,03,02,14,149,34,03,41,169,42,07,53,169,39,,,,*4C
$GQGSV,1,1,03,02,14,149,34,03,41,169,42,07,53,169,39,,,,*4C
$GQGSV,1,1,03,02,14,149,34,03,41,169,42,07,53,169,39,,,,*4C
$GQGSV,1,1,03,02,14,149,34,03,41,169,42,07,53,169,39,,,,*4C
$GQGSV,1,1,03,02,14,149,34,03,41,169,42,07,53,169,39,,,,*4C
$GQGSV,1,1,03,02,14,149,34,03,41,169,42,07,53,169,39,,,,*4C
$GQGSV,1,1,03,02,14,149,34,03,41,169,42,07,53,169,39,,,,*4C
$GQGSV,1,1,03,02,14,149,34,03,41,169,42,07,53,169,39,,,,*4C
$GQGSV,1,1,03,02,14,149,34,03,41,169,42,07,53,169,39,,,,*4C
$GQGSV,1,1,03,02,14,149,34,03,41,169,42,07,53,169,39,,,,*4C
$GQGSV,1,1,03,02,14,149,34,03,41,169,42,07,53,169,39,,,,*4C
$GQGSV,1,1,03,02,14,149,34,03,41,169,42,07,53,169,39,,,,*4C
$GQGSV,1,1,03,02,14,149,34,03,41,169,42,07,53,169,39,,,,*4C
$GQGSV,1,1,03,02,14,149,34,03,41,169,42,07,53,169,39,,,,*4C
$GQGSV,1,1,03,02,14,149,34,03,41,169,42,07,53,169,39,,,,*4C
$GQGSV,1,1,03,02,14,149,34,03,41,169,42,07,53,169,39,,,,*4C
$GQGSV,1,1,03,02,14,149,34,03,41,169,42,07,53,169,39,,,,*4C
$GQGSV,1,1,03,02,14,149,34,03,41,169,42,07,53,169,39,,,,*4C
$GQGSV,1,1,03,02,14,149,34,03,41,169,42,07,53,169,39,,,,*4C
$GQGSV,1,1,03,02,14,149,34,03,41,169,42,07,53,169,39,,,,*4C
$GQGSV,1,1,03,02,14,149,34,03,41,169,42,07,53,169,39,,,,*4C
$GQGSV,1,1,03,02,14,149,34,03,41,169,42,07,53,169,39,,,,*4C
$GQGSV,1,1,03,02,14,149,34,03,41,169,42,07,53,169,39,,,,*4C
$GQGSV,1,1,03,02,14,149,33,03,41,169,42,07,53,169,39,,,,*4B
$GQGSV,1,1,03,02,14,149,33,03,41,169,42,07,53,169,39,,,,*4B
$GQGSV,1,1,03,02,14,149,33,03,41,169,42,07,53,169,39,,,,*4B
$GQGSV,1,1,03,02,14,149,33,03,41,169,42,07,53,169,39,,,,*4B
$GQGSV,1,1,03,02,14,149,33,03,41,169,42,07,53,169,39,,,,*4B
$GQGSV,1,1,03,02,14,149,33,03,41,169,42,07,53,169,39,,,,*4B
$GQGSV,1,1,03,02,14,149,33,03,41,169,42,07,53,169,39,,,,*4B
$GQGSV,1,1,03,02,14,149,33,03,41,169,42,07,53,169,39,,,,*4B
$GQGSV,1,1,03,02,14,149,33,03,41,169,42,07,53,169,39,,,,*4B
$GQGSV,1,1,03,02,14,149,33,03,41,169,42,07,53,169,39,,,,*4B
$GQGSV,1,1,03,02,14,149,33,03,41,169,42,07,53,169,39,,,,*4B
$GQGSV,1,1,03,02,14,149,33,03,41,169,42,07,53,169,39,,,,*4B
$GQGSV,1,1,03,02,14,149,33,03,41,169,42,07,53,169,39,,,,*4B
$GQGSV,1,1,03,02,14,149,33,03,41,169,42,07,53,169,39,,,,*4B
$GQGSV,1,1,03,02,14,149,33,03,41,169,42,07,53,169,39,,,,*4B
$GQGSV,1,1,03,02,14,149,33,03,41,169,42,07,53,169,39,,,,*4B
$GQGSV,1,1,03,02,14,149,33,03,41,169,42,07,53,169,39,,,,*4B
$GQGSV,1,1,03,02,14,149,33,03,41,169,42,07,53,169,39,,,,*4B
$GQGSV,1,1,03,02,14,149,33,03,41,169,42,07,53,169,39,,,,*4B
$GQGSV,1,1,03,02,14,149,33,03,41,169,42,07,53,169,39,,,,*4B
$GQGSV,1,1,03,02,14,149,33,03,41,169,42,07,53,169,39,,,,*4B
$GQGSV,1,1,03,02,14,149,33,03,41,169,42,07,53,169,39,,,,*4B
$GQGSV,1,1,03,02,14,149,33,03,41,169,42,07,53,169,39,,,,*4B
$GQGSV,1,1,03,02,14,149,33,03,41,169,42,07,53,169,39,,,,*4B
$GQGSV,1,1,03,02,14,149,33,03,41,169,42,07,53,169,39,,,,*4B
$GQGSV,1,1,03,02,14,149,33,03,41,169,42,07,53,169,39,,,,*4B
$GQGSV,1,1,03,02,14,149,33,03,41,169,42,07,53,169,39,,,,*4B
$GQGSV,1,1,03,02,14,149,33,03,41,169,42,07,53,169,39,,,,*4B
$GQGSV,1,1,03,02,14,149,33,03,41,169,42,07,53,169,39,,,,*4B
$GQGSV,1,1,03,02,14,149,33,03,41,169,42,07,53,169,39,,,,*4B
$GQGSV,1,1,03,02,14,149,33,03,41,169,42,07,53,169,39,,,,*4B
$GQGSV,1,1,03,02,14,149,33,03,41,169,42,07,53,169,39,,,,*4B
$GQGSV,1,1,03,02,14,149,33,03,41,169,42,07,53,169,39,,,,*4B
$GQGSV,1,1,03,02,14,149,33,03,41,169,42,07,53,169,39,,,,*4B
$GQGSV,1,1,03,02,14,149,33,03,41,169,42,07,53,169,39,,,,*4B
$GQGSV,1,1,03,02,14,149,33,03,41,169,42,07,53,169,39,,,,*4B
$GQGSV,1,1,03,02,14,149,33,03,41,169,42,07,53,169,39,,,,*4B
$GQGSV,1,1,03,02,14,149,33,03,41,169,42,07,53,169,39,,,,*4B
$GQGSV,1,1,03,02,14,149,33,03,41,169,42,07,53,169,39,,,,*4B
$GQGSV,1,1,03,02,14,149,34,03,41,169,42,07,53,169,39,,,,*4C
$GQGSV,1,1,03,02,14,149,34,03,41,169,42,07,53,169,39,,,,*4C
$GQGSV,1,1,03,02,14,149,33,03,41,169,42,07,53,169,39,,,,*4B
$GQGSV,1,1,03,02,14,149,33,03,41,169,42,07,53,169,40,,,,*45
$GQGSV,1,1,03,02,14,149,33,03,41,169,42,07,53,169,40,,,,*45
$GQGSV,1,1,03,02,14,149,33,03,41,169,42,07,53,169,39,,,,*4B
$GQGSV,1,1,03,02,14,149,33,03,41,169,42,07,53,169,39,,,,*4B
$GQGSV,1,1,03,02,14,149,33,03,41,169,42,07,53,169,39,,,,*4B
$GQGSV,1,1,03,02,14,149,33,03,41,169,42,07,53,169,39,,,,*4B
$GQGSV,1,1,03,02,14,149,34,03,41,169,42,07,53,169,39,,,,*4C
$GQGSV,1,1,03,02,14,149,33,03,41,169,42,07,53,169,39,,,,*4B
$GQGSV,1,1,03,02,14,149,33,03,41,169,42,07,53,169,39,,,,*4B
$GQGSV,1,1,03,02,14,149,33,03,41,169,42,07,53,169,39,,,,*4B
$GQGSV,1,1,03,02,14,149,33,03,41,169,42,07,53,169,39,,,,*4B
$GQGSV,1,1,03,02,14,149,33,03,41,169,42,07,53,169,39,,,,*4B
$GQGSV,1,1,03,02,14,149,33,03,41,169,42,07,53,169,39,,,,*4B
$GQGSV,1,1,03,02,14,149,33,03,41,169,42,07,53,169,40,,,,*45
$GQGSV,1,1,03,02,14,149,33,03,41,169,42,07,53,169,40,,,,*45
$GQGSV,1,1,03,02,14,149,33,03,41,169,42,07,53,169,40,,,,*45
$GQGSV,1,1,03,02,14,149,33,03,41,169,42,07,53,169,40,,,,*45
$GQGSV,1,1,03,02,14,149,33,03,41,169,42,07,53,169,40,,,,*45
$GQGSV,1,1,03,02,14,149,33,03,41,169,42,07,53,169,40,,,,*45
$GQGSV,1,1,03,02,14,149,33,03,41,169,42,07,53,169,40,,,,*45
$GQGSV,1,1,03,02,14,149,33,03,41,169,42,07,53,169,40,,,,*45
$GQGSV,1,1,03,02,14,149,33,03,41,169,42,07,53,169,40,,,,*45
$GQGSV,1,1,03,02,14,149,33,03,41,169,42,07,53,169,40,,,,*45
$GQGSV,1,1,03,02,14,149,33,03,41,169,42,07,53,169,40,,,,*45
$GQGSV,1,1,03,02,14,149,33,03,41,169,42,07,53,169,40,,,,*45
$GQGSV,1,1,03,02,14,149,33,03,41,169,42,07,53,169,40,,,,*45
$GQGSV,1,1,03,02,14,149,33,03,41,169,42,07,53,169,40,,,,*45
$GQGSV,1,1,03,02,14,149,33,03,41,169,42,07,53,169,40,,,,*45
$GQGSV,1,1,03,02,14,149,33,03,41,169,42,07,53,169,40,,,,*45
$GQGSV,1,1,03,02,14,149,33,03,41,169,42,07,53,169,40,,,,*45
$GQGSV,1,1,03,02,14,149,33,03,41,169,42,07,53,169,40,,,,*45
$GQGSV,1,1,03,02,14,149,33,03,41,169,42,07,53,169,40,,,,*45
$GQGSV,1,1,03,02,14,149,33,03,41,169,42,07,53,169,40,,,,*45
$GQGSV,1,1,03,02,14,149,33,03,41,169,42,07,53,169,40,,,,*45
$GQGSV,1,1,03,02,14,149,33,03,41,169,42,07,53,169,40,,,,*45
$GQGSV,1,1,03,02,14,149,33,03,41,169,42,07,53,169,40,,,,*45
$GQGSV,1,1,03,02,14,149,33,03,41,169,42,07,53,169,40,,,,*45
$GQGSV,1,1,03,02,14,149,33,03,41,169,42,07,53,169,40,,,,*45
$GQGSV,1,1,03,02,14,149,33,03,41,169,42,07,53,169,40,,,,*45
$GQGSV,1,1,03,02,14,149,33,03,41,169,42,07,53,169,40,,,,*45
$GQGSV,1,1,03,02,14,149,33,03,41,169,42,07,53,169,40,,,,*45
$GQGSV,1,1,03,02,14,149,33,03,41,169,42,07,53,169,40,,,,*45
$GQGSV,1,1,03,02,14,149,33,03,41,169,42,07,53,169,40,,,,*45
$GQGSV,1,1,03,02,14,149,33,03,41,169,41,07,53,169,39,,,,*48
$GQGSV,1,1,03,02,14,149,33,03,41,169,41,07,53,169,39,,,,*48
$GQGSV,1,1,03,02,14,149,33,03,41,169,41,07,53,169,39,,,,*48
$GQGSV,1,1,03,02,14,149,33,03,41,169,41,07,53,169,39,,,,*48
$GQGSV,1,1,03,02,14,149,33,03,41,169,41,07,53,169,39,,,,*48
$GQGSV,1,1,03,02,14,149,33,03,41,169,41,07,53,169,39,,,,*48
$GQGSV,1,1,03,02,14,149,33,03,41,169,41,07,53,169,39,,,,*48
$GQGSV,1,1,03,02,14,149,33,03,41,169,41,07,53,169,39,,,,*48
$GQGSV,1,1,03,02,14,149,33,03,41,169,41,07,53,169,39,,,,*48
$GQGSV,1,1,03,02,14,149,33,03,41,169,41,07,53,169,39,,,,*48
$GQGSV,1,1,03,02,14,149,33,03,41,169,41,07,53,169,39,,,,*48
$GQGSV,1,1,03,02,14,149,33,03,41,169,41,07,53,169,39,,,,*48
$GQGSV,1,1,03,02,14,149,33,03,41,169,41,07,53,169,39,,,,*48
$GQGSV,1,1,03,02,14,149,33,03,41,169,41,07,53,169,39,,,,*48
$GQGSV,1,1,03,02,14,149,33,03,41,169,41,07,53,169,39,,,,*48
$GQGSV,1,1,03,02,14,149,33,03,41,169,41,07,53,169,39,,,,*48
$GQGSV,1,1,03,02,14,149,32,03,41,169,41,07,53,169,39,,,,*49
$GQGSV,1,1,03,02,14,149,32,03,41,169,41,07,53,169,39,,,,*49
$GQGSV,1,1,03,02,14,149,32,03,41,169,41,07,53,169,39,,,,*49
$GQGSV,1,1,03,02,14,149,32,03,41,169,41,07,53,169,39,,,,*49
$GQGSV,1,1,03,02,14,149,32,03,41,169,41,07,53,169,39,,,,*49
$GQGSV,1,1,03,02,14,149,32,03,41,169,41,07,53,169,39,,,,*49
$GQGSV,1,1,03,02,14,149,32,03,41,169,41,07,53,169,39,,,,*49
$GQGSV,1,1,03,02,14,149,33,03,41,169,41,07,53,169,39,,,,*48
$GQGSV,1,1,03,02,14,149,32,03,41,169,41,07,53,169,39,,,,*49
$GQGSV,1,1,03,02,14,149,32,03,41,169,41,07,53,169,39,,,,*49
$GQGSV,1,1,03,02,14,149,32,03,41,169,41,07,53,169,39,,,,*49
$GQGSV,1,1,03,02,14,149,32,03,41,169,41,07,53,169,39,,,,*49
$GQGSV,1,1,03,02,14,149,32,03,41,169,41,07,53,169,39,,,,*49
$GQGSV,1,1,03,02,14,149,32,03,41,169,41,07,53,169,39,,,,*49
$GQGSV,1,1,03,02,14,149,32,03,41,169,41,07,53,169,39,,,,*49
$GQGSV,1,1,03,02,14,149,32,03,41,169,41,07,53,169,39,,,,*49
$GQGSV,1,1,03,02,14,149,32,03,41,169,41,07,53,169,39,,,,*49
$GQGSV,1,1,03,02,14,149,32,03,41,169,41,07,53,169,39,,,,*49
$GQGSV,1,1,03,02,14,149,32,03,41,169,41,07,53,169,39,,,,*49
$GQGSV,1,1,03,02,14,149,32,03,41,169,41,07,53,169,39,,,,*49
$GQGSV,1,1,03,02,14,149,32,03,41,169,41,07,53,169,39,,,,*49
$GQGSV,1,1,03,02,14,149,32,03,41,169,41,07,53,169,39,,,,*49
$GQGSV,1,1,03,02,14,149,32,03,41,169,41,07,53,169,39,,,,*49
$GQGSV,1,1,03,02,14,149,32,03,41,169,41,07,53,169,39,,,,*49
$GQGSV,1,1,03,02,14,149,32,03,41,169,41,07,53,169,39,,,,*49
$GQGSV,1,1,03,02,14,149,32,03,41,169,41,07,53,169,39,,,,*49
$GQGSV,1,1,03,02,14,149,32,03,41,169,41,07,53,169,39,,,,*49
$GQGSV,1,1,03,02,14,149,32,03,41,169,41,07,53,169,39,,,,*49
$GQGSV,1,1,03,02,14,149,32,03,41,169,41,07,53,169,39,,,,*49
$GQGSV,1,1,03,02,14,149,32,03,41,169,41,07,53,169,39,,,,*49
$GQGSV,1,1,03,02,14,149,32,03,41,169,41,07,53,169,39,,,,*49
$GQGSV,1,1,03,02,14,149,33,03,41,169,41,07,53,169,39,,,,*48
$GQGSV,1,1,03,02,14,149,33,03,41,169,41,07,53,169,39,,,,*48
$GQGSV,1,1,03,02,14,149,33,03,41,169,41,07,53,169,39,,,,*48
$GQGSV,1,1,03,02,14,149,33,03,41,169,41,07,53,169,39,,,,*48
$GQGSV,1,1,03,02,14,149,33,03,41,169,41,07,53,169,39,,,,*48
$GQGSV,1,1,03,02,14,149,33,03,41,169,41,07,53,169,39,,,,*48
$GQGSV,1,1,03,02,14,149,33,03,41,169,41,07,53,169,40,,,,*46
$GQGSV,1,1,03,02,14,149,33,03,41,169,41,07,53,169,40,,,,*46
$GQGSV,1,1,03,02,14,149,33,03,41,169,41,07,53,169,40,,,,*46
$GQGSV,1,1,03,02,14,149,33,03,41,169,41,07,53,169,40,,,,*46
$GQGSV,1,1,03,02,14,149,33,03,41,169,41,07,53,169,40,,,,*46
$GQGSV,1,1,03,02,14,149,33,03,41,169,41,07,53,169,40,,,,*46
$GQGSV,1,1,03,02,14,149,33,03,41,169,41,07,53,169,40,,,,*46
$GQGSV,1,1,03,02,14,149,33,03,41,169,41,07,53,169,40,,,,*46
$GQGSV,1,1,03,02,14,149,33,03,41,169,41,07,53,169,40,,,,*46
$GQGSV,1,1,03,02,14,149,33,03,41,169,41,07,53,169,40,,,,*46
$GQGSV,1,1,03,02,14,149,33,03,41,169,41,07,53,169,40,,,,*46
$GQGSV,1,1,03,02,14,149,33,03,41,169,41,07,53,169,40,,,,*46
$GQGSV,1,1,03,02,14,149,33,03,41,169,41,07,53,169,40,,,,*46
$GQGSV,1,1,03,02,14,149,33,03,41,169,41,07,53,169,40,,,,*46
$GQGSV,1,1,03,02,14,149,33,03,41,169,41,07,53,169,40,,,,*46
$GQGSV,1,1,03,02,14,149,33,03,41,169,41,07,53,169,40,,,,*46
$GQGSV,1,1,03,02,14,149,33,03,41,169,41,07,53,169,40,,,,*46
$GQGSV,1,1,03,02,14,149,33,03,41,169,41,07,53,169,40,,,,*46
$GQGSV,1,1,03,02,14,149,33,03,41,169,41,07,53,169,40,,,,*46
$GQGSV,1,1,03,02,14,149,33,03,41,169,41,07,53,169,40,,,,*46
$GQGSV,1,1,03,02,14,149,33,03,41,169,41,07,53,169,39,,,,*48
$GQGSV,1,1,03,02,14,149,33,03,41,169,41,07,53,169,39,,,,*48
$GQGSV,1,1,03,02,14,149,33,03,41,169,41,07,53,169,39,,,,*48
$GQGSV,1,1,03,02,14,149,33,03,41,169,41,07,53,169,39,,,,*48
$GQGSV,1,1,03,02,14,149,33,03,41,169,41,07,53,169,39,,,,*48
$GQGSV,1,1,03,02,14,149,34,03,41,169,41,07,53,169,39,,,,*4F
$GQGSV,1,1,03,02,14,149,34,03,41,169,41,07,53,169,39,,,,*4F
$GQGSV,1,1,03,02,14,149,34,03,41,169,41,07,53,169,39,,,,*4F
$GQGSV,1,1,03,02,14,149,34,03,41,169,41,07,53,169,39,,,,*4F
$GQGSV,1,1,03,02,14,149,34,03,41,169,41,07,53,169,39,,,,*4F
$GQGSV,1,1,03,02,14,149,34,03,41,169,41,07,53,169,39,,,,*4F
$GQGSV,1,1,03,02,14,149,34,03,41,169,41,07,53,169,39,,,,*4F
$GQGSV,1,1,03,02,14,149,34,03,41,169,41,07,53,169,39,,,,*4F
$GQGSV,1,1,03,02,14,149,34,03,41,169,41,07,53,169,39,,,,*4F
$GQGSV,1,1,03,02,14,149,34,03,41,169,41,07,53,169,39,,,,*4F
$GQGSV,1,1,03,02,14,149,34,03,41,169,41,07,53,169,39,,,,*4F
$GQGSV,1,1,03,02,14,149,34,03,41,169,41,07,53,169,39,,,,*4F
$GQGSV,1,1,03,02,14,149,34,03,41,169,41,07,53,169,39,,,,*4F
$GQGSV,1,1,03,02,14,149,33,03,41,169,41,07,53,169,39,,,,*48
$GQGSV,1,1,03,02,14,149,33,03,41,169,41,07,53,169,39,,,,*48
$GQGSV,1,1,03,02,14,149,33,03,41,169,41,07,53,169,39,,,,*48
$GQGSV,1,1,03,02,14,149,33,03,41,169,41,07,53,169,40,,,,*46
$GQGSV,1,1,03,02,14,149,33,03,41,169,41,07,53,169,40,,,,*46
$GQGSV,1,1,03,02,14,149,33,03,41,169,41,07,53,169,40,,,,*46
$GQGSV,1,1,03,02,14,149,33,03,41,169,41,07,53,169,40,,,,*46
$GQGSV,1,1,03,02,14,149,33,03,41,169,41,07,53,169,40,,,,*46
$GQGSV,1,1,03,02,14,149,33,03,41,169,41,07,53,169,40,,,,*46
$GQGSV,1,1,03,02,14,149,33,03,41,169,41,07,53,169,40,,,,*46
$GQGSV,1,1,03,02,14,149,33,03,41,169,41,07,53,169,40,,,,*46
$GQGSV,1,1,03,02,14,149,33,03,41,169,41,07,53,169,40,,,,*46
$GQGSV,1,1,03,02,14,149,33,03,41,169,41,07,53,169,40,,,,*46
$GQGSV,1,1,03,02,14,149,34,03,41,169,41,07,53,169,40,,,,*41
$GQGSV,1,1,03,02,14,149,34,03,41,169,41,07,53,169,40,,,,*41
$GQGSV,1,1,03,02,14,149,34,03,41,169,41,07,53,169,40,,,,*41
$GQGSV,1,1,03,02,14,149,34,03,41,169,41,07,53,169,40,,,,*41
$GQGSV,1,1,03,02,14,149,34,03,41,169,41,07,53,169,40,,,,*41
$GQGSV,1,1,03,02,14,149,34,03,41,169,41,07,53,169,40,,,,*41
$GQGSV,1,1,03,02,14,149,34,03,41,169,41,07,53,169,40,,,,*41
$GQGSV,1,1,03,02,14,149,34,03,41,169,41,07,53,169,40,,,,*41
$GQGSV,1,1,03,02,14,149,34,03,41,169,41,07,53,169,40,,,,*41
$GQGSV,1,1,03,02,14,149,34,03,41,169,41,07,53,169,40,,,,*41
$GQGSV,1,1,03,02,14,149,34,03,41,169,41,07,53,169,40,,,,*41
$GQGSV,1,1,03,02,14,149,34,03,41,169,41,07,53,169,40,,,,*41
$GQGSV,1,1,03,02,14,149,34,03,41,169,41,07,53,169,40,,,,*41
$GQGSV,1,1,03,02,14,149,34,03,41,169,41,07,53,169,40,,,,*41
$GQGSV,1,1,03,02,14,149,34,03,41,169,41,07,53,169,40,,,,*41
$GQGSV,1,1,03,02,14,149,34,03,41,169,41,07,53,169,40,,,,*41
$GQGSV,1,1,03,02,14,149,34,03,41,169,41,07,53,169,40,,,,*41
$GQGSV,1,1,03,02,14,149,34,03,41,169,41,07,53,169,39,,,,*4F
$GQGSV,1,1,03,02,14,149,34,03,41,169,41,07,53,169,40,,,,*41
$GQGSV,1,1,03,02,14,149,34,03,41,169,41,07,53,169,40,,,,*41
$GQGSV,1,1,03,02,14,149,34,03,41,169,41,07,53,169,40,,,,*41
$GQGSV,1,1,03,02,14,149,34,03,41,169,41,07,53,169,40,,,,*41
$GQGSV,1,1,03,02,14,149,34,03,41,169,41,07,53,169,40,,,,*41
$GQGSV,1,1,03,02,14,149,34,03,41,169,41,07,53,169,40,,,,*41
$GQGSV,1,1,03,02,14,149,34,03,41,169,41,07,53,169,40,,,,*41
$GQGSV,1,1,03,02,14,149,34,03,41,169,41,07,53,169,40,,,,*41
$GQGSV,1,1,03,02,14,149,34,03,41,169,41,07,53,169,40,,,,*41
$GQGSV,1,1,03,02,14,149,34,03,41,169,41,07,53,169,40,,,,*41
$GQGSV,1,1,03,02,14,149,34,03,41,169,41,07,53,169,40,,,,*41
$GQGSV,1,1,03,02,14,149,34,03,41,169,41,07,53,169,40,,,,*41
$GQGSV,1,1,03,02,14,149,33,03,41,169,41,07,53,169,40,,,,*46
$GQGSV,1,1,03,02,14,149,33,03,41,169,41,07,53,169,40,,,,*46
$GQGSV,1,1,03,02,14,149,33,03,41,169,41,07,53,169,40,,,,*46
$GQGSV,1,1,03,02,14,149,34,03,41,169,41,07,53,169,39,,,,*4F
$GQGSV,1,1,03,02,14,149,34,03,41,169,41,07,53,169,39,,,,*4F
$GQGSV,1,1,03,02,14,149,33,03,41,169,41,07,53,169,39,,,,*48
$GQGSV,1,1,03,02,14,149,33,03,41,169,41,07,53,169,40,,,,*46
$GQGSV,1,1,03,02,14,149,33,03,41,169,41,07,53,169,40,,,,*46
$GQGSV,1,1,03,02,14,149,33,03,41,169,41,07,53,169,40,,,,*46
$GQGSV,1,1,03,02,14,149,33,03,41,169,41,07,53,169,40,,,,*46
$GQGSV,1,1,03,02,14,149,33,03,41,169,41,07,53,169,40,,,,*46
$GQGSV,1,1,03,02,14,149,33,03,41,169,41,07,53,169,40,,,,*46
$GQGSV,1,1,03,02,14,149,33,03,41,169,41,07,53,169,40,,,,*46
$GQGSV,1,1,03,02,14,149,33,03,41,169,41,07,53,169,40,,,,*46
$GQGSV,1,1,03,02,14,149,33,03,41,169,41,07,53,169,40,,,,*46
$GQGSV,1,1,03,02,14,149,33,03,41,169,41,07,53,169,39,,,,*48
$GQGSV,1,1,03,02,14,149,33,03,41,169,41,07,53,169,39,,,,*48
$GQGSV,1,1,03,02,14,149,33,03,41,169,41,07,53,169,39,,,,*48
$GQGSV,1,1,03,02,14,149,33,03,41,169,41,07,53,169,39,,,,*48
$GQGSV,1,1,03,02,14,149,33,03,41,169,41,07,53,169,39,,,,*48
$GQGSV,1,1,03,02,14,149,33,03,41,169,41,07,53,169,39,,,,*48
$GQGSV,1,1,03,02,14,149,33,03,41,169,41,07,53,169,39,,,,*48
$GQGSV,1,1,03,02,14,149,33,03,41,169,41,07,53,169,39,,,,*48
$GQGSV,1,1,03,02,14,149,33,03,41,169,41,07,53,169,39,,,,*48
$GQGSV,1,1,03,02,14,149,33,03,41,169,41,07,53,169,39,,,,*48
$GQGSV,1,1,03,02,14,149,33,03,41,169,41,07,53,169,39,,,,*48
$GQGSV,1,1,03,02,14,149,33,03,41,169,41,07,53,169,39,,,,*48
$GQGSV,1,1,03,02,14,149,33,03,41,169,41,07,53,169,39,,,,*48
$GQGSV,1,1,03,02,14,149,33,03,41,169,41,07,53,169,39,,,,*48
$GQGSV,1,1,03,02,14,149,33,03,41,169,41,07,53,169,39,,,,*48
$GQGSV,1,1,03,02,14,149,33,03,41,169,41,07,53,169,39,,,,*48
$GQGSV,1,1,03,02,14,149,33,03,41,169,41,07,53,169,39,,,,*48
$GQGSV,1,1,03,02,14,149,33,03,41,169,41,07,53,169,39,,,,*48
$GQGSV,1,1,03,02,14,149,33,03,41,169,41,07,53,169,39,,,,*48
$GQGSV,1,1,03,02,14,149,33,03,41,169,41,07,53,169,39,,,,*48
$GQGSV,1,1,03,02,14,149,33,03,41,169,41,07,53,169,39,,,,*48
$GQGSV,1,1,03,02,14,149,33,03,41,169,41,07,53,169,39,,,,*48
$GQGSV,1,1,03,02,14,149,33,03,41,169,41,07,53,169,39,,,,*48
$GQGSV,1,1,03,02,14,149,33,03,41,169,41,07,53,169,39,,,,*48
$GQGSV,1,1,03,02,14,149,33,03,41,169,41,07,53,169,39,,,,*48
$GQGSV,1,1,03,02,14,149,33,03,41,169,41,07,53,169,39,,,,*48
$GQGSV,1,1,03,02,14,149,33,03,41,169,41,07,53,169,39,,,,*48
$GQGSV,1,1,03,02,14,149,33,03,41,169,41,07,53,169,39,,,,*48
$GQGSV,1,1,03,02,14,149,33,03,41,169,41,07,53,169,39,,,,*48
$GQGSV,1,1,03,02,14,149,33,03,41,169,41,07,53,169,39,,,,*48
$GQGSV,1,1,03,02,14,149,33,03,41,169,42,07,53,169,39,,,,*4B
$GQGSV,1,1,03,02,14,149,33,03,41,169,42,07,53,169,39,,,,*4B
$GQGSV,1,1,03,02,14,149,33,03,41,169,42,07,53,169,39,,,,*4B
$GQGSV,1,1,03,02,14,149,33,03,41,169,42,07,53,169,39,,,,*4B
$GQGSV,1,1,03,02,14,149,33,03,41,169,42,07,53,169,39,,,,*4B
$GQGSV,1,1,03,02,14,149,33,03,41,169,42,07,53,169,39,,,,*4B
$GQGSV,1,1,03,02,14,149,33,03,41,169,42,07,53,169,39,,,,*4B
$GQGSV,1,1,03,02,14,149,33,03,41,169,42,07,53,169,39,,,,*4B
$GQGSV,1,1,03,02,14,149,33,03,41,169,42,07,53,169,39,,,,*4B
$GQGSV,1,1,03,02,14,149,33,03,41,169,42,07,53,169,39,,,,*4B
$GQGSV,1,1,03,02,14,149,33,03,41,169,42,07,53,169,39,,,,*4B
$GQGSV,1,1,03,02,14,149,33,03,41,169,42,07,53,169,39,,,,*4B
$GQGSV,1,1,03,02,14,149,33,03,41,169,42,07,53,169,39,,,,*4B
$GQGSV,1,1,03,02,14,149,32,03,41,169,42,07,53,169,39,,,,*4A
$GQGSV,1,1,03,02,14,149,32,03,41,169,42,07,53,169,39,,,,*4A
$GQGSV,1,1,03,02,14,149,32,03,41,169,42,07,53,169,39,,,,*4A
$GQGSV,1,1,03,02,14,149,32,03,41,169,42,07,53,169,39,,,,*4A
$GQGSV,1,1,03,02,14,149,32,03,41,169,42,07,53,169,39,,,,*4A
$GQGSV,1,1,03,02,14,149,32,03,41,169,42,07,53,169,39,,,,*4A
$GQGSV,1,1,03,02,14,149,32,03,41,169,42,07,53,169,39,,,,*4A
$GQGSV,1,1,03,02,14,149,32,03,41,169,42,07,53,169,39,,,,*4A
$GQGSV,1,1,03,02,14,149,32,03,41,169,42,07,53,169,39,,,,*4A
$GQGSV,1,1,03,02,14,149,32,03,41,169,42,07,53,169,39,,,,*4A
$GQGSV,1,1,03,02,14,149,32,03,41,169,42,07,53,169,39,,,,*4A
$GQGSV,1,1,03,02,14,149,32,03,41,169,42,07,53,169,39,,,,*4A
$GQGSV,1,1,03,02,14,149,32,03,41,169,42,07,53,169,39,,,,*4A
$GQGSV,1,1,03,02,14,149,32,03,41,169,42,07,53,169,39,,,,*4A
$GQGSV,1,1,03,02,14,149,32,03,41,169,42,07,53,169,39,,,,*4A
$GQGSV,1,1,03,02,14,149,32,03,41,169,42,07,53,169,39,,,,*4A
$GQGSV,1,1,03,02,14,149,32,03,41,169,42,07,53,169,39,,,,*4A
$GQGSV,1,1,03,02,14,149,32,03,41,169,42,07,53,169,39,,,,*4A
$GQGSV,1,1,03,02,14,149,32,03,41,169,42,07,53,169,39,,,,*4A
$GQGSV,1,1,03,02,14,149,32,03,41,169,42,07,53,169,39,,,,*4A
$GQGSV,1,1,03,02,14,149,32,03,41,169,42,07,53,169,39,,,,*4A
$GQGSV,1,1,03,02,14,149,32,03,41,169,42,07,53,169,39,,,,*4A
$GQGSV,1,1,03,02,14,149,32,03,41,169,42,07,53,169,39,,,,*4A
$GQGSV,1,1,03,02,14,149,32,03,41,169,42,07,53,169,39,,,,*4A
$GQGSV,1,1,03,02,14,149,32,03,41,169,42,07,53,169,39,,,,*4A
$GQGSV,1,1,03,02,14,149,32,03,41,169,41,07,53,169,39,,,,*49
$GQGSV,1,1,03,02,14,149,32,03,41,169,41,07,53,169,39,,,,*49
$GQGSV,1,1,03,02,14,149,32,03,41,169,41,07,53,169,39,,,,*49
$GQGSV,1,1,03,02,14,149,32,03,41,169,41,07,53,169,39,,,,*49
$GQGSV,1,1,03,02,14,149,32,03,41,169,41,07,53,169,39,,,,*49
$GQGSV,1,1,03,02,14,149,32,03,41,169,41,07,53,169,39,,,,*49
$GQGSV,1,1,03,02,14,149,32,03,41,169,41,07,53,169,39,,,,*49
$GQGSV,1,1,03,02,14,149,32,03,41,169,41,07,53,169,39,,,,*49
$GQGSV,1,1,03,02,14,149,32,03,41,169,41,07,53,169,39,,,,*49
$GQGSV,1,1,03,02,14,149,32,03,41,169,41,07,53,169,39,,,,*49
$GQGSV,1,1,03,02,14,149,32,03,41,169,41,07,53,169,39,,,,*49
$GQGSV,1,1,03,02,14,149,32,03,41,169,41,07,53,169,39,,,,*49
$GQGSV,1,1,03,02,14,149,32,03,41,169,41,07,53,169,39,,,,*49
$GQGSV,1,1,03,02,14,149,32,03,41,169,41,07,53,169,39,,,,*49
$GQGSV,1,1,03,02,14,149,32,03,41,169,41,07,53,169,39,,,,*49
$GQGSV,1,1,03,02,14,149,32,03,41,169,41,07,53,169,39,,,,*49
$GQGSV,1,1,03,02,14,149,32,03,41,169,41,07,53,169,39,,,,*49
$GQGSV,1,1,03,02,14,149,32,03,41,169,41,07,53,169,39,,,,*49
$GQGSV,1,1,03,02,14,149,32,03,41,169,41,07,53,169,39,,,,*49
$GQGSV,1,1,03,02,14,149,32,03,41,169,41,07,53,169,39,,,,*49
$GQGSV,1,1,03,02,14,149,32,03,41,169,41,07,53,169,39,,,,*49
$GQGSV,1,1,03,02,14,149,32,03,41,169,41,07,53,169,39,,,,*49
$GQGSV,1,1,03,02,14,149,33,03,41,169,41,07,53,169,39,,,,*48
$GQGSV,1,1,03,02,14,149,33,03,41,169,41,07,53,169,39,,,,*48
$GQGSV,1,1,03,02,14,149,33,03,41,169,41,07,53,169,39,,,,*48
$GQGSV,1,1,03,02,14,149,33,03,41,169,41,07,53,169,39,,,,*48
$GQGSV,1,1,03,02,14,149,33,03,41,169,41,07,53,169,39,,,,*48
$GQGSV,1,1,03,02,14,149,33,03,41,169,41,07,53,169,39,,,,*48
$GQGSV,1,1,03,02,14,149,33,03,41,169,41,07,53,169,39,,,,*48
$GQGSV,1,1,03,02,14,149,33,03,41,169,41,07,53,169,39,,,,*48
$GQGSV,1,1,03,02,14,149,33,03,41,169,41,07,53,169,39,,,,*48
$GQGSV,1,1,03,02,14,149,33,03,41,169,42,07,53,169,39,,,,*4B
$GQGSV,1,1,03,02,14,149,33,03,41,169,42,07,53,169,39,,,,*4B
$GQGSV,1,1,03,02,14,149,33,03,41,169,42,07,53,169,39,,,,*4B
$GQGSV,1,1,03,02,14,149,33,03,41,169,42,07,53,169,39,,,,*4B
$GQGSV,1,1,03,02,14,149,33,03,41,169,42,07,53,169,39,,,,*4B
$GQGSV,1,1,03,02,14,149,33,03,41,169,42,07,53,169,39,,,,*4B
$GQGSV,1,1,03,02,14,149,33,03,41,169,42,07,53,169,39,,,,*4B
$GQGSV,1,1,03,02,14,149,33,03,41,169,42,07,53,169,39,,,,*4B
$GQGSV,1,1,03,02,14,149,33,03,41,169,42,07,53,169,39,,,,*4B
$GQGSV,1,1,03,02,14,149,34,03,41,169,42,07,53,169,39,,,,*4C
$GQGSV,1,1,03,02,14,149,34,03,41,169,42,07,53,169,39,,,,*4C
$GQGSV,1,1,03,02,14,149,34,03,41,169,42,07,53,169,39,,,,*4C
$GQGSV,1,1,03,02,14,149,34,03,41,169,42,07,53,169,39,,,,*4C
$GQGSV,1,1,03,02,14,149,34,03,41,169,42,07,53,169,39,,,,*4C
$GQGSV,1,1,03,02,14,149,34,03,41,169,42,07,53,169,39,,,,*4C
$GQGSV,1,1,03,02,14,149,34,03,41,169,42,07,53,169,39,,,,*4C
$GQGSV,1,1,03,02,14,149,34,03,41,169,42,07,53,169,39,,,,*4C
$GQGSV,1,1,03,02,14,149,34,03,41,169,42,07,53,169,39,,,,*4C
$GQGSV,1,1,03,02,14,149,34,03,41,169,42,07,53,169,39,,,,*4C
$GQGSV,1,1,03,02,14,149,34,03,41,169,42,07,53,169,39,,,,*4C
$GQGSV,1,1,03,02,14,149,34,03,41,169,42,07,53,169,39,,,,*4C
$GQGSV,1,1,03,02,14,149,34,03,41,169,42,07,53,169,39,,,,*4C
$GQGSV,1,1,03,02,14,149,34,03,41,169,42,07,53,169,39,,,,*4C
$GQGSV,1,1,03,02,14,149,34,03,41,169,42,07,53,169,39,,,,*4C
$GQGSV,1,1,03,02,14,149,34,03,41,169,42,07,53,169,39,,,,*4C
$GQGSV,1,1,03,02,14,149,34,03,41,169,42,07,53,169,39,,,,*4C
$GQGSV,1,1,03,02,14,149,34,03,41,169,42,07,53,169,39,,,,*4C
$GQGSV,1,1,03,02,14,149,33,03,41,169,42,07,53,169,39,,,,*4B
$GQGSV,1,1,03,02,14,149,33,03,41,169,42,07,53,169,39,,,,*4B
$GQGSV,1,1,03,02,14,149,33,03,41,169,42,07,53,169,39,,,,*4B
$GQGSV,1,1,03,02,14,149,33,03,41,169,42,07,53,169,39,,,,*4B
$GQGSV,1,1,03,02,14,149,33,03,41,169,42,07,53,169,39,,,,*4B
$GQGSV,1,1,03,02,14,149,33,03,41,169,42,07,53,169,39,,,,*4B
$GQGSV,1,1,03,02,14,149,33,03,41,169,42,07,53,169,39,,,,*4B
$GQGSV,1,1,03,02,14,149,33,03,41,169,42,07,53,169,39,,,,*4B
$GQGSV,1,1,03,02,14,149,33,03,41,169,42,07,53,169,39,,,,*4B
$GQGSV,1,1,03,02,14,149,33,03,41,169,42,07,53,169,39,,,,*4B
$GQGSV,1,1,03,02,14,149,33,03,41,169,42,07,53,169,39,,,,*4B
$GQGSV,1,1,03,02,14,149,33,03,41,169,42,07,53,169,39,,,,*4B
$GQGSV,1,1,03,02,14,149,33,03,41,169,42,07,53,169,39,,,,*4B
$GQGSV,1,1,03,02,14,149,33,03,41,169,42,07,53,169,39,,,,*4B
$GQGSV,1,1,03,02,14,149,33,03,41,169,42,07,53,169,39,,,,*4B
$GQGSV,1,1,03,02,14,149,33,03,41,169,42,07,53,169,39,,,,*4B
$GQGSV,1,1,03,02,14,149,33,03,41,169,42,07,53,169,39,,,,*4B
$GQGSV,1,1,03,02,14,149,33,03,41,169,42,07,53,169,39,,,,*4B
$GQGSV,1,1,03,02,14,149,33,03,41,169,42,07,53,169,39,,,,*4B
$GQGSV,1,1,03,02,14,149,32,03,41,169,42,07,53,169,39,,,,*4A
$GQGSV,1,1,03,02,14,149,32,03,41,169,42,07,53,169,39,,,,*4A
$GQGSV,1,1,03,02,14,149,32,03,41,169,42,07,53,169,39,,,,*4A
$GQGSV,1,1,03,02,14,149,32,03,41,169,42,07,53,169,39,,,,*4A
$GQGSV,1,1,03,02,14,149,32,03,41,169,42,07,53,169,39,,,,*4A
$GQGSV,1,1,03,02,14,149,33,03,41,169,42,07,53,169,39,,,,*4B
$GQGSV,1,1,03,02,14,149,33,03,41,169,42,07,53,169,39,,,,*4B
$GQGSV,1,1,03,02,14,149,33,03,41,169,42,07,53,169,39,,,,*4B
$GQGSV,1,1,03,02,14,149,33,03,41,169,42,07,53,169,39,,,,*4B
$GQGSV,1,1,03,02,14,149,33,03,41,169,42,07,53,169,39,,,,*4B
$GQGSV,1,1,03,02,14,149,33,03,41,169,42,07,53,169,39,,,,*4B
$GQGSV,1,1,03,02,14,149,33,03,41,169,42,07,53,169,39,,,,*4B
$GQGSV,1,1,03,02,14,149,33,03,41,169,42,07,53,169,39,,,,*4B
$GQGSV,1,1,03,02,14,149,32,03,41,169,42,07,53,169,39,,,,*4A
$GQGSV,1,1,03,02,14,149,32,03,41,169,42,07,53,169,39,,,,*4A
$GQGSV,1,1,03,02,14,149,32,03,41,169,42,07,53,169,39,,,,*4A
$GQGSV,1,1,03,02,14,149,32,03,41,169,42,07,53,169,39,,,,*4A
$GQGSV,1,1,03,02,14,149,32,03,41,169,42,07,53,169,39,,,,*4A
$GQGSV,1,1,03,02,14,149,32,03,41,169,42,07,53,169,39,,,,*4A
$GQGSV,1,1,03,02,14,149,32,03,41,169,42,07,53,169,39,,,,*4A
$GQGSV,1,1,03,02,14,149,32,03,41,169,42,07,53,169,39,,,,*4A
$GQGSV,1,1,03,02,14,149,32,03,41,169,42,07,53,169,39,,,,*4A
$GQGSV,1,1,03,02,14,149,32,03,41,169,42,07,53,169,39,,,,*4A
$GQGSV,1,1,03,02,14,149,32,03,41,169,42,07,53,169,39,,,,*4A
$GQGSV,1,1,03,02,14,149,32,03,41,169,42,07,53,169,39,,,,*4A
$GQGSV,1,1,03,02,14,149,32,03,41,169,42,07,53,169,39,,,,*4A
$GQGSV,1,1,03,02,14,149,33,03,41,169,42,07,53,169,39,,,,*4B
$GQGSV,1,1,03,02,14,149,33,03,41,169,42,07,53,169,39,,,,*4B
$GQGSV,1,1,03,02,14,149,33,03,41,169,42,07,53,169,39,,,,*4B
$GQGSV,1,1,03,02,14,149,33,03,41,169,42,07,53,169,39,,,,*4B
$GQGSV,1,1,03,02,14,149,33,03,41,169,42,07,53,169,39,,,,*4B
$GQGSV,1,1,03,02,14,149,33,03,41,169,42,07,53,169,39,,,,*4B
$GQGSV,1,1,03,02,14,149,33,03,41,169,42,07,53,169,39,,,,*4B
$GQGSV,1,1,03,02,14,149,33,03,41,169,42,07,53,169,39,,,,*4B
$GQGSV,1,1,03,02,14,149,33,03,41,169,42,07,53,169,39,,,,*4B
$GQGSV,1,1,03,02,14,149,33,03,41,169,42,07,53,169,39,,,,*4B
$GQGSV,1,1,03,02,14,149,33,03,41,169,42,07,53,169,39,,,,*4B
$GQGSV,1,1,03,02,14,149,33,03,41,169,42,07,53,169,39,,,,*4B
$GQGSV,1,1,03,02,14,149,33,03,41,169,42,07,53,169,39,,,,*4B
$GQGSV,1,1,03,02,14,149,33,03,41,169,42,07,53,169,39,,,,*4B
$GQGSV,1,1,03,02,14,149,33,03,41,169,42,07,53,169,39,,,,*4B
$GQGSV,1,1,03,02,14,149,33,03,41,169,42,07,53,169,39,,,,*4B
$GQGSV,1,1,03,02,14,149,33,03,41,169,42,07,53,169,39,,,,*4B
$GQGSV,1,1,03,02,14,149,33,03,41,169,42,07,53,169,39,,,,*4B
$GQGSV,1,1,03,02,14,149,33,03,41,169,42,07,53,169,39,,,,*4B
$GQGSV,1,1,03,02,14,149,33,03,41,169,42,07,53,169,39,,,,*4B
$GQGSV,1,1,03,02,14,149,33,03,41,169,42,07,53,169,39,,,,*4B
$GQGSV,1,1,03,02,14,149,33,03,41,169,42,07,53,169,39,,,,*4B
$GQGSV,1,1,03,02,14,149,33,03,41,169,42,07,53,169,39,,,,*4B
$GQGSV,1,1,03,02,14,149,33,03,41,169,42,07,53,169,39,,,,*4B
$GQGSV,1,1,03,02,14,149,33,03,41,169,42,07,53,169,39,,,,*4B
$GQGSV,1,1,03,02,14,149,33,03,41,169,42,07,53,169,39,,,,*4B
$GQGSV,1,1,03,02,14,149,33,03,41,169,42,07,53,169,39,,,,*4B
$GQGSV,1,1,03,02,14,149,33,03,41,169,42,07,53,169,39,,,,*4B
$GQGSV,1,1,03,02,14,149,33,03,41,169,42,07,53,169,39,,,,*4B
$GQGSV,1,1,03,02,14,149,33,03,41,169,42,07,53,169,39,,,,*4B
$GQGSV,1,1,03,02,14,149,33,03,41,169,42,07,53,169,39,,,,*4B
$GQGSV,1,1,03,02,14,149,33,03,41,169,42,07,53,169,39,,,,*4B
$GQGSV,1,1,03,02,14,149,33,03,41,169,42,07,53,169,39,,,,*4B
$GQGSV,1,1,03,02,14,149,33,03,41,169,42,07,53,169,39,,,,*4B
$GQGSV,1,1,03,02,14,149,33,03,41,169,42,07,53,169,39,,,,*4B
$GQGSV,1,1,03,02,14,149,33,03,41,169,42,07,53,169,39,,,,*4B
$GQGSV,1,1,03,02,14,149,33,03,41,169,42,07,53,169,39,,,,*4B
$GQGSV,1,1,03,02,14,149,33,03,41,169,42,07,53,169,39,,,,*4B
$GQGSV,1,1,03,02,14,149,33,03,41,169,42,07,53,169,39,,,,*4B
$GQGSV,1,1,03,02,14,149,33,03,41,169,42,07,53,169,39,,,,*4B
$GQGSV,1,1,03,02,14,149,33,03,41,169,42,07,53,169,39,,,,*4B
$GQGSV,1,1,03,02,14,149,33,03,41,169,42,07,53,169,39,,,,*4B
$GQGSV,1,1,03,02,14,149,33,03,41,169,42,07,53,169,39,,,,*4B
$GQGSV,1,1,03,02,14,149,33,03,41,169,42,07,53,169,39,,,,*4B
$GQGSV,1,1,03,02,14,149,33,03,41,169,42,07,53,169,39,,,,*4B
$GQGSV,1,1,03,02,14,149,33,03,41,169,42,07,53,169,39,,,,*4B
$GQGSV,1,1,03,02,14,149,33,03,41,169,42,07,53,169,39,,,,*4B
$GQGSV,1,1,03,02,14,149,33,03,41,169,42,07,53,169,39,,,,*4B
$GQGSV,1,1,03,02,14,149,33,03,41,169,42,07,53,169,39,,,,*4B
$GQGSV,1,1,03,02,14,149,33,03,41,169,42,07,53,169,39,,,,*4B
$GQGSV,1,1,03,02,14,149,33,03,41,169,42,07,53,169,39,,,,*4B
$GQGSV,1,1,03,02,14,149,33,03,41,169,42,07,53,169,39,,,,*4B
$GQGSV,1,1,03,02,14,149,33,03,41,169,42,07,53,169,39,,,,*4B
$GQGSV,1,1,03,02,14,149,34,03,41,169,42,07,53,169,39,,,,*4C
$GQGSV,1,1,03,02,14,149,34,03,41,169,42,07,53,169,39,,,,*4C
$GQGSV,1,1,03,02,14,149,34,03,41,169,42,07,53,169,39,,,,*4C
$GQGSV,1,1,03,02,14,149,34,03,41,169,42,07,53,169,39,,,,*4C
$GQGSV,1,1,03,02,14,149,34,03,41,169,42,07,53,169,39,,,,*4C
$GQGSV,1,1,03,02,14,149,34,03,41,169,42,07,53,169,39,,,,*4C
$GQGSV,1,1,03,02,14,149,34,03,41,169,42,07,53,169,39,,,,*4C
$GQGSV,1,1,03,02,14,149,34,03,41,169,42,07,53,169,39,,,,*4C
$GQGSV,1,1,03,02,14,149,34,03,41,169,42,07,53,169,39,,,,*4C
$GQGSV,1,1,03,02,14,149,34,03,41,169,42,07,53,169,39,,,,*4C
$GQGSV,1,1,03,02,14,149,34,03,41,169,42,07,53,169,39,,,,*4C
$GQGSV,1,1,03,02,14,149,34,03,41,169,42,07,53,169,39,,,,*4C
$GQGSV,1,1,03,02,14,149,34,03,41,169,42,07,53,169,39,,,,*4C
$GQGSV,1,1,03,02,14,149,34,03,41,169,42,07,53,169,39,,,,*4C
$GQGSV,1,1,03,02,14,149,34,03,41,169,42,07,53,169,39,,,,*4C
$GQGSV,1,1,03,02,14,149,34,03,41,169,42,07,53,169,39,,,,*4C
$GQGSV,1,1,03,02,14,149,34,03,41,169,42,07,53,169,39,,,,*4C
$GQGSV,1,1,03,02,14,149,34,03,41,169,42,07,53,169,39,,,,*4C
$GQGSV,1,1,03,02,14,149,34,03,41,169,42,07,53,169,39,,,,*4C
$GQGSV,1,1,03,02,14,149,34,03,41,169,42,07,53,169,39,,,,*4C
$GQGSV,1,1,03,02,14,149,34,03,41,169,42,07,53,169,39,,,,*4C
$GQGSV,1,1,03,02,14,149,34,03,41,169,42,07,53,169,39,,,,*4C
$GQGSV,1,1,03,02,14,149,34,03,41,169,42,07,53,169,39,,,,*4C
$GQGSV,1,1,03,02,14,149,34,03,41,169,42,07,53,169,39,,,,*4C
$GQGSV,1,1,03,02,14,149,34,03,41,169,42,07,53,169,39,,,,*4C
$GQGSV,1,1,03,02,14,149,34,03,41,169,42,07,53,169,39,,,,*4C
$GQGSV,1,1,03,02,14,149,34,03,41,169,42,07,53,169,39,,,,*4C
$GQGSV,1,1,03,02,14,149,34,03,41,169,42,07,53,169,39,,,,*4C
$GQGSV,1,1,03,02,14,149,34,03,41,169,42,07,53,169,39,,,,*4C
$GQGSV,1,1,03,02,14,149,34,03,41,169,42,07,53,169,39,,,,*4C
$GQGSV,1,1,03,02,14,149,34,03,41,169,42,07,53,169,39,,,,*4C
$GQGSV,1,1,03,02,14,149,34,03,41,169,42,07,53,169,39,,,,*4C
$GQGSV,1,1,03,02,14,149,34,03,41,169,42,07,53,169,39,,,,*4C
$GQGSV,1,1,03,02,14,149,34,03,41,169,42,07,53,169,39,,,,*4C
$GQGSV,1,1,03,02,14,149,34,03,41,169,42,07,53,169,39,,,,*4C
$GQGSV,1,1,03,02,14,149,34,03,41,169,42,07,53,169,39,,,,*4C
$GQGSV,1,1,03,02,14,149,34,03,41,169,42,07,53,169,39,,,,*4C
$GQGSV,1,1,03,02,14,149,34,03,41,169,42,07,53,169,39,,,,*4C
$GQGSV,1,1,03,02,14,149,34,03,41,169,42,07,53,169,39,,,,*4C
$GQGSV,1,1,03,02,14,149,34,03,41,169,42,07,53,169,39,,,,*4C
$GQGSV,1,1,03,02,14,149,34,03,41,169,42,07,53,169,39,,,,*4C
$GQGSV,1,1,03,02,14,149,34,03,41,169,42,07,53,169,39,,,,*4C
$GQGSV,1,1,03,02,14,149,34,03,41,169,42,07,53,169,39,,,,*4C
$GQGSV,1,1,03,02,14,149,34,03,41,169,42,07,53,169,39,,,,*4C
$GQGSV,1,1,03,02,14,149,34,03,41,169,42,07,53,169,39,,,,*4C
$GQGSV,1,1,03,02,14,149,34,03,41,169,42,07,53,169,39,,,,*4C
$GQGSV,1,1,03,02,14,149,34,03,41,169,42,07,53,169,39,,,,*4C
$GQGSV,1,1,03,02,14,149,34,03,41,169,42,07,53,169,39,,,,*4C
$GQGSV,1,1,03,02,14,149,34,03,41,169,42,07,53,169,39,,,,*4C
$GQGSV,1,1,03,02,14,149,35,03,41,169,42,07,53,169,39,,,,*4D
$GQGSV,1,1,03,02,14,149,35,03,41,169,42,07,53,169,39,,,,*4D
$GQGSV,1,1,03,02,14,149,35,03,41,169,42,07,53,169,39,,,,*4D
$GQGSV,1,1,03,02,14,149,35,03,41,169,42,07,53,169,39,,,,*4D
$GQGSV,1,1,03,02,14,149,35,03,41,169,42,07,53,169,39,,,,*4D
$GQGSV,1,1,03,02,14,149,35,03,41,169,42,07,53,169,39,,,,*4D
$GQGSV,1,1,03,02,14,149,35,03,41,169,42,07,53,169,39,,,,*4D
$GQGSV,1,1,03,02,14,149,35,03,41,169,42,07,53,169,39,,,,*4D
$GQGSV,1,1,03,02,14,149,35,03,41,169,42,07,53,169,39,,,,*4D
$GQGSV,1,1,03,02,14,149,35,03,41,169,42,07,53,169,39,,,,*4D
$GQGSV,1,1,03,02,14,149,35,03,41,169,42,07,53,169,39,,,,*4D
$GQGSV,1,1,03,02,14,149,35,03,41,169,42,07,53,169,39,,,,*4D
$GQGSV,1,1,03,02,14,149,35,03,41,169,42,07,53,169,39,,,,*4D
$GQGSV,1,1,03,02,14,149,35,03,41,169,42,07,53,169,39,,,,*4D
$GQGSV,1,1,03,02,14,149,35,03,41,169,42,07,53,169,39,,,,*4D
$GQGSV,1,1,03,02,14,149,35,03,41,169,42,07,53,169,39,,,,*4D
$GQGSV,1,1,03,02,14,149,35,03,41,169,42,07,53,169,39,,,,*4D
$GQGSV,1,1,03,02,14,149,35,03,41,169,42,07,53,169,39,,,,*4D
$GQGSV,1,1,03,02,14,149,35,03,41,169,42,07,53,169,39,,,,*4D
$GQGSV,1,1,03,02,14,149,35,03,41,169,42,07,53,169,39,,,,*4D
$GQGSV,1,1,03,02,14,149,35,03,41,169,42,07,53,169,39,,,,*4D
$GQGSV,1,1,03,02,14,149,35,03,41,169,42,07,53,169,39,,,,*4D
$GQGSV,1,1,03,02,14,149,35,03,41,169,42,07,53,169,39,,,,*4D
$GQGSV,1,1,03,02,14,149,35,03,41,169,42,07,53,169,39,,,,*4D
$GQGSV,1,1,03,02,14,149,35,03,41,169,42,07,53,169,39,,,,*4D
$GQGSV,1,1,03,02,14,149,35,03,41,169,42,07,53,169,39,,,,*4D
$GQGSV,1,1,03,02,14,149,35,03,41,169,42,07,53,169,39,,,,*4D
$GQGSV,1,1,03,02,14,149,35,03,41,169,42,07,53,169,39,,,,*4D
$GQGSV,1,1,03,02,14,149,35,03,41,169,42,07,53,169,39,,,,*4D
$GQGSV,1,1,03,02,14,149,35,03,41,169,42,07,53,169,39,,,,*4D
$GQGSV,1,1,03,02,14,149,35,03,41,169,42,07,53,169,39,,,,*4D
$GQGSV,1,1,03,02,14,149,35,03,41,169,42,07,53,169,39,,,,*4D
$GQGSV,1,1,03,02,14,149,35,03,41,169,42,07,53,169,39,,,,*4D
$GQGSV,1,1,03,02,14,149,35,03,41,169,42,07,53,169,39,,,,*4D
$GQGSV,1,1,03,02,14,149,35,03,41,169,42,07,53,169,39,,,,*4D
$GQGSV,1,1,03,02,14,149,35,03,41,169,42,07,53,169,39,,,,*4D
$GQGSV,1,1,03,02,14,149,35,03,41,169,42,07,53,169,39,,,,*4D
$GQGSV,1,1,03,02,14,149,35,03,41,169,42,07,53,169,39,,,,*4D
$GQGSV,1,1,03,02,14,149,35,03,41,169,42,07,53,169,39,,,,*4D
$GQGSV,1,1,03,02,14,149,35,03,41,169,42,07,53,169,39,,,,*4D
$GQGSV,1,1,03,02,14,149,35,03,41,169,42,07,53,169,39,,,,*4D
$GQGSV,1,1,03,02,14,149,35,03,41,169,42,07,53,169,39,,,,*4D
$GQGSV,1,1,03,02,14,149,35,03,41,169,42,07,53,169,39,,,,*4D
$GQGSV,1,1,03,02,14,149,35,03,41,169,42,07,53,169,39,,,,*4D
$GQGSV,1,1,03,02,14,149,35,03,41,169,42,07,53,169,39,,,,*4D
$GQGSV,1,1,03,02,14,149,35,03,41,169,42,07,53,169,39,,,,*4D
$GQGSV,1,1,03,02,14,149,35,03,41,169,42,07,53,169,39,,,,*4D
$GQGSV,1,1,03,02,14,149,35,03,41,169,42,07,53,169,39,,,,*4D
$GQGSV,1,1,03,02,14,149,35,03,41,169,42,07,53,169,39,,,,*4D
$GQGSV,1,1,03,02,14,149,35,03,41,169,42,07,53,169,39,,,,*4D
$GQGSV,1,1,03,02,14,149,35,03,41,169,42,07,53,169,39,,,,*4D
$GQGSV,1,1,03,02,14,149,35,03,41,169,42,07,53,169,39,,,,*4D
$GQGSV,1,1,03,02,14,149,35,03,41,169,42,07,53,169,39,,,,*4D
$GQGSV,1,1,03,02,14,149,35,03,41,169,42,07,53,169,39,,,,*4D
$GQGSV,1,1,03,02,14,149,35,03,41,169,42,07,53,169,39,,,,*4D
$GQGSV,1,1,03,02,14,149,35,03,41,169,42,07,53,169,39,,,,*4D
$GQGSV,1,1,03,02,14,149,35,03,41,169,42,07,53,169,39,,,,*4D
$GQGSV,1,1,03,02,14,149,35,03,41,169,42,07,53,169,39,,,,*4D
$GQGSV,1,1,03,02,14,149,35,03,41,169,42,07,53,169,39,,,,*4D
$GQGSV,1,1,03,02,14,149,35,03,41,169,42,07,53,169,39,,,,*4D
$GQGSV,1,1,03,02,14,149,35,03,41,169,42,07,53,169,39,,,,*4D
$GQGSV,1,1,03,02,14,149,35,03,41,169,42,07,53,169,39,,,,*4D
$GQGSV,1,1,03,02,14,149,35,03,41,169,42,07,53,169,39,,,,*4D
$GQGSV,1,1,03,02,14,149,35,03,41,169,42,07,53,169,39,,,,*4D
$GQGSV,1,1,03,02,14,149,35,03,41,169,42,07,53,169,39,,,,*4D
$GQGSV,1,1,03,02,14,149,35,03,41,169,42,07,53,169,39,,,,*4D
$GQGSV,1,1,03,02,14,149,35,03,41,169,42,07,53,169,39,,,,*4D
$GQGSV,1,1,03,02,14,149,35,03,41,169,42,07,53,169,39,,,,*4D
$GQGSV,1,1,03,02,14,149,35,03,41,169,42,07,53,169,39,,,,*4D
$GQGSV,1,1,03,02,14,149,35,03,41,169,43,07,53,169,39,,,,*4C
$GQGSV,1,1,03,02,14,149,35,03,41,169,43,07,53,169,39,,,,*4C
$GQGSV,1,1,03,02,14,149,35,03,41,169,43,07,53,169,39,,,,*4C
$GQGSV,1,1,03,02,14,149,35,03,41,169,43,07,53,169,40,,,,*42
$GQGSV,1,1,03,02,14,149,35,03,41,169,42,07,53,169,40,,,,*43
$GQGSV,1,1,03,02,14,149,35,03,41,169,42,07,53,169,40,,,,*43
$GQGSV,1,1,03,02,14,149,35,03,41,169,42,07,53,169,40,,,,*43
$GQGSV,1,1,03,02,14,149,35,03,41,169,42,07,53,169,40,,,,*43
$GQGSV,1,1,03,02,14,149,35,03,41,169,42,07,53,169,40,,,,*43
$GQGSV,1,1,03,02,14,149,35,03,41,169,42,07,53,169,40,,,,*43
$GQGSV,1,1,03,02,14,149,35,03,41,169,42,07,53,169,40,,,,*43
$GQGSV,1,1,03,02,14,149,35,03,41,169,42,07,53,169,40,,,,*43
$GQGSV,1,1,03,02,14,149,35,03,41,169,42,07,53,169,40,,,,*43
$GQGSV,1,1,03,02,14,149,35,03,41,169,42,07,53,169,40,,,,*43
$GQGSV,1,1,03,02,14,149,35,03,41,169,42,07,53,169,40,,,,*43
$GQGSV,1,1,03,02,14,149,35,03,41,169,42,07,53,169,40,,,,*43
$GQGSV,1,1,03,02,14,149,35,03,41,169,42,07,53,169,39,,,,*4D
$GQGSV,1,1,03,02,14,149,35,03,41,169,42,07,53,169,39,,,,*4D
$GQGSV,1,1,03,02,14,149,35,03,41,169,42,07,53,169,39,,,,*4D
$GQGSV,1,1,03,02,14,149,35,03,41,169,42,07,53,169,39,,,,*4D
$GQGSV,1,1,03,02,14,149,35,03,41,169,42,07,53,169,39,,,,*4D
$GQGSV,1,1,03,02,14,149,35,03,41,169,42,07,53,169,39,,,,*4D
$GQGSV,1,1,03,02,14,149,35,03,41,169,42,07,53,169,39,,,,*4D
$GQGSV,1,1,03,02,14,149,35,03,41,169,42,07,53,169,39,,,,*4D
$GQGSV,1,1,03,02,14,149,35,03,41,169,42,07,53,169,39,,,,*4D
$GQGSV,1,1,03,02,14,149,35,03,41,169,42,07,53,169,39,,,,*4D
$GQGSV,1,1,03,02,14,149,35,03,41,169,42,07,53,169,39,,,,*4D
$GQGSV,1,1,03,02,14,149,35,03,41,169,42,07,53,169,39,,,,*4D
$GQGSV,1,1,03,02,14,149,35,03,41,169,42,07,53,169,40,,,,*43
$GQGSV,1,1,03,02,14,149,35,03,41,169,42,07,53,169,39,,,,*4D
$GQGSV,1,1,03,02,14,149,35,03,41,169,42,07,53,169,39,,,,*4D
$GQGSV,1,1,03,02,14,149,35,03,41,169,42,07,53,169,39,,,,*4D
$GQGSV,1,1,03,02,14,149,35,03,41,169,42,07,53,169,39,,,,*4D
$GQGSV,1,1,03,02,14,149,35,03,41,169,43,07,53,169,39,,,,*4C
$GQGSV,1,1,03,02,14,149,35,03,41,169,43,07,53,169,39,,,,*4C
$GQGSV,1,1,03,02,14,149,35,03,41,169,43,07,53,169,39,,,,*4C
$GQGSV,1,1,03,02,14,149,35,03,41,169,43,07,53,169,39,,,,*4C
$GQGSV,1,1,03,02,14,149,35,03,41,169,43,07,53,169,39,,,,*4C
$GQGSV,1,1,03,02,14,149,35,03,41,169,43,07,53,169,39,,,,*4C
$GQGSV,1,1,03,02,14,149,35,03,41,169,43,07,53,169,39,,,,*4C
$GQGSV,1,1,03,02,14,149,35,03,41,169,43,07,53,169,39,,,,*4C
$GQGSV,1,1,03,02,14,149,35,03,41,169,43,07,53,169,39,,,,*4C
$GQGSV,1,1,03,02,14,149,35,03,41,169,43,07,53,169,39,,,,*4C
$GQGSV,1,1,03,02,14,149,35,03,41,169,43,07,53,169,39,,,,*4C
$GQGSV,1,1,03,02,14,149,35,03,41,169,43,07,53,169,39,,,,*4C
$GQGSV,1,1,03,02,14,149,35,03,41,169,43,07,53,169,39,,,,*4C
$GQGSV,1,1,03,02,14,149,35,03,41,169,43,07,53,169,39,,,,*4C
$GQGSV,1,1,03,02,14,149,35,03,41,169,43,07,53,169,40,,,,*42
$GQGSV,1,1,03,02,14,149,35,03,41,169,43,07,53,169,40,,,,*42
$GQGSV,1,1,03,02,14,149,35,03,41,169,43,07,53,169,40,,,,*42
$GQGSV,1,1,03,02,14,149,35,03,41,169,43,07,53,169,40,,,,*42
$GQGSV,1,1,03,02,14,149,35,03,41,169,43,07,53,169,40,,,,*42
$GQGSV,1,1,03,02,14,149,35,03,41,169,43,07,53,169,40,,,,*42
$GQGSV,1,1,03,02,14,149,35,03,41,169,43,07,53,169,40,,,,*42
$GQGSV,1,1,03,02,14,149,35,03,41,169,43,07,53,169,40,,,,*42
$GQGSV,1,1,03,02,14,149,35,03,41,169,43,07,53,169,40,,,,*42
$GQGSV,1,1,03,02,14,149,35,03,41,169,43,07,53,169,40,,,,*42
$GQGSV,1,1,03,02,14,149,35,03,41,169,43,07,53,169,40,,,,*42
$GQGSV,1,1,03,02,14,149,35,03,41,169,43,07,53,169,40,,,,*42
$GQGSV,1,1,03,02,14,149,35,03,41,169,43,07,53,169,40,,,,*42
$GQGSV,1,1,03,02,14,149,35,03,41,169,43,07,53,169,40,,,,*42
$GQGSV,1,1,03,02,14,149,35,03,41,169,43,07,53,169,40,,,,*42
$GQGSV,1,1,03,02,14,149,35,03,41,169,43,07,53,169,40,,,,*42
$GQGSV,1,1,03,02,14,149,35,03,41,169,43,07,53,169,40,,,,*42
$GQGSV,1,1,03,02,14,149,35,03,41,169,43,07,53,169,40,,,,*42
$GQGSV,1,1,03,02,14,149,35,03,41,169,43,07,53,169,40,,,,*42
$GQGSV,1,1,03,02,14,149,35,03,41,169,43,07,53,169,39,,,,*4C
$GQGSV,1,1,03,02,14,149,35,03,41,169,43,07,53,169,39,,,,*4C
$GQGSV,1,1,03,02,14,149,35,03,41,169,43,07,53,169,39,,,,*4C
$GQGSV,1,1,03,02,14,149,35,03,41,169,43,07,53,169,39,,,,*4C
$GQGSV,1,1,03,02,14,149,35,03,41,169,43,07,53,169,39,,,,*4C
$GQGSV,1,1,03,02,14,149,35,03,41,169,43,07,53,169,39,,,,*4C
$GQGSV,1,1,03,02,14,149,35,03,41,169,43,07,53,169,39,,,,*4C
$GQGSV,1,1,03,02,14,149,35,03,41,169,43,07,53,169,39,,,,*4C
$GQGSV,1,1,03,02,14,149,35,03,41,169,43,07,53,169,39,,,,*4C
$GQGSV,1,1,03,02,14,149,35,03,41,169,43,07,53,169,39,,,,*4C
$GQGSV,1,1,03,02,14,149,35,03,41,169,43,07,53,169,39,,,,*4C
$GQGSV,1,1,03,02,14,149,35,03,41,169,43,07,53,169,40,,,,*42
$GQGSV,1,1,03,02,14,149,35,03,41,169,43,07,53,169,40,,,,*42
$GQGSV,1,1,03,02,14,149,35,03,41,169,43,07,53,169,40,,,,*42
$GQGSV,1,1,03,02,14,149,36,03,41,169,43,07,53,169,40,,,,*41
$GQGSV,1,1,03,02,14,149,36,03,41,169,43,07,53,169,40,,,,*41
$GQGSV,1,1,03,02,14,149,36,03,41,169,43,07,53,169,40,,,,*41
$GQGSV,1,1,03,02,14,149,36,03,41,169,43,07,53,169,40,,,,*41
$GQGSV,1,1,03,02,14,149,36,03,41,169,43,07,53,169,40,,,,*41
$GQGSV,1,1,03,02,14,149,36,03,41,169,43,07,53,169,40,,,,*41
$GQGSV,1,1,03,02,14,149,36,03,41,169,43,07,53,169,40,,,,*41
$GQGSV,1,1,03,02,14,149,36,03,41,169,43,07,53,169,40,,,,*41
$GQGSV,1,1,03,02,14,149,36,03,41,169,43,07,53,169,40,,,,*41
$GQGSV,1,1,03,02,14,149,36,03,41,169,43,07,53,169,40,,,,*41
$GQGSV,1,1,03,02,14,149,36,03,41,169,43,07,53,169,40,,,,*41
$GQGSV,1,1,03,02,14,149,36,03,41,169,43,07,53,169,40,,,,*41
$GQGSV,1,1,03,02,14,149,36,03,41,169,43,07,53,169,40,,,,*41
$GQGSV,1,1,03,02,14,149,36,03,41,169,43,07,53,169,40,,,,*41
$GQGSV,1,1,03,02,14,149,36,03,41,169,43,07,53,169,40,,,,*41
$GQGSV,1,1,03,02,14,149,35,03,41,169,43,07,53,169,40,,,,*42
$GQGSV,1,1,03,02,14,149,35,03,41,169,43,07,53,169,40,,,,*42
$GQGSV,1,1,03,02,14,149,35,03,41,169,43,07,53,169,40,,,,*42
$GQGSV,1,1,03,02,14,149,35,03,41,169,43,07,53,169,40,,,,*42
$GQGSV,1,1,03,02,14,149,35,03,41,169,43,07,53,169,40,,,,*42
$GQGSV,1,1,03,02,14,149,35,03,41,169,43,07,53,169,40,,,,*42
$GQGSV,1,1,03,02,14,149,35,03,41,169,43,07,53,169,40,,,,*42
$GQGSV,1,1,03,02,14,149,35,03,41,169,43,07,53,169,40,,,,*42
$GQGSV,1,1,03,02,14,149,35,03,41,169,43,07,53,169,40,,,,*42
$GQGSV,1,1,03,02,14,149,35,03,41,169,43,07,53,169,40,,,,*42
$GQGSV,1,1,03,02,14,149,35,03,41,169,43,07,53,169,40,,,,*42
$GQGSV,1,1,03,02,14,149,35,03,41,169,43,07,53,169,40,,,,*42
$GQGSV,1,1,03,02,14,149,35,03,41,169,43,07,53,169,40,,,,*42
$GQGSV,1,1,03,02,14,149,35,03,41,169,43,07,53,169,40,,,,*42
$GQGSV,1,1,03,02,14,149,35,03,41,169,43,07,53,169,40,,,,*42
$GQGSV,1,1,03,02,14,149,35,03,41,169,43,07,53,169,40,,,,*42
$GQGSV,1,1,03,02,14,149,35,03,41,169,43,07,53,169,40,,,,*42
$GQGSV,1,1,03,02,14,149,35,03,41,169,43,07,53,169,40,,,,*42
$GQGSV,1,1,03,02,14,149,35,03,41,169,43,07,53,169,40,,,,*42
$GQGSV,1,1,03,02,14,149,35,03,41,169,43,07,53,169,40,,,,*42
$GQGSV,1,1,03,02,14,149,35,03,41,169,43,07,53,169,40,,,,*42
$GQGSV,1,1,03,02,14,149,35,03,41,169,43,07,53,169,40,,,,*42
$GQGSV,1,1,03,02,14,149,35,03,41,169,43,07,53,169,40,,,,*42
$GQGSV,1,1,03,02,14,149,35,03,41,169,43,07,53,169,40,,,,*42
$GQGSV,1,1,03,02,14,149,35,03,41,169,43,07,53,169,40,,,,*42
$GQGSV,1,1,03,02,14,149,35,03,41,169,43,07,53,169,40,,,,*42
$GQGSV,1,1,03,02,14,149,35,03,41,169,43,07,53,169,40,,,,*42
$GQGSV,1,1,03,02,14,149,35,03,41,169,43,07,53,169,40,,,,*42
$GQGSV,1,1,03,02,14,149,35,03,41,169,43,07,53,169,40,,,,*42
$GQGSV,1,1,03,02,14,149,35,03,41,169,43,07,53,169,40,,,,*42
$GQGSV,1,1,03,02,14,149,35,03,41,169,43,07,53,169,40,,,,*42
$GQGSV,1,1,03,02,14,149,35,03,41,169,43,07,53,169,39,,,,*4C
$GQGSV,1,1,03,02,14,149,35,03,41,169,43,07,53,169,39,,,,*4C
$GQGSV,1,1,03,02,14,149,35,03,41,169,43,07,53,169,39,,,,*4C
$GQGSV,1,1,03,02,14,149,35,03,41,169,43,07,53,169,39,,,,*4C
$GQGSV,1,1,03,02,14,149,35,03,41,169,43,07,53,169,39,,,,*4C
$GQGSV,1,1,03,02,14,149,35,03,41,169,43,07,53,169,39,,,,*4C
$GQGSV,1,1,03,02,14,149,35,03,41,169,43,07,53,169,39,,,,*4C
$GQGSV,1,1,03,02,14,149,35,03,41,169,43,07,53,169,39,,,,*4C
$GQGSV,1,1,03,02,14,149,35,03,41,169,43,07,53,169,39,,,,*4C
$GQGSV,1,1,03,02,14,149,35,03,41,169,43,07,53,169,39,,,,*4C
$GQGSV,1,1,03,02,14,149,35,03,41,169,43,07,53,169,39,,,,*4C
$GQGSV,1,1,03,02,14,149,35,03,41,169,43,07,53,169,39,,,,*4C
$GQGSV,1,1,03,02,14,149,35,03,41,169,43,07,53,169,39,,,,*4C
$GQGSV,1,1,03,02,14,149,35,03,41,169,43,07,53,169,39,,,,*4C
$GQGSV,1,1,03,02,14,149,35,03,41,169,43,07,53,169,39,,,,*4C
$GQGSV,1,1,03,02,14,149,35,03,41,169,43,07,53,169,39,,,,*4C
$GQGSV,1,1,03,02,14,149,35,03,41,169,43,07,53,169,39,,,,*4C
$GQGSV,1,1,03,02,14,149,35,03,41,169,43,07,53,169,39,,,,*4C
$GQGSV,1,1,03,02,14,149,35,03,41,169,43,07,53,169,39,,,,*4C
$GQGSV,1,1,03,02,14,149,35,03,41,169,43,07,53,169,39,,,,*4C
$GQGSV,1,1,03,02,14,149,35,03,41,169,43,07,53,169,39,,,,*4C
$GQGSV,1,1,03,02,14,149,35,03,41,169,43,07,53,169,39,,,,*4C
$GQGSV,1,1,03,02,14,149,35,03,41,169,43,07,53,169,39,,,,*4C
$GQGSV,1,1,03,02,14,149,35,03,41,169,43,07,53,169,39,,,,*4C
$GQGSV,1,1,03,02,14,149,35,03,41,169,43,07,53,169,39,,,,*4C
$GQGSV,1,1,03,02,14,149,35,03,41,169,43,07,53,169,39,,,,*4C
$GQGSV,1,1,03,02,14,149,35,03,41,169,43,07,53,169,39,,,,*4C
$GQGSV,1,1,03,02,14,149,35,03,41,169,43,07,53,169,39,,,,*4C
$GQGSV,1,1,03,02,14,149,35,03,41,169,43,07,53,169,39,,,,*4C
$GQGSV,1,1,03,02,14,149,35,03,41,169,43,07,53,169,39,,,,*4C
$GQGSV,1,1,03,02,14,149,35,03,41,169,43,07,53,169,39,,,,*4C
$GQGSV,1,1,03,02,14,149,35,03,41,169,43,07,53,169,39,,,,*4C
$GQGSV,1,1,03,02,14,149,35,03,41,169,43,07,53,169,39,,,,*4C
$GQGSV,1,1,03,02,14,149,35,03,41,169,43,07,53,169,39,,,,*4C
$GQGSV,1,1,03,02,14,149,35,03,41,169,43,07,53,169,39,,,,*4C
$GQGSV,1,1,03,02,14,149,36,03,41,169,43,07,53,169,39,,,,*4F
$GQGSV,1,1,03,02,14,149,36,03,41,169,43,07,53,169,39,,,,*4F
$GQGSV,1,1,03,02,14,149,36,03,41,169,43,07,53,169,39,,,,*4F
$GQGSV,1,1,03,02,14,149,36,03,41,169,43,07,53,169,39,,,,*4F
$GQGSV,1,1,03,02,14,149,36,03,41,169,43,07,53,169,39,,,,*4F
$GQGSV,1,1,03,02,14,149,36,03,41,169,43,07,53,169,39,,,,*4F
$GQGSV,1,1,03,02,14,149,36,03,41,169,43,07,53,169,39,,,,*4F
$GQGSV,1,1,03,02,14,149,36,03,41,169,43,07,53,169,39,,,,*4F
$GQGSV,1,1,03,02,14,149,36,03,41,169,43,07,53,169,39,,,,*4F
$GQGSV,1,1,03,02,14,149,36,03,41,169,43,07,53,169,39,,,,*4F
$GQGSV,1,1,03,02,14,149,36,03,41,169,43,07,53,169,39,,,,*4F
$GQGSV,1,1,03,02,14,149,36,03,41,169,43,07,53,169,39,,,,*4F
$GQGSV,1,1,03,02,14,149,36,03,41,169,43,07,53,169,39,,,,*4F
$GQGSV,1,1,03,02,14,149,36,03,41,169,43,07,53,169,39,,,,*4F
$GQGSV,1,1,03,02,14,149,36,03,41,169,43,07,53,169,39,,,,*4F
$GQGSV,1,1,03,02,14,149,36,03,41,169,43,07,53,169,39,,,,*4F
$GQGSV,1,1,03,02,14,149,36,03,41,169,43,07,53,169,39,,,,*4F
$GQGSV,1,1,03,02,14,149,36,03,41,169,43,07,53,169,39,,,,*4F
$GQGSV,1,1,03,02,14,149,36,03,41,169,43,07,53,169,39,,,,*4F
$GQGSV,1,1,03,02,14,149,36,03,41,169,43,07,53,169,39,,,,*4F
$GQGSV,1,1,03,02,14,149,36,03,41,169,43,07,53,169,39,,,,*4F
$GQGSV,1,1,03,02,14,149,36,03,41,169,43,07,53,169,39,,,,*4F
$GQGSV,1,1,03,02,14,149,36,03,41,169,43,07,53,169,39,,,,*4F
$GQGSV,1,1,03,02,14,149,35,03,41,169,43,07,53,169,39,,,,*4C
$GQGSV,1,1,03,02,14,149,35,03,41,169,43,07,53,169,39,,,,*4C
$GQGSV,1,1,03,02,14,149,36,03,41,169,43,07,53,169,39,,,,*4F
$GQGSV,1,1,03,02,14,149,36,03,41,169,43,07,53,169,39,,,,*4F
$GQGSV,1,1,03,02,14,149,36,03,41,169,43,07,53,169,39,,,,*4F
$GQGSV,1,1,03,02,14,149,36,03,41,169,43,07,53,169,39,,,,*4F
$GQGSV,1,1,03,02,14,149,36,03,41,169,43,07,53,169,39,,,,*4F
$GQGSV,1,1,03,02,14,149,36,03,41,169,43,07,53,169,39,,,,*4F
$GQGSV,1,1,03,02,14,149,36,03,41,169,43,07,53,169,39,,,,*4F
$GQGSV,1,1,03,02,14,149,37,03,41,169,43,07,53,169,39,,,,*4E
$GQGSV,1,1,03,02,14,149,37,03,41,169,43,07,53,169,39,,,,*4E
$GQGSV,1,1,03,02,14,149,37,03,41,169,43,07,53,169,39,,,,*4E
$GQGSV,1,1,03,02,14,149,37,03,41,169,43,07,53,169,39,,,,*4E
$GQGSV,1,1,03,02,14,149,36,03,41,169,43,07,53,169,39,,,,*4F
$GQGSV,1,1,03,02,14,149,36,03,41,169,43,07,53,169,39,,,,*4F
$GQGSV,1,1,03,02,14,149,36,03,41,169,43,07,53,169,39,,,,*4F
$GQGSV,1,1,03,02,14,149,36,03,41,169,43,07,53,169,39,,,,*4F
$GQGSV,1,1,03,02,14,149,36,03,41,169,43,07,53,169,39,,,,*4F
$GQGSV,1,1,03,02,14,149,36,03,41,169,43,07,53,169,39,,,,*4F
$GQGSV,1,1,03,02,14,149,36,03,41,169,43,07,53,169,39,,,,*4F
$GQGSV,1,1,03,02,14,149,36,03,41,169,43,07,53,169,39,,,,*4F
$GQGSV,1,1,03,02,14,149,36,03,41,169,43,07,53,169,39,,,,*4F
$GQGSV,1,1,03,02,14,149,36,03,41,169,43,07,53,169,39,,,,*4F
$GQGSV,1,1,03,02,14,149,36,03,41,169,43,07,53,169,39,,,,*4F
$GQGSV,1,1,03,02,14,149,36,03,41,169,43,07,53,169,39,,,,*4F
$GQGSV,1,1,03,02,14,149,36,03,41,169,43,07,53,169,39,,,,*4F
$GQGSV,1,1,03,02,14,149,36,03,41,169,43,07,53,169,39,,,,*4F
$GQGSV,1,1,03,02,14,149,36,03,41,169,43,07,53,169,39,,,,*4F
$GQGSV,1,1,03,02,14,149,36,03,41,169,43,07,53,169,39,,,,*4F
$GQGSV,1,1,03,02,14,149,36,03,41,169,43,07,53,169,39,,,,*4F
$GQGSV,1,1,03,02,14,149,36,03,41,169,43,07,53,169,39,,,,*4F
$GQGSV,1,1,03,02,14,149,36,03,41,169,43,07,53,169,39,,,,*4F
$GQGSV,1,1,03,02,14,149,36,03,41,169,43,07,53,169,39,,,,*4F
$GQGSV,1,1,03,02,14,149,36,03,41,169,43,07,53,169,39,,,,*4F
$GQGSV,1,1,03,02,14,149,36,03,41,169,43,07,53,169,39,,,,*4F
$GQGSV,1,1,03,02,14,149,36,03,41,169,43,07,53,169,39,,,,*4F
$GQGSV,1,1,03,02,14,149,36,03,41,169,43,07,53,169,39,,,,*4F
$GQGSV,1,1,03,02,14,149,36,03,41,169,43,07,53,169,39,,,,*4F
$GQGSV,1,1,03,02,14,149,36,03,41,169,43,07,53,169,39,,,,*4F
$GQGSV,1,1,03,02,14,149,36,03,41,169,43,07,53,169,39,,,,*4F
$GQGSV,1,1,03,02,14,149,36,03,41,169,43,07,53,169,39,,,,*4F
$GQGSV,1,1,03,02,14,149,36,03,41,169,43,07,53,169,39,,,,*4F
$GQGSV,1,1,03,02,14,149,36,03,41,169,43,07,53,169,39,,,,*4F
$GQGSV,1,1,03,02,14,149,36,03,41,169,43,07,53,169,39,,,,*4F
$GQGSV,1,1,03,02,14,149,36,03,41,169,43,07,53,169,39,,,,*4F
$GQGSV,1,1,03,02,14,149,36,03,41,169,43,07,53,169,39,,,,*4F
$GQGSV,1,1,03,02,14,149,36,03,41,169,43,07,53,169,39,,,,*4F
$GQGSV,1,1,03,02,14,149,36,03,41,169,43,07,53,169,39,,,,*4F
$GQGSV,1,1,03,02,14,149,36,03,41,169,43,07,53,169,39,,,,*4F
$GQGSV,1,1,03,02,14,149,35,03,41,169,44,07,53,169,39,,,,*4B
$GQGSV,1,1,03,02,14,149,35,03,41,169,44,07,53,169,39,,,,*4B
$GQGSV,1,1,03,02,14,149,34,03,41,169,44,07,53,169,39,,,,*4A
$GQGSV,1,1,03,02,14,149,34,03,41,169,44,07,53,169,39,,,,*4A
$GQGSV,1,1,03,02,14,149,34,03,41,169,44,07,53,169,39,,,,*4A
$GQGSV,1,1,03,02,14,149,35,03,41,169,44,07,53,169,39,,,,*4B
$GQGSV,1,1,03,02,14,149,35,03,41,169,44,07,53,169,39,,,,*4B
$GQGSV,1,1,03,02,14,149,35,03,41,169,44,07,53,169,39,,,,*4B
$GQGSV,1,1,03,02,14,149,35,03,41,169,44,07,53,169,39,,,,*4B
$GQGSV,1,1,03,02,14,149,35,03,41,169,44,07,53,169,39,,,,*4B
$GQGSV,1,1,03,02,14,149,34,03,41,169,44,07,53,169,39,,,,*4A
$GQGSV,1,1,03,02,14,149,34,03,41,169,44,07,53,169,39,,,,*4A
$GQGSV,1,1,03,02,14,149,34,03,41,169,44,07,53,169,39,,,,*4A
$GQGSV,1,1,03,02,14,149,34,03,41,169,44,07,53,169,39,,,,*4A
$GQGSV,1,1,03,02,14,149,34,03,41,169,44,07,53,169,39,,,,*4A
$GQGSV,1,1,03,02,14,149,34,03,41,169,44,07,53,169,39,,,,*4A
$GQGSV,1,1,03,02,14,149,34,03,41,169,44,07,53,169,39,,,,*4A
$GQGSV,1,1,03,02,14,149,34,03,41,169,44,07,53,169,39,,,,*4A
$GQGSV,1,1,03,02,14,149,34,03,41,169,44,07,53,169,39,,,,*4A
$GQGSV,1,1,03,02,14,149,34,03,41,169,44,07,53,169,39,,,,*4A
$GQGSV,1,1,03,02,14,149,34,03,41,169,44,07,53,169,39,,,,*4A
$GQGSV,1,1,03,02,14,149,34,03,41,169,44,07,53,169,39,,,,*4A
$GQGSV,1,1,03,02,14,149,34,03,41,169,44,07,53,169,39,,,,*4A
$GQGSV,1,1,03,02,14,149,34,03,41,169,44,07,53,169,39,,,,*4A
$GQGSV,1,1,03,02,14,149,34,03,41,169,44,07,53,169,39,,,,*4A
$GQGSV,1,1,03,02,14,149,34,03,41,169,44,07,53,169,39,,,,*4A
$GQGSV,1,1,03,02,14,149,34,03,41,169,44,07,53,169,39,,,,*4A
$GQGSV,1,1,03,02,14,149,34,03,41,169,44,07,53,169,39,,,,*4A
$GQGSV,1,1,03,02,14,149,34,03,41,169,44,07,53,169,39,,,,*4A
$GQGSV,1,1,03,02,14,149,34,03,41,169,44,07,53,169,39,,,,*4A
$GQGSV,1,1,03,02,14,149,34,03,41,169,44,07,53,169,39,,,,*4A
$GQGSV,1,1,03,02,14,149,34,03,41,169,44,07,53,169,39,,,,*4A
$GQGSV,1,1,03,02,14,149,34,03,41,169,44,07,53,169,39,,,,*4A
$GQGSV,1,1,03,02,14,149,34,03,41,169,44,07,53,169,39,,,,*4A
$GQGSV,1,1,03,02,14,149,34,03,41,169,44,07,53,169,39,,,,*4A
$GQGSV,1,1,03,02,14,149,34,03,41,169,44,07,53,169,39,,,,*4A
$GQGSV,1,1,03,02,14,149,34,03,41,169,44,07,53,169,39,,,,*4A
$GQGSV,1,1,03,02,14,149,34,03,41,169,44,07,53,169,39,,,,*4A
$GQGSV,1,1,03,02,14,149,34,03,41,169,44,07,53,169,39,,,,*4A
$GQGSV,1,1,03,02,14,149,34,03,41,169,44,07,53,169,39,,,,*4A
$GQGSV,1,1,03,02,14,149,34,03,41,169,44,07,53,169,39,,,,*4A
$GQGSV,1,1,03,02,14,149,34,03,41,169,44,07,53,169,39,,,,*4A
$GQGSV,1,1,03,02,14,149,34,03,41,169,44,07,53,169,39,,,,*4A
$GQGSV,1,1,03,02,14,149,34,03,41,169,44,07,53,169,39,,,,*4A
$GQGSV,1,1,03,02,14,149,34,03,41,169,44,07,53,169,39,,,,*4A
$GQGSV,1,1,03,02,14,149,34,03,41,169,44,07,53,169,39,,,,*4A
$GQGSV,1,1,03,02,14,149,34,03,41,169,44,07,53,169,39,,,,*4A
$GQGSV,1,1,03,02,14,149,34,03,41,169,44,07,53,169,39,,,,*4A
$GQGSV,1,1,03,02,14,149,34,03,41,169,44,07,53,169,39,,,,*4A
$GQGSV,1,1,03,02,14,149,34,03,41,169,44,07,53,169,39,,,,*4A
$GQGSV,1,1,03,02,14,149,34,03,41,169,45,07,53,169,39,,,,*4B
$GQGSV,1,1,03,02,14,149,34,03,41,169,45,07,53,169,39,,,,*4B
$GQGSV,1,1,03,02,14,149,34,03,41,169,45,07,53,169,39,,,,*4B
$GQGSV,1,1,03,02,14,149,34,03,41,169,45,07,53,169,39,,,,*4B
$GQGSV,1,1,03,02,14,149,34,03,41,169,45,07,53,169,39,,,,*4B
$GQGSV,1,1,03,02,14,149,34,03,41,169,44,07,53,169,39,,,,*4A
$GQGSV,1,1,03,02,14,149,34,03,41,169,44,07,53,169,39,,,,*4A
$GQGSV,1,1,03,02,14,149,34,03,41,169,44,07,53,169,39,,,,*4A
$GQGSV,1,1,03,02,14,149,34,03,41,169,44,07,53,169,39,,,,*4A
$GQGSV,1,1,03,02,14,149,34,03,41,169,44,07,53,169,39,,,,*4A
$GQGSV,1,1,03,02,14,149,34,03,41,169,44,07,53,169,39,,,,*4A
$GQGSV,1,1,03,02,14,149,34,03,41,169,44,07,53,169,39,,,,*4A
$GQGSV,1,1,03,02,14,149,34,03,41,169,44,07,53,169,39,,,,*4A
$GQGSV,1,1,03,02,14,149,34,03,41,169,44,07,53,169,39,,,,*4A
$GQGSV,1,1,03,02,14,149,34,03,41,169,44,07,53,169,39,,,,*4A
$GQGSV,1,1,03,02,14,149,34,03,41,169,44,07,53,169,39,,,,*4A
$GQGSV,1,1,03,02,14,149,34,03,41,169,44,07,53,169,39,,,,*4A
$GQGSV,1,1,03,02,14,149,34,03,41,169,44,07,53,169,39,,,,*4A
$GQGSV,1,1,03,02,14,149,34,03,41,169,44,07,53,169,39,,,,*4A
$GQGSV,1,1,03,02,14,149,34,03,41,169,44,07,53,169,39,,,,*4A
$GQGSV,1,1,03,02,14,149,34,03,41,169,44,07,53,169,39,,,,*4A
$GQGSV,1,1,03,02,14,149,34,03,41,169,44,07,53,169,39,,,,*4A
$GQGSV,1,1,03,02,14,149,34,03,41,169,44,07,53,169,39,,,,*4A
$GQGSV,1,1,03,02,14,149,34,03,41,169,44,07,53,169,39,,,,*4A
$GQGSV,1,1,03,02,14,149,34,03,41,169,44,07,53,169,39,,,,*4A
$GQGSV,1,1,03,02,14,149,34,03,41,169,44,07,53,169,39,,,,*4A
$GQGSV,1,1,03,02,14,149,34,03,41,169,44,07,53,169,39,,,,*4A
$GQGSV,1,1,03,02,14,149,34,03,41,169,44,07,53,169,39,,,,*4A
$GQGSV,1,1,03,02,14,149,34,03,41,169,44,07,53,169,39,,,,*4A
$GQGSV,1,1,03,02,14,149,34,03,41,169,44,07,53,169,39,,,,*4A
$GQGSV,1,1,03,02,14,149,34,03,41,169,44,07,53,169,39,,,,*4A
$GQGSV,1,1,03,02,14,149,34,03,41,169,44,07,53,169,39,,,,*4A
$GQGSV,1,1,03,02,14,149,34,03,41,169,44,07,53,169,39,,,,*4A
$GQGSV,1,1,03,02,14,149,34,03,41,169,44,07,53,169,39,,,,*4A
$GQGSV,1,1,03,02,14,149,34,03,41,169,44,07,53,169,39,,,,*4A
$GQGSV,1,1,03,02,14,149,34,03,41,169,44,07,53,169,39,,,,*4A
$GQGSV,1,1,03,02,14,149,34,03,41,169,44,07,53,169,39,,,,*4A
$GQGSV,1,1,03,02,14,149,34,03,41,169,44,07,53,169,39,,,,*4A
$GQGSV,1,1,03,02,14,149,34,03,41,169,44,07,53,169,39,,,,*4A
$GQGSV,1,1,03,02,14,149,34,03,41,169,44,07,53,169,39,,,,*4A
$GQGSV,1,1,03,02,14,149,34,03,41,169,44,07,53,169,39,,,,*4A
$GQGSV,1,1,03,02,14,149,34,03,41,169,44,07,53,169,39,,,,*4A
$GQGSV,1,1,03,02,14,149,34,03,41,169,44,07,53,169,39,,,,*4A
$GQGSV,1,1,03,02,14,149,34,03,41,169,44,07,53,169,39,,,,*4A
$GQGSV,1,1,03,02,14,149,34,03,41,169,44,07,53,169,39,,,,*4A
$GQGSV,1,1,03,02,14,149,34,03,41,169,44,07,53,169,39,,,,*4A
$GQGSV,1,1,03,02,14,149,34,03,41,169,44,07,53,169,39,,,,*4A
$GQGSV,1,1,03,02,14,149,34,03,41,169,44,07,53,169,39,,,,*4A
$GQGSV,1,1,03,02,14,149,34,03,41,169,44,07,53,169,39,,,,*4A
$GQGSV,1,1,03,02,14,149,34,03,41,169,44,07,53,169,39,,,,*4A
$GQGSV,1,1,03,02,14,149,34,03,41,169,44,07,53,169,39,,,,*4A
$GQGSV,1,1,03,02,14,149,34,03,41,169,44,07,53,169,39,,,,*4A
$GQGSV,1,1,03,02,14,149,34,03,41,169,44,07,53,169,39,,,,*4A
$GQGSV,1,1,03,02,14,149,34,03,41,169,44,07,53,169,39,,,,*4A
$GQGSV,1,1,03,02,14,149,34,03,41,169,44,07,53,169,39,,,,*4A
$GQGSV,1,1,03,02,14,149,34,03,41,169,44,07,53,169,39,,,,*4A
$GQGSV,1,1,03,02,14,149,34,03,41,169,44,07,53,169,39,,,,*4A
$GQGSV,1,1,03,02,14,149,34,03,41,169,44,07,53,169,39,,,,*4A
$GQGSV,1,1,03,02,14,149,34,03,41,169,44,07,53,169,39,,,,*4A
$GQGSV,1,1,03,02,14,149,34,03,41,169,44,07,53,169,39,,,,*4A
$GQGSV,1,1,03,02,14,149,34,03,41,169,44,07,53,169,39,,,,*4A
$GQGSV,1,1,03,02,14,149,34,03,41,169,44,07,53,169,39,,,,*4A
$GQGSV,1,1,03,02,14,149,34,03,41,169,44,07,53,169,39,,,,*4A
$GQGSV,1,1,03,02,14,149,34,03,41,169,44,07,53,169,39,,,,*4A
$GQGSV,1,1,03,02,14,149,34,03,41,169,44,07,53,169,39,,,,*4A
$GQGSV,1,1,03,02,14,149,34,03,41,169,44,07,53,169,39,,,,*4A
$GQGSV,1,1,03,02,14,149,34,03,41,169,44,07,53,169,39,,,,*4A
$GQGSV,1,1,03,02,14,149,34,03,41,169,44,07,53,169,39,,,,*4A
$GQGSV,1,1,03,02,14,149,34,03,41,169,44,07,53,169,39,,,,*4A
$GQGSV,1,1,03,02,14,149,34,03,41,169,44,07,53,169,39,,,,*4A
$GQGSV,1,1,03,02,14,149,34,03,41,169,44,07,53,169,39,,,,*4A
$GQGSV,1,1,03,02,14,149,34,03,41,169,44,07,53,169,39,,,,*4A
$GQGSV,1,1,03,02,14,149,34,03,41,169,44,07,53,169,39,,,,*4A
$GQGSV,1,1,03,02,14,149,34,03,41,169,44,07,53,169,39,,,,*4A
$GQGSV,1,1,03,02,14,149,34,03,41,169,44,07,53,169,39,,,,*4A
$GQGSV,1,1,03,02,14,149,34,03,41,169,44,07,53,169,39,,,,*4A
$GQGSV,1,1,03,02,14,149,34,03,41,169,44,07,53,169,39,,,,*4A
$GQGSV,1,1,03,02,14,149,34,03,41,169,44,07,53,169,39,,,,*4A
$GQGSV,1,1,03,02,14,149,34,03,41,169,44,07,53,169,39,,,,*4A
$GQGSV,1,1,03,02,14,149,34,03,41,169,44,07,53,169,39,,,,*4A
$GQGSV,1,1,03,02,14,149,34,03,41,169,44,07,53,169,39,,,,*4A
$GQGSV,1,1,03,02,14,149,34,03,41,169,44,07,53,169,39,,,,*4A
$GQGSV,1,1,03,02,14,149,34,03,41,169,44,07,53,169,39,,,,*4A
$GQGSV,1,1,03,02,14,149,34,03,41,169,44,07,53,169,39,,,,*4A
$GQGSV,1,1,03,02,14,149,34,03,41,169,44,07,53,169,39,,,,*4A
$GQGSV,1,1,03,02,14,149,34,03,41,169,44,07,53,169,39,,,,*4A
$GQGSV,1,1,03,02,14,149,34,03,41,169,44,07,53,169,39,,,,*4A
$GQGSV,1,1,03,02,14,149,34,03,41,169,44,07,53,169,39,,,,*4A
$GQGSV,1,1,03,02,14,149,34,03,41,169,44,07,53,169,39,,,,*4A
$GQGSV,1,1,03,02,14,149,34,03,41,169,44,07,53,169,39,,,,*4A
$GQGSV,1,1,03,02,14,149,34,03,41,169,44,07,53,169,39,,,,*4A
$GQGSV,1,1,03,02,14,149,34,03,41,169,44,07,53,169,39,,,,*4A
$GQGSV,1,1,03,02,14,149,34,03,41,169,44,07,53,169,39,,,,*4A
$GQGSV,1,1,03,02,14,149,35,03,41,169,44,07,53,169,39,,,,*4B
$GQGSV,1,1,03,02,14,149,35,03,41,169,44,07,53,169,39,,,,*4B
$GQGSV,1,1,03,02,14,149,35,03,41,169,44,07,53,169,39,,,,*4B
$GQGSV,1,1,03,02,14,149,35,03,41,169,44,07,53,169,39,,,,*4B
$GQGSV,1,1,03,02,14,149,35,03,41,169,44,07,53,169,39,,,,*4B
$GQGSV,1,1,03,02,14,149,35,03,41,169,44,07,53,169,39,,,,*4B
$GQGSV,1,1,03,02,14,149,35,03,41,169,44,07,53,169,39,,,,*4B
$GQGSV,1,1,03,02,14,149,35,03,41,169,44,07,53,169,39,,,,*4B
$GQGSV,1,1,03,02,14,149,34,03,41,169,44,07,53,169,39,,,,*4A
$GQGSV,1,1,03,02,14,149,34,03,41,169,44,07,53,169,39,,,,*4A
$GQGSV,1,1,03,02,14,149,34,03,41,169,44,07,53,169,39,,,,*4A
$GQGSV,1,1,03,02,14,149,34,03,41,169,44,07,53,169,39,,,,*4A
$GQGSV,1,1,03,02,14,149,34,03,41,169,44,07,53,169,39,,,,*4A
$GQGSV,1,1,03,02,14,149,34,03,41,169,44,07,53,169,39,,,,*4A
$GQGSV,1,1,03,02,14,149,34,03,41,169,44,07,53,169,39,,,,*4A
$GQGSV,1,1,03,02,14,149,34,03,41,169,44,07,53,169,39,,,,*4A
$GQGSV,1,1,03,02,14,149,34,03,41,169,44,07,53,169,39,,,,*4A
$GQGSV,1,1,03,02,14,149,34,03,41,169,44,07,53,169,39,,,,*4A
$GQGSV,1,1,03,02,14,149,34,03,41,169,44,07,53,169,39,,,,*4A
$GQGSV,1,1,03,02,14,149,34,03,41,169,44,07,53,169,39,,,,*4A
$GQGSV,1,1,03,02,14,149,34,03,41,169,44,07,53,169,38,,,,*4B
$GQGSV,1,1,03,02,14,149,34,03,41,169,44,07,53,169,38,,,,*4B
$GQGSV,1,1,03,02,14,149,34,03,41,169,44,07,53,169,38,,,,*4B
$GQGSV,1,1,03,02,14,149,34,03,41,169,44,07,53,169,38,,,,*4B
$GQGSV,1,1,03,02,14,149,35,03,41,169,44,07,53,169,38,,,,*4A
$GQGSV,1,1,03,02,14,149,35,03,41,169,44,07,53,169,38,,,,*4A
$GQGSV,1,1,03,02,14,149,35,03,41,169,44,07,53,169,38,,,,*4A
$GQGSV,1,1,03,02,14,149,35,03,41,169,44,07,53,169,38,,,,*4A
$GQGSV,1,1,03,02,14,149,35,03,41,169,44,07,53,169,38,,,,*4A
$GQGSV,1,1,03,02,14,149,35,03,41,169,44,07,53,169,38,,,,*4A
$GQGSV,1,1,03,02,14,149,35,03,41,169,44,07,53,169,38,,,,*4A
$GQGSV,1,1,03,02,14,149,35,03,41,169,44,07,53,169,38,,,,*4A
$GQGSV,1,1,03,02,14,149,35,03,41,169,44,07,53,169,38,,,,*4A
$GQGSV,1,1,03,02,14,149,35,03,41,169,44,07,53,169,38,,,,*4A
$GQGSV,1,1,03,02,14,149,35,03,41,169,44,07,53,169,38,,,,*4A
$GQGSV,1,1,03,02,14,149,35,03,41,169,44,07,53,169,38,,,,*4A
$GQGSV,1,1,03,02,14,149,35,03,41,169,44,07,53,169,38,,,,*4A
$GQGSV,1,1,03,02,14,149,35,03,41,169,44,07,53,169,38,,,,*4A
$GQGSV,1,1,03,02,14,149,35,03,41,169,44,07,53,169,38,,,,*4A
$GQGSV,1,1,03,02,14,149,35,03,41,169,44,07,53,169,38,,,,*4A
$GQGSV,1,1,03,02,14,149,35,03,41,169,44,07,53,169,38,,,,*4A
$GQGSV,1,1,03,02,14,149,35,03,41,169,44,07,53,169,38,,,,*4A
$GQGSV,1,1,03,02,14,149,35,03,41,169,44,07,53,169,38,,,,*4A
$GQGSV,1,1,03,02,14,149,35,03,41,169,44,07,53,169,38,,,,*4A
$GQGSV,1,1,03,02,14,149,35,03,41,169,44,07,53,169,38,,,,*4A
$GQGSV,1,1,03,02,14,149,35,03,41,169,44,07,53,169,38,,,,*4A
$GQGSV,1,1,03,02,14,149,35,03,41,169,44,07,53,169,38,,,,*4A
$GQGSV,1,1,03,02,14,149,35,03,41,169,44,07,53,169,38,,,,*4A
$GQGSV,1,1,03,02,14,149,35,03,41,169,44,07,53,169,38,,,,*4A
$GQGSV,1,1,03,02,14,149,35,03,41,169,44,07,53,169,38,,,,*4A
$GQGSV,1,1,03,02,14,149,35,03,41,169,44,07,53,169,38,,,,*4A
$GQGSV,1,1,03,02,14,149,35,03,41,169,44,07,53,169,38,,,,*4A
$GQGSV,1,1,03,02,14,149,35,03,41,169,44,07,53,169,38,,,,*4A
$GQGSV,1,1,03,02,14,149,35,03,41,169,44,07,53,169,38,,,,*4A
$GQGSV,1,1,03,02,14,149,35,03,41,169,44,07,53,169,38,,,,*4A
$GQGSV,1,1,03,02,14,149,35,03,41,169,44,07,53,169,38,,,,*4A
$GQGSV,1,1,03,02,14,149,35,03,41,169,44,07,53,169,38,,,,*4A
$GQGSV,1,1,03,02,14,149,35,03,41,169,44,07,53,169,38,,,,*4A
$GQGSV,1,1,03,02,14,149,35,03,41,169,44,07,53,169,38,,,,*4A
$GQGSV,1,1,03,02,14,149,35,03,41,169,44,07,53,169,38,,,,*4A
$GQGSV,1,1,03,02,14,149,35,03,41,169,44,07,53,169,38,,,,*4A
$GQGSV,1,1,03,02,14,149,35,03,41,169,44,07,53,169,38,,,,*4A
$GQGSV,1,1,03,02,14,149,35,03,41,169,44,07,53,169,38,,,,*4A
$GQGSV,1,1,03,02,14,149,35,03,41,169,44,07,53,169,38,,,,*4A
$GQGSV,1,1,03,02,14,149,35,03,41,169,44,07,53,169,38,,,,*4A
$GQGSV,1,1,03,02,14,149,35,03,41,169,44,07,53,169,38,,,,*4A
$GQGSV,1,1,03,02,14,149,35,03,41,169,44,07,53,169,38,,,,*4A
$GQGSV,1,1,03,02,14,149,35,03,41,169,44,07,53,169,38,,,,*4A
$GQGSV,1,1,03,02,14,149,35,03,41,169,44,07,53,169,38,,,,*4A
$GQGSV,1,1,03,02,14,149,35,03,41,169,44,07,53,169,38,,,,*4A
$GQGSV,1,1,03,02,14,149,35,03,41,169,44,07,53,169,38,,,,*4A
$GQGSV,1,1,03,02,14,149,35,03,41,169,44,07,53,169,38,,,,*4A
$GQGSV,1,1,03,02,14,149,35,03,41,169,44,07,53,169,38,,,,*4A
$GQGSV,1,1,03,02,14,149,35,03,41,169,44,07,53,169,38,,,,*4A
$GQGSV,1,1,03,02,14,149,35,03,41,169,44,07,53,169,38,,,,*4A
$GQGSV,1,1,03,02,14,149,35,03,41,169,44,07,53,169,38,,,,*4A
$GQGSV,1,1,03,02,14,149,35,03,41,169,44,07,53,169,38,,,,*4A
$GQGSV,1,1,03,02,14,149,35,03,41,169,44,07,53,169,38,,,,*4A
$GQGSV,1,1,03,02,14,149,35,03,41,169,44,07,53,169,38,,,,*4A
$GQGSV,1,1,03,02,14,149,35,03,41,169,44,07,53,169,38,,,,*4A
$GQGSV,1,1,03,02,14,149,35,03,41,169,44,07,53,169,38,,,,*4A
$GQGSV,1,1,03,02,14,149,35,03,41,169,44,07,53,169,38,,,,*4A
$GQGSV,1,1,03,02,14,149,35,03,41,169,44,07,53,169,38,,,,*4A
$GQGSV,1,1,03,02,14,149,35,03,41,169,44,07,53,169,38,,,,*4A
$GQGSV,1,1,03,02,14,149,35,03,41,169,44,07,53,169,38,,,,*4A
$GQGSV,1,1,03,02,14,149,35,03,41,169,44,07,53,169,38,,,,*4A
$GQGSV,1,1,03,02,14,149,35,03,41,169,44,07,53,169,38,,,,*4A
$GQGSV,1,1,03,02,14,149,35,03,41,169,44,07,53,169,38,,,,*4A
$GQGSV,1,1,03,02,14,149,35,03,41,169,44,07,53,169,38,,,,*4A
$GQGSV,1,1,03,02,14,149,35,03,41,169,44,07,53,169,38,,,,*4A
$GQGSV,1,1,03,02,14,149,35,03,41,169,44,07,53,169,38,,,,*4A
$GQGSV,1,1,03,02,14,149,35,03,41,169,44,07,53,169,38,,,,*4A
$GQGSV,1,1,03,02,14,149,35,03,41,169,44,07,53,169,38,,,,*4A
$GQGSV,1,1,03,02,14,149,35,03,41,169,44,07,53,169,38,,,,*4A
$GQGSV,1,1,03,02,14,149,35,03,41,169,44,07,53,169,38,,,,*4A
$GQGSV,1,1,03,02,14,149,35,03,41,169,44,07,53,169,38,,,,*4A
$GQGSV,1,1,03,02,14,149,35,03,41,169,44,07,53,169,38,,,,*4A
$GQGSV,1,1,03,02,14,149,35,03,41,169,44,07,53,169,38,,,,*4A
$GQGSV,1,1,03,02,14,149,35,03,41,169,44,07,53,169,38,,,,*4A
$GQGSV,1,1,03,02,14,149,35,03,41,169,44,07,53,169,38,,,,*4A
$GQGSV,1,1,03,02,14,149,35,03,41,169,44,07,53,169,38,,,,*4A
$GQGSV,1,1,03,02,14,149,35,03,41,169,44,07,53,169,38,,,,*4A
$GQGSV,1,1,03,02,14,149,35,03,41,169,44,07,53,169,38,,,,*4A
$GQGSV,1,1,03,02,14,149,35,03,41,169,44,07,53,169,38,,,,*4A
$GQGSV,1,1,03,02,14,149,35,03,41,169,44,07,53,169,38,,,,*4A
$GQGSV,1,1,03,02,14,149,35,03,41,169,44,07,53,169,38,,,,*4A
$GQGSV,1,1,03,02,14,149,35,03,41,169,44,07,53,169,38,,,,*4A
$GQGSV,1,1,03,02,14,149,35,03,41,169,44,07,53,169,38,,,,*4A
$GQGSV,1,1,03,02,14,149,35,03,41,169,44,07,53,169,38,,,,*4A
$GQGSV,1,1,03,02,14,149,35,03,41,169,44,07,53,169,38,,,,*4A
$GQGSV,1,1,03,02,14,149,35,03,41,169,44,07,53,169,38,,,,*4A
$GQGSV,1,1,03,02,14,149,35,03,41,169,44,07,53,169,38,,,,*4A
$GQGSV,1,1,03,02,14,149,35,03,41,169,44,07,53,169,38,,,,*4A
$GQGSV,1,1,03,02,14,149,35,03,41,169,44,07,53,169,38,,,,*4A
$GQGSV,1,1,03,02,14,149,35,03,41,169,44,07,53,169,38,,,,*4A
$GQGSV,1,1,03,02,14,149,35,03,41,169,44,07,53,169,38,,,,*4A
$GQGSV,1,1,03,02,14,149,35,03,41,169,44,07,53,169,38,,,,*4A
$GQGSV,1,1,03,02,14,149,35,03,41,169,44,07,53,169,38,,,,*4A
$GQGSV,1,1,03,02,14,149,35,03,41,169,44,07,53,169,38,,,,*4A
$GQGSV,1,1,03,02,14,149,35,03,41,169,44,07,53,169,38,,,,*4A
$GQGSV,1,1,03,02,14,149,35,03,41,169,44,07,53,169,38,,,,*4A
$GQGSV,1,1,03,02,14,149,35,03,41,169,44,07,53,169,38,,,,*4A
$GQGSV,1,1,03,02,14,149,35,03,41,169,44,07,53,169,38,,,,*4A
$GQGSV,1,1,03,02,14,149,35,03,41,169,44,07,53,169,38,,,,*4A
$GQGSV,1,1,03,02,14,149,35,03,41,169,44,07,53,169,38,,,,*4A
$GQGSV,1,1,03,02,14,149,35,03,41,169,44,07,53,169,38,,,,*4A
$GQGSV,1,1,03,02,14,149,35,03,41,169,44,07,53,169,38,,,,*4A
$GQGSV,1,1,03,02,14,149,35,03,41,169,44,07,53,169,38,,,,*4A
$GQGSV,1,1,03,02,14,149,35,03,41,169,44,07,53,169,38,,,,*4A
$GQGSV,1,1,03,02,14,149,35,03,41,169,44,07,53,169,38,,,,*4A
$GQGSV,1,1,03,02,14,149,35,03,41,169,44,07,53,169,38,,,,*4A
$GQGSV,1,1,03,02,14,149,35,03,41,169,44,07,53,169,38,,,,*4A
$GQGSV,1,1,03,02,14,149,35,03,41,169,44,07,53,169,38,,,,*4A
$GQGSV,1,1,03,02,14,149,35,03,41,169,44,07,53,169,38,,,,*4A
$GQGSV,1,1,03,02,14,149,35,03,41,169,44,07,53,169,38,,,,*4A
$GQGSV,1,1,03,02,14,149,35,03,41,169,44,07,53,169,38,,,,*4A
$GQGSV,1,1,03,02,14,149,35,03,41,169,44,07,53,169,38,,,,*4A
$GQGSV,1,1,03,02,14,149,35,03,41,169,44,07,53,169,38,,,,*4A
$GQGSV,1,1,03,02,14,149,35,03,41,169,44,07,53,169,38,,,,*4A
$GQGSV,1,1,03,02,14,149,35,03,41,169,44,07,53,169,38,,,,*4A
$GQGSV,1,1,03,02,14,149,35,03,41,169,44,07,53,169,38,,,,*4A
$GQGSV,1,1,03,02,14,149,35,03,41,169,44,07,53,169,38,,,,*4A
$GQGSV,1,1,03,02,14,149,35,03,41,169,44,07,53,169,38,,,,*4A
$GQGSV,1,1,03,02,14,149,35,03,41,169,44,07,53,169,38,,,,*4A
$GQGSV,1,1,03,02,14,149,35,03,41,169,44,07,53,169,38,,,,*4A
$GQGSV,1,1,03,02,14,149,35,03,41,169,44,07,53,169,38,,,,*4A
$GQGSV,1,1,03,02,14,149,35,03,41,169,44,07,53,169,39,,,,*4B
$GQGSV,1,1,03,02,14,149,35,03,41,169,44,07,53,169,39,,,,*4B
$GQGSV,1,1,03,02,14,149,35,03,41,169,44,07,53,169,39,,,,*4B
$GQGSV,1,1,03,02,14,149,35,03,41,169,44,07,53,169,39,,,,*4B
$GQGSV,1,1,03,02,14,149,35,03,41,169,44,07,53,169,39,,,,*4B
$GQGSV,1,1,03,02,14,149,35,03,41,169,44,07,53,169,39,,,,*4B
$GQGSV,1,1,03,02,14,149,35,03,41,169,44,07,53,169,39,,,,*4B
$GQGSV,1,1,03,02,14,149,35,03,41,169,44,07,53,169,39,,,,*4B
$GQGSV,1,1,03,02,14,149,35,03,41,169,44,07,53,169,39,,,,*4B
$GQGSV,1,1,03,02,14,149,35,03,41,169,44,07,53,169,39,,,,*4B
$GQGSV,1,1,03,02,14,149,35,03,41,169,44,07,53,169,39,,,,*4B
$GQGSV,1,1,03,02,14,149,35,03,41,169,44,07,53,169,39,,,,*4B
$GQGSV,1,1,03,02,14,149,35,03,41,169,44,07,53,169,39,,,,*4B
$GQGSV,1,1,03,02,14,149,35,03,41,169,44,07,53,169,39,,,,*4B
$GQGSV,1,1,03,02,14,149,36,03,41,169,44,07,53,169,39,,,,*48
$GQGSV,1,1,03,02,14,149,36,03,41,169,44,07,53,169,39,,,,*48
$GQGSV,1,1,03,02,14,149,36,03,41,169,44,07,53,169,39,,,,*48
$GQGSV,1,1,03,02,14,149,36,03,41,169,44,07,53,169,39,,,,*48
$GQGSV,1,1,03,02,14,149,36,03,41,169,44,07,53,169,39,,,,*48
$GQGSV,1,1,03,02,14,149,36,03,41,169,44,07,53,169,39,,,,*48
$GQGSV,1,1,03,02,14,149,36,03,41,169,44,07,53,169,39,,,,*48
$GQGSV,1,1,03,02,14,149,36,03,41,169,44,07,53,169,39,,,,*48
$GQGSV,1,1,03,02,14,149,36,03,41,169,44,07,53,169,39,,,,*48
$GQGSV,1,1,03,02,14,149,36,03,41,169,44,07,53,169,39,,,,*48
$GQGSV,1,1,03,02,14,149,36,03,41,169,44,07,53,169,39,,,,*48
$GQGSV,1,1,03,02,14,149,36,03,41,169,44,07,53,169,39,,,,*48
$GQGSV,1,1,03,02,14,149,36,03,41,169,44,07,53,169,39,,,,*48
$GQGSV,1,1,03,02,14,149,36,03,41,169,44,07,53,169,39,,,,*48
$GQGSV,1,1,03,02,14,149,36,03,41,169,44,07,53,169,39,,,,*48
$GQGSV,1,1,03,02,14,149,36,03,41,169,44,07,53,169,39,,,,*48
$GQGSV,1,1,03,02,14,149,36,03,41,169,44,07,53,169,39,,,,*48
$GQGSV,1,1,03,02,14,149,36,03,41,169,44,07,53,169,39,,,,*48
$GQGSV,1,1,03,02,14,149,36,03,41,169,44,07,53,169,39,,,,*48
$GQGSV,1,1,03,02,14,149,36,03,41,169,44,07,53,169,39,,,,*48
$GQGSV,1,1,03,02,14,149,36,03,41,169,44,07,53,169,39,,,,*48
$GQGSV,1,1,03,02,14,149,36,03,41,169,44,07,53,169,39,,,,*48
$GQGSV,1,1,03,02,14,149,36,03,41,169,44,07,53,169,39,,,,*48
$GQGSV,1,1,03,02,14,149,36,03,41,169,44,07,53,169,39,,,,*48
$GQGSV,1,1,03,02,14,149,36,03,41,169,44,07,53,169,39,,,,*48
$GQGSV,1,1,03,02,14,149,36,03,41,169,44,07,53,169,39,,,,*48
$GQGSV,1,1,03,02,14,149,36,03,41,169,44,07,53,169,39,,,,*48
$GQGSV,1,1,03,02,14,149,36,03,41,169,44,07,53,169,39,,,,*48
$GQGSV,1,1,03,02,14,149,36,03,41,169,44,07,53,169,39,,,,*48
$GQGSV,1,1,03,02,14,149,36,03,41,169,44,07,53,169,39,,,,*48
$GQGSV,1,1,03,02,14,149,36,03,41,169,44,07,53,169,39,,,,*48
$GQGSV,1,1,03,02,14,149,36,03,41,169,44,07,53,169,39,,,,*48
$GQGSV,1,1,03,02,14,149,36,03,41,169,44,07,53,169,39,,,,*48
$GQGSV,1,1,03,02,14,149,36,03,41,169,44,07,53,169,39,,,,*48
$GQGSV,1,1,03,02,14,149,36,03,41,169,44,07,53,169,39,,,,*48
$GQGSV,1,1,03,02,14,149,36,03,41,169,44,07,53,169,39,,,,*48
$GQGSV,1,1,03,02,14,149,36,03,41,169,44,07,53,169,39,,,,*48
$GQGSV,1,1,03,02,14,149,36,03,41,169,44,07,53,169,39,,,,*48
$GQGSV,1,1,03,02,14,149,36,03,41,169,44,07,53,169,39,,,,*48
$GQGSV,1,1,03,02,14,149,36,03,41,169,44,07,53,169,39,,,,*48
$GQGSV,1,1,03,02,14,149,36,03,41,169,44,07,53,169,39,,,,*48
$GQGSV,1,1,03,02,14,149,36,03,41,169,44,07,53,169,39,,,,*48
$GQGSV,1,1,03,02,14,149,36,03,41,169,44,07,53,169,39,,,,*48
$GQGSV,1,1,03,02,14,149,36,03,41,169,44,07,53,169,39,,,,*48
$GQGSV,1,1,03,02,14,149,36,03,41,169,44,07,53,169,39,,,,*48
$GQGSV,1,1,03,02,14,149,36,03,41,169,44,07,53,169,39,,,,*48
$GQGSV,1,1,03,02,14,149,36,03,41,169,44,07,53,169,39,,,,*48
$GQGSV,1,1,03,02,14,149,36,03,41,169,44,07,53,169,39,,,,*48
$GQGSV,1,1,03,02,14,149,36,03,41,169,44,07,53,169,39,,,,*48
$GQGSV,1,1,03,02,14,149,36,03,41,169,44,07,53,169,39,,,,*48
$GQGSV,1,1,03,02,14,149,36,03,41,169,44,07,53,169,39,,,,*48
$GQGSV,1,1,03,02,14,149,35,03,41,169,44,07,53,169,39,,,,*4B
$GQGSV,1,1,03,02,14,149,35,03,41,169,44,07,53,169,39,,,,*4B
$GQGSV,1,1,03,02,14,149,35,03,41,169,44,07,53,169,39,,,,*4B
$GQGSV,1,1,03,02,14,149,35,03,41,169,44,07,53,169,39,,,,*4B
$GQGSV,1,1,03,02,14,149,35,03,41,169,44,07,53,169,39,,,,*4B
$GQGSV,1,1,03,02,14,149,35,03,41,169,44,07,53,169,39,,,,*4B
$GQGSV,1,1,03,02,14,149,35,03,41,169,44,07,53,169,39,,,,*4B
$GQGSV,1,1,03,02,14,149,35,03,41,169,44,07,53,169,39,,,,*4B
$GQGSV,1,1,03,02,14,149,35,03,41,169,44,07,53,169,39,,,,*4B
$GQGSV,1,1,03,02,14,149,35,03,41,169,44,07,53,169,39,,,,*4B
$GQGSV,1,1,03,02,14,149,35,03,41,169,44,07,53,169,39,,,,*4B
$GQGSV,1,1,03,02,14,149,35,03,41,169,44,07,53,169,39,,,,*4B
$GQGSV,1,1,03,02,14,149,35,03,41,169,44,07,53,169,39,,,,*4B
$GQGSV,1,1,03,02,14,149,35,03,41,169,44,07,53,169,39,,,,*4B
$GQGSV,1,1,03,02,14,149,35,03,41,169,44,07,53,169,39,,,,*4B
$GQGSV,1,1,03,02,14,149,35,03,41,169,44,07,53,169,39,,,,*4B
$GQGSV,1,1,03,02,14,149,35,03,41,169,44,07,53,169,39,,,,*4B
$GQGSV,1,1,03,02,14,149,35,03,41,169,44,07,53,169,39,,,,*4B
$GQGSV,1,1,03,02,14,149,35,03,41,169,44,07,53,169,39,,,,*4B
$GQGSV,1,1,03,02,14,149,35,03,41,169,44,07,53,169,39,,,,*4B
$GQGSV,1,1,03,02,14,149,35,03,41,169,44,07,53,169,39,,,,*4B
$GQGSV,1,1,03,02,14,149,35,03,41,169,44,07,53,169,39,,,,*4B
$GQGSV,1,1,03,02,14,149,35,03,41,169,44,07,53,169,39,,,,*4B
$GQGSV,1,1,03,02,14,149,36,03,41,169,44,07,53,169,39,,,,*48
$GQGSV,1,1,03,02,14,149,36,03,41,169,44,07,53,169,39,,,,*48
$GQGSV,1,1,03,02,14,149,36,03,41,169,44,07,53,169,39,,,,*48
$GQGSV,1,1,03,02,14,149,36,03,41,169,44,07,53,169,39,,,,*48
$GQGSV,1,1,03,02,14,149,36,03,41,169,44,07,53,169,39,,,,*48
$GQGSV,1,1,03,02,14,149,36,03,41,169,44,07,53,169,39,,,,*48
$GQGSV,1,1,03,02,14,149,36,03,41,169,44,07,53,169,39,,,,*48
$GQGSV,1,1,03,02,14,149,36,03,41,169,44,07,53,169,39,,,,*48
$GQGSV,1,1,03,02,14,149,36,03,41,169,44,07,53,169,39,,,,*48
$GQGSV,1,1,03,02,14,149,36,03,41,169,44,07,53,169,39,,,,*48
$GQGSV,1,1,03,02,14,149,36,03,41,169,44,07,53,169,39,,,,*48
$GQGSV,1,1,03,02,14,149,36,03,41,169,44,07,53,169,39,,,,*48
$GQGSV,1,1,03,02,14,149,36,03,41,169,44,07,53,169,39,,,,*48
$GQGSV,1,1,03,02,14,149,36,03,41,169,44,07,53,169,39,,,,*48
$GQGSV,1,1,03,02,14,149,36,03,41,169,44,07,53,169,39,,,,*48
$GQGSV,1,1,03,02,14,149,36,03,41,169,44,07,53,169,39,,,,*48
$GQGSV,1,1,03,02,14,149,36,03,41,169,44,07,53,169,39,,,,*48
$GQGSV,1,1,03,02,14,149,36,03,41,169,44,07,53,169,39,,,,*48
$GQGSV,1,1,03,02,14,149,36,03,41,169,44,07,53,169,39,,,,*48
$GQGSV,1,1,03,02,14,149,36,03,41,169,44,07,53,169,39,,,,*48
$GQGSV,1,1,03,02,14,149,36,03,41,169,44,07,53,169,39,,,,*48
$GQGSV,1,1,03,02,14,149,36,03,41,169,44,07,53,169,39,,,,*48
$GQGSV,1,1,03,02,14,149,36,03,41,169,44,07,53,169,39,,,,*48
$GQGSV,1,1,03,02,14,149,36,03,41,169,44,07,53,169,39,,,,*48
$GQGSV,1,1,03,02,14,149,36,03,41,169,44,07,53,169,39,,,,*48
$GQGSV,1,1,03,02,14,149,36,03,41,169,44,07,53,169,39,,,,*48
$GQGSV,1,1,03,02,14,149,36,03,41,169,44,07,53,169,39,,,,*48
$GQGSV,1,1,03,02,14,149,36,03,41,169,44,07,53,169,39,,,,*48
$GQGSV,1,1,03,02,14,149,36,03,41,169,44,07,53,169,39,,,,*48
$GQGSV,1,1,03,02,14,149,36,03,41,169,44,07,53,169,39,,,,*48
$GQGSV,1,1,03,02,14,149,36,03,41,169,44,07,53,169,39,,,,*48
$GQGSV,1,1,03,02,14,149,36,03,41,169,44,07,53,169,39,,,,*48
$GQGSV,1,1,03,02,14,149,36,03,41,169,44,07,53,169,39,,,,*48
$GQGSV,1,1,03,02,14,149,36,03,41,169,44,07,53,169,39,,,,*48
$GQGSV,1,1,03,02,14,149,36,03,41,169,44,07,53,169,39,,,,*48
$GQGSV,1,1,03,02,14,149,36,03,41,169,44,07,53,169,39,,,,*48
$GQGSV,1,1,03,02,14,149,36,03,41,169,44,07,53,169,39,,,,*48
$GQGSV,1,1,03,02,14,149,36,03,41,169,44,07,53,169,39,,,,*48
$GQGSV,1,1,03,02,14,149,36,03,41,169,44,07,53,169,39,,,,*48
$GQGSV,1,1,03,02,14,149,36,03,41,169,44,07,53,169,39,,,,*48
$GQGSV,1,1,03,02,14,149,36,03,41,169,44,07,53,169,39,,,,*48
$GQGSV,1,1,03,02,14,149,36,03,41,169,44,07,53,169,39,,,,*48
$GQGSV,1,1,03,02,14,149,36,03,41,169,44,07,53,169,39,,,,*48
$GQGSV,1,1,03,02,14,149,36,03,41,169,44,07,53,169,39,,,,*48
$GQGSV,1,1,03,02,14,149,36,03,41,169,44,07,53,169,39,,,,*48
$GQGSV,1,1,03,02,14,149,36,03,41,169,44,07,53,169,39,,,,*48
$GQGSV,1,1,03,02,14,149,36,03,41,169,44,07,53,169,39,,,,*48
$GQGSV,1,1,03,02,14,149,36,03,41,169,44,07,53,169,39,,,,*48
$GQGSV,1,1,03,02,14,149,36,03,41,169,44,07,53,169,39,,,,*48
$GQGSV,1,1,03,02,14,149,36,03,41,169,44,07,53,169,39,,,,*48
$GQGSV,1,1,03,02,14,149,36,03,41,169,44,07,53,169,39,,,,*48
$GQGSV,1,1,03,02,14,149,36,03,41,169,44,07,53,169,39,,,,*48
$GQGSV,1,1,03,02,14,149,36,03,41,169,44,07,53,169,39,,,,*48
$GQGSV,1,1,03,02,14,149,36,03,41,169,44,07,53,169,39,,,,*48
$GQGSV,1,1,03,02,14,149,36,03,41,169,44,07,53,169,39,,,,*48
$GQGSV,1,1,03,02,14,149,36,03,41,169,44,07,53,169,39,,,,*48
$GQGSV,1,1,03,02,14,149,36,03,41,169,44,07,53,169,39,,,,*48
$GQGSV,1,1,03,02,14,149,36,03,41,169,44,07,53,169,39,,,,*48
$GQGSV,1,1,03,02,14,149,36,03,41,169,44,07,53,169,39,,,,*48
$GQGSV,1,1,03,02,14,149,36,03,41,169,44,07,53,169,39,,,,*48
$GQGSV,1,1,03,02,14,149,36,03,41,169,44,07,53,169,39,,,,*48
$GQGSV,1,1,03,02,14,149,36,03,41,169,44,07,53,169,39,,,,*48
$GQGSV,1,1,03,02,14,149,36,03,41,169,44,07,53,169,39,,,,*48
$GQGSV,1,1,03,02,14,149,36,03,41,169,44,07,53,169,39,,,,*48
$GQGSV,1,1,03,02,14,149,36,03,41,169,44,07,53,169,39,,,,*48
$GQGSV,1,1,03,02,14,149,36,03,41,169,44,07,53,169,39,,,,*48
$GQGSV,1,1,03,02,14,149,36,03,41,169,44,07,53,169,39,,,,*48
$GQGSV,1,1,03,02,14,149,36,03,41,169,44,07,53,169,39,,,,*48
$GQGSV,1,1,03,02,14,149,36,03,41,169,44,07,53,169,39,,,,*48
$GQGSV,1,1,03,02,14,149,36,03,41,169,44,07,53,169,39,,,,*48
$GQGSV,1,1,03,02,14,149,36,03,41,169,44,07,53,169,39,,,,*48
$GQGSV,1,1,03,02,14,149,36,03,41,169,44,07,53,169,39,,,,*48
$GQGSV,1,1,03,02,14,149,36,03,41,169,44,07,53,169,39,,,,*48
$GQGSV,1,1,03,02,14,149,36,03,41,169,44,07,53,169,39,,,,*48
$GQGSV,1,1,03,02,14,149,36,03,41,169,44,07,53,169,39,,,,*48
$GQGSV,1,1,03,02,14,149,36,03,41,169,44,07,53,169,39,,,,*48
$GQGSV,1,1,03,02,14,149,36,03,41,169,44,07,53,169,39,,,,*48
$GQGSV,1,1,03,02,14,149,36,03,41,169,44,07,53,169,39,,,,*48
$GQGSV,1,1,03,02,14,149,36,03,41,169,44,07,53,169,39,,,,*48
$GQGSV,1,1,03,02,14,149,36,03,41,169,44,07,53,169,39,,,,*48
$GQGSV,1,1,03,02,14,149,36,03,41,169,44,07,53,169,39,,,,*48
$GQGSV,1,1,03,02,14,149,36,03,41,169,44,07,53,169,39,,,,*48
$GQGSV,1,1,03,02,14,149,36,03,41,169,44,07,53,169,39,,,,*48
$GQGSV,1,1,03,02,14,149,36,03,41,169,44,07,53,169,39,,,,*48
$GQGSV,1,1,03,02,14,149,36,03,41,169,44,07,53,169,39,,,,*48
$GQGSV,1,1,03,02,14,149,36,03,41,169,44,07,53,169,39,,,,*48
$GQGSV,1,1,03,02,14,149,36,03,41,169,44,07,53,169,39,,,,*48
$GQGSV,1,1,03,02,14,149,36,03,41,169,44,07,53,169,39,,,,*48
$GQGSV,1,1,03,02,14,149,36,03,41,169,44,07,53,169,39,,,,*48
$GQGSV,1,1,03,02,14,149,36,03,41,169,44,07,53,169,39,,,,*48
$GQGSV,1,1,03,02,14,149,36,03,41,169,44,07,53,169,39,,,,*48
$GQGSV,1,1,03,02,14,149,36,03,41,169,44,07,53,169,39,,,,*48
$GQGSV,1,1,03,02,14,149,36,03,41,169,44,07,53,169,39,,,,*48
$GQGSV,1,1,03,02,14,149,36,03,41,169,44,07,53,169,39,,,,*48
$GQGSV,1,1,03,02,14,149,36,03,41,169,44,07,53,169,39,,,,*48
$GQGSV,1,1,03,02,14,149,36,03,41,169,44,07,53,169,39,,,,*48
$GQGSV,1,1,03,02,14,149,36,03,41,169,44,07,53,169,39,,,,*48
$GQGSV,1,1,03,02,14,149,36,03,41,169,44,07,53,169,39,,,,*48
$GQGSV,1,1,03,02,14,149,36,03,41,169,44,07,53,169,39,,,,*48
$GQGSV,1,1,03,02,14,149,36,03,41,169,44,07,53,169,39,,,,*48
$GQGSV,1,1,03,02,14,149,36,03,41,169,44,07,53,169,39,,,,*48
$GQGSV,1,1,03,02,14,149,36,03,41,169,44,07,53,169,39,,,,*48
$GQGSV,1,1,03,02,14,149,36,03,41,169,44,07,53,169,39,,,,*48
$GQGSV,1,1,03,02,14,149,36,03,41,169,44,07,53,169,39,,,,*48
$GQGSV,1,1,03,02,14,149,36,03,41,169,44,07,53,169,39,,,,*48
$GQGSV,1,1,03,02,14,149,36,03,41,169,44,07,53,169,39,,,,*48
$GQGSV,1,1,03,02,14,149,36,03,41,169,44,07,53,169,39,,,,*48
$GQGSV,1,1,03,02,14,149,36,03,41,169,44,07,53,169,39,,,,*48
$GQGSV,1,1,03,02,14,149,36,03,41,169,44,07,53,169,39,,,,*48
$GQGSV,1,1,03,02,14,149,36,03,41,169,44,07,53,169,39,,,,*48
$GQGSV,1,1,03,02,14,149,36,03,41,169,44,07,53,169,39,,,,*48
$GQGSV,1,1,03,02,14,149,36,03,41,169,44,07,53,169,39,,,,*48
$GQGSV,1,1,03,02,14,149,36,03,41,169,44,07,53,169,39,,,,*48
$GQGSV,1,1,03,02,14,149,36,03,41,169,44,07,53,169,39,,,,*48
$GQGSV,1,1,03,02,14,149,36,03,41,169,44,07,53,169,39,,,,*48
$GQGSV,1,1,03,02,14,149,36,03,41,169,44,07,53,169,39,,,,*48
$GQGSV,1,1,03,02,14,149,36,03,41,169,44,07,53,169,39,,,,*48
$GQGSV,1,1,03,02,14,149,36,03,41,169,44,07,53,169,39,,,,*48
$GQGSV,1,1,03,02,14,149,36,03,41,169,44,07,53,169,39,,,,*48
$GQGSV,1,1,03,02,14,149,36,03,41,169,44,07,53,169,39,,,,*48
$GQGSV,1,1,03,02,14,149,36,03,41,169,44,07,53,169,39,,,,*48
$GQGSV,1,1,03,02,14,149,36,03,41,169,44,07,53,169,39,,,,*48
$GQGSV,1,1,03,02,14,149,36,03,41,169,44,07,53,169,39,,,,*48
$GQGSV,1,1,03,02,14,149,36,03,41,169,44,07,53,169,39,,,,*48
$GQGSV,1,1,03,02,14,149,36,03,41,169,44,07,53,169,39,,,,*48
$GQGSV,1,1,03,02,14,149,36,03,41,169,44,07,53,169,39,,,,*48
$GQGSV,1,1,03,02,14,149,36,03,41,169,44,07,53,169,39,,,,*48
$GQGSV,1,1,03,02,14,149,36,03,41,169,44,07,53,169,39,,,,*48
$GQGSV,1,1,03,02,14,149,36,03,41,169,44,07,53,169,39,,,,*48
$GQGSV,1,1,03,02,14,149,36,03,41,169,44,07,53,169,39,,,,*48
$GQGSV,1,1,03,02,14,149,36,03,41,169,44,07,53,169,39,,,,*48
$GQGSV,1,1,03,02,14,149,36,03,41,169,44,07,53,169,39,,,,*48
$GQGSV,1,1,03,02,14,149,36,03,41,169,44,07,53,169,39,,,,*48
$GQGSV,1,1,03,02,14,149,36,03,41,169,44,07,53,169,39,,,,*48
$GQGSV,1,1,03,02,14,149,36,03,41,169,44,07,53,169,39,,,,*48
$GQGSV,1,1,03,02,14,149,36,03,41,169,44,07,53,169,39,,,,*48
$GQGSV,1,1,03,02,14,149,36,03,41,169,44,07,53,169,39,,,,*48
$GQGSV,1,1,03,02,14,149,36,03,41,169,44,07,53,169,39,,,,*48
$GQGSV,1,1,03,02,14,149,36,03,41,169,44,07,53,169,39,,,,*48
$GQGSV,1,1,03,02,14,149,36,03,41,169,44,07,53,169,39,,,,*48
$GQGSV,1,1,03,02,14,149,36,03,41,169,44,07,53,169,39,,,,*48
$GQGSV,1,1,03,02,14,149,36,03,41,169,44,07,53,169,39,,,,*48
$GQGSV,1,1,03,02,14,149,36,03,41,169,44,07,53,169,39,,,,*48
$GQGSV,1,1,03,02,14,149,36,03,41,169,44,07,53,169,39,,,,*48
$GQGSV,1,1,03,02,14,149,36,03,41,169,44,07,53,169,39,,,,*48
$GQGSV,1,1,03,02,14,149,36,03,41,169,44,07,53,169,39,,,,*48
$GQGSV,1,1,03,02,14,149,36,03,41,169,44,07,53,169,39,,,,*48
$GQGSV,1,1,03,02,14,149,36,03,41,169,44,07,53,169,39,,,,*48
$GQGSV,1,1,03,02,14,149,36,03,41,169,44,07,53,169,39,,,,*48
$GQGSV,1,1,03,02,14,149,36,03,41,169,44,07,53,169,39,,,,*48
$GQGSV,1,1,03,02,14,149,36,03,41,169,44,07,53,169,39,,,,*48
$GQGSV,1,1,03,02,14,149,36,03,41,169,44,07,53,169,39,,,,*48
$GQGSV,1,1,03,02,14,149,36,03,41,169,44,07,53,169,39,,,,*48
$GQGSV,1,1,03,02,14,149,36,03,41,169,44,07,53,169,39,,,,*48
$GQGSV,1,1,03,02,14,149,36,03,41,169,44,07,53,169,39,,,,*48
$GQGSV,1,1,03,02,14,149,36,03,41,169,44,07,53,169,39,,,,*48
$GQGSV,1,1,03,02,14,149,36,03,41,169,44,07,53,169,39,,,,*48
$GQGSV,1,1,03,02,14,149,36,03,41,169,44,07,53,169,39,,,,*48
$GQGSV,1,1,03,02,14,149,36,03,41,169,44,07,53,169,39,,,,*48
$GQGSV,1,1,03,02,14,149,36,03,41,169,44,07,53,169,39,,,,*48
$GQGSV,1,1,03,02,14,149,36,03,41,169,44,07,53,169,39,,,,*48
$GQGSV,1,1,03,02,14,149,36,03,41,169,44,07,53,169,39,,,,*48
$GQGSV,1,1,03,02,14,149,37,03,41,169,44,07,53,169,39,,,,*49
$GQGSV,1,1,03,02,14,149,37,03,41,169,44,07,53,169,39,,,,*49
$GQGSV,1,1,03,02,14,149,37,03,41,169,44,07,53,169,39,,,,*49
$GQGSV,1,1,03,02,14,149,37,03,41,169,44,07,53,169,39,,,,*49
$GQGSV,1,1,03,02,14,149,37,03,41,169,44,07,53,169,39,,,,*49
$GQGSV,1,1,03,02,14,149,37,03,40,169,44,07,53,169,39,,,,*48
$GQGSV,1,1,03,02,14,149,37,03,40,169,44,07,53,169,39,,,,*48
$GQGSV,1,1,03,02,14,149,37,03,40,169,44,07,53,169,39,,,,*48
$GQGSV,1,1,03,02,14,149,37,03,40,169,44,07,53,169,39,,,,*48
$GQGSV,1,1,03,02,14,149,37,03,40,169,44,07,53,169,39,,,,*48
$GQGSV,1,1,03,02,14,149,37,03,40,169,44,07,53,169,39,,,,*48
$GQGSV,1,1,03,02,14,149,37,03,40,169,44,07,53,169,39,,,,*48
$GQGSV,1,1,03,02,14,149,37,03,40,169,44,07,53,169,39,,,,*48
$GQGSV,1,1,03,02,14,149,37,03,40,169,44,07,53,169,39,,,,*48
$GQGSV,1,1,03,02,14,149,37,03,40,169,44,07,53,169,39,,,,*48
$GQGSV,1,1,03,02,14,149,37,03,40,169,44,07,53,169,39,,,,*48
$GQGSV,1,1,03,02,14,149,37,03,40,169,44,07,53,169,39,,,,*48
$GQGSV,1,1,03,02,14,149,37,03,40,169,44,07,53,169,39,,,,*48
$GQGSV,1,1,03,02,14,149,37,03,40,169,44,07,53,169,39,,,,*48
$GQGSV,1,1,03,02,14,149,37,03,40,169,44,07,53,169,39,,,,*48
$GQGSV,1,1,03,02,14,149,37,03,40,169,44,07,53,169,39,,,,*48
$GQGSV,1,1,03,02,14,149,37,03,40,169,44,07,53,169,39,,,,*48
$GQGSV,1,1,03,02,14,149,37,03,40,169,44,07,53,169,39,,,,*48
$GQGSV,1,1,03,02,14,149,37,03,40,169,44,07,53,169,39,,,,*48
$GQGSV,1,1,03,02,14,149,37,03,40,169,44,07,53,169,39,,,,*48
$GQGSV,1,1,03,02,14,149,38,03,40,169,44,07,53,169,39,,,,*47
$GQGSV,1,1,03,02,14,149,38,03,40,169,44,07,53,169,39,,,,*47
$GQGSV,1,1,03,02,14,149,38,03,40,169,44,07,53,169,39,,,,*47
$GQGSV,1,1,03,02,14,149,38,03,40,169,44,07,53,169,39,,,,*47
$GQGSV,1,1,03,02,14,149,38,03,40,169,44,07,53,169,39,,,,*47
$GQGSV,1,1,03,02,14,149,38,03,40,169,44,07,53,169,39,,,,*47
$GQGSV,1,1,03,02,14,149,38,03,40,169,44,07,53,169,39,,,,*47
$GQGSV,1,1,03,02,14,149,38,03,40,169,44,07,53,169,39,,,,*47
$GQGSV,1,1,03,02,14,149,38,03,40,169,44,07,53,169,39,,,,*47
$GQGSV,1,1,03,02,14,149,38,03,40,169,44,07,53,169,40,,,,*49
$GQGSV,1,1,03,02,14,149,38,03,40,169,44,07,53,169,40,,,,*49
$GQGSV,1,1,03,02,14,149,38,03,40,169,44,07,53,169,40,,,,*49
$GQGSV,1,1,03,02,14,149,38,03,40,169,44,07,53,169,40,,,,*49
$GQGSV,1,1,03,02,14,149,38,03,40,169,44,07,53,169,40,,,,*49
$GQGSV,1,1,03,02,14,149,38,03,40,169,44,07,53,169,40,,,,*49
$GQGSV,1,1,03,02,14,149,38,03,40,169,44,07,53,169,40,,,,*49
$GQGSV,1,1,03,02,14,149,38,03,40,169,44,07,53,169,40,,,,*49
$GQGSV,1,1,03,02,14,149,38,03,40,169,44,07,53,169,40,,,,*49
$GQGSV,1,1,03,02,14,149,38,03,40,169,44,07,53,169,40,,,,*49
$GQGSV,1,1,03,02,14,149,38,03,40,169,44,07,53,169,40,,,,*49
$GQGSV,1,1,03,02,14,149,38,03,40,169,44,07,53,169,40,,,,*49
$GQGSV,1,1,03,02,14,149,38,03,40,169,44,07,53,169,40,,,,*49
$GQGSV,1,1,03,02,14,149,38,03,40,169,44,07,53,169,40,,,,*49
$GQGSV,1,1,03,02,14,149,38,03,40,169,44,07,53,169,40,,,,*49
$GQGSV,1,1,03,02,14,149,38,03,40,169,44,07,53,169,40,,,,*49
$GQGSV,1,1,03,02,14,149,38,03,40,169,44,07,53,169,40,,,,*49
$GQGSV,1,1,03,02,14,149,38,03,40,169,44,07,53,169,40,,,,*49
$GQGSV,1,1,03,02,14,149,38,03,40,169,44,07,53,169,40,,,,*49
$GQGSV,1,1,03,02,14,149,38,03,40,169,44,07,53,169,40,,,,*49
$GQGSV,1,1,03,02,14,149,38,03,40,169,43,07,53,169,40,,,,*4E
$GQGSV,1,1,03,02,14,149,38,03,40,169,43,07,53,169,40,,,,*4E
$GQGSV,1,1,03,02,14,149,38,03,40,169,43,07,53,169,40,,,,*4E
$GQGSV,1,1,03,02,14,149,38,03,40,169,43,07,53,169,40,,,,*4E
$GQGSV,1,1,03,02,14,149,38,03,40,169,44,07,53,169,40,,,,*49
$GQGSV,1,1,03,02,14,149,38,03,40,169,44,07,53,169,40,,,,*49
$GQGSV,1,1,03,02,14,149,38,03,40,169,44,07,53,169,40,,,,*49
$GQGSV,1,1,03,02,14,149,38,03,40,169,44,07,53,169,40,,,,*49
$GQGSV,1,1,03,02,14,149,38,03,40,169,44,07,53,169,40,,,,*49
$GQGSV,1,1,03,02,14,149,38,03,40,169,44,07,53,169,40,,,,*49
$GQGSV,1,1,03,02,14,149,38,03,40,169,43,07,53,169,40,,,,*4E
$GQGSV,1,1,03,02,14,149,38,03,40,169,43,07,53,169,40,,,,*4E
$GQGSV,1,1,03,02,14,149,38,03,40,169,43,07,53,169,40,,,,*4E
$GQGSV,1,1,03,02,14,149,38,03,40,169,43,07,53,169,40,,,,*4E
$GQGSV,1,1,03,02,14,149,38,03,40,169,43,07,53,169,40,,,,*4E
$GQGSV,1,1,03,02,14,149,38,03,40,169,43,07,53,169,40,,,,*4E
$GQGSV,1,1,03,02,14,149,38,03,40,169,43,07,53,169,40,,,,*4E
$GQGSV,1,1,03,02,14,149,38,03,40,169,43,07,53,169,40,,,,*4E
$GQGSV,1,1,03,02,14,149,38,03,40,169,43,07,53,169,40,,,,*4E
$GQGSV,1,1,03,02,14,149,38,03,40,169,43,07,53,169,40,,,,*4E
$GQGSV,1,1,03,02,14,149,38,03,40,169,43,07,53,169,40,,,,*4E
$GQGSV,1,1,03,02,14,149,38,03,40,169,43,07,53,169,40,,,,*4E
$GQGSV,1,1,03,02,14,149,38,03,40,169,43,07,53,169,40,,,,*4E
$GQGSV,1,1,03,02,14,149,38,03,40,169,43,07,53,169,40,,,,*4E
$GQGSV,1,1,03,02,14,149,38,03,40,169,43,07,53,169,40,,,,*4E
$GQGSV,1,1,03,02,14,149,38,03,40,169,44,07,53,169,40,,,,*49
$GQGSV,1,1,03,02,14,149,39,03,40,169,44,07,53,169,40,,,,*48
$GQGSV,1,1,03,02,14,149,39,03,40,169,44,07,53,169,40,,,,*48
$GQGSV,1,1,03,02,14,149,39,03,40,169,44,07,53,169,40,,,,*48
$GQGSV,1,1,03,02,14,149,39,03,40,169,44,07,53,169,40,,,,*48
$GQGSV,1,1,03,02,14,149,39,03,40,169,44,07,53,169,40,,,,*48
$GQGSV,1,1,03,02,14,149,39,03,40,169,44,07,53,169,40,,,,*48
$GQGSV,1,1,03,02,14,149,39,03,40,169,44,07,53,169,40,,,,*48
$GQGSV,1,1,03,02,14,149,39,03,40,169,44,07,53,169,40,,,,*48
$GQGSV,1,1,03,02,14,149,39,03,40,169,44,07,53,169,40,,,,*48
$GQGSV,1,1,03,02,14,149,39,03,40,169,44,07,53,169,40,,,,*48
$GQGSV,1,1,03,02,14,149,39,03,40,169,44,07,53,169,40,,,,*48
$GQGSV,1,1,03,02,14,149,39,03,40,169,44,07,53,169,40,,,,*48
$GQGSV,1,1,03,02,14,149,39,03,40,169,44,07,53,169,40,,,,*48
$GQGSV,1,1,03,02,14,149,39,03,40,169,44,07,53,169,40,,,,*48
$GQGSV,1,1,03,02,14,149,39,03,40,169,44,07,53,169,40,,,,*48
$GQGSV,1,1,03,02,14,149,39,03,40,169,44,07,53,169,40,,,,*48
$GQGSV,1,1,03,02,14,149,39,03,40,169,44,07,53,169,40,,,,*48
$GQGSV,1,1,03,02,14,149,39,03,40,169,44,07,53,169,40,,,,*48
$GQGSV,1,1,03,02,14,149,39,03,40,169,44,07,53,169,40,,,,*48
$GQGSV,1,1,03,02,14,149,39,03,40,169,44,07,53,169,40,,,,*48
$GQGSV,1,1,03,02,14,149,39,03,40,169,44,07,53,169,40,,,,*48
$GQGSV,1,1,03,02,14,149,39,03,40,169,44,07,53,169,40,,,,*48
$GQGSV,1,1,03,02,14,149,39,03,40,169,44,07,53,169,40,,,,*48
$GQGSV,1,1,03,02,14,149,39,03,40,169,44,07,53,169,40,,,,*48
$GQGSV,1,1,03,02,14,149,39,03,40,169,44,07,53,169,40,,,,*48
$GQGSV,1,1,03,02,14,149,39,03,40,169,44,07,53,169,40,,,,*48
$GQGSV,1,1,03,02,14,149,39,03,40,169,44,07,53,169,40,,,,*48
$GQGSV,1,1,03,02,14,149,39,03,40,169,44,07,53,169,40,,,,*48
$GQGSV,1,1,03,02,14,149,39,03,40,169,44,07,53,169,40,,,,*48
$GQGSV,1,1,03,02,14,149,39,03,40,169,44,07,53,169,40,,,,*48
$GQGSV,1,1,03,02,14,149,39,03,40,169,44,07,53,169,40,,,,*48
$GQGSV,1,1,03,02,14,149,39,03,40,169,44,07,53,169,40,,,,*48
$GQGSV,1,1,03,02,14,149,39,03,40,169,44,07,53,169,40,,,,*48
$GQGSV,1,1,03,02,14,149,39,03,40,169,44,07,53,169,40,,,,*48
$GQGSV,1,1,03,02,14,149,39,03,40,169,44,07,53,169,40,,,,*48
$GQGSV,1,1,03,02,14,149,39,03,40,169,44,07,53,169,40,,,,*48
$GQGSV,1,1,03,02,14,149,39,03,40,169,44,07,53,169,40,,,,*48
$GQGSV,1,1,03,02,14,149,39,03,40,169,44,07,53,169,40,,,,*48
$GQGSV,1,1,03,02,14,149,39,03,40,169,44,07,53,169,40,,,,*48
$GQGSV,1,1,03,02,14,149,39,03,40,169,44,07,53,169,40,,,,*48
$GQGSV,1,1,03,02,14,149,39,03,40,169,44,07,53,169,40,,,,*48
$GQGSV,1,1,03,02,14,149,38,03,40,169,44,07,53,169,40,,,,*49
$GQGSV,1,1,03,02,14,149,38,03,40,169,44,07,53,169,40,,,,*49
$GQGSV,1,1,03,02,14,149,38,03,40,169,44,07,53,169,40,,,,*49
$GQGSV,1,1,03,02,14,149,38,03,40,169,44,07,53,169,40,,,,*49
$GQGSV,1,1,03,02,14,149,38,03,40,169,44,07,53,169,40,,,,*49
$GQGSV,1,1,03,02,14,149,38,03,40,169,44,07,53,169,40,,,,*49
$GQGSV,1,1,03,02,14,149,38,03,40,169,44,07,53,169,40,,,,*49
$GQGSV,1,1,03,02,14,149,38,03,40,169,44,07,53,169,40,,,,*49
$GQGSV,1,1,03,02,14,149,38,03,40,169,44,07,53,169,40,,,,*49
$GQGSV,1,1,03,02,14,149,38,03,40,169,44,07,53,169,40,,,,*49
$GQGSV,1,1,03,02,14,149,38,03,40,169,44,07,53,169,40,,,,*49
$GQGSV,1,1,03,02,14,149,38,03,40,169,44,07,53,169,40,,,,*49
$GQGSV,1,1,03,02,14,149,38,03,40,169,44,07,53,169,40,,,,*49
$GQGSV,1,1,03,02,14,149,38,03,40,169,44,07,53,169,40,,,,*49
$GQGSV,1,1,03,02,14,149,38,03,40,169,44,07,53,169,40,,,,*49
$GQGSV,1,1,03,02,14,149,38,03,40,169,44,07,53,169,40,,,,*49
$GQGSV,1,1,03,02,14,149,38,03,40,169,44,07,53,169,40,,,,*49
$GQGSV,1,1,03,02,14,149,38,03,40,169,44,07,53,169,40,,,,*49
$GQGSV,1,1,03,02,14,149,38,03,40,169,44,07,53,169,40,,,,*49
$GQGSV,1,1,03,02,14,149,38,03,40,169,44,07,53,169,40,,,,*49
$GQGSV,1,1,03,02,14,149,38,03,40,169,44,07,53,169,40,,,,*49
$GQGSV,1,1,03,02,14,149,38,03,40,169,44,07,53,169,40,,,,*49
$GQGSV,1,1,03,02,14,149,38,03,40,169,44,07,53,169,40,,,,*49
$GQGSV,1,1,03,02,14,149,38,03,40,169,44,07,53,169,40,,,,*49
$GQGSV,1,1,03,02,14,149,38,03,40,169,44,07,53,169,40,,,,*49
$GQGSV,1,1,03,02,14,149,38,03,40,169,43,07,53,169,40,,,,*4E
$GQGSV,1,1,03,02,14,149,38,03,40,169,43,07,53,169,40,,,,*4E
$GQGSV,1,1,03,02,14,149,38,03,40,169,43,07,53,169,40,,,,*4E
$GQGSV,1,1,03,02,14,149,38,03,40,169,43,07,53,169,40,,,,*4E
$GQGSV,1,1,03,02,14,149,38,03,40,169,43,07,53,169,40,,,,*4E
$GQGSV,1,1,03,02,14,149,38,03,40,169,43,07,53,169,40,,,,*4E
$GQGSV,1,1,03,02,14,149,38,03,40,169,43,07,53,169,40,,,,*4E
$GQGSV,1,1,03,02,14,149,38,03,40,169,43,07,53,169,40,,,,*4E
$GQGSV,1,1,03,02,14,149,38,03,40,169,43,07,53,169,40,,,,*4E
$GQGSV,1,1,03,02,14,149,38,03,40,169,43,07,53,169,40,,,,*4E
$GQGSV,1,1,03,02,14,149,38,03,40,169,43,07,53,169,40,,,,*4E
$GQGSV,1,1,03,02,14,149,38,03,40,169,43,07,53,169,40,,,,*4E
$GQGSV,1,1,03,02,14,149,38,03,40,169,43,07,53,169,40,,,,*4E
$GQGSV,1,1,03,02,14,149,38,03,40,169,43,07,53,169,40,,,,*4E
$GQGSV,1,1,03,02,14,149,38,03,40,169,43,07,53,169,40,,,,*4E
$GQGSV,1,1,03,02,14,149,38,03,40,169,43,07,53,169,40,,,,*4E
$GQGSV,1,1,03,02,14,149,38,03,40,169,43,07,53,169,40,,,,*4E
$GQGSV,1,1,03,02,14,149,38,03,40,169,43,07,53,169,40,,,,*4E
$GQGSV,1,1,03,02,14,149,38,03,40,169,43,07,53,169,40,,,,*4E
$GQGSV,1,1,03,02,14,149,38,03,40,169,43,07,53,169,40,,,,*4E
$GQGSV,1,1,03,02,14,149,38,03,40,169,43,07,53,169,40,,,,*4E
$GQGSV,1,1,03,02,14,149,38,03,40,169,43,07,53,169,40,,,,*4E
$GQGSV,1,1,03,02,14,149,38,03,40,169,43,07,53,169,40,,,,*4E
$GQGSV,1,1,03,02,14,149,38,03,40,169,43,07,53,169,40,,,,*4E
$GQGSV,1,1,03,02,14,149,38,03,40,169,43,07,53,169,40,,,,*4E
$GQGSV,1,1,03,02,14,149,38,03,40,169,43,07,53,169,40,,,,*4E
$GQGSV,1,1,03,02,14,149,38,03,40,169,43,07,53,169,40,,,,*4E
$GQGSV,1,1,03,02,14,149,38,03,40,169,43,07,53,169,40,,,,*4E
$GQGSV,1,1,03,02,14,149,38,03,40,169,43,07,53,169,40,,,,*4E
$GQGSV,1,1,03,02,14,149,38,03,40,169,43,07,53,169,40,,,,*4E
$GQGSV,1,1,03,02,14,149,38,03,40,169,43,07,53,169,40,,,,*4E
$GQGSV,1,1,03,02,14,149,38,03,40,169,43,07,53,169,40,,,,*4E
$GQGSV,1,1,03,02,14,149,38,03,40,169,43,07,53,169,40,,,,*4E
$GQGSV,1,1,03,02,14,149,38,03,40,169,43,07,53,169,40,,,,*4E
$GQGSV,1,1,03,02,14,149,38,03,40,169,43,07,53,169,40,,,,*4E
$GQGSV,1,1,03,02,14,149,38,03,40,169,43,07,53,169,40,,,,*4E
$GQGSV,1,1,03,02,14,149,38,03,40,169,44,07,53,169,40,,,,*49
$GQGSV,1,1,03,02,14,149,38,03,40,169,44,07,53,169,40,,,,*49
$GQGSV,1,1,03,02,14,149,38,03,40,169,44,07,53,169,40,,,,*49
$GQGSV,1,1,03,02,14,149,38,03,40,169,44,07,53,169,40,,,,*49
$GQGSV,1,1,03,02,14,149,38,03,40,169,44,07,53,169,40,,,,*49
$GQGSV,1,1,03,02,14,149,38,03,40,169,44,07,53,169,40,,,,*49
$GQGSV,1,1,03,02,14,149,38,03,40,169,44,07,53,169,40,,,,*49
$GQGSV,1,1,03,02,14,149,38,03,40,169,44,07,53,169,40,,,,*49
$GQGSV,1,1,03,02,14,149,38,03,40,169,44,07,53,169,40,,,,*49
$GQGSV,1,1,03,02,14,149,38,03,40,169,44,07,53,169,40,,,,*49
$GQGSV,1,1,03,02,14,149,38,03,40,169,44,07,53,169,40,,,,*49
$GQGSV,1,1,03,02,14,149,38,03,40,169,44,07,53,169,40,,,,*49
$GQGSV,1,1,03,02,14,149,38,03,40,169,44,07,53,169,40,,,,*49
$GQGSV,1,1,03,02,14,149,38,03,40,169,44,07,53,169,40,,,,*49
$GQGSV,1,1,03,02,14,149,38,03,40,169,44,07,53,169,40,,,,*49
$GQGSV,1,1,03,02,14,149,38,03,40,169,44,07,53,169,40,,,,*49
$GQGSV,1,1,03,02,14,149,38,03,40,169,44,07,53,169,40,,,,*49
$GQGSV,1,1,03,02,14,149,38,03,40,169,44,07,53,169,41,,,,*48
$GQGSV,1,1,03,02,14,149,38,03,40,169,44,07,53,169,41,,,,*48
$GQGSV,1,1,03,02,14,149,38,03,40,169,44,07,53,169,41,,,,*48
$GQGSV,1,1,03,02,14,149,38,03,40,169,44,07,53,169,41,,,,*48
$GQGSV,1,1,03,02,14,149,38,03,40,169,44,07,53,169,41,,,,*48
$GQGSV,1,1,03,02,14,149,38,03,40,169,44,07,53,169,41,,,,*48
$GQGSV,1,1,03,02,14,149,38,03,40,169,44,07,53,169,41,,,,*48
$GQGSV,1,1,03,02,14,149,38,03,40,169,44,07,53,169,41,,,,*48
$GQGSV,1,1,03,02,14,149,38,03,40,169,44,07,53,169,41,,,,*48
$GQGSV,1,1,03,02,14,149,38,03,40,169,44,07,53,169,41,,,,*48
$GQGSV,1,1,03,02,14,149,38,03,40,169,44,07,53,169,41,,,,*48
$GQGSV,1,1,03,02,14,149,38,03,40,169,45,07,53,169,41,,,,*49
$GQGSV,1,1,03,02,14,149,38,03,40,169,45,07,53,169,41,,,,*49
$GQGSV,1,1,03,02,14,149,38,03,40,169,45,07,53,169,41,,,,*49
$GQGSV,1,1,03,02,14,149,38,03,40,169,45,07,53,169,41,,,,*49
$GQGSV,1,1,03,02,14,149,38,03,40,169,45,07,53,169,41,,,,*49
$GQGSV,1,1,03,02,14,149,38,03,40,170,45,07,53,169,41,,,,*41
$GQGSV,1,1,03,02,14,149,38,03,40,170,45,07,53,169,41,,,,*41
$GQGSV,1,1,03,02,14,149,38,03,40,170,45,07,53,169,41,,,,*41
$GQGSV,1,1,03,02,14,149,38,03,40,170,44,07,53,169,41,,,,*40
$GQGSV,1,1,03,02,14,149,38,03,40,170,44,07,53,169,41,,,,*40
$GQGSV,1,1,03,02,14,149,38,03,40,170,44,07,53,169,41,,,,*40
$GQGSV,1,1,03,02,14,149,38,03,40,170,44,07,53,169,41,,,,*40
$GQGSV,1,1,03,02,14,149,38,03,40,170,44,07,53,169,40,,,,*41
$GQGSV,1,1,03,02,14,149,38,03,40,170,44,07,53,169,40,,,,*41
$GQGSV,1,1,03,02,14,149,38,03,40,170,44,07,53,169,40,,,,*41
$GQGSV,1,1,03,02,14,149,38,03,40,170,45,07,53,169,40,,,,*40
$GQGSV,1,1,03,02,14,149,38,03,40,170,45,07,53,169,40,,,,*40
$GQGSV,1,1,03,02,14,149,38,03,40,170,45,07,53,169,40,,,,*40
$GQGSV,1,1,03,02,14,149,38,03,40,170,45,07,53,169,40,,,,*40
$GQGSV,1,1,03,02,14,149,38,03,40,170,45,07,53,169,40,,,,*40
$GQGSV,1,1,03,02,14,149,38,03,40,170,45,07,53,169,40,,,,*40
$GQGSV,1,1,03,02,14,149,38,03,40,170,45,07,53,169,40,,,,*40
$GQGSV,1,1,03,02,14,149,38,03,40,170,45,07,53,169,40,,,,*40
$GQGSV,1,1,03,02,14,149,38,03,40,170,45,07,53,169,40,,,,*40
$GQGSV,1,1,03,02,14,149,38,03,40,170,45,07,53,169,40,,,,*40
$GQGSV,1,1,03,02,14,149,38,03,40,170,45,07,53,169,40,,,,*40
$GQGSV,1,1,03,02,14,149,38,03,40,170,45,07,53,169,40,,,,*40
$GQGSV,1,1,03,02,14,149,38,03,40,170,45,07,53,169,40,,,,*40
$GQGSV,1,1,03,02,14,149,38,03,40,170,45,07,53,169,40,,,,*40
$GQGSV,1,1,03,02,14,149,38,03,40,170,45,07,53,169,40,,,,*40
$GQGSV,1,1,03,02,14,149,38,03,40,170,45,07,53,169,40,,,,*40
$GQGSV,1,1,03,02,14,149,38,03,40,170,45,07,53,169,40,,,,*40
$GQGSV,1,1,03,02,14,149,38,03,40,170,44,07,53,169,40,,,,*41
$GQGSV,1,1,03,02,14,149,38,03,40,170,44,07,53,169,40,,,,*41
$GQGSV,1,1,03,02,14,149,38,03,40,170,44,07,53,169,40,,,,*41
$GQGSV,1,1,03,02,14,149,38,03,40,170,44,07,53,169,40,,,,*41
$GQGSV,1,1,03,02,14,149,38,03,40,170,44,07,53,169,40,,,,*41
$GQGSV,1,1,03,02,14,149,38,03,40,170,44,07,53,169,40,,,,*41
$GQGSV,1,1,03,02,14,149,38,03,40,170,44,07,53,169,40,,,,*41
$GQGSV,1,1,03,02,14,149,38,03,40,170,44,07,53,169,40,,,,*41
$GQGSV,1,1,03,02,14,149,38,03,40,170,44,07,53,169,40,,,,*41
$GQGSV,1,1,03,02,14,149,38,03,40,170,44,07,53,169,40,,,,*41
$GQGSV,1,1,03,02,14,149,38,03,40,170,44,07,53,169,40,,,,*41
$GQGSV,1,1,03,02,14,149,38,03,40,170,44,07,53,169,40,,,,*41
$GQGSV,1,1,03,02,14,149,38,03,40,170,44,07,53,169,40,,,,*41
$GQGSV,1,1,03,02,14,149,38,03,40,170,44,07,53,169,40,,,,*41
$GQGSV,1,1,03,02,14,149,38,03,40,170,44,07,53,169,40,,,,*41
$GQGSV,1,1,03,02,14,149,37,03,40,170,44,07,53,169,40,,,,*4E
$GQGSV,1,1,03,02,14,149,37,03,40,170,44,07,53,169,40,,,,*4E
$GQGSV,1,1,03,02,14,149,38,03,40,170,44,07,53,169,40,,,,*41
$GQGSV,1,1,03,02,14,149,37,03,40,170,44,07,53,169,40,,,,*4E
$GQGSV,1,1,03,02,14,149,37,03,40,170,44,07,53,169,40,,,,*4E
$GQGSV,1,1,03,02,14,149,37,03,40,170,44,07,53,169,40,,,,*4E
$GQGSV,1,1,03,02,14,149,37,03,40,170,44,07,53,169,40,,,,*4E
$GQGSV,1,1,03,02,14,149,37,03,40,170,44,07,53,169,40,,,,*4E
$GQGSV,1,1,03,02,14,149,37,03,40,170,44,07,53,169,40,,,,*4E
$GQGSV,1,1,03,02,14,149,37,03,40,170,44,07,53,169,40,,,,*4E
$GQGSV,1,1,03,02,14,149,37,03,40,170,44,07,53,169,40,,,,*4E
$GQGSV,1,1,03,02,14,149,37,03,40,170,44,07,53,169,40,,,,*4E
$GQGSV,1,1,03,02,14,149,37,03,40,170,44,07,53,169,40,,,,*4E
$GQGSV,1,1,03,02,14,149,37,03,40,170,44,07,53,169,41,,,,*4F
$GQGSV,1,1,03,02,14,149,37,03,40,170,44,07,53,169,41,,,,*4F
$GQGSV,1,1,03,02,14,149,37,03,40,170,44,07,53,169,41,,,,*4F
$GQGSV,1,1,03,02,14,149,37,03,40,170,44,07,53,169,41,,,,*4F
$GQGSV,1,1,03,02,14,149,37,03,40,170,44,07,53,169,41,,,,*4F
$GQGSV,1,1,03,02,14,149,37,03,40,170,44,07,53,169,40,,,,*4E
$GQGSV,1,1,03,02,14,149,37,03,40,170,44,07,53,169,40,,,,*4E
$GQGSV,1,1,03,02,14,149,37,03,40,170,44,07,53,169,40,,,,*4E
$GQGSV,1,1,03,02,14,149,37,03,40,170,44,07,53,169,40,,,,*4E
$GQGSV,1,1,03,02,14,149,37,03,40,170,44,07,53,169,40,,,,*4E
$GQGSV,1,1,03,02,14,149,37,03,40,170,44,07,53,169,40,,,,*4E
$GQGSV,1,1,03,02,14,149,37,03,40,170,44,07,53,169,40,,,,*4E
$GQGSV,1,1,03,02,14,149,37,03,40,170,44,07,53,169,40,,,,*4E
$GQGSV,1,1,03,02,14,149,37,03,40,170,44,07,53,169,40,,,,*4E
$GQGSV,1,1,03,02,14,149,37,03,40,170,44,07,53,169,40,,,,*4E
$GQGSV,1,1,03,02,14,149,37,03,40,170,44,07,53,169,40,,,,*4E
$GQGSV,1,1,03,02,14,149,37,03,40,170,44,07,53,169,40,,,,*4E
$GQGSV,1,1,03,02,14,149,37,03,40,170,44,07,53,169,40,,,,*4E
$GQGSV,1,1,03,02,14,149,37,03,40,170,44,07,53,169,40,,,,*4E
$GQGSV,1,1,03,02,14,149,37,03,40,170,44,07,53,169,40,,,,*4E
$GQGSV,1,1,03,02,14,149,38,03,40,170,44,07,53,169,40,,,,*41
$GQGSV,1,1,03,02,14,149,38,03,40,170,44,07,53,169,40,,,,*41
$GQGSV,1,1,03,02,14,149,38,03,40,170,44,07,53,169,40,,,,*41
$GQGSV,1,1,03,02,14,149,38,03,40,170,44,07,53,169,40,,,,*41
$GQGSV,1,1,03,02,14,149,38,03,40,170,44,07,53,169,40,,,,*41
$GQGSV,1,1,03,02,14,149,38,03,40,170,44,07,53,169,40,,,,*41
$GQGSV,1,1,03,02,14,149,38,03,40,170,44,07,53,169,40,,,,*41
$GQGSV,1,1,03,02,14,149,38,03,40,170,44,07,53,169,40,,,,*41
$GQGSV,1,1,03,02,14,149,38,03,40,170,43,07,53,169,40,,,,*46
$GQGSV,1,1,03,02,14,149,38,03,40,170,43,07,53,169,40,,,,*46
$GQGSV,1,1,03,02,14,149,38,03,40,170,43,07,53,169,40,,,,*46
$GQGSV,1,1,03,02,14,149,38,03,40,170,43,07,53,169,40,,,,*46
$GQGSV,1,1,03,02,14,149,38,03,40,170,43,07,53,169,40,,,,*46
$GQGSV,1,1,03,02,14,149,38,03,40,170,43,07,53,169,40,,,,*46
$GQGSV,1,1,03,02,14,149,38,03,40,170,43,07,53,169,40,,,,*46
$GQGSV,1,1,03,02,14,149,38,03,40,170,43,07,53,169,40,,,,*46
$GQGSV,1,1,03,02,14,149,38,03,40,170,43,07,53,169,40,,,,*46
$GQGSV,1,1,03,02,14,149,38,03,40,170,43,07,53,169,40,,,,*46
$GQGSV,1,1,03,02,14,149,38,03,40,170,43,07,53,169,40,,,,*46
$GQGSV,1,1,03,02,14,149,38,03,40,170,43,07,53,169,40,,,,*46
$GQGSV,1,1,03,02,14,149,38,03,40,170,43,07,53,169,40,,,,*46
$GQGSV,1,1,03,02,14,149,38,03,40,170,43,07,53,169,40,,,,*46
$GQGSV,1,1,03,02,14,149,38,03,40,170,43,07,53,169,40,,,,*46
$GQGSV,1,1,03,02,14,149,38,03,40,170,43,07,53,169,40,,,,*46
$GQGSV,1,1,03,02,14,149,38,03,40,170,43,07,53,169,40,,,,*46
$GQGSV,1,1,03,02,14,149,38,03,40,170,43,07,53,169,40,,,,*46
$GQGSV,1,1,03,02,14,149,38,03,40,170,43,07,53,169,40,,,,*46
$GQGSV,1,1,03,02,14,149,38,03,40,170,43,07,53,169,40,,,,*46
$GQGSV,1,1,03,02,14,149,38,03,40,170,43,07,53,169,40,,,,*46
$GQGSV,1,1,03,02,14,149,38,03,40,170,43,07,53,169,40,,,,*46
$GQGSV,1,1,03,02,14,149,38,03,40,170,43,07,53,169,40,,,,*46
$GQGSV,1,1,03,02,14,149,38,03,40,170,43,07,53,169,40,,,,*46
$GQGSV,1,1,03,02,14,149,38,03,40,170,43,07,53,169,40,,,,*46
$GQGSV,1,1,03,02,14,149,38,03,40,170,43,07,53,169,40,,,,*46
$GQGSV,1,1,03,02,14,149,38,03,40,170,43,07,53,169,40,,,,*46
$GQGSV,1,1,03,02,14,149,38,03,40,170,43,07,53,169,40,,,,*46
$GQGSV,1,1,03,02,14,149,38,03,40,170,43,07,53,169,40,,,,*46
$GQGSV,1,1,03,02,14,149,38,03,40,170,43,07,53,169,40,,,,*46
$GQGSV,1,1,03,02,14,149,38,03,40,170,43,07,53,169,40,,,,*46
$GQGSV,1,1,03,02,14,149,38,03,40,170,43,07,53,169,40,,,,*46
$GQGSV,1,1,03,02,14,149,38,03,40,170,43,07,53,169,40,,,,*46
$GQGSV,1,1,03,02,14,149,38,03,40,170,43,07,53,169,40,,,,*46
$GQGSV,1,1,03,02,14,149,38,03,40,170,43,07,53,169,40,,,,*46
$GQGSV,1,1,03,02,14,149,38,03,40,170,43,07,53,169,40,,,,*46
$GQGSV,1,1,03,02,14,149,38,03,40,170,43,07,53,169,40,,,,*46
$GQGSV,1,1,03,02,14,149,38,03,40,170,43,07,53,169,40,,,,*46
$GQGSV,1,1,03,02,14,149,38,03,40,170,43,07,53,169,40,,,,*46
$GQGSV,1,1,03,02,14,149,38,03,40,170,43,07,53,169,40,,,,*46
$GQGSV,1,1,03,02,14,149,38,03,40,170,43,07,53,169,40,,,,*46
$GQGSV,1,1,03,02,14,149,38,03,40,170,43,07,53,169,40,,,,*46
$GQGSV,1,1,03,02,14,149,38,03,40,170,43,07,53,169,40,,,,*46
$GQGSV,1,1,03,02,14,149,38,03,40,170,43,07,53,169,40,,,,*46
$GQGSV,1,1,03,02,14,149,38,03,40,170,43,07,53,169,40,,,,*46
$GQGSV,1,1,03,02,14,149,38,03,40,170,43,07,53,169,40,,,,*46
$GQGSV,1,1,03,02,14,149,38,03,40,170,44,07,53,169,40,,,,*41
$GQGSV,1,1,03,02,14,149,38,03,40,170,44,07,53,169,40,,,,*41
$GQGSV,1,1,03,02,14,149,38,03,40,170,44,07,53,169,40,,,,*41
$GQGSV,1,1,03,02,14,149,38,03,40,170,44,07,53,169,40,,,,*41
$GQGSV,1,1,03,02,14,149,38,03,40,170,44,07,53,169,40,,,,*41
$GQGSV,1,1,03,02,14,149,38,03,40,170,44,07,53,169,40,,,,*41
$GQGSV,1,1,03,02,14,149,38,03,40,170,43,07,53,169,40,,,,*46
$GQGSV,1,1,03,02,14,149,38,03,40,170,43,07,53,169,40,,,,*46
$GQGSV,1,1,03,02,14,149,38,03,40,170,43,07,53,169,40,,,,*46
$GQGSV,1,1,03,02,14,149,38,03,40,170,43,07,53,169,40,,,,*46
$GQGSV,1,1,03,02,14,149,38,03,40,170,43,07,53,169,40,,,,*46
$GQGSV,1,1,03,02,14,149,38,03,40,170,43,07,53,169,40,,,,*46
$GQGSV,1,1,03,02,14,149,38,03,40,170,43,07,53,169,40,,,,*46
$GQGSV,1,1,03,02,14,149,38,03,40,170,43,07,53,169,40,,,,*46
$GQGSV,1,1,03,02,14,149,38,03,40,170,43,07,53,169,40,,,,*46
$GQGSV,1,1,03,02,14,149,38,03,40,170,43,07,53,169,40,,,,*46
$GQGSV,1,1,03,02,14,149,38,03,40,170,43,07,53,169,40,,,,*46
$GQGSV,1,1,03,02,14,149,38,03,40,170,43,07,53,169,40,,,,*46
$GQGSV,1,1,03,02,14,149,38,03,40,170,43,07,53,169,40,,,,*46
$GQGSV,1,1,03,02,14,149,38,03,40,170,43,07,53,169,40,,,,*46
$GQGSV,1,1,03,02,14,149,38,03,40,170,43,07,53,169,40,,,,*46
$GQGSV,1,1,03,02,14,149,38,03,40,170,43,07,53,169,40,,,,*46
$GQGSV,1,1,03,02,14,149,38,03,40,170,43,07,53,169,40,,,,*46
$GQGSV,1,1,03,02,14,149,38,03,40,170,43,07,53,169,40,,,,*46
$GQGSV,1,1,03,02,14,149,38,03,40,170,43,07,53,169,40,,,,*46
$GQGSV,1,1,03,02,14,149,38,03,40,170,43,07,53,169,40,,,,*46
$GQGSV,1,1,03,02,14,149,38,03,40,170,43,07,53,169,40,,,,*46
$GQGSV,1,1,03,02,14,149,38,03,40,170,43,07,53,169,40,,,,*46
$GQGSV,1,1,03,02,14,149,38,03,40,170,44,07,53,169,40,,,,*41
$GQGSV,1,1,03,02,14,149,38,03,40,170,44,07,53,169,40,,,,*41
$GQGSV,1,1,03,02,14,149,38,03,40,170,44,07,53,169,40,,,,*41
$GQGSV,1,1,03,02,14,149,38,03,40,170,44,07,53,169,40,,,,*41
$GQGSV,1,1,03,02,14,149,38,03,40,170,44,07,53,169,40,,,,*41
$GQGSV,1,1,03,02,14,149,38,03,40,170,44,07,53,169,40,,,,*41
$GQGSV,1,1,03,02,14,149,38,03,40,170,44,07,53,169,40,,,,*41
$GQGSV,1,1,03,02,14,149,38,03,40,170,44,07,53,169,40,,,,*41
$GQGSV,1,1,03,02,14,149,38,03,40,170,44,07,53,169,40,,,,*41
$GQGSV,1,1,03,02,14,149,38,03,40,170,44,07,53,169,40,,,,*41
$GQGSV,1,1,03,02,14,149,38,03,40,170,44,07,53,169,40,,,,*41
$GQGSV,1,1,03,02,14,149,38,03,40,170,44,07,53,169,40,,,,*41
$GQGSV,1,1,03,02,14,149,38,03,40,170,44,07,53,169,40,,,,*41
$GQGSV,1,1,03,02,14,149,38,03,40,170,44,07,53,169,40,,,,*41
$GQGSV,1,1,03,02,14,149,37,03,40,170,44,07,53,169,40,,,,*4E
$GQGSV,1,1,03,02,14,149,37,03,40,170,44,07,53,169,40,,,,*4E
$GQGSV,1,1,03,02,14,149,37,03,40,170,44,07,53,169,40,,,,*4E
$GQGSV,1,1,03,02,14,149,37,03,40,170,44,07,53,169,40,,,,*4E
$GQGSV,1,1,03,02,14,149,37,03,40,170,44,07,53,169,40,,,,*4E
$GQGSV,1,1,03,02,14,149,37,03,40,170,44,07,53,169,40,,,,*4E
$GQGSV,1,1,03,02,14,149,37,03,40,170,44,07,53,169,40,,,,*4E
$GQGSV,1,1,03,02,14,149,37,03,40,170,44,07,53,169,40,,,,*4E
$GQGSV,1,1,03,02,14,149,37,03,40,170,44,07,53,169,40,,,,*4E
$GQGSV,1,1,03,02,14,149,37,03,40,170,44,07,53,169,40,,,,*4E
$GQGSV,1,1,03,02,14,149,37,03,40,170,44,07,53,169,40,,,,*4E
$GQGSV,1,1,03,02,14,149,37,03,40,170,44,07,53,169,40,,,,*4E
$GQGSV,1,1,03,02,14,149,37,03,40,170,44,07,53,169,40,,,,*4E
$GQGSV,1,1,03,02,14,149,37,03,40,170,44,07,53,169,40,,,,*4E
$GQGSV,1,1,03,02,14,149,37,03,40,170,44,07,53,169,40,,,,*4E
$GQGSV,1,1,03,02,14,149,37,03,40,170,44,07,53,169,40,,,,*4E
$GQGSV,1,1,03,02,14,149,37,03,40,170,44,07,53,169,40,,,,*4E
$GQGSV,1,1,03,02,14,149,37,03,40,170,44,07,53,169,40,,,,*4E
$GQGSV,1,1,03,02,14,149,37,03,40,170,44,07,53,169,40,,,,*4E
$GQGSV,1,1,03,02,14,149,37,03,40,170,44,07,53,169,40,,,,*4E
$GQGSV,1,1,03,02,14,149,37,03,40,170,44,07,53,169,40,,,,*4E
$GQGSV,1,1,03,02,14,149,37,03,40,170,44,07,53,169,40,,,,*4E
$GQGSV,1,1,03,02,14,149,37,03,40,170,43,07,53,169,40,,,,*49
$GQGSV,1,1,03,02,14,149,37,03,40,170,43,07,53,169,40,,,,*49
$GQGSV,1,1,03,02,14,149,37,03,40,170,43,07,53,169,40,,,,*49
$GQGSV,1,1,03,02,14,149,37,03,40,170,43,07,53,169,40,,,,*49
$GQGSV,1,1,03,02,14,149,37,03,40,170,43,07,53,169,40,,,,*49
$GQGSV,1,1,03,02,14,149,37,03,40,170,43,07,53,169,40,,,,*49
$GQGSV,1,1,03,02,14,149,36,03,40,170,43,07,53,169,40,,,,*48
$GQGSV,1,1,03,02,14,149,36,03,40,170,43,07,53,169,40,,,,*48
$GQGSV,1,1,03,02,14,149,36,03,40,170,43,07,53,169,40,,,,*48
$GQGSV,1,1,03,02,14,149,36,03,40,170,43,07,53,169,40,,,,*48
$GQGSV,1,1,03,02,14,149,36,03,40,170,44,07,53,169,40,,,,*4F
$GQGSV,1,1,03,02,14,149,36,03,40,170,44,07,53,169,40,,,,*4F
$GQGSV,1,1,03,02,14,149,36,03,40,170,44,07,53,169,40,,,,*4F
$GQGSV,1,1,03,02,14,149,36,03,40,170,44,07,53,169,40,,,,*4F
$GQGSV,1,1,03,02,14,149,36,03,40,170,44,07,53,169,40,,,,*4F
$GQGSV,1,1,03,02,14,149,36,03,40,170,44,07,53,169,40,,,,*4F
$GQGSV,1,1,03,02,14,149,36,03,40,170,44,07,53,169,40,,,,*4F
$GQGSV,1,1,03,02,14,149,36,03,40,170,44,07,53,169,40,,,,*4F
$GQGSV,1,1,03,02,14,149,36,03,40,170,44,07,53,169,40,,,,*4F
$GQGSV,1,1,03,02,14,149,36,03,40,170,44,07,53,169,40,,,,*4F
$GQGSV,1,1,03,02,14,149,36,03,40,170,44,07,53,169,40,,,,*4F
$GQGSV,1,1,03,02,14,149,36,03,40,170,44,07,53,169,40,,,,*4F
$GQGSV,1,1,03,02,14,149,36,03,40,170,44,07,53,169,40,,,,*4F
$GQGSV,1,1,03,02,14,149,36,03,40,170,44,07,53,169,40,,,,*4F
$GQGSV,1,1,03,02,14,149,36,03,40,170,44,07,53,169,40,,,,*4F
$GQGSV,1,1,03,02,14,149,36,03,40,170,44,07,53,169,40,,,,*4F
$GQGSV,1,1,03,02,14,149,36,03,40,170,44,07,53,169,40,,,,*4F
$GQGSV,1,1,03,02,14,149,36,03,40,170,44,07,53,169,40,,,,*4F
$GQGSV,1,1,03,02,14,149,36,03,40,170,43,07,53,169,40,,,,*48
$GQGSV,1,1,03,02,14,149,36,03,40,170,43,07,53,169,40,,,,*48
$GQGSV,1,1,03,02,14,149,36,03,40,170,43,07,53,169,40,,,,*48
$GQGSV,1,1,03,02,14,149,36,03,40,170,43,07,53,169,40,,,,*48
$GQGSV,1,1,03,02,14,149,36,03,40,170,43,07,53,169,40,,,,*48
$GQGSV,1,1,03,02,14,149,36,03,40,170,43,07,53,169,40,,,,*48
$GQGSV,1,1,03,02,14,149,36,03,40,170,43,07,53,169,40,,,,*48
$GQGSV,1,1,03,02,14,149,36,03,40,170,43,07,53,169,40,,,,*48
$GQGSV,1,1,03,02,14,149,36,03,40,170,43,07,53,169,40,,,,*48
$GQGSV,1,1,03,02,14,149,35,03,40,170,43,07,53,169,40,,,,*4B
$GQGSV,1,1,03,02,14,149,35,03,40,170,43,07,53,169,40,,,,*4B
$GQGSV,1,1,03,02,14,149,35,03,40,170,43,07,53,169,40,,,,*4B
$GQGSV,1,1,03,02,14,149,35,03,40,170,43,07,53,169,40,,,,*4B
$GQGSV,1,1,03,02,14,149,35,03,40,170,43,07,53,169,40,,,,*4B
$GQGSV,1,1,03,02,14,149,35,03,40,170,43,07,53,169,40,,,,*4B
$GQGSV,1,1,03,02,14,149,35,03,40,170,43,07,53,169,40,,,,*4B
$GQGSV,1,1,03,02,14,149,35,03,40,170,43,07,53,169,40,,,,*4B
$GQGSV,1,1,03,02,14,149,35,03,40,170,43,07,53,169,40,,,,*4B
$GQGSV,1,1,03,02,14,149,35,03,40,170,43,07,53,169,40,,,,*4B
$GQGSV,1,1,03,02,14,149,35,03,40,170,43,07,53,169,40,,,,*4B
$GQGSV,1,1,03,02,14,149,35,03,40,170,43,07,53,169,40,,,,*4B
$GQGSV,1,1,03,02,14,149,35,03,40,170,43,07,53,169,40,,,,*4B
$GQGSV,1,1,03,02,14,149,36,03,40,170,43,07,53,169,40,,,,*48
$GQGSV,1,1,03,02,14,149,36,03,40,170,43,07,53,169,40,,,,*48
$GQGSV,1,1,03,02,14,149,36,03,40,170,43,07,53,169,40,,,,*48
$GQGSV,1,1,03,02,14,149,36,03,40,170,43,07,53,169,40,,,,*48
$GQGSV,1,1,03,02,14,149,36,03,40,170,43,07,53,169,40,,,,*48
$GQGSV,1,1,03,02,14,149,36,03,40,170,43,07,53,169,40,,,,*48
$GQGSV,1,1,03,02,14,149,36,03,40,170,43,07,53,169,40,,,,*48
$GQGSV,1,1,03,02,14,149,36,03,40,170,43,07,53,169,40,,,,*48
$GQGSV,1,1,03,02,14,149,36,03,40,170,43,07,53,169,40,,,,*48
$GQGSV,1,1,03,02,14,149,36,03,40,170,43,07,53,169,40,,,,*48
$GQGSV,1,1,03,02,14,149,36,03,40,170,43,07,53,169,40,,,,*48
$GQGSV,1,1,03,02,14,149,36,03,40,170,43,07,53,169,40,,,,*48
$GQGSV,1,1,03,02,14,149,36,03,40,170,43,07,53,169,40,,,,*48
$GQGSV,1,1,03,02,14,149,36,03,40,170,43,07,53,169,40,,,,*48
$GQGSV,1,1,03,02,14,149,36,03,40,170,43,07,53,169,40,,,,*48
$GQGSV,1,1,03,02,14,149,36,03,40,170,43,07,53,169,40,,,,*48
$GQGSV,1,1,03,02,14,149,36,03,40,170,43,07,53,169,40,,,,*48
$GQGSV,1,1,03,02,14,149,36,03,40,170,43,07,53,169,40,,,,*48
$GQGSV,1,1,03,02,14,149,36,03,40,170,43,07,53,169,40,,,,*48
$GQGSV,1,1,03,02,14,149,36,03,40,170,43,07,53,169,40,,,,*48
$GQGSV,1,1,03,02,14,149,36,03,40,170,43,07,53,169,40,,,,*48
$GQGSV,1,1,03,02,14,149,36,03,40,170,43,07,53,169,40,,,,*48
$GQGSV,1,1,03,02,14,149,36,03,40,170,43,07,53,169,40,,,,*48
$GQGSV,1,1,03,02,14,149,36,03,40,170,43,07,53,169,40,,,,*48
$GQGSV,1,1,03,02,14,149,36,03,40,170,43,07,53,169,40,,,,*48
$GQGSV,1,1,03,02,14,149,36,03,40,170,43,07,53,169,40,,,,*48
$GQGSV,1,1,03,02,14,149,36,03,40,170,43,07,53,169,40,,,,*48
$GQGSV,1,1,03,02,14,149,36,03,40,170,43,07,53,169,40,,,,*48
$GQGSV,1,1,03,02,14,149,36,03,40,170,43,07,53,169,40,,,,*48
$GQGSV,1,1,03,02,14,149,36,03,40,170,43,07,53,169,40,,,,*48
$GQGSV,1,1,03,02,14,149,36,03,40,170,43,07,53,169,40,,,,*48
$GQGSV,1,1,03,02,14,149,36,03,40,170,43,07,53,169,40,,,,*48
$GQGSV,1,1,03,02,14,149,36,03,40,170,43,07,53,169,40,,,,*48
$GQGSV,1,1,03,02,14,149,36,03,40,170,43,07,53,169,40,,,,*48
$GQGSV,1,1,03,02,14,149,36,03,40,170,43,07,53,169,40,,,,*48
$GQGSV,1,1,03,02,14,149,36,03,40,170,43,07,53,169,40,,,,*48
$GQGSV,1,1,03,02,14,149,36,03,40,170,43,07,53,169,40,,,,*48
$GQGSV,1,1,03,02,14,149,36,03,40,170,43,07,53,169,40,,,,*48
$GQGSV,1,1,03,02,14,149,36,03,40,170,43,07,53,169,40,,,,*48
$GQGSV,1,1,03,02,14,149,36,03,40,170,43,07,53,169,40,,,,*48
$GQGSV,1,1,03,02,14,149,36,03,40,170,43,07,53,169,40,,,,*48
$GQGSV,1,1,03,02,14,149,36,03,40,170,43,07,53,169,40,,,,*48
$GQGSV,1,1,03,02,14,149,36,03,40,170,43,07,53,169,40,,,,*48
$GQGSV,1,1,03,02,14,149,36,03,40,170,43,07,53,169,40,,,,*48
$GQGSV,1,1,03,02,14,149,36,03,40,170,43,07,53,169,39,,,,*46
$GQGSV,1,1,03,02,14,149,36,03,40,170,43,07,53,169,39,,,,*46
$GQGSV,1,1,03,02,14,149,36,03,40,170,43,07,53,169,39,,,,*46
$GQGSV,1,1,03,02,14,149,36,03,40,170,43,07,53,169,40,,,,*48
$GQGSV,1,1,03,02,14,149,36,03,40,170,43,07,53,169,40,,,,*48
$GQGSV,1,1,03,02,14,149,36,03,40,170,43,07,53,169,40,,,,*48
$GQGSV,1,1,03,02,14,149,36,03,40,170,43,07,53,169,40,,,,*48
$GQGSV,1,1,03,02,14,149,36,03,40,170,43,07,53,169,40,,,,*48
$GQGSV,1,1,03,02,14,149,36,03,40,170,43,07,53,169,40,,,,*48
$GQGSV,1,1,03,02,14,149,36,03,40,170,43,07,53,169,40,,,,*48
$GQGSV,1,1,03,02,14,149,36,03,40,170,43,07,53,169,40,,,,*48
$GQGSV,1,1,03,02,14,149,36,03,40,170,43,07,53,169,40,,,,*48
$GQGSV,1,1,03,02,14,149,36,03,40,170,43,07,53,169,40,,,,*48
$GQGSV,1,1,03,02,14,149,36,03,40,170,43,07,53,169,40,,,,*48
$GQGSV,1,1,03,02,14,149,36,03,40,170,43,07,53,169,40,,,,*48
$GQGSV,1,1,03,02,14,149,36,03,40,170,43,07,53,169,40,,,,*48
$GQGSV,1,1,03,02,14,149,36,03,40,170,43,07,53,169,40,,,,*48
$GQGSV,1,1,03,02,14,149,36,03,40,170,43,07,53,169,40,,,,*48
$GQGSV,1,1,03,02,14,149,36,03,40,170,43,07,53,169,40,,,,*48
$GQGSV,1,1,03,02,14,149,36,03,40,170,43,07,53,169,40,,,,*48
$GQGSV,1,1,03,02,14,149,36,03,40,170,43,07,53,169,40,,,,*48
$GQGSV,1,1,03,02,14,149,36,03,40,170,43,07,53,169,40,,,,*48
$GQGSV,1,1,03,02,14,149,36,03,40,170,43,07,53,169,40,,,,*48
$GQGSV,1,1,03,02,14,149,36,03,40,170,43,07,53,169,40,,,,*48
$GQGSV,1,1,03,02,14,149,36,03,40,170,43,07,53,169,40,,,,*48
$GQGSV,1,1,03,02,14,149,36,03,40,170,43,07,53,169,40,,,,*48
$GQGSV,1,1,03,02,14,149,36,03,40,170,43,07,53,169,40,,,,*48
$GQGSV,1,1,03,02,14,149,36,03,40,170,43,07,53,169,40,,,,*48
$GQGSV,1,1,03,02,14,149,36,03,40,170,43,07,53,169,40,,,,*48
$GQGSV,1,1,03,02,14,149,36,03,40,170,43,07,53,169,40,,,,*48
$GQGSV,1,1,03,02,14,149,36,03,40,170,43,07,53,169,40,,,,*48
$GQGSV,1,1,03,02,14,149,36,03,40,170,43,07,53,169,40,,,,*48
$GQGSV,1,1,03,02,14,149,36,03,40,170,43,07,53,169,40,,,,*48
$GQGSV,1,1,03,02,14,149,36,03,40,170,43,07,53,169,40,,,,*48
$GQGSV,1,1,03,02,14,149,36,03,40,170,43,07,53,169,40,,,,*48
$GQGSV,1,1,03,02,14,149,36,03,40,170,43,07,53,169,40,,,,*48
$GQGSV,1,1,03,02,14,149,36,03,40,170,43,07,53,169,40,,,,*48
$GQGSV,1,1,03,02,14,149,36,03,40,170,43,07,53,169,40,,,,*48
$GQGSV,1,1,03,02,14,149,36,03,40,170,43,07,53,169,39,,,,*46
$GQGSV,1,1,03,02,14,149,36,03,40,170,43,07,53,169,39,,,,*46
$GQGSV,1,1,03,02,14,149,36,03,40,170,43,07,53,169,39,,,,*46
$GQGSV,1,1,03,02,14,149,36,03,40,170,43,07,53,169,39,,,,*46
$GQGSV,1,1,03,02,14,149,36,03,40,170,43,07,53,169,39,,,,*46
$GQGSV,1,1,03,02,14,149,36,03,40,170,43,07,53,169,39,,,,*46
$GQGSV,1,1,03,02,14,149,36,03,40,170,43,07,53,169,39,,,,*46
$GQGSV,1,1,03,02,14,149,36,03,40,170,43,07,53,169,39,,,,*46
$GQGSV,1,1,03,02,14,149,36,03,40,170,43,07,53,169,39,,,,*46
$GQGSV,1,1,03,02,14,149,36,03,40,170,43,07,53,169,39,,,,*46
$GQGSV,1,1,03,02,14,149,36,03,40,170,43,07,53,169,39,,,,*46
$GQGSV,1,1,03,02,14,149,36,03,40,170,43,07,53,169,39,,,,*46
$GQGSV,1,1,03,02,14,149,36,03,40,170,43,07,53,169,39,,,,*46
$GQGSV,1,1,03,02,14,149,36,03,40,170,43,07,53,169,39,,,,*46
$GQGSV,1,1,03,02,14,149,36,03,40,170,43,07,53,169,39,,,,*46
$GQGSV,1,1,03,02,14,149,36,03,40,170,43,07,53,169,39,,,,*46
$GQGSV,1,1,03,02,14,149,36,03,40,170,43,07,53,169,39,,,,*46
$GQGSV,1,1,03,02,14,149,36,03,40,170,43,07,53,169,39,,,,*46
$GQGSV,1,1,03,02,14,149,36,03,40,170,43,07,53,169,39,,,,*46
$GQGSV,1,1,03,02,14,149,36,03,40,170,43,07,53,169,39,,,,*46
$GQGSV,1,1,03,02,14,149,36,03,40,170,43,07,53,169,39,,,,*46
$GQGSV,1,1,03,02,14,149,36,03,40,170,43,07,53,169,40,,,,*48
$GQGSV,1,1,03,02,14,149,36,03,40,170,43,07,53,169,40,,,,*48
$GQGSV,1,1,03,02,14,149,36,03,40,170,43,07,53,169,40,,,,*48
$GQGSV,1,1,03,02,14,149,36,03,40,170,43,07,53,169,40,,,,*48
$GQGSV,1,1,03,02,14,149,36,03,40,170,43,07,53,169,40,,,,*48
$GQGSV,1,1,03,02,14,149,36,03,40,170,43,07,53,169,40,,,,*48
$GQGSV,1,1,03,02,14,149,36,03,40,170,43,07,53,169,40,,,,*48
$GQGSV,1,1,03,02,14,149,36,03,40,170,43,07,53,169,40,,,,*48
$GQGSV,1,1,03,02,14,149,36,03,40,170,43,07,53,169,40,,,,*48
$GQGSV,1,1,03,02,14,149,35,03,40,170,43,07,53,169,40,,,,*4B
$GQGSV,1,1,03,02,14,149,35,03,40,170,43,07,53,169,40,,,,*4B
$GQGSV,1,1,03,02,14,149,35,03,40,170,43,07,53,169,40,,,,*4B
$GQGSV,1,1,03,02,14,149,35,03,40,170,43,07,53,169,40,,,,*4B
$GQGSV,1,1,03,02,14,149,35,03,40,170,43,07,53,169,40,,,,*4B
$GQGSV,1,1,03,02,14,149,35,03,40,170,43,07,53,169,40,,,,*4B
$GQGSV,1,1,03,02,14,149,35,03,40,170,43,07,53,169,40,,,,*4B
$GQGSV,1,1,03,02,14,149,35,03,40,170,43,07,53,169,40,,,,*4B
$GQGSV,1,1,03,02,14,149,34,03,40,170,43,07,53,169,40,,,,*4A
$GQGSV,1,1,03,02,14,149,34,03,40,170,43,07,53,169,40,,,,*4A
$GQGSV,1,1,03,02,14,149,34,03,40,170,43,07,53,169,40,,,,*4A
$GQGSV,1,1,03,02,14,149,34,03,40,170,43,07,53,169,40,,,,*4A
$GQGSV,1,1,03,02,14,149,34,03,40,170,43,07,53,169,40,,,,*4A
$GQGSV,1,1,03,02,14,149,34,03,40,170,43,07,53,169,40,,,,*4A
$GQGSV,1,1,03,02,14,149,34,03,40,170,43,07,53,169,40,,,,*4A
$GQGSV,1,1,03,02,14,149,34,03,40,170,43,07,53,169,40,,,,*4A
$GQGSV,1,1,03,02,14,149,34,03,40,170,43,07,53,169,40,,,,*4A
$GQGSV,1,1,03,02,14,149,34,03,40,170,43,07,53,169,40,,,,*4A
$GQGSV,1,1,03,02,14,149,34,03,40,170,43,07,53,169,40,,,,*4A
$GQGSV,1,1,03,02,14,149,35,03,40,170,43,07,53,169,40,,,,*4B
$GQGSV,1,1,03,02,14,149,35,03,40,170,43,07,53,169,40,,,,*4B
$GQGSV,1,1,03,02,14,149,34,03,40,170,43,07,53,169,40,,,,*4A
$GQGSV,1,1,03,02,14,149,34,03,40,170,43,07,53,169,40,,,,*4A
$GQGSV,1,1,03,02,14,149,34,03,40,170,43,07,53,169,40,,,,*4A
$GQGSV,1,1,03,02,14,149,35,03,40,170,43,07,53,169,40,,,,*4B
$GQGSV,1,1,03,02,14,149,35,03,40,170,43,07,53,169,40,,,,*4B
$GQGSV,1,1,03,02,14,149,35,03,40,170,43,07,53,169,40,,,,*4B
$GQGSV,1,1,03,02,14,149,35,03,40,170,43,07,53,169,40,,,,*4B
$GQGSV,1,1,03,02,14,149,35,03,40,170,43,07,53,169,40,,,,*4B
$GQGSV,1,1,03,02,14,149,35,03,40,170,43,07,53,169,40,,,,*4B
$GQGSV,1,1,03,02,14,149,35,03,40,170,43,07,53,169,40,,,,*4B
$GQGSV,1,1,03,02,14,149,35,03,40,170,43,07,53,169,40,,,,*4B
$GQGSV,1,1,03,02,14,149,35,03,40,170,43,07,53,169,40,,,,*4B
$GQGSV,1,1,03,02,14,149,35,03,40,170,42,07,53,169,40,,,,*4A
$GQGSV,1,1,03,02,14,149,35,03,40,170,42,07,53,169,40,,,,*4A
$GQGSV,1,1,03,02,14,149,35,03,40,170,42,07,53,169,40,,,,*4A
$GQGSV,1,1,03,02,14,149,35,03,40,170,42,07,53,169,40,,,,*4A
$GQGSV,1,1,03,02,14,149,35,03,40,170,43,07,53,169,40,,,,*4B
$GQGSV,1,1,03,02,14,149,35,03,40,170,42,07,53,169,40,,,,*4A
$GQGSV,1,1,03,02,14,149,35,03,40,170,42,07,53,169,40,,,,*4A
$GQGSV,1,1,03,02,14,149,35,03,40,170,42,07,53,169,40,,,,*4A
$GQGSV,1,1,03,02,14,149,35,03,40,170,42,07,53,169,40,,,,*4A
$GQGSV,1,1,03,02,14,149,35,03,40,170,42,07,53,169,40,,,,*4A
$GQGSV,1,1,03,02,14,149,35,03,40,170,42,07,53,169,40,,,,*4A
$GQGSV,1,1,03,02,14,149,35,03,40,170,42,07,53,169,40,,,,*4A
$GQGSV,1,1,03,02,14,149,35,03,40,170,42,07,53,169,39,,,,*44
$GQGSV,1,1,03,02,14,149,35,03,40,170,42,07,53,169,39,,,,*44
$GQGSV,1,1,03,02,14,149,35,03,40,170,42,07,53,169,39,,,,*44
$GQGSV,1,1,03,02,14,149,35,03,40,170,42,07,53,169,39,,,,*44
$GQGSV,1,1,03,02,14,149,35,03,40,170,42,07,53,169,40,,,,*4A
$GQGSV,1,1,03,02,14,149,35,03,40,170,42,07,53,169,40,,,,*4A
$GQGSV,1,1,03,02,14,149,35,03,40,170,42,07,53,169,40,,,,*4A
$GQGSV,1,1,03,02,14,149,35,03,40,170,42,07,53,169,40,,,,*4A
$GQGSV,1,1,03,02,14,149,35,03,40,170,43,07,53,169,40,,,,*4B
$GQGSV,1,1,03,02,14,149,35,03,40,170,43,07,53,169,39,,,,*45
$GQGSV,1,1,03,02,14,149,35,03,40,170,43,07,53,169,39,,,,*45
$GQGSV,1,1,03,02,14,149,35,03,40,170,43,07,53,169,39,,,,*45
$GQGSV,1,1,03,02,14,149,35,03,40,170,43,07,53,169,39,,,,*45
$GQGSV,1,1,03,02,14,149,35,03,40,170,42,07,53,169,39,,,,*44
$GQGSV,1,1,03,02,14,149,35,03,40,170,42,07,53,169,39,,,,*44
$GQGSV,1,1,03,02,14,149,35,03,40,170,42,07,53,169,40,,,,*4A
$GQGSV,1,1,03,02,14,149,35,03,40,170,42,07,53,169,40,,,,*4A
$GQGSV,1,1,03,02,14,149,35,03,40,170,42,07,53,169,40,,,,*4A
$GQGSV,1,1,03,02,14,149,35,03,40,170,42,07,53,169,40,,,,*4A
$GQGSV,1,1,03,02,14,149,35,03,40,170,42,07,53,169,40,,,,*4A
$GQGSV,1,1,03,02,14,149,35,03,40,170,42,07,53,169,40,,,,*4A
$GQGSV,1,1,03,02,14,149,36,03,40,170,43,07,53,169,39,,,,*46
$GQGSV,1,1,03,02,14,149,36,03,40,170,43,07,53,169,39,,,,*46
$GQGSV,1,1,03,02,14,149,36,03,40,170,43,07,53,169,39,,,,*46
$GQGSV,1,1,03,02,14,149,36,03,40,170,43,07,53,169,39,,,,*46
$GQGSV,1,1,03,02,14,149,36,03,40,170,43,07,53,169,39,,,,*46
$GQGSV,1,1,03,02,14,149,36,03,40,170,43,07,53,169,39,,,,*46
$GQGSV,1,1,03,02,14,149,36,03,40,170,43,07,53,169,39,,,,*46
$GQGSV,1,1,03,02,14,149,36,03,40,170,43,07,53,169,39,,,,*46
$GQGSV,1,1,03,02,14,149,37,03,40,170,43,07,53,169,39,,,,*47
$GQGSV,1,1,03,02,14,149,37,03,40,170,43,07,53,169,39,,,,*47
$GQGSV,1,1,03,02,14,149,37,03,40,170,43,07,53,169,39,,,,*47
$GQGSV,1,1,03,02,14,149,37,03,40,170,43,07,53,169,39,,,,*47
$GQGSV,1,1,03,02,14,149,37,03,40,170,43,07,53,169,39,,,,*47
$GQGSV,1,1,03,02,14,149,37,03,40,170,43,07,53,169,39,,,,*47
$GQGSV,1,1,03,02,14,149,37,03,40,170,43,07,53,169,39,,,,*47
$GQGSV,1,1,03,02,14,149,37,03,40,170,43,07,53,169,39,,,,*47
$GQGSV,1,1,03,02,14,149,37,03,40,170,43,07,53,169,39,,,,*47
$GQGSV,1,1,03,02,14,149,37,03,40,170,43,07,53,169,39,,,,*47
$GQGSV,1,1,03,02,14,149,37,03,40,170,43,07,53,169,39,,,,*47
$GQGSV,1,1,03,02,14,149,37,03,40,170,43,07,53,169,39,,,,*47
$GQGSV,1,1,03,02,14,149,37,03,40,170,43,07,53,169,39,,,,*47
$GQGSV,1,1,03,02,14,149,37,03,40,170,43,07,53,169,39,,,,*47
$GQGSV,1,1,03,02,14,149,37,03,40,170,43,07,53,169,39,,,,*47
$GQGSV,1,1,03,02,14,149,37,03,40,170,43,07,53,169,39,,,,*47
$GQGSV,1,1,03,02,14,149,37,03,40,170,43,07,53,169,39,,,,*47
$GQGSV,1,1,03,02,14,149,37,03,40,170,43,07,53,169,39,,,,*47
$GQGSV,1,1,03,02,14,149,37,03,40,170,43,07,53,169,39,,,,*47
$GQGSV,1,1,03,02,14,149,37,03,40,170,43,07,53,169,39,,,,*47
$GQGSV,1,1,03,02,14,149,37,03,40,170,43,07,53,169,39,,,,*47
$GQGSV,1,1,03,02,14,149,37,03,40,170,43,07,53,169,39,,,,*47
$GQGSV,1,1,03,02,14,149,37,03,40,170,43,07,53,169,39,,,,*47
$GQGSV,1,1,03,02,14,149,37,03,40,170,43,07,53,169,39,,,,*47
$GQGSV,1,1,03,02,14,149,37,03,40,170,43,07,53,169,39,,,,*47
$GQGSV,1,1,03,02,14,149,37,03,40,170,43,07,53,169,39,,,,*47
$GQGSV,1,1,03,02,14,149,37,03,40,170,43,07,53,169,39,,,,*47
$GQGSV,1,1,03,02,14,149,37,03,40,170,43,07,53,169,39,,,,*47
$GQGSV,1,1,03,02,14,149,37,03,40,170,43,07,53,169,39,,,,*47
$GQGSV,1,1,03,02,14,149,37,03,40,170,43,07,53,169,39,,,,*47
$GQGSV,1,1,03,02,14,149,37,03,40,170,43,07,53,169,39,,,,*47
$GQGSV,1,1,03,02,14,149,37,03,40,170,43,07,53,169,39,,,,*47
$GQGSV,1,1,03,02,14,149,37,03,40,170,43,07,53,169,39,,,,*47
$GQGSV,1,1,03,02,14,149,37,03,40,170,43,07,53,169,39,,,,*47
$GQGSV,1,1,03,02,14,149,37,03,40,170,43,07,53,169,39,,,,*47
$GQGSV,1,1,03,02,14,149,37,03,40,170,43,07,53,169,39,,,,*47
$GQGSV,1,1,03,02,14,149,37,03,40,170,43,07,53,169,39,,,,*47
$GQGSV,1,1,03,02,14,149,37,03,40,170,43,07,53,169,39,,,,*47
$GQGSV,1,1,03,02,14,149,37,03,40,170,43,07,53,169,39,,,,*47
$GQGSV,1,1,03,02,14,149,37,03,40,170,43,07,53,169,39,,,,*47
$GQGSV,1,1,03,02,14,149,37,03,40,170,43,07,53,169,39,,,,*47
$GQGSV,1,1,03,02,14,149,37,03,40,170,43,07,53,169,39,,,,*47
$GQGSV,1,1,03,02,14,149,37,03,40,170,43,07,53,169,39,,,,*47
$GQGSV,1,1,03,02,14,149,37,03,40,170,43,07,53,169,39,,,,*47
$GQGSV,1,1,03,02,14,149,37,03,40,170,43,07,53,169,39,,,,*47
$GQGSV,1,1,03,02,14,149,37,03,40,170,43,07,53,169,39,,,,*47
$GQGSV,1,1,03,02,14,149,37,03,40,170,43,07,53,169,39,,,,*47
$GQGSV,1,1,03,02,14,149,37,03,40,170,43,07,53,169,39,,,,*47
$GQGSV,1,1,03,02,14,149,37,03,40,170,43,07,53,169,39,,,,*47
$GQGSV,1,1,03,02,14,149,37,03,40,170,43,07,53,169,39,,,,*47
$GQGSV,1,1,03,02,14,149,37,03,40,170,43,07,53,169,39,,,,*47
$GQGSV,1,1,03,02,14,149,37,03,40,170,43,07,53,169,39,,,,*47
$GQGSV,1,1,03,02,14,149,37,03,40,170,43,07,53,169,39,,,,*47
$GQGSV,1,1,03,02,14,149,37,03,40,170,43,07,53,169,39,,,,*47
$GQGSV,1,1,03,02,14,149,37,03,40,170,43,07,53,169,39,,,,*47
$GQGSV,1,1,03,02,14,149,37,03,40,170,43,07,53,169,39,,,,*47
$GQGSV,1,1,03,02,14,149,37,03,40,170,43,07,53,169,39,,,,*47
$GQGSV,1,1,03,02,14,149,37,03,40,170,43,07,53,169,39,,,,*47
$GQGSV,1,1,03,02,14,149,37,03,40,170,43,07,53,169,39,,,,*47
$GQGSV,1,1,03,02,14,149,37,03,40,170,43,07,53,169,39,,,,*47
$GQGSV,1,1,03,02,14,149,37,03,40,170,43,07,53,169,39,,,,*47
$GQGSV,1,1,03,02,14,149,37,03,40,170,43,07,53,169,39,,,,*47
$GQGSV,1,1,03,02,14,149,37,03,40,170,43,07,53,169,39,,,,*47
$GQGSV,1,1,03,02,14,149,37,03,40,170,43,07,53,169,39,,,,*47
$GQGSV,1,1,03,02,14,149,37,03,40,170,43,07,53,169,39,,,,*47
$GQGSV,1,1,03,02,14,149,37,03,40,170,43,07,53,169,39,,,,*47
$GQGSV,1,1,03,02,14,149,37,03,40,170,43,07,53,169,39,,,,*47
$GQGSV,1,1,03,02,14,149,37,03,40,170,43,07,53,169,39,,,,*47
$GQGSV,1,1,03,02,14,149,37,03,40,170,43,07,53,169,39,,,,*47
$GQGSV,1,1,03,02,14,149,37,03,40,170,43,07,53,169,39,,,,*47
$GQGSV,1,1,03,02,14,149,37,03,40,170,43,07,53,169,39,,,,*47
$GQGSV,1,1,03,02,14,149,37,03,40,170,43,07,53,169,39,,,,*47
$GQGSV,1,1,03,02,14,149,37,03,40,170,43,07,53,169,39,,,,*47
$GQGSV,1,1,03,02,14,149,37,03,40,170,43,07,53,169,39,,,,*47
$GQGSV,1,1,03,02,14,149,37,03,40,170,43,07,53,169,39,,,,*47
$GQGSV,1,1,03,02,14,149,37,03,40,170,43,07,53,169,39,,,,*47
$GQGSV,1,1,03,02,14,149,37,03,40,170,43,07,53,169,39,,,,*47
$GQGSV,1,1,03,02,14,149,37,03,40,170,43,07,53,169,39,,,,*47
$GQGSV,1,1,03,02,14,149,37,03,40,170,43,07,53,169,39,,,,*47
$GQGSV,1,1,03,02,14,149,37,03,40,170,43,07,53,169,39,,,,*47
$GQGSV,1,1,03,02,14,149,37,03,40,170,43,07,53,169,39,,,,*47
$GQGSV,1,1,03,02,14,149,37,03,40,170,43,07,53,169,39,,,,*47
$GQGSV,1,1,03,02,14,149,37,03,40,170,43,07,53,169,39,,,,*47
$GQGSV,1,1,03,02,14,149,37,03,40,170,43,07,53,169,39,,,,*47
$GQGSV,1,1,03,02,14,149,37,03,40,170,43,07,53,169,39,,,,*47
$GQGSV,1,1,03,02,14,149,37,03,40,170,43,07,53,169,39,,,,*47
$GQGSV,1,1,03,02,14,149,37,03,40,170,43,07,53,169,39,,,,*47
$GQGSV,1,1,03,02,14,149,37,03,40,170,43,07,53,169,39,,,,*47
$GQGSV,1,1,03,02,14,149,37,03,40,170,43,07,53,169,39,,,,*47
$GQGSV,1,1,03,02,14,149,37,03,40,170,43,07,53,169,39,,,,*47
$GQGSV,1,1,03,02,14,149,37,03,40,170,43,07,53,169,39,,,,*47
$GQGSV,1,1,03,02,14,149,37,03,40,170,43,07,53,169,39,,,,*47
$GQGSV,1,1,03,02,14,149,37,03,40,170,43,07,53,169,39,,,,*47
$GQGSV,1,1,03,02,14,149,37,03,40,170,43,07,53,169,39,,,,*47
$GQGSV,1,1,03,02,14,149,37,03,40,170,43,07,53,169,39,,,,*47
$GQGSV,1,1,03,02,14,149,37,03,40,170,43,07,53,169,39,,,,*47
$GQGSV,1,1,03,02,14,149,37,03,40,170,43,07,53,169,39,,,,*47
$GQGSV,1,1,03,02,14,149,37,03,40,170,43,07,53,169,39,,,,*47
$GQGSV,1,1,03,02,14,149,37,03,40,170,43,07,53,169,39,,,,*47
$GQGSV,1,1,03,02,14,149,37,03,40,170,43,07,53,169,39,,,,*47
$GQGSV,1,1,03,02,14,149,37,03,40,170,43,07,53,169,39,,,,*47
$GQGSV,1,1,03,02,14,149,37,03,40,170,43,07,53,169,39,,,,*47
$GQGSV,1,1,03,02,14,149,37,03,40,170,43,07,53,169,39,,,,*47
$GQGSV,1,1,03,02,14,149,37,03,40,170,43,07,53,169,39,,,,*47
$GQGSV,1,1,03,02,14,149,37,03,40,170,43,07,53,169,39,,,,*47
$GQGSV,1,1,03,02,14,149,37,03,40,170,43,07,53,169,39,,,,*47
$GQGSV,1,1,03,02,14,149,37,03,40,170,43,07,53,169,39,,,,*47
$GQGSV,1,1,03,02,14,149,36,03,40,170,43,07,53,169,39,,,,*46
$GQGSV,1,1,03,02,14,149,36,03,40,170,43,07,53,169,39,,,,*46
$GQGSV,1,1,03,02,14,149,36,03,40,170,43,07,53,169,39,,,,*46
$GQGSV,1,1,03,02,14,149,36,03,40,170,43,07,53,169,39,,,,*46
$GQGSV,1,1,03,02,14,149,36,03,40,170,42,07,53,169,39,,,,*47
$GQGSV,1,1,03,02,14,149,36,03,40,170,42,07,53,169,39,,,,*47
$GQGSV,1,1,03,02,14,149,36,03,40,170,42,07,53,169,39,,,,*47
$GQGSV,1,1,03,02,14,149,36,03,40,170,43,07,53,169,39,,,,*46
$GQGSV,1,1,03,02,14,149,36,03,40,170,43,07,53,169,39,,,,*46
$GQGSV,1,1,03,02,14,149,36,03,40,170,43,07,53,169,39,,,,*46
$GQGSV,1,1,03,02,14,149,36,03,40,170,43,07,53,169,39,,,,*46
$GQGSV,1,1,03,02,14,149,36,03,40,170,43,07,53,169,39,,,,*46
$GQGSV,1,1,03,02,14,149,36,03,40,170,43,07,53,169,39,,,,*46
$GQGSV,1,1,03,02,14,149,36,03,40,170,43,07,53,169,39,,,,*46
$GQGSV,1,1,03,02,14,149,36,03,40,170,43,07,53,169,39,,,,*46
$GQGSV,1,1,03,02,14,149,36,03,40,170,43,07,53,169,39,,,,*46
$GQGSV,1,1,03,02,14,149,36,03,40,170,43,07,53,169,39,,,,*46
$GQGSV,1,1,03,02,14,149,36,03,40,170,43,07,53,169,39,,,,*46
$GQGSV,1,1,03,02,14,149,36,03,40,170,43,07,53,169,39,,,,*46
$GQGSV,1,1,03,02,14,149,36,03,40,170,43,07,53,169,39,,,,*46
$GQGSV,1,1,03,02,14,149,36,03,40,170,43,07,53,169,39,,,,*46
$GQGSV,1,1,03,02,14,149,36,03,40,170,43,07,53,169,39,,,,*46
$GQGSV,1,1,03,02,14,149,36,03,40,170,43,07,53,169,39,,,,*46
$GQGSV,1,1,03,02,14,149,36,03,40,170,43,07,53,169,39,,,,*46
$GQGSV,1,1,03,02,14,149,36,03,40,170,43,07,53,169,39,,,,*46
$GQGSV,1,1,03,02,14,149,36,03,40,170,43,07,53,169,40,,,,*48
$GQGSV,1,1,03,02,14,149,36,03,40,170,43,07,53,169,40,,,,*48
$GQGSV,1,1,03,02,14,149,36,03,40,170,43,07,53,169,40,,,,*48
$GQGSV,1,1,03,02,14,149,36,03,40,170,43,07,53,169,40,,,,*48
$GQGSV,1,1,03,02,14,149,36,03,40,170,43,07,53,169,40,,,,*48
$GQGSV,1,1,03,02,14,149,36,03,40,170,43,07,53,169,40,,,,*48
$GQGSV,1,1,03,02,14,149,36,03,40,170,43,07,53,169,40,,,,*48
$GQGSV,1,1,03,02,14,149,36,03,40,170,43,07,53,169,40,,,,*48
$GQGSV,1,1,03,02,14,149,36,03,40,170,43,07,53,169,40,,,,*48
$GQGSV,1,1,03,02,14,149,36,03,40,170,43,07,53,169,40,,,,*48
$GQGSV,1,1,03,02,14,149,36,03,40,170,43,07,53,169,40,,,,*48
$GQGSV,1,1,03,02,14,149,36,03,40,170,43,07,53,169,40,,,,*48
$GQGSV,1,1,03,02,14,149,36,03,40,170,43,07,53,169,40,,,,*48
$GQGSV,1,1,03,02,14,149,36,03,40,170,43,07,53,169,40,,,,*48
$GQGSV,1,1,03,02,14,149,36,03,40,170,43,07,53,169,40,,,,*48
$GQGSV,1,1,03,02,14,149,36,03,40,170,43,07,53,169,40,,,,*48
$GQGSV,1,1,03,02,14,149,36,03,40,170,43,07,53,169,40,,,,*48
$GQGSV,1,1,03,02,14,149,36,03,40,170,43,07,53,169,40,,,,*48
$GQGSV,1,1,03,02,14,149,36,03,40,170,43,07,53,169,40,,,,*48
$GQGSV,1,1,03,02,14,149,36,03,40,170,43,07,53,169,40,,,,*48
$GQGSV,1,1,03,02,14,149,36,03,40,170,43,07,53,169,40,,,,*48
$GQGSV,1,1,03,02,14,149,36,03,40,170,43,07,53,169,40,,,,*48
$GQGSV,1,1,03,02,14,149,36,03,40,170,43,07,53,169,40,,,,*48
$GQGSV,1,1,03,02,14,149,36,03,40,170,43,07,53,169,40,,,,*48
$GQGSV,1,1,03,02,14,149,36,03,40,170,43,07,53,169,40,,,,*48
$GQGSV,1,1,03,02,14,149,36,03,40,170,43,07,53,169,40,,,,*48
$GQGSV,1,1,03,02,14,149,36,03,40,170,43,07,53,169,40,,,,*48
$GQGSV,1,1,03,02,14,149,36,03,40,170,43,07,53,169,40,,,,*48
$GQGSV,1,1,03,02,14,149,36,03,40,170,43,07,53,169,40,,,,*48
$GQGSV,1,1,03,02,14,149,36,03,40,170,43,07,53,169,40,,,,*48
$GQGSV,1,1,03,02,14,149,36,03,40,170,43,07,53,169,40,,,,*48
$GQGSV,1,1,03,02,14,149,36,03,40,170,43,07,53,169,40,,,,*48
$GQGSV,1,1,03,02,14,149,36,03,40,170,43,07,53,169,40,,,,*48
$GQGSV,1,1,03,02,14,149,36,03,40,170,43,07,53,169,40,,,,*48
$GQGSV,1,1,03,02,14,149,36,03,40,170,43,07,53,169,40,,,,*48
$GQGSV,1,1,03,02,14,149,36,03,40,170,43,07,53,169,40,,,,*48
$GQGSV,1,1,03,02,14,149,36,03,40,170,43,07,53,169,40,,,,*48
$GQGSV,1,1,03,02,14,149,36,03,40,170,43,07,53,169,40,,,,*48
$GQGSV,1,1,03,02,14,149,36,03,40,170,43,07,53,169,40,,,,*48
$GQGSV,1,1,03,02,14,149,36,03,40,170,43,07,53,169,40,,,,*48
$GQGSV,1,1,03,02,14,149,36,03,40,170,43,07,53,169,40,,,,*48
$GQGSV,1,1,03,02,14,149,36,03,40,170,43,07,53,169,40,,,,*48
$GQGSV,1,1,03,02,14,149,36,03,40,170,43,07,53,169,40,,,,*48
$GQGSV,1,1,03,02,14,149,37,03,40,170,43,07,53,169,40,,,,*49
$GQGSV,1,1,03,02,14,149,37,03,40,170,43,07,53,169,40,,,,*49
$GQGSV,1,1,03,02,14,149,37,03,40,170,43,07,53,169,40,,,,*49
$GQGSV,1,1,03,02,14,149,37,03,40,170,43,07,53,169,40,,,,*49
$GQGSV,1,1,03,02,14,149,37,03,40,170,43,07,53,169,40,,,,*49
$GQGSV,1,1,03,02,14,149,37,03,40,170,43,07,53,169,40,,,,*49
$GQGSV,1,1,03,02,14,149,37,03,40,170,43,07,53,169,40,,,,*49
$GQGSV,1,1,03,02,14,149,37,03,40,170,43,07,53,169,40,,,,*49
$GQGSV,1,1,03,02,14,149,37,03,40,170,43,07,53,169,40,,,,*49
$GQGSV,1,1,03,02,14,149,37,03,40,170,43,07,53,169,40,,,,*49
$GQGSV,1,1,03,02,14,149,37,03,40,170,42,07,53,169,40,,,,*48
$GQGSV,1,1,03,02,14,149,37,03,40,170,42,07,53,169,40,,,,*48
$GQGSV,1,1,03,02,14,149,37,03,40,170,42,07,53,169,40,,,,*48
$GQGSV,1,1,03,02,14,149,37,03,40,170,42,07,53,169,40,,,,*48
$GQGSV,1,1,03,02,14,149,37,03,40,170,42,07,53,169,40,,,,*48
$GQGSV,1,1,03,02,14,149,37,03,40,170,42,07,53,169,40,,,,*48
$GQGSV,1,1,03,02,14,149,37,03,40,170,42,07,53,169,40,,,,*48
$GQGSV,1,1,03,02,14,149,37,03,40,170,42,07,53,169,40,,,,*48
$GQGSV,1,1,03,02,14,149,37,03,40,170,42,07,53,169,40,,,,*48
$GQGSV,1,1,03,02,14,149,37,03,40,170,42,07,53,169,40,,,,*48
$GQGSV,1,1,03,02,14,149,37,03,40,170,42,07,53,169,40,,,,*48
$GQGSV,1,1,03,02,14,149,37,03,40,170,42,07,53,169,40,,,,*48
$GQGSV,1,1,03,02,14,149,37,03,40,170,42,07,53,169,40,,,,*48
$GQGSV,1,1,03,02,14,149,37,03,40,170,42,07,53,169,40,,,,*48
$GQGSV,1,1,03,02,14,149,37,03,40,170,42,07,53,169,40,,,,*48
$GQGSV,1,1,03,02,14,149,37,03,40,170,42,07,53,169,40,,,,*48
$GQGSV,1,1,03,02,14,149,37,03,40,170,42,07,53,169,40,,,,*48
$GQGSV,1,1,03,02,14,149,37,03,40,170,42,07,53,169,40,,,,*48
$GQGSV,1,1,03,02,14,149,37,03,40,170,42,07,53,169,40,,,,*48
$GQGSV,1,1,03,02,14,149,37,03,40,170,42,07,53,169,40,,,,*48
$GQGSV,1,1,03,02,14,149,37,03,40,170,42,07,53,169,40,,,,*48
$GQGSV,1,1,03,02,14,149,36,03,40,170,42,07,53,169,40,,,,*49
$GQGSV,1,1,03,02,14,149,36,03,40,170,42,07,53,169,40,,,,*49
$GQGSV,1,1,03,02,14,149,36,03,40,170,42,07,53,169,40,,,,*49
$GQGSV,1,1,03,02,14,149,36,03,40,170,42,07,53,169,40,,,,*49
$GQGSV,1,1,03,02,14,149,36,03,40,170,42,07,53,169,40,,,,*49
$GQGSV,1,1,03,02,14,149,36,03,40,170,42,07,53,169,40,,,,*49
$GQGSV,1,1,03,02,14,149,36,03,40,170,42,07,53,169,40,,,,*49
$GQGSV,1,1,03,02,14,149,36,03,40,170,42,07,53,169,39,,,,*47
$GQGSV,1,1,03,02,14,149,36,03,40,170,42,07,53,169,39,,,,*47
$GQGSV,1,1,03,02,14,149,36,03,40,170,42,07,53,169,39,,,,*47
$GQGSV,1,1,03,02,14,149,36,03,40,170,42,07,53,169,39,,,,*47
$GQGSV,1,1,03,02,14,149,36,03,40,170,42,07,53,169,39,,,,*47
$GQGSV,1,1,03,02,14,149,36,03,40,170,42,07,53,169,39,,,,*47
$GQGSV,1,1,03,02,14,149,36,03,40,170,42,07,53,169,39,,,,*47
$GQGSV,1,1,03,02,14,149,36,03,40,170,42,07,53,169,39,,,,*47
$GQGSV,1,1,03,02,14,149,36,03,40,170,42,07,53,169,39,,,,*47
$GQGSV,1,1,03,02,14,149,36,03,40,170,42,07,53,169,39,,,,*47
$GQGSV,1,1,03,02,14,149,36,03,40,170,42,07,53,169,39,,,,*47
$GQGSV,1,1,03,02,14,149,36,03,40,170,42,07,53,169,39,,,,*47
$GQGSV,1,1,03,02,14,149,36,03,40,170,42,07,53,169,39,,,,*47
$GQGSV,1,1,03,02,14,149,36,03,40,170,42,07,53,169,39,,,,*47
$GQGSV,1,1,03,02,14,149,36,03,40,170,42,07,53,169,39,,,,*47
$GQGSV,1,1,03,02,14,149,36,03,40,170,42,07,53,169,39,,,,*47
$GQGSV,1,1,03,02,14,149,36,03,40,170,42,07,53,169,39,,,,*47
$GQGSV,1,1,03,02,14,149,36,03,40,170,42,07,53,169,39,,,,*47
$GQGSV,1,1,03,02,14,149,36,03,40,170,42,07,53,169,39,,,,*47
$GQGSV,1,1,03,02,14,149,36,03,40,170,42,07,53,169,39,,,,*47
$GQGSV,1,1,03,02,14,149,36,03,40,170,42,07,53,169,39,,,,*47
$GQGSV,1,1,03,02,14,149,36,03,40,170,42,07,53,169,39,,,,*47
$GQGSV,1,1,03,02,14,149,36,03,40,170,42,07,53,169,39,,,,*47
$GQGSV,1,1,03,02,14,149,36,03,40,170,42,07,53,169,39,,,,*47
$GQGSV,1,1,03,02,14,149,36,03,40,170,42,07,53,169,39,,,,*47
$GQGSV,1,1,03,02,14,149,36,03,40,170,42,07,53,169,39,,,,*47
$GQGSV,1,1,03,02,14,149,36,03,40,170,42,07,53,169,39,,,,*47
$GQGSV,1,1,03,02,14,149,36,03,40,170,42,07,53,169,39,,,,*47
$GQGSV,1,1,03,02,14,149,36,03,40,170,42,07,53,169,39,,,,*47
$GQGSV,1,1,03,02,14,149,36,03,40,170,42,07,53,169,39,,,,*47
$GQGSV,1,1,03,02,14,149,36,03,40,170,42,07,53,169,39,,,,*47
$GQGSV,1,1,03,02,14,149,36,03,40,170,42,07,53,169,39,,,,*47
$GQGSV,1,1,03,02,14,149,36,03,40,170,42,07,53,169,39,,,,*47
$GQGSV,1,1,03,02,14,149,36,03,40,170,42,07,53,169,39,,,,*47
$GQGSV,1,1,03,02,14,149,36,03,40,170,42,07,53,169,39,,,,*47
$GQGSV,1,1,03,02,14,149,36,03,40,170,42,07,53,169,39,,,,*47
$GQGSV,1,1,03,02,14,149,36,03,40,170,42,07,53,169,39,,,,*47
$GQGSV,1,1,03,02,14,149,36,03,40,170,42,07,53,169,39,,,,*47
$GQGSV,1,1,03,02,14,149,36,03,40,170,42,07,53,169,39,,,,*47
$GQGSV,1,1,03,02,14,149,36,03,40,170,42,07,53,169,39,,,,*47
$GQGSV,1,1,03,02,14,149,36,03,40,170,42,07,53,169,39,,,,*47
$GQGSV,1,1,03,02,14,149,36,03,40,170,42,07,53,169,39,,,,*47
$GQGSV,1,1,03,02,14,149,36,03,40,170,42,07,53,169,39,,,,*47
$GQGSV,1,1,03,02,14,149,36,03,40,170,42,07,53,169,39,,,,*47
$GQGSV,1,1,03,02,14,149,36,03,40,170,42,07,53,169,39,,,,*47
$GQGSV,1,1,03,02,14,149,36,03,40,170,42,07,53,169,39,,,,*47
$GQGSV,1,1,03,02,14,149,36,03,40,170,42,07,53,169,39,,,,*47
$GQGSV,1,1,03,02,14,149,36,03,40,170,42,07,53,169,39,,,,*47
$GQGSV,1,1,03,02,14,149,36,03,40,170,42,07,53,169,39,,,,*47
$GQGSV,1,1,03,02,14,149,36,03,40,170,42,07,53,169,39,,,,*47
$GQGSV,1,1,03,02,14,149,36,03,40,170,42,07,53,169,39,,,,*47
$GQGSV,1,1,03,02,14,149,36,03,40,170,42,07,53,169,39,,,,*47
$GQGSV,1,1,03,02,14,149,36,03,40,170,42,07,53,169,39,,,,*47
$GQGSV,1,1,03,02,14,149,36,03,40,170,42,07,53,169,39,,,,*47
$GQGSV,1,1,03,02,14,149,36,03,40,170,42,07,53,169,39,,,,*47
$GQGSV,1,1,03,02,14,149,36,03,40,170,42,07,53,169,39,,,,*47
$GQGSV,1,1,03,02,14,149,36,03,40,170,42,07,53,169,39,,,,*47
$GQGSV,1,1,03,02,14,149,36,03,40,170,42,07,53,169,39,,,,*47
$GQGSV,1,1,03,02,14,149,36,03,40,170,42,07,53,169,39,,,,*47
$GQGSV,1,1,03,02,14,149,36,03,40,170,42,07,53,169,39,,,,*47
$GQGSV,1,1,03,02,14,149,37,03,40,170,42,07,53,169,39,,,,*46
$GQGSV,1,1,03,02,14,149,37,03,40,170,42,07,53,169,39,,,,*46
$GQGSV,1,1,03,02,14,149,37,03,40,170,42,07,53,169,39,,,,*46
$GQGSV,1,1,03,02,14,149,37,03,40,170,42,07,53,169,39,,,,*46
$GQGSV,1,1,03,02,14,149,37,03,40,170,42,07,53,169,39,,,,*46
$GQGSV,1,1,03,02,14,149,37,03,40,170,42,07,53,169,39,,,,*46
$GQGSV,1,1,03,02,14,149,37,03,40,170,42,07,53,169,39,,,,*46
$GQGSV,1,1,03,02,14,149,37,03,40,170,42,07,53,169,39,,,,*46
$GQGSV,1,1,03,02,14,149,37,03,40,170,42,07,53,169,39,,,,*46
$GQGSV,1,1,03,02,14,149,37,03,40,170,42,07,53,169,39,,,,*46
$GQGSV,1,1,03,02,14,149,37,03,40,170,42,07,53,169,39,,,,*46
$GQGSV,1,1,03,02,14,149,37,03,40,170,42,07,53,169,39,,,,*46
$GQGSV,1,1,03,02,14,149,37,03,40,170,42,07,53,169,39,,,,*46
$GQGSV,1,1,03,02,14,149,37,03,40,170,42,07,53,169,39,,,,*46
$GQGSV,1,1,03,02,14,149,37,03,40,170,43,07,53,169,39,,,,*47
$GQGSV,1,1,03,02,14,149,37,03,40,170,43,07,53,169,39,,,,*47
$GQGSV,1,1,03,02,14,149,37,03,40,170,43,07,53,169,39,,,,*47
$GQGSV,1,1,03,02,14,149,37,03,40,170,43,07,53,169,39,,,,*47
$GQGSV,1,1,03,02,14,149,37,03,40,170,43,07,53,169,39,,,,*47
$GQGSV,1,1,03,02,14,149,37,03,40,170,43,07,53,169,39,,,,*47
$GQGSV,1,1,03,02,14,149,37,03,40,170,43,07,53,169,39,,,,*47
$GQGSV,1,1,03,02,14,149,37,03,40,170,43,07,53,169,39,,,,*47
$GQGSV,1,1,03,02,14,149,37,03,40,170,43,07,53,169,39,,,,*47
$GQGSV,1,1,03,02,14,149,37,03,40,170,43,07,53,169,39,,,,*47
$GQGSV,1,1,03,02,14,149,37,03,40,170,43,07,53,169,39,,,,*47
$GQGSV,1,1,03,02,14,149,37,03,40,170,43,07,53,169,39,,,,*47
$GQGSV,1,1,03,02,14,149,37,03,40,170,43,07,53,169,39,,,,*47
$GQGSV,1,1,03,02,14,149,37,03,40,170,43,07,53,169,39,,,,*47
$GQGSV,1,1,03,02,14,149,37,03,40,170,42,07,53,169,39,,,,*46
$GQGSV,1,1,03,02,14,149,37,03,40,170,42,07,53,169,39,,,,*46
$GQGSV,1,1,03,02,14,149,37,03,40,170,42,07,53,169,39,,,,*46
$GQGSV,1,1,03,02,14,149,37,03,40,170,42,07,53,169,38,,,,*47
$GQGSV,1,1,03,02,14,149,37,03,40,170,43,07,53,169,38,,,,*46
$GQGSV,1,1,03,02,14,149,37,03,40,170,43,07,53,169,38,,,,*46
$GQGSV,1,1,03,02,14,149,37,03,40,170,43,07,53,169,38,,,,*46
$GQGSV,1,1,03,02,14,149,37,03,40,170,43,07,53,169,38,,,,*46
$GQGSV,1,1,03,02,14,149,37,03,40,170,43,07,53,169,38,,,,*46
$GQGSV,1,1,03,02,14,149,37,03,40,170,43,07,53,169,38,,,,*46
$GQGSV,1,1,03,02,14,149,37,03,40,170,43,07,53,169,38,,,,*46
$GQGSV,1,1,03,02,14,149,37,03,40,170,42,07,53,169,38,,,,*47
$GQGSV,1,1,03,02,14,149,37,03,40,170,42,07,53,169,38,,,,*47
$GQGSV,1,1,03,02,14,149,37,03,40,170,42,07,53,169,38,,,,*47
$GQGSV,1,1,03,02,14,149,37,03,40,170,42,07,53,169,38,,,,*47
$GQGSV,1,1,03,02,14,149,37,03,40,170,42,07,53,169,38,,,,*47
$GQGSV,1,1,03,02,14,149,37,03,40,170,42,07,53,169,38,,,,*47
$GQGSV,1,1,03,02,14,149,37,03,40,170,42,07,53,169,38,,,,*47
$GQGSV,1,1,03,02,14,149,37,03,40,170,42,07,53,169,38,,,,*47
$GQGSV,1,1,03,02,14,149,37,03,40,170,42,07,53,169,38,,,,*47
$GQGSV,1,1,03,02,15,149,37,03,40,170,42,07,53,169,38,,,,*46
$GQGSV,1,1,03,02,15,149,38,03,40,170,42,07,53,169,38,,,,*49
$GQGSV,1,1,03,02,15,149,38,03,40,170,42,07,53,169,38,,,,*49
$GQGSV,1,1,03,02,15,149,38,03,40,170,42,07,53,169,38,,,,*49
$GQGSV,1,1,03,02,15,149,38,03,40,170,42,07,53,169,38,,,,*49
$GQGSV,1,1,03,02,15,149,38,03,40,170,42,07,53,169,38,,,,*49
$GQGSV,1,1,03,02,15,149,38,03,40,170,42,07,53,169,38,,,,*49
$GQGSV,1,1,03,02,15,149,38,03,40,170,42,07,53,169,38,,,,*49
$GQGSV,1,1,03,02,15,149,38,03,40,170,42,07,53,169,38,,,,*49
$GQGSV,1,1,03,02,15,149,37,03,40,170,42,07,53,169,38,,,,*46
$GQGSV,1,1,03,02,15,149,37,03,40,170,42,07,53,169,38,,,,*46
$GQGSV,1,1,03,02,15,149,37,03,40,170,42,07,53,169,38,,,,*46
$GQGSV,1,1,03,02,15,149,37,03,40,170,42,07,53,169,38,,,,*46
$GQGSV,1,1,03,02,15,149,37,03,40,170,42,07,53,169,38,,,,*46
$GQGSV,1,1,03,02,15,149,37,03,40,170,42,07,53,169,38,,,,*46
$GQGSV,1,1,03,02,15,149,37,03,40,170,42,07,53,169,38,,,,*46
$GQGSV,1,1,03,02,15,149,37,03,40,170,42,07,53,169,38,,,,*46
$GQGSV,1,1,03,02,15,149,37,03,40,170,42,07,53,169,38,,,,*46
$GQGSV,1,1,03,02,15,149,37,03,40,170,42,07,53,169,38,,,,*46
$GQGSV,1,1,03,02,15,149,37,03,40,170,42,07,53,169,38,,,,*46
$GQGSV,1,1,03,02,15,149,37,03,40,170,42,07,53,169,38,,,,*46
$GQGSV,1,1,03,02,15,149,37,03,40,170,42,07,53,169,38,,,,*46
$GQGSV,1,1,03,02,15,149,37,03,40,170,42,07,53,169,38,,,,*46
$GQGSV,1,1,03,02,15,149,37,03,40,170,42,07,53,169,38,,,,*46
$GQGSV,1,1,03,02,15,149,38,03,40,170,42,07,53,169,39,,,,*48
$GQGSV,1,1,03,02,15,149,38,03,40,170,42,07,53,169,39,,,,*48
$GQGSV,1,1,03,02,15,149,38,03,40,170,42,07,53,169,39,,,,*48
$GQGSV,1,1,03,02,15,149,38,03,40,170,42,07,53,169,38,,,,*49
$GQGSV,1,1,03,02,15,149,38,03,40,170,42,07,53,169,39,,,,*48
$GQGSV,1,1,03,02,15,149,38,03,40,170,42,07,53,169,39,,,,*48
$GQGSV,1,1,03,02,15,149,38,03,40,170,42,07,53,169,39,,,,*48
$GQGSV,1,1,03,02,15,149,38,03,40,170,42,07,53,169,39,,,,*48
$GQGSV,1,1,03,02,15,149,38,03,40,170,42,07,53,169,39,,,,*48
$GQGSV,1,1,03,02,15,149,38,03,40,170,42,07,53,169,39,,,,*48
$GQGSV,1,1,03,02,15,149,38,03,40,170,42,07,53,169,39,,,,*48
$GQGSV,1,1,03,02,15,149,38,03,40,170,42,07,53,169,39,,,,*48
$GQGSV,1,1,03,02,15,149,38,03,40,170,42,07,53,169,39,,,,*48
$GQGSV,1,1,03,02,15,149,38,03,40,170,42,07,53,169,39,,,,*48
$GQGSV,1,1,03,02,15,149,38,03,40,170,42,07,53,169,39,,,,*48
$GQGSV,1,1,03,02,15,149,38,03,40,170,42,07,53,169,39,,,,*48
$GQGSV,1,1,03,02,15,149,37,03,40,170,42,07,53,169,39,,,,*47
$GQGSV,1,1,03,02,15,149,37,03,40,170,42,07,53,169,39,,,,*47
$GQGSV,1,1,03,02,15,149,37,03,40,170,42,07,53,169,39,,,,*47
$GQGSV,1,1,03,02,15,149,37,03,40,170,42,07,53,169,39,,,,*47
$GQGSV,1,1,03,02,15,149,37,03,40,170,42,07,53,169,39,,,,*47
$GQGSV,1,1,03,02,15,149,37,03,40,170,42,07,53,169,39,,,,*47
$GQGSV,1,1,03,02,15,149,37,03,40,170,42,07,53,169,39,,,,*47
$GQGSV,1,1,03,02,15,149,37,03,40,170,42,07,53,169,39,,,,*47
$GQGSV,1,1,03,02,15,149,37,03,40,170,42,07,53,169,39,,,,*47
$GQGSV,1,1,03,02,15,149,37,03,40,170,42,07,53,169,39,,,,*47
$GQGSV,1,1,03,02,15,149,37,03,40,170,42,07,53,169,39,,,,*47
$GQGSV,1,1,03,02,15,149,37,03,40,170,42,07,53,169,39,,,,*47
$GQGSV,1,1,03,02,15,149,37,03,40,170,42,07,53,169,39,,,,*47
$GQGSV,1,1,03,02,15,149,37,03,40,170,42,07,53,169,39,,,,*47
$GQGSV,1,1,03,02,15,149,37,03,40,170,42,07,53,169,39,,,,*47
$GQGSV,1,1,03,02,15,149,37,03,40,170,42,07,53,169,39,,,,*47
$GQGSV,1,1,03,02,15,149,37,03,40,170,42,07,53,169,38,,,,*46
$GQGSV,1,1,03,02,15,149,37,03,40,170,42,07,53,169,38,,,,*46
$GQGSV,1,1,03,02,15,149,37,03,40,170,42,07,53,169,38,,,,*46
$GQGSV,1,1,03,02,15,149,37,03,40,170,42,07,53,169,38,,,,*46
$GQGSV,1,1,03,02,15,149,37,03,40,170,42,07,53,169,38,,,,*46
$GQGSV,1,1,03,02,15,149,37,03,40,170,42,07,53,169,38,,,,*46
$GQGSV,1,1,03,02,15,149,37,03,40,170,42,07,53,169,38,,,,*46
$GQGSV,1,1,03,02,15,149,37,03,40,170,42,07,53,169,38,,,,*46
$GQGSV,1,1,03,02,15,149,37,03,40,170,42,07,53,169,38,,,,*46
$GQGSV,1,1,03,02,15,149,37,03,40,170,42,07,53,169,38,,,,*46
$GQGSV,1,1,03,02,15,149,37,03,40,170,42,07,53,169,38,,,,*46
$GQGSV,1,1,03,02,15,149,37,03,40,170,42,07,53,169,38,,,,*46
$GQGSV,1,1,03,02,15,149,37,03,40,170,42,07,53,169,38,,,,*46
$GQGSV,1,1,03,02,15,149,37,03,40,170,42,07,53,169,38,,,,*46
$GQGSV,1,1,03,02,15,149,37,03,40,170,42,07,53,169,38,,,,*46
$GQGSV,1,1,03,02,15,149,37,03,40,170,42,07,53,169,38,,,,*46
$GQGSV,1,1,03,02,15,149,37,03,40,170,42,07,53,169,38,,,,*46
$GQGSV,1,1,03,02,15,149,37,03,40,170,42,07,53,169,38,,,,*46
$GQGSV,1,1,03,02,15,149,37,03,40,170,42,07,53,169,38,,,,*46
$GQGSV,1,1,03,02,15,149,37,03,40,170,42,07,53,169,38,,,,*46
$GQGSV,1,1,03,02,15,149,37,03,40,170,42,07,53,169,38,,,,*46
$GQGSV,1,1,03,02,15,149,37,03,40,170,42,07,53,169,38,,,,*46
$GQGSV,1,1,03,02,15,149,37,03,40,170,42,07,53,169,38,,,,*46
$GQGSV,1,1,03,02,15,149,37,03,40,170,42,07,53,169,38,,,,*46
$GQGSV,1,1,03,02,15,149,37,03,40,170,42,07,53,169,38,,,,*46
$GQGSV,1,1,03,02,15,149,37,03,40,170,42,07,53,169,38,,,,*46
$GQGSV,1,1,03,02,15,149,37,03,40,170,42,07,53,169,38,,,,*46
$GQGSV,1,1,03,02,15,149,37,03,40,170,42,07,53,169,38,,,,*46
$GQGSV,1,1,03,02,15,149,37,03,40,170,42,07,53,169,38,,,,*46
$GQGSV,1,1,03,02,15,149,37,03,40,170,42,07,53,169,38,,,,*46
$GQGSV,1,1,03,02,15,149,37,03,40,170,42,07,53,169,38,,,,*46
$GQGSV,1,1,03,02,15,149,37,03,40,170,42,07,53,169,38,,,,*46
$GQGSV,1,1,03,02,15,149,37,03,40,170,42,07,53,169,38,,,,*46
$GQGSV,1,1,03,02,15,149,37,03,40,170,42,07,53,169,38,,,,*46
$GQGSV,1,1,03,02,15,149,37,03,40,170,42,07,53,169,38,,,,*46
$GQGSV,1,1,03,02,15,149,37,03,40,170,42,07,53,169,38,,,,*46
$GQGSV,1,1,03,02,15,149,37,03,40,170,42,07,53,169,38,,,,*46
$GQGSV,1,1,03,02,15,149,37,03,40,170,42,07,53,169,38,,,,*46
$GQGSV,1,1,03,02,15,149,37,03,40,170,42,07,53,169,38,,,,*46
$GQGSV,1,1,03,02,15,149,37,03,40,170,42,07,53,169,38,,,,*46
$GQGSV,1,1,03,02,15,149,37,03,40,170,42,07,53,169,38,,,,*46
$GQGSV,1,1,03,02,15,149,37,03,40,170,42,07,53,169,38,,,,*46
$GQGSV,1,1,03,02,15,149,37,03,40,170,42,07,53,169,38,,,,*46
$GQGSV,1,1,03,02,15,149,37,03,40,170,42,07,53,169,38,,,,*46
$GQGSV,1,1,03,02,15,149,37,03,40,170,42,07,53,169,38,,,,*46
$GQGSV,1,1,03,02,15,149,37,03,40,170,42,07,53,169,38,,,,*46
$GQGSV,1,1,03,02,15,149,37,03,40,170,42,07,53,169,38,,,,*46
$GQGSV,1,1,03,02,15,149,37,03,40,170,42,07,53,169,38,,,,*46
$GQGSV,1,1,03,02,15,149,37,03,40,170,42,07,53,169,38,,,,*46
$GQGSV,1,1,03,02,15,149,37,03,40,170,42,07,53,169,38,,,,*46
$GQGSV,1,1,03,02,15,149,37,03,40,170,42,07,53,169,38,,,,*46
$GQGSV,1,1,03,02,15,149,37,03,40,170,42,07,53,169,38,,,,*46
$GQGSV,1,1,03,02,15,149,37,03,40,170,42,07,53,169,38,,,,*46
$GQGSV,1,1,03,02,15,149,37,03,40,170,42,07,53,169,38,,,,*46
$GQGSV,1,1,03,02,15,149,37,03,40,170,42,07,53,169,38,,,,*46
$GQGSV,1,1,03,02,15,149,37,03,40,170,42,07,53,169,38,,,,*46
$GQGSV,1,1,03,02,15,149,37,03,40,170,42,07,53,169,38,,,,*46
$GQGSV,1,1,03,02,15,149,37,03,40,170,42,07,53,169,38,,,,*46
$GQGSV,1,1,03,02,15,149,37,03,40,170,42,07,53,169,38,,,,*46
$GQGSV,1,1,03,02,15,149,37,03,40,170,42,07,53,169,38,,,,*46
$GQGSV,1,1,03,02,15,149,37,03,40,170,42,07,53,169,38,,,,*46
$GQGSV,1,1,03,02,15,149,37,03,40,170,42,07,53,169,38,,,,*46
$GQGSV,1,1,03,02,15,149,37,03,40,170,42,07,53,169,38,,,,*46
$GQGSV,1,1,03,02,15,149,37,03,40,170,42,07,53,169,38,,,,*46
$GQGSV,1,1,03,02,15,149,37,03,40,170,42,07,53,169,38,,,,*46
$GQGSV,1,1,03,02,15,149,37,03,40,170,42,07,53,169,38,,,,*46
$GQGSV,1,1,03,02,15,149,37,03,40,170,42,07,53,169,38,,,,*46
$GQGSV,1,1,03,02,15,149,37,03,40,170,42,07,53,169,38,,,,*46
$GQGSV,1,1,03,02,15,149,37,03,40,170,42,07,53,169,38,,,,*46
$GQGSV,1,1,03,02,15,149,37,03,40,170,42,07,53,169,38,,,,*46
$GQGSV,1,1,03,02,15,149,37,03,40,170,42,07,53,169,38,,,,*46
$GQGSV,1,1,03,02,15,149,37,03,40,170,42,07,53,169,38,,,,*46
$GQGSV,1,1,03,02,15,149,37,03,40,170,42,07,53,169,38,,,,*46
$GQGSV,1,1,03,02,15,149,37,03,40,170,41,07,53,169,38,,,,*45
$GQGSV,1,1,03,02,15,149,37,03,40,170,41,07,53,169,38,,,,*45
$GQGSV,1,1,03,02,15,149,37,03,40,170,41,07,53,169,38,,,,*45
$GQGSV,1,1,03,02,15,149,38,03,40,170,41,07,53,169,38,,,,*4A
$GQGSV,1,1,03,02,15,149,38,03,40,170,41,07,53,169,38,,,,*4A
$GQGSV,1,1,03,02,15,149,38,03,40,170,41,07,53,169,38,,,,*4A
$GQGSV,1,1,03,02,15,149,38,03,40,170,41,07,53,169,38,,,,*4A
$GQGSV,1,1,03,02,15,149,38,03,40,170,41,07,53,169,38,,,,*4A
$GQGSV,1,1,03,02,15,149,38,03,40,170,41,07,53,169,38,,,,*4A
$GQGSV,1,1,03,02,15,149,38,03,40,170,41,07,53,169,38,,,,*4A
$GQGSV,1,1,03,02,15,149,38,03,40,170,41,07,53,169,38,,,,*4A
$GQGSV,1,1,03,02,15,149,38,03,40,170,41,07,53,169,38,,,,*4A
$GQGSV,1,1,03,02,15,149,38,03,40,170,41,07,53,169,38,,,,*4A
$GQGSV,1,1,03,02,15,149,38,03,40,170,41,07,53,169,38,,,,*4A
$GQGSV,1,1,03,02,15,149,38,03,40,170,41,07,53,169,38,,,,*4A
$GQGSV,1,1,03,02,15,149,38,03,40,170,41,07,53,169,38,,,,*4A
$GQGSV,1,1,03,02,15,149,38,03,40,170,41,07,53,169,38,,,,*4A
$GQGSV,1,1,03,02,15,149,38,03,40,170,41,07,53,169,38,,,,*4A
$GQGSV,1,1,03,02,15,149,38,03,40,170,42,07,53,169,38,,,,*49
$GQGSV,1,1,03,02,15,149,38,03,40,170,42,07,53,169,38,,,,*49
$GQGSV,1,1,03,02,15,149,38,03,40,170,42,07,53,169,38,,,,*49
$GQGSV,1,1,03,02,15,149,38,03,40,170,42,07,53,169,38,,,,*49
$GQGSV,1,1,03,02,15,149,38,03,40,170,42,07,53,169,38,,,,*49
$GQGSV,1,1,03,02,15,149,38,03,40,170,41,07,53,169,38,,,,*4A
$GQGSV,1,1,03,02,15,149,38,03,40,170,41,07,53,169,38,,,,*4A
$GQGSV,1,1,03,02,15,149,38,03,40,170,41,07,53,169,38,,,,*4A
$GQGSV,1,1,03,02,15,149,38,03,40,170,41,07,53,169,38,,,,*4A
$GQGSV,1,1,03,02,15,149,38,03,40,170,41,07,53,169,38,,,,*4A
$GQGSV,1,1,03,02,15,149,38,03,40,170,41,07,53,169,38,,,,*4A
$GQGSV,1,1,03,02,15,149,38,03,40,170,41,07,53,169,38,,,,*4A
$GQGSV,1,1,03,02,15,149,38,03,40,170,41,07,53,169,38,,,,*4A
$GQGSV,1,1,03,02,15,149,38,03,40,170,41,07,53,169,38,,,,*4A
$GQGSV,1,1,03,02,15,149,38,03,40,170,41,07,53,169,38,,,,*4A
$GQGSV,1,1,03,02,15,149,38,03,40,170,41,07,53,169,38,,,,*4A
$GQGSV,1,1,03,02,15,149,38,03,40,170,41,07,53,169,38,,,,*4A
$GQGSV,1,1,03,02,15,149,38,03,40,170,41,07,53,169,38,,,,*4A
$GQGSV,1,1,03,02,15,149,38,03,40,170,41,07,53,169,38,,,,*4A
$GQGSV,1,1,03,02,15,149,38,03,40,170,41,07,53,169,38,,,,*4A
$GQGSV,1,1,03,02,15,149,38,03,40,170,41,07,53,169,38,,,,*4A
$GQGSV,1,1,03,02,15,149,38,03,40,170,41,07,53,169,38,,,,*4A
$GQGSV,1,1,03,02,15,149,38,03,40,170,41,07,53,169,38,,,,*4A
$GQGSV,1,1,03,02,15,149,38,03,40,170,41,07,53,169,38,,,,*4A
$GQGSV,1,1,03,02,15,149,38,03,40,170,41,07,53,169,38,,,,*4A
$GQGSV,1,1,03,02,15,149,38,03,40,170,41,07,53,169,38,,,,*4A
$GQGSV,1,1,03,02,15,149,38,03,40,170,41,07,53,169,38,,,,*4A
$GQGSV,1,1,03,02,15,149,38,03,40,170,41,07,53,169,38,,,,*4A
$GQGSV,1,1,03,02,15,149,38,03,40,170,41,07,53,169,38,,,,*4A
$GQGSV,1,1,03,02,15,149,38,03,40,170,41,07,53,169,38,,,,*4A
$GQGSV,1,1,03,02,15,149,38,03,40,170,41,07,53,169,38,,,,*4A
$GQGSV,1,1,03,02,15,149,38,03,40,170,41,07,53,169,38,,,,*4A
$GQGSV,1,1,03,02,15,149,38,03,40,170,41,07,53,169,38,,,,*4A
$GQGSV,1,1,03,02,15,149,38,03,40,170,41,07,53,169,38,,,,*4A
$GQGSV,1,1,03,02,15,149,38,03,40,170,41,07,53,169,38,,,,*4A
$GQGSV,1,1,03,02,15,149,38,03,40,170,41,07,53,169,38,,,,*4A
$GQGSV,1,1,03,02,15,149,38,03,40,170,41,07,53,169,38,,,,*4A
$GQGSV,1,1,03,02,15,149,38,03,40,170,41,07,53,169,38,,,,*4A
$GQGSV,1,1,03,02,15,149,38,03,40,170,41,07,53,169,38,,,,*4A
$GQGSV,1,1,03,02,15,149,38,03,40,170,41,07,53,169,38,,,,*4A
$GQGSV,1,1,03,02,15,149,38,03,40,170,41,07,53,169,38,,,,*4A
$GQGSV,1,1,03,02,15,149,38,03,40,170,41,07,53,169,38,,,,*4A
$GQGSV,1,1,03,02,15,149,38,03,40,170,41,07,53,169,38,,,,*4A
$GQGSV,1,1,03,02,15,149,38,03,40,170,41,07,53,169,38,,,,*4A
$GQGSV,1,1,03,02,15,149,38,03,40,170,41,07,53,169,38,,,,*4A
$GQGSV,1,1,03,02,15,149,38,03,40,170,41,07,53,169,38,,,,*4A
$GQGSV,1,1,03,02,15,149,38,03,40,170,41,07,53,169,38,,,,*4A
$GQGSV,1,1,03,02,15,149,38,03,40,170,41,07,53,169,38,,,,*4A
$GQGSV,1,1,03,02,15,149,38,03,40,170,41,07,53,169,38,,,,*4A
$GQGSV,1,1,03,02,15,149,38,03,40,170,41,07,53,169,38,,,,*4A
$GQGSV,1,1,03,02,15,149,38,03,40,170,41,07,53,169,38,,,,*4A
$GQGSV,1,1,03,02,15,149,38,03,40,170,41,07,53,169,38,,,,*4A
$GQGSV,1,1,03,02,15,149,38,03,40,170,41,07,53,169,38,,,,*4A
$GQGSV,1,1,03,02,15,149,38,03,40,170,41,07,53,169,38,,,,*4A
$GQGSV,1,1,03,02,15,149,38,03,40,170,41,07,53,169,38,,,,*4A
$GQGSV,1,1,03,02,15,149,38,03,40,170,41,07,53,169,38,,,,*4A
$GQGSV,1,1,03,02,15,149,38,03,40,170,41,07,53,169,38,,,,*4A
$GQGSV,1,1,03,02,15,149,38,03,40,170,41,07,53,169,38,,,,*4A
$GQGSV,1,1,03,02,15,149,38,03,40,170,41,07,53,169,38,,,,*4A
$GQGSV,1,1,03,02,15,149,38,03,40,170,41,07,53,169,38,,,,*4A
$GQGSV,1,1,03,02,15,149,38,03,40,170,41,07,53,169,38,,,,*4A
$GQGSV,1,1,03,02,15,149,38,03,40,170,41,07,53,169,38,,,,*4A
$GQGSV,1,1,03,02,15,149,38,03,40,170,41,07,53,169,38,,,,*4A
$GQGSV,1,1,03,02,15,149,38,03,40,170,41,07,53,169,38,,,,*4A
$GQGSV,1,1,03,02,15,149,38,03,40,170,41,07,53,169,38,,,,*4A
$GQGSV,1,1,03,02,15,149,38,03,40,170,41,07,53,169,38,,,,*4A
$GQGSV,1,1,03,02,15,149,38,03,40,170,41,07,53,169,38,,,,*4A
$GQGSV,1,1,03,02,15,149,38,03,40,170,41,07,53,169,38,,,,*4A
$GQGSV,1,1,03,02,15,149,38,03,40,170,41,07,53,169,38,,,,*4A
$GQGSV,1,1,03,02,15,149,38,03,40,170,41,07,53,169,38,,,,*4A
$GQGSV,1,1,03,02,15,149,38,03,40,170,41,07,53,169,38,,,,*4A
$GQGSV,1,1,03,02,15,149,38,03,40,170,41,07,53,169,37,,,,*45
$GQGSV,1,1,03,02,15,149,38,03,40,170,41,07,53,169,37,,,,*45
$GQGSV,1,1,03,02,15,149,38,03,40,170,41,07,53,169,37,,,,*45
$GQGSV,1,1,03,02,15,149,38,03,40,170,40,07,53,169,37,,,,*44
$GQGSV,1,1,03,02,15,149,38,03,40,170,40,07,53,169,37,,,,*44
$GQGSV,1,1,03,02,15,149,38,03,40,170,40,07,53,169,37,,,,*44
$GQGSV,1,1,03,02,15,149,38,03,40,170,40,07,53,169,37,,,,*44
$GQGSV,1,1,03,02,15,149,38,03,40,170,40,07,53,169,37,,,,*44
$GQGSV,1,1,03,02,15,149,38,03,40,170,40,07,53,169,37,,,,*44
$GQGSV,1,1,03,02,15,149,38,03,40,170,40,07,53,169,37,,,,*44
$GQGSV,1,1,03,02,15,149,38,03,40,170,40,07,53,169,37,,,,*44
$GQGSV,1,1,03,02,15,149,38,03,40,170,40,07,53,169,37,,,,*44
$GQGSV,1,1,03,02,15,149,38,03,40,170,40,07,53,169,37,,,,*44
$GQGSV,1,1,03,02,15,149,38,03,40,170,40,07,53,169,37,,,,*44
$GQGSV,1,1,03,02,15,149,38,03,40,170,40,07,53,169,37,,,,*44
$GQGSV,1,1,03,02,15,149,38,03,40,170,40,07,53,169,37,,,,*44
$GQGSV,1,1,03,02,15,149,38,03,40,170,41,07,53,169,37,,,,*45
$GQGSV,1,1,03,02,15,149,38,03,40,170,41,07,53,169,37,,,,*45
$GQGSV,1,1,03,02,15,149,38,03,40,170,41,07,53,169,38,,,,*4A
$GQGSV,1,1,03,02,15,149,38,03,40,170,41,07,53,169,38,,,,*4A
$GQGSV,1,1,03,02,15,149,38,03,40,170,41,07,53,169,38,,,,*4A
$GQGSV,1,1,03,02,15,149,38,03,40,170,41,07,53,169,38,,,,*4A
$GQGSV,1,1,03,02,15,149,38,03,40,170,41,07,53,169,38,,,,*4A
$GQGSV,1,1,03,02,15,149,39,03,40,170,41,07,53,169,38,,,,*4B
$GQGSV,1,1,03,02,15,149,39,03,40,170,41,07,53,169,38,,,,*4B
$GQGSV,1,1,03,02,15,149,39,03,40,170,41,07,53,169,38,,,,*4B
$GQGSV,1,1,03,02,15,149,39,03,40,170,41,07,53,169,38,,,,*4B
$GQGSV,1,1,03,02,15,149,38,03,40,170,41,07,53,169,38,,,,*4A
$GQGSV,1,1,03,02,15,149,38,03,40,170,41,07,53,169,38,,,,*4A
$GQGSV,1,1,03,02,15,149,38,03,40,170,41,07,53,169,37,,,,*45
$GQGSV,1,1,03,02,15,149,38,03,40,170,41,07,53,169,37,,,,*45
$GQGSV,1,1,03,02,15,149,38,03,40,170,41,07,53,169,37,,,,*45
$GQGSV,1,1,03,02,15,149,38,03,40,170,41,07,53,169,37,,,,*45
$GQGSV,1,1,03,02,15,149,38,03,40,170,41,07,53,169,37,,,,*45
$GQGSV,1,1,03,02,15,149,38,03,40,170,41,07,53,169,37,,,,*45
$GQGSV,1,1,03,02,15,149,39,03,40,170,41,07,53,169,37,,,,*44
$GQGSV,1,1,03,02,15,149,39,03,40,170,41,07,53,169,37,,,,*44
$GQGSV,1,1,03,02,15,149,39,03,40,170,41,07,53,169,37,,,,*44
$GQGSV,1,1,03,02,15,149,39,03,40,170,41,07,53,169,37,,,,*44
$GQGSV,1,1,03,02,15,149,39,03,40,170,41,07,53,169,37,,,,*44
$GQGSV,1,1,03,02,15,149,39,03,40,170,41,07,53,169,37,,,,*44
$GQGSV,1,1,03,02,15,149,39,03,40,170,41,07,53,169,37,,,,*44
$GQGSV,1,1,03,02,15,149,39,03,40,170,41,07,53,169,37,,,,*44
$GQGSV,1,1,03,02,15,149,39,03,40,170,41,07,53,169,37,,,,*44
$GQGSV,1,1,03,02,15,149,39,03,40,170,41,07,53,169,37,,,,*44
$GQGSV,1,1,03,02,15,149,39,03,40,170,41,07,53,169,37,,,,*44
$GQGSV,1,1,03,02,15,149,39,03,40,170,41,07,53,169,37,,,,*44
$GQGSV,1,1,03,02,15,149,39,03,40,170,41,07,53,169,38,,,,*4B
$GQGSV,1,1,03,02,15,149,39,03,40,170,41,07,53,169,38,,,,*4B
$GQGSV,1,1,03,02,15,149,39,03,40,170,41,07,53,169,38,,,,*4B
$GQGSV,1,1,03,02,15,149,39,03,40,170,41,07,53,169,38,,,,*4B
$GQGSV,1,1,03,02,15,149,39,03,40,170,41,07,53,169,38,,,,*4B
$GQGSV,1,1,03,02,15,149,39,03,40,170,41,07,53,169,38,,,,*4B
$GQGSV,1,1,03,02,15,149,39,03,40,170,41,07,53,169,38,,,,*4B
$GQGSV,1,1,03,02,15,149,39,03,40,170,41,07,53,169,38,,,,*4B
$GQGSV,1,1,03,02,15,149,39,03,40,170,41,07,53,169,37,,,,*44
$GQGSV,1,1,03,02,15,149,39,03,40,170,41,07,53,169,37,,,,*44
$GQGSV,1,1,03,02,15,149,39,03,40,170,41,07,53,169,37,,,,*44
$GQGSV,1,1,03,02,15,149,39,03,40,170,41,07,53,169,37,,,,*44
$GQGSV,1,1,03,02,15,149,39,03,40,170,41,07,53,169,37,,,,*44
$GQGSV,1,1,03,02,15,149,39,03,40,170,41,07,53,169,37,,,,*44
$GQGSV,1,1,03,02,15,149,39,03,40,170,41,07,53,169,37,,,,*44
$GQGSV,1,1,03,02,15,149,39,03,40,170,41,07,53,169,37,,,,*44
$GQGSV,1,1,03,02,15,149,39,03,40,170,41,07,53,169,37,,,,*44
$GQGSV,1,1,03,02,15,149,39,03,40,170,41,07,53,169,37,,,,*44
$GQGSV,1,1,03,02,15,149,39,03,40,170,41,07,53,169,37,,,,*44
$GQGSV,1,1,03,02,15,149,39,03,40,170,41,07,53,169,37,,,,*44
$GQGSV,1,1,03,02,15,149,39,03,40,170,41,07,53,169,37,,,,*44
$GQGSV,1,1,03,02,15,149,39,03,40,170,41,07,53,169,37,,,,*44
$GQGSV,1,1,03,02,15,149,39,03,40,170,41,07,53,169,37,,,,*44
$GQGSV,1,1,03,02,15,149,39,03,40,170,41,07,53,169,37,,,,*44
$GQGSV,1,1,03,02,15,149,39,03,40,170,41,07,53,169,37,,,,*44
$GQGSV,1,1,03,02,15,149,39,03,40,170,41,07,53,169,37,,,,*44
$GQGSV,1,1,03,02,15,149,39,03,40,170,41,07,53,169,37,,,,*44
$GQGSV,1,1,03,02,15,149,39,03,40,170,41,07,53,169,37,,,,*44
$GQGSV,1,1,03,02,15,149,39,03,40,170,41,07,53,169,37,,,,*44
$GQGSV,1,1,03,02,15,149,39,03,40,170,41,07,53,169,37,,,,*44
$GQGSV,1,1,03,02,15,149,39,03,40,170,41,07,53,169,37,,,,*44
$GQGSV,1,1,03,02,15,149,39,03,40,170,41,07,53,169,37,,,,*44
$GQGSV,1,1,03,02,15,149,39,03,40,170,41,07,53,169,38,,,,*4B
$GQGSV,1,1,03,02,15,149,39,03,40,170,41,07,53,169,38,,,,*4B
$GQGSV,1,1,03,02,15,149,39,03,40,170,41,07,53,169,38,,,,*4B
$GQGSV,1,1,03,02,15,149,39,03,40,170,41,07,53,169,38,,,,*4B
$GQGSV,1,1,03,02,15,149,39,03,40,170,41,07,53,169,38,,,,*4B
$GQGSV,1,1,03,02,15,149,39,03,40,170,41,07,53,169,38,,,,*4B
$GQGSV,1,1,03,02,15,149,39,03,40,170,41,07,53,169,38,,,,*4B
$GQGSV,1,1,03,02,15,149,39,03,40,170,41,07,53,169,38,,,,*4B
$GQGSV,1,1,03,02,15,149,39,03,40,170,41,07,53,169,38,,,,*4B
$GQGSV,1,1,03,02,15,149,39,03,40,170,41,07,53,169,38,,,,*4B
$GQGSV,1,1,03,02,15,149,39,03,40,170,41,07,53,169,38,,,,*4B
$GQGSV,1,1,03,02,15,149,39,03,40,170,41,07,53,169,38,,,,*4B
$GQGSV,1,1,03,02,15,149,39,03,40,170,41,07,53,169,38,,,,*4B
$GQGSV,1,1,03,02,15,149,39,03,40,170,41,07,53,169,38,,,,*4B
$GQGSV,1,1,03,02,15,149,39,03,40,170,41,07,53,169,38,,,,*4B
$GQGSV,1,1,03,02,15,149,39,03,40,170,41,07,53,169,38,,,,*4B
$GQGSV,1,1,03,02,15,149,39,03,40,170,41,07,53,169,37,,,,*44
$GQGSV,1,1,03,02,15,149,39,03,40,170,41,07,53,169,38,,,,*4B
$GQGSV,1,1,03,02,15,149,39,03,40,170,41,07,53,169,38,,,,*4B
$GQGSV,1,1,03,02,15,149,39,03,40,170,41,07,53,169,37,,,,*44
$GQGSV,1,1,03,02,15,149,39,03,40,170,41,07,53,169,37,,,,*44
$GQGSV,1,1,03,02,15,149,39,03,40,170,41,07,53,169,38,,,,*4B
$GQGSV,1,1,03,02,15,149,39,03,40,170,41,07,53,169,38,,,,*4B
$GQGSV,1,1,03,02,15,149,39,03,40,170,41,07,53,169,38,,,,*4B
$GQGSV,1,1,03,02,15,149,39,03,40,170,41,07,53,169,38,,,,*4B
$GQGSV,1,1,03,02,15,149,39,03,40,170,41,07,53,169,38,,,,*4B
$GQGSV,1,1,03,02,15,149,39,03,40,170,41,07,53,169,38,,,,*4B
$GQGSV,1,1,03,02,15,149,39,03,40,170,41,07,53,169,38,,,,*4B
$GQGSV,1,1,03,02,15,149,39,03,40,170,41,07,53,169,38,,,,*4B
$GQGSV,1,1,03,02,15,149,39,03,40,170,41,07,53,169,38,,,,*4B
$GQGSV,1,1,03,02,15,149,38,03,40,170,41,07,53,169,38,,,,*4A
$GQGSV,1,1,03,02,15,149,38,03,40,170,41,07,53,169,38,,,,*4A
$GQGSV,1,1,03,02,15,149,38,03,40,170,41,07,53,169,38,,,,*4A
$GQGSV,1,1,03,02,15,149,38,03,40,170,41,07,53,169,38,,,,*4A
$GQGSV,1,1,03,02,15,149,38,03,40,170,41,07,53,169,38,,,,*4A
$GQGSV,1,1,03,02,15,149,38,03,40,170,41,07,53,169,38,,,,*4A
$GQGSV,1,1,03,02,15,149,38,03,40,170,41,07,53,169,38,,,,*4A
$GQGSV,1,1,03,02,15,149,38,03,40,170,41,07,53,169,38,,,,*4A
$GQGSV,1,1,03,02,15,149,38,03,40,170,41,07,53,169,37,,,,*45
$GQGSV,1,1,03,02,15,149,38,03,40,170,41,07,53,169,37,,,,*45
$GQGSV,1,1,03,02,15,149,38,03,40,170,41,07,53,169,37,,,,*45
$GQGSV,1,1,03,02,15,149,38,03,40,170,41,07,53,169,37,,,,*45
$GQGSV,1,1,03,02,15,149,38,03,40,170,41,07,53,169,37,,,,*45
$GQGSV,1,1,03,02,15,149,38,03,40,170,41,07,53,169,37,,,,*45
$GQGSV,1,1,03,02,15,149,38,03,40,170,41,07,53,169,37,,,,*45
$GQGSV,1,1,03,02,15,149,38,03,40,170,41,07,53,169,37,,,,*45
$GQGSV,1,1,03,02,15,149,38,03,40,170,41,07,53,169,37,,,,*45
$GQGSV,1,1,03,02,15,149,38,03,40,170,41,07,53,169,37,,,,*45
$GQGSV,1,1,03,02,15,149,38,03,40,170,41,07,53,169,37,,,,*45
$GQGSV,1,1,03,02,15,149,38,03,40,170,41,07,53,169,37,,,,*45
$GQGSV,1,1,03,02,15,149,38,03,40,170,41,07,53,169,37,,,,*45
$GQGSV,1,1,03,02,15,149,38,03,40,170,41,07,53,169,37,,,,*45
$GQGSV,1,1,03,02,15,149,38,03,40,170,41,07,53,169,37,,,,*45
$GQGSV,1,1,03,02,15,149,38,03,40,170,41,07,53,169,37,,,,*45
$GQGSV,1,1,03,02,15,149,38,03,40,170,41,07,53,169,37,,,,*45
$GQGSV,1,1,03,02,15,149,38,03,40,170,41,07,53,169,37,,,,*45
$GQGSV,1,1,03,02,15,149,38,03,40,170,41,07,53,169,37,,,,*45
$GQGSV,1,1,03,02,15,149,38,03,40,170,41,07,53,169,37,,,,*45
$GQGSV,1,1,03,02,15,149,38,03,40,170,41,07,53,169,37,,,,*45
$GQGSV,1,1,03,02,15,149,38,03,40,170,41,07,53,169,37,,,,*45
$GQGSV,1,1,03,02,15,149,38,03,40,170,41,07,53,169,37,,,,*45
$GQGSV,1,1,03,02,15,149,38,03,40,170,41,07,53,169,37,,,,*45
$GQGSV,1,1,03,02,15,149,38,03,40,170,41,07,53,169,37,,,,*45
$GQGSV,1,1,03,02,15,149,38,03,40,170,41,07,53,169,37,,,,*45
$GQGSV,1,1,03,02,15,149,38,03,40,170,41,07,53,169,37,,,,*45
$GQGSV,1,1,03,02,15,149,38,03,40,170,41,07,53,169,37,,,,*45
$GQGSV,1,1,03,02,15,149,38,03,40,170,41,07,53,169,37,,,,*45
$GQGSV,1,1,03,02,15,149,38,03,40,170,41,07,53,169,37,,,,*45
$GQGSV,1,1,03,02,15,149,38,03,40,170,41,07,53,169,37,,,,*45
$GQGSV,1,1,03,02,15,149,38,03,40,170,41,07,53,169,37,,,,*45
$GQGSV,1,1,03,02,15,149,38,03,40,170,41,07,53,169,37,,,,*45
$GQGSV,1,1,03,02,15,149,38,03,40,170,41,07,53,169,37,,,,*45
$GQGSV,1,1,03,02,15,149,38,03,40,170,41,07,53,169,37,,,,*45
$GQGSV,1,1,03,02,15,149,38,03,40,170,41,07,53,169,37,,,,*45
$GQGSV,1,1,03,02,15,149,38,03,40,170,41,07,53,169,37,,,,*45
$GQGSV,1,1,03,02,15,149,38,03,40,170,40,07,53,169,37,,,,*44
$GQGSV,1,1,03,02,15,149,38,03,40,170,40,07,53,169,37,,,,*44
$GQGSV,1,1,03,02,15,149,38,03,40,170,40,07,53,169,37,,,,*44
$GQGSV,1,1,03,02,15,149,38,03,40,170,40,07,53,169,37,,,,*44
$GQGSV,1,1,03,02,15,149,38,03,40,170,40,07,53,169,37,,,,*44
$GQGSV,1,1,03,02,15,149,38,03,40,170,40,07,53,169,37,,,,*44
$GQGSV,1,1,03,02,15,149,38,03,40,170,40,07,53,169,37,,,,*44
$GQGSV,1,1,03,02,15,149,38,03,40,170,40,07,53,169,37,,,,*44
$GQGSV,1,1,03,02,15,149,38,03,40,170,40,07,53,169,37,,,,*44
$GQGSV,1,1,03,02,15,149,38,03,40,170,40,07,53,169,37,,,,*44
$GQGSV,1,1,03,02,15,149,38,03,40,170,40,07,53,169,37,,,,*44
$GQGSV,1,1,03,02,15,149,38,03,40,170,40,07,53,169,37,,,,*44
$GQGSV,1,1,03,02,15,149,38,03,40,170,40,07,53,169,37,,,,*44
$GQGSV,1,1,03,02,15,149,38,03,40,170,40,07,53,169,37,,,,*44
$GQGSV,1,1,03,02,15,149,38,03,40,170,40,07,53,169,37,,,,*44
$GQGSV,1,1,03,02,15,149,38,03,40,170,41,07,53,169,37,,,,*45
$GQGSV,1,1,03,02,15,149,38,03,40,170,41,07,53,169,37,,,,*45
$GQGSV,1,1,03,02,15,149,38,03,40,170,41,07,53,169,37,,,,*45
$GQGSV,1,1,03,02,15,148,38,03,40,170,41,07,53,169,38,,,,*4B
$GQGSV,1,1,03,02,15,148,38,03,40,170,40,07,53,169,38,,,,*4A
$GQGSV,1,1,03,02,15,148,38,03,40,170,40,07,53,169,38,,,,*4A
$GQGSV,1,1,03,02,15,148,38,03,40,170,40,07,53,169,38,,,,*4A
$GQGSV,1,1,03,02,15,148,38,03,40,170,40,07,53,169,38,,,,*4A
$GQGSV,1,1,03,02,15,148,38,03,40,170,40,07,53,169,38,,,,*4A
$GQGSV,1,1,03,02,15,148,38,03,40,170,40,07,53,169,38,,,,*4A
$GQGSV,1,1,03,02,15,148,38,03,40,170,40,07,53,169,38,,,,*4A
$GQGSV,1,1,03,02,15,148,37,03,40,170,40,07,53,169,38,,,,*45
$GQGSV,1,1,03,02,15,148,37,03,40,170,40,07,53,169,38,,,,*45
$GQGSV,1,1,03,02,15,148,37,03,40,170,40,07,53,169,38,,,,*45
$GQGSV,1,1,03,02,15,148,37,03,40,170,40,07,53,169,38,,,,*45
$GQGSV,1,1,03,02,15,148,37,03,40,170,40,07,53,169,38,,,,*45
$GQGSV,1,1,03,02,15,148,37,03,40,170,40,07,53,169,38,,,,*45
$GQGSV,1,1,03,02,15,148,37,03,40,170,40,07,53,169,38,,,,*45
$GQGSV,1,1,03,02,15,148,38,03,40,170,40,07,53,169,38,,,,*4A
$GQGSV,1,1,03,02,15,148,38,03,40,170,40,07,53,169,38,,,,*4A
$GQGSV,1,1,03,02,15,148,38,03,40,170,40,07,53,169,38,,,,*4A
$GQGSV,1,1,03,02,15,148,38,03,40,170,40,07,53,169,38,,,,*4A
$GQGSV,1,1,03,02,15,148,38,03,40,170,40,07,53,169,38,,,,*4A
$GQGSV,1,1,03,02,15,148,38,03,40,170,40,07,53,169,38,,,,*4A
$GQGSV,1,1,03,02,15,148,38,03,40,170,40,07,53,169,38,,,,*4A
$GQGSV,1,1,03,02,15,148,38,03,40,170,40,07,53,169,38,,,,*4A
$GQGSV,1,1,03,02,15,148,38,03,40,170,40,07,53,169,38,,,,*4A
$GQGSV,1,1,03,02,15,148,38,03,40,170,40,07,53,169,38,,,,*4A
$GQGSV,1,1,03,02,15,148,38,03,40,170,40,07,53,169,38,,,,*4A
$GQGSV,1,1,03,02,15,148,38,03,40,170,40,07,53,169,38,,,,*4A
$GQGSV,1,1,03,02,15,148,38,03,40,170,40,07,53,169,38,,,,*4A
$GQGSV,1,1,03,02,15,148,38,03,40,170,40,07,53,169,38,,,,*4A
$GQGSV,1,1,03,02,15,148,38,03,40,170,40,07,53,169,38,,,,*4A
$GQGSV,1,1,03,02,15,148,38,03,40,170,40,07,53,169,38,,,,*4A
$GQGSV,1,1,03,02,15,148,38,03,40,170,40,07,53,169,38,,,,*4A
$GQGSV,1,1,03,02,15,148,38,03,40,170,40,07,53,169,38,,,,*4A
$GQGSV,1,1,03,02,15,148,38,03,40,170,40,07,53,169,38,,,,*4A
$GQGSV,1,1,03,02,15,148,38,03,40,170,40,07,53,169,38,,,,*4A
$GQGSV,1,1,03,02,15,148,38,03,40,170,40,07,53,169,38,,,,*4A
$GQGSV,1,1,03,02,15,148,38,03,40,170,40,07,53,169,38,,,,*4A
$GQGSV,1,1,03,02,15,148,38,03,40,170,40,07,53,169,38,,,,*4A
$GQGSV,1,1,03,02,15,148,38,03,40,170,40,07,53,169,38,,,,*4A
$GQGSV,1,1,03,02,15,148,38,03,40,170,40,07,53,169,38,,,,*4A
$GQGSV,1,1,03,02,15,148,38,03,40,170,40,07,53,169,38,,,,*4A
$GQGSV,1,1,03,02,15,148,38,03,40,170,40,07,53,169,38,,,,*4A
$GQGSV,1,1,03,02,15,148,38,03,40,170,40,07,53,169,38,,,,*4A
$GQGSV,1,1,03,02,15,148,38,03,40,170,40,07,53,169,38,,,,*4A
$GQGSV,1,1,03,02,15,148,38,03,40,170,40,07,53,169,38,,,,*4A
$GQGSV,1,1,03,02,15,148,37,03,40,170,40,07,53,169,38,,,,*45
$GQGSV,1,1,03,02,15,148,37,03,40,170,40,07,53,169,38,,,,*45
$GQGSV,1,1,03,02,15,148,37,03,40,170,40,07,53,169,38,,,,*45
$GQGSV,1,1,03,02,15,148,37,03,40,170,40,07,53,169,38,,,,*45
$GQGSV,1,1,03,02,15,148,37,03,40,170,40,07,53,169,38,,,,*45
$GQGSV,1,1,03,02,15,148,37,03,40,170,40,07,53,169,38,,,,*45
$GQGSV,1,1,03,02,15,148,37,03,40,170,40,07,53,169,38,,,,*45
$GQGSV,1,1,03,02,15,148,37,03,40,170,40,07,53,169,38,,,,*45
$GQGSV,1,1,03,02,15,148,37,03,40,170,40,07,53,169,38,,,,*45
$GQGSV,1,1,03,02,15,148,37,03,40,170,40,07,53,169,38,,,,*45
$GQGSV,1,1,03,02,15,148,37,03,40,170,40,07,53,169,38,,,,*45
$GQGSV,1,1,03,02,15,148,37,03,40,170,40,07,53,169,38,,,,*45
$GQGSV,1,1,03,02,15,148,37,03,40,170,40,07,53,169,38,,,,*45
$GQGSV,1,1,03,02,15,148,37,03,40,170,40,07,53,169,38,,,,*45
$GQGSV,1,1,03,02,15,148,37,03,40,170,40,07,53,169,38,,,,*45
$GQGSV,1,1,03,02,15,148,37,03,40,170,40,07,53,169,38,,,,*45
$GQGSV,1,1,03,02,15,148,37,03,40,170,40,07,53,169,38,,,,*45
$GQGSV,1,1,03,02,15,148,37,03,40,170,40,07,53,169,38,,,,*45
$GQGSV,1,1,03,02,15,148,37,03,40,170,40,07,53,169,38,,,,*45
$GQGSV,1,1,03,02,15,148,37,03,40,170,40,07,53,169,38,,,,*45
$GQGSV,1,1,03,02,15,148,37,03,40,170,40,07,53,169,38,,,,*45
$GQGSV,1,1,03,02,15,148,37,03,40,170,40,07,53,169,38,,,,*45
$GQGSV,1,1,03,02,15,148,37,03,40,170,40,07,53,169,38,,,,*45
$GQGSV,1,1,03,02,15,148,37,03,40,170,40,07,53,169,38,,,,*45
$GQGSV,1,1,03,02,15,148,37,03,40,170,40,07,53,169,38,,,,*45
$GQGSV,1,1,03,02,15,148,37,03,40,170,40,07,53,169,38,,,,*45
$GQGSV,1,1,03,02,15,148,37,03,40,170,40,07,53,169,38,,,,*45
$GQGSV,1,1,03,02,15,148,37,03,40,170,40,07,53,169,38,,,,*45
$GQGSV,1,1,03,02,15,148,37,03,40,170,40,07,53,169,38,,,,*45
$GQGSV,1,1,03,02,15,148,37,03,40,170,40,07,53,169,38,,,,*45
$GQGSV,1,1,03,02,15,148,37,03,40,170,40,07,53,169,38,,,,*45
$GQGSV,1,1,03,02,15,148,37,03,40,170,40,07,53,169,38,,,,*45
$GQGSV,1,1,03,02,15,148,37,03,40,170,40,07,53,169,38,,,,*45
$GQGSV,1,1,03,02,15,148,37,03,40,170,40,07,53,169,38,,,,*45
$GQGSV,1,1,03,02,15,148,37,03,40,170,40,07,53,169,38,,,,*45
$GQGSV,1,1,03,02,15,148,37,03,40,170,40,07,53,169,38,,,,*45
$GQGSV,1,1,03,02,15,148,37,03,40,170,40,07,53,169,38,,,,*45
$GQGSV,1,1,03,02,15,148,37,03,40,170,40,07,53,169,38,,,,*45
$GQGSV,1,1,03,02,15,148,37,03,40,170,40,07,53,169,38,,,,*45
$GQGSV,1,1,03,02,15,148,37,03,40,170,40,07,53,169,38,,,,*45
$GQGSV,1,1,03,02,15,148,37,03,40,170,40,07,53,169,38,,,,*45
$GQGSV,1,1,03,02,15,148,37,03,40,170,40,07,53,169,38,,,,*45
$GQGSV,1,1,03,02,15,148,37,03,40,170,40,07,53,169,38,,,,*45
$GQGSV,1,1,03,02,15,148,37,03,40,170,40,07,53,169,38,,,,*45
$GQGSV,1,1,03,02,15,148,37,03,40,170,40,07,53,169,38,,,,*45
$GQGSV,1,1,03,02,15,148,37,03,40,170,40,07,53,169,38,,,,*45
$GQGSV,1,1,03,02,15,148,37,03,40,170,40,07,53,169,38,,,,*45
$GQGSV,1,1,03,02,15,148,37,03,40,170,40,07,53,169,38,,,,*45
$GQGSV,1,1,03,02,15,148,37,03,40,170,40,07,53,169,39,,,,*44
$GQGSV,1,1,03,02,15,148,37,03,40,170,40,07,53,169,39,,,,*44
$GQGSV,1,1,03,02,15,148,37,03,40,170,40,07,53,169,39,,,,*44
$GQGSV,1,1,03,02,15,148,37,03,40,170,39,07,53,169,39,,,,*4A
$GQGSV,1,1,03,02,15,148,37,03,40,170,39,07,53,169,39,,,,*4A
$GQGSV,1,1,03,02,15,148,37,03,40,170,40,07,53,169,39,,,,*44
$GQGSV,1,1,03,02,15,148,37,03,40,170,40,07,53,169,39,,,,*44
$GQGSV,1,1,03,02,15,148,37,03,40,170,40,07,53,169,39,,,,*44
$GQGSV,1,1,03,02,15,148,37,03,40,170,40,07,53,169,39,,,,*44
$GQGSV,1,1,03,02,15,148,37,03,40,170,40,07,53,169,39,,,,*44
$GQGSV,1,1,03,02,15,148,37,03,40,170,40,07,53,169,39,,,,*44
$GQGSV,1,1,03,02,15,148,37,03,40,170,40,07,53,169,39,,,,*44
$GQGSV,1,1,03,02,15,148,37,03,40,170,40,07,53,169,39,,,,*44
$GQGSV,1,1,03,02,15,148,37,03,40,170,40,07,53,169,39,,,,*44
$GQGSV,1,1,03,02,15,148,37,03,40,170,40,07,53,169,39,,,,*44
$GQGSV,1,1,03,02,15,148,37,03,40,170,40,07,53,169,39,,,,*44
$GQGSV,1,1,03,02,15,148,37,03,40,170,40,07,53,169,39,,,,*44
$GQGSV,1,1,03,02,15,148,37,03,40,170,40,07,53,169,39,,,,*44
$GQGSV,1,1,03,02,15,148,37,03,40,170,40,07,53,169,39,,,,*44
$GQGSV,1,1,03,02,15,148,37,03,40,170,40,07,53,169,39,,,,*44
$GQGSV,1,1,03,02,15,148,37,03,40,170,40,07,53,169,39,,,,*44
$GQGSV,1,1,03,02,15,148,37,03,40,170,40,07,53,169,39,,,,*44
$GQGSV,1,1,03,02,15,148,37,03,40,170,40,07,53,169,39,,,,*44
$GQGSV,1,1,03,02,15,148,37,03,40,170,40,07,53,169,39,,,,*44
$GQGSV,1,1,03,02,15,148,37,03,40,170,40,07,53,169,39,,,,*44
$GQGSV,1,1,03,02,15,148,37,03,40,170,40,07,53,169,39,,,,*44
$GQGSV,1,1,03,02,15,148,37,03,40,170,40,07,53,169,39,,,,*44
$GQGSV,1,1,03,02,15,148,37,03,40,170,40,07,53,169,39,,,,*44
$GQGSV,1,1,03,02,15,148,37,03,40,170,41,07,53,169,39,,,,*45
$GQGSV,1,1,03,02,15,148,37,03,40,170,41,07,53,169,39,,,,*45
$GQGSV,1,1,03,02,15,148,37,03,40,170,41,07,53,169,39,,,,*45
$GQGSV,1,1,03,02,15,148,37,03,40,170,41,07,53,169,39,,,,*45
$GQGSV,1,1,03,02,15,148,37,03,40,170,41,07,53,169,39,,,,*45
$GQGSV,1,1,03,02,15,148,37,03,40,170,41,07,53,169,39,,,,*45
$GQGSV,1,1,03,02,15,148,37,03,40,170,40,07,53,169,39,,,,*44
$GQGSV,1,1,03,02,15,148,37,03,40,170,40,07,53,169,39,,,,*44
$GQGSV,1,1,03,02,15,148,37,03,40,170,40,07,53,169,39,,,,*44
$GQGSV,1,1,03,02,15,148,37,03,40,170,40,07,53,169,39,,,,*44
$GQGSV,1,1,03,02,15,148,37,03,40,170,40,07,53,169,39,,,,*44
$GQGSV,1,1,03,02,15,148,37,03,40,170,40,07,53,169,39,,,,*44
$GQGSV,1,1,03,02,15,148,37,03,40,170,40,07,53,169,39,,,,*44
$GQGSV,1,1,03,02,15,148,37,03,40,170,40,07,53,169,39,,,,*44
$GQGSV,1,1,03,02,15,148,37,03,40,170,40,07,53,169,39,,,,*44
$GQGSV,1,1,03,02,15,148,37,03,40,170,40,07,53,169,39,,,,*44
$GQGSV,1,1,03,02,15,148,37,03,40,170,40,07,53,169,39,,,,*44
$GQGSV,1,1,03,02,15,148,37,03,40,170,40,07,53,169,39,,,,*44
$GQGSV,1,1,03,02,15,148,37,03,40,170,40,07,53,169,39,,,,*44
$GQGSV,1,1,03,02,15,148,36,03,40,170,41,07,53,169,39,,,,*44
$GQGSV,1,1,03,02,15,148,36,03,40,170,41,07,53,169,39,,,,*44
$GQGSV,1,1,03,02,15,148,36,03,40,170,41,07,53,169,39,,,,*44
$GQGSV,1,1,03,02,15,148,36,03,40,170,41,07,53,169,39,,,,*44
$GQGSV,1,1,03,02,15,148,36,03,40,170,41,07,53,169,39,,,,*44
$GQGSV,1,1,03,02,15,148,36,03,40,170,41,07,53,169,39,,,,*44
$GQGSV,1,1,03,02,15,148,36,03,40,170,41,07,53,169,39,,,,*44
$GQGSV,1,1,03,02,15,148,36,03,40,170,41,07,53,169,39,,,,*44
$GQGSV,1,1,03,02,15,148,36,03,40,170,41,07,53,169,39,,,,*44
$GQGSV,1,1,03,02,15,148,36,03,40,170,41,07,53,169,39,,,,*44
$GQGSV,1,1,03,02,15,148,36,03,40,170,41,07,53,169,39,,,,*44
$GQGSV,1,1,03,02,15,148,36,03,40,170,41,07,53,169,39,,,,*44
$GQGSV,1,1,03,02,15,148,36,03,40,170,41,07,53,169,39,,,,*44
$GQGSV,1,1,03,02,15,148,36,03,40,170,41,07,53,169,39,,,,*44
$GQGSV,1,1,03,02,15,148,36,03,40,170,41,07,53,169,39,,,,*44
$GQGSV,1,1,03,02,15,148,36,03,40,170,41,07,53,169,39,,,,*44
$GQGSV,1,1,03,02,15,148,36,03,40,170,41,07,53,169,39,,,,*44
$GQGSV,1,1,03,02,15,148,36,03,40,170,41,07,53,169,39,,,,*44
$GQGSV,1,1,03,02,15,148,36,03,40,170,41,07,53,169,39,,,,*44
$GQGSV,1,1,03,02,15,148,36,03,40,170,41,07,53,169,39,,,,*44
$GQGSV,1,1,03,02,15,148,36,03,40,170,41,07,53,169,39,,,,*44
$GQGSV,1,1,03,02,15,148,36,03,40,170,41,07,53,169,39,,,,*44
$GQGSV,1,1,03,02,15,148,36,03,40,170,41,07,53,169,39,,,,*44
$GQGSV,1,1,03,02,15,148,36,03,40,170,41,07,53,169,39,,,,*44
$GQGSV,1,1,03,02,15,148,36,03,40,170,41,07,53,169,39,,,,*44
$GQGSV,1,1,03,02,15,148,36,03,40,170,41,07,53,169,39,,,,*44
$GQGSV,1,1,03,02,15,148,36,03,40,170,41,07,53,169,39,,,,*44
$GQGSV,1,1,03,02,15,148,36,03,40,170,41,07,53,169,39,,,,*44
$GQGSV,1,1,03,02,15,148,37,03,40,170,41,07,53,169,39,,,,*45
$GQGSV,1,1,03,02,15,148,37,03,40,170,41,07,53,169,39,,,,*45
$GQGSV,1,1,03,02,15,148,37,03,40,170,41,07,53,169,39,,,,*45
$GQGSV,1,1,03,02,15,148,37,03,40,170,41,07,53,169,39,,,,*45
$GQGSV,1,1,03,02,15,148,37,03,40,170,41,07,53,169,39,,,,*45
$GQGSV,1,1,03,02,15,148,37,03,40,170,41,07,53,169,39,,,,*45
$GQGSV,1,1,03,02,15,148,37,03,40,170,41,07,53,169,39,,,,*45
$GQGSV,1,1,03,02,15,148,37,03,40,170,41,07,53,169,39,,,,*45
$GQGSV,1,1,03,02,15,148,37,03,40,170,41,07,53,169,39,,,,*45
$GQGSV,1,1,03,02,15,148,37,03,40,170,41,07,53,169,39,,,,*45
$GQGSV,1,1,03,02,15,148,37,03,40,170,41,07,53,169,39,,,,*45
$GQGSV,1,1,03,02,15,148,37,03,40,170,41,07,53,169,39,,,,*45
$GQGSV,1,1,03,02,15,148,37,03,40,170,41,07,53,169,39,,,,*45
$GQGSV,1,1,03,02,15,148,37,03,40,170,41,07,53,169,39,,,,*45
$GQGSV,1,1,03,02,15,148,37,03,40,170,41,07,53,169,39,,,,*45
$GQGSV,1,1,03,02,15,148,37,03,40,170,41,07,53,169,39,,,,*45
$GQGSV,1,1,03,02,15,148,37,03,40,170,41,07,53,169,39,,,,*45
$GQGSV,1,1,03,02,15,148,37,03,40,170,41,07,53,169,39,,,,*45
$GQGSV,1,1,03,02,15,148,37,03,40,170,41,07,53,169,39,,,,*45
$GQGSV,1,1,03,02,15,148,37,03,40,170,41,07,53,169,39,,,,*45
$GQGSV,1,1,03,02,15,148,37,03,40,170,41,07,53,169,39,,,,*45
$GQGSV,1,1,03,02,15,148,37,03,40,170,41,07,53,169,39,,,,*45
$GQGSV,1,1,03,02,15,148,37,03,40,170,41,07,53,169,39,,,,*45
$GQGSV,1,1,03,02,15,148,37,03,40,170,41,07,53,169,39,,,,*45
$GQGSV,1,1,03,02,15,148,37,03,40,170,41,07,53,169,39,,,,*45
$GQGSV,1,1,03,02,15,148,37,03,40,170,41,07,53,169,39,,,,*45
$GQGSV,1,1,03,02,15,148,37,03,40,170,41,07,53,169,39,,,,*45
$GQGSV,1,1,03,02,15,148,37,03,40,170,41,07,53,169,39,,,,*45
$GQGSV,1,1,03,02,15,148,37,03,40,170,41,07,53,169,39,,,,*45
$GQGSV,1,1,03,02,15,148,37,03,40,170,41,07,53,169,39,,,,*45
$GQGSV,1,1,03,02,15,148,37,03,40,170,41,07,53,169,40,,,,*4B
$GQGSV,1,1,03,02,15,148,37,03,40,170,41,07,53,169,40,,,,*4B
$GQGSV,1,1,03,02,15,148,37,03,40,170,41,07,53,169,40,,,,*4B
$GQGSV,1,1,03,02,15,148,37,03,40,170,41,07,53,169,40,,,,*4B
$GQGSV,1,1,03,02,15,148,37,03,40,170,41,07,53,169,40,,,,*4B
$GQGSV,1,1,03,02,15,148,37,03,40,170,41,07,53,169,40,,,,*4B
$GQGSV,1,1,03,02,15,148,37,03,40,170,41,07,53,169,40,,,,*4B
$GQGSV,1,1,03,02,15,148,37,03,40,170,41,07,53,169,40,,,,*4B
$GQGSV,1,1,03,02,15,148,37,03,40,170,41,07,53,169,40,,,,*4B
$GQGSV,1,1,03,02,15,148,37,03,40,170,41,07,53,169,40,,,,*4B
$GQGSV,1,1,03,02,15,148,37,03,40,170,41,07,53,169,40,,,,*4B
$GQGSV,1,1,03,02,15,148,38,03,40,170,41,07,53,169,40,,,,*44
$GQGSV,1,1,03,02,15,148,38,03,40,170,41,07,53,169,40,,,,*44
$GQGSV,1,1,03,02,15,148,38,03,40,170,41,07,53,169,40,,,,*44
$GQGSV,1,1,03,02,15,148,38,03,40,170,40,07,53,169,40,,,,*45
$GQGSV,1,1,03,02,15,148,38,03,40,170,40,07,53,169,40,,,,*45
$GQGSV,1,1,03,02,15,148,38,03,40,170,40,07,53,169,40,,,,*45
$GQGSV,1,1,03,02,15,148,38,03,40,170,40,07,53,169,40,,,,*45
$GQGSV,1,1,03,02,15,148,38,03,40,170,40,07,53,169,40,,,,*45
$GQGSV,1,1,03,02,15,148,38,03,40,170,40,07,53,169,40,,,,*45
$GQGSV,1,1,03,02,15,148,38,03,40,170,40,07,53,169,40,,,,*45
$GQGSV,1,1,03,02,15,148,38,03,40,170,40,07,53,169,40,,,,*45
$GQGSV,1,1,03,02,15,148,38,03,40,170,40,07,53,169,40,,,,*45
$GQGSV,1,1,03,02,15,148,38,03,40,170,40,07,53,169,40,,,,*45
$GQGSV,1,1,03,02,15,148,38,03,40,170,40,07,53,169,40,,,,*45
$GQGSV,1,1,03,02,15,148,38,03,40,170,40,07,53,169,40,,,,*45
$GQGSV,1,1,03,02,15,148,38,03,40,170,40,07,53,169,40,,,,*45
$GQGSV,1,1,03,02,15,148,38,03,40,170,40,07,53,169,40,,,,*45
$GQGSV,1,1,03,02,15,148,38,03,40,170,40,07,53,169,40,,,,*45
$GQGSV,1,1,03,02,15,148,38,03,40,170,40,07,53,169,40,,,,*45
$GQGSV,1,1,03,02,15,148,38,03,40,170,40,07,53,169,40,,,,*45
$GQGSV,1,1,03,02,15,148,38,03,40,170,40,07,53,169,40,,,,*45
$GQGSV,1,1,03,02,15,148,38,03,40,170,40,07,53,169,40,,,,*45
$GQGSV,1,1,03,02,15,148,38,03,40,170,40,07,53,169,40,,,,*45
$GQGSV,1,1,03,02,15,148,38,03,40,170,40,07,53,169,40,,,,*45
$GQGSV,1,1,03,02,15,148,38,03,40,170,40,07,53,169,40,,,,*45
$GQGSV,1,1,03,02,15,148,38,03,40,170,40,07,53,169,40,,,,*45
$GQGSV,1,1,03,02,15,148,38,03,40,170,40,07,53,169,40,,,,*45
$GQGSV,1,1,03,02,15,148,38,03,40,170,40,07,53,169,40,,,,*45
$GQGSV,1,1,03,02,15,148,38,03,40,170,40,07,53,169,40,,,,*45
$GQGSV,1,1,03,02,15,148,38,03,40,170,40,07,53,169,40,,,,*45
$GQGSV,1,1,03,02,15,148,38,03,40,170,40,07,53,169,40,,,,*45
$GQGSV,1,1,03,02,15,148,38,03,40,170,40,07,53,169,40,,,,*45
$GQGSV,1,1,03,02,15,148,38,03,40,170,40,07,53,169,40,,,,*45
$GQGSV,1,1,03,02,15,148,38,03,40,170,40,07,53,169,40,,,,*45
$GQGSV,1,1,03,02,15,148,38,03,40,170,40,07,53,169,40,,,,*45
$GQGSV,1,1,03,02,15,148,38,03,40,170,40,07,53,169,40,,,,*45
$GQGSV,1,1,03,02,15,148,38,03,40,170,40,07,53,169,40,,,,*45
$GQGSV,1,1,03,02,15,148,38,03,40,170,40,07,53,169,40,,,,*45
$GQGSV,1,1,03,02,15,148,38,03,40,170,40,07,53,169,40,,,,*45
$GQGSV,1,1,03,02,15,148,38,03,40,170,40,07,53,169,40,,,,*45
$GQGSV,1,1,03,02,15,148,38,03,40,170,40,07,53,169,40,,,,*45
$GQGSV,1,1,03,02,15,148,38,03,40,170,40,07,53,169,40,,,,*45
$GQGSV,1,1,03,02,15,148,38,03,40,170,40,07,53,169,40,,,,*45
$GQGSV,1,1,03,02,15,148,38,03,40,170,40,07,53,169,40,,,,*45
$GQGSV,1,1,03,02,15,148,38,03,40,170,40,07,53,169,40,,,,*45
$GQGSV,1,1,03,02,15,148,38,03,40,170,40,07,53,169,40,,,,*45
$GQGSV,1,1,03,02,15,148,38,03,40,170,40,07,53,169,40,,,,*45
$GQGSV,1,1,03,02,15,148,38,03,40,170,41,07,53,169,40,,,,*44
$GQGSV,1,1,03,02,15,148,38,03,40,170,41,07,53,169,40,,,,*44
$GQGSV,1,1,03,02,15,148,38,03,40,170,41,07,53,169,40,,,,*44
$GQGSV,1,1,03,02,15,148,38,03,40,170,41,07,53,169,40,,,,*44
$GQGSV,1,1,03,02,15,148,38,03,40,170,41,07,53,169,40,,,,*44
$GQGSV,1,1,03,02,15,148,38,03,40,170,41,07,53,169,40,,,,*44
$GQGSV,1,1,03,02,15,148,38,03,40,170,41,07,53,169,40,,,,*44
$GQGSV,1,1,03,02,15,148,38,03,40,170,41,07,53,169,40,,,,*44
$GQGSV,1,1,03,02,15,148,38,03,40,170,41,07,53,169,40,,,,*44
$GQGSV,1,1,03,02,15,148,38,03,40,170,41,07,53,169,40,,,,*44
$GQGSV,1,1,03,02,15,148,38,03,40,170,41,07,53,169,40,,,,*44
$GQGSV,1,1,03,02,15,148,38,03,40,170,41,07,53,169,40,,,,*44
$GQGSV,1,1,03,02,15,148,38,03,40,170,41,07,53,169,40,,,,*44
$GQGSV,1,1,03,02,15,148,37,03,40,170,41,07,53,169,40,,,,*4B
$GQGSV,1,1,03,02,15,148,37,03,40,170,41,07,53,169,40,,,,*4B
$GQGSV,1,1,03,02,15,148,37,03,40,170,41,07,53,169,40,,,,*4B
$GQGSV,1,1,03,02,15,148,37,03,40,170,41,07,53,169,40,,,,*4B
$GQGSV,1,1,03,02,15,148,37,03,40,170,41,07,53,169,40,,,,*4B
$GQGSV,1,1,03,02,15,148,37,03,40,170,41,07,53,169,40,,,,*4B
$GQGSV,1,1,03,02,15,148,37,03,40,170,41,07,53,169,40,,,,*4B
$GQGSV,1,1,03,02,15,148,37,03,40,170,41,07,53,169,40,,,,*4B
$GQGSV,1,1,03,02,15,148,37,03,40,170,41,07,53,169,40,,,,*4B
$GQGSV,1,1,03,02,15,148,37,03,40,170,41,07,53,169,40,,,,*4B
$GQGSV,1,1,03,02,15,148,37,03,40,170,41,07,53,169,40,,,,*4B
$GQGSV,1,1,03,02,15,148,37,03,40,170,41,07,53,169,40,,,,*4B
$GQGSV,1,1,03,02,15,148,37,03,40,170,41,07,53,169,40,,,,*4B
$GQGSV,1,1,03,02,15,148,37,03,40,170,41,07,53,169,40,,,,*4B
$GQGSV,1,1,03,02,15,148,37,03,40,170,40,07,53,169,40,,,,*4A
$GQGSV,1,1,03,02,15,148,37,03,40,170,40,07,53,169,40,,,,*4A
$GQGSV,1,1,03,02,15,148,37,03,40,170,40,07,53,169,40,,,,*4A
$GQGSV,1,1,03,02,15,148,37,03,40,170,40,07,53,169,40,,,,*4A
$GQGSV,1,1,03,02,15,148,37,03,40,170,40,07,53,169,40,,,,*4A
$GQGSV,1,1,03,02,15,148,37,03,40,170,40,07,53,169,40,,,,*4A
$GQGSV,1,1,03,02,15,148,37,03,40,170,40,07,53,169,40,,,,*4A
$GQGSV,1,1,03,02,15,148,37,03,40,170,40,07,53,169,40,,,,*4A
$GQGSV,1,1,03,02,15,148,37,03,40,170,40,07,53,169,40,,,,*4A
$GQGSV,1,1,03,02,15,148,37,03,40,170,40,07,53,169,40,,,,*4A
$GQGSV,1,1,03,02,15,148,37,03,40,170,40,07,53,169,40,,,,*4A
$GQGSV,1,1,03,02,15,148,37,03,40,170,40,07,53,169,40,,,,*4A
$GQGSV,1,1,03,02,15,148,37,03,40,170,40,07,53,169,40,,,,*4A
$GQGSV,1,1,03,02,15,148,37,03,40,170,40,07,53,169,40,,,,*4A
$GQGSV,1,1,03,02,15,148,37,03,40,170,40,07,53,169,40,,,,*4A
$GQGSV,1,1,03,02,15,148,37,03,40,170,40,07,53,169,40,,,,*4A
$GQGSV,1,1,03,02,15,148,37,03,40,170,41,07,53,169,40,,,,*4B
$GQGSV,1,1,03,02,15,148,37,03,40,170,41,07,53,169,40,,,,*4B
$GQGSV,1,1,03,02,15,148,37,03,40,170,41,07,53,169,40,,,,*4B
$GQGSV,1,1,03,02,15,148,37,03,40,170,41,07,53,169,40,,,,*4B
$GQGSV,1,1,03,02,15,148,37,03,40,170,41,07,53,169,40,,,,*4B
$GQGSV,1,1,03,02,15,148,37,03,40,170,41,07,53,169,40,,,,*4B
$GQGSV,1,1,03,02,15,148,37,03,40,170,41,07,53,169,40,,,,*4B
$GQGSV,1,1,03,02,15,148,37,03,40,170,41,07,53,169,40,,,,*4B
$GQGSV,1,1,03,02,15,148,37,03,40,170,41,07,53,169,40,,,,*4B
$GQGSV,1,1,03,02,15,148,37,03,40,170,41,07,53,169,40,,,,*4B
$GQGSV,1,1,03,02,15,148,37,03,40,170,41,07,53,169,40,,,,*4B
$GQGSV,1,1,03,02,15,148,37,03,40,170,41,07,53,169,40,,,,*4B
$GQGSV,1,1,03,02,15,148,37,03,40,170,41,07,53,169,40,,,,*4B
$GQGSV,1,1,03,02,15,148,37,03,40,170,41,07,53,169,40,,,,*4B
$GQGSV,1,1,03,02,15,148,37,03,40,170,41,07,53,169,40,,,,*4B
$GQGSV,1,1,03,02,15,148,37,03,40,170,41,07,53,169,40,,,,*4B
$GQGSV,1,1,03,02,15,148,37,03,40,170,41,07,53,169,40,,,,*4B
$GQGSV,1,1,03,02,15,148,37,03,40,170,41,07,53,169,40,,,,*4B
$GQGSV,1,1,03,02,15,148,37,03,40,170,41,07,53,169,40,,,,*4B
$GQGSV,1,1,03,02,15,148,38,03,40,170,41,07,53,169,40,,,,*44
$GQGSV,1,1,03,02,15,148,38,03,40,170,41,07,53,169,40,,,,*44
$GQGSV,1,1,03,02,15,148,38,03,40,170,41,07,53,169,40,,,,*44
$GQGSV,1,1,03,02,15,148,38,03,40,170,41,07,53,169,40,,,,*44
$GQGSV,1,1,03,02,15,148,38,03,40,170,41,07,53,169,40,,,,*44
$GQGSV,1,1,03,02,15,148,38,03,40,170,41,07,53,169,40,,,,*44
$GQGSV,1,1,03,02,15,148,38,03,40,170,41,07,53,169,40,,,,*44
$GQGSV,1,1,03,02,15,148,37,03,40,170,41,07,53,169,40,,,,*4B
$GQGSV,1,1,03,02,15,148,37,03,40,170,41,07,53,169,40,,,,*4B
$GQGSV,1,1,03,02,15,148,37,03,40,170,41,07,53,169,40,,,,*4B
$GQGSV,1,1,03,02,15,148,37,03,40,170,41,07,53,169,40,,,,*4B
$GQGSV,1,1,03,02,15,148,37,03,40,170,41,07,53,169,40,,,,*4B
$GQGSV,1,1,03,02,15,148,37,03,40,170,41,07,53,169,39,,,,*45
$GQGSV,1,1,03,02,15,148,37,03,40,170,41,07,53,169,39,,,,*45
$GQGSV,1,1,03,02,15,148,37,03,40,170,41,07,53,169,39,,,,*45
$GQGSV,1,1,03,02,15,148,37,03,40,170,41,07,53,169,39,,,,*45
$GQGSV,1,1,03,02,15,148,37,03,40,170,41,07,53,169,39,,,,*45
$GQGSV,1,1,03,02,15,148,37,03,40,170,41,07,53,169,39,,,,*45
$GQGSV,1,1,03,02,15,148,37,03,40,170,41,07,53,169,39,,,,*45
$GQGSV,1,1,03,02,15,148,37,03,40,170,41,07,53,169,39,,,,*45
$GQGSV,1,1,03,02,15,148,37,03,40,170,41,07,53,169,39,,,,*45
$GQGSV,1,1,03,02,15,148,37,03,40,170,41,07,53,169,39,,,,*45
$GQGSV,1,1,03,02,15,148,37,03,39,170,41,07,53,169,39,,,,*4B
$GQGSV,1,1,03,02,15,148,37,03,39,170,41,07,53,169,39,,,,*4B
$GQGSV,1,1,03,02,15,148,37,03,39,170,41,07,53,169,39,,,,*4B
$GQGSV,1,1,03,02,15,148,37,03,39,170,41,07,53,169,39,,,,*4B
$GQGSV,1,1,03,02,15,148,37,03,39,170,41,07,53,169,39,,,,*4B
$GQGSV,1,1,03,02,15,148,37,03,39,170,41,07,53,169,39,,,,*4B
$GQGSV,1,1,03,02,15,148,37,03,39,170,41,07,53,169,39,,,,*4B
$GQGSV,1,1,03,02,15,148,37,03,39,170,41,07,53,169,39,,,,*4B
$GQGSV,1,1,03,02,15,148,37,03,39,170,41,07,53,169,39,,,,*4B
$GQGSV,1,1,03,02,15,148,37,03,39,170,41,07,53,169,39,,,,*4B
$GQGSV,1,1,03,02,15,148,37,03,39,170,41,07,53,169,39,,,,*4B
$GQGSV,1,1,03,02,15,148,37,03,39,170,41,07,53,169,39,,,,*4B
$GQGSV,1,1,03,02,15,148,37,03,39,170,41,07,53,169,39,,,,*4B
$GQGSV,1,1,03,02,15,148,37,03,39,170,41,07,53,169,39,,,,*4B
$GQGSV,1,1,03,02,15,148,37,03,39,170,41,07,53,169,39,,,,*4B
$GQGSV,1,1,03,02,15,148,37,03,39,170,41,07,53,169,39,,,,*4B
$GQGSV,1,1,03,02,15,148,37,03,39,170,41,07,53,169,39,,,,*4B
$GQGSV,1,1,03,02,15,148,37,03,39,170,41,07,53,169,39,,,,*4B
$GQGSV,1,1,03,02,15,148,37,03,39,170,41,07,53,169,39,,,,*4B
$GQGSV,1,1,03,02,15,148,37,03,39,170,41,07,53,169,39,,,,*4B
$GQGSV,1,1,03,02,15,148,37,03,39,170,41,07,53,169,39,,,,*4B
$GQGSV,1,1,03,02,15,148,37,03,39,170,41,07,53,169,39,,,,*4B
$GQGSV,1,1,03,02,15,148,37,03,39,170,41,07,53,169,39,,,,*4B
$GQGSV,1,1,03,02,15,148,37,03,39,170,41,07,53,169,39,,,,*4B
$GQGSV,1,1,03,02,15,148,37,03,39,170,41,07,53,169,39,,,,*4B
$GQGSV,1,1,03,02,15,148,37,03,39,170,41,07,53,169,39,,,,*4B
$GQGSV,1,1,03,02,15,148,37,03,39,170,41,07,53,169,39,,,,*4B
$GQGSV,1,1,03,02,15,148,37,03,39,170,41,07,53,169,39,,,,*4B
$GQGSV,1,1,03,02,15,148,37,03,39,170,41,07,53,169,39,,,,*4B
$GQGSV,1,1,03,02,15,148,37,03,39,170,41,07,53,169,39,,,,*4B
$GQGSV,1,1,03,02,15,148,37,03,39,170,40,07,53,169,39,,,,*4A
$GQGSV,1,1,03,02,15,148,37,03,39,170,40,07,53,169,39,,,,*4A
$GQGSV,1,1,03,02,15,148,37,03,39,170,40,07,53,169,39,,,,*4A
$GQGSV,1,1,03,02,15,148,37,03,39,170,40,07,53,169,39,,,,*4A
$GQGSV,1,1,03,02,15,148,37,03,39,170,40,07,53,169,39,,,,*4A
$GQGSV,1,1,03,02,15,148,37,03,39,170,40,07,53,169,39,,,,*4A
$GQGSV,1,1,03,02,15,148,37,03,39,170,40,07,53,169,39,,,,*4A
$GQGSV,1,1,03,02,15,148,37,03,39,170,40,07,53,169,39,,,,*4A
$GQGSV,1,1,03,02,15,148,37,03,39,170,40,07,53,169,39,,,,*4A
$GQGSV,1,1,03,02,15,148,37,03,39,170,40,07,53,169,39,,,,*4A
$GQGSV,1,1,03,02,15,148,37,03,39,170,40,07,53,169,39,,,,*4A
$GQGSV,1,1,03,02,15,148,37,03,39,170,40,07,53,169,39,,,,*4A
$GQGSV,1,1,03,02,15,148,37,03,39,170,40,07,53,169,40,,,,*44
$GQGSV,1,1,03,02,15,148,37,03,39,170,40,07,53,169,40,,,,*44
$GQGSV,1,1,03,02,15,148,37,03,39,170,40,07,53,169,40,,,,*44
$GQGSV,1,1,03,02,15,148,37,03,39,170,40,07,53,169,39,,,,*4A
$GQGSV,1,1,03,02,15,148,37,03,39,170,40,07,53,169,39,,,,*4A
$GQGSV,1,1,03,02,15,148,37,03,39,170,40,07,53,169,39,,,,*4A
$GQGSV,1,1,03,02,15,148,36,03,39,170,40,07,53,169,39,,,,*4B
$GQGSV,1,1,03,02,15,148,36,03,39,170,40,07,53,169,39,,,,*4B
$GQGSV,1,1,03,02,15,148,36,03,39,170,40,07,53,169,39,,,,*4B
$GQGSV,1,1,03,02,15,148,36,03,39,170,40,07,53,169,39,,,,*4B
$GQGSV,1,1,03,02,15,148,36,03,39,170,40,07,53,169,39,,,,*4B
$GQGSV,1,1,03,02,15,148,36,03,39,170,40,07,53,169,39,,,,*4B
$GQGSV,1,1,03,02,15,148,36,03,39,170,40,07,53,169,39,,,,*4B
$GQGSV,1,1,03,02,15,148,36,03,39,170,40,07,53,169,39,,,,*4B
$GQGSV,1,1,03,02,15,148,36,03,39,170,40,07,53,169,39,,,,*4B
$GQGSV,1,1,03,02,15,148,36,03,39,170,40,07,53,169,39,,,,*4B
$GQGSV,1,1,03,02,15,148,36,03,39,170,40,07,53,169,39,,,,*4B
$GQGSV,1,1,03,02,15,148,36,03,39,170,40,07,53,169,39,,,,*4B
$GQGSV,1,1,03,02,15,148,36,03,39,170,40,07,53,169,39,,,,*4B
$GQGSV,1,1,03,02,15,148,36,03,39,170,40,07,53,169,39,,,,*4B
$GQGSV,1,1,03,02,15,148,36,03,39,170,40,07,53,169,39,,,,*4B
$GQGSV,1,1,03,02,15,148,36,03,39,170,40,07,53,169,39,,,,*4B
$GQGSV,1,1,03,02,15,148,36,03,39,170,40,07,53,169,39,,,,*4B
$GQGSV,1,1,03,02,15,148,36,03,39,170,40,07,53,169,39,,,,*4B
$GQGSV,1,1,03,02,15,148,36,03,39,170,40,07,53,169,39,,,,*4B
$GQGSV,1,1,03,02,15,148,36,03,39,170,40,07,53,169,39,,,,*4B
$GQGSV,1,1,03,02,15,148,36,03,39,170,40,07,53,169,39,,,,*4B
$GQGSV,1,1,03,02,15,148,36,03,39,170,40,07,53,169,39,,,,*4B
$GQGSV,1,1,03,02,15,148,36,03,39,170,40,07,53,169,39,,,,*4B
$GQGSV,1,1,03,02,15,148,36,03,39,170,40,07,53,169,39,,,,*4B
$GQGSV,1,1,03,02,15,148,36,03,39,170,40,07,53,169,39,,,,*4B
$GQGSV,1,1,03,02,15,148,36,03,39,170,40,07,53,169,39,,,,*4B
$GQGSV,1,1,03,02,15,148,36,03,39,170,40,07,53,169,39,,,,*4B
$GQGSV,1,1,03,02,15,148,36,03,39,170,40,07,53,169,39,,,,*4B
$GQGSV,1,1,03,02,15,148,36,03,39,170,40,07,53,169,39,,,,*4B
$GQGSV,1,1,03,02,15,148,36,03,39,170,40,07,53,169,40,,,,*45
$GQGSV,1,1,03,02,15,148,36,03,39,170,41,07,53,169,40,,,,*44
$GQGSV,1,1,03,02,15,148,36,03,39,170,41,07,53,169,40,,,,*44
$GQGSV,1,1,03,02,15,148,36,03,39,170,41,07,53,169,40,,,,*44
$GQGSV,1,1,03,02,15,148,36,03,39,170,41,07,53,169,40,,,,*44
$GQGSV,1,1,03,02,15,148,36,03,39,170,41,07,53,169,40,,,,*44
$GQGSV,1,1,03,02,15,148,36,03,39,170,41,07,53,169,40,,,,*44
$GQGSV,1,1,03,02,15,148,36,03,39,170,41,07,53,169,40,,,,*44
$GQGSV,1,1,03,02,15,148,36,03,39,170,41,07,53,169,40,,,,*44
$GQGSV,1,1,03,02,15,148,37,03,39,170,41,07,53,169,40,,,,*45
$GQGSV,1,1,03,02,15,148,37,03,39,170,41,07,53,169,40,,,,*45
$GQGSV,1,1,03,02,15,148,37,03,39,170,41,07,53,169,40,,,,*45
$GQGSV,1,1,03,02,15,148,37,03,39,170,41,07,53,169,40,,,,*45
$GQGSV,1,1,03,02,15,148,37,03,39,170,41,07,53,169,40,,,,*45
$GQGSV,1,1,03,02,15,148,37,03,39,170,41,07,53,169,40,,,,*45
$GQGSV,1,1,03,02,15,148,37,03,39,170,41,07,53,169,40,,,,*45
$GQGSV,1,1,03,02,15,148,37,03,39,170,41,07,53,169,40,,,,*45
$GQGSV,1,1,03,02,15,148,37,03,39,170,41,07,53,169,40,,,,*45
$GQGSV,1,1,03,02,15,148,37,03,39,170,40,07,53,169,40,,,,*44
$GQGSV,1,1,03,02,15,148,37,03,39,170,40,07,53,169,40,,,,*44
$GQGSV,1,1,03,02,15,148,37,03,39,170,40,07,53,169,40,,,,*44
$GQGSV,1,1,03,02,15,148,37,03,39,170,40,07,53,169,40,,,,*44
$GQGSV,1,1,03,02,15,148,37,03,39,170,41,07,53,169,40,,,,*45
$GQGSV,1,1,03,02,15,148,37,03,39,170,41,07,53,169,40,,,,*45
$GQGSV,1,1,03,02,15,148,37,03,39,170,41,07,53,169,40,,,,*45
$GQGSV,1,1,03,02,15,148,37,03,39,170,41,07,53,169,40,,,,*45
$GQGSV,1,1,03,02,15,148,37,03,39,170,41,07,53,169,40,,,,*45
$GQGSV,1,1,03,02,15,148,37,03,39,170,41,07,53,169,40,,,,*45
$GQGSV,1,1,03,02,15,148,37,03,39,170,41,07,53,169,40,,,,*45
$GQGSV,1,1,03,02,15,148,37,03,39,170,41,07,53,169,40,,,,*45
$GQGSV,1,1,03,02,15,148,37,03,39,170,41,07,53,169,40,,,,*45
$GQGSV,1,1,03,02,15,148,37,03,39,170,41,07,53,169,40,,,,*45
$GQGSV,1,1,03,02,15,148,37,03,39,170,41,07,53,169,40,,,,*45
$GQGSV,1,1,03,02,15,148,37,03,39,170,41,07,53,169,40,,,,*45
$GQGSV,1,1,03,02,15,148,37,03,39,170,41,07,53,169,40,,,,*45
$GQGSV,1,1,03,02,15,148,37,03,39,170,41,07,53,169,40,,,,*45
$GQGSV,1,1,03,02,15,148,37,03,39,170,41,07,53,169,40,,,,*45
$GQGSV,1,1,03,02,15,148,37,03,39,170,41,07,53,169,40,,,,*45
$GQGSV,1,1,03,02,15,148,37,03,39,170,41,07,53,169,40,,,,*45
$GQGSV,1,1,03,02,15,148,37,03,39,170,41,07,53,169,40,,,,*45
$GQGSV,1,1,03,02,15,148,37,03,39,170,41,07,53,169,40,,,,*45
$GQGSV,1,1,03,02,15,148,37,03,39,170,41,07,53,169,40,,,,*45
$GQGSV,1,1,03,02,15,148,37,03,39,170,41,07,53,169,40,,,,*45
$GQGSV,1,1,03,02,15,148,37,03,39,170,41,07,53,169,40,,,,*45
$GQGSV,1,1,03,02,15,148,37,03,39,170,41,07,53,169,40,,,,*45
$GQGSV,1,1,03,02,15,148,37,03,39,170,41,07,53,169,40,,,,*45
$GQGSV,1,1,03,02,15,148,37,03,39,170,41,07,53,169,40,,,,*45
$GQGSV,1,1,03,02,15,148,37,03,39,170,41,07,53,169,40,,,,*45
$GQGSV,1,1,03,02,15,148,37,03,39,170,41,07,53,169,40,,,,*45
$GQGSV,1,1,03,02,15,148,37,03,39,170,41,07,53,169,40,,,,*45
$GQGSV,1,1,03,02,15,148,37,03,39,170,41,07,53,169,40,,,,*45
$GQGSV,1,1,03,02,15,148,37,03,39,170,41,07,53,169,40,,,,*45
$GQGSV,1,1,03,02,15,148,37,03,39,170,41,07,53,169,40,,,,*45
$GQGSV,1,1,03,02,15,148,37,03,39,170,41,07,53,169,40,,,,*45
$GQGSV,1,1,03,02,15,148,36,03,39,170,41,07,53,169,40,,,,*44
$GQGSV,1,1,03,02,15,148,36,03,39,170,41,07,53,169,40,,,,*44
$GQGSV,1,1,03,02,15,148,36,03,39,170,41,07,53,169,40,,,,*44
$GQGSV,1,1,03,02,15,148,36,03,39,170,41,07,53,169,40,,,,*44
$GQGSV,1,1,03,02,15,148,36,03,39,170,41,07,53,169,40,,,,*44
$GQGSV,1,1,03,02,15,148,36,03,39,170,41,07,53,169,40,,,,*44
$GQGSV,1,1,03,02,15,148,36,03,39,170,41,07,53,169,40,,,,*44
$GQGSV,1,1,03,02,15,148,36,03,39,170,41,07,53,169,40,,,,*44
$GQGSV,1,1,03,02,15,148,36,03,39,170,41,07,53,169,40,,,,*44
$GQGSV,1,1,03,02,15,148,36,03,39,170,41,07,53,169,40,,,,*44
$GQGSV,1,1,03,02,15,148,36,03,39,170,41,07,53,169,40,,,,*44
$GQGSV,1,1,03,02,15,148,36,03,39,170,41,07,53,169,40,,,,*44
$GQGSV,1,1,03,02,15,148,36,03,39,170,41,07,53,169,40,,,,*44
$GQGSV,1,1,03,02,15,148,36,03,39,170,41,07,53,169,40,,,,*44
$GQGSV,1,1,03,02,15,148,36,03,39,170,41,07,53,169,40,,,,*44
$GQGSV,1,1,03,02,15,148,36,03,39,170,41,07,53,169,40,,,,*44
$GQGSV,1,1,03,02,15,148,36,03,39,170,41,07,53,169,40,,,,*44
$GQGSV,1,1,03,02,15,148,36,03,39,170,41,07,53,169,40,,,,*44
$GQGSV,1,1,03,02,15,148,36,03,39,170,41,07,53,169,40,,,,*44
$GQGSV,1,1,03,02,15,148,36,03,39,170,41,07,53,169,40,,,,*44
$GQGSV,1,1,03,02,15,148,36,03,39,170,41,07,53,169,40,,,,*44
$GQGSV,1,1,03,02,15,148,36,03,39,170,41,07,53,169,40,,,,*44
$GQGSV,1,1,03,02,15,148,36,03,39,170,41,07,53,169,40,,,,*44
$GQGSV,1,1,03,02,15,148,36,03,39,170,41,07,53,169,40,,,,*44
$GQGSV,1,1,03,02,15,148,36,03,39,170,41,07,53,169,40,,,,*44
$GQGSV,1,1,03,02,15,148,36,03,39,170,41,07,53,169,40,,,,*44
$GQGSV,1,1,03,02,15,148,36,03,39,170,41,07,53,169,40,,,,*44
$GQGSV,1,1,03,02,15,148,36,03,39,170,41,07,53,169,40,,,,*44
$GQGSV,1,1,03,02,15,148,36,03,39,170,41,07,53,169,40,,,,*44
$GQGSV,1,1,03,02,15,148,36,03,39,170,41,07,53,169,40,,,,*44
$GQGSV,1,1,03,02,15,148,37,03,39,170,41,07,53,169,40,,,,*45
$GQGSV,1,1,03,02,15,148,37,03,39,170,41,07,53,169,40,,,,*45
$GQGSV,1,1,03,02,15,148,37,03,39,170,41,07,53,169,40,,,,*45
$GQGSV,1,1,03,02,15,148,37,03,39,170,41,07,53,169,40,,,,*45
$GQGSV,1,1,03,02,15,148,37,03,39,170,41,07,53,169,40,,,,*45
$GQGSV,1,1,03,02,15,148,37,03,39,170,41,07,53,169,40,,,,*45
$GQGSV,1,1,03,02,15,148,37,03,39,170,41,07,53,169,40,,,,*45
$GQGSV,1,1,03,02,15,148,37,03,39,170,41,07,53,169,40,,,,*45
$GQGSV,1,1,03,02,15,148,37,03,39,170,41,07,53,169,40,,,,*45
$GQGSV,1,1,03,02,15,148,37,03,39,170,41,07,53,169,40,,,,*45
$GQGSV,1,1,03,02,15,148,37,03,39,170,40,07,53,169,40,,,,*44
$GQGSV,1,1,03,02,15,148,37,03,39,170,40,07,53,169,40,,,,*44
$GQGSV,1,1,03,02,15,148,37,03,39,170,40,07,53,169,40,,,,*44
$GQGSV,1,1,03,02,15,148,37,03,39,170,40,07,53,169,40,,,,*44
$GQGSV,1,1,03,02,15,148,37,03,39,170,40,07,53,169,40,,,,*44
$GQGSV,1,1,03,02,15,148,37,03,39,170,40,07,53,169,40,,,,*44
$GQGSV,1,1,03,02,15,148,37,03,39,170,40,07,53,169,40,,,,*44
$GQGSV,1,1,03,02,15,148,37,03,39,170,40,07,53,169,40,,,,*44
$GQGSV,1,1,03,02,15,148,37,03,39,170,40,07,53,169,40,,,,*44
$GQGSV,1,1,03,02,15,148,37,03,39,170,40,07,53,169,40,,,,*44
$GQGSV,1,1,03,02,15,148,37,03,39,170,40,07,53,169,40,,,,*44
$GQGSV,1,1,03,02,15,148,37,03,39,170,40,07,53,169,40,,,,*44
$GQGSV,1,1,03,02,15,148,37,03,39,170,40,07,53,169,40,,,,*44
$GQGSV,1,1,03,02,15,148,37,03,39,170,40,07,53,169,40,,,,*44
$GQGSV,1,1,03,02,15,148,37,03,39,170,40,07,53,169,40,,,,*44
$GQGSV,1,1,03,02,15,148,37,03,39,170,40,07,53,169,40,,,,*44
$GQGSV,1,1,03,02,15,148,37,03,39,170,40,07,53,169,40,,,,*44
$GQGSV,1,1,03,02,15,148,37,03,39,170,40,07,53,169,40,,,,*44
$GQGSV,1,1,03,02,15,148,37,03,39,170,40,07,53,169,40,,,,*44
$GQGSV,1,1,03,02,15,148,37,03,39,170,40,07,53,169,40,,,,*44
$GQGSV,1,1,03,02,15,148,37,03,39,170,40,07,53,169,40,,,,*44
$GQGSV,1,1,03,02,15,148,37,03,39,170,40,07,53,169,40,,,,*44
$GQGSV,1,1,03,02,15,148,37,03,39,170,40,07,53,169,40,,,,*44
$GQGSV,1,1,03,02,15,148,37,03,39,170,40,07,53,169,40,,,,*44
$GQGSV,1,1,03,02,15,148,37,03,39,170,40,07,53,169,40,,,,*44
$GQGSV,1,1,03,02,15,148,37,03,39,170,40,07,53,169,40,,,,*44
$GQGSV,1,1,03,02,15,148,37,03,39,170,40,07,53,169,40,,,,*44
$GQGSV,1,1,03,02,15,148,37,03,39,170,40,07,53,169,40,,,,*44
$GQGSV,1,1,03,02,15,148,37,03,39,170,40,07,53,169,40,,,,*44
$GQGSV,1,1,03,02,15,148,37,03,39,170,40,07,53,169,40,,,,*44
$GQGSV,1,1,03,02,15,148,37,03,39,170,40,07,53,169,40,,,,*44
$GQGSV,1,1,03,02,15,148,37,03,39,170,40,07,53,169,40,,,,*44
$GQGSV,1,1,03,02,15,148,37,03,39,170,40,07,53,169,40,,,,*44
$GQGSV,1,1,03,02,15,148,37,03,39,170,40,07,53,169,40,,,,*44
$GQGSV,1,1,03,02,15,148,37,03,39,170,40,07,53,169,40,,,,*44
$GQGSV,1,1,03,02,15,148,37,03,39,170,40,07,53,169,40,,,,*44
$GQGSV,1,1,03,02,15,148,37,03,39,170,40,07,53,169,40,,,,*44
$GQGSV,1,1,03,02,15,148,37,03,39,170,40,07,53,169,40,,,,*44
$GQGSV,1,1,03,02,15,148,37,03,39,170,40,07,53,169,40,,,,*44
$GQGSV,1,1,03,02,15,148,37,03,39,170,40,07,53,169,40,,,,*44
$GQGSV,1,1,03,02,15,148,37,03,39,170,40,07,53,169,40,,,,*44
$GQGSV,1,1,03,02,15,148,37,03,39,170,40,07,53,169,40,,,,*44
$GQGSV,1,1,03,02,15,148,37,03,39,170,40,07,53,169,40,,,,*44
$GQGSV,1,1,03,02,15,148,37,03,39,170,40,07,53,169,40,,,,*44
$GQGSV,1,1,03,02,15,148,37,03,39,170,40,07,53,169,40,,,,*44
$GQGSV,1,1,03,02,15,148,37,03,39,170,40,07,53,169,40,,,,*44
$GQGSV,1,1,03,02,15,148,37,03,39,170,40,07,53,169,40,,,,*44
$GQGSV,1,1,03,02,15,148,37,03,39,170,40,07,53,169,40,,,,*44
$GQGSV,1,1,03,02,15,148,37,03,39,170,40,07,53,169,40,,,,*44
$GQGSV,1,1,03,02,15,148,37,03,39,170,40,07,53,169,40,,,,*44
$GQGSV,1,1,03,02,15,148,37,03,39,170,40,07,53,169,40,,,,*44
$GQGSV,1,1,03,02,15,148,37,03,39,170,40,07,53,169,39,,,,*4A
$GQGSV,1,1,03,02,15,148,37,03,39,170,40,07,53,169,39,,,,*4A
$GQGSV,1,1,03,02,15,148,37,03,39,170,40,07,53,169,39,,,,*4A
$GQGSV,1,1,03,02,15,148,37,03,39,170,40,07,53,169,39,,,,*4A
$GQGSV,1,1,03,02,15,148,37,03,39,170,40,07,53,169,39,,,,*4A
$GQGSV,1,1,03,02,15,148,37,03,39,170,40,07,53,169,39,,,,*4A
$GQGSV,1,1,03,02,15,148,37,03,39,170,40,07,53,169,39,,,,*4A
$GQGSV,1,1,03,02,15,148,37,03,39,170,40,07,53,169,39,,,,*4A
$GQGSV,1,1,03,02,15,148,37,03,39,170,40,07,53,169,39,,,,*4A
$GQGSV,1,1,03,02,15,148,37,03,39,170,40,07,53,169,39,,,,*4A
$GQGSV,1,1,03,02,15,148,37,03,39,170,40,07,53,169,39,,,,*4A
$GQGSV,1,1,03,02,15,148,37,03,39,170,40,07,53,169,39,,,,*4A
$GQGSV,1,1,03,02,15,148,37,03,39,170,40,07,53,169,39,,,,*4A
$GQGSV,1,1,03,02,15,148,37,03,39,170,40,07,53,169,39,,,,*4A
$GQGSV,1,1,03,02,15,148,37,03,39,170,40,07,53,169,39,,,,*4A
$GQGSV,1,1,03,02,15,148,37,03,39,170,40,07,53,169,39,,,,*4A
$GQGSV,1,1,03,02,15,148,37,03,39,170,40,07,53,169,39,,,,*4A
$GQGSV,1,1,03,02,15,148,37,03,39,170,40,07,53,169,39,,,,*4A
$GQGSV,1,1,03,02,15,148,37,03,39,170,40,07,53,169,39,,,,*4A
$GQGSV,1,1,03,02,15,148,37,03,39,170,40,07,53,169,39,,,,*4A
$GQGSV,1,1,03,02,15,148,37,03,39,170,40,07,53,169,39,,,,*4A
$GQGSV,1,1,03,02,15,148,37,03,39,170,40,07,53,169,39,,,,*4A
$GQGSV,1,1,03,02,15,148,37,03,39,170,40,07,53,169,39,,,,*4A
$GQGSV,1,1,03,02,15,148,37,03,39,170,40,07,53,169,39,,,,*4A
$GQGSV,1,1,03,02,15,148,37,03,39,170,40,07,53,169,40,,,,*44
$GQGSV,1,1,03,02,15,148,37,03,39,170,40,07,53,169,40,,,,*44
$GQGSV,1,1,03,02,15,148,37,03,39,170,40,07,53,169,40,,,,*44
$GQGSV,1,1,03,02,15,148,37,03,39,170,40,07,53,169,40,,,,*44
$GQGSV,1,1,03,02,15,148,37,03,39,170,40,07,53,169,40,,,,*44
$GQGSV,1,1,03,02,15,148,37,03,39,170,40,07,53,169,40,,,,*44
$GQGSV,1,1,03,02,15,148,37,03,39,170,40,07,53,169,40,,,,*44
$GQGSV,1,1,03,02,15,148,37,03,39,170,40,07,53,169,40,,,,*44
$GQGSV,1,1,03,02,15,148,37,03,39,170,40,07,53,169,40,,,,*44
$GQGSV,1,1,03,02,15,148,37,03,39,170,40,07,53,169,40,,,,*44
$GQGSV,1,1,03,02,15,148,37,03,39,170,40,07,53,169,40,,,,*44
$GQGSV,1,1,03,02,15,148,37,03,39,170,40,07,53,169,40,,,,*44
$GQGSV,1,1,03,02,15,148,37,03,39,170,40,07,53,169,40,,,,*44
$GQGSV,1,1,03,02,15,148,37,03,39,170,40,07,53,169,40,,,,*44
$GQGSV,1,1,03,02,15,148,37,03,39,170,40,07,53,169,40,,,,*44
$GQGSV,1,1,03,02,15,148,37,03,39,170,40,07,53,169,40,,,,*44
$GQGSV,1,1,03,02,15,148,37,03,39,170,40,07,53,169,40,,,,*44
$GQGSV,1,1,03,02,15,148,37,03,39,170,40,07,53,169,40,,,,*44
$GQGSV,1,1,03,02,15,148,37,03,39,170,40,07,53,169,40,,,,*44
$GQGSV,1,1,03,02,15,148,37,03,39,170,40,07,53,169,40,,,,*44
$GQGSV,1,1,03,02,15,148,36,03,39,170,40,07,53,169,40,,,,*45
$GQGSV,1,1,03,02,15,148,36,03,39,170,40,07,53,169,40,,,,*45
$GQGSV,1,1,03,02,15,148,36,03,39,170,40,07,53,169,40,,,,*45
$GQGSV,1,1,03,02,15,148,36,03,39,170,40,07,53,169,40,,,,*45
$GQGSV,1,1,03,02,15,148,36,03,39,170,40,07,53,169,40,,,,*45
$GQGSV,1,1,03,02,15,148,36,03,39,170,40,07,53,169,40,,,,*45
$GQGSV,1,1,03,02,15,148,36,03,39,170,40,07,53,169,40,,,,*45
$GQGSV,1,1,03,02,15,148,36,03,39,170,40,07,53,169,40,,,,*45
$GQGSV,1,1,03,02,15,148,36,03,39,170,40,07,53,169,40,,,,*45
$GQGSV,1,1,03,02,15,148,36,03,39,170,40,07,53,169,40,,,,*45
$GQGSV,1,1,03,02,15,148,36,03,39,170,40,07,53,169,40,,,,*45
$GQGSV,1,1,03,02,15,148,36,03,39,170,40,07,53,169,40,,,,*45
$GQGSV,1,1,03,02,15,148,36,03,39,170,40,07,53,169,40,,,,*45
$GQGSV,1,1,03,02,15,148,36,03,39,170,40,07,53,169,40,,,,*45
$GQGSV,1,1,03,02,15,148,36,03,39,170,40,07,53,169,40,,,,*45
$GQGSV,1,1,03,02,15,148,36,03,39,170,40,07,53,169,40,,,,*45
$GQGSV,1,1,03,02,15,148,36,03,39,170,40,07,53,169,40,,,,*45
$GQGSV,1,1,03,02,15,148,36,03,39,170,40,07,53,169,40,,,,*45
$GQGSV,1,1,03,02,15,148,36,03,39,170,40,07,53,169,40,,,,*45
$GQGSV,1,1,03,02,15,148,36,03,39,170,40,07,53,169,40,,,,*45
$GQGSV,1,1,03,02,15,148,36,03,39,170,40,07,53,169,40,,,,*45
$GQGSV,1,1,03,02,15,148,36,03,39,170,40,07,53,169,40,,,,*45
$GQGSV,1,1,03,02,15,148,36,03,39,170,40,07,53,169,40,,,,*45
$GQGSV,1,1,03,02,15,148,36,03,39,170,40,07,53,169,40,,,,*45
$GQGSV,1,1,03,02,15,148,36,03,39,170,40,07,53,169,40,,,,*45
$GQGSV,1,1,03,02,15,148,36,03,39,170,40,07,53,169,40,,,,*45
$GQGSV,1,1,03,02,15,148,36,03,39,170,40,07,53,169,39,,,,*4B
$GQGSV,1,1,03,02,15,148,36,03,39,170,40,07,53,169,39,,,,*4B
$GQGSV,1,1,03,02,15,148,37,03,39,170,40,07,53,169,39,,,,*4A
$GQGSV,1,1,03,02,15,148,37,03,39,170,40,07,53,169,39,,,,*4A
$GQGSV,1,1,03,02,15,148,37,03,39,170,40,07,53,169,39,,,,*4A
$GQGSV,1,1,03,02,15,148,37,03,39,170,40,07,53,169,39,,,,*4A
$GQGSV,1,1,03,02,15,148,37,03,39,170,40,07,53,169,39,,,,*4A
$GQGSV,1,1,03,02,15,148,37,03,39,170,40,07,53,169,39,,,,*4A
$GQGSV,1,1,03,02,15,148,37,03,39,170,40,07,53,169,39,,,,*4A
$GQGSV,1,1,03,02,15,148,37,03,39,170,40,07,53,169,39,,,,*4A
$GQGSV,1,1,03,02,15,148,37,03,39,170,40,07,53,169,39,,,,*4A
$GQGSV,1,1,03,02,15,148,37,03,39,170,40,07,53,169,39,,,,*4A
$GQGSV,1,1,03,02,15,148,37,03,39,170,40,07,53,169,39,,,,*4A
$GQGSV,1,1,03,02,15,148,37,03,39,170,40,07,53,169,39,,,,*4A
$GQGSV,1,1,03,02,15,148,37,03,39,170,40,07,53,169,39,,,,*4A
$GQGSV,1,1,03,02,15,148,37,03,39,170,40,07,53,169,39,,,,*4A
$GQGSV,1,1,03,02,15,148,37,03,39,170,40,07,53,169,39,,,,*4A
$GQGSV,1,1,03,02,15,148,37,03,39,170,40,07,53,169,39,,,,*4A
$GQGSV,1,1,03,02,15,148,37,03,39,170,40,07,53,169,39,,,,*4A
$GQGSV,1,1,03,02,15,148,37,03,39,170,40,07,53,169,39,,,,*4A
$GQGSV,1,1,03,02,15,148,37,03,39,170,40,07,53,169,39,,,,*4A
$GQGSV,1,1,03,02,15,148,37,03,39,170,40,07,53,169,39,,,,*4A
$GQGSV,1,1,03,02,15,148,37,03,39,170,40,07,53,169,39,,,,*4A
$GQGSV,1,1,03,02,15,148,37,03,39,170,40,07,53,169,39,,,,*4A
$GQGSV,1,1,03,02,15,148,37,03,39,170,40,07,53,169,39,,,,*4A
$GQGSV,1,1,03,02,15,148,37,03,39,170,40,07,53,169,40,,,,*44
$GQGSV,1,1,03,02,15,148,37,03,39,170,40,07,53,169,40,,,,*44
$GQGSV,1,1,03,02,15,148,37,03,39,170,40,07,53,169,40,,,,*44
$GQGSV,1,1,03,02,15,148,37,03,39,170,40,07,53,169,40,,,,*44
$GQGSV,1,1,03,02,15,148,37,03,39,170,40,07,53,169,40,,,,*44
$GQGSV,1,1,03,02,15,148,37,03,39,170,40,07,53,169,40,,,,*44
$GQGSV,1,1,03,02,15,148,37,03,39,170,40,07,53,169,40,,,,*44
$GQGSV,1,1,03,02,15,148,37,03,39,170,40,07,53,169,40,,,,*44
$GQGSV,1,1,03,02,15,148,37,03,39,170,40,07,53,169,40,,,,*44
$GQGSV,1,1,03,02,15,148,37,03,39,170,41,07,53,169,40,,,,*45
$GQGSV,1,1,03,02,15,148,37,03,39,170,41,07,53,169,40,,,,*45
$GQGSV,1,1,03,02,15,148,37,03,39,170,41,07,53,169,40,,,,*45
$GQGSV,1,1,03,02,15,148,37,03,39,170,41,07,53,169,40,,,,*45
$GQGSV,1,1,03,02,15,148,37,03,39,170,41,07,53,169,40,,,,*45
$GQGSV,1,1,03,02,15,148,37,03,39,170,41,07,53,169,40,,,,*45
$GQGSV,1,1,03,02,15,148,37,03,39,170,41,07,53,169,40,,,,*45
$GQGSV,1,1,03,02,15,148,37,03,39,170,41,07,53,169,40,,,,*45
$GQGSV,1,1,03,02,15,148,37,03,39,170,41,07,53,169,40,,,,*45
$GQGSV,1,1,03,02,15,148,37,03,39,170,41,07,53,169,40,,,,*45
$GQGSV,1,1,03,02,15,148,37,03,39,170,40,07,53,169,40,,,,*44
$GQGSV,1,1,03,02,15,148,37,03,39,170,40,07,53,169,40,,,,*44
$GQGSV,1,1,03,02,15,148,37,03,39,170,40,07,53,169,40,,,,*44
$GQGSV,1,1,03,02,15,148,37,03,39,170,40,07,53,169,40,,,,*44
$GQGSV,1,1,03,02,15,148,37,03,39,170,40,07,53,169,40,,,,*44
$GQGSV,1,1,03,02,15,148,37,03,39,170,40,07,53,169,40,,,,*44
$GQGSV,1,1,03,02,15,148,37,03,39,170,40,07,53,169,40,,,,*44
$GQGSV,1,1,03,02,15,148,37,03,39,170,40,07,53,169,40,,,,*44
$GQGSV,1,1,03,02,15,148,37,03,39,170,40,07,53,169,40,,,,*44
$GQGSV,1,1,03,02,15,148,37,03,39,170,40,07,53,169,40,,,,*44
$GQGSV,1,1,03,02,15,148,37,03,39,170,40,07,53,169,40,,,,*44
$GQGSV,1,1,03,02,15,148,37,03,39,170,40,07,53,169,40,,,,*44
$GQGSV,1,1,03,02,15,148,37,03,39,170,40,07,53,169,40,,,,*44
$GQGSV,1,1,03,02,15,148,37,03,39,170,40,07,53,169,40,,,,*44
$GQGSV,1,1,03,02,15,148,38,03,39,170,40,07,53,169,40,,,,*4B
$GQGSV,1,1,03,02,15,148,38,03,39,170,40,07,53,169,40,,,,*4B
$GQGSV,1,1,03,02,15,148,38,03,39,170,40,07,53,169,40,,,,*4B
$GQGSV,1,1,03,02,15,148,38,03,39,170,40,07,53,169,40,,,,*4B
$GQGSV,1,1,03,02,15,148,38,03,39,170,40,07,53,169,40,,,,*4B
$GQGSV,1,1,03,02,15,148,38,03,39,170,40,07,53,169,40,,,,*4B
$GQGSV,1,1,03,02,15,148,38,03,39,170,40,07,53,169,40,,,,*4B
$GQGSV,1,1,03,02,15,148,38,03,39,170,40,07,53,169,40,,,,*4B
$GQGSV,1,1,03,02,15,148,38,03,39,170,40,07,53,169,40,,,,*4B
$GQGSV,1,1,03,02,15,148,38,03,39,170,40,07,53,169,40,,,,*4B
$GQGSV,1,1,03,02,15,148,38,03,39,170,40,07,53,169,40,,,,*4B
$GQGSV,1,1,03,02,15,148,38,03,39,170,40,07,53,169,40,,,,*4B
$GQGSV,1,1,03,02,15,148,38,03,39,170,40,07,53,169,40,,,,*4B
$GQGSV,1,1,03,02,15,148,38,03,39,170,40,07,53,169,40,,,,*4B
$GQGSV,1,1,03,02,15,148,38,03,39,170,40,07,53,169,40,,,,*4B
$GQGSV,1,1,03,02,15,148,38,03,39,170,40,07,53,169,40,,,,*4B
$GQGSV,1,1,03,02,15,148,38,03,39,170,40,07,53,169,40,,,,*4B
$GQGSV,1,1,03,02,15,148,38,03,39,170,40,07,53,169,40,,,,*4B
$GQGSV,1,1,03,02,15,148,38,03,39,170,40,07,53,169,40,,,,*4B
$GQGSV,1,1,03,02,15,148,38,03,39,170,40,07,53,169,40,,,,*4B
$GQGSV,1,1,03,02,15,148,38,03,39,170,40,07,53,169,40,,,,*4B
$GQGSV,1,1,03,02,15,148,38,03,39,170,40,07,53,169,40,,,,*4B
$GQGSV,1,1,03,02,15,148,38,03,39,170,40,07,53,169,40,,,,*4B
$GQGSV,1,1,03,02,15,148,38,03,39,170,40,07,53,169,40,,,,*4B
$GQGSV,1,1,03,02,15,148,38,03,39,170,40,07,53,169,40,,,,*4B
$GQGSV,1,1,03,02,15,148,38,03,39,170,40,07,53,169,40,,,,*4B
$GQGSV,1,1,03,02,15,148,38,03,39,170,40,07,53,169,40,,,,*4B
$GQGSV,1,1,03,02,15,148,38,03,39,170,40,07,53,169,40,,,,*4B
$GQGSV,1,1,03,02,15,148,38,03,39,170,40,07,53,169,40,,,,*4B
$GQGSV,1,1,03,02,15,148,38,03,39,170,41,07,53,169,40,,,,*4A
$GQGSV,1,1,03,02,15,148,38,03,39,170,41,07,53,169,39,,,,*44
$GQGSV,1,1,03,02,15,148,38,03,39,170,41,07,53,169,39,,,,*44
$GQGSV,1,1,03,02,15,148,38,03,39,170,41,07,53,169,39,,,,*44
$GQGSV,1,1,03,02,15,148,38,03,39,170,41,07,53,169,39,,,,*44
$GQGSV,1,1,03,02,15,148,38,03,39,170,41,07,53,169,39,,,,*44
$GQGSV,1,1,03,02,15,148,38,03,39,170,41,07,53,169,39,,,,*44
$GQGSV,1,1,03,02,15,148,38,03,39,170,41,07,53,169,39,,,,*44
$GQGSV,1,1,03,02,15,148,38,03,39,170,41,07,53,169,39,,,,*44
$GQGSV,1,1,03,02,15,148,38,03,39,170,41,07,53,169,39,,,,*44
$GQGSV,1,1,03,02,15,148,38,03,39,170,41,07,53,169,39,,,,*44
$GQGSV,1,1,03,02,15,148,38,03,39,170,41,07,53,169,39,,,,*44
$GQGSV,1,1,03,02,15,148,38,03,39,170,41,07,53,169,39,,,,*44
$GQGSV,1,1,03,02,15,148,38,03,39,170,41,07,53,169,39,,,,*44
$GQGSV,1,1,03,02,15,148,38,03,39,170,41,07,53,169,39,,,,*44
$GQGSV,1,1,03,02,15,148,38,03,39,170,41,07,53,169,39,,,,*44
$GQGSV,1,1,03,02,15,148,39,03,39,170,41,07,53,169,39,,,,*45
$GQGSV,1,1,03,02,15,148,39,03,39,170,41,07,53,169,39,,,,*45
$GQGSV,1,1,03,02,15,148,39,03,39,170,41,07,53,169,39,,,,*45
$GQGSV,1,1,03,02,15,148,39,03,39,170,41,07,53,169,39,,,,*45
$GQGSV,1,1,03,02,15,148,39,03,39,170,41,07,53,169,39,,,,*45
$GQGSV,1,1,03,02,15,148,39,03,39,170,41,07,53,169,39,,,,*45
$GQGSV,1,1,03,02,15,148,39,03,39,170,41,07,53,169,39,,,,*45
$GQGSV,1,1,03,02,15,148,39,03,39,170,41,07,53,169,40,,,,*4B
$GQGSV,1,1,03,02,15,148,39,03,39,170,41,07,53,169,40,,,,*4B
$GQGSV,1,1,03,02,15,148,39,03,39,170,41,07,53,169,40,,,,*4B
$GQGSV,1,1,03,02,15,148,39,03,39,170,41,07,53,169,40,,,,*4B
$GQGSV,1,1,03,02,15,148,39,03,39,170,41,07,53,169,40,,,,*4B
$GQGSV,1,1,03,02,15,148,39,03,39,170,41,07,53,169,40,,,,*4B
$GQGSV,1,1,03,02,15,148,39,03,39,170,41,07,53,169,40,,,,*4B
$GQGSV,1,1,03,02,15,148,39,03,39,170,41,07,53,169,40,,,,*4B
$GQGSV,1,1,03,02,15,148,39,03,39,170,41,07,53,169,40,,,,*4B
$GQGSV,1,1,03,02,15,148,39,03,39,170,41,07,53,169,39,,,,*45
$GQGSV,1,1,03,02,15,148,39,03,39,170,41,07,53,169,39,,,,*45
$GQGSV,1,1,03,02,15,148,39,03,39,170,41,07,53,169,39,,,,*45
$GQGSV,1,1,03,02,15,148,39,03,39,170,41,07,53,169,39,,,,*45
$GQGSV,1,1,03,02,15,148,39,03,39,170,41,07,53,169,39,,,,*45
$GQGSV,1,1,03,02,15,148,39,03,39,170,41,07,53,169,39,,,,*45
$GQGSV,1,1,03,02,15,148,39,03,39,170,41,07,53,169,39,,,,*45
$GQGSV,1,1,03,02,15,148,39,03,39,170,41,07,53,169,39,,,,*45
$GQGSV,1,1,03,02,15,148,39,03,39,170,41,07,53,169,39,,,,*45
$GQGSV,1,1,03,02,15,148,39,03,39,170,41,07,53,169,39,,,,*45
$GQGSV,1,1,03,02,15,148,39,03,39,170,41,07,53,169,39,,,,*45
$GQGSV,1,1,03,02,15,148,39,03,39,170,41,07,53,169,39,,,,*45
$GQGSV,1,1,03,02,15,148,39,03,39,170,41,07,53,169,39,,,,*45
$GQGSV,1,1,03,02,15,148,39,03,39,170,41,07,53,169,39,,,,*45
$GQGSV,1,1,03,02,15,148,39,03,39,170,41,07,53,169,39,,,,*45
$GQGSV,1,1,03,02,15,148,39,03,39,170,41,07,53,169,40,,,,*4B
$GQGSV,1,1,03,02,15,148,39,03,39,170,41,07,53,169,40,,,,*4B
$GQGSV,1,1,03,02,15,148,39,03,39,170,41,07,53,169,39,,,,*45
$GQGSV,1,1,03,02,15,148,39,03,39,170,41,07,53,169,39,,,,*45
$GQGSV,1,1,03,02,15,148,39,03,39,170,41,07,53,169,39,,,,*45
$GQGSV,1,1,03,02,15,148,39,03,39,170,41,07,53,169,39,,,,*45
$GQGSV,1,1,03,02,15,148,39,03,39,170,41,07,53,169,39,,,,*45
$GQGSV,1,1,03,02,15,148,39,03,39,170,41,07,53,169,39,,,,*45
$GQGSV,1,1,03,02,15,148,39,03,39,170,41,07,53,169,39,,,,*45
$GQGSV,1,1,03,02,15,148,39,03,39,170,41,07,53,169,39,,,,*45
$GQGSV,1,1,03,02,15,148,39,03,39,170,41,07,53,169,39,,,,*45
$GQGSV,1,1,03,02,15,148,39,03,39,170,41,07,53,169,39,,,,*45
$GQGSV,1,1,03,02,15,148,39,03,39,170,41,07,53,169,39,,,,*45
$GQGSV,1,1,03,02,15,148,39,03,39,170,41,07,53,169,39,,,,*45
$GQGSV,1,1,03,02,15,148,40,03,39,170,41,07,53,169,39,,,,*4B
$GQGSV,1,1,03,02,15,148,40,03,39,170,41,07,53,169,39,,,,*4B
$GQGSV,1,1,03,02,15,148,40,03,39,170,41,07,53,169,39,,,,*4B
$GQGSV,1,1,03,02,15,148,40,03,39,170,41,07,53,169,39,,,,*4B
$GQGSV,1,1,03,02,15,148,40,03,39,170,41,07,53,169,39,,,,*4B
$GQGSV,1,1,03,02,15,148,40,03,39,170,41,07,53,169,39,,,,*4B
$GQGSV,1,1,03,02,15,148,40,03,39,170,41,07,53,169,39,,,,*4B
$GQGSV,1,1,03,02,15,148,40,03,39,170,41,07,53,169,39,,,,*4B
$GQGSV,1,1,03,02,15,148,40,03,39,170,41,07,53,169,39,,,,*4B
$GQGSV,1,1,03,02,15,148,40,03,39,170,41,07,53,169,39,,,,*4B
$GQGSV,1,1,03,02,15,148,40,03,39,170,41,07,53,169,39,,,,*4B
$GQGSV,1,1,03,02,15,148,40,03,39,170,41,07,53,169,39,,,,*4B
$GQGSV,1,1,03,02,15,148,40,03,39,170,41,07,53,169,39,,,,*4B
$GQGSV,1,1,03,02,15,148,40,03,39,170,41,07,53,169,39,,,,*4B
$GQGSV,1,1,03,02,15,148,40,03,39,170,41,07,53,169,39,,,,*4B
$GQGSV,1,1,03,02,15,148,40,03,39,170,41,07,53,169,39,,,,*4B
$GQGSV,1,1,03,02,15,148,40,03,39,170,41,07,53,169,39,,,,*4B
$GQGSV,1,1,03,02,15,148,40,03,39,170,41,07,53,169,39,,,,*4B
$GQGSV,1,1,03,02,15,148,40,03,39,170,41,07,53,169,39,,,,*4B
$GQGSV,1,1,03,02,15,148,40,03,39,170,41,07,53,169,39,,,,*4B
$GQGSV,1,1,03,02,15,148,40,03,39,170,41,07,53,169,39,,,,*4B
$GQGSV,1,1,03,02,15,148,40,03,39,170,41,07,53,169,39,,,,*4B
$GQGSV,1,1,03,02,15,148,40,03,39,170,41,07,53,169,39,,,,*4B
$GQGSV,1,1,03,02,15,148,40,03,39,170,41,07,53,169,39,,,,*4B
$GQGSV,1,1,03,02,15,148,40,03,39,170,41,07,53,169,39,,,,*4B
$GQGSV,1,1,03,02,15,148,40,03,39,170,41,07,53,169,39,,,,*4B
$GQGSV,1,1,03,02,15,148,40,03,39,170,41,07,53,169,39,,,,*4B
$GQGSV,1,1,03,02,15,148,40,03,39,170,41,07,53,169,39,,,,*4B
$GQGSV,1,1,03,02,15,148,40,03,39,170,41,07,53,169,39,,,,*4B
$GQGSV,1,1,03,02,15,148,40,03,39,170,41,07,53,169,40,,,,*45
$GQGSV,1,1,03,02,15,148,40,03,39,170,41,07,53,169,40,,,,*45
$GQGSV,1,1,03,02,15,148,40,03,39,170,41,07,53,169,40,,,,*45
$GQGSV,1,1,03,02,15,148,40,03,39,170,41,07,53,169,40,,,,*45
$GQGSV,1,1,03,02,15,148,40,03,39,170,41,07,53,169,40,,,,*45
$GQGSV,1,1,03,02,15,148,40,03,39,170,41,07,53,169,40,,,,*45
$GQGSV,1,1,03,02,15,148,40,03,39,170,41,07,53,169,40,,,,*45
$GQGSV,1,1,03,02,15,148,40,03,39,170,41,07,53,169,40,,,,*45
$GQGSV,1,1,03,02,15,148,40,03,39,170,41,07,53,169,40,,,,*45
$GQGSV,1,1,03,02,15,148,40,03,39,170,41,07,53,169,40,,,,*45
$GQGSV,1,1,03,02,15,148,40,03,39,170,41,07,53,169,40,,,,*45
$GQGSV,1,1,03,02,15,148,40,03,39,170,41,07,53,169,40,,,,*45
$GQGSV,1,1,03,02,15,148,40,03,39,170,41,07,53,169,40,,,,*45
$GQGSV,1,1,03,02,15,148,40,03,39,170,41,07,53,169,40,,,,*45
$GQGSV,1,1,03,02,15,148,40,03,39,170,41,07,53,169,39,,,,*4B
$GQGSV,1,1,03,02,15,148,40,03,39,170,41,07,53,169,39,,,,*4B
$GQGSV,1,1,03,02,15,148,40,03,39,170,41,07,53,169,39,,,,*4B
$GQGSV,1,1,03,02,15,148,40,03,39,170,41,07,53,169,39,,,,*4B
$GQGSV,1,1,03,02,15,148,40,03,39,170,41,07,53,169,39,,,,*4B
$GQGSV,1,1,03,02,15,148,40,03,39,170,41,07,53,169,39,,,,*4B
$GQGSV,1,1,03,02,15,148,40,03,39,170,41,07,53,169,39,,,,*4B
$GQGSV,1,1,03,02,15,148,40,03,39,170,41,07,53,169,39,,,,*4B
$GQGSV,1,1,03,02,15,148,40,03,39,170,41,07,53,169,39,,,,*4B
$GQGSV,1,1,03,02,15,148,40,03,39,170,41,07,53,169,39,,,,*4B
$GQGSV,1,1,03,02,15,148,40,03,39,170,41,07,53,169,39,,,,*4B
$GQGSV,1,1,03,02,15,148,40,03,39,170,41,07,53,169,39,,,,*4B
$GQGSV,1,1,03,02,15,148,40,03,39,170,41,07,53,169,39,,,,*4B
$GQGSV,1,1,03,02,15,148,40,03,39,170,41,07,53,169,39,,,,*4B
$GQGSV,1,1,03,02,15,148,40,03,39,170,41,07,53,169,39,,,,*4B
$GQGSV,1,1,03,02,15,148,40,03,39,170,41,07,53,169,39,,,,*4B
$GQGSV,1,1,03,02,15,148,40,03,39,170,41,07,53,169,39,,,,*4B
$GQGSV,1,1,03,02,15,148,40,03,39,170,41,07,53,169,39,,,,*4B
$GQGSV,1,1,03,02,15,148,40,03,39,170,41,07,53,169,39,,,,*4B
$GQGSV,1,1,03,02,15,148,40,03,39,170,41,07,53,169,39,,,,*4B
$GQGSV,1,1,03,02,15,148,40,03,39,170,41,07,53,169,39,,,,*4B
$GQGSV,1,1,03,02,15,148,40,03,39,170,41,07,53,169,39,,,,*4B
$GQGSV,1,1,03,02,15,148,40,03,39,170,41,07,53,169,39,,,,*4B
$GQGSV,1,1,03,02,15,148,40,03,39,170,41,07,53,169,39,,,,*4B
$GQGSV,1,1,03,02,15,148,40,03,39,170,41,07,53,169,39,,,,*4B
$GQGSV,1,1,03,02,15,148,40,03,39,170,41,07,53,169,39,,,,*4B
$GQGSV,1,1,03,02,15,148,40,03,39,170,41,07,53,169,39,,,,*4B
$GQGSV,1,1,03,02,15,148,40,03,39,170,41,07,53,169,39,,,,*4B
$GQGSV,1,1,03,02,15,148,40,03,39,170,41,07,53,169,39,,,,*4B
$GQGSV,1,1,03,02,15,148,40,03,39,170,41,07,53,169,39,,,,*4B
$GQGSV,1,1,03,02,15,148,40,03,39,170,41,07,53,169,39,,,,*4B
$GQGSV,1,1,03,02,15,148,40,03,39,170,41,07,53,169,39,,,,*4B
$GQGSV,1,1,03,02,15,148,40,03,39,170,41,07,53,169,39,,,,*4B
$GQGSV,1,1,03,02,15,148,40,03,39,170,41,07,53,169,39,,,,*4B
$GQGSV,1,1,03,02,15,148,40,03,39,170,41,07,53,169,39,,,,*4B
$GQGSV,1,1,03,02,15,148,40,03,39,170,41,07,53,169,39,,,,*4B
$GQGSV,1,1,03,02,15,148,40,03,39,170,41,07,53,169,39,,,,*4B
$GQGSV,1,1,03,02,15,148,40,03,39,170,40,07,53,169,39,,,,*4A
$GQGSV,1,1,03,02,15,148,40,03,39,170,40,07,53,169,39,,,,*4A
$GQGSV,1,1,03,02,15,148,40,03,39,170,40,07,53,169,39,,,,*4A
$GQGSV,1,1,03,02,15,148,40,03,39,170,40,07,53,169,39,,,,*4A
$GQGSV,1,1,03,02,15,148,40,03,39,170,40,07,53,169,39,,,,*4A
$GQGSV,1,1,03,02,15,148,40,03,39,170,40,07,53,169,39,,,,*4A
$GQGSV,1,1,03,02,15,148,40,03,39,170,40,07,53,169,39,,,,*4A
$GQGSV,1,1,03,02,15,148,40,03,39,170,40,07,53,169,39,,,,*4A
$GQGSV,1,1,03,02,15,148,40,03,39,170,40,07,53,169,39,,,,*4A
$GQGSV,1,1,03,02,15,148,40,03,39,170,40,07,53,169,39,,,,*4A
$GQGSV,1,1,03,02,15,148,40,03,39,170,40,07,53,169,39,,,,*4A
$GQGSV,1,1,03,02,15,148,40,03,39,170,40,07,53,169,39,,,,*4A
$GQGSV,1,1,03,02,15,148,40,03,39,170,40,07,53,169,39,,,,*4A
$GQGSV,1,1,03,02,15,148,40,03,39,170,40,07,53,169,39,,,,*4A
$GQGSV,1,1,03,02,15,148,40,03,39,170,40,07,53,169,39,,,,*4A
$GQGSV,1,1,03,02,15,148,40,03,39,170,40,07,53,169,39,,,,*4A
$GQGSV,1,1,03,02,15,148,40,03,39,170,40,07,53,169,39,,,,*4A
$GQGSV,1,1,03,02,15,148,40,03,39,170,40,07,53,169,39,,,,*4A
$GQGSV,1,1,03,02,15,148,40,03,39,170,40,07,53,169,39,,,,*4A
$GQGSV,1,1,03,02,15,148,40,03,39,170,40,07,53,169,39,,,,*4A
$GQGSV,1,1,03,02,15,148,40,03,39,170,40,07,53,169,39,,,,*4A
$GQGSV,1,1,03,02,15,148,40,03,39,170,40,07,53,169,39,,,,*4A
$GQGSV,1,1,03,02,15,148,40,03,39,170,40,07,53,169,39,,,,*4A
$GQGSV,1,1,03,02,15,148,40,03,39,170,40,07,53,169,39,,,,*4A
$GQGSV,1,1,03,02,15,148,40,03,39,170,40,07,53,169,39,,,,*4A
$GQGSV,1,1,03,02,15,148,40,03,39,170,40,07,53,169,39,,,,*4A
$GQGSV,1,1,03,02,15,148,40,03,39,170,40,07,53,169,39,,,,*4A
$GQGSV,1,1,03,02,15,148,40,03,39,170,40,07,53,169,39,,,,*4A
$GQGSV,1,1,03,02,15,148,40,03,39,170,40,07,53,169,39,,,,*4A
$GQGSV,1,1,03,02,15,148,40,03,39,170,40,07,53,169,39,,,,*4A
$GQGSV,1,1,03,02,15,148,40,03,39,170,40,07,53,169,39,,,,*4A
$GQGSV,1,1,03,02,15,148,40,03,39,170,40,07,53,169,39,,,,*4A
$GQGSV,1,1,03,02,15,148,40,03,39,170,40,07,53,169,39,,,,*4A
$GQGSV,1,1,03,02,15,148,40,03,39,170,40,07,53,169,39,,,,*4A
$GQGSV,1,1,03,02,15,148,40,03,39,170,40,07,53,169,39,,,,*4A
$GQGSV,1,1,03,02,15,148,40,03,39,170,40,07,53,169,39,,,,*4A
$GQGSV,1,1,03,02,15,148,40,03,39,170,40,07,53,169,39,,,,*4A
$GQGSV,1,1,03,02,15,148,40,03,39,170,40,07,53,169,39,,,,*4A
$GQGSV,1,1,03,02,15,148,40,03,39,170,40,07,53,169,39,,,,*4A
$GQGSV,1,1,03,02,15,148,40,03,39,170,40,07,53,169,39,,,,*4A
$GQGSV,1,1,03,02,15,148,40,03,39,170,40,07,53,169,39,,,,*4A
$GQGSV,1,1,03,02,15,148,40,03,39,170,40,07,53,169,40,,,,*44
$GQGSV,1,1,03,02,15,148,40,03,39,170,40,07,53,169,40,,,,*44
$GQGSV,1,1,03,02,15,148,40,03,39,170,40,07,53,169,40,,,,*44
$GQGSV,1,1,03,02,15,148,40,03,39,170,40,07,53,169,40,,,,*44
$GQGSV,1,1,03,02,15,148,40,03,39,170,40,07,53,169,40,,,,*44
$GQGSV,1,1,03,02,15,148,40,03,39,170,40,07,53,169,40,,,,*44
$GQGSV,1,1,03,02,15,148,40,03,39,170,40,07,53,169,40,,,,*44
$GQGSV,1,1,03,02,15,148,40,03,39,170,40,07,53,169,40,,,,*44
$GQGSV,1,1,03,02,15,148,40,03,39,170,40,07,53,169,40,,,,*44
$GQGSV,1,1,03,02,15,148,40,03,39,170,40,07,53,169,40,,,,*44
$GQGSV,1,1,03,02,15,148,40,03,39,170,40,07,53,169,40,,,,*44
$GQGSV,1,1,03,02,15,148,40,03,39,170,40,07,53,169,40,,,,*44
$GQGSV,1,1,03,02,15,148,40,03,39,170,40,07,53,169,40,,,,*44
$GQGSV,1,1,03,02,15,148,40,03,39,170,40,07,53,169,40,,,,*44
$GQGSV,1,1,03,02,15,148,40,03,39,170,40,07,53,169,40,,,,*44
$GQGSV,1,1,03,02,15,148,40,03,39,170,40,07,53,169,40,,,,*44
$GQGSV,1,1,03,02,15,148,40,03,39,170,40,07,53,169,40,,,,*44
$GQGSV,1,1,03,02,15,148,40,03,39,170,40,07,53,169,40,,,,*44
$GQGSV,1,1,03,02,15,148,40,03,39,170,40,07,53,169,40,,,,*44
$GQGSV,1,1,03,02,15,148,40,03,39,170,40,07,53,169,40,,,,*44
$GQGSV,1,1,03,02,15,148,40,03,39,170,40,07,53,169,40,,,,*44
$GQGSV,1,1,03,02,15,148,40,03,39,170,40,07,53,169,40,,,,*44
$GQGSV,1,1,03,02,15,148,40,03,39,170,40,07,53,169,40,,,,*44
$GQGSV,1,1,03,02,15,148,40,03,39,170,40,07,53,169,40,,,,*44
$GQGSV,1,1,03,02,15,148,40,03,39,170,40,07,53,169,40,,,,*44
$GQGSV,1,1,03,02,15,148,40,03,39,170,40,07,53,169,40,,,,*44
$GQGSV,1,1,03,02,15,148,40,03,39,170,40,07,53,169,40,,,,*44
$GQGSV,1,1,03,02,15,148,40,03,39,170,40,07,53,169,40,,,,*44
$GQGSV,1,1,03,02,15,148,40,03,39,170,40,07,53,169,40,,,,*44
$GQGSV,1,1,03,02,15,148,40,03,39,170,40,07,53,169,40,,,,*44
$GQGSV,1,1,03,02,15,148,40,03,39,170,40,07,53,169,40,,,,*44
$GQGSV,1,1,03,02,15,148,40,03,39,170,40,07,53,169,40,,,,*44
$GQGSV,1,1,03,02,15,148,40,03,39,170,40,07,53,169,40,,,,*44
$GQGSV,1,1,03,02,15,148,40,03,39,170,40,07,53,169,40,,,,*44
$GQGSV,1,1,03,02,15,148,40,03,39,170,40,07,53,169,40,,,,*44
$GQGSV,1,1,03,02,15,148,40,03,39,170,39,07,53,169,40,,,,*4A
$GQGSV,1,1,03,02,15,148,40,03,39,170,39,07,53,169,40,,,,*4A
$GQGSV,1,1,03,02,15,148,40,03,39,170,39,07,53,169,40,,,,*4A
$GQGSV,1,1,03,02,15,148,40,03,39,170,39,07,53,169,40,,,,*4A
$GQGSV,1,1,03,02,15,148,40,03,39,170,39,07,53,169,40,,,,*4A
$GQGSV,1,1,03,02,15,148,40,03,39,170,39,07,53,169,40,,,,*4A
$GQGSV,1,1,03,02,15,148,40,03,39,170,39,07,53,169,40,,,,*4A
$GQGSV,1,1,03,02,15,148,40,03,39,170,39,07,53,169,40,,,,*4A
$GQGSV,1,1,03,02,15,148,40,03,39,170,39,07,53,169,40,,,,*4A
$GQGSV,1,1,03,02,15,148,40,03,39,170,39,07,53,169,40,,,,*4A
$GQGSV,1,1,03,02,15,148,40,03,39,170,39,07,53,169,40,,,,*4A
$GQGSV,1,1,03,02,15,148,40,03,39,170,39,07,53,169,40,,,,*4A
$GQGSV,1,1,03,02,15,148,40,03,39,170,39,07,53,169,40,,,,*4A
$GQGSV,1,1,03,02,15,148,40,03,39,170,39,07,53,169,40,,,,*4A
$GQGSV,1,1,03,02,15,148,40,03,39,170,39,07,53,169,40,,,,*4A
$GQGSV,1,1,03,02,15,148,40,03,39,170,39,07,53,169,40,,,,*4A
$GQGSV,1,1,03,02,15,148,40,03,39,170,39,07,53,169,40,,,,*4A
$GQGSV,1,1,03,02,15,148,40,03,39,170,39,07,53,169,40,,,,*4A
$GQGSV,1,1,03,02,15,148,40,03,39,170,39,07,53,169,40,,,,*4A
$GQGSV,1,1,03,02,15,148,40,03,39,170,39,07,53,169,40,,,,*4A
$GQGSV,1,1,03,02,15,148,40,03,39,170,39,07,53,169,40,,,,*4A
$GQGSV,1,1,03,02,15,148,40,03,39,170,39,07,53,169,40,,,,*4A
$GQGSV,1,1,03,02,15,148,40,03,39,170,39,07,53,169,40,,,,*4A
$GQGSV,1,1,03,02,15,148,40,03,39,170,39,07,53,169,40,,,,*4A
$GQGSV,1,1,03,02,15,148,40,03,39,170,39,07,53,169,40,,,,*4A
$GQGSV,1,1,03,02,15,148,40,03,39,170,39,07,53,169,40,,,,*4A
$GQGSV,1,1,03,02,15,148,40,03,39,170,39,07,53,169,40,,,,*4A
$GQGSV,1,1,03,02,15,148,40,03,39,170,39,07,53,169,40,,,,*4A
$GQGSV,1,1,03,02,15,148,40,03,39,170,39,07,53,169,40,,,,*4A
$GQGSV,1,1,03,02,15,148,40,03,39,170,39,07,53,169,40,,,,*4A
$GQGSV,1,1,03,02,15,148,40,03,39,170,39,07,53,169,40,,,,*4A
$GQGSV,1,1,03,02,15,148,40,03,39,170,39,07,53,169,40,,,,*4A
$GQGSV,1,1,03,02,15,148,40,03,39,170,39,07,53,169,40,,,,*4A
$GQGSV,1,1,03,02,15,148,41,03,39,170,39,07,53,169,40,,,,*4B
$GQGSV,1,1,03,02,15,148,41,03,39,170,39,07,53,169,40,,,,*4B
$GQGSV,1,1,03,02,15,148,41,03,39,170,39,07,53,169,40,,,,*4B
$GQGSV,1,1,03,02,15,148,41,03,39,170,39,07,53,169,40,,,,*4B
$GQGSV,1,1,03,02,15,148,41,03,39,170,39,07,53,169,40,,,,*4B
$GQGSV,1,1,03,02,15,148,41,03,39,170,39,07,53,169,40,,,,*4B
$GQGSV,1,1,03,02,15,148,40,03,39,170,39,07,53,169,40,,,,*4A
$GQGSV,1,1,03,02,15,148,40,03,39,170,39,07,53,169,40,,,,*4A
$GQGSV,1,1,03,02,15,148,40,03,39,170,39,07,53,169,40,,,,*4A
$GQGSV,1,1,03,02,15,148,40,03,39,170,39,07,53,169,40,,,,*4A
$GQGSV,1,1,03,02,15,148,40,03,39,170,39,07,53,169,40,,,,*4A
$GQGSV,1,1,03,02,15,148,40,03,39,170,39,07,53,169,40,,,,*4A
$GQGSV,1,1,03,02,15,148,40,03,39,170,39,07,53,169,40,,,,*4A
$GQGSV,1,1,03,02,15,148,40,03,39,170,39,07,53,169,40,,,,*4A
$GQGSV,1,1,03,02,15,148,40,03,39,170,39,07,53,169,40,,,,*4A
$GQGSV,1,1,03,02,15,148,40,03,39,170,39,07,53,169,40,,,,*4A
$GQGSV,1,1,03,02,15,148,40,03,39,170,39,07,53,169,40,,,,*4A
$GQGSV,1,1,03,02,15,148,40,03,39,170,39,07,53,169,40,,,,*4A
$GQGSV,1,1,03,02,15,148,40,03,39,170,40,07,53,169,40,,,,*44
$GQGSV,1,1,03,02,15,148,40,03,39,170,40,07,53,169,40,,,,*44
$GQGSV,1,1,03,02,15,148,40,03,39,170,40,07,53,169,40,,,,*44
$GQGSV,1,1,03,02,15,148,40,03,39,170,40,07,53,169,40,,,,*44
$GQGSV,1,1,03,02,15,148,40,03,39,170,40,07,53,169,40,,,,*44
$GQGSV,1,1,03,02,15,148,40,03,39,170,40,07,53,169,40,,,,*44
$GQGSV,1,1,03,02,15,148,40,03,39,170,40,07,53,169,40,,,,*44
$GQGSV,1,1,03,02,15,148,40,03,39,170,40,07,53,169,40,,,,*44
$GQGSV,1,1,03,02,15,148,40,03,39,170,40,07,53,169,40,,,,*44
$GQGSV,1,1,03,02,15,148,40,03,39,170,40,07,53,169,40,,,,*44
$GQGSV,1,1,03,02,15,148,40,03,39,170,40,07,53,169,40,,,,*44
$GQGSV,1,1,03,02,15,148,40,03,39,170,40,07,53,169,40,,,,*44
$GQGSV,1,1,03,02,15,148,40,03,39,170,40,07,53,169,40,,,,*44
$GQGSV,1,1,03,02,15,148,40,03,39,170,40,07,53,169,40,,,,*44
$GQGSV,1,1,03,02,15,148,40,03,39,170,40,07,53,169,40,,,,*44
$GQGSV,1,1,03,02,15,148,40,03,39,170,40,07,53,169,40,,,,*44
$GQGSV,1,1,03,02,15,148,40,03,39,170,40,07,53,169,40,,,,*44
$GQGSV,1,1,03,02,15,148,40,03,39,170,40,07,53,169,40,,,,*44
$GQGSV,1,1,03,02,15,148,40,03,39,170,40,07,53,169,40,,,,*44
$GQGSV,1,1,03,02,15,148,40,03,39,170,40,07,53,169,40,,,,*44
$GQGSV,1,1,03,02,15,148,40,03,39,170,40,07,53,169,40,,,,*44
$GQGSV,1,1,03,02,15,148,40,03,39,170,40,07,53,169,40,,,,*44
$GQGSV,1,1,03,02,15,148,40,03,39,170,40,07,53,169,40,,,,*44
$GQGSV,1,1,03,02,15,148,40,03,39,170,40,07,53,169,40,,,,*44
$GQGSV,1,1,03,02,15,148,40,03,39,170,40,07,53,169,40,,,,*44
$GQGSV,1,1,03,02,15,148,40,03,39,170,40,07,53,169,40,,,,*44
$GQGSV,1,1,03,02,15,148,40,03,39,170,40,07,53,169,40,,,,*44
$GQGSV,1,1,03,02,15,148,40,03,39,170,40,07,53,169,40,,,,*44
$GQGSV,1,1,03,02,15,148,40,03,39,170,40,07,53,169,40,,,,*44
$GQGSV,1,1,03,02,15,148,40,03,39,170,40,07,53,169,40,,,,*44
$GQGSV,1,1,03,02,15,148,40,03,39,170,40,07,53,169,40,,,,*44
$GQGSV,1,1,03,02,15,148,40,03,39,170,40,07,53,169,40,,,,*44
$GQGSV,1,1,03,02,15,148,40,03,39,170,40,07,53,169,40,,,,*44
$GQGSV,1,1,03,02,15,148,40,03,39,170,40,07,53,169,40,,,,*44
$GQGSV,1,1,03,02,15,148,40,03,39,170,40,07,53,169,40,,,,*44
$GQGSV,1,1,03,02,15,148,40,03,39,170,40,07,53,169,40,,,,*44
$GQGSV,1,1,03,02,15,148,40,03,39,170,40,07,53,169,40,,,,*44
$GQGSV,1,1,03,02,15,148,40,03,39,170,40,07,53,169,40,,,,*44
$GQGSV,1,1,03,02,15,148,40,03,39,170,40,07,53,169,40,,,,*44
$GQGSV,1,1,03,02,15,148,40,03,39,170,40,07,53,169,40,,,,*44
$GQGSV,1,1,03,02,15,148,40,03,39,170,41,07,53,169,40,,,,*45
$GQGSV,1,1,03,02,15,148,40,03,39,170,41,07,53,169,40,,,,*45
$GQGSV,1,1,03,02,15,148,40,03,39,170,41,07,53,169,40,,,,*45
$GQGSV,1,1,03,02,15,148,40,03,39,170,41,07,53,169,40,,,,*45
$GQGSV,1,1,03,02,15,148,40,03,39,170,41,07,53,169,40,,,,*45
$GQGSV,1,1,03,02,15,148,40,03,39,170,41,07,53,169,40,,,,*45
$GQGSV,1,1,03,02,15,148,40,03,39,170,41,07,53,169,40,,,,*45
$GQGSV,1,1,03,02,15,148,40,03,39,170,41,07,53,169,40,,,,*45
$GQGSV,1,1,03,02,15,148,40,03,39,170,41,07,53,169,40,,,,*45
$GQGSV,1,1,03,02,15,148,40,03,39,170,41,07,53,169,40,,,,*45
$GQGSV,1,1,03,02,15,148,40,03,39,170,41,07,53,169,40,,,,*45
$GQGSV,1,1,03,02,15,148,40,03,39,170,41,07,53,169,40,,,,*45
$GQGSV,1,1,03,02,15,148,40,03,39,170,41,07,53,169,40,,,,*45
$GQGSV,1,1,03,02,15,148,40,03,39,170,41,07,53,169,40,,,,*45
$GQGSV,1,1,03,02,15,148,40,03,39,170,41,07,53,169,40,,,,*45
$GQGSV,1,1,03,02,15,148,40,03,39,170,41,07,53,169,40,,,,*45
$GQGSV,1,1,03,02,15,148,40,03,39,170,41,07,53,169,40,,,,*45
$GQGSV,1,1,03,02,15,148,40,03,39,170,41,07,53,169,40,,,,*45
$GQGSV,1,1,03,02,15,148,40,03,39,170,41,07,53,169,40,,,,*45
$GQGSV,1,1,03,02,15,148,40,03,39,170,41,07,53,169,40,,,,*45
$GQGSV,1,1,03,02,15,148,40,03,39,170,41,07,53,169,40,,,,*45
$GQGSV,1,1,03,02,15,148,40,03,39,170,41,07,53,169,40,,,,*45
$GQGSV,1,1,03,02,15,148,40,03,39,170,41,07,53,169,40,,,,*45
$GQGSV,1,1,03,02,15,148,40,03,39,170,41,07,53,169,40,,,,*45
$GQGSV,1,1,03,02,15,148,40,03,39,170,41,07,53,169,40,,,,*45
$GQGSV,1,1,03,02,15,148,40,03,39,170,41,07,53,169,40,,,,*45
$GQGSV,1,1,03,02,15,148,40,03,39,170,41,07,53,169,40,,,,*45
$GQGSV,1,1,03,02,15,148,40,03,39,170,41,07,53,169,40,,,,*45
$GQGSV,1,1,03,02,15,148,40,03,39,170,41,07,53,169,40,,,,*45
$GQGSV,1,1,03,02,15,148,40,03,39,170,41,07,53,169,40,,,,*45
$GQGSV,1,1,03,02,15,148,40,03,39,170,41,07,53,169,40,,,,*45
$GQGSV,1,1,03,02,15,148,40,03,39,170,41,07,53,169,40,,,,*45
$GQGSV,1,1,03,02,15,148,40,03,39,170,41,07,53,169,40,,,,*45
$GQGSV,1,1,03,02,15,148,40,03,39,170,41,07,53,169,40,,,,*45
$GQGSV,1,1,03,02,15,148,40,03,39,170,41,07,53,169,40,,,,*45
$GQGSV,1,1,03,02,15,148,40,03,39,170,41,07,53,169,40,,,,*45
$GQGSV,1,1,03,02,15,148,40,03,39,170,41,07,53,169,40,,,,*45
$GQGSV,1,1,03,02,15,148,40,03,39,170,41,07,53,169,40,,,,*45
$GQGSV,1,1,03,02,15,148,40,03,39,170,41,07,53,169,40,,,,*45
$GQGSV,1,1,03,02,15,148,40,03,39,170,41,07,53,169,40,,,,*45
$GQGSV,1,1,03,02,15,148,40,03,39,170,41,07,53,169,40,,,,*45
$GQGSV,1,1,03,02,15,148,40,03,39,170,41,07,53,169,40,,,,*45
$GQGSV,1,1,03,02,15,148,40,03,39,170,41,07,53,169,40,,,,*45
$GQGSV,1,1,03,02,15,148,40,03,39,170,41,07,53,169,40,,,,*45
$GQGSV,1,1,03,02,15,148,40,03,39,170,41,07,53,169,40,,,,*45
$GQGSV,1,1,03,02,15,148,40,03,39,170,41,07,53,169,40,,,,*45
$GQGSV,1,1,03,02,15,148,40,03,39,170,41,07,53,169,40,,,,*45
$GQGSV,1,1,03,02,15,148,40,03,39,170,41,07,53,169,40,,,,*45
$GQGSV,1,1,03,02,15,148,40,03,39,170,41,07,53,169,40,,,,*45
$GQGSV,1,1,03,02,15,148,40,03,39,170,41,07,53,169,40,,,,*45
$GQGSV,1,1,03,02,15,148,40,03,39,170,41,07,53,169,40,,,,*45
$GQGSV,1,1,03,02,15,148,40,03,39,170,41,07,53,169,40,,,,*45
$GQGSV,1,1,03,02,15,148,40,03,39,170,41,07,53,169,40,,,,*45
$GQGSV,1,1,03,02,15,148,40,03,39,170,41,07,53,169,40,,,,*45
$GQGSV,1,1,03,02,15,148,40,03,39,170,41,07,53,169,40,,,,*45
$GQGSV,1,1,03,02,15,148,40,03,39,170,41,07,53,169,40,,,,*45
$GQGSV,1,1,03,02,15,148,40,03,39,170,41,07,53,169,40,,,,*45
$GQGSV,1,1,03,02,15,148,40,03,39,170,41,07,53,169,40,,,,*45
$GQGSV,1,1,03,02,15,148,40,03,39,170,41,07,53,169,40,,,,*45
$GQGSV,1,1,03,02,15,148,40,03,39,170,41,07,53,169,40,,,,*45
$GQGSV,1,1,03,02,15,148,40,03,39,170,41,07,53,169,40,,,,*45
$GQGSV,1,1,03,02,15,148,40,03,39,170,41,07,53,169,40,,,,*45
$GQGSV,1,1,03,02,15,148,40,03,39,170,41,07,53,169,40,,,,*45
$GQGSV,1,1,03,02,15,148,40,03,39,170,41,07,53,169,40,,,,*45
$GQGSV,1,1,03,02,15,148,40,03,39,170,41,07,53,169,40,,,,*45
$GQGSV,1,1,03,02,15,148,40,03,39,170,41,07,53,169,40,,,,*45
$GQGSV,1,1,03,02,15,148,40,03,39,170,41,07,53,169,40,,,,*45
$GQGSV,1,1,03,02,15,148,40,03,39,170,41,07,53,169,40,,,,*45
$GQGSV,1,1,03,02,15,148,40,03,39,170,41,07,53,169,40,,,,*45
$GQGSV,1,1,03,02,15,148,40,03,39,170,41,07,53,169,40,,,,*45
$GQGSV,1,1,03,02,15,148,40,03,39,170,41,07,53,169,40,,,,*45
$GQGSV,1,1,03,02,15,148,40,03,39,170,41,07,53,169,40,,,,*45
$GQGSV,1,1,03,02,15,148,40,03,39,170,41,07,53,169,40,,,,*45
$GQGSV,1,1,03,02,15,148,40,03,39,170,41,07,53,169,40,,,,*45
$GQGSV,1,1,03,02,15,148,40,03,39,170,41,07,53,169,40,,,,*45
$GQGSV,1,1,03,02,15,148,40,03,39,170,41,07,53,169,40,,,,*45
$GQGSV,1,1,03,02,15,148,40,03,39,170,41,07,53,169,40,,,,*45
$GQGSV,1,1,03,02,15,148,40,03,39,170,41,07,53,169,40,,,,*45
$GQGSV,1,1,03,02,15,148,40,03,39,170,41,07,53,169,40,,,,*45
$GQGSV,1,1,03,02,15,148,40,03,39,170,41,07,53,169,40,,,,*45
$GQGSV,1,1,03,02,15,148,40,03,39,170,41,07,53,169,40,,,,*45
$GQGSV,1,1,03,02,15,148,40,03,39,170,41,07,53,169,40,,,,*45
$GQGSV,1,1,03,02,15,148,40,03,39,170,41,07,53,169,40,,,,*45
$GQGSV,1,1,03,02,15,148,40,03,39,170,41,07,53,169,40,,,,*45
$GQGSV,1,1,03,02,15,148,40,03,39,170,41,07,53,169,40,,,,*45
$GQGSV,1,1,03,02,15,148,40,03,39,170,41,07,53,169,40,,,,*45
$GQGSV,1,1,03,02,15,148,40,03,39,170,41,07,53,169,40,,,,*45
$GQGSV,1,1,03,02,15,148,40,03,39,170,41,07,53,169,40,,,,*45
$GQGSV,1,1,03,02,15,148,40,03,39,170,41,07,53,169,40,,,,*45
$GQGSV,1,1,03,02,15,148,40,03,39,170,41,07,53,169,40,,,,*45
$GQGSV,1,1,03,02,15,148,40,03,39,170,41,07,53,169,40,,,,*45
$GQGSV,1,1,03,02,15,148,40,03,39,170,41,07,53,169,40,,,,*45
$GQGSV,1,1,03,02,15,148,40,03,39,170,41,07,53,169,40,,,,*45
$GQGSV,1,1,03,02,15,148,40,03,39,170,41,07,53,169,40,,,,*45
$GQGSV,1,1,03,02,15,148,40,03,39,170,41,07,53,169,40,,,,*45
$GQGSV,1,1,03,02,15,148,40,03,39,170,41,07,53,169,40,,,,*45
$GQGSV,1,1,03,02,15,148,40,03,39,170,41,07,53,169,40,,,,*45
$GQGSV,1,1,03,02,15,148,40,03,39,170,41,07,53,169,40,,,,*45
$GQGSV,1,1,03,02,15,148,40,03,39,170,41,07,53,169,40,,,,*45
$GQGSV,1,1,03,02,15,148,40,03,39,170,41,07,53,169,40,,,,*45
$GQGSV,1,1,03,02,15,148,40,03,39,170,41,07,53,169,40,,,,*45
$GQGSV,1,1,03,02,15,148,40,03,39,170,41,07,53,169,40,,,,*45
$GQGSV,1,1,03,02,15,148,40,03,39,170,41,07,53,169,40,,,,*45
$GQGSV,1,1,03,02,15,148,40,03,39,170,41,07,53,169,40,,,,*45
$GQGSV,1,1,03,02,15,148,40,03,39,170,41,07,53,169,40,,,,*45
$GQGSV,1,1,03,02,15,148,40,03,39,170,41,07,53,169,40,,,,*45
$GQGSV,1,1,03,02,15,148,40,03,39,170,41,07,53,169,40,,,,*45
$GQGSV,1,1,03,02,15,148,40,03,39,170,41,07,53,169,40,,,,*45
$GQGSV,1,1,03,02,15,148,40,03,39,170,41,07,53,169,40,,,,*45
$GQGSV,1,1,03,02,15,148,40,03,39,170,41,07,53,169,40,,,,*45
$GQGSV,1,1,03,02,15,148,40,03,39,170,41,07,53,169,40,,,,*45
$GQGSV,1,1,03,02,15,148,40,03,39,170,41,07,53,169,40,,,,*45
$GQGSV,1,1,03,02,15,148,40,03,39,170,41,07,53,169,40,,,,*45
$GQGSV,1,1,03,02,15,148,40,03,39,170,41,07,53,169,40,,,,*45
$GQGSV,1,1,03,02,15,148,40,03,39,170,41,07,53,169,40,,,,*45
$GQGSV,1,1,03,02,15,148,40,03,39,170,41,07,53,169,40,,,,*45
$GQGSV,1,1,03,02,15,148,40,03,39,170,41,07,53,169,40,,,,*45
$GQGSV,1,1,03,02,15,148,40,03,39,170,41,07,53,169,40,,,,*45
$GQGSV,1,1,03,02,15,148,40,03,39,170,41,07,53,169,40,,,,*45
$GQGSV,1,1,03,02,15,148,40,03,39,170,41,07,53,169,40,,,,*45
$GQGSV,1,1,03,02,15,148,40,03,39,170,41,07,53,169,40,,,,*45
$GQGSV,1,1,03,02,15,148,40,03,39,170,41,07,53,169,40,,,,*45
$GQGSV,1,1,03,02,15,148,40,03,39,170,41,07,53,169,40,,,,*45
$GQGSV,1,1,03,02,15,148,40,03,39,170,41,07,53,169,40,,,,*45
$GQGSV,1,1,03,02,15,148,40,03,39,170,41,07,53,169,40,,,,*45
$GQGSV,1,1,03,02,15,148,40,03,39,170,41,07,53,169,40,,,,*45
$GQGSV,1,1,03,02,15,148,40,03,39,170,41,07,53,169,40,,,,*45
$GQGSV,1,1,03,02,15,148,40,03,39,170,41,07,53,169,40,,,,*45
$GQGSV,1,1,03,02,15,148,40,03,39,170,41,07,53,169,40,,,,*45
$GQGSV,1,1,03,02,15,148,40,03,39,170,41,07,53,169,40,,,,*45
$GQGSV,1,1,03,02,15,148,40,03,39,170,41,07,53,169,40,,,,*45
$GQGSV,1,1,03,02,15,148,40,03,39,170,41,07,53,169,40,,,,*45
$GQGSV,1,1,03,02,15,148,40,03,39,170,41,07,53,169,40,,,,*45
$GQGSV,1,1,03,02,15,148,40,03,39,170,41,07,53,169,40,,,,*45
$GQGSV,1,1,03,02,15,148,40,03,39,170,41,07,53,169,40,,,,*45
$GQGSV,1,1,03,02,15,148,40,03,39,170,41,07,53,169,40,,,,*45
$GQGSV,1,1,03,02,15,148,40,03,39,170,41,07,53,169,40,,,,*45
$GQGSV,1,1,03,02,15,148,40,03,39,170,41,07,53,169,39,,,,*4B
$GQGSV,1,1,03,02,15,148,40,03,39,170,41,07,53,169,39,,,,*4B
$GQGSV,1,1,03,02,15,148,40,03,39,170,41,07,53,169,39,,,,*4B
$GQGSV,1,1,03,02,15,148,40,03,39,170,41,07,53,169,39,,,,*4B
$GQGSV,1,1,03,02,15,148,40,03,39,170,41,07,53,169,39,,,,*4B
$GQGSV,1,1,03,02,15,148,40,03,39,170,41,07,53,169,39,,,,*4B
$GQGSV,1,1,03,02,15,148,40,03,39,170,41,07,53,169,39,,,,*4B
$GQGSV,1,1,03,02,15,148,40,03,39,170,41,07,53,169,39,,,,*4B
$GQGSV,1,1,03,02,15,148,40,03,39,170,41,07,53,169,39,,,,*4B
$GQGSV,1,1,03,02,15,148,40,03,39,170,41,07,53,169,39,,,,*4B
$GQGSV,1,1,03,02,15,148,40,03,39,170,41,07,53,169,39,,,,*4B
$GQGSV,1,1,03,02,15,148,40,03,39,170,41,07,53,169,39,,,,*4B
$GQGSV,1,1,03,02,15,148,40,03,39,170,41,07,53,169,39,,,,*4B
$GQGSV,1,1,03,02,15,148,40,03,39,170,41,07,53,169,39,,,,*4B
$GQGSV,1,1,03,02,15,148,40,03,39,170,41,07,53,169,39,,,,*4B
$GQGSV,1,1,03,02,15,148,40,03,39,170,41,07,53,169,39,,,,*4B
$GQGSV,1,1,03,02,15,148,40,03,39,170,41,07,53,169,39,,,,*4B
$GQGSV,1,1,03,02,15,148,40,03,39,170,41,07,53,169,39,,,,*4B
$GQGSV,1,1,03,02,15,148,40,03,39,170,41,07,53,169,39,,,,*4B
$GQGSV,1,1,03,02,15,148,40,03,39,170,41,07,53,169,39,,,,*4B
$GQGSV,1,1,03,02,15,148,40,03,39,170,41,07,53,169,39,,,,*4B
$GQGSV,1,1,03,02,15,148,40,03,39,170,41,07,53,169,39,,,,*4B
$GQGSV,1,1,03,02,15,148,40,03,39,170,41,07,53,169,39,,,,*4B
$GQGSV,1,1,03,02,15,148,40,03,39,170,41,07,53,169,39,,,,*4B
$GQGSV,1,1,03,02,15,148,40,03,39,170,41,07,53,169,39,,,,*4B
$GQGSV,1,1,03,02,15,148,40,03,39,170,41,07,53,169,39,,,,*4B
$GQGSV,1,1,03,02,15,148,40,03,39,170,41,07,53,169,39,,,,*4B
$GQGSV,1,1,03,02,15,148,40,03,39,170,41,07,53,169,39,,,,*4B
$GQGSV,1,1,03,02,15,148,39,03,39,170,41,07,53,169,39,,,,*45
$GQGSV,1,1,03,02,15,148,39,03,39,170,41,07,53,169,39,,,,*45
$GQGSV,1,1,03,02,15,148,39,03,39,170,41,07,53,169,39,,,,*45
$GQGSV,1,1,03,02,15,148,39,03,39,170,41,07,53,169,39,,,,*45
$GQGSV,1,1,03,02,15,148,39,03,39,170,42,07,53,169,39,,,,*46
$GQGSV,1,1,03,02,15,148,39,03,39,170,42,07,53,169,39,,,,*46
$GQGSV,1,1,03,02,15,148,39,03,39,170,42,07,53,169,39,,,,*46
$GQGSV,1,1,03,02,15,148,39,03,39,170,42,07,53,169,39,,,,*46
$GQGSV,1,1,03,02,15,148,39,03,39,170,42,07,53,169,39,,,,*46
$GQGSV,1,1,03,02,15,148,39,03,39,170,42,07,53,169,39,,,,*46
$GQGSV,1,1,03,02,15,148,39,03,39,170,42,07,53,169,39,,,,*46
$GQGSV,1,1,03,02,15,148,39,03,39,170,42,07,53,169,39,,,,*46
$GQGSV,1,1,03,02,15,148,39,03,39,170,42,07,53,169,39,,,,*46
$GQGSV,1,1,03,02,15,148,39,03,39,170,42,07,53,169,39,,,,*46
$GQGSV,1,1,03,02,15,148,39,03,39,170,42,07,53,169,39,,,,*46
$GQGSV,1,1,03,02,15,148,39,03,39,170,42,07,53,169,39,,,,*46
$GQGSV,1,1,03,02,15,148,39,03,39,170,42,07,53,169,39,,,,*46
$GQGSV,1,1,03,02,15,148,39,03,39,170,42,07,53,169,39,,,,*46
$GQGSV,1,1,03,02,15,148,39,03,39,170,42,07,53,169,39,,,,*46
$GQGSV,1,1,03,02,15,148,39,03,39,170,42,07,53,169,39,,,,*46
$GQGSV,1,1,03,02,15,148,39,03,39,170,42,07,53,169,39,,,,*46
$GQGSV,1,1,03,02,15,148,39,03,39,170,42,07,53,169,39,,,,*46
$GQGSV,1,1,03,02,15,148,39,03,39,170,42,07,53,169,39,,,,*46
$GQGSV,1,1,03,02,15,148,39,03,39,170,42,07,53,169,39,,,,*46
$GQGSV,1,1,03,02,15,148,39,03,39,170,42,07,53,169,39,,,,*46
$GQGSV,1,1,03,02,15,148,39,03,39,170,42,07,53,169,39,,,,*46
$GQGSV,1,1,03,02,15,148,39,03,39,170,42,07,53,169,39,,,,*46
$GQGSV,1,1,03,02,15,148,40,03,39,170,42,07,53,169,39,,,,*48
$GQGSV,1,1,03,02,15,148,40,03,39,170,42,07,53,169,39,,,,*48
$GQGSV,1,1,03,02,15,148,40,03,39,170,42,07,53,169,39,,,,*48
$GQGSV,1,1,03,02,15,148,40,03,39,170,42,07,53,169,39,,,,*48
$GQGSV,1,1,03,02,15,148,40,03,39,170,42,07,53,169,39,,,,*48
$GQGSV,1,1,03,02,15,148,40,03,39,170,42,07,53,169,39,,,,*48
$GQGSV,1,1,03,02,15,148,40,03,39,170,42,07,53,169,39,,,,*48
$GQGSV,1,1,03,02,15,148,40,03,39,170,42,07,53,169,39,,,,*48
$GQGSV,1,1,03,02,15,148,40,03,39,170,42,07,53,169,39,,,,*48
$GQGSV,1,1,03,02,15,148,40,03,39,170,42,07,53,169,39,,,,*48
$GQGSV,1,1,03,02,15,148,40,03,39,170,42,07,53,169,39,,,,*48
$GQGSV,1,1,03,02,15,148,40,03,39,170,42,07,53,169,39,,,,*48
$GQGSV,1,1,03,02,15,148,40,03,39,170,42,07,53,169,39,,,,*48
$GQGSV,1,1,03,02,15,148,40,03,39,170,42,07,53,169,39,,,,*48
$GQGSV,1,1,03,02,15,148,40,03,39,170,42,07,53,169,39,,,,*48
$GQGSV,1,1,03,02,15,148,40,03,39,170,42,07,53,169,39,,,,*48
$GQGSV,1,1,03,02,15,148,40,03,39,170,42,07,53,169,39,,,,*48
$GQGSV,1,1,03,02,15,148,40,03,39,170,43,07,53,169,39,,,,*49
$GQGSV,1,1,03,02,15,148,40,03,39,170,43,07,53,169,39,,,,*49
$GQGSV,1,1,03,02,15,148,40,03,39,170,43,07,53,169,39,,,,*49
$GQGSV,1,1,03,02,15,148,40,03,39,170,43,07,53,169,39,,,,*49
$GQGSV,1,1,03,02,15,148,40,03,39,170,43,07,53,169,39,,,,*49
$GQGSV,1,1,03,02,15,148,40,03,39,170,43,07,53,169,39,,,,*49
$GQGSV,1,1,03,02,15,148,40,03,39,170,43,07,53,169,39,,,,*49
$GQGSV,1,1,03,02,15,148,40,03,39,170,43,07,53,169,40,,,,*47
$GQGSV,1,1,03,02,15,148,40,03,39,170,43,07,53,169,40,,,,*47
$GQGSV,1,1,03,02,15,148,40,03,39,170,43,07,53,169,40,,,,*47
$GQGSV,1,1,03,02,15,148,40,03,39,170,43,07,53,169,40,,,,*47
$GQGSV,1,1,03,02,15,148,40,03,39,170,43,07,53,169,40,,,,*47
$GQGSV,1,1,03,02,15,148,40,03,39,170,43,07,53,169,40,,,,*47
$GQGSV,1,1,03,02,15,148,40,03,39,170,43,07,53,169,40,,,,*47
$GQGSV,1,1,03,02,15,148,40,03,39,170,43,07,53,169,40,,,,*47
$GQGSV,1,1,03,02,15,148,40,03,39,170,43,07,53,169,40,,,,*47
$GQGSV,1,1,03,02,15,148,40,03,39,170,43,07,53,169,40,,,,*47
$GQGSV,1,1,03,02,15,148,40,03,39,170,43,07,53,169,40,,,,*47
$GQGSV,1,1,03,02,15,148,40,03,39,170,43,07,53,169,40,,,,*47
$GQGSV,1,1,03,02,15,148,40,03,39,170,43,07,53,169,40,,,,*47
$GQGSV,1,1,03,02,15,148,40,03,39,170,42,07,53,169,40,,,,*46
$GQGSV,1,1,03,02,15,148,40,03,39,170,43,07,53,169,40,,,,*47
$GQGSV,1,1,03,02,15,148,40,03,39,170,43,07,53,169,40,,,,*47
$GQGSV,1,1,03,02,15,148,40,03,39,170,43,07,53,169,40,,,,*47
$GQGSV,1,1,03,02,15,148,40,03,39,170,43,07,53,169,40,,,,*47
$GQGSV,1,1,03,02,15,148,40,03,39,170,42,07,53,169,40,,,,*46
$GQGSV,1,1,03,02,15,148,40,03,39,170,42,07,53,169,40,,,,*46
$GQGSV,1,1,03,02,15,148,40,03,39,170,42,07,53,169,40,,,,*46
$GQGSV,1,1,03,02,15,148,40,03,39,170,42,07,53,169,40,,,,*46
$GQGSV,1,1,03,02,15,148,40,03,39,170,43,07,53,169,40,,,,*47
$GQGSV,1,1,03,02,15,148,40,03,39,170,43,07,53,169,40,,,,*47
$GQGSV,1,1,03,02,15,148,40,03,39,170,43,07,53,169,40,,,,*47
$GQGSV,1,1,03,02,15,148,40,03,39,170,43,07,53,169,40,,,,*47
$GQGSV,1,1,03,02,15,148,40,03,39,170,42,07,53,169,40,,,,*46
$GQGSV,1,1,03,02,15,148,40,03,39,170,42,07,53,169,40,,,,*46
$GQGSV,1,1,03,02,15,148,40,03,39,170,42,07,53,169,40,,,,*46
$GQGSV,1,1,03,02,15,148,40,03,39,170,42,07,53,169,40,,,,*46
$GQGSV,1,1,03,02,15,148,40,03,39,170,42,07,53,169,40,,,,*46
$GQGSV,1,1,03,02,15,148,40,03,39,170,42,07,53,169,40,,,,*46
$GQGSV,1,1,03,02,15,148,40,03,39,170,42,07,53,169,40,,,,*46
$GQGSV,1,1,03,02,15,148,40,03,39,170,42,07,53,169,40,,,,*46
$GQGSV,1,1,03,02,15,148,40,03,39,170,42,07,53,169,40,,,,*46
$GQGSV,1,1,03,02,15,148,40,03,39,170,42,07,53,169,40,,,,*46
$GQGSV,1,1,03,02,15,148,40,03,39,170,42,07,53,169,40,,,,*46
$GQGSV,1,1,03,02,15,148,40,03,39,170,42,07,53,169,40,,,,*46
$GQGSV,1,1,03,02,15,148,40,03,39,170,42,07,53,169,40,,,,*46
$GQGSV,1,1,03,02,15,148,40,03,39,170,42,07,53,169,40,,,,*46
$GQGSV,1,1,03,02,15,148,40,03,39,170,42,07,53,169,40,,,,*46
$GQGSV,1,1,03,02,15,148,40,03,39,170,42,07,53,169,40,,,,*46
$GQGSV,1,1,03,02,15,148,40,03,39,170,42,07,53,169,40,,,,*46
$GQGSV,1,1,03,02,15,148,40,03,39,170,42,07,53,169,40,,,,*46
$GQGSV,1,1,03,02,15,148,40,03,39,170,42,07,53,169,40,,,,*46
$GQGSV,1,1,03,02,15,148,40,03,39,170,42,07,53,169,40,,,,*46
$GQGSV,1,1,03,02,15,148,40,03,39,170,42,07,53,169,40,,,,*46
$GQGSV,1,1,03,02,15,148,40,03,39,170,42,07,53,169,40,,,,*46
$GQGSV,1,1,03,02,15,148,40,03,39,170,42,07,53,169,40,,,,*46
$GQGSV,1,1,03,02,15,148,40,03,39,170,42,07,53,169,40,,,,*46
$GQGSV,1,1,03,02,15,148,40,03,39,170,42,07,53,169,40,,,,*46
$GQGSV,1,1,03,02,15,148,40,03,39,170,42,07,53,169,40,,,,*46
$GQGSV,1,1,03,02,15,148,40,03,39,170,42,07,53,169,40,,,,*46
$GQGSV,1,1,03,02,15,148,40,03,39,170,42,07,53,169,40,,,,*46
$GQGSV,1,1,03,02,15,148,40,03,39,170,42,07,53,169,40,,,,*46
$GQGSV,1,1,03,02,15,148,40,03,39,170,42,07,53,169,40,,,,*46
$GQGSV,1,1,03,02,15,148,40,03,39,170,42,07,53,169,40,,,,*46
$GQGSV,1,1,03,02,15,148,40,03,39,170,42,07,53,169,40,,,,*46
$GQGSV,1,1,03,02,15,148,40,03,39,170,42,07,53,169,40,,,,*46
$GQGSV,1,1,03,02,15,148,40,03,39,170,42,07,53,169,40,,,,*46
$GQGSV,1,1,03,02,15,148,40,03,39,170,42,07,53,169,40,,,,*46
$GQGSV,1,1,03,02,15,148,40,03,39,170,42,07,53,169,40,,,,*46
$GQGSV,1,1,03,02,15,148,40,03,39,170,42,07,53,169,40,,,,*46
$GQGSV,1,1,03,02,15,148,39,03,39,170,42,07,53,169,40,,,,*48
$GQGSV,1,1,03,02,15,148,39,03,39,170,42,07,53,169,40,,,,*48
$GQGSV,1,1,03,02,15,148,39,03,39,170,42,07,53,169,40,,,,*48
$GQGSV,1,1,03,02,15,148,39,03,39,170,42,07,53,169,40,,,,*48
$GQGSV,1,1,03,02,15,148,39,03,39,170,42,07,53,169,40,,,,*48
$GQGSV,1,1,03,02,15,148,39,03,39,170,42,07,53,169,40,,,,*48
$GQGSV,1,1,03,02,15,148,39,03,39,170,42,07,53,169,40,,,,*48
$GQGSV,1,1,03,02,15,148,39,03,39,170,42,07,53,169,40,,,,*48
$GQGSV,1,1,03,02,15,148,39,03,39,170,42,07,53,169,40,,,,*48
$GQGSV,1,1,03,02,15,148,39,03,39,170,42,07,53,169,40,,,,*48
$GQGSV,1,1,03,02,15,148,39,03,39,170,42,07,53,169,40,,,,*48
$GQGSV,1,1,03,02,15,148,39,03,39,170,42,07,53,169,40,,,,*48
$GQGSV,1,1,03,02,15,148,39,03,39,170,42,07,53,169,40,,,,*48
$GQGSV,1,1,03,02,15,148,39,03,39,170,42,07,53,169,40,,,,*48
$GQGSV,1,1,03,02,15,148,39,03,39,170,42,07,53,169,40,,,,*48
$GQGSV,1,1,03,02,15,148,39,03,39,170,42,07,53,169,40,,,,*48
$GQGSV,1,1,03,02,15,148,39,03,39,170,42,07,53,169,40,,,,*48
$GQGSV,1,1,03,02,15,148,39,03,39,170,42,07,53,169,40,,,,*48
$GQGSV,1,1,03,02,15,148,39,03,39,170,42,07,53,169,40,,,,*48
$GQGSV,1,1,03,02,15,148,39,03,39,170,42,07,53,169,40,,,,*48
$GQGSV,1,1,03,02,15,148,39,03,39,170,42,07,53,169,40,,,,*48
$GQGSV,1,1,03,02,15,148,39,03,39,170,42,07,53,169,40,,,,*48
$GQGSV,1,1,03,02,15,148,39,03,39,170,42,07,53,169,40,,,,*48
$GQGSV,1,1,03,02,15,148,39,03,39,170,42,07,53,169,40,,,,*48
$GQGSV,1,1,03,02,15,148,39,03,39,170,42,07,53,169,40,,,,*48
$GQGSV,1,1,03,02,15,148,39,03,39,170,42,07,53,169,40,,,,*48
$GQGSV,1,1,03,02,15,148,39,03,39,170,42,07,53,169,40,,,,*48
$GQGSV,1,1,03,02,15,148,39,03,39,170,42,07,53,169,40,,,,*48
$GQGSV,1,1,03,02,15,148,39,03,39,170,42,07,53,169,40,,,,*48
$GQGSV,1,1,03,02,15,148,39,03,39,170,42,07,53,169,40,,,,*48
$GQGSV,1,1,03,02,15,148,39,03,39,170,42,07,53,169,40,,,,*48
$GQGSV,1,1,03,02,15,148,39,03,39,170,42,07,53,169,40,,,,*48
$GQGSV,1,1,03,02,15,148,39,03,39,170,42,07,53,169,40,,,,*48
$GQGSV,1,1,03,02,15,148,39,03,39,170,42,07,53,169,40,,,,*48
$GQGSV,1,1,03,02,15,148,39,03,39,170,42,07,53,169,40,,,,*48
$GQGSV,1,1,03,02,15,148,39,03,39,170,42,07,53,169,40,,,,*48
$GQGSV,1,1,03,02,15,148,39,03,39,170,42,07,53,169,40,,,,*48
$GQGSV,1,1,03,02,15,148,39,03,39,170,42,07,53,169,40,,,,*48
$GQGSV,1,1,03,02,15,148,39,03,39,170,42,07,53,169,40,,,,*48
$GQGSV,1,1,03,02,15,148,39,03,39,170,42,07,53,169,40,,,,*48
$GQGSV,1,1,03,02,15,148,39,03,39,170,42,07,53,169,40,,,,*48
$GQGSV,1,1,03,02,15,148,39,03,39,170,42,07,53,169,40,,,,*48
$GQGSV,1,1,03,02,15,148,39,03,39,170,42,07,53,169,40,,,,*48
$GQGSV,1,1,03,02,15,148,39,03,39,170,42,07,53,169,40,,,,*48
$GQGSV,1,1,03,02,15,148,39,03,39,170,42,07,53,169,40,,,,*48
$GQGSV,1,1,03,02,15,148,39,03,39,170,42,07,53,169,40,,,,*48
$GQGSV,1,1,03,02,15,148,38,03,39,170,42,07,53,169,40,,,,*49
$GQGSV,1,1,03,02,15,148,38,03,39,170,42,07,53,169,40,,,,*49
$GQGSV,1,1,03,02,15,148,38,03,39,170,42,07,53,169,40,,,,*49
$GQGSV,1,1,03,02,15,148,38,03,39,170,42,07,53,169,40,,,,*49
$GQGSV,1,1,03,02,15,148,38,03,39,170,42,07,53,169,40,,,,*49
$GQGSV,1,1,03,02,15,148,38,03,39,170,42,07,53,169,40,,,,*49
$GQGSV,1,1,03,02,15,148,38,03,39,170,42,07,53,169,40,,,,*49
$GQGSV,1,1,03,02,15,148,38,03,39,170,42,07,53,169,40,,,,*49
$GQGSV,1,1,03,02,15,148,38,03,39,170,42,07,53,169,40,,,,*49
$GQGSV,1,1,03,02,15,148,38,03,39,170,42,07,53,169,40,,,,*49
$GQGSV,1,1,03,02,15,148,38,03,39,170,42,07,53,169,40,,,,*49
$GQGSV,1,1,03,02,15,148,38,03,39,170,42,07,53,169,40,,,,*49
$GQGSV,1,1,03,02,15,148,38,03,39,170,42,07,53,169,40,,,,*49
$GQGSV,1,1,03,02,15,148,38,03,39,170,42,07,53,169,40,,,,*49
$GQGSV,1,1,03,02,15,148,38,03,39,170,42,07,53,169,40,,,,*49
$GQGSV,1,1,03,02,15,148,38,03,39,170,42,07,53,169,40,,,,*49
$GQGSV,1,1,03,02,15,148,38,03,39,170,42,07,53,169,40,,,,*49
$GQGSV,1,1,03,02,15,148,38,03,39,170,42,07,53,169,40,,,,*49
$GQGSV,1,1,03,02,15,148,38,03,39,170,42,07,53,169,40,,,,*49
$GQGSV,1,1,03,02,15,148,38,03,39,170,42,07,53,169,40,,,,*49
$GQGSV,1,1,03,02,15,148,38,03,39,170,42,07,53,169,40,,,,*49
$GQGSV,1,1,03,02,15,148,39,03,39,170,42,07,53,169,40,,,,*48
$GQGSV,1,1,03,02,15,148,39,03,39,170,42,07,53,169,40,,,,*48
$GQGSV,1,1,03,02,15,148,39,03,39,170,42,07,53,169,40,,,,*48
$GQGSV,1,1,03,02,15,148,38,03,39,170,42,07,53,169,40,,,,*49
$GQGSV,1,1,03,02,15,148,38,03,39,170,42,07,53,169,40,,,,*49
$GQGSV,1,1,03,02,15,148,38,03,39,170,42,07,53,169,40,,,,*49
$GQGSV,1,1,03,02,15,148,38,03,39,170,42,07,53,169,40,,,,*49
$GQGSV,1,1,03,02,15,148,38,03,39,170,42,07,53,169,40,,,,*49
$GQGSV,1,1,03,02,15,148,38,03,39,170,42,07,53,169,40,,,,*49
$GQGSV,1,1,03,02,15,148,38,03,39,170,42,07,53,169,40,,,,*49
$GQGSV,1,1,03,02,15,148,38,03,39,170,42,07,53,169,40,,,,*49
$GQGSV,1,1,03,02,15,148,38,03,39,170,42,07,53,169,40,,,,*49
$GQGSV,1,1,03,02,15,148,38,03,39,170,42,07,53,169,40,,,,*49
$GQGSV,1,1,03,02,15,148,38,03,39,170,42,07,53,169,40,,,,*49
$GQGSV,1,1,03,02,15,148,38,03,39,170,42,07,53,169,40,,,,*49
$GQGSV,1,1,03,02,15,148,39,03,39,170,42,07,53,169,40,,,,*48
$GQGSV,1,1,03,02,15,148,39,03,39,170,42,07,53,169,40,,,,*48
$GQGSV,1,1,03,02,15,148,39,03,39,170,42,07,53,169,40,,,,*48
$GQGSV,1,1,03,02,15,148,39,03,39,170,42,07,53,169,40,,,,*48
$GQGSV,1,1,03,02,15,148,39,03,39,170,42,07,53,169,40,,,,*48
$GQGSV,1,1,03,02,15,148,39,03,39,170,42,07,53,169,40,,,,*48
$GQGSV,1,1,03,02,15,148,39,03,39,170,42,07,53,169,40,,,,*48
$GQGSV,1,1,03,02,15,148,39,03,39,170,42,07,53,169,40,,,,*48
$GQGSV,1,1,03,02,15,148,39,03,39,170,42,07,53,169,40,,,,*48
$GQGSV,1,1,03,02,15,148,39,03,39,170,42,07,53,169,40,,,,*48
$GQGSV,1,1,03,02,15,148,39,03,39,170,42,07,53,169,40,,,,*48
$GQGSV,1,1,03,02,15,148,39,03,39,170,42,07,53,169,40,,,,*48
$GQGSV,1,1,03,02,15,148,39,03,39,170,42,07,53,169,40,,,,*48
$GQGSV,1,1,03,02,15,148,39,03,39,170,42,07,53,169,40,,,,*48
$GQGSV,1,1,03,02,15,148,39,03,39,170,42,07,53,169,40,,,,*48
$GQGSV,1,1,03,02,15,148,39,03,39,170,42,07,53,169,40,,,,*48
$GQGSV,1,1,03,02,15,148,39,03,39,170,42,07,53,169,40,,,,*48
$GQGSV,1,1,03,02,15,148,39,03,39,170,42,07,53,169,40,,,,*48
$GQGSV,1,1,03,02,15,148,39,03,39,170,42,07,53,169,40,,,,*48
$GQGSV,1,1,03,02,15,148,39,03,39,170,42,07,53,169,40,,,,*48
$GQGSV,1,1,03,02,15,148,39,03,39,170,42,07,53,169,40,,,,*48
$GQGSV,1,1,03,02,15,148,39,03,39,170,42,07,53,169,40,,,,*48
$GQGSV,1,1,03,02,15,148,39,03,39,170,42,07,53,169,40,,,,*48
$GQGSV,1,1,03,02,15,148,39,03,39,170,42,07,53,169,40,,,,*48
$GQGSV,1,1,03,02,15,148,39,03,39,170,42,07,53,169,40,,,,*48
$GQGSV,1,1,03,02,15,148,39,03,39,170,42,07,53,169,40,,,,*48
$GQGSV,1,1,03,02,15,148,39,03,39,170,42,07,53,169,40,,,,*48
$GQGSV,1,1,03,02,15,148,38,03,39,170,42,07,53,169,40,,,,*49
$GQGSV,1,1,03,02,15,148,38,03,39,170,42,07,53,169,40,,,,*49
$GQGSV,1,1,03,02,15,148,38,03,39,170,42,07,53,169,40,,,,*49
$GQGSV,1,1,03,02,15,148,38,03,39,170,42,07,53,169,40,,,,*49
$GQGSV,1,1,03,02,15,148,38,03,39,170,42,07,53,169,40,,,,*49
$GQGSV,1,1,03,02,15,148,38,03,39,170,42,07,53,169,40,,,,*49
$GQGSV,1,1,03,02,15,148,38,03,39,170,42,07,53,169,40,,,,*49
$GQGSV,1,1,03,02,15,148,38,03,39,170,42,07,53,169,40,,,,*49
$GQGSV,1,1,03,02,15,148,38,03,39,170,42,07,53,169,40,,,,*49
$GQGSV,1,1,03,02,15,148,38,03,39,170,42,07,53,169,40,,,,*49
$GQGSV,1,1,03,02,15,148,38,03,39,170,42,07,53,169,40,,,,*49
$GQGSV,1,1,03,02,15,148,38,03,39,170,42,07,53,169,40,,,,*49
$GQGSV,1,1,03,02,15,148,38,03,39,170,42,07,53,169,40,,,,*49
$GQGSV,1,1,03,02,15,148,38,03,39,170,42,07,53,169,40,,,,*49
$GQGSV,1,1,03,02,15,148,38,03,39,170,42,07,53,169,40,,,,*49
$GQGSV,1,1,03,02,15,148,38,03,39,170,42,07,53,169,40,,,,*49
$GQGSV,1,1,03,02,15,148,39,03,39,170,42,07,53,169,40,,,,*48
$GQGSV,1,1,03,02,15,148,39,03,39,170,42,07,53,169,40,,,,*48
$GQGSV,1,1,03,02,15,148,39,03,39,170,42,07,53,169,40,,,,*48
$GQGSV,1,1,03,02,15,148,39,03,39,170,42,07,53,169,40,,,,*48
$GQGSV,1,1,03,02,15,148,39,03,39,170,42,07,53,169,40,,,,*48
$GQGSV,1,1,03,02,15,148,39,03,39,170,42,07,53,169,40,,,,*48
$GQGSV,1,1,03,02,15,148,39,03,39,170,42,07,53,169,40,,,,*48
$GQGSV,1,1,03,02,15,148,39,03,39,170,42,07,53,169,40,,,,*48
$GQGSV,1,1,03,02,15,148,39,03,39,170,42,07,53,169,40,,,,*48
$GQGSV,1,1,03,02,15,148,39,03,39,170,42,07,53,169,40,,,,*48
$GQGSV,1,1,03,02,15,148,39,03,39,170,42,07,53,169,40,,,,*48
$GQGSV,1,1,03,02,15,148,39,03,39,170,42,07,53,169,40,,,,*48
$GQGSV,1,1,03,02,15,148,39,03,39,170,42,07,53,169,40,,,,*48
$GQGSV,1,1,03,02,15,148,39,03,39,170,42,07,53,169,40,,,,*48
$GQGSV,1,1,03,02,15,148,39,03,39,170,42,07,53,169,40,,,,*48
$GQGSV,1,1,03,02,15,148,39,03,39,170,42,07,53,169,40,,,,*48
$GQGSV,1,1,03,02,15,148,39,03,39,170,42,07,53,169,40,,,,*48
$GQGSV,1,1,03,02,15,148,39,03,39,170,41,07,53,169,40,,,,*4B
$GQGSV,1,1,03,02,15,148,39,03,39,170,41,07,53,169,40,,,,*4B
$GQGSV,1,1,03,02,15,148,39,03,39,170,42,07,53,169,40,,,,*48
$GQGSV,1,1,03,02,15,148,39,03,39,170,42,07,53,169,40,,,,*48
$GQGSV,1,1,03,02,15,148,39,03,39,170,42,07,53,169,40,,,,*48
$GQGSV,1,1,03,02,15,148,39,03,39,170,42,07,53,169,40,,,,*48
$GQGSV,1,1,03,02,15,148,39,03,39,170,42,07,53,169,40,,,,*48
$GQGSV,1,1,03,02,15,148,39,03,39,170,42,07,53,169,40,,,,*48
$GQGSV,1,1,03,02,15,148,39,03,39,170,42,07,53,169,40,,,,*48
$GQGSV,1,1,03,02,15,148,39,03,39,170,42,07,53,169,40,,,,*48
$GQGSV,1,1,03,02,15,148,39,03,39,170,42,07,53,169,40,,,,*48
$GQGSV,1,1,03,02,15,148,39,03,39,170,42,07,53,169,40,,,,*48
$GQGSV,1,1,03,02,15,148,39,03,39,170,42,07,53,169,40,,,,*48
$GQGSV,1,1,03,02,15,148,39,03,39,170,42,07,53,169,40,,,,*48
$GQGSV,1,1,03,02,15,148,39,03,39,170,42,07,53,169,40,,,,*48
$GQGSV,1,1,03,02,15,148,39,03,39,170,42,07,53,169,40,,,,*48
$GQGSV,1,1,03,02,15,148,39,03,39,170,42,07,53,169,40,,,,*48
$GQGSV,1,1,03,02,15,148,39,03,39,170,42,07,53,169,40,,,,*48
$GQGSV,1,1,03,02,15,148,39,03,39,170,42,07,53,169,40,,,,*48
$GQGSV,1,1,03,02,15,148,39,03,39,170,42,07,53,169,40,,,,*48
$GQGSV,1,1,03,02,15,148,39,03,39,170,42,07,53,169,40,,,,*48
$GQGSV,1,1,03,02,15,148,39,03,39,170,42,07,53,169,40,,,,*48
$GQGSV,1,1,03,02,15,148,39,03,39,170,42,07,53,169,40,,,,*48
$GQGSV,1,1,03,02,15,148,39,03,39,170,42,07,53,169,40,,,,*48
$GQGSV,1,1,03,02,15,148,39,03,39,170,42,07,53,169,40,,,,*48
$GQGSV,1,1,03,02,15,148,39,03,39,170,42,07,53,169,40,,,,*48
$GQGSV,1,1,03,02,15,148,39,03,39,170,42,07,53,169,40,,,,*48
$GQGSV,1,1,03,02,15,148,39,03,39,170,42,07,53,169,40,,,,*48
$GQGSV,1,1,03,02,15,148,39,03,39,170,42,07,53,169,40,,,,*48
$GQGSV,1,1,03,02,15,148,38,03,39,170,42,07,53,169,40,,,,*49
$GQGSV,1,1,03,02,15,148,38,03,39,170,42,07,53,169,40,,,,*49
$GQGSV,1,1,03,02,15,148,38,03,39,170,42,07,53,169,40,,,,*49
$GQGSV,1,1,03,02,15,148,38,03,39,170,42,07,53,169,40,,,,*49
$GQGSV,1,1,03,02,15,148,38,03,39,170,42,07,53,169,40,,,,*49
$GQGSV,1,1,03,02,15,148,39,03,39,170,42,07,53,169,40,,,,*48
$GQGSV,1,1,03,02,15,148,39,03,39,170,42,07,53,169,40,,,,*48
$GQGSV,1,1,03,02,15,148,39,03,39,170,42,07,53,169,40,,,,*48
$GQGSV,1,1,03,02,15,148,39,03,39,170,42,07,53,169,40,,,,*48
$GQGSV,1,1,03,02,15,148,39,03,39,170,42,07,53,169,40,,,,*48
$GQGSV,1,1,03,02,15,148,39,03,39,170,42,07,53,169,40,,,,*48
$GQGSV,1,1,03,02,15,148,39,03,39,170,43,07,53,169,40,,,,*49
$GQGSV,1,1,03,02,15,148,39,03,39,170,43,07,53,169,41,,,,*48
$GQGSV,1,1,03,02,15,148,39,03,39,170,43,07,53,169,41,,,,*48
$GQGSV,1,1,03,02,15,148,39,03,39,170,43,07,53,169,41,,,,*48
$GQGSV,1,1,03,02,15,148,39,03,39,170,43,07,53,169,41,,,,*48
$GQGSV,1,1,03,02,15,148,39,03,39,170,43,07,53,169,41,,,,*48
$GQGSV,1,1,03,02,15,148,39,03,39,170,43,07,53,169,41,,,,*48
$GQGSV,1,1,03,02,15,148,39,03,39,170,43,07,53,169,41,,,,*48
$GQGSV,1,1,03,02,15,148,39,03,39,170,43,07,53,169,41,,,,*48
$GQGSV,1,1,03,02,15,148,39,03,39,170,43,07,53,169,41,,,,*48
$GQGSV,1,1,03,02,15,148,39,03,39,170,43,07,53,169,41,,,,*48
$GQGSV,1,1,03,02,15,148,39,03,39,170,43,07,53,169,41,,,,*48
$GQGSV,1,1,03,02,15,148,39,03,39,170,43,07,53,169,41,,,,*48
$GQGSV,1,1,03,02,15,148,39,03,39,170,43,07,53,169,41,,,,*48
$GQGSV,1,1,03,02,15,148,39,03,39,170,43,07,53,169,41,,,,*48
$GQGSV,1,1,03,02,15,148,39,03,39,170,43,07,53,169,41,,,,*48
$GQGSV,1,1,03,02,15,148,39,03,39,170,43,07,53,169,41,,,,*48
$GQGSV,1,1,03,02,15,148,39,03,39,170,43,07,53,169,40,,,,*49
$GQGSV,1,1,03,02,15,148,39,03,39,170,43,07,53,169,40,,,,*49
$GQGSV,1,1,03,02,15,148,39,03,39,170,43,07,53,169,40,,,,*49
$GQGSV,1,1,03,02,15,148,39,03,39,170,44,07,53,169,40,,,,*4E
$GQGSV,1,1,03,02,15,148,39,03,39,170,44,07,53,169,40,,,,*4E
$GQGSV,1,1,03,02,15,148,39,03,39,170,44,07,53,169,40,,,,*4E
$GQGSV,1,1,03,02,15,148,39,03,39,170,44,07,53,169,40,,,,*4E
$GQGSV,1,1,03,02,15,148,38,03,39,170,44,07,53,169,40,,,,*4F
$GQGSV,1,1,03,02,15,148,38,03,39,170,44,07,53,169,40,,,,*4F
$GQGSV,1,1,03,02,15,148,38,03,39,170,44,07,53,169,40,,,,*4F
$GQGSV,1,1,03,02,15,148,39,03,39,170,44,07,53,169,40,,,,*4E
$GQGSV,1,1,03,02,15,148,39,03,39,170,44,07,53,169,40,,,,*4E
$GQGSV,1,1,03,02,15,148,39,03,39,170,44,07,53,169,40,,,,*4E
$GQGSV,1,1,03,02,15,148,39,03,39,170,44,07,53,169,40,,,,*4E
$GQGSV,1,1,03,02,15,148,39,03,39,170,44,07,53,169,40,,,,*4E
$GQGSV,1,1,03,02,15,148,39,03,39,170,44,07,53,169,40,,,,*4E
$GQGSV,1,1,03,02,15,148,39,03,39,170,44,07,53,169,40,,,,*4E
$GQGSV,1,1,03,02,15,148,39,03,39,170,44,07,53,169,40,,,,*4E
$GQGSV,1,1,03,02,15,148,39,03,39,170,44,07,53,169,40,,,,*4E
$GQGSV,1,1,03,02,15,148,39,03,39,170,44,07,53,169,40,,,,*4E
