#HEADINGA,ICOM3,0,88.0,FINESTEERING,2437,11204.800,00000000,0000,810;SOL_COMPUTED,NONE,0.000000000,0.000000000,0.000000000,0.0,0.000000000,0.000000000,"",0,0,0,0,0,00,0,0*f2fac17f
#HEADINGA,ICOM3,0,88.0,FINESTEERING,2437,11205.000,00000000,0000,810;SOL_COMPUTED,NONE,0.000000000,0.000000000,0.000000000,0.0,0.000000000,0.000000000,"",0,0,0,0,0,00,0,0*cbfccf91
#HEADINGA,ICOM3,0,87.7,FINESTEERING,2437,11205.200,00000000,0000,810;SOL_COMPUTED,NONE,0.000000000,0.000000000,0.000000000,0.0,0.000000000,0.000000000,"",0,0,0,0,0,00,0,0*637b773d
#HEADINGA,ICOM3,0,87.7,FINESTEERING,2437,11205.400,00000000,0000,810;SOL_COMPUTED,NONE,0.000000000,0.000000000,0.000000000,0.0,0.000000000,0.000000000,"",0,0,0,0,0,00,0,0*67695ab5
#HEADINGA,ICOM3,0,87.7,FINESTEERING,2437,11205.600,00000000,0000,810;SOL_COMPUTED,NONE,0.000000000,0.000000000,0.000000000,0.0,0.000000000,0.000000000,"",0,0,0,0,0,00,0,0*d24843f2
#HEADINGA,ICOM3,0,87.7,FINESTEERING,2437,11205.800,00000000,0000,810;SOL_COMPUTED,NONE,0.000000000,0.000000000,0.000000000,0.0,0.000000000,0.000000000,"",0,0,0,0,0,00,0,0*6f4d01a5
#HEADINGA,ICOM3,0,87.7,FINESTEERING,2437,11206.000,00000000,0000,810;SOL_COMPUTED,NONE,0.000000000,0.000000000,0.000000000,0.0,0.000000000,0.000000000,"",0,0,0,0,0,00,0,0*8d18cb68
#HEADINGA,ICOM3,0,86.9,FINESTEERING,2437,11206.200,00000000,0000,810;SOL_COMPUTED,NONE,0.000000000,0.000000000,0.000000000,0.0,0.000000000,0.000000000,"",0,0,0,0,0,00,0,0*47474354
#HEADINGA,ICOM3,0,86.9,FINESTEERING,2437,11206.400,00000000,0000,810;SOL_COMPUTED,NONE,0.000000000,0.000000000,0.000000000,0.0,0.000000000,0.000000000,"",0,0,0,0,0,00,0,0*43556edc
#HEADINGA,ICOM3,0,86.9,FINESTEERING,2437,11206.600,00000000,0000,810;SOL_COMPUTED,NONE,0.000000000,0.000000000,0.000000000,0.0,0.000000000,0.000000000,"",0,0,0,0,0,00,0,0*f674779b
#HEADINGA,ICOM3,0,86.9,FINESTEERING,2437,11206.800,00000000,0000,810;SOL_COMPUTED,NONE,0.000000000,0.000000000,0.000000000,0.0,0.000000000,0.000000000,"",0,0,0,0,0,00,0,0*4b7135cc
#HEADINGA,ICOM3,0,86.9,FINESTEERING,2437,11207.000,00000000,0000,810;SOL_COMPUTED,NONE,0.000000000,0.000000000,0.000000000,0.0,0.000000000,0.000000000,"",0,0,0,0,0,00,0,0*72773b22
#HEADINGA,ICOM3,0,89.3,FINESTEERING,2437,11207.200,00000000,0000,810;SOL_COMPUTED,NONE,0.000000000,0.000000000,0.000000000,0.0,0.000000000,0.000000000,"",0,0,0,0,0,00,0,0*0dbfcab8
#HEADINGA,ICOM3,0,89.3,FINESTEERING,2437,11207.400,00000000,0000,810;SOL_COMPUTED,NONE,0.000000000,0.000000000,0.000000000,0.0,0.000000000,0.000000000,"",0,0,0,0,0,00,0,0*09ade730
#HEADINGA,ICOM3,0,89.3,FINESTEERING,2437,11207.600,00000000,0000,810;SOL_COMPUTED,NONE,0.000000000,0.000000000,0.000000000,0.0,0.000000000,0.000000000,"",0,0,0,0,0,00,0,0*bc8cfe77
#HEADINGA,ICOM3,0,89.3,FINESTEERING,2437,11207.800,00000000,0000,810;SOL_COMPUTED,NONE,0.000000000,0.000000000,0.000000000,0.0,0.000000000,0.000000000,"",0,0,0,0,0,00,0,0*0189bc20
#HEADINGA,ICOM3,0,89.3,FINESTEERING,2437,11208.000,00000000,0000,810;SOL_COMPUTED,NONE,0.000000000,0.000000000,0.000000000,0.0,0.000000000,0.000000000,"",0,0,0,0,0,00,0,0*55a7e4e4
#HEADINGA,ICOM3,0,87.8,FINESTEERING,2437,11208.200,00000000,0000,810;SOL_COMPUTED,NONE,0.000000000,0.000000000,0.000000000,0.0,0.000000000,0.000000000,"",0,0,0,0,0,00,0,0*a30f9d4f
#HEADINGA,ICOM3,0,87.8,FINESTEERING,2437,11208.400,00000000,0000,810;SOL_COMPUTED,NONE,0.000000000,0.000000000,0.000000000,0.0,0.000000000,0.000000000,"",0,0,0,0,0,00,0,0*a71db0c7
#HEADINGA,ICOM3,0,87.8,FINESTEERING,2437,11208.600,00000000,0000,810;SOL_COMPUTED,NONE,0.000000000,0.000000000,0.000000000,0.0,0.000000000,0.000000000,"",0,0,0,0,0,00,0,0*123ca980
#HEADINGA,ICOM3,0,87.8,FINESTEERING,2437,11208.800,00000000,0000,810;SOL_COMPUTED,NONE,0.000000000,0.000000000,0.000000000,0.0,0.000000000,0.000000000,"",0,0,0,0,0,00,0,0*af39ebd7
#HEADINGA,ICOM3,0,87.8,FINESTEERING,2437,11209.000,00000000,0000,810;SOL_COMPUTED,NONE,0.000000000,0.000000000,0.000000000,0.0,0.000000000,0.000000000,"",0,0,0,0,0,00,0,0*963fe539
#HEADINGA,ICOM3,0,87.8,FINESTEERING,2437,11209.200,00000000,0000,810;SOL_COMPUTED,NONE,0.000000000,0.000000000,0.000000000,0.0,0.000000000,0.000000000,"",0,0,0,0,0,00,0,0*231efc7e
#HEADINGA,ICOM3,0,87.8,FINESTEERING,2437,11209.400,00000000,0000,810;SOL_COMPUTED,NONE,0.000000000,0.000000000,0.000000000,0.0,0.000000000,0.000000000,"",0,0,0,0,0,00,0,0*270cd1f6
#HEADINGA,ICOM3,0,87.8,FINESTEERING,2437,11209.600,00000000,0000,810;SOL_COMPUTED,NONE,0.000000000,0.000000000,0.000000000,0.0,0.000000000,0.000000000,"",0,0,0,0,0,00,0,0*922dc8b1
#HEADINGA,ICOM3,0,87.8,FINESTEERING,2437,11209.800,00000000,0000,810;SOL_COMPUTED,NONE,0.000000000,0.000000000,0.000000000,0.0,0.000000000,0.000000000,"",0,0,0,0,0,00,0,0*2f288ae6
#HEADINGA,ICOM3,0,87.8,FINESTEERING,2437,11210.000,00000000,0000,810;SOL_COMPUTED,NONE,0.000000000,0.000000000,0.000000000,0.0,0.000000000,0.000000000,"",0,0,0,0,0,00,0,0*9cdd895d
#HEADINGA,ICOM3,0,89.2,FINESTEERING,2437,11210.200,00000000,0000,810;SOL_COMPUTED,NONE,0.000000000,0.000000000,0.000000000,0.0,0.000000000,0.000000000,"",0,0,0,0,0,00,0,0*7add58c8
#HEADINGA,ICOM3,0,89.2,FINESTEERING,2437,11210.400,00000000,0000,810;SOL_COMPUTED,NONE,0.000000000,0.000000000,0.000000000,0.0,0.000000000,0.000000000,"",0,0,0,0,0,00,0,0*7ecf7540
#HEADINGA,ICOM3,0,89.2,FINESTEERING,2437,11210.600,00000000,0000,810;SOL_COMPUTED,NONE,0.000000000,0.000000000,0.000000000,0.0,0.000000000,0.000000000,"",0,0,0,0,0,00,0,0*cbee6c07
#HEADINGA,ICOM3,0,89.2,FINESTEERING,2437,11210.800,00000000,0000,810;SOL_COMPUTED,NONE,0.000000000,0.000000000,0.000000000,0.0,0.000000000,0.000000000,"",0,0,0,0,0,00,0,0*76eb2e50
#HEADINGA,ICOM3,0,89.2,FINESTEERING,2437,11211.000,00000000,0000,810;SOL_COMPUTED,NONE,0.000000000,0.000000000,0.000000000,0.0,0.000000000,0.000000000,"",0,0,0,0,0,00,0,0*4fed20be
#HEADINGA,ICOM3,0,85.7,FINESTEERING,2437,11211.200,00000000,0000,810;SOL_COMPUTED,NONE,0.000000000,0.000000000,0.000000000,0.0,0.000000000,0.000000000,"",0,0,0,0,0,00,0,0*b712ae3e
#HEADINGA,ICOM3,0,85.7,FINESTEERING,2437,11211.400,00000000,0000,810;SOL_COMPUTED,NONE,0.000000000,0.000000000,0.000000000,0.0,0.000000000,0.000000000,"",0,0,0,0,0,00,0,0*b30083b6
#HEADINGA,ICOM3,0,85.7,FINESTEERING,2437,11211.600,00000000,0000,810;SOL_COMPUTED,NONE,0.000000000,0.000000000,0.000000000,0.0,0.000000000,0.000000000,"",0,0,0,0,0,00,0,0*06219af1
#HEADINGA,ICOM3,0,85.7,FINESTEERING,2437,11211.800,00000000,0000,810;SOL_COMPUTED,NONE,0.000000000,0.000000000,0.000000000,0.0,0.000000000,0.000000000,"",0,0,0,0,0,00,0,0*bb24d8a6
#HEADINGA,ICOM3,0,85.7,FINESTEERING,2437,11212.000,00000000,0000,810;SOL_COMPUTED,NONE,0.000000000,0.000000000,0.000000000,0.0,0.000000000,0.000000000,"",0,0,0,0,0,00,0,0*5971126b
#HEADINGA,ICOM3,0,87.3,FINESTEERING,2437,11212.200,00000000,0000,810;SOL_COMPUTED,NONE,0.000000000,0.000000000,0.000000000,0.0,0.000000000,0.000000000,"",0,0,0,0,0,00,0,0*4613ed8b
#HEADINGA,ICOM3,0,87.3,FINESTEERING,2437,11212.400,00000000,0000,810;SOL_COMPUTED,NONE,0.000000000,0.000000000,0.000000000,0.0,0.000000000,0.000000000,"",0,0,0,0,0,00,0,0*4201c003
#HEADINGA,ICOM3,0,87.3,FINESTEERING,2437,11212.600,00000000,0000,810;SOL_COMPUTED,NONE,0.000000000,0.000000000,0.000000000,0.0,0.000000000,0.000000000,"",0,0,0,0,0,00,0,0*f720d944
#HEADINGA,ICOM3,0,87.3,FINESTEERING,2437,11212.800,00000000,0000,810;SOL_COMPUTED,NONE,0.000000000,0.000000000,0.000000000,0.0,0.000000000,0.000000000,"",0,0,0,0,0,00,0,0*4a259b13
#HEADINGA,ICOM3,0,87.3,FINESTEERING,2437,11213.000,00000000,0000,810;SOL_COMPUTED,NONE,0.000000000,0.000000000,0.000000000,0.0,0.000000000,0.000000000,"",0,0,0,0,0,00,0,0*732395fd
#HEADINGA,ICOM3,0,86.3,FINESTEERING,2437,11213.200,00000000,0000,810;SOL_COMPUTED,NONE,0.000000000,0.000000000,0.000000000,0.0,0.000000000,0.000000000,"",0,0,0,0,0,00,0,0*5fcaacb5
#HEADINGA,ICOM3,0,86.3,FINESTEERING,2437,11213.400,00000000,0000,810;SOL_COMPUTED,NONE,0.000000000,0.000000000,0.000000000,0.0,0.000000000,0.000000000,"",0,0,0,0,0,00,0,0*5bd8813d
#HEADINGA,ICOM3,0,86.3,FINESTEERING,2437,11213.600,00000000,0000,810;SOL_COMPUTED,NONE,0.000000000,0.000000000,0.000000000,0.0,0.000000000,0.000000000,"",0,0,0,0,0,00,0,0*eef9987a
#HEADINGA,ICOM3,0,86.3,FINESTEERING,2437,11213.800,00000000,0000,810;SOL_COMPUTED,NONE,0.000000000,0.000000000,0.000000000,0.0,0.000000000,0.000000000,"",0,0,0,0,0,00,0,0*53fcda2d
#HEADINGA,ICOM3,0,86.3,FINESTEERING,2437,11214.000,00000000,0000,810;SOL_COMPUTED,NONE,0.000000000,0.000000000,0.000000000,0.0,0.000000000,0.000000000,"",0,0,0,0,0,00,0,0*dc7f9ee7
#HEADINGA,ICOM3,0,85.2,FINESTEERING,2437,11214.200,00000000,0000,810;SOL_COMPUTED,NONE,0.000000000,0.000000000,0.000000000,0.0,0.000000000,0.000000000,"",0,0,0,0,0,00,0,0*08df49ce
#HEADINGA,ICOM3,0,85.2,FINESTEERING,2437,11214.400,00000000,0000,810;SOL_COMPUTED,NONE,0.000000000,0.000000000,0.000000000,0.0,0.000000000,0.000000000,"",0,0,0,0,0,00,0,0*0ccd6446
#HEADINGA,ICOM3,0,85.2,FINESTEERING,2437,11214.600,00000000,0000,810;SOL_COMPUTED,NONE,0.000000000,0.000000000,0.000000000,0.0,0.000000000,0.000000000,"",0,0,0,0,0,00,0,0*b9ec7d01
#HEADINGA,ICOM3,0,85.2,FINESTEERING,2437,11214.800,00000000,0000,810;SOL_COMPUTED,NONE,0.000000000,0.000000000,0.000000000,0.0,0.000000000,0.000000000,"",0,0,0,0,0,00,0,0*04e93f56
#HEADINGA,ICOM3,0,85.2,FINESTEERING,2437,11215.000,00000000,0000,810;SOL_COMPUTED,NONE,0.000000000,0.000000000,0.000000000,0.0,0.000000000,0.000000000,"",0,0,0,0,0,00,0,0*3def31b8
#HEADINGA,ICOM3,0,89.5,FINESTEERING,2437,11215.200,00000000,0000,810;SOL_COMPUTED,NONE,0.000000000,0.000000000,0.000000000,0.0,0.000000000,0.000000000,"",0,0,0,0,0,00,0,0*e441ef44
#HEADINGA,ICOM3,0,89.5,FINESTEERING,2437,11215.400,00000000,0000,810;SOL_COMPUTED,NONE,0.000000000,0.000000000,0.000000000,0.0,0.000000000,0.000000000,"",0,0,0,0,0,00,0,0*e053c2cc
#HEADINGA,ICOM3,0,89.5,FINESTEERING,2437,11215.600,00000000,0000,810;SOL_COMPUTED,NONE,0.000000000,0.000000000,0.000000000,0.0,0.000000000,0.000000000,"",0,0,0,0,0,00,0,0*5572db8b
#HEADINGA,ICOM3,0,89.5,FINESTEERING,2437,11215.800,00000000,0000,810;SOL_COMPUTED,NONE,0.000000000,0.000000000,0.000000000,0.0,0.000000000,0.000000000,"",0,0,0,0,0,00,0,0*e87799dc
#HEADINGA,ICOM3,0,89.5,FINESTEERING,2437,11216.000,00000000,0000,810;SOL_COMPUTED,NONE,0.000000000,0.000000000,0.000000000,0.0,0.000000000,0.000000000,"",0,0,0,0,0,00,0,0*0a225311
#HEADINGA,ICOM3,0,88.5,FINESTEERING,2437,11216.200,00000000,0000,810;SOL_COMPUTED,NONE,0.000000000,0.000000000,0.000000000,0.0,0.000000000,0.000000000,"",0,0,0,0,0,00,0,0*26cb6a59
#HEADINGA,ICOM3,0,88.5,FINESTEERING,2437,11216.400,00000000,0000,810;SOL_COMPUTED,NONE,0.000000000,0.000000000,0.000000000,0.0,0.000000000,0.000000000,"",0,0,0,0,0,00,0,0*22d947d1
#HEADINGA,ICOM3,0,88.5,FINESTEERING,2437,11216.600,00000000,0000,810;SOL_COMPUTED,NONE,0.000000000,0.000000000,0.000000000,0.0,0.000000000,0.000000000,"",0,0,0,0,0,00,0,0*97f85e96
#HEADINGA,ICOM3,0,88.5,FINESTEERING,2437,11216.800,00000000,0000,810;SOL_COMPUTED,NONE,0.000000000,0.000000000,0.000000000,0.0,0.000000000,0.000000000,"",0,0,0,0,0,00,0,0*2afd1cc1
#HEADINGA,ICOM3,0,88.5,FINESTEERING,2437,11217.000,00000000,0000,810;SOL_COMPUTED,NONE,0.000000000,0.000000000,0.000000000,0.0,0.000000000,0.000000000,"",0,0,0,0,0,00,0,0*13fb122f
#HEADINGA,ICOM3,0,87.3,FINESTEERING,2437,11217.200,00000000,0000,810;SOL_COMPUTED,NONE,0.000000000,0.000000000,0.000000000,0.0,0.000000000,0.000000000,"",0,0,0,0,0,00,0,0*abd402bd
#HEADINGA,ICOM3,0,87.3,FINESTEERING,2437,11217.400,00000000,0000,810;SOL_COMPUTED,NONE,0.000000000,0.000000000,0.000000000,0.0,0.000000000,0.000000000,"",0,0,0,0,0,00,0,0*afc62f35
#HEADINGA,ICOM3,0,87.3,FINESTEERING,2437,11217.600,00000000,0000,810;SOL_COMPUTED,NONE,0.000000000,0.000000000,0.000000000,0.0,0.000000000,0.000000000,"",0,0,0,0,0,00,0,0*1ae73672
#HEADINGA,ICOM3,0,87.3,FINESTEERING,2437,11217.800,00000000,0000,810;SOL_COMPUTED,NONE,0.000000000,0.000000000,0.000000000,0.0,0.000000000,0.000000000,"",0,0,0,0,0,00,0,0*a7e27425
#HEADINGA,ICOM3,0,87.3,FINESTEERING,2437,11218.000,00000000,0000,810;SOL_COMPUTED,NONE,0.000000000,0.000000000,0.000000000,0.0,0.000000000,0.000000000,"",0,0,0,0,0,00,0,0*f3cc2ce1
#HEADINGA,ICOM3,0,89.0,FINESTEERING,2437,11218.200,00000000,0000,810;SOL_COMPUTED,NONE,0.000000000,0.000000000,0.000000000,0.0,0.000000000,0.000000000,"",0,0,0,0,0,00,0,0*802114ba
#HEADINGA,ICOM3,0,89.0,FINESTEERING,2437,11218.400,00000000,0000,810;SOL_COMPUTED,NONE,0.000000000,0.000000000,0.000000000,0.0,0.000000000,0.000000000,"",0,0,0,0,0,00,0,0*84333932
#HEADINGA,ICOM3,0,89.0,FINESTEERING,2437,11218.600,00000000,0000,810;SOL_COMPUTED,NONE,0.000000000,0.000000000,0.000000000,0.0,0.000000000,0.000000000,"",0,0,0,0,0,00,0,0*31122075
#HEADINGA,ICOM3,0,89.0,FINESTEERING,2437,11218.800,00000000,0000,810;SOL_COMPUTED,NONE,0.000000000,0.000000000,0.000000000,0.0,0.000000000,0.000000000,"",0,0,0,0,0,00,0,0*8c176222
#HEADINGA,ICOM3,0,89.0,FINESTEERING,2437,11219.000,00000000,0000,810;SOL_COMPUTED,NONE,0.000000000,0.000000000,0.000000000,0.0,0.000000000,0.000000000,"",0,0,0,0,0,00,0,0*b5116ccc
#HEADINGA,ICOM3,0,88.8,FINESTEERING,2437,11219.200,00000000,0000,810;SOL_COMPUTED,NONE,0.000000000,0.000000000,0.000000000,0.0,0.000000000,0.000000000,"",0,0,0,0,0,00,0,0*1cbd1474
#HEADINGA,ICOM3,0,88.8,FINESTEERING,2437,11219.400,00000000,0000,810;SOL_COMPUTED,NONE,0.000000000,0.000000000,0.000000000,0.0,0.000000000,0.000000000,"",0,0,0,0,0,00,0,0*18af39fc
#HEADINGA,ICOM3,0,88.8,FINESTEERING,2437,11219.600,00000000,0000,810;SOL_COMPUTED,NONE,0.000000000,0.000000000,0.000000000,0.0,0.000000000,0.000000000,"",0,0,0,0,0,00,0,0*ad8e20bb
#HEADINGA,ICOM3,0,88.8,FINESTEERING,2437,11219.800,00000000,0000,810;SOL_COMPUTED,NONE,0.000000000,0.000000000,0.000000000,0.0,0.000000000,0.000000000,"",0,0,0,0,0,00,0,0*108b62ec
#HEADINGA,ICOM3,0,88.8,FINESTEERING,2437,11220.000,00000000,0000,810;SOL_COMPUTED,NONE,0.000000000,0.000000000,0.000000000,0.0,0.000000000,0.000000000,"",0,0,0,0,0,00,0,0*01c243e1
#HEADINGA,ICOM3,0,88.6,FINESTEERING,2437,11220.200,00000000,0000,810;SOL_COMPUTED,NONE,0.000000000,0.000000000,0.000000000,0.0,0.000000000,0.000000000,"",0,0,0,0,0,00,0,0*5255ebd2
#HEADINGA,ICOM3,0,88.6,FINESTEERING,2437,11220.400,00000000,0000,810;SOL_COMPUTED,NONE,0.000000000,0.000000000,0.000000000,0.0,0.000000000,0.000000000,"",0,0,0,0,0,00,0,0*5647c65a
#HEADINGA,ICOM3,0,88.6,FINESTEERING,2437,11220.600,00000000,0000,810;SOL_COMPUTED,NONE,0.000000000,0.000000000,0.000000000,0.0,0.000000000,0.000000000,"",0,0,0,0,0,00,0,0*e366df1d
#HEADINGA,ICOM3,0,88.6,FINESTEERING,2437,11220.800,00000000,0000,810;SOL_COMPUTED,NONE,0.000000000,0.000000000,0.000000000,0.0,0.000000000,0.000000000,"",0,0,0,0,0,00,0,0*5e639d4a
#HEADINGA,ICOM3,0,88.6,FINESTEERING,2437,11221.000,00000000,0000,810;SOL_COMPUTED,NONE,0.000000000,0.000000000,0.000000000,0.0,0.000000000,0.000000000,"",0,0,0,0,0,00,0,0*676593a4
#HEADINGA,ICOM3,0,87.1,FINESTEERING,2437,11221.200,00000000,0000,810;SOL_COMPUTED,NONE,0.000000000,0.000000000,0.000000000,0.0,0.000000000,0.000000000,"",0,0,0,0,0,00,0,0*cfe22b08
#HEADINGA,ICOM3,0,87.1,FINESTEERING,2437,11221.400,00000000,0000,810;SOL_COMPUTED,NONE,0.000000000,0.000000000,0.000000000,0.0,0.000000000,0.000000000,"",0,0,0,0,0,00,0,0*cbf00680
#HEADINGA,ICOM3,0,87.1,FINESTEERING,2437,11221.600,00000000,0000,810;SOL_COMPUTED,NONE,0.000000000,0.000000000,0.000000000,0.0,0.000000000,0.000000000,"",0,0,0,0,0,00,0,0*7ed11fc7
#HEADINGA,ICOM3,0,87.1,FINESTEERING,2437,11221.800,00000000,0000,810;SOL_COMPUTED,NONE,0.000000000,0.000000000,0.000000000,0.0,0.000000000,0.000000000,"",0,0,0,0,0,00,0,0*c3d45d90
#HEADINGA,ICOM3,0,87.1,FINESTEERING,2437,11222.000,00000000,0000,810;SOL_COMPUTED,NONE,0.000000000,0.000000000,0.000000000,0.0,0.000000000,0.000000000,"",0,0,0,0,0,00,0,0*2181975d
#HEADINGA,ICOM3,0,89.0,FINESTEERING,2437,11222.200,00000000,0000,810;SOL_COMPUTED,NONE,0.000000000,0.000000000,0.000000000,0.0,0.000000000,0.000000000,"",0,0,0,0,0,00,0,0*733dff7a
#HEADINGA,ICOM3,0,89.0,FINESTEERING,2437,11222.400,00000000,0000,810;SOL_COMPUTED,NONE,0.000000000,0.000000000,0.000000000,0.0,0.000000000,0.000000000,"",0,0,0,0,0,00,0,0*772fd2f2
#HEADINGA,ICOM3,0,89.0,FINESTEERING,2437,11222.600,00000000,0000,810;SOL_COMPUTED,NONE,0.000000000,0.000000000,0.000000000,0.0,0.000000000,0.000000000,"",0,0,0,0,0,00,0,0*c20ecbb5
#HEADINGA,ICOM3,0,89.0,FINESTEERING,2437,11222.800,00000000,0000,810;SOL_COMPUTED,NONE,0.000000000,0.000000000,0.000000000,0.0,0.000000000,0.000000000,"",0,0,0,0,0,00,0,0*7f0b89e2
#HEADINGA,ICOM3,0,89.0,FINESTEERING,2437,11223.000,00000000,0000,810;SOL_COMPUTED,NONE,0.000000000,0.000000000,0.000000000,0.0,0.000000000,0.000000000,"",0,0,0,0,0,00,0,0*460d870c
#HEADINGA,ICOM3,0,87.8,FINESTEERING,2437,11223.200,00000000,0000,810;SOL_COMPUTED,NONE,0.000000000,0.000000000,0.000000000,0.0,0.000000000,0.000000000,"",0,0,0,0,0,00,0,0*815c06e5
#HEADINGA,ICOM3,0,87.8,FINESTEERING,2437,11223.400,00000000,0000,810;SOL_COMPUTED,NONE,0.000000000,0.000000000,0.000000000,0.0,0.000000000,0.000000000,"",0,0,0,0,0,00,0,0*854e2b6d
#HEADINGA,ICOM3,0,87.8,FINESTEERING,2437,11223.600,00000000,0000,810;SOL_COMPUTED,NONE,0.000000000,0.000000000,0.000000000,0.0,0.000000000,0.000000000,"",0,0,0,0,0,00,0,0*306f322a
#HEADINGA,ICOM3,0,87.8,FINESTEERING,2437,11223.800,00000000,0000,810;SOL_COMPUTED,NONE,0.000000000,0.000000000,0.000000000,0.0,0.000000000,0.000000000,"",0,0,0,0,0,00,0,0*8d6a707d
#HEADINGA,ICOM3,0,87.8,FINESTEERING,2437,11224.000,00000000,0000,810;SOL_COMPUTED,NONE,0.000000000,0.000000000,0.000000000,0.0,0.000000000,0.000000000,"",0,0,0,0,0,00,0,0*02e934b7
#HEADINGA,ICOM3,0,85.8,FINESTEERING,2437,11224.200,00000000,0000,810;SOL_COMPUTED,NONE,0.000000000,0.000000000,0.000000000,0.0,0.000000000,0.000000000,"",0,0,0,0,0,00,0,0*5f296baf
#HEADINGA,ICOM3,0,85.8,FINESTEERING,2437,11224.400,00000000,0000,810;SOL_COMPUTED,NONE,0.000000000,0.000000000,0.000000000,0.0,0.000000000,0.000000000,"",0,0,0,0,0,00,0,0*5b3b4627
#HEADINGA,ICOM3,0,85.8,FINESTEERING,2437,11224.600,00000000,0000,810;SOL_COMPUTED,NONE,0.000000000,0.000000000,0.000000000,0.0,0.000000000,0.000000000,"",0,0,0,0,0,00,0,0*ee1a5f60
#HEADINGA,ICOM3,0,85.8,FINESTEERING,2437,11224.800,00000000,0000,810;SOL_COMPUTED,NONE,0.000000000,0.000000000,0.000000000,0.0,0.000000000,0.000000000,"",0,0,0,0,0,00,0,0*531f1d37
#HEADINGA,ICOM3,0,85.8,FINESTEERING,2437,11225.000,00000000,0000,810;SOL_COMPUTED,NONE,0.000000000,0.000000000,0.000000000,0.0,0.000000000,0.000000000,"",0,0,0,0,0,00,0,0*6a1913d9
#HEADINGA,ICOM3,0,89.1,FINESTEERING,2437,11225.200,00000000,0000,810;SOL_COMPUTED,NONE,0.000000000,0.000000000,0.000000000,0.0,0.000000000,0.000000000,"",0,0,0,0,0,00,0,0*55017c51
#HEADINGA,ICOM3,0,89.1,FINESTEERING,2437,11225.400,00000000,0000,810;SOL_COMPUTED,NONE,0.000000000,0.000000000,0.000000000,0.0,0.000000000,0.000000000,"",0,0,0,0,0,00,0,0*511351d9
#HEADINGA,ICOM3,0,89.1,FINESTEERING,2437,11225.600,00000000,0000,810;SOL_COMPUTED,NONE,0.000000000,0.000000000,0.000000000,0.0,0.000000000,0.000000000,"",0,0,0,0,0,00,0,0*e432489e
#HEADINGA,ICOM3,0,89.1,FINESTEERING,2437,11225.800,00000000,0000,810;SOL_COMPUTED,NONE,0.000000000,0.000000000,0.000000000,0.0,0.000000000,0.000000000,"",0,0,0,0,0,00,0,0*59370ac9
#HEADINGA,ICOM3,0,89.1,FINESTEERING,2437,11226.000,00000000,0000,810;SOL_COMPUTED,NONE,0.000000000,0.000000000,0.000000000,0.0,0.000000000,0.000000000,"",0,0,0,0,0,00,0,0*bb62c004
#HEADINGA,ICOM3,0,89.1,FINESTEERING,2437,11226.200,00000000,0000,810;SOL_COMPUTED,NONE,0.000000000,0.000000000,0.000000000,0.0,0.000000000,0.000000000,"",0,0,0,0,0,00,0,0*0e43d943
#HEADINGA,ICOM3,0,89.1,FINESTEERING,2437,11226.400,00000000,0000,810;SOL_COMPUTED,NONE,0.000000000,0.000000000,0.000000000,0.0,0.000000000,0.000000000,"",0,0,0,0,0,00,0,0*0a51f4cb
#HEADINGA,ICOM3,0,89.1,FINESTEERING,2437,11226.600,00000000,0000,810;SOL_COMPUTED,NONE,0.000000000,0.000000000,0.000000000,0.0,0.000000000,0.000000000,"",0,0,0,0,0,00,0,0*bf70ed8c
#HEADINGA,ICOM3,0,89.1,FINESTEERING,2437,11226.800,00000000,0000,810;SOL_COMPUTED,NONE,0.000000000,0.000000000,0.000000000,0.0,0.000000000,0.000000000,"",0,0,0,0,0,00,0,0*0275afdb
#HEADINGA,ICOM3,0,89.1,FINESTEERING,2437,11227.000,00000000,0000,810;SOL_COMPUTED,NONE,0.000000000,0.000000000,0.000000000,0.0,0.000000000,0.000000000,"",0,0,0,0,0,00,0,0*3b73a135
#HEADINGA,ICOM3,0,87.8,FINESTEERING,2437,11227.200,00000000,0000,810;SOL_COMPUTED,NONE,0.000000000,0.000000000,0.000000000,0.0,0.000000000,0.000000000,"",0,0,0,0,0,00,0,0*ec8a88e2
#HEADINGA,ICOM3,0,87.8,FINESTEERING,2437,11227.400,00000000,0000,810;SOL_COMPUTED,NONE,0.000000000,0.000000000,0.000000000,0.0,0.000000000,0.000000000,"",0,0,0,0,0,00,0,0*e898a56a
#HEADINGA,ICOM3,0,87.8,FINESTEERING,2437,11227.600,00000000,0000,810;SOL_COMPUTED,NONE,0.000000000,0.000000000,0.000000000,0.0,0.000000000,0.000000000,"",0,0,0,0,0,00,0,0*5db9bc2d
#HEADINGA,ICOM3,0,87.8,FINESTEERING,2437,11227.800,00000000,0000,810;SOL_COMPUTED,NONE,0.000000000,0.000000000,0.000000000,0.0,0.000000000,0.000000000,"",0,0,0,0,0,00,0,0*e0bcfe7a
#HEADINGA,ICOM3,0,87.8,FINESTEERING,2437,11228.000,00000000,0000,810;SOL_COMPUTED,NONE,0.000000000,0.000000000,0.000000000,0.0,0.000000000,0.000000000,"",0,0,0,0,0,00,0,0*b492a6be
#HEADINGA,ICOM3,0,87.9,FINESTEERING,2437,11228.200,00000000,0000,810;SOL_COMPUTED,NONE,0.000000000,0.000000000,0.000000000,0.0,0.000000000,0.000000000,"",0,0,0,0,0,00,0,0*111b17c7
#HEADINGA,ICOM3,0,87.9,FINESTEERING,2437,11228.400,00000000,0000,810;SOL_COMPUTED,NONE,0.000000000,0.000000000,0.000000000,0.0,0.000000000,0.000000000,"",0,0,0,0,0,00,0,0*15093a4f
#HEADINGA,ICOM3,0,87.9,FINESTEERING,2437,11228.600,00000000,0000,810;SOL_COMPUTED,NONE,0.000000000,0.000000000,0.000000000,0.0,0.000000000,0.000000000,"",0,0,0,0,0,00,0,0*a0282308
#HEADINGA,ICOM3,0,87.9,FINESTEERING,2437,11228.800,00000000,0000,810;SOL_COMPUTED,NONE,0.000000000,0.000000000,0.000000000,0.0,0.000000000,0.000000000,"",0,0,0,0,0,00,0,0*1d2d615f
#HEADINGA,ICOM3,0,87.9,FINESTEERING,2437,11229.000,00000000,0000,810;SOL_COMPUTED,NONE,0.000000000,0.000000000,0.000000000,0.0,0.000000000,0.000000000,"",0,0,0,0,0,00,0,0*242b6fb1
#HEADINGA,ICOM3,0,87.5,FINESTEERING,2437,11229.200,00000000,0000,810;SOL_COMPUTED,NONE,0.000000000,0.000000000,0.000000000,0.0,0.000000000,0.000000000,"",0,0,0,0,0,00,0,0*56ed97fe
#HEADINGA,ICOM3,0,87.5,FINESTEERING,2437,11229.400,00000000,0000,810;SOL_COMPUTED,NONE,0.000000000,0.000000000,0.000000000,0.0,0.000000000,0.000000000,"",0,0,0,0,0,00,0,0*52ffba76
#HEADINGA,ICOM3,0,87.5,FINESTEERING,2437,11229.600,00000000,0000,810;SOL_COMPUTED,NONE,0.000000000,0.000000000,0.000000000,0.0,0.000000000,0.000000000,"",0,0,0,0,0,00,0,0*e7dea331
#HEADINGA,ICOM3,0,87.5,FINESTEERING,2437,11229.800,00000000,0000,810;SOL_COMPUTED,NONE,0.000000000,0.000000000,0.000000000,0.0,0.000000000,0.000000000,"",0,0,0,0,0,00,0,0*5adbe166
#HEADINGA,ICOM3,0,87.5,FINESTEERING,2437,11230.000,00000000,0000,810;SOL_COMPUTED,NONE,0.000000000,0.000000000,0.000000000,0.0,0.000000000,0.000000000,"",0,0,0,0,0,00,0,0*e92ee2dd
#HEADINGA,ICOM3,0,87.1,FINESTEERING,2437,11230.200,00000000,0000,810;SOL_COMPUTED,NONE,0.000000000,0.000000000,0.000000000,0.0,0.000000000,0.000000000,"",0,0,0,0,0,00,0,0*1ead5b62
#HEADINGA,ICOM3,0,87.1,FINESTEERING,2437,11230.400,00000000,0000,810;SOL_COMPUTED,NONE,0.000000000,0.000000000,0.000000000,0.0,0.000000000,0.000000000,"",0,0,0,0,0,00,0,0*1abf76ea
#HEADINGA,ICOM3,0,87.1,FINESTEERING,2437,11230.600,00000000,0000,810;SOL_COMPUTED,NONE,0.000000000,0.000000000,0.000000000,0.0,0.000000000,0.000000000,"",0,0,0,0,0,00,0,0*af9e6fad
#HEADINGA,ICOM3,0,87.1,FINESTEERING,2437,11230.800,00000000,0000,810;SOL_COMPUTED,NONE,0.000000000,0.000000000,0.000000000,0.0,0.000000000,0.000000000,"",0,0,0,0,0,00,0,0*129b2dfa
#HEADINGA,ICOM3,0,87.1,FINESTEERING,2437,11231.000,00000000,0000,810;SOL_COMPUTED,NONE,0.000000000,0.000000000,0.000000000,0.0,0.000000000,0.000000000,"",0,0,0,0,0,00,0,0*2b9d2314
#HEADINGA,ICOM3,0,86.2,FINESTEERING,2437,11231.200,00000000,0000,810;SOL_COMPUTED,NONE,0.000000000,0.000000000,0.000000000,0.0,0.000000000,0.000000000,"",0,0,0,0,0,00,0,0*368de21e
#HEADINGA,ICOM3,0,86.2,FINESTEERING,2437,11231.400,00000000,0000,810;SOL_COMPUTED,NONE,0.000000000,0.000000000,0.000000000,0.0,0.000000000,0.000000000,"",0,0,0,0,0,00,0,0*329fcf96
#HEADINGA,ICOM3,0,86.2,FINESTEERING,2437,11231.600,00000000,0000,810;SOL_COMPUTED,NONE,0.000000000,0.000000000,0.000000000,0.0,0.000000000,0.000000000,"",0,0,0,0,0,00,0,0*87bed6d1
#HEADINGA,ICOM3,0,86.2,FINESTEERING,2437,11231.800,00000000,0000,810;SOL_COMPUTED,NONE,0.000000000,0.000000000,0.000000000,0.0,0.000000000,0.000000000,"",0,0,0,0,0,00,0,0*3abb9486
#HEADINGA,ICOM3,0,86.2,FINESTEERING,2437,11232.000,00000000,0000,810;SOL_COMPUTED,NONE,0.000000000,0.000000000,0.000000000,0.0,0.000000000,0.000000000,"",0,0,0,0,0,00,0,0*d8ee5e4b
#HEADINGA,ICOM3,0,88.0,FINESTEERING,2437,11232.200,00000000,0000,810;SOL_COMPUTED,NONE,0.000000000,0.000000000,0.000000000,0.0,0.000000000,0.000000000,"",0,0,0,0,0,00,0,0*bbabce2e
#HEADINGA,ICOM3,0,88.0,FINESTEERING,2437,11232.400,00000000,0000,810;SOL_COMPUTED,NONE,0.000000000,0.000000000,0.000000000,0.0,0.000000000,0.000000000,"",0,0,0,0,0,00,0,0*bfb9e3a6
#HEADINGA,ICOM3,0,88.0,FINESTEERING,2437,11232.600,00000000,0000,810;SOL_COMPUTED,NONE,0.000000000,0.000000000,0.000000000,0.0,0.000000000,0.000000000,"",0,0,0,0,0,00,0,0*0a98fae1
#HEADINGA,ICOM3,0,88.0,FINESTEERING,2437,11232.800,00000000,0000,810;SOL_COMPUTED,NONE,0.000000000,0.000000000,0.000000000,0.0,0.000000000,0.000000000,"",0,0,0,0,0,00,0,0*b79db8b6
#HEADINGA,ICOM3,0,88.0,FINESTEERING,2437,11233.000,00000000,0000,810;SOL_COMPUTED,NONE,0.000000000,0.000000000,0.000000000,0.0,0.000000000,0.000000000,"",0,0,0,0,0,00,0,0*8e9bb658
#HEADINGA,ICOM3,0,88.6,FINESTEERING,2437,11233.200,00000000,0000,810;SOL_COMPUTED,NONE,0.000000000,0.000000000,0.000000000,0.0,0.000000000,0.000000000,"",0,0,0,0,0,00,0,0*58495f9b
#HEADINGA,ICOM3,0,88.6,FINESTEERING,2437,11233.400,00000000,0000,810;SOL_COMPUTED,NONE,0.000000000,0.000000000,0.000000000,0.0,0.000000000,0.000000000,"",0,0,0,0,0,00,0,0*5c5b7213
#HEADINGA,ICOM3,0,88.6,FINESTEERING,2437,11233.600,00000000,0000,810;SOL_COMPUTED,NONE,0.000000000,0.000000000,0.000000000,0.0,0.000000000,0.000000000,"",0,0,0,0,0,00,0,0*e97a6b54
#HEADINGA,ICOM3,0,88.6,FINESTEERING,2437,11233.800,00000000,0000,810;SOL_COMPUTED,NONE,0.000000000,0.000000000,0.000000000,0.0,0.000000000,0.000000000,"",0,0,0,0,0,00,0,0*547f2903
#HEADINGA,ICOM3,0,88.6,FINESTEERING,2437,11234.000,00000000,0000,810;SOL_COMPUTED,NONE,0.000000000,0.000000000,0.000000000,0.0,0.000000000,0.000000000,"",0,0,0,0,0,00,0,0*dbfc6dc9
#HEADINGA,ICOM3,0,87.3,FINESTEERING,2437,11234.200,00000000,0000,810;SOL_COMPUTED,NONE,0.000000000,0.000000000,0.000000000,0.0,0.000000000,0.000000000,"",0,0,0,0,0,00,0,0*522a8519
#HEADINGA,ICOM3,0,87.3,FINESTEERING,2437,11234.400,00000000,0000,810;SOL_COMPUTED,NONE,0.000000000,0.000000000,0.000000000,0.0,0.000000000,0.000000000,"",0,0,0,0,0,00,0,0*5638a891
#HEADINGA,ICOM3,0,87.3,FINESTEERING,2437,11234.600,00000000,0000,810;SOL_COMPUTED,NONE,0.000000000,0.000000000,0.000000000,0.0,0.000000000,0.000000000,"",0,0,0,0,0,00,0,0*e319b1d6
#HEADINGA,ICOM3,0,87.3,FINESTEERING,2437,11234.800,00000000,0000,810;SOL_COMPUTED,NONE,0.000000000,0.000000000,0.000000000,0.0,0.000000000,0.000000000,"",0,0,0,0,0,00,0,0*5e1cf381
#HEADINGA,ICOM3,0,87.3,FINESTEERING,2437,11235.000,00000000,0000,810;SOL_COMPUTED,NONE,0.000000000,0.000000000,0.000000000,0.0,0.000000000,0.000000000,"",0,0,0,0,0,00,0,0*671afd6f
#HEADINGA,ICOM3,0,87.4,FINESTEERING,2437,11235.200,00000000,0000,810;SOL_COMPUTED,NONE,0.000000000,0.000000000,0.000000000,0.0,0.000000000,0.000000000,"",0,0,0,0,0,00,0,0*a160bc92
#HEADINGA,ICOM3,0,87.4,FINESTEERING,2437,11235.400,00000000,0000,810;SOL_COMPUTED,NONE,0.000000000,0.000000000,0.000000000,0.0,0.000000000,0.000000000,"",0,0,0,0,0,00,0,0*a572911a
#HEADINGA,ICOM3,0,87.4,FINESTEERING,2437,11235.600,00000000,0000,810;SOL_COMPUTED,NONE,0.000000000,0.000000000,0.000000000,0.0,0.000000000,0.000000000,"",0,0,0,0,0,00,0,0*1053885d
#HEADINGA,ICOM3,0,87.4,FINESTEERING,2437,11235.800,00000000,0000,810;SOL_COMPUTED,NONE,0.000000000,0.000000000,0.000000000,0.0,0.000000000,0.000000000,"",0,0,0,0,0,00,0,0*ad56ca0a
#HEADINGA,ICOM3,0,87.4,FINESTEERING,2437,11236.000,00000000,0000,810;SOL_COMPUTED,NONE,0.000000000,0.000000000,0.000000000,0.0,0.000000000,0.000000000,"",0,0,0,0,0,00,0,0*4f0300c7
#HEADINGA,ICOM3,0,87.5,FINESTEERING,2437,11236.200,00000000,0000,810;SOL_COMPUTED,NONE,0.000000000,0.000000000,0.000000000,0.0,0.000000000,0.000000000,"",0,0,0,0,0,00,0,0*ea8ab1be
#HEADINGA,ICOM3,0,87.5,FINESTEERING,2437,11236.400,00000000,0000,810;SOL_COMPUTED,NONE,0.000000000,0.000000000,0.000000000,0.0,0.000000000,0.000000000,"",0,0,0,0,0,00,0,0*ee989c36
#HEADINGA,ICOM3,0,87.5,FINESTEERING,2437,11236.600,00000000,0000,810;SOL_COMPUTED,NONE,0.000000000,0.000000000,0.000000000,0.0,0.000000000,0.000000000,"",0,0,0,0,0,00,0,0*5bb98571
#HEADINGA,ICOM3,0,87.5,FINESTEERING,2437,11236.800,00000000,0000,810;SOL_COMPUTED,NONE,0.000000000,0.000000000,0.000000000,0.0,0.000000000,0.000000000,"",0,0,0,0,0,00,0,0*e6bcc726
#HEADINGA,ICOM3,0,87.5,FINESTEERING,2437,11237.000,00000000,0000,810;SOL_COMPUTED,NONE,0.000000000,0.000000000,0.000000000,0.0,0.000000000,0.000000000,"",0,0,0,0,0,00,0,0*dfbac9c8
#HEADINGA,ICOM3,0,87.1,FINESTEERING,2437,11237.200,00000000,0000,810;SOL_COMPUTED,NONE,0.000000000,0.000000000,0.000000000,0.0,0.000000000,0.000000000,"",0,0,0,0,0,00,0,0*28397077
#HEADINGA,ICOM3,0,87.1,FINESTEERING,2437,11237.400,00000000,0000,810;SOL_COMPUTED,NONE,0.000000000,0.000000000,0.000000000,0.0,0.000000000,0.000000000,"",0,0,0,0,0,00,0,0*2c2b5dff
#HEADINGA,ICOM3,0,87.1,FINESTEERING,2437,11237.600,00000000,0000,810;SOL_COMPUTED,NONE,0.000000000,0.000000000,0.000000000,0.0,0.000000000,0.000000000,"",0,0,0,0,0,00,0,0*990a44b8
#HEADINGA,ICOM3,0,87.1,FINESTEERING,2437,11237.800,00000000,0000,810;SOL_COMPUTED,NONE,0.000000000,0.000000000,0.000000000,0.0,0.000000000,0.000000000,"",0,0,0,0,0,00,0,0*240f06ef
#HEADINGA,ICOM3,0,87.1,FINESTEERING,2437,11238.000,00000000,0000,810;SOL_COMPUTED,NONE,0.000000000,0.000000000,0.000000000,0.0,0.000000000,0.000000000,"",0,0,0,0,0,00,0,0*70215e2b
#HEADINGA,ICOM3,0,87.4,FINESTEERING,2437,11238.200,00000000,0000,810;SOL_COMPUTED,NONE,0.000000000,0.000000000,0.000000000,0.0,0.000000000,0.000000000,"",0,0,0,0,0,00,0,0*970a4faa
#HEADINGA,ICOM3,0,87.4,FINESTEERING,2437,11238.400,00000000,0000,810;SOL_COMPUTED,NONE,0.000000000,0.000000000,0.000000000,0.0,0.000000000,0.000000000,"",0,0,0,0,0,00,0,0*93186222
#HEADINGA,ICOM3,0,87.4,FINESTEERING,2437,11238.600,00000000,0000,810;SOL_COMPUTED,NONE,0.000000000,0.000000000,0.000000000,0.0,0.000000000,0.000000000,"",0,0,0,0,0,00,0,0*26397b65
#HEADINGA,ICOM3,0,87.4,FINESTEERING,2437,11238.800,00000000,0000,810;SOL_COMPUTED,NONE,0.000000000,0.000000000,0.000000000,0.0,0.000000000,0.000000000,"",0,0,0,0,0,00,0,0*9b3c3932
#HEADINGA,ICOM3,0,87.4,FINESTEERING,2437,11239.000,00000000,0000,810;SOL_COMPUTED,NONE,0.000000000,0.000000000,0.000000000,0.0,0.000000000,0.000000000,"",0,0,0,0,0,00,0,0*a23a37dc
#HEADINGA,ICOM3,0,86.8,FINESTEERING,2437,11239.200,00000000,0000,810;SOL_COMPUTED,NONE,0.000000000,0.000000000,0.000000000,0.0,0.000000000,0.000000000,"",0,0,0,0,0,00,0,0*4934ef9c
#HEADINGA,ICOM3,0,86.8,FINESTEERING,2437,11239.400,00000000,0000,810;SOL_COMPUTED,NONE,0.000000000,0.000000000,0.000000000,0.0,0.000000000,0.000000000,"",0,0,0,0,0,00,0,0*4d26c214
#HEADINGA,ICOM3,0,86.8,FINESTEERING,2437,11239.600,00000000,0000,810;SOL_COMPUTED,NONE,0.000000000,0.000000000,0.000000000,0.0,0.000000000,0.000000000,"",0,0,0,0,0,00,0,0*f807db53
#HEADINGA,ICOM3,0,86.8,FINESTEERING,2437,11239.800,00000000,0000,810;SOL_COMPUTED,NONE,0.000000000,0.000000000,0.000000000,0.0,0.000000000,0.000000000,"",0,0,0,0,0,00,0,0*45029904
#HEADINGA,ICOM3,0,86.8,FINESTEERING,2437,11240.000,00000000,0000,810;SOL_COMPUTED,NONE,0.000000000,0.000000000,0.000000000,0.0,0.000000000,0.000000000,"",0,0,0,0,0,00,0,0*ca42fb24
#HEADINGA,ICOM3,0,86.9,FINESTEERING,2437,11240.200,00000000,0000,810;SOL_COMPUTED,NONE,0.000000000,0.000000000,0.000000000,0.0,0.000000000,0.000000000,"",0,0,0,0,0,00,0,0*6fcb4a5d
#HEADINGA,ICOM3,0,86.9,FINESTEERING,2437,11240.400,00000000,0000,810;SOL_COMPUTED,NONE,0.000000000,0.000000000,0.000000000,0.0,0.000000000,0.000000000,"",0,0,0,0,0,00,0,0*6bd967d5
#HEADINGA,ICOM3,0,86.9,FINESTEERING,2437,11240.600,00000000,0000,810;SOL_COMPUTED,NONE,0.000000000,0.000000000,0.000000000,0.0,0.000000000,0.000000000,"",0,0,0,0,0,00,0,0*def87e92
#HEADINGA,ICOM3,0,86.9,FINESTEERING,2437,11240.800,00000000,0000,810;SOL_COMPUTED,NONE,0.000000000,0.000000000,0.000000000,0.0,0.000000000,0.000000000,"",0,0,0,0,0,00,0,0*63fd3cc5
#HEADINGA,ICOM3,0,86.9,FINESTEERING,2437,11241.000,00000000,0000,810;SOL_COMPUTED,NONE,0.000000000,0.000000000,0.000000000,0.0,0.000000000,0.000000000,"",0,0,0,0,0,00,0,0*5afb322b
#HEADINGA,ICOM3,0,86.5,FINESTEERING,2437,11241.200,00000000,0000,810;SOL_COMPUTED,NONE,0.000000000,0.000000000,0.000000000,0.0,0.000000000,0.000000000,"",0,0,0,0,0,00,0,0*283dca64
#HEADINGA,ICOM3,0,86.5,FINESTEERING,2437,11241.400,00000000,0000,810;SOL_COMPUTED,NONE,0.000000000,0.000000000,0.000000000,0.0,0.000000000,0.000000000,"",0,0,0,0,0,00,0,0*2c2fe7ec
#HEADINGA,ICOM3,0,86.5,FINESTEERING,2437,11241.600,00000000,0000,810;SOL_COMPUTED,NONE,0.000000000,0.000000000,0.000000000,0.0,0.000000000,0.000000000,"",0,0,0,0,0,00,0,0*990efeab
#HEADINGA,ICOM3,0,86.5,FINESTEERING,2437,11241.800,00000000,0000,810;SOL_COMPUTED,NONE,0.000000000,0.000000000,0.000000000,0.0,0.000000000,0.000000000,"",0,0,0,0,0,00,0,0*240bbcfc
#HEADINGA,ICOM3,0,86.5,FINESTEERING,2437,11242.000,00000000,0000,810;SOL_COMPUTED,NONE,0.000000000,0.000000000,0.000000000,0.0,0.000000000,0.000000000,"",0,0,0,0,0,00,0,0*c65e7631
#HEADINGA,ICOM3,0,86.6,FINESTEERING,2437,11242.200,00000000,0000,810;SOL_COMPUTED,NONE,0.000000000,0.000000000,0.000000000,0.0,0.000000000,0.000000000,"",0,0,0,0,0,00,0,0*42869734
#HEADINGA,ICOM3,0,86.6,FINESTEERING,2437,11242.400,00000000,0000,810;SOL_COMPUTED,NONE,0.000000000,0.000000000,0.000000000,0.0,0.000000000,0.000000000,"",0,0,0,0,0,00,0,0*4694babc
#HEADINGA,ICOM3,0,86.6,FINESTEERING,2437,11242.600,00000000,0000,810;SOL_COMPUTED,NONE,0.000000000,0.000000000,0.000000000,0.0,0.000000000,0.000000000,"",0,0,0,0,0,00,0,0*f3b5a3fb
#HEADINGA,ICOM3,0,86.6,FINESTEERING,2437,11242.800,00000000,0000,810;SOL_COMPUTED,NONE,0.000000000,0.000000000,0.000000000,0.0,0.000000000,0.000000000,"",0,0,0,0,0,00,0,0*4eb0e1ac
#HEADINGA,ICOM3,0,86.6,FINESTEERING,2437,11243.000,00000000,0000,810;SOL_COMPUTED,NONE,0.000000000,0.000000000,0.000000000,0.0,0.000000000,0.000000000,"",0,0,0,0,0,00,0,0*77b6ef42
#HEADINGA,ICOM3,0,86.8,FINESTEERING,2437,11243.200,00000000,0000,810;SOL_COMPUTED,NONE,0.000000000,0.000000000,0.000000000,0.0,0.000000000,0.000000000,"",0,0,0,0,0,00,0,0*24214771
#HEADINGA,ICOM3,0,86.8,FINESTEERING,2437,11243.400,00000000,0000,810;SOL_COMPUTED,NONE,0.000000000,0.000000000,0.000000000,0.0,0.000000000,0.000000000,"",0,0,0,0,0,00,0,0*20336af9
#HEADINGA,ICOM3,0,86.8,FINESTEERING,2437,11243.600,00000000,0000,810;SOL_COMPUTED,NONE,0.000000000,0.000000000,0.000000000,0.0,0.000000000,0.000000000,"",0,0,0,0,0,00,0,0*951273be
#HEADINGA,ICOM3,0,86.8,FINESTEERING,2437,11243.800,00000000,0000,810;SOL_COMPUTED,NONE,0.000000000,0.000000000,0.000000000,0.0,0.000000000,0.000000000,"",0,0,0,0,0,00,0,0*281731e9
#HEADINGA,ICOM3,0,86.8,FINESTEERING,2437,11244.000,00000000,0000,810;SOL_COMPUTED,NONE,0.000000000,0.000000000,0.000000000,0.0,0.000000000,0.000000000,"",0,0,0,0,0,00,0,0*a7947523
#HEADINGA,ICOM3,0,86.9,FINESTEERING,2437,11244.200,00000000,0000,810;SOL_COMPUTED,NONE,0.000000000,0.000000000,0.000000000,0.0,0.000000000,0.000000000,"",0,0,0,0,0,00,0,0*021dc45a
#HEADINGA,ICOM3,0,86.9,FINESTEERING,2437,11244.400,00000000,0000,810;SOL_COMPUTED,NONE,0.000000000,0.000000000,0.000000000,0.0,0.000000000,0.000000000,"",0,0,0,0,0,00,0,0*060fe9d2
#HEADINGA,ICOM3,0,86.9,FINESTEERING,2437,11244.600,00000000,0000,810;SOL_COMPUTED,NONE,0.000000000,0.000000000,0.000000000,0.0,0.000000000,0.000000000,"",0,0,0,0,0,00,0,0*b32ef095
#HEADINGA,ICOM3,0,86.9,FINESTEERING,2437,11244.800,00000000,0000,810;SOL_COMPUTED,NONE,0.000000000,0.000000000,0.000000000,0.0,0.000000000,0.000000000,"",0,0,0,0,0,00,0,0*0e2bb2c2
#HEADINGA,ICOM3,0,86.9,FINESTEERING,2437,11245.000,00000000,0000,810;SOL_COMPUTED,NONE,0.000000000,0.000000000,0.000000000,0.0,0.000000000,0.000000000,"",0,0,0,0,0,00,0,0*372dbc2c
#HEADINGA,ICOM3,0,86.7,FINESTEERING,2437,11245.200,00000000,0000,810;SOL_COMPUTED,NONE,0.000000000,0.000000000,0.000000000,0.0,0.000000000,0.000000000,"",0,0,0,0,0,00,0,0*64ba141f
#HEADINGA,ICOM3,0,86.7,FINESTEERING,2437,11245.400,00000000,0000,810;SOL_COMPUTED,NONE,0.000000000,0.000000000,0.000000000,0.0,0.000000000,0.000000000,"",0,0,0,0,0,00,0,0*60a83997
#HEADINGA,ICOM3,0,86.7,FINESTEERING,2437,11245.600,00000000,0000,810;SOL_COMPUTED,NONE,0.000000000,0.000000000,0.000000000,0.0,0.000000000,0.000000000,"",0,0,0,0,0,00,0,0*d58920d0
#HEADINGA,ICOM3,0,86.7,FINESTEERING,2437,11245.800,00000000,0000,810;SOL_COMPUTED,NONE,0.000000000,0.000000000,0.000000000,0.0,0.000000000,0.000000000,"",0,0,0,0,0,00,0,0*688c6287
#HEADINGA,ICOM3,0,86.7,FINESTEERING,2437,11246.000,00000000,0000,810;SOL_COMPUTED,NONE,0.000000000,0.000000000,0.000000000,0.0,0.000000000,0.000000000,"",0,0,0,0,0,00,0,0*8ad9a84a
#HEADINGA,ICOM3,0,86.6,FINESTEERING,2437,11246.200,00000000,0000,810;SOL_COMPUTED,NONE,0.000000000,0.000000000,0.000000000,0.0,0.000000000,0.000000000,"",0,0,0,0,0,00,0,0*2f501933
#HEADINGA,ICOM3,0,86.6,FINESTEERING,2437,11246.400,00000000,0000,810;SOL_COMPUTED,NONE,0.000000000,0.000000000,0.000000000,0.0,0.000000000,0.000000000,"",0,0,0,0,0,00,0,0*2b4234bb
#HEADINGA,ICOM3,0,86.6,FINESTEERING,2437,11246.600,00000000,0000,810;SOL_COMPUTED,NONE,0.000000000,0.000000000,0.000000000,0.0,0.000000000,0.000000000,"",0,0,0,0,0,00,0,0*9e632dfc
#HEADINGA,ICOM3,0,86.6,FINESTEERING,2437,11246.800,00000000,0000,810;SOL_COMPUTED,NONE,0.000000000,0.000000000,0.000000000,0.0,0.000000000,0.000000000,"",0,0,0,0,0,00,0,0*23666fab
#HEADINGA,ICOM3,0,86.6,FINESTEERING,2437,11247.000,00000000,0000,810;SOL_COMPUTED,NONE,0.000000000,0.000000000,0.000000000,0.0,0.000000000,0.000000000,"",0,0,0,0,0,00,0,0*1a606145
#HEADINGA,ICOM3,0,86.1,FINESTEERING,2437,11247.200,00000000,0000,810;SOL_COMPUTED,NONE,0.000000000,0.000000000,0.000000000,0.0,0.000000000,0.000000000,"",0,0,0,0,0,00,0,0*dc1a20b8
#HEADINGA,ICOM3,0,86.1,FINESTEERING,2437,11247.400,00000000,0000,810;SOL_COMPUTED,NONE,0.000000000,0.000000000,0.000000000,0.0,0.000000000,0.000000000,"",0,0,0,0,0,00,0,0*d8080d30
#HEADINGA,ICOM3,0,86.1,FINESTEERING,2437,11247.600,00000000,0000,810;SOL_COMPUTED,NONE,0.000000000,0.000000000,0.000000000,0.0,0.000000000,0.000000000,"",0,0,0,0,0,00,0,0*6d291477
#HEADINGA,ICOM3,0,86.1,FINESTEERING,2437,11247.800,00000000,0000,810;SOL_COMPUTED,NONE,0.000000000,0.000000000,0.000000000,0.0,0.000000000,0.000000000,"",0,0,0,0,0,00,0,0*d02c5620
#HEADINGA,ICOM3,0,86.1,FINESTEERING,2437,11248.000,00000000,0000,810;SOL_COMPUTED,NONE,0.000000000,0.000000000,0.000000000,0.0,0.000000000,0.000000000,"",0,0,0,0,0,00,0,0*84020ee4
#HEADINGA,ICOM3,0,86.6,FINESTEERING,2437,11248.200,00000000,0000,810;SOL_COMPUTED,NONE,0.000000000,0.000000000,0.000000000,0.0,0.000000000,0.000000000,"",0,0,0,0,0,00,0,0*42784f19
#HEADINGA,ICOM3,0,86.6,FINESTEERING,2437,11248.400,00000000,0000,810;SOL_COMPUTED,NONE,0.000000000,0.000000000,0.000000000,0.0,0.000000000,0.000000000,"",0,0,0,0,0,00,0,0*466a6291
#HEADINGA,ICOM3,0,86.6,FINESTEERING,2437,11248.600,00000000,0000,810;SOL_COMPUTED,NONE,0.000000000,0.000000000,0.000000000,0.0,0.000000000,0.000000000,"",0,0,0,0,0,00,0,0*f34b7bd6
#HEADINGA,ICOM3,0,86.6,FINESTEERING,2437,11248.800,00000000,0000,810;SOL_COMPUTED,NONE,0.000000000,0.000000000,0.000000000,0.0,0.000000000,0.000000000,"",0,0,0,0,0,00,0,0*4e4e3981
#HEADINGA,ICOM3,0,86.6,FINESTEERING,2437,11249.000,00000000,0000,810;SOL_COMPUTED,NONE,0.000000000,0.000000000,0.000000000,0.0,0.000000000,0.000000000,"",0,0,0,0,0,00,0,0*7748376f
#HEADINGA,ICOM3,0,86.5,FINESTEERING,2437,11249.200,00000000,0000,810;SOL_COMPUTED,NONE,0.000000000,0.000000000,0.000000000,0.0,0.000000000,0.000000000,"",0,0,0,0,0,00,0,0*f390d66a
#HEADINGA,ICOM3,0,86.5,FINESTEERING,2437,11249.400,00000000,0000,810;SOL_COMPUTED,NONE,0.000000000,0.000000000,0.000000000,0.0,0.000000000,0.000000000,"",0,0,0,0,0,00,0,0*f782fbe2
#HEADINGA,ICOM3,0,86.5,FINESTEERING,2437,11249.600,00000000,0000,810;SOL_COMPUTED,NONE,0.000000000,0.000000000,0.000000000,0.0,0.000000000,0.000000000,"",0,0,0,0,0,00,0,0*42a3e2a5
#HEADINGA,ICOM3,0,86.5,FINESTEERING,2437,11249.800,00000000,0000,810;SOL_COMPUTED,NONE,0.000000000,0.000000000,0.000000000,0.0,0.000000000,0.000000000,"",0,0,0,0,0,00,0,0*ffa6a0f2
#HEADINGA,ICOM3,0,86.5,FINESTEERING,2437,11250.000,00000000,0000,810;SOL_COMPUTED,NONE,0.000000000,0.000000000,0.000000000,0.0,0.000000000,0.000000000,"",0,0,0,0,0,00,0,0*4c53a349
#HEADINGA,ICOM3,0,86.5,FINESTEERING,2437,11250.200,00000000,0000,810;SOL_COMPUTED,NONE,0.000000000,0.000000000,0.000000000,0.0,0.000000000,0.000000000,"",0,0,0,0,0,00,0,0*f972ba0e
#HEADINGA,ICOM3,0,86.5,FINESTEERING,2437,11250.400,00000000,0000,810;SOL_COMPUTED,NONE,0.000000000,0.000000000,0.000000000,0.0,0.000000000,0.000000000,"",0,0,0,0,0,00,0,0*fd609786
#HEADINGA,ICOM3,0,86.5,FINESTEERING,2437,11250.600,00000000,0000,810;SOL_COMPUTED,NONE,0.000000000,0.000000000,0.000000000,0.0,0.000000000,0.000000000,"",0,0,0,0,0,00,0,0*48418ec1
#HEADINGA,ICOM3,0,86.5,FINESTEERING,2437,11250.800,00000000,0000,810;SOL_COMPUTED,NONE,0.000000000,0.000000000,0.000000000,0.0,0.000000000,0.000000000,"",0,0,0,0,0,00,0,0*f544cc96
#HEADINGA,ICOM3,0,86.5,FINESTEERING,2437,11251.000,00000000,0000,810;SOL_COMPUTED,NONE,0.000000000,0.000000000,0.000000000,0.0,0.000000000,0.000000000,"",0,0,0,0,0,00,0,0*cc42c278
#HEADINGA,ICOM3,0,85.3,FINESTEERING,2437,11251.200,00000000,0000,810;SOL_COMPUTED,NONE,0.000000000,0.000000000,0.000000000,0.0,0.000000000,0.000000000,"",0,0,0,0,0,00,0,0*6bb94deb
#HEADINGA,ICOM3,0,85.3,FINESTEERING,2437,11251.400,00000000,0000,810;SOL_COMPUTED,NONE,0.000000000,0.000000000,0.000000000,0.0,0.000000000,0.000000000,"",0,0,0,0,0,00,0,0*6fab6063
#HEADINGA,ICOM3,0,85.3,FINESTEERING,2437,11251.600,00000000,0000,810;SOL_COMPUTED,NONE,0.000000000,0.000000000,0.000000000,0.0,0.000000000,0.000000000,"",0,0,0,0,0,00,0,0*da8a7924
#HEADINGA,ICOM3,0,85.3,FINESTEERING,2437,11251.800,00000000,0000,810;SOL_COMPUTED,NONE,0.000000000,0.000000000,0.000000000,0.0,0.000000000,0.000000000,"",0,0,0,0,0,00,0,0*678f3b73
#HEADINGA,ICOM3,0,85.3,FINESTEERING,2437,11252.000,00000000,0000,810;SOL_COMPUTED,NONE,0.000000000,0.000000000,0.000000000,0.0,0.000000000,0.000000000,"",0,0,0,0,0,00,0,0*85daf1be
#HEADINGA,ICOM3,0,86.3,FINESTEERING,2437,11252.200,00000000,0000,810;SOL_COMPUTED,NONE,0.000000000,0.000000000,0.000000000,0.0,0.000000000,0.000000000,"",0,0,0,0,0,00,0,0*41d28ea9
#HEADINGA,ICOM3,0,86.3,FINESTEERING,2437,11252.400,00000000,0000,810;SOL_COMPUTED,NONE,0.000000000,0.000000000,0.000000000,0.0,0.000000000,0.000000000,"",0,0,0,0,0,00,0,0*45c0a321
#HEADINGA,ICOM3,0,86.3,FINESTEERING,2437,11252.600,00000000,0000,810;SOL_COMPUTED,NONE,0.000000000,0.000000000,0.000000000,0.0,0.000000000,0.000000000,"",0,0,0,0,0,00,0,0*f0e1ba66
#HEADINGA,ICOM3,0,86.3,FINESTEERING,2437,11252.800,00000000,0000,810;SOL_COMPUTED,NONE,0.000000000,0.000000000,0.000000000,0.0,0.000000000,0.000000000,"",0,0,0,0,0,00,0,0*4de4f831
#HEADINGA,ICOM3,0,86.3,FINESTEERING,2437,11253.000,00000000,0000,810;SOL_COMPUTED,NONE,0.000000000,0.000000000,0.000000000,0.0,0.000000000,0.000000000,"",0,0,0,0,0,00,0,0*74e2f6df
#HEADINGA,ICOM3,0,86.7,FINESTEERING,2437,11253.200,00000000,0000,810;SOL_COMPUTED,NONE,0.000000000,0.000000000,0.000000000,0.0,0.000000000,0.000000000,"",0,0,0,0,0,00,0,0*83614f60
#HEADINGA,ICOM3,0,86.7,FINESTEERING,2437,11253.400,00000000,0000,810;SOL_COMPUTED,NONE,0.000000000,0.000000000,0.000000000,0.0,0.000000000,0.000000000,"",0,0,0,0,0,00,0,0*877362e8
#HEADINGA,ICOM3,0,86.7,FINESTEERING,2437,11253.600,00000000,0000,810;SOL_COMPUTED,NONE,0.000000000,0.000000000,0.000000000,0.0,0.000000000,0.000000000,"",0,0,0,0,0,00,0,0*32527baf
#HEADINGA,ICOM3,0,86.7,FINESTEERING,2437,11253.800,00000000,0000,810;SOL_COMPUTED,NONE,0.000000000,0.000000000,0.000000000,0.0,0.000000000,0.000000000,"",0,0,0,0,0,00,0,0*8f5739f8
#HEADINGA,ICOM3,0,86.7,FINESTEERING,2437,11254.000,00000000,0000,810;SOL_COMPUTED,NONE,0.000000000,0.000000000,0.000000000,0.0,0.000000000,0.000000000,"",0,0,0,0,0,00,0,0*00d47d32
#HEADINGA,ICOM3,0,86.8,FINESTEERING,2437,11254.200,00000000,0000,810;SOL_COMPUTED,NONE,0.000000000,0.000000000,0.000000000,0.0,0.000000000,0.000000000,"",0,0,0,0,0,00,0,0*43eb7d3f
#HEADINGA,ICOM3,0,86.8,FINESTEERING,2437,11254.400,00000000,0000,810;SOL_COMPUTED,NONE,0.000000000,0.000000000,0.000000000,0.0,0.000000000,0.000000000,"",0,0,0,0,0,00,0,0*47f950b7
#HEADINGA,ICOM3,0,86.8,FINESTEERING,2437,11254.600,00000000,0000,810;SOL_COMPUTED,NONE,0.000000000,0.000000000,0.000000000,0.0,0.000000000,0.000000000,"",0,0,0,0,0,00,0,0*f2d849f0
#HEADINGA,ICOM3,0,86.8,FINESTEERING,2437,11254.800,00000000,0000,810;SOL_COMPUTED,NONE,0.000000000,0.000000000,0.000000000,0.0,0.000000000,0.000000000,"",0,0,0,0,0,00,0,0*4fdd0ba7
#HEADINGA,ICOM3,0,86.8,FINESTEERING,2437,11255.000,00000000,0000,810;SOL_COMPUTED,NONE,0.000000000,0.000000000,0.000000000,0.0,0.000000000,0.000000000,"",0,0,0,0,0,00,0,0*76db0549
#HEADINGA,ICOM3,0,85.7,FINESTEERING,2437,11255.200,00000000,0000,810;SOL_COMPUTED,NONE,0.000000000,0.000000000,0.000000000,0.0,0.000000000,0.000000000,"",0,0,0,0,0,00,0,0*44cd6314
#HEADINGA,ICOM3,0,85.7,FINESTEERING,2437,11255.400,00000000,0000,810;SOL_COMPUTED,NONE,0.000000000,0.000000000,0.000000000,0.0,0.000000000,0.000000000,"",0,0,0,0,0,00,0,0*40df4e9c
#HEADINGA,ICOM3,0,85.7,FINESTEERING,2437,11255.600,00000000,0000,810;SOL_COMPUTED,NONE,0.000000000,0.000000000,0.000000000,0.0,0.000000000,0.000000000,"",0,0,0,0,0,00,0,0*f5fe57db
#HEADINGA,ICOM3,0,85.7,FINESTEERING,2437,11255.800,00000000,0000,810;SOL_COMPUTED,NONE,0.000000000,0.000000000,0.000000000,0.0,0.000000000,0.000000000,"",0,0,0,0,0,00,0,0*48fb158c
#HEADINGA,ICOM3,0,85.7,FINESTEERING,2437,11256.000,00000000,0000,810;SOL_COMPUTED,NONE,0.000000000,0.000000000,0.000000000,0.0,0.000000000,0.000000000,"",0,0,0,0,0,00,0,0*aaaedf41
#HEADINGA,ICOM3,0,85.2,FINESTEERING,2437,11256.200,00000000,0000,810;SOL_COMPUTED,NONE,0.000000000,0.000000000,0.000000000,0.0,0.000000000,0.000000000,"",0,0,0,0,0,00,0,0*4d85cec0
#HEADINGA,ICOM3,0,85.2,FINESTEERING,2437,11256.400,00000000,0000,810;SOL_COMPUTED,NONE,0.000000000,0.000000000,0.000000000,0.0,0.000000000,0.000000000,"",0,0,0,0,0,00,0,0*4997e348
#HEADINGA,ICOM3,0,85.2,FINESTEERING,2437,11256.600,00000000,0000,810;SOL_COMPUTED,NONE,0.000000000,0.000000000,0.000000000,0.0,0.000000000,0.000000000,"",0,0,0,0,0,00,0,0*fcb6fa0f
#HEADINGA,ICOM3,0,85.2,FINESTEERING,2437,11256.800,00000000,0000,810;SOL_COMPUTED,NONE,0.000000000,0.000000000,0.000000000,0.0,0.000000000,0.000000000,"",0,0,0,0,0,00,0,0*41b3b858
#HEADINGA,ICOM3,0,85.2,FINESTEERING,2437,11257.000,00000000,0000,810;SOL_COMPUTED,NONE,0.000000000,0.000000000,0.000000000,0.0,0.000000000,0.000000000,"",0,0,0,0,0,00,0,0*78b5b6b6
#HEADINGA,ICOM3,0,86.7,FINESTEERING,2437,11257.200,00000000,0000,810;SOL_COMPUTED,NONE,0.000000000,0.000000000,0.000000000,0.0,0.000000000,0.000000000,"",0,0,0,0,0,00,0,0*eeb7c167
#HEADINGA,ICOM3,0,86.7,FINESTEERING,2437,11257.400,00000000,0000,810;SOL_COMPUTED,NONE,0.000000000,0.000000000,0.000000000,0.0,0.000000000,0.000000000,"",0,0,0,0,0,00,0,0*eaa5ecef
#HEADINGA,ICOM3,0,86.7,FINESTEERING,2437,11257.600,00000000,0000,810;SOL_COMPUTED,NONE,0.000000000,0.000000000,0.000000000,0.0,0.000000000,0.000000000,"",0,0,0,0,0,00,0,0*5f84f5a8
#HEADINGA,ICOM3,0,86.7,FINESTEERING,2437,11257.800,00000000,0000,810;SOL_COMPUTED,NONE,0.000000000,0.000000000,0.000000000,0.0,0.000000000,0.000000000,"",0,0,0,0,0,00,0,0*e281b7ff
#HEADINGA,ICOM3,0,86.7,FINESTEERING,2437,11258.000,00000000,0000,810;SOL_COMPUTED,NONE,0.000000000,0.000000000,0.000000000,0.0,0.000000000,0.000000000,"",0,0,0,0,0,00,0,0*b6afef3b
#HEADINGA,ICOM3,0,86.4,FINESTEERING,2437,11258.200,00000000,0000,810;SOL_COMPUTED,NONE,0.000000000,0.000000000,0.000000000,0.0,0.000000000,0.000000000,"",0,0,0,0,0,00,0,0*32770e3e
#HEADINGA,ICOM3,0,86.4,FINESTEERING,2437,11258.400,00000000,0000,810;SOL_COMPUTED,NONE,0.000000000,0.000000000,0.000000000,0.0,0.000000000,0.000000000,"",0,0,0,0,0,00,0,0*366523b6
#HEADINGA,ICOM3,0,86.4,FINESTEERING,2437,11258.600,00000000,0000,810;SOL_COMPUTED,NONE,0.000000000,0.000000000,0.000000000,0.0,0.000000000,0.000000000,"",0,0,0,0,0,00,0,0*83443af1
#HEADINGA,ICOM3,0,86.4,FINESTEERING,2437,11258.800,00000000,0000,810;SOL_COMPUTED,NONE,0.000000000,0.000000000,0.000000000,0.0,0.000000000,0.000000000,"",0,0,0,0,0,00,0,0*3e4178a6
#HEADINGA,ICOM3,0,86.4,FINESTEERING,2437,11259.000,00000000,0000,810;SOL_COMPUTED,NONE,0.000000000,0.000000000,0.000000000,0.0,0.000000000,0.000000000,"",0,0,0,0,0,00,0,0*07477648
#HEADINGA,ICOM3,0,85.7,FINESTEERING,2437,11259.200,00000000,0000,810;SOL_COMPUTED,NONE,0.000000000,0.000000000,0.000000000,0.0,0.000000000,0.000000000,"",0,0,0,0,0,00,0,0*f2b6f11d
#HEADINGA,ICOM3,0,85.7,FINESTEERING,2437,11259.400,00000000,0000,810;SOL_COMPUTED,NONE,0.000000000,0.000000000,0.000000000,0.0,0.000000000,0.000000000,"",0,0,0,0,0,00,0,0*f6a4dc95
#HEADINGA,ICOM3,0,85.7,FINESTEERING,2437,11259.600,00000000,0000,810;SOL_COMPUTED,NONE,0.000000000,0.000000000,0.000000000,0.0,0.000000000,0.000000000,"",0,0,0,0,0,00,0,0*4385c5d2
#HEADINGA,ICOM3,0,85.7,FINESTEERING,2437,11259.800,00000000,0000,810;SOL_COMPUTED,NONE,0.000000000,0.000000000,0.000000000,0.0,0.000000000,0.000000000,"",0,0,0,0,0,00,0,0*fe808785
#HEADINGA,ICOM3,0,85.7,FINESTEERING,2437,11260.000,00000000,0000,810;SOL_COMPUTED,NONE,0.000000000,0.000000000,0.000000000,0.0,0.000000000,0.000000000,"",0,0,0,0,0,00,0,0*efc9a688
#HEADINGA,ICOM3,0,87.6,FINESTEERING,2437,11260.200,00000000,0000,810;SOL_COMPUTED,NONE,0.000000000,0.000000000,0.000000000,0.0,0.000000000,0.000000000,"",0,0,0,0,0,00,0,0*a2a151ae
#HEADINGA,ICOM3,0,87.6,FINESTEERING,2437,11260.400,00000000,0000,810;SOL_COMPUTED,NONE,0.000000000,0.000000000,0.000000000,0.0,0.000000000,0.000000000,"",0,0,0,0,0,00,0,0*a6b37c26
#HEADINGA,ICOM3,0,87.6,FINESTEERING,2437,11260.600,00000000,0000,810;SOL_COMPUTED,NONE,0.000000000,0.000000000,0.000000000,0.0,0.000000000,0.000000000,"",0,0,0,0,0,00,0,0*13926561
#HEADINGA,ICOM3,0,87.6,FINESTEERING,2437,11260.800,00000000,0000,810;SOL_COMPUTED,NONE,0.000000000,0.000000000,0.000000000,0.0,0.000000000,0.000000000,"",0,0,0,0,0,00,0,0*ae972736
#HEADINGA,ICOM3,0,87.6,FINESTEERING,2437,11261.000,00000000,0000,810;SOL_COMPUTED,NONE,0.000000000,0.000000000,0.000000000,0.0,0.000000000,0.000000000,"",0,0,0,0,0,00,0,0*979129d8
#HEADINGA,ICOM3,0,89.1,FINESTEERING,2437,11261.200,00000000,0000,810;SOL_COMPUTED,NONE,0.000000000,0.000000000,0.000000000,0.0,0.000000000,0.000000000,"",0,0,0,0,0,00,0,0*a6deb17b
#HEADINGA,ICOM3,0,89.1,FINESTEERING,2437,11261.400,00000000,0000,810;SOL_COMPUTED,NONE,0.000000000,0.000000000,0.000000000,0.0,0.000000000,0.000000000,"",0,0,0,0,0,00,0,0*a2cc9cf3
#HEADINGA,ICOM3,0,89.1,FINESTEERING,2437,11261.600,00000000,0000,810;SOL_COMPUTED,NONE,0.000000000,0.000000000,0.000000000,0.0,0.000000000,0.000000000,"",0,0,0,0,0,00,0,0*17ed85b4
#HEADINGA,ICOM3,0,89.1,FINESTEERING,2437,11261.800,00000000,0000,810;SOL_COMPUTED,NONE,0.000000000,0.000000000,0.000000000,0.0,0.000000000,0.000000000,"",0,0,0,0,0,00,0,0*aae8c7e3
#HEADINGA,ICOM3,0,89.1,FINESTEERING,2437,11262.000,00000000,0000,810;SOL_COMPUTED,NONE,0.000000000,0.000000000,0.000000000,0.0,0.000000000,0.000000000,"",0,0,0,0,0,00,0,0*48bd0d2e
#HEADINGA,ICOM3,0,85.8,FINESTEERING,2437,11262.200,00000000,0000,810;SOL_COMPUTED,NONE,0.000000000,0.000000000,0.000000000,0.0,0.000000000,0.000000000,"",0,0,0,0,0,00,0,0*77a562a6
#HEADINGA,ICOM3,0,85.8,FINESTEERING,2437,11262.400,00000000,0000,810;SOL_COMPUTED,NONE,0.000000000,0.000000000,0.000000000,0.0,0.000000000,0.000000000,"",0,0,0,0,0,00,0,0*73b74f2e
#HEADINGA,ICOM3,0,85.8,FINESTEERING,2437,11262.600,00000000,0000,810;SOL_COMPUTED,NONE,0.000000000,0.000000000,0.000000000,0.0,0.000000000,0.000000000,"",0,0,0,0,0,00,0,0*c6965669
#HEADINGA,ICOM3,0,85.8,FINESTEERING,2437,11262.800,00000000,0000,810;SOL_COMPUTED,NONE,0.000000000,0.000000000,0.000000000,0.0,0.000000000,0.000000000,"",0,0,0,0,0,00,0,0*7b93143e
#HEADINGA,ICOM3,0,85.8,FINESTEERING,2437,11263.000,00000000,0000,810;SOL_COMPUTED,NONE,0.000000000,0.000000000,0.000000000,0.0,0.000000000,0.000000000,"",0,0,0,0,0,00,0,0*42951ad0
#HEADINGA,ICOM3,0,86.4,FINESTEERING,2437,11263.200,00000000,0000,810;SOL_COMPUTED,NONE,0.000000000,0.000000000,0.000000000,0.0,0.000000000,0.000000000,"",0,0,0,0,0,00,0,0*417a84cf
#HEADINGA,ICOM3,0,86.4,FINESTEERING,2437,11263.400,00000000,0000,810;SOL_COMPUTED,NONE,0.000000000,0.000000000,0.000000000,0.0,0.000000000,0.000000000,"",0,0,0,0,0,00,0,0*4568a947
#HEADINGA,ICOM3,0,86.4,FINESTEERING,2437,11263.600,00000000,0000,810;SOL_COMPUTED,NONE,0.000000000,0.000000000,0.000000000,0.0,0.000000000,0.000000000,"",0,0,0,0,0,00,0,0*f049b000
#HEADINGA,ICOM3,0,86.4,FINESTEERING,2437,11263.800,00000000,0000,810;SOL_COMPUTED,NONE,0.000000000,0.000000000,0.000000000,0.0,0.000000000,0.000000000,"",0,0,0,0,0,00,0,0*4d4cf257
#HEADINGA,ICOM3,0,86.4,FINESTEERING,2437,11264.000,00000000,0000,810;SOL_COMPUTED,NONE,0.000000000,0.000000000,0.000000000,0.0,0.000000000,0.000000000,"",0,0,0,0,0,00,0,0*c2cfb69d
#HEADINGA,ICOM3,0,86.9,FINESTEERING,2437,11264.200,00000000,0000,810;SOL_COMPUTED,NONE,0.000000000,0.000000000,0.000000000,0.0,0.000000000,0.000000000,"",0,0,0,0,0,00,0,0*a0a1e6ec
#HEADINGA,ICOM3,0,86.9,FINESTEERING,2437,11264.400,00000000,0000,810;SOL_COMPUTED,NONE,0.000000000,0.000000000,0.000000000,0.0,0.000000000,0.000000000,"",0,0,0,0,0,00,0,0*a4b3cb64
#HEADINGA,ICOM3,0,86.9,FINESTEERING,2437,11264.600,00000000,0000,810;SOL_COMPUTED,NONE,0.000000000,0.000000000,0.000000000,0.0,0.000000000,0.000000000,"",0,0,0,0,0,00,0,0*1192d223
#HEADINGA,ICOM3,0,86.9,FINESTEERING,2437,11264.800,00000000,0000,810;SOL_COMPUTED,NONE,0.000000000,0.000000000,0.000000000,0.0,0.000000000,0.000000000,"",0,0,0,0,0,00,0,0*ac979074
#HEADINGA,ICOM3,0,86.9,FINESTEERING,2437,11265.000,00000000,0000,810;SOL_COMPUTED,NONE,0.000000000,0.000000000,0.000000000,0.0,0.000000000,0.000000000,"",0,0,0,0,0,00,0,0*95919e9a
#HEADINGA,ICOM3,0,87.0,FINESTEERING,2437,11265.200,00000000,0000,810;SOL_COMPUTED,NONE,0.000000000,0.000000000,0.000000000,0.0,0.000000000,0.000000000,"",0,0,0,0,0,00,0,0*2c954e1c
#HEADINGA,ICOM3,0,87.0,FINESTEERING,2437,11265.400,00000000,0000,810;SOL_COMPUTED,NONE,0.000000000,0.000000000,0.000000000,0.0,0.000000000,0.000000000,"",0,0,0,0,0,00,0,0*28876394
#HEADINGA,ICOM3,0,87.0,FINESTEERING,2437,11265.600,00000000,0000,810;SOL_COMPUTED,NONE,0.000000000,0.000000000,0.000000000,0.0,0.000000000,0.000000000,"",0,0,0,0,0,00,0,0*9da67ad3
#HEADINGA,ICOM3,0,87.0,FINESTEERING,2437,11265.800,00000000,0000,810;SOL_COMPUTED,NONE,0.000000000,0.000000000,0.000000000,0.0,0.000000000,0.000000000,"",0,0,0,0,0,00,0,0*20a33884
#HEADINGA,ICOM3,0,87.0,FINESTEERING,2437,11266.000,00000000,0000,810;SOL_COMPUTED,NONE,0.000000000,0.000000000,0.000000000,0.0,0.000000000,0.000000000,"",0,0,0,0,0,00,0,0*c2f6f249
#HEADINGA,ICOM3,0,86.3,FINESTEERING,2437,11266.200,00000000,0000,810;SOL_COMPUTED,NONE,0.000000000,0.000000000,0.000000000,0.0,0.000000000,0.000000000,"",0,0,0,0,0,00,0,0*dfe63343
#HEADINGA,ICOM3,0,86.3,FINESTEERING,2437,11266.400,00000000,0000,810;SOL_COMPUTED,NONE,0.000000000,0.000000000,0.000000000,0.0,0.000000000,0.000000000,"",0,0,0,0,0,00,0,0*dbf41ecb
#HEADINGA,ICOM3,0,86.3,FINESTEERING,2437,11266.600,00000000,0000,810;SOL_COMPUTED,NONE,0.000000000,0.000000000,0.000000000,0.0,0.000000000,0.000000000,"",0,0,0,0,0,00,0,0*6ed5078c
#HEADINGA,ICOM3,0,86.3,FINESTEERING,2437,11266.800,00000000,0000,810;SOL_COMPUTED,NONE,0.000000000,0.000000000,0.000000000,0.0,0.000000000,0.000000000,"",0,0,0,0,0,00,0,0*d3d045db
#HEADINGA,ICOM3,0,86.3,FINESTEERING,2437,11267.000,00000000,0000,810;SOL_COMPUTED,NONE,0.000000000,0.000000000,0.000000000,0.0,0.000000000,0.000000000,"",0,0,0,0,0,00,0,0*ead64b35
#HEADINGA,ICOM3,0,86.5,FINESTEERING,2437,11267.200,00000000,0000,810;SOL_COMPUTED,NONE,0.000000000,0.000000000,0.000000000,0.0,0.000000000,0.000000000,"",0,0,0,0,0,00,0,0*3c04a2f6
#HEADINGA,ICOM3,0,86.5,FINESTEERING,2437,11267.400,00000000,0000,810;SOL_COMPUTED,NONE,0.000000000,0.000000000,0.000000000,0.0,0.000000000,0.000000000,"",0,0,0,0,0,00,0,0*38168f7e
#HEADINGA,ICOM3,0,86.5,FINESTEERING,2437,11267.600,00000000,0000,810;SOL_COMPUTED,NONE,0.000000000,0.000000000,0.000000000,0.0,0.000000000,0.000000000,"",0,0,0,0,0,00,0,0*8d379639
#HEADINGA,ICOM3,0,86.5,FINESTEERING,2437,11267.800,00000000,0000,810;SOL_COMPUTED,NONE,0.000000000,0.000000000,0.000000000,0.0,0.000000000,0.000000000,"",0,0,0,0,0,00,0,0*3032d46e
#HEADINGA,ICOM3,0,86.5,FINESTEERING,2437,11268.000,00000000,0000,810;SOL_COMPUTED,NONE,0.000000000,0.000000000,0.000000000,0.0,0.000000000,0.000000000,"",0,0,0,0,0,00,0,0*641c8caa
#HEADINGA,ICOM3,0,86.3,FINESTEERING,2437,11268.200,00000000,0000,810;SOL_COMPUTED,NONE,0.000000000,0.000000000,0.000000000,0.0,0.000000000,0.000000000,"",0,0,0,0,0,00,0,0*b2ce6569
#HEADINGA,ICOM3,0,86.3,FINESTEERING,2437,11268.400,00000000,0000,810;SOL_COMPUTED,NONE,0.000000000,0.000000000,0.000000000,0.0,0.000000000,0.000000000,"",0,0,0,0,0,00,0,0*b6dc48e1
#HEADINGA,ICOM3,0,86.3,FINESTEERING,2437,11268.600,00000000,0000,810;SOL_COMPUTED,NONE,0.000000000,0.000000000,0.000000000,0.0,0.000000000,0.000000000,"",0,0,0,0,0,00,0,0*03fd51a6
#HEADINGA,ICOM3,0,86.3,FINESTEERING,2437,11268.800,00000000,0000,810;SOL_COMPUTED,NONE,0.000000000,0.000000000,0.000000000,0.0,0.000000000,0.000000000,"",0,0,0,0,0,00,0,0*bef813f1
#HEADINGA,ICOM3,0,86.3,FINESTEERING,2437,11269.000,00000000,0000,810;SOL_COMPUTED,NONE,0.000000000,0.000000000,0.000000000,0.0,0.000000000,0.000000000,"",0,0,0,0,0,00,0,0*87fe1d1f
#HEADINGA,ICOM3,0,86.8,FINESTEERING,2437,11269.200,00000000,0000,810;SOL_COMPUTED,NONE,0.000000000,0.000000000,0.000000000,0.0,0.000000000,0.000000000,"",0,0,0,0,0,00,0,0*8663bdea
#HEADINGA,ICOM3,0,86.8,FINESTEERING,2437,11269.400,00000000,0000,810;SOL_COMPUTED,NONE,0.000000000,0.000000000,0.000000000,0.0,0.000000000,0.000000000,"",0,0,0,0,0,00,0,0*82719062
#HEADINGA,ICOM3,0,86.8,FINESTEERING,2437,11269.600,00000000,0000,810;SOL_COMPUTED,NONE,0.000000000,0.000000000,0.000000000,0.0,0.000000000,0.000000000,"",0,0,0,0,0,00,0,0*37508925
#HEADINGA,ICOM3,0,86.8,FINESTEERING,2437,11269.800,00000000,0000,810;SOL_COMPUTED,NONE,0.000000000,0.000000000,0.000000000,0.0,0.000000000,0.000000000,"",0,0,0,0,0,00,0,0*8a55cb72
#HEADINGA,ICOM3,0,86.8,FINESTEERING,2437,11270.000,00000000,0000,810;SOL_COMPUTED,NONE,0.000000000,0.000000000,0.000000000,0.0,0.000000000,0.000000000,"",0,0,0,0,0,00,0,0*39a0c8c9
#HEADINGA,ICOM3,0,86.6,FINESTEERING,2437,11270.200,00000000,0000,810;SOL_COMPUTED,NONE,0.000000000,0.000000000,0.000000000,0.0,0.000000000,0.000000000,"",0,0,0,0,0,00,0,0*6a3760fa
#HEADINGA,ICOM3,0,86.6,FINESTEERING,2437,11270.400,00000000,0000,810;SOL_COMPUTED,NONE,0.000000000,0.000000000,0.000000000,0.0,0.000000000,0.000000000,"",0,0,0,0,0,00,0,0*6e254d72
#HEADINGA,ICOM3,0,86.6,FINESTEERING,2437,11270.600,00000000,0000,810;SOL_COMPUTED,NONE,0.000000000,0.000000000,0.000000000,0.0,0.000000000,0.000000000,"",0,0,0,0,0,00,0,0*db045435
#HEADINGA,ICOM3,0,86.6,FINESTEERING,2437,11270.800,00000000,0000,810;SOL_COMPUTED,NONE,0.000000000,0.000000000,0.000000000,0.0,0.000000000,0.000000000,"",0,0,0,0,0,00,0,0*66011662
#HEADINGA,ICOM3,0,86.6,FINESTEERING,2437,11271.000,00000000,0000,810;SOL_COMPUTED,NONE,0.000000000,0.000000000,0.000000000,0.0,0.000000000,0.000000000,"",0,0,0,0,0,00,0,0*5f07188c
#HEADINGA,ICOM3,0,86.7,FINESTEERING,2437,11271.200,00000000,0000,810;SOL_COMPUTED,NONE,0.000000000,0.000000000,0.000000000,0.0,0.000000000,0.000000000,"",0,0,0,0,0,00,0,0*fa8ea9f5
#HEADINGA,ICOM3,0,86.7,FINESTEERING,2437,11271.400,00000000,0000,810;SOL_COMPUTED,NONE,0.000000000,0.000000000,0.000000000,0.0,0.000000000,0.000000000,"",0,0,0,0,0,00,0,0*fe9c847d
#HEADINGA,ICOM3,0,86.7,FINESTEERING,2437,11271.600,00000000,0000,810;SOL_COMPUTED,NONE,0.000000000,0.000000000,0.000000000,0.0,0.000000000,0.000000000,"",0,0,0,0,0,00,0,0*4bbd9d3a
#HEADINGA,ICOM3,0,86.7,FINESTEERING,2437,11271.800,00000000,0000,810;SOL_COMPUTED,NONE,0.000000000,0.000000000,0.000000000,0.0,0.000000000,0.000000000,"",0,0,0,0,0,00,0,0*f6b8df6d
#HEADINGA,ICOM3,0,86.7,FINESTEERING,2437,11272.000,00000000,0000,810;SOL_COMPUTED,NONE,0.000000000,0.000000000,0.000000000,0.0,0.000000000,0.000000000,"",0,0,0,0,0,00,0,0*14ed15a0
#HEADINGA,ICOM3,0,86.3,FINESTEERING,2437,11272.200,00000000,0000,810;SOL_COMPUTED,NONE,0.000000000,0.000000000,0.000000000,0.0,0.000000000,0.000000000,"",0,0,0,0,0,00,0,0*e36eac1f
#HEADINGA,ICOM3,0,86.3,FINESTEERING,2437,11272.400,00000000,0000,810;SOL_COMPUTED,NONE,0.000000000,0.000000000,0.000000000,0.0,0.000000000,0.000000000,"",0,0,0,0,0,00,0,0*e77c8197
#HEADINGA,ICOM3,0,86.3,FINESTEERING,2437,11272.600,00000000,0000,810;SOL_COMPUTED,NONE,0.000000000,0.000000000,0.000000000,0.0,0.000000000,0.000000000,"",0,0,0,0,0,00,0,0*525d98d0
#HEADINGA,ICOM3,0,86.3,FINESTEERING,2437,11272.800,00000000,0000,810;SOL_COMPUTED,NONE,0.000000000,0.000000000,0.000000000,0.0,0.000000000,0.000000000,"",0,0,0,0,0,00,0,0*ef58da87
#HEADINGA,ICOM3,0,86.3,FINESTEERING,2437,11273.000,00000000,0000,810;SOL_COMPUTED,NONE,0.000000000,0.000000000,0.000000000,0.0,0.000000000,0.000000000,"",0,0,0,0,0,00,0,0*d65ed469
#HEADINGA,ICOM3,0,86.7,FINESTEERING,2437,11273.200,00000000,0000,810;SOL_COMPUTED,NONE,0.000000000,0.000000000,0.000000000,0.0,0.000000000,0.000000000,"",0,0,0,0,0,00,0,0*21dd6dd6
#HEADINGA,ICOM3,0,86.7,FINESTEERING,2437,11273.400,00000000,0000,810;SOL_COMPUTED,NONE,0.000000000,0.000000000,0.000000000,0.0,0.000000000,0.000000000,"",0,0,0,0,0,00,0,0*25cf405e
#HEADINGA,ICOM3,0,86.7,FINESTEERING,2437,11273.600,00000000,0000,810;SOL_COMPUTED,NONE,0.000000000,0.000000000,0.000000000,0.0,0.000000000,0.000000000,"",0,0,0,0,0,00,0,0*90ee5919
#HEADINGA,ICOM3,0,86.7,FINESTEERING,2437,11273.800,00000000,0000,810;SOL_COMPUTED,NONE,0.000000000,0.000000000,0.000000000,0.0,0.000000000,0.000000000,"",0,0,0,0,0,00,0,0*2deb1b4e
#HEADINGA,ICOM3,0,86.7,FINESTEERING,2437,11274.000,00000000,0000,810;SOL_COMPUTED,NONE,0.000000000,0.000000000,0.000000000,0.0,0.000000000,0.000000000,"",0,0,0,0,0,00,0,0*a2685f84
#HEADINGA,ICOM3,0,85.8,FINESTEERING,2437,11274.200,00000000,0000,810;SOL_COMPUTED,NONE,0.000000000,0.000000000,0.000000000,0.0,0.000000000,0.000000000,"",0,0,0,0,0,00,0,0*907e39d9
#HEADINGA,ICOM3,0,85.8,FINESTEERING,2437,11274.400,00000000,0000,810;SOL_COMPUTED,NONE,0.000000000,0.000000000,0.000000000,0.0,0.000000000,0.000000000,"",0,0,0,0,0,00,0,0*946c1451
#HEADINGA,ICOM3,0,85.8,FINESTEERING,2437,11274.600,00000000,0000,810;SOL_COMPUTED,NONE,0.000000000,0.000000000,0.000000000,0.0,0.000000000,0.000000000,"",0,0,0,0,0,00,0,0*214d0d16
#HEADINGA,ICOM3,0,85.8,FINESTEERING,2437,11274.800,00000000,0000,810;SOL_COMPUTED,NONE,0.000000000,0.000000000,0.000000000,0.0,0.000000000,0.000000000,"",0,0,0,0,0,00,0,0*9c484f41
#HEADINGA,ICOM3,0,85.8,FINESTEERING,2437,11275.000,00000000,0000,810;SOL_COMPUTED,NONE,0.000000000,0.000000000,0.000000000,0.0,0.000000000,0.000000000,"",0,0,0,0,0,00,0,0*a54e41af
#HEADINGA,ICOM3,0,86.0,FINESTEERING,2437,11275.200,00000000,0000,810;SOL_COMPUTED,NONE,0.000000000,0.000000000,0.000000000,0.0,0.000000000,0.000000000,"",0,0,0,0,0,00,0,0*e4037f48
#HEADINGA,ICOM3,0,86.0,FINESTEERING,2437,11275.400,00000000,0000,810;SOL_COMPUTED,NONE,0.000000000,0.000000000,0.000000000,0.0,0.000000000,0.000000000,"",0,0,0,0,0,00,0,0*e01152c0
#HEADINGA,ICOM3,0,86.0,FINESTEERING,2437,11275.600,00000000,0000,810;SOL_COMPUTED,NONE,0.000000000,0.000000000,0.000000000,0.0,0.000000000,0.000000000,"",0,0,0,0,0,00,0,0*55304b87
#HEADINGA,ICOM3,0,86.0,FINESTEERING,2437,11275.800,00000000,0000,810;SOL_COMPUTED,NONE,0.000000000,0.000000000,0.000000000,0.0,0.000000000,0.000000000,"",0,0,0,0,0,00,0,0*e83509d0
#HEADINGA,ICOM3,0,86.0,FINESTEERING,2437,11276.000,00000000,0000,810;SOL_COMPUTED,NONE,0.000000000,0.000000000,0.000000000,0.0,0.000000000,0.000000000,"",0,0,0,0,0,00,0,0*0a60c31d
#HEADINGA,ICOM3,0,86.5,FINESTEERING,2437,11276.200,00000000,0000,810;SOL_COMPUTED,NONE,0.000000000,0.000000000,0.000000000,0.0,0.000000000,0.000000000,"",0,0,0,0,0,00,0,0*ed4bd29c
#HEADINGA,ICOM3,0,86.5,FINESTEERING,2437,11276.400,00000000,0000,810;SOL_COMPUTED,NONE,0.000000000,0.000000000,0.000000000,0.0,0.000000000,0.000000000,"",0,0,0,0,0,00,0,0*e959ff14
#HEADINGA,ICOM3,0,86.5,FINESTEERING,2437,11276.600,00000000,0000,810;SOL_COMPUTED,NONE,0.000000000,0.000000000,0.000000000,0.0,0.000000000,0.000000000,"",0,0,0,0,0,00,0,0*5c78e653
#HEADINGA,ICOM3,0,86.5,FINESTEERING,2437,11276.800,00000000,0000,810;SOL_COMPUTED,NONE,0.000000000,0.000000000,0.000000000,0.0,0.000000000,0.000000000,"",0,0,0,0,0,00,0,0*e17da404
#HEADINGA,ICOM3,0,86.5,FINESTEERING,2437,11277.000,00000000,0000,810;SOL_COMPUTED,NONE,0.000000000,0.000000000,0.000000000,0.0,0.000000000,0.000000000,"",0,0,0,0,0,00,0,0*d87baaea
#HEADINGA,ICOM3,0,86.5,FINESTEERING,2437,11277.200,00000000,0000,810;SOL_COMPUTED,NONE,0.000000000,0.000000000,0.000000000,0.0,0.000000000,0.000000000,"",0,0,0,0,0,00,0,0*6d5ab3ad
#HEADINGA,ICOM3,0,86.5,FINESTEERING,2437,11277.400,00000000,0000,810;SOL_COMPUTED,NONE,0.000000000,0.000000000,0.000000000,0.0,0.000000000,0.000000000,"",0,0,0,0,0,00,0,0*69489e25
#HEADINGA,ICOM3,0,86.5,FINESTEERING,2437,11277.600,00000000,0000,810;SOL_COMPUTED,NONE,0.000000000,0.000000000,0.000000000,0.0,0.000000000,0.000000000,"",0,0,0,0,0,00,0,0*dc698762
#HEADINGA,ICOM3,0,86.5,FINESTEERING,2437,11277.800,00000000,0000,810;SOL_COMPUTED,NONE,0.000000000,0.000000000,0.000000000,0.0,0.000000000,0.000000000,"",0,0,0,0,0,00,0,0*616cc535
#HEADINGA,ICOM3,0,86.5,FINESTEERING,2437,11278.000,00000000,0000,810;SOL_COMPUTED,NONE,0.000000000,0.000000000,0.000000000,0.0,0.000000000,0.000000000,"",0,0,0,0,0,00,0,0*35429df1
#HEADINGA,ICOM3,0,86.6,FINESTEERING,2437,11278.200,00000000,0000,810;SOL_COMPUTED,NONE,0.000000000,0.000000000,0.000000000,0.0,0.000000000,0.000000000,"",0,0,0,0,0,00,0,0*b19a7cf4
#HEADINGA,ICOM3,0,86.6,FINESTEERING,2437,11278.400,00000000,0000,810;SOL_COMPUTED,NONE,0.000000000,0.000000000,0.000000000,0.0,0.000000000,0.000000000,"",0,0,0,0,0,00,0,0*b588517c
#HEADINGA,ICOM3,0,86.6,FINESTEERING,2437,11278.600,00000000,0000,810;SOL_COMPUTED,NONE,0.000000000,0.000000000,0.000000000,0.0,0.000000000,0.000000000,"",0,0,0,0,0,00,0,0*00a9483b
#HEADINGA,ICOM3,0,86.6,FINESTEERING,2437,11278.800,00000000,0000,810;SOL_COMPUTED,NONE,0.000000000,0.000000000,0.000000000,0.0,0.000000000,0.000000000,"",0,0,0,0,0,00,0,0*bdac0a6c
#HEADINGA,ICOM3,0,86.6,FINESTEERING,2437,11279.000,00000000,0000,810;SOL_COMPUTED,NONE,0.000000000,0.000000000,0.000000000,0.0,0.000000000,0.000000000,"",0,0,0,0,0,00,0,0*84aa0482
#HEADINGA,ICOM3,0,86.7,FINESTEERING,2437,11279.200,00000000,0000,810;SOL_COMPUTED,NONE,0.000000000,0.000000000,0.000000000,0.0,0.000000000,0.000000000,"",0,0,0,0,0,00,0,0*2123b5fb
#HEADINGA,ICOM3,0,86.7,FINESTEERING,2437,11279.400,00000000,0000,810;SOL_COMPUTED,NONE,0.000000000,0.000000000,0.000000000,0.0,0.000000000,0.000000000,"",0,0,0,0,0,00,0,0*25319873
#HEADINGA,ICOM3,0,86.7,FINESTEERING,2437,11279.600,00000000,0000,810;SOL_COMPUTED,NONE,0.000000000,0.000000000,0.000000000,0.0,0.000000000,0.000000000,"",0,0,0,0,0,00,0,0*90108134
#HEADINGA,ICOM3,0,86.7,FINESTEERING,2437,11279.800,00000000,0000,810;SOL_COMPUTED,NONE,0.000000000,0.000000000,0.000000000,0.0,0.000000000,0.000000000,"",0,0,0,0,0,00,0,0*2d15c363
#HEADINGA,ICOM3,0,86.7,FINESTEERING,2437,11280.000,00000000,0000,810;SOL_COMPUTED,NONE,0.000000000,0.000000000,0.000000000,0.0,0.000000000,0.000000000,"",0,0,0,0,0,00,0,0*45362158
#HEADINGA,ICOM3,0,87.1,FINESTEERING,2437,11280.200,00000000,0000,810;SOL_COMPUTED,NONE,0.000000000,0.000000000,0.000000000,0.0,0.000000000,0.000000000,"",0,0,0,0,0,00,0,0*0a2ce894
#HEADINGA,ICOM3,0,87.1,FINESTEERING,2437,11280.400,00000000,0000,810;SOL_COMPUTED,NONE,0.000000000,0.000000000,0.000000000,0.0,0.000000000,0.000000000,"",0,0,0,0,0,00,0,0*0e3ec51c
#HEADINGA,ICOM3,0,87.1,FINESTEERING,2437,11280.600,00000000,0000,810;SOL_COMPUTED,NONE,0.000000000,0.000000000,0.000000000,0.0,0.000000000,0.000000000,"",0,0,0,0,0,00,0,0*bb1fdc5b
#HEADINGA,ICOM3,0,87.1,FINESTEERING,2437,11280.800,00000000,0000,810;SOL_COMPUTED,NONE,0.000000000,0.000000000,0.000000000,0.0,0.000000000,0.000000000,"",0,0,0,0,0,00,0,0*061a9e0c
#HEADINGA,ICOM3,0,87.1,FINESTEERING,2437,11281.000,00000000,0000,810;SOL_COMPUTED,NONE,0.000000000,0.000000000,0.000000000,0.0,0.000000000,0.000000000,"",0,0,0,0,0,00,0,0*3f1c90e2
#HEADINGA,ICOM3,0,86.7,FINESTEERING,2437,11281.200,00000000,0000,810;SOL_COMPUTED,NONE,0.000000000,0.000000000,0.000000000,0.0,0.000000000,0.000000000,"",0,0,0,0,0,00,0,0*7006592e
#HEADINGA,ICOM3,0,86.7,FINESTEERING,2437,11281.400,00000000,0000,810;SOL_COMPUTED,NONE,0.000000000,0.000000000,0.000000000,0.0,0.000000000,0.000000000,"",0,0,0,0,0,00,0,0*741474a6
#HEADINGA,ICOM3,0,86.7,FINESTEERING,2437,11281.600,00000000,0000,810;SOL_COMPUTED,NONE,0.000000000,0.000000000,0.000000000,0.0,0.000000000,0.000000000,"",0,0,0,0,0,00,0,0*c1356de1
#HEADINGA,ICOM3,0,86.7,FINESTEERING,2437,11281.800,00000000,0000,810;SOL_COMPUTED,NONE,0.000000000,0.000000000,0.000000000,0.0,0.000000000,0.000000000,"",0,0,0,0,0,00,0,0*7c302fb6
#HEADINGA,ICOM3,0,86.7,FINESTEERING,2437,11282.000,00000000,0000,810;SOL_COMPUTED,NONE,0.000000000,0.000000000,0.000000000,0.0,0.000000000,0.000000000,"",0,0,0,0,0,00,0,0*9e65e57b
#HEADINGA,ICOM3,0,86.5,FINESTEERING,2437,11282.200,00000000,0000,810;SOL_COMPUTED,NONE,0.000000000,0.000000000,0.000000000,0.0,0.000000000,0.000000000,"",0,0,0,0,0,00,0,0*0a15ac40
#HEADINGA,ICOM3,0,86.5,FINESTEERING,2437,11282.400,00000000,0000,810;SOL_COMPUTED,NONE,0.000000000,0.000000000,0.000000000,0.0,0.000000000,0.000000000,"",0,0,0,0,0,00,0,0*0e0781c8
#HEADINGA,ICOM3,0,86.5,FINESTEERING,2437,11282.600,00000000,0000,810;SOL_COMPUTED,NONE,0.000000000,0.000000000,0.000000000,0.0,0.000000000,0.000000000,"",0,0,0,0,0,00,0,0*bb26988f
#HEADINGA,ICOM3,0,86.5,FINESTEERING,2437,11282.800,00000000,0000,810;SOL_COMPUTED,NONE,0.000000000,0.000000000,0.000000000,0.0,0.000000000,0.000000000,"",0,0,0,0,0,00,0,0*0623dad8
#HEADINGA,ICOM3,0,86.5,FINESTEERING,2437,11283.000,00000000,0000,810;SOL_COMPUTED,NONE,0.000000000,0.000000000,0.000000000,0.0,0.000000000,0.000000000,"",0,0,0,0,0,00,0,0*3f25d436
#HEADINGA,ICOM3,0,86.4,FINESTEERING,2437,11283.200,00000000,0000,810;SOL_COMPUTED,NONE,0.000000000,0.000000000,0.000000000,0.0,0.000000000,0.000000000,"",0,0,0,0,0,00,0,0*9aac654f
#HEADINGA,ICOM3,0,86.4,FINESTEERING,2437,11283.400,00000000,0000,810;SOL_COMPUTED,NONE,0.000000000,0.000000000,0.000000000,0.0,0.000000000,0.000000000,"",0,0,0,0,0,00,0,0*9ebe48c7
#HEADINGA,ICOM3,0,86.4,FINESTEERING,2437,11283.600,00000000,0000,810;SOL_COMPUTED,NONE,0.000000000,0.000000000,0.000000000,0.0,0.000000000,0.000000000,"",0,0,0,0,0,00,0,0*2b9f5180
#HEADINGA,ICOM3,0,86.4,FINESTEERING,2437,11283.800,00000000,0000,810;SOL_COMPUTED,NONE,0.000000000,0.000000000,0.000000000,0.0,0.000000000,0.000000000,"",0,0,0,0,0,00,0,0*969a13d7
#HEADINGA,ICOM3,0,86.4,FINESTEERING,2437,11284.000,00000000,0000,810;SOL_COMPUTED,NONE,0.000000000,0.000000000,0.000000000,0.0,0.000000000,0.000000000,"",0,0,0,0,0,00,0,0*1919571d
#HEADINGA,ICOM3,0,86.2,FINESTEERING,2437,11284.200,00000000,0000,810;SOL_COMPUTED,NONE,0.000000000,0.000000000,0.000000000,0.0,0.000000000,0.000000000,"",0,0,0,0,0,00,0,0*cfcbbede
#HEADINGA,ICOM3,0,86.2,FINESTEERING,2437,11284.400,00000000,0000,810;SOL_COMPUTED,NONE,0.000000000,0.000000000,0.000000000,0.0,0.000000000,0.000000000,"",0,0,0,0,0,00,0,0*cbd99356
#HEADINGA,ICOM3,0,86.2,FINESTEERING,2437,11284.600,00000000,0000,810;SOL_COMPUTED,NONE,0.000000000,0.000000000,0.000000000,0.0,0.000000000,0.000000000,"",0,0,0,0,0,00,0,0*7ef88a11
#HEADINGA,ICOM3,0,86.2,FINESTEERING,2437,11284.800,00000000,0000,810;SOL_COMPUTED,NONE,0.000000000,0.000000000,0.000000000,0.0,0.000000000,0.000000000,"",0,0,0,0,0,00,0,0*c3fdc846
#HEADINGA,ICOM3,0,86.2,FINESTEERING,2437,11285.000,00000000,0000,810;SOL_COMPUTED,NONE,0.000000000,0.000000000,0.000000000,0.0,0.000000000,0.000000000,"",0,0,0,0,0,00,0,0*fafbc6a8
#HEADINGA,ICOM3,0,86.0,FINESTEERING,2437,11285.200,00000000,0000,810;SOL_COMPUTED,NONE,0.000000000,0.000000000,0.000000000,0.0,0.000000000,0.000000000,"",0,0,0,0,0,00,0,0*6e8b8f93
#HEADINGA,ICOM3,0,86.0,FINESTEERING,2437,11285.400,00000000,0000,810;SOL_COMPUTED,NONE,0.000000000,0.000000000,0.000000000,0.0,0.000000000,0.000000000,"",0,0,0,0,0,00,0,0*6a99a21b
#HEADINGA,ICOM3,0,86.0,FINESTEERING,2437,11285.600,00000000,0000,810;SOL_COMPUTED,NONE,0.000000000,0.000000000,0.000000000,0.0,0.000000000,0.000000000,"",0,0,0,0,0,00,0,0*dfb8bb5c
#HEADINGA,ICOM3,0,86.0,FINESTEERING,2437,11285.800,00000000,0000,810;SOL_COMPUTED,NONE,0.000000000,0.000000000,0.000000000,0.0,0.000000000,0.000000000,"",0,0,0,0,0,00,0,0*62bdf90b
#HEADINGA,ICOM3,0,86.0,FINESTEERING,2437,11286.000,00000000,0000,810;SOL_COMPUTED,NONE,0.000000000,0.000000000,0.000000000,0.0,0.000000000,0.000000000,"",0,0,0,0,0,00,0,0*80e833c6
#HEADINGA,ICOM3,0,86.6,FINESTEERING,2437,11286.200,00000000,0000,810;SOL_COMPUTED,NONE,0.000000000,0.000000000,0.000000000,0.0,0.000000000,0.000000000,"",0,0,0,0,0,00,0,0*563ada05
#HEADINGA,ICOM3,0,86.6,FINESTEERING,2437,11286.400,00000000,0000,810;SOL_COMPUTED,NONE,0.000000000,0.000000000,0.000000000,0.0,0.000000000,0.000000000,"",0,0,0,0,0,00,0,0*5228f78d
#HEADINGA,ICOM3,0,86.6,FINESTEERING,2437,11286.600,00000000,0000,810;SOL_COMPUTED,NONE,0.000000000,0.000000000,0.000000000,0.0,0.000000000,0.000000000,"",0,0,0,0,0,00,0,0*e709eeca
#HEADINGA,ICOM3,0,86.6,FINESTEERING,2437,11286.800,00000000,0000,810;SOL_COMPUTED,NONE,0.000000000,0.000000000,0.000000000,0.0,0.000000000,0.000000000,"",0,0,0,0,0,00,0,0*5a0cac9d
#HEADINGA,ICOM3,0,86.6,FINESTEERING,2437,11287.000,00000000,0000,810;SOL_COMPUTED,NONE,0.000000000,0.000000000,0.000000000,0.0,0.000000000,0.000000000,"",0,0,0,0,0,00,0,0*630aa273
#HEADINGA,ICOM3,0,86.6,FINESTEERING,2437,11287.200,00000000,0000,810;SOL_COMPUTED,NONE,0.000000000,0.000000000,0.000000000,0.0,0.000000000,0.000000000,"",0,0,0,0,0,00,0,0*d62bbb34
#HEADINGA,ICOM3,0,86.6,FINESTEERING,2437,11287.400,00000000,0000,810;SOL_COMPUTED,NONE,0.000000000,0.000000000,0.000000000,0.0,0.000000000,0.000000000,"",0,0,0,0,0,00,0,0*d23996bc
#HEADINGA,ICOM3,0,86.6,FINESTEERING,2437,11287.600,00000000,0000,810;SOL_COMPUTED,NONE,0.000000000,0.000000000,0.000000000,0.0,0.000000000,0.000000000,"",0,0,0,0,0,00,0,0*67188ffb
#HEADINGA,ICOM3,0,86.6,FINESTEERING,2437,11287.800,00000000,0000,810;SOL_COMPUTED,NONE,0.000000000,0.000000000,0.000000000,0.0,0.000000000,0.000000000,"",0,0,0,0,0,00,0,0*da1dcdac
#HEADINGA,ICOM3,0,86.6,FINESTEERING,2437,11288.000,00000000,0000,810;SOL_COMPUTED,NONE,0.000000000,0.000000000,0.000000000,0.0,0.000000000,0.000000000,"",0,0,0,0,0,00,0,0*8e339568
#HEADINGA,ICOM3,0,86.7,FINESTEERING,2437,11288.200,00000000,0000,810;SOL_COMPUTED,NONE,0.000000000,0.000000000,0.000000000,0.0,0.000000000,0.000000000,"",0,0,0,0,0,00,0,0*2bba2411
#HEADINGA,ICOM3,0,86.7,FINESTEERING,2437,11288.400,00000000,0000,810;SOL_COMPUTED,NONE,0.000000000,0.000000000,0.000000000,0.0,0.000000000,0.000000000,"",0,0,0,0,0,00,0,0*2fa80999
#HEADINGA,ICOM3,0,86.7,FINESTEERING,2437,11288.600,00000000,0000,810;SOL_COMPUTED,NONE,0.000000000,0.000000000,0.000000000,0.0,0.000000000,0.000000000,"",0,0,0,0,0,00,0,0*9a8910de
#HEADINGA,ICOM3,0,86.7,FINESTEERING,2437,11288.800,00000000,0000,810;SOL_COMPUTED,NONE,0.000000000,0.000000000,0.000000000,0.0,0.000000000,0.000000000,"",0,0,0,0,0,00,0,0*278c5289
#HEADINGA,ICOM3,0,86.7,FINESTEERING,2437,11289.000,00000000,0000,810;SOL_COMPUTED,NONE,0.000000000,0.000000000,0.000000000,0.0,0.000000000,0.000000000,"",0,0,0,0,0,00,0,0*1e8a5c67
#HEADINGA,ICOM3,0,86.7,FINESTEERING,2437,11289.200,00000000,0000,810;SOL_COMPUTED,NONE,0.000000000,0.000000000,0.000000000,0.0,0.000000000,0.000000000,"",0,0,0,0,0,00,0,0*abab4520
#HEADINGA,ICOM3,0,86.7,FINESTEERING,2437,11289.400,00000000,0000,810;SOL_COMPUTED,NONE,0.000000000,0.000000000,0.000000000,0.0,0.000000000,0.000000000,"",0,0,0,0,0,00,0,0*afb968a8
#HEADINGA,ICOM3,0,86.7,FINESTEERING,2437,11289.600,00000000,0000,810;SOL_COMPUTED,NONE,0.000000000,0.000000000,0.000000000,0.0,0.000000000,0.000000000,"",0,0,0,0,0,00,0,0*1a9871ef
#HEADINGA,ICOM3,0,86.7,FINESTEERING,2437,11289.800,00000000,0000,810;SOL_COMPUTED,NONE,0.000000000,0.000000000,0.000000000,0.0,0.000000000,0.000000000,"",0,0,0,0,0,00,0,0*a79d33b8
#HEADINGA,ICOM3,0,86.7,FINESTEERING,2437,11290.000,00000000,0000,810;SOL_COMPUTED,NONE,0.000000000,0.000000000,0.000000000,0.0,0.000000000,0.000000000,"",0,0,0,0,0,00,0,0*14683003
#HEADINGA,ICOM3,0,86.2,FINESTEERING,2437,11290.200,00000000,0000,810;SOL_COMPUTED,NONE,0.000000000,0.000000000,0.000000000,0.0,0.000000000,0.000000000,"",0,0,0,0,0,00,0,0*f3432182
#HEADINGA,ICOM3,0,86.2,FINESTEERING,2437,11290.400,00000000,0000,810;SOL_COMPUTED,NONE,0.000000000,0.000000000,0.000000000,0.0,0.000000000,0.000000000,"",0,0,0,0,0,00,0,0*f7510c0a
#HEADINGA,ICOM3,0,86.2,FINESTEERING,2437,11290.600,00000000,0000,810;SOL_COMPUTED,NONE,0.000000000,0.000000000,0.000000000,0.0,0.000000000,0.000000000,"",0,0,0,0,0,00,0,0*4270154d
#HEADINGA,ICOM3,0,86.2,FINESTEERING,2437,11290.800,00000000,0000,810;SOL_COMPUTED,NONE,0.000000000,0.000000000,0.000000000,0.0,0.000000000,0.000000000,"",0,0,0,0,0,00,0,0*ff75571a
#HEADINGA,ICOM3,0,86.2,FINESTEERING,2437,11291.000,00000000,0000,810;SOL_COMPUTED,NONE,0.000000000,0.000000000,0.000000000,0.0,0.000000000,0.000000000,"",0,0,0,0,0,00,0,0*c67359f4
#HEADINGA,ICOM3,0,86.3,FINESTEERING,2437,11291.200,00000000,0000,810;SOL_COMPUTED,NONE,0.000000000,0.000000000,0.000000000,0.0,0.000000000,0.000000000,"",0,0,0,0,0,00,0,0*63fae88d
#HEADINGA,ICOM3,0,86.3,FINESTEERING,2437,11291.400,00000000,0000,810;SOL_COMPUTED,NONE,0.000000000,0.000000000,0.000000000,0.0,0.000000000,0.000000000,"",0,0,0,0,0,00,0,0*67e8c505
#HEADINGA,ICOM3,0,86.3,FINESTEERING,2437,11291.600,00000000,0000,810;SOL_COMPUTED,NONE,0.000000000,0.000000000,0.000000000,0.0,0.000000000,0.000000000,"",0,0,0,0,0,00,0,0*d2c9dc42
#HEADINGA,ICOM3,0,86.3,FINESTEERING,2437,11291.800,00000000,0000,810;SOL_COMPUTED,NONE,0.000000000,0.000000000,0.000000000,0.0,0.000000000,0.000000000,"",0,0,0,0,0,00,0,0*6fcc9e15
#HEADINGA,ICOM3,0,86.3,FINESTEERING,2437,11292.000,00000000,0000,810;SOL_COMPUTED,NONE,0.000000000,0.000000000,0.000000000,0.0,0.000000000,0.000000000,"",0,0,0,0,0,00,0,0*8d9954d8
#HEADINGA,ICOM3,0,86.2,FINESTEERING,2437,11292.200,00000000,0000,810;SOL_COMPUTED,NONE,0.000000000,0.000000000,0.000000000,0.0,0.000000000,0.000000000,"",0,0,0,0,0,00,0,0*2810e5a1
#HEADINGA,ICOM3,0,86.2,FINESTEERING,2437,11292.400,00000000,0000,810;SOL_COMPUTED,NONE,0.000000000,0.000000000,0.000000000,0.0,0.000000000,0.000000000,"",0,0,0,0,0,00,0,0*2c02c829
#HEADINGA,ICOM3,0,86.2,FINESTEERING,2437,11292.600,00000000,0000,810;SOL_COMPUTED,NONE,0.000000000,0.000000000,0.000000000,0.0,0.000000000,0.000000000,"",0,0,0,0,0,00,0,0*9923d16e
#HEADINGA,ICOM3,0,86.2,FINESTEERING,2437,11292.800,00000000,0000,810;SOL_COMPUTED,NONE,0.000000000,0.000000000,0.000000000,0.0,0.000000000,0.000000000,"",0,0,0,0,0,00,0,0*24269339
#HEADINGA,ICOM3,0,86.2,FINESTEERING,2437,11293.000,00000000,0000,810;SOL_COMPUTED,NONE,0.000000000,0.000000000,0.000000000,0.0,0.000000000,0.000000000,"",0,0,0,0,0,00,0,0*1d209dd7
#HEADINGA,ICOM3,0,86.3,FINESTEERING,2437,11293.200,00000000,0000,810;SOL_COMPUTED,NONE,0.000000000,0.000000000,0.000000000,0.0,0.000000000,0.000000000,"",0,0,0,0,0,00,0,0*b8a92cae
#HEADINGA,ICOM3,0,86.3,FINESTEERING,2437,11293.400,00000000,0000,810;SOL_COMPUTED,NONE,0.000000000,0.000000000,0.000000000,0.0,0.000000000,0.000000000,"",0,0,0,0,0,00,0,0*bcbb0126
#HEADINGA,ICOM3,0,86.3,FINESTEERING,2437,11293.600,00000000,0000,810;SOL_COMPUTED,NONE,0.000000000,0.000000000,0.000000000,0.0,0.000000000,0.000000000,"",0,0,0,0,0,00,0,0*099a1861
#HEADINGA,ICOM3,0,86.3,FINESTEERING,2437,11293.800,00000000,0000,810;SOL_COMPUTED,NONE,0.000000000,0.000000000,0.000000000,0.0,0.000000000,0.000000000,"",0,0,0,0,0,00,0,0*b49f5a36
#HEADINGA,ICOM3,0,86.3,FINESTEERING,2437,11294.000,00000000,0000,810;SOL_COMPUTED,NONE,0.000000000,0.000000000,0.000000000,0.0,0.000000000,0.000000000,"",0,0,0,0,0,00,0,0*3b1c1efc
#HEADINGA,ICOM3,0,86.6,FINESTEERING,2437,11294.200,00000000,0000,810;SOL_COMPUTED,NONE,0.000000000,0.000000000,0.000000000,0.0,0.000000000,0.000000000,"",0,0,0,0,0,00,0,0*dc370f7d
#HEADINGA,ICOM3,0,86.6,FINESTEERING,2437,11294.400,00000000,0000,810;SOL_COMPUTED,NONE,0.000000000,0.000000000,0.000000000,0.0,0.000000000,0.000000000,"",0,0,0,0,0,00,0,0*d82522f5
#HEADINGA,ICOM3,0,86.6,FINESTEERING,2437,11294.600,00000000,0000,810;SOL_COMPUTED,NONE,0.000000000,0.000000000,0.000000000,0.0,0.000000000,0.000000000,"",0,0,0,0,0,00,0,0*6d043bb2
#HEADINGA,ICOM3,0,86.6,FINESTEERING,2437,11294.800,00000000,0000,810;SOL_COMPUTED,NONE,0.000000000,0.000000000,0.000000000,0.0,0.000000000,0.000000000,"",0,0,0,0,0,00,0,0*d00179e5
#HEADINGA,ICOM3,0,86.6,FINESTEERING,2437,11295.000,00000000,0000,810;SOL_COMPUTED,NONE,0.000000000,0.000000000,0.000000000,0.0,0.000000000,0.000000000,"",0,0,0,0,0,00,0,0*e907770b
#HEADINGA,ICOM3,0,86.3,FINESTEERING,2437,11295.200,00000000,0000,810;SOL_COMPUTED,NONE,0.000000000,0.000000000,0.000000000,0.0,0.000000000,0.000000000,"",0,0,0,0,0,00,0,0*0e2c668a
#HEADINGA,ICOM3,0,86.3,FINESTEERING,2437,11295.400,00000000,0000,810;SOL_COMPUTED,NONE,0.000000000,0.000000000,0.000000000,0.0,0.000000000,0.000000000,"",0,0,0,0,0,00,0,0*0a3e4b02
#HEADINGA,ICOM3,0,86.3,FINESTEERING,2437,11295.600,00000000,0000,810;SOL_COMPUTED,NONE,0.000000000,0.000000000,0.000000000,0.0,0.000000000,0.000000000,"",0,0,0,0,0,00,0,0*bf1f5245
#HEADINGA,ICOM3,0,86.3,FINESTEERING,2437,11295.800,00000000,0000,810;SOL_COMPUTED,NONE,0.000000000,0.000000000,0.000000000,0.0,0.000000000,0.000000000,"",0,0,0,0,0,00,0,0*021a1012
#HEADINGA,ICOM3,0,86.3,FINESTEERING,2437,11296.000,00000000,0000,810;SOL_COMPUTED,NONE,0.000000000,0.000000000,0.000000000,0.0,0.000000000,0.000000000,"",0,0,0,0,0,00,0,0*e04fdadf
#HEADINGA,ICOM3,0,86.6,FINESTEERING,2437,11296.200,00000000,0000,810;SOL_COMPUTED,NONE,0.000000000,0.000000000,0.000000000,0.0,0.000000000,0.000000000,"",0,0,0,0,0,00,0,0*0764cb5e
#HEADINGA,ICOM3,0,86.6,FINESTEERING,2437,11296.400,00000000,0000,810;SOL_COMPUTED,NONE,0.000000000,0.000000000,0.000000000,0.0,0.000000000,0.000000000,"",0,0,0,0,0,00,0,0*0376e6d6
#HEADINGA,ICOM3,0,86.6,FINESTEERING,2437,11296.600,00000000,0000,810;SOL_COMPUTED,NONE,0.000000000,0.000000000,0.000000000,0.0,0.000000000,0.000000000,"",0,0,0,0,0,00,0,0*b657ff91
#HEADINGA,ICOM3,0,86.6,FINESTEERING,2437,11296.800,00000000,0000,810;SOL_COMPUTED,NONE,0.000000000,0.000000000,0.000000000,0.0,0.000000000,0.000000000,"",0,0,0,0,0,00,0,0*0b52bdc6
#HEADINGA,ICOM3,0,86.6,FINESTEERING,2437,11297.000,00000000,0000,810;SOL_COMPUTED,NONE,0.000000000,0.000000000,0.000000000,0.0,0.000000000,0.000000000,"",0,0,0,0,0,00,0,0*3254b328
#HEADINGA,ICOM3,0,86.8,FINESTEERING,2437,11297.200,00000000,0000,810;SOL_COMPUTED,NONE,0.000000000,0.000000000,0.000000000,0.0,0.000000000,0.000000000,"",0,0,0,0,0,00,0,0*61c31b1b
#HEADINGA,ICOM3,0,86.8,FINESTEERING,2437,11297.400,00000000,0000,810;SOL_COMPUTED,NONE,0.000000000,0.000000000,0.000000000,0.0,0.000000000,0.000000000,"",0,0,0,0,0,00,0,0*65d13693
#HEADINGA,ICOM3,0,86.8,FINESTEERING,2437,11297.600,00000000,0000,810;SOL_COMPUTED,NONE,0.000000000,0.000000000,0.000000000,0.0,0.000000000,0.000000000,"",0,0,0,0,0,00,0,0*d0f02fd4
#HEADINGA,ICOM3,0,86.8,FINESTEERING,2437,11297.800,00000000,0000,810;SOL_COMPUTED,NONE,0.000000000,0.000000000,0.000000000,0.0,0.000000000,0.000000000,"",0,0,0,0,0,00,0,0*6df56d83
#HEADINGA,ICOM3,0,86.8,FINESTEERING,2437,11298.000,00000000,0000,810;SOL_COMPUTED,NONE,0.000000000,0.000000000,0.000000000,0.0,0.000000000,0.000000000,"",0,0,0,0,0,00,0,0*39db3547
#HEADINGA,ICOM3,0,86.4,FINESTEERING,2437,11298.200,00000000,0000,810;SOL_COMPUTED,NONE,0.000000000,0.000000000,0.000000000,0.0,0.000000000,0.000000000,"",0,0,0,0,0,00,0,0*4b1dcd08
#HEADINGA,ICOM3,0,86.4,FINESTEERING,2437,11298.400,00000000,0000,810;SOL_COMPUTED,NONE,0.000000000,0.000000000,0.000000000,0.0,0.000000000,0.000000000,"",0,0,0,0,0,00,0,0*4f0fe080
#HEADINGA,ICOM3,0,86.4,FINESTEERING,2437,11298.600,00000000,0000,810;SOL_COMPUTED,NONE,0.000000000,0.000000000,0.000000000,0.0,0.000000000,0.000000000,"",0,0,0,0,0,00,0,0*fa2ef9c7
#HEADINGA,ICOM3,0,86.4,FINESTEERING,2437,11298.800,00000000,0000,810;SOL_COMPUTED,NONE,0.000000000,0.000000000,0.000000000,0.0,0.000000000,0.000000000,"",0,0,0,0,0,00,0,0*472bbb90
#HEADINGA,ICOM3,0,86.4,FINESTEERING,2437,11299.000,00000000,0000,810;SOL_COMPUTED,NONE,0.000000000,0.000000000,0.000000000,0.0,0.000000000,0.000000000,"",0,0,0,0,0,00,0,0*7e2db57e
#HEADINGA,ICOM3,0,86.7,FINESTEERING,2437,11299.200,00000000,0000,810;SOL_COMPUTED,NONE,0.000000000,0.000000000,0.000000000,0.0,0.000000000,0.000000000,"",0,0,0,0,0,00,0,0*faf5547b
#HEADINGA,ICOM3,0,86.7,FINESTEERING,2437,11299.400,00000000,0000,810;SOL_COMPUTED,NONE,0.000000000,0.000000000,0.000000000,0.0,0.000000000,0.000000000,"",0,0,0,0,0,00,0,0*fee779f3
#HEADINGA,ICOM3,0,86.7,FINESTEERING,2437,11299.600,00000000,0000,810;SOL_COMPUTED,NONE,0.000000000,0.000000000,0.000000000,0.0,0.000000000,0.000000000,"",0,0,0,0,0,00,0,0*4bc660b4
#HEADINGA,ICOM3,0,86.7,FINESTEERING,2437,11299.800,00000000,0000,810;SOL_COMPUTED,NONE,0.000000000,0.000000000,0.000000000,0.0,0.000000000,0.000000000,"",0,0,0,0,0,00,0,0*f6c322e3
#HEADINGA,ICOM3,0,86.7,FINESTEERING,2437,11300.000,00000000,0000,810;SOL_COMPUTED,NONE,0.000000000,0.000000000,0.000000000,0.0,0.000000000,0.000000000,"",0,0,0,0,0,00,0,0*5ebd772e
#HEADINGA,ICOM3,0,87.1,FINESTEERING,2437,11300.200,00000000,0000,810;SOL_COMPUTED,NONE,0.000000000,0.000000000,0.000000000,0.0,0.000000000,0.000000000,"",0,0,0,0,0,00,0,0*11a7bee2
#HEADINGA,ICOM3,0,87.1,FINESTEERING,2437,11300.400,00000000,0000,810;SOL_COMPUTED,NONE,0.000000000,0.000000000,0.000000000,0.0,0.000000000,0.000000000,"",0,0,0,0,0,00,0,0*15b5936a
#HEADINGA,ICOM3,0,87.1,FINESTEERING,2437,11300.600,00000000,0000,810;SOL_COMPUTED,NONE,0.000000000,0.000000000,0.000000000,0.0,0.000000000,0.000000000,"",0,0,0,0,0,00,0,0*a0948a2d
#HEADINGA,ICOM3,0,87.1,FINESTEERING,2437,11300.800,00000000,0000,810;SOL_COMPUTED,NONE,0.000000000,0.000000000,0.000000000,0.0,0.000000000,0.000000000,"",0,0,0,0,0,00,0,0*1d91c87a
#HEADINGA,ICOM3,0,87.1,FINESTEERING,2437,11301.000,00000000,0000,810;SOL_COMPUTED,NONE,0.000000000,0.000000000,0.000000000,0.0,0.000000000,0.000000000,"",0,0,0,0,0,00,0,0*2497c694
#HEADINGA,ICOM3,0,87.0,FINESTEERING,2437,11301.200,00000000,0000,810;SOL_COMPUTED,NONE,0.000000000,0.000000000,0.000000000,0.0,0.000000000,0.000000000,"",0,0,0,0,0,00,0,0*811e77ed
#HEADINGA,ICOM3,0,87.0,FINESTEERING,2437,11301.400,00000000,0000,810;SOL_COMPUTED,NONE,0.000000000,0.000000000,0.000000000,0.0,0.000000000,0.000000000,"",0,0,0,0,0,00,0,0*850c5a65
#HEADINGA,ICOM3,0,87.0,FINESTEERING,2437,11301.600,00000000,0000,810;SOL_COMPUTED,NONE,0.000000000,0.000000000,0.000000000,0.0,0.000000000,0.000000000,"",0,0,0,0,0,00,0,0*302d4322
#HEADINGA,ICOM3,0,87.0,FINESTEERING,2437,11301.800,00000000,0000,810;SOL_COMPUTED,NONE,0.000000000,0.000000000,0.000000000,0.0,0.000000000,0.000000000,"",0,0,0,0,0,00,0,0*8d280175
#HEADINGA,ICOM3,0,87.0,FINESTEERING,2437,11302.000,00000000,0000,810;SOL_COMPUTED,NONE,0.000000000,0.000000000,0.000000000,0.0,0.000000000,0.000000000,"",0,0,0,0,0,00,0,0*6f7dcbb8
#HEADINGA,ICOM3,0,87.0,FINESTEERING,2437,11302.200,00000000,0000,810;SOL_COMPUTED,NONE,0.000000000,0.000000000,0.000000000,0.0,0.000000000,0.000000000,"",0,0,0,0,0,00,0,0*da5cd2ff
#HEADINGA,ICOM3,0,87.0,FINESTEERING,2437,11302.400,00000000,0000,810;SOL_COMPUTED,NONE,0.000000000,0.000000000,0.000000000,0.0,0.000000000,0.000000000,"",0,0,0,0,0,00,0,0*de4eff77
#HEADINGA,ICOM3,0,87.0,FINESTEERING,2437,11302.600,00000000,0000,810;SOL_COMPUTED,NONE,0.000000000,0.000000000,0.000000000,0.0,0.000000000,0.000000000,"",0,0,0,0,0,00,0,0*6b6fe630
#HEADINGA,ICOM3,0,87.0,FINESTEERING,2437,11302.800,00000000,0000,810;SOL_COMPUTED,NONE,0.000000000,0.000000000,0.000000000,0.0,0.000000000,0.000000000,"",0,0,0,0,0,00,0,0*d66aa467
#HEADINGA,ICOM3,0,87.0,FINESTEERING,2437,11303.000,00000000,0000,810;SOL_COMPUTED,NONE,0.000000000,0.000000000,0.000000000,0.0,0.000000000,0.000000000,"",0,0,0,0,0,00,0,0*ef6caa89
#HEADINGA,ICOM3,0,86.6,FINESTEERING,2437,11303.200,00000000,0000,810;SOL_COMPUTED,NONE,0.000000000,0.000000000,0.000000000,0.0,0.000000000,0.000000000,"",0,0,0,0,0,00,0,0*a0766345
#HEADINGA,ICOM3,0,86.6,FINESTEERING,2437,11303.400,00000000,0000,810;SOL_COMPUTED,NONE,0.000000000,0.000000000,0.000000000,0.0,0.000000000,0.000000000,"",0,0,0,0,0,00,0,0*a4644ecd
#HEADINGA,ICOM3,0,86.6,FINESTEERING,2437,11303.600,00000000,0000,810;SOL_COMPUTED,NONE,0.000000000,0.000000000,0.000000000,0.0,0.000000000,0.000000000,"",0,0,0,0,0,00,0,0*1145578a
#HEADINGA,ICOM3,0,86.6,FINESTEERING,2437,11303.800,00000000,0000,810;SOL_COMPUTED,NONE,0.000000000,0.000000000,0.000000000,0.0,0.000000000,0.000000000,"",0,0,0,0,0,00,0,0*ac4015dd
#HEADINGA,ICOM3,0,86.6,FINESTEERING,2437,11304.000,00000000,0000,810;SOL_COMPUTED,NONE,0.000000000,0.000000000,0.000000000,0.0,0.000000000,0.000000000,"",0,0,0,0,0,00,0,0*23c35117
#HEADINGA,ICOM3,0,86.6,FINESTEERING,2437,11304.200,00000000,0000,810;SOL_COMPUTED,NONE,0.000000000,0.000000000,0.000000000,0.0,0.000000000,0.000000000,"",0,0,0,0,0,00,0,0*96e24850
#HEADINGA,ICOM3,0,77.7,FINESTEERING,2437,11304.400,00000000,0000,810;SOL_COMPUTED,NONE,0.000000000,0.000000000,0.000000000,0.0,0.000000000,0.000000000,"",0,0,0,0,0,00,0,0*07927172
#HEADINGA,ICOM3,0,77.7,FINESTEERING,2437,11304.600,00000000,0000,810;SOL_COMPUTED,NONE,0.000000000,0.000000000,0.000000000,0.0,0.000000000,0.000000000,"",0,0,0,0,0,00,0,0*b2b36835
#HEADINGA,ICOM3,0,77.7,FINESTEERING,2437,11304.800,00000000,0000,810;SOL_COMPUTED,NONE,0.000000000,0.000000000,0.000000000,0.0,0.000000000,0.000000000,"",0,0,0,0,0,00,0,0*0fb62a62
#HEADINGA,ICOM3,0,77.7,FINESTEERING,2437,11305.000,00000000,0000,810;SOL_COMPUTED,NONE,0.000000000,0.000000000,0.000000000,0.0,0.000000000,0.000000000,"",0,0,0,0,0,00,0,0*36b0248c
#HEADINGA,ICOM3,0,77.7,FINESTEERING,2437,11305.200,00000000,0000,810;SOL_COMPUTED,NONE,0.000000000,0.000000000,0.000000000,0.0,0.000000000,0.000000000,"",0,0,0,0,0,00,0,0*83913dcb
#HEADINGA,ICOM3,0,76.8,FINESTEERING,2437,11305.400,00000000,0000,810;SOL_COMPUTED,NONE,0.000000000,0.000000000,0.000000000,0.0,0.000000000,0.000000000,"",0,0,0,0,0,00,0,0*e8552906
#HEADINGA,ICOM3,0,76.8,FINESTEERING,2437,11305.600,00000000,0000,810;SOL_COMPUTED,NONE,0.000000000,0.000000000,0.000000000,0.0,0.000000000,0.000000000,"",0,0,0,0,0,00,0,0*5d743041
#HEADINGA,ICOM3,0,76.8,FINESTEERING,2437,11305.800,00000000,0000,810;SOL_COMPUTED,NONE,0.000000000,0.000000000,0.000000000,0.0,0.000000000,0.000000000,"",0,0,0,0,0,00,0,0*e0717216
#HEADINGA,ICOM3,0,76.8,FINESTEERING,2437,11306.000,00000000,0000,810;SOL_COMPUTED,NONE,0.000000000,0.000000000,0.000000000,0.0,0.000000000,0.000000000,"",0,0,0,0,0,00,0,0*0224b8db
#HEADINGA,ICOM3,0,76.8,FINESTEERING,2437,11306.200,00000000,0000,810;SOL_COMPUTED,NONE,0.000000000,0.000000000,0.000000000,0.0,0.000000000,0.000000000,"",0,0,0,0,0,00,0,0*b705a19c
#HEADINGA,ICOM3,0,75.7,FINESTEERING,2437,11306.400,00000000,0000,810;SOL_COMPUTED,NONE,0.000000000,0.000000000,0.000000000,0.0,0.000000000,0.000000000,"",0,0,0,0,0,00,0,0*3420f30e
#HEADINGA,ICOM3,0,75.7,FINESTEERING,2437,11306.600,00000000,0000,810;SOL_COMPUTED,NONE,0.000000000,0.000000000,0.000000000,0.0,0.000000000,0.000000000,"",0,0,0,0,0,00,0,0*8101ea49
#HEADINGA,ICOM3,0,75.7,FINESTEERING,2437,11306.800,00000000,0000,810;SOL_COMPUTED,NONE,0.000000000,0.000000000,0.000000000,0.0,0.000000000,0.000000000,"",0,0,0,0,0,00,0,0*3c04a81e
#HEADINGA,ICOM3,0,75.7,FINESTEERING,2437,11307.000,00000000,0000,810;SOL_COMPUTED,NONE,0.000000000,0.000000000,0.000000000,0.0,0.000000000,0.000000000,"",0,0,0,0,0,00,0,0*0502a6f0
#HEADINGA,ICOM3,0,75.7,FINESTEERING,2437,11307.200,00000000,0000,810;SOL_COMPUTED,NONE,0.000000000,0.000000000,0.000000000,0.0,0.000000000,0.000000000,"",0,0,0,0,0,00,0,0*b023bfb7
#HEADINGA,ICOM3,0,74.8,FINESTEERING,2437,11307.400,00000000,0000,810;SOL_COMPUTED,NONE,0.000000000,0.000000000,0.000000000,0.0,0.000000000,0.000000000,"",0,0,0,0,0,00,0,0*dbe7ab7a
#HEADINGA,ICOM3,0,74.8,FINESTEERING,2437,11307.600,00000000,0000,810;SOL_COMPUTED,NONE,0.000000000,0.000000000,0.000000000,0.0,0.000000000,0.000000000,"",0,0,0,0,0,00,0,0*6ec6b23d
#HEADINGA,ICOM3,0,74.8,FINESTEERING,2437,11307.800,00000000,0000,810;SOL_COMPUTED,NONE,0.000000000,0.000000000,0.000000000,0.0,0.000000000,0.000000000,"",0,0,0,0,0,00,0,0*d3c3f06a
#HEADINGA,ICOM3,0,74.8,FINESTEERING,2437,11308.000,00000000,0000,810;SOL_COMPUTED,NONE,0.000000000,0.000000000,0.000000000,0.0,0.000000000,0.000000000,"",0,0,0,0,0,00,0,0*87eda8ae
#HEADINGA,ICOM3,0,74.8,FINESTEERING,2437,11308.200,00000000,0000,810;SOL_COMPUTED,NONE,0.000000000,0.000000000,0.000000000,0.0,0.000000000,0.000000000,"",0,0,0,0,0,00,0,0*32ccb1e9
#HEADINGA,ICOM3,0,75.1,FINESTEERING,2437,11308.400,00000000,0000,810;SOL_COMPUTED,NONE,0.000000000,0.000000000,0.000000000,0.0,0.000000000,0.000000000,"",0,0,0,0,0,00,0,0*3afb55a0
#HEADINGA,ICOM3,0,75.1,FINESTEERING,2437,11308.600,00000000,0000,810;SOL_COMPUTED,NONE,0.000000000,0.000000000,0.000000000,0.0,0.000000000,0.000000000,"",0,0,0,0,0,00,0,0*8fda4ce7
#HEADINGA,ICOM3,0,75.1,FINESTEERING,2437,11308.800,00000000,0000,810;SOL_COMPUTED,NONE,0.000000000,0.000000000,0.000000000,0.0,0.000000000,0.000000000,"",0,0,0,0,0,00,0,0*32df0eb0
#HEADINGA,ICOM3,0,75.1,FINESTEERING,2437,11309.000,00000000,0000,810;SOL_COMPUTED,NONE,0.000000000,0.000000000,0.000000000,0.0,0.000000000,0.000000000,"",0,0,0,0,0,00,0,0*0bd9005e
#HEADINGA,ICOM3,0,75.1,FINESTEERING,2437,11309.200,00000000,0000,810;SOL_COMPUTED,NONE,0.000000000,0.000000000,0.000000000,0.0,0.000000000,0.000000000,"",0,0,0,0,0,00,0,0*bef81919
#HEADINGA,ICOM3,0,74.7,FINESTEERING,2437,11309.400,00000000,0000,810;SOL_COMPUTED,NONE,0.000000000,0.000000000,0.000000000,0.0,0.000000000,0.000000000,"",0,0,0,0,0,00,0,0*40d1e41a
#HEADINGA,ICOM3,0,74.7,FINESTEERING,2437,11309.600,00000000,0000,810;SOL_COMPUTED,NONE,0.000000000,0.000000000,0.000000000,0.0,0.000000000,0.000000000,"",0,0,0,0,0,00,0,0*f5f0fd5d
#HEADINGA,ICOM3,0,74.7,FINESTEERING,2437,11309.800,00000000,0000,810;SOL_COMPUTED,NONE,0.000000000,0.000000000,0.000000000,0.0,0.000000000,0.000000000,"",0,0,0,0,0,00,0,0*48f5bf0a
#HEADINGA,ICOM3,0,74.7,FINESTEERING,2437,11310.000,00000000,0000,810;SOL_COMPUTED,NONE,0.000000000,0.000000000,0.000000000,0.0,0.000000000,0.000000000,"",0,0,0,0,0,00,0,0*fb00bcb1
#HEADINGA,ICOM3,0,74.7,FINESTEERING,2437,11310.200,00000000,0000,810;SOL_COMPUTED,NONE,0.000000000,0.000000000,0.000000000,0.0,0.000000000,0.000000000,"",0,0,0,0,0,00,0,0*4e21a5f6
#HEADINGA,ICOM3,0,73.8,FINESTEERING,2437,11310.400,00000000,0000,810;SOL_COMPUTED,NONE,0.000000000,0.000000000,0.000000000,0.0,0.000000000,0.000000000,"",0,0,0,0,0,00,0,0*c7b77d9b
#HEADINGA,ICOM3,0,73.8,FINESTEERING,2437,11310.600,00000000,0000,810;SOL_COMPUTED,NONE,0.000000000,0.000000000,0.000000000,0.0,0.000000000,0.000000000,"",0,0,0,0,0,00,0,0*729664dc
#HEADINGA,ICOM3,0,73.8,FINESTEERING,2437,11310.800,00000000,0000,810;SOL_COMPUTED,NONE,0.000000000,0.000000000,0.000000000,0.0,0.000000000,0.000000000,"",0,0,0,0,0,00,0,0*cf93268b
#HEADINGA,ICOM3,0,73.8,FINESTEERING,2437,11311.000,00000000,0000,810;SOL_COMPUTED,NONE,0.000000000,0.000000000,0.000000000,0.0,0.000000000,0.000000000,"",0,0,0,0,0,00,0,0*f6952865
#HEADINGA,ICOM3,0,73.8,FINESTEERING,2437,11311.200,00000000,0000,810;SOL_COMPUTED,NONE,0.000000000,0.000000000,0.000000000,0.0,0.000000000,0.000000000,"",0,0,0,0,0,00,0,0*43b43122
#HEADINGA,ICOM3,0,75.7,FINESTEERING,2437,11311.400,00000000,0000,810;SOL_COMPUTED,NONE,0.000000000,0.000000000,0.000000000,0.0,0.000000000,0.000000000,"",0,0,0,0,0,00,0,0*53eac940
#HEADINGA,ICOM3,0,75.7,FINESTEERING,2437,11311.600,00000000,0000,810;SOL_COMPUTED,NONE,0.000000000,0.000000000,0.000000000,0.0,0.000000000,0.000000000,"",0,0,0,0,0,00,0,0*e6cbd007
#HEADINGA,ICOM3,0,75.7,FINESTEERING,2437,11311.800,00000000,0000,810;SOL_COMPUTED,NONE,0.000000000,0.000000000,0.000000000,0.0,0.000000000,0.000000000,"",0,0,0,0,0,00,0,0*5bce9250
#HEADINGA,ICOM3,0,75.7,FINESTEERING,2437,11312.000,00000000,0000,810;SOL_COMPUTED,NONE,0.000000000,0.000000000,0.000000000,0.0,0.000000000,0.000000000,"",0,0,0,0,0,00,0,0*b99b589d
#HEADINGA,ICOM3,0,75.7,FINESTEERING,2437,11312.200,00000000,0000,810;SOL_COMPUTED,NONE,0.000000000,0.000000000,0.000000000,0.0,0.000000000,0.000000000,"",0,0,0,0,0,00,0,0*0cba41da
#HEADINGA,ICOM3,0,74.6,FINESTEERING,2437,11312.400,00000000,0000,810;SOL_COMPUTED,NONE,0.000000000,0.000000000,0.000000000,0.0,0.000000000,0.000000000,"",0,0,0,0,0,00,0,0*81c8e463
#HEADINGA,ICOM3,0,74.6,FINESTEERING,2437,11312.600,00000000,0000,810;SOL_COMPUTED,NONE,0.000000000,0.000000000,0.000000000,0.0,0.000000000,0.000000000,"",0,0,0,0,0,00,0,0*34e9fd24
#HEADINGA,ICOM3,0,74.6,FINESTEERING,2437,11312.800,00000000,0000,810;SOL_COMPUTED,NONE,0.000000000,0.000000000,0.000000000,0.0,0.000000000,0.000000000,"",0,0,0,0,0,00,0,0*89ecbf73
#HEADINGA,ICOM3,0,74.6,FINESTEERING,2437,11313.000,00000000,0000,810;SOL_COMPUTED,NONE,0.000000000,0.000000000,0.000000000,0.0,0.000000000,0.000000000,"",0,0,0,0,0,00,0,0*b0eab19d
#HEADINGA,ICOM3,0,74.6,FINESTEERING,2437,11313.200,00000000,0000,810;SOL_COMPUTED,NONE,0.000000000,0.000000000,0.000000000,0.0,0.000000000,0.000000000,"",0,0,0,0,0,00,0,0*05cba8da
#HEADINGA,ICOM3,0,75.2,FINESTEERING,2437,11313.400,00000000,0000,810;SOL_COMPUTED,NONE,0.000000000,0.000000000,0.000000000,0.0,0.000000000,0.000000000,"",0,0,0,0,0,00,0,0*dab305a5
#HEADINGA,ICOM3,0,75.2,FINESTEERING,2437,11313.600,00000000,0000,810;SOL_COMPUTED,NONE,0.000000000,0.000000000,0.000000000,0.0,0.000000000,0.000000000,"",0,0,0,0,0,00,0,0*6f921ce2
#HEADINGA,ICOM3,0,75.2,FINESTEERING,2437,11313.800,00000000,0000,810;SOL_COMPUTED,NONE,0.000000000,0.000000000,0.000000000,0.0,0.000000000,0.000000000,"",0,0,0,0,0,00,0,0*d2975eb5
#HEADINGA,ICOM3,0,75.2,FINESTEERING,2437,11314.000,00000000,0000,810;SOL_COMPUTED,NONE,0.000000000,0.000000000,0.000000000,0.0,0.000000000,0.000000000,"",0,0,0,0,0,00,0,0*5d141a7f
#HEADINGA,ICOM3,0,75.2,FINESTEERING,2437,11314.200,00000000,0000,810;SOL_COMPUTED,NONE,0.000000000,0.000000000,0.000000000,0.0,0.000000000,0.000000000,"",0,0,0,0,0,00,0,0*e8350338
#HEADINGA,ICOM3,0,75.1,FINESTEERING,2437,11314.400,00000000,0000,810;SOL_COMPUTED,NONE,0.000000000,0.000000000,0.000000000,0.0,0.000000000,0.000000000,"",0,0,0,0,0,00,0,0*ddded6f2
#HEADINGA,ICOM3,0,75.1,FINESTEERING,2437,11314.600,00000000,0000,810;SOL_COMPUTED,NONE,0.000000000,0.000000000,0.000000000,0.0,0.000000000,0.000000000,"",0,0,0,0,0,00,0,0*68ffcfb5
#HEADINGA,ICOM3,0,75.1,FINESTEERING,2437,11314.800,00000000,0000,810;SOL_COMPUTED,NONE,0.000000000,0.000000000,0.000000000,0.0,0.000000000,0.000000000,"",0,0,0,0,0,00,0,0*d5fa8de2
#HEADINGA,ICOM3,0,75.1,FINESTEERING,2437,11315.000,00000000,0000,810;SOL_COMPUTED,NONE,0.000000000,0.000000000,0.000000000,0.0,0.000000000,0.000000000,"",0,0,0,0,0,00,0,0*ecfc830c
#HEADINGA,ICOM3,0,75.1,FINESTEERING,2437,11315.200,00000000,0000,810;SOL_COMPUTED,NONE,0.000000000,0.000000000,0.000000000,0.0,0.000000000,0.000000000,"",0,0,0,0,0,00,0,0*59dd9a4b
#HEADINGA,ICOM3,0,76.1,FINESTEERING,2437,11315.400,00000000,0000,810;SOL_COMPUTED,NONE,0.000000000,0.000000000,0.000000000,0.0,0.000000000,0.000000000,"",0,0,0,0,0,00,0,0*2ce6d193
#HEADINGA,ICOM3,0,76.1,FINESTEERING,2437,11315.600,00000000,0000,810;SOL_COMPUTED,NONE,0.000000000,0.000000000,0.000000000,0.0,0.000000000,0.000000000,"",0,0,0,0,0,00,0,0*99c7c8d4
#HEADINGA,ICOM3,0,76.1,FINESTEERING,2437,11315.800,00000000,0000,810;SOL_COMPUTED,NONE,0.000000000,0.000000000,0.000000000,0.0,0.000000000,0.000000000,"",0,0,0,0,0,00,0,0*24c28a83
#HEADINGA,ICOM3,0,76.1,FINESTEERING,2437,11316.000,00000000,0000,810;SOL_COMPUTED,NONE,0.000000000,0.000000000,0.000000000,0.0,0.000000000,0.000000000,"",0,0,0,0,0,00,0,0*c697404e
#HEADINGA,ICOM3,0,76.1,FINESTEERING,2437,11316.200,00000000,0000,810;SOL_COMPUTED,NONE,0.000000000,0.000000000,0.000000000,0.0,0.000000000,0.000000000,"",0,0,0,0,0,00,0,0*73b65909
#HEADINGA,ICOM3,0,75.2,FINESTEERING,2437,11316.400,00000000,0000,810;SOL_COMPUTED,NONE,0.000000000,0.000000000,0.000000000,0.0,0.000000000,0.000000000,"",0,0,0,0,0,00,0,0*3774ea93
#HEADINGA,ICOM3,0,75.2,FINESTEERING,2437,11316.600,00000000,0000,810;SOL_COMPUTED,NONE,0.000000000,0.000000000,0.000000000,0.0,0.000000000,0.000000000,"",0,0,0,0,0,00,0,0*8255f3d4
#HEADINGA,ICOM3,0,75.2,FINESTEERING,2437,11316.800,00000000,0000,810;SOL_COMPUTED,NONE,0.000000000,0.000000000,0.000000000,0.0,0.000000000,0.000000000,"",0,0,0,0,0,00,0,0*3f50b183
#HEADINGA,ICOM3,0,75.2,FINESTEERING,2437,11317.000,00000000,0000,810;SOL_COMPUTED,NONE,0.000000000,0.000000000,0.000000000,0.0,0.000000000,0.000000000,"",0,0,0,0,0,00,0,0*0656bf6d
#HEADINGA,ICOM3,0,75.2,FINESTEERING,2437,11317.200,00000000,0000,810;SOL_COMPUTED,NONE,0.000000000,0.000000000,0.000000000,0.0,0.000000000,0.000000000,"",0,0,0,0,0,00,0,0*b377a62a
#HEADINGA,ICOM3,0,75.2,FINESTEERING,2437,11317.400,00000000,0000,810;SOL_COMPUTED,NONE,0.000000000,0.000000000,0.000000000,0.0,0.000000000,0.000000000,"",0,0,0,0,0,00,0,0*b7658ba2
#HEADINGA,ICOM3,0,75.2,FINESTEERING,2437,11317.600,00000000,0000,810;SOL_COMPUTED,NONE,0.000000000,0.000000000,0.000000000,0.0,0.000000000,0.000000000,"",0,0,0,0,0,00,0,0*024492e5
#HEADINGA,ICOM3,0,75.2,FINESTEERING,2437,11317.800,00000000,0000,810;SOL_COMPUTED,NONE,0.000000000,0.000000000,0.000000000,0.0,0.000000000,0.000000000,"",0,0,0,0,0,00,0,0*bf41d0b2
#HEADINGA,ICOM3,0,75.2,FINESTEERING,2437,11318.000,00000000,0000,810;SOL_COMPUTED,NONE,0.000000000,0.000000000,0.000000000,0.0,0.000000000,0.000000000,"",0,0,0,0,0,00,0,0*eb6f8876
#HEADINGA,ICOM3,0,75.2,FINESTEERING,2437,11318.200,00000000,0000,810;SOL_COMPUTED,NONE,0.000000000,0.000000000,0.000000000,0.0,0.000000000,0.000000000,"",0,0,0,0,0,00,0,0*5e4e9131
#HEADINGA,ICOM3,0,74.1,FINESTEERING,2437,11318.400,00000000,0000,810;SOL_COMPUTED,NONE,0.000000000,0.000000000,0.000000000,0.0,0.000000000,0.000000000,"",0,0,0,0,0,00,0,0*f26d64f4
#HEADINGA,ICOM3,0,74.1,FINESTEERING,2437,11318.600,00000000,0000,810;SOL_COMPUTED,NONE,0.000000000,0.000000000,0.000000000,0.0,0.000000000,0.000000000,"",0,0,0,0,0,00,0,0*474c7db3
#HEADINGA,ICOM3,0,74.1,FINESTEERING,2437,11318.800,00000000,0000,810;SOL_COMPUTED,NONE,0.000000000,0.000000000,0.000000000,0.0,0.000000000,0.000000000,"",0,0,0,0,0,00,0,0*fa493fe4
#HEADINGA,ICOM3,0,74.1,FINESTEERING,2437,11319.000,00000000,0000,810;SOL_COMPUTED,NONE,0.000000000,0.000000000,0.000000000,0.0,0.000000000,0.000000000,"",0,0,0,0,0,00,0,0*c34f310a
#HEADINGA,ICOM3,0,74.1,FINESTEERING,2437,11319.200,00000000,0000,810;SOL_COMPUTED,NONE,0.000000000,0.000000000,0.000000000,0.0,0.000000000,0.000000000,"",0,0,0,0,0,00,0,0*766e284d
#HEADINGA,ICOM3,0,74.3,FINESTEERING,2437,11319.400,00000000,0000,810;SOL_COMPUTED,NONE,0.000000000,0.000000000,0.000000000,0.0,0.000000000,0.000000000,"",0,0,0,0,0,00,0,0*532d55b9
#HEADINGA,ICOM3,0,74.3,FINESTEERING,2437,11319.600,00000000,0000,810;SOL_COMPUTED,NONE,0.000000000,0.000000000,0.000000000,0.0,0.000000000,0.000000000,"",0,0,0,0,0,00,0,0*e60c4cfe
#HEADINGA,ICOM3,0,74.3,FINESTEERING,2437,11319.800,00000000,0000,810;SOL_COMPUTED,NONE,0.000000000,0.000000000,0.000000000,0.0,0.000000000,0.000000000,"",0,0,0,0,0,00,0,0*5b090ea9
#HEADINGA,ICOM3,0,74.3,FINESTEERING,2437,11320.000,00000000,0000,810;SOL_COMPUTED,NONE,0.000000000,0.000000000,0.000000000,0.0,0.000000000,0.000000000,"",0,0,0,0,0,00,0,0*4a402fa4
#HEADINGA,ICOM3,0,74.3,FINESTEERING,2437,11320.200,00000000,0000,810;SOL_COMPUTED,NONE,0.000000000,0.000000000,0.000000000,0.0,0.000000000,0.000000000,"",0,0,0,0,0,00,0,0*ff6136e3
#HEADINGA,ICOM3,0,74.7,FINESTEERING,2437,11320.400,00000000,0000,810;SOL_COMPUTED,NONE,0.000000000,0.000000000,0.000000000,0.0,0.000000000,0.000000000,"",0,0,0,0,0,00,0,0*b9d1bb93
#HEADINGA,ICOM3,0,74.7,FINESTEERING,2437,11320.600,00000000,0000,810;SOL_COMPUTED,NONE,0.000000000,0.000000000,0.000000000,0.0,0.000000000,0.000000000,"",0,0,0,0,0,00,0,0*0cf0a2d4
#HEADINGA,ICOM3,0,74.7,FINESTEERING,2437,11320.800,00000000,0000,810;SOL_COMPUTED,NONE,0.000000000,0.000000000,0.000000000,0.0,0.000000000,0.000000000,"",0,0,0,0,0,00,0,0*b1f5e083
#HEADINGA,ICOM3,0,74.7,FINESTEERING,2437,11321.000,00000000,0000,810;SOL_COMPUTED,NONE,0.000000000,0.000000000,0.000000000,0.0,0.000000000,0.000000000,"",0,0,0,0,0,00,0,0*88f3ee6d
#HEADINGA,ICOM3,0,74.7,FINESTEERING,2437,11321.200,00000000,0000,810;SOL_COMPUTED,NONE,0.000000000,0.000000000,0.000000000,0.0,0.000000000,0.000000000,"",0,0,0,0,0,00,0,0*3dd2f72a
#HEADINGA,ICOM3,0,74.7,FINESTEERING,2437,11321.400,00000000,0000,810;SOL_COMPUTED,NONE,0.000000000,0.000000000,0.000000000,0.0,0.000000000,0.000000000,"",0,0,0,0,0,00,0,0*39c0daa2
#HEADINGA,ICOM3,0,74.7,FINESTEERING,2437,11321.600,00000000,0000,810;SOL_COMPUTED,NONE,0.000000000,0.000000000,0.000000000,0.0,0.000000000,0.000000000,"",0,0,0,0,0,00,0,0*8ce1c3e5
#HEADINGA,ICOM3,0,74.7,FINESTEERING,2437,11321.800,00000000,0000,810;SOL_COMPUTED,NONE,0.000000000,0.000000000,0.000000000,0.0,0.000000000,0.000000000,"",0,0,0,0,0,00,0,0*31e481b2
#HEADINGA,ICOM3,0,74.7,FINESTEERING,2437,11322.000,00000000,0000,810;SOL_COMPUTED,NONE,0.000000000,0.000000000,0.000000000,0.0,0.000000000,0.000000000,"",0,0,0,0,0,00,0,0*d3b14b7f
#HEADINGA,ICOM3,0,74.7,FINESTEERING,2437,11322.200,00000000,0000,810;SOL_COMPUTED,NONE,0.000000000,0.000000000,0.000000000,0.0,0.000000000,0.000000000,"",0,0,0,0,0,00,0,0*66905238
#HEADINGA,ICOM3,0,74.1,FINESTEERING,2437,11322.400,00000000,0000,810;SOL_COMPUTED,NONE,0.000000000,0.000000000,0.000000000,0.0,0.000000000,0.000000000,"",0,0,0,0,0,00,0,0*01718f34
#HEADINGA,ICOM3,0,74.1,FINESTEERING,2437,11322.600,00000000,0000,810;SOL_COMPUTED,NONE,0.000000000,0.000000000,0.000000000,0.0,0.000000000,0.000000000,"",0,0,0,0,0,00,0,0*b4509673
#HEADINGA,ICOM3,0,74.1,FINESTEERING,2437,11322.800,00000000,0000,810;SOL_COMPUTED,NONE,0.000000000,0.000000000,0.000000000,0.0,0.000000000,0.000000000,"",0,0,0,0,0,00,0,0*0955d424
#HEADINGA,ICOM3,0,74.1,FINESTEERING,2437,11323.000,00000000,0000,810;SOL_COMPUTED,NONE,0.000000000,0.000000000,0.000000000,0.0,0.000000000,0.000000000,"",0,0,0,0,0,00,0,0*3053daca
#HEADINGA,ICOM3,0,74.1,FINESTEERING,2437,11323.200,00000000,0000,810;SOL_COMPUTED,NONE,0.000000000,0.000000000,0.000000000,0.0,0.000000000,0.000000000,"",0,0,0,0,0,00,0,0*8572c38d
#HEADINGA,ICOM3,0,74.8,FINESTEERING,2437,11323.400,00000000,0000,810;SOL_COMPUTED,NONE,0.000000000,0.000000000,0.000000000,0.0,0.000000000,0.000000000,"",0,0,0,0,0,00,0,0*148d07cb
#HEADINGA,ICOM3,0,74.8,FINESTEERING,2437,11323.600,00000000,0000,810;SOL_COMPUTED,NONE,0.000000000,0.000000000,0.000000000,0.0,0.000000000,0.000000000,"",0,0,0,0,0,00,0,0*a1ac1e8c
#HEADINGA,ICOM3,0,74.8,FINESTEERING,2437,11323.800,00000000,0000,810;SOL_COMPUTED,NONE,0.000000000,0.000000000,0.000000000,0.0,0.000000000,0.000000000,"",0,0,0,0,0,00,0,0*1ca95cdb
#HEADINGA,ICOM3,0,74.8,FINESTEERING,2437,11324.000,00000000,0000,810;SOL_COMPUTED,NONE,0.000000000,0.000000000,0.000000000,0.0,0.000000000,0.000000000,"",0,0,0,0,0,00,0,0*932a1811
#HEADINGA,ICOM3,0,74.8,FINESTEERING,2437,11324.200,00000000,0000,810;SOL_COMPUTED,NONE,0.000000000,0.000000000,0.000000000,0.0,0.000000000,0.000000000,"",0,0,0,0,0,00,0,0*260b0156
#HEADINGA,ICOM3,0,75.3,FINESTEERING,2437,11324.400,00000000,0000,810;SOL_COMPUTED,NONE,0.000000000,0.000000000,0.000000000,0.0,0.000000000,0.000000000,"",0,0,0,0,0,00,0,0*0f6db563
#HEADINGA,ICOM3,0,75.3,FINESTEERING,2437,11324.600,00000000,0000,810;SOL_COMPUTED,NONE,0.000000000,0.000000000,0.000000000,0.0,0.000000000,0.000000000,"",0,0,0,0,0,00,0,0*ba4cac24
#HEADINGA,ICOM3,0,75.3,FINESTEERING,2437,11324.800,00000000,0000,810;SOL_COMPUTED,NONE,0.000000000,0.000000000,0.000000000,0.0,0.000000000,0.000000000,"",0,0,0,0,0,00,0,0*0749ee73
#HEADINGA,ICOM3,0,75.3,FINESTEERING,2437,11325.000,00000000,0000,810;SOL_COMPUTED,NONE,0.000000000,0.000000000,0.000000000,0.0,0.000000000,0.000000000,"",0,0,0,0,0,00,0,0*3e4fe09d
#HEADINGA,ICOM3,0,75.3,FINESTEERING,2437,11325.200,00000000,0000,810;SOL_COMPUTED,NONE,0.000000000,0.000000000,0.000000000,0.0,0.000000000,0.000000000,"",0,0,0,0,0,00,0,0*8b6ef9da
#HEADINGA,ICOM3,0,75.0,FINESTEERING,2437,11325.400,00000000,0000,810;SOL_COMPUTED,NONE,0.000000000,0.000000000,0.000000000,0.0,0.000000000,0.000000000,"",0,0,0,0,0,00,0,0*be852c10
#HEADINGA,ICOM3,0,75.0,FINESTEERING,2437,11325.600,00000000,0000,810;SOL_COMPUTED,NONE,0.000000000,0.000000000,0.000000000,0.0,0.000000000,0.000000000,"",0,0,0,0,0,00,0,0*0ba43557
#HEADINGA,ICOM3,0,75.0,FINESTEERING,2437,11325.800,00000000,0000,810;SOL_COMPUTED,NONE,0.000000000,0.000000000,0.000000000,0.0,0.000000000,0.000000000,"",0,0,0,0,0,00,0,0*b6a17700
#HEADINGA,ICOM3,0,75.0,FINESTEERING,2437,11326.000,00000000,0000,810;SOL_COMPUTED,NONE,0.000000000,0.000000000,0.000000000,0.0,0.000000000,0.000000000,"",0,0,0,0,0,00,0,0*54f4bdcd
#HEADINGA,ICOM3,0,75.0,FINESTEERING,2437,11326.200,00000000,0000,810;SOL_COMPUTED,NONE,0.000000000,0.000000000,0.000000000,0.0,0.000000000,0.000000000,"",0,0,0,0,0,00,0,0*e1d5a48a
#HEADINGA,ICOM3,0,75.6,FINESTEERING,2437,11326.400,00000000,0000,810;SOL_COMPUTED,NONE,0.000000000,0.000000000,0.000000000,0.0,0.000000000,0.000000000,"",0,0,0,0,0,00,0,0*86347986
#HEADINGA,ICOM3,0,75.6,FINESTEERING,2437,11326.600,00000000,0000,810;SOL_COMPUTED,NONE,0.000000000,0.000000000,0.000000000,0.0,0.000000000,0.000000000,"",0,0,0,0,0,00,0,0*331560c1
#HEADINGA,ICOM3,0,75.6,FINESTEERING,2437,11326.800,00000000,0000,810;SOL_COMPUTED,NONE,0.000000000,0.000000000,0.000000000,0.0,0.000000000,0.000000000,"",0,0,0,0,0,00,0,0*8e102296
#HEADINGA,ICOM3,0,75.6,FINESTEERING,2437,11327.000,00000000,0000,810;SOL_COMPUTED,NONE,0.000000000,0.000000000,0.000000000,0.0,0.000000000,0.000000000,"",0,0,0,0,0,00,0,0*b7162c78
#HEADINGA,ICOM3,0,75.6,FINESTEERING,2437,11327.200,00000000,0000,810;SOL_COMPUTED,NONE,0.000000000,0.000000000,0.000000000,0.0,0.000000000,0.000000000,"",0,0,0,0,0,00,0,0*0237353f
#HEADINGA,ICOM3,0,75.7,FINESTEERING,2437,11327.400,00000000,0000,810;SOL_COMPUTED,NONE,0.000000000,0.000000000,0.000000000,0.0,0.000000000,0.000000000,"",0,0,0,0,0,00,0,0*168db089
#HEADINGA,ICOM3,0,75.7,FINESTEERING,2437,11327.600,00000000,0000,810;SOL_COMPUTED,NONE,0.000000000,0.000000000,0.000000000,0.0,0.000000000,0.000000000,"",0,0,0,0,0,00,0,0*a3aca9ce
#HEADINGA,ICOM3,0,75.7,FINESTEERING,2437,11327.800,00000000,0000,810;SOL_COMPUTED,NONE,0.000000000,0.000000000,0.000000000,0.0,0.000000000,0.000000000,"",0,0,0,0,0,00,0,0*1ea9eb99
#HEADINGA,ICOM3,0,75.7,FINESTEERING,2437,11328.000,00000000,0000,810;SOL_COMPUTED,NONE,0.000000000,0.000000000,0.000000000,0.0,0.000000000,0.000000000,"",0,0,0,0,0,00,0,0*4a87b35d
#HEADINGA,ICOM3,0,75.7,FINESTEERING,2437,11328.200,00000000,0000,810;SOL_COMPUTED,NONE,0.000000000,0.000000000,0.000000000,0.0,0.000000000,0.000000000,"",0,0,0,0,0,00,0,0*ffa6aa1a
#HEADINGA,ICOM3,0,74.3,FINESTEERING,2437,11328.400,00000000,0000,810;SOL_COMPUTED,NONE,0.000000000,0.000000000,0.000000000,0.0,0.000000000,0.000000000,"",0,0,0,0,0,00,0,0*20de0765
#HEADINGA,ICOM3,0,74.3,FINESTEERING,2437,11328.600,00000000,0000,810;SOL_COMPUTED,NONE,0.000000000,0.000000000,0.000000000,0.0,0.000000000,0.000000000,"",0,0,0,0,0,00,0,0*95ff1e22
#HEADINGA,ICOM3,0,74.3,FINESTEERING,2437,11328.800,00000000,0000,810;SOL_COMPUTED,NONE,0.000000000,0.000000000,0.000000000,0.0,0.000000000,0.000000000,"",0,0,0,0,0,00,0,0*28fa5c75
#HEADINGA,ICOM3,0,74.3,FINESTEERING,2437,11329.000,00000000,0000,810;SOL_COMPUTED,NONE,0.000000000,0.000000000,0.000000000,0.0,0.000000000,0.000000000,"",0,0,0,0,0,00,0,0*11fc529b
#HEADINGA,ICOM3,0,74.3,FINESTEERING,2437,11329.200,00000000,0000,810;SOL_COMPUTED,NONE,0.000000000,0.000000000,0.000000000,0.0,0.000000000,0.000000000,"",0,0,0,0,0,00,0,0*a4dd4bdc
#HEADINGA,ICOM3,0,74.3,FINESTEERING,2437,11329.400,00000000,0000,810;SOL_COMPUTED,NONE,0.000000000,0.000000000,0.000000000,0.0,0.000000000,0.000000000,"",0,0,0,0,0,00,0,0*a0cf6654
#HEADINGA,ICOM3,0,74.3,FINESTEERING,2437,11329.600,00000000,0000,810;SOL_COMPUTED,NONE,0.000000000,0.000000000,0.000000000,0.0,0.000000000,0.000000000,"",0,0,0,0,0,00,0,0*15ee7f13
#HEADINGA,ICOM3,0,74.3,FINESTEERING,2437,11329.800,00000000,0000,810;SOL_COMPUTED,NONE,0.000000000,0.000000000,0.000000000,0.0,0.000000000,0.000000000,"",0,0,0,0,0,00,0,0*a8eb3d44
#HEADINGA,ICOM3,0,74.3,FINESTEERING,2437,11330.000,00000000,0000,810;SOL_COMPUTED,NONE,0.000000000,0.000000000,0.000000000,0.0,0.000000000,0.000000000,"",0,0,0,0,0,00,0,0*1b1e3eff
#HEADINGA,ICOM3,0,74.3,FINESTEERING,2437,11330.200,00000000,0000,810;SOL_COMPUTED,NONE,0.000000000,0.000000000,0.000000000,0.0,0.000000000,0.000000000,"",0,0,0,0,0,00,0,0*ae3f27b8
#HEADINGA,ICOM3,0,73.4,FINESTEERING,2437,11330.400,00000000,0000,810;SOL_COMPUTED,NONE,0.000000000,0.000000000,0.000000000,0.0,0.000000000,0.000000000,"",0,0,0,0,0,00,0,0*a2ecbe25
#HEADINGA,ICOM3,0,73.4,FINESTEERING,2437,11330.600,00000000,0000,810;SOL_COMPUTED,NONE,0.000000000,0.000000000,0.000000000,0.0,0.000000000,0.000000000,"",0,0,0,0,0,00,0,0*17cda762
#HEADINGA,ICOM3,0,73.4,FINESTEERING,2437,11330.800,00000000,0000,810;SOL_COMPUTED,NONE,0.000000000,0.000000000,0.000000000,0.0,0.000000000,0.000000000,"",0,0,0,0,0,00,0,0*aac8e535
#HEADINGA,ICOM3,0,73.4,FINESTEERING,2437,11331.000,00000000,0000,810;SOL_COMPUTED,NONE,0.000000000,0.000000000,0.000000000,0.0,0.000000000,0.000000000,"",0,0,0,0,0,00,0,0*93ceebdb
#HEADINGA,ICOM3,0,73.4,FINESTEERING,2437,11331.200,00000000,0000,810;SOL_COMPUTED,NONE,0.000000000,0.000000000,0.000000000,0.0,0.000000000,0.000000000,"",0,0,0,0,0,00,0,0*26eff29c
#HEADINGA,ICOM3,0,74.8,FINESTEERING,2437,11331.400,00000000,0000,810;SOL_COMPUTED,NONE,0.000000000,0.000000000,0.000000000,0.0,0.000000000,0.000000000,"",0,0,0,0,0,00,0,0*9e80d2b3
#HEADINGA,ICOM3,0,74.8,FINESTEERING,2437,11331.600,00000000,0000,810;SOL_COMPUTED,NONE,0.000000000,0.000000000,0.000000000,0.0,0.000000000,0.000000000,"",0,0,0,0,0,00,0,0*2ba1cbf4
#HEADINGA,ICOM3,0,74.8,FINESTEERING,2437,11331.800,00000000,0000,810;SOL_COMPUTED,NONE,0.000000000,0.000000000,0.000000000,0.0,0.000000000,0.000000000,"",0,0,0,0,0,00,0,0*96a489a3
#HEADINGA,ICOM3,0,74.8,FINESTEERING,2437,11332.000,00000000,0000,810;SOL_COMPUTED,NONE,0.000000000,0.000000000,0.000000000,0.0,0.000000000,0.000000000,"",0,0,0,0,0,00,0,0*74f1436e
#HEADINGA,ICOM3,0,74.8,FINESTEERING,2437,11332.200,00000000,0000,810;SOL_COMPUTED,NONE,0.000000000,0.000000000,0.000000000,0.0,0.000000000,0.000000000,"",0,0,0,0,0,00,0,0*c1d05a29
#HEADINGA,ICOM3,0,74.2,FINESTEERING,2437,11332.400,00000000,0000,810;SOL_COMPUTED,NONE,0.000000000,0.000000000,0.000000000,0.0,0.000000000,0.000000000,"",0,0,0,0,0,00,0,0*61d6662d
#HEADINGA,ICOM3,0,74.2,FINESTEERING,2437,11332.600,00000000,0000,810;SOL_COMPUTED,NONE,0.000000000,0.000000000,0.000000000,0.0,0.000000000,0.000000000,"",0,0,0,0,0,00,0,0*d4f77f6a
#HEADINGA,ICOM3,0,74.2,FINESTEERING,2437,11332.800,00000000,0000,810;SOL_COMPUTED,NONE,0.000000000,0.000000000,0.000000000,0.0,0.000000000,0.000000000,"",0,0,0,0,0,00,0,0*69f23d3d
#HEADINGA,ICOM3,0,74.2,FINESTEERING,2437,11333.000,00000000,0000,810;SOL_COMPUTED,NONE,0.000000000,0.000000000,0.000000000,0.0,0.000000000,0.000000000,"",0,0,0,0,0,00,0,0*50f433d3
#HEADINGA,ICOM3,0,74.2,FINESTEERING,2437,11333.200,00000000,0000,810;SOL_COMPUTED,NONE,0.000000000,0.000000000,0.000000000,0.0,0.000000000,0.000000000,"",0,0,0,0,0,00,0,0*e5d52a94
#HEADINGA,ICOM3,0,74.2,FINESTEERING,2437,11333.400,00000000,0000,810;SOL_COMPUTED,NONE,0.000000000,0.000000000,0.000000000,0.0,0.000000000,0.000000000,"",0,0,0,0,0,00,0,0*e1c7071c
#HEADINGA,ICOM3,0,74.2,FINESTEERING,2437,11333.600,00000000,0000,810;SOL_COMPUTED,NONE,0.000000000,0.000000000,0.000000000,0.0,0.000000000,0.000000000,"",0,0,0,0,0,00,0,0*54e61e5b
#HEADINGA,ICOM3,0,74.2,FINESTEERING,2437,11333.800,00000000,0000,810;SOL_COMPUTED,NONE,0.000000000,0.000000000,0.000000000,0.0,0.000000000,0.000000000,"",0,0,0,0,0,00,0,0*e9e35c0c
#HEADINGA,ICOM3,0,74.2,FINESTEERING,2437,11334.000,00000000,0000,810;SOL_COMPUTED,NONE,0.000000000,0.000000000,0.000000000,0.0,0.000000000,0.000000000,"",0,0,0,0,0,00,0,0*666018c6
#HEADINGA,ICOM3,0,74.2,FINESTEERING,2437,11334.200,00000000,0000,810;SOL_COMPUTED,NONE,0.000000000,0.000000000,0.000000000,0.0,0.000000000,0.000000000,"",0,0,0,0,0,00,0,0*d3410181
#HEADINGA,ICOM3,0,73.9,FINESTEERING,2437,11334.400,00000000,0000,810;SOL_COMPUTED,NONE,0.000000000,0.000000000,0.000000000,0.0,0.000000000,0.000000000,"",0,0,0,0,0,00,0,0*18757914
#HEADINGA,ICOM3,0,73.9,FINESTEERING,2437,11334.600,00000000,0000,810;SOL_COMPUTED,NONE,0.000000000,0.000000000,0.000000000,0.0,0.000000000,0.000000000,"",0,0,0,0,0,00,0,0*ad546053
#HEADINGA,ICOM3,0,73.9,FINESTEERING,2437,11334.800,00000000,0000,810;SOL_COMPUTED,NONE,0.000000000,0.000000000,0.000000000,0.0,0.000000000,0.000000000,"",0,0,0,0,0,00,0,0*10512204
#HEADINGA,ICOM3,0,73.9,FINESTEERING,2437,11335.000,00000000,0000,810;SOL_COMPUTED,NONE,0.000000000,0.000000000,0.000000000,0.0,0.000000000,0.000000000,"",0,0,0,0,0,00,0,0*29572cea
#HEADINGA,ICOM3,0,73.9,FINESTEERING,2437,11335.200,00000000,0000,810;SOL_COMPUTED,NONE,0.000000000,0.000000000,0.000000000,0.0,0.000000000,0.000000000,"",0,0,0,0,0,00,0,0*9c7635ad
#HEADINGA,ICOM3,0,74.7,FINESTEERING,2437,11335.400,00000000,0000,810;SOL_COMPUTED,NONE,0.000000000,0.000000000,0.000000000,0.0,0.000000000,0.000000000,"",0,0,0,0,0,00,0,0*054845fe
#HEADINGA,ICOM3,0,74.7,FINESTEERING,2437,11335.600,00000000,0000,810;SOL_COMPUTED,NONE,0.000000000,0.000000000,0.000000000,0.0,0.000000000,0.000000000,"",0,0,0,0,0,00,0,0*b0695cb9
#HEADINGA,ICOM3,0,74.7,FINESTEERING,2437,11335.800,00000000,0000,810;SOL_COMPUTED,NONE,0.000000000,0.000000000,0.000000000,0.0,0.000000000,0.000000000,"",0,0,0,0,0,00,0,0*0d6c1eee
#HEADINGA,ICOM3,0,74.7,FINESTEERING,2437,11336.000,00000000,0000,810;SOL_COMPUTED,NONE,0.000000000,0.000000000,0.000000000,0.0,0.000000000,0.000000000,"",0,0,0,0,0,00,0,0*ef39d423
#HEADINGA,ICOM3,0,74.7,FINESTEERING,2437,11336.200,00000000,0000,810;SOL_COMPUTED,NONE,0.000000000,0.000000000,0.000000000,0.0,0.000000000,0.000000000,"",0,0,0,0,0,00,0,0*5a18cd64
#HEADINGA,ICOM3,0,74.2,FINESTEERING,2437,11336.400,00000000,0000,810;SOL_COMPUTED,NONE,0.000000000,0.000000000,0.000000000,0.0,0.000000000,0.000000000,"",0,0,0,0,0,00,0,0*0c00e82a
#HEADINGA,ICOM3,0,74.2,FINESTEERING,2437,11336.600,00000000,0000,810;SOL_COMPUTED,NONE,0.000000000,0.000000000,0.000000000,0.0,0.000000000,0.000000000,"",0,0,0,0,0,00,0,0*b921f16d
#HEADINGA,ICOM3,0,74.2,FINESTEERING,2437,11336.800,00000000,0000,810;SOL_COMPUTED,NONE,0.000000000,0.000000000,0.000000000,0.0,0.000000000,0.000000000,"",0,0,0,0,0,00,0,0*0424b33a
#HEADINGA,ICOM3,0,74.2,FINESTEERING,2437,11337.000,00000000,0000,810;SOL_COMPUTED,NONE,0.000000000,0.000000000,0.000000000,0.0,0.000000000,0.000000000,"",0,0,0,0,0,00,0,0*3d22bdd4
#HEADINGA,ICOM3,0,74.2,FINESTEERING,2437,11337.200,00000000,0000,810;SOL_COMPUTED,NONE,0.000000000,0.000000000,0.000000000,0.0,0.000000000,0.000000000,"",0,0,0,0,0,00,0,0*8803a493
#HEADINGA,ICOM3,0,74.8,FINESTEERING,2437,11337.400,00000000,0000,810;SOL_COMPUTED,NONE,0.000000000,0.000000000,0.000000000,0.0,0.000000000,0.000000000,"",0,0,0,0,0,00,0,0*28059897
#HEADINGA,ICOM3,0,74.8,FINESTEERING,2437,11337.600,00000000,0000,810;SOL_COMPUTED,NONE,0.000000000,0.000000000,0.000000000,0.0,0.000000000,0.000000000,"",0,0,0,0,0,00,0,0*9d2481d0
#HEADINGA,ICOM3,0,74.8,FINESTEERING,2437,11337.800,00000000,0000,810;SOL_COMPUTED,NONE,0.000000000,0.000000000,0.000000000,0.0,0.000000000,0.000000000,"",0,0,0,0,0,00,0,0*2021c387
#HEADINGA,ICOM3,0,74.8,FINESTEERING,2437,11338.000,00000000,0000,810;SOL_COMPUTED,NONE,0.000000000,0.000000000,0.000000000,0.0,0.000000000,0.000000000,"",0,0,0,0,0,00,0,0*740f9b43
#HEADINGA,ICOM3,0,74.8,FINESTEERING,2437,11338.200,00000000,0000,810;SOL_COMPUTED,NONE,0.000000000,0.000000000,0.000000000,0.0,0.000000000,0.000000000,"",0,0,0,0,0,00,0,0*c12e8204
#HEADINGA,ICOM3,0,62.7,FINESTEERING,2437,11338.400,00000000,0000,810;SOL_COMPUTED,NONE,0.000000000,0.000000000,0.000000000,0.0,0.000000000,0.000000000,"",0,0,0,0,0,00,0,0*4156afd7
#HEADINGA,ICOM3,0,62.7,FINESTEERING,2437,11338.600,00000000,0000,810;SOL_COMPUTED,NONE,0.000000000,0.000000000,0.000000000,0.0,0.000000000,0.000000000,"",0,0,0,0,0,00,0,0*f477b690
#HEADINGA,ICOM3,0,62.7,FINESTEERING,2437,11338.800,00000000,0000,810;SOL_COMPUTED,NONE,0.000000000,0.000000000,0.000000000,0.0,0.000000000,0.000000000,"",0,0,0,0,0,00,0,0*4972f4c7
#HEADINGA,ICOM3,0,62.7,FINESTEERING,2437,11339.000,00000000,0000,810;SOL_COMPUTED,NONE,0.000000000,0.000000000,0.000000000,0.0,0.000000000,0.000000000,"",0,0,0,0,0,00,0,0*7074fa29
#HEADINGA,ICOM3,0,62.7,FINESTEERING,2437,11339.200,00000000,0000,810;SOL_COMPUTED,NONE,0.000000000,0.000000000,0.000000000,0.0,0.000000000,0.000000000,"",0,0,0,0,0,00,0,0*c555e36e
#HEADINGA,ICOM3,0,68.0,FINESTEERING,2437,11339.400,00000000,0000,810;SOL_COMPUTED,NONE,0.000000000,0.000000000,0.000000000,0.0,0.000000000,0.000000000,"",0,0,0,0,0,00,0,0*4f9ac5fd
#HEADINGA,ICOM3,0,68.0,FINESTEERING,2437,11339.600,00000000,0000,810;SOL_COMPUTED,NONE,0.000000000,0.000000000,0.000000000,0.0,0.000000000,0.000000000,"",0,0,0,0,0,00,0,0*fabbdcba
#HEADINGA,ICOM3,0,68.0,FINESTEERING,2437,11339.800,00000000,0000,810;SOL_COMPUTED,NONE,0.000000000,0.000000000,0.000000000,0.0,0.000000000,0.000000000,"",0,0,0,0,0,00,0,0*47be9eed
#HEADINGA,ICOM3,0,68.0,FINESTEERING,2437,11340.000,00000000,0000,810;SOL_COMPUTED,NONE,0.000000000,0.000000000,0.000000000,0.0,0.000000000,0.000000000,"",0,0,0,0,0,00,0,0*c8fefccd
#HEADINGA,ICOM3,0,68.0,FINESTEERING,2437,11340.200,00000000,0000,810;SOL_COMPUTED,NONE,0.000000000,0.000000000,0.000000000,0.0,0.000000000,0.000000000,"",0,0,0,0,0,00,0,0*7ddfe58a
#HEADINGA,ICOM3,0,70.1,FINESTEERING,2437,11340.400,00000000,0000,810;SOL_COMPUTED,NONE,0.000000000,0.000000000,0.000000000,0.0,0.000000000,0.000000000,"",0,0,0,0,0,00,0,0*ec24a073
#HEADINGA,ICOM3,0,70.1,FINESTEERING,2437,11340.600,00000000,0000,810;SOL_COMPUTED,NONE,0.000000000,0.000000000,0.000000000,0.0,0.000000000,0.000000000,"",0,0,0,0,0,00,0,0*5905b934
#HEADINGA,ICOM3,0,70.1,FINESTEERING,2437,11340.800,00000000,0000,810;SOL_COMPUTED,NONE,0.000000000,0.000000000,0.000000000,0.0,0.000000000,0.000000000,"",0,0,0,0,0,00,0,0*e400fb63
#HEADINGA,ICOM3,0,70.1,FINESTEERING,2437,11341.000,00000000,0000,810;SOL_COMPUTED,NONE,0.000000000,0.000000000,0.000000000,0.0,0.000000000,0.000000000,"",0,0,0,0,0,00,0,0*dd06f58d
#HEADINGA,ICOM3,0,70.1,FINESTEERING,2437,11341.200,00000000,0000,810;SOL_COMPUTED,NONE,0.000000000,0.000000000,0.000000000,0.0,0.000000000,0.000000000,"",0,0,0,0,0,00,0,0*6827ecca
#HEADINGA,ICOM3,0,72.9,FINESTEERING,2437,11341.400,00000000,0000,810;SOL_COMPUTED,NONE,0.000000000,0.000000000,0.000000000,0.0,0.000000000,0.000000000,"",0,0,0,0,0,00,0,0*0191c6ed
#HEADINGA,ICOM3,0,72.9,FINESTEERING,2437,11341.600,00000000,0000,810;SOL_COMPUTED,NONE,0.000000000,0.000000000,0.000000000,0.0,0.000000000,0.000000000,"",0,0,0,0,0,00,0,0*b4b0dfaa
#HEADINGA,ICOM3,0,72.9,FINESTEERING,2437,11341.800,00000000,0000,810;SOL_COMPUTED,NONE,0.000000000,0.000000000,0.000000000,0.0,0.000000000,0.000000000,"",0,0,0,0,0,00,0,0*09b59dfd
#HEADINGA,ICOM3,0,72.9,FINESTEERING,2437,11342.000,00000000,0000,810;SOL_COMPUTED,NONE,0.000000000,0.000000000,0.000000000,0.0,0.000000000,0.000000000,"",0,0,0,0,0,00,0,0*ebe05730
#HEADINGA,ICOM3,0,72.9,FINESTEERING,2437,11342.200,00000000,0000,810;SOL_COMPUTED,NONE,0.000000000,0.000000000,0.000000000,0.0,0.000000000,0.000000000,"",0,0,0,0,0,00,0,0*5ec14e77
#HEADINGA,ICOM3,0,71.6,FINESTEERING,2437,11342.400,00000000,0000,810;SOL_COMPUTED,NONE,0.000000000,0.000000000,0.000000000,0.0,0.000000000,0.000000000,"",0,0,0,0,0,00,0,0*dde41ce5
#HEADINGA,ICOM3,0,71.6,FINESTEERING,2437,11342.600,00000000,0000,810;SOL_COMPUTED,NONE,0.000000000,0.000000000,0.000000000,0.0,0.000000000,0.000000000,"",0,0,0,0,0,00,0,0*68c505a2
#HEADINGA,ICOM3,0,71.6,FINESTEERING,2437,11342.800,00000000,0000,810;SOL_COMPUTED,NONE,0.000000000,0.000000000,0.000000000,0.0,0.000000000,0.000000000,"",0,0,0,0,0,00,0,0*d5c047f5
#HEADINGA,ICOM3,0,71.6,FINESTEERING,2437,11343.000,00000000,0000,810;SOL_COMPUTED,NONE,0.000000000,0.000000000,0.000000000,0.0,0.000000000,0.000000000,"",0,0,0,0,0,00,0,0*ecc6491b
#HEADINGA,ICOM3,0,71.6,FINESTEERING,2437,11343.200,00000000,0000,810;SOL_COMPUTED,NONE,0.000000000,0.000000000,0.000000000,0.0,0.000000000,0.000000000,"",0,0,0,0,0,00,0,0*59e7505c
#HEADINGA,ICOM3,0,68.3,FINESTEERING,2437,11343.400,00000000,0000,810;SOL_COMPUTED,NONE,0.000000000,0.000000000,0.000000000,0.0,0.000000000,0.000000000,"",0,0,0,0,0,00,0,0*13769552
#HEADINGA,ICOM3,0,68.3,FINESTEERING,2437,11343.600,00000000,0000,810;SOL_COMPUTED,NONE,0.000000000,0.000000000,0.000000000,0.0,0.000000000,0.000000000,"",0,0,0,0,0,00,0,0*a6578c15
#HEADINGA,ICOM3,0,68.3,FINESTEERING,2437,11343.800,00000000,0000,810;SOL_COMPUTED,NONE,0.000000000,0.000000000,0.000000000,0.0,0.000000000,0.000000000,"",0,0,0,0,0,00,0,0*1b52ce42
#HEADINGA,ICOM3,0,68.3,FINESTEERING,2437,11344.000,00000000,0000,810;SOL_COMPUTED,NONE,0.000000000,0.000000000,0.000000000,0.0,0.000000000,0.000000000,"",0,0,0,0,0,00,0,0*94d18a88
#HEADINGA,ICOM3,0,68.3,FINESTEERING,2437,11344.200,00000000,0000,810;SOL_COMPUTED,NONE,0.000000000,0.000000000,0.000000000,0.0,0.000000000,0.000000000,"",0,0,0,0,0,00,0,0*21f093cf
#HEADINGA,ICOM3,0,74.7,FINESTEERING,2437,11344.400,00000000,0000,810;SOL_COMPUTED,NONE,0.000000000,0.000000000,0.000000000,0.0,0.000000000,0.000000000,"",0,0,0,0,0,00,0,0*e8b2540f
#HEADINGA,ICOM3,0,74.7,FINESTEERING,2437,11344.600,00000000,0000,810;SOL_COMPUTED,NONE,0.000000000,0.000000000,0.000000000,0.0,0.000000000,0.000000000,"",0,0,0,0,0,00,0,0*5d934d48
#HEADINGA,ICOM3,0,74.7,FINESTEERING,2437,11344.800,00000000,0000,810;SOL_COMPUTED,NONE,0.000000000,0.000000000,0.000000000,0.0,0.000000000,0.000000000,"",0,0,0,0,0,00,0,0*e0960f1f
#HEADINGA,ICOM3,0,74.7,FINESTEERING,2437,11345.000,00000000,0000,810;SOL_COMPUTED,NONE,0.000000000,0.000000000,0.000000000,0.0,0.000000000,0.000000000,"",0,0,0,0,0,00,0,0*d99001f1
#HEADINGA,ICOM3,0,74.7,FINESTEERING,2437,11345.200,00000000,0000,810;SOL_COMPUTED,NONE,0.000000000,0.000000000,0.000000000,0.0,0.000000000,0.000000000,"",0,0,0,0,0,00,0,0*6cb118b6
#HEADINGA,ICOM3,0,74.4,FINESTEERING,2437,11345.400,00000000,0000,810;SOL_COMPUTED,NONE,0.000000000,0.000000000,0.000000000,0.0,0.000000000,0.000000000,"",0,0,0,0,0,00,0,0*595acd7c
#HEADINGA,ICOM3,0,74.4,FINESTEERING,2437,11345.600,00000000,0000,810;SOL_COMPUTED,NONE,0.000000000,0.000000000,0.000000000,0.0,0.000000000,0.000000000,"",0,0,0,0,0,00,0,0*ec7bd43b
#HEADINGA,ICOM3,0,74.4,FINESTEERING,2437,11345.800,00000000,0000,810;SOL_COMPUTED,NONE,0.000000000,0.000000000,0.000000000,0.0,0.000000000,0.000000000,"",0,0,0,0,0,00,0,0*517e966c
#HEADINGA,ICOM3,0,74.4,FINESTEERING,2437,11346.000,00000000,0000,810;SOL_COMPUTED,NONE,0.000000000,0.000000000,0.000000000,0.0,0.000000000,0.000000000,"",0,0,0,0,0,00,0,0*b32b5ca1
#HEADINGA,ICOM3,0,74.4,FINESTEERING,2437,11346.200,00000000,0000,810;SOL_COMPUTED,NONE,0.000000000,0.000000000,0.000000000,0.0,0.000000000,0.000000000,"",0,0,0,0,0,00,0,0*060a45e6
#HEADINGA,ICOM3,0,75.0,FINESTEERING,2437,11346.400,00000000,0000,810;SOL_COMPUTED,NONE,0.000000000,0.000000000,0.000000000,0.0,0.000000000,0.000000000,"",0,0,0,0,0,00,0,0*d972e899
#HEADINGA,ICOM3,0,75.0,FINESTEERING,2437,11346.600,00000000,0000,810;SOL_COMPUTED,NONE,0.000000000,0.000000000,0.000000000,0.0,0.000000000,0.000000000,"",0,0,0,0,0,00,0,0*6c53f1de
#HEADINGA,ICOM3,0,75.0,FINESTEERING,2437,11346.800,00000000,0000,810;SOL_COMPUTED,NONE,0.000000000,0.000000000,0.000000000,0.0,0.000000000,0.000000000,"",0,0,0,0,0,00,0,0*d156b389
#HEADINGA,ICOM3,0,75.0,FINESTEERING,2437,11347.000,00000000,0000,810;SOL_COMPUTED,NONE,0.000000000,0.000000000,0.000000000,0.0,0.000000000,0.000000000,"",0,0,0,0,0,00,0,0*e850bd67
#HEADINGA,ICOM3,0,75.0,FINESTEERING,2437,11347.200,00000000,0000,810;SOL_COMPUTED,NONE,0.000000000,0.000000000,0.000000000,0.0,0.000000000,0.000000000,"",0,0,0,0,0,00,0,0*5d71a420
#HEADINGA,ICOM3,0,76.0,FINESTEERING,2437,11347.400,00000000,0000,810;SOL_COMPUTED,NONE,0.000000000,0.000000000,0.000000000,0.0,0.000000000,0.000000000,"",0,0,0,0,0,00,0,0*284aeff8
#HEADINGA,ICOM3,0,76.0,FINESTEERING,2437,11347.600,00000000,0000,810;SOL_COMPUTED,NONE,0.000000000,0.000000000,0.000000000,0.0,0.000000000,0.000000000,"",0,0,0,0,0,00,0,0*9d6bf6bf
#HEADINGA,ICOM3,0,76.0,FINESTEERING,2437,11347.800,00000000,0000,810;SOL_COMPUTED,NONE,0.000000000,0.000000000,0.000000000,0.0,0.000000000,0.000000000,"",0,0,0,0,0,00,0,0*206eb4e8
#HEADINGA,ICOM3,0,76.0,FINESTEERING,2437,11348.000,00000000,0000,810;SOL_COMPUTED,NONE,0.000000000,0.000000000,0.000000000,0.0,0.000000000,0.000000000,"",0,0,0,0,0,00,0,0*7440ec2c
#HEADINGA,ICOM3,0,76.0,FINESTEERING,2437,11348.200,00000000,0000,810;SOL_COMPUTED,NONE,0.000000000,0.000000000,0.000000000,0.0,0.000000000,0.000000000,"",0,0,0,0,0,00,0,0*c161f56b
#HEADINGA,ICOM3,0,76.0,FINESTEERING,2437,11348.400,00000000,0000,810;SOL_COMPUTED,NONE,0.000000000,0.000000000,0.000000000,0.0,0.000000000,0.000000000,"",0,0,0,0,0,00,0,0*c573d8e3
#HEADINGA,ICOM3,0,76.0,FINESTEERING,2437,11348.600,00000000,0000,810;SOL_COMPUTED,NONE,0.000000000,0.000000000,0.000000000,0.0,0.000000000,0.000000000,"",0,0,0,0,0,00,0,0*7052c1a4
#HEADINGA,ICOM3,0,76.0,FINESTEERING,2437,11348.800,00000000,0000,810;SOL_COMPUTED,NONE,0.000000000,0.000000000,0.000000000,0.0,0.000000000,0.000000000,"",0,0,0,0,0,00,0,0*cd5783f3
#HEADINGA,ICOM3,0,76.0,FINESTEERING,2437,11349.000,00000000,0000,810;SOL_COMPUTED,NONE,0.000000000,0.000000000,0.000000000,0.0,0.000000000,0.000000000,"",0,0,0,0,0,00,0,0*f4518d1d
#HEADINGA,ICOM3,0,76.0,FINESTEERING,2437,11349.200,00000000,0000,810;SOL_COMPUTED,NONE,0.000000000,0.000000000,0.000000000,0.0,0.000000000,0.000000000,"",0,0,0,0,0,00,0,0*4170945a
#HEADINGA,ICOM3,0,76.3,FINESTEERING,2437,11349.400,00000000,0000,810;SOL_COMPUTED,NONE,0.000000000,0.000000000,0.000000000,0.0,0.000000000,0.000000000,"",0,0,0,0,0,00,0,0*749b4190
#HEADINGA,ICOM3,0,76.3,FINESTEERING,2437,11349.600,00000000,0000,810;SOL_COMPUTED,NONE,0.000000000,0.000000000,0.000000000,0.0,0.000000000,0.000000000,"",0,0,0,0,0,00,0,0*c1ba58d7
#HEADINGA,ICOM3,0,76.3,FINESTEERING,2437,11349.800,00000000,0000,810;SOL_COMPUTED,NONE,0.000000000,0.000000000,0.000000000,0.0,0.000000000,0.000000000,"",0,0,0,0,0,00,0,0*7cbf1a80
#HEADINGA,ICOM3,0,76.3,FINESTEERING,2437,11350.000,00000000,0000,810;SOL_COMPUTED,NONE,0.000000000,0.000000000,0.000000000,0.0,0.000000000,0.000000000,"",0,0,0,0,0,00,0,0*cf4a193b
#HEADINGA,ICOM3,0,76.3,FINESTEERING,2437,11350.200,00000000,0000,810;SOL_COMPUTED,NONE,0.000000000,0.000000000,0.000000000,0.0,0.000000000,0.000000000,"",0,0,0,0,0,00,0,0*7a6b007c
#HEADINGA,ICOM3,0,70.5,FINESTEERING,2437,11350.400,00000000,0000,810;SOL_COMPUTED,NONE,0.000000000,0.000000000,0.000000000,0.0,0.000000000,0.000000000,"",0,0,0,0,0,00,0,0*ffd811d0
#HEADINGA,ICOM3,0,70.5,FINESTEERING,2437,11350.600,00000000,0000,810;SOL_COMPUTED,NONE,0.000000000,0.000000000,0.000000000,0.0,0.000000000,0.000000000,"",0,0,0,0,0,00,0,0*4af90897
#HEADINGA,ICOM3,0,70.5,FINESTEERING,2437,11350.800,00000000,0000,810;SOL_COMPUTED,NONE,0.000000000,0.000000000,0.000000000,0.0,0.000000000,0.000000000,"",0,0,0,0,0,00,0,0*f7fc4ac0
#HEADINGA,ICOM3,0,70.5,FINESTEERING,2437,11351.000,00000000,0000,810;SOL_COMPUTED,NONE,0.000000000,0.000000000,0.000000000,0.0,0.000000000,0.000000000,"",0,0,0,0,0,00,0,0*cefa442e
#HEADINGA,ICOM3,0,70.5,FINESTEERING,2437,11351.200,00000000,0000,810;SOL_COMPUTED,NONE,0.000000000,0.000000000,0.000000000,0.0,0.000000000,0.000000000,"",0,0,0,0,0,00,0,0*7bdb5d69
#HEADINGA,ICOM3,0,72.9,FINESTEERING,2437,11351.400,00000000,0000,810;SOL_COMPUTED,NONE,0.000000000,0.000000000,0.000000000,0.0,0.000000000,0.000000000,"",0,0,0,0,0,00,0,0*50cfd7b6
#HEADINGA,ICOM3,0,72.9,FINESTEERING,2437,11351.600,00000000,0000,810;SOL_COMPUTED,NONE,0.000000000,0.000000000,0.000000000,0.0,0.000000000,0.000000000,"",0,0,0,0,0,00,0,0*e5eecef1
#HEADINGA,ICOM3,0,72.9,FINESTEERING,2437,11351.800,00000000,0000,810;SOL_COMPUTED,NONE,0.000000000,0.000000000,0.000000000,0.0,0.000000000,0.000000000,"",0,0,0,0,0,00,0,0*58eb8ca6
#HEADINGA,ICOM3,0,72.9,FINESTEERING,2437,11352.000,00000000,0000,810;SOL_COMPUTED,NONE,0.000000000,0.000000000,0.000000000,0.0,0.000000000,0.000000000,"",0,0,0,0,0,00,0,0*babe466b
#HEADINGA,ICOM3,0,72.9,FINESTEERING,2437,11352.200,00000000,0000,810;SOL_COMPUTED,NONE,0.000000000,0.000000000,0.000000000,0.0,0.000000000,0.000000000,"",0,0,0,0,0,00,0,0*0f9f5f2c
#HEADINGA,ICOM3,0,73.6,FINESTEERING,2437,11352.400,00000000,0000,810;SOL_COMPUTED,NONE,0.000000000,0.000000000,0.000000000,0.0,0.000000000,0.000000000,"",0,0,0,0,0,00,0,0*645b4be1
#HEADINGA,ICOM3,0,73.6,FINESTEERING,2437,11352.600,00000000,0000,810;SOL_COMPUTED,NONE,0.000000000,0.000000000,0.000000000,0.0,0.000000000,0.000000000,"",0,0,0,0,0,00,0,0*d17a52a6
#HEADINGA,ICOM3,0,73.6,FINESTEERING,2437,11352.800,00000000,0000,810;SOL_COMPUTED,NONE,0.000000000,0.000000000,0.000000000,0.0,0.000000000,0.000000000,"",0,0,0,0,0,00,0,0*6c7f10f1
#HEADINGA,ICOM3,0,73.6,FINESTEERING,2437,11353.000,00000000,0000,810;SOL_COMPUTED,NONE,0.000000000,0.000000000,0.000000000,0.0,0.000000000,0.000000000,"",0,0,0,0,0,00,0,0*55791e1f
#HEADINGA,ICOM3,0,73.6,FINESTEERING,2437,11353.200,00000000,0000,810;SOL_COMPUTED,NONE,0.000000000,0.000000000,0.000000000,0.0,0.000000000,0.000000000,"",0,0,0,0,0,00,0,0*e0580758
#HEADINGA,ICOM3,0,73.1,FINESTEERING,2437,11353.400,00000000,0000,810;SOL_COMPUTED,NONE,0.000000000,0.000000000,0.000000000,0.0,0.000000000,0.000000000,"",0,0,0,0,0,00,0,0*9711726a
#HEADINGA,ICOM3,0,73.1,FINESTEERING,2437,11353.600,00000000,0000,810;SOL_COMPUTED,NONE,0.000000000,0.000000000,0.000000000,0.0,0.000000000,0.000000000,"",0,0,0,0,0,00,0,0*22306b2d
#HEADINGA,ICOM3,0,73.1,FINESTEERING,2437,11353.800,00000000,0000,810;SOL_COMPUTED,NONE,0.000000000,0.000000000,0.000000000,0.0,0.000000000,0.000000000,"",0,0,0,0,0,00,0,0*9f35297a
#HEADINGA,ICOM3,0,73.1,FINESTEERING,2437,11354.000,00000000,0000,810;SOL_COMPUTED,NONE,0.000000000,0.000000000,0.000000000,0.0,0.000000000,0.000000000,"",0,0,0,0,0,00,0,0*10b66db0
#HEADINGA,ICOM3,0,73.1,FINESTEERING,2437,11354.200,00000000,0000,810;SOL_COMPUTED,NONE,0.000000000,0.000000000,0.000000000,0.0,0.000000000,0.000000000,"",0,0,0,0,0,00,0,0*a59774f7
#HEADINGA,ICOM3,0,73.3,FINESTEERING,2437,11354.400,00000000,0000,810;SOL_COMPUTED,NONE,0.000000000,0.000000000,0.000000000,0.0,0.000000000,0.000000000,"",0,0,0,0,0,00,0,0*80d40903
#HEADINGA,ICOM3,0,73.3,FINESTEERING,2437,11354.600,00000000,0000,810;SOL_COMPUTED,NONE,0.000000000,0.000000000,0.000000000,0.0,0.000000000,0.000000000,"",0,0,0,0,0,00,0,0*35f51044
#HEADINGA,ICOM3,0,73.3,FINESTEERING,2437,11354.800,00000000,0000,810;SOL_COMPUTED,NONE,0.000000000,0.000000000,0.000000000,0.0,0.000000000,0.000000000,"",0,0,0,0,0,00,0,0*88f05213
#HEADINGA,ICOM3,0,73.3,FINESTEERING,2437,11355.000,00000000,0000,810;SOL_COMPUTED,NONE,0.000000000,0.000000000,0.000000000,0.0,0.000000000,0.000000000,"",0,0,0,0,0,00,0,0*b1f65cfd
#HEADINGA,ICOM3,0,73.3,FINESTEERING,2437,11355.200,00000000,0000,810;SOL_COMPUTED,NONE,0.000000000,0.000000000,0.000000000,0.0,0.000000000,0.000000000,"",0,0,0,0,0,00,0,0*04d745ba
#HEADINGA,ICOM3,0,72.5,FINESTEERING,2437,11355.400,00000000,0000,810;SOL_COMPUTED,NONE,0.000000000,0.000000000,0.000000000,0.0,0.000000000,0.000000000,"",0,0,0,0,0,00,0,0*fafeb8b9
#HEADINGA,ICOM3,0,72.5,FINESTEERING,2437,11355.600,00000000,0000,810;SOL_COMPUTED,NONE,0.000000000,0.000000000,0.000000000,0.0,0.000000000,0.000000000,"",0,0,0,0,0,00,0,0*4fdfa1fe
#HEADINGA,ICOM3,0,72.5,FINESTEERING,2437,11355.800,00000000,0000,810;SOL_COMPUTED,NONE,0.000000000,0.000000000,0.000000000,0.0,0.000000000,0.000000000,"",0,0,0,0,0,00,0,0*f2dae3a9
#HEADINGA,ICOM3,0,72.5,FINESTEERING,2437,11356.000,00000000,0000,810;SOL_COMPUTED,NONE,0.000000000,0.000000000,0.000000000,0.0,0.000000000,0.000000000,"",0,0,0,0,0,00,0,0*108f2964
#HEADINGA,ICOM3,0,72.5,FINESTEERING,2437,11356.200,00000000,0000,810;SOL_COMPUTED,NONE,0.000000000,0.000000000,0.000000000,0.0,0.000000000,0.000000000,"",0,0,0,0,0,00,0,0*a5ae3023
#HEADINGA,ICOM3,0,74.5,FINESTEERING,2437,11356.400,00000000,0000,810;SOL_COMPUTED,NONE,0.000000000,0.000000000,0.000000000,0.0,0.000000000,0.000000000,"",0,0,0,0,0,00,0,0*43eed10b
#HEADINGA,ICOM3,0,74.5,FINESTEERING,2437,11356.600,00000000,0000,810;SOL_COMPUTED,NONE,0.000000000,0.000000000,0.000000000,0.0,0.000000000,0.000000000,"",0,0,0,0,0,00,0,0*f6cfc84c
#HEADINGA,ICOM3,0,74.5,FINESTEERING,2437,11356.800,00000000,0000,810;SOL_COMPUTED,NONE,0.000000000,0.000000000,0.000000000,0.0,0.000000000,0.000000000,"",0,0,0,0,0,00,0,0*4bca8a1b
#HEADINGA,ICOM3,0,74.5,FINESTEERING,2437,11357.000,00000000,0000,810;SOL_COMPUTED,NONE,0.000000000,0.000000000,0.000000000,0.0,0.000000000,0.000000000,"",0,0,0,0,0,00,0,0*72cc84f5
#HEADINGA,ICOM3,0,74.5,FINESTEERING,2437,11357.200,00000000,0000,810;SOL_COMPUTED,NONE,0.000000000,0.000000000,0.000000000,0.0,0.000000000,0.000000000,"",0,0,0,0,0,00,0,0*c7ed9db2
#HEADINGA,ICOM3,0,75.1,FINESTEERING,2437,11357.400,00000000,0000,810;SOL_COMPUTED,NONE,0.000000000,0.000000000,0.000000000,0.0,0.000000000,0.000000000,"",0,0,0,0,0,00,0,0*189530cd
#HEADINGA,ICOM3,0,75.1,FINESTEERING,2437,11357.600,00000000,0000,810;SOL_COMPUTED,NONE,0.000000000,0.000000000,0.000000000,0.0,0.000000000,0.000000000,"",0,0,0,0,0,00,0,0*adb4298a
#HEADINGA,ICOM3,0,75.1,FINESTEERING,2437,11357.800,00000000,0000,810;SOL_COMPUTED,NONE,0.000000000,0.000000000,0.000000000,0.0,0.000000000,0.000000000,"",0,0,0,0,0,00,0,0*10b16bdd
#HEADINGA,ICOM3,0,75.1,FINESTEERING,2437,11358.000,00000000,0000,810;SOL_COMPUTED,NONE,0.000000000,0.000000000,0.000000000,0.0,0.000000000,0.000000000,"",0,0,0,0,0,00,0,0*449f3319
#HEADINGA,ICOM3,0,75.1,FINESTEERING,2437,11358.200,00000000,0000,810;SOL_COMPUTED,NONE,0.000000000,0.000000000,0.000000000,0.0,0.000000000,0.000000000,"",0,0,0,0,0,00,0,0*f1be2a5e
#HEADINGA,ICOM3,0,74.4,FINESTEERING,2437,11358.400,00000000,0000,810;SOL_COMPUTED,NONE,0.000000000,0.000000000,0.000000000,0.0,0.000000000,0.000000000,"",0,0,0,0,0,00,0,0*3e6e2f1f
#HEADINGA,ICOM3,0,74.4,FINESTEERING,2437,11358.600,00000000,0000,810;SOL_COMPUTED,NONE,0.000000000,0.000000000,0.000000000,0.0,0.000000000,0.000000000,"",0,0,0,0,0,00,0,0*8b4f3658
#HEADINGA,ICOM3,0,74.4,FINESTEERING,2437,11358.800,00000000,0000,810;SOL_COMPUTED,NONE,0.000000000,0.000000000,0.000000000,0.0,0.000000000,0.000000000,"",0,0,0,0,0,00,0,0*364a740f
#HEADINGA,ICOM3,0,74.4,FINESTEERING,2437,11359.000,00000000,0000,810;SOL_COMPUTED,NONE,0.000000000,0.000000000,0.000000000,0.0,0.000000000,0.000000000,"",0,0,0,0,0,00,0,0*0f4c7ae1
#HEADINGA,ICOM3,0,74.4,FINESTEERING,2437,11359.200,00000000,0000,810;SOL_COMPUTED,NONE,0.000000000,0.000000000,0.000000000,0.0,0.000000000,0.000000000,"",0,0,0,0,0,00,0,0*ba6d63a6
#HEADINGA,ICOM3,0,75.0,FINESTEERING,2437,11359.400,00000000,0000,810;SOL_COMPUTED,NONE,0.000000000,0.000000000,0.000000000,0.0,0.000000000,0.000000000,"",0,0,0,0,0,00,0,0*6515ced9
#HEADINGA,ICOM3,0,75.0,FINESTEERING,2437,11359.600,00000000,0000,810;SOL_COMPUTED,NONE,0.000000000,0.000000000,0.000000000,0.0,0.000000000,0.000000000,"",0,0,0,0,0,00,0,0*d034d79e
#HEADINGA,ICOM3,0,75.0,FINESTEERING,2437,11359.800,00000000,0000,810;SOL_COMPUTED,NONE,0.000000000,0.000000000,0.000000000,0.0,0.000000000,0.000000000,"",0,0,0,0,0,00,0,0*6d3195c9
#HEADINGA,ICOM3,0,75.0,FINESTEERING,2437,11360.000,00000000,0000,810;SOL_COMPUTED,NONE,0.000000000,0.000000000,0.000000000,0.0,0.000000000,0.000000000,"",0,0,0,0,0,00,0,0*7c78b4c4
#HEADINGA,ICOM3,0,75.0,FINESTEERING,2437,11360.200,00000000,0000,810;SOL_COMPUTED,NONE,0.000000000,0.000000000,0.000000000,0.0,0.000000000,0.000000000,"",0,0,0,0,0,00,0,0*c959ad83
#HEADINGA,ICOM3,0,75.2,FINESTEERING,2437,11360.400,00000000,0000,810;SOL_COMPUTED,NONE,0.000000000,0.000000000,0.000000000,0.0,0.000000000,0.000000000,"",0,0,0,0,0,00,0,0*ec1ad077
#HEADINGA,ICOM3,0,75.2,FINESTEERING,2437,11360.600,00000000,0000,810;SOL_COMPUTED,NONE,0.000000000,0.000000000,0.000000000,0.0,0.000000000,0.000000000,"",0,0,0,0,0,00,0,0*593bc930
#HEADINGA,ICOM3,0,75.2,FINESTEERING,2437,11360.800,00000000,0000,810;SOL_COMPUTED,NONE,0.000000000,0.000000000,0.000000000,0.0,0.000000000,0.000000000,"",0,0,0,0,0,00,0,0*e43e8b67
#HEADINGA,ICOM3,0,75.2,FINESTEERING,2437,11361.000,00000000,0000,810;SOL_COMPUTED,NONE,0.000000000,0.000000000,0.000000000,0.0,0.000000000,0.000000000,"",0,0,0,0,0,00,0,0*dd388589
#HEADINGA,ICOM3,0,75.2,FINESTEERING,2437,11361.200,00000000,0000,810;SOL_COMPUTED,NONE,0.000000000,0.000000000,0.000000000,0.0,0.000000000,0.000000000,"",0,0,0,0,0,00,0,0*68199cce
#HEADINGA,ICOM3,0,75.4,FINESTEERING,2437,11361.400,00000000,0000,810;SOL_COMPUTED,NONE,0.000000000,0.000000000,0.000000000,0.0,0.000000000,0.000000000,"",0,0,0,0,0,00,0,0*0ff841c2
#HEADINGA,ICOM3,0,75.4,FINESTEERING,2437,11361.600,00000000,0000,810;SOL_COMPUTED,NONE,0.000000000,0.000000000,0.000000000,0.0,0.000000000,0.000000000,"",0,0,0,0,0,00,0,0*bad95885
#HEADINGA,ICOM3,0,75.4,FINESTEERING,2437,11361.800,00000000,0000,810;SOL_COMPUTED,NONE,0.000000000,0.000000000,0.000000000,0.0,0.000000000,0.000000000,"",0,0,0,0,0,00,0,0*07dc1ad2
#HEADINGA,ICOM3,0,75.4,FINESTEERING,2437,11362.000,00000000,0000,810;SOL_COMPUTED,NONE,0.000000000,0.000000000,0.000000000,0.0,0.000000000,0.000000000,"",0,0,0,0,0,00,0,0*e589d01f
#HEADINGA,ICOM3,0,75.4,FINESTEERING,2437,11362.200,00000000,0000,810;SOL_COMPUTED,NONE,0.000000000,0.000000000,0.000000000,0.0,0.000000000,0.000000000,"",0,0,0,0,0,00,0,0*50a8c958
#HEADINGA,ICOM3,0,75.3,FINESTEERING,2437,11362.400,00000000,0000,810;SOL_COMPUTED,NONE,0.000000000,0.000000000,0.000000000,0.0,0.000000000,0.000000000,"",0,0,0,0,0,00,0,0*27e1bc6a
#HEADINGA,ICOM3,0,75.3,FINESTEERING,2437,11362.600,00000000,0000,810;SOL_COMPUTED,NONE,0.000000000,0.000000000,0.000000000,0.0,0.000000000,0.000000000,"",0,0,0,0,0,00,0,0*92c0a52d
#HEADINGA,ICOM3,0,75.3,FINESTEERING,2437,11362.800,00000000,0000,810;SOL_COMPUTED,NONE,0.000000000,0.000000000,0.000000000,0.0,0.000000000,0.000000000,"",0,0,0,0,0,00,0,0*2fc5e77a
#HEADINGA,ICOM3,0,75.3,FINESTEERING,2437,11363.000,00000000,0000,810;SOL_COMPUTED,NONE,0.000000000,0.000000000,0.000000000,0.0,0.000000000,0.000000000,"",0,0,0,0,0,00,0,0*16c3e994
#HEADINGA,ICOM3,0,75.3,FINESTEERING,2437,11363.200,00000000,0000,810;SOL_COMPUTED,NONE,0.000000000,0.000000000,0.000000000,0.0,0.000000000,0.000000000,"",0,0,0,0,0,00,0,0*a3e2f0d3
#HEADINGA,ICOM3,0,75.5,FINESTEERING,2437,11363.400,00000000,0000,810;SOL_COMPUTED,NONE,0.000000000,0.000000000,0.000000000,0.0,0.000000000,0.000000000,"",0,0,0,0,0,00,0,0*c4032ddf
#HEADINGA,ICOM3,0,75.5,FINESTEERING,2437,11363.600,00000000,0000,810;SOL_COMPUTED,NONE,0.000000000,0.000000000,0.000000000,0.0,0.000000000,0.000000000,"",0,0,0,0,0,00,0,0*71223498
#HEADINGA,ICOM3,0,75.5,FINESTEERING,2437,11363.800,00000000,0000,810;SOL_COMPUTED,NONE,0.000000000,0.000000000,0.000000000,0.0,0.000000000,0.000000000,"",0,0,0,0,0,00,0,0*cc2776cf
#HEADINGA,ICOM3,0,75.5,FINESTEERING,2437,11364.000,00000000,0000,810;SOL_COMPUTED,NONE,0.000000000,0.000000000,0.000000000,0.0,0.000000000,0.000000000,"",0,0,0,0,0,00,0,0*43a43205
#HEADINGA,ICOM3,0,75.5,FINESTEERING,2437,11364.200,00000000,0000,810;SOL_COMPUTED,NONE,0.000000000,0.000000000,0.000000000,0.0,0.000000000,0.000000000,"",0,0,0,0,0,00,0,0*f6852b42
#HEADINGA,ICOM3,0,74.7,FINESTEERING,2437,11364.400,00000000,0000,810;SOL_COMPUTED,NONE,0.000000000,0.000000000,0.000000000,0.0,0.000000000,0.000000000,"",0,0,0,0,0,00,0,0*4a0e76b9
#HEADINGA,ICOM3,0,74.7,FINESTEERING,2437,11364.600,00000000,0000,810;SOL_COMPUTED,NONE,0.000000000,0.000000000,0.000000000,0.0,0.000000000,0.000000000,"",0,0,0,0,0,00,0,0*ff2f6ffe
#HEADINGA,ICOM3,0,74.7,FINESTEERING,2437,11364.800,00000000,0000,810;SOL_COMPUTED,NONE,0.000000000,0.000000000,0.000000000,0.0,0.000000000,0.000000000,"",0,0,0,0,0,00,0,0*422a2da9
#HEADINGA,ICOM3,0,74.7,FINESTEERING,2437,11365.000,00000000,0000,810;SOL_COMPUTED,NONE,0.000000000,0.000000000,0.000000000,0.0,0.000000000,0.000000000,"",0,0,0,0,0,00,0,0*7b2c2347
#HEADINGA,ICOM3,0,74.7,FINESTEERING,2437,11365.200,00000000,0000,810;SOL_COMPUTED,NONE,0.000000000,0.000000000,0.000000000,0.0,0.000000000,0.000000000,"",0,0,0,0,0,00,0,0*ce0d3a00
#HEADINGA,ICOM3,0,75.3,FINESTEERING,2437,11365.400,00000000,0000,810;SOL_COMPUTED,NONE,0.000000000,0.000000000,0.000000000,0.0,0.000000000,0.000000000,"",0,0,0,0,0,00,0,0*1175977f
#HEADINGA,ICOM3,0,75.3,FINESTEERING,2437,11365.600,00000000,0000,810;SOL_COMPUTED,NONE,0.000000000,0.000000000,0.000000000,0.0,0.000000000,0.000000000,"",0,0,0,0,0,00,0,0*a4548e38
#HEADINGA,ICOM3,0,75.3,FINESTEERING,2437,11365.800,00000000,0000,810;SOL_COMPUTED,NONE,0.000000000,0.000000000,0.000000000,0.0,0.000000000,0.000000000,"",0,0,0,0,0,00,0,0*1951cc6f
#HEADINGA,ICOM3,0,75.3,FINESTEERING,2437,11366.000,00000000,0000,810;SOL_COMPUTED,NONE,0.000000000,0.000000000,0.000000000,0.0,0.000000000,0.000000000,"",0,0,0,0,0,00,0,0*fb0406a2
#HEADINGA,ICOM3,0,75.3,FINESTEERING,2437,11366.200,00000000,0000,810;SOL_COMPUTED,NONE,0.000000000,0.000000000,0.000000000,0.0,0.000000000,0.000000000,"",0,0,0,0,0,00,0,0*4e251fe5
#HEADINGA,ICOM3,0,75.2,FINESTEERING,2437,11366.400,00000000,0000,810;SOL_COMPUTED,NONE,0.000000000,0.000000000,0.000000000,0.0,0.000000000,0.000000000,"",0,0,0,0,0,00,0,0*5a9f9a53
#HEADINGA,ICOM3,0,75.2,FINESTEERING,2437,11366.600,00000000,0000,810;SOL_COMPUTED,NONE,0.000000000,0.000000000,0.000000000,0.0,0.000000000,0.000000000,"",0,0,0,0,0,00,0,0*efbe8314
#HEADINGA,ICOM3,0,75.2,FINESTEERING,2437,11366.800,00000000,0000,810;SOL_COMPUTED,NONE,0.000000000,0.000000000,0.000000000,0.0,0.000000000,0.000000000,"",0,0,0,0,0,00,0,0*52bbc143
#HEADINGA,ICOM3,0,75.2,FINESTEERING,2437,11367.000,00000000,0000,810;SOL_COMPUTED,NONE,0.000000000,0.000000000,0.000000000,0.0,0.000000000,0.000000000,"",0,0,0,0,0,00,0,0*6bbdcfad
#HEADINGA,ICOM3,0,75.2,FINESTEERING,2437,11367.200,00000000,0000,810;SOL_COMPUTED,NONE,0.000000000,0.000000000,0.000000000,0.0,0.000000000,0.000000000,"",0,0,0,0,0,00,0,0*de9cd6ea
#HEADINGA,ICOM3,0,77.6,FINESTEERING,2437,11367.400,00000000,0000,810;SOL_COMPUTED,NONE,0.000000000,0.000000000,0.000000000,0.0,0.000000000,0.000000000,"",0,0,0,0,0,00,0,0*70cd1dc5
#HEADINGA,ICOM3,0,77.6,FINESTEERING,2437,11367.600,00000000,0000,810;SOL_COMPUTED,NONE,0.000000000,0.000000000,0.000000000,0.0,0.000000000,0.000000000,"",0,0,0,0,0,00,0,0*c5ec0482
#HEADINGA,ICOM3,0,77.6,FINESTEERING,2437,11367.800,00000000,0000,810;SOL_COMPUTED,NONE,0.000000000,0.000000000,0.000000000,0.0,0.000000000,0.000000000,"",0,0,0,0,0,00,0,0*78e946d5
#HEADINGA,ICOM3,0,77.6,FINESTEERING,2437,11368.000,00000000,0000,810;SOL_COMPUTED,NONE,0.000000000,0.000000000,0.000000000,0.0,0.000000000,0.000000000,"",0,0,0,0,0,00,0,0*2cc71e11
#HEADINGA,ICOM3,0,77.6,FINESTEERING,2437,11368.200,00000000,0000,810;SOL_COMPUTED,NONE,0.000000000,0.000000000,0.000000000,0.0,0.000000000,0.000000000,"",0,0,0,0,0,00,0,0*99e60756
#HEADINGA,ICOM3,0,77.3,FINESTEERING,2437,11368.400,00000000,0000,810;SOL_COMPUTED,NONE,0.000000000,0.000000000,0.000000000,0.0,0.000000000,0.000000000,"",0,0,0,0,0,00,0,0*cffe2218
#HEADINGA,ICOM3,0,77.3,FINESTEERING,2437,11368.600,00000000,0000,810;SOL_COMPUTED,NONE,0.000000000,0.000000000,0.000000000,0.0,0.000000000,0.000000000,"",0,0,0,0,0,00,0,0*7adf3b5f
#HEADINGA,ICOM3,0,77.3,FINESTEERING,2437,11368.800,00000000,0000,810;SOL_COMPUTED,NONE,0.000000000,0.000000000,0.000000000,0.0,0.000000000,0.000000000,"",0,0,0,0,0,00,0,0*c7da7908
#HEADINGA,ICOM3,0,77.3,FINESTEERING,2437,11369.000,00000000,0000,810;SOL_COMPUTED,NONE,0.000000000,0.000000000,0.000000000,0.0,0.000000000,0.000000000,"",0,0,0,0,0,00,0,0*fedc77e6
#HEADINGA,ICOM3,0,77.3,FINESTEERING,2437,11369.200,00000000,0000,810;SOL_COMPUTED,NONE,0.000000000,0.000000000,0.000000000,0.0,0.000000000,0.000000000,"",0,0,0,0,0,00,0,0*4bfd6ea1
#HEADINGA,ICOM3,0,77.3,FINESTEERING,2437,11369.400,00000000,0000,810;SOL_COMPUTED,NONE,0.000000000,0.000000000,0.000000000,0.0,0.000000000,0.000000000,"",0,0,0,0,0,00,0,0*4fef4329
#HEADINGA,ICOM3,0,77.3,FINESTEERING,2437,11369.600,00000000,0000,810;SOL_COMPUTED,NONE,0.000000000,0.000000000,0.000000000,0.0,0.000000000,0.000000000,"",0,0,0,0,0,00,0,0*face5a6e
#HEADINGA,ICOM3,0,77.3,FINESTEERING,2437,11369.800,00000000,0000,810;SOL_COMPUTED,NONE,0.000000000,0.000000000,0.000000000,0.0,0.000000000,0.000000000,"",0,0,0,0,0,00,0,0*47cb1839
#HEADINGA,ICOM3,0,77.3,FINESTEERING,2437,11370.000,00000000,0000,810;SOL_COMPUTED,NONE,0.000000000,0.000000000,0.000000000,0.0,0.000000000,0.000000000,"",0,0,0,0,0,00,0,0*f43e1b82
#HEADINGA,ICOM3,0,77.3,FINESTEERING,2437,11370.200,00000000,0000,810;SOL_COMPUTED,NONE,0.000000000,0.000000000,0.000000000,0.0,0.000000000,0.000000000,"",0,0,0,0,0,00,0,0*411f02c5
#HEADINGA,ICOM3,0,75.0,FINESTEERING,2437,11370.400,00000000,0000,810;SOL_COMPUTED,NONE,0.000000000,0.000000000,0.000000000,0.0,0.000000000,0.000000000,"",0,0,0,0,0,00,0,0*9c159150
#HEADINGA,ICOM3,0,75.0,FINESTEERING,2437,11370.600,00000000,0000,810;SOL_COMPUTED,NONE,0.000000000,0.000000000,0.000000000,0.0,0.000000000,0.000000000,"",0,0,0,0,0,00,0,0*29348817
#HEADINGA,ICOM3,0,75.0,FINESTEERING,2437,11370.800,00000000,0000,810;SOL_COMPUTED,NONE,0.000000000,0.000000000,0.000000000,0.0,0.000000000,0.000000000,"",0,0,0,0,0,00,0,0*9431ca40
#HEADINGA,ICOM3,0,75.0,FINESTEERING,2437,11371.000,00000000,0000,810;SOL_COMPUTED,NONE,0.000000000,0.000000000,0.000000000,0.0,0.000000000,0.000000000,"",0,0,0,0,0,00,0,0*ad37c4ae
#HEADINGA,ICOM3,0,75.0,FINESTEERING,2437,11371.200,00000000,0000,810;SOL_COMPUTED,NONE,0.000000000,0.000000000,0.000000000,0.0,0.000000000,0.000000000,"",0,0,0,0,0,00,0,0*1816dde9
#HEADINGA,ICOM3,0,74.6,FINESTEERING,2437,11371.400,00000000,0000,810;SOL_COMPUTED,NONE,0.000000000,0.000000000,0.000000000,0.0,0.000000000,0.000000000,"",0,0,0,0,0,00,0,0*e63f20ea
#HEADINGA,ICOM3,0,74.6,FINESTEERING,2437,11371.600,00000000,0000,810;SOL_COMPUTED,NONE,0.000000000,0.000000000,0.000000000,0.0,0.000000000,0.000000000,"",0,0,0,0,0,00,0,0*531e39ad
#HEADINGA,ICOM3,0,74.6,FINESTEERING,2437,11371.800,00000000,0000,810;SOL_COMPUTED,NONE,0.000000000,0.000000000,0.000000000,0.0,0.000000000,0.000000000,"",0,0,0,0,0,00,0,0*ee1b7bfa
#HEADINGA,ICOM3,0,74.6,FINESTEERING,2437,11372.000,00000000,0000,810;SOL_COMPUTED,NONE,0.000000000,0.000000000,0.000000000,0.0,0.000000000,0.000000000,"",0,0,0,0,0,00,0,0*0c4eb137
#HEADINGA,ICOM3,0,74.6,FINESTEERING,2437,11372.200,00000000,0000,810;SOL_COMPUTED,NONE,0.000000000,0.000000000,0.000000000,0.0,0.000000000,0.000000000,"",0,0,0,0,0,00,0,0*b96fa870
#HEADINGA,ICOM3,0,74.6,FINESTEERING,2437,11372.400,00000000,0000,810;SOL_COMPUTED,NONE,0.000000000,0.000000000,0.000000000,0.0,0.000000000,0.000000000,"",0,0,0,0,0,00,0,0*bd7d85f8
#HEADINGA,ICOM3,0,59.0,FINESTEERING,2437,11372.600,00000000,0000,810;SOL_COMPUTED,NONE,0.000000000,0.000000000,0.000000000,0.0,0.000000000,0.000000000,"",0,0,0,0,0,00,0,0*168f7e16
#HEADINGA,ICOM3,0,59.0,FINESTEERING,2437,11372.800,00000000,0000,810;SOL_COMPUTED,NONE,0.000000000,0.000000000,0.000000000,0.0,0.000000000,0.000000000,"",0,0,0,0,0,00,0,0*ab8a3c41
#HEADINGA,ICOM3,0,59.0,FINESTEERING,2437,11373.000,00000000,0000,810;SOL_COMPUTED,NONE,0.000000000,0.000000000,0.000000000,0.0,0.000000000,0.000000000,"",0,0,0,0,0,00,0,0*928c32af
#HEADINGA,ICOM3,0,59.0,FINESTEERING,2437,11373.200,00000000,0000,810;SOL_COMPUTED,NONE,0.000000000,0.000000000,0.000000000,0.0,0.000000000,0.000000000,"",0,0,0,0,0,00,0,0*27ad2be8
#HEADINGA,ICOM3,0,69.5,FINESTEERING,2437,11373.400,00000000,0000,810;SOL_COMPUTED,NONE,0.000000000,0.000000000,0.000000000,0.0,0.000000000,0.000000000,"",0,0,0,0,0,00,0,0*1aaf7634
#HEADINGA,ICOM3,0,69.5,FINESTEERING,2437,11373.600,00000000,0000,810;SOL_COMPUTED,NONE,0.000000000,0.000000000,0.000000000,0.0,0.000000000,0.000000000,"",0,0,0,0,0,00,0,0*af8e6f73
#HEADINGA,ICOM3,0,69.5,FINESTEERING,2437,11373.800,00000000,0000,810;SOL_COMPUTED,NONE,0.000000000,0.000000000,0.000000000,0.0,0.000000000,0.000000000,"",0,0,0,0,0,00,0,0*128b2d24
#HEADINGA,ICOM3,0,69.5,FINESTEERING,2437,11374.000,00000000,0000,810;SOL_COMPUTED,NONE,0.000000000,0.000000000,0.000000000,0.0,0.000000000,0.000000000,"",0,0,0,0,0,00,0,0*9d0869ee
#HEADINGA,ICOM3,0,69.5,FINESTEERING,2437,11374.200,00000000,0000,810;SOL_COMPUTED,NONE,0.000000000,0.000000000,0.000000000,0.0,0.000000000,0.000000000,"",0,0,0,0,0,00,0,0*282970a9
#HEADINGA,ICOM3,0,70.7,FINESTEERING,2437,11374.400,00000000,0000,810;SOL_COMPUTED,NONE,0.000000000,0.000000000,0.000000000,0.0,0.000000000,0.000000000,"",0,0,0,0,0,00,0,0*11e3ed1d
#HEADINGA,ICOM3,0,70.7,FINESTEERING,2437,11374.600,00000000,0000,810;SOL_COMPUTED,NONE,0.000000000,0.000000000,0.000000000,0.0,0.000000000,0.000000000,"",0,0,0,0,0,00,0,0*a4c2f45a
#HEADINGA,ICOM3,0,70.7,FINESTEERING,2437,11374.800,00000000,0000,810;SOL_COMPUTED,NONE,0.000000000,0.000000000,0.000000000,0.0,0.000000000,0.000000000,"",0,0,0,0,0,00,0,0*19c7b60d
#HEADINGA,ICOM3,0,70.7,FINESTEERING,2437,11375.000,00000000,0000,810;SOL_COMPUTED,NONE,0.000000000,0.000000000,0.000000000,0.0,0.000000000,0.000000000,"",0,0,0,0,0,00,0,0*20c1b8e3
#HEADINGA,ICOM3,0,70.7,FINESTEERING,2437,11375.200,00000000,0000,810;SOL_COMPUTED,NONE,0.000000000,0.000000000,0.000000000,0.0,0.000000000,0.000000000,"",0,0,0,0,0,00,0,0*95e0a1a4
#HEADINGA,ICOM3,0,71.7,FINESTEERING,2437,11375.400,00000000,0000,810;SOL_COMPUTED,NONE,0.000000000,0.000000000,0.000000000,0.0,0.000000000,0.000000000,"",0,0,0,0,0,00,0,0*083aac23
#HEADINGA,ICOM3,0,71.7,FINESTEERING,2437,11375.600,00000000,0000,810;SOL_COMPUTED,NONE,0.000000000,0.000000000,0.000000000,0.0,0.000000000,0.000000000,"",0,0,0,0,0,00,0,0*bd1bb564
#HEADINGA,ICOM3,0,71.7,FINESTEERING,2437,11375.800,00000000,0000,810;SOL_COMPUTED,NONE,0.000000000,0.000000000,0.000000000,0.0,0.000000000,0.000000000,"",0,0,0,0,0,00,0,0*001ef733
#HEADINGA,ICOM3,0,71.7,FINESTEERING,2437,11376.000,00000000,0000,810;SOL_COMPUTED,NONE,0.000000000,0.000000000,0.000000000,0.0,0.000000000,0.000000000,"",0,0,0,0,0,00,0,0*e24b3dfe
#HEADINGA,ICOM3,0,71.7,FINESTEERING,2437,11376.200,00000000,0000,810;SOL_COMPUTED,NONE,0.000000000,0.000000000,0.000000000,0.0,0.000000000,0.000000000,"",0,0,0,0,0,00,0,0*576a24b9
#HEADINGA,ICOM3,0,69.6,FINESTEERING,2437,11376.400,00000000,0000,810;SOL_COMPUTED,NONE,0.000000000,0.000000000,0.000000000,0.0,0.000000000,0.000000000,"",0,0,0,0,0,00,0,0*c6916140
#HEADINGA,ICOM3,0,69.6,FINESTEERING,2437,11376.600,00000000,0000,810;SOL_COMPUTED,NONE,0.000000000,0.000000000,0.000000000,0.0,0.000000000,0.000000000,"",0,0,0,0,0,00,0,0*73b07807
#HEADINGA,ICOM3,0,69.6,FINESTEERING,2437,11376.800,00000000,0000,810;SOL_COMPUTED,NONE,0.000000000,0.000000000,0.000000000,0.0,0.000000000,0.000000000,"",0,0,0,0,0,00,0,0*ceb53a50
#HEADINGA,ICOM3,0,69.6,FINESTEERING,2437,11377.000,00000000,0000,810;SOL_COMPUTED,NONE,0.000000000,0.000000000,0.000000000,0.0,0.000000000,0.000000000,"",0,0,0,0,0,00,0,0*f7b334be
#HEADINGA,ICOM3,0,69.6,FINESTEERING,2437,11377.200,00000000,0000,810;SOL_COMPUTED,NONE,0.000000000,0.000000000,0.000000000,0.0,0.000000000,0.000000000,"",0,0,0,0,0,00,0,0*42922df9
#HEADINGA,ICOM3,0,73.4,FINESTEERING,2437,11377.400,00000000,0000,810;SOL_COMPUTED,NONE,0.000000000,0.000000000,0.000000000,0.0,0.000000000,0.000000000,"",0,0,0,0,0,00,0,0*0a71d61d
#HEADINGA,ICOM3,0,73.4,FINESTEERING,2437,11377.600,00000000,0000,810;SOL_COMPUTED,NONE,0.000000000,0.000000000,0.000000000,0.0,0.000000000,0.000000000,"",0,0,0,0,0,00,0,0*bf50cf5a
#HEADINGA,ICOM3,0,73.4,FINESTEERING,2437,11377.800,00000000,0000,810;SOL_COMPUTED,NONE,0.000000000,0.000000000,0.000000000,0.0,0.000000000,0.000000000,"",0,0,0,0,0,00,0,0*02558d0d
#HEADINGA,ICOM3,0,73.4,FINESTEERING,2437,11378.000,00000000,0000,810;SOL_COMPUTED,NONE,0.000000000,0.000000000,0.000000000,0.0,0.000000000,0.000000000,"",0,0,0,0,0,00,0,0*567bd5c9
#HEADINGA,ICOM3,0,73.4,FINESTEERING,2437,11378.200,00000000,0000,810;SOL_COMPUTED,NONE,0.000000000,0.000000000,0.000000000,0.0,0.000000000,0.000000000,"",0,0,0,0,0,00,0,0*e35acc8e
#HEADINGA,ICOM3,0,76.1,FINESTEERING,2437,11378.400,00000000,0000,810;SOL_COMPUTED,NONE,0.000000000,0.000000000,0.000000000,0.0,0.000000000,0.000000000,"",0,0,0,0,0,00,0,0*26394330
#HEADINGA,ICOM3,0,76.1,FINESTEERING,2437,11378.600,00000000,0000,810;SOL_COMPUTED,NONE,0.000000000,0.000000000,0.000000000,0.0,0.000000000,0.000000000,"",0,0,0,0,0,00,0,0*93185a77
#HEADINGA,ICOM3,0,76.1,FINESTEERING,2437,11378.800,00000000,0000,810;SOL_COMPUTED,NONE,0.000000000,0.000000000,0.000000000,0.0,0.000000000,0.000000000,"",0,0,0,0,0,00,0,0*2e1d1820
#HEADINGA,ICOM3,0,76.1,FINESTEERING,2437,11379.000,00000000,0000,810;SOL_COMPUTED,NONE,0.000000000,0.000000000,0.000000000,0.0,0.000000000,0.000000000,"",0,0,0,0,0,00,0,0*171b16ce
#HEADINGA,ICOM3,0,76.1,FINESTEERING,2437,11379.200,00000000,0000,810;SOL_COMPUTED,NONE,0.000000000,0.000000000,0.000000000,0.0,0.000000000,0.000000000,"",0,0,0,0,0,00,0,0*a23a0f89
#HEADINGA,ICOM3,0,76.8,FINESTEERING,2437,11379.400,00000000,0000,810;SOL_COMPUTED,NONE,0.000000000,0.000000000,0.000000000,0.0,0.000000000,0.000000000,"",0,0,0,0,0,00,0,0*33c5cbcf
#HEADINGA,ICOM3,0,76.8,FINESTEERING,2437,11379.600,00000000,0000,810;SOL_COMPUTED,NONE,0.000000000,0.000000000,0.000000000,0.0,0.000000000,0.000000000,"",0,0,0,0,0,00,0,0*86e4d288
#HEADINGA,ICOM3,0,76.8,FINESTEERING,2437,11379.800,00000000,0000,810;SOL_COMPUTED,NONE,0.000000000,0.000000000,0.000000000,0.0,0.000000000,0.000000000,"",0,0,0,0,0,00,0,0*3be190df
#HEADINGA,ICOM3,0,76.8,FINESTEERING,2437,11380.000,00000000,0000,810;SOL_COMPUTED,NONE,0.000000000,0.000000000,0.000000000,0.0,0.000000000,0.000000000,"",0,0,0,0,0,00,0,0*53c272e4
#HEADINGA,ICOM3,0,76.8,FINESTEERING,2437,11380.200,00000000,0000,810;SOL_COMPUTED,NONE,0.000000000,0.000000000,0.000000000,0.0,0.000000000,0.000000000,"",0,0,0,0,0,00,0,0*e6e36ba3
#HEADINGA,ICOM3,0,76.8,FINESTEERING,2437,11380.400,00000000,0000,810;SOL_COMPUTED,NONE,0.000000000,0.000000000,0.000000000,0.0,0.000000000,0.000000000,"",0,0,0,0,0,00,0,0*e2f1462b
#HEADINGA,ICOM3,0,76.8,FINESTEERING,2437,11380.600,00000000,0000,810;SOL_COMPUTED,NONE,0.000000000,0.000000000,0.000000000,0.0,0.000000000,0.000000000,"",0,0,0,0,0,00,0,0*57d05f6c
#HEADINGA,ICOM3,0,76.8,FINESTEERING,2437,11380.800,00000000,0000,810;SOL_COMPUTED,NONE,0.000000000,0.000000000,0.000000000,0.0,0.000000000,0.000000000,"",0,0,0,0,0,00,0,0*ead51d3b
#HEADINGA,ICOM3,0,76.8,FINESTEERING,2437,11381.000,00000000,0000,810;SOL_COMPUTED,NONE,0.000000000,0.000000000,0.000000000,0.0,0.000000000,0.000000000,"",0,0,0,0,0,00,0,0*d3d313d5
#HEADINGA,ICOM3,0,76.8,FINESTEERING,2437,11381.200,00000000,0000,810;SOL_COMPUTED,NONE,0.000000000,0.000000000,0.000000000,0.0,0.000000000,0.000000000,"",0,0,0,0,0,00,0,0*66f20a92
#HEADINGA,ICOM3,0,76.8,FINESTEERING,2437,11381.400,00000000,0000,810;SOL_COMPUTED,NONE,0.000000000,0.000000000,0.000000000,0.0,0.000000000,0.000000000,"",0,0,0,0,0,00,0,0*62e0271a
#HEADINGA,ICOM3,0,76.8,FINESTEERING,2437,11381.600,00000000,0000,810;SOL_COMPUTED,NONE,0.000000000,0.000000000,0.000000000,0.0,0.000000000,0.000000000,"",0,0,0,0,0,00,0,0*d7c13e5d
#HEADINGA,ICOM3,0,76.8,FINESTEERING,2437,11381.800,00000000,0000,810;SOL_COMPUTED,NONE,0.000000000,0.000000000,0.000000000,0.0,0.000000000,0.000000000,"",0,0,0,0,0,00,0,0*6ac47c0a
#HEADINGA,ICOM3,0,76.8,FINESTEERING,2437,11382.000,00000000,0000,810;SOL_COMPUTED,NONE,0.000000000,0.000000000,0.000000000,0.0,0.000000000,0.000000000,"",0,0,0,0,0,00,0,0*8891b6c7
#HEADINGA,ICOM3,0,76.8,FINESTEERING,2437,11382.200,00000000,0000,810;SOL_COMPUTED,NONE,0.000000000,0.000000000,0.000000000,0.0,0.000000000,0.000000000,"",0,0,0,0,0,00,0,0*3db0af80
#HEADINGA,ICOM3,0,75.9,FINESTEERING,2437,11382.400,00000000,0000,810;SOL_COMPUTED,NONE,0.000000000,0.000000000,0.000000000,0.0,0.000000000,0.000000000,"",0,0,0,0,0,00,0,0*58234c66
#HEADINGA,ICOM3,0,75.9,FINESTEERING,2437,11382.600,00000000,0000,810;SOL_COMPUTED,NONE,0.000000000,0.000000000,0.000000000,0.0,0.000000000,0.000000000,"",0,0,0,0,0,00,0,0*ed025521
#HEADINGA,ICOM3,0,75.9,FINESTEERING,2437,11382.800,00000000,0000,810;SOL_COMPUTED,NONE,0.000000000,0.000000000,0.000000000,0.0,0.000000000,0.000000000,"",0,0,0,0,0,00,0,0*50071776
#HEADINGA,ICOM3,0,75.9,FINESTEERING,2437,11383.000,00000000,0000,810;SOL_COMPUTED,NONE,0.000000000,0.000000000,0.000000000,0.0,0.000000000,0.000000000,"",0,0,0,0,0,00,0,0*69011998
#HEADINGA,ICOM3,0,75.9,FINESTEERING,2437,11383.200,00000000,0000,810;SOL_COMPUTED,NONE,0.000000000,0.000000000,0.000000000,0.0,0.000000000,0.000000000,"",0,0,0,0,0,00,0,0*dc2000df
#HEADINGA,ICOM3,0,76.2,FINESTEERING,2437,11383.400,00000000,0000,810;SOL_COMPUTED,NONE,0.000000000,0.000000000,0.000000000,0.0,0.000000000,0.000000000,"",0,0,0,0,0,00,0,0*1da7f2b5
#HEADINGA,ICOM3,0,76.2,FINESTEERING,2437,11383.600,00000000,0000,810;SOL_COMPUTED,NONE,0.000000000,0.000000000,0.000000000,0.0,0.000000000,0.000000000,"",0,0,0,0,0,00,0,0*a886ebf2
#HEADINGA,ICOM3,0,76.2,FINESTEERING,2437,11383.800,00000000,0000,810;SOL_COMPUTED,NONE,0.000000000,0.000000000,0.000000000,0.0,0.000000000,0.000000000,"",0,0,0,0,0,00,0,0*1583a9a5
#HEADINGA,ICOM3,0,76.2,FINESTEERING,2437,11384.000,00000000,0000,810;SOL_COMPUTED,NONE,0.000000000,0.000000000,0.000000000,0.0,0.000000000,0.000000000,"",0,0,0,0,0,00,0,0*9a00ed6f
#HEADINGA,ICOM3,0,76.2,FINESTEERING,2437,11384.200,00000000,0000,810;SOL_COMPUTED,NONE,0.000000000,0.000000000,0.000000000,0.0,0.000000000,0.000000000,"",0,0,0,0,0,00,0,0*2f21f428
#HEADINGA,ICOM3,0,72.7,FINESTEERING,2437,11384.400,00000000,0000,810;SOL_COMPUTED,NONE,0.000000000,0.000000000,0.000000000,0.0,0.000000000,0.000000000,"",0,0,0,0,0,00,0,0*738a5b99
#HEADINGA,ICOM3,0,72.7,FINESTEERING,2437,11384.600,00000000,0000,810;SOL_COMPUTED,NONE,0.000000000,0.000000000,0.000000000,0.0,0.000000000,0.000000000,"",0,0,0,0,0,00,0,0*c6ab42de
#HEADINGA,ICOM3,0,72.7,FINESTEERING,2437,11384.800,00000000,0000,810;SOL_COMPUTED,NONE,0.000000000,0.000000000,0.000000000,0.0,0.000000000,0.000000000,"",0,0,0,0,0,00,0,0*7bae0089
#HEADINGA,ICOM3,0,72.7,FINESTEERING,2437,11385.000,00000000,0000,810;SOL_COMPUTED,NONE,0.000000000,0.000000000,0.000000000,0.0,0.000000000,0.000000000,"",0,0,0,0,0,00,0,0*42a80e67
#HEADINGA,ICOM3,0,72.7,FINESTEERING,2437,11385.200,00000000,0000,810;SOL_COMPUTED,NONE,0.000000000,0.000000000,0.000000000,0.0,0.000000000,0.000000000,"",0,0,0,0,0,00,0,0*f7891720
#HEADINGA,ICOM3,0,73.1,FINESTEERING,2437,11385.400,00000000,0000,810;SOL_COMPUTED,NONE,0.000000000,0.000000000,0.000000000,0.0,0.000000000,0.000000000,"",0,0,0,0,0,00,0,0*09a0ea23
#HEADINGA,ICOM3,0,73.1,FINESTEERING,2437,11385.600,00000000,0000,810;SOL_COMPUTED,NONE,0.000000000,0.000000000,0.000000000,0.0,0.000000000,0.000000000,"",0,0,0,0,0,00,0,0*bc81f364
#HEADINGA,ICOM3,0,73.1,FINESTEERING,2437,11385.800,00000000,0000,810;SOL_COMPUTED,NONE,0.000000000,0.000000000,0.000000000,0.0,0.000000000,0.000000000,"",0,0,0,0,0,00,0,0*0184b133
#HEADINGA,ICOM3,0,73.1,FINESTEERING,2437,11386.000,00000000,0000,810;SOL_COMPUTED,NONE,0.000000000,0.000000000,0.000000000,0.0,0.000000000,0.000000000,"",0,0,0,0,0,00,0,0*e3d17bfe
#HEADINGA,ICOM3,0,73.1,FINESTEERING,2437,11386.200,00000000,0000,810;SOL_COMPUTED,NONE,0.000000000,0.000000000,0.000000000,0.0,0.000000000,0.000000000,"",0,0,0,0,0,00,0,0*56f062b9
#HEADINGA,ICOM3,0,76.1,FINESTEERING,2437,11386.400,00000000,0000,810;SOL_COMPUTED,NONE,0.000000000,0.000000000,0.000000000,0.0,0.000000000,0.000000000,"",0,0,0,0,0,00,0,0*c199e5c1
#HEADINGA,ICOM3,0,76.1,FINESTEERING,2437,11386.600,00000000,0000,810;SOL_COMPUTED,NONE,0.000000000,0.000000000,0.000000000,0.0,0.000000000,0.000000000,"",0,0,0,0,0,00,0,0*74b8fc86
#HEADINGA,ICOM3,0,76.1,FINESTEERING,2437,11386.800,00000000,0000,810;SOL_COMPUTED,NONE,0.000000000,0.000000000,0.000000000,0.0,0.000000000,0.000000000,"",0,0,0,0,0,00,0,0*c9bdbed1
#HEADINGA,ICOM3,0,76.1,FINESTEERING,2437,11387.000,00000000,0000,810;SOL_COMPUTED,NONE,0.000000000,0.000000000,0.000000000,0.0,0.000000000,0.000000000,"",0,0,0,0,0,00,0,0*f0bbb03f
#HEADINGA,ICOM3,0,76.1,FINESTEERING,2437,11387.200,00000000,0000,810;SOL_COMPUTED,NONE,0.000000000,0.000000000,0.000000000,0.0,0.000000000,0.000000000,"",0,0,0,0,0,00,0,0*459aa978
#HEADINGA,ICOM3,0,75.7,FINESTEERING,2437,11387.400,00000000,0000,810;SOL_COMPUTED,NONE,0.000000000,0.000000000,0.000000000,0.0,0.000000000,0.000000000,"",0,0,0,0,0,00,0,0*53521224
#HEADINGA,ICOM3,0,75.7,FINESTEERING,2437,11387.600,00000000,0000,810;SOL_COMPUTED,NONE,0.000000000,0.000000000,0.000000000,0.0,0.000000000,0.000000000,"",0,0,0,0,0,00,0,0*e6730b63
#HEADINGA,ICOM3,0,75.7,FINESTEERING,2437,11387.800,00000000,0000,810;SOL_COMPUTED,NONE,0.000000000,0.000000000,0.000000000,0.0,0.000000000,0.000000000,"",0,0,0,0,0,00,0,0*5b764934
#HEADINGA,ICOM3,0,75.7,FINESTEERING,2437,11388.000,00000000,0000,810;SOL_COMPUTED,NONE,0.000000000,0.000000000,0.000000000,0.0,0.000000000,0.000000000,"",0,0,0,0,0,00,0,0*0f5811f0
#HEADINGA,ICOM3,0,75.7,FINESTEERING,2437,11388.200,00000000,0000,810;SOL_COMPUTED,NONE,0.000000000,0.000000000,0.000000000,0.0,0.000000000,0.000000000,"",0,0,0,0,0,00,0,0*ba7908b7
#HEADINGA,ICOM3,0,70.0,FINESTEERING,2437,11388.400,00000000,0000,810;SOL_COMPUTED,NONE,0.000000000,0.000000000,0.000000000,0.0,0.000000000,0.000000000,"",0,0,0,0,0,00,0,0*5e4bd775
#HEADINGA,ICOM3,0,70.0,FINESTEERING,2437,11388.600,00000000,0000,810;SOL_COMPUTED,NONE,0.000000000,0.000000000,0.000000000,0.0,0.000000000,0.000000000,"",0,0,0,0,0,00,0,0*eb6ace32
#HEADINGA,ICOM3,0,70.0,FINESTEERING,2437,11388.800,00000000,0000,810;SOL_COMPUTED,NONE,0.000000000,0.000000000,0.000000000,0.0,0.000000000,0.000000000,"",0,0,0,0,0,00,0,0*566f8c65
#HEADINGA,ICOM3,0,70.0,FINESTEERING,2437,11389.000,00000000,0000,810;SOL_COMPUTED,NONE,0.000000000,0.000000000,0.000000000,0.0,0.000000000,0.000000000,"",0,0,0,0,0,00,0,0*6f69828b
#HEADINGA,ICOM3,0,70.0,FINESTEERING,2437,11389.200,00000000,0000,810;SOL_COMPUTED,NONE,0.000000000,0.000000000,0.000000000,0.0,0.000000000,0.000000000,"",0,0,0,0,0,00,0,0*da489bcc
#HEADINGA,ICOM3,0,72.8,FINESTEERING,2437,11389.400,00000000,0000,810;SOL_COMPUTED,NONE,0.000000000,0.000000000,0.000000000,0.0,0.000000000,0.000000000,"",0,0,0,0,0,00,0,0*b3feb1eb
#HEADINGA,ICOM3,0,72.8,FINESTEERING,2437,11389.600,00000000,0000,810;SOL_COMPUTED,NONE,0.000000000,0.000000000,0.000000000,0.0,0.000000000,0.000000000,"",0,0,0,0,0,00,0,0*06dfa8ac
#HEADINGA,ICOM3,0,72.8,FINESTEERING,2437,11389.800,00000000,0000,810;SOL_COMPUTED,NONE,0.000000000,0.000000000,0.000000000,0.0,0.000000000,0.000000000,"",0,0,0,0,0,00,0,0*bbdaeafb
#HEADINGA,ICOM3,0,72.8,FINESTEERING,2437,11390.000,00000000,0000,810;SOL_COMPUTED,NONE,0.000000000,0.000000000,0.000000000,0.0,0.000000000,0.000000000,"",0,0,0,0,0,00,0,0*082fe940
#HEADINGA,ICOM3,0,72.8,FINESTEERING,2437,11390.200,00000000,0000,810;SOL_COMPUTED,NONE,0.000000000,0.000000000,0.000000000,0.0,0.000000000,0.000000000,"",0,0,0,0,0,00,0,0*bd0ef007
#HEADINGA,ICOM3,0,71.8,FINESTEERING,2437,11390.400,00000000,0000,810;SOL_COMPUTED,NONE,0.000000000,0.000000000,0.000000000,0.0,0.000000000,0.000000000,"",0,0,0,0,0,00,0,0*c835bbdf
#HEADINGA,ICOM3,0,71.8,FINESTEERING,2437,11390.600,00000000,0000,810;SOL_COMPUTED,NONE,0.000000000,0.000000000,0.000000000,0.0,0.000000000,0.000000000,"",0,0,0,0,0,00,0,0*7d14a298
#HEADINGA,ICOM3,0,71.8,FINESTEERING,2437,11390.800,00000000,0000,810;SOL_COMPUTED,NONE,0.000000000,0.000000000,0.000000000,0.0,0.000000000,0.000000000,"",0,0,0,0,0,00,0,0*c011e0cf
#HEADINGA,ICOM3,0,71.8,FINESTEERING,2437,11391.000,00000000,0000,810;SOL_COMPUTED,NONE,0.000000000,0.000000000,0.000000000,0.0,0.000000000,0.000000000,"",0,0,0,0,0,00,0,0*f917ee21
#HEADINGA,ICOM3,0,71.8,FINESTEERING,2437,11391.200,00000000,0000,810;SOL_COMPUTED,NONE,0.000000000,0.000000000,0.000000000,0.0,0.000000000,0.000000000,"",0,0,0,0,0,00,0,0*4c36f766
#HEADINGA,ICOM3,0,73.7,FINESTEERING,2437,11391.400,00000000,0000,810;SOL_COMPUTED,NONE,0.000000000,0.000000000,0.000000000,0.0,0.000000000,0.000000000,"",0,0,0,0,0,00,0,0*56db85fb
#HEADINGA,ICOM3,0,73.7,FINESTEERING,2437,11391.600,00000000,0000,810;SOL_COMPUTED,NONE,0.000000000,0.000000000,0.000000000,0.0,0.000000000,0.000000000,"",0,0,0,0,0,00,0,0*e3fa9cbc
#HEADINGA,ICOM3,0,73.7,FINESTEERING,2437,11391.800,00000000,0000,810;SOL_COMPUTED,NONE,0.000000000,0.000000000,0.000000000,0.0,0.000000000,0.000000000,"",0,0,0,0,0,00,0,0*5effdeeb
#HEADINGA,ICOM3,0,73.7,FINESTEERING,2437,11392.000,00000000,0000,810;SOL_COMPUTED,NONE,0.000000000,0.000000000,0.000000000,0.0,0.000000000,0.000000000,"",0,0,0,0,0,00,0,0*bcaa1426
#HEADINGA,ICOM3,0,73.7,FINESTEERING,2437,11392.200,00000000,0000,810;SOL_COMPUTED,NONE,0.000000000,0.000000000,0.000000000,0.0,0.000000000,0.000000000,"",0,0,0,0,0,00,0,0*098b0d61
#HEADINGA,ICOM3,0,72.7,FINESTEERING,2437,11392.400,00000000,0000,810;SOL_COMPUTED,NONE,0.000000000,0.000000000,0.000000000,0.0,0.000000000,0.000000000,"",0,0,0,0,0,00,0,0*945100e6
#HEADINGA,ICOM3,0,72.7,FINESTEERING,2437,11392.600,00000000,0000,810;SOL_COMPUTED,NONE,0.000000000,0.000000000,0.000000000,0.0,0.000000000,0.000000000,"",0,0,0,0,0,00,0,0*217019a1
#HEADINGA,ICOM3,0,72.7,FINESTEERING,2437,11392.800,00000000,0000,810;SOL_COMPUTED,NONE,0.000000000,0.000000000,0.000000000,0.0,0.000000000,0.000000000,"",0,0,0,0,0,00,0,0*9c755bf6
#HEADINGA,ICOM3,0,72.7,FINESTEERING,2437,11393.000,00000000,0000,810;SOL_COMPUTED,NONE,0.000000000,0.000000000,0.000000000,0.0,0.000000000,0.000000000,"",0,0,0,0,0,00,0,0*a5735518
#HEADINGA,ICOM3,0,72.7,FINESTEERING,2437,11393.200,00000000,0000,810;SOL_COMPUTED,NONE,0.000000000,0.000000000,0.000000000,0.0,0.000000000,0.000000000,"",0,0,0,0,0,00,0,0*10524c5f
#HEADINGA,ICOM3,0,75.6,FINESTEERING,2437,11393.400,00000000,0000,810;SOL_COMPUTED,NONE,0.000000000,0.000000000,0.000000000,0.0,0.000000000,0.000000000,"",0,0,0,0,0,00,0,0*7f722546
#HEADINGA,ICOM3,0,75.6,FINESTEERING,2437,11393.600,00000000,0000,810;SOL_COMPUTED,NONE,0.000000000,0.000000000,0.000000000,0.0,0.000000000,0.000000000,"",0,0,0,0,0,00,0,0*ca533c01
#HEADINGA,ICOM3,0,75.6,FINESTEERING,2437,11393.800,00000000,0000,810;SOL_COMPUTED,NONE,0.000000000,0.000000000,0.000000000,0.0,0.000000000,0.000000000,"",0,0,0,0,0,00,0,0*77567e56
#HEADINGA,ICOM3,0,75.6,FINESTEERING,2437,11394.000,00000000,0000,810;SOL_COMPUTED,NONE,0.000000000,0.000000000,0.000000000,0.0,0.000000000,0.000000000,"",0,0,0,0,0,00,0,0*f8d53a9c
#HEADINGA,ICOM3,0,75.6,FINESTEERING,2437,11394.200,00000000,0000,810;SOL_COMPUTED,NONE,0.000000000,0.000000000,0.000000000,0.0,0.000000000,0.000000000,"",0,0,0,0,0,00,0,0*4df423db
#HEADINGA,ICOM3,0,72.9,FINESTEERING,2437,11394.400,00000000,0000,810;SOL_COMPUTED,NONE,0.000000000,0.000000000,0.000000000,0.0,0.000000000,0.000000000,"",0,0,0,0,0,00,0,0*c462fbb6
#HEADINGA,ICOM3,0,72.9,FINESTEERING,2437,11394.600,00000000,0000,810;SOL_COMPUTED,NONE,0.000000000,0.000000000,0.000000000,0.0,0.000000000,0.000000000,"",0,0,0,0,0,00,0,0*7143e2f1
#HEADINGA,ICOM3,0,72.9,FINESTEERING,2437,11394.800,00000000,0000,810;SOL_COMPUTED,NONE,0.000000000,0.000000000,0.000000000,0.0,0.000000000,0.000000000,"",0,0,0,0,0,00,0,0*cc46a0a6
#HEADINGA,ICOM3,0,72.9,FINESTEERING,2437,11395.000,00000000,0000,810;SOL_COMPUTED,NONE,0.000000000,0.000000000,0.000000000,0.0,0.000000000,0.000000000,"",0,0,0,0,0,00,0,0*f540ae48
#HEADINGA,ICOM3,0,72.9,FINESTEERING,2437,11395.200,00000000,0000,810;SOL_COMPUTED,NONE,0.000000000,0.000000000,0.000000000,0.0,0.000000000,0.000000000,"",0,0,0,0,0,00,0,0*4061b70f
#HEADINGA,ICOM3,0,76.9,FINESTEERING,2437,11395.400,00000000,0000,810;SOL_COMPUTED,NONE,0.000000000,0.000000000,0.000000000,0.0,0.000000000,0.000000000,"",0,0,0,0,0,00,0,0*4ec01078
#HEADINGA,ICOM3,0,76.9,FINESTEERING,2437,11395.600,00000000,0000,810;SOL_COMPUTED,NONE,0.000000000,0.000000000,0.000000000,0.0,0.000000000,0.000000000,"",0,0,0,0,0,00,0,0*fbe1093f
#HEADINGA,ICOM3,0,76.9,FINESTEERING,2437,11395.800,00000000,0000,810;SOL_COMPUTED,NONE,0.000000000,0.000000000,0.000000000,0.0,0.000000000,0.000000000,"",0,0,0,0,0,00,0,0*46e44b68
#HEADINGA,ICOM3,0,76.9,FINESTEERING,2437,11396.000,00000000,0000,810;SOL_COMPUTED,NONE,0.000000000,0.000000000,0.000000000,0.0,0.000000000,0.000000000,"",0,0,0,0,0,00,0,0*a4b181a5
#HEADINGA,ICOM3,0,76.9,FINESTEERING,2437,11396.200,00000000,0000,810;SOL_COMPUTED,NONE,0.000000000,0.000000000,0.000000000,0.0,0.000000000,0.000000000,"",0,0,0,0,0,00,0,0*119098e2
#HEADINGA,ICOM3,0,76.8,FINESTEERING,2437,11396.400,00000000,0000,810;SOL_COMPUTED,NONE,0.000000000,0.000000000,0.000000000,0.0,0.000000000,0.000000000,"",0,0,0,0,0,00,0,0*052a1d54
#HEADINGA,ICOM3,0,76.8,FINESTEERING,2437,11396.600,00000000,0000,810;SOL_COMPUTED,NONE,0.000000000,0.000000000,0.000000000,0.0,0.000000000,0.000000000,"",0,0,0,0,0,00,0,0*b00b0413
#HEADINGA,ICOM3,0,76.8,FINESTEERING,2437,11396.800,00000000,0000,810;SOL_COMPUTED,NONE,0.000000000,0.000000000,0.000000000,0.0,0.000000000,0.000000000,"",0,0,0,0,0,00,0,0*0d0e4644
#HEADINGA,ICOM3,0,76.8,FINESTEERING,2437,11397.000,00000000,0000,810;SOL_COMPUTED,NONE,0.000000000,0.000000000,0.000000000,0.0,0.000000000,0.000000000,"",0,0,0,0,0,00,0,0*340848aa
#HEADINGA,ICOM3,0,76.8,FINESTEERING,2437,11397.200,00000000,0000,810;SOL_COMPUTED,NONE,0.000000000,0.000000000,0.000000000,0.0,0.000000000,0.000000000,"",0,0,0,0,0,00,0,0*812951ed
#HEADINGA,ICOM3,0,76.9,FINESTEERING,2437,11397.400,00000000,0000,810;SOL_COMPUTED,NONE,0.000000000,0.000000000,0.000000000,0.0,0.000000000,0.000000000,"",0,0,0,0,0,00,0,0*9593d45b
#HEADINGA,ICOM3,0,76.9,FINESTEERING,2437,11397.600,00000000,0000,810;SOL_COMPUTED,NONE,0.000000000,0.000000000,0.000000000,0.0,0.000000000,0.000000000,"",0,0,0,0,0,00,0,0*20b2cd1c
#HEADINGA,ICOM3,0,76.9,FINESTEERING,2437,11397.800,00000000,0000,810;SOL_COMPUTED,NONE,0.000000000,0.000000000,0.000000000,0.0,0.000000000,0.000000000,"",0,0,0,0,0,00,0,0*9db78f4b
#HEADINGA,ICOM3,0,76.9,FINESTEERING,2437,11398.000,00000000,0000,810;SOL_COMPUTED,NONE,0.000000000,0.000000000,0.000000000,0.0,0.000000000,0.000000000,"",0,0,0,0,0,00,0,0*c999d78f
#HEADINGA,ICOM3,0,76.9,FINESTEERING,2437,11398.200,00000000,0000,810;SOL_COMPUTED,NONE,0.000000000,0.000000000,0.000000000,0.0,0.000000000,0.000000000,"",0,0,0,0,0,00,0,0*7cb8cec8
#HEADINGA,ICOM3,0,77.6,FINESTEERING,2437,11398.400,00000000,0000,810;SOL_COMPUTED,NONE,0.000000000,0.000000000,0.000000000,0.0,0.000000000,0.000000000,"",0,0,0,0,0,00,0,0*177cda05
#HEADINGA,ICOM3,0,77.6,FINESTEERING,2437,11398.600,00000000,0000,810;SOL_COMPUTED,NONE,0.000000000,0.000000000,0.000000000,0.0,0.000000000,0.000000000,"",0,0,0,0,0,00,0,0*a25dc342
#HEADINGA,ICOM3,0,77.6,FINESTEERING,2437,11398.800,00000000,0000,810;SOL_COMPUTED,NONE,0.000000000,0.000000000,0.000000000,0.0,0.000000000,0.000000000,"",0,0,0,0,0,00,0,0*1f588115
#HEADINGA,ICOM3,0,77.6,FINESTEERING,2437,11399.000,00000000,0000,810;SOL_COMPUTED,NONE,0.000000000,0.000000000,0.000000000,0.0,0.000000000,0.000000000,"",0,0,0,0,0,00,0,0*265e8ffb
#HEADINGA,ICOM3,0,77.6,FINESTEERING,2437,11399.200,00000000,0000,810;SOL_COMPUTED,NONE,0.000000000,0.000000000,0.000000000,0.0,0.000000000,0.000000000,"",0,0,0,0,0,00,0,0*937f96bc
#HEADINGA,ICOM3,0,75.7,FINESTEERING,2437,11399.400,00000000,0000,810;SOL_COMPUTED,NONE,0.000000000,0.000000000,0.000000000,0.0,0.000000000,0.000000000,"",0,0,0,0,0,00,0,0*6f245555
#HEADINGA,ICOM3,0,75.7,FINESTEERING,2437,11399.600,00000000,0000,810;SOL_COMPUTED,NONE,0.000000000,0.000000000,0.000000000,0.0,0.000000000,0.000000000,"",0,0,0,0,0,00,0,0*da054c12
#HEADINGA,ICOM3,0,75.7,FINESTEERING,2437,11399.800,00000000,0000,810;SOL_COMPUTED,NONE,0.000000000,0.000000000,0.000000000,0.0,0.000000000,0.000000000,"",0,0,0,0,0,00,0,0*67000e45
#HEADINGA,ICOM3,0,75.7,FINESTEERING,2437,11400.000,00000000,0000,810;SOL_COMPUTED,NONE,0.000000000,0.000000000,0.000000000,0.0,0.000000000,0.000000000,"",0,0,0,0,0,00,0,0*a89fa425
#HEADINGA,ICOM3,0,75.7,FINESTEERING,2437,11400.200,00000000,0000,810;SOL_COMPUTED,NONE,0.000000000,0.000000000,0.000000000,0.0,0.000000000,0.000000000,"",0,0,0,0,0,00,0,0*1dbebd62
#HEADINGA,ICOM3,0,74.3,FINESTEERING,2437,11400.400,00000000,0000,810;SOL_COMPUTED,NONE,0.000000000,0.000000000,0.000000000,0.0,0.000000000,0.000000000,"",0,0,0,0,0,00,0,0*c2c6101d
#HEADINGA,ICOM3,0,74.3,FINESTEERING,2437,11400.600,00000000,0000,810;SOL_COMPUTED,NONE,0.000000000,0.000000000,0.000000000,0.0,0.000000000,0.000000000,"",0,0,0,0,0,00,0,0*77e7095a
#HEADINGA,ICOM3,0,74.3,FINESTEERING,2437,11400.800,00000000,0000,810;SOL_COMPUTED,NONE,0.000000000,0.000000000,0.000000000,0.0,0.000000000,0.000000000,"",0,0,0,0,0,00,0,0*cae24b0d
#HEADINGA,ICOM3,0,74.3,FINESTEERING,2437,11401.000,00000000,0000,810;SOL_COMPUTED,NONE,0.000000000,0.000000000,0.000000000,0.0,0.000000000,0.000000000,"",0,0,0,0,0,00,0,0*f3e445e3
#HEADINGA,ICOM3,0,74.3,FINESTEERING,2437,11401.200,00000000,0000,810;SOL_COMPUTED,NONE,0.000000000,0.000000000,0.000000000,0.0,0.000000000,0.000000000,"",0,0,0,0,0,00,0,0*46c55ca4
#HEADINGA,ICOM3,0,74.8,FINESTEERING,2437,11401.400,00000000,0000,810;SOL_COMPUTED,NONE,0.000000000,0.000000000,0.000000000,0.0,0.000000000,0.000000000,"",0,0,0,0,0,00,0,0*f66bc89e
#HEADINGA,ICOM3,0,74.8,FINESTEERING,2437,11401.600,00000000,0000,810;SOL_COMPUTED,NONE,0.000000000,0.000000000,0.000000000,0.0,0.000000000,0.000000000,"",0,0,0,0,0,00,0,0*434ad1d9
#HEADINGA,ICOM3,0,74.8,FINESTEERING,2437,11401.800,00000000,0000,810;SOL_COMPUTED,NONE,0.000000000,0.000000000,0.000000000,0.0,0.000000000,0.000000000,"",0,0,0,0,0,00,0,0*fe4f938e
#HEADINGA,ICOM3,0,74.8,FINESTEERING,2437,11402.000,00000000,0000,810;SOL_COMPUTED,NONE,0.000000000,0.000000000,0.000000000,0.0,0.000000000,0.000000000,"",0,0,0,0,0,00,0,0*1c1a5943
#HEADINGA,ICOM3,0,74.8,FINESTEERING,2437,11402.200,00000000,0000,810;SOL_COMPUTED,NONE,0.000000000,0.000000000,0.000000000,0.0,0.000000000,0.000000000,"",0,0,0,0,0,00,0,0*a93b4004
#HEADINGA,ICOM3,0,75.1,FINESTEERING,2437,11402.400,00000000,0000,810;SOL_COMPUTED,NONE,0.000000000,0.000000000,0.000000000,0.0,0.000000000,0.000000000,"",0,0,0,0,0,00,0,0*a10ca44d
#HEADINGA,ICOM3,0,75.1,FINESTEERING,2437,11402.600,00000000,0000,810;SOL_COMPUTED,NONE,0.000000000,0.000000000,0.000000000,0.0,0.000000000,0.000000000,"",0,0,0,0,0,00,0,0*142dbd0a
#HEADINGA,ICOM3,0,75.1,FINESTEERING,2437,11402.800,00000000,0000,810;SOL_COMPUTED,NONE,0.000000000,0.000000000,0.000000000,0.0,0.000000000,0.000000000,"",0,0,0,0,0,00,0,0*a928ff5d
#HEADINGA,ICOM3,0,75.1,FINESTEERING,2437,11403.000,00000000,0000,810;SOL_COMPUTED,NONE,0.000000000,0.000000000,0.000000000,0.0,0.000000000,0.000000000,"",0,0,0,0,0,00,0,0*902ef1b3
#HEADINGA,ICOM3,0,75.1,FINESTEERING,2437,11403.200,00000000,0000,810;SOL_COMPUTED,NONE,0.000000000,0.000000000,0.000000000,0.0,0.000000000,0.000000000,"",0,0,0,0,0,00,0,0*250fe8f4
#HEADINGA,ICOM3,0,75.3,FINESTEERING,2437,11403.400,00000000,0000,810;SOL_COMPUTED,NONE,0.000000000,0.000000000,0.000000000,0.0,0.000000000,0.000000000,"",0,0,0,0,0,00,0,0*004c9500
#HEADINGA,ICOM3,0,75.3,FINESTEERING,2437,11403.600,00000000,0000,810;SOL_COMPUTED,NONE,0.000000000,0.000000000,0.000000000,0.0,0.000000000,0.000000000,"",0,0,0,0,0,00,0,0*b56d8c47
#HEADINGA,ICOM3,0,75.3,FINESTEERING,2437,11403.800,00000000,0000,810;SOL_COMPUTED,NONE,0.000000000,0.000000000,0.000000000,0.0,0.000000000,0.000000000,"",0,0,0,0,0,00,0,0*0868ce10
#HEADINGA,ICOM3,0,75.3,FINESTEERING,2437,11404.000,00000000,0000,810;SOL_COMPUTED,NONE,0.000000000,0.000000000,0.000000000,0.0,0.000000000,0.000000000,"",0,0,0,0,0,00,0,0*87eb8ada
#HEADINGA,ICOM3,0,75.3,FINESTEERING,2437,11404.200,00000000,0000,810;SOL_COMPUTED,NONE,0.000000000,0.000000000,0.000000000,0.0,0.000000000,0.000000000,"",0,0,0,0,0,00,0,0*32ca939d
#HEADINGA,ICOM3,0,75.7,FINESTEERING,2437,11404.400,00000000,0000,810;SOL_COMPUTED,NONE,0.000000000,0.000000000,0.000000000,0.0,0.000000000,0.000000000,"",0,0,0,0,0,00,0,0*747a1eed
#HEADINGA,ICOM3,0,75.7,FINESTEERING,2437,11404.600,00000000,0000,810;SOL_COMPUTED,NONE,0.000000000,0.000000000,0.000000000,0.0,0.000000000,0.000000000,"",0,0,0,0,0,00,0,0*c15b07aa
#HEADINGA,ICOM3,0,75.7,FINESTEERING,2437,11404.800,00000000,0000,810;SOL_COMPUTED,NONE,0.000000000,0.000000000,0.000000000,0.0,0.000000000,0.000000000,"",0,0,0,0,0,00,0,0*7c5e45fd
#HEADINGA,ICOM3,0,75.7,FINESTEERING,2437,11405.000,00000000,0000,810;SOL_COMPUTED,NONE,0.000000000,0.000000000,0.000000000,0.0,0.000000000,0.000000000,"",0,0,0,0,0,00,0,0*45584b13
#HEADINGA,ICOM3,0,75.7,FINESTEERING,2437,11405.200,00000000,0000,810;SOL_COMPUTED,NONE,0.000000000,0.000000000,0.000000000,0.0,0.000000000,0.000000000,"",0,0,0,0,0,00,0,0*f0795254
#HEADINGA,ICOM3,0,75.2,FINESTEERING,2437,11405.400,00000000,0000,810;SOL_COMPUTED,NONE,0.000000000,0.000000000,0.000000000,0.0,0.000000000,0.000000000,"",0,0,0,0,0,00,0,0*a661771a
#HEADINGA,ICOM3,0,75.2,FINESTEERING,2437,11405.600,00000000,0000,810;SOL_COMPUTED,NONE,0.000000000,0.000000000,0.000000000,0.0,0.000000000,0.000000000,"",0,0,0,0,0,00,0,0*13406e5d
#HEADINGA,ICOM3,0,75.2,FINESTEERING,2437,11405.800,00000000,0000,810;SOL_COMPUTED,NONE,0.000000000,0.000000000,0.000000000,0.0,0.000000000,0.000000000,"",0,0,0,0,0,00,0,0*ae452c0a
#HEADINGA,ICOM3,0,75.2,FINESTEERING,2437,11406.000,00000000,0000,810;SOL_COMPUTED,NONE,0.000000000,0.000000000,0.000000000,0.0,0.000000000,0.000000000,"",0,0,0,0,0,00,0,0*4c10e6c7
#HEADINGA,ICOM3,0,75.2,FINESTEERING,2437,11406.200,00000000,0000,810;SOL_COMPUTED,NONE,0.000000000,0.000000000,0.000000000,0.0,0.000000000,0.000000000,"",0,0,0,0,0,00,0,0*f931ff80
#HEADINGA,ICOM3,0,76.0,FINESTEERING,2437,11406.400,00000000,0000,810;SOL_COMPUTED,NONE,0.000000000,0.000000000,0.000000000,0.0,0.000000000,0.000000000,"",0,0,0,0,0,00,0,0*ad5be424
#HEADINGA,ICOM3,0,76.0,FINESTEERING,2437,11406.600,00000000,0000,810;SOL_COMPUTED,NONE,0.000000000,0.000000000,0.000000000,0.0,0.000000000,0.000000000,"",0,0,0,0,0,00,0,0*187afd63
#HEADINGA,ICOM3,0,76.0,FINESTEERING,2437,11406.800,00000000,0000,810;SOL_COMPUTED,NONE,0.000000000,0.000000000,0.000000000,0.0,0.000000000,0.000000000,"",0,0,0,0,0,00,0,0*a57fbf34
#HEADINGA,ICOM3,0,76.0,FINESTEERING,2437,11407.000,00000000,0000,810;SOL_COMPUTED,NONE,0.000000000,0.000000000,0.000000000,0.0,0.000000000,0.000000000,"",0,0,0,0,0,00,0,0*9c79b1da
#HEADINGA,ICOM3,0,76.0,FINESTEERING,2437,11407.200,00000000,0000,810;SOL_COMPUTED,NONE,0.000000000,0.000000000,0.000000000,0.0,0.000000000,0.000000000,"",0,0,0,0,0,00,0,0*2958a89d
#HEADINGA,ICOM3,0,73.8,FINESTEERING,2437,11407.400,00000000,0000,810;SOL_COMPUTED,NONE,0.000000000,0.000000000,0.000000000,0.0,0.000000000,0.000000000,"",0,0,0,0,0,00,0,0*3b746e15
#HEADINGA,ICOM3,0,73.8,FINESTEERING,2437,11407.600,00000000,0000,810;SOL_COMPUTED,NONE,0.000000000,0.000000000,0.000000000,0.0,0.000000000,0.000000000,"",0,0,0,0,0,00,0,0*8e557752
#HEADINGA,ICOM3,0,73.8,FINESTEERING,2437,11407.800,00000000,0000,810;SOL_COMPUTED,NONE,0.000000000,0.000000000,0.000000000,0.0,0.000000000,0.000000000,"",0,0,0,0,0,00,0,0*33503505
#HEADINGA,ICOM3,0,73.8,FINESTEERING,2437,11408.000,00000000,0000,810;SOL_COMPUTED,NONE,0.000000000,0.000000000,0.000000000,0.0,0.000000000,0.000000000,"",0,0,0,0,0,00,0,0*677e6dc1
#HEADINGA,ICOM3,0,73.8,FINESTEERING,2437,11408.200,00000000,0000,810;SOL_COMPUTED,NONE,0.000000000,0.000000000,0.000000000,0.0,0.000000000,0.000000000,"",0,0,0,0,0,00,0,0*d25f7486
#HEADINGA,ICOM3,0,73.7,FINESTEERING,2437,11408.400,00000000,0000,810;SOL_COMPUTED,NONE,0.000000000,0.000000000,0.000000000,0.0,0.000000000,0.000000000,"",0,0,0,0,0,00,0,0*20534044
#HEADINGA,ICOM3,0,73.7,FINESTEERING,2437,11408.600,00000000,0000,810;SOL_COMPUTED,NONE,0.000000000,0.000000000,0.000000000,0.0,0.000000000,0.000000000,"",0,0,0,0,0,00,0,0*95725903
#HEADINGA,ICOM3,0,73.7,FINESTEERING,2437,11408.800,00000000,0000,810;SOL_COMPUTED,NONE,0.000000000,0.000000000,0.000000000,0.0,0.000000000,0.000000000,"",0,0,0,0,0,00,0,0*28771b54
#HEADINGA,ICOM3,0,73.7,FINESTEERING,2437,11409.000,00000000,0000,810;SOL_COMPUTED,NONE,0.000000000,0.000000000,0.000000000,0.0,0.000000000,0.000000000,"",0,0,0,0,0,00,0,0*117115ba
#HEADINGA,ICOM3,0,73.7,FINESTEERING,2437,11409.200,00000000,0000,810;SOL_COMPUTED,NONE,0.000000000,0.000000000,0.000000000,0.0,0.000000000,0.000000000,"",0,0,0,0,0,00,0,0*a4500cfd
#HEADINGA,ICOM3,0,74.2,FINESTEERING,2437,11409.400,00000000,0000,810;SOL_COMPUTED,NONE,0.000000000,0.000000000,0.000000000,0.0,0.000000000,0.000000000,"",0,0,0,0,0,00,0,0*89d2c51c
#HEADINGA,ICOM3,0,74.2,FINESTEERING,2437,11409.600,00000000,0000,810;SOL_COMPUTED,NONE,0.000000000,0.000000000,0.000000000,0.0,0.000000000,0.000000000,"",0,0,0,0,0,00,0,0*3cf3dc5b
#HEADINGA,ICOM3,0,74.2,FINESTEERING,2437,11409.800,00000000,0000,810;SOL_COMPUTED,NONE,0.000000000,0.000000000,0.000000000,0.0,0.000000000,0.000000000,"",0,0,0,0,0,00,0,0*81f69e0c
#HEADINGA,ICOM3,0,74.2,FINESTEERING,2437,11410.000,00000000,0000,810;SOL_COMPUTED,NONE,0.000000000,0.000000000,0.000000000,0.0,0.000000000,0.000000000,"",0,0,0,0,0,00,0,0*32039db7
#HEADINGA,ICOM3,0,74.2,FINESTEERING,2437,11410.200,00000000,0000,810;SOL_COMPUTED,NONE,0.000000000,0.000000000,0.000000000,0.0,0.000000000,0.000000000,"",0,0,0,0,0,00,0,0*872284f0
#HEADINGA,ICOM3,0,74.8,FINESTEERING,2437,11410.400,00000000,0000,810;SOL_COMPUTED,NONE,0.000000000,0.000000000,0.000000000,0.0,0.000000000,0.000000000,"",0,0,0,0,0,00,0,0*2724b8f4
#HEADINGA,ICOM3,0,74.8,FINESTEERING,2437,11410.600,00000000,0000,810;SOL_COMPUTED,NONE,0.000000000,0.000000000,0.000000000,0.0,0.000000000,0.000000000,"",0,0,0,0,0,00,0,0*9205a1b3
#HEADINGA,ICOM3,0,74.8,FINESTEERING,2437,11410.800,00000000,0000,810;SOL_COMPUTED,NONE,0.000000000,0.000000000,0.000000000,0.0,0.000000000,0.000000000,"",0,0,0,0,0,00,0,0*2f00e3e4
#HEADINGA,ICOM3,0,74.8,FINESTEERING,2437,11411.000,00000000,0000,810;SOL_COMPUTED,NONE,0.000000000,0.000000000,0.000000000,0.0,0.000000000,0.000000000,"",0,0,0,0,0,00,0,0*1606ed0a
#HEADINGA,ICOM3,0,74.8,FINESTEERING,2437,11411.200,00000000,0000,810;SOL_COMPUTED,NONE,0.000000000,0.000000000,0.000000000,0.0,0.000000000,0.000000000,"",0,0,0,0,0,00,0,0*a327f44d
#HEADINGA,ICOM3,0,73.2,FINESTEERING,2437,11411.400,00000000,0000,810;SOL_COMPUTED,NONE,0.000000000,0.000000000,0.000000000,0.0,0.000000000,0.000000000,"",0,0,0,0,0,00,0,0*78bb24e6
#HEADINGA,ICOM3,0,73.2,FINESTEERING,2437,11411.600,00000000,0000,810;SOL_COMPUTED,NONE,0.000000000,0.000000000,0.000000000,0.0,0.000000000,0.000000000,"",0,0,0,0,0,00,0,0*cd9a3da1
#HEADINGA,ICOM3,0,73.2,FINESTEERING,2437,11411.800,00000000,0000,810;SOL_COMPUTED,NONE,0.000000000,0.000000000,0.000000000,0.0,0.000000000,0.000000000,"",0,0,0,0,0,00,0,0*709f7ff6
#HEADINGA,ICOM3,0,73.2,FINESTEERING,2437,11412.000,00000000,0000,810;SOL_COMPUTED,NONE,0.000000000,0.000000000,0.000000000,0.0,0.000000000,0.000000000,"",0,0,0,0,0,00,0,0*92cab53b
#HEADINGA,ICOM3,0,73.2,FINESTEERING,2437,11412.200,00000000,0000,810;SOL_COMPUTED,NONE,0.000000000,0.000000000,0.000000000,0.0,0.000000000,0.000000000,"",0,0,0,0,0,00,0,0*27ebac7c
#HEADINGA,ICOM3,0,73.0,FINESTEERING,2437,11412.400,00000000,0000,810;SOL_COMPUTED,NONE,0.000000000,0.000000000,0.000000000,0.0,0.000000000,0.000000000,"",0,0,0,0,0,00,0,0*02a8d188
#HEADINGA,ICOM3,0,73.0,FINESTEERING,2437,11412.600,00000000,0000,810;SOL_COMPUTED,NONE,0.000000000,0.000000000,0.000000000,0.0,0.000000000,0.000000000,"",0,0,0,0,0,00,0,0*b789c8cf
#HEADINGA,ICOM3,0,73.0,FINESTEERING,2437,11412.800,00000000,0000,810;SOL_COMPUTED,NONE,0.000000000,0.000000000,0.000000000,0.0,0.000000000,0.000000000,"",0,0,0,0,0,00,0,0*0a8c8a98
#HEADINGA,ICOM3,0,73.0,FINESTEERING,2437,11413.000,00000000,0000,810;SOL_COMPUTED,NONE,0.000000000,0.000000000,0.000000000,0.0,0.000000000,0.000000000,"",0,0,0,0,0,00,0,0*338a8476
#HEADINGA,ICOM3,0,73.0,FINESTEERING,2437,11413.200,00000000,0000,810;SOL_COMPUTED,NONE,0.000000000,0.000000000,0.000000000,0.0,0.000000000,0.000000000,"",0,0,0,0,0,00,0,0*86ab9d31
#HEADINGA,ICOM3,0,73.6,FINESTEERING,2437,11413.400,00000000,0000,810;SOL_COMPUTED,NONE,0.000000000,0.000000000,0.000000000,0.0,0.000000000,0.000000000,"",0,0,0,0,0,00,0,0*e14a403d
#HEADINGA,ICOM3,0,73.6,FINESTEERING,2437,11413.600,00000000,0000,810;SOL_COMPUTED,NONE,0.000000000,0.000000000,0.000000000,0.0,0.000000000,0.000000000,"",0,0,0,0,0,00,0,0*546b597a
#HEADINGA,ICOM3,0,73.6,FINESTEERING,2437,11413.800,00000000,0000,810;SOL_COMPUTED,NONE,0.000000000,0.000000000,0.000000000,0.0,0.000000000,0.000000000,"",0,0,0,0,0,00,0,0*e96e1b2d
#HEADINGA,ICOM3,0,73.6,FINESTEERING,2437,11414.000,00000000,0000,810;SOL_COMPUTED,NONE,0.000000000,0.000000000,0.000000000,0.0,0.000000000,0.000000000,"",0,0,0,0,0,00,0,0*66ed5fe7
#HEADINGA,ICOM3,0,73.6,FINESTEERING,2437,11414.200,00000000,0000,810;SOL_COMPUTED,NONE,0.000000000,0.000000000,0.000000000,0.0,0.000000000,0.000000000,"",0,0,0,0,0,00,0,0*d3cc46a0
#HEADINGA,ICOM3,0,74.2,FINESTEERING,2437,11414.400,00000000,0000,810;SOL_COMPUTED,NONE,0.000000000,0.000000000,0.000000000,0.0,0.000000000,0.000000000,"",0,0,0,0,0,00,0,0*eee6277f
#HEADINGA,ICOM3,0,74.2,FINESTEERING,2437,11414.600,00000000,0000,810;SOL_COMPUTED,NONE,0.000000000,0.000000000,0.000000000,0.0,0.000000000,0.000000000,"",0,0,0,0,0,00,0,0*5bc73e38
#HEADINGA,ICOM3,0,74.2,FINESTEERING,2437,11414.800,00000000,0000,810;SOL_COMPUTED,NONE,0.000000000,0.000000000,0.000000000,0.0,0.000000000,0.000000000,"",0,0,0,0,0,00,0,0*e6c27c6f
#HEADINGA,ICOM3,0,74.2,FINESTEERING,2437,11415.000,00000000,0000,810;SOL_COMPUTED,NONE,0.000000000,0.000000000,0.000000000,0.0,0.000000000,0.000000000,"",0,0,0,0,0,00,0,0*dfc47281
#HEADINGA,ICOM3,0,74.2,FINESTEERING,2437,11415.200,00000000,0000,810;SOL_COMPUTED,NONE,0.000000000,0.000000000,0.000000000,0.0,0.000000000,0.000000000,"",0,0,0,0,0,00,0,0*6ae56bc6
#HEADINGA,ICOM3,0,74.9,FINESTEERING,2437,11415.400,00000000,0000,810;SOL_COMPUTED,NONE,0.000000000,0.000000000,0.000000000,0.0,0.000000000,0.000000000,"",0,0,0,0,0,00,0,0*da4bfffc
#HEADINGA,ICOM3,0,74.9,FINESTEERING,2437,11415.600,00000000,0000,810;SOL_COMPUTED,NONE,0.000000000,0.000000000,0.000000000,0.0,0.000000000,0.000000000,"",0,0,0,0,0,00,0,0*6f6ae6bb
#HEADINGA,ICOM3,0,74.9,FINESTEERING,2437,11415.800,00000000,0000,810;SOL_COMPUTED,NONE,0.000000000,0.000000000,0.000000000,0.0,0.000000000,0.000000000,"",0,0,0,0,0,00,0,0*d26fa4ec
#HEADINGA,ICOM3,0,74.9,FINESTEERING,2437,11416.000,00000000,0000,810;SOL_COMPUTED,NONE,0.000000000,0.000000000,0.000000000,0.0,0.000000000,0.000000000,"",0,0,0,0,0,00,0,0*303a6e21
#HEADINGA,ICOM3,0,74.9,FINESTEERING,2437,11416.200,00000000,0000,810;SOL_COMPUTED,NONE,0.000000000,0.000000000,0.000000000,0.0,0.000000000,0.000000000,"",0,0,0,0,0,00,0,0*851b7766
#HEADINGA,ICOM3,0,75.1,FINESTEERING,2437,11416.400,00000000,0000,810;SOL_COMPUTED,NONE,0.000000000,0.000000000,0.000000000,0.0,0.000000000,0.000000000,"",0,0,0,0,0,00,0,0*9d843b11
#HEADINGA,ICOM3,0,75.1,FINESTEERING,2437,11416.600,00000000,0000,810;SOL_COMPUTED,NONE,0.000000000,0.000000000,0.000000000,0.0,0.000000000,0.000000000,"",0,0,0,0,0,00,0,0*28a52256
#HEADINGA,ICOM3,0,75.1,FINESTEERING,2437,11416.800,00000000,0000,810;SOL_COMPUTED,NONE,0.000000000,0.000000000,0.000000000,0.0,0.000000000,0.000000000,"",0,0,0,0,0,00,0,0*95a06001
#HEADINGA,ICOM3,0,75.1,FINESTEERING,2437,11417.000,00000000,0000,810;SOL_COMPUTED,NONE,0.000000000,0.000000000,0.000000000,0.0,0.000000000,0.000000000,"",0,0,0,0,0,00,0,0*aca66eef
#HEADINGA,ICOM3,0,75.1,FINESTEERING,2437,11417.200,00000000,0000,810;SOL_COMPUTED,NONE,0.000000000,0.000000000,0.000000000,0.0,0.000000000,0.000000000,"",0,0,0,0,0,00,0,0*198777a8
#HEADINGA,ICOM3,0,73.2,FINESTEERING,2437,11417.400,00000000,0000,810;SOL_COMPUTED,NONE,0.000000000,0.000000000,0.000000000,0.0,0.000000000,0.000000000,"",0,0,0,0,0,00,0,0*ce3e6ec2
#HEADINGA,ICOM3,0,73.2,FINESTEERING,2437,11417.600,00000000,0000,810;SOL_COMPUTED,NONE,0.000000000,0.000000000,0.000000000,0.0,0.000000000,0.000000000,"",0,0,0,0,0,00,0,0*7b1f7785
#HEADINGA,ICOM3,0,73.2,FINESTEERING,2437,11417.800,00000000,0000,810;SOL_COMPUTED,NONE,0.000000000,0.000000000,0.000000000,0.0,0.000000000,0.000000000,"",0,0,0,0,0,00,0,0*c61a35d2
#HEADINGA,ICOM3,0,73.2,FINESTEERING,2437,11418.000,00000000,0000,810;SOL_COMPUTED,NONE,0.000000000,0.000000000,0.000000000,0.0,0.000000000,0.000000000,"",0,0,0,0,0,00,0,0*92346d16
#HEADINGA,ICOM3,0,86.7,FINESTEERING,2437,11418.200,00000000,0000,810;SOL_COMPUTED,NONE,0.000000000,0.000000000,0.000000000,0.0,0.000000000,0.000000000,"",0,0,0,0,0,00,0,0*fa664afc
#HEADINGA,ICOM3,0,86.7,FINESTEERING,2437,11418.400,00000000,0000,810;SOL_COMPUTED,NONE,0.000000000,0.000000000,0.000000000,0.0,0.000000000,0.000000000,"",0,0,0,0,0,00,0,0*fe746774
#HEADINGA,ICOM3,0,86.7,FINESTEERING,2437,11418.600,00000000,0000,810;SOL_COMPUTED,NONE,0.000000000,0.000000000,0.000000000,0.0,0.000000000,0.000000000,"",0,0,0,0,0,00,0,0*4b557e33
#HEADINGA,ICOM3,0,86.7,FINESTEERING,2437,11418.800,00000000,0000,810;SOL_COMPUTED,NONE,0.000000000,0.000000000,0.000000000,0.0,0.000000000,0.000000000,"",0,0,0,0,0,00,0,0*f6503c64
#HEADINGA,ICOM3,0,86.7,FINESTEERING,2437,11419.000,00000000,0000,810;SOL_COMPUTED,NONE,0.000000000,0.000000000,0.000000000,0.0,0.000000000,0.000000000,"",0,0,0,0,0,00,0,0*cf56328a
#HEADINGA,ICOM3,0,87.7,FINESTEERING,2437,11419.200,00000000,0000,810;SOL_COMPUTED,NONE,0.000000000,0.000000000,0.000000000,0.0,0.000000000,0.000000000,"",0,0,0,0,0,00,0,0*e3bf0bc2
#HEADINGA,ICOM3,0,87.7,FINESTEERING,2437,11419.400,00000000,0000,810;SOL_COMPUTED,NONE,0.000000000,0.000000000,0.000000000,0.0,0.000000000,0.000000000,"",0,0,0,0,0,00,0,0*e7ad264a
#HEADINGA,ICOM3,0,87.7,FINESTEERING,2437,11419.600,00000000,0000,810;SOL_COMPUTED,NONE,0.000000000,0.000000000,0.000000000,0.0,0.000000000,0.000000000,"",0,0,0,0,0,00,0,0*528c3f0d
#HEADINGA,ICOM3,0,87.7,FINESTEERING,2437,11419.800,00000000,0000,810;SOL_COMPUTED,NONE,0.000000000,0.000000000,0.000000000,0.0,0.000000000,0.000000000,"",0,0,0,0,0,00,0,0*ef897d5a
#HEADINGA,ICOM3,0,87.7,FINESTEERING,2437,11420.000,00000000,0000,810;SOL_COMPUTED,NONE,0.000000000,0.000000000,0.000000000,0.0,0.000000000,0.000000000,"",0,0,0,0,0,00,0,0*fec05c57
#HEADINGA,ICOM3,0,85.4,FINESTEERING,2437,11420.200,00000000,0000,810;SOL_COMPUTED,NONE,0.000000000,0.000000000,0.000000000,0.0,0.000000000,0.000000000,"",0,0,0,0,0,00,0,0*92f9fb0d
#HEADINGA,ICOM3,0,85.4,FINESTEERING,2437,11420.400,00000000,0000,810;SOL_COMPUTED,NONE,0.000000000,0.000000000,0.000000000,0.0,0.000000000,0.000000000,"",0,0,0,0,0,00,0,0*96ebd685
#HEADINGA,ICOM3,0,85.4,FINESTEERING,2437,11420.600,00000000,0000,810;SOL_COMPUTED,NONE,0.000000000,0.000000000,0.000000000,0.0,0.000000000,0.000000000,"",0,0,0,0,0,00,0,0*23cacfc2
#HEADINGA,ICOM3,0,85.4,FINESTEERING,2437,11420.800,00000000,0000,810;SOL_COMPUTED,NONE,0.000000000,0.000000000,0.000000000,0.0,0.000000000,0.000000000,"",0,0,0,0,0,00,0,0*9ecf8d95
#HEADINGA,ICOM3,0,85.4,FINESTEERING,2437,11421.000,00000000,0000,810;SOL_COMPUTED,NONE,0.000000000,0.000000000,0.000000000,0.0,0.000000000,0.000000000,"",0,0,0,0,0,00,0,0*a7c9837b
#HEADINGA,ICOM3,0,87.6,FINESTEERING,2437,11421.200,00000000,0000,810;SOL_COMPUTED,NONE,0.000000000,0.000000000,0.000000000,0.0,0.000000000,0.000000000,"",0,0,0,0,0,00,0,0*db588c1f
#HEADINGA,ICOM3,0,87.6,FINESTEERING,2437,11421.400,00000000,0000,810;SOL_COMPUTED,NONE,0.000000000,0.000000000,0.000000000,0.0,0.000000000,0.000000000,"",0,0,0,0,0,00,0,0*df4aa197
#HEADINGA,ICOM3,0,87.6,FINESTEERING,2437,11421.600,00000000,0000,810;SOL_COMPUTED,NONE,0.000000000,0.000000000,0.000000000,0.0,0.000000000,0.000000000,"",0,0,0,0,0,00,0,0*6a6bb8d0
#HEADINGA,ICOM3,0,87.6,FINESTEERING,2437,11421.800,00000000,0000,810;SOL_COMPUTED,NONE,0.000000000,0.000000000,0.000000000,0.0,0.000000000,0.000000000,"",0,0,0,0,0,00,0,0*d76efa87
#HEADINGA,ICOM3,0,87.6,FINESTEERING,2437,11422.000,00000000,0000,810;SOL_COMPUTED,NONE,0.000000000,0.000000000,0.000000000,0.0,0.000000000,0.000000000,"",0,0,0,0,0,00,0,0*353b304a
#HEADINGA,ICOM3,0,86.7,FINESTEERING,2437,11422.200,00000000,0000,810;SOL_COMPUTED,NONE,0.000000000,0.000000000,0.000000000,0.0,0.000000000,0.000000000,"",0,0,0,0,0,00,0,0*097aa13c
#HEADINGA,ICOM3,0,86.7,FINESTEERING,2437,11422.400,00000000,0000,810;SOL_COMPUTED,NONE,0.000000000,0.000000000,0.000000000,0.0,0.000000000,0.000000000,"",0,0,0,0,0,00,0,0*0d688cb4
#HEADINGA,ICOM3,0,86.7,FINESTEERING,2437,11422.600,00000000,0000,810;SOL_COMPUTED,NONE,0.000000000,0.000000000,0.000000000,0.0,0.000000000,0.000000000,"",0,0,0,0,0,00,0,0*b84995f3
#HEADINGA,ICOM3,0,86.7,FINESTEERING,2437,11422.800,00000000,0000,810;SOL_COMPUTED,NONE,0.000000000,0.000000000,0.000000000,0.0,0.000000000,0.000000000,"",0,0,0,0,0,00,0,0*054cd7a4
#HEADINGA,ICOM3,0,86.7,FINESTEERING,2437,11423.000,00000000,0000,810;SOL_COMPUTED,NONE,0.000000000,0.000000000,0.000000000,0.0,0.000000000,0.000000000,"",0,0,0,0,0,00,0,0*3c4ad94a
#HEADINGA,ICOM3,0,87.6,FINESTEERING,2437,11423.200,00000000,0000,810;SOL_COMPUTED,NONE,0.000000000,0.000000000,0.000000000,0.0,0.000000000,0.000000000,"",0,0,0,0,0,00,0,0*000b483c
#HEADINGA,ICOM3,0,87.6,FINESTEERING,2437,11423.400,00000000,0000,810;SOL_COMPUTED,NONE,0.000000000,0.000000000,0.000000000,0.0,0.000000000,0.000000000,"",0,0,0,0,0,00,0,0*041965b4
#HEADINGA,ICOM3,0,87.6,FINESTEERING,2437,11423.600,00000000,0000,810;SOL_COMPUTED,NONE,0.000000000,0.000000000,0.000000000,0.0,0.000000000,0.000000000,"",0,0,0,0,0,00,0,0*b1387cf3
#HEADINGA,ICOM3,0,87.6,FINESTEERING,2437,11423.800,00000000,0000,810;SOL_COMPUTED,NONE,0.000000000,0.000000000,0.000000000,0.0,0.000000000,0.000000000,"",0,0,0,0,0,00,0,0*0c3d3ea4
#HEADINGA,ICOM3,0,87.6,FINESTEERING,2437,11424.000,00000000,0000,810;SOL_COMPUTED,NONE,0.000000000,0.000000000,0.000000000,0.0,0.000000000,0.000000000,"",0,0,0,0,0,00,0,0*83be7a6e
#HEADINGA,ICOM3,0,86.6,FINESTEERING,2437,11424.200,00000000,0000,810;SOL_COMPUTED,NONE,0.000000000,0.000000000,0.000000000,0.0,0.000000000,0.000000000,"",0,0,0,0,0,00,0,0*af574326
#HEADINGA,ICOM3,0,86.6,FINESTEERING,2437,11424.400,00000000,0000,810;SOL_COMPUTED,NONE,0.000000000,0.000000000,0.000000000,0.0,0.000000000,0.000000000,"",0,0,0,0,0,00,0,0*ab456eae
#HEADINGA,ICOM3,0,86.6,FINESTEERING,2437,11424.600,00000000,0000,810;SOL_COMPUTED,NONE,0.000000000,0.000000000,0.000000000,0.0,0.000000000,0.000000000,"",0,0,0,0,0,00,0,0*1e6477e9
#HEADINGA,ICOM3,0,86.6,FINESTEERING,2437,11424.800,00000000,0000,810;SOL_COMPUTED,NONE,0.000000000,0.000000000,0.000000000,0.0,0.000000000,0.000000000,"",0,0,0,0,0,00,0,0*a36135be
#HEADINGA,ICOM3,0,86.6,FINESTEERING,2437,11425.000,00000000,0000,810;SOL_COMPUTED,NONE,0.000000000,0.000000000,0.000000000,0.0,0.000000000,0.000000000,"",0,0,0,0,0,00,0,0*9a673b50
#HEADINGA,ICOM3,0,86.0,FINESTEERING,2437,11425.200,00000000,0000,810;SOL_COMPUTED,NONE,0.000000000,0.000000000,0.000000000,0.0,0.000000000,0.000000000,"",0,0,0,0,0,00,0,0*4cb5d293
#HEADINGA,ICOM3,0,86.0,FINESTEERING,2437,11425.400,00000000,0000,810;SOL_COMPUTED,NONE,0.000000000,0.000000000,0.000000000,0.0,0.000000000,0.000000000,"",0,0,0,0,0,00,0,0*48a7ff1b
#HEADINGA,ICOM3,0,86.0,FINESTEERING,2437,11425.600,00000000,0000,810;SOL_COMPUTED,NONE,0.000000000,0.000000000,0.000000000,0.0,0.000000000,0.000000000,"",0,0,0,0,0,00,0,0*fd86e65c
#HEADINGA,ICOM3,0,86.0,FINESTEERING,2437,11425.800,00000000,0000,810;SOL_COMPUTED,NONE,0.000000000,0.000000000,0.000000000,0.0,0.000000000,0.000000000,"",0,0,0,0,0,00,0,0*4083a40b
#HEADINGA,ICOM3,0,86.0,FINESTEERING,2437,11426.000,00000000,0000,810;SOL_COMPUTED,NONE,0.000000000,0.000000000,0.000000000,0.0,0.000000000,0.000000000,"",0,0,0,0,0,00,0,0*a2d66ec6
#HEADINGA,ICOM3,0,86.7,FINESTEERING,2437,11426.200,00000000,0000,810;SOL_COMPUTED,NONE,0.000000000,0.000000000,0.000000000,0.0,0.000000000,0.000000000,"",0,0,0,0,0,00,0,0*64ac2f3b
#HEADINGA,ICOM3,0,86.7,FINESTEERING,2437,11426.400,00000000,0000,810;SOL_COMPUTED,NONE,0.000000000,0.000000000,0.000000000,0.0,0.000000000,0.000000000,"",0,0,0,0,0,00,0,0*60be02b3
#HEADINGA,ICOM3,0,86.7,FINESTEERING,2437,11426.600,00000000,0000,810;SOL_COMPUTED,NONE,0.000000000,0.000000000,0.000000000,0.0,0.000000000,0.000000000,"",0,0,0,0,0,00,0,0*d59f1bf4
#HEADINGA,ICOM3,0,86.7,FINESTEERING,2437,11426.800,00000000,0000,810;SOL_COMPUTED,NONE,0.000000000,0.000000000,0.000000000,0.0,0.000000000,0.000000000,"",0,0,0,0,0,00,0,0*689a59a3
#HEADINGA,ICOM3,0,86.7,FINESTEERING,2437,11427.000,00000000,0000,810;SOL_COMPUTED,NONE,0.000000000,0.000000000,0.000000000,0.0,0.000000000,0.000000000,"",0,0,0,0,0,00,0,0*519c574d
#HEADINGA,ICOM3,0,86.0,FINESTEERING,2437,11427.200,00000000,0000,810;SOL_COMPUTED,NONE,0.000000000,0.000000000,0.000000000,0.0,0.000000000,0.000000000,"",0,0,0,0,0,00,0,0*97e616b0
#HEADINGA,ICOM3,0,86.0,FINESTEERING,2437,11427.400,00000000,0000,810;SOL_COMPUTED,NONE,0.000000000,0.000000000,0.000000000,0.0,0.000000000,0.000000000,"",0,0,0,0,0,00,0,0*93f43b38
#HEADINGA,ICOM3,0,86.0,FINESTEERING,2437,11427.600,00000000,0000,810;SOL_COMPUTED,NONE,0.000000000,0.000000000,0.000000000,0.0,0.000000000,0.000000000,"",0,0,0,0,0,00,0,0*26d5227f
#HEADINGA,ICOM3,0,86.0,FINESTEERING,2437,11427.800,00000000,0000,810;SOL_COMPUTED,NONE,0.000000000,0.000000000,0.000000000,0.0,0.000000000,0.000000000,"",0,0,0,0,0,00,0,0*9bd06028
#HEADINGA,ICOM3,0,86.0,FINESTEERING,2437,11428.000,00000000,0000,810;SOL_COMPUTED,NONE,0.000000000,0.000000000,0.000000000,0.0,0.000000000,0.000000000,"",0,0,0,0,0,00,0,0*cffe38ec
#HEADINGA,ICOM3,0,86.6,FINESTEERING,2437,11428.200,00000000,0000,810;SOL_COMPUTED,NONE,0.000000000,0.000000000,0.000000000,0.0,0.000000000,0.000000000,"",0,0,0,0,0,00,0,0*192cd12f
#HEADINGA,ICOM3,0,86.6,FINESTEERING,2437,11428.400,00000000,0000,810;SOL_COMPUTED,NONE,0.000000000,0.000000000,0.000000000,0.0,0.000000000,0.000000000,"",0,0,0,0,0,00,0,0*1d3efca7
#HEADINGA,ICOM3,0,86.6,FINESTEERING,2437,11428.600,00000000,0000,810;SOL_COMPUTED,NONE,0.000000000,0.000000000,0.000000000,0.0,0.000000000,0.000000000,"",0,0,0,0,0,00,0,0*a81fe5e0
#HEADINGA,ICOM3,0,86.6,FINESTEERING,2437,11428.800,00000000,0000,810;SOL_COMPUTED,NONE,0.000000000,0.000000000,0.000000000,0.0,0.000000000,0.000000000,"",0,0,0,0,0,00,0,0*151aa7b7
#HEADINGA,ICOM3,0,86.6,FINESTEERING,2437,11429.000,00000000,0000,810;SOL_COMPUTED,NONE,0.000000000,0.000000000,0.000000000,0.0,0.000000000,0.000000000,"",0,0,0,0,0,00,0,0*2c1ca959
#HEADINGA,ICOM3,0,86.4,FINESTEERING,2437,11429.200,00000000,0000,810;SOL_COMPUTED,NONE,0.000000000,0.000000000,0.000000000,0.0,0.000000000,0.000000000,"",0,0,0,0,0,00,0,0*b86ce062
#HEADINGA,ICOM3,0,86.4,FINESTEERING,2437,11429.400,00000000,0000,810;SOL_COMPUTED,NONE,0.000000000,0.000000000,0.000000000,0.0,0.000000000,0.000000000,"",0,0,0,0,0,00,0,0*bc7ecdea
#HEADINGA,ICOM3,0,86.4,FINESTEERING,2437,11429.600,00000000,0000,810;SOL_COMPUTED,NONE,0.000000000,0.000000000,0.000000000,0.0,0.000000000,0.000000000,"",0,0,0,0,0,00,0,0*095fd4ad
#HEADINGA,ICOM3,0,86.4,FINESTEERING,2437,11429.800,00000000,0000,810;SOL_COMPUTED,NONE,0.000000000,0.000000000,0.000000000,0.0,0.000000000,0.000000000,"",0,0,0,0,0,00,0,0*b45a96fa
#HEADINGA,ICOM3,0,86.4,FINESTEERING,2437,11430.000,00000000,0000,810;SOL_COMPUTED,NONE,0.000000000,0.000000000,0.000000000,0.0,0.000000000,0.000000000,"",0,0,0,0,0,00,0,0*07af9541
#HEADINGA,ICOM3,0,86.5,FINESTEERING,2437,11430.200,00000000,0000,810;SOL_COMPUTED,NONE,0.000000000,0.000000000,0.000000000,0.0,0.000000000,0.000000000,"",0,0,0,0,0,00,0,0*a2262438
#HEADINGA,ICOM3,0,86.5,FINESTEERING,2437,11430.400,00000000,0000,810;SOL_COMPUTED,NONE,0.000000000,0.000000000,0.000000000,0.0,0.000000000,0.000000000,"",0,0,0,0,0,00,0,0*a63409b0
#HEADINGA,ICOM3,0,86.5,FINESTEERING,2437,11430.600,00000000,0000,810;SOL_COMPUTED,NONE,0.000000000,0.000000000,0.000000000,0.0,0.000000000,0.000000000,"",0,0,0,0,0,00,0,0*131510f7
#HEADINGA,ICOM3,0,86.5,FINESTEERING,2437,11430.800,00000000,0000,810;SOL_COMPUTED,NONE,0.000000000,0.000000000,0.000000000,0.0,0.000000000,0.000000000,"",0,0,0,0,0,00,0,0*ae1052a0
#HEADINGA,ICOM3,0,86.5,FINESTEERING,2437,11431.000,00000000,0000,810;SOL_COMPUTED,NONE,0.000000000,0.000000000,0.000000000,0.0,0.000000000,0.000000000,"",0,0,0,0,0,00,0,0*97165c4e
#HEADINGA,ICOM3,0,86.7,FINESTEERING,2437,11431.200,00000000,0000,810;SOL_COMPUTED,NONE,0.000000000,0.000000000,0.000000000,0.0,0.000000000,0.000000000,"",0,0,0,0,0,00,0,0*03661575
#HEADINGA,ICOM3,0,86.7,FINESTEERING,2437,11431.400,00000000,0000,810;SOL_COMPUTED,NONE,0.000000000,0.000000000,0.000000000,0.0,0.000000000,0.000000000,"",0,0,0,0,0,00,0,0*077438fd
#HEADINGA,ICOM3,0,86.7,FINESTEERING,2437,11431.600,00000000,0000,810;SOL_COMPUTED,NONE,0.000000000,0.000000000,0.000000000,0.0,0.000000000,0.000000000,"",0,0,0,0,0,00,0,0*b25521ba
#HEADINGA,ICOM3,0,86.7,FINESTEERING,2437,11431.800,00000000,0000,810;SOL_COMPUTED,NONE,0.000000000,0.000000000,0.000000000,0.0,0.000000000,0.000000000,"",0,0,0,0,0,00,0,0*0f5063ed
#HEADINGA,ICOM3,0,86.7,FINESTEERING,2437,11432.000,00000000,0000,810;SOL_COMPUTED,NONE,0.000000000,0.000000000,0.000000000,0.0,0.000000000,0.000000000,"",0,0,0,0,0,00,0,0*ed05a920
#HEADINGA,ICOM3,0,86.4,FINESTEERING,2437,11432.200,00000000,0000,810;SOL_COMPUTED,NONE,0.000000000,0.000000000,0.000000000,0.0,0.000000000,0.000000000,"",0,0,0,0,0,00,0,0*69dd4825
#HEADINGA,ICOM3,0,86.4,FINESTEERING,2437,11432.400,00000000,0000,810;SOL_COMPUTED,NONE,0.000000000,0.000000000,0.000000000,0.0,0.000000000,0.000000000,"",0,0,0,0,0,00,0,0*6dcf65ad
#HEADINGA,ICOM3,0,86.4,FINESTEERING,2437,11432.600,00000000,0000,810;SOL_COMPUTED,NONE,0.000000000,0.000000000,0.000000000,0.0,0.000000000,0.000000000,"",0,0,0,0,0,00,0,0*d8ee7cea
#HEADINGA,ICOM3,0,86.4,FINESTEERING,2437,11432.800,00000000,0000,810;SOL_COMPUTED,NONE,0.000000000,0.000000000,0.000000000,0.0,0.000000000,0.000000000,"",0,0,0,0,0,00,0,0*65eb3ebd
#HEADINGA,ICOM3,0,86.4,FINESTEERING,2437,11433.000,00000000,0000,810;SOL_COMPUTED,NONE,0.000000000,0.000000000,0.000000000,0.0,0.000000000,0.000000000,"",0,0,0,0,0,00,0,0*5ced3053
#HEADINGA,ICOM3,0,86.6,FINESTEERING,2437,11433.200,00000000,0000,810;SOL_COMPUTED,NONE,0.000000000,0.000000000,0.000000000,0.0,0.000000000,0.000000000,"",0,0,0,0,0,00,0,0*c89d7968
#HEADINGA,ICOM3,0,86.6,FINESTEERING,2437,11433.400,00000000,0000,810;SOL_COMPUTED,NONE,0.000000000,0.000000000,0.000000000,0.0,0.000000000,0.000000000,"",0,0,0,0,0,00,0,0*cc8f54e0
#HEADINGA,ICOM3,0,86.6,FINESTEERING,2437,11433.600,00000000,0000,810;SOL_COMPUTED,NONE,0.000000000,0.000000000,0.000000000,0.0,0.000000000,0.000000000,"",0,0,0,0,0,00,0,0*79ae4da7
#HEADINGA,ICOM3,0,86.6,FINESTEERING,2437,11433.800,00000000,0000,810;SOL_COMPUTED,NONE,0.000000000,0.000000000,0.000000000,0.0,0.000000000,0.000000000,"",0,0,0,0,0,00,0,0*c4ab0ff0
#HEADINGA,ICOM3,0,86.6,FINESTEERING,2437,11434.000,00000000,0000,810;SOL_COMPUTED,NONE,0.000000000,0.000000000,0.000000000,0.0,0.000000000,0.000000000,"",0,0,0,0,0,00,0,0*4b284b3a
#HEADINGA,ICOM3,0,86.6,FINESTEERING,2437,11434.200,00000000,0000,810;SOL_COMPUTED,NONE,0.000000000,0.000000000,0.000000000,0.0,0.000000000,0.000000000,"",0,0,0,0,0,00,0,0*fe09527d
#HEADINGA,ICOM3,0,86.6,FINESTEERING,2437,11434.400,00000000,0000,810;SOL_COMPUTED,NONE,0.000000000,0.000000000,0.000000000,0.0,0.000000000,0.000000000,"",0,0,0,0,0,00,0,0*fa1b7ff5
#HEADINGA,ICOM3,0,86.6,FINESTEERING,2437,11434.600,00000000,0000,810;SOL_COMPUTED,NONE,0.000000000,0.000000000,0.000000000,0.0,0.000000000,0.000000000,"",0,0,0,0,0,00,0,0*4f3a66b2
#HEADINGA,ICOM3,0,86.6,FINESTEERING,2437,11434.800,00000000,0000,810;SOL_COMPUTED,NONE,0.000000000,0.000000000,0.000000000,0.0,0.000000000,0.000000000,"",0,0,0,0,0,00,0,0*f23f24e5
#HEADINGA,ICOM3,0,86.6,FINESTEERING,2437,11435.000,00000000,0000,810;SOL_COMPUTED,NONE,0.000000000,0.000000000,0.000000000,0.0,0.000000000,0.000000000,"",0,0,0,0,0,00,0,0*cb392a0b
#HEADINGA,ICOM3,0,86.6,FINESTEERING,2437,11435.200,00000000,0000,810;SOL_COMPUTED,NONE,0.000000000,0.000000000,0.000000000,0.0,0.000000000,0.000000000,"",0,0,0,0,0,00,0,0*7e18334c
#HEADINGA,ICOM3,0,86.6,FINESTEERING,2437,11435.400,00000000,0000,810;SOL_COMPUTED,NONE,0.000000000,0.000000000,0.000000000,0.0,0.000000000,0.000000000,"",0,0,0,0,0,00,0,0*7a0a1ec4
#HEADINGA,ICOM3,0,86.6,FINESTEERING,2437,11435.600,00000000,0000,810;SOL_COMPUTED,NONE,0.000000000,0.000000000,0.000000000,0.0,0.000000000,0.000000000,"",0,0,0,0,0,00,0,0*cf2b0783
#HEADINGA,ICOM3,0,86.6,FINESTEERING,2437,11435.800,00000000,0000,810;SOL_COMPUTED,NONE,0.000000000,0.000000000,0.000000000,0.0,0.000000000,0.000000000,"",0,0,0,0,0,00,0,0*722e45d4
#HEADINGA,ICOM3,0,86.6,FINESTEERING,2437,11436.000,00000000,0000,810;SOL_COMPUTED,NONE,0.000000000,0.000000000,0.000000000,0.0,0.000000000,0.000000000,"",0,0,0,0,0,00,0,0*907b8f19
#HEADINGA,ICOM3,0,86.1,FINESTEERING,2437,11436.200,00000000,0000,810;SOL_COMPUTED,NONE,0.000000000,0.000000000,0.000000000,0.0,0.000000000,0.000000000,"",0,0,0,0,0,00,0,0*5601cee4
#HEADINGA,ICOM3,0,86.1,FINESTEERING,2437,11436.400,00000000,0000,810;SOL_COMPUTED,NONE,0.000000000,0.000000000,0.000000000,0.0,0.000000000,0.000000000,"",0,0,0,0,0,00,0,0*5213e36c
#HEADINGA,ICOM3,0,86.1,FINESTEERING,2437,11436.600,00000000,0000,810;SOL_COMPUTED,NONE,0.000000000,0.000000000,0.000000000,0.0,0.000000000,0.000000000,"",0,0,0,0,0,00,0,0*e732fa2b
#HEADINGA,ICOM3,0,86.1,FINESTEERING,2437,11436.800,00000000,0000,810;SOL_COMPUTED,NONE,0.000000000,0.000000000,0.000000000,0.0,0.000000000,0.000000000,"",0,0,0,0,0,00,0,0*5a37b87c
#HEADINGA,ICOM3,0,86.1,FINESTEERING,2437,11437.000,00000000,0000,810;SOL_COMPUTED,NONE,0.000000000,0.000000000,0.000000000,0.0,0.000000000,0.000000000,"",0,0,0,0,0,00,0,0*6331b692
#HEADINGA,ICOM3,0,85.7,FINESTEERING,2437,11437.200,00000000,0000,810;SOL_COMPUTED,NONE,0.000000000,0.000000000,0.000000000,0.0,0.000000000,0.000000000,"",0,0,0,0,0,00,0,0*c4ca3901
#HEADINGA,ICOM3,0,85.7,FINESTEERING,2437,11437.400,00000000,0000,810;SOL_COMPUTED,NONE,0.000000000,0.000000000,0.000000000,0.0,0.000000000,0.000000000,"",0,0,0,0,0,00,0,0*c0d81489
#HEADINGA,ICOM3,0,85.7,FINESTEERING,2437,11437.600,00000000,0000,810;SOL_COMPUTED,NONE,0.000000000,0.000000000,0.000000000,0.0,0.000000000,0.000000000,"",0,0,0,0,0,00,0,0*75f90dce
#HEADINGA,ICOM3,0,85.7,FINESTEERING,2437,11437.800,00000000,0000,810;SOL_COMPUTED,NONE,0.000000000,0.000000000,0.000000000,0.0,0.000000000,0.000000000,"",0,0,0,0,0,00,0,0*c8fc4f99
#HEADINGA,ICOM3,0,85.7,FINESTEERING,2437,11438.000,00000000,0000,810;SOL_COMPUTED,NONE,0.000000000,0.000000000,0.000000000,0.0,0.000000000,0.000000000,"",0,0,0,0,0,00,0,0*9cd2175d
#HEADINGA,ICOM3,0,85.7,FINESTEERING,2437,11438.200,00000000,0000,810;SOL_COMPUTED,NONE,0.000000000,0.000000000,0.000000000,0.0,0.000000000,0.000000000,"",0,0,0,0,0,00,0,0*29f30e1a
#HEADINGA,ICOM3,0,76.6,FINESTEERING,2437,11438.400,00000000,0000,810;SOL_COMPUTED,NONE,0.000000000,0.000000000,0.000000000,0.0,0.000000000,0.000000000,"",0,0,0,0,0,00,0,0*50627167
#HEADINGA,ICOM3,0,76.6,FINESTEERING,2437,11438.600,00000000,0000,810;SOL_COMPUTED,NONE,0.000000000,0.000000000,0.000000000,0.0,0.000000000,0.000000000,"",0,0,0,0,0,00,0,0*e5436820
#HEADINGA,ICOM3,0,76.6,FINESTEERING,2437,11438.800,00000000,0000,810;SOL_COMPUTED,NONE,0.000000000,0.000000000,0.000000000,0.0,0.000000000,0.000000000,"",0,0,0,0,0,00,0,0*58462a77
#HEADINGA,ICOM3,0,76.6,FINESTEERING,2437,11439.000,00000000,0000,810;SOL_COMPUTED,NONE,0.000000000,0.000000000,0.000000000,0.0,0.000000000,0.000000000,"",0,0,0,0,0,00,0,0*61402499
#HEADINGA,ICOM3,0,76.6,FINESTEERING,2437,11439.200,00000000,0000,810;SOL_COMPUTED,NONE,0.000000000,0.000000000,0.000000000,0.0,0.000000000,0.000000000,"",0,0,0,0,0,00,0,0*d4613dde
#HEADINGA,ICOM3,0,74.6,FINESTEERING,2437,11439.400,00000000,0000,810;SOL_COMPUTED,NONE,0.000000000,0.000000000,0.000000000,0.0,0.000000000,0.000000000,"",0,0,0,0,0,00,0,0*38925609
#HEADINGA,ICOM3,0,74.6,FINESTEERING,2437,11439.600,00000000,0000,810;SOL_COMPUTED,NONE,0.000000000,0.000000000,0.000000000,0.0,0.000000000,0.000000000,"",0,0,0,0,0,00,0,0*8db34f4e
#HEADINGA,ICOM3,0,74.6,FINESTEERING,2437,11439.800,00000000,0000,810;SOL_COMPUTED,NONE,0.000000000,0.000000000,0.000000000,0.0,0.000000000,0.000000000,"",0,0,0,0,0,00,0,0*30b60d19
#HEADINGA,ICOM3,0,74.6,FINESTEERING,2437,11440.000,00000000,0000,810;SOL_COMPUTED,NONE,0.000000000,0.000000000,0.000000000,0.0,0.000000000,0.000000000,"",0,0,0,0,0,00,0,0*bff66f39
#HEADINGA,ICOM3,0,74.6,FINESTEERING,2437,11440.200,00000000,0000,810;SOL_COMPUTED,NONE,0.000000000,0.000000000,0.000000000,0.0,0.000000000,0.000000000,"",0,0,0,0,0,00,0,0*0ad7767e
#HEADINGA,ICOM3,0,74.5,FINESTEERING,2437,11440.400,00000000,0000,810;SOL_COMPUTED,NONE,0.000000000,0.000000000,0.000000000,0.0,0.000000000,0.000000000,"",0,0,0,0,0,00,0,0*3f3ca3b4
#HEADINGA,ICOM3,0,74.5,FINESTEERING,2437,11440.600,00000000,0000,810;SOL_COMPUTED,NONE,0.000000000,0.000000000,0.000000000,0.0,0.000000000,0.000000000,"",0,0,0,0,0,00,0,0*8a1dbaf3
#HEADINGA,ICOM3,0,74.5,FINESTEERING,2437,11440.800,00000000,0000,810;SOL_COMPUTED,NONE,0.000000000,0.000000000,0.000000000,0.0,0.000000000,0.000000000,"",0,0,0,0,0,00,0,0*3718f8a4
#HEADINGA,ICOM3,0,74.5,FINESTEERING,2437,11441.000,00000000,0000,810;SOL_COMPUTED,NONE,0.000000000,0.000000000,0.000000000,0.0,0.000000000,0.000000000,"",0,0,0,0,0,00,0,0*0e1ef64a
#HEADINGA,ICOM3,0,74.5,FINESTEERING,2437,11441.200,00000000,0000,810;SOL_COMPUTED,NONE,0.000000000,0.000000000,0.000000000,0.0,0.000000000,0.000000000,"",0,0,0,0,0,00,0,0*bb3fef0d
#HEADINGA,ICOM3,0,76.7,FINESTEERING,2437,11441.400,00000000,0000,810;SOL_COMPUTED,NONE,0.000000000,0.000000000,0.000000000,0.0,0.000000000,0.000000000,"",0,0,0,0,0,00,0,0*769dd4a6
#HEADINGA,ICOM3,0,76.7,FINESTEERING,2437,11441.600,00000000,0000,810;SOL_COMPUTED,NONE,0.000000000,0.000000000,0.000000000,0.0,0.000000000,0.000000000,"",0,0,0,0,0,00,0,0*c3bccde1
#HEADINGA,ICOM3,0,76.7,FINESTEERING,2437,11441.800,00000000,0000,810;SOL_COMPUTED,NONE,0.000000000,0.000000000,0.000000000,0.0,0.000000000,0.000000000,"",0,0,0,0,0,00,0,0*7eb98fb6
#HEADINGA,ICOM3,0,76.7,FINESTEERING,2437,11442.000,00000000,0000,810;SOL_COMPUTED,NONE,0.000000000,0.000000000,0.000000000,0.0,0.000000000,0.000000000,"",0,0,0,0,0,00,0,0*9cec457b
#HEADINGA,ICOM3,0,76.7,FINESTEERING,2437,11442.200,00000000,0000,810;SOL_COMPUTED,NONE,0.000000000,0.000000000,0.000000000,0.0,0.000000000,0.000000000,"",0,0,0,0,0,00,0,0*29cd5c3c
#HEADINGA,ICOM3,0,74.0,FINESTEERING,2437,11442.400,00000000,0000,810;SOL_COMPUTED,NONE,0.000000000,0.000000000,0.000000000,0.0,0.000000000,0.000000000,"",0,0,0,0,0,00,0,0*b6656f51
#HEADINGA,ICOM3,0,74.0,FINESTEERING,2437,11442.600,00000000,0000,810;SOL_COMPUTED,NONE,0.000000000,0.000000000,0.000000000,0.0,0.000000000,0.000000000,"",0,0,0,0,0,00,0,0*03447616
#HEADINGA,ICOM3,0,74.0,FINESTEERING,2437,11442.800,00000000,0000,810;SOL_COMPUTED,NONE,0.000000000,0.000000000,0.000000000,0.0,0.000000000,0.000000000,"",0,0,0,0,0,00,0,0*be413441
#HEADINGA,ICOM3,0,74.0,FINESTEERING,2437,11443.000,00000000,0000,810;SOL_COMPUTED,NONE,0.000000000,0.000000000,0.000000000,0.0,0.000000000,0.000000000,"",0,0,0,0,0,00,0,0*87473aaf
#HEADINGA,ICOM3,0,74.0,FINESTEERING,2437,11443.200,00000000,0000,810;SOL_COMPUTED,NONE,0.000000000,0.000000000,0.000000000,0.0,0.000000000,0.000000000,"",0,0,0,0,0,00,0,0*326623e8
#HEADINGA,ICOM3,0,76.5,FINESTEERING,2437,11443.400,00000000,0000,810;SOL_COMPUTED,NONE,0.000000000,0.000000000,0.000000000,0.0,0.000000000,0.000000000,"",0,0,0,0,0,00,0,0*8c9f40f9
#HEADINGA,ICOM3,0,76.5,FINESTEERING,2437,11443.600,00000000,0000,810;SOL_COMPUTED,NONE,0.000000000,0.000000000,0.000000000,0.0,0.000000000,0.000000000,"",0,0,0,0,0,00,0,0*39be59be
#HEADINGA,ICOM3,0,76.5,FINESTEERING,2437,11443.800,00000000,0000,810;SOL_COMPUTED,NONE,0.000000000,0.000000000,0.000000000,0.0,0.000000000,0.000000000,"",0,0,0,0,0,00,0,0*84bb1be9
#HEADINGA,ICOM3,0,76.5,FINESTEERING,2437,11444.000,00000000,0000,810;SOL_COMPUTED,NONE,0.000000000,0.000000000,0.000000000,0.0,0.000000000,0.000000000,"",0,0,0,0,0,00,0,0*0b385f23
#HEADINGA,ICOM3,0,76.5,FINESTEERING,2437,11444.200,00000000,0000,810;SOL_COMPUTED,NONE,0.000000000,0.000000000,0.000000000,0.0,0.000000000,0.000000000,"",0,0,0,0,0,00,0,0*be194664
#HEADINGA,ICOM3,0,74.3,FINESTEERING,2437,11444.400,00000000,0000,810;SOL_COMPUTED,NONE,0.000000000,0.000000000,0.000000000,0.0,0.000000000,0.000000000,"",0,0,0,0,0,00,0,0*3119dd37
#HEADINGA,ICOM3,0,74.3,FINESTEERING,2437,11444.600,00000000,0000,810;SOL_COMPUTED,NONE,0.000000000,0.000000000,0.000000000,0.0,0.000000000,0.000000000,"",0,0,0,0,0,00,0,0*8438c470
#HEADINGA,ICOM3,0,74.3,FINESTEERING,2437,11444.800,00000000,0000,810;SOL_COMPUTED,NONE,0.000000000,0.000000000,0.000000000,0.0,0.000000000,0.000000000,"",0,0,0,0,0,00,0,0*393d8627
#HEADINGA,ICOM3,0,74.3,FINESTEERING,2437,11445.000,00000000,0000,810;SOL_COMPUTED,NONE,0.000000000,0.000000000,0.000000000,0.0,0.000000000,0.000000000,"",0,0,0,0,0,00,0,0*003b88c9
#HEADINGA,ICOM3,0,74.3,FINESTEERING,2437,11445.200,00000000,0000,810;SOL_COMPUTED,NONE,0.000000000,0.000000000,0.000000000,0.0,0.000000000,0.000000000,"",0,0,0,0,0,00,0,0*b51a918e
#HEADINGA,ICOM3,0,75.2,FINESTEERING,2437,11445.400,00000000,0000,810;SOL_COMPUTED,NONE,0.000000000,0.000000000,0.000000000,0.0,0.000000000,0.000000000,"",0,0,0,0,0,00,0,0*38683437
#HEADINGA,ICOM3,0,75.2,FINESTEERING,2437,11445.600,00000000,0000,810;SOL_COMPUTED,NONE,0.000000000,0.000000000,0.000000000,0.0,0.000000000,0.000000000,"",0,0,0,0,0,00,0,0*8d492d70
#HEADINGA,ICOM3,0,75.2,FINESTEERING,2437,11445.800,00000000,0000,810;SOL_COMPUTED,NONE,0.000000000,0.000000000,0.000000000,0.0,0.000000000,0.000000000,"",0,0,0,0,0,00,0,0*304c6f27
#HEADINGA,ICOM3,0,75.2,FINESTEERING,2437,11446.000,00000000,0000,810;SOL_COMPUTED,NONE,0.000000000,0.000000000,0.000000000,0.0,0.000000000,0.000000000,"",0,0,0,0,0,00,0,0*d219a5ea
#HEADINGA,ICOM3,0,75.2,FINESTEERING,2437,11446.200,00000000,0000,810;SOL_COMPUTED,NONE,0.000000000,0.000000000,0.000000000,0.0,0.000000000,0.000000000,"",0,0,0,0,0,00,0,0*6738bcad
#HEADINGA,ICOM3,0,73.2,FINESTEERING,2437,11446.400,00000000,0000,810;SOL_COMPUTED,NONE,0.000000000,0.000000000,0.000000000,0.0,0.000000000,0.000000000,"",0,0,0,0,0,00,0,0*81785d85
#HEADINGA,ICOM3,0,73.2,FINESTEERING,2437,11446.600,00000000,0000,810;SOL_COMPUTED,NONE,0.000000000,0.000000000,0.000000000,0.0,0.000000000,0.000000000,"",0,0,0,0,0,00,0,0*345944c2
#HEADINGA,ICOM3,0,73.2,FINESTEERING,2437,11446.800,00000000,0000,810;SOL_COMPUTED,NONE,0.000000000,0.000000000,0.000000000,0.0,0.000000000,0.000000000,"",0,0,0,0,0,00,0,0*895c0695
#HEADINGA,ICOM3,0,73.2,FINESTEERING,2437,11447.000,00000000,0000,810;SOL_COMPUTED,NONE,0.000000000,0.000000000,0.000000000,0.0,0.000000000,0.000000000,"",0,0,0,0,0,00,0,0*b05a087b
#HEADINGA,ICOM3,0,73.2,FINESTEERING,2437,11447.200,00000000,0000,810;SOL_COMPUTED,NONE,0.000000000,0.000000000,0.000000000,0.0,0.000000000,0.000000000,"",0,0,0,0,0,00,0,0*057b113c
#HEADINGA,ICOM3,0,73.8,FINESTEERING,2437,11447.400,00000000,0000,810;SOL_COMPUTED,NONE,0.000000000,0.000000000,0.000000000,0.0,0.000000000,0.000000000,"",0,0,0,0,0,00,0,0*a57d2d38
#HEADINGA,ICOM3,0,73.8,FINESTEERING,2437,11447.600,00000000,0000,810;SOL_COMPUTED,NONE,0.000000000,0.000000000,0.000000000,0.0,0.000000000,0.000000000,"",0,0,0,0,0,00,0,0*105c347f
#HEADINGA,ICOM3,0,73.8,FINESTEERING,2437,11447.800,00000000,0000,810;SOL_COMPUTED,NONE,0.000000000,0.000000000,0.000000000,0.0,0.000000000,0.000000000,"",0,0,0,0,0,00,0,0*ad597628
#HEADINGA,ICOM3,0,73.8,FINESTEERING,2437,11448.000,00000000,0000,810;SOL_COMPUTED,NONE,0.000000000,0.000000000,0.000000000,0.0,0.000000000,0.000000000,"",0,0,0,0,0,00,0,0*f9772eec
#HEADINGA,ICOM3,0,73.8,FINESTEERING,2437,11448.200,00000000,0000,810;SOL_COMPUTED,NONE,0.000000000,0.000000000,0.000000000,0.0,0.000000000,0.000000000,"",0,0,0,0,0,00,0,0*4c5637ab
#HEADINGA,ICOM3,0,72.4,FINESTEERING,2437,11448.400,00000000,0000,810;SOL_COMPUTED,NONE,0.000000000,0.000000000,0.000000000,0.0,0.000000000,0.000000000,"",0,0,0,0,0,00,0,0*166bdb24
#HEADINGA,ICOM3,0,72.4,FINESTEERING,2437,11448.600,00000000,0000,810;SOL_COMPUTED,NONE,0.000000000,0.000000000,0.000000000,0.0,0.000000000,0.000000000,"",0,0,0,0,0,00,0,0*a34ac263
#HEADINGA,ICOM3,0,72.4,FINESTEERING,2437,11448.800,00000000,0000,810;SOL_COMPUTED,NONE,0.000000000,0.000000000,0.000000000,0.0,0.000000000,0.000000000,"",0,0,0,0,0,00,0,0*1e4f8034
#HEADINGA,ICOM3,0,72.4,FINESTEERING,2437,11449.000,00000000,0000,810;SOL_COMPUTED,NONE,0.000000000,0.000000000,0.000000000,0.0,0.000000000,0.000000000,"",0,0,0,0,0,00,0,0*27498eda
#HEADINGA,ICOM3,0,72.4,FINESTEERING,2437,11449.200,00000000,0000,810;SOL_COMPUTED,NONE,0.000000000,0.000000000,0.000000000,0.0,0.000000000,0.000000000,"",0,0,0,0,0,00,0,0*9268979d
#HEADINGA,ICOM3,0,75.2,FINESTEERING,2437,11449.400,00000000,0000,810;SOL_COMPUTED,NONE,0.000000000,0.000000000,0.000000000,0.0,0.000000000,0.000000000,"",0,0,0,0,0,00,0,0*8e13a63e
#HEADINGA,ICOM3,0,75.2,FINESTEERING,2437,11449.600,00000000,0000,810;SOL_COMPUTED,NONE,0.000000000,0.000000000,0.000000000,0.0,0.000000000,0.000000000,"",0,0,0,0,0,00,0,0*3b32bf79
#HEADINGA,ICOM3,0,75.2,FINESTEERING,2437,11449.800,00000000,0000,810;SOL_COMPUTED,NONE,0.000000000,0.000000000,0.000000000,0.0,0.000000000,0.000000000,"",0,0,0,0,0,00,0,0*8637fd2e
#HEADINGA,ICOM3,0,75.2,FINESTEERING,2437,11450.000,00000000,0000,810;SOL_COMPUTED,NONE,0.000000000,0.000000000,0.000000000,0.0,0.000000000,0.000000000,"",0,0,0,0,0,00,0,0*35c2fe95
#HEADINGA,ICOM3,0,75.2,FINESTEERING,2437,11450.200,00000000,0000,810;SOL_COMPUTED,NONE,0.000000000,0.000000000,0.000000000,0.0,0.000000000,0.000000000,"",0,0,0,0,0,00,0,0*80e3e7d2
#HEADINGA,ICOM3,0,74.4,FINESTEERING,2437,11450.400,00000000,0000,810;SOL_COMPUTED,NONE,0.000000000,0.000000000,0.000000000,0.0,0.000000000,0.000000000,"",0,0,0,0,0,00,0,0*7eca1ad1
#HEADINGA,ICOM3,0,74.4,FINESTEERING,2437,11450.600,00000000,0000,810;SOL_COMPUTED,NONE,0.000000000,0.000000000,0.000000000,0.0,0.000000000,0.000000000,"",0,0,0,0,0,00,0,0*cbeb0396
#HEADINGA,ICOM3,0,74.4,FINESTEERING,2437,11450.800,00000000,0000,810;SOL_COMPUTED,NONE,0.000000000,0.000000000,0.000000000,0.0,0.000000000,0.000000000,"",0,0,0,0,0,00,0,0*76ee41c1
#HEADINGA,ICOM3,0,74.4,FINESTEERING,2437,11451.000,00000000,0000,810;SOL_COMPUTED,NONE,0.000000000,0.000000000,0.000000000,0.0,0.000000000,0.000000000,"",0,0,0,0,0,00,0,0*4fe84f2f
#HEADINGA,ICOM3,0,74.4,FINESTEERING,2437,11451.200,00000000,0000,810;SOL_COMPUTED,NONE,0.000000000,0.000000000,0.000000000,0.0,0.000000000,0.000000000,"",0,0,0,0,0,00,0,0*fac95668
#HEADINGA,ICOM3,0,74.9,FINESTEERING,2437,11451.400,00000000,0000,810;SOL_COMPUTED,NONE,0.000000000,0.000000000,0.000000000,0.0,0.000000000,0.000000000,"",0,0,0,0,0,00,0,0*299432d6
#HEADINGA,ICOM3,0,74.9,FINESTEERING,2437,11451.600,00000000,0000,810;SOL_COMPUTED,NONE,0.000000000,0.000000000,0.000000000,0.0,0.000000000,0.000000000,"",0,0,0,0,0,00,0,0*9cb52b91
#HEADINGA,ICOM3,0,74.9,FINESTEERING,2437,11451.800,00000000,0000,810;SOL_COMPUTED,NONE,0.000000000,0.000000000,0.000000000,0.0,0.000000000,0.000000000,"",0,0,0,0,0,00,0,0*21b069c6
#HEADINGA,ICOM3,0,74.9,FINESTEERING,2437,11452.000,00000000,0000,810;SOL_COMPUTED,NONE,0.000000000,0.000000000,0.000000000,0.0,0.000000000,0.000000000,"",0,0,0,0,0,00,0,0*c3e5a30b
#HEADINGA,ICOM3,0,74.9,FINESTEERING,2437,11452.200,00000000,0000,810;SOL_COMPUTED,NONE,0.000000000,0.000000000,0.000000000,0.0,0.000000000,0.000000000,"",0,0,0,0,0,00,0,0*76c4ba4c
#HEADINGA,ICOM3,0,75.3,FINESTEERING,2437,11452.400,00000000,0000,810;SOL_COMPUTED,NONE,0.000000000,0.000000000,0.000000000,0.0,0.000000000,0.000000000,"",0,0,0,0,0,00,0,0*4f0aa647
#HEADINGA,ICOM3,0,75.3,FINESTEERING,2437,11452.600,00000000,0000,810;SOL_COMPUTED,NONE,0.000000000,0.000000000,0.000000000,0.0,0.000000000,0.000000000,"",0,0,0,0,0,00,0,0*fa2bbf00
#HEADINGA,ICOM3,0,75.3,FINESTEERING,2437,11452.800,00000000,0000,810;SOL_COMPUTED,NONE,0.000000000,0.000000000,0.000000000,0.0,0.000000000,0.000000000,"",0,0,0,0,0,00,0,0*472efd57
#HEADINGA,ICOM3,0,75.3,FINESTEERING,2437,11453.000,00000000,0000,810;SOL_COMPUTED,NONE,0.000000000,0.000000000,0.000000000,0.0,0.000000000,0.000000000,"",0,0,0,0,0,00,0,0*7e28f3b9
#HEADINGA,ICOM3,0,75.3,FINESTEERING,2437,11453.200,00000000,0000,810;SOL_COMPUTED,NONE,0.000000000,0.000000000,0.000000000,0.0,0.000000000,0.000000000,"",0,0,0,0,0,00,0,0*cb09eafe
#HEADINGA,ICOM3,0,74.1,FINESTEERING,2437,11453.400,00000000,0000,810;SOL_COMPUTED,NONE,0.000000000,0.000000000,0.000000000,0.0,0.000000000,0.000000000,"",0,0,0,0,0,00,0,0*7782b705
#HEADINGA,ICOM3,0,74.1,FINESTEERING,2437,11453.600,00000000,0000,810;SOL_COMPUTED,NONE,0.000000000,0.000000000,0.000000000,0.0,0.000000000,0.000000000,"",0,0,0,0,0,00,0,0*c2a3ae42
#HEADINGA,ICOM3,0,74.1,FINESTEERING,2437,11453.800,00000000,0000,810;SOL_COMPUTED,NONE,0.000000000,0.000000000,0.000000000,0.0,0.000000000,0.000000000,"",0,0,0,0,0,00,0,0*7fa6ec15
#HEADINGA,ICOM3,0,74.1,FINESTEERING,2437,11454.000,00000000,0000,810;SOL_COMPUTED,NONE,0.000000000,0.000000000,0.000000000,0.0,0.000000000,0.000000000,"",0,0,0,0,0,00,0,0*f025a8df
#HEADINGA,ICOM3,0,74.1,FINESTEERING,2437,11454.200,00000000,0000,810;SOL_COMPUTED,NONE,0.000000000,0.000000000,0.000000000,0.0,0.000000000,0.000000000,"",0,0,0,0,0,00,0,0*4504b198
#HEADINGA,ICOM3,0,74.9,FINESTEERING,2437,11454.400,00000000,0000,810;SOL_COMPUTED,NONE,0.000000000,0.000000000,0.000000000,0.0,0.000000000,0.000000000,"",0,0,0,0,0,00,0,0*c453dde0
#HEADINGA,ICOM3,0,74.9,FINESTEERING,2437,11454.600,00000000,0000,810;SOL_COMPUTED,NONE,0.000000000,0.000000000,0.000000000,0.0,0.000000000,0.000000000,"",0,0,0,0,0,00,0,0*7172c4a7
#HEADINGA,ICOM3,0,74.9,FINESTEERING,2437,11454.800,00000000,0000,810;SOL_COMPUTED,NONE,0.000000000,0.000000000,0.000000000,0.0,0.000000000,0.000000000,"",0,0,0,0,0,00,0,0*cc7786f0
#HEADINGA,ICOM3,0,74.9,FINESTEERING,2437,11455.000,00000000,0000,810;SOL_COMPUTED,NONE,0.000000000,0.000000000,0.000000000,0.0,0.000000000,0.000000000,"",0,0,0,0,0,00,0,0*f571881e
#HEADINGA,ICOM3,0,74.9,FINESTEERING,2437,11455.200,00000000,0000,810;SOL_COMPUTED,NONE,0.000000000,0.000000000,0.000000000,0.0,0.000000000,0.000000000,"",0,0,0,0,0,00,0,0*40509159
#HEADINGA,ICOM3,0,74.9,FINESTEERING,2437,11455.400,00000000,0000,810;SOL_COMPUTED,NONE,0.000000000,0.000000000,0.000000000,0.0,0.000000000,0.000000000,"",0,0,0,0,0,00,0,0*4442bcd1
#HEADINGA,ICOM3,0,74.9,FINESTEERING,2437,11455.600,00000000,0000,810;SOL_COMPUTED,NONE,0.000000000,0.000000000,0.000000000,0.0,0.000000000,0.000000000,"",0,0,0,0,0,00,0,0*f163a596
#HEADINGA,ICOM3,0,74.9,FINESTEERING,2437,11455.800,00000000,0000,810;SOL_COMPUTED,NONE,0.000000000,0.000000000,0.000000000,0.0,0.000000000,0.000000000,"",0,0,0,0,0,00,0,0*4c66e7c1
#HEADINGA,ICOM3,0,74.9,FINESTEERING,2437,11456.000,00000000,0000,810;SOL_COMPUTED,NONE,0.000000000,0.000000000,0.000000000,0.0,0.000000000,0.000000000,"",0,0,0,0,0,00,0,0*ae332d0c
#HEADINGA,ICOM3,0,74.9,FINESTEERING,2437,11456.200,00000000,0000,810;SOL_COMPUTED,NONE,0.000000000,0.000000000,0.000000000,0.0,0.000000000,0.000000000,"",0,0,0,0,0,00,0,0*1b12344b
#HEADINGA,ICOM3,0,76.5,FINESTEERING,2437,11456.400,00000000,0000,810;SOL_COMPUTED,NONE,0.000000000,0.000000000,0.000000000,0.0,0.000000000,0.000000000,"",0,0,0,0,0,00,0,0*3006be94
#HEADINGA,ICOM3,0,76.5,FINESTEERING,2437,11456.600,00000000,0000,810;SOL_COMPUTED,NONE,0.000000000,0.000000000,0.000000000,0.0,0.000000000,0.000000000,"",0,0,0,0,0,00,0,0*8527a7d3
#HEADINGA,ICOM3,0,76.5,FINESTEERING,2437,11456.800,00000000,0000,810;SOL_COMPUTED,NONE,0.000000000,0.000000000,0.000000000,0.0,0.000000000,0.000000000,"",0,0,0,0,0,00,0,0*3822e584
#HEADINGA,ICOM3,0,76.5,FINESTEERING,2437,11457.000,00000000,0000,810;SOL_COMPUTED,NONE,0.000000000,0.000000000,0.000000000,0.0,0.000000000,0.000000000,"",0,0,0,0,0,00,0,0*0124eb6a
#HEADINGA,ICOM3,0,76.5,FINESTEERING,2437,11457.200,00000000,0000,810;SOL_COMPUTED,NONE,0.000000000,0.000000000,0.000000000,0.0,0.000000000,0.000000000,"",0,0,0,0,0,00,0,0*b405f22d
#HEADINGA,ICOM3,0,74.8,FINESTEERING,2437,11457.400,00000000,0000,810;SOL_COMPUTED,NONE,0.000000000,0.000000000,0.000000000,0.0,0.000000000,0.000000000,"",0,0,0,0,0,00,0,0*8fb9d0cc
#HEADINGA,ICOM3,0,74.8,FINESTEERING,2437,11457.600,00000000,0000,810;SOL_COMPUTED,NONE,0.000000000,0.000000000,0.000000000,0.0,0.000000000,0.000000000,"",0,0,0,0,0,00,0,0*3a98c98b
#HEADINGA,ICOM3,0,74.8,FINESTEERING,2437,11457.800,00000000,0000,810;SOL_COMPUTED,NONE,0.000000000,0.000000000,0.000000000,0.0,0.000000000,0.000000000,"",0,0,0,0,0,00,0,0*879d8bdc
#HEADINGA,ICOM3,0,74.8,FINESTEERING,2437,11458.000,00000000,0000,810;SOL_COMPUTED,NONE,0.000000000,0.000000000,0.000000000,0.0,0.000000000,0.000000000,"",0,0,0,0,0,00,0,0*d3b3d318
#HEADINGA,ICOM3,0,74.8,FINESTEERING,2437,11458.200,00000000,0000,810;SOL_COMPUTED,NONE,0.000000000,0.000000000,0.000000000,0.0,0.000000000,0.000000000,"",0,0,0,0,0,00,0,0*6692ca5f
#HEADINGA,ICOM3,0,76.8,FINESTEERING,2437,11458.400,00000000,0000,810;SOL_COMPUTED,NONE,0.000000000,0.000000000,0.000000000,0.0,0.000000000,0.000000000,"",0,0,0,0,0,00,0,0*8a61a188
#HEADINGA,ICOM3,0,76.8,FINESTEERING,2437,11458.600,00000000,0000,810;SOL_COMPUTED,NONE,0.000000000,0.000000000,0.000000000,0.0,0.000000000,0.000000000,"",0,0,0,0,0,00,0,0*3f40b8cf
#HEADINGA,ICOM3,0,76.8,FINESTEERING,2437,11458.800,00000000,0000,810;SOL_COMPUTED,NONE,0.000000000,0.000000000,0.000000000,0.0,0.000000000,0.000000000,"",0,0,0,0,0,00,0,0*8245fa98
#HEADINGA,ICOM3,0,76.8,FINESTEERING,2437,11459.000,00000000,0000,810;SOL_COMPUTED,NONE,0.000000000,0.000000000,0.000000000,0.0,0.000000000,0.000000000,"",0,0,0,0,0,00,0,0*bb43f476
#HEADINGA,ICOM3,0,76.8,FINESTEERING,2437,11459.200,00000000,0000,810;SOL_COMPUTED,NONE,0.000000000,0.000000000,0.000000000,0.0,0.000000000,0.000000000,"",0,0,0,0,0,00,0,0*0e62ed31
#HEADINGA,ICOM3,0,74.4,FINESTEERING,2437,11459.400,00000000,0000,810;SOL_COMPUTED,NONE,0.000000000,0.000000000,0.000000000,0.0,0.000000000,0.000000000,"",0,0,0,0,0,00,0,0*257667ee
#HEADINGA,ICOM3,0,74.4,FINESTEERING,2437,11459.600,00000000,0000,810;SOL_COMPUTED,NONE,0.000000000,0.000000000,0.000000000,0.0,0.000000000,0.000000000,"",0,0,0,0,0,00,0,0*90577ea9
#HEADINGA,ICOM3,0,74.4,FINESTEERING,2437,11459.800,00000000,0000,810;SOL_COMPUTED,NONE,0.000000000,0.000000000,0.000000000,0.0,0.000000000,0.000000000,"",0,0,0,0,0,00,0,0*2d523cfe
#HEADINGA,ICOM3,0,74.4,FINESTEERING,2437,11460.000,00000000,0000,810;SOL_COMPUTED,NONE,0.000000000,0.000000000,0.000000000,0.0,0.000000000,0.000000000,"",0,0,0,0,0,00,0,0*3c1b1df3
#HEADINGA,ICOM3,0,74.4,FINESTEERING,2437,11460.200,00000000,0000,810;SOL_COMPUTED,NONE,0.000000000,0.000000000,0.000000000,0.0,0.000000000,0.000000000,"",0,0,0,0,0,00,0,0*893a04b4
#HEADINGA,ICOM3,0,75.9,FINESTEERING,2437,11460.400,00000000,0000,810;SOL_COMPUTED,NONE,0.000000000,0.000000000,0.000000000,0.0,0.000000000,0.000000000,"",0,0,0,0,0,00,0,0*c3af4005
#HEADINGA,ICOM3,0,75.9,FINESTEERING,2437,11460.600,00000000,0000,810;SOL_COMPUTED,NONE,0.000000000,0.000000000,0.000000000,0.0,0.000000000,0.000000000,"",0,0,0,0,0,00,0,0*768e5942
#HEADINGA,ICOM3,0,75.9,FINESTEERING,2437,11460.800,00000000,0000,810;SOL_COMPUTED,NONE,0.000000000,0.000000000,0.000000000,0.0,0.000000000,0.000000000,"",0,0,0,0,0,00,0,0*cb8b1b15
#HEADINGA,ICOM3,0,75.9,FINESTEERING,2437,11461.000,00000000,0000,810;SOL_COMPUTED,NONE,0.000000000,0.000000000,0.000000000,0.0,0.000000000,0.000000000,"",0,0,0,0,0,00,0,0*f28d15fb
#HEADINGA,ICOM3,0,75.9,FINESTEERING,2437,11461.200,00000000,0000,810;SOL_COMPUTED,NONE,0.000000000,0.000000000,0.000000000,0.0,0.000000000,0.000000000,"",0,0,0,0,0,00,0,0*47ac0cbc
#HEADINGA,ICOM3,0,74.2,FINESTEERING,2437,11461.400,00000000,0000,810;SOL_COMPUTED,NONE,0.000000000,0.000000000,0.000000000,0.0,0.000000000,0.000000000,"",0,0,0,0,0,00,0,0*6ecab889
#HEADINGA,ICOM3,0,74.2,FINESTEERING,2437,11461.600,00000000,0000,810;SOL_COMPUTED,NONE,0.000000000,0.000000000,0.000000000,0.0,0.000000000,0.000000000,"",0,0,0,0,0,00,0,0*dbeba1ce
#HEADINGA,ICOM3,0,74.2,FINESTEERING,2437,11461.800,00000000,0000,810;SOL_COMPUTED,NONE,0.000000000,0.000000000,0.000000000,0.0,0.000000000,0.000000000,"",0,0,0,0,0,00,0,0*66eee399
#HEADINGA,ICOM3,0,74.2,FINESTEERING,2437,11462.000,00000000,0000,810;SOL_COMPUTED,NONE,0.000000000,0.000000000,0.000000000,0.0,0.000000000,0.000000000,"",0,0,0,0,0,00,0,0*84bb2954
#HEADINGA,ICOM3,0,74.2,FINESTEERING,2437,11462.200,00000000,0000,810;SOL_COMPUTED,NONE,0.000000000,0.000000000,0.000000000,0.0,0.000000000,0.000000000,"",0,0,0,0,0,00,0,0*319a3013
#HEADINGA,ICOM3,0,75.8,FINESTEERING,2437,11462.400,00000000,0000,810;SOL_COMPUTED,NONE,0.000000000,0.000000000,0.000000000,0.0,0.000000000,0.000000000,"",0,0,0,0,0,00,0,0*08542c18
#HEADINGA,ICOM3,0,75.8,FINESTEERING,2437,11462.600,00000000,0000,810;SOL_COMPUTED,NONE,0.000000000,0.000000000,0.000000000,0.0,0.000000000,0.000000000,"",0,0,0,0,0,00,0,0*bd75355f
#HEADINGA,ICOM3,0,75.8,FINESTEERING,2437,11462.800,00000000,0000,810;SOL_COMPUTED,NONE,0.000000000,0.000000000,0.000000000,0.0,0.000000000,0.000000000,"",0,0,0,0,0,00,0,0*00707708
#HEADINGA,ICOM3,0,75.8,FINESTEERING,2437,11463.000,00000000,0000,810;SOL_COMPUTED,NONE,0.000000000,0.000000000,0.000000000,0.0,0.000000000,0.000000000,"",0,0,0,0,0,00,0,0*397679e6
#HEADINGA,ICOM3,0,75.8,FINESTEERING,2437,11463.200,00000000,0000,810;SOL_COMPUTED,NONE,0.000000000,0.000000000,0.000000000,0.0,0.000000000,0.000000000,"",0,0,0,0,0,00,0,0*8c5760a1
#HEADINGA,ICOM3,0,74.1,FINESTEERING,2437,11463.400,00000000,0000,810;SOL_COMPUTED,NONE,0.000000000,0.000000000,0.000000000,0.0,0.000000000,0.000000000,"",0,0,0,0,0,00,0,0*846084e8
#HEADINGA,ICOM3,0,74.1,FINESTEERING,2437,11463.600,00000000,0000,810;SOL_COMPUTED,NONE,0.000000000,0.000000000,0.000000000,0.0,0.000000000,0.000000000,"",0,0,0,0,0,00,0,0*31419daf
#HEADINGA,ICOM3,0,74.1,FINESTEERING,2437,11463.800,00000000,0000,810;SOL_COMPUTED,NONE,0.000000000,0.000000000,0.000000000,0.0,0.000000000,0.000000000,"",0,0,0,0,0,00,0,0*8c44dff8
#HEADINGA,ICOM3,0,74.1,FINESTEERING,2437,11464.000,00000000,0000,810;SOL_COMPUTED,NONE,0.000000000,0.000000000,0.000000000,0.0,0.000000000,0.000000000,"",0,0,0,0,0,00,0,0*03c79b32
#HEADINGA,ICOM3,0,74.1,FINESTEERING,2437,11464.200,00000000,0000,810;SOL_COMPUTED,NONE,0.000000000,0.000000000,0.000000000,0.0,0.000000000,0.000000000,"",0,0,0,0,0,00,0,0*b6e68275
#HEADINGA,ICOM3,0,76.1,FINESTEERING,2437,11464.400,00000000,0000,810;SOL_COMPUTED,NONE,0.000000000,0.000000000,0.000000000,0.0,0.000000000,0.000000000,"",0,0,0,0,0,00,0,0*5a15e9a2
#HEADINGA,ICOM3,0,76.1,FINESTEERING,2437,11464.600,00000000,0000,810;SOL_COMPUTED,NONE,0.000000000,0.000000000,0.000000000,0.0,0.000000000,0.000000000,"",0,0,0,0,0,00,0,0*ef34f0e5
#HEADINGA,ICOM3,0,76.1,FINESTEERING,2437,11464.800,00000000,0000,810;SOL_COMPUTED,NONE,0.000000000,0.000000000,0.000000000,0.0,0.000000000,0.000000000,"",0,0,0,0,0,00,0,0*5231b2b2
#HEADINGA,ICOM3,0,76.1,FINESTEERING,2437,11465.000,00000000,0000,810;SOL_COMPUTED,NONE,0.000000000,0.000000000,0.000000000,0.0,0.000000000,0.000000000,"",0,0,0,0,0,00,0,0*6b37bc5c
#HEADINGA,ICOM3,0,76.1,FINESTEERING,2437,11465.200,00000000,0000,810;SOL_COMPUTED,NONE,0.000000000,0.000000000,0.000000000,0.0,0.000000000,0.000000000,"",0,0,0,0,0,00,0,0*de16a51b
#HEADINGA,ICOM3,0,74.4,FINESTEERING,2437,11465.400,00000000,0000,810;SOL_COMPUTED,NONE,0.000000000,0.000000000,0.000000000,0.0,0.000000000,0.000000000,"",0,0,0,0,0,00,0,0*60efc60a
#HEADINGA,ICOM3,0,74.4,FINESTEERING,2437,11465.600,00000000,0000,810;SOL_COMPUTED,NONE,0.000000000,0.000000000,0.000000000,0.0,0.000000000,0.000000000,"",0,0,0,0,0,00,0,0*d5cedf4d
#HEADINGA,ICOM3,0,74.4,FINESTEERING,2437,11465.800,00000000,0000,810;SOL_COMPUTED,NONE,0.000000000,0.000000000,0.000000000,0.0,0.000000000,0.000000000,"",0,0,0,0,0,00,0,0*68cb9d1a
#HEADINGA,ICOM3,0,74.4,FINESTEERING,2437,11466.000,00000000,0000,810;SOL_COMPUTED,NONE,0.000000000,0.000000000,0.000000000,0.0,0.000000000,0.000000000,"",0,0,0,0,0,00,0,0*8a9e57d7
#HEADINGA,ICOM3,0,74.4,FINESTEERING,2437,11466.200,00000000,0000,810;SOL_COMPUTED,NONE,0.000000000,0.000000000,0.000000000,0.0,0.000000000,0.000000000,"",0,0,0,0,0,00,0,0*3fbf4e90
#HEADINGA,ICOM3,0,75.8,FINESTEERING,2437,11466.400,00000000,0000,810;SOL_COMPUTED,NONE,0.000000000,0.000000000,0.000000000,0.0,0.000000000,0.000000000,"",0,0,0,0,0,00,0,0*6582a21f
#HEADINGA,ICOM3,0,75.8,FINESTEERING,2437,11466.600,00000000,0000,810;SOL_COMPUTED,NONE,0.000000000,0.000000000,0.000000000,0.0,0.000000000,0.000000000,"",0,0,0,0,0,00,0,0*d0a3bb58
#HEADINGA,ICOM3,0,75.8,FINESTEERING,2437,11466.800,00000000,0000,810;SOL_COMPUTED,NONE,0.000000000,0.000000000,0.000000000,0.0,0.000000000,0.000000000,"",0,0,0,0,0,00,0,0*6da6f90f
#HEADINGA,ICOM3,0,75.8,FINESTEERING,2437,11467.000,00000000,0000,810;SOL_COMPUTED,NONE,0.000000000,0.000000000,0.000000000,0.0,0.000000000,0.000000000,"",0,0,0,0,0,00,0,0*54a0f7e1
#HEADINGA,ICOM3,0,75.8,FINESTEERING,2437,11467.200,00000000,0000,810;SOL_COMPUTED,NONE,0.000000000,0.000000000,0.000000000,0.0,0.000000000,0.000000000,"",0,0,0,0,0,00,0,0*e181eea6
#HEADINGA,ICOM3,0,74.7,FINESTEERING,2437,11467.400,00000000,0000,810;SOL_COMPUTED,NONE,0.000000000,0.000000000,0.000000000,0.0,0.000000000,0.000000000,"",0,0,0,0,0,00,0,0*8a45fa6b
#HEADINGA,ICOM3,0,74.7,FINESTEERING,2437,11467.600,00000000,0000,810;SOL_COMPUTED,NONE,0.000000000,0.000000000,0.000000000,0.0,0.000000000,0.000000000,"",0,0,0,0,0,00,0,0*3f64e32c
#HEADINGA,ICOM3,0,74.7,FINESTEERING,2437,11467.800,00000000,0000,810;SOL_COMPUTED,NONE,0.000000000,0.000000000,0.000000000,0.0,0.000000000,0.000000000,"",0,0,0,0,0,00,0,0*8261a17b
#HEADINGA,ICOM3,0,74.7,FINESTEERING,2437,11468.000,00000000,0000,810;SOL_COMPUTED,NONE,0.000000000,0.000000000,0.000000000,0.0,0.000000000,0.000000000,"",0,0,0,0,0,00,0,0*d64ff9bf
#HEADINGA,ICOM3,0,74.7,FINESTEERING,2437,11468.200,00000000,0000,810;SOL_COMPUTED,NONE,0.000000000,0.000000000,0.000000000,0.0,0.000000000,0.000000000,"",0,0,0,0,0,00,0,0*636ee0f8
#HEADINGA,ICOM3,0,75.4,FINESTEERING,2437,11468.400,00000000,0000,810;SOL_COMPUTED,NONE,0.000000000,0.000000000,0.000000000,0.0,0.000000000,0.000000000,"",0,0,0,0,0,00,0,0*cf4d153d
#HEADINGA,ICOM3,0,75.4,FINESTEERING,2437,11468.600,00000000,0000,810;SOL_COMPUTED,NONE,0.000000000,0.000000000,0.000000000,0.0,0.000000000,0.000000000,"",0,0,0,0,0,00,0,0*7a6c0c7a
#HEADINGA,ICOM3,0,75.4,FINESTEERING,2437,11468.800,00000000,0000,810;SOL_COMPUTED,NONE,0.000000000,0.000000000,0.000000000,0.0,0.000000000,0.000000000,"",0,0,0,0,0,00,0,0*c7694e2d
#HEADINGA,ICOM3,0,75.4,FINESTEERING,2437,11469.000,00000000,0000,810;SOL_COMPUTED,NONE,0.000000000,0.000000000,0.000000000,0.0,0.000000000,0.000000000,"",0,0,0,0,0,00,0,0*fe6f40c3
#HEADINGA,ICOM3,0,75.4,FINESTEERING,2437,11469.200,00000000,0000,810;SOL_COMPUTED,NONE,0.000000000,0.000000000,0.000000000,0.0,0.000000000,0.000000000,"",0,0,0,0,0,00,0,0*4b4e5984
#HEADINGA,ICOM3,0,74.1,FINESTEERING,2437,11469.400,00000000,0000,810;SOL_COMPUTED,NONE,0.000000000,0.000000000,0.000000000,0.0,0.000000000,0.000000000,"",0,0,0,0,0,00,0,0*849e5cc5
#HEADINGA,ICOM3,0,74.1,FINESTEERING,2437,11469.600,00000000,0000,810;SOL_COMPUTED,NONE,0.000000000,0.000000000,0.000000000,0.0,0.000000000,0.000000000,"",0,0,0,0,0,00,0,0*31bf4582
#HEADINGA,ICOM3,0,74.1,FINESTEERING,2437,11469.800,00000000,0000,810;SOL_COMPUTED,NONE,0.000000000,0.000000000,0.000000000,0.0,0.000000000,0.000000000,"",0,0,0,0,0,00,0,0*8cba07d5
#HEADINGA,ICOM3,0,74.1,FINESTEERING,2437,11470.000,00000000,0000,810;SOL_COMPUTED,NONE,0.000000000,0.000000000,0.000000000,0.0,0.000000000,0.000000000,"",0,0,0,0,0,00,0,0*3f4f046e
#HEADINGA,ICOM3,0,74.1,FINESTEERING,2437,11470.200,00000000,0000,810;SOL_COMPUTED,NONE,0.000000000,0.000000000,0.000000000,0.0,0.000000000,0.000000000,"",0,0,0,0,0,00,0,0*8a6e1d29
#HEADINGA,ICOM3,0,78.0,FINESTEERING,2437,11470.400,00000000,0000,810;SOL_COMPUTED,NONE,0.000000000,0.000000000,0.000000000,0.0,0.000000000,0.000000000,"",0,0,0,0,0,00,0,0*8100079e
#HEADINGA,ICOM3,0,78.0,FINESTEERING,2437,11470.600,00000000,0000,810;SOL_COMPUTED,NONE,0.000000000,0.000000000,0.000000000,0.0,0.000000000,0.000000000,"",0,0,0,0,0,00,0,0*34211ed9
#HEADINGA,ICOM3,0,78.0,FINESTEERING,2437,11470.800,00000000,0000,810;SOL_COMPUTED,NONE,0.000000000,0.000000000,0.000000000,0.0,0.000000000,0.000000000,"",0,0,0,0,0,00,0,0*89245c8e
#HEADINGA,ICOM3,0,78.0,FINESTEERING,2437,11471.000,00000000,0000,810;SOL_COMPUTED,NONE,0.000000000,0.000000000,0.000000000,0.0,0.000000000,0.000000000,"",0,0,0,0,0,00,0,0*b0225260
#HEADINGA,ICOM3,0,78.0,FINESTEERING,2437,11471.200,00000000,0000,810;SOL_COMPUTED,NONE,0.000000000,0.000000000,0.000000000,0.0,0.000000000,0.000000000,"",0,0,0,0,0,00,0,0*05034b27
#HEADINGA,ICOM3,0,74.7,FINESTEERING,2437,11471.400,00000000,0000,810;SOL_COMPUTED,NONE,0.000000000,0.000000000,0.000000000,0.0,0.000000000,0.000000000,"",0,0,0,0,0,00,0,0*6d9ea114
#HEADINGA,ICOM3,0,74.7,FINESTEERING,2437,11471.600,00000000,0000,810;SOL_COMPUTED,NONE,0.000000000,0.000000000,0.000000000,0.0,0.000000000,0.000000000,"",0,0,0,0,0,00,0,0*d8bfb853
#HEADINGA,ICOM3,0,74.7,FINESTEERING,2437,11471.800,00000000,0000,810;SOL_COMPUTED,NONE,0.000000000,0.000000000,0.000000000,0.0,0.000000000,0.000000000,"",0,0,0,0,0,00,0,0*65bafa04
#HEADINGA,ICOM3,0,74.7,FINESTEERING,2437,11472.000,00000000,0000,810;SOL_COMPUTED,NONE,0.000000000,0.000000000,0.000000000,0.0,0.000000000,0.000000000,"",0,0,0,0,0,00,0,0*87ef30c9
#HEADINGA,ICOM3,0,74.7,FINESTEERING,2437,11472.200,00000000,0000,810;SOL_COMPUTED,NONE,0.000000000,0.000000000,0.000000000,0.0,0.000000000,0.000000000,"",0,0,0,0,0,00,0,0*32ce298e
#HEADINGA,ICOM3,0,75.2,FINESTEERING,2437,11472.400,00000000,0000,810;SOL_COMPUTED,NONE,0.000000000,0.000000000,0.000000000,0.0,0.000000000,0.000000000,"",0,0,0,0,0,00,0,0*fd1e2ccf
#HEADINGA,ICOM3,0,75.2,FINESTEERING,2437,11472.600,00000000,0000,810;SOL_COMPUTED,NONE,0.000000000,0.000000000,0.000000000,0.0,0.000000000,0.000000000,"",0,0,0,0,0,00,0,0*483f3588
#HEADINGA,ICOM3,0,75.2,FINESTEERING,2437,11472.800,00000000,0000,810;SOL_COMPUTED,NONE,0.000000000,0.000000000,0.000000000,0.0,0.000000000,0.000000000,"",0,0,0,0,0,00,0,0*f53a77df
#HEADINGA,ICOM3,0,75.2,FINESTEERING,2437,11473.000,00000000,0000,810;SOL_COMPUTED,NONE,0.000000000,0.000000000,0.000000000,0.0,0.000000000,0.000000000,"",0,0,0,0,0,00,0,0*cc3c7931
#HEADINGA,ICOM3,0,75.2,FINESTEERING,2437,11473.200,00000000,0000,810;SOL_COMPUTED,NONE,0.000000000,0.000000000,0.000000000,0.0,0.000000000,0.000000000,"",0,0,0,0,0,00,0,0*791d6076
#HEADINGA,ICOM3,0,73.8,FINESTEERING,2437,11473.400,00000000,0000,810;SOL_COMPUTED,NONE,0.000000000,0.000000000,0.000000000,0.0,0.000000000,0.000000000,"",0,0,0,0,0,00,0,0*3b4990d2
#HEADINGA,ICOM3,0,73.8,FINESTEERING,2437,11473.600,00000000,0000,810;SOL_COMPUTED,NONE,0.000000000,0.000000000,0.000000000,0.0,0.000000000,0.000000000,"",0,0,0,0,0,00,0,0*8e688995
#HEADINGA,ICOM3,0,73.8,FINESTEERING,2437,11473.800,00000000,0000,810;SOL_COMPUTED,NONE,0.000000000,0.000000000,0.000000000,0.0,0.000000000,0.000000000,"",0,0,0,0,0,00,0,0*336dcbc2
#HEADINGA,ICOM3,0,73.8,FINESTEERING,2437,11474.000,00000000,0000,810;SOL_COMPUTED,NONE,0.000000000,0.000000000,0.000000000,0.0,0.000000000,0.000000000,"",0,0,0,0,0,00,0,0*bcee8f08
#HEADINGA,ICOM3,0,73.8,FINESTEERING,2437,11474.200,00000000,0000,810;SOL_COMPUTED,NONE,0.000000000,0.000000000,0.000000000,0.0,0.000000000,0.000000000,"",0,0,0,0,0,00,0,0*09cf964f
#HEADINGA,ICOM3,0,72.8,FINESTEERING,2437,11474.400,00000000,0000,810;SOL_COMPUTED,NONE,0.000000000,0.000000000,0.000000000,0.0,0.000000000,0.000000000,"",0,0,0,0,0,00,0,0*94159bc8
#HEADINGA,ICOM3,0,72.8,FINESTEERING,2437,11474.600,00000000,0000,810;SOL_COMPUTED,NONE,0.000000000,0.000000000,0.000000000,0.0,0.000000000,0.000000000,"",0,0,0,0,0,00,0,0*2134828f
#HEADINGA,ICOM3,0,72.8,FINESTEERING,2437,11474.800,00000000,0000,810;SOL_COMPUTED,NONE,0.000000000,0.000000000,0.000000000,0.0,0.000000000,0.000000000,"",0,0,0,0,0,00,0,0*9c31c0d8
#HEADINGA,ICOM3,0,72.8,FINESTEERING,2437,11475.000,00000000,0000,810;SOL_COMPUTED,NONE,0.000000000,0.000000000,0.000000000,0.0,0.000000000,0.000000000,"",0,0,0,0,0,00,0,0*a537ce36
#HEADINGA,ICOM3,0,72.8,FINESTEERING,2437,11475.200,00000000,0000,810;SOL_COMPUTED,NONE,0.000000000,0.000000000,0.000000000,0.0,0.000000000,0.000000000,"",0,0,0,0,0,00,0,0*1016d771
#HEADINGA,ICOM3,0,70.8,FINESTEERING,2437,11475.400,00000000,0000,810;SOL_COMPUTED,NONE,0.000000000,0.000000000,0.000000000,0.0,0.000000000,0.000000000,"",0,0,0,0,0,00,0,0*fce5bca6
#HEADINGA,ICOM3,0,70.8,FINESTEERING,2437,11475.600,00000000,0000,810;SOL_COMPUTED,NONE,0.000000000,0.000000000,0.000000000,0.0,0.000000000,0.000000000,"",0,0,0,0,0,00,0,0*49c4a5e1
#HEADINGA,ICOM3,0,70.8,FINESTEERING,2437,11475.800,00000000,0000,810;SOL_COMPUTED,NONE,0.000000000,0.000000000,0.000000000,0.0,0.000000000,0.000000000,"",0,0,0,0,0,00,0,0*f4c1e7b6
#HEADINGA,ICOM3,0,70.8,FINESTEERING,2437,11476.000,00000000,0000,810;SOL_COMPUTED,NONE,0.000000000,0.000000000,0.000000000,0.0,0.000000000,0.000000000,"",0,0,0,0,0,00,0,0*16942d7b
#HEADINGA,ICOM3,0,70.8,FINESTEERING,2437,11476.200,00000000,0000,810;SOL_COMPUTED,NONE,0.000000000,0.000000000,0.000000000,0.0,0.000000000,0.000000000,"",0,0,0,0,0,00,0,0*a3b5343c
#HEADINGA,ICOM3,0,70.8,FINESTEERING,2437,11476.400,00000000,0000,810;SOL_COMPUTED,NONE,0.000000000,0.000000000,0.000000000,0.0,0.000000000,0.000000000,"",0,0,0,0,0,00,0,0*a7a719b4
#HEADINGA,ICOM3,0,70.8,FINESTEERING,2437,11476.600,00000000,0000,810;SOL_COMPUTED,NONE,0.000000000,0.000000000,0.000000000,0.0,0.000000000,0.000000000,"",0,0,0,0,0,00,0,0*128600f3
#HEADINGA,ICOM3,0,70.8,FINESTEERING,2437,11476.800,00000000,0000,810;SOL_COMPUTED,NONE,0.000000000,0.000000000,0.000000000,0.0,0.000000000,0.000000000,"",0,0,0,0,0,00,0,0*af8342a4
#HEADINGA,ICOM3,0,70.8,FINESTEERING,2437,11477.000,00000000,0000,810;SOL_COMPUTED,NONE,0.000000000,0.000000000,0.000000000,0.0,0.000000000,0.000000000,"",0,0,0,0,0,00,0,0*96854c4a
#HEADINGA,ICOM3,0,70.8,FINESTEERING,2437,11477.200,00000000,0000,810;SOL_COMPUTED,NONE,0.000000000,0.000000000,0.000000000,0.0,0.000000000,0.000000000,"",0,0,0,0,0,00,0,0*23a4550d
#HEADINGA,ICOM3,0,68.7,FINESTEERING,2437,11477.400,00000000,0000,810;SOL_COMPUTED,NONE,0.000000000,0.000000000,0.000000000,0.0,0.000000000,0.000000000,"",0,0,0,0,0,00,0,0*54e9a180
#HEADINGA,ICOM3,0,68.7,FINESTEERING,2437,11477.600,00000000,0000,810;SOL_COMPUTED,NONE,0.000000000,0.000000000,0.000000000,0.0,0.000000000,0.000000000,"",0,0,0,0,0,00,0,0*e1c8b8c7
#HEADINGA,ICOM3,0,68.7,FINESTEERING,2437,11477.800,00000000,0000,810;SOL_COMPUTED,NONE,0.000000000,0.000000000,0.000000000,0.0,0.000000000,0.000000000,"",0,0,0,0,0,00,0,0*5ccdfa90
#HEADINGA,ICOM3,0,68.7,FINESTEERING,2437,11478.000,00000000,0000,810;SOL_COMPUTED,NONE,0.000000000,0.000000000,0.000000000,0.0,0.000000000,0.000000000,"",0,0,0,0,0,00,0,0*08e3a254
#HEADINGA,ICOM3,0,68.7,FINESTEERING,2437,11478.200,00000000,0000,810;SOL_COMPUTED,NONE,0.000000000,0.000000000,0.000000000,0.0,0.000000000,0.000000000,"",0,0,0,0,0,00,0,0*bdc2bb13
#HEADINGA,ICOM3,0,66.1,FINESTEERING,2437,11478.400,00000000,0000,810;SOL_COMPUTED,NONE,0.000000000,0.000000000,0.000000000,0.0,0.000000000,0.000000000,"",0,0,0,0,0,00,0,0*2d16bf41
#HEADINGA,ICOM3,0,66.1,FINESTEERING,2437,11478.600,00000000,0000,810;SOL_COMPUTED,NONE,0.000000000,0.000000000,0.000000000,0.0,0.000000000,0.000000000,"",0,0,0,0,0,00,0,0*9837a606
#HEADINGA,ICOM3,0,66.1,FINESTEERING,2437,11478.800,00000000,0000,810;SOL_COMPUTED,NONE,0.000000000,0.000000000,0.000000000,0.0,0.000000000,0.000000000,"",0,0,0,0,0,00,0,0*2532e451
#HEADINGA,ICOM3,0,66.1,FINESTEERING,2437,11479.000,00000000,0000,810;SOL_COMPUTED,NONE,0.000000000,0.000000000,0.000000000,0.0,0.000000000,0.000000000,"",0,0,0,0,0,00,0,0*1c34eabf
#HEADINGA,ICOM3,0,66.1,FINESTEERING,2437,11479.200,00000000,0000,810;SOL_COMPUTED,NONE,0.000000000,0.000000000,0.000000000,0.0,0.000000000,0.000000000,"",0,0,0,0,0,00,0,0*a915f3f8
#HEADINGA,ICOM3,0,70.5,FINESTEERING,2437,11479.400,00000000,0000,810;SOL_COMPUTED,NONE,0.000000000,0.000000000,0.000000000,0.0,0.000000000,0.000000000,"",0,0,0,0,0,00,0,0*9dd16799
#HEADINGA,ICOM3,0,70.5,FINESTEERING,2437,11479.600,00000000,0000,810;SOL_COMPUTED,NONE,0.000000000,0.000000000,0.000000000,0.0,0.000000000,0.000000000,"",0,0,0,0,0,00,0,0*28f07ede
#HEADINGA,ICOM3,0,70.5,FINESTEERING,2437,11479.800,00000000,0000,810;SOL_COMPUTED,NONE,0.000000000,0.000000000,0.000000000,0.0,0.000000000,0.000000000,"",0,0,0,0,0,00,0,0*95f53c89
#HEADINGA,ICOM3,0,70.5,FINESTEERING,2437,11480.000,00000000,0000,810;SOL_COMPUTED,NONE,0.000000000,0.000000000,0.000000000,0.0,0.000000000,0.000000000,"",0,0,0,0,0,00,0,0*fdd6deb2
#HEADINGA,ICOM3,0,70.5,FINESTEERING,2437,11480.200,00000000,0000,810;SOL_COMPUTED,NONE,0.000000000,0.000000000,0.000000000,0.0,0.000000000,0.000000000,"",0,0,0,0,0,00,0,0*48f7c7f5
#HEADINGA,ICOM3,0,71.0,FINESTEERING,2437,11480.400,00000000,0000,810;SOL_COMPUTED,NONE,0.000000000,0.000000000,0.000000000,0.0,0.000000000,0.000000000,"",0,0,0,0,0,00,0,0*8727c2b4
#HEADINGA,ICOM3,0,71.0,FINESTEERING,2437,11480.600,00000000,0000,810;SOL_COMPUTED,NONE,0.000000000,0.000000000,0.000000000,0.0,0.000000000,0.000000000,"",0,0,0,0,0,00,0,0*3206dbf3
#HEADINGA,ICOM3,0,71.0,FINESTEERING,2437,11480.800,00000000,0000,810;SOL_COMPUTED,NONE,0.000000000,0.000000000,0.000000000,0.0,0.000000000,0.000000000,"",0,0,0,0,0,00,0,0*8f0399a4
#HEADINGA,ICOM3,0,71.0,FINESTEERING,2437,11481.000,00000000,0000,810;SOL_COMPUTED,NONE,0.000000000,0.000000000,0.000000000,0.0,0.000000000,0.000000000,"",0,0,0,0,0,00,0,0*b605974a
#HEADINGA,ICOM3,0,71.0,FINESTEERING,2437,11481.200,00000000,0000,810;SOL_COMPUTED,NONE,0.000000000,0.000000000,0.000000000,0.0,0.000000000,0.000000000,"",0,0,0,0,0,00,0,0*03248e0d
#HEADINGA,ICOM3,0,70.0,FINESTEERING,2437,11481.400,00000000,0000,810;SOL_COMPUTED,NONE,0.000000000,0.000000000,0.000000000,0.0,0.000000000,0.000000000,"",0,0,0,0,0,00,0,0*9efe838a
#HEADINGA,ICOM3,0,70.0,FINESTEERING,2437,11481.600,00000000,0000,810;SOL_COMPUTED,NONE,0.000000000,0.000000000,0.000000000,0.0,0.000000000,0.000000000,"",0,0,0,0,0,00,0,0*2bdf9acd
#HEADINGA,ICOM3,0,70.0,FINESTEERING,2437,11481.800,00000000,0000,810;SOL_COMPUTED,NONE,0.000000000,0.000000000,0.000000000,0.0,0.000000000,0.000000000,"",0,0,0,0,0,00,0,0*96dad89a
#HEADINGA,ICOM3,0,70.0,FINESTEERING,2437,11482.000,00000000,0000,810;SOL_COMPUTED,NONE,0.000000000,0.000000000,0.000000000,0.0,0.000000000,0.000000000,"",0,0,0,0,0,00,0,0*748f1257
#HEADINGA,ICOM3,0,70.0,FINESTEERING,2437,11482.200,00000000,0000,810;SOL_COMPUTED,NONE,0.000000000,0.000000000,0.000000000,0.0,0.000000000,0.000000000,"",0,0,0,0,0,00,0,0*c1ae0b10
#HEADINGA,ICOM3,0,75.2,FINESTEERING,2437,11482.400,00000000,0000,810;SOL_COMPUTED,NONE,0.000000000,0.000000000,0.000000000,0.0,0.000000000,0.000000000,"",0,0,0,0,0,00,0,0*7796dc14
#HEADINGA,ICOM3,0,75.2,FINESTEERING,2437,11482.600,00000000,0000,810;SOL_COMPUTED,NONE,0.000000000,0.000000000,0.000000000,0.0,0.000000000,0.000000000,"",0,0,0,0,0,00,0,0*c2b7c553
#HEADINGA,ICOM3,0,75.2,FINESTEERING,2437,11482.800,00000000,0000,810;SOL_COMPUTED,NONE,0.000000000,0.000000000,0.000000000,0.0,0.000000000,0.000000000,"",0,0,0,0,0,00,0,0*7fb28704
#HEADINGA,ICOM3,0,75.2,FINESTEERING,2437,11483.000,00000000,0000,810;SOL_COMPUTED,NONE,0.000000000,0.000000000,0.000000000,0.0,0.000000000,0.000000000,"",0,0,0,0,0,00,0,0*46b489ea
#HEADINGA,ICOM3,0,75.2,FINESTEERING,2437,11483.200,00000000,0000,810;SOL_COMPUTED,NONE,0.000000000,0.000000000,0.000000000,0.0,0.000000000,0.000000000,"",0,0,0,0,0,00,0,0*f39590ad
#HEADINGA,ICOM3,0,73.4,FINESTEERING,2437,11483.400,00000000,0000,810;SOL_COMPUTED,NONE,0.000000000,0.000000000,0.000000000,0.0,0.000000000,0.000000000,"",0,0,0,0,0,00,0,0*76268101
#HEADINGA,ICOM3,0,73.4,FINESTEERING,2437,11483.600,00000000,0000,810;SOL_COMPUTED,NONE,0.000000000,0.000000000,0.000000000,0.0,0.000000000,0.000000000,"",0,0,0,0,0,00,0,0*c3079846
#HEADINGA,ICOM3,0,73.4,FINESTEERING,2437,11483.800,00000000,0000,810;SOL_COMPUTED,NONE,0.000000000,0.000000000,0.000000000,0.0,0.000000000,0.000000000,"",0,0,0,0,0,00,0,0*7e02da11
#HEADINGA,ICOM3,0,73.4,FINESTEERING,2437,11484.000,00000000,0000,810;SOL_COMPUTED,NONE,0.000000000,0.000000000,0.000000000,0.0,0.000000000,0.000000000,"",0,0,0,0,0,00,0,0*f1819edb
#HEADINGA,ICOM3,0,73.4,FINESTEERING,2437,11484.200,00000000,0000,810;SOL_COMPUTED,NONE,0.000000000,0.000000000,0.000000000,0.0,0.000000000,0.000000000,"",0,0,0,0,0,00,0,0*44a0879c
#HEADINGA,ICOM3,0,73.0,FINESTEERING,2437,11484.400,00000000,0000,810;SOL_COMPUTED,NONE,0.000000000,0.000000000,0.000000000,0.0,0.000000000,0.000000000,"",0,0,0,0,0,00,0,0*02100aec
#HEADINGA,ICOM3,0,73.0,FINESTEERING,2437,11484.600,00000000,0000,810;SOL_COMPUTED,NONE,0.000000000,0.000000000,0.000000000,0.0,0.000000000,0.000000000,"",0,0,0,0,0,00,0,0*b73113ab
#HEADINGA,ICOM3,0,73.0,FINESTEERING,2437,11484.800,00000000,0000,810;SOL_COMPUTED,NONE,0.000000000,0.000000000,0.000000000,0.0,0.000000000,0.000000000,"",0,0,0,0,0,00,0,0*0a3451fc
#HEADINGA,ICOM3,0,73.0,FINESTEERING,2437,11485.000,00000000,0000,810;SOL_COMPUTED,NONE,0.000000000,0.000000000,0.000000000,0.0,0.000000000,0.000000000,"",0,0,0,0,0,00,0,0*33325f12
#HEADINGA,ICOM3,0,73.0,FINESTEERING,2437,11485.200,00000000,0000,810;SOL_COMPUTED,NONE,0.000000000,0.000000000,0.000000000,0.0,0.000000000,0.000000000,"",0,0,0,0,0,00,0,0*86134655
#HEADINGA,ICOM3,0,73.5,FINESTEERING,2437,11485.400,00000000,0000,810;SOL_COMPUTED,NONE,0.000000000,0.000000000,0.000000000,0.0,0.000000000,0.000000000,"",0,0,0,0,0,00,0,0*d00b631b
#HEADINGA,ICOM3,0,73.5,FINESTEERING,2437,11485.600,00000000,0000,810;SOL_COMPUTED,NONE,0.000000000,0.000000000,0.000000000,0.0,0.000000000,0.000000000,"",0,0,0,0,0,00,0,0*652a7a5c
#HEADINGA,ICOM3,0,73.5,FINESTEERING,2437,11485.800,00000000,0000,810;SOL_COMPUTED,NONE,0.000000000,0.000000000,0.000000000,0.0,0.000000000,0.000000000,"",0,0,0,0,0,00,0,0*d82f380b
#HEADINGA,ICOM3,0,73.5,FINESTEERING,2437,11486.000,00000000,0000,810;SOL_COMPUTED,NONE,0.000000000,0.000000000,0.000000000,0.0,0.000000000,0.000000000,"",0,0,0,0,0,00,0,0*3a7af2c6
#HEADINGA,ICOM3,0,73.5,FINESTEERING,2437,11486.200,00000000,0000,810;SOL_COMPUTED,NONE,0.000000000,0.000000000,0.000000000,0.0,0.000000000,0.000000000,"",0,0,0,0,0,00,0,0*8f5beb81
#HEADINGA,ICOM3,0,74.0,FINESTEERING,2437,11486.400,00000000,0000,810;SOL_COMPUTED,NONE,0.000000000,0.000000000,0.000000000,0.0,0.000000000,0.000000000,"",0,0,0,0,0,00,0,0*a2d92260
#HEADINGA,ICOM3,0,74.0,FINESTEERING,2437,11486.600,00000000,0000,810;SOL_COMPUTED,NONE,0.000000000,0.000000000,0.000000000,0.0,0.000000000,0.000000000,"",0,0,0,0,0,00,0,0*17f83b27
#HEADINGA,ICOM3,0,74.0,FINESTEERING,2437,11486.800,00000000,0000,810;SOL_COMPUTED,NONE,0.000000000,0.000000000,0.000000000,0.0,0.000000000,0.000000000,"",0,0,0,0,0,00,0,0*aafd7970
#HEADINGA,ICOM3,0,74.0,FINESTEERING,2437,11487.000,00000000,0000,810;SOL_COMPUTED,NONE,0.000000000,0.000000000,0.000000000,0.0,0.000000000,0.000000000,"",0,0,0,0,0,00,0,0*93fb779e
#HEADINGA,ICOM3,0,74.0,FINESTEERING,2437,11487.200,00000000,0000,810;SOL_COMPUTED,NONE,0.000000000,0.000000000,0.000000000,0.0,0.000000000,0.000000000,"",0,0,0,0,0,00,0,0*26da6ed9
#HEADINGA,ICOM3,0,73.5,FINESTEERING,2437,11487.400,00000000,0000,810;SOL_COMPUTED,NONE,0.000000000,0.000000000,0.000000000,0.0,0.000000000,0.000000000,"",0,0,0,0,0,00,0,0*0b58a738
#HEADINGA,ICOM3,0,73.5,FINESTEERING,2437,11487.600,00000000,0000,810;SOL_COMPUTED,NONE,0.000000000,0.000000000,0.000000000,0.0,0.000000000,0.000000000,"",0,0,0,0,0,00,0,0*be79be7f
#HEADINGA,ICOM3,0,73.5,FINESTEERING,2437,11487.800,00000000,0000,810;SOL_COMPUTED,NONE,0.000000000,0.000000000,0.000000000,0.0,0.000000000,0.000000000,"",0,0,0,0,0,00,0,0*037cfc28
#HEADINGA,ICOM3,0,73.5,FINESTEERING,2437,11488.000,00000000,0000,810;SOL_COMPUTED,NONE,0.000000000,0.000000000,0.000000000,0.0,0.000000000,0.000000000,"",0,0,0,0,0,00,0,0*5752a4ec
#HEADINGA,ICOM3,0,73.5,FINESTEERING,2437,11488.200,00000000,0000,810;SOL_COMPUTED,NONE,0.000000000,0.000000000,0.000000000,0.0,0.000000000,0.000000000,"",0,0,0,0,0,00,0,0*e273bdab
#HEADINGA,ICOM3,0,74.2,FINESTEERING,2437,11488.400,00000000,0000,810;SOL_COMPUTED,NONE,0.000000000,0.000000000,0.000000000,0.0,0.000000000,0.000000000,"",0,0,0,0,0,00,0,0*eea02436
#HEADINGA,ICOM3,0,74.2,FINESTEERING,2437,11488.600,00000000,0000,810;SOL_COMPUTED,NONE,0.000000000,0.000000000,0.000000000,0.0,0.000000000,0.000000000,"",0,0,0,0,0,00,0,0*5b813d71
#HEADINGA,ICOM3,0,74.2,FINESTEERING,2437,11488.800,00000000,0000,810;SOL_COMPUTED,NONE,0.000000000,0.000000000,0.000000000,0.0,0.000000000,0.000000000,"",0,0,0,0,0,00,0,0*e6847f26
#HEADINGA,ICOM3,0,74.2,FINESTEERING,2437,11489.000,00000000,0000,810;SOL_COMPUTED,NONE,0.000000000,0.000000000,0.000000000,0.0,0.000000000,0.000000000,"",0,0,0,0,0,00,0,0*df8271c8
#HEADINGA,ICOM3,0,74.2,FINESTEERING,2437,11489.200,00000000,0000,810;SOL_COMPUTED,NONE,0.000000000,0.000000000,0.000000000,0.0,0.000000000,0.000000000,"",0,0,0,0,0,00,0,0*6aa3688f
#HEADINGA,ICOM3,0,73.8,FINESTEERING,2437,11489.400,00000000,0000,810;SOL_COMPUTED,NONE,0.000000000,0.000000000,0.000000000,0.0,0.000000000,0.000000000,"",0,0,0,0,0,00,0,0*b13fb824
#HEADINGA,ICOM3,0,73.8,FINESTEERING,2437,11489.600,00000000,0000,810;SOL_COMPUTED,NONE,0.000000000,0.000000000,0.000000000,0.0,0.000000000,0.000000000,"",0,0,0,0,0,00,0,0*041ea163
#HEADINGA,ICOM3,0,73.8,FINESTEERING,2437,11489.800,00000000,0000,810;SOL_COMPUTED,NONE,0.000000000,0.000000000,0.000000000,0.0,0.000000000,0.000000000,"",0,0,0,0,0,00,0,0*b91be334
#HEADINGA,ICOM3,0,73.8,FINESTEERING,2437,11490.000,00000000,0000,810;SOL_COMPUTED,NONE,0.000000000,0.000000000,0.000000000,0.0,0.000000000,0.000000000,"",0,0,0,0,0,00,0,0*0aeee08f
#HEADINGA,ICOM3,0,73.8,FINESTEERING,2437,11490.200,00000000,0000,810;SOL_COMPUTED,NONE,0.000000000,0.000000000,0.000000000,0.0,0.000000000,0.000000000,"",0,0,0,0,0,00,0,0*bfcff9c8
#HEADINGA,ICOM3,0,73.4,FINESTEERING,2437,11490.400,00000000,0000,810;SOL_COMPUTED,NONE,0.000000000,0.000000000,0.000000000,0.0,0.000000000,0.000000000,"",0,0,0,0,0,00,0,0*7c3a3548
#HEADINGA,ICOM3,0,73.4,FINESTEERING,2437,11490.600,00000000,0000,810;SOL_COMPUTED,NONE,0.000000000,0.000000000,0.000000000,0.0,0.000000000,0.000000000,"",0,0,0,0,0,00,0,0*c91b2c0f
#HEADINGA,ICOM3,0,73.4,FINESTEERING,2437,11490.800,00000000,0000,810;SOL_COMPUTED,NONE,0.000000000,0.000000000,0.000000000,0.0,0.000000000,0.000000000,"",0,0,0,0,0,00,0,0*741e6e58
#HEADINGA,ICOM3,0,73.4,FINESTEERING,2437,11491.000,00000000,0000,810;SOL_COMPUTED,NONE,0.000000000,0.000000000,0.000000000,0.0,0.000000000,0.000000000,"",0,0,0,0,0,00,0,0*4d1860b6
#HEADINGA,ICOM3,0,73.4,FINESTEERING,2437,11491.200,00000000,0000,810;SOL_COMPUTED,NONE,0.000000000,0.000000000,0.000000000,0.0,0.000000000,0.000000000,"",0,0,0,0,0,00,0,0*f83979f1
#HEADINGA,ICOM3,0,76.5,FINESTEERING,2437,11491.400,00000000,0000,810;SOL_COMPUTED,NONE,0.000000000,0.000000000,0.000000000,0.0,0.000000000,0.000000000,"",0,0,0,0,0,00,0,0*7ff856b7
#HEADINGA,ICOM3,0,76.5,FINESTEERING,2437,11491.600,00000000,0000,810;SOL_COMPUTED,NONE,0.000000000,0.000000000,0.000000000,0.0,0.000000000,0.000000000,"",0,0,0,0,0,00,0,0*cad94ff0
#HEADINGA,ICOM3,0,76.5,FINESTEERING,2437,11491.800,00000000,0000,810;SOL_COMPUTED,NONE,0.000000000,0.000000000,0.000000000,0.0,0.000000000,0.000000000,"",0,0,0,0,0,00,0,0*77dc0da7
#HEADINGA,ICOM3,0,76.5,FINESTEERING,2437,11492.000,00000000,0000,810;SOL_COMPUTED,NONE,0.000000000,0.000000000,0.000000000,0.0,0.000000000,0.000000000,"",0,0,0,0,0,00,0,0*9589c76a
#HEADINGA,ICOM3,0,76.5,FINESTEERING,2437,11492.200,00000000,0000,810;SOL_COMPUTED,NONE,0.000000000,0.000000000,0.000000000,0.0,0.000000000,0.000000000,"",0,0,0,0,0,00,0,0*20a8de2d
#HEADINGA,ICOM3,0,73.4,FINESTEERING,2437,11492.400,00000000,0000,810;SOL_COMPUTED,NONE,0.000000000,0.000000000,0.000000000,0.0,0.000000000,0.000000000,"",0,0,0,0,0,00,0,0*a769f16b
#HEADINGA,ICOM3,0,73.4,FINESTEERING,2437,11492.600,00000000,0000,810;SOL_COMPUTED,NONE,0.000000000,0.000000000,0.000000000,0.0,0.000000000,0.000000000,"",0,0,0,0,0,00,0,0*1248e82c
#HEADINGA,ICOM3,0,73.4,FINESTEERING,2437,11492.800,00000000,0000,810;SOL_COMPUTED,NONE,0.000000000,0.000000000,0.000000000,0.0,0.000000000,0.000000000,"",0,0,0,0,0,00,0,0*af4daa7b
#HEADINGA,ICOM3,0,73.4,FINESTEERING,2437,11493.000,00000000,0000,810;SOL_COMPUTED,NONE,0.000000000,0.000000000,0.000000000,0.0,0.000000000,0.000000000,"",0,0,0,0,0,00,0,0*964ba495
#HEADINGA,ICOM3,0,73.4,FINESTEERING,2437,11493.200,00000000,0000,810;SOL_COMPUTED,NONE,0.000000000,0.000000000,0.000000000,0.0,0.000000000,0.000000000,"",0,0,0,0,0,00,0,0*236abdd2
#HEADINGA,ICOM3,0,74.6,FINESTEERING,2437,11493.400,00000000,0000,810;SOL_COMPUTED,NONE,0.000000000,0.000000000,0.000000000,0.0,0.000000000,0.000000000,"",0,0,0,0,0,00,0,0*7db32c89
#HEADINGA,ICOM3,0,74.6,FINESTEERING,2437,11493.600,00000000,0000,810;SOL_COMPUTED,NONE,0.000000000,0.000000000,0.000000000,0.0,0.000000000,0.000000000,"",0,0,0,0,0,00,0,0*c89235ce
#HEADINGA,ICOM3,0,74.6,FINESTEERING,2437,11493.800,00000000,0000,810;SOL_COMPUTED,NONE,0.000000000,0.000000000,0.000000000,0.0,0.000000000,0.000000000,"",0,0,0,0,0,00,0,0*75977799
#HEADINGA,ICOM3,0,74.6,FINESTEERING,2437,11494.000,00000000,0000,810;SOL_COMPUTED,NONE,0.000000000,0.000000000,0.000000000,0.0,0.000000000,0.000000000,"",0,0,0,0,0,00,0,0*fa143353
#HEADINGA,ICOM3,0,74.6,FINESTEERING,2437,11494.200,00000000,0000,810;SOL_COMPUTED,NONE,0.000000000,0.000000000,0.000000000,0.0,0.000000000,0.000000000,"",0,0,0,0,0,00,0,0*4f352a14
#HEADINGA,ICOM3,0,73.2,FINESTEERING,2437,11494.400,00000000,0000,810;SOL_COMPUTED,NONE,0.000000000,0.000000000,0.000000000,0.0,0.000000000,0.000000000,"",0,0,0,0,0,00,0,0*721f4bcb
#HEADINGA,ICOM3,0,73.2,FINESTEERING,2437,11494.600,00000000,0000,810;SOL_COMPUTED,NONE,0.000000000,0.000000000,0.000000000,0.0,0.000000000,0.000000000,"",0,0,0,0,0,00,0,0*c73e528c
#HEADINGA,ICOM3,0,73.2,FINESTEERING,2437,11494.800,00000000,0000,810;SOL_COMPUTED,NONE,0.000000000,0.000000000,0.000000000,0.0,0.000000000,0.000000000,"",0,0,0,0,0,00,0,0*7a3b10db
#HEADINGA,ICOM3,0,73.2,FINESTEERING,2437,11495.000,00000000,0000,810;SOL_COMPUTED,NONE,0.000000000,0.000000000,0.000000000,0.0,0.000000000,0.000000000,"",0,0,0,0,0,00,0,0*433d1e35
#HEADINGA,ICOM3,0,73.2,FINESTEERING,2437,11495.200,00000000,0000,810;SOL_COMPUTED,NONE,0.000000000,0.000000000,0.000000000,0.0,0.000000000,0.000000000,"",0,0,0,0,0,00,0,0*f61c0772
#HEADINGA,ICOM3,0,73.8,FINESTEERING,2437,11495.400,00000000,0000,810;SOL_COMPUTED,NONE,0.000000000,0.000000000,0.000000000,0.0,0.000000000,0.000000000,"",0,0,0,0,0,00,0,0*561a3b76
#HEADINGA,ICOM3,0,73.8,FINESTEERING,2437,11495.600,00000000,0000,810;SOL_COMPUTED,NONE,0.000000000,0.000000000,0.000000000,0.0,0.000000000,0.000000000,"",0,0,0,0,0,00,0,0*e33b2231
#HEADINGA,ICOM3,0,73.8,FINESTEERING,2437,11495.800,00000000,0000,810;SOL_COMPUTED,NONE,0.000000000,0.000000000,0.000000000,0.0,0.000000000,0.000000000,"",0,0,0,0,0,00,0,0*5e3e6066
#HEADINGA,ICOM3,0,73.8,FINESTEERING,2437,11496.000,00000000,0000,810;SOL_COMPUTED,NONE,0.000000000,0.000000000,0.000000000,0.0,0.000000000,0.000000000,"",0,0,0,0,0,00,0,0*bc6baaab
#HEADINGA,ICOM3,0,73.8,FINESTEERING,2437,11496.200,00000000,0000,810;SOL_COMPUTED,NONE,0.000000000,0.000000000,0.000000000,0.0,0.000000000,0.000000000,"",0,0,0,0,0,00,0,0*094ab3ec
#HEADINGA,ICOM3,0,74.8,FINESTEERING,2437,11496.400,00000000,0000,810;SOL_COMPUTED,NONE,0.000000000,0.000000000,0.000000000,0.0,0.000000000,0.000000000,"",0,0,0,0,0,00,0,0*76c272cb
#HEADINGA,ICOM3,0,74.8,FINESTEERING,2437,11496.600,00000000,0000,810;SOL_COMPUTED,NONE,0.000000000,0.000000000,0.000000000,0.0,0.000000000,0.000000000,"",0,0,0,0,0,00,0,0*c3e36b8c
#HEADINGA,ICOM3,0,74.8,FINESTEERING,2437,11496.800,00000000,0000,810;SOL_COMPUTED,NONE,0.000000000,0.000000000,0.000000000,0.0,0.000000000,0.000000000,"",0,0,0,0,0,00,0,0*7ee629db
#HEADINGA,ICOM3,0,74.8,FINESTEERING,2437,11497.000,00000000,0000,810;SOL_COMPUTED,NONE,0.000000000,0.000000000,0.000000000,0.0,0.000000000,0.000000000,"",0,0,0,0,0,00,0,0*47e02735
#HEADINGA,ICOM3,0,74.8,FINESTEERING,2437,11497.200,00000000,0000,810;SOL_COMPUTED,NONE,0.000000000,0.000000000,0.000000000,0.0,0.000000000,0.000000000,"",0,0,0,0,0,00,0,0*f2c13e72
#HEADINGA,ICOM3,0,73.9,FINESTEERING,2437,11497.400,00000000,0000,810;SOL_COMPUTED,NONE,0.000000000,0.000000000,0.000000000,0.0,0.000000000,0.000000000,"",0,0,0,0,0,00,0,0*9de1576b
#HEADINGA,ICOM3,0,73.9,FINESTEERING,2437,11497.600,00000000,0000,810;SOL_COMPUTED,NONE,0.000000000,0.000000000,0.000000000,0.0,0.000000000,0.000000000,"",0,0,0,0,0,00,0,0*28c04e2c
#HEADINGA,ICOM3,0,73.9,FINESTEERING,2437,11497.800,00000000,0000,810;SOL_COMPUTED,NONE,0.000000000,0.000000000,0.000000000,0.0,0.000000000,0.000000000,"",0,0,0,0,0,00,0,0*95c50c7b
#HEADINGA,ICOM3,0,73.9,FINESTEERING,2437,11498.000,00000000,0000,810;SOL_COMPUTED,NONE,0.000000000,0.000000000,0.000000000,0.0,0.000000000,0.000000000,"",0,0,0,0,0,00,0,0*c1eb54bf
#HEADINGA,ICOM3,0,73.9,FINESTEERING,2437,11498.200,00000000,0000,810;SOL_COMPUTED,NONE,0.000000000,0.000000000,0.000000000,0.0,0.000000000,0.000000000,"",0,0,0,0,0,00,0,0*74ca4df8
#HEADINGA,ICOM3,0,74.8,FINESTEERING,2437,11498.400,00000000,0000,810;SOL_COMPUTED,NONE,0.000000000,0.000000000,0.000000000,0.0,0.000000000,0.000000000,"",0,0,0,0,0,00,0,0*1bea24e1
#HEADINGA,ICOM3,0,74.8,FINESTEERING,2437,11498.600,00000000,0000,810;SOL_COMPUTED,NONE,0.000000000,0.000000000,0.000000000,0.0,0.000000000,0.000000000,"",0,0,0,0,0,00,0,0*aecb3da6
#HEADINGA,ICOM3,0,74.8,FINESTEERING,2437,11498.800,00000000,0000,810;SOL_COMPUTED,NONE,0.000000000,0.000000000,0.000000000,0.0,0.000000000,0.000000000,"",0,0,0,0,0,00,0,0*13ce7ff1
#HEADINGA,ICOM3,0,74.8,FINESTEERING,2437,11499.000,00000000,0000,810;SOL_COMPUTED,NONE,0.000000000,0.000000000,0.000000000,0.0,0.000000000,0.000000000,"",0,0,0,0,0,00,0,0*2ac8711f
#HEADINGA,ICOM3,0,74.8,FINESTEERING,2437,11499.200,00000000,0000,810;SOL_COMPUTED,NONE,0.000000000,0.000000000,0.000000000,0.0,0.000000000,0.000000000,"",0,0,0,0,0,00,0,0*9fe96858
#HEADINGA,ICOM3,0,74.0,FINESTEERING,2437,11499.400,00000000,0000,810;SOL_COMPUTED,NONE,0.000000000,0.000000000,0.000000000,0.0,0.000000000,0.000000000,"",0,0,0,0,0,00,0,0*1ebe0420
#HEADINGA,ICOM3,0,74.0,FINESTEERING,2437,11499.600,00000000,0000,810;SOL_COMPUTED,NONE,0.000000000,0.000000000,0.000000000,0.0,0.000000000,0.000000000,"",0,0,0,0,0,00,0,0*ab9f1d67
#HEADINGA,ICOM3,0,74.0,FINESTEERING,2437,11499.800,00000000,0000,810;SOL_COMPUTED,NONE,0.000000000,0.000000000,0.000000000,0.0,0.000000000,0.000000000,"",0,0,0,0,0,00,0,0*169a5f30
#HEADINGA,ICOM3,0,74.0,FINESTEERING,2437,11500.000,00000000,0000,810;SOL_COMPUTED,NONE,0.000000000,0.000000000,0.000000000,0.0,0.000000000,0.000000000,"",0,0,0,0,0,00,0,0*bee40afd
#HEADINGA,ICOM3,0,74.0,FINESTEERING,2437,11500.200,00000000,0000,810;SOL_COMPUTED,NONE,0.000000000,0.000000000,0.000000000,0.0,0.000000000,0.000000000,"",0,0,0,0,0,00,0,0*0bc513ba
#HEADINGA,ICOM3,0,74.4,FINESTEERING,2437,11500.400,00000000,0000,810;SOL_COMPUTED,NONE,0.000000000,0.000000000,0.000000000,0.0,0.000000000,0.000000000,"",0,0,0,0,0,00,0,0*4d759eca
#HEADINGA,ICOM3,0,74.4,FINESTEERING,2437,11500.600,00000000,0000,810;SOL_COMPUTED,NONE,0.000000000,0.000000000,0.000000000,0.0,0.000000000,0.000000000,"",0,0,0,0,0,00,0,0*f854878d
#HEADINGA,ICOM3,0,74.4,FINESTEERING,2437,11500.800,00000000,0000,810;SOL_COMPUTED,NONE,0.000000000,0.000000000,0.000000000,0.0,0.000000000,0.000000000,"",0,0,0,0,0,00,0,0*4551c5da
#HEADINGA,ICOM3,0,74.4,FINESTEERING,2437,11501.000,00000000,0000,810;SOL_COMPUTED,NONE,0.000000000,0.000000000,0.000000000,0.0,0.000000000,0.000000000,"",0,0,0,0,0,00,0,0*7c57cb34
#HEADINGA,ICOM3,0,74.4,FINESTEERING,2437,11501.200,00000000,0000,810;SOL_COMPUTED,NONE,0.000000000,0.000000000,0.000000000,0.0,0.000000000,0.000000000,"",0,0,0,0,0,00,0,0*c976d273
#HEADINGA,ICOM3,0,74.3,FINESTEERING,2437,11501.400,00000000,0000,810;SOL_COMPUTED,NONE,0.000000000,0.000000000,0.000000000,0.0,0.000000000,0.000000000,"",0,0,0,0,0,00,0,0*be3fa741
#HEADINGA,ICOM3,0,74.3,FINESTEERING,2437,11501.600,00000000,0000,810;SOL_COMPUTED,NONE,0.000000000,0.000000000,0.000000000,0.0,0.000000000,0.000000000,"",0,0,0,0,0,00,0,0*0b1ebe06
#HEADINGA,ICOM3,0,74.3,FINESTEERING,2437,11501.800,00000000,0000,810;SOL_COMPUTED,NONE,0.000000000,0.000000000,0.000000000,0.0,0.000000000,0.000000000,"",0,0,0,0,0,00,0,0*b61bfc51
#HEADINGA,ICOM3,0,74.3,FINESTEERING,2437,11502.000,00000000,0000,810;SOL_COMPUTED,NONE,0.000000000,0.000000000,0.000000000,0.0,0.000000000,0.000000000,"",0,0,0,0,0,00,0,0*544e369c
#HEADINGA,ICOM3,0,74.3,FINESTEERING,2437,11502.200,00000000,0000,810;SOL_COMPUTED,NONE,0.000000000,0.000000000,0.000000000,0.0,0.000000000,0.000000000,"",0,0,0,0,0,00,0,0*e16f2fdb
#HEADINGA,ICOM3,0,75.0,FINESTEERING,2437,11502.400,00000000,0000,810;SOL_COMPUTED,NONE,0.000000000,0.000000000,0.000000000,0.0,0.000000000,0.000000000,"",0,0,0,0,0,00,0,0*4d4cda1e
#HEADINGA,ICOM3,0,75.0,FINESTEERING,2437,11502.600,00000000,0000,810;SOL_COMPUTED,NONE,0.000000000,0.000000000,0.000000000,0.0,0.000000000,0.000000000,"",0,0,0,0,0,00,0,0*f86dc359
#HEADINGA,ICOM3,0,75.0,FINESTEERING,2437,11502.800,00000000,0000,810;SOL_COMPUTED,NONE,0.000000000,0.000000000,0.000000000,0.0,0.000000000,0.000000000,"",0,0,0,0,0,00,0,0*4568810e
#HEADINGA,ICOM3,0,75.0,FINESTEERING,2437,11503.000,00000000,0000,810;SOL_COMPUTED,NONE,0.000000000,0.000000000,0.000000000,0.0,0.000000000,0.000000000,"",0,0,0,0,0,00,0,0*7c6e8fe0
#HEADINGA,ICOM3,0,75.0,FINESTEERING,2437,11503.200,00000000,0000,810;SOL_COMPUTED,NONE,0.000000000,0.000000000,0.000000000,0.0,0.000000000,0.000000000,"",0,0,0,0,0,00,0,0*c94f96a7
#HEADINGA,ICOM3,0,74.1,FINESTEERING,2437,11503.400,00000000,0000,810;SOL_COMPUTED,NONE,0.000000000,0.000000000,0.000000000,0.0,0.000000000,0.000000000,"",0,0,0,0,0,00,0,0*443d331e
#HEADINGA,ICOM3,0,74.1,FINESTEERING,2437,11503.600,00000000,0000,810;SOL_COMPUTED,NONE,0.000000000,0.000000000,0.000000000,0.0,0.000000000,0.000000000,"",0,0,0,0,0,00,0,0*f11c2a59
#HEADINGA,ICOM3,0,74.1,FINESTEERING,2437,11503.800,00000000,0000,810;SOL_COMPUTED,NONE,0.000000000,0.000000000,0.000000000,0.0,0.000000000,0.000000000,"",0,0,0,0,0,00,0,0*4c19680e
#HEADINGA,ICOM3,0,74.1,FINESTEERING,2437,11504.000,00000000,0000,810;SOL_COMPUTED,NONE,0.000000000,0.000000000,0.000000000,0.0,0.000000000,0.000000000,"",0,0,0,0,0,00,0,0*c39a2cc4
#HEADINGA,ICOM3,0,74.1,FINESTEERING,2437,11504.200,00000000,0000,810;SOL_COMPUTED,NONE,0.000000000,0.000000000,0.000000000,0.0,0.000000000,0.000000000,"",0,0,0,0,0,00,0,0*76bb3583
#HEADINGA,ICOM3,0,76.5,FINESTEERING,2437,11504.400,00000000,0000,810;SOL_COMPUTED,NONE,0.000000000,0.000000000,0.000000000,0.0,0.000000000,0.000000000,"",0,0,0,0,0,00,0,0*d8eafeac
#HEADINGA,ICOM3,0,76.5,FINESTEERING,2437,11504.600,00000000,0000,810;SOL_COMPUTED,NONE,0.000000000,0.000000000,0.000000000,0.0,0.000000000,0.000000000,"",0,0,0,0,0,00,0,0*6dcbe7eb
#HEADINGA,ICOM3,0,76.5,FINESTEERING,2437,11504.800,00000000,0000,810;SOL_COMPUTED,NONE,0.000000000,0.000000000,0.000000000,0.0,0.000000000,0.000000000,"",0,0,0,0,0,00,0,0*d0cea5bc
#HEADINGA,ICOM3,0,76.5,FINESTEERING,2437,11505.000,00000000,0000,810;SOL_COMPUTED,NONE,0.000000000,0.000000000,0.000000000,0.0,0.000000000,0.000000000,"",0,0,0,0,0,00,0,0*e9c8ab52
#HEADINGA,ICOM3,0,76.5,FINESTEERING,2437,11505.200,00000000,0000,810;SOL_COMPUTED,NONE,0.000000000,0.000000000,0.000000000,0.0,0.000000000,0.000000000,"",0,0,0,0,0,00,0,0*5ce9b215
#HEADINGA,ICOM3,0,74.9,FINESTEERING,2437,11505.400,00000000,0000,810;SOL_COMPUTED,NONE,0.000000000,0.000000000,0.000000000,0.0,0.000000000,0.000000000,"",0,0,0,0,0,00,0,0*77fd38ca
#HEADINGA,ICOM3,0,74.9,FINESTEERING,2437,11505.600,00000000,0000,810;SOL_COMPUTED,NONE,0.000000000,0.000000000,0.000000000,0.0,0.000000000,0.000000000,"",0,0,0,0,0,00,0,0*c2dc218d
#HEADINGA,ICOM3,0,74.9,FINESTEERING,2437,11505.800,00000000,0000,810;SOL_COMPUTED,NONE,0.000000000,0.000000000,0.000000000,0.0,0.000000000,0.000000000,"",0,0,0,0,0,00,0,0*7fd963da
#HEADINGA,ICOM3,0,74.9,FINESTEERING,2437,11506.000,00000000,0000,810;SOL_COMPUTED,NONE,0.000000000,0.000000000,0.000000000,0.0,0.000000000,0.000000000,"",0,0,0,0,0,00,0,0*9d8ca917
#HEADINGA,ICOM3,0,74.9,FINESTEERING,2437,11506.200,00000000,0000,810;SOL_COMPUTED,NONE,0.000000000,0.000000000,0.000000000,0.0,0.000000000,0.000000000,"",0,0,0,0,0,00,0,0*28adb050
#HEADINGA,ICOM3,0,71.6,FINESTEERING,2437,11506.400,00000000,0000,810;SOL_COMPUTED,NONE,0.000000000,0.000000000,0.000000000,0.0,0.000000000,0.000000000,"",0,0,0,0,0,00,0,0*49da2e62
#HEADINGA,ICOM3,0,71.6,FINESTEERING,2437,11506.600,00000000,0000,810;SOL_COMPUTED,NONE,0.000000000,0.000000000,0.000000000,0.0,0.000000000,0.000000000,"",0,0,0,0,0,00,0,0*fcfb3725
#HEADINGA,ICOM3,0,71.6,FINESTEERING,2437,11506.800,00000000,0000,810;SOL_COMPUTED,NONE,0.000000000,0.000000000,0.000000000,0.0,0.000000000,0.000000000,"",0,0,0,0,0,00,0,0*41fe7572
#HEADINGA,ICOM3,0,71.6,FINESTEERING,2437,11507.000,00000000,0000,810;SOL_COMPUTED,NONE,0.000000000,0.000000000,0.000000000,0.0,0.000000000,0.000000000,"",0,0,0,0,0,00,0,0*78f87b9c
#HEADINGA,ICOM3,0,71.6,FINESTEERING,2437,11507.200,00000000,0000,810;SOL_COMPUTED,NONE,0.000000000,0.000000000,0.000000000,0.0,0.000000000,0.000000000,"",0,0,0,0,0,00,0,0*cdd962db
#HEADINGA,ICOM3,0,69.5,FINESTEERING,2437,11507.400,00000000,0000,810;SOL_COMPUTED,NONE,0.000000000,0.000000000,0.000000000,0.0,0.000000000,0.000000000,"",0,0,0,0,0,00,0,0*7d73775e
#HEADINGA,ICOM3,0,69.5,FINESTEERING,2437,11507.600,00000000,0000,810;SOL_COMPUTED,NONE,0.000000000,0.000000000,0.000000000,0.0,0.000000000,0.000000000,"",0,0,0,0,0,00,0,0*c8526e19
#HEADINGA,ICOM3,0,69.5,FINESTEERING,2437,11507.800,00000000,0000,810;SOL_COMPUTED,NONE,0.000000000,0.000000000,0.000000000,0.0,0.000000000,0.000000000,"",0,0,0,0,0,00,0,0*75572c4e
#HEADINGA,ICOM3,0,69.5,FINESTEERING,2437,11508.000,00000000,0000,810;SOL_COMPUTED,NONE,0.000000000,0.000000000,0.000000000,0.0,0.000000000,0.000000000,"",0,0,0,0,0,00,0,0*2179748a
#HEADINGA,ICOM3,0,69.5,FINESTEERING,2437,11508.200,00000000,0000,810;SOL_COMPUTED,NONE,0.000000000,0.000000000,0.000000000,0.0,0.000000000,0.000000000,"",0,0,0,0,0,00,0,0*94586dcd
#HEADINGA,ICOM3,0,73.2,FINESTEERING,2437,11508.400,00000000,0000,810;SOL_COMPUTED,NONE,0.000000000,0.000000000,0.000000000,0.0,0.000000000,0.000000000,"",0,0,0,0,0,00,0,0*8eb19eef
#HEADINGA,ICOM3,0,73.2,FINESTEERING,2437,11508.600,00000000,0000,810;SOL_COMPUTED,NONE,0.000000000,0.000000000,0.000000000,0.0,0.000000000,0.000000000,"",0,0,0,0,0,00,0,0*3b9087a8
#HEADINGA,ICOM3,0,73.2,FINESTEERING,2437,11508.800,00000000,0000,810;SOL_COMPUTED,NONE,0.000000000,0.000000000,0.000000000,0.0,0.000000000,0.000000000,"",0,0,0,0,0,00,0,0*8695c5ff
#HEADINGA,ICOM3,0,73.2,FINESTEERING,2437,11509.000,00000000,0000,810;SOL_COMPUTED,NONE,0.000000000,0.000000000,0.000000000,0.0,0.000000000,0.000000000,"",0,0,0,0,0,00,0,0*bf93cb11
#HEADINGA,ICOM3,0,73.2,FINESTEERING,2437,11509.200,00000000,0000,810;SOL_COMPUTED,NONE,0.000000000,0.000000000,0.000000000,0.0,0.000000000,0.000000000,"",0,0,0,0,0,00,0,0*0ab2d256
#HEADINGA,ICOM3,0,71.0,FINESTEERING,2437,11509.400,00000000,0000,810;SOL_COMPUTED,NONE,0.000000000,0.000000000,0.000000000,0.0,0.000000000,0.000000000,"",0,0,0,0,0,00,0,0*c710e9fd
#HEADINGA,ICOM3,0,71.0,FINESTEERING,2437,11509.600,00000000,0000,810;SOL_COMPUTED,NONE,0.000000000,0.000000000,0.000000000,0.0,0.000000000,0.000000000,"",0,0,0,0,0,00,0,0*7231f0ba
#HEADINGA,ICOM3,0,71.0,FINESTEERING,2437,11509.800,00000000,0000,810;SOL_COMPUTED,NONE,0.000000000,0.000000000,0.000000000,0.0,0.000000000,0.000000000,"",0,0,0,0,0,00,0,0*cf34b2ed
#HEADINGA,ICOM3,0,71.0,FINESTEERING,2437,11510.000,00000000,0000,810;SOL_COMPUTED,NONE,0.000000000,0.000000000,0.000000000,0.0,0.000000000,0.000000000,"",0,0,0,0,0,00,0,0*7cc1b156
#HEADINGA,ICOM3,0,71.0,FINESTEERING,2437,11510.200,00000000,0000,810;SOL_COMPUTED,NONE,0.000000000,0.000000000,0.000000000,0.0,0.000000000,0.000000000,"",0,0,0,0,0,00,0,0*c9e0a811
#HEADINGA,ICOM3,0,76.7,FINESTEERING,2437,11510.400,00000000,0000,810;SOL_COMPUTED,NONE,0.000000000,0.000000000,0.000000000,0.0,0.000000000,0.000000000,"",0,0,0,0,0,00,0,0*c533318c
#HEADINGA,ICOM3,0,76.7,FINESTEERING,2437,11510.600,00000000,0000,810;SOL_COMPUTED,NONE,0.000000000,0.000000000,0.000000000,0.0,0.000000000,0.000000000,"",0,0,0,0,0,00,0,0*701228cb
#HEADINGA,ICOM3,0,76.7,FINESTEERING,2437,11510.800,00000000,0000,810;SOL_COMPUTED,NONE,0.000000000,0.000000000,0.000000000,0.0,0.000000000,0.000000000,"",0,0,0,0,0,00,0,0*cd176a9c
#HEADINGA,ICOM3,0,76.7,FINESTEERING,2437,11511.000,00000000,0000,810;SOL_COMPUTED,NONE,0.000000000,0.000000000,0.000000000,0.0,0.000000000,0.000000000,"",0,0,0,0,0,00,0,0*f4116472
#HEADINGA,ICOM3,0,76.7,FINESTEERING,2437,11511.200,00000000,0000,810;SOL_COMPUTED,NONE,0.000000000,0.000000000,0.000000000,0.0,0.000000000,0.000000000,"",0,0,0,0,0,00,0,0*41307d35
#HEADINGA,ICOM3,0,74.1,FINESTEERING,2437,11511.400,00000000,0000,810;SOL_COMPUTED,NONE,0.000000000,0.000000000,0.000000000,0.0,0.000000000,0.000000000,"",0,0,0,0,0,00,0,0*ce30e666
#HEADINGA,ICOM3,0,74.1,FINESTEERING,2437,11511.600,00000000,0000,810;SOL_COMPUTED,NONE,0.000000000,0.000000000,0.000000000,0.0,0.000000000,0.000000000,"",0,0,0,0,0,00,0,0*7b11ff21
#HEADINGA,ICOM3,0,74.1,FINESTEERING,2437,11511.800,00000000,0000,810;SOL_COMPUTED,NONE,0.000000000,0.000000000,0.000000000,0.0,0.000000000,0.000000000,"",0,0,0,0,0,00,0,0*c614bd76
#HEADINGA,ICOM3,0,74.1,FINESTEERING,2437,11512.000,00000000,0000,810;SOL_COMPUTED,NONE,0.000000000,0.000000000,0.000000000,0.0,0.000000000,0.000000000,"",0,0,0,0,0,00,0,0*244177bb
#HEADINGA,ICOM3,0,74.1,FINESTEERING,2437,11512.200,00000000,0000,810;SOL_COMPUTED,NONE,0.000000000,0.000000000,0.000000000,0.0,0.000000000,0.000000000,"",0,0,0,0,0,00,0,0*91606efc
#HEADINGA,ICOM3,0,73.8,FINESTEERING,2437,11512.400,00000000,0000,810;SOL_COMPUTED,NONE,0.000000000,0.000000000,0.000000000,0.0,0.000000000,0.000000000,"",0,0,0,0,0,00,0,0*7b054615
#HEADINGA,ICOM3,0,73.8,FINESTEERING,2437,11512.600,00000000,0000,810;SOL_COMPUTED,NONE,0.000000000,0.000000000,0.000000000,0.0,0.000000000,0.000000000,"",0,0,0,0,0,00,0,0*ce245f52
#HEADINGA,ICOM3,0,73.8,FINESTEERING,2437,11512.800,00000000,0000,810;SOL_COMPUTED,NONE,0.000000000,0.000000000,0.000000000,0.0,0.000000000,0.000000000,"",0,0,0,0,0,00,0,0*73211d05
#HEADINGA,ICOM3,0,73.8,FINESTEERING,2437,11513.000,00000000,0000,810;SOL_COMPUTED,NONE,0.000000000,0.000000000,0.000000000,0.0,0.000000000,0.000000000,"",0,0,0,0,0,00,0,0*4a2713eb
#HEADINGA,ICOM3,0,73.8,FINESTEERING,2437,11513.200,00000000,0000,810;SOL_COMPUTED,NONE,0.000000000,0.000000000,0.000000000,0.0,0.000000000,0.000000000,"",0,0,0,0,0,00,0,0*ff060aac
#HEADINGA,ICOM3,0,75.3,FINESTEERING,2437,11513.400,00000000,0000,810;SOL_COMPUTED,NONE,0.000000000,0.000000000,0.000000000,0.0,0.000000000,0.000000000,"",0,0,0,0,0,00,0,0*adfa5236
#HEADINGA,ICOM3,0,75.3,FINESTEERING,2437,11513.600,00000000,0000,810;SOL_COMPUTED,NONE,0.000000000,0.000000000,0.000000000,0.0,0.000000000,0.000000000,"",0,0,0,0,0,00,0,0*18db4b71
#HEADINGA,ICOM3,0,75.3,FINESTEERING,2437,11513.800,00000000,0000,810;SOL_COMPUTED,NONE,0.000000000,0.000000000,0.000000000,0.0,0.000000000,0.000000000,"",0,0,0,0,0,00,0,0*a5de0926
#HEADINGA,ICOM3,0,75.3,FINESTEERING,2437,11514.000,00000000,0000,810;SOL_COMPUTED,NONE,0.000000000,0.000000000,0.000000000,0.0,0.000000000,0.000000000,"",0,0,0,0,0,00,0,0*2a5d4dec
#HEADINGA,ICOM3,0,75.3,FINESTEERING,2437,11514.200,00000000,0000,810;SOL_COMPUTED,NONE,0.000000000,0.000000000,0.000000000,0.0,0.000000000,0.000000000,"",0,0,0,0,0,00,0,0*9f7c54ab
#HEADINGA,ICOM3,0,73.9,FINESTEERING,2437,11514.400,00000000,0000,810;SOL_COMPUTED,NONE,0.000000000,0.000000000,0.000000000,0.0,0.000000000,0.000000000,"",0,0,0,0,0,00,0,0*dd28a40f
#HEADINGA,ICOM3,0,73.9,FINESTEERING,2437,11514.600,00000000,0000,810;SOL_COMPUTED,NONE,0.000000000,0.000000000,0.000000000,0.0,0.000000000,0.000000000,"",0,0,0,0,0,00,0,0*6809bd48
#HEADINGA,ICOM3,0,73.9,FINESTEERING,2437,11514.800,00000000,0000,810;SOL_COMPUTED,NONE,0.000000000,0.000000000,0.000000000,0.0,0.000000000,0.000000000,"",0,0,0,0,0,00,0,0*d50cff1f
#HEADINGA,ICOM3,0,73.9,FINESTEERING,2437,11515.000,00000000,0000,810;SOL_COMPUTED,NONE,0.000000000,0.000000000,0.000000000,0.0,0.000000000,0.000000000,"",0,0,0,0,0,00,0,0*ec0af1f1
#HEADINGA,ICOM3,0,73.9,FINESTEERING,2437,11515.200,00000000,0000,810;SOL_COMPUTED,NONE,0.000000000,0.000000000,0.000000000,0.0,0.000000000,0.000000000,"",0,0,0,0,0,00,0,0*592be8b6
#HEADINGA,ICOM3,0,74.7,FINESTEERING,2437,11515.400,00000000,0000,810;SOL_COMPUTED,NONE,0.000000000,0.000000000,0.000000000,0.0,0.000000000,0.000000000,"",0,0,0,0,0,00,0,0*c01598e5
#HEADINGA,ICOM3,0,74.7,FINESTEERING,2437,11515.600,00000000,0000,810;SOL_COMPUTED,NONE,0.000000000,0.000000000,0.000000000,0.0,0.000000000,0.000000000,"",0,0,0,0,0,00,0,0*753481a2
#HEADINGA,ICOM3,0,74.7,FINESTEERING,2437,11515.800,00000000,0000,810;SOL_COMPUTED,NONE,0.000000000,0.000000000,0.000000000,0.0,0.000000000,0.000000000,"",0,0,0,0,0,00,0,0*c831c3f5
#HEADINGA,ICOM3,0,74.7,FINESTEERING,2437,11516.000,00000000,0000,810;SOL_COMPUTED,NONE,0.000000000,0.000000000,0.000000000,0.0,0.000000000,0.000000000,"",0,0,0,0,0,00,0,0*2a640938
#HEADINGA,ICOM3,0,74.7,FINESTEERING,2437,11516.200,00000000,0000,810;SOL_COMPUTED,NONE,0.000000000,0.000000000,0.000000000,0.0,0.000000000,0.000000000,"",0,0,0,0,0,00,0,0*9f45107f
#HEADINGA,ICOM3,0,74.2,FINESTEERING,2437,11516.400,00000000,0000,810;SOL_COMPUTED,NONE,0.000000000,0.000000000,0.000000000,0.0,0.000000000,0.000000000,"",0,0,0,0,0,00,0,0*c95d3531
#HEADINGA,ICOM3,0,74.2,FINESTEERING,2437,11516.600,00000000,0000,810;SOL_COMPUTED,NONE,0.000000000,0.000000000,0.000000000,0.0,0.000000000,0.000000000,"",0,0,0,0,0,00,0,0*7c7c2c76
#HEADINGA,ICOM3,0,74.2,FINESTEERING,2437,11516.800,00000000,0000,810;SOL_COMPUTED,NONE,0.000000000,0.000000000,0.000000000,0.0,0.000000000,0.000000000,"",0,0,0,0,0,00,0,0*c1796e21
#HEADINGA,ICOM3,0,74.2,FINESTEERING,2437,11517.000,00000000,0000,810;SOL_COMPUTED,NONE,0.000000000,0.000000000,0.000000000,0.0,0.000000000,0.000000000,"",0,0,0,0,0,00,0,0*f87f60cf
#HEADINGA,ICOM3,0,74.2,FINESTEERING,2437,11517.200,00000000,0000,810;SOL_COMPUTED,NONE,0.000000000,0.000000000,0.000000000,0.0,0.000000000,0.000000000,"",0,0,0,0,0,00,0,0*4d5e7988
#HEADINGA,ICOM3,0,75.1,FINESTEERING,2437,11517.400,00000000,0000,810;SOL_COMPUTED,NONE,0.000000000,0.000000000,0.000000000,0.0,0.000000000,0.000000000,"",0,0,0,0,0,00,0,0*e17d8c4d
#HEADINGA,ICOM3,0,75.1,FINESTEERING,2437,11517.600,00000000,0000,810;SOL_COMPUTED,NONE,0.000000000,0.000000000,0.000000000,0.0,0.000000000,0.000000000,"",0,0,0,0,0,00,0,0*545c950a
#HEADINGA,ICOM3,0,75.1,FINESTEERING,2437,11517.800,00000000,0000,810;SOL_COMPUTED,NONE,0.000000000,0.000000000,0.000000000,0.0,0.000000000,0.000000000,"",0,0,0,0,0,00,0,0*e959d75d
#HEADINGA,ICOM3,0,75.1,FINESTEERING,2437,11518.000,00000000,0000,810;SOL_COMPUTED,NONE,0.000000000,0.000000000,0.000000000,0.0,0.000000000,0.000000000,"",0,0,0,0,0,00,0,0*bd778f99
#HEADINGA,ICOM3,0,75.1,FINESTEERING,2437,11518.200,00000000,0000,810;SOL_COMPUTED,NONE,0.000000000,0.000000000,0.000000000,0.0,0.000000000,0.000000000,"",0,0,0,0,0,00,0,0*085696de
#HEADINGA,ICOM3,0,74.0,FINESTEERING,2437,11518.400,00000000,0000,810;SOL_COMPUTED,NONE,0.000000000,0.000000000,0.000000000,0.0,0.000000000,0.000000000,"",0,0,0,0,0,00,0,0*85243367
#HEADINGA,ICOM3,0,74.0,FINESTEERING,2437,11518.600,00000000,0000,810;SOL_COMPUTED,NONE,0.000000000,0.000000000,0.000000000,0.0,0.000000000,0.000000000,"",0,0,0,0,0,00,0,0*30052a20
#HEADINGA,ICOM3,0,74.0,FINESTEERING,2437,11518.800,00000000,0000,810;SOL_COMPUTED,NONE,0.000000000,0.000000000,0.000000000,0.0,0.000000000,0.000000000,"",0,0,0,0,0,00,0,0*8d006877
#HEADINGA,ICOM3,0,74.0,FINESTEERING,2437,11519.000,00000000,0000,810;SOL_COMPUTED,NONE,0.000000000,0.000000000,0.000000000,0.0,0.000000000,0.000000000,"",0,0,0,0,0,00,0,0*b4066699
#HEADINGA,ICOM3,0,74.0,FINESTEERING,2437,11519.200,00000000,0000,810;SOL_COMPUTED,NONE,0.000000000,0.000000000,0.000000000,0.0,0.000000000,0.000000000,"",0,0,0,0,0,00,0,0*01277fde
#HEADINGA,ICOM3,0,74.8,FINESTEERING,2437,11519.400,00000000,0000,810;SOL_COMPUTED,NONE,0.000000000,0.000000000,0.000000000,0.0,0.000000000,0.000000000,"",0,0,0,0,0,00,0,0*807013a6
#HEADINGA,ICOM3,0,74.8,FINESTEERING,2437,11519.600,00000000,0000,810;SOL_COMPUTED,NONE,0.000000000,0.000000000,0.000000000,0.0,0.000000000,0.000000000,"",0,0,0,0,0,00,0,0*35510ae1
#HEADINGA,ICOM3,0,74.8,FINESTEERING,2437,11519.800,00000000,0000,810;SOL_COMPUTED,NONE,0.000000000,0.000000000,0.000000000,0.0,0.000000000,0.000000000,"",0,0,0,0,0,00,0,0*885448b6
#HEADINGA,ICOM3,0,74.8,FINESTEERING,2437,11520.000,00000000,0000,810;SOL_COMPUTED,NONE,0.000000000,0.000000000,0.000000000,0.0,0.000000000,0.000000000,"",0,0,0,0,0,00,0,0*991d69bb
#HEADINGA,ICOM3,0,74.8,FINESTEERING,2437,11520.200,00000000,0000,810;SOL_COMPUTED,NONE,0.000000000,0.000000000,0.000000000,0.0,0.000000000,0.000000000,"",0,0,0,0,0,00,0,0*2c3c70fc
#HEADINGA,ICOM3,0,72.8,FINESTEERING,2437,11520.400,00000000,0000,810;SOL_COMPUTED,NONE,0.000000000,0.000000000,0.000000000,0.0,0.000000000,0.000000000,"",0,0,0,0,0,00,0,0*ca7c91d4
#HEADINGA,ICOM3,0,72.8,FINESTEERING,2437,11520.600,00000000,0000,810;SOL_COMPUTED,NONE,0.000000000,0.000000000,0.000000000,0.0,0.000000000,0.000000000,"",0,0,0,0,0,00,0,0*7f5d8893
#HEADINGA,ICOM3,0,72.8,FINESTEERING,2437,11520.800,00000000,0000,810;SOL_COMPUTED,NONE,0.000000000,0.000000000,0.000000000,0.0,0.000000000,0.000000000,"",0,0,0,0,0,00,0,0*c258cac4
#HEADINGA,ICOM3,0,72.8,FINESTEERING,2437,11521.000,00000000,0000,810;SOL_COMPUTED,NONE,0.000000000,0.000000000,0.000000000,0.0,0.000000000,0.000000000,"",0,0,0,0,0,00,0,0*fb5ec42a
#HEADINGA,ICOM3,0,72.8,FINESTEERING,2437,11521.200,00000000,0000,810;SOL_COMPUTED,NONE,0.000000000,0.000000000,0.000000000,0.0,0.000000000,0.000000000,"",0,0,0,0,0,00,0,0*4e7fdd6d
#HEADINGA,ICOM3,0,74.8,FINESTEERING,2437,11521.400,00000000,0000,810;SOL_COMPUTED,NONE,0.000000000,0.000000000,0.000000000,0.0,0.000000000,0.000000000,"",0,0,0,0,0,00,0,0*a83f3c45
#HEADINGA,ICOM3,0,74.8,FINESTEERING,2437,11521.600,00000000,0000,810;SOL_COMPUTED,NONE,0.000000000,0.000000000,0.000000000,0.0,0.000000000,0.000000000,"",0,0,0,0,0,00,0,0*1d1e2502
#HEADINGA,ICOM3,0,74.8,FINESTEERING,2437,11521.800,00000000,0000,810;SOL_COMPUTED,NONE,0.000000000,0.000000000,0.000000000,0.0,0.000000000,0.000000000,"",0,0,0,0,0,00,0,0*a01b6755
#HEADINGA,ICOM3,0,74.8,FINESTEERING,2437,11522.000,00000000,0000,810;SOL_COMPUTED,NONE,0.000000000,0.000000000,0.000000000,0.0,0.000000000,0.000000000,"",0,0,0,0,0,00,0,0*424ead98
#HEADINGA,ICOM3,0,74.8,FINESTEERING,2437,11522.200,00000000,0000,810;SOL_COMPUTED,NONE,0.000000000,0.000000000,0.000000000,0.0,0.000000000,0.000000000,"",0,0,0,0,0,00,0,0*f76fb4df
#HEADINGA,ICOM3,0,73.1,FINESTEERING,2437,11522.400,00000000,0000,810;SOL_COMPUTED,NONE,0.000000000,0.000000000,0.000000000,0.0,0.000000000,0.000000000,"",0,0,0,0,0,00,0,0*1d0a9c36
#HEADINGA,ICOM3,0,73.1,FINESTEERING,2437,11522.600,00000000,0000,810;SOL_COMPUTED,NONE,0.000000000,0.000000000,0.000000000,0.0,0.000000000,0.000000000,"",0,0,0,0,0,00,0,0*a82b8571
#HEADINGA,ICOM3,0,73.1,FINESTEERING,2437,11522.800,00000000,0000,810;SOL_COMPUTED,NONE,0.000000000,0.000000000,0.000000000,0.0,0.000000000,0.000000000,"",0,0,0,0,0,00,0,0*152ec726
#HEADINGA,ICOM3,0,73.1,FINESTEERING,2437,11523.000,00000000,0000,810;SOL_COMPUTED,NONE,0.000000000,0.000000000,0.000000000,0.0,0.000000000,0.000000000,"",0,0,0,0,0,00,0,0*2c28c9c8
#HEADINGA,ICOM3,0,73.1,FINESTEERING,2437,11523.200,00000000,0000,810;SOL_COMPUTED,NONE,0.000000000,0.000000000,0.000000000,0.0,0.000000000,0.000000000,"",0,0,0,0,0,00,0,0*9909d08f
#HEADINGA,ICOM3,0,75.7,FINESTEERING,2437,11523.400,00000000,0000,810;SOL_COMPUTED,NONE,0.000000000,0.000000000,0.000000000,0.0,0.000000000,0.000000000,"",0,0,0,0,0,00,0,0*1cbac123
#HEADINGA,ICOM3,0,75.7,FINESTEERING,2437,11523.600,00000000,0000,810;SOL_COMPUTED,NONE,0.000000000,0.000000000,0.000000000,0.0,0.000000000,0.000000000,"",0,0,0,0,0,00,0,0*a99bd864
#HEADINGA,ICOM3,0,75.7,FINESTEERING,2437,11523.800,00000000,0000,810;SOL_COMPUTED,NONE,0.000000000,0.000000000,0.000000000,0.0,0.000000000,0.000000000,"",0,0,0,0,0,00,0,0*149e9a33
#HEADINGA,ICOM3,0,75.7,FINESTEERING,2437,11524.000,00000000,0000,810;SOL_COMPUTED,NONE,0.000000000,0.000000000,0.000000000,0.0,0.000000000,0.000000000,"",0,0,0,0,0,00,0,0*9b1ddef9
#HEADINGA,ICOM3,0,75.7,FINESTEERING,2437,11524.200,00000000,0000,810;SOL_COMPUTED,NONE,0.000000000,0.000000000,0.000000000,0.0,0.000000000,0.000000000,"",0,0,0,0,0,00,0,0*2e3cc7be
#HEADINGA,ICOM3,0,74.5,FINESTEERING,2437,11524.400,00000000,0000,810;SOL_COMPUTED,NONE,0.000000000,0.000000000,0.000000000,0.0,0.000000000,0.000000000,"",0,0,0,0,0,00,0,0*92b79a45
#HEADINGA,ICOM3,0,74.5,FINESTEERING,2437,11524.600,00000000,0000,810;SOL_COMPUTED,NONE,0.000000000,0.000000000,0.000000000,0.0,0.000000000,0.000000000,"",0,0,0,0,0,00,0,0*27968302
#HEADINGA,ICOM3,0,74.5,FINESTEERING,2437,11524.800,00000000,0000,810;SOL_COMPUTED,NONE,0.000000000,0.000000000,0.000000000,0.0,0.000000000,0.000000000,"",0,0,0,0,0,00,0,0*9a93c155
#HEADINGA,ICOM3,0,74.5,FINESTEERING,2437,11525.000,00000000,0000,810;SOL_COMPUTED,NONE,0.000000000,0.000000000,0.000000000,0.0,0.000000000,0.000000000,"",0,0,0,0,0,00,0,0*a395cfbb
#HEADINGA,ICOM3,0,74.5,FINESTEERING,2437,11525.200,00000000,0000,810;SOL_COMPUTED,NONE,0.000000000,0.000000000,0.000000000,0.0,0.000000000,0.000000000,"",0,0,0,0,0,00,0,0*16b4d6fc
#HEADINGA,ICOM3,0,74.1,FINESTEERING,2437,11525.400,00000000,0000,810;SOL_COMPUTED,NONE,0.000000000,0.000000000,0.000000000,0.0,0.000000000,0.000000000,"",0,0,0,0,0,00,0,0*50045b8c
#HEADINGA,ICOM3,0,74.1,FINESTEERING,2437,11525.600,00000000,0000,810;SOL_COMPUTED,NONE,0.000000000,0.000000000,0.000000000,0.0,0.000000000,0.000000000,"",0,0,0,0,0,00,0,0*e52542cb
#HEADINGA,ICOM3,0,74.1,FINESTEERING,2437,11525.800,00000000,0000,810;SOL_COMPUTED,NONE,0.000000000,0.000000000,0.000000000,0.0,0.000000000,0.000000000,"",0,0,0,0,0,00,0,0*5820009c
#HEADINGA,ICOM3,0,74.1,FINESTEERING,2437,11526.000,00000000,0000,810;SOL_COMPUTED,NONE,0.000000000,0.000000000,0.000000000,0.0,0.000000000,0.000000000,"",0,0,0,0,0,00,0,0*ba75ca51
#HEADINGA,ICOM3,0,74.1,FINESTEERING,2437,11526.200,00000000,0000,810;SOL_COMPUTED,NONE,0.000000000,0.000000000,0.000000000,0.0,0.000000000,0.000000000,"",0,0,0,0,0,00,0,0*0f54d316
#HEADINGA,ICOM3,0,73.6,FINESTEERING,2437,11526.400,00000000,0000,810;SOL_COMPUTED,NONE,0.000000000,0.000000000,0.000000000,0.0,0.000000000,0.000000000,"",0,0,0,0,0,00,0,0*03874a8b
#HEADINGA,ICOM3,0,73.6,FINESTEERING,2437,11526.600,00000000,0000,810;SOL_COMPUTED,NONE,0.000000000,0.000000000,0.000000000,0.0,0.000000000,0.000000000,"",0,0,0,0,0,00,0,0*b6a653cc
#HEADINGA,ICOM3,0,73.6,FINESTEERING,2437,11526.800,00000000,0000,810;SOL_COMPUTED,NONE,0.000000000,0.000000000,0.000000000,0.0,0.000000000,0.000000000,"",0,0,0,0,0,00,0,0*0ba3119b
#HEADINGA,ICOM3,0,73.6,FINESTEERING,2437,11527.000,00000000,0000,810;SOL_COMPUTED,NONE,0.000000000,0.000000000,0.000000000,0.0,0.000000000,0.000000000,"",0,0,0,0,0,00,0,0*32a51f75
#HEADINGA,ICOM3,0,73.6,FINESTEERING,2437,11527.200,00000000,0000,810;SOL_COMPUTED,NONE,0.000000000,0.000000000,0.000000000,0.0,0.000000000,0.000000000,"",0,0,0,0,0,00,0,0*87840632
#HEADINGA,ICOM3,0,74.8,FINESTEERING,2437,11527.400,00000000,0000,810;SOL_COMPUTED,NONE,0.000000000,0.000000000,0.000000000,0.0,0.000000000,0.000000000,"",0,0,0,0,0,00,0,0*1eba7661
#HEADINGA,ICOM3,0,74.8,FINESTEERING,2437,11527.600,00000000,0000,810;SOL_COMPUTED,NONE,0.000000000,0.000000000,0.000000000,0.0,0.000000000,0.000000000,"",0,0,0,0,0,00,0,0*ab9b6f26
#HEADINGA,ICOM3,0,74.8,FINESTEERING,2437,11527.800,00000000,0000,810;SOL_COMPUTED,NONE,0.000000000,0.000000000,0.000000000,0.0,0.000000000,0.000000000,"",0,0,0,0,0,00,0,0*169e2d71
#HEADINGA,ICOM3,0,74.8,FINESTEERING,2437,11528.000,00000000,0000,810;SOL_COMPUTED,NONE,0.000000000,0.000000000,0.000000000,0.0,0.000000000,0.000000000,"",0,0,0,0,0,00,0,0*42b075b5
#HEADINGA,ICOM3,0,74.8,FINESTEERING,2437,11528.200,00000000,0000,810;SOL_COMPUTED,NONE,0.000000000,0.000000000,0.000000000,0.0,0.000000000,0.000000000,"",0,0,0,0,0,00,0,0*f7916cf2
#HEADINGA,ICOM3,0,74.0,FINESTEERING,2437,11528.400,00000000,0000,810;SOL_COMPUTED,NONE,0.000000000,0.000000000,0.000000000,0.0,0.000000000,0.000000000,"",0,0,0,0,0,00,0,0*76c6008a
#HEADINGA,ICOM3,0,74.0,FINESTEERING,2437,11528.600,00000000,0000,810;SOL_COMPUTED,NONE,0.000000000,0.000000000,0.000000000,0.0,0.000000000,0.000000000,"",0,0,0,0,0,00,0,0*c3e719cd
#HEADINGA,ICOM3,0,74.0,FINESTEERING,2437,11528.800,00000000,0000,810;SOL_COMPUTED,NONE,0.000000000,0.000000000,0.000000000,0.0,0.000000000,0.000000000,"",0,0,0,0,0,00,0,0*7ee25b9a
#HEADINGA,ICOM3,0,74.0,FINESTEERING,2437,11529.000,00000000,0000,810;SOL_COMPUTED,NONE,0.000000000,0.000000000,0.000000000,0.0,0.000000000,0.000000000,"",0,0,0,0,0,00,0,0*47e45574
#HEADINGA,ICOM3,0,74.0,FINESTEERING,2437,11529.200,00000000,0000,810;SOL_COMPUTED,NONE,0.000000000,0.000000000,0.000000000,0.0,0.000000000,0.000000000,"",0,0,0,0,0,00,0,0*f2c54c33
#HEADINGA,ICOM3,0,74.5,FINESTEERING,2437,11529.400,00000000,0000,810;SOL_COMPUTED,NONE,0.000000000,0.000000000,0.000000000,0.0,0.000000000,0.000000000,"",0,0,0,0,0,00,0,0*a4dd697d
#HEADINGA,ICOM3,0,74.5,FINESTEERING,2437,11529.600,00000000,0000,810;SOL_COMPUTED,NONE,0.000000000,0.000000000,0.000000000,0.0,0.000000000,0.000000000,"",0,0,0,0,0,00,0,0*11fc703a
#HEADINGA,ICOM3,0,74.5,FINESTEERING,2437,11529.800,00000000,0000,810;SOL_COMPUTED,NONE,0.000000000,0.000000000,0.000000000,0.0,0.000000000,0.000000000,"",0,0,0,0,0,00,0,0*acf9326d
#HEADINGA,ICOM3,0,74.5,FINESTEERING,2437,11530.000,00000000,0000,810;SOL_COMPUTED,NONE,0.000000000,0.000000000,0.000000000,0.0,0.000000000,0.000000000,"",0,0,0,0,0,00,0,0*1f0c31d6
#HEADINGA,ICOM3,0,74.5,FINESTEERING,2437,11530.200,00000000,0000,810;SOL_COMPUTED,NONE,0.000000000,0.000000000,0.000000000,0.0,0.000000000,0.000000000,"",0,0,0,0,0,00,0,0*aa2d2891
#HEADINGA,ICOM3,0,73.7,FINESTEERING,2437,11530.400,00000000,0000,810;SOL_COMPUTED,NONE,0.000000000,0.000000000,0.000000000,0.0,0.000000000,0.000000000,"",0,0,0,0,0,00,0,0*f4f4b9ca
#HEADINGA,ICOM3,0,73.7,FINESTEERING,2437,11530.600,00000000,0000,810;SOL_COMPUTED,NONE,0.000000000,0.000000000,0.000000000,0.0,0.000000000,0.000000000,"",0,0,0,0,0,00,0,0*41d5a08d
#HEADINGA,ICOM3,0,73.7,FINESTEERING,2437,11530.800,00000000,0000,810;SOL_COMPUTED,NONE,0.000000000,0.000000000,0.000000000,0.0,0.000000000,0.000000000,"",0,0,0,0,0,00,0,0*fcd0e2da
#HEADINGA,ICOM3,0,73.7,FINESTEERING,2437,11531.000,00000000,0000,810;SOL_COMPUTED,NONE,0.000000000,0.000000000,0.000000000,0.0,0.000000000,0.000000000,"",0,0,0,0,0,00,0,0*c5d6ec34
#HEADINGA,ICOM3,0,73.7,FINESTEERING,2437,11531.200,00000000,0000,810;SOL_COMPUTED,NONE,0.000000000,0.000000000,0.000000000,0.0,0.000000000,0.000000000,"",0,0,0,0,0,00,0,0*70f7f573
#HEADINGA,ICOM3,0,74.1,FINESTEERING,2437,11531.400,00000000,0000,810;SOL_COMPUTED,NONE,0.000000000,0.000000000,0.000000000,0.0,0.000000000,0.000000000,"",0,0,0,0,0,00,0,0*6c8cc4d0
#HEADINGA,ICOM3,0,74.1,FINESTEERING,2437,11531.600,00000000,0000,810;SOL_COMPUTED,NONE,0.000000000,0.000000000,0.000000000,0.0,0.000000000,0.000000000,"",0,0,0,0,0,00,0,0*d9addd97
#HEADINGA,ICOM3,0,74.1,FINESTEERING,2437,11531.800,00000000,0000,810;SOL_COMPUTED,NONE,0.000000000,0.000000000,0.000000000,0.0,0.000000000,0.000000000,"",0,0,0,0,0,00,0,0*64a89fc0
#HEADINGA,ICOM3,0,74.1,FINESTEERING,2437,11532.000,00000000,0000,810;SOL_COMPUTED,NONE,0.000000000,0.000000000,0.000000000,0.0,0.000000000,0.000000000,"",0,0,0,0,0,00,0,0*86fd550d
#HEADINGA,ICOM3,0,74.1,FINESTEERING,2437,11532.200,00000000,0000,810;SOL_COMPUTED,NONE,0.000000000,0.000000000,0.000000000,0.0,0.000000000,0.000000000,"",0,0,0,0,0,00,0,0*33dc4c4a
#HEADINGA,ICOM3,0,73.9,FINESTEERING,2437,11532.400,00000000,0000,810;SOL_COMPUTED,NONE,0.000000000,0.000000000,0.000000000,0.0,0.000000000,0.000000000,"",0,0,0,0,0,00,0,0*c911cc9d
#HEADINGA,ICOM3,0,73.9,FINESTEERING,2437,11532.600,00000000,0000,810;SOL_COMPUTED,NONE,0.000000000,0.000000000,0.000000000,0.0,0.000000000,0.000000000,"",0,0,0,0,0,00,0,0*7c30d5da
#HEADINGA,ICOM3,0,73.9,FINESTEERING,2437,11532.800,00000000,0000,810;SOL_COMPUTED,NONE,0.000000000,0.000000000,0.000000000,0.0,0.000000000,0.000000000,"",0,0,0,0,0,00,0,0*c135978d
#HEADINGA,ICOM3,0,73.9,FINESTEERING,2437,11533.000,00000000,0000,810;SOL_COMPUTED,NONE,0.000000000,0.000000000,0.000000000,0.0,0.000000000,0.000000000,"",0,0,0,0,0,00,0,0*f8339963
#HEADINGA,ICOM3,0,73.9,FINESTEERING,2437,11533.200,00000000,0000,810;SOL_COMPUTED,NONE,0.000000000,0.000000000,0.000000000,0.0,0.000000000,0.000000000,"",0,0,0,0,0,00,0,0*4d128024
#HEADINGA,ICOM3,0,74.1,FINESTEERING,2437,11533.400,00000000,0000,810;SOL_COMPUTED,NONE,0.000000000,0.000000000,0.000000000,0.0,0.000000000,0.000000000,"",0,0,0,0,0,00,0,0*b7df00f3
#HEADINGA,ICOM3,0,74.1,FINESTEERING,2437,11533.600,00000000,0000,810;SOL_COMPUTED,NONE,0.000000000,0.000000000,0.000000000,0.0,0.000000000,0.000000000,"",0,0,0,0,0,00,0,0*02fe19b4
#HEADINGA,ICOM3,0,74.1,FINESTEERING,2437,11533.800,00000000,0000,810;SOL_COMPUTED,NONE,0.000000000,0.000000000,0.000000000,0.0,0.000000000,0.000000000,"",0,0,0,0,0,00,0,0*bffb5be3
#HEADINGA,ICOM3,0,74.1,FINESTEERING,2437,11534.000,00000000,0000,810;SOL_COMPUTED,NONE,0.000000000,0.000000000,0.000000000,0.0,0.000000000,0.000000000,"",0,0,0,0,0,00,0,0*30781f29
#HEADINGA,ICOM3,0,74.1,FINESTEERING,2437,11534.200,00000000,0000,810;SOL_COMPUTED,NONE,0.000000000,0.000000000,0.000000000,0.0,0.000000000,0.000000000,"",0,0,0,0,0,00,0,0*8559066e
#HEADINGA,ICOM3,0,73.8,FINESTEERING,2437,11534.400,00000000,0000,810;SOL_COMPUTED,NONE,0.000000000,0.000000000,0.000000000,0.0,0.000000000,0.000000000,"",0,0,0,0,0,00,0,0*6f3c2e87
#HEADINGA,ICOM3,0,73.8,FINESTEERING,2437,11534.600,00000000,0000,810;SOL_COMPUTED,NONE,0.000000000,0.000000000,0.000000000,0.0,0.000000000,0.000000000,"",0,0,0,0,0,00,0,0*da1d37c0
#HEADINGA,ICOM3,0,73.8,FINESTEERING,2437,11534.800,00000000,0000,810;SOL_COMPUTED,NONE,0.000000000,0.000000000,0.000000000,0.0,0.000000000,0.000000000,"",0,0,0,0,0,00,0,0*67187597
#HEADINGA,ICOM3,0,73.8,FINESTEERING,2437,11535.000,00000000,0000,810;SOL_COMPUTED,NONE,0.000000000,0.000000000,0.000000000,0.0,0.000000000,0.000000000,"",0,0,0,0,0,00,0,0*5e1e7b79
#HEADINGA,ICOM3,0,73.8,FINESTEERING,2437,11535.200,00000000,0000,810;SOL_COMPUTED,NONE,0.000000000,0.000000000,0.000000000,0.0,0.000000000,0.000000000,"",0,0,0,0,0,00,0,0*eb3f623e
#HEADINGA,ICOM3,0,74.1,FINESTEERING,2437,11535.400,00000000,0000,810;SOL_COMPUTED,NONE,0.000000000,0.000000000,0.000000000,0.0,0.000000000,0.000000000,"",0,0,0,0,0,00,0,0*015a4ad7
#HEADINGA,ICOM3,0,74.1,FINESTEERING,2437,11535.600,00000000,0000,810;SOL_COMPUTED,NONE,0.000000000,0.000000000,0.000000000,0.0,0.000000000,0.000000000,"",0,0,0,0,0,00,0,0*b47b5390
#HEADINGA,ICOM3,0,74.1,FINESTEERING,2437,11535.800,00000000,0000,810;SOL_COMPUTED,NONE,0.000000000,0.000000000,0.000000000,0.0,0.000000000,0.000000000,"",0,0,0,0,0,00,0,0*097e11c7
#HEADINGA,ICOM3,0,74.1,FINESTEERING,2437,11536.000,00000000,0000,810;SOL_COMPUTED,NONE,0.000000000,0.000000000,0.000000000,0.0,0.000000000,0.000000000,"",0,0,0,0,0,00,0,0*eb2bdb0a
#HEADINGA,ICOM3,0,74.1,FINESTEERING,2437,11536.200,00000000,0000,810;SOL_COMPUTED,NONE,0.000000000,0.000000000,0.000000000,0.0,0.000000000,0.000000000,"",0,0,0,0,0,00,0,0*5e0ac24d
#HEADINGA,ICOM3,0,74.1,FINESTEERING,2437,11536.400,00000000,0000,810;SOL_COMPUTED,NONE,0.000000000,0.000000000,0.000000000,0.0,0.000000000,0.000000000,"",0,0,0,0,0,00,0,0*5a18efc5
#HEADINGA,ICOM3,0,74.1,FINESTEERING,2437,11536.600,00000000,0000,810;SOL_COMPUTED,NONE,0.000000000,0.000000000,0.000000000,0.0,0.000000000,0.000000000,"",0,0,0,0,0,00,0,0*ef39f682
#HEADINGA,ICOM3,0,74.1,FINESTEERING,2437,11536.800,00000000,0000,810;SOL_COMPUTED,NONE,0.000000000,0.000000000,0.000000000,0.0,0.000000000,0.000000000,"",0,0,0,0,0,00,0,0*523cb4d5
#HEADINGA,ICOM3,0,74.1,FINESTEERING,2437,11537.000,00000000,0000,810;SOL_COMPUTED,NONE,0.000000000,0.000000000,0.000000000,0.0,0.000000000,0.000000000,"",0,0,0,0,0,00,0,0*6b3aba3b
#HEADINGA,ICOM3,0,74.1,FINESTEERING,2437,11537.200,00000000,0000,810;SOL_COMPUTED,NONE,0.000000000,0.000000000,0.000000000,0.0,0.000000000,0.000000000,"",0,0,0,0,0,00,0,0*de1ba37c
#HEADINGA,ICOM3,0,74.5,FINESTEERING,2437,11537.400,00000000,0000,810;SOL_COMPUTED,NONE,0.000000000,0.000000000,0.000000000,0.0,0.000000000,0.000000000,"",0,0,0,0,0,00,0,0*98ab2e0c
#HEADINGA,ICOM3,0,74.5,FINESTEERING,2437,11537.600,00000000,0000,810;SOL_COMPUTED,NONE,0.000000000,0.000000000,0.000000000,0.0,0.000000000,0.000000000,"",0,0,0,0,0,00,0,0*2d8a374b
#HEADINGA,ICOM3,0,74.5,FINESTEERING,2437,11537.800,00000000,0000,810;SOL_COMPUTED,NONE,0.000000000,0.000000000,0.000000000,0.0,0.000000000,0.000000000,"",0,0,0,0,0,00,0,0*908f751c
#HEADINGA,ICOM3,0,74.5,FINESTEERING,2437,11538.000,00000000,0000,810;SOL_COMPUTED,NONE,0.000000000,0.000000000,0.000000000,0.0,0.000000000,0.000000000,"",0,0,0,0,0,00,0,0*c4a12dd8
#HEADINGA,ICOM3,0,74.5,FINESTEERING,2437,11538.200,00000000,0000,810;SOL_COMPUTED,NONE,0.000000000,0.000000000,0.000000000,0.0,0.000000000,0.000000000,"",0,0,0,0,0,00,0,0*7180349f
#HEADINGA,ICOM3,0,74.4,FINESTEERING,2437,11538.400,00000000,0000,810;SOL_COMPUTED,NONE,0.000000000,0.000000000,0.000000000,0.0,0.000000000,0.000000000,"",0,0,0,0,0,00,0,0*653ab129
#HEADINGA,ICOM3,0,74.4,FINESTEERING,2437,11538.600,00000000,0000,810;SOL_COMPUTED,NONE,0.000000000,0.000000000,0.000000000,0.0,0.000000000,0.000000000,"",0,0,0,0,0,00,0,0*d01ba86e
#HEADINGA,ICOM3,0,74.4,FINESTEERING,2437,11538.800,00000000,0000,810;SOL_COMPUTED,NONE,0.000000000,0.000000000,0.000000000,0.0,0.000000000,0.000000000,"",0,0,0,0,0,00,0,0*6d1eea39
#HEADINGA,ICOM3,0,74.4,FINESTEERING,2437,11539.000,00000000,0000,810;SOL_COMPUTED,NONE,0.000000000,0.000000000,0.000000000,0.0,0.000000000,0.000000000,"",0,0,0,0,0,00,0,0*5418e4d7
#HEADINGA,ICOM3,0,74.4,FINESTEERING,2437,11539.200,00000000,0000,810;SOL_COMPUTED,NONE,0.000000000,0.000000000,0.000000000,0.0,0.000000000,0.000000000,"",0,0,0,0,0,00,0,0*e139fd90
#HEADINGA,ICOM3,0,74.5,FINESTEERING,2437,11539.400,00000000,0000,810;SOL_COMPUTED,NONE,0.000000000,0.000000000,0.000000000,0.0,0.000000000,0.000000000,"",0,0,0,0,0,00,0,0*f5837826
#HEADINGA,ICOM3,0,74.5,FINESTEERING,2437,11539.600,00000000,0000,810;SOL_COMPUTED,NONE,0.000000000,0.000000000,0.000000000,0.0,0.000000000,0.000000000,"",0,0,0,0,0,00,0,0*40a26161
#HEADINGA,ICOM3,0,74.5,FINESTEERING,2437,11539.800,00000000,0000,810;SOL_COMPUTED,NONE,0.000000000,0.000000000,0.000000000,0.0,0.000000000,0.000000000,"",0,0,0,0,0,00,0,0*fda72336
#HEADINGA,ICOM3,0,74.5,FINESTEERING,2437,11540.000,00000000,0000,810;SOL_COMPUTED,NONE,0.000000000,0.000000000,0.000000000,0.0,0.000000000,0.000000000,"",0,0,0,0,0,00,0,0*72e74116
#HEADINGA,ICOM3,0,74.5,FINESTEERING,2437,11540.200,00000000,0000,810;SOL_COMPUTED,NONE,0.000000000,0.000000000,0.000000000,0.0,0.000000000,0.000000000,"",0,0,0,0,0,00,0,0*c7c65851
#HEADINGA,ICOM3,0,68.9,FINESTEERING,2437,11540.400,00000000,0000,810;SOL_COMPUTED,NONE,0.000000000,0.000000000,0.000000000,0.0,0.000000000,0.000000000,"",0,0,0,0,0,00,0,0*8bc1de61
#HEADINGA,ICOM3,0,68.9,FINESTEERING,2437,11540.600,00000000,0000,810;SOL_COMPUTED,NONE,0.000000000,0.000000000,0.000000000,0.0,0.000000000,0.000000000,"",0,0,0,0,0,00,0,0*3ee0c726
#HEADINGA,ICOM3,0,68.9,FINESTEERING,2437,11540.800,00000000,0000,810;SOL_COMPUTED,NONE,0.000000000,0.000000000,0.000000000,0.0,0.000000000,0.000000000,"",0,0,0,0,0,00,0,0*83e58571
#HEADINGA,ICOM3,0,68.9,FINESTEERING,2437,11541.000,00000000,0000,810;SOL_COMPUTED,NONE,0.000000000,0.000000000,0.000000000,0.0,0.000000000,0.000000000,"",0,0,0,0,0,00,0,0*bae38b9f
#HEADINGA,ICOM3,0,68.9,FINESTEERING,2437,11541.200,00000000,0000,810;SOL_COMPUTED,NONE,0.000000000,0.000000000,0.000000000,0.0,0.000000000,0.000000000,"",0,0,0,0,0,00,0,0*0fc292d8
#HEADINGA,ICOM3,0,62.4,FINESTEERING,2437,11541.400,00000000,0000,810;SOL_COMPUTED,NONE,0.000000000,0.000000000,0.000000000,0.0,0.000000000,0.000000000,"",0,0,0,0,0,00,0,0*2119a5c7
#HEADINGA,ICOM3,0,62.4,FINESTEERING,2437,11541.600,00000000,0000,810;SOL_COMPUTED,NONE,0.000000000,0.000000000,0.000000000,0.0,0.000000000,0.000000000,"",0,0,0,0,0,00,0,0*9438bc80
#HEADINGA,ICOM3,0,62.4,FINESTEERING,2437,11541.800,00000000,0000,810;SOL_COMPUTED,NONE,0.000000000,0.000000000,0.000000000,0.0,0.000000000,0.000000000,"",0,0,0,0,0,00,0,0*293dfed7
#HEADINGA,ICOM3,0,62.4,FINESTEERING,2437,11542.000,00000000,0000,810;SOL_COMPUTED,NONE,0.000000000,0.000000000,0.000000000,0.0,0.000000000,0.000000000,"",0,0,0,0,0,00,0,0*cb68341a
#HEADINGA,ICOM3,0,62.4,FINESTEERING,2437,11542.200,00000000,0000,810;SOL_COMPUTED,NONE,0.000000000,0.000000000,0.000000000,0.0,0.000000000,0.000000000,"",0,0,0,0,0,00,0,0*7e492d5d
#HEADINGA,ICOM3,0,62.4,FINESTEERING,2437,11542.400,00000000,0000,810;SOL_COMPUTED,NONE,0.000000000,0.000000000,0.000000000,0.0,0.000000000,0.000000000,"",0,0,0,0,0,00,0,0*7a5b00d5
#HEADINGA,ICOM3,0,56.4,FINESTEERING,2437,11542.600,00000000,0000,810;SOL_COMPUTED,NONE,0.000000000,0.000000000,0.000000000,0.0,0.000000000,0.000000000,"",0,0,0,0,0,00,0,0*aed3ebff
#HEADINGA,ICOM3,0,56.4,FINESTEERING,2437,11542.800,00000000,0000,810;SOL_COMPUTED,NONE,0.000000000,0.000000000,0.000000000,0.0,0.000000000,0.000000000,"",0,0,0,0,0,00,0,0*13d6a9a8
#HEADINGA,ICOM3,0,56.4,FINESTEERING,2437,11543.000,00000000,0000,810;SOL_COMPUTED,NONE,0.000000000,0.000000000,0.000000000,0.0,0.000000000,0.000000000,"",0,0,0,0,0,00,0,0*2ad0a746
#HEADINGA,ICOM3,0,56.4,FINESTEERING,2437,11543.200,00000000,0000,810;SOL_COMPUTED,NONE,0.000000000,0.000000000,0.000000000,0.0,0.000000000,0.000000000,"",0,0,0,0,0,00,0,0*9ff1be01
#HEADINGA,ICOM3,0,70.2,FINESTEERING,2437,11543.400,00000000,0000,810;SOL_COMPUTED,NONE,0.000000000,0.000000000,0.000000000,0.0,0.000000000,0.000000000,"",0,0,0,0,0,00,0,0*e17e028e
#HEADINGA,ICOM3,0,70.2,FINESTEERING,2437,11543.600,00000000,0000,810;SOL_COMPUTED,NONE,0.000000000,0.000000000,0.000000000,0.0,0.000000000,0.000000000,"",0,0,0,0,0,00,0,0*545f1bc9
#HEADINGA,ICOM3,0,70.2,FINESTEERING,2437,11543.800,00000000,0000,810;SOL_COMPUTED,NONE,0.000000000,0.000000000,0.000000000,0.0,0.000000000,0.000000000,"",0,0,0,0,0,00,0,0*e95a599e
#HEADINGA,ICOM3,0,70.2,FINESTEERING,2437,11544.000,00000000,0000,810;SOL_COMPUTED,NONE,0.000000000,0.000000000,0.000000000,0.0,0.000000000,0.000000000,"",0,0,0,0,0,00,0,0*66d91d54
#HEADINGA,ICOM3,0,70.2,FINESTEERING,2437,11544.200,00000000,0000,810;SOL_COMPUTED,NONE,0.000000000,0.000000000,0.000000000,0.0,0.000000000,0.000000000,"",0,0,0,0,0,00,0,0*d3f80413
#HEADINGA,ICOM3,0,69.5,FINESTEERING,2437,11544.400,00000000,0000,810;SOL_COMPUTED,NONE,0.000000000,0.000000000,0.000000000,0.0,0.000000000,0.000000000,"",0,0,0,0,0,00,0,0*b8389161
#HEADINGA,ICOM3,0,69.5,FINESTEERING,2437,11544.600,00000000,0000,810;SOL_COMPUTED,NONE,0.000000000,0.000000000,0.000000000,0.0,0.000000000,0.000000000,"",0,0,0,0,0,00,0,0*0d198826
#HEADINGA,ICOM3,0,69.5,FINESTEERING,2437,11544.800,00000000,0000,810;SOL_COMPUTED,NONE,0.000000000,0.000000000,0.000000000,0.0,0.000000000,0.000000000,"",0,0,0,0,0,00,0,0*b01cca71
#HEADINGA,ICOM3,0,69.5,FINESTEERING,2437,11545.000,00000000,0000,810;SOL_COMPUTED,NONE,0.000000000,0.000000000,0.000000000,0.0,0.000000000,0.000000000,"",0,0,0,0,0,00,0,0*891ac49f
#HEADINGA,ICOM3,0,69.5,FINESTEERING,2437,11545.200,00000000,0000,810;SOL_COMPUTED,NONE,0.000000000,0.000000000,0.000000000,0.0,0.000000000,0.000000000,"",0,0,0,0,0,00,0,0*3c3bddd8
#HEADINGA,ICOM3,0,69.2,FINESTEERING,2437,11545.400,00000000,0000,810;SOL_COMPUTED,NONE,0.000000000,0.000000000,0.000000000,0.0,0.000000000,0.000000000,"",0,0,0,0,0,00,0,0*4b72a8ea
#HEADINGA,ICOM3,0,69.2,FINESTEERING,2437,11545.600,00000000,0000,810;SOL_COMPUTED,NONE,0.000000000,0.000000000,0.000000000,0.0,0.000000000,0.000000000,"",0,0,0,0,0,00,0,0*fe53b1ad
#HEADINGA,ICOM3,0,69.2,FINESTEERING,2437,11545.800,00000000,0000,810;SOL_COMPUTED,NONE,0.000000000,0.000000000,0.000000000,0.0,0.000000000,0.000000000,"",0,0,0,0,0,00,0,0*4356f3fa
#HEADINGA,ICOM3,0,69.2,FINESTEERING,2437,11546.000,00000000,0000,810;SOL_COMPUTED,NONE,0.000000000,0.000000000,0.000000000,0.0,0.000000000,0.000000000,"",0,0,0,0,0,00,0,0*a1033937
#HEADINGA,ICOM3,0,69.2,FINESTEERING,2437,11546.200,00000000,0000,810;SOL_COMPUTED,NONE,0.000000000,0.000000000,0.000000000,0.0,0.000000000,0.000000000,"",0,0,0,0,0,00,0,0*14222070
#HEADINGA,ICOM3,0,72.5,FINESTEERING,2437,11546.400,00000000,0000,810;SOL_COMPUTED,NONE,0.000000000,0.000000000,0.000000000,0.0,0.000000000,0.000000000,"",0,0,0,0,0,00,0,0*9703f35d
#HEADINGA,ICOM3,0,72.5,FINESTEERING,2437,11546.600,00000000,0000,810;SOL_COMPUTED,NONE,0.000000000,0.000000000,0.000000000,0.0,0.000000000,0.000000000,"",0,0,0,0,0,00,0,0*2222ea1a
#HEADINGA,ICOM3,0,72.5,FINESTEERING,2437,11546.800,00000000,0000,810;SOL_COMPUTED,NONE,0.000000000,0.000000000,0.000000000,0.0,0.000000000,0.000000000,"",0,0,0,0,0,00,0,0*9f27a84d
#HEADINGA,ICOM3,0,72.5,FINESTEERING,2437,11547.000,00000000,0000,810;SOL_COMPUTED,NONE,0.000000000,0.000000000,0.000000000,0.0,0.000000000,0.000000000,"",0,0,0,0,0,00,0,0*a621a6a3
#HEADINGA,ICOM3,0,72.5,FINESTEERING,2437,11547.200,00000000,0000,810;SOL_COMPUTED,NONE,0.000000000,0.000000000,0.000000000,0.0,0.000000000,0.000000000,"",0,0,0,0,0,00,0,0*1300bfe4
#HEADINGA,ICOM3,0,72.7,FINESTEERING,2437,11547.400,00000000,0000,810;SOL_COMPUTED,NONE,0.000000000,0.000000000,0.000000000,0.0,0.000000000,0.000000000,"",0,0,0,0,0,00,0,0*3643c210
#HEADINGA,ICOM3,0,72.7,FINESTEERING,2437,11547.600,00000000,0000,810;SOL_COMPUTED,NONE,0.000000000,0.000000000,0.000000000,0.0,0.000000000,0.000000000,"",0,0,0,0,0,00,0,0*8362db57
#HEADINGA,ICOM3,0,72.7,FINESTEERING,2437,11547.800,00000000,0000,810;SOL_COMPUTED,NONE,0.000000000,0.000000000,0.000000000,0.0,0.000000000,0.000000000,"",0,0,0,0,0,00,0,0*3e679900
#HEADINGA,ICOM3,0,72.7,FINESTEERING,2437,11548.000,00000000,0000,810;SOL_COMPUTED,NONE,0.000000000,0.000000000,0.000000000,0.0,0.000000000,0.000000000,"",0,0,0,0,0,00,0,0*6a49c1c4
#HEADINGA,ICOM3,0,72.7,FINESTEERING,2437,11548.200,00000000,0000,810;SOL_COMPUTED,NONE,0.000000000,0.000000000,0.000000000,0.0,0.000000000,0.000000000,"",0,0,0,0,0,00,0,0*df68d883
#HEADINGA,ICOM3,0,74.1,FINESTEERING,2437,11548.400,00000000,0000,810;SOL_COMPUTED,NONE,0.000000000,0.000000000,0.000000000,0.0,0.000000000,0.000000000,"",0,0,0,0,0,00,0,0*5adbc92f
#HEADINGA,ICOM3,0,74.1,FINESTEERING,2437,11548.600,00000000,0000,810;SOL_COMPUTED,NONE,0.000000000,0.000000000,0.000000000,0.0,0.000000000,0.000000000,"",0,0,0,0,0,00,0,0*effad068
#HEADINGA,ICOM3,0,74.1,FINESTEERING,2437,11548.800,00000000,0000,810;SOL_COMPUTED,NONE,0.000000000,0.000000000,0.000000000,0.0,0.000000000,0.000000000,"",0,0,0,0,0,00,0,0*52ff923f
#HEADINGA,ICOM3,0,74.1,FINESTEERING,2437,11549.000,00000000,0000,810;SOL_COMPUTED,NONE,0.000000000,0.000000000,0.000000000,0.0,0.000000000,0.000000000,"",0,0,0,0,0,00,0,0*6bf99cd1
#HEADINGA,ICOM3,0,74.1,FINESTEERING,2437,11549.200,00000000,0000,810;SOL_COMPUTED,NONE,0.000000000,0.000000000,0.000000000,0.0,0.000000000,0.000000000,"",0,0,0,0,0,00,0,0*ded88596
#HEADINGA,ICOM3,0,73.8,FINESTEERING,2437,11549.400,00000000,0000,810;SOL_COMPUTED,NONE,0.000000000,0.000000000,0.000000000,0.0,0.000000000,0.000000000,"",0,0,0,0,0,00,0,0*34bdad7f
#HEADINGA,ICOM3,0,73.8,FINESTEERING,2437,11549.600,00000000,0000,810;SOL_COMPUTED,NONE,0.000000000,0.000000000,0.000000000,0.0,0.000000000,0.000000000,"",0,0,0,0,0,00,0,0*819cb438
#HEADINGA,ICOM3,0,73.8,FINESTEERING,2437,11549.800,00000000,0000,810;SOL_COMPUTED,NONE,0.000000000,0.000000000,0.000000000,0.0,0.000000000,0.000000000,"",0,0,0,0,0,00,0,0*3c99f66f
#HEADINGA,ICOM3,0,73.8,FINESTEERING,2437,11550.000,00000000,0000,810;SOL_COMPUTED,NONE,0.000000000,0.000000000,0.000000000,0.0,0.000000000,0.000000000,"",0,0,0,0,0,00,0,0*8f6cf5d4
#HEADINGA,ICOM3,0,73.8,FINESTEERING,2437,11550.200,00000000,0000,810;SOL_COMPUTED,NONE,0.000000000,0.000000000,0.000000000,0.0,0.000000000,0.000000000,"",0,0,0,0,0,00,0,0*3a4dec93
#HEADINGA,ICOM3,0,74.1,FINESTEERING,2437,11550.400,00000000,0000,810;SOL_COMPUTED,NONE,0.000000000,0.000000000,0.000000000,0.0,0.000000000,0.000000000,"",0,0,0,0,0,00,0,0*d028c47a
#HEADINGA,ICOM3,0,74.1,FINESTEERING,2437,11550.600,00000000,0000,810;SOL_COMPUTED,NONE,0.000000000,0.000000000,0.000000000,0.0,0.000000000,0.000000000,"",0,0,0,0,0,00,0,0*6509dd3d
#HEADINGA,ICOM3,0,74.1,FINESTEERING,2437,11550.800,00000000,0000,810;SOL_COMPUTED,NONE,0.000000000,0.000000000,0.000000000,0.0,0.000000000,0.000000000,"",0,0,0,0,0,00,0,0*d80c9f6a
#HEADINGA,ICOM3,0,74.1,FINESTEERING,2437,11551.000,00000000,0000,810;SOL_COMPUTED,NONE,0.000000000,0.000000000,0.000000000,0.0,0.000000000,0.000000000,"",0,0,0,0,0,00,0,0*e10a9184
#HEADINGA,ICOM3,0,74.1,FINESTEERING,2437,11551.200,00000000,0000,810;SOL_COMPUTED,NONE,0.000000000,0.000000000,0.000000000,0.0,0.000000000,0.000000000,"",0,0,0,0,0,00,0,0*542b88c3
#HEADINGA,ICOM3,0,75.3,FINESTEERING,2437,11551.400,00000000,0000,810;SOL_COMPUTED,NONE,0.000000000,0.000000000,0.000000000,0.0,0.000000000,0.000000000,"",0,0,0,0,0,00,0,0*e8a0d538
#HEADINGA,ICOM3,0,75.3,FINESTEERING,2437,11551.600,00000000,0000,810;SOL_COMPUTED,NONE,0.000000000,0.000000000,0.000000000,0.0,0.000000000,0.000000000,"",0,0,0,0,0,00,0,0*5d81cc7f
#HEADINGA,ICOM3,0,75.3,FINESTEERING,2437,11551.800,00000000,0000,810;SOL_COMPUTED,NONE,0.000000000,0.000000000,0.000000000,0.0,0.000000000,0.000000000,"",0,0,0,0,0,00,0,0*e0848e28
#HEADINGA,ICOM3,0,75.3,FINESTEERING,2437,11552.000,00000000,0000,810;SOL_COMPUTED,NONE,0.000000000,0.000000000,0.000000000,0.0,0.000000000,0.000000000,"",0,0,0,0,0,00,0,0*02d144e5
#HEADINGA,ICOM3,0,75.3,FINESTEERING,2437,11552.200,00000000,0000,810;SOL_COMPUTED,NONE,0.000000000,0.000000000,0.000000000,0.0,0.000000000,0.000000000,"",0,0,0,0,0,00,0,0*b7f05da2
#HEADINGA,ICOM3,0,75.5,FINESTEERING,2437,11552.400,00000000,0000,810;SOL_COMPUTED,NONE,0.000000000,0.000000000,0.000000000,0.0,0.000000000,0.000000000,"",0,0,0,0,0,00,0,0*d01180ae
#HEADINGA,ICOM3,0,75.5,FINESTEERING,2437,11552.600,00000000,0000,810;SOL_COMPUTED,NONE,0.000000000,0.000000000,0.000000000,0.0,0.000000000,0.000000000,"",0,0,0,0,0,00,0,0*653099e9
#HEADINGA,ICOM3,0,75.5,FINESTEERING,2437,11552.800,00000000,0000,810;SOL_COMPUTED,NONE,0.000000000,0.000000000,0.000000000,0.0,0.000000000,0.000000000,"",0,0,0,0,0,00,0,0*d835dbbe
#HEADINGA,ICOM3,0,75.5,FINESTEERING,2437,11553.000,00000000,0000,810;SOL_COMPUTED,NONE,0.000000000,0.000000000,0.000000000,0.0,0.000000000,0.000000000,"",0,0,0,0,0,00,0,0*e133d550
#HEADINGA,ICOM3,0,75.5,FINESTEERING,2437,11553.200,00000000,0000,810;SOL_COMPUTED,NONE,0.000000000,0.000000000,0.000000000,0.0,0.000000000,0.000000000,"",0,0,0,0,0,00,0,0*5412cc17
#HEADINGA,ICOM3,0,75.1,FINESTEERING,2437,11553.400,00000000,0000,810;SOL_COMPUTED,NONE,0.000000000,0.000000000,0.000000000,0.0,0.000000000,0.000000000,"",0,0,0,0,0,00,0,0*12a24167
#HEADINGA,ICOM3,0,75.1,FINESTEERING,2437,11553.600,00000000,0000,810;SOL_COMPUTED,NONE,0.000000000,0.000000000,0.000000000,0.0,0.000000000,0.000000000,"",0,0,0,0,0,00,0,0*a7835820
#HEADINGA,ICOM3,0,75.1,FINESTEERING,2437,11553.800,00000000,0000,810;SOL_COMPUTED,NONE,0.000000000,0.000000000,0.000000000,0.0,0.000000000,0.000000000,"",0,0,0,0,0,00,0,0*1a861a77
#HEADINGA,ICOM3,0,75.1,FINESTEERING,2437,11554.000,00000000,0000,810;SOL_COMPUTED,NONE,0.000000000,0.000000000,0.000000000,0.0,0.000000000,0.000000000,"",0,0,0,0,0,00,0,0*95055ebd
#HEADINGA,ICOM3,0,75.1,FINESTEERING,2437,11554.200,00000000,0000,810;SOL_COMPUTED,NONE,0.000000000,0.000000000,0.000000000,0.0,0.000000000,0.000000000,"",0,0,0,0,0,00,0,0*202447fa
#HEADINGA,ICOM3,0,75.4,FINESTEERING,2437,11554.400,00000000,0000,810;SOL_COMPUTED,NONE,0.000000000,0.000000000,0.000000000,0.0,0.000000000,0.000000000,"",0,0,0,0,0,00,0,0*763c62b4
#HEADINGA,ICOM3,0,75.4,FINESTEERING,2437,11554.600,00000000,0000,810;SOL_COMPUTED,NONE,0.000000000,0.000000000,0.000000000,0.0,0.000000000,0.000000000,"",0,0,0,0,0,00,0,0*c31d7bf3
#HEADINGA,ICOM3,0,75.4,FINESTEERING,2437,11554.800,00000000,0000,810;SOL_COMPUTED,NONE,0.000000000,0.000000000,0.000000000,0.0,0.000000000,0.000000000,"",0,0,0,0,0,00,0,0*7e1839a4
#HEADINGA,ICOM3,0,75.4,FINESTEERING,2437,11555.000,00000000,0000,810;SOL_COMPUTED,NONE,0.000000000,0.000000000,0.000000000,0.0,0.000000000,0.000000000,"",0,0,0,0,0,00,0,0*471e374a
#HEADINGA,ICOM3,0,75.4,FINESTEERING,2437,11555.200,00000000,0000,810;SOL_COMPUTED,NONE,0.000000000,0.000000000,0.000000000,0.0,0.000000000,0.000000000,"",0,0,0,0,0,00,0,0*f23f2e0d
#HEADINGA,ICOM3,0,75.8,FINESTEERING,2437,11555.400,00000000,0000,810;SOL_COMPUTED,NONE,0.000000000,0.000000000,0.000000000,0.0,0.000000000,0.000000000,"",0,0,0,0,0,00,0,0*31cae28d
#HEADINGA,ICOM3,0,75.8,FINESTEERING,2437,11555.600,00000000,0000,810;SOL_COMPUTED,NONE,0.000000000,0.000000000,0.000000000,0.0,0.000000000,0.000000000,"",0,0,0,0,0,00,0,0*84ebfbca
#HEADINGA,ICOM3,0,75.8,FINESTEERING,2437,11555.800,00000000,0000,810;SOL_COMPUTED,NONE,0.000000000,0.000000000,0.000000000,0.0,0.000000000,0.000000000,"",0,0,0,0,0,00,0,0*39eeb99d
#HEADINGA,ICOM3,0,75.8,FINESTEERING,2437,11556.000,00000000,0000,810;SOL_COMPUTED,NONE,0.000000000,0.000000000,0.000000000,0.0,0.000000000,0.000000000,"",0,0,0,0,0,00,0,0*dbbb7350
#HEADINGA,ICOM3,0,75.8,FINESTEERING,2437,11556.200,00000000,0000,810;SOL_COMPUTED,NONE,0.000000000,0.000000000,0.000000000,0.0,0.000000000,0.000000000,"",0,0,0,0,0,00,0,0*6e9a6a17
#HEADINGA,ICOM3,0,76.0,FINESTEERING,2437,11556.400,00000000,0000,810;SOL_COMPUTED,NONE,0.000000000,0.000000000,0.000000000,0.0,0.000000000,0.000000000,"",0,0,0,0,0,00,0,0*9ee4603f
#HEADINGA,ICOM3,0,76.0,FINESTEERING,2437,11556.600,00000000,0000,810;SOL_COMPUTED,NONE,0.000000000,0.000000000,0.000000000,0.0,0.000000000,0.000000000,"",0,0,0,0,0,00,0,0*2bc57978
#HEADINGA,ICOM3,0,76.0,FINESTEERING,2437,11556.800,00000000,0000,810;SOL_COMPUTED,NONE,0.000000000,0.000000000,0.000000000,0.0,0.000000000,0.000000000,"",0,0,0,0,0,00,0,0*96c03b2f
#HEADINGA,ICOM3,0,76.0,FINESTEERING,2437,11557.000,00000000,0000,810;SOL_COMPUTED,NONE,0.000000000,0.000000000,0.000000000,0.0,0.000000000,0.000000000,"",0,0,0,0,0,00,0,0*afc635c1
#HEADINGA,ICOM3,0,76.0,FINESTEERING,2437,11557.200,00000000,0000,810;SOL_COMPUTED,NONE,0.000000000,0.000000000,0.000000000,0.0,0.000000000,0.000000000,"",0,0,0,0,0,00,0,0*1ae72c86
#HEADINGA,ICOM3,0,75.6,FINESTEERING,2437,11557.400,00000000,0000,810;SOL_COMPUTED,NONE,0.000000000,0.000000000,0.000000000,0.0,0.000000000,0.000000000,"",0,0,0,0,0,00,0,0*0c2f97da
#HEADINGA,ICOM3,0,75.6,FINESTEERING,2437,11557.600,00000000,0000,810;SOL_COMPUTED,NONE,0.000000000,0.000000000,0.000000000,0.0,0.000000000,0.000000000,"",0,0,0,0,0,00,0,0*b90e8e9d
#HEADINGA,ICOM3,0,75.6,FINESTEERING,2437,11557.800,00000000,0000,810;SOL_COMPUTED,NONE,0.000000000,0.000000000,0.000000000,0.0,0.000000000,0.000000000,"",0,0,0,0,0,00,0,0*040bccca
#HEADINGA,ICOM3,0,75.6,FINESTEERING,2437,11558.000,00000000,0000,810;SOL_COMPUTED,NONE,0.000000000,0.000000000,0.000000000,0.0,0.000000000,0.000000000,"",0,0,0,0,0,00,0,0*5025940e
#HEADINGA,ICOM3,0,75.6,FINESTEERING,2437,11558.200,00000000,0000,810;SOL_COMPUTED,NONE,0.000000000,0.000000000,0.000000000,0.0,0.000000000,0.000000000,"",0,0,0,0,0,00,0,0*e5048d49
#HEADINGA,ICOM3,0,76.0,FINESTEERING,2437,11558.400,00000000,0000,810;SOL_COMPUTED,NONE,0.000000000,0.000000000,0.000000000,0.0,0.000000000,0.000000000,"",0,0,0,0,0,00,0,0*f3cc3615
#HEADINGA,ICOM3,0,76.0,FINESTEERING,2437,11558.600,00000000,0000,810;SOL_COMPUTED,NONE,0.000000000,0.000000000,0.000000000,0.0,0.000000000,0.000000000,"",0,0,0,0,0,00,0,0*46ed2f52
#HEADINGA,ICOM3,0,76.0,FINESTEERING,2437,11558.800,00000000,0000,810;SOL_COMPUTED,NONE,0.000000000,0.000000000,0.000000000,0.0,0.000000000,0.000000000,"",0,0,0,0,0,00,0,0*fbe86d05
#HEADINGA,ICOM3,0,76.0,FINESTEERING,2437,11559.000,00000000,0000,810;SOL_COMPUTED,NONE,0.000000000,0.000000000,0.000000000,0.0,0.000000000,0.000000000,"",0,0,0,0,0,00,0,0*c2ee63eb
#HEADINGA,ICOM3,0,76.0,FINESTEERING,2437,11559.200,00000000,0000,810;SOL_COMPUTED,NONE,0.000000000,0.000000000,0.000000000,0.0,0.000000000,0.000000000,"",0,0,0,0,0,00,0,0*77cf7aac
#HEADINGA,ICOM3,0,75.7,FINESTEERING,2437,11559.400,00000000,0000,810;SOL_COMPUTED,NONE,0.000000000,0.000000000,0.000000000,0.0,0.000000000,0.000000000,"",0,0,0,0,0,00,0,0*71af69ce
#HEADINGA,ICOM3,0,75.7,FINESTEERING,2437,11559.600,00000000,0000,810;SOL_COMPUTED,NONE,0.000000000,0.000000000,0.000000000,0.0,0.000000000,0.000000000,"",0,0,0,0,0,00,0,0*c48e7089
#HEADINGA,ICOM3,0,75.7,FINESTEERING,2437,11559.800,00000000,0000,810;SOL_COMPUTED,NONE,0.000000000,0.000000000,0.000000000,0.0,0.000000000,0.000000000,"",0,0,0,0,0,00,0,0*798b32de
#HEADINGA,ICOM3,0,75.7,FINESTEERING,2437,11560.000,00000000,0000,810;SOL_COMPUTED,NONE,0.000000000,0.000000000,0.000000000,0.0,0.000000000,0.000000000,"",0,0,0,0,0,00,0,0*68c213d3
#HEADINGA,ICOM3,0,75.7,FINESTEERING,2437,11560.200,00000000,0000,810;SOL_COMPUTED,NONE,0.000000000,0.000000000,0.000000000,0.0,0.000000000,0.000000000,"",0,0,0,0,0,00,0,0*dde30a94
#HEADINGA,ICOM3,0,76.0,FINESTEERING,2437,11560.400,00000000,0000,810;SOL_COMPUTED,NONE,0.000000000,0.000000000,0.000000000,0.0,0.000000000,0.000000000,"",0,0,0,0,0,00,0,0*db8319f6
#HEADINGA,ICOM3,0,76.0,FINESTEERING,2437,11560.600,00000000,0000,810;SOL_COMPUTED,NONE,0.000000000,0.000000000,0.000000000,0.0,0.000000000,0.000000000,"",0,0,0,0,0,00,0,0*6ea200b1
#HEADINGA,ICOM3,0,76.0,FINESTEERING,2437,11560.800,00000000,0000,810;SOL_COMPUTED,NONE,0.000000000,0.000000000,0.000000000,0.0,0.000000000,0.000000000,"",0,0,0,0,0,00,0,0*d3a742e6
#HEADINGA,ICOM3,0,76.0,FINESTEERING,2437,11561.000,00000000,0000,810;SOL_COMPUTED,NONE,0.000000000,0.000000000,0.000000000,0.0,0.000000000,0.000000000,"",0,0,0,0,0,00,0,0*eaa14c08
#HEADINGA,ICOM3,0,76.0,FINESTEERING,2437,11561.200,00000000,0000,810;SOL_COMPUTED,NONE,0.000000000,0.000000000,0.000000000,0.0,0.000000000,0.000000000,"",0,0,0,0,0,00,0,0*5f80554f
#HEADINGA,ICOM3,0,76.5,FINESTEERING,2437,11561.400,00000000,0000,810;SOL_COMPUTED,NONE,0.000000000,0.000000000,0.000000000,0.0,0.000000000,0.000000000,"",0,0,0,0,0,00,0,0*09987001
#HEADINGA,ICOM3,0,76.5,FINESTEERING,2437,11561.600,00000000,0000,810;SOL_COMPUTED,NONE,0.000000000,0.000000000,0.000000000,0.0,0.000000000,0.000000000,"",0,0,0,0,0,00,0,0*bcb96946
#HEADINGA,ICOM3,0,76.5,FINESTEERING,2437,11561.800,00000000,0000,810;SOL_COMPUTED,NONE,0.000000000,0.000000000,0.000000000,0.0,0.000000000,0.000000000,"",0,0,0,0,0,00,0,0*01bc2b11
#HEADINGA,ICOM3,0,76.5,FINESTEERING,2437,11562.000,00000000,0000,810;SOL_COMPUTED,NONE,0.000000000,0.000000000,0.000000000,0.0,0.000000000,0.000000000,"",0,0,0,0,0,00,0,0*e3e9e1dc
#HEADINGA,ICOM3,0,76.5,FINESTEERING,2437,11562.200,00000000,0000,810;SOL_COMPUTED,NONE,0.000000000,0.000000000,0.000000000,0.0,0.000000000,0.000000000,"",0,0,0,0,0,00,0,0*56c8f89b
#HEADINGA,ICOM3,0,76.5,FINESTEERING,2437,11562.400,00000000,0000,810;SOL_COMPUTED,NONE,0.000000000,0.000000000,0.000000000,0.0,0.000000000,0.000000000,"",0,0,0,0,0,00,0,0*52dad513
#HEADINGA,ICOM3,0,76.5,FINESTEERING,2437,11562.600,00000000,0000,810;SOL_COMPUTED,NONE,0.000000000,0.000000000,0.000000000,0.0,0.000000000,0.000000000,"",0,0,0,0,0,00,0,0*e7fbcc54
#HEADINGA,ICOM3,0,76.5,FINESTEERING,2437,11562.800,00000000,0000,810;SOL_COMPUTED,NONE,0.000000000,0.000000000,0.000000000,0.0,0.000000000,0.000000000,"",0,0,0,0,0,00,0,0*5afe8e03
#HEADINGA,ICOM3,0,76.5,FINESTEERING,2437,11563.000,00000000,0000,810;SOL_COMPUTED,NONE,0.000000000,0.000000000,0.000000000,0.0,0.000000000,0.000000000,"",0,0,0,0,0,00,0,0*63f880ed
#HEADINGA,ICOM3,0,76.5,FINESTEERING,2437,11563.200,00000000,0000,810;SOL_COMPUTED,NONE,0.000000000,0.000000000,0.000000000,0.0,0.000000000,0.000000000,"",0,0,0,0,0,00,0,0*d6d999aa
#HEADINGA,ICOM3,0,76.5,FINESTEERING,2437,11563.400,00000000,0000,810;SOL_COMPUTED,NONE,0.000000000,0.000000000,0.000000000,0.0,0.000000000,0.000000000,"",0,0,0,0,0,00,0,0*d2cbb422
#HEADINGA,ICOM3,0,76.5,FINESTEERING,2437,11563.600,00000000,0000,810;SOL_COMPUTED,NONE,0.000000000,0.000000000,0.000000000,0.0,0.000000000,0.000000000,"",0,0,0,0,0,00,0,0*67eaad65
#HEADINGA,ICOM3,0,76.5,FINESTEERING,2437,11563.800,00000000,0000,810;SOL_COMPUTED,NONE,0.000000000,0.000000000,0.000000000,0.0,0.000000000,0.000000000,"",0,0,0,0,0,00,0,0*daefef32
#HEADINGA,ICOM3,0,76.5,FINESTEERING,2437,11564.000,00000000,0000,810;SOL_COMPUTED,NONE,0.000000000,0.000000000,0.000000000,0.0,0.000000000,0.000000000,"",0,0,0,0,0,00,0,0*556cabf8
#HEADINGA,ICOM3,0,76.5,FINESTEERING,2437,11564.200,00000000,0000,810;SOL_COMPUTED,NONE,0.000000000,0.000000000,0.000000000,0.0,0.000000000,0.000000000,"",0,0,0,0,0,00,0,0*e04db2bf
#HEADINGA,ICOM3,0,76.1,FINESTEERING,2437,11564.400,00000000,0000,810;SOL_COMPUTED,NONE,0.000000000,0.000000000,0.000000000,0.0,0.000000000,0.000000000,"",0,0,0,0,0,00,0,0*a6fd3fcf
#HEADINGA,ICOM3,0,76.1,FINESTEERING,2437,11564.600,00000000,0000,810;SOL_COMPUTED,NONE,0.000000000,0.000000000,0.000000000,0.0,0.000000000,0.000000000,"",0,0,0,0,0,00,0,0*13dc2688
#HEADINGA,ICOM3,0,76.1,FINESTEERING,2437,11564.800,00000000,0000,810;SOL_COMPUTED,NONE,0.000000000,0.000000000,0.000000000,0.0,0.000000000,0.000000000,"",0,0,0,0,0,00,0,0*aed964df
#HEADINGA,ICOM3,0,76.1,FINESTEERING,2437,11565.000,00000000,0000,810;SOL_COMPUTED,NONE,0.000000000,0.000000000,0.000000000,0.0,0.000000000,0.000000000,"",0,0,0,0,0,00,0,0*97df6a31
#HEADINGA,ICOM3,0,76.1,FINESTEERING,2437,11565.200,00000000,0000,810;SOL_COMPUTED,NONE,0.000000000,0.000000000,0.000000000,0.0,0.000000000,0.000000000,"",0,0,0,0,0,00,0,0*22fe7376
#HEADINGA,ICOM3,0,76.5,FINESTEERING,2437,11565.400,00000000,0000,810;SOL_COMPUTED,NONE,0.000000000,0.000000000,0.000000000,0.0,0.000000000,0.000000000,"",0,0,0,0,0,00,0,0*644efe06
#HEADINGA,ICOM3,0,76.5,FINESTEERING,2437,11565.600,00000000,0000,810;SOL_COMPUTED,NONE,0.000000000,0.000000000,0.000000000,0.0,0.000000000,0.000000000,"",0,0,0,0,0,00,0,0*d16fe741
#HEADINGA,ICOM3,0,76.5,FINESTEERING,2437,11565.800,00000000,0000,810;SOL_COMPUTED,NONE,0.000000000,0.000000000,0.000000000,0.0,0.000000000,0.000000000,"",0,0,0,0,0,00,0,0*6c6aa516
#HEADINGA,ICOM3,0,76.5,FINESTEERING,2437,11566.000,00000000,0000,810;SOL_COMPUTED,NONE,0.000000000,0.000000000,0.000000000,0.0,0.000000000,0.000000000,"",0,0,0,0,0,00,0,0*8e3f6fdb
#HEADINGA,ICOM3,0,76.5,FINESTEERING,2437,11566.200,00000000,0000,810;SOL_COMPUTED,NONE,0.000000000,0.000000000,0.000000000,0.0,0.000000000,0.000000000,"",0,0,0,0,0,00,0,0*3b1e769c
#HEADINGA,ICOM3,0,76.5,FINESTEERING,2437,11566.400,00000000,0000,810;SOL_COMPUTED,NONE,0.000000000,0.000000000,0.000000000,0.0,0.000000000,0.000000000,"",0,0,0,0,0,00,0,0*3f0c5b14
#HEADINGA,ICOM3,0,76.5,FINESTEERING,2437,11566.600,00000000,0000,810;SOL_COMPUTED,NONE,0.000000000,0.000000000,0.000000000,0.0,0.000000000,0.000000000,"",0,0,0,0,0,00,0,0*8a2d4253
#HEADINGA,ICOM3,0,76.5,FINESTEERING,2437,11566.800,00000000,0000,810;SOL_COMPUTED,NONE,0.000000000,0.000000000,0.000000000,0.0,0.000000000,0.000000000,"",0,0,0,0,0,00,0,0*37280004
#HEADINGA,ICOM3,0,76.5,FINESTEERING,2437,11567.000,00000000,0000,810;SOL_COMPUTED,NONE,0.000000000,0.000000000,0.000000000,0.0,0.000000000,0.000000000,"",0,0,0,0,0,00,0,0*0e2e0eea
#HEADINGA,ICOM3,0,76.5,FINESTEERING,2437,11567.200,00000000,0000,810;SOL_COMPUTED,NONE,0.000000000,0.000000000,0.000000000,0.0,0.000000000,0.000000000,"",0,0,0,0,0,00,0,0*bb0f17ad
#HEADINGA,ICOM3,0,76.5,FINESTEERING,2437,11567.400,00000000,0000,810;SOL_COMPUTED,NONE,0.000000000,0.000000000,0.000000000,0.0,0.000000000,0.000000000,"",0,0,0,0,0,00,0,0*bf1d3a25
#HEADINGA,ICOM3,0,76.5,FINESTEERING,2437,11567.600,00000000,0000,810;SOL_COMPUTED,NONE,0.000000000,0.000000000,0.000000000,0.0,0.000000000,0.000000000,"",0,0,0,0,0,00,0,0*0a3c2362
#HEADINGA,ICOM3,0,76.5,FINESTEERING,2437,11567.800,00000000,0000,810;SOL_COMPUTED,NONE,0.000000000,0.000000000,0.000000000,0.0,0.000000000,0.000000000,"",0,0,0,0,0,00,0,0*b7396135
#HEADINGA,ICOM3,0,76.5,FINESTEERING,2437,11568.000,00000000,0000,810;SOL_COMPUTED,NONE,0.000000000,0.000000000,0.000000000,0.0,0.000000000,0.000000000,"",0,0,0,0,0,00,0,0*e31739f1
#HEADINGA,ICOM3,0,76.5,FINESTEERING,2437,11568.200,00000000,0000,810;SOL_COMPUTED,NONE,0.000000000,0.000000000,0.000000000,0.0,0.000000000,0.000000000,"",0,0,0,0,0,00,0,0*563620b6
#HEADINGA,ICOM3,0,75.6,FINESTEERING,2437,11568.400,00000000,0000,810;SOL_COMPUTED,NONE,0.000000000,0.000000000,0.000000000,0.0,0.000000000,0.000000000,"",0,0,0,0,0,00,0,0*12f4932c
#HEADINGA,ICOM3,0,75.6,FINESTEERING,2437,11568.600,00000000,0000,810;SOL_COMPUTED,NONE,0.000000000,0.000000000,0.000000000,0.0,0.000000000,0.000000000,"",0,0,0,0,0,00,0,0*a7d58a6b
#HEADINGA,ICOM3,0,75.6,FINESTEERING,2437,11568.800,00000000,0000,810;SOL_COMPUTED,NONE,0.000000000,0.000000000,0.000000000,0.0,0.000000000,0.000000000,"",0,0,0,0,0,00,0,0*1ad0c83c
#HEADINGA,ICOM3,0,75.6,FINESTEERING,2437,11569.000,00000000,0000,810;SOL_COMPUTED,NONE,0.000000000,0.000000000,0.000000000,0.0,0.000000000,0.000000000,"",0,0,0,0,0,00,0,0*23d6c6d2
#HEADINGA,ICOM3,0,75.6,FINESTEERING,2437,11569.200,00000000,0000,810;SOL_COMPUTED,NONE,0.000000000,0.000000000,0.000000000,0.0,0.000000000,0.000000000,"",0,0,0,0,0,00,0,0*96f7df95
#HEADINGA,ICOM3,0,74.8,FINESTEERING,2437,11569.400,00000000,0000,810;SOL_COMPUTED,NONE,0.000000000,0.000000000,0.000000000,0.0,0.000000000,0.000000000,"",0,0,0,0,0,00,0,0*ed9b6366
#HEADINGA,ICOM3,0,74.8,FINESTEERING,2437,11569.600,00000000,0000,810;SOL_COMPUTED,NONE,0.000000000,0.000000000,0.000000000,0.0,0.000000000,0.000000000,"",0,0,0,0,0,00,0,0*58ba7a21
#HEADINGA,ICOM3,0,74.8,FINESTEERING,2437,11569.800,00000000,0000,810;SOL_COMPUTED,NONE,0.000000000,0.000000000,0.000000000,0.0,0.000000000,0.000000000,"",0,0,0,0,0,00,0,0*e5bf3876
#HEADINGA,ICOM3,0,74.8,FINESTEERING,2437,11570.000,00000000,0000,810;SOL_COMPUTED,NONE,0.000000000,0.000000000,0.000000000,0.0,0.000000000,0.000000000,"",0,0,0,0,0,00,0,0*564a3bcd
#HEADINGA,ICOM3,0,74.8,FINESTEERING,2437,11570.200,00000000,0000,810;SOL_COMPUTED,NONE,0.000000000,0.000000000,0.000000000,0.0,0.000000000,0.000000000,"",0,0,0,0,0,00,0,0*e36b228a
#HEADINGA,ICOM3,0,74.8,FINESTEERING,2437,11570.400,00000000,0000,810;SOL_COMPUTED,NONE,0.000000000,0.000000000,0.000000000,0.0,0.000000000,0.000000000,"",0,0,0,0,0,00,0,0*e7790f02
#HEADINGA,ICOM3,0,74.8,FINESTEERING,2437,11570.600,00000000,0000,810;SOL_COMPUTED,NONE,0.000000000,0.000000000,0.000000000,0.0,0.000000000,0.000000000,"",0,0,0,0,0,00,0,0*52581645
#HEADINGA,ICOM3,0,74.8,FINESTEERING,2437,11570.800,00000000,0000,810;SOL_COMPUTED,NONE,0.000000000,0.000000000,0.000000000,0.0,0.000000000,0.000000000,"",0,0,0,0,0,00,0,0*ef5d5412
#HEADINGA,ICOM3,0,74.8,FINESTEERING,2437,11571.000,00000000,0000,810;SOL_COMPUTED,NONE,0.000000000,0.000000000,0.000000000,0.0,0.000000000,0.000000000,"",0,0,0,0,0,00,0,0*d65b5afc
#HEADINGA,ICOM3,0,74.8,FINESTEERING,2437,11571.200,00000000,0000,810;SOL_COMPUTED,NONE,0.000000000,0.000000000,0.000000000,0.0,0.000000000,0.000000000,"",0,0,0,0,0,00,0,0*637a43bb
#HEADINGA,ICOM3,0,75.5,FINESTEERING,2437,11571.400,00000000,0000,810;SOL_COMPUTED,NONE,0.000000000,0.000000000,0.000000000,0.0,0.000000000,0.000000000,"",0,0,0,0,0,00,0,0*29ef070a
#HEADINGA,ICOM3,0,75.5,FINESTEERING,2437,11571.600,00000000,0000,810;SOL_COMPUTED,NONE,0.000000000,0.000000000,0.000000000,0.0,0.000000000,0.000000000,"",0,0,0,0,0,00,0,0*9cce1e4d
#HEADINGA,ICOM3,0,75.5,FINESTEERING,2437,11571.800,00000000,0000,810;SOL_COMPUTED,NONE,0.000000000,0.000000000,0.000000000,0.0,0.000000000,0.000000000,"",0,0,0,0,0,00,0,0*21cb5c1a
#HEADINGA,ICOM3,0,75.5,FINESTEERING,2437,11572.000,00000000,0000,810;SOL_COMPUTED,NONE,0.000000000,0.000000000,0.000000000,0.0,0.000000000,0.000000000,"",0,0,0,0,0,00,0,0*c39e96d7
#HEADINGA,ICOM3,0,75.5,FINESTEERING,2437,11572.200,00000000,0000,810;SOL_COMPUTED,NONE,0.000000000,0.000000000,0.000000000,0.0,0.000000000,0.000000000,"",0,0,0,0,0,00,0,0*76bf8f90
#HEADINGA,ICOM3,0,74.6,FINESTEERING,2437,11572.400,00000000,0000,810;SOL_COMPUTED,NONE,0.000000000,0.000000000,0.000000000,0.0,0.000000000,0.000000000,"",0,0,0,0,0,00,0,0*da9c7a55
#HEADINGA,ICOM3,0,74.6,FINESTEERING,2437,11572.600,00000000,0000,810;SOL_COMPUTED,NONE,0.000000000,0.000000000,0.000000000,0.0,0.000000000,0.000000000,"",0,0,0,0,0,00,0,0*6fbd6312
#HEADINGA,ICOM3,0,74.6,FINESTEERING,2437,11572.800,00000000,0000,810;SOL_COMPUTED,NONE,0.000000000,0.000000000,0.000000000,0.0,0.000000000,0.000000000,"",0,0,0,0,0,00,0,0*d2b82145
#HEADINGA,ICOM3,0,74.6,FINESTEERING,2437,11573.000,00000000,0000,810;SOL_COMPUTED,NONE,0.000000000,0.000000000,0.000000000,0.0,0.000000000,0.000000000,"",0,0,0,0,0,00,0,0*ebbe2fab
#HEADINGA,ICOM3,0,74.6,FINESTEERING,2437,11573.200,00000000,0000,810;SOL_COMPUTED,NONE,0.000000000,0.000000000,0.000000000,0.0,0.000000000,0.000000000,"",0,0,0,0,0,00,0,0*5e9f36ec
#HEADINGA,ICOM3,0,74.4,FINESTEERING,2437,11573.400,00000000,0000,810;SOL_COMPUTED,NONE,0.000000000,0.000000000,0.000000000,0.0,0.000000000,0.000000000,"",0,0,0,0,0,00,0,0*7bdc4b18
#HEADINGA,ICOM3,0,74.4,FINESTEERING,2437,11573.600,00000000,0000,810;SOL_COMPUTED,NONE,0.000000000,0.000000000,0.000000000,0.0,0.000000000,0.000000000,"",0,0,0,0,0,00,0,0*cefd525f
#HEADINGA,ICOM3,0,74.4,FINESTEERING,2437,11573.800,00000000,0000,810;SOL_COMPUTED,NONE,0.000000000,0.000000000,0.000000000,0.0,0.000000000,0.000000000,"",0,0,0,0,0,00,0,0*73f81008
#HEADINGA,ICOM3,0,74.4,FINESTEERING,2437,11574.000,00000000,0000,810;SOL_COMPUTED,NONE,0.000000000,0.000000000,0.000000000,0.0,0.000000000,0.000000000,"",0,0,0,0,0,00,0,0*fc7b54c2
#HEADINGA,ICOM3,0,74.4,FINESTEERING,2437,11574.200,00000000,0000,810;SOL_COMPUTED,NONE,0.000000000,0.000000000,0.000000000,0.0,0.000000000,0.000000000,"",0,0,0,0,0,00,0,0*495a4d85
#HEADINGA,ICOM3,0,69.8,FINESTEERING,2437,11574.400,00000000,0000,810;SOL_COMPUTED,NONE,0.000000000,0.000000000,0.000000000,0.0,0.000000000,0.000000000,"",0,0,0,0,0,00,0,0*9c95ebba
#HEADINGA,ICOM3,0,69.8,FINESTEERING,2437,11574.600,00000000,0000,810;SOL_COMPUTED,NONE,0.000000000,0.000000000,0.000000000,0.0,0.000000000,0.000000000,"",0,0,0,0,0,00,0,0*29b4f2fd
#HEADINGA,ICOM3,0,69.8,FINESTEERING,2437,11574.800,00000000,0000,810;SOL_COMPUTED,NONE,0.000000000,0.000000000,0.000000000,0.0,0.000000000,0.000000000,"",0,0,0,0,0,00,0,0*94b1b0aa
#HEADINGA,ICOM3,0,69.8,FINESTEERING,2437,11575.000,00000000,0000,810;SOL_COMPUTED,NONE,0.000000000,0.000000000,0.000000000,0.0,0.000000000,0.000000000,"",0,0,0,0,0,00,0,0*adb7be44
#HEADINGA,ICOM3,0,69.8,FINESTEERING,2437,11575.200,00000000,0000,810;SOL_COMPUTED,NONE,0.000000000,0.000000000,0.000000000,0.0,0.000000000,0.000000000,"",0,0,0,0,0,00,0,0*1896a703
#HEADINGA,ICOM3,0,68.6,FINESTEERING,2437,11575.400,00000000,0000,810;SOL_COMPUTED,NONE,0.000000000,0.000000000,0.000000000,0.0,0.000000000,0.000000000,"",0,0,0,0,0,00,0,0*63fa1bf0
#HEADINGA,ICOM3,0,68.6,FINESTEERING,2437,11575.600,00000000,0000,810;SOL_COMPUTED,NONE,0.000000000,0.000000000,0.000000000,0.0,0.000000000,0.000000000,"",0,0,0,0,0,00,0,0*d6db02b7
#HEADINGA,ICOM3,0,68.6,FINESTEERING,2437,11575.800,00000000,0000,810;SOL_COMPUTED,NONE,0.000000000,0.000000000,0.000000000,0.0,0.000000000,0.000000000,"",0,0,0,0,0,00,0,0*6bde40e0
#HEADINGA,ICOM3,0,68.6,FINESTEERING,2437,11576.000,00000000,0000,810;SOL_COMPUTED,NONE,0.000000000,0.000000000,0.000000000,0.0,0.000000000,0.000000000,"",0,0,0,0,0,00,0,0*898b8a2d
#HEADINGA,ICOM3,0,68.6,FINESTEERING,2437,11576.200,00000000,0000,810;SOL_COMPUTED,NONE,0.000000000,0.000000000,0.000000000,0.0,0.000000000,0.000000000,"",0,0,0,0,0,00,0,0*3caa936a
#HEADINGA,ICOM3,0,66.0,FINESTEERING,2437,11576.400,00000000,0000,810;SOL_COMPUTED,NONE,0.000000000,0.000000000,0.000000000,0.0,0.000000000,0.000000000,"",0,0,0,0,0,00,0,0*ac7e9738
#HEADINGA,ICOM3,0,66.0,FINESTEERING,2437,11576.600,00000000,0000,810;SOL_COMPUTED,NONE,0.000000000,0.000000000,0.000000000,0.0,0.000000000,0.000000000,"",0,0,0,0,0,00,0,0*195f8e7f
#HEADINGA,ICOM3,0,66.0,FINESTEERING,2437,11576.800,00000000,0000,810;SOL_COMPUTED,NONE,0.000000000,0.000000000,0.000000000,0.0,0.000000000,0.000000000,"",0,0,0,0,0,00,0,0*a45acc28
#HEADINGA,ICOM3,0,66.0,FINESTEERING,2437,11577.000,00000000,0000,810;SOL_COMPUTED,NONE,0.000000000,0.000000000,0.000000000,0.0,0.000000000,0.000000000,"",0,0,0,0,0,00,0,0*9d5cc2c6
#HEADINGA,ICOM3,0,66.0,FINESTEERING,2437,11577.200,00000000,0000,810;SOL_COMPUTED,NONE,0.000000000,0.000000000,0.000000000,0.0,0.000000000,0.000000000,"",0,0,0,0,0,00,0,0*287ddb81
#HEADINGA,ICOM3,0,68.6,FINESTEERING,2437,11577.400,00000000,0000,810;SOL_COMPUTED,NONE,0.000000000,0.000000000,0.000000000,0.0,0.000000000,0.000000000,"",0,0,0,0,0,00,0,0*b8a9dfd3
#HEADINGA,ICOM3,0,68.6,FINESTEERING,2437,11577.600,00000000,0000,810;SOL_COMPUTED,NONE,0.000000000,0.000000000,0.000000000,0.0,0.000000000,0.000000000,"",0,0,0,0,0,00,0,0*0d88c694
#HEADINGA,ICOM3,0,68.6,FINESTEERING,2437,11577.800,00000000,0000,810;SOL_COMPUTED,NONE,0.000000000,0.000000000,0.000000000,0.0,0.000000000,0.000000000,"",0,0,0,0,0,00,0,0*b08d84c3
#HEADINGA,ICOM3,0,68.6,FINESTEERING,2437,11578.000,00000000,0000,810;SOL_COMPUTED,NONE,0.000000000,0.000000000,0.000000000,0.0,0.000000000,0.000000000,"",0,0,0,0,0,00,0,0*e4a3dc07
#HEADINGA,ICOM3,0,68.6,FINESTEERING,2437,11578.200,00000000,0000,810;SOL_COMPUTED,NONE,0.000000000,0.000000000,0.000000000,0.0,0.000000000,0.000000000,"",0,0,0,0,0,00,0,0*5182c540
#HEADINGA,ICOM3,0,70.5,FINESTEERING,2437,11578.400,00000000,0000,810;SOL_COMPUTED,NONE,0.000000000,0.000000000,0.000000000,0.0,0.000000000,0.000000000,"",0,0,0,0,0,00,0,0*e128d0c5
#HEADINGA,ICOM3,0,70.5,FINESTEERING,2437,11578.600,00000000,0000,810;SOL_COMPUTED,NONE,0.000000000,0.000000000,0.000000000,0.0,0.000000000,0.000000000,"",0,0,0,0,0,00,0,0*5409c982
#HEADINGA,ICOM3,0,70.5,FINESTEERING,2437,11578.800,00000000,0000,810;SOL_COMPUTED,NONE,0.000000000,0.000000000,0.000000000,0.0,0.000000000,0.000000000,"",0,0,0,0,0,00,0,0*e90c8bd5
#HEADINGA,ICOM3,0,70.5,FINESTEERING,2437,11579.000,00000000,0000,810;SOL_COMPUTED,NONE,0.000000000,0.000000000,0.000000000,0.0,0.000000000,0.000000000,"",0,0,0,0,0,00,0,0*d00a853b
#HEADINGA,ICOM3,0,70.5,FINESTEERING,2437,11579.200,00000000,0000,810;SOL_COMPUTED,NONE,0.000000000,0.000000000,0.000000000,0.0,0.000000000,0.000000000,"",0,0,0,0,0,00,0,0*652b9c7c
#HEADINGA,ICOM3,0,69.5,FINESTEERING,2437,11579.400,00000000,0000,810;SOL_COMPUTED,NONE,0.000000000,0.000000000,0.000000000,0.0,0.000000000,0.000000000,"",0,0,0,0,0,00,0,0*7db051b4
#HEADINGA,ICOM3,0,69.5,FINESTEERING,2437,11579.600,00000000,0000,810;SOL_COMPUTED,NONE,0.000000000,0.000000000,0.000000000,0.0,0.000000000,0.000000000,"",0,0,0,0,0,00,0,0*c89148f3
#HEADINGA,ICOM3,0,69.5,FINESTEERING,2437,11579.800,00000000,0000,810;SOL_COMPUTED,NONE,0.000000000,0.000000000,0.000000000,0.0,0.000000000,0.000000000,"",0,0,0,0,0,00,0,0*75940aa4
#HEADINGA,ICOM3,0,69.5,FINESTEERING,2437,11580.000,00000000,0000,810;SOL_COMPUTED,NONE,0.000000000,0.000000000,0.000000000,0.0,0.000000000,0.000000000,"",0,0,0,0,0,00,0,0*1db7e89f
#HEADINGA,ICOM3,0,69.5,FINESTEERING,2437,11580.200,00000000,0000,810;SOL_COMPUTED,NONE,0.000000000,0.000000000,0.000000000,0.0,0.000000000,0.000000000,"",0,0,0,0,0,00,0,0*a896f1d8
#HEADINGA,ICOM3,0,73.4,FINESTEERING,2437,11580.400,00000000,0000,810;SOL_COMPUTED,NONE,0.000000000,0.000000000,0.000000000,0.0,0.000000000,0.000000000,"",0,0,0,0,0,00,0,0*d18cf27e
#HEADINGA,ICOM3,0,73.4,FINESTEERING,2437,11580.600,00000000,0000,810;SOL_COMPUTED,NONE,0.000000000,0.000000000,0.000000000,0.0,0.000000000,0.000000000,"",0,0,0,0,0,00,0,0*64adeb39
#HEADINGA,ICOM3,0,73.4,FINESTEERING,2437,11580.800,00000000,0000,810;SOL_COMPUTED,NONE,0.000000000,0.000000000,0.000000000,0.0,0.000000000,0.000000000,"",0,0,0,0,0,00,0,0*d9a8a96e
#HEADINGA,ICOM3,0,73.4,FINESTEERING,2437,11581.000,00000000,0000,810;SOL_COMPUTED,NONE,0.000000000,0.000000000,0.000000000,0.0,0.000000000,0.000000000,"",0,0,0,0,0,00,0,0*e0aea780
#HEADINGA,ICOM3,0,73.4,FINESTEERING,2437,11581.200,00000000,0000,810;SOL_COMPUTED,NONE,0.000000000,0.000000000,0.000000000,0.0,0.000000000,0.000000000,"",0,0,0,0,0,00,0,0*558fbec7
#HEADINGA,ICOM3,0,74.0,FINESTEERING,2437,11581.400,00000000,0000,810;SOL_COMPUTED,NONE,0.000000000,0.000000000,0.000000000,0.0,0.000000000,0.000000000,"",0,0,0,0,0,00,0,0*68a5df18
#HEADINGA,ICOM3,0,74.0,FINESTEERING,2437,11581.600,00000000,0000,810;SOL_COMPUTED,NONE,0.000000000,0.000000000,0.000000000,0.0,0.000000000,0.000000000,"",0,0,0,0,0,00,0,0*dd84c65f
#HEADINGA,ICOM3,0,74.0,FINESTEERING,2437,11581.800,00000000,0000,810;SOL_COMPUTED,NONE,0.000000000,0.000000000,0.000000000,0.0,0.000000000,0.000000000,"",0,0,0,0,0,00,0,0*60818408
#HEADINGA,ICOM3,0,74.0,FINESTEERING,2437,11582.000,00000000,0000,810;SOL_COMPUTED,NONE,0.000000000,0.000000000,0.000000000,0.0,0.000000000,0.000000000,"",0,0,0,0,0,00,0,0*82d44ec5
#HEADINGA,ICOM3,0,74.0,FINESTEERING,2437,11582.200,00000000,0000,810;SOL_COMPUTED,NONE,0.000000000,0.000000000,0.000000000,0.0,0.000000000,0.000000000,"",0,0,0,0,0,00,0,0*37f55782
#HEADINGA,ICOM3,0,75.1,FINESTEERING,2437,11582.400,00000000,0000,810;SOL_COMPUTED,NONE,0.000000000,0.000000000,0.000000000,0.0,0.000000000,0.000000000,"",0,0,0,0,0,00,0,0*ba87f23b
#HEADINGA,ICOM3,0,75.1,FINESTEERING,2437,11582.600,00000000,0000,810;SOL_COMPUTED,NONE,0.000000000,0.000000000,0.000000000,0.0,0.000000000,0.000000000,"",0,0,0,0,0,00,0,0*0fa6eb7c
#HEADINGA,ICOM3,0,75.1,FINESTEERING,2437,11582.800,00000000,0000,810;SOL_COMPUTED,NONE,0.000000000,0.000000000,0.000000000,0.0,0.000000000,0.000000000,"",0,0,0,0,0,00,0,0*b2a3a92b
#HEADINGA,ICOM3,0,75.1,FINESTEERING,2437,11583.000,00000000,0000,810;SOL_COMPUTED,NONE,0.000000000,0.000000000,0.000000000,0.0,0.000000000,0.000000000,"",0,0,0,0,0,00,0,0*8ba5a7c5
#HEADINGA,ICOM3,0,75.1,FINESTEERING,2437,11583.200,00000000,0000,810;SOL_COMPUTED,NONE,0.000000000,0.000000000,0.000000000,0.0,0.000000000,0.000000000,"",0,0,0,0,0,00,0,0*3e84be82
#HEADINGA,ICOM3,0,74.5,FINESTEERING,2437,11583.400,00000000,0000,810;SOL_COMPUTED,NONE,0.000000000,0.000000000,0.000000000,0.0,0.000000000,0.000000000,"",0,0,0,0,0,00,0,0*e1fc13fd
#HEADINGA,ICOM3,0,74.5,FINESTEERING,2437,11583.600,00000000,0000,810;SOL_COMPUTED,NONE,0.000000000,0.000000000,0.000000000,0.0,0.000000000,0.000000000,"",0,0,0,0,0,00,0,0*54dd0aba
#HEADINGA,ICOM3,0,74.5,FINESTEERING,2437,11583.800,00000000,0000,810;SOL_COMPUTED,NONE,0.000000000,0.000000000,0.000000000,0.0,0.000000000,0.000000000,"",0,0,0,0,0,00,0,0*e9d848ed
#HEADINGA,ICOM3,0,74.5,FINESTEERING,2437,11584.000,00000000,0000,810;SOL_COMPUTED,NONE,0.000000000,0.000000000,0.000000000,0.0,0.000000000,0.000000000,"",0,0,0,0,0,00,0,0*665b0c27
#HEADINGA,ICOM3,0,74.5,FINESTEERING,2437,11584.200,00000000,0000,810;SOL_COMPUTED,NONE,0.000000000,0.000000000,0.000000000,0.0,0.000000000,0.000000000,"",0,0,0,0,0,00,0,0*d37a1560
#HEADINGA,ICOM3,0,73.8,FINESTEERING,2437,11584.400,00000000,0000,810;SOL_COMPUTED,NONE,0.000000000,0.000000000,0.000000000,0.0,0.000000000,0.000000000,"",0,0,0,0,0,00,0,0*7bbd9d71
#HEADINGA,ICOM3,0,73.8,FINESTEERING,2437,11584.600,00000000,0000,810;SOL_COMPUTED,NONE,0.000000000,0.000000000,0.000000000,0.0,0.000000000,0.000000000,"",0,0,0,0,0,00,0,0*ce9c8436
#HEADINGA,ICOM3,0,73.8,FINESTEERING,2437,11584.800,00000000,0000,810;SOL_COMPUTED,NONE,0.000000000,0.000000000,0.000000000,0.0,0.000000000,0.000000000,"",0,0,0,0,0,00,0,0*7399c661
#HEADINGA,ICOM3,0,73.8,FINESTEERING,2437,11585.000,00000000,0000,810;SOL_COMPUTED,NONE,0.000000000,0.000000000,0.000000000,0.0,0.000000000,0.000000000,"",0,0,0,0,0,00,0,0*4a9fc88f
#HEADINGA,ICOM3,0,73.8,FINESTEERING,2437,11585.200,00000000,0000,810;SOL_COMPUTED,NONE,0.000000000,0.000000000,0.000000000,0.0,0.000000000,0.000000000,"",0,0,0,0,0,00,0,0*ffbed1c8
#HEADINGA,ICOM3,0,75.1,FINESTEERING,2437,11585.400,00000000,0000,810;SOL_COMPUTED,NONE,0.000000000,0.000000000,0.000000000,0.0,0.000000000,0.000000000,"",0,0,0,0,0,00,0,0*8c13d92e
#HEADINGA,ICOM3,0,75.1,FINESTEERING,2437,11585.600,00000000,0000,810;SOL_COMPUTED,NONE,0.000000000,0.000000000,0.000000000,0.0,0.000000000,0.000000000,"",0,0,0,0,0,00,0,0*3932c069
#HEADINGA,ICOM3,0,75.1,FINESTEERING,2437,11585.800,00000000,0000,810;SOL_COMPUTED,NONE,0.000000000,0.000000000,0.000000000,0.0,0.000000000,0.000000000,"",0,0,0,0,0,00,0,0*8437823e
#HEADINGA,ICOM3,0,75.1,FINESTEERING,2437,11586.000,00000000,0000,810;SOL_COMPUTED,NONE,0.000000000,0.000000000,0.000000000,0.0,0.000000000,0.000000000,"",0,0,0,0,0,00,0,0*666248f3
#HEADINGA,ICOM3,0,75.1,FINESTEERING,2437,11586.200,00000000,0000,810;SOL_COMPUTED,NONE,0.000000000,0.000000000,0.000000000,0.0,0.000000000,0.000000000,"",0,0,0,0,0,00,0,0*d34351b4
#HEADINGA,ICOM3,0,73.9,FINESTEERING,2437,11586.400,00000000,0000,810;SOL_COMPUTED,NONE,0.000000000,0.000000000,0.000000000,0.0,0.000000000,0.000000000,"",0,0,0,0,0,00,0,0*b046f16c
#HEADINGA,ICOM3,0,73.9,FINESTEERING,2437,11586.600,00000000,0000,810;SOL_COMPUTED,NONE,0.000000000,0.000000000,0.000000000,0.0,0.000000000,0.000000000,"",0,0,0,0,0,00,0,0*0567e82b
#HEADINGA,ICOM3,0,73.9,FINESTEERING,2437,11586.800,00000000,0000,810;SOL_COMPUTED,NONE,0.000000000,0.000000000,0.000000000,0.0,0.000000000,0.000000000,"",0,0,0,0,0,00,0,0*b862aa7c
#HEADINGA,ICOM3,0,73.9,FINESTEERING,2437,11587.000,00000000,0000,810;SOL_COMPUTED,NONE,0.000000000,0.000000000,0.000000000,0.0,0.000000000,0.000000000,"",0,0,0,0,0,00,0,0*8164a492
#HEADINGA,ICOM3,0,73.9,FINESTEERING,2437,11587.200,00000000,0000,810;SOL_COMPUTED,NONE,0.000000000,0.000000000,0.000000000,0.0,0.000000000,0.000000000,"",0,0,0,0,0,00,0,0*3445bdd5
#HEADINGA,ICOM3,0,74.5,FINESTEERING,2437,11587.400,00000000,0000,810;SOL_COMPUTED,NONE,0.000000000,0.000000000,0.000000000,0.0,0.000000000,0.000000000,"",0,0,0,0,0,00,0,0*8c2a9dfa
#HEADINGA,ICOM3,0,74.5,FINESTEERING,2437,11587.600,00000000,0000,810;SOL_COMPUTED,NONE,0.000000000,0.000000000,0.000000000,0.0,0.000000000,0.000000000,"",0,0,0,0,0,00,0,0*390b84bd
#HEADINGA,ICOM3,0,74.5,FINESTEERING,2437,11587.800,00000000,0000,810;SOL_COMPUTED,NONE,0.000000000,0.000000000,0.000000000,0.0,0.000000000,0.000000000,"",0,0,0,0,0,00,0,0*840ec6ea
#HEADINGA,ICOM3,0,74.5,FINESTEERING,2437,11588.000,00000000,0000,810;SOL_COMPUTED,NONE,0.000000000,0.000000000,0.000000000,0.0,0.000000000,0.000000000,"",0,0,0,0,0,00,0,0*d0209e2e
#HEADINGA,ICOM3,0,74.5,FINESTEERING,2437,11588.200,00000000,0000,810;SOL_COMPUTED,NONE,0.000000000,0.000000000,0.000000000,0.0,0.000000000,0.000000000,"",0,0,0,0,0,00,0,0*65018769
#HEADINGA,ICOM3,0,75.1,FINESTEERING,2437,11588.400,00000000,0000,810;SOL_COMPUTED,NONE,0.000000000,0.000000000,0.000000000,0.0,0.000000000,0.000000000,"",0,0,0,0,0,00,0,0*ba792a16
#HEADINGA,ICOM3,0,75.1,FINESTEERING,2437,11588.600,00000000,0000,810;SOL_COMPUTED,NONE,0.000000000,0.000000000,0.000000000,0.0,0.000000000,0.000000000,"",0,0,0,0,0,00,0,0*0f583351
#HEADINGA,ICOM3,0,75.1,FINESTEERING,2437,11588.800,00000000,0000,810;SOL_COMPUTED,NONE,0.000000000,0.000000000,0.000000000,0.0,0.000000000,0.000000000,"",0,0,0,0,0,00,0,0*b25d7106
#HEADINGA,ICOM3,0,75.1,FINESTEERING,2437,11589.000,00000000,0000,810;SOL_COMPUTED,NONE,0.000000000,0.000000000,0.000000000,0.0,0.000000000,0.000000000,"",0,0,0,0,0,00,0,0*8b5b7fe8
#HEADINGA,ICOM3,0,75.1,FINESTEERING,2437,11589.200,00000000,0000,810;SOL_COMPUTED,NONE,0.000000000,0.000000000,0.000000000,0.0,0.000000000,0.000000000,"",0,0,0,0,0,00,0,0*3e7a66af
#HEADINGA,ICOM3,0,74.1,FINESTEERING,2437,11589.400,00000000,0000,810;SOL_COMPUTED,NONE,0.000000000,0.000000000,0.000000000,0.0,0.000000000,0.000000000,"",0,0,0,0,0,00,0,0*a3a06b28
#HEADINGA,ICOM3,0,74.1,FINESTEERING,2437,11589.600,00000000,0000,810;SOL_COMPUTED,NONE,0.000000000,0.000000000,0.000000000,0.0,0.000000000,0.000000000,"",0,0,0,0,0,00,0,0*1681726f
#HEADINGA,ICOM3,0,74.1,FINESTEERING,2437,11589.800,00000000,0000,810;SOL_COMPUTED,NONE,0.000000000,0.000000000,0.000000000,0.0,0.000000000,0.000000000,"",0,0,0,0,0,00,0,0*ab843038
#HEADINGA,ICOM3,0,74.1,FINESTEERING,2437,11590.000,00000000,0000,810;SOL_COMPUTED,NONE,0.000000000,0.000000000,0.000000000,0.0,0.000000000,0.000000000,"",0,0,0,0,0,00,0,0*18713383
#HEADINGA,ICOM3,0,74.1,FINESTEERING,2437,11590.200,00000000,0000,810;SOL_COMPUTED,NONE,0.000000000,0.000000000,0.000000000,0.0,0.000000000,0.000000000,"",0,0,0,0,0,00,0,0*ad502ac4
#HEADINGA,ICOM3,0,74.0,FINESTEERING,2437,11590.400,00000000,0000,810;SOL_COMPUTED,NONE,0.000000000,0.000000000,0.000000000,0.0,0.000000000,0.000000000,"",0,0,0,0,0,00,0,0*b9eaaf72
#HEADINGA,ICOM3,0,74.0,FINESTEERING,2437,11590.600,00000000,0000,810;SOL_COMPUTED,NONE,0.000000000,0.000000000,0.000000000,0.0,0.000000000,0.000000000,"",0,0,0,0,0,00,0,0*0ccbb635
#HEADINGA,ICOM3,0,74.0,FINESTEERING,2437,11590.800,00000000,0000,810;SOL_COMPUTED,NONE,0.000000000,0.000000000,0.000000000,0.0,0.000000000,0.000000000,"",0,0,0,0,0,00,0,0*b1cef462
#HEADINGA,ICOM3,0,74.0,FINESTEERING,2437,11591.000,00000000,0000,810;SOL_COMPUTED,NONE,0.000000000,0.000000000,0.000000000,0.0,0.000000000,0.000000000,"",0,0,0,0,0,00,0,0*88c8fa8c
#HEADINGA,ICOM3,0,74.0,FINESTEERING,2437,11591.200,00000000,0000,810;SOL_COMPUTED,NONE,0.000000000,0.000000000,0.000000000,0.0,0.000000000,0.000000000,"",0,0,0,0,0,00,0,0*3de9e3cb
#HEADINGA,ICOM3,0,73.7,FINESTEERING,2437,11591.400,00000000,0000,810;SOL_COMPUTED,NONE,0.000000000,0.000000000,0.000000000,0.0,0.000000000,0.000000000,"",0,0,0,0,0,00,0,0*313a7a56
#HEADINGA,ICOM3,0,73.7,FINESTEERING,2437,11591.600,00000000,0000,810;SOL_COMPUTED,NONE,0.000000000,0.000000000,0.000000000,0.0,0.000000000,0.000000000,"",0,0,0,0,0,00,0,0*841b6311
#HEADINGA,ICOM3,0,73.7,FINESTEERING,2437,11591.800,00000000,0000,810;SOL_COMPUTED,NONE,0.000000000,0.000000000,0.000000000,0.0,0.000000000,0.000000000,"",0,0,0,0,0,00,0,0*391e2146
#HEADINGA,ICOM3,0,73.7,FINESTEERING,2437,11592.000,00000000,0000,810;SOL_COMPUTED,NONE,0.000000000,0.000000000,0.000000000,0.0,0.000000000,0.000000000,"",0,0,0,0,0,00,0,0*db4beb8b
#HEADINGA,ICOM3,0,73.7,FINESTEERING,2437,11592.200,00000000,0000,810;SOL_COMPUTED,NONE,0.000000000,0.000000000,0.000000000,0.0,0.000000000,0.000000000,"",0,0,0,0,0,00,0,0*6e6af2cc
#HEADINGA,ICOM3,0,72.8,FINESTEERING,2437,11592.400,00000000,0000,810;SOL_COMPUTED,NONE,0.000000000,0.000000000,0.000000000,0.0,0.000000000,0.000000000,"",0,0,0,0,0,00,0,0*05aee601
#HEADINGA,ICOM3,0,72.8,FINESTEERING,2437,11592.600,00000000,0000,810;SOL_COMPUTED,NONE,0.000000000,0.000000000,0.000000000,0.0,0.000000000,0.000000000,"",0,0,0,0,0,00,0,0*b08fff46
#HEADINGA,ICOM3,0,72.8,FINESTEERING,2437,11592.800,00000000,0000,810;SOL_COMPUTED,NONE,0.000000000,0.000000000,0.000000000,0.0,0.000000000,0.000000000,"",0,0,0,0,0,00,0,0*0d8abd11
#HEADINGA,ICOM3,0,72.8,FINESTEERING,2437,11593.000,00000000,0000,810;SOL_COMPUTED,NONE,0.000000000,0.000000000,0.000000000,0.0,0.000000000,0.000000000,"",0,0,0,0,0,00,0,0*348cb3ff
#HEADINGA,ICOM3,0,72.8,FINESTEERING,2437,11593.200,00000000,0000,810;SOL_COMPUTED,NONE,0.000000000,0.000000000,0.000000000,0.0,0.000000000,0.000000000,"",0,0,0,0,0,00,0,0*81adaab8
#HEADINGA,ICOM3,0,73.6,FINESTEERING,2437,11593.400,00000000,0000,810;SOL_COMPUTED,NONE,0.000000000,0.000000000,0.000000000,0.0,0.000000000,0.000000000,"",0,0,0,0,0,00,0,0*fac1164b
#HEADINGA,ICOM3,0,73.6,FINESTEERING,2437,11593.600,00000000,0000,810;SOL_COMPUTED,NONE,0.000000000,0.000000000,0.000000000,0.0,0.000000000,0.000000000,"",0,0,0,0,0,00,0,0*4fe00f0c
#HEADINGA,ICOM3,0,73.6,FINESTEERING,2437,11593.800,00000000,0000,810;SOL_COMPUTED,NONE,0.000000000,0.000000000,0.000000000,0.0,0.000000000,0.000000000,"",0,0,0,0,0,00,0,0*f2e54d5b
#HEADINGA,ICOM3,0,73.6,FINESTEERING,2437,11594.000,00000000,0000,810;SOL_COMPUTED,NONE,0.000000000,0.000000000,0.000000000,0.0,0.000000000,0.000000000,"",0,0,0,0,0,00,0,0*7d660991
#HEADINGA,ICOM3,0,73.6,FINESTEERING,2437,11594.200,00000000,0000,810;SOL_COMPUTED,NONE,0.000000000,0.000000000,0.000000000,0.0,0.000000000,0.000000000,"",0,0,0,0,0,00,0,0*c84710d6
#HEADINGA,ICOM3,0,73.6,FINESTEERING,2437,11594.400,00000000,0000,810;SOL_COMPUTED,NONE,0.000000000,0.000000000,0.000000000,0.0,0.000000000,0.000000000,"",0,0,0,0,0,00,0,0*cc553d5e
#HEADINGA,ICOM3,0,73.6,FINESTEERING,2437,11594.600,00000000,0000,810;SOL_COMPUTED,NONE,0.000000000,0.000000000,0.000000000,0.0,0.000000000,0.000000000,"",0,0,0,0,0,00,0,0*79742419
#HEADINGA,ICOM3,0,73.6,FINESTEERING,2437,11594.800,00000000,0000,810;SOL_COMPUTED,NONE,0.000000000,0.000000000,0.000000000,0.0,0.000000000,0.000000000,"",0,0,0,0,0,00,0,0*c471664e
#HEADINGA,ICOM3,0,73.6,FINESTEERING,2437,11595.000,00000000,0000,810;SOL_COMPUTED,NONE,0.000000000,0.000000000,0.000000000,0.0,0.000000000,0.000000000,"",0,0,0,0,0,00,0,0*fd7768a0
#HEADINGA,ICOM3,0,73.6,FINESTEERING,2437,11595.200,00000000,0000,810;SOL_COMPUTED,NONE,0.000000000,0.000000000,0.000000000,0.0,0.000000000,0.000000000,"",0,0,0,0,0,00,0,0*485671e7
#HEADINGA,ICOM3,0,74.1,FINESTEERING,2437,11595.400,00000000,0000,810;SOL_COMPUTED,NONE,0.000000000,0.000000000,0.000000000,0.0,0.000000000,0.000000000,"",0,0,0,0,0,00,0,0*4485e87a
#HEADINGA,ICOM3,0,74.1,FINESTEERING,2437,11595.600,00000000,0000,810;SOL_COMPUTED,NONE,0.000000000,0.000000000,0.000000000,0.0,0.000000000,0.000000000,"",0,0,0,0,0,00,0,0*f1a4f13d
#HEADINGA,ICOM3,0,74.1,FINESTEERING,2437,11595.800,00000000,0000,810;SOL_COMPUTED,NONE,0.000000000,0.000000000,0.000000000,0.0,0.000000000,0.000000000,"",0,0,0,0,0,00,0,0*4ca1b36a
#HEADINGA,ICOM3,0,74.1,FINESTEERING,2437,11596.000,00000000,0000,810;SOL_COMPUTED,NONE,0.000000000,0.000000000,0.000000000,0.0,0.000000000,0.000000000,"",0,0,0,0,0,00,0,0*aef479a7
#HEADINGA,ICOM3,0,74.1,FINESTEERING,2437,11596.200,00000000,0000,810;SOL_COMPUTED,NONE,0.000000000,0.000000000,0.000000000,0.0,0.000000000,0.000000000,"",0,0,0,0,0,00,0,0*1bd560e0
#HEADINGA,ICOM3,0,73.8,FINESTEERING,2437,11596.400,00000000,0000,810;SOL_COMPUTED,NONE,0.000000000,0.000000000,0.000000000,0.0,0.000000000,0.000000000,"",0,0,0,0,0,00,0,0*f1b04809
#HEADINGA,ICOM3,0,73.8,FINESTEERING,2437,11596.600,00000000,0000,810;SOL_COMPUTED,NONE,0.000000000,0.000000000,0.000000000,0.0,0.000000000,0.000000000,"",0,0,0,0,0,00,0,0*4491514e
#HEADINGA,ICOM3,0,73.8,FINESTEERING,2437,11596.800,00000000,0000,810;SOL_COMPUTED,NONE,0.000000000,0.000000000,0.000000000,0.0,0.000000000,0.000000000,"",0,0,0,0,0,00,0,0*f9941319
#HEADINGA,ICOM3,0,73.8,FINESTEERING,2437,11597.000,00000000,0000,810;SOL_COMPUTED,NONE,0.000000000,0.000000000,0.000000000,0.0,0.000000000,0.000000000,"",0,0,0,0,0,00,0,0*c0921df7
#HEADINGA,ICOM3,0,73.8,FINESTEERING,2437,11597.200,00000000,0000,810;SOL_COMPUTED,NONE,0.000000000,0.000000000,0.000000000,0.0,0.000000000,0.000000000,"",0,0,0,0,0,00,0,0*75b304b0
#HEADINGA,ICOM3,0,73.5,FINESTEERING,2437,11597.400,00000000,0000,810;SOL_COMPUTED,NONE,0.000000000,0.000000000,0.000000000,0.0,0.000000000,0.000000000,"",0,0,0,0,0,00,0,0*a6ee600e
#HEADINGA,ICOM3,0,73.5,FINESTEERING,2437,11597.600,00000000,0000,810;SOL_COMPUTED,NONE,0.000000000,0.000000000,0.000000000,0.0,0.000000000,0.000000000,"",0,0,0,0,0,00,0,0*13cf7949
#HEADINGA,ICOM3,0,73.5,FINESTEERING,2437,11597.800,00000000,0000,810;SOL_COMPUTED,NONE,0.000000000,0.000000000,0.000000000,0.0,0.000000000,0.000000000,"",0,0,0,0,0,00,0,0*aeca3b1e
#HEADINGA,ICOM3,0,73.5,FINESTEERING,2437,11598.000,00000000,0000,810;SOL_COMPUTED,NONE,0.000000000,0.000000000,0.000000000,0.0,0.000000000,0.000000000,"",0,0,0,0,0,00,0,0*fae463da
#HEADINGA,ICOM3,0,73.5,FINESTEERING,2437,11598.200,00000000,0000,810;SOL_COMPUTED,NONE,0.000000000,0.000000000,0.000000000,0.0,0.000000000,0.000000000,"",0,0,0,0,0,00,0,0*4fc57a9d
#HEADINGA,ICOM3,0,73.6,FINESTEERING,2437,11598.400,00000000,0000,810;SOL_COMPUTED,NONE,0.000000000,0.000000000,0.000000000,0.0,0.000000000,0.000000000,"",0,0,0,0,0,00,0,0*7a2eaf57
#HEADINGA,ICOM3,0,73.6,FINESTEERING,2437,11598.600,00000000,0000,810;SOL_COMPUTED,NONE,0.000000000,0.000000000,0.000000000,0.0,0.000000000,0.000000000,"",0,0,0,0,0,00,0,0*cf0fb610
#HEADINGA,ICOM3,0,73.6,FINESTEERING,2437,11598.800,00000000,0000,810;SOL_COMPUTED,NONE,0.000000000,0.000000000,0.000000000,0.0,0.000000000,0.000000000,"",0,0,0,0,0,00,0,0*720af447
#HEADINGA,ICOM3,0,73.6,FINESTEERING,2437,11599.000,00000000,0000,810;SOL_COMPUTED,NONE,0.000000000,0.000000000,0.000000000,0.0,0.000000000,0.000000000,"",0,0,0,0,0,00,0,0*4b0cfaa9
#HEADINGA,ICOM3,0,73.6,FINESTEERING,2437,11599.200,00000000,0000,810;SOL_COMPUTED,NONE,0.000000000,0.000000000,0.000000000,0.0,0.000000000,0.000000000,"",0,0,0,0,0,00,0,0*fe2de3ee
#HEADINGA,ICOM3,0,75.3,FINESTEERING,2437,11599.400,00000000,0000,810;SOL_COMPUTED,NONE,0.000000000,0.000000000,0.000000000,0.0,0.000000000,0.000000000,"",0,0,0,0,0,00,0,0*4a670a00
#HEADINGA,ICOM3,0,75.3,FINESTEERING,2437,11599.600,00000000,0000,810;SOL_COMPUTED,NONE,0.000000000,0.000000000,0.000000000,0.0,0.000000000,0.000000000,"",0,0,0,0,0,00,0,0*ff461347
#HEADINGA,ICOM3,0,75.3,FINESTEERING,2437,11599.800,00000000,0000,810;SOL_COMPUTED,NONE,0.000000000,0.000000000,0.000000000,0.0,0.000000000,0.000000000,"",0,0,0,0,0,00,0,0*42435110
#HEADINGA,ICOM3,0,75.3,FINESTEERING,2437,11600.000,00000000,0000,810;SOL_COMPUTED,NONE,0.000000000,0.000000000,0.000000000,0.0,0.000000000,0.000000000,"",0,0,0,0,0,00,0,0*c89dae46
#HEADINGA,ICOM3,0,75.3,FINESTEERING,2437,11600.200,00000000,0000,810;SOL_COMPUTED,NONE,0.000000000,0.000000000,0.000000000,0.0,0.000000000,0.000000000,"",0,0,0,0,0,00,0,0*7dbcb701
#HEADINGA,ICOM3,0,74.0,FINESTEERING,2437,11600.400,00000000,0000,810;SOL_COMPUTED,NONE,0.000000000,0.000000000,0.000000000,0.0,0.000000000,0.000000000,"",0,0,0,0,0,00,0,0*d19f42c4
#HEADINGA,ICOM3,0,74.0,FINESTEERING,2437,11600.600,00000000,0000,810;SOL_COMPUTED,NONE,0.000000000,0.000000000,0.000000000,0.0,0.000000000,0.000000000,"",0,0,0,0,0,00,0,0*64be5b83
#HEADINGA,ICOM3,0,74.0,FINESTEERING,2437,11600.800,00000000,0000,810;SOL_COMPUTED,NONE,0.000000000,0.000000000,0.000000000,0.0,0.000000000,0.000000000,"",0,0,0,0,0,00,0,0*d9bb19d4
#HEADINGA,ICOM3,0,74.0,FINESTEERING,2437,11601.000,00000000,0000,810;SOL_COMPUTED,NONE,0.000000000,0.000000000,0.000000000,0.0,0.000000000,0.000000000,"",0,0,0,0,0,00,0,0*e0bd173a
#HEADINGA,ICOM3,0,74.0,FINESTEERING,2437,11601.200,00000000,0000,810;SOL_COMPUTED,NONE,0.000000000,0.000000000,0.000000000,0.0,0.000000000,0.000000000,"",0,0,0,0,0,00,0,0*559c0e7d
#HEADINGA,ICOM3,0,74.6,FINESTEERING,2437,11601.400,00000000,0000,810;SOL_COMPUTED,NONE,0.000000000,0.000000000,0.000000000,0.0,0.000000000,0.000000000,"",0,0,0,0,0,00,0,0*327dd371
#HEADINGA,ICOM3,0,74.6,FINESTEERING,2437,11601.600,00000000,0000,810;SOL_COMPUTED,NONE,0.000000000,0.000000000,0.000000000,0.0,0.000000000,0.000000000,"",0,0,0,0,0,00,0,0*875cca36
#HEADINGA,ICOM3,0,74.6,FINESTEERING,2437,11601.800,00000000,0000,810;SOL_COMPUTED,NONE,0.000000000,0.000000000,0.000000000,0.0,0.000000000,0.000000000,"",0,0,0,0,0,00,0,0*3a598861
#HEADINGA,ICOM3,0,74.6,FINESTEERING,2437,11602.000,00000000,0000,810;SOL_COMPUTED,NONE,0.000000000,0.000000000,0.000000000,0.0,0.000000000,0.000000000,"",0,0,0,0,0,00,0,0*d80c42ac
#HEADINGA,ICOM3,0,74.6,FINESTEERING,2437,11602.200,00000000,0000,810;SOL_COMPUTED,NONE,0.000000000,0.000000000,0.000000000,0.0,0.000000000,0.000000000,"",0,0,0,0,0,00,0,0*6d2d5beb
#HEADINGA,ICOM3,0,75.7,FINESTEERING,2437,11602.400,00000000,0000,810;SOL_COMPUTED,NONE,0.000000000,0.000000000,0.000000000,0.0,0.000000000,0.000000000,"",0,0,0,0,0,00,0,0*e05ffe52
#HEADINGA,ICOM3,0,75.7,FINESTEERING,2437,11602.600,00000000,0000,810;SOL_COMPUTED,NONE,0.000000000,0.000000000,0.000000000,0.0,0.000000000,0.000000000,"",0,0,0,0,0,00,0,0*557ee715
#HEADINGA,ICOM3,0,75.7,FINESTEERING,2437,11602.800,00000000,0000,810;SOL_COMPUTED,NONE,0.000000000,0.000000000,0.000000000,0.0,0.000000000,0.000000000,"",0,0,0,0,0,00,0,0*e87ba542
#HEADINGA,ICOM3,0,75.7,FINESTEERING,2437,11603.000,00000000,0000,810;SOL_COMPUTED,NONE,0.000000000,0.000000000,0.000000000,0.0,0.000000000,0.000000000,"",0,0,0,0,0,00,0,0*d17dabac
#HEADINGA,ICOM3,0,75.7,FINESTEERING,2437,11603.200,00000000,0000,810;SOL_COMPUTED,NONE,0.000000000,0.000000000,0.000000000,0.0,0.000000000,0.000000000,"",0,0,0,0,0,00,0,0*645cb2eb
#HEADINGA,ICOM3,0,76.0,FINESTEERING,2437,11603.400,00000000,0000,810;SOL_COMPUTED,NONE,0.000000000,0.000000000,0.000000000,0.0,0.000000000,0.000000000,"",0,0,0,0,0,00,0,0*623ca189
#HEADINGA,ICOM3,0,76.0,FINESTEERING,2437,11603.600,00000000,0000,810;SOL_COMPUTED,NONE,0.000000000,0.000000000,0.000000000,0.0,0.000000000,0.000000000,"",0,0,0,0,0,00,0,0*d71db8ce
#HEADINGA,ICOM3,0,76.0,FINESTEERING,2437,11603.800,00000000,0000,810;SOL_COMPUTED,NONE,0.000000000,0.000000000,0.000000000,0.0,0.000000000,0.000000000,"",0,0,0,0,0,00,0,0*6a18fa99
#HEADINGA,ICOM3,0,76.0,FINESTEERING,2437,11604.000,00000000,0000,810;SOL_COMPUTED,NONE,0.000000000,0.000000000,0.000000000,0.0,0.000000000,0.000000000,"",0,0,0,0,0,00,0,0*e59bbe53
#HEADINGA,ICOM3,0,76.0,FINESTEERING,2437,11604.200,00000000,0000,810;SOL_COMPUTED,NONE,0.000000000,0.000000000,0.000000000,0.0,0.000000000,0.000000000,"",0,0,0,0,0,00,0,0*50baa714
#HEADINGA,ICOM3,0,74.7,FINESTEERING,2437,11604.400,00000000,0000,810;SOL_COMPUTED,NONE,0.000000000,0.000000000,0.000000000,0.0,0.000000000,0.000000000,"",0,0,0,0,0,00,0,0*cf129479
#HEADINGA,ICOM3,0,74.7,FINESTEERING,2437,11604.600,00000000,0000,810;SOL_COMPUTED,NONE,0.000000000,0.000000000,0.000000000,0.0,0.000000000,0.000000000,"",0,0,0,0,0,00,0,0*7a338d3e
#HEADINGA,ICOM3,0,74.7,FINESTEERING,2437,11604.800,00000000,0000,810;SOL_COMPUTED,NONE,0.000000000,0.000000000,0.000000000,0.0,0.000000000,0.000000000,"",0,0,0,0,0,00,0,0*c736cf69
#HEADINGA,ICOM3,0,74.7,FINESTEERING,2437,11605.000,00000000,0000,810;SOL_COMPUTED,NONE,0.000000000,0.000000000,0.000000000,0.0,0.000000000,0.000000000,"",0,0,0,0,0,00,0,0*fe30c187
#HEADINGA,ICOM3,0,74.7,FINESTEERING,2437,11605.200,00000000,0000,810;SOL_COMPUTED,NONE,0.000000000,0.000000000,0.000000000,0.0,0.000000000,0.000000000,"",0,0,0,0,0,00,0,0*4b11d8c0
#HEADINGA,ICOM3,0,75.8,FINESTEERING,2437,11605.400,00000000,0000,810;SOL_COMPUTED,NONE,0.000000000,0.000000000,0.000000000,0.0,0.000000000,0.000000000,"",0,0,0,0,0,00,0,0*20d5cc0d
#HEADINGA,ICOM3,0,75.8,FINESTEERING,2437,11605.600,00000000,0000,810;SOL_COMPUTED,NONE,0.000000000,0.000000000,0.000000000,0.0,0.000000000,0.000000000,"",0,0,0,0,0,00,0,0*95f4d54a
#HEADINGA,ICOM3,0,75.8,FINESTEERING,2437,11605.800,00000000,0000,810;SOL_COMPUTED,NONE,0.000000000,0.000000000,0.000000000,0.0,0.000000000,0.000000000,"",0,0,0,0,0,00,0,0*28f1971d
#HEADINGA,ICOM3,0,75.8,FINESTEERING,2437,11606.000,00000000,0000,810;SOL_COMPUTED,NONE,0.000000000,0.000000000,0.000000000,0.0,0.000000000,0.000000000,"",0,0,0,0,0,00,0,0*caa45dd0
#HEADINGA,ICOM3,0,75.8,FINESTEERING,2437,11606.200,00000000,0000,810;SOL_COMPUTED,NONE,0.000000000,0.000000000,0.000000000,0.0,0.000000000,0.000000000,"",0,0,0,0,0,00,0,0*7f854497
#HEADINGA,ICOM3,0,74.5,FINESTEERING,2437,11606.400,00000000,0000,810;SOL_COMPUTED,NONE,0.000000000,0.000000000,0.000000000,0.0,0.000000000,0.000000000,"",0,0,0,0,0,00,0,0*35100026
#HEADINGA,ICOM3,0,74.5,FINESTEERING,2437,11606.600,00000000,0000,810;SOL_COMPUTED,NONE,0.000000000,0.000000000,0.000000000,0.0,0.000000000,0.000000000,"",0,0,0,0,0,00,0,0*80311961
#HEADINGA,ICOM3,0,74.5,FINESTEERING,2437,11606.800,00000000,0000,810;SOL_COMPUTED,NONE,0.000000000,0.000000000,0.000000000,0.0,0.000000000,0.000000000,"",0,0,0,0,0,00,0,0*3d345b36
#HEADINGA,ICOM3,0,74.5,FINESTEERING,2437,11607.000,00000000,0000,810;SOL_COMPUTED,NONE,0.000000000,0.000000000,0.000000000,0.0,0.000000000,0.000000000,"",0,0,0,0,0,00,0,0*043255d8
#HEADINGA,ICOM3,0,74.5,FINESTEERING,2437,11607.200,00000000,0000,810;SOL_COMPUTED,NONE,0.000000000,0.000000000,0.000000000,0.0,0.000000000,0.000000000,"",0,0,0,0,0,00,0,0*b1134c9f
#HEADINGA,ICOM3,0,75.8,FINESTEERING,2437,11607.400,00000000,0000,810;SOL_COMPUTED,NONE,0.000000000,0.000000000,0.000000000,0.0,0.000000000,0.000000000,"",0,0,0,0,0,00,0,0*fb86082e
#HEADINGA,ICOM3,0,75.8,FINESTEERING,2437,11607.600,00000000,0000,810;SOL_COMPUTED,NONE,0.000000000,0.000000000,0.000000000,0.0,0.000000000,0.000000000,"",0,0,0,0,0,00,0,0*4ea71169
#HEADINGA,ICOM3,0,75.8,FINESTEERING,2437,11607.800,00000000,0000,810;SOL_COMPUTED,NONE,0.000000000,0.000000000,0.000000000,0.0,0.000000000,0.000000000,"",0,0,0,0,0,00,0,0*f3a2533e
#HEADINGA,ICOM3,0,75.8,FINESTEERING,2437,11608.000,00000000,0000,810;SOL_COMPUTED,NONE,0.000000000,0.000000000,0.000000000,0.0,0.000000000,0.000000000,"",0,0,0,0,0,00,0,0*a78c0bfa
#HEADINGA,ICOM3,0,75.8,FINESTEERING,2437,11608.200,00000000,0000,810;SOL_COMPUTED,NONE,0.000000000,0.000000000,0.000000000,0.0,0.000000000,0.000000000,"",0,0,0,0,0,00,0,0*12ad12bd
#HEADINGA,ICOM3,0,71.5,FINESTEERING,2437,11608.400,00000000,0000,810;SOL_COMPUTED,NONE,0.000000000,0.000000000,0.000000000,0.0,0.000000000,0.000000000,"",0,0,0,0,0,00,0,0*cb43fcfc
#HEADINGA,ICOM3,0,71.5,FINESTEERING,2437,11608.600,00000000,0000,810;SOL_COMPUTED,NONE,0.000000000,0.000000000,0.000000000,0.0,0.000000000,0.000000000,"",0,0,0,0,0,00,0,0*7e62e5bb
#HEADINGA,ICOM3,0,71.5,FINESTEERING,2437,11608.800,00000000,0000,810;SOL_COMPUTED,NONE,0.000000000,0.000000000,0.000000000,0.0,0.000000000,0.000000000,"",0,0,0,0,0,00,0,0*c367a7ec
#HEADINGA,ICOM3,0,71.5,FINESTEERING,2437,11609.000,00000000,0000,810;SOL_COMPUTED,NONE,0.000000000,0.000000000,0.000000000,0.0,0.000000000,0.000000000,"",0,0,0,0,0,00,0,0*fa61a902
#HEADINGA,ICOM3,0,71.5,FINESTEERING,2437,11609.200,00000000,0000,810;SOL_COMPUTED,NONE,0.000000000,0.000000000,0.000000000,0.0,0.000000000,0.000000000,"",0,0,0,0,0,00,0,0*4f40b045
#HEADINGA,ICOM3,0,73.8,FINESTEERING,2437,11609.400,00000000,0000,810;SOL_COMPUTED,NONE,0.000000000,0.000000000,0.000000000,0.0,0.000000000,0.000000000,"",0,0,0,0,0,00,0,0*74fc92a4
#HEADINGA,ICOM3,0,73.8,FINESTEERING,2437,11609.600,00000000,0000,810;SOL_COMPUTED,NONE,0.000000000,0.000000000,0.000000000,0.0,0.000000000,0.000000000,"",0,0,0,0,0,00,0,0*c1dd8be3
#HEADINGA,ICOM3,0,73.8,FINESTEERING,2437,11609.800,00000000,0000,810;SOL_COMPUTED,NONE,0.000000000,0.000000000,0.000000000,0.0,0.000000000,0.000000000,"",0,0,0,0,0,00,0,0*7cd8c9b4
#HEADINGA,ICOM3,0,73.8,FINESTEERING,2437,11610.000,00000000,0000,810;SOL_COMPUTED,NONE,0.000000000,0.000000000,0.000000000,0.0,0.000000000,0.000000000,"",0,0,0,0,0,00,0,0*cf2dca0f
#HEADINGA,ICOM3,0,73.8,FINESTEERING,2437,11610.200,00000000,0000,810;SOL_COMPUTED,NONE,0.000000000,0.000000000,0.000000000,0.0,0.000000000,0.000000000,"",0,0,0,0,0,00,0,0*7a0cd348
#HEADINGA,ICOM3,0,71.5,FINESTEERING,2437,11610.400,00000000,0000,810;SOL_COMPUTED,NONE,0.000000000,0.000000000,0.000000000,0.0,0.000000000,0.000000000,"",0,0,0,0,0,00,0,0*41b0f1a9
#HEADINGA,ICOM3,0,71.5,FINESTEERING,2437,11610.600,00000000,0000,810;SOL_COMPUTED,NONE,0.000000000,0.000000000,0.000000000,0.0,0.000000000,0.000000000,"",0,0,0,0,0,00,0,0*f491e8ee
#HEADINGA,ICOM3,0,71.5,FINESTEERING,2437,11610.800,00000000,0000,810;SOL_COMPUTED,NONE,0.000000000,0.000000000,0.000000000,0.0,0.000000000,0.000000000,"",0,0,0,0,0,00,0,0*4994aab9
#HEADINGA,ICOM3,0,71.5,FINESTEERING,2437,11611.000,00000000,0000,810;SOL_COMPUTED,NONE,0.000000000,0.000000000,0.000000000,0.0,0.000000000,0.000000000,"",0,0,0,0,0,00,0,0*7092a457
#HEADINGA,ICOM3,0,71.5,FINESTEERING,2437,11611.200,00000000,0000,810;SOL_COMPUTED,NONE,0.000000000,0.000000000,0.000000000,0.0,0.000000000,0.000000000,"",0,0,0,0,0,00,0,0*c5b3bd10
#HEADINGA,ICOM3,0,72.5,FINESTEERING,2437,11611.400,00000000,0000,810;SOL_COMPUTED,NONE,0.000000000,0.000000000,0.000000000,0.0,0.000000000,0.000000000,"",0,0,0,0,0,00,0,0*b088f6c8
#HEADINGA,ICOM3,0,72.5,FINESTEERING,2437,11611.600,00000000,0000,810;SOL_COMPUTED,NONE,0.000000000,0.000000000,0.000000000,0.0,0.000000000,0.000000000,"",0,0,0,0,0,00,0,0*05a9ef8f
#HEADINGA,ICOM3,0,72.5,FINESTEERING,2437,11611.800,00000000,0000,810;SOL_COMPUTED,NONE,0.000000000,0.000000000,0.000000000,0.0,0.000000000,0.000000000,"",0,0,0,0,0,00,0,0*b8acadd8
#HEADINGA,ICOM3,0,72.5,FINESTEERING,2437,11612.000,00000000,0000,810;SOL_COMPUTED,NONE,0.000000000,0.000000000,0.000000000,0.0,0.000000000,0.000000000,"",0,0,0,0,0,00,0,0*5af96715
#HEADINGA,ICOM3,0,72.5,FINESTEERING,2437,11612.200,00000000,0000,810;SOL_COMPUTED,NONE,0.000000000,0.000000000,0.000000000,0.0,0.000000000,0.000000000,"",0,0,0,0,0,00,0,0*efd87e52
#HEADINGA,ICOM3,0,69.2,FINESTEERING,2437,11612.400,00000000,0000,810;SOL_COMPUTED,NONE,0.000000000,0.000000000,0.000000000,0.0,0.000000000,0.000000000,"",0,0,0,0,0,00,0,0*6cf9ad7f
#HEADINGA,ICOM3,0,69.2,FINESTEERING,2437,11612.600,00000000,0000,810;SOL_COMPUTED,NONE,0.000000000,0.000000000,0.000000000,0.0,0.000000000,0.000000000,"",0,0,0,0,0,00,0,0*d9d8b438
#HEADINGA,ICOM3,0,69.2,FINESTEERING,2437,11612.800,00000000,0000,810;SOL_COMPUTED,NONE,0.000000000,0.000000000,0.000000000,0.0,0.000000000,0.000000000,"",0,0,0,0,0,00,0,0*64ddf66f
#HEADINGA,ICOM3,0,69.2,FINESTEERING,2437,11613.000,00000000,0000,810;SOL_COMPUTED,NONE,0.000000000,0.000000000,0.000000000,0.0,0.000000000,0.000000000,"",0,0,0,0,0,00,0,0*5ddbf881
#HEADINGA,ICOM3,0,69.2,FINESTEERING,2437,11613.200,00000000,0000,810;SOL_COMPUTED,NONE,0.000000000,0.000000000,0.000000000,0.0,0.000000000,0.000000000,"",0,0,0,0,0,00,0,0*e8fae1c6
#HEADINGA,ICOM3,0,74.1,FINESTEERING,2437,11613.400,00000000,0000,810;SOL_COMPUTED,NONE,0.000000000,0.000000000,0.000000000,0.0,0.000000000,0.000000000,"",0,0,0,0,0,00,0,0*cb2b5eb3
#HEADINGA,ICOM3,0,74.1,FINESTEERING,2437,11613.600,00000000,0000,810;SOL_COMPUTED,NONE,0.000000000,0.000000000,0.000000000,0.0,0.000000000,0.000000000,"",0,0,0,0,0,00,0,0*7e0a47f4
#HEADINGA,ICOM3,0,74.1,FINESTEERING,2437,11613.800,00000000,0000,810;SOL_COMPUTED,NONE,0.000000000,0.000000000,0.000000000,0.0,0.000000000,0.000000000,"",0,0,0,0,0,00,0,0*c30f05a3
#HEADINGA,ICOM3,0,74.1,FINESTEERING,2437,11614.000,00000000,0000,810;SOL_COMPUTED,NONE,0.000000000,0.000000000,0.000000000,0.0,0.000000000,0.000000000,"",0,0,0,0,0,00,0,0*4c8c4169
#HEADINGA,ICOM3,0,74.1,FINESTEERING,2437,11614.200,00000000,0000,810;SOL_COMPUTED,NONE,0.000000000,0.000000000,0.000000000,0.0,0.000000000,0.000000000,"",0,0,0,0,0,00,0,0*f9ad582e
#HEADINGA,ICOM3,0,74.4,FINESTEERING,2437,11614.400,00000000,0000,810;SOL_COMPUTED,NONE,0.000000000,0.000000000,0.000000000,0.0,0.000000000,0.000000000,"",0,0,0,0,0,00,0,0*afb57d60
#HEADINGA,ICOM3,0,74.4,FINESTEERING,2437,11614.600,00000000,0000,810;SOL_COMPUTED,NONE,0.000000000,0.000000000,0.000000000,0.0,0.000000000,0.000000000,"",0,0,0,0,0,00,0,0*1a946427
#HEADINGA,ICOM3,0,74.4,FINESTEERING,2437,11614.800,00000000,0000,810;SOL_COMPUTED,NONE,0.000000000,0.000000000,0.000000000,0.0,0.000000000,0.000000000,"",0,0,0,0,0,00,0,0*a7912670
#HEADINGA,ICOM3,0,74.4,FINESTEERING,2437,11615.000,00000000,0000,810;SOL_COMPUTED,NONE,0.000000000,0.000000000,0.000000000,0.0,0.000000000,0.000000000,"",0,0,0,0,0,00,0,0*9e97289e
#HEADINGA,ICOM3,0,74.4,FINESTEERING,2437,11615.200,00000000,0000,810;SOL_COMPUTED,NONE,0.000000000,0.000000000,0.000000000,0.0,0.000000000,0.000000000,"",0,0,0,0,0,00,0,0*2bb631d9
#HEADINGA,ICOM3,0,73.7,FINESTEERING,2437,11615.400,00000000,0000,810;SOL_COMPUTED,NONE,0.000000000,0.000000000,0.000000000,0.0,0.000000000,0.000000000,"",0,0,0,0,0,00,0,0*65c708bc
#HEADINGA,ICOM3,0,73.7,FINESTEERING,2437,11615.600,00000000,0000,810;SOL_COMPUTED,NONE,0.000000000,0.000000000,0.000000000,0.0,0.000000000,0.000000000,"",0,0,0,0,0,00,0,0*d0e611fb
#HEADINGA,ICOM3,0,73.7,FINESTEERING,2437,11615.800,00000000,0000,810;SOL_COMPUTED,NONE,0.000000000,0.000000000,0.000000000,0.0,0.000000000,0.000000000,"",0,0,0,0,0,00,0,0*6de353ac
#HEADINGA,ICOM3,0,73.7,FINESTEERING,2437,11616.000,00000000,0000,810;SOL_COMPUTED,NONE,0.000000000,0.000000000,0.000000000,0.0,0.000000000,0.000000000,"",0,0,0,0,0,00,0,0*8fb69961
#HEADINGA,ICOM3,0,73.7,FINESTEERING,2437,11616.200,00000000,0000,810;SOL_COMPUTED,NONE,0.000000000,0.000000000,0.000000000,0.0,0.000000000,0.000000000,"",0,0,0,0,0,00,0,0*3a978026
#HEADINGA,ICOM3,0,73.5,FINESTEERING,2437,11616.400,00000000,0000,810;SOL_COMPUTED,NONE,0.000000000,0.000000000,0.000000000,0.0,0.000000000,0.000000000,"",0,0,0,0,0,00,0,0*1fd4fdd2
#HEADINGA,ICOM3,0,73.5,FINESTEERING,2437,11616.600,00000000,0000,810;SOL_COMPUTED,NONE,0.000000000,0.000000000,0.000000000,0.0,0.000000000,0.000000000,"",0,0,0,0,0,00,0,0*aaf5e495
#HEADINGA,ICOM3,0,73.5,FINESTEERING,2437,11616.800,00000000,0000,810;SOL_COMPUTED,NONE,0.000000000,0.000000000,0.000000000,0.0,0.000000000,0.000000000,"",0,0,0,0,0,00,0,0*17f0a6c2
#HEADINGA,ICOM3,0,73.5,FINESTEERING,2437,11617.000,00000000,0000,810;SOL_COMPUTED,NONE,0.000000000,0.000000000,0.000000000,0.0,0.000000000,0.000000000,"",0,0,0,0,0,00,0,0*2ef6a82c
#HEADINGA,ICOM3,0,73.5,FINESTEERING,2437,11617.200,00000000,0000,810;SOL_COMPUTED,NONE,0.000000000,0.000000000,0.000000000,0.0,0.000000000,0.000000000,"",0,0,0,0,0,00,0,0*9bd7b16b
#HEADINGA,ICOM3,0,73.7,FINESTEERING,2437,11617.400,00000000,0000,810;SOL_COMPUTED,NONE,0.000000000,0.000000000,0.000000000,0.0,0.000000000,0.000000000,"",0,0,0,0,0,00,0,0*be94cc9f
#HEADINGA,ICOM3,0,73.7,FINESTEERING,2437,11617.600,00000000,0000,810;SOL_COMPUTED,NONE,0.000000000,0.000000000,0.000000000,0.0,0.000000000,0.000000000,"",0,0,0,0,0,00,0,0*0bb5d5d8
#HEADINGA,ICOM3,0,73.7,FINESTEERING,2437,11617.800,00000000,0000,810;SOL_COMPUTED,NONE,0.000000000,0.000000000,0.000000000,0.0,0.000000000,0.000000000,"",0,0,0,0,0,00,0,0*b6b0978f
#HEADINGA,ICOM3,0,73.7,FINESTEERING,2437,11618.000,00000000,0000,810;SOL_COMPUTED,NONE,0.000000000,0.000000000,0.000000000,0.0,0.000000000,0.000000000,"",0,0,0,0,0,00,0,0*e29ecf4b
#HEADINGA,ICOM3,0,73.7,FINESTEERING,2437,11618.200,00000000,0000,810;SOL_COMPUTED,NONE,0.000000000,0.000000000,0.000000000,0.0,0.000000000,0.000000000,"",0,0,0,0,0,00,0,0*57bfd60c
#HEADINGA,ICOM3,0,74.4,FINESTEERING,2437,11618.400,00000000,0000,810;SOL_COMPUTED,NONE,0.000000000,0.000000000,0.000000000,0.0,0.000000000,0.000000000,"",0,0,0,0,0,00,0,0*19ceef69
#HEADINGA,ICOM3,0,74.4,FINESTEERING,2437,11618.600,00000000,0000,810;SOL_COMPUTED,NONE,0.000000000,0.000000000,0.000000000,0.0,0.000000000,0.000000000,"",0,0,0,0,0,00,0,0*aceff62e
#HEADINGA,ICOM3,0,74.4,FINESTEERING,2437,11618.800,00000000,0000,810;SOL_COMPUTED,NONE,0.000000000,0.000000000,0.000000000,0.0,0.000000000,0.000000000,"",0,0,0,0,0,00,0,0*11eab479
#HEADINGA,ICOM3,0,74.4,FINESTEERING,2437,11619.000,00000000,0000,810;SOL_COMPUTED,NONE,0.000000000,0.000000000,0.000000000,0.0,0.000000000,0.000000000,"",0,0,0,0,0,00,0,0*28ecba97
#HEADINGA,ICOM3,0,74.4,FINESTEERING,2437,11619.200,00000000,0000,810;SOL_COMPUTED,NONE,0.000000000,0.000000000,0.000000000,0.0,0.000000000,0.000000000,"",0,0,0,0,0,00,0,0*9dcda3d0
#HEADINGA,ICOM3,0,73.8,FINESTEERING,2437,11619.400,00000000,0000,810;SOL_COMPUTED,NONE,0.000000000,0.000000000,0.000000000,0.0,0.000000000,0.000000000,"",0,0,0,0,0,00,0,0*25a283ff
#HEADINGA,ICOM3,0,73.8,FINESTEERING,2437,11619.600,00000000,0000,810;SOL_COMPUTED,NONE,0.000000000,0.000000000,0.000000000,0.0,0.000000000,0.000000000,"",0,0,0,0,0,00,0,0*90839ab8
#HEADINGA,ICOM3,0,73.8,FINESTEERING,2437,11619.800,00000000,0000,810;SOL_COMPUTED,NONE,0.000000000,0.000000000,0.000000000,0.0,0.000000000,0.000000000,"",0,0,0,0,0,00,0,0*2d86d8ef
#HEADINGA,ICOM3,0,73.8,FINESTEERING,2437,11620.000,00000000,0000,810;SOL_COMPUTED,NONE,0.000000000,0.000000000,0.000000000,0.0,0.000000000,0.000000000,"",0,0,0,0,0,00,0,0*3ccff9e2
#HEADINGA,ICOM3,0,73.8,FINESTEERING,2437,11620.200,00000000,0000,810;SOL_COMPUTED,NONE,0.000000000,0.000000000,0.000000000,0.0,0.000000000,0.000000000,"",0,0,0,0,0,00,0,0*89eee0a5
#HEADINGA,ICOM3,0,73.6,FINESTEERING,2437,11620.400,00000000,0000,810;SOL_COMPUTED,NONE,0.000000000,0.000000000,0.000000000,0.0,0.000000000,0.000000000,"",0,0,0,0,0,00,0,0*6b4a7c59
#HEADINGA,ICOM3,0,73.6,FINESTEERING,2437,11620.600,00000000,0000,810;SOL_COMPUTED,NONE,0.000000000,0.000000000,0.000000000,0.0,0.000000000,0.000000000,"",0,0,0,0,0,00,0,0*de6b651e
#HEADINGA,ICOM3,0,73.6,FINESTEERING,2437,11620.800,00000000,0000,810;SOL_COMPUTED,NONE,0.000000000,0.000000000,0.000000000,0.0,0.000000000,0.000000000,"",0,0,0,0,0,00,0,0*636e2749
#HEADINGA,ICOM3,0,73.6,FINESTEERING,2437,11621.000,00000000,0000,810;SOL_COMPUTED,NONE,0.000000000,0.000000000,0.000000000,0.0,0.000000000,0.000000000,"",0,0,0,0,0,00,0,0*5a6829a7
#HEADINGA,ICOM3,0,73.6,FINESTEERING,2437,11621.200,00000000,0000,810;SOL_COMPUTED,NONE,0.000000000,0.000000000,0.000000000,0.0,0.000000000,0.000000000,"",0,0,0,0,0,00,0,0*ef4930e0
#HEADINGA,ICOM3,0,74.4,FINESTEERING,2437,11621.400,00000000,0000,810;SOL_COMPUTED,NONE,0.000000000,0.000000000,0.000000000,0.0,0.000000000,0.000000000,"",0,0,0,0,0,00,0,0*b190a1bb
#HEADINGA,ICOM3,0,74.4,FINESTEERING,2437,11621.600,00000000,0000,810;SOL_COMPUTED,NONE,0.000000000,0.000000000,0.000000000,0.0,0.000000000,0.000000000,"",0,0,0,0,0,00,0,0*04b1b8fc
#HEADINGA,ICOM3,0,74.4,FINESTEERING,2437,11621.800,00000000,0000,810;SOL_COMPUTED,NONE,0.000000000,0.000000000,0.000000000,0.0,0.000000000,0.000000000,"",0,0,0,0,0,00,0,0*b9b4faab
#HEADINGA,ICOM3,0,74.4,FINESTEERING,2437,11622.000,00000000,0000,810;SOL_COMPUTED,NONE,0.000000000,0.000000000,0.000000000,0.0,0.000000000,0.000000000,"",0,0,0,0,0,00,0,0*5be13066
#HEADINGA,ICOM3,0,74.4,FINESTEERING,2437,11622.200,00000000,0000,810;SOL_COMPUTED,NONE,0.000000000,0.000000000,0.000000000,0.0,0.000000000,0.000000000,"",0,0,0,0,0,00,0,0*eec02921
#HEADINGA,ICOM3,0,74.5,FINESTEERING,2437,11622.400,00000000,0000,810;SOL_COMPUTED,NONE,0.000000000,0.000000000,0.000000000,0.0,0.000000000,0.000000000,"",0,0,0,0,0,00,0,0*fa7aac97
#HEADINGA,ICOM3,0,74.5,FINESTEERING,2437,11622.600,00000000,0000,810;SOL_COMPUTED,NONE,0.000000000,0.000000000,0.000000000,0.0,0.000000000,0.000000000,"",0,0,0,0,0,00,0,0*4f5bb5d0
#HEADINGA,ICOM3,0,74.5,FINESTEERING,2437,11622.800,00000000,0000,810;SOL_COMPUTED,NONE,0.000000000,0.000000000,0.000000000,0.0,0.000000000,0.000000000,"",0,0,0,0,0,00,0,0*f25ef787
#HEADINGA,ICOM3,0,74.5,FINESTEERING,2437,11623.000,00000000,0000,810;SOL_COMPUTED,NONE,0.000000000,0.000000000,0.000000000,0.0,0.000000000,0.000000000,"",0,0,0,0,0,00,0,0*cb58f969
#HEADINGA,ICOM3,0,74.5,FINESTEERING,2437,11623.200,00000000,0000,810;SOL_COMPUTED,NONE,0.000000000,0.000000000,0.000000000,0.0,0.000000000,0.000000000,"",0,0,0,0,0,00,0,0*7e79e02e
#HEADINGA,ICOM3,0,75.5,FINESTEERING,2437,11623.400,00000000,0000,810;SOL_COMPUTED,NONE,0.000000000,0.000000000,0.000000000,0.0,0.000000000,0.000000000,"",0,0,0,0,0,00,0,0*e3a3eda9
#HEADINGA,ICOM3,0,75.5,FINESTEERING,2437,11623.600,00000000,0000,810;SOL_COMPUTED,NONE,0.000000000,0.000000000,0.000000000,0.0,0.000000000,0.000000000,"",0,0,0,0,0,00,0,0*5682f4ee
#HEADINGA,ICOM3,0,75.5,FINESTEERING,2437,11623.800,00000000,0000,810;SOL_COMPUTED,NONE,0.000000000,0.000000000,0.000000000,0.0,0.000000000,0.000000000,"",0,0,0,0,0,00,0,0*eb87b6b9
#HEADINGA,ICOM3,0,75.5,FINESTEERING,2437,11624.000,00000000,0000,810;SOL_COMPUTED,NONE,0.000000000,0.000000000,0.000000000,0.0,0.000000000,0.000000000,"",0,0,0,0,0,00,0,0*6404f273
#HEADINGA,ICOM3,0,75.5,FINESTEERING,2437,11624.200,00000000,0000,810;SOL_COMPUTED,NONE,0.000000000,0.000000000,0.000000000,0.0,0.000000000,0.000000000,"",0,0,0,0,0,00,0,0*d125eb34
#HEADINGA,ICOM3,0,74.6,FINESTEERING,2437,11624.400,00000000,0000,810;SOL_COMPUTED,NONE,0.000000000,0.000000000,0.000000000,0.0,0.000000000,0.000000000,"",0,0,0,0,0,00,0,0*7d061ef1
#HEADINGA,ICOM3,0,74.6,FINESTEERING,2437,11624.600,00000000,0000,810;SOL_COMPUTED,NONE,0.000000000,0.000000000,0.000000000,0.0,0.000000000,0.000000000,"",0,0,0,0,0,00,0,0*c82707b6
#HEADINGA,ICOM3,0,74.6,FINESTEERING,2437,11624.800,00000000,0000,810;SOL_COMPUTED,NONE,0.000000000,0.000000000,0.000000000,0.0,0.000000000,0.000000000,"",0,0,0,0,0,00,0,0*752245e1
#HEADINGA,ICOM3,0,74.6,FINESTEERING,2437,11625.000,00000000,0000,810;SOL_COMPUTED,NONE,0.000000000,0.000000000,0.000000000,0.0,0.000000000,0.000000000,"",0,0,0,0,0,00,0,0*4c244b0f
#HEADINGA,ICOM3,0,74.6,FINESTEERING,2437,11625.200,00000000,0000,810;SOL_COMPUTED,NONE,0.000000000,0.000000000,0.000000000,0.0,0.000000000,0.000000000,"",0,0,0,0,0,00,0,0*f9055248
#HEADINGA,ICOM3,0,72.8,FINESTEERING,2437,11625.400,00000000,0000,810;SOL_COMPUTED,NONE,0.000000000,0.000000000,0.000000000,0.0,0.000000000,0.000000000,"",0,0,0,0,0,00,0,0*f9f30214
#HEADINGA,ICOM3,0,72.8,FINESTEERING,2437,11625.600,00000000,0000,810;SOL_COMPUTED,NONE,0.000000000,0.000000000,0.000000000,0.0,0.000000000,0.000000000,"",0,0,0,0,0,00,0,0*4cd21b53
#HEADINGA,ICOM3,0,72.8,FINESTEERING,2437,11625.800,00000000,0000,810;SOL_COMPUTED,NONE,0.000000000,0.000000000,0.000000000,0.0,0.000000000,0.000000000,"",0,0,0,0,0,00,0,0*f1d75904
#HEADINGA,ICOM3,0,72.8,FINESTEERING,2437,11626.000,00000000,0000,810;SOL_COMPUTED,NONE,0.000000000,0.000000000,0.000000000,0.0,0.000000000,0.000000000,"",0,0,0,0,0,00,0,0*138293c9
#HEADINGA,ICOM3,0,72.8,FINESTEERING,2437,11626.200,00000000,0000,810;SOL_COMPUTED,NONE,0.000000000,0.000000000,0.000000000,0.0,0.000000000,0.000000000,"",0,0,0,0,0,00,0,0*a6a38a8e
#HEADINGA,ICOM3,0,74.0,FINESTEERING,2437,11626.400,00000000,0000,810;SOL_COMPUTED,NONE,0.000000000,0.000000000,0.000000000,0.0,0.000000000,0.000000000,"",0,0,0,0,0,00,0,0*c5a62a56
#HEADINGA,ICOM3,0,74.0,FINESTEERING,2437,11626.600,00000000,0000,810;SOL_COMPUTED,NONE,0.000000000,0.000000000,0.000000000,0.0,0.000000000,0.000000000,"",0,0,0,0,0,00,0,0*70873311
#HEADINGA,ICOM3,0,74.0,FINESTEERING,2437,11626.800,00000000,0000,810;SOL_COMPUTED,NONE,0.000000000,0.000000000,0.000000000,0.0,0.000000000,0.000000000,"",0,0,0,0,0,00,0,0*cd827146
#HEADINGA,ICOM3,0,74.0,FINESTEERING,2437,11627.000,00000000,0000,810;SOL_COMPUTED,NONE,0.000000000,0.000000000,0.000000000,0.0,0.000000000,0.000000000,"",0,0,0,0,0,00,0,0*f4847fa8
#HEADINGA,ICOM3,0,74.0,FINESTEERING,2437,11627.200,00000000,0000,810;SOL_COMPUTED,NONE,0.000000000,0.000000000,0.000000000,0.0,0.000000000,0.000000000,"",0,0,0,0,0,00,0,0*41a566ef
#HEADINGA,ICOM3,0,74.5,FINESTEERING,2437,11627.400,00000000,0000,810;SOL_COMPUTED,NONE,0.000000000,0.000000000,0.000000000,0.0,0.000000000,0.000000000,"",0,0,0,0,0,00,0,0*17bd43a1
#HEADINGA,ICOM3,0,74.5,FINESTEERING,2437,11627.600,00000000,0000,810;SOL_COMPUTED,NONE,0.000000000,0.000000000,0.000000000,0.0,0.000000000,0.000000000,"",0,0,0,0,0,00,0,0*a29c5ae6
#HEADINGA,ICOM3,0,74.5,FINESTEERING,2437,11627.800,00000000,0000,810;SOL_COMPUTED,NONE,0.000000000,0.000000000,0.000000000,0.0,0.000000000,0.000000000,"",0,0,0,0,0,00,0,0*1f9918b1
#HEADINGA,ICOM3,0,74.5,FINESTEERING,2437,11628.000,00000000,0000,810;SOL_COMPUTED,NONE,0.000000000,0.000000000,0.000000000,0.0,0.000000000,0.000000000,"",0,0,0,0,0,00,0,0*4bb74075
#HEADINGA,ICOM3,0,74.5,FINESTEERING,2437,11628.200,00000000,0000,810;SOL_COMPUTED,NONE,0.000000000,0.000000000,0.000000000,0.0,0.000000000,0.000000000,"",0,0,0,0,0,00,0,0*fe965932
#HEADINGA,ICOM3,0,74.0,FINESTEERING,2437,11628.400,00000000,0000,810;SOL_COMPUTED,NONE,0.000000000,0.000000000,0.000000000,0.0,0.000000000,0.000000000,"",0,0,0,0,0,00,0,0*a88e7c7c
#HEADINGA,ICOM3,0,74.0,FINESTEERING,2437,11628.600,00000000,0000,810;SOL_COMPUTED,NONE,0.000000000,0.000000000,0.000000000,0.0,0.000000000,0.000000000,"",0,0,0,0,0,00,0,0*1daf653b
#HEADINGA,ICOM3,0,74.0,FINESTEERING,2437,11628.800,00000000,0000,810;SOL_COMPUTED,NONE,0.000000000,0.000000000,0.000000000,0.0,0.000000000,0.000000000,"",0,0,0,0,0,00,0,0*a0aa276c
#HEADINGA,ICOM3,0,74.0,FINESTEERING,2437,11629.000,00000000,0000,810;SOL_COMPUTED,NONE,0.000000000,0.000000000,0.000000000,0.0,0.000000000,0.000000000,"",0,0,0,0,0,00,0,0*99ac2982
#HEADINGA,ICOM3,0,74.0,FINESTEERING,2437,11629.200,00000000,0000,810;SOL_COMPUTED,NONE,0.000000000,0.000000000,0.000000000,0.0,0.000000000,0.000000000,"",0,0,0,0,0,00,0,0*2c8d30c5
#HEADINGA,ICOM3,0,73.9,FINESTEERING,2437,11629.400,00000000,0000,810;SOL_COMPUTED,NONE,0.000000000,0.000000000,0.000000000,0.0,0.000000000,0.000000000,"",0,0,0,0,0,00,0,0*c6e8182c
#HEADINGA,ICOM3,0,73.9,FINESTEERING,2437,11629.600,00000000,0000,810;SOL_COMPUTED,NONE,0.000000000,0.000000000,0.000000000,0.0,0.000000000,0.000000000,"",0,0,0,0,0,00,0,0*73c9016b
#HEADINGA,ICOM3,0,73.9,FINESTEERING,2437,11629.800,00000000,0000,810;SOL_COMPUTED,NONE,0.000000000,0.000000000,0.000000000,0.0,0.000000000,0.000000000,"",0,0,0,0,0,00,0,0*cecc433c
#HEADINGA,ICOM3,0,73.9,FINESTEERING,2437,11630.000,00000000,0000,810;SOL_COMPUTED,NONE,0.000000000,0.000000000,0.000000000,0.0,0.000000000,0.000000000,"",0,0,0,0,0,00,0,0*7d394087
#HEADINGA,ICOM3,0,73.9,FINESTEERING,2437,11630.200,00000000,0000,810;SOL_COMPUTED,NONE,0.000000000,0.000000000,0.000000000,0.0,0.000000000,0.000000000,"",0,0,0,0,0,00,0,0*c81859c0
#HEADINGA,ICOM3,0,73.8,FINESTEERING,2437,11630.400,00000000,0000,810;SOL_COMPUTED,NONE,0.000000000,0.000000000,0.000000000,0.0,0.000000000,0.000000000,"",0,0,0,0,0,00,0,0*dca2dc76
#HEADINGA,ICOM3,0,73.8,FINESTEERING,2437,11630.600,00000000,0000,810;SOL_COMPUTED,NONE,0.000000000,0.000000000,0.000000000,0.0,0.000000000,0.000000000,"",0,0,0,0,0,00,0,0*6983c531
#HEADINGA,ICOM3,0,73.8,FINESTEERING,2437,11630.800,00000000,0000,810;SOL_COMPUTED,NONE,0.000000000,0.000000000,0.000000000,0.0,0.000000000,0.000000000,"",0,0,0,0,0,00,0,0*d4868766
#HEADINGA,ICOM3,0,73.8,FINESTEERING,2437,11631.000,00000000,0000,810;SOL_COMPUTED,NONE,0.000000000,0.000000000,0.000000000,0.0,0.000000000,0.000000000,"",0,0,0,0,0,00,0,0*ed808988
#HEADINGA,ICOM3,0,73.8,FINESTEERING,2437,11631.200,00000000,0000,810;SOL_COMPUTED,NONE,0.000000000,0.000000000,0.000000000,0.0,0.000000000,0.000000000,"",0,0,0,0,0,00,0,0*58a190cf
#HEADINGA,ICOM3,0,73.7,FINESTEERING,2437,11631.400,00000000,0000,810;SOL_COMPUTED,NONE,0.000000000,0.000000000,0.000000000,0.0,0.000000000,0.000000000,"",0,0,0,0,0,00,0,0*aaada40d
#HEADINGA,ICOM3,0,73.7,FINESTEERING,2437,11631.600,00000000,0000,810;SOL_COMPUTED,NONE,0.000000000,0.000000000,0.000000000,0.0,0.000000000,0.000000000,"",0,0,0,0,0,00,0,0*1f8cbd4a
#HEADINGA,ICOM3,0,73.7,FINESTEERING,2437,11631.800,00000000,0000,810;SOL_COMPUTED,NONE,0.000000000,0.000000000,0.000000000,0.0,0.000000000,0.000000000,"",0,0,0,0,0,00,0,0*a289ff1d
#HEADINGA,ICOM3,0,73.7,FINESTEERING,2437,11632.000,00000000,0000,810;SOL_COMPUTED,NONE,0.000000000,0.000000000,0.000000000,0.0,0.000000000,0.000000000,"",0,0,0,0,0,00,0,0*40dc35d0
#HEADINGA,ICOM3,0,73.7,FINESTEERING,2437,11632.200,00000000,0000,810;SOL_COMPUTED,NONE,0.000000000,0.000000000,0.000000000,0.0,0.000000000,0.000000000,"",0,0,0,0,0,00,0,0*f5fd2c97
#HEADINGA,ICOM3,0,74.8,FINESTEERING,2437,11632.400,00000000,0000,810;SOL_COMPUTED,NONE,0.000000000,0.000000000,0.000000000,0.0,0.000000000,0.000000000,"",0,0,0,0,0,00,0,0*7c6bf4fa
#HEADINGA,ICOM3,0,74.8,FINESTEERING,2437,11632.600,00000000,0000,810;SOL_COMPUTED,NONE,0.000000000,0.000000000,0.000000000,0.0,0.000000000,0.000000000,"",0,0,0,0,0,00,0,0*c94aedbd
#HEADINGA,ICOM3,0,74.8,FINESTEERING,2437,11632.800,00000000,0000,810;SOL_COMPUTED,NONE,0.000000000,0.000000000,0.000000000,0.0,0.000000000,0.000000000,"",0,0,0,0,0,00,0,0*744fafea
#HEADINGA,ICOM3,0,74.8,FINESTEERING,2437,11633.000,00000000,0000,810;SOL_COMPUTED,NONE,0.000000000,0.000000000,0.000000000,0.0,0.000000000,0.000000000,"",0,0,0,0,0,00,0,0*4d49a104
#HEADINGA,ICOM3,0,74.8,FINESTEERING,2437,11633.200,00000000,0000,810;SOL_COMPUTED,NONE,0.000000000,0.000000000,0.000000000,0.0,0.000000000,0.000000000,"",0,0,0,0,0,00,0,0*f868b843
#HEADINGA,ICOM3,0,75.0,FINESTEERING,2437,11633.400,00000000,0000,810;SOL_COMPUTED,NONE,0.000000000,0.000000000,0.000000000,0.0,0.000000000,0.000000000,"",0,0,0,0,0,00,0,0*e0f7f434
#HEADINGA,ICOM3,0,75.0,FINESTEERING,2437,11633.600,00000000,0000,810;SOL_COMPUTED,NONE,0.000000000,0.000000000,0.000000000,0.0,0.000000000,0.000000000,"",0,0,0,0,0,00,0,0*55d6ed73
#HEADINGA,ICOM3,0,75.0,FINESTEERING,2437,11633.800,00000000,0000,810;SOL_COMPUTED,NONE,0.000000000,0.000000000,0.000000000,0.0,0.000000000,0.000000000,"",0,0,0,0,0,00,0,0*e8d3af24
#HEADINGA,ICOM3,0,75.0,FINESTEERING,2437,11634.000,00000000,0000,810;SOL_COMPUTED,NONE,0.000000000,0.000000000,0.000000000,0.0,0.000000000,0.000000000,"",0,0,0,0,0,00,0,0*6750ebee
#HEADINGA,ICOM3,0,75.0,FINESTEERING,2437,11634.200,00000000,0000,810;SOL_COMPUTED,NONE,0.000000000,0.000000000,0.000000000,0.0,0.000000000,0.000000000,"",0,0,0,0,0,00,0,0*d271f2a9
#HEADINGA,ICOM3,0,74.3,FINESTEERING,2437,11634.400,00000000,0000,810;SOL_COMPUTED,NONE,0.000000000,0.000000000,0.000000000,0.0,0.000000000,0.000000000,"",0,0,0,0,0,00,0,0*7e52076c
#HEADINGA,ICOM3,0,74.3,FINESTEERING,2437,11634.600,00000000,0000,810;SOL_COMPUTED,NONE,0.000000000,0.000000000,0.000000000,0.0,0.000000000,0.000000000,"",0,0,0,0,0,00,0,0*cb731e2b
#HEADINGA,ICOM3,0,74.3,FINESTEERING,2437,11634.800,00000000,0000,810;SOL_COMPUTED,NONE,0.000000000,0.000000000,0.000000000,0.0,0.000000000,0.000000000,"",0,0,0,0,0,00,0,0*76765c7c
#HEADINGA,ICOM3,0,74.3,FINESTEERING,2437,11635.000,00000000,0000,810;SOL_COMPUTED,NONE,0.000000000,0.000000000,0.000000000,0.0,0.000000000,0.000000000,"",0,0,0,0,0,00,0,0*4f705292
#HEADINGA,ICOM3,0,74.3,FINESTEERING,2437,11635.200,00000000,0000,810;SOL_COMPUTED,NONE,0.000000000,0.000000000,0.000000000,0.0,0.000000000,0.000000000,"",0,0,0,0,0,00,0,0*fa514bd5
#HEADINGA,ICOM3,0,74.0,FINESTEERING,2437,11635.400,00000000,0000,810;SOL_COMPUTED,NONE,0.000000000,0.000000000,0.000000000,0.0,0.000000000,0.000000000,"",0,0,0,0,0,00,0,0*cfba9e1f
#HEADINGA,ICOM3,0,74.0,FINESTEERING,2437,11635.600,00000000,0000,810;SOL_COMPUTED,NONE,0.000000000,0.000000000,0.000000000,0.0,0.000000000,0.000000000,"",0,0,0,0,0,00,0,0*7a9b8758
#HEADINGA,ICOM3,0,74.0,FINESTEERING,2437,11635.800,00000000,0000,810;SOL_COMPUTED,NONE,0.000000000,0.000000000,0.000000000,0.0,0.000000000,0.000000000,"",0,0,0,0,0,00,0,0*c79ec50f
#HEADINGA,ICOM3,0,74.0,FINESTEERING,2437,11636.000,00000000,0000,810;SOL_COMPUTED,NONE,0.000000000,0.000000000,0.000000000,0.0,0.000000000,0.000000000,"",0,0,0,0,0,00,0,0*25cb0fc2
#HEADINGA,ICOM3,0,74.0,FINESTEERING,2437,11636.200,00000000,0000,810;SOL_COMPUTED,NONE,0.000000000,0.000000000,0.000000000,0.0,0.000000000,0.000000000,"",0,0,0,0,0,00,0,0*90ea1685
#HEADINGA,ICOM3,0,74.0,FINESTEERING,2437,11636.400,00000000,0000,810;SOL_COMPUTED,NONE,0.000000000,0.000000000,0.000000000,0.0,0.000000000,0.000000000,"",0,0,0,0,0,00,0,0*94f83b0d
#HEADINGA,ICOM3,0,74.0,FINESTEERING,2437,11636.600,00000000,0000,810;SOL_COMPUTED,NONE,0.000000000,0.000000000,0.000000000,0.0,0.000000000,0.000000000,"",0,0,0,0,0,00,0,0*21d9224a
#HEADINGA,ICOM3,0,74.0,FINESTEERING,2437,11636.800,00000000,0000,810;SOL_COMPUTED,NONE,0.000000000,0.000000000,0.000000000,0.0,0.000000000,0.000000000,"",0,0,0,0,0,00,0,0*9cdc601d
#HEADINGA,ICOM3,0,74.0,FINESTEERING,2437,11637.000,00000000,0000,810;SOL_COMPUTED,NONE,0.000000000,0.000000000,0.000000000,0.0,0.000000000,0.000000000,"",0,0,0,0,0,00,0,0*a5da6ef3
#HEADINGA,ICOM3,0,74.0,FINESTEERING,2437,11637.200,00000000,0000,810;SOL_COMPUTED,NONE,0.000000000,0.000000000,0.000000000,0.0,0.000000000,0.000000000,"",0,0,0,0,0,00,0,0*10fb77b4
#HEADINGA,ICOM3,0,74.7,FINESTEERING,2437,11637.400,00000000,0000,810;SOL_COMPUTED,NONE,0.000000000,0.000000000,0.000000000,0.0,0.000000000,0.000000000,"",0,0,0,0,0,00,0,0*67b20286
#HEADINGA,ICOM3,0,74.7,FINESTEERING,2437,11637.600,00000000,0000,810;SOL_COMPUTED,NONE,0.000000000,0.000000000,0.000000000,0.0,0.000000000,0.000000000,"",0,0,0,0,0,00,0,0*d2931bc1
#HEADINGA,ICOM3,0,74.7,FINESTEERING,2437,11637.800,00000000,0000,810;SOL_COMPUTED,NONE,0.000000000,0.000000000,0.000000000,0.0,0.000000000,0.000000000,"",0,0,0,0,0,00,0,0*6f965996
#HEADINGA,ICOM3,0,74.7,FINESTEERING,2437,11638.000,00000000,0000,810;SOL_COMPUTED,NONE,0.000000000,0.000000000,0.000000000,0.0,0.000000000,0.000000000,"",0,0,0,0,0,00,0,0*3bb80152
#HEADINGA,ICOM3,0,74.7,FINESTEERING,2437,11638.200,00000000,0000,810;SOL_COMPUTED,NONE,0.000000000,0.000000000,0.000000000,0.0,0.000000000,0.000000000,"",0,0,0,0,0,00,0,0*8e991815
#HEADINGA,ICOM3,0,74.5,FINESTEERING,2437,11638.400,00000000,0000,810;SOL_COMPUTED,NONE,0.000000000,0.000000000,0.000000000,0.0,0.000000000,0.000000000,"",0,0,0,0,0,00,0,0*abda65e1
#HEADINGA,ICOM3,0,74.5,FINESTEERING,2437,11638.600,00000000,0000,810;SOL_COMPUTED,NONE,0.000000000,0.000000000,0.000000000,0.0,0.000000000,0.000000000,"",0,0,0,0,0,00,0,0*1efb7ca6
#HEADINGA,ICOM3,0,74.5,FINESTEERING,2437,11638.800,00000000,0000,810;SOL_COMPUTED,NONE,0.000000000,0.000000000,0.000000000,0.0,0.000000000,0.000000000,"",0,0,0,0,0,00,0,0*a3fe3ef1
#HEADINGA,ICOM3,0,74.5,FINESTEERING,2437,11639.000,00000000,0000,810;SOL_COMPUTED,NONE,0.000000000,0.000000000,0.000000000,0.0,0.000000000,0.000000000,"",0,0,0,0,0,00,0,0*9af8301f
#HEADINGA,ICOM3,0,74.5,FINESTEERING,2437,11639.200,00000000,0000,810;SOL_COMPUTED,NONE,0.000000000,0.000000000,0.000000000,0.0,0.000000000,0.000000000,"",0,0,0,0,0,00,0,0*2fd92958
#HEADINGA,ICOM3,0,74.5,FINESTEERING,2437,11639.400,00000000,0000,810;SOL_COMPUTED,NONE,0.000000000,0.000000000,0.000000000,0.0,0.000000000,0.000000000,"",0,0,0,0,0,00,0,0*2bcb04d0
#HEADINGA,ICOM3,0,74.5,FINESTEERING,2437,11639.600,00000000,0000,810;SOL_COMPUTED,NONE,0.000000000,0.000000000,0.000000000,0.0,0.000000000,0.000000000,"",0,0,0,0,0,00,0,0*9eea1d97
#HEADINGA,ICOM3,0,74.5,FINESTEERING,2437,11639.800,00000000,0000,810;SOL_COMPUTED,NONE,0.000000000,0.000000000,0.000000000,0.0,0.000000000,0.000000000,"",0,0,0,0,0,00,0,0*23ef5fc0
#HEADINGA,ICOM3,0,74.5,FINESTEERING,2437,11640.000,00000000,0000,810;SOL_COMPUTED,NONE,0.000000000,0.000000000,0.000000000,0.0,0.000000000,0.000000000,"",0,0,0,0,0,00,0,0*acaf3de0
#HEADINGA,ICOM3,0,74.5,FINESTEERING,2437,11640.200,00000000,0000,810;SOL_COMPUTED,NONE,0.000000000,0.000000000,0.000000000,0.0,0.000000000,0.000000000,"",0,0,0,0,0,00,0,0*198e24a7
#HEADINGA,ICOM3,0,74.4,FINESTEERING,2437,11640.400,00000000,0000,810;SOL_COMPUTED,NONE,0.000000000,0.000000000,0.000000000,0.0,0.000000000,0.000000000,"",0,0,0,0,0,00,0,0*0d34a111
#HEADINGA,ICOM3,0,74.4,FINESTEERING,2437,11640.600,00000000,0000,810;SOL_COMPUTED,NONE,0.000000000,0.000000000,0.000000000,0.0,0.000000000,0.000000000,"",0,0,0,0,0,00,0,0*b815b856
#HEADINGA,ICOM3,0,74.4,FINESTEERING,2437,11640.800,00000000,0000,810;SOL_COMPUTED,NONE,0.000000000,0.000000000,0.000000000,0.0,0.000000000,0.000000000,"",0,0,0,0,0,00,0,0*0510fa01
#HEADINGA,ICOM3,0,74.4,FINESTEERING,2437,11641.000,00000000,0000,810;SOL_COMPUTED,NONE,0.000000000,0.000000000,0.000000000,0.0,0.000000000,0.000000000,"",0,0,0,0,0,00,0,0*3c16f4ef
#HEADINGA,ICOM3,0,74.4,FINESTEERING,2437,11641.200,00000000,0000,810;SOL_COMPUTED,NONE,0.000000000,0.000000000,0.000000000,0.0,0.000000000,0.000000000,"",0,0,0,0,0,00,0,0*8937eda8
#HEADINGA,ICOM3,0,75.0,FINESTEERING,2437,11641.400,00000000,0000,810;SOL_COMPUTED,NONE,0.000000000,0.000000000,0.000000000,0.0,0.000000000,0.000000000,"",0,0,0,0,0,00,0,0*564f40d7
#HEADINGA,ICOM3,0,75.0,FINESTEERING,2437,11641.600,00000000,0000,810;SOL_COMPUTED,NONE,0.000000000,0.000000000,0.000000000,0.0,0.000000000,0.000000000,"",0,0,0,0,0,00,0,0*e36e5990
#HEADINGA,ICOM3,0,75.0,FINESTEERING,2437,11641.800,00000000,0000,810;SOL_COMPUTED,NONE,0.000000000,0.000000000,0.000000000,0.0,0.000000000,0.000000000,"",0,0,0,0,0,00,0,0*5e6b1bc7
#HEADINGA,ICOM3,0,75.0,FINESTEERING,2437,11642.000,00000000,0000,810;SOL_COMPUTED,NONE,0.000000000,0.000000000,0.000000000,0.0,0.000000000,0.000000000,"",0,0,0,0,0,00,0,0*bc3ed10a
#HEADINGA,ICOM3,0,75.0,FINESTEERING,2437,11642.200,00000000,0000,810;SOL_COMPUTED,NONE,0.000000000,0.000000000,0.000000000,0.0,0.000000000,0.000000000,"",0,0,0,0,0,00,0,0*091fc84d
#HEADINGA,ICOM3,0,75.0,FINESTEERING,2437,11642.400,00000000,0000,810;SOL_COMPUTED,NONE,0.000000000,0.000000000,0.000000000,0.0,0.000000000,0.000000000,"",0,0,0,0,0,00,0,0*0d0de5c5
#HEADINGA,ICOM3,0,54.0,FINESTEERING,2437,11642.600,00000000,0000,810;SOL_COMPUTED,NONE,0.000000000,0.000000000,0.000000000,0.0,0.000000000,0.000000000,"",0,0,0,0,0,00,0,0*dad871ae
#HEADINGA,ICOM3,0,54.0,FINESTEERING,2437,11642.800,00000000,0000,810;SOL_COMPUTED,NONE,0.000000000,0.000000000,0.000000000,0.0,0.000000000,0.000000000,"",0,0,0,0,0,00,0,0*67dd33f9
#HEADINGA,ICOM3,0,54.0,FINESTEERING,2437,11643.000,00000000,0000,810;SOL_COMPUTED,NONE,0.000000000,0.000000000,0.000000000,0.0,0.000000000,0.000000000,"",0,0,0,0,0,00,0,0*5edb3d17
#HEADINGA,ICOM3,0,54.0,FINESTEERING,2437,11643.200,00000000,0000,810;SOL_COMPUTED,NONE,0.000000000,0.000000000,0.000000000,0.0,0.000000000,0.000000000,"",0,0,0,0,0,00,0,0*ebfa2450
#HEADINGA,ICOM3,0,71.6,FINESTEERING,2437,11643.400,00000000,0000,810;SOL_COMPUTED,NONE,0.000000000,0.000000000,0.000000000,0.0,0.000000000,0.000000000,"",0,0,0,0,0,00,0,0*e45cfe8f
#HEADINGA,ICOM3,0,71.6,FINESTEERING,2437,11643.600,00000000,0000,810;SOL_COMPUTED,NONE,0.000000000,0.000000000,0.000000000,0.0,0.000000000,0.000000000,"",0,0,0,0,0,00,0,0*517de7c8
#HEADINGA,ICOM3,0,71.6,FINESTEERING,2437,11643.800,00000000,0000,810;SOL_COMPUTED,NONE,0.000000000,0.000000000,0.000000000,0.0,0.000000000,0.000000000,"",0,0,0,0,0,00,0,0*ec78a59f
#HEADINGA,ICOM3,0,71.6,FINESTEERING,2437,11644.000,00000000,0000,810;SOL_COMPUTED,NONE,0.000000000,0.000000000,0.000000000,0.0,0.000000000,0.000000000,"",0,0,0,0,0,00,0,0*63fbe155
#HEADINGA,ICOM3,0,71.6,FINESTEERING,2437,11644.200,00000000,0000,810;SOL_COMPUTED,NONE,0.000000000,0.000000000,0.000000000,0.0,0.000000000,0.000000000,"",0,0,0,0,0,00,0,0*d6daf812
#HEADINGA,ICOM3,0,65.8,FINESTEERING,2437,11644.400,00000000,0000,810;SOL_COMPUTED,NONE,0.000000000,0.000000000,0.000000000,0.0,0.000000000,0.000000000,"",0,0,0,0,0,00,0,0*aeeb3ba0
#HEADINGA,ICOM3,0,65.8,FINESTEERING,2437,11644.600,00000000,0000,810;SOL_COMPUTED,NONE,0.000000000,0.000000000,0.000000000,0.0,0.000000000,0.000000000,"",0,0,0,0,0,00,0,0*1bca22e7
#HEADINGA,ICOM3,0,65.8,FINESTEERING,2437,11644.800,00000000,0000,810;SOL_COMPUTED,NONE,0.000000000,0.000000000,0.000000000,0.0,0.000000000,0.000000000,"",0,0,0,0,0,00,0,0*a6cf60b0
#HEADINGA,ICOM3,0,65.8,FINESTEERING,2437,11645.000,00000000,0000,810;SOL_COMPUTED,NONE,0.000000000,0.000000000,0.000000000,0.0,0.000000000,0.000000000,"",0,0,0,0,0,00,0,0*9fc96e5e
#HEADINGA,ICOM3,0,65.8,FINESTEERING,2437,11645.200,00000000,0000,810;SOL_COMPUTED,NONE,0.000000000,0.000000000,0.000000000,0.0,0.000000000,0.000000000,"",0,0,0,0,0,00,0,0*2ae87719
#HEADINGA,ICOM3,0,68.7,FINESTEERING,2437,11645.400,00000000,0000,810;SOL_COMPUTED,NONE,0.000000000,0.000000000,0.000000000,0.0,0.000000000,0.000000000,"",0,0,0,0,0,00,0,0*5ef8fcd5
#HEADINGA,ICOM3,0,68.7,FINESTEERING,2437,11645.600,00000000,0000,810;SOL_COMPUTED,NONE,0.000000000,0.000000000,0.000000000,0.0,0.000000000,0.000000000,"",0,0,0,0,0,00,0,0*ebd9e592
#HEADINGA,ICOM3,0,68.7,FINESTEERING,2437,11645.800,00000000,0000,810;SOL_COMPUTED,NONE,0.000000000,0.000000000,0.000000000,0.0,0.000000000,0.000000000,"",0,0,0,0,0,00,0,0*56dca7c5
#HEADINGA,ICOM3,0,68.7,FINESTEERING,2437,11646.000,00000000,0000,810;SOL_COMPUTED,NONE,0.000000000,0.000000000,0.000000000,0.0,0.000000000,0.000000000,"",0,0,0,0,0,00,0,0*b4896d08
#HEADINGA,ICOM3,0,68.7,FINESTEERING,2437,11646.200,00000000,0000,810;SOL_COMPUTED,NONE,0.000000000,0.000000000,0.000000000,0.0,0.000000000,0.000000000,"",0,0,0,0,0,00,0,0*01a8744f
#HEADINGA,ICOM3,0,65.4,FINESTEERING,2437,11646.400,00000000,0000,810;SOL_COMPUTED,NONE,0.000000000,0.000000000,0.000000000,0.0,0.000000000,0.000000000,"",0,0,0,0,0,00,0,0*b25f1e8b
#HEADINGA,ICOM3,0,65.4,FINESTEERING,2437,11646.600,00000000,0000,810;SOL_COMPUTED,NONE,0.000000000,0.000000000,0.000000000,0.0,0.000000000,0.000000000,"",0,0,0,0,0,00,0,0*077e07cc
#HEADINGA,ICOM3,0,65.4,FINESTEERING,2437,11646.800,00000000,0000,810;SOL_COMPUTED,NONE,0.000000000,0.000000000,0.000000000,0.0,0.000000000,0.000000000,"",0,0,0,0,0,00,0,0*ba7b459b
#HEADINGA,ICOM3,0,65.4,FINESTEERING,2437,11647.000,00000000,0000,810;SOL_COMPUTED,NONE,0.000000000,0.000000000,0.000000000,0.0,0.000000000,0.000000000,"",0,0,0,0,0,00,0,0*837d4b75
#HEADINGA,ICOM3,0,65.4,FINESTEERING,2437,11647.200,00000000,0000,810;SOL_COMPUTED,NONE,0.000000000,0.000000000,0.000000000,0.0,0.000000000,0.000000000,"",0,0,0,0,0,00,0,0*365c5232
#HEADINGA,ICOM3,0,64.1,FINESTEERING,2437,11647.400,00000000,0000,810;SOL_COMPUTED,NONE,0.000000000,0.000000000,0.000000000,0.0,0.000000000,0.000000000,"",0,0,0,0,0,00,0,0*f98c5773
#HEADINGA,ICOM3,0,64.1,FINESTEERING,2437,11647.600,00000000,0000,810;SOL_COMPUTED,NONE,0.000000000,0.000000000,0.000000000,0.0,0.000000000,0.000000000,"",0,0,0,0,0,00,0,0*4cad4e34
#HEADINGA,ICOM3,0,64.1,FINESTEERING,2437,11647.800,00000000,0000,810;SOL_COMPUTED,NONE,0.000000000,0.000000000,0.000000000,0.0,0.000000000,0.000000000,"",0,0,0,0,0,00,0,0*f1a80c63
#HEADINGA,ICOM3,0,64.1,FINESTEERING,2437,11648.000,00000000,0000,810;SOL_COMPUTED,NONE,0.000000000,0.000000000,0.000000000,0.0,0.000000000,0.000000000,"",0,0,0,0,0,00,0,0*a58654a7
#HEADINGA,ICOM3,0,64.1,FINESTEERING,2437,11648.200,00000000,0000,810;SOL_COMPUTED,NONE,0.000000000,0.000000000,0.000000000,0.0,0.000000000,0.000000000,"",0,0,0,0,0,00,0,0*10a74de0
#HEADINGA,ICOM3,0,71.5,FINESTEERING,2437,11648.400,00000000,0000,810;SOL_COMPUTED,NONE,0.000000000,0.000000000,0.000000000,0.0,0.000000000,0.000000000,"",0,0,0,0,0,00,0,0*554abfd1
#HEADINGA,ICOM3,0,71.5,FINESTEERING,2437,11648.600,00000000,0000,810;SOL_COMPUTED,NONE,0.000000000,0.000000000,0.000000000,0.0,0.000000000,0.000000000,"",0,0,0,0,0,00,0,0*e06ba696
#HEADINGA,ICOM3,0,71.5,FINESTEERING,2437,11648.800,00000000,0000,810;SOL_COMPUTED,NONE,0.000000000,0.000000000,0.000000000,0.0,0.000000000,0.000000000,"",0,0,0,0,0,00,0,0*5d6ee4c1
#HEADINGA,ICOM3,0,71.5,FINESTEERING,2437,11649.000,00000000,0000,810;SOL_COMPUTED,NONE,0.000000000,0.000000000,0.000000000,0.0,0.000000000,0.000000000,"",0,0,0,0,0,00,0,0*6468ea2f
#HEADINGA,ICOM3,0,71.5,FINESTEERING,2437,11649.200,00000000,0000,810;SOL_COMPUTED,NONE,0.000000000,0.000000000,0.000000000,0.0,0.000000000,0.000000000,"",0,0,0,0,0,00,0,0*d149f368
#HEADINGA,ICOM3,0,65.7,FINESTEERING,2437,11649.400,00000000,0000,810;SOL_COMPUTED,NONE,0.000000000,0.000000000,0.000000000,0.0,0.000000000,0.000000000,"",0,0,0,0,0,00,0,0*6e9fd1d2
#HEADINGA,ICOM3,0,65.7,FINESTEERING,2437,11649.600,00000000,0000,810;SOL_COMPUTED,NONE,0.000000000,0.000000000,0.000000000,0.0,0.000000000,0.000000000,"",0,0,0,0,0,00,0,0*dbbec895
#HEADINGA,ICOM3,0,65.7,FINESTEERING,2437,11649.800,00000000,0000,810;SOL_COMPUTED,NONE,0.000000000,0.000000000,0.000000000,0.0,0.000000000,0.000000000,"",0,0,0,0,0,00,0,0*66bb8ac2
#HEADINGA,ICOM3,0,65.7,FINESTEERING,2437,11650.000,00000000,0000,810;SOL_COMPUTED,NONE,0.000000000,0.000000000,0.000000000,0.0,0.000000000,0.000000000,"",0,0,0,0,0,00,0,0*d54e8979
#HEADINGA,ICOM3,0,65.7,FINESTEERING,2437,11650.200,00000000,0000,810;SOL_COMPUTED,NONE,0.000000000,0.000000000,0.000000000,0.0,0.000000000,0.000000000,"",0,0,0,0,0,00,0,0*606f903e
#HEADINGA,ICOM3,0,72.4,FINESTEERING,2437,11650.400,00000000,0000,810;SOL_COMPUTED,NONE,0.000000000,0.000000000,0.000000000,0.0,0.000000000,0.000000000,"",0,0,0,0,0,00,0,0*be387cea
#HEADINGA,ICOM3,0,72.4,FINESTEERING,2437,11650.600,00000000,0000,810;SOL_COMPUTED,NONE,0.000000000,0.000000000,0.000000000,0.0,0.000000000,0.000000000,"",0,0,0,0,0,00,0,0*0b1965ad
#HEADINGA,ICOM3,0,72.4,FINESTEERING,2437,11650.800,00000000,0000,810;SOL_COMPUTED,NONE,0.000000000,0.000000000,0.000000000,0.0,0.000000000,0.000000000,"",0,0,0,0,0,00,0,0*b61c27fa
#HEADINGA,ICOM3,0,72.4,FINESTEERING,2437,11651.000,00000000,0000,810;SOL_COMPUTED,NONE,0.000000000,0.000000000,0.000000000,0.0,0.000000000,0.000000000,"",0,0,0,0,0,00,0,0*8f1a2914
#HEADINGA,ICOM3,0,72.4,FINESTEERING,2437,11651.200,00000000,0000,810;SOL_COMPUTED,NONE,0.000000000,0.000000000,0.000000000,0.0,0.000000000,0.000000000,"",0,0,0,0,0,00,0,0*3a3b3053
#HEADINGA,ICOM3,0,72.0,FINESTEERING,2437,11651.400,00000000,0000,810;SOL_COMPUTED,NONE,0.000000000,0.000000000,0.000000000,0.0,0.000000000,0.000000000,"",0,0,0,0,0,00,0,0*7c8bbd23
#HEADINGA,ICOM3,0,72.0,FINESTEERING,2437,11651.600,00000000,0000,810;SOL_COMPUTED,NONE,0.000000000,0.000000000,0.000000000,0.0,0.000000000,0.000000000,"",0,0,0,0,0,00,0,0*c9aaa464
#HEADINGA,ICOM3,0,72.0,FINESTEERING,2437,11651.800,00000000,0000,810;SOL_COMPUTED,NONE,0.000000000,0.000000000,0.000000000,0.0,0.000000000,0.000000000,"",0,0,0,0,0,00,0,0*74afe633
#HEADINGA,ICOM3,0,72.0,FINESTEERING,2437,11652.000,00000000,0000,810;SOL_COMPUTED,NONE,0.000000000,0.000000000,0.000000000,0.0,0.000000000,0.000000000,"",0,0,0,0,0,00,0,0*96fa2cfe
#HEADINGA,ICOM3,0,72.0,FINESTEERING,2437,11652.200,00000000,0000,810;SOL_COMPUTED,NONE,0.000000000,0.000000000,0.000000000,0.0,0.000000000,0.000000000,"",0,0,0,0,0,00,0,0*23db35b9
#HEADINGA,ICOM3,0,73.3,FINESTEERING,2437,11652.400,00000000,0000,810;SOL_COMPUTED,NONE,0.000000000,0.000000000,0.000000000,0.0,0.000000000,0.000000000,"",0,0,0,0,0,00,0,0*8ff8c07c
#HEADINGA,ICOM3,0,73.3,FINESTEERING,2437,11652.600,00000000,0000,810;SOL_COMPUTED,NONE,0.000000000,0.000000000,0.000000000,0.0,0.000000000,0.000000000,"",0,0,0,0,0,00,0,0*3ad9d93b
#HEADINGA,ICOM3,0,73.3,FINESTEERING,2437,11652.800,00000000,0000,810;SOL_COMPUTED,NONE,0.000000000,0.000000000,0.000000000,0.0,0.000000000,0.000000000,"",0,0,0,0,0,00,0,0*87dc9b6c
#HEADINGA,ICOM3,0,73.3,FINESTEERING,2437,11653.000,00000000,0000,810;SOL_COMPUTED,NONE,0.000000000,0.000000000,0.000000000,0.0,0.000000000,0.000000000,"",0,0,0,0,0,00,0,0*beda9582
#HEADINGA,ICOM3,0,73.3,FINESTEERING,2437,11653.200,00000000,0000,810;SOL_COMPUTED,NONE,0.000000000,0.000000000,0.000000000,0.0,0.000000000,0.000000000,"",0,0,0,0,0,00,0,0*0bfb8cc5
#HEADINGA,ICOM3,0,72.7,FINESTEERING,2437,11653.400,00000000,0000,810;SOL_COMPUTED,NONE,0.000000000,0.000000000,0.000000000,0.0,0.000000000,0.000000000,"",0,0,0,0,0,00,0,0*d48321ba
#HEADINGA,ICOM3,0,72.7,FINESTEERING,2437,11653.600,00000000,0000,810;SOL_COMPUTED,NONE,0.000000000,0.000000000,0.000000000,0.0,0.000000000,0.000000000,"",0,0,0,0,0,00,0,0*61a238fd
#HEADINGA,ICOM3,0,72.7,FINESTEERING,2437,11653.800,00000000,0000,810;SOL_COMPUTED,NONE,0.000000000,0.000000000,0.000000000,0.0,0.000000000,0.000000000,"",0,0,0,0,0,00,0,0*dca77aaa
#HEADINGA,ICOM3,0,72.7,FINESTEERING,2437,11654.000,00000000,0000,810;SOL_COMPUTED,NONE,0.000000000,0.000000000,0.000000000,0.0,0.000000000,0.000000000,"",0,0,0,0,0,00,0,0*53243e60
#HEADINGA,ICOM3,0,72.7,FINESTEERING,2437,11654.200,00000000,0000,810;SOL_COMPUTED,NONE,0.000000000,0.000000000,0.000000000,0.0,0.000000000,0.000000000,"",0,0,0,0,0,00,0,0*e6052727
#HEADINGA,ICOM3,0,72.8,FINESTEERING,2437,11654.400,00000000,0000,810;SOL_COMPUTED,NONE,0.000000000,0.000000000,0.000000000,0.0,0.000000000,0.000000000,"",0,0,0,0,0,00,0,0*140913e5
#HEADINGA,ICOM3,0,72.8,FINESTEERING,2437,11654.600,00000000,0000,810;SOL_COMPUTED,NONE,0.000000000,0.000000000,0.000000000,0.0,0.000000000,0.000000000,"",0,0,0,0,0,00,0,0*a1280aa2
#HEADINGA,ICOM3,0,72.8,FINESTEERING,2437,11654.800,00000000,0000,810;SOL_COMPUTED,NONE,0.000000000,0.000000000,0.000000000,0.0,0.000000000,0.000000000,"",0,0,0,0,0,00,0,0*1c2d48f5
#HEADINGA,ICOM3,0,72.8,FINESTEERING,2437,11655.000,00000000,0000,810;SOL_COMPUTED,NONE,0.000000000,0.000000000,0.000000000,0.0,0.000000000,0.000000000,"",0,0,0,0,0,00,0,0*252b461b
#HEADINGA,ICOM3,0,72.8,FINESTEERING,2437,11655.200,00000000,0000,810;SOL_COMPUTED,NONE,0.000000000,0.000000000,0.000000000,0.0,0.000000000,0.000000000,"",0,0,0,0,0,00,0,0*900a5f5c
#HEADINGA,ICOM3,0,72.4,FINESTEERING,2437,11655.400,00000000,0000,810;SOL_COMPUTED,NONE,0.000000000,0.000000000,0.000000000,0.0,0.000000000,0.000000000,"",0,0,0,0,0,00,0,0*53ff93dc
#HEADINGA,ICOM3,0,72.4,FINESTEERING,2437,11655.600,00000000,0000,810;SOL_COMPUTED,NONE,0.000000000,0.000000000,0.000000000,0.0,0.000000000,0.000000000,"",0,0,0,0,0,00,0,0*e6de8a9b
#HEADINGA,ICOM3,0,72.4,FINESTEERING,2437,11655.800,00000000,0000,810;SOL_COMPUTED,NONE,0.000000000,0.000000000,0.000000000,0.0,0.000000000,0.000000000,"",0,0,0,0,0,00,0,0*5bdbc8cc
#HEADINGA,ICOM3,0,72.4,FINESTEERING,2437,11656.000,00000000,0000,810;SOL_COMPUTED,NONE,0.000000000,0.000000000,0.000000000,0.0,0.000000000,0.000000000,"",0,0,0,0,0,00,0,0*b98e0201
#HEADINGA,ICOM3,0,72.4,FINESTEERING,2437,11656.200,00000000,0000,810;SOL_COMPUTED,NONE,0.000000000,0.000000000,0.000000000,0.0,0.000000000,0.000000000,"",0,0,0,0,0,00,0,0*0caf1b46
#HEADINGA,ICOM3,0,73.0,FINESTEERING,2437,11656.400,00000000,0000,810;SOL_COMPUTED,NONE,0.000000000,0.000000000,0.000000000,0.0,0.000000000,0.000000000,"",0,0,0,0,0,00,0,0*d3d7b639
#HEADINGA,ICOM3,0,73.0,FINESTEERING,2437,11656.600,00000000,0000,810;SOL_COMPUTED,NONE,0.000000000,0.000000000,0.000000000,0.0,0.000000000,0.000000000,"",0,0,0,0,0,00,0,0*66f6af7e
#HEADINGA,ICOM3,0,73.0,FINESTEERING,2437,11656.800,00000000,0000,810;SOL_COMPUTED,NONE,0.000000000,0.000000000,0.000000000,0.0,0.000000000,0.000000000,"",0,0,0,0,0,00,0,0*dbf3ed29
#HEADINGA,ICOM3,0,73.0,FINESTEERING,2437,11657.000,00000000,0000,810;SOL_COMPUTED,NONE,0.000000000,0.000000000,0.000000000,0.0,0.000000000,0.000000000,"",0,0,0,0,0,00,0,0*e2f5e3c7
#HEADINGA,ICOM3,0,73.0,FINESTEERING,2437,11657.200,00000000,0000,810;SOL_COMPUTED,NONE,0.000000000,0.000000000,0.000000000,0.0,0.000000000,0.000000000,"",0,0,0,0,0,00,0,0*57d4fa80
#HEADINGA,ICOM3,0,72.5,FINESTEERING,2437,11657.400,00000000,0000,810;SOL_COMPUTED,NONE,0.000000000,0.000000000,0.000000000,0.0,0.000000000,0.000000000,"",0,0,0,0,0,00,0,0*9804ffc1
#HEADINGA,ICOM3,0,72.5,FINESTEERING,2437,11657.600,00000000,0000,810;SOL_COMPUTED,NONE,0.000000000,0.000000000,0.000000000,0.0,0.000000000,0.000000000,"",0,0,0,0,0,00,0,0*2d25e686
#HEADINGA,ICOM3,0,72.5,FINESTEERING,2437,11657.800,00000000,0000,810;SOL_COMPUTED,NONE,0.000000000,0.000000000,0.000000000,0.0,0.000000000,0.000000000,"",0,0,0,0,0,00,0,0*9020a4d1
#HEADINGA,ICOM3,0,72.5,FINESTEERING,2437,11658.000,00000000,0000,810;SOL_COMPUTED,NONE,0.000000000,0.000000000,0.000000000,0.0,0.000000000,0.000000000,"",0,0,0,0,0,00,0,0*c40efc15
#HEADINGA,ICOM3,0,72.5,FINESTEERING,2437,11658.200,00000000,0000,810;SOL_COMPUTED,NONE,0.000000000,0.000000000,0.000000000,0.0,0.000000000,0.000000000,"",0,0,0,0,0,00,0,0*712fe552
#HEADINGA,ICOM3,0,75.5,FINESTEERING,2437,11658.400,00000000,0000,810;SOL_COMPUTED,NONE,0.000000000,0.000000000,0.000000000,0.0,0.000000000,0.000000000,"",0,0,0,0,0,00,0,0*0ea72475
#HEADINGA,ICOM3,0,75.5,FINESTEERING,2437,11658.600,00000000,0000,810;SOL_COMPUTED,NONE,0.000000000,0.000000000,0.000000000,0.0,0.000000000,0.000000000,"",0,0,0,0,0,00,0,0*bb863d32
#HEADINGA,ICOM3,0,75.5,FINESTEERING,2437,11658.800,00000000,0000,810;SOL_COMPUTED,NONE,0.000000000,0.000000000,0.000000000,0.0,0.000000000,0.000000000,"",0,0,0,0,0,00,0,0*06837f65
#HEADINGA,ICOM3,0,75.5,FINESTEERING,2437,11659.000,00000000,0000,810;SOL_COMPUTED,NONE,0.000000000,0.000000000,0.000000000,0.0,0.000000000,0.000000000,"",0,0,0,0,0,00,0,0*3f85718b
#HEADINGA,ICOM3,0,75.5,FINESTEERING,2437,11659.200,00000000,0000,810;SOL_COMPUTED,NONE,0.000000000,0.000000000,0.000000000,0.0,0.000000000,0.000000000,"",0,0,0,0,0,00,0,0*8aa468cc
#HEADINGA,ICOM3,0,74.5,FINESTEERING,2437,11659.400,00000000,0000,810;SOL_COMPUTED,NONE,0.000000000,0.000000000,0.000000000,0.0,0.000000000,0.000000000,"",0,0,0,0,0,00,0,0*177e654b
#HEADINGA,ICOM3,0,74.5,FINESTEERING,2437,11659.600,00000000,0000,810;SOL_COMPUTED,NONE,0.000000000,0.000000000,0.000000000,0.0,0.000000000,0.000000000,"",0,0,0,0,0,00,0,0*a25f7c0c
#HEADINGA,ICOM3,0,74.5,FINESTEERING,2437,11659.800,00000000,0000,810;SOL_COMPUTED,NONE,0.000000000,0.000000000,0.000000000,0.0,0.000000000,0.000000000,"",0,0,0,0,0,00,0,0*1f5a3e5b
#HEADINGA,ICOM3,0,74.5,FINESTEERING,2437,11660.000,00000000,0000,810;SOL_COMPUTED,NONE,0.000000000,0.000000000,0.000000000,0.0,0.000000000,0.000000000,"",0,0,0,0,0,00,0,0*0e131f56
#HEADINGA,ICOM3,0,74.5,FINESTEERING,2437,11660.200,00000000,0000,810;SOL_COMPUTED,NONE,0.000000000,0.000000000,0.000000000,0.0,0.000000000,0.000000000,"",0,0,0,0,0,00,0,0*bb320611
#HEADINGA,ICOM3,0,74.1,FINESTEERING,2437,11660.400,00000000,0000,810;SOL_COMPUTED,NONE,0.000000000,0.000000000,0.000000000,0.0,0.000000000,0.000000000,"",0,0,0,0,0,00,0,0*fd828b61
#HEADINGA,ICOM3,0,74.1,FINESTEERING,2437,11660.600,00000000,0000,810;SOL_COMPUTED,NONE,0.000000000,0.000000000,0.000000000,0.0,0.000000000,0.000000000,"",0,0,0,0,0,00,0,0*48a39226
#HEADINGA,ICOM3,0,74.1,FINESTEERING,2437,11660.800,00000000,0000,810;SOL_COMPUTED,NONE,0.000000000,0.000000000,0.000000000,0.0,0.000000000,0.000000000,"",0,0,0,0,0,00,0,0*f5a6d071
#HEADINGA,ICOM3,0,74.1,FINESTEERING,2437,11661.000,00000000,0000,810;SOL_COMPUTED,NONE,0.000000000,0.000000000,0.000000000,0.0,0.000000000,0.000000000,"",0,0,0,0,0,00,0,0*cca0de9f
#HEADINGA,ICOM3,0,74.1,FINESTEERING,2437,11661.200,00000000,0000,810;SOL_COMPUTED,NONE,0.000000000,0.000000000,0.000000000,0.0,0.000000000,0.000000000,"",0,0,0,0,0,00,0,0*7981c7d8
#HEADINGA,ICOM3,0,74.7,FINESTEERING,2437,11661.400,00000000,0000,810;SOL_COMPUTED,NONE,0.000000000,0.000000000,0.000000000,0.0,0.000000000,0.000000000,"",0,0,0,0,0,00,0,0*1e601ad4
#HEADINGA,ICOM3,0,74.7,FINESTEERING,2437,11661.600,00000000,0000,810;SOL_COMPUTED,NONE,0.000000000,0.000000000,0.000000000,0.0,0.000000000,0.000000000,"",0,0,0,0,0,00,0,0*ab410393
#HEADINGA,ICOM3,0,74.7,FINESTEERING,2437,11661.800,00000000,0000,810;SOL_COMPUTED,NONE,0.000000000,0.000000000,0.000000000,0.0,0.000000000,0.000000000,"",0,0,0,0,0,00,0,0*164441c4
#HEADINGA,ICOM3,0,74.7,FINESTEERING,2437,11662.000,00000000,0000,810;SOL_COMPUTED,NONE,0.000000000,0.000000000,0.000000000,0.0,0.000000000,0.000000000,"",0,0,0,0,0,00,0,0*f4118b09
#HEADINGA,ICOM3,0,74.7,FINESTEERING,2437,11662.200,00000000,0000,810;SOL_COMPUTED,NONE,0.000000000,0.000000000,0.000000000,0.0,0.000000000,0.000000000,"",0,0,0,0,0,00,0,0*4130924e
#HEADINGA,ICOM3,0,74.8,FINESTEERING,2437,11662.400,00000000,0000,810;SOL_COMPUTED,NONE,0.000000000,0.000000000,0.000000000,0.0,0.000000000,0.000000000,"",0,0,0,0,0,00,0,0*b33ca68c
#HEADINGA,ICOM3,0,74.8,FINESTEERING,2437,11662.600,00000000,0000,810;SOL_COMPUTED,NONE,0.000000000,0.000000000,0.000000000,0.0,0.000000000,0.000000000,"",0,0,0,0,0,00,0,0*061dbfcb
#HEADINGA,ICOM3,0,74.8,FINESTEERING,2437,11662.800,00000000,0000,810;SOL_COMPUTED,NONE,0.000000000,0.000000000,0.000000000,0.0,0.000000000,0.000000000,"",0,0,0,0,0,00,0,0*bb18fd9c
#HEADINGA,ICOM3,0,74.8,FINESTEERING,2437,11663.000,00000000,0000,810;SOL_COMPUTED,NONE,0.000000000,0.000000000,0.000000000,0.0,0.000000000,0.000000000,"",0,0,0,0,0,00,0,0*821ef372
#HEADINGA,ICOM3,0,74.8,FINESTEERING,2437,11663.200,00000000,0000,810;SOL_COMPUTED,NONE,0.000000000,0.000000000,0.000000000,0.0,0.000000000,0.000000000,"",0,0,0,0,0,00,0,0*373fea35
#HEADINGA,ICOM3,0,74.4,FINESTEERING,2437,11663.400,00000000,0000,810;SOL_COMPUTED,NONE,0.000000000,0.000000000,0.000000000,0.0,0.000000000,0.000000000,"",0,0,0,0,0,00,0,0*f4ca26b5
#HEADINGA,ICOM3,0,74.4,FINESTEERING,2437,11663.600,00000000,0000,810;SOL_COMPUTED,NONE,0.000000000,0.000000000,0.000000000,0.0,0.000000000,0.000000000,"",0,0,0,0,0,00,0,0*41eb3ff2
#HEADINGA,ICOM3,0,74.4,FINESTEERING,2437,11663.800,00000000,0000,810;SOL_COMPUTED,NONE,0.000000000,0.000000000,0.000000000,0.0,0.000000000,0.000000000,"",0,0,0,0,0,00,0,0*fcee7da5
#HEADINGA,ICOM3,0,74.4,FINESTEERING,2437,11664.000,00000000,0000,810;SOL_COMPUTED,NONE,0.000000000,0.000000000,0.000000000,0.0,0.000000000,0.000000000,"",0,0,0,0,0,00,0,0*736d396f
#HEADINGA,ICOM3,0,74.4,FINESTEERING,2437,11664.200,00000000,0000,810;SOL_COMPUTED,NONE,0.000000000,0.000000000,0.000000000,0.0,0.000000000,0.000000000,"",0,0,0,0,0,00,0,0*c64c2028
#HEADINGA,ICOM3,0,74.3,FINESTEERING,2437,11664.400,00000000,0000,810;SOL_COMPUTED,NONE,0.000000000,0.000000000,0.000000000,0.0,0.000000000,0.000000000,"",0,0,0,0,0,00,0,0*b105551a
#HEADINGA,ICOM3,0,74.3,FINESTEERING,2437,11664.600,00000000,0000,810;SOL_COMPUTED,NONE,0.000000000,0.000000000,0.000000000,0.0,0.000000000,0.000000000,"",0,0,0,0,0,00,0,0*04244c5d
#HEADINGA,ICOM3,0,74.3,FINESTEERING,2437,11664.800,00000000,0000,810;SOL_COMPUTED,NONE,0.000000000,0.000000000,0.000000000,0.0,0.000000000,0.000000000,"",0,0,0,0,0,00,0,0*b9210e0a
#HEADINGA,ICOM3,0,74.3,FINESTEERING,2437,11665.000,00000000,0000,810;SOL_COMPUTED,NONE,0.000000000,0.000000000,0.000000000,0.0,0.000000000,0.000000000,"",0,0,0,0,0,00,0,0*802700e4
#HEADINGA,ICOM3,0,74.3,FINESTEERING,2437,11665.200,00000000,0000,810;SOL_COMPUTED,NONE,0.000000000,0.000000000,0.000000000,0.0,0.000000000,0.000000000,"",0,0,0,0,0,00,0,0*350619a3
#HEADINGA,ICOM3,0,74.6,FINESTEERING,2437,11665.400,00000000,0000,810;SOL_COMPUTED,NONE,0.000000000,0.000000000,0.000000000,0.0,0.000000000,0.000000000,"",0,0,0,0,0,00,0,0*631e3ced
#HEADINGA,ICOM3,0,74.6,FINESTEERING,2437,11665.600,00000000,0000,810;SOL_COMPUTED,NONE,0.000000000,0.000000000,0.000000000,0.0,0.000000000,0.000000000,"",0,0,0,0,0,00,0,0*d63f25aa
#HEADINGA,ICOM3,0,74.6,FINESTEERING,2437,11665.800,00000000,0000,810;SOL_COMPUTED,NONE,0.000000000,0.000000000,0.000000000,0.0,0.000000000,0.000000000,"",0,0,0,0,0,00,0,0*6b3a67fd
#HEADINGA,ICOM3,0,74.6,FINESTEERING,2437,11666.000,00000000,0000,810;SOL_COMPUTED,NONE,0.000000000,0.000000000,0.000000000,0.0,0.000000000,0.000000000,"",0,0,0,0,0,00,0,0*896fad30
#HEADINGA,ICOM3,0,74.6,FINESTEERING,2437,11666.200,00000000,0000,810;SOL_COMPUTED,NONE,0.000000000,0.000000000,0.000000000,0.0,0.000000000,0.000000000,"",0,0,0,0,0,00,0,0*3c4eb477
#HEADINGA,ICOM3,0,75.5,FINESTEERING,2437,11666.400,00000000,0000,810;SOL_COMPUTED,NONE,0.000000000,0.000000000,0.000000000,0.0,0.000000000,0.000000000,"",0,0,0,0,0,00,0,0*906d41b2
#HEADINGA,ICOM3,0,75.5,FINESTEERING,2437,11666.600,00000000,0000,810;SOL_COMPUTED,NONE,0.000000000,0.000000000,0.000000000,0.0,0.000000000,0.000000000,"",0,0,0,0,0,00,0,0*254c58f5
#HEADINGA,ICOM3,0,75.5,FINESTEERING,2437,11666.800,00000000,0000,810;SOL_COMPUTED,NONE,0.000000000,0.000000000,0.000000000,0.0,0.000000000,0.000000000,"",0,0,0,0,0,00,0,0*98491aa2
#HEADINGA,ICOM3,0,75.5,FINESTEERING,2437,11667.000,00000000,0000,810;SOL_COMPUTED,NONE,0.000000000,0.000000000,0.000000000,0.0,0.000000000,0.000000000,"",0,0,0,0,0,00,0,0*a14f144c
#HEADINGA,ICOM3,0,75.5,FINESTEERING,2437,11667.200,00000000,0000,810;SOL_COMPUTED,NONE,0.000000000,0.000000000,0.000000000,0.0,0.000000000,0.000000000,"",0,0,0,0,0,00,0,0*146e0d0b
#HEADINGA,ICOM3,0,74.2,FINESTEERING,2437,11667.400,00000000,0000,810;SOL_COMPUTED,NONE,0.000000000,0.000000000,0.000000000,0.0,0.000000000,0.000000000,"",0,0,0,0,0,00,0,0*faef5836
#HEADINGA,ICOM3,0,74.2,FINESTEERING,2437,11667.600,00000000,0000,810;SOL_COMPUTED,NONE,0.000000000,0.000000000,0.000000000,0.0,0.000000000,0.000000000,"",0,0,0,0,0,00,0,0*4fce4171
#HEADINGA,ICOM3,0,74.2,FINESTEERING,2437,11667.800,00000000,0000,810;SOL_COMPUTED,NONE,0.000000000,0.000000000,0.000000000,0.0,0.000000000,0.000000000,"",0,0,0,0,0,00,0,0*f2cb0326
#HEADINGA,ICOM3,0,74.2,FINESTEERING,2437,11668.000,00000000,0000,810;SOL_COMPUTED,NONE,0.000000000,0.000000000,0.000000000,0.0,0.000000000,0.000000000,"",0,0,0,0,0,00,0,0*a6e55be2
#HEADINGA,ICOM3,0,74.2,FINESTEERING,2437,11668.200,00000000,0000,810;SOL_COMPUTED,NONE,0.000000000,0.000000000,0.000000000,0.0,0.000000000,0.000000000,"",0,0,0,0,0,00,0,0*13c442a5
#HEADINGA,ICOM3,0,74.7,FINESTEERING,2437,11668.400,00000000,0000,810;SOL_COMPUTED,NONE,0.000000000,0.000000000,0.000000000,0.0,0.000000000,0.000000000,"",0,0,0,0,0,00,0,0*45dc67eb
#HEADINGA,ICOM3,0,74.7,FINESTEERING,2437,11668.600,00000000,0000,810;SOL_COMPUTED,NONE,0.000000000,0.000000000,0.000000000,0.0,0.000000000,0.000000000,"",0,0,0,0,0,00,0,0*f0fd7eac
#HEADINGA,ICOM3,0,74.7,FINESTEERING,2437,11668.800,00000000,0000,810;SOL_COMPUTED,NONE,0.000000000,0.000000000,0.000000000,0.0,0.000000000,0.000000000,"",0,0,0,0,0,00,0,0*4df83cfb
#HEADINGA,ICOM3,0,74.7,FINESTEERING,2437,11669.000,00000000,0000,810;SOL_COMPUTED,NONE,0.000000000,0.000000000,0.000000000,0.0,0.000000000,0.000000000,"",0,0,0,0,0,00,0,0*74fe3215
#HEADINGA,ICOM3,0,74.7,FINESTEERING,2437,11669.200,00000000,0000,810;SOL_COMPUTED,NONE,0.000000000,0.000000000,0.000000000,0.0,0.000000000,0.000000000,"",0,0,0,0,0,00,0,0*c1df2b52
#HEADINGA,ICOM3,0,74.4,FINESTEERING,2437,11669.400,00000000,0000,810;SOL_COMPUTED,NONE,0.000000000,0.000000000,0.000000000,0.0,0.000000000,0.000000000,"",0,0,0,0,0,00,0,0*f434fe98
#HEADINGA,ICOM3,0,74.4,FINESTEERING,2437,11669.600,00000000,0000,810;SOL_COMPUTED,NONE,0.000000000,0.000000000,0.000000000,0.0,0.000000000,0.000000000,"",0,0,0,0,0,00,0,0*4115e7df
#HEADINGA,ICOM3,0,74.4,FINESTEERING,2437,11669.800,00000000,0000,810;SOL_COMPUTED,NONE,0.000000000,0.000000000,0.000000000,0.0,0.000000000,0.000000000,"",0,0,0,0,0,00,0,0*fc10a588
#HEADINGA,ICOM3,0,74.4,FINESTEERING,2437,11670.000,00000000,0000,810;SOL_COMPUTED,NONE,0.000000000,0.000000000,0.000000000,0.0,0.000000000,0.000000000,"",0,0,0,0,0,00,0,0*4fe5a633
#HEADINGA,ICOM3,0,74.4,FINESTEERING,2437,11670.200,00000000,0000,810;SOL_COMPUTED,NONE,0.000000000,0.000000000,0.000000000,0.0,0.000000000,0.000000000,"",0,0,0,0,0,00,0,0*fac4bf74
#HEADINGA,ICOM3,0,74.4,FINESTEERING,2437,11670.400,00000000,0000,810;SOL_COMPUTED,NONE,0.000000000,0.000000000,0.000000000,0.0,0.000000000,0.000000000,"",0,0,0,0,0,00,0,0*fed692fc
#HEADINGA,ICOM3,0,74.4,FINESTEERING,2437,11670.600,00000000,0000,810;SOL_COMPUTED,NONE,0.000000000,0.000000000,0.000000000,0.0,0.000000000,0.000000000,"",0,0,0,0,0,00,0,0*4bf78bbb
#HEADINGA,ICOM3,0,74.4,FINESTEERING,2437,11670.800,00000000,0000,810;SOL_COMPUTED,NONE,0.000000000,0.000000000,0.000000000,0.0,0.000000000,0.000000000,"",0,0,0,0,0,00,0,0*f6f2c9ec
#HEADINGA,ICOM3,0,74.4,FINESTEERING,2437,11671.000,00000000,0000,810;SOL_COMPUTED,NONE,0.000000000,0.000000000,0.000000000,0.0,0.000000000,0.000000000,"",0,0,0,0,0,00,0,0*cff4c702
#HEADINGA,ICOM3,0,74.4,FINESTEERING,2437,11671.200,00000000,0000,810;SOL_COMPUTED,NONE,0.000000000,0.000000000,0.000000000,0.0,0.000000000,0.000000000,"",0,0,0,0,0,00,0,0*7ad5de45
#HEADINGA,ICOM3,0,75.3,FINESTEERING,2437,11671.400,00000000,0000,810;SOL_COMPUTED,NONE,0.000000000,0.000000000,0.000000000,0.0,0.000000000,0.000000000,"",0,0,0,0,0,00,0,0*94548b78
#HEADINGA,ICOM3,0,75.3,FINESTEERING,2437,11671.600,00000000,0000,810;SOL_COMPUTED,NONE,0.000000000,0.000000000,0.000000000,0.0,0.000000000,0.000000000,"",0,0,0,0,0,00,0,0*2175923f
#HEADINGA,ICOM3,0,75.3,FINESTEERING,2437,11671.800,00000000,0000,810;SOL_COMPUTED,NONE,0.000000000,0.000000000,0.000000000,0.0,0.000000000,0.000000000,"",0,0,0,0,0,00,0,0*9c70d068
#HEADINGA,ICOM3,0,75.3,FINESTEERING,2437,11672.000,00000000,0000,810;SOL_COMPUTED,NONE,0.000000000,0.000000000,0.000000000,0.0,0.000000000,0.000000000,"",0,0,0,0,0,00,0,0*7e251aa5
#HEADINGA,ICOM3,0,75.3,FINESTEERING,2437,11672.200,00000000,0000,810;SOL_COMPUTED,NONE,0.000000000,0.000000000,0.000000000,0.0,0.000000000,0.000000000,"",0,0,0,0,0,00,0,0*cb0403e2
#HEADINGA,ICOM3,0,74.8,FINESTEERING,2437,11672.400,00000000,0000,810;SOL_COMPUTED,NONE,0.000000000,0.000000000,0.000000000,0.0,0.000000000,0.000000000,"",0,0,0,0,0,00,0,0*e262b7d7
#HEADINGA,ICOM3,0,74.8,FINESTEERING,2437,11672.600,00000000,0000,810;SOL_COMPUTED,NONE,0.000000000,0.000000000,0.000000000,0.0,0.000000000,0.000000000,"",0,0,0,0,0,00,0,0*5743ae90
#HEADINGA,ICOM3,0,74.8,FINESTEERING,2437,11672.800,00000000,0000,810;SOL_COMPUTED,NONE,0.000000000,0.000000000,0.000000000,0.0,0.000000000,0.000000000,"",0,0,0,0,0,00,0,0*ea46ecc7
#HEADINGA,ICOM3,0,74.8,FINESTEERING,2437,11673.000,00000000,0000,810;SOL_COMPUTED,NONE,0.000000000,0.000000000,0.000000000,0.0,0.000000000,0.000000000,"",0,0,0,0,0,00,0,0*d340e229
#HEADINGA,ICOM3,0,74.8,FINESTEERING,2437,11673.200,00000000,0000,810;SOL_COMPUTED,NONE,0.000000000,0.000000000,0.000000000,0.0,0.000000000,0.000000000,"",0,0,0,0,0,00,0,0*6661fb6e
#HEADINGA,ICOM3,0,74.9,FINESTEERING,2437,11673.400,00000000,0000,810;SOL_COMPUTED,NONE,0.000000000,0.000000000,0.000000000,0.0,0.000000000,0.000000000,"",0,0,0,0,0,00,0,0*72db7ed8
#HEADINGA,ICOM3,0,74.9,FINESTEERING,2437,11673.600,00000000,0000,810;SOL_COMPUTED,NONE,0.000000000,0.000000000,0.000000000,0.0,0.000000000,0.000000000,"",0,0,0,0,0,00,0,0*c7fa679f
#HEADINGA,ICOM3,0,74.9,FINESTEERING,2437,11673.800,00000000,0000,810;SOL_COMPUTED,NONE,0.000000000,0.000000000,0.000000000,0.0,0.000000000,0.000000000,"",0,0,0,0,0,00,0,0*7aff25c8
#HEADINGA,ICOM3,0,74.9,FINESTEERING,2437,11674.000,00000000,0000,810;SOL_COMPUTED,NONE,0.000000000,0.000000000,0.000000000,0.0,0.000000000,0.000000000,"",0,0,0,0,0,00,0,0*f57c6102
#HEADINGA,ICOM3,0,74.9,FINESTEERING,2437,11674.200,00000000,0000,810;SOL_COMPUTED,NONE,0.000000000,0.000000000,0.000000000,0.0,0.000000000,0.000000000,"",0,0,0,0,0,00,0,0*405d7845
#HEADINGA,ICOM3,0,74.7,FINESTEERING,2437,11674.400,00000000,0000,810;SOL_COMPUTED,NONE,0.000000000,0.000000000,0.000000000,0.0,0.000000000,0.000000000,"",0,0,0,0,0,00,0,0*a2f9e4b9
#HEADINGA,ICOM3,0,74.7,FINESTEERING,2437,11674.600,00000000,0000,810;SOL_COMPUTED,NONE,0.000000000,0.000000000,0.000000000,0.0,0.000000000,0.000000000,"",0,0,0,0,0,00,0,0*17d8fdfe
#HEADINGA,ICOM3,0,74.7,FINESTEERING,2437,11674.800,00000000,0000,810;SOL_COMPUTED,NONE,0.000000000,0.000000000,0.000000000,0.0,0.000000000,0.000000000,"",0,0,0,0,0,00,0,0*aaddbfa9
#HEADINGA,ICOM3,0,74.7,FINESTEERING,2437,11675.000,00000000,0000,810;SOL_COMPUTED,NONE,0.000000000,0.000000000,0.000000000,0.0,0.000000000,0.000000000,"",0,0,0,0,0,00,0,0*93dbb147
#HEADINGA,ICOM3,0,74.7,FINESTEERING,2437,11675.200,00000000,0000,810;SOL_COMPUTED,NONE,0.000000000,0.000000000,0.000000000,0.0,0.000000000,0.000000000,"",0,0,0,0,0,00,0,0*26faa800
#HEADINGA,ICOM3,0,74.5,FINESTEERING,2437,11675.400,00000000,0000,810;SOL_COMPUTED,NONE,0.000000000,0.000000000,0.000000000,0.0,0.000000000,0.000000000,"",0,0,0,0,0,00,0,0*03b9d5f4
#HEADINGA,ICOM3,0,74.5,FINESTEERING,2437,11675.600,00000000,0000,810;SOL_COMPUTED,NONE,0.000000000,0.000000000,0.000000000,0.0,0.000000000,0.000000000,"",0,0,0,0,0,00,0,0*b698ccb3
#HEADINGA,ICOM3,0,74.5,FINESTEERING,2437,11675.800,00000000,0000,810;SOL_COMPUTED,NONE,0.000000000,0.000000000,0.000000000,0.0,0.000000000,0.000000000,"",0,0,0,0,0,00,0,0*0b9d8ee4
#HEADINGA,ICOM3,0,74.5,FINESTEERING,2437,11676.000,00000000,0000,810;SOL_COMPUTED,NONE,0.000000000,0.000000000,0.000000000,0.0,0.000000000,0.000000000,"",0,0,0,0,0,00,0,0*e9c84429
#HEADINGA,ICOM3,0,74.5,FINESTEERING,2437,11676.200,00000000,0000,810;SOL_COMPUTED,NONE,0.000000000,0.000000000,0.000000000,0.0,0.000000000,0.000000000,"",0,0,0,0,0,00,0,0*5ce95d6e
#HEADINGA,ICOM3,0,73.7,FINESTEERING,2437,11676.400,00000000,0000,810;SOL_COMPUTED,NONE,0.000000000,0.000000000,0.000000000,0.0,0.000000000,0.000000000,"",0,0,0,0,0,00,0,0*0230cc35
#HEADINGA,ICOM3,0,73.7,FINESTEERING,2437,11676.600,00000000,0000,810;SOL_COMPUTED,NONE,0.000000000,0.000000000,0.000000000,0.0,0.000000000,0.000000000,"",0,0,0,0,0,00,0,0*b711d572
#HEADINGA,ICOM3,0,73.7,FINESTEERING,2437,11676.800,00000000,0000,810;SOL_COMPUTED,NONE,0.000000000,0.000000000,0.000000000,0.0,0.000000000,0.000000000,"",0,0,0,0,0,00,0,0*0a149725
#HEADINGA,ICOM3,0,73.7,FINESTEERING,2437,11677.000,00000000,0000,810;SOL_COMPUTED,NONE,0.000000000,0.000000000,0.000000000,0.0,0.000000000,0.000000000,"",0,0,0,0,0,00,0,0*331299cb
#HEADINGA,ICOM3,0,73.7,FINESTEERING,2437,11677.200,00000000,0000,810;SOL_COMPUTED,NONE,0.000000000,0.000000000,0.000000000,0.0,0.000000000,0.000000000,"",0,0,0,0,0,00,0,0*8633808c
#HEADINGA,ICOM3,0,72.4,FINESTEERING,2437,11677.400,00000000,0000,810;SOL_COMPUTED,NONE,0.000000000,0.000000000,0.000000000,0.0,0.000000000,0.000000000,"",0,0,0,0,0,00,0,0*2a107549
#HEADINGA,ICOM3,0,72.4,FINESTEERING,2437,11677.600,00000000,0000,810;SOL_COMPUTED,NONE,0.000000000,0.000000000,0.000000000,0.0,0.000000000,0.000000000,"",0,0,0,0,0,00,0,0*9f316c0e
#HEADINGA,ICOM3,0,72.4,FINESTEERING,2437,11677.800,00000000,0000,810;SOL_COMPUTED,NONE,0.000000000,0.000000000,0.000000000,0.0,0.000000000,0.000000000,"",0,0,0,0,0,00,0,0*22342e59
#HEADINGA,ICOM3,0,72.4,FINESTEERING,2437,11678.000,00000000,0000,810;SOL_COMPUTED,NONE,0.000000000,0.000000000,0.000000000,0.0,0.000000000,0.000000000,"",0,0,0,0,0,00,0,0*761a769d
#HEADINGA,ICOM3,0,72.4,FINESTEERING,2437,11678.200,00000000,0000,810;SOL_COMPUTED,NONE,0.000000000,0.000000000,0.000000000,0.0,0.000000000,0.000000000,"",0,0,0,0,0,00,0,0*c33b6fda
#HEADINGA,ICOM3,0,72.1,FINESTEERING,2437,11678.400,00000000,0000,810;SOL_COMPUTED,NONE,0.000000000,0.000000000,0.000000000,0.0,0.000000000,0.000000000,"",0,0,0,0,0,00,0,0*95234a94
#HEADINGA,ICOM3,0,72.1,FINESTEERING,2437,11678.600,00000000,0000,810;SOL_COMPUTED,NONE,0.000000000,0.000000000,0.000000000,0.0,0.000000000,0.000000000,"",0,0,0,0,0,00,0,0*200253d3
#HEADINGA,ICOM3,0,72.1,FINESTEERING,2437,11678.800,00000000,0000,810;SOL_COMPUTED,NONE,0.000000000,0.000000000,0.000000000,0.0,0.000000000,0.000000000,"",0,0,0,0,0,00,0,0*9d071184
#HEADINGA,ICOM3,0,72.1,FINESTEERING,2437,11679.000,00000000,0000,810;SOL_COMPUTED,NONE,0.000000000,0.000000000,0.000000000,0.0,0.000000000,0.000000000,"",0,0,0,0,0,00,0,0*a4011f6a
#HEADINGA,ICOM3,0,72.1,FINESTEERING,2437,11679.200,00000000,0000,810;SOL_COMPUTED,NONE,0.000000000,0.000000000,0.000000000,0.0,0.000000000,0.000000000,"",0,0,0,0,0,00,0,0*1120062d
#HEADINGA,ICOM3,0,74.4,FINESTEERING,2437,11679.400,00000000,0000,810;SOL_COMPUTED,NONE,0.000000000,0.000000000,0.000000000,0.0,0.000000000,0.000000000,"",0,0,0,0,0,00,0,0*a56aefc3
#HEADINGA,ICOM3,0,74.4,FINESTEERING,2437,11679.600,00000000,0000,810;SOL_COMPUTED,NONE,0.000000000,0.000000000,0.000000000,0.0,0.000000000,0.000000000,"",0,0,0,0,0,00,0,0*104bf684
#HEADINGA,ICOM3,0,74.4,FINESTEERING,2437,11679.800,00000000,0000,810;SOL_COMPUTED,NONE,0.000000000,0.000000000,0.000000000,0.0,0.000000000,0.000000000,"",0,0,0,0,0,00,0,0*ad4eb4d3
#HEADINGA,ICOM3,0,74.4,FINESTEERING,2437,11680.000,00000000,0000,810;SOL_COMPUTED,NONE,0.000000000,0.000000000,0.000000000,0.0,0.000000000,0.000000000,"",0,0,0,0,0,00,0,0*c56d56e8
#HEADINGA,ICOM3,0,74.4,FINESTEERING,2437,11680.200,00000000,0000,810;SOL_COMPUTED,NONE,0.000000000,0.000000000,0.000000000,0.0,0.000000000,0.000000000,"",0,0,0,0,0,00,0,0*704c4faf
#HEADINGA,ICOM3,0,73.4,FINESTEERING,2437,11680.400,00000000,0000,810;SOL_COMPUTED,NONE,0.000000000,0.000000000,0.000000000,0.0,0.000000000,0.000000000,"",0,0,0,0,0,00,0,0*0fc48e88
#HEADINGA,ICOM3,0,73.4,FINESTEERING,2437,11680.600,00000000,0000,810;SOL_COMPUTED,NONE,0.000000000,0.000000000,0.000000000,0.0,0.000000000,0.000000000,"",0,0,0,0,0,00,0,0*bae597cf
#HEADINGA,ICOM3,0,73.4,FINESTEERING,2437,11680.800,00000000,0000,810;SOL_COMPUTED,NONE,0.000000000,0.000000000,0.000000000,0.0,0.000000000,0.000000000,"",0,0,0,0,0,00,0,0*07e0d598
#HEADINGA,ICOM3,0,73.4,FINESTEERING,2437,11681.000,00000000,0000,810;SOL_COMPUTED,NONE,0.000000000,0.000000000,0.000000000,0.0,0.000000000,0.000000000,"",0,0,0,0,0,00,0,0*3ee6db76
#HEADINGA,ICOM3,0,73.4,FINESTEERING,2437,11681.200,00000000,0000,810;SOL_COMPUTED,NONE,0.000000000,0.000000000,0.000000000,0.0,0.000000000,0.000000000,"",0,0,0,0,0,00,0,0*8bc7c231
#HEADINGA,ICOM3,0,73.4,FINESTEERING,2437,11681.400,00000000,0000,810;SOL_COMPUTED,NONE,0.000000000,0.000000000,0.000000000,0.0,0.000000000,0.000000000,"",0,0,0,0,0,00,0,0*8fd5efb9
#HEADINGA,ICOM3,0,73.4,FINESTEERING,2437,11681.600,00000000,0000,810;SOL_COMPUTED,NONE,0.000000000,0.000000000,0.000000000,0.0,0.000000000,0.000000000,"",0,0,0,0,0,00,0,0*3af4f6fe
#HEADINGA,ICOM3,0,73.4,FINESTEERING,2437,11681.800,00000000,0000,810;SOL_COMPUTED,NONE,0.000000000,0.000000000,0.000000000,0.0,0.000000000,0.000000000,"",0,0,0,0,0,00,0,0*87f1b4a9
#HEADINGA,ICOM3,0,73.4,FINESTEERING,2437,11682.000,00000000,0000,810;SOL_COMPUTED,NONE,0.000000000,0.000000000,0.000000000,0.0,0.000000000,0.000000000,"",0,0,0,0,0,00,0,0*65a47e64
#HEADINGA,ICOM3,0,73.4,FINESTEERING,2437,11682.200,00000000,0000,810;SOL_COMPUTED,NONE,0.000000000,0.000000000,0.000000000,0.0,0.000000000,0.000000000,"",0,0,0,0,0,00,0,0*d0856723
#HEADINGA,ICOM3,0,74.0,FINESTEERING,2437,11682.400,00000000,0000,810;SOL_COMPUTED,NONE,0.000000000,0.000000000,0.000000000,0.0,0.000000000,0.000000000,"",0,0,0,0,0,00,0,0*edaf06fc
#HEADINGA,ICOM3,0,74.0,FINESTEERING,2437,11682.600,00000000,0000,810;SOL_COMPUTED,NONE,0.000000000,0.000000000,0.000000000,0.0,0.000000000,0.000000000,"",0,0,0,0,0,00,0,0*588e1fbb
#HEADINGA,ICOM3,0,74.0,FINESTEERING,2437,11682.800,00000000,0000,810;SOL_COMPUTED,NONE,0.000000000,0.000000000,0.000000000,0.0,0.000000000,0.000000000,"",0,0,0,0,0,00,0,0*e58b5dec
#HEADINGA,ICOM3,0,74.0,FINESTEERING,2437,11683.000,00000000,0000,810;SOL_COMPUTED,NONE,0.000000000,0.000000000,0.000000000,0.0,0.000000000,0.000000000,"",0,0,0,0,0,00,0,0*dc8d5302
#HEADINGA,ICOM3,0,74.0,FINESTEERING,2437,11683.200,00000000,0000,810;SOL_COMPUTED,NONE,0.000000000,0.000000000,0.000000000,0.0,0.000000000,0.000000000,"",0,0,0,0,0,00,0,0*69ac4a45
#HEADINGA,ICOM3,0,73.6,FINESTEERING,2437,11683.400,00000000,0000,810;SOL_COMPUTED,NONE,0.000000000,0.000000000,0.000000000,0.0,0.000000000,0.000000000,"",0,0,0,0,0,00,0,0*75d77be6
#HEADINGA,ICOM3,0,73.6,FINESTEERING,2437,11683.600,00000000,0000,810;SOL_COMPUTED,NONE,0.000000000,0.000000000,0.000000000,0.0,0.000000000,0.000000000,"",0,0,0,0,0,00,0,0*c0f662a1
#HEADINGA,ICOM3,0,73.6,FINESTEERING,2437,11683.800,00000000,0000,810;SOL_COMPUTED,NONE,0.000000000,0.000000000,0.000000000,0.0,0.000000000,0.000000000,"",0,0,0,0,0,00,0,0*7df320f6
#HEADINGA,ICOM3,0,73.6,FINESTEERING,2437,11684.000,00000000,0000,810;SOL_COMPUTED,NONE,0.000000000,0.000000000,0.000000000,0.0,0.000000000,0.000000000,"",0,0,0,0,0,00,0,0*f270643c
#HEADINGA,ICOM3,0,73.6,FINESTEERING,2437,11684.200,00000000,0000,810;SOL_COMPUTED,NONE,0.000000000,0.000000000,0.000000000,0.0,0.000000000,0.000000000,"",0,0,0,0,0,00,0,0*47517d7b
#HEADINGA,ICOM3,0,73.5,FINESTEERING,2437,11684.400,00000000,0000,810;SOL_COMPUTED,NONE,0.000000000,0.000000000,0.000000000,0.0,0.000000000,0.000000000,"",0,0,0,0,0,00,0,0*72baa8b1
#HEADINGA,ICOM3,0,73.5,FINESTEERING,2437,11684.600,00000000,0000,810;SOL_COMPUTED,NONE,0.000000000,0.000000000,0.000000000,0.0,0.000000000,0.000000000,"",0,0,0,0,0,00,0,0*c79bb1f6
#HEADINGA,ICOM3,0,73.5,FINESTEERING,2437,11684.800,00000000,0000,810;SOL_COMPUTED,NONE,0.000000000,0.000000000,0.000000000,0.0,0.000000000,0.000000000,"",0,0,0,0,0,00,0,0*7a9ef3a1
#HEADINGA,ICOM3,0,73.5,FINESTEERING,2437,11685.000,00000000,0000,810;SOL_COMPUTED,NONE,0.000000000,0.000000000,0.000000000,0.0,0.000000000,0.000000000,"",0,0,0,0,0,00,0,0*4398fd4f
#HEADINGA,ICOM3,0,73.5,FINESTEERING,2437,11685.200,00000000,0000,810;SOL_COMPUTED,NONE,0.000000000,0.000000000,0.000000000,0.0,0.000000000,0.000000000,"",0,0,0,0,0,00,0,0*f6b9e408
#HEADINGA,ICOM3,0,73.4,FINESTEERING,2437,11685.400,00000000,0000,810;SOL_COMPUTED,NONE,0.000000000,0.000000000,0.000000000,0.0,0.000000000,0.000000000,"",0,0,0,0,0,00,0,0*e20361be
#HEADINGA,ICOM3,0,73.4,FINESTEERING,2437,11685.600,00000000,0000,810;SOL_COMPUTED,NONE,0.000000000,0.000000000,0.000000000,0.0,0.000000000,0.000000000,"",0,0,0,0,0,00,0,0*572278f9
#HEADINGA,ICOM3,0,73.4,FINESTEERING,2437,11685.800,00000000,0000,810;SOL_COMPUTED,NONE,0.000000000,0.000000000,0.000000000,0.0,0.000000000,0.000000000,"",0,0,0,0,0,00,0,0*ea273aae
#HEADINGA,ICOM3,0,73.4,FINESTEERING,2437,11686.000,00000000,0000,810;SOL_COMPUTED,NONE,0.000000000,0.000000000,0.000000000,0.0,0.000000000,0.000000000,"",0,0,0,0,0,00,0,0*0872f063
#HEADINGA,ICOM3,0,73.4,FINESTEERING,2437,11686.200,00000000,0000,810;SOL_COMPUTED,NONE,0.000000000,0.000000000,0.000000000,0.0,0.000000000,0.000000000,"",0,0,0,0,0,00,0,0*bd53e924
#HEADINGA,ICOM3,0,74.6,FINESTEERING,2437,11686.400,00000000,0000,810;SOL_COMPUTED,NONE,0.000000000,0.000000000,0.000000000,0.0,0.000000000,0.000000000,"",0,0,0,0,0,00,0,0*e38a787f
#HEADINGA,ICOM3,0,74.6,FINESTEERING,2437,11686.600,00000000,0000,810;SOL_COMPUTED,NONE,0.000000000,0.000000000,0.000000000,0.0,0.000000000,0.000000000,"",0,0,0,0,0,00,0,0*56ab6138
#HEADINGA,ICOM3,0,74.6,FINESTEERING,2437,11686.800,00000000,0000,810;SOL_COMPUTED,NONE,0.000000000,0.000000000,0.000000000,0.0,0.000000000,0.000000000,"",0,0,0,0,0,00,0,0*ebae236f
#HEADINGA,ICOM3,0,74.6,FINESTEERING,2437,11687.000,00000000,0000,810;SOL_COMPUTED,NONE,0.000000000,0.000000000,0.000000000,0.0,0.000000000,0.000000000,"",0,0,0,0,0,00,0,0*d2a82d81
#HEADINGA,ICOM3,0,74.6,FINESTEERING,2437,11687.200,00000000,0000,810;SOL_COMPUTED,NONE,0.000000000,0.000000000,0.000000000,0.0,0.000000000,0.000000000,"",0,0,0,0,0,00,0,0*678934c6
#HEADINGA,ICOM3,0,74.4,FINESTEERING,2437,11687.400,00000000,0000,810;SOL_COMPUTED,NONE,0.000000000,0.000000000,0.000000000,0.0,0.000000000,0.000000000,"",0,0,0,0,0,00,0,0*42ca4932
#HEADINGA,ICOM3,0,74.4,FINESTEERING,2437,11687.600,00000000,0000,810;SOL_COMPUTED,NONE,0.000000000,0.000000000,0.000000000,0.0,0.000000000,0.000000000,"",0,0,0,0,0,00,0,0*f7eb5075
#HEADINGA,ICOM3,0,74.4,FINESTEERING,2437,11687.800,00000000,0000,810;SOL_COMPUTED,NONE,0.000000000,0.000000000,0.000000000,0.0,0.000000000,0.000000000,"",0,0,0,0,0,00,0,0*4aee1222
#HEADINGA,ICOM3,0,74.4,FINESTEERING,2437,11688.000,00000000,0000,810;SOL_COMPUTED,NONE,0.000000000,0.000000000,0.000000000,0.0,0.000000000,0.000000000,"",0,0,0,0,0,00,0,0*1ec04ae6
#HEADINGA,ICOM3,0,74.4,FINESTEERING,2437,11688.200,00000000,0000,810;SOL_COMPUTED,NONE,0.000000000,0.000000000,0.000000000,0.0,0.000000000,0.000000000,"",0,0,0,0,0,00,0,0*abe153a1
#HEADINGA,ICOM3,0,75.0,FINESTEERING,2437,11688.400,00000000,0000,810;SOL_COMPUTED,NONE,0.000000000,0.000000000,0.000000000,0.0,0.000000000,0.000000000,"",0,0,0,0,0,00,0,0*7499fede
#HEADINGA,ICOM3,0,75.0,FINESTEERING,2437,11688.600,00000000,0000,810;SOL_COMPUTED,NONE,0.000000000,0.000000000,0.000000000,0.0,0.000000000,0.000000000,"",0,0,0,0,0,00,0,0*c1b8e799
#HEADINGA,ICOM3,0,75.0,FINESTEERING,2437,11688.800,00000000,0000,810;SOL_COMPUTED,NONE,0.000000000,0.000000000,0.000000000,0.0,0.000000000,0.000000000,"",0,0,0,0,0,00,0,0*7cbda5ce
#HEADINGA,ICOM3,0,75.0,FINESTEERING,2437,11689.000,00000000,0000,810;SOL_COMPUTED,NONE,0.000000000,0.000000000,0.000000000,0.0,0.000000000,0.000000000,"",0,0,0,0,0,00,0,0*45bbab20
#HEADINGA,ICOM3,0,75.0,FINESTEERING,2437,11689.200,00000000,0000,810;SOL_COMPUTED,NONE,0.000000000,0.000000000,0.000000000,0.0,0.000000000,0.000000000,"",0,0,0,0,0,00,0,0*f09ab267
#HEADINGA,ICOM3,0,73.5,FINESTEERING,2437,11689.400,00000000,0000,810;SOL_COMPUTED,NONE,0.000000000,0.000000000,0.000000000,0.0,0.000000000,0.000000000,"",0,0,0,0,0,00,0,0*44d05b89
#HEADINGA,ICOM3,0,73.5,FINESTEERING,2437,11689.600,00000000,0000,810;SOL_COMPUTED,NONE,0.000000000,0.000000000,0.000000000,0.0,0.000000000,0.000000000,"",0,0,0,0,0,00,0,0*f1f142ce
#HEADINGA,ICOM3,0,73.5,FINESTEERING,2437,11689.800,00000000,0000,810;SOL_COMPUTED,NONE,0.000000000,0.000000000,0.000000000,0.0,0.000000000,0.000000000,"",0,0,0,0,0,00,0,0*4cf40099
#HEADINGA,ICOM3,0,73.5,FINESTEERING,2437,11690.000,00000000,0000,810;SOL_COMPUTED,NONE,0.000000000,0.000000000,0.000000000,0.0,0.000000000,0.000000000,"",0,0,0,0,0,00,0,0*ff010322
#HEADINGA,ICOM3,0,73.5,FINESTEERING,2437,11690.200,00000000,0000,810;SOL_COMPUTED,NONE,0.000000000,0.000000000,0.000000000,0.0,0.000000000,0.000000000,"",0,0,0,0,0,00,0,0*4a201a65
#HEADINGA,ICOM3,0,73.8,FINESTEERING,2437,11690.400,00000000,0000,810;SOL_COMPUTED,NONE,0.000000000,0.000000000,0.000000000,0.0,0.000000000,0.000000000,"",0,0,0,0,0,00,0,0*997d7edb
#HEADINGA,ICOM3,0,73.8,FINESTEERING,2437,11690.600,00000000,0000,810;SOL_COMPUTED,NONE,0.000000000,0.000000000,0.000000000,0.0,0.000000000,0.000000000,"",0,0,0,0,0,00,0,0*2c5c679c
#HEADINGA,ICOM3,0,73.8,FINESTEERING,2437,11690.800,00000000,0000,810;SOL_COMPUTED,NONE,0.000000000,0.000000000,0.000000000,0.0,0.000000000,0.000000000,"",0,0,0,0,0,00,0,0*915925cb
#HEADINGA,ICOM3,0,73.8,FINESTEERING,2437,11691.000,00000000,0000,810;SOL_COMPUTED,NONE,0.000000000,0.000000000,0.000000000,0.0,0.000000000,0.000000000,"",0,0,0,0,0,00,0,0*a85f2b25
#HEADINGA,ICOM3,0,73.8,FINESTEERING,2437,11691.200,00000000,0000,810;SOL_COMPUTED,NONE,0.000000000,0.000000000,0.000000000,0.0,0.000000000,0.000000000,"",0,0,0,0,0,00,0,0*1d7e3262
#HEADINGA,ICOM3,0,74.0,FINESTEERING,2437,11691.400,00000000,0000,810;SOL_COMPUTED,NONE,0.000000000,0.000000000,0.000000000,0.0,0.000000000,0.000000000,"",0,0,0,0,0,00,0,0*e7b3b2b5
#HEADINGA,ICOM3,0,74.0,FINESTEERING,2437,11691.600,00000000,0000,810;SOL_COMPUTED,NONE,0.000000000,0.000000000,0.000000000,0.0,0.000000000,0.000000000,"",0,0,0,0,0,00,0,0*5292abf2
#HEADINGA,ICOM3,0,74.0,FINESTEERING,2437,11691.800,00000000,0000,810;SOL_COMPUTED,NONE,0.000000000,0.000000000,0.000000000,0.0,0.000000000,0.000000000,"",0,0,0,0,0,00,0,0*ef97e9a5
#HEADINGA,ICOM3,0,74.0,FINESTEERING,2437,11692.000,00000000,0000,810;SOL_COMPUTED,NONE,0.000000000,0.000000000,0.000000000,0.0,0.000000000,0.000000000,"",0,0,0,0,0,00,0,0*0dc22368
#HEADINGA,ICOM3,0,74.0,FINESTEERING,2437,11692.200,00000000,0000,810;SOL_COMPUTED,NONE,0.000000000,0.000000000,0.000000000,0.0,0.000000000,0.000000000,"",0,0,0,0,0,00,0,0*b8e33a2f
#HEADINGA,ICOM3,0,74.1,FINESTEERING,2437,11692.400,00000000,0000,810;SOL_COMPUTED,NONE,0.000000000,0.000000000,0.000000000,0.0,0.000000000,0.000000000,"",0,0,0,0,0,00,0,0*ac59bf99
#HEADINGA,ICOM3,0,74.1,FINESTEERING,2437,11692.600,00000000,0000,810;SOL_COMPUTED,NONE,0.000000000,0.000000000,0.000000000,0.0,0.000000000,0.000000000,"",0,0,0,0,0,00,0,0*1978a6de
#HEADINGA,ICOM3,0,74.1,FINESTEERING,2437,11692.800,00000000,0000,810;SOL_COMPUTED,NONE,0.000000000,0.000000000,0.000000000,0.0,0.000000000,0.000000000,"",0,0,0,0,0,00,0,0*a47de489
#HEADINGA,ICOM3,0,74.1,FINESTEERING,2437,11693.000,00000000,0000,810;SOL_COMPUTED,NONE,0.000000000,0.000000000,0.000000000,0.0,0.000000000,0.000000000,"",0,0,0,0,0,00,0,0*9d7bea67
#HEADINGA,ICOM3,0,74.1,FINESTEERING,2437,11693.200,00000000,0000,810;SOL_COMPUTED,NONE,0.000000000,0.000000000,0.000000000,0.0,0.000000000,0.000000000,"",0,0,0,0,0,00,0,0*285af320
#HEADINGA,ICOM3,0,74.1,FINESTEERING,2437,11693.400,00000000,0000,810;SOL_COMPUTED,NONE,0.000000000,0.000000000,0.000000000,0.0,0.000000000,0.000000000,"",0,0,0,0,0,00,0,0*2c48dea8
#HEADINGA,ICOM3,0,74.1,FINESTEERING,2437,11693.600,00000000,0000,810;SOL_COMPUTED,NONE,0.000000000,0.000000000,0.000000000,0.0,0.000000000,0.000000000,"",0,0,0,0,0,00,0,0*9969c7ef
#HEADINGA,ICOM3,0,74.1,FINESTEERING,2437,11693.800,00000000,0000,810;SOL_COMPUTED,NONE,0.000000000,0.000000000,0.000000000,0.0,0.000000000,0.000000000,"",0,0,0,0,0,00,0,0*246c85b8
#HEADINGA,ICOM3,0,74.1,FINESTEERING,2437,11694.000,00000000,0000,810;SOL_COMPUTED,NONE,0.000000000,0.000000000,0.000000000,0.0,0.000000000,0.000000000,"",0,0,0,0,0,00,0,0*abefc172
#HEADINGA,ICOM3,0,74.1,FINESTEERING,2437,11694.200,00000000,0000,810;SOL_COMPUTED,NONE,0.000000000,0.000000000,0.000000000,0.0,0.000000000,0.000000000,"",0,0,0,0,0,00,0,0*1eced835
#HEADINGA,ICOM3,0,74.8,FINESTEERING,2437,11694.400,00000000,0000,810;SOL_COMPUTED,NONE,0.000000000,0.000000000,0.000000000,0.0,0.000000000,0.000000000,"",0,0,0,0,0,00,0,0*8f311c73
#HEADINGA,ICOM3,0,74.8,FINESTEERING,2437,11694.600,00000000,0000,810;SOL_COMPUTED,NONE,0.000000000,0.000000000,0.000000000,0.0,0.000000000,0.000000000,"",0,0,0,0,0,00,0,0*3a100534
#HEADINGA,ICOM3,0,74.8,FINESTEERING,2437,11694.800,00000000,0000,810;SOL_COMPUTED,NONE,0.000000000,0.000000000,0.000000000,0.0,0.000000000,0.000000000,"",0,0,0,0,0,00,0,0*87154763
#HEADINGA,ICOM3,0,74.8,FINESTEERING,2437,11695.000,00000000,0000,810;SOL_COMPUTED,NONE,0.000000000,0.000000000,0.000000000,0.0,0.000000000,0.000000000,"",0,0,0,0,0,00,0,0*be13498d
#HEADINGA,ICOM3,0,74.8,FINESTEERING,2437,11695.200,00000000,0000,810;SOL_COMPUTED,NONE,0.000000000,0.000000000,0.000000000,0.0,0.000000000,0.000000000,"",0,0,0,0,0,00,0,0*0b3250ca
#HEADINGA,ICOM3,0,73.8,FINESTEERING,2437,11695.400,00000000,0000,810;SOL_COMPUTED,NONE,0.000000000,0.000000000,0.000000000,0.0,0.000000000,0.000000000,"",0,0,0,0,0,00,0,0*74ba91ed
#HEADINGA,ICOM3,0,73.8,FINESTEERING,2437,11695.600,00000000,0000,810;SOL_COMPUTED,NONE,0.000000000,0.000000000,0.000000000,0.0,0.000000000,0.000000000,"",0,0,0,0,0,00,0,0*c19b88aa
#HEADINGA,ICOM3,0,73.8,FINESTEERING,2437,11695.800,00000000,0000,810;SOL_COMPUTED,NONE,0.000000000,0.000000000,0.000000000,0.0,0.000000000,0.000000000,"",0,0,0,0,0,00,0,0*7c9ecafd
#HEADINGA,ICOM3,0,73.8,FINESTEERING,2437,11696.000,00000000,0000,810;SOL_COMPUTED,NONE,0.000000000,0.000000000,0.000000000,0.0,0.000000000,0.000000000,"",0,0,0,0,0,00,0,0*9ecb0030
#HEADINGA,ICOM3,0,73.8,FINESTEERING,2437,11696.200,00000000,0000,810;SOL_COMPUTED,NONE,0.000000000,0.000000000,0.000000000,0.0,0.000000000,0.000000000,"",0,0,0,0,0,00,0,0*2bea1977
#HEADINGA,ICOM3,0,74.5,FINESTEERING,2437,11696.400,00000000,0000,810;SOL_COMPUTED,NONE,0.000000000,0.000000000,0.000000000,0.0,0.000000000,0.000000000,"",0,0,0,0,0,00,0,0*832d9166
#HEADINGA,ICOM3,0,74.5,FINESTEERING,2437,11696.600,00000000,0000,810;SOL_COMPUTED,NONE,0.000000000,0.000000000,0.000000000,0.0,0.000000000,0.000000000,"",0,0,0,0,0,00,0,0*360c8821
#HEADINGA,ICOM3,0,74.5,FINESTEERING,2437,11696.800,00000000,0000,810;SOL_COMPUTED,NONE,0.000000000,0.000000000,0.000000000,0.0,0.000000000,0.000000000,"",0,0,0,0,0,00,0,0*8b09ca76
#HEADINGA,ICOM3,0,74.5,FINESTEERING,2437,11697.000,00000000,0000,810;SOL_COMPUTED,NONE,0.000000000,0.000000000,0.000000000,0.0,0.000000000,0.000000000,"",0,0,0,0,0,00,0,0*b20fc498
#HEADINGA,ICOM3,0,74.5,FINESTEERING,2437,11697.200,00000000,0000,810;SOL_COMPUTED,NONE,0.000000000,0.000000000,0.000000000,0.0,0.000000000,0.000000000,"",0,0,0,0,0,00,0,0*072edddf
#HEADINGA,ICOM3,0,73.8,FINESTEERING,2437,11697.400,00000000,0000,810;SOL_COMPUTED,NONE,0.000000000,0.000000000,0.000000000,0.0,0.000000000,0.000000000,"",0,0,0,0,0,00,0,0*afe955ce
#HEADINGA,ICOM3,0,73.8,FINESTEERING,2437,11697.600,00000000,0000,810;SOL_COMPUTED,NONE,0.000000000,0.000000000,0.000000000,0.0,0.000000000,0.000000000,"",0,0,0,0,0,00,0,0*1ac84c89
#HEADINGA,ICOM3,0,73.8,FINESTEERING,2437,11697.800,00000000,0000,810;SOL_COMPUTED,NONE,0.000000000,0.000000000,0.000000000,0.0,0.000000000,0.000000000,"",0,0,0,0,0,00,0,0*a7cd0ede
#HEADINGA,ICOM3,0,73.8,FINESTEERING,2437,11698.000,00000000,0000,810;SOL_COMPUTED,NONE,0.000000000,0.000000000,0.000000000,0.0,0.000000000,0.000000000,"",0,0,0,0,0,00,0,0*f3e3561a
#HEADINGA,ICOM3,0,73.8,FINESTEERING,2437,11698.200,00000000,0000,810;SOL_COMPUTED,NONE,0.000000000,0.000000000,0.000000000,0.0,0.000000000,0.000000000,"",0,0,0,0,0,00,0,0*46c24f5d
#HEADINGA,ICOM3,0,74.5,FINESTEERING,2437,11698.400,00000000,0000,810;SOL_COMPUTED,NONE,0.000000000,0.000000000,0.000000000,0.0,0.000000000,0.000000000,"",0,0,0,0,0,00,0,0*ee05c74c
#HEADINGA,ICOM3,0,74.5,FINESTEERING,2437,11698.600,00000000,0000,810;SOL_COMPUTED,NONE,0.000000000,0.000000000,0.000000000,0.0,0.000000000,0.000000000,"",0,0,0,0,0,00,0,0*5b24de0b
#HEADINGA,ICOM3,0,74.5,FINESTEERING,2437,11698.800,00000000,0000,810;SOL_COMPUTED,NONE,0.000000000,0.000000000,0.000000000,0.0,0.000000000,0.000000000,"",0,0,0,0,0,00,0,0*e6219c5c
#HEADINGA,ICOM3,0,74.5,FINESTEERING,2437,11699.000,00000000,0000,810;SOL_COMPUTED,NONE,0.000000000,0.000000000,0.000000000,0.0,0.000000000,0.000000000,"",0,0,0,0,0,00,0,0*df2792b2
#HEADINGA,ICOM3,0,74.5,FINESTEERING,2437,11699.200,00000000,0000,810;SOL_COMPUTED,NONE,0.000000000,0.000000000,0.000000000,0.0,0.000000000,0.000000000,"",0,0,0,0,0,00,0,0*6a068bf5
#HEADINGA,ICOM3,0,74.7,FINESTEERING,2437,11699.400,00000000,0000,810;SOL_COMPUTED,NONE,0.000000000,0.000000000,0.000000000,0.0,0.000000000,0.000000000,"",0,0,0,0,0,00,0,0*4f45f601
#HEADINGA,ICOM3,0,74.7,FINESTEERING,2437,11699.600,00000000,0000,810;SOL_COMPUTED,NONE,0.000000000,0.000000000,0.000000000,0.0,0.000000000,0.000000000,"",0,0,0,0,0,00,0,0*fa64ef46
#HEADINGA,ICOM3,0,74.7,FINESTEERING,2437,11699.800,00000000,0000,810;SOL_COMPUTED,NONE,0.000000000,0.000000000,0.000000000,0.0,0.000000000,0.000000000,"",0,0,0,0,0,00,0,0*4761ad11
#HEADINGA,ICOM3,0,74.7,FINESTEERING,2437,11700.000,00000000,0000,810;SOL_COMPUTED,NONE,0.000000000,0.000000000,0.000000000,0.0,0.000000000,0.000000000,"",0,0,0,0,0,00,0,0*ef1ff8dc
#HEADINGA,ICOM3,0,74.7,FINESTEERING,2437,11700.200,00000000,0000,810;SOL_COMPUTED,NONE,0.000000000,0.000000000,0.000000000,0.0,0.000000000,0.000000000,"",0,0,0,0,0,00,0,0*5a3ee19b
#HEADINGA,ICOM3,0,73.4,FINESTEERING,2437,11700.400,00000000,0000,810;SOL_COMPUTED,NONE,0.000000000,0.000000000,0.000000000,0.0,0.000000000,0.000000000,"",0,0,0,0,0,00,0,0*144fd8fe
#HEADINGA,ICOM3,0,73.4,FINESTEERING,2437,11700.600,00000000,0000,810;SOL_COMPUTED,NONE,0.000000000,0.000000000,0.000000000,0.0,0.000000000,0.000000000,"",0,0,0,0,0,00,0,0*a16ec1b9
#HEADINGA,ICOM3,0,73.4,FINESTEERING,2437,11700.800,00000000,0000,810;SOL_COMPUTED,NONE,0.000000000,0.000000000,0.000000000,0.0,0.000000000,0.000000000,"",0,0,0,0,0,00,0,0*1c6b83ee
#HEADINGA,ICOM3,0,73.4,FINESTEERING,2437,11701.000,00000000,0000,810;SOL_COMPUTED,NONE,0.000000000,0.000000000,0.000000000,0.0,0.000000000,0.000000000,"",0,0,0,0,0,00,0,0*256d8d00
#HEADINGA,ICOM3,0,73.4,FINESTEERING,2437,11701.200,00000000,0000,810;SOL_COMPUTED,NONE,0.000000000,0.000000000,0.000000000,0.0,0.000000000,0.000000000,"",0,0,0,0,0,00,0,0*904c9447
#HEADINGA,ICOM3,0,74.0,FINESTEERING,2437,11701.400,00000000,0000,810;SOL_COMPUTED,NONE,0.000000000,0.000000000,0.000000000,0.0,0.000000000,0.000000000,"",0,0,0,0,0,00,0,0*ad66f598
#HEADINGA,ICOM3,0,74.0,FINESTEERING,2437,11701.600,00000000,0000,810;SOL_COMPUTED,NONE,0.000000000,0.000000000,0.000000000,0.0,0.000000000,0.000000000,"",0,0,0,0,0,00,0,0*1847ecdf
#HEADINGA,ICOM3,0,74.0,FINESTEERING,2437,11701.800,00000000,0000,810;SOL_COMPUTED,NONE,0.000000000,0.000000000,0.000000000,0.0,0.000000000,0.000000000,"",0,0,0,0,0,00,0,0*a542ae88
#HEADINGA,ICOM3,0,74.0,FINESTEERING,2437,11702.000,00000000,0000,810;SOL_COMPUTED,NONE,0.000000000,0.000000000,0.000000000,0.0,0.000000000,0.000000000,"",0,0,0,0,0,00,0,0*47176445
#HEADINGA,ICOM3,0,74.0,FINESTEERING,2437,11702.200,00000000,0000,810;SOL_COMPUTED,NONE,0.000000000,0.000000000,0.000000000,0.0,0.000000000,0.000000000,"",0,0,0,0,0,00,0,0*f2367d02
#HEADINGA,ICOM3,0,73.8,FINESTEERING,2437,11702.400,00000000,0000,810;SOL_COMPUTED,NONE,0.000000000,0.000000000,0.000000000,0.0,0.000000000,0.000000000,"",0,0,0,0,0,00,0,0*08fbfdd5
#HEADINGA,ICOM3,0,73.8,FINESTEERING,2437,11702.600,00000000,0000,810;SOL_COMPUTED,NONE,0.000000000,0.000000000,0.000000000,0.0,0.000000000,0.000000000,"",0,0,0,0,0,00,0,0*bddae492
#HEADINGA,ICOM3,0,73.8,FINESTEERING,2437,11702.800,00000000,0000,810;SOL_COMPUTED,NONE,0.000000000,0.000000000,0.000000000,0.0,0.000000000,0.000000000,"",0,0,0,0,0,00,0,0*00dfa6c5
#HEADINGA,ICOM3,0,73.8,FINESTEERING,2437,11703.000,00000000,0000,810;SOL_COMPUTED,NONE,0.000000000,0.000000000,0.000000000,0.0,0.000000000,0.000000000,"",0,0,0,0,0,00,0,0*39d9a82b
#HEADINGA,ICOM3,0,73.8,FINESTEERING,2437,11703.200,00000000,0000,810;SOL_COMPUTED,NONE,0.000000000,0.000000000,0.000000000,0.0,0.000000000,0.000000000,"",0,0,0,0,0,00,0,0*8cf8b16c
#HEADINGA,ICOM3,0,73.5,FINESTEERING,2437,11703.400,00000000,0000,810;SOL_COMPUTED,NONE,0.000000000,0.000000000,0.000000000,0.0,0.000000000,0.000000000,"",0,0,0,0,0,00,0,0*5fa5d5d2
#HEADINGA,ICOM3,0,73.5,FINESTEERING,2437,11703.600,00000000,0000,810;SOL_COMPUTED,NONE,0.000000000,0.000000000,0.000000000,0.0,0.000000000,0.000000000,"",0,0,0,0,0,00,0,0*ea84cc95
#HEADINGA,ICOM3,0,73.5,FINESTEERING,2437,11703.800,00000000,0000,810;SOL_COMPUTED,NONE,0.000000000,0.000000000,0.000000000,0.0,0.000000000,0.000000000,"",0,0,0,0,0,00,0,0*57818ec2
#HEADINGA,ICOM3,0,73.5,FINESTEERING,2437,11704.000,00000000,0000,810;SOL_COMPUTED,NONE,0.000000000,0.000000000,0.000000000,0.0,0.000000000,0.000000000,"",0,0,0,0,0,00,0,0*d802ca08
#HEADINGA,ICOM3,0,73.5,FINESTEERING,2437,11704.200,00000000,0000,810;SOL_COMPUTED,NONE,0.000000000,0.000000000,0.000000000,0.0,0.000000000,0.000000000,"",0,0,0,0,0,00,0,0*6d23d34f
#HEADINGA,ICOM3,0,73.8,FINESTEERING,2437,11704.400,00000000,0000,810;SOL_COMPUTED,NONE,0.000000000,0.000000000,0.000000000,0.0,0.000000000,0.000000000,"",0,0,0,0,0,00,0,0*be7eb7f1
#HEADINGA,ICOM3,0,73.8,FINESTEERING,2437,11704.600,00000000,0000,810;SOL_COMPUTED,NONE,0.000000000,0.000000000,0.000000000,0.0,0.000000000,0.000000000,"",0,0,0,0,0,00,0,0*0b5faeb6
#HEADINGA,ICOM3,0,73.8,FINESTEERING,2437,11704.800,00000000,0000,810;SOL_COMPUTED,NONE,0.000000000,0.000000000,0.000000000,0.0,0.000000000,0.000000000,"",0,0,0,0,0,00,0,0*b65aece1
#HEADINGA,ICOM3,0,73.8,FINESTEERING,2437,11705.000,00000000,0000,810;SOL_COMPUTED,NONE,0.000000000,0.000000000,0.000000000,0.0,0.000000000,0.000000000,"",0,0,0,0,0,00,0,0*8f5ce20f
#HEADINGA,ICOM3,0,73.8,FINESTEERING,2437,11705.200,00000000,0000,810;SOL_COMPUTED,NONE,0.000000000,0.000000000,0.000000000,0.0,0.000000000,0.000000000,"",0,0,0,0,0,00,0,0*3a7dfb48
#HEADINGA,ICOM3,0,74.1,FINESTEERING,2437,11705.400,00000000,0000,810;SOL_COMPUTED,NONE,0.000000000,0.000000000,0.000000000,0.0,0.000000000,0.000000000,"",0,0,0,0,0,00,0,0*d018d3a1
#HEADINGA,ICOM3,0,74.1,FINESTEERING,2437,11705.600,00000000,0000,810;SOL_COMPUTED,NONE,0.000000000,0.000000000,0.000000000,0.0,0.000000000,0.000000000,"",0,0,0,0,0,00,0,0*6539cae6
#HEADINGA,ICOM3,0,74.1,FINESTEERING,2437,11705.800,00000000,0000,810;SOL_COMPUTED,NONE,0.000000000,0.000000000,0.000000000,0.0,0.000000000,0.000000000,"",0,0,0,0,0,00,0,0*d83c88b1
#HEADINGA,ICOM3,0,74.1,FINESTEERING,2437,11706.000,00000000,0000,810;SOL_COMPUTED,NONE,0.000000000,0.000000000,0.000000000,0.0,0.000000000,0.000000000,"",0,0,0,0,0,00,0,0*3a69427c
#HEADINGA,ICOM3,0,74.1,FINESTEERING,2437,11706.200,00000000,0000,810;SOL_COMPUTED,NONE,0.000000000,0.000000000,0.000000000,0.0,0.000000000,0.000000000,"",0,0,0,0,0,00,0,0*8f485b3b
#HEADINGA,ICOM3,0,74.1,FINESTEERING,2437,11706.400,00000000,0000,810;SOL_COMPUTED,NONE,0.000000000,0.000000000,0.000000000,0.0,0.000000000,0.000000000,"",0,0,0,0,0,00,0,0*8b5a76b3
#HEADINGA,ICOM3,0,74.1,FINESTEERING,2437,11706.600,00000000,0000,810;SOL_COMPUTED,NONE,0.000000000,0.000000000,0.000000000,0.0,0.000000000,0.000000000,"",0,0,0,0,0,00,0,0*3e7b6ff4
#HEADINGA,ICOM3,0,74.1,FINESTEERING,2437,11706.800,00000000,0000,810;SOL_COMPUTED,NONE,0.000000000,0.000000000,0.000000000,0.0,0.000000000,0.000000000,"",0,0,0,0,0,00,0,0*837e2da3
#HEADINGA,ICOM3,0,74.1,FINESTEERING,2437,11707.000,00000000,0000,810;SOL_COMPUTED,NONE,0.000000000,0.000000000,0.000000000,0.0,0.000000000,0.000000000,"",0,0,0,0,0,00,0,0*ba78234d
#HEADINGA,ICOM3,0,74.1,FINESTEERING,2437,11707.200,00000000,0000,810;SOL_COMPUTED,NONE,0.000000000,0.000000000,0.000000000,0.0,0.000000000,0.000000000,"",0,0,0,0,0,00,0,0*0f593a0a
#HEADINGA,ICOM3,0,74.2,FINESTEERING,2437,11707.400,00000000,0000,810;SOL_COMPUTED,NONE,0.000000000,0.000000000,0.000000000,0.0,0.000000000,0.000000000,"",0,0,0,0,0,00,0,0*3ab2efc0
#HEADINGA,ICOM3,0,74.2,FINESTEERING,2437,11707.600,00000000,0000,810;SOL_COMPUTED,NONE,0.000000000,0.000000000,0.000000000,0.0,0.000000000,0.000000000,"",0,0,0,0,0,00,0,0*8f93f687
#HEADINGA,ICOM3,0,74.2,FINESTEERING,2437,11707.800,00000000,0000,810;SOL_COMPUTED,NONE,0.000000000,0.000000000,0.000000000,0.0,0.000000000,0.000000000,"",0,0,0,0,0,00,0,0*3296b4d0
#HEADINGA,ICOM3,0,74.2,FINESTEERING,2437,11708.000,00000000,0000,810;SOL_COMPUTED,NONE,0.000000000,0.000000000,0.000000000,0.0,0.000000000,0.000000000,"",0,0,0,0,0,00,0,0*66b8ec14
#HEADINGA,ICOM3,0,74.2,FINESTEERING,2437,11708.200,00000000,0000,810;SOL_COMPUTED,NONE,0.000000000,0.000000000,0.000000000,0.0,0.000000000,0.000000000,"",0,0,0,0,0,00,0,0*d399f553
#HEADINGA,ICOM3,0,74.3,FINESTEERING,2437,11708.400,00000000,0000,810;SOL_COMPUTED,NONE,0.000000000,0.000000000,0.000000000,0.0,0.000000000,0.000000000,"",0,0,0,0,0,00,0,0*c72370e5
#HEADINGA,ICOM3,0,74.3,FINESTEERING,2437,11708.600,00000000,0000,810;SOL_COMPUTED,NONE,0.000000000,0.000000000,0.000000000,0.0,0.000000000,0.000000000,"",0,0,0,0,0,00,0,0*720269a2
#HEADINGA,ICOM3,0,74.3,FINESTEERING,2437,11708.800,00000000,0000,810;SOL_COMPUTED,NONE,0.000000000,0.000000000,0.000000000,0.0,0.000000000,0.000000000,"",0,0,0,0,0,00,0,0*cf072bf5
#HEADINGA,ICOM3,0,74.3,FINESTEERING,2437,11709.000,00000000,0000,810;SOL_COMPUTED,NONE,0.000000000,0.000000000,0.000000000,0.0,0.000000000,0.000000000,"",0,0,0,0,0,00,0,0*f601251b
#HEADINGA,ICOM3,0,74.3,FINESTEERING,2437,11709.200,00000000,0000,810;SOL_COMPUTED,NONE,0.000000000,0.000000000,0.000000000,0.0,0.000000000,0.000000000,"",0,0,0,0,0,00,0,0*43203c5c
#HEADINGA,ICOM3,0,75.0,FINESTEERING,2437,11709.400,00000000,0000,810;SOL_COMPUTED,NONE,0.000000000,0.000000000,0.000000000,0.0,0.000000000,0.000000000,"",0,0,0,0,0,00,0,0*ef03c999
#HEADINGA,ICOM3,0,75.0,FINESTEERING,2437,11709.600,00000000,0000,810;SOL_COMPUTED,NONE,0.000000000,0.000000000,0.000000000,0.0,0.000000000,0.000000000,"",0,0,0,0,0,00,0,0*5a22d0de
#HEADINGA,ICOM3,0,75.0,FINESTEERING,2437,11709.800,00000000,0000,810;SOL_COMPUTED,NONE,0.000000000,0.000000000,0.000000000,0.0,0.000000000,0.000000000,"",0,0,0,0,0,00,0,0*e7279289
#HEADINGA,ICOM3,0,75.0,FINESTEERING,2437,11710.000,00000000,0000,810;SOL_COMPUTED,NONE,0.000000000,0.000000000,0.000000000,0.0,0.000000000,0.000000000,"",0,0,0,0,0,00,0,0*54d29132
#HEADINGA,ICOM3,0,75.0,FINESTEERING,2437,11710.200,00000000,0000,810;SOL_COMPUTED,NONE,0.000000000,0.000000000,0.000000000,0.0,0.000000000,0.000000000,"",0,0,0,0,0,00,0,0*e1f38875
#HEADINGA,ICOM3,0,75.0,FINESTEERING,2437,11710.400,00000000,0000,810;SOL_COMPUTED,NONE,0.000000000,0.000000000,0.000000000,0.0,0.000000000,0.000000000,"",0,0,0,0,0,00,0,0*e5e1a5fd
#HEADINGA,ICOM3,0,58.1,FINESTEERING,2437,11710.600,00000000,0000,810;SOL_COMPUTED,NONE,0.000000000,0.000000000,0.000000000,0.0,0.000000000,0.000000000,"",0,0,0,0,0,00,0,0*3d4806a9
#HEADINGA,ICOM3,0,58.1,FINESTEERING,2437,11710.800,00000000,0000,810;SOL_COMPUTED,NONE,0.000000000,0.000000000,0.000000000,0.0,0.000000000,0.000000000,"",0,0,0,0,0,00,0,0*804d44fe
#HEADINGA,ICOM3,0,58.1,FINESTEERING,2437,11711.000,00000000,0000,810;SOL_COMPUTED,NONE,0.000000000,0.000000000,0.000000000,0.0,0.000000000,0.000000000,"",0,0,0,0,0,00,0,0*b94b4a10
#HEADINGA,ICOM3,0,58.1,FINESTEERING,2437,11711.200,00000000,0000,810;SOL_COMPUTED,NONE,0.000000000,0.000000000,0.000000000,0.0,0.000000000,0.000000000,"",0,0,0,0,0,00,0,0*0c6a5357
#HEADINGA,ICOM3,0,62.5,FINESTEERING,2437,11711.400,00000000,0000,810;SOL_COMPUTED,NONE,0.000000000,0.000000000,0.000000000,0.0,0.000000000,0.000000000,"",0,0,0,0,0,00,0,0*dc46f514
#HEADINGA,ICOM3,0,62.5,FINESTEERING,2437,11711.600,00000000,0000,810;SOL_COMPUTED,NONE,0.000000000,0.000000000,0.000000000,0.0,0.000000000,0.000000000,"",0,0,0,0,0,00,0,0*6967ec53
#HEADINGA,ICOM3,0,62.5,FINESTEERING,2437,11711.800,00000000,0000,810;SOL_COMPUTED,NONE,0.000000000,0.000000000,0.000000000,0.0,0.000000000,0.000000000,"",0,0,0,0,0,00,0,0*d462ae04
#HEADINGA,ICOM3,0,62.5,FINESTEERING,2437,11712.000,00000000,0000,810;SOL_COMPUTED,NONE,0.000000000,0.000000000,0.000000000,0.0,0.000000000,0.000000000,"",0,0,0,0,0,00,0,0*363764c9
#HEADINGA,ICOM3,0,62.5,FINESTEERING,2437,11712.200,00000000,0000,810;SOL_COMPUTED,NONE,0.000000000,0.000000000,0.000000000,0.0,0.000000000,0.000000000,"",0,0,0,0,0,00,0,0*83167d8e
#HEADINGA,ICOM3,0,65.5,FINESTEERING,2437,11712.400,00000000,0000,810;SOL_COMPUTED,NONE,0.000000000,0.000000000,0.000000000,0.0,0.000000000,0.000000000,"",0,0,0,0,0,00,0,0*fc9ebca9
#HEADINGA,ICOM3,0,65.5,FINESTEERING,2437,11712.600,00000000,0000,810;SOL_COMPUTED,NONE,0.000000000,0.000000000,0.000000000,0.0,0.000000000,0.000000000,"",0,0,0,0,0,00,0,0*49bfa5ee
#HEADINGA,ICOM3,0,65.5,FINESTEERING,2437,11712.800,00000000,0000,810;SOL_COMPUTED,NONE,0.000000000,0.000000000,0.000000000,0.0,0.000000000,0.000000000,"",0,0,0,0,0,00,0,0*f4bae7b9
#HEADINGA,ICOM3,0,65.5,FINESTEERING,2437,11713.000,00000000,0000,810;SOL_COMPUTED,NONE,0.000000000,0.000000000,0.000000000,0.0,0.000000000,0.000000000,"",0,0,0,0,0,00,0,0*cdbce957
#HEADINGA,ICOM3,0,65.5,FINESTEERING,2437,11713.200,00000000,0000,810;SOL_COMPUTED,NONE,0.000000000,0.000000000,0.000000000,0.0,0.000000000,0.000000000,"",0,0,0,0,0,00,0,0*789df010
#HEADINGA,ICOM3,0,69.6,FINESTEERING,2437,11713.400,00000000,0000,810;SOL_COMPUTED,NONE,0.000000000,0.000000000,0.000000000,0.0,0.000000000,0.000000000,"",0,0,0,0,0,00,0,0*52a2badb
#HEADINGA,ICOM3,0,69.6,FINESTEERING,2437,11713.600,00000000,0000,810;SOL_COMPUTED,NONE,0.000000000,0.000000000,0.000000000,0.0,0.000000000,0.000000000,"",0,0,0,0,0,00,0,0*e783a39c
#HEADINGA,ICOM3,0,69.6,FINESTEERING,2437,11713.800,00000000,0000,810;SOL_COMPUTED,NONE,0.000000000,0.000000000,0.000000000,0.0,0.000000000,0.000000000,"",0,0,0,0,0,00,0,0*5a86e1cb
#HEADINGA,ICOM3,0,69.6,FINESTEERING,2437,11714.000,00000000,0000,810;SOL_COMPUTED,NONE,0.000000000,0.000000000,0.000000000,0.0,0.000000000,0.000000000,"",0,0,0,0,0,00,0,0*d505a501
#HEADINGA,ICOM3,0,69.6,FINESTEERING,2437,11714.200,00000000,0000,810;SOL_COMPUTED,NONE,0.000000000,0.000000000,0.000000000,0.0,0.000000000,0.000000000,"",0,0,0,0,0,00,0,0*6024bc46
#HEADINGA,ICOM3,0,69.0,FINESTEERING,2437,11714.400,00000000,0000,810;SOL_COMPUTED,NONE,0.000000000,0.000000000,0.000000000,0.0,0.000000000,0.000000000,"",0,0,0,0,0,00,0,0*07c5614a
#HEADINGA,ICOM3,0,69.0,FINESTEERING,2437,11714.600,00000000,0000,810;SOL_COMPUTED,NONE,0.000000000,0.000000000,0.000000000,0.0,0.000000000,0.000000000,"",0,0,0,0,0,00,0,0*b2e4780d
#HEADINGA,ICOM3,0,69.0,FINESTEERING,2437,11714.800,00000000,0000,810;SOL_COMPUTED,NONE,0.000000000,0.000000000,0.000000000,0.0,0.000000000,0.000000000,"",0,0,0,0,0,00,0,0*0fe13a5a
#HEADINGA,ICOM3,0,69.0,FINESTEERING,2437,11715.000,00000000,0000,810;SOL_COMPUTED,NONE,0.000000000,0.000000000,0.000000000,0.0,0.000000000,0.000000000,"",0,0,0,0,0,00,0,0*36e734b4
#HEADINGA,ICOM3,0,69.0,FINESTEERING,2437,11715.200,00000000,0000,810;SOL_COMPUTED,NONE,0.000000000,0.000000000,0.000000000,0.0,0.000000000,0.000000000,"",0,0,0,0,0,00,0,0*83c62df3
#HEADINGA,ICOM3,0,73.0,FINESTEERING,2437,11715.400,00000000,0000,810;SOL_COMPUTED,NONE,0.000000000,0.000000000,0.000000000,0.0,0.000000000,0.000000000,"",0,0,0,0,0,00,0,0*ea74866b
#HEADINGA,ICOM3,0,73.0,FINESTEERING,2437,11715.600,00000000,0000,810;SOL_COMPUTED,NONE,0.000000000,0.000000000,0.000000000,0.0,0.000000000,0.000000000,"",0,0,0,0,0,00,0,0*5f559f2c
#HEADINGA,ICOM3,0,73.0,FINESTEERING,2437,11715.800,00000000,0000,810;SOL_COMPUTED,NONE,0.000000000,0.000000000,0.000000000,0.0,0.000000000,0.000000000,"",0,0,0,0,0,00,0,0*e250dd7b
#HEADINGA,ICOM3,0,73.0,FINESTEERING,2437,11716.000,00000000,0000,810;SOL_COMPUTED,NONE,0.000000000,0.000000000,0.000000000,0.0,0.000000000,0.000000000,"",0,0,0,0,0,00,0,0*000517b6
#HEADINGA,ICOM3,0,73.0,FINESTEERING,2437,11716.200,00000000,0000,810;SOL_COMPUTED,NONE,0.000000000,0.000000000,0.000000000,0.0,0.000000000,0.000000000,"",0,0,0,0,0,00,0,0*b5240ef1
#HEADINGA,ICOM3,0,71.0,FINESTEERING,2437,11716.400,00000000,0000,810;SOL_COMPUTED,NONE,0.000000000,0.000000000,0.000000000,0.0,0.000000000,0.000000000,"",0,0,0,0,0,00,0,0*59d76526
#HEADINGA,ICOM3,0,71.0,FINESTEERING,2437,11716.600,00000000,0000,810;SOL_COMPUTED,NONE,0.000000000,0.000000000,0.000000000,0.0,0.000000000,0.000000000,"",0,0,0,0,0,00,0,0*ecf67c61
#HEADINGA,ICOM3,0,71.0,FINESTEERING,2437,11716.800,00000000,0000,810;SOL_COMPUTED,NONE,0.000000000,0.000000000,0.000000000,0.0,0.000000000,0.000000000,"",0,0,0,0,0,00,0,0*51f33e36
#HEADINGA,ICOM3,0,71.0,FINESTEERING,2437,11717.000,00000000,0000,810;SOL_COMPUTED,NONE,0.000000000,0.000000000,0.000000000,0.0,0.000000000,0.000000000,"",0,0,0,0,0,00,0,0*68f530d8
#HEADINGA,ICOM3,0,71.0,FINESTEERING,2437,11717.200,00000000,0000,810;SOL_COMPUTED,NONE,0.000000000,0.000000000,0.000000000,0.0,0.000000000,0.000000000,"",0,0,0,0,0,00,0,0*ddd4299f
#HEADINGA,ICOM3,0,68.3,FINESTEERING,2437,11717.400,00000000,0000,810;SOL_COMPUTED,NONE,0.000000000,0.000000000,0.000000000,0.0,0.000000000,0.000000000,"",0,0,0,0,0,00,0,0*f4b61c15
#HEADINGA,ICOM3,0,68.3,FINESTEERING,2437,11717.600,00000000,0000,810;SOL_COMPUTED,NONE,0.000000000,0.000000000,0.000000000,0.0,0.000000000,0.000000000,"",0,0,0,0,0,00,0,0*41970552
#HEADINGA,ICOM3,0,68.3,FINESTEERING,2437,11717.800,00000000,0000,810;SOL_COMPUTED,NONE,0.000000000,0.000000000,0.000000000,0.0,0.000000000,0.000000000,"",0,0,0,0,0,00,0,0*fc924705
#HEADINGA,ICOM3,0,68.3,FINESTEERING,2437,11718.000,00000000,0000,810;SOL_COMPUTED,NONE,0.000000000,0.000000000,0.000000000,0.0,0.000000000,0.000000000,"",0,0,0,0,0,00,0,0*a8bc1fc1
#HEADINGA,ICOM3,0,68.3,FINESTEERING,2437,11718.200,00000000,0000,810;SOL_COMPUTED,NONE,0.000000000,0.000000000,0.000000000,0.0,0.000000000,0.000000000,"",0,0,0,0,0,00,0,0*1d9d0686
#HEADINGA,ICOM3,0,67.6,FINESTEERING,2437,11718.400,00000000,0000,810;SOL_COMPUTED,NONE,0.000000000,0.000000000,0.000000000,0.0,0.000000000,0.000000000,"",0,0,0,0,0,00,0,0*2578da99
#HEADINGA,ICOM3,0,67.6,FINESTEERING,2437,11718.600,00000000,0000,810;SOL_COMPUTED,NONE,0.000000000,0.000000000,0.000000000,0.0,0.000000000,0.000000000,"",0,0,0,0,0,00,0,0*9059c3de
#HEADINGA,ICOM3,0,67.6,FINESTEERING,2437,11718.800,00000000,0000,810;SOL_COMPUTED,NONE,0.000000000,0.000000000,0.000000000,0.0,0.000000000,0.000000000,"",0,0,0,0,0,00,0,0*2d5c8189
#HEADINGA,ICOM3,0,67.6,FINESTEERING,2437,11719.000,00000000,0000,810;SOL_COMPUTED,NONE,0.000000000,0.000000000,0.000000000,0.0,0.000000000,0.000000000,"",0,0,0,0,0,00,0,0*145a8f67
#HEADINGA,ICOM3,0,67.6,FINESTEERING,2437,11719.200,00000000,0000,810;SOL_COMPUTED,NONE,0.000000000,0.000000000,0.000000000,0.0,0.000000000,0.000000000,"",0,0,0,0,0,00,0,0*a17b9620
#HEADINGA,ICOM3,0,68.5,FINESTEERING,2437,11719.400,00000000,0000,810;SOL_COMPUTED,NONE,0.000000000,0.000000000,0.000000000,0.0,0.000000000,0.000000000,"",0,0,0,0,0,00,0,0*fa6dbabb
#HEADINGA,ICOM3,0,68.5,FINESTEERING,2437,11719.600,00000000,0000,810;SOL_COMPUTED,NONE,0.000000000,0.000000000,0.000000000,0.0,0.000000000,0.000000000,"",0,0,0,0,0,00,0,0*4f4ca3fc
#HEADINGA,ICOM3,0,68.5,FINESTEERING,2437,11719.800,00000000,0000,810;SOL_COMPUTED,NONE,0.000000000,0.000000000,0.000000000,0.0,0.000000000,0.000000000,"",0,0,0,0,0,00,0,0*f249e1ab
#HEADINGA,ICOM3,0,68.5,FINESTEERING,2437,11720.000,00000000,0000,810;SOL_COMPUTED,NONE,0.000000000,0.000000000,0.000000000,0.0,0.000000000,0.000000000,"",0,0,0,0,0,00,0,0*e300c0a6
#HEADINGA,ICOM3,0,68.5,FINESTEERING,2437,11720.200,00000000,0000,810;SOL_COMPUTED,NONE,0.000000000,0.000000000,0.000000000,0.0,0.000000000,0.000000000,"",0,0,0,0,0,00,0,0*5621d9e1
#HEADINGA,ICOM3,0,67.4,FINESTEERING,2437,11720.400,00000000,0000,810;SOL_COMPUTED,NONE,0.000000000,0.000000000,0.000000000,0.0,0.000000000,0.000000000,"",0,0,0,0,0,00,0,0*2c66a506
#HEADINGA,ICOM3,0,67.4,FINESTEERING,2437,11720.600,00000000,0000,810;SOL_COMPUTED,NONE,0.000000000,0.000000000,0.000000000,0.0,0.000000000,0.000000000,"",0,0,0,0,0,00,0,0*9947bc41
#HEADINGA,ICOM3,0,67.4,FINESTEERING,2437,11720.800,00000000,0000,810;SOL_COMPUTED,NONE,0.000000000,0.000000000,0.000000000,0.0,0.000000000,0.000000000,"",0,0,0,0,0,00,0,0*2442fe16
#HEADINGA,ICOM3,0,67.4,FINESTEERING,2437,11721.000,00000000,0000,810;SOL_COMPUTED,NONE,0.000000000,0.000000000,0.000000000,0.0,0.000000000,0.000000000,"",0,0,0,0,0,00,0,0*1d44f0f8
#HEADINGA,ICOM3,0,67.4,FINESTEERING,2437,11721.200,00000000,0000,810;SOL_COMPUTED,NONE,0.000000000,0.000000000,0.000000000,0.0,0.000000000,0.000000000,"",0,0,0,0,0,00,0,0*a865e9bf
#HEADINGA,ICOM3,0,68.0,FINESTEERING,2437,11721.400,00000000,0000,810;SOL_COMPUTED,NONE,0.000000000,0.000000000,0.000000000,0.0,0.000000000,0.000000000,"",0,0,0,0,0,00,0,0*80289d9e
#HEADINGA,ICOM3,0,68.0,FINESTEERING,2437,11721.600,00000000,0000,810;SOL_COMPUTED,NONE,0.000000000,0.000000000,0.000000000,0.0,0.000000000,0.000000000,"",0,0,0,0,0,00,0,0*350984d9
#HEADINGA,ICOM3,0,68.0,FINESTEERING,2437,11721.800,00000000,0000,810;SOL_COMPUTED,NONE,0.000000000,0.000000000,0.000000000,0.0,0.000000000,0.000000000,"",0,0,0,0,0,00,0,0*880cc68e
#HEADINGA,ICOM3,0,68.0,FINESTEERING,2437,11722.000,00000000,0000,810;SOL_COMPUTED,NONE,0.000000000,0.000000000,0.000000000,0.0,0.000000000,0.000000000,"",0,0,0,0,0,00,0,0*6a590c43
#HEADINGA,ICOM3,0,68.0,FINESTEERING,2437,11722.200,00000000,0000,810;SOL_COMPUTED,NONE,0.000000000,0.000000000,0.000000000,0.0,0.000000000,0.000000000,"",0,0,0,0,0,00,0,0*df781504
#HEADINGA,ICOM3,0,72.6,FINESTEERING,2437,11722.400,00000000,0000,810;SOL_COMPUTED,NONE,0.000000000,0.000000000,0.000000000,0.0,0.000000000,0.000000000,"",0,0,0,0,0,00,0,0*d5394e18
#HEADINGA,ICOM3,0,72.6,FINESTEERING,2437,11722.600,00000000,0000,810;SOL_COMPUTED,NONE,0.000000000,0.000000000,0.000000000,0.0,0.000000000,0.000000000,"",0,0,0,0,0,00,0,0*6018575f
#HEADINGA,ICOM3,0,72.6,FINESTEERING,2437,11722.800,00000000,0000,810;SOL_COMPUTED,NONE,0.000000000,0.000000000,0.000000000,0.0,0.000000000,0.000000000,"",0,0,0,0,0,00,0,0*dd1d1508
#HEADINGA,ICOM3,0,72.6,FINESTEERING,2437,11723.000,00000000,0000,810;SOL_COMPUTED,NONE,0.000000000,0.000000000,0.000000000,0.0,0.000000000,0.000000000,"",0,0,0,0,0,00,0,0*e41b1be6
#HEADINGA,ICOM3,0,72.6,FINESTEERING,2437,11723.200,00000000,0000,810;SOL_COMPUTED,NONE,0.000000000,0.000000000,0.000000000,0.0,0.000000000,0.000000000,"",0,0,0,0,0,00,0,0*513a02a1
#HEADINGA,ICOM3,0,71.4,FINESTEERING,2437,11723.400,00000000,0000,810;SOL_COMPUTED,NONE,0.000000000,0.000000000,0.000000000,0.0,0.000000000,0.000000000,"",0,0,0,0,0,00,0,0*05501905
#HEADINGA,ICOM3,0,71.4,FINESTEERING,2437,11723.600,00000000,0000,810;SOL_COMPUTED,NONE,0.000000000,0.000000000,0.000000000,0.0,0.000000000,0.000000000,"",0,0,0,0,0,00,0,0*b0710042
#HEADINGA,ICOM3,0,71.4,FINESTEERING,2437,11723.800,00000000,0000,810;SOL_COMPUTED,NONE,0.000000000,0.000000000,0.000000000,0.0,0.000000000,0.000000000,"",0,0,0,0,0,00,0,0*0d744215
#HEADINGA,ICOM3,0,71.4,FINESTEERING,2437,11724.000,00000000,0000,810;SOL_COMPUTED,NONE,0.000000000,0.000000000,0.000000000,0.0,0.000000000,0.000000000,"",0,0,0,0,0,00,0,0*82f706df
#HEADINGA,ICOM3,0,71.4,FINESTEERING,2437,11724.200,00000000,0000,810;SOL_COMPUTED,NONE,0.000000000,0.000000000,0.000000000,0.0,0.000000000,0.000000000,"",0,0,0,0,0,00,0,0*37d61f98
#HEADINGA,ICOM3,0,71.1,FINESTEERING,2437,11724.400,00000000,0000,810;SOL_COMPUTED,NONE,0.000000000,0.000000000,0.000000000,0.0,0.000000000,0.000000000,"",0,0,0,0,0,00,0,0*61ce3ad6
#HEADINGA,ICOM3,0,71.1,FINESTEERING,2437,11724.600,00000000,0000,810;SOL_COMPUTED,NONE,0.000000000,0.000000000,0.000000000,0.0,0.000000000,0.000000000,"",0,0,0,0,0,00,0,0*d4ef2391
#HEADINGA,ICOM3,0,71.1,FINESTEERING,2437,11724.800,00000000,0000,810;SOL_COMPUTED,NONE,0.000000000,0.000000000,0.000000000,0.0,0.000000000,0.000000000,"",0,0,0,0,0,00,0,0*69ea61c6
#HEADINGA,ICOM3,0,71.1,FINESTEERING,2437,11725.000,00000000,0000,810;SOL_COMPUTED,NONE,0.000000000,0.000000000,0.000000000,0.0,0.000000000,0.000000000,"",0,0,0,0,0,00,0,0*50ec6f28
#HEADINGA,ICOM3,0,71.1,FINESTEERING,2437,11725.200,00000000,0000,810;SOL_COMPUTED,NONE,0.000000000,0.000000000,0.000000000,0.0,0.000000000,0.000000000,"",0,0,0,0,0,00,0,0*e5cd766f
#HEADINGA,ICOM3,0,72.8,FINESTEERING,2437,11725.400,00000000,0000,810;SOL_COMPUTED,NONE,0.000000000,0.000000000,0.000000000,0.0,0.000000000,0.000000000,"",0,0,0,0,0,00,0,0*051bd479
#HEADINGA,ICOM3,0,72.8,FINESTEERING,2437,11725.600,00000000,0000,810;SOL_COMPUTED,NONE,0.000000000,0.000000000,0.000000000,0.0,0.000000000,0.000000000,"",0,0,0,0,0,00,0,0*b03acd3e
#HEADINGA,ICOM3,0,72.8,FINESTEERING,2437,11725.800,00000000,0000,810;SOL_COMPUTED,NONE,0.000000000,0.000000000,0.000000000,0.0,0.000000000,0.000000000,"",0,0,0,0,0,00,0,0*0d3f8f69
#HEADINGA,ICOM3,0,72.8,FINESTEERING,2437,11726.000,00000000,0000,810;SOL_COMPUTED,NONE,0.000000000,0.000000000,0.000000000,0.0,0.000000000,0.000000000,"",0,0,0,0,0,00,0,0*ef6a45a4
#HEADINGA,ICOM3,0,72.8,FINESTEERING,2437,11726.200,00000000,0000,810;SOL_COMPUTED,NONE,0.000000000,0.000000000,0.000000000,0.0,0.000000000,0.000000000,"",0,0,0,0,0,00,0,0*5a4b5ce3
#HEADINGA,ICOM3,0,71.7,FINESTEERING,2437,11726.400,00000000,0000,810;SOL_COMPUTED,NONE,0.000000000,0.000000000,0.000000000,0.0,0.000000000,0.000000000,"",0,0,0,0,0,00,0,0*d96e0e71
#HEADINGA,ICOM3,0,71.7,FINESTEERING,2437,11726.600,00000000,0000,810;SOL_COMPUTED,NONE,0.000000000,0.000000000,0.000000000,0.0,0.000000000,0.000000000,"",0,0,0,0,0,00,0,0*6c4f1736
#HEADINGA,ICOM3,0,71.7,FINESTEERING,2437,11726.800,00000000,0000,810;SOL_COMPUTED,NONE,0.000000000,0.000000000,0.000000000,0.0,0.000000000,0.000000000,"",0,0,0,0,0,00,0,0*d14a5561
#HEADINGA,ICOM3,0,71.7,FINESTEERING,2437,11727.000,00000000,0000,810;SOL_COMPUTED,NONE,0.000000000,0.000000000,0.000000000,0.0,0.000000000,0.000000000,"",0,0,0,0,0,00,0,0*e84c5b8f
#HEADINGA,ICOM3,0,71.7,FINESTEERING,2437,11727.200,00000000,0000,810;SOL_COMPUTED,NONE,0.000000000,0.000000000,0.000000000,0.0,0.000000000,0.000000000,"",0,0,0,0,0,00,0,0*5d6d42c8
#HEADINGA,ICOM3,0,72.6,FINESTEERING,2437,11727.400,00000000,0000,810;SOL_COMPUTED,NONE,0.000000000,0.000000000,0.000000000,0.0,0.000000000,0.000000000,"",0,0,0,0,0,00,0,0*38fea12e
#HEADINGA,ICOM3,0,72.6,FINESTEERING,2437,11727.600,00000000,0000,810;SOL_COMPUTED,NONE,0.000000000,0.000000000,0.000000000,0.0,0.000000000,0.000000000,"",0,0,0,0,0,00,0,0*8ddfb869
#HEADINGA,ICOM3,0,72.6,FINESTEERING,2437,11727.800,00000000,0000,810;SOL_COMPUTED,NONE,0.000000000,0.000000000,0.000000000,0.0,0.000000000,0.000000000,"",0,0,0,0,0,00,0,0*30dafa3e
#HEADINGA,ICOM3,0,72.6,FINESTEERING,2437,11728.000,00000000,0000,810;SOL_COMPUTED,NONE,0.000000000,0.000000000,0.000000000,0.0,0.000000000,0.000000000,"",0,0,0,0,0,00,0,0*64f4a2fa
#HEADINGA,ICOM3,0,72.6,FINESTEERING,2437,11728.200,00000000,0000,810;SOL_COMPUTED,NONE,0.000000000,0.000000000,0.000000000,0.0,0.000000000,0.000000000,"",0,0,0,0,0,00,0,0*d1d5bbbd
#HEADINGA,ICOM3,0,72.6,FINESTEERING,2437,11728.400,00000000,0000,810;SOL_COMPUTED,NONE,0.000000000,0.000000000,0.000000000,0.0,0.000000000,0.000000000,"",0,0,0,0,0,00,0,0*d5c79635
#HEADINGA,ICOM3,0,72.6,FINESTEERING,2437,11728.600,00000000,0000,810;SOL_COMPUTED,NONE,0.000000000,0.000000000,0.000000000,0.0,0.000000000,0.000000000,"",0,0,0,0,0,00,0,0*60e68f72
#HEADINGA,ICOM3,0,72.6,FINESTEERING,2437,11728.800,00000000,0000,810;SOL_COMPUTED,NONE,0.000000000,0.000000000,0.000000000,0.0,0.000000000,0.000000000,"",0,0,0,0,0,00,0,0*dde3cd25
#HEADINGA,ICOM3,0,72.6,FINESTEERING,2437,11729.000,00000000,0000,810;SOL_COMPUTED,NONE,0.000000000,0.000000000,0.000000000,0.0,0.000000000,0.000000000,"",0,0,0,0,0,00,0,0*e4e5c3cb
#HEADINGA,ICOM3,0,72.6,FINESTEERING,2437,11729.200,00000000,0000,810;SOL_COMPUTED,NONE,0.000000000,0.000000000,0.000000000,0.0,0.000000000,0.000000000,"",0,0,0,0,0,00,0,0*51c4da8c
#HEADINGA,ICOM3,0,75.7,FINESTEERING,2437,11729.400,00000000,0000,810;SOL_COMPUTED,NONE,0.000000000,0.000000000,0.000000000,0.0,0.000000000,0.000000000,"",0,0,0,0,0,00,0,0*3ee4b395
#HEADINGA,ICOM3,0,75.7,FINESTEERING,2437,11729.600,00000000,0000,810;SOL_COMPUTED,NONE,0.000000000,0.000000000,0.000000000,0.0,0.000000000,0.000000000,"",0,0,0,0,0,00,0,0*8bc5aad2
#HEADINGA,ICOM3,0,75.7,FINESTEERING,2437,11729.800,00000000,0000,810;SOL_COMPUTED,NONE,0.000000000,0.000000000,0.000000000,0.0,0.000000000,0.000000000,"",0,0,0,0,0,00,0,0*36c0e885
#HEADINGA,ICOM3,0,75.7,FINESTEERING,2437,11730.000,00000000,0000,810;SOL_COMPUTED,NONE,0.000000000,0.000000000,0.000000000,0.0,0.000000000,0.000000000,"",0,0,0,0,0,00,0,0*8535eb3e
#HEADINGA,ICOM3,0,75.7,FINESTEERING,2437,11730.200,00000000,0000,810;SOL_COMPUTED,NONE,0.000000000,0.000000000,0.000000000,0.0,0.000000000,0.000000000,"",0,0,0,0,0,00,0,0*3014f279
#HEADINGA,ICOM3,0,72.8,FINESTEERING,2437,11730.400,00000000,0000,810;SOL_COMPUTED,NONE,0.000000000,0.000000000,0.000000000,0.0,0.000000000,0.000000000,"",0,0,0,0,0,00,0,0*b9822a14
#HEADINGA,ICOM3,0,72.8,FINESTEERING,2437,11730.600,00000000,0000,810;SOL_COMPUTED,NONE,0.000000000,0.000000000,0.000000000,0.0,0.000000000,0.000000000,"",0,0,0,0,0,00,0,0*0ca33353
#HEADINGA,ICOM3,0,72.8,FINESTEERING,2437,11730.800,00000000,0000,810;SOL_COMPUTED,NONE,0.000000000,0.000000000,0.000000000,0.0,0.000000000,0.000000000,"",0,0,0,0,0,00,0,0*b1a67104
#HEADINGA,ICOM3,0,72.8,FINESTEERING,2437,11731.000,00000000,0000,810;SOL_COMPUTED,NONE,0.000000000,0.000000000,0.000000000,0.0,0.000000000,0.000000000,"",0,0,0,0,0,00,0,0*88a07fea
#HEADINGA,ICOM3,0,72.8,FINESTEERING,2437,11731.200,00000000,0000,810;SOL_COMPUTED,NONE,0.000000000,0.000000000,0.000000000,0.0,0.000000000,0.000000000,"",0,0,0,0,0,00,0,0*3d8166ad
#HEADINGA,ICOM3,0,73.7,FINESTEERING,2437,11731.400,00000000,0000,810;SOL_COMPUTED,NONE,0.000000000,0.000000000,0.000000000,0.0,0.000000000,0.000000000,"",0,0,0,0,0,00,0,0*56457260
#HEADINGA,ICOM3,0,73.7,FINESTEERING,2437,11731.600,00000000,0000,810;SOL_COMPUTED,NONE,0.000000000,0.000000000,0.000000000,0.0,0.000000000,0.000000000,"",0,0,0,0,0,00,0,0*e3646b27
#HEADINGA,ICOM3,0,73.7,FINESTEERING,2437,11731.800,00000000,0000,810;SOL_COMPUTED,NONE,0.000000000,0.000000000,0.000000000,0.0,0.000000000,0.000000000,"",0,0,0,0,0,00,0,0*5e612970
#HEADINGA,ICOM3,0,73.7,FINESTEERING,2437,11732.000,00000000,0000,810;SOL_COMPUTED,NONE,0.000000000,0.000000000,0.000000000,0.0,0.000000000,0.000000000,"",0,0,0,0,0,00,0,0*bc34e3bd
#HEADINGA,ICOM3,0,73.7,FINESTEERING,2437,11732.200,00000000,0000,810;SOL_COMPUTED,NONE,0.000000000,0.000000000,0.000000000,0.0,0.000000000,0.000000000,"",0,0,0,0,0,00,0,0*0915fafa
#HEADINGA,ICOM3,0,74.1,FINESTEERING,2437,11732.400,00000000,0000,810;SOL_COMPUTED,NONE,0.000000000,0.000000000,0.000000000,0.0,0.000000000,0.000000000,"",0,0,0,0,0,00,0,0*156ecb59
#HEADINGA,ICOM3,0,74.1,FINESTEERING,2437,11732.600,00000000,0000,810;SOL_COMPUTED,NONE,0.000000000,0.000000000,0.000000000,0.0,0.000000000,0.000000000,"",0,0,0,0,0,00,0,0*a04fd21e
#HEADINGA,ICOM3,0,74.1,FINESTEERING,2437,11732.800,00000000,0000,810;SOL_COMPUTED,NONE,0.000000000,0.000000000,0.000000000,0.0,0.000000000,0.000000000,"",0,0,0,0,0,00,0,0*1d4a9049
#HEADINGA,ICOM3,0,74.1,FINESTEERING,2437,11733.000,00000000,0000,810;SOL_COMPUTED,NONE,0.000000000,0.000000000,0.000000000,0.0,0.000000000,0.000000000,"",0,0,0,0,0,00,0,0*244c9ea7
#HEADINGA,ICOM3,0,74.1,FINESTEERING,2437,11733.200,00000000,0000,810;SOL_COMPUTED,NONE,0.000000000,0.000000000,0.000000000,0.0,0.000000000,0.000000000,"",0,0,0,0,0,00,0,0*916d87e0
#HEADINGA,ICOM3,0,75.1,FINESTEERING,2437,11733.400,00000000,0000,810;SOL_COMPUTED,NONE,0.000000000,0.000000000,0.000000000,0.0,0.000000000,0.000000000,"",0,0,0,0,0,00,0,0*0cb78a67
#HEADINGA,ICOM3,0,75.1,FINESTEERING,2437,11733.600,00000000,0000,810;SOL_COMPUTED,NONE,0.000000000,0.000000000,0.000000000,0.0,0.000000000,0.000000000,"",0,0,0,0,0,00,0,0*b9969320
#HEADINGA,ICOM3,0,75.1,FINESTEERING,2437,11733.800,00000000,0000,810;SOL_COMPUTED,NONE,0.000000000,0.000000000,0.000000000,0.0,0.000000000,0.000000000,"",0,0,0,0,0,00,0,0*0493d177
#HEADINGA,ICOM3,0,75.1,FINESTEERING,2437,11734.000,00000000,0000,810;SOL_COMPUTED,NONE,0.000000000,0.000000000,0.000000000,0.0,0.000000000,0.000000000,"",0,0,0,0,0,00,0,0*8b1095bd
#HEADINGA,ICOM3,0,75.1,FINESTEERING,2437,11734.200,00000000,0000,810;SOL_COMPUTED,NONE,0.000000000,0.000000000,0.000000000,0.0,0.000000000,0.000000000,"",0,0,0,0,0,00,0,0*3e318cfa
#HEADINGA,ICOM3,0,75.7,FINESTEERING,2437,11734.400,00000000,0000,810;SOL_COMPUTED,NONE,0.000000000,0.000000000,0.000000000,0.0,0.000000000,0.000000000,"",0,0,0,0,0,00,0,0*59d051f6
#HEADINGA,ICOM3,0,75.7,FINESTEERING,2437,11734.600,00000000,0000,810;SOL_COMPUTED,NONE,0.000000000,0.000000000,0.000000000,0.0,0.000000000,0.000000000,"",0,0,0,0,0,00,0,0*ecf148b1
#HEADINGA,ICOM3,0,75.7,FINESTEERING,2437,11734.800,00000000,0000,810;SOL_COMPUTED,NONE,0.000000000,0.000000000,0.000000000,0.0,0.000000000,0.000000000,"",0,0,0,0,0,00,0,0*51f40ae6
#HEADINGA,ICOM3,0,75.7,FINESTEERING,2437,11735.000,00000000,0000,810;SOL_COMPUTED,NONE,0.000000000,0.000000000,0.000000000,0.0,0.000000000,0.000000000,"",0,0,0,0,0,00,0,0*68f20408
#HEADINGA,ICOM3,0,75.7,FINESTEERING,2437,11735.200,00000000,0000,810;SOL_COMPUTED,NONE,0.000000000,0.000000000,0.000000000,0.0,0.000000000,0.000000000,"",0,0,0,0,0,00,0,0*ddd31d4f
#HEADINGA,ICOM3,0,75.9,FINESTEERING,2437,11735.400,00000000,0000,810;SOL_COMPUTED,NONE,0.000000000,0.000000000,0.000000000,0.0,0.000000000,0.000000000,"",0,0,0,0,0,00,0,0*3f7781b3
#HEADINGA,ICOM3,0,75.9,FINESTEERING,2437,11735.600,00000000,0000,810;SOL_COMPUTED,NONE,0.000000000,0.000000000,0.000000000,0.0,0.000000000,0.000000000,"",0,0,0,0,0,00,0,0*8a5698f4
#HEADINGA,ICOM3,0,75.9,FINESTEERING,2437,11735.800,00000000,0000,810;SOL_COMPUTED,NONE,0.000000000,0.000000000,0.000000000,0.0,0.000000000,0.000000000,"",0,0,0,0,0,00,0,0*3753daa3
#HEADINGA,ICOM3,0,75.9,FINESTEERING,2437,11736.000,00000000,0000,810;SOL_COMPUTED,NONE,0.000000000,0.000000000,0.000000000,0.0,0.000000000,0.000000000,"",0,0,0,0,0,00,0,0*d506106e
#HEADINGA,ICOM3,0,75.9,FINESTEERING,2437,11736.200,00000000,0000,810;SOL_COMPUTED,NONE,0.000000000,0.000000000,0.000000000,0.0,0.000000000,0.000000000,"",0,0,0,0,0,00,0,0*60270929
#HEADINGA,ICOM3,0,76.0,FINESTEERING,2437,11736.400,00000000,0000,810;SOL_COMPUTED,NONE,0.000000000,0.000000000,0.000000000,0.0,0.000000000,0.000000000,"",0,0,0,0,0,00,0,0*80f1ab3f
#HEADINGA,ICOM3,0,76.0,FINESTEERING,2437,11736.600,00000000,0000,810;SOL_COMPUTED,NONE,0.000000000,0.000000000,0.000000000,0.0,0.000000000,0.000000000,"",0,0,0,0,0,00,0,0*35d0b278
#HEADINGA,ICOM3,0,76.0,FINESTEERING,2437,11736.800,00000000,0000,810;SOL_COMPUTED,NONE,0.000000000,0.000000000,0.000000000,0.0,0.000000000,0.000000000,"",0,0,0,0,0,00,0,0*88d5f02f
#HEADINGA,ICOM3,0,76.0,FINESTEERING,2437,11737.000,00000000,0000,810;SOL_COMPUTED,NONE,0.000000000,0.000000000,0.000000000,0.0,0.000000000,0.000000000,"",0,0,0,0,0,00,0,0*b1d3fec1
#HEADINGA,ICOM3,0,76.0,FINESTEERING,2437,11737.200,00000000,0000,810;SOL_COMPUTED,NONE,0.000000000,0.000000000,0.000000000,0.0,0.000000000,0.000000000,"",0,0,0,0,0,00,0,0*04f2e786
#HEADINGA,ICOM3,0,76.5,FINESTEERING,2437,11737.400,00000000,0000,810;SOL_COMPUTED,NONE,0.000000000,0.000000000,0.000000000,0.0,0.000000000,0.000000000,"",0,0,0,0,0,00,0,0*52eac2c8
#HEADINGA,ICOM3,0,76.5,FINESTEERING,2437,11737.600,00000000,0000,810;SOL_COMPUTED,NONE,0.000000000,0.000000000,0.000000000,0.0,0.000000000,0.000000000,"",0,0,0,0,0,00,0,0*e7cbdb8f
#HEADINGA,ICOM3,0,76.5,FINESTEERING,2437,11737.800,00000000,0000,810;SOL_COMPUTED,NONE,0.000000000,0.000000000,0.000000000,0.0,0.000000000,0.000000000,"",0,0,0,0,0,00,0,0*5ace99d8
#HEADINGA,ICOM3,0,76.5,FINESTEERING,2437,11738.000,00000000,0000,810;SOL_COMPUTED,NONE,0.000000000,0.000000000,0.000000000,0.0,0.000000000,0.000000000,"",0,0,0,0,0,00,0,0*0ee0c11c
#HEADINGA,ICOM3,0,76.5,FINESTEERING,2437,11738.200,00000000,0000,810;SOL_COMPUTED,NONE,0.000000000,0.000000000,0.000000000,0.0,0.000000000,0.000000000,"",0,0,0,0,0,00,0,0*bbc1d85b
#HEADINGA,ICOM3,0,75.8,FINESTEERING,2437,11738.400,00000000,0000,810;SOL_COMPUTED,NONE,0.000000000,0.000000000,0.000000000,0.0,0.000000000,0.000000000,"",0,0,0,0,0,00,0,0*19b5dab5
#HEADINGA,ICOM3,0,75.8,FINESTEERING,2437,11738.600,00000000,0000,810;SOL_COMPUTED,NONE,0.000000000,0.000000000,0.000000000,0.0,0.000000000,0.000000000,"",0,0,0,0,0,00,0,0*ac94c3f2
#HEADINGA,ICOM3,0,75.8,FINESTEERING,2437,11738.800,00000000,0000,810;SOL_COMPUTED,NONE,0.000000000,0.000000000,0.000000000,0.0,0.000000000,0.000000000,"",0,0,0,0,0,00,0,0*119181a5
#HEADINGA,ICOM3,0,75.8,FINESTEERING,2437,11739.000,00000000,0000,810;SOL_COMPUTED,NONE,0.000000000,0.000000000,0.000000000,0.0,0.000000000,0.000000000,"",0,0,0,0,0,00,0,0*28978f4b
#HEADINGA,ICOM3,0,75.8,FINESTEERING,2437,11739.200,00000000,0000,810;SOL_COMPUTED,NONE,0.000000000,0.000000000,0.000000000,0.0,0.000000000,0.000000000,"",0,0,0,0,0,00,0,0*9db6960c
#HEADINGA,ICOM3,0,75.9,FINESTEERING,2437,11739.400,00000000,0000,810;SOL_COMPUTED,NONE,0.000000000,0.000000000,0.000000000,0.0,0.000000000,0.000000000,"",0,0,0,0,0,00,0,0*890c13ba
#HEADINGA,ICOM3,0,75.9,FINESTEERING,2437,11739.600,00000000,0000,810;SOL_COMPUTED,NONE,0.000000000,0.000000000,0.000000000,0.0,0.000000000,0.000000000,"",0,0,0,0,0,00,0,0*3c2d0afd
#HEADINGA,ICOM3,0,75.9,FINESTEERING,2437,11739.800,00000000,0000,810;SOL_COMPUTED,NONE,0.000000000,0.000000000,0.000000000,0.0,0.000000000,0.000000000,"",0,0,0,0,0,00,0,0*812848aa
#HEADINGA,ICOM3,0,75.9,FINESTEERING,2437,11740.000,00000000,0000,810;SOL_COMPUTED,NONE,0.000000000,0.000000000,0.000000000,0.0,0.000000000,0.000000000,"",0,0,0,0,0,00,0,0*0e682a8a
#HEADINGA,ICOM3,0,75.9,FINESTEERING,2437,11740.200,00000000,0000,810;SOL_COMPUTED,NONE,0.000000000,0.000000000,0.000000000,0.0,0.000000000,0.000000000,"",0,0,0,0,0,00,0,0*bb4933cd
#HEADINGA,ICOM3,0,76.3,FINESTEERING,2437,11740.400,00000000,0000,810;SOL_COMPUTED,NONE,0.000000000,0.000000000,0.000000000,0.0,0.000000000,0.000000000,"",0,0,0,0,0,00,0,0*6a666999
#HEADINGA,ICOM3,0,76.3,FINESTEERING,2437,11740.600,00000000,0000,810;SOL_COMPUTED,NONE,0.000000000,0.000000000,0.000000000,0.0,0.000000000,0.000000000,"",0,0,0,0,0,00,0,0*df4770de
#HEADINGA,ICOM3,0,76.3,FINESTEERING,2437,11740.800,00000000,0000,810;SOL_COMPUTED,NONE,0.000000000,0.000000000,0.000000000,0.0,0.000000000,0.000000000,"",0,0,0,0,0,00,0,0*62423289
#HEADINGA,ICOM3,0,76.3,FINESTEERING,2437,11741.000,00000000,0000,810;SOL_COMPUTED,NONE,0.000000000,0.000000000,0.000000000,0.0,0.000000000,0.000000000,"",0,0,0,0,0,00,0,0*5b443c67
#HEADINGA,ICOM3,0,76.3,FINESTEERING,2437,11741.200,00000000,0000,810;SOL_COMPUTED,NONE,0.000000000,0.000000000,0.000000000,0.0,0.000000000,0.000000000,"",0,0,0,0,0,00,0,0*ee652520
#HEADINGA,ICOM3,0,76.1,FINESTEERING,2437,11741.400,00000000,0000,810;SOL_COMPUTED,NONE,0.000000000,0.000000000,0.000000000,0.0,0.000000000,0.000000000,"",0,0,0,0,0,00,0,0*cb2658d4
#HEADINGA,ICOM3,0,76.1,FINESTEERING,2437,11741.600,00000000,0000,810;SOL_COMPUTED,NONE,0.000000000,0.000000000,0.000000000,0.0,0.000000000,0.000000000,"",0,0,0,0,0,00,0,0*7e074193
#HEADINGA,ICOM3,0,76.1,FINESTEERING,2437,11741.800,00000000,0000,810;SOL_COMPUTED,NONE,0.000000000,0.000000000,0.000000000,0.0,0.000000000,0.000000000,"",0,0,0,0,0,00,0,0*c30203c4
#HEADINGA,ICOM3,0,76.1,FINESTEERING,2437,11742.000,00000000,0000,810;SOL_COMPUTED,NONE,0.000000000,0.000000000,0.000000000,0.0,0.000000000,0.000000000,"",0,0,0,0,0,00,0,0*2157c909
#HEADINGA,ICOM3,0,76.1,FINESTEERING,2437,11742.200,00000000,0000,810;SOL_COMPUTED,NONE,0.000000000,0.000000000,0.000000000,0.0,0.000000000,0.000000000,"",0,0,0,0,0,00,0,0*9476d04e
#HEADINGA,ICOM3,0,76.2,FINESTEERING,2437,11742.400,00000000,0000,810;SOL_COMPUTED,NONE,0.000000000,0.000000000,0.000000000,0.0,0.000000000,0.000000000,"",0,0,0,0,0,00,0,0*a19d0584
#HEADINGA,ICOM3,0,76.2,FINESTEERING,2437,11742.600,00000000,0000,810;SOL_COMPUTED,NONE,0.000000000,0.000000000,0.000000000,0.0,0.000000000,0.000000000,"",0,0,0,0,0,00,0,0*14bc1cc3
#HEADINGA,ICOM3,0,76.2,FINESTEERING,2437,11742.800,00000000,0000,810;SOL_COMPUTED,NONE,0.000000000,0.000000000,0.000000000,0.0,0.000000000,0.000000000,"",0,0,0,0,0,00,0,0*a9b95e94
#HEADINGA,ICOM3,0,76.2,FINESTEERING,2437,11743.000,00000000,0000,810;SOL_COMPUTED,NONE,0.000000000,0.000000000,0.000000000,0.0,0.000000000,0.000000000,"",0,0,0,0,0,00,0,0*90bf507a
#HEADINGA,ICOM3,0,76.2,FINESTEERING,2437,11743.200,00000000,0000,810;SOL_COMPUTED,NONE,0.000000000,0.000000000,0.000000000,0.0,0.000000000,0.000000000,"",0,0,0,0,0,00,0,0*259e493d
#HEADINGA,ICOM3,0,76.4,FINESTEERING,2437,11743.400,00000000,0000,810;SOL_COMPUTED,NONE,0.000000000,0.000000000,0.000000000,0.0,0.000000000,0.000000000,"",0,0,0,0,0,00,0,0*427f9431
#HEADINGA,ICOM3,0,76.4,FINESTEERING,2437,11743.600,00000000,0000,810;SOL_COMPUTED,NONE,0.000000000,0.000000000,0.000000000,0.0,0.000000000,0.000000000,"",0,0,0,0,0,00,0,0*f75e8d76
#HEADINGA,ICOM3,0,76.4,FINESTEERING,2437,11743.800,00000000,0000,810;SOL_COMPUTED,NONE,0.000000000,0.000000000,0.000000000,0.0,0.000000000,0.000000000,"",0,0,0,0,0,00,0,0*4a5bcf21
#HEADINGA,ICOM3,0,76.4,FINESTEERING,2437,11744.000,00000000,0000,810;SOL_COMPUTED,NONE,0.000000000,0.000000000,0.000000000,0.0,0.000000000,0.000000000,"",0,0,0,0,0,00,0,0*c5d88beb
#HEADINGA,ICOM3,0,76.4,FINESTEERING,2437,11744.200,00000000,0000,810;SOL_COMPUTED,NONE,0.000000000,0.000000000,0.000000000,0.0,0.000000000,0.000000000,"",0,0,0,0,0,00,0,0*70f992ac
#HEADINGA,ICOM3,0,75.1,FINESTEERING,2437,11744.400,00000000,0000,810;SOL_COMPUTED,NONE,0.000000000,0.000000000,0.000000000,0.0,0.000000000,0.000000000,"",0,0,0,0,0,00,0,0*57c8d1b2
#HEADINGA,ICOM3,0,75.1,FINESTEERING,2437,11744.600,00000000,0000,810;SOL_COMPUTED,NONE,0.000000000,0.000000000,0.000000000,0.0,0.000000000,0.000000000,"",0,0,0,0,0,00,0,0*e2e9c8f5
#HEADINGA,ICOM3,0,75.1,FINESTEERING,2437,11744.800,00000000,0000,810;SOL_COMPUTED,NONE,0.000000000,0.000000000,0.000000000,0.0,0.000000000,0.000000000,"",0,0,0,0,0,00,0,0*5fec8aa2
#HEADINGA,ICOM3,0,75.1,FINESTEERING,2437,11745.000,00000000,0000,810;SOL_COMPUTED,NONE,0.000000000,0.000000000,0.000000000,0.0,0.000000000,0.000000000,"",0,0,0,0,0,00,0,0*66ea844c
#HEADINGA,ICOM3,0,75.1,FINESTEERING,2437,11745.200,00000000,0000,810;SOL_COMPUTED,NONE,0.000000000,0.000000000,0.000000000,0.0,0.000000000,0.000000000,"",0,0,0,0,0,00,0,0*d3cb9d0b
#HEADINGA,ICOM3,0,75.3,FINESTEERING,2437,11745.400,00000000,0000,810;SOL_COMPUTED,NONE,0.000000000,0.000000000,0.000000000,0.0,0.000000000,0.000000000,"",0,0,0,0,0,00,0,0*f688e0ff
#HEADINGA,ICOM3,0,75.3,FINESTEERING,2437,11745.600,00000000,0000,810;SOL_COMPUTED,NONE,0.000000000,0.000000000,0.000000000,0.0,0.000000000,0.000000000,"",0,0,0,0,0,00,0,0*43a9f9b8
#HEADINGA,ICOM3,0,75.3,FINESTEERING,2437,11745.800,00000000,0000,810;SOL_COMPUTED,NONE,0.000000000,0.000000000,0.000000000,0.0,0.000000000,0.000000000,"",0,0,0,0,0,00,0,0*feacbbef
#HEADINGA,ICOM3,0,75.3,FINESTEERING,2437,11746.000,00000000,0000,810;SOL_COMPUTED,NONE,0.000000000,0.000000000,0.000000000,0.0,0.000000000,0.000000000,"",0,0,0,0,0,00,0,0*1cf97122
#HEADINGA,ICOM3,0,75.3,FINESTEERING,2437,11746.200,00000000,0000,810;SOL_COMPUTED,NONE,0.000000000,0.000000000,0.000000000,0.0,0.000000000,0.000000000,"",0,0,0,0,0,00,0,0*a9d86865
#HEADINGA,ICOM3,0,68.5,FINESTEERING,2437,11746.400,00000000,0000,810;SOL_COMPUTED,NONE,0.000000000,0.000000000,0.000000000,0.0,0.000000000,0.000000000,"",0,0,0,0,0,00,0,0*d803dfd6
#HEADINGA,ICOM3,0,68.5,FINESTEERING,2437,11746.600,00000000,0000,810;SOL_COMPUTED,NONE,0.000000000,0.000000000,0.000000000,0.0,0.000000000,0.000000000,"",0,0,0,0,0,00,0,0*6d22c691
#HEADINGA,ICOM3,0,68.5,FINESTEERING,2437,11746.800,00000000,0000,810;SOL_COMPUTED,NONE,0.000000000,0.000000000,0.000000000,0.0,0.000000000,0.000000000,"",0,0,0,0,0,00,0,0*d02784c6
#HEADINGA,ICOM3,0,68.5,FINESTEERING,2437,11747.000,00000000,0000,810;SOL_COMPUTED,NONE,0.000000000,0.000000000,0.000000000,0.0,0.000000000,0.000000000,"",0,0,0,0,0,00,0,0*e9218a28
#HEADINGA,ICOM3,0,68.5,FINESTEERING,2437,11747.200,00000000,0000,810;SOL_COMPUTED,NONE,0.000000000,0.000000000,0.000000000,0.0,0.000000000,0.000000000,"",0,0,0,0,0,00,0,0*5c00936f
#HEADINGA,ICOM3,0,71.8,FINESTEERING,2437,11747.400,00000000,0000,810;SOL_COMPUTED,NONE,0.000000000,0.000000000,0.000000000,0.0,0.000000000,0.000000000,"",0,0,0,0,0,00,0,0*93d41791
#HEADINGA,ICOM3,0,71.8,FINESTEERING,2437,11747.600,00000000,0000,810;SOL_COMPUTED,NONE,0.000000000,0.000000000,0.000000000,0.0,0.000000000,0.000000000,"",0,0,0,0,0,00,0,0*26f50ed6
#HEADINGA,ICOM3,0,71.8,FINESTEERING,2437,11747.800,00000000,0000,810;SOL_COMPUTED,NONE,0.000000000,0.000000000,0.000000000,0.0,0.000000000,0.000000000,"",0,0,0,0,0,00,0,0*9bf04c81
#HEADINGA,ICOM3,0,71.8,FINESTEERING,2437,11748.000,00000000,0000,810;SOL_COMPUTED,NONE,0.000000000,0.000000000,0.000000000,0.0,0.000000000,0.000000000,"",0,0,0,0,0,00,0,0*cfde1445
#HEADINGA,ICOM3,0,71.8,FINESTEERING,2437,11748.200,00000000,0000,810;SOL_COMPUTED,NONE,0.000000000,0.000000000,0.000000000,0.0,0.000000000,0.000000000,"",0,0,0,0,0,00,0,0*7aff0d02
#HEADINGA,ICOM3,0,71.5,FINESTEERING,2437,11748.400,00000000,0000,810;SOL_COMPUTED,NONE,0.000000000,0.000000000,0.000000000,0.0,0.000000000,0.000000000,"",0,0,0,0,0,00,0,0*a9a269bc
#HEADINGA,ICOM3,0,71.5,FINESTEERING,2437,11748.600,00000000,0000,810;SOL_COMPUTED,NONE,0.000000000,0.000000000,0.000000000,0.0,0.000000000,0.000000000,"",0,0,0,0,0,00,0,0*1c8370fb
#HEADINGA,ICOM3,0,71.5,FINESTEERING,2437,11748.800,00000000,0000,810;SOL_COMPUTED,NONE,0.000000000,0.000000000,0.000000000,0.0,0.000000000,0.000000000,"",0,0,0,0,0,00,0,0*a18632ac
#HEADINGA,ICOM3,0,71.5,FINESTEERING,2437,11749.000,00000000,0000,810;SOL_COMPUTED,NONE,0.000000000,0.000000000,0.000000000,0.0,0.000000000,0.000000000,"",0,0,0,0,0,00,0,0*98803c42
#HEADINGA,ICOM3,0,71.5,FINESTEERING,2437,11749.200,00000000,0000,810;SOL_COMPUTED,NONE,0.000000000,0.000000000,0.000000000,0.0,0.000000000,0.000000000,"",0,0,0,0,0,00,0,0*2da12505
#HEADINGA,ICOM3,0,71.5,FINESTEERING,2437,11749.400,00000000,0000,810;SOL_COMPUTED,NONE,0.000000000,0.000000000,0.000000000,0.0,0.000000000,0.000000000,"",0,0,0,0,0,00,0,0*29b3088d
#HEADINGA,ICOM3,0,71.5,FINESTEERING,2437,11749.600,00000000,0000,810;SOL_COMPUTED,NONE,0.000000000,0.000000000,0.000000000,0.0,0.000000000,0.000000000,"",0,0,0,0,0,00,0,0*9c9211ca
#HEADINGA,ICOM3,0,71.5,FINESTEERING,2437,11749.800,00000000,0000,810;SOL_COMPUTED,NONE,0.000000000,0.000000000,0.000000000,0.0,0.000000000,0.000000000,"",0,0,0,0,0,00,0,0*2197539d
#HEADINGA,ICOM3,0,71.5,FINESTEERING,2437,11750.000,00000000,0000,810;SOL_COMPUTED,NONE,0.000000000,0.000000000,0.000000000,0.0,0.000000000,0.000000000,"",0,0,0,0,0,00,0,0*92625026
#HEADINGA,ICOM3,0,71.5,FINESTEERING,2437,11750.200,00000000,0000,810;SOL_COMPUTED,NONE,0.000000000,0.000000000,0.000000000,0.0,0.000000000,0.000000000,"",0,0,0,0,0,00,0,0*27434961
#HEADINGA,ICOM3,0,70.5,FINESTEERING,2437,11750.400,00000000,0000,810;SOL_COMPUTED,NONE,0.000000000,0.000000000,0.000000000,0.0,0.000000000,0.000000000,"",0,0,0,0,0,00,0,0*ba9944e6
#HEADINGA,ICOM3,0,70.5,FINESTEERING,2437,11750.600,00000000,0000,810;SOL_COMPUTED,NONE,0.000000000,0.000000000,0.000000000,0.0,0.000000000,0.000000000,"",0,0,0,0,0,00,0,0*0fb85da1
#HEADINGA,ICOM3,0,70.5,FINESTEERING,2437,11750.800,00000000,0000,810;SOL_COMPUTED,NONE,0.000000000,0.000000000,0.000000000,0.0,0.000000000,0.000000000,"",0,0,0,0,0,00,0,0*b2bd1ff6
#HEADINGA,ICOM3,0,70.5,FINESTEERING,2437,11751.000,00000000,0000,810;SOL_COMPUTED,NONE,0.000000000,0.000000000,0.000000000,0.0,0.000000000,0.000000000,"",0,0,0,0,0,00,0,0*8bbb1118
#HEADINGA,ICOM3,0,70.5,FINESTEERING,2437,11751.200,00000000,0000,810;SOL_COMPUTED,NONE,0.000000000,0.000000000,0.000000000,0.0,0.000000000,0.000000000,"",0,0,0,0,0,00,0,0*3e9a085f
#HEADINGA,ICOM3,0,76.5,FINESTEERING,2437,11751.400,00000000,0000,810;SOL_COMPUTED,NONE,0.000000000,0.000000000,0.000000000,0.0,0.000000000,0.000000000,"",0,0,0,0,0,00,0,0*d8dae977
#HEADINGA,ICOM3,0,76.5,FINESTEERING,2437,11751.600,00000000,0000,810;SOL_COMPUTED,NONE,0.000000000,0.000000000,0.000000000,0.0,0.000000000,0.000000000,"",0,0,0,0,0,00,0,0*6dfbf030
#HEADINGA,ICOM3,0,76.5,FINESTEERING,2437,11751.800,00000000,0000,810;SOL_COMPUTED,NONE,0.000000000,0.000000000,0.000000000,0.0,0.000000000,0.000000000,"",0,0,0,0,0,00,0,0*d0feb267
#HEADINGA,ICOM3,0,76.5,FINESTEERING,2437,11752.000,00000000,0000,810;SOL_COMPUTED,NONE,0.000000000,0.000000000,0.000000000,0.0,0.000000000,0.000000000,"",0,0,0,0,0,00,0,0*32ab78aa
#HEADINGA,ICOM3,0,76.5,FINESTEERING,2437,11752.200,00000000,0000,810;SOL_COMPUTED,NONE,0.000000000,0.000000000,0.000000000,0.0,0.000000000,0.000000000,"",0,0,0,0,0,00,0,0*878a61ed
#HEADINGA,ICOM3,0,69.5,FINESTEERING,2437,11752.400,00000000,0000,810;SOL_COMPUTED,NONE,0.000000000,0.000000000,0.000000000,0.0,0.000000000,0.000000000,"",0,0,0,0,0,00,0,0*7d436085
#HEADINGA,ICOM3,0,69.5,FINESTEERING,2437,11752.600,00000000,0000,810;SOL_COMPUTED,NONE,0.000000000,0.000000000,0.000000000,0.0,0.000000000,0.000000000,"",0,0,0,0,0,00,0,0*c86279c2
#HEADINGA,ICOM3,0,69.5,FINESTEERING,2437,11752.800,00000000,0000,810;SOL_COMPUTED,NONE,0.000000000,0.000000000,0.000000000,0.0,0.000000000,0.000000000,"",0,0,0,0,0,00,0,0*75673b95
#HEADINGA,ICOM3,0,69.5,FINESTEERING,2437,11753.000,00000000,0000,810;SOL_COMPUTED,NONE,0.000000000,0.000000000,0.000000000,0.0,0.000000000,0.000000000,"",0,0,0,0,0,00,0,0*4c61357b
#HEADINGA,ICOM3,0,69.5,FINESTEERING,2437,11753.200,00000000,0000,810;SOL_COMPUTED,NONE,0.000000000,0.000000000,0.000000000,0.0,0.000000000,0.000000000,"",0,0,0,0,0,00,0,0*f9402c3c
#HEADINGA,ICOM3,0,74.0,FINESTEERING,2437,11753.400,00000000,0000,810;SOL_COMPUTED,NONE,0.000000000,0.000000000,0.000000000,0.0,0.000000000,0.000000000,"",0,0,0,0,0,00,0,0*b96263cd
#HEADINGA,ICOM3,0,74.0,FINESTEERING,2437,11753.600,00000000,0000,810;SOL_COMPUTED,NONE,0.000000000,0.000000000,0.000000000,0.0,0.000000000,0.000000000,"",0,0,0,0,0,00,0,0*0c437a8a
#HEADINGA,ICOM3,0,74.0,FINESTEERING,2437,11753.800,00000000,0000,810;SOL_COMPUTED,NONE,0.000000000,0.000000000,0.000000000,0.0,0.000000000,0.000000000,"",0,0,0,0,0,00,0,0*b14638dd
#HEADINGA,ICOM3,0,74.0,FINESTEERING,2437,11754.000,00000000,0000,810;SOL_COMPUTED,NONE,0.000000000,0.000000000,0.000000000,0.0,0.000000000,0.000000000,"",0,0,0,0,0,00,0,0*3ec57c17
#HEADINGA,ICOM3,0,74.0,FINESTEERING,2437,11754.200,00000000,0000,810;SOL_COMPUTED,NONE,0.000000000,0.000000000,0.000000000,0.0,0.000000000,0.000000000,"",0,0,0,0,0,00,0,0*8be46550
#HEADINGA,ICOM3,0,74.4,FINESTEERING,2437,11754.400,00000000,0000,810;SOL_COMPUTED,NONE,0.000000000,0.000000000,0.000000000,0.0,0.000000000,0.000000000,"",0,0,0,0,0,00,0,0*cd54e820
#HEADINGA,ICOM3,0,74.4,FINESTEERING,2437,11754.600,00000000,0000,810;SOL_COMPUTED,NONE,0.000000000,0.000000000,0.000000000,0.0,0.000000000,0.000000000,"",0,0,0,0,0,00,0,0*7875f167
#HEADINGA,ICOM3,0,74.4,FINESTEERING,2437,11754.800,00000000,0000,810;SOL_COMPUTED,NONE,0.000000000,0.000000000,0.000000000,0.0,0.000000000,0.000000000,"",0,0,0,0,0,00,0,0*c570b330
#HEADINGA,ICOM3,0,74.4,FINESTEERING,2437,11755.000,00000000,0000,810;SOL_COMPUTED,NONE,0.000000000,0.000000000,0.000000000,0.0,0.000000000,0.000000000,"",0,0,0,0,0,00,0,0*fc76bdde
#HEADINGA,ICOM3,0,74.4,FINESTEERING,2437,11755.200,00000000,0000,810;SOL_COMPUTED,NONE,0.000000000,0.000000000,0.000000000,0.0,0.000000000,0.000000000,"",0,0,0,0,0,00,0,0*4957a499
#HEADINGA,ICOM3,0,73.6,FINESTEERING,2437,11755.400,00000000,0000,810;SOL_COMPUTED,NONE,0.000000000,0.000000000,0.000000000,0.0,0.000000000,0.000000000,"",0,0,0,0,0,00,0,0*178e35c2
#HEADINGA,ICOM3,0,73.6,FINESTEERING,2437,11755.600,00000000,0000,810;SOL_COMPUTED,NONE,0.000000000,0.000000000,0.000000000,0.0,0.000000000,0.000000000,"",0,0,0,0,0,00,0,0*a2af2c85
#HEADINGA,ICOM3,0,73.6,FINESTEERING,2437,11755.800,00000000,0000,810;SOL_COMPUTED,NONE,0.000000000,0.000000000,0.000000000,0.0,0.000000000,0.000000000,"",0,0,0,0,0,00,0,0*1faa6ed2
#HEADINGA,ICOM3,0,73.6,FINESTEERING,2437,11756.000,00000000,0000,810;SOL_COMPUTED,NONE,0.000000000,0.000000000,0.000000000,0.0,0.000000000,0.000000000,"",0,0,0,0,0,00,0,0*fdffa41f
#HEADINGA,ICOM3,0,73.6,FINESTEERING,2437,11756.200,00000000,0000,810;SOL_COMPUTED,NONE,0.000000000,0.000000000,0.000000000,0.0,0.000000000,0.000000000,"",0,0,0,0,0,00,0,0*48debd58
#HEADINGA,ICOM3,0,73.6,FINESTEERING,2437,11756.400,00000000,0000,810;SOL_COMPUTED,NONE,0.000000000,0.000000000,0.000000000,0.0,0.000000000,0.000000000,"",0,0,0,0,0,00,0,0*4ccc90d0
#HEADINGA,ICOM3,0,73.6,FINESTEERING,2437,11756.600,00000000,0000,810;SOL_COMPUTED,NONE,0.000000000,0.000000000,0.000000000,0.0,0.000000000,0.000000000,"",0,0,0,0,0,00,0,0*f9ed8997
#HEADINGA,ICOM3,0,73.6,FINESTEERING,2437,11756.800,00000000,0000,810;SOL_COMPUTED,NONE,0.000000000,0.000000000,0.000000000,0.0,0.000000000,0.000000000,"",0,0,0,0,0,00,0,0*44e8cbc0
#HEADINGA,ICOM3,0,73.6,FINESTEERING,2437,11757.000,00000000,0000,810;SOL_COMPUTED,NONE,0.000000000,0.000000000,0.000000000,0.0,0.000000000,0.000000000,"",0,0,0,0,0,00,0,0*7deec52e
#HEADINGA,ICOM3,0,73.6,FINESTEERING,2437,11757.200,00000000,0000,810;SOL_COMPUTED,NONE,0.000000000,0.000000000,0.000000000,0.0,0.000000000,0.000000000,"",0,0,0,0,0,00,0,0*c8cfdc69
#HEADINGA,ICOM3,0,73.1,FINESTEERING,2437,11757.400,00000000,0000,810;SOL_COMPUTED,NONE,0.000000000,0.000000000,0.000000000,0.0,0.000000000,0.000000000,"",0,0,0,0,0,00,0,0*bf86a95b
#HEADINGA,ICOM3,0,73.1,FINESTEERING,2437,11757.600,00000000,0000,810;SOL_COMPUTED,NONE,0.000000000,0.000000000,0.000000000,0.0,0.000000000,0.000000000,"",0,0,0,0,0,00,0,0*0aa7b01c
#HEADINGA,ICOM3,0,73.1,FINESTEERING,2437,11757.800,00000000,0000,810;SOL_COMPUTED,NONE,0.000000000,0.000000000,0.000000000,0.0,0.000000000,0.000000000,"",0,0,0,0,0,00,0,0*b7a2f24b
#HEADINGA,ICOM3,0,73.1,FINESTEERING,2437,11758.000,00000000,0000,810;SOL_COMPUTED,NONE,0.000000000,0.000000000,0.000000000,0.0,0.000000000,0.000000000,"",0,0,0,0,0,00,0,0*e38caa8f
#HEADINGA,ICOM3,0,73.1,FINESTEERING,2437,11758.200,00000000,0000,810;SOL_COMPUTED,NONE,0.000000000,0.000000000,0.000000000,0.0,0.000000000,0.000000000,"",0,0,0,0,0,00,0,0*56adb3c8
#HEADINGA,ICOM3,0,74.7,FINESTEERING,2437,11758.400,00000000,0000,810;SOL_COMPUTED,NONE,0.000000000,0.000000000,0.000000000,0.0,0.000000000,0.000000000,"",0,0,0,0,0,00,0,0*4ad6826b
#HEADINGA,ICOM3,0,74.7,FINESTEERING,2437,11758.600,00000000,0000,810;SOL_COMPUTED,NONE,0.000000000,0.000000000,0.000000000,0.0,0.000000000,0.000000000,"",0,0,0,0,0,00,0,0*fff79b2c
#HEADINGA,ICOM3,0,74.7,FINESTEERING,2437,11758.800,00000000,0000,810;SOL_COMPUTED,NONE,0.000000000,0.000000000,0.000000000,0.0,0.000000000,0.000000000,"",0,0,0,0,0,00,0,0*42f2d97b
#HEADINGA,ICOM3,0,74.7,FINESTEERING,2437,11759.000,00000000,0000,810;SOL_COMPUTED,NONE,0.000000000,0.000000000,0.000000000,0.0,0.000000000,0.000000000,"",0,0,0,0,0,00,0,0*7bf4d795
#HEADINGA,ICOM3,0,74.7,FINESTEERING,2437,11759.200,00000000,0000,810;SOL_COMPUTED,NONE,0.000000000,0.000000000,0.000000000,0.0,0.000000000,0.000000000,"",0,0,0,0,0,00,0,0*ced5ced2
#HEADINGA,ICOM3,0,76.5,FINESTEERING,2437,11759.400,00000000,0000,810;SOL_COMPUTED,NONE,0.000000000,0.000000000,0.000000000,0.0,0.000000000,0.000000000,"",0,0,0,0,0,00,0,0*0377f579
#HEADINGA,ICOM3,0,76.5,FINESTEERING,2437,11759.600,00000000,0000,810;SOL_COMPUTED,NONE,0.000000000,0.000000000,0.000000000,0.0,0.000000000,0.000000000,"",0,0,0,0,0,00,0,0*b656ec3e
#HEADINGA,ICOM3,0,76.5,FINESTEERING,2437,11759.800,00000000,0000,810;SOL_COMPUTED,NONE,0.000000000,0.000000000,0.000000000,0.0,0.000000000,0.000000000,"",0,0,0,0,0,00,0,0*0b53ae69
#HEADINGA,ICOM3,0,76.5,FINESTEERING,2437,11760.000,00000000,0000,810;SOL_COMPUTED,NONE,0.000000000,0.000000000,0.000000000,0.0,0.000000000,0.000000000,"",0,0,0,0,0,00,0,0*1a1a8f64
#HEADINGA,ICOM3,0,76.5,FINESTEERING,2437,11760.200,00000000,0000,810;SOL_COMPUTED,NONE,0.000000000,0.000000000,0.000000000,0.0,0.000000000,0.000000000,"",0,0,0,0,0,00,0,0*af3b9623
#HEADINGA,ICOM3,0,76.1,FINESTEERING,2437,11760.400,00000000,0000,810;SOL_COMPUTED,NONE,0.000000000,0.000000000,0.000000000,0.0,0.000000000,0.000000000,"",0,0,0,0,0,00,0,0*e98b1b53
#HEADINGA,ICOM3,0,76.1,FINESTEERING,2437,11760.600,00000000,0000,810;SOL_COMPUTED,NONE,0.000000000,0.000000000,0.000000000,0.0,0.000000000,0.000000000,"",0,0,0,0,0,00,0,0*5caa0214
#HEADINGA,ICOM3,0,76.1,FINESTEERING,2437,11760.800,00000000,0000,810;SOL_COMPUTED,NONE,0.000000000,0.000000000,0.000000000,0.0,0.000000000,0.000000000,"",0,0,0,0,0,00,0,0*e1af4043
#HEADINGA,ICOM3,0,76.1,FINESTEERING,2437,11761.000,00000000,0000,810;SOL_COMPUTED,NONE,0.000000000,0.000000000,0.000000000,0.0,0.000000000,0.000000000,"",0,0,0,0,0,00,0,0*d8a94ead
#HEADINGA,ICOM3,0,76.1,FINESTEERING,2437,11761.200,00000000,0000,810;SOL_COMPUTED,NONE,0.000000000,0.000000000,0.000000000,0.0,0.000000000,0.000000000,"",0,0,0,0,0,00,0,0*6d8857ea
#HEADINGA,ICOM3,0,76.4,FINESTEERING,2437,11761.400,00000000,0000,810;SOL_COMPUTED,NONE,0.000000000,0.000000000,0.000000000,0.0,0.000000000,0.000000000,"",0,0,0,0,0,00,0,0*3b9072a4
#HEADINGA,ICOM3,0,76.4,FINESTEERING,2437,11761.600,00000000,0000,810;SOL_COMPUTED,NONE,0.000000000,0.000000000,0.000000000,0.0,0.000000000,0.000000000,"",0,0,0,0,0,00,0,0*8eb16be3
#HEADINGA,ICOM3,0,76.4,FINESTEERING,2437,11761.800,00000000,0000,810;SOL_COMPUTED,NONE,0.000000000,0.000000000,0.000000000,0.0,0.000000000,0.000000000,"",0,0,0,0,0,00,0,0*33b429b4
#HEADINGA,ICOM3,0,76.4,FINESTEERING,2437,11762.000,00000000,0000,810;SOL_COMPUTED,NONE,0.000000000,0.000000000,0.000000000,0.0,0.000000000,0.000000000,"",0,0,0,0,0,00,0,0*d1e1e379
#HEADINGA,ICOM3,0,85.4,FINESTEERING,2437,11762.200,00000000,0000,810;SOL_COMPUTED,NONE,0.000000000,0.000000000,0.000000000,0.0,0.000000000,0.000000000,"",0,0,0,0,0,00,0,0*09eb00f5
#HEADINGA,ICOM3,0,85.4,FINESTEERING,2437,11762.400,00000000,0000,810;SOL_COMPUTED,NONE,0.000000000,0.000000000,0.000000000,0.0,0.000000000,0.000000000,"",0,0,0,0,0,00,0,0*0df92d7d
#HEADINGA,ICOM3,0,85.4,FINESTEERING,2437,11762.600,00000000,0000,810;SOL_COMPUTED,NONE,0.000000000,0.000000000,0.000000000,0.0,0.000000000,0.000000000,"",0,0,0,0,0,00,0,0*b8d8343a
#HEADINGA,ICOM3,0,85.4,FINESTEERING,2437,11762.800,00000000,0000,810;SOL_COMPUTED,NONE,0.000000000,0.000000000,0.000000000,0.0,0.000000000,0.000000000,"",0,0,0,0,0,00,0,0*05dd766d
#HEADINGA,ICOM3,0,85.4,FINESTEERING,2437,11763.000,00000000,0000,810;SOL_COMPUTED,NONE,0.000000000,0.000000000,0.000000000,0.0,0.000000000,0.000000000,"",0,0,0,0,0,00,0,0*3cdb7883
#HEADINGA,ICOM3,0,88.0,FINESTEERING,2437,11763.200,00000000,0000,810;SOL_COMPUTED,NONE,0.000000000,0.000000000,0.000000000,0.0,0.000000000,0.000000000,"",0,0,0,0,0,00,0,0*4d447e32
#HEADINGA,ICOM3,0,88.0,FINESTEERING,2437,11763.400,00000000,0000,810;SOL_COMPUTED,NONE,0.000000000,0.000000000,0.000000000,0.0,0.000000000,0.000000000,"",0,0,0,0,0,00,0,0*495653ba
#HEADINGA,ICOM3,0,88.0,FINESTEERING,2437,11763.600,00000000,0000,810;SOL_COMPUTED,NONE,0.000000000,0.000000000,0.000000000,0.0,0.000000000,0.000000000,"",0,0,0,0,0,00,0,0*fc774afd
#HEADINGA,ICOM3,0,88.0,FINESTEERING,2437,11763.800,00000000,0000,810;SOL_COMPUTED,NONE,0.000000000,0.000000000,0.000000000,0.0,0.000000000,0.000000000,"",0,0,0,0,0,00,0,0*417208aa
#HEADINGA,ICOM3,0,88.0,FINESTEERING,2437,11764.000,00000000,0000,810;SOL_COMPUTED,NONE,0.000000000,0.000000000,0.000000000,0.0,0.000000000,0.000000000,"",0,0,0,0,0,00,0,0*cef14c60
#HEADINGA,ICOM3,0,87.5,FINESTEERING,2437,11764.200,00000000,0000,810;SOL_COMPUTED,NONE,0.000000000,0.000000000,0.000000000,0.0,0.000000000,0.000000000,"",0,0,0,0,0,00,0,0*4727a4b0
#HEADINGA,ICOM3,0,87.5,FINESTEERING,2437,11764.400,00000000,0000,810;SOL_COMPUTED,NONE,0.000000000,0.000000000,0.000000000,0.0,0.000000000,0.000000000,"",0,0,0,0,0,00,0,0*43358938
#HEADINGA,ICOM3,0,87.5,FINESTEERING,2437,11764.600,00000000,0000,810;SOL_COMPUTED,NONE,0.000000000,0.000000000,0.000000000,0.0,0.000000000,0.000000000,"",0,0,0,0,0,00,0,0*f614907f
#HEADINGA,ICOM3,0,87.5,FINESTEERING,2437,11764.800,00000000,0000,810;SOL_COMPUTED,NONE,0.000000000,0.000000000,0.000000000,0.0,0.000000000,0.000000000,"",0,0,0,0,0,00,0,0*4b11d228
#HEADINGA,ICOM3,0,87.5,FINESTEERING,2437,11765.000,00000000,0000,810;SOL_COMPUTED,NONE,0.000000000,0.000000000,0.000000000,0.0,0.000000000,0.000000000,"",0,0,0,0,0,00,0,0*7217dcc6
#HEADINGA,ICOM3,0,87.6,FINESTEERING,2437,11765.200,00000000,0000,810;SOL_COMPUTED,NONE,0.000000000,0.000000000,0.000000000,0.0,0.000000000,0.000000000,"",0,0,0,0,0,00,0,0*f6cf3dc3
#HEADINGA,ICOM3,0,87.6,FINESTEERING,2437,11765.400,00000000,0000,810;SOL_COMPUTED,NONE,0.000000000,0.000000000,0.000000000,0.0,0.000000000,0.000000000,"",0,0,0,0,0,00,0,0*f2dd104b
#HEADINGA,ICOM3,0,87.6,FINESTEERING,2437,11765.600,00000000,0000,810;SOL_COMPUTED,NONE,0.000000000,0.000000000,0.000000000,0.0,0.000000000,0.000000000,"",0,0,0,0,0,00,0,0*47fc090c
#HEADINGA,ICOM3,0,87.6,FINESTEERING,2437,11765.800,00000000,0000,810;SOL_COMPUTED,NONE,0.000000000,0.000000000,0.000000000,0.0,0.000000000,0.000000000,"",0,0,0,0,0,00,0,0*faf94b5b
#HEADINGA,ICOM3,0,87.6,FINESTEERING,2437,11766.000,00000000,0000,810;SOL_COMPUTED,NONE,0.000000000,0.000000000,0.000000000,0.0,0.000000000,0.000000000,"",0,0,0,0,0,00,0,0*18ac8196
#HEADINGA,ICOM3,0,88.3,FINESTEERING,2437,11766.200,00000000,0000,810;SOL_COMPUTED,NONE,0.000000000,0.000000000,0.000000000,0.0,0.000000000,0.000000000,"",0,0,0,0,0,00,0,0*917a6946
#HEADINGA,ICOM3,0,88.3,FINESTEERING,2437,11766.400,00000000,0000,810;SOL_COMPUTED,NONE,0.000000000,0.000000000,0.000000000,0.0,0.000000000,0.000000000,"",0,0,0,0,0,00,0,0*956844ce
#HEADINGA,ICOM3,0,88.3,FINESTEERING,2437,11766.600,00000000,0000,810;SOL_COMPUTED,NONE,0.000000000,0.000000000,0.000000000,0.0,0.000000000,0.000000000,"",0,0,0,0,0,00,0,0*20495d89
#HEADINGA,ICOM3,0,88.3,FINESTEERING,2437,11766.800,00000000,0000,810;SOL_COMPUTED,NONE,0.000000000,0.000000000,0.000000000,0.0,0.000000000,0.000000000,"",0,0,0,0,0,00,0,0*9d4c1fde
#HEADINGA,ICOM3,0,88.3,FINESTEERING,2437,11767.000,00000000,0000,810;SOL_COMPUTED,NONE,0.000000000,0.000000000,0.000000000,0.0,0.000000000,0.000000000,"",0,0,0,0,0,00,0,0*a44a1130
#HEADINGA,ICOM3,0,87.5,FINESTEERING,2437,11767.200,00000000,0000,810;SOL_COMPUTED,NONE,0.000000000,0.000000000,0.000000000,0.0,0.000000000,0.000000000,"",0,0,0,0,0,00,0,0*1c6501a2
#HEADINGA,ICOM3,0,87.5,FINESTEERING,2437,11767.400,00000000,0000,810;SOL_COMPUTED,NONE,0.000000000,0.000000000,0.000000000,0.0,0.000000000,0.000000000,"",0,0,0,0,0,00,0,0*18772c2a
#HEADINGA,ICOM3,0,87.5,FINESTEERING,2437,11767.600,00000000,0000,810;SOL_COMPUTED,NONE,0.000000000,0.000000000,0.000000000,0.0,0.000000000,0.000000000,"",0,0,0,0,0,00,0,0*ad56356d
#HEADINGA,ICOM3,0,87.5,FINESTEERING,2437,11767.800,00000000,0000,810;SOL_COMPUTED,NONE,0.000000000,0.000000000,0.000000000,0.0,0.000000000,0.000000000,"",0,0,0,0,0,00,0,0*1053773a
#HEADINGA,ICOM3,0,87.5,FINESTEERING,2437,11768.000,00000000,0000,810;SOL_COMPUTED,NONE,0.000000000,0.000000000,0.000000000,0.0,0.000000000,0.000000000,"",0,0,0,0,0,00,0,0*447d2ffe
#HEADINGA,ICOM3,0,86.5,FINESTEERING,2437,11768.200,00000000,0000,810;SOL_COMPUTED,NONE,0.000000000,0.000000000,0.000000000,0.0,0.000000000,0.000000000,"",0,0,0,0,0,00,0,0*689416b6
#HEADINGA,ICOM3,0,86.5,FINESTEERING,2437,11768.400,00000000,0000,810;SOL_COMPUTED,NONE,0.000000000,0.000000000,0.000000000,0.0,0.000000000,0.000000000,"",0,0,0,0,0,00,0,0*6c863b3e
#HEADINGA,ICOM3,0,86.5,FINESTEERING,2437,11768.600,00000000,0000,810;SOL_COMPUTED,NONE,0.000000000,0.000000000,0.000000000,0.0,0.000000000,0.000000000,"",0,0,0,0,0,00,0,0*d9a72279
#HEADINGA,ICOM3,0,86.5,FINESTEERING,2437,11768.800,00000000,0000,810;SOL_COMPUTED,NONE,0.000000000,0.000000000,0.000000000,0.0,0.000000000,0.000000000,"",0,0,0,0,0,00,0,0*64a2602e
#HEADINGA,ICOM3,0,86.5,FINESTEERING,2437,11769.000,00000000,0000,810;SOL_COMPUTED,NONE,0.000000000,0.000000000,0.000000000,0.0,0.000000000,0.000000000,"",0,0,0,0,0,00,0,0*5da46ec0
#HEADINGA,ICOM3,0,87.7,FINESTEERING,2437,11769.200,00000000,0000,810;SOL_COMPUTED,NONE,0.000000000,0.000000000,0.000000000,0.0,0.000000000,0.000000000,"",0,0,0,0,0,00,0,0*501c07f4
#HEADINGA,ICOM3,0,87.7,FINESTEERING,2437,11769.400,00000000,0000,810;SOL_COMPUTED,NONE,0.000000000,0.000000000,0.000000000,0.0,0.000000000,0.000000000,"",0,0,0,0,0,00,0,0*540e2a7c
#HEADINGA,ICOM3,0,87.7,FINESTEERING,2437,11769.600,00000000,0000,810;SOL_COMPUTED,NONE,0.000000000,0.000000000,0.000000000,0.0,0.000000000,0.000000000,"",0,0,0,0,0,00,0,0*e12f333b
#HEADINGA,ICOM3,0,87.7,FINESTEERING,2437,11769.800,00000000,0000,810;SOL_COMPUTED,NONE,0.000000000,0.000000000,0.000000000,0.0,0.000000000,0.000000000,"",0,0,0,0,0,00,0,0*5c2a716c
#HEADINGA,ICOM3,0,87.7,FINESTEERING,2437,11770.000,00000000,0000,810;SOL_COMPUTED,NONE,0.000000000,0.000000000,0.000000000,0.0,0.000000000,0.000000000,"",0,0,0,0,0,00,0,0*efdf72d7
#HEADINGA,ICOM3,0,87.5,FINESTEERING,2437,11770.200,00000000,0000,810;SOL_COMPUTED,NONE,0.000000000,0.000000000,0.000000000,0.0,0.000000000,0.000000000,"",0,0,0,0,0,00,0,0*7baf3bec
#HEADINGA,ICOM3,0,87.5,FINESTEERING,2437,11770.400,00000000,0000,810;SOL_COMPUTED,NONE,0.000000000,0.000000000,0.000000000,0.0,0.000000000,0.000000000,"",0,0,0,0,0,00,0,0*7fbd1664
#HEADINGA,ICOM3,0,87.5,FINESTEERING,2437,11770.600,00000000,0000,810;SOL_COMPUTED,NONE,0.000000000,0.000000000,0.000000000,0.0,0.000000000,0.000000000,"",0,0,0,0,0,00,0,0*ca9c0f23
#HEADINGA,ICOM3,0,87.5,FINESTEERING,2437,11770.800,00000000,0000,810;SOL_COMPUTED,NONE,0.000000000,0.000000000,0.000000000,0.0,0.000000000,0.000000000,"",0,0,0,0,0,00,0,0*77994d74
#HEADINGA,ICOM3,0,87.5,FINESTEERING,2437,11771.000,00000000,0000,810;SOL_COMPUTED,NONE,0.000000000,0.000000000,0.000000000,0.0,0.000000000,0.000000000,"",0,0,0,0,0,00,0,0*4e9f439a
#HEADINGA,ICOM3,0,87.4,FINESTEERING,2437,11771.200,00000000,0000,810;SOL_COMPUTED,NONE,0.000000000,0.000000000,0.000000000,0.0,0.000000000,0.000000000,"",0,0,0,0,0,00,0,0*eb16f2e3
#HEADINGA,ICOM3,0,87.4,FINESTEERING,2437,11771.400,00000000,0000,810;SOL_COMPUTED,NONE,0.000000000,0.000000000,0.000000000,0.0,0.000000000,0.000000000,"",0,0,0,0,0,00,0,0*ef04df6b
#HEADINGA,ICOM3,0,87.4,FINESTEERING,2437,11771.600,00000000,0000,810;SOL_COMPUTED,NONE,0.000000000,0.000000000,0.000000000,0.0,0.000000000,0.000000000,"",0,0,0,0,0,00,0,0*5a25c62c
#HEADINGA,ICOM3,0,87.4,FINESTEERING,2437,11771.800,00000000,0000,810;SOL_COMPUTED,NONE,0.000000000,0.000000000,0.000000000,0.0,0.000000000,0.000000000,"",0,0,0,0,0,00,0,0*e720847b
#HEADINGA,ICOM3,0,87.4,FINESTEERING,2437,11772.000,00000000,0000,810;SOL_COMPUTED,NONE,0.000000000,0.000000000,0.000000000,0.0,0.000000000,0.000000000,"",0,0,0,0,0,00,0,0*05754eb6
#HEADINGA,ICOM3,0,87.6,FINESTEERING,2437,11772.200,00000000,0000,810;SOL_COMPUTED,NONE,0.000000000,0.000000000,0.000000000,0.0,0.000000000,0.000000000,"",0,0,0,0,0,00,0,0*9105078d
#HEADINGA,ICOM3,0,87.6,FINESTEERING,2437,11772.400,00000000,0000,810;SOL_COMPUTED,NONE,0.000000000,0.000000000,0.000000000,0.0,0.000000000,0.000000000,"",0,0,0,0,0,00,0,0*95172a05
#HEADINGA,ICOM3,0,87.6,FINESTEERING,2437,11772.600,00000000,0000,810;SOL_COMPUTED,NONE,0.000000000,0.000000000,0.000000000,0.0,0.000000000,0.000000000,"",0,0,0,0,0,00,0,0*20363342
#HEADINGA,ICOM3,0,87.6,FINESTEERING,2437,11772.800,00000000,0000,810;SOL_COMPUTED,NONE,0.000000000,0.000000000,0.000000000,0.0,0.000000000,0.000000000,"",0,0,0,0,0,00,0,0*9d337115
#HEADINGA,ICOM3,0,87.6,FINESTEERING,2437,11773.000,00000000,0000,810;SOL_COMPUTED,NONE,0.000000000,0.000000000,0.000000000,0.0,0.000000000,0.000000000,"",0,0,0,0,0,00,0,0*a4357ffb
#HEADINGA,ICOM3,0,86.4,FINESTEERING,2437,11773.200,00000000,0000,810;SOL_COMPUTED,NONE,0.000000000,0.000000000,0.000000000,0.0,0.000000000,0.000000000,"",0,0,0,0,0,00,0,0*a98d16cf
#HEADINGA,ICOM3,0,86.4,FINESTEERING,2437,11773.400,00000000,0000,810;SOL_COMPUTED,NONE,0.000000000,0.000000000,0.000000000,0.0,0.000000000,0.000000000,"",0,0,0,0,0,00,0,0*ad9f3b47
#HEADINGA,ICOM3,0,86.4,FINESTEERING,2437,11773.600,00000000,0000,810;SOL_COMPUTED,NONE,0.000000000,0.000000000,0.000000000,0.0,0.000000000,0.000000000,"",0,0,0,0,0,00,0,0*18be2200
#HEADINGA,ICOM3,0,86.4,FINESTEERING,2437,11773.800,00000000,0000,810;SOL_COMPUTED,NONE,0.000000000,0.000000000,0.000000000,0.0,0.000000000,0.000000000,"",0,0,0,0,0,00,0,0*a5bb6057
#HEADINGA,ICOM3,0,86.4,FINESTEERING,2437,11774.000,00000000,0000,810;SOL_COMPUTED,NONE,0.000000000,0.000000000,0.000000000,0.0,0.000000000,0.000000000,"",0,0,0,0,0,00,0,0*2a38249d
#HEADINGA,ICOM3,0,87.5,FINESTEERING,2437,11774.200,00000000,0000,810;SOL_COMPUTED,NONE,0.000000000,0.000000000,0.000000000,0.0,0.000000000,0.000000000,"",0,0,0,0,0,00,0,0*1679b5eb
#HEADINGA,ICOM3,0,87.5,FINESTEERING,2437,11774.400,00000000,0000,810;SOL_COMPUTED,NONE,0.000000000,0.000000000,0.000000000,0.0,0.000000000,0.000000000,"",0,0,0,0,0,00,0,0*126b9863
#HEADINGA,ICOM3,0,87.5,FINESTEERING,2437,11774.600,00000000,0000,810;SOL_COMPUTED,NONE,0.000000000,0.000000000,0.000000000,0.0,0.000000000,0.000000000,"",0,0,0,0,0,00,0,0*a74a8124
#HEADINGA,ICOM3,0,87.5,FINESTEERING,2437,11774.800,00000000,0000,810;SOL_COMPUTED,NONE,0.000000000,0.000000000,0.000000000,0.0,0.000000000,0.000000000,"",0,0,0,0,0,00,0,0*1a4fc373
#HEADINGA,ICOM3,0,87.5,FINESTEERING,2437,11775.000,00000000,0000,810;SOL_COMPUTED,NONE,0.000000000,0.000000000,0.000000000,0.0,0.000000000,0.000000000,"",0,0,0,0,0,00,0,0*2349cd9d
#HEADINGA,ICOM3,0,87.4,FINESTEERING,2437,11775.200,00000000,0000,810;SOL_COMPUTED,NONE,0.000000000,0.000000000,0.000000000,0.0,0.000000000,0.000000000,"",0,0,0,0,0,00,0,0*86c07ce4
#HEADINGA,ICOM3,0,87.4,FINESTEERING,2437,11775.400,00000000,0000,810;SOL_COMPUTED,NONE,0.000000000,0.000000000,0.000000000,0.0,0.000000000,0.000000000,"",0,0,0,0,0,00,0,0*82d2516c
#HEADINGA,ICOM3,0,87.4,FINESTEERING,2437,11775.600,00000000,0000,810;SOL_COMPUTED,NONE,0.000000000,0.000000000,0.000000000,0.0,0.000000000,0.000000000,"",0,0,0,0,0,00,0,0*37f3482b
#HEADINGA,ICOM3,0,87.4,FINESTEERING,2437,11775.800,00000000,0000,810;SOL_COMPUTED,NONE,0.000000000,0.000000000,0.000000000,0.0,0.000000000,0.000000000,"",0,0,0,0,0,00,0,0*8af60a7c
#HEADINGA,ICOM3,0,87.4,FINESTEERING,2437,11776.000,00000000,0000,810;SOL_COMPUTED,NONE,0.000000000,0.000000000,0.000000000,0.0,0.000000000,0.000000000,"",0,0,0,0,0,00,0,0*68a3c0b1
#HEADINGA,ICOM3,0,87.4,FINESTEERING,2437,11776.200,00000000,0000,810;SOL_COMPUTED,NONE,0.000000000,0.000000000,0.000000000,0.0,0.000000000,0.000000000,"",0,0,0,0,0,00,0,0*dd82d9f6
#HEADINGA,ICOM3,0,87.4,FINESTEERING,2437,11776.400,00000000,0000,810;SOL_COMPUTED,NONE,0.000000000,0.000000000,0.000000000,0.0,0.000000000,0.000000000,"",0,0,0,0,0,00,0,0*d990f47e
#HEADINGA,ICOM3,0,87.4,FINESTEERING,2437,11776.600,00000000,0000,810;SOL_COMPUTED,NONE,0.000000000,0.000000000,0.000000000,0.0,0.000000000,0.000000000,"",0,0,0,0,0,00,0,0*6cb1ed39
#HEADINGA,ICOM3,0,87.4,FINESTEERING,2437,11776.800,00000000,0000,810;SOL_COMPUTED,NONE,0.000000000,0.000000000,0.000000000,0.0,0.000000000,0.000000000,"",0,0,0,0,0,00,0,0*d1b4af6e
#HEADINGA,ICOM3,0,87.4,FINESTEERING,2437,11777.000,00000000,0000,810;SOL_COMPUTED,NONE,0.000000000,0.000000000,0.000000000,0.0,0.000000000,0.000000000,"",0,0,0,0,0,00,0,0*e8b2a180
#HEADINGA,ICOM3,0,87.7,FINESTEERING,2437,11777.200,00000000,0000,810;SOL_COMPUTED,NONE,0.000000000,0.000000000,0.000000000,0.0,0.000000000,0.000000000,"",0,0,0,0,0,00,0,0*6c6a4085
#HEADINGA,ICOM3,0,87.7,FINESTEERING,2437,11777.400,00000000,0000,810;SOL_COMPUTED,NONE,0.000000000,0.000000000,0.000000000,0.0,0.000000000,0.000000000,"",0,0,0,0,0,00,0,0*68786d0d
#HEADINGA,ICOM3,0,87.7,FINESTEERING,2437,11777.600,00000000,0000,810;SOL_COMPUTED,NONE,0.000000000,0.000000000,0.000000000,0.0,0.000000000,0.000000000,"",0,0,0,0,0,00,0,0*dd59744a
#HEADINGA,ICOM3,0,87.7,FINESTEERING,2437,11777.800,00000000,0000,810;SOL_COMPUTED,NONE,0.000000000,0.000000000,0.000000000,0.0,0.000000000,0.000000000,"",0,0,0,0,0,00,0,0*605c361d
#HEADINGA,ICOM3,0,87.7,FINESTEERING,2437,11778.000,00000000,0000,810;SOL_COMPUTED,NONE,0.000000000,0.000000000,0.000000000,0.0,0.000000000,0.000000000,"",0,0,0,0,0,00,0,0*34726ed9
#HEADINGA,ICOM3,0,87.5,FINESTEERING,2437,11778.200,00000000,0000,810;SOL_COMPUTED,NONE,0.000000000,0.000000000,0.000000000,0.0,0.000000000,0.000000000,"",0,0,0,0,0,00,0,0*a00227e2
#HEADINGA,ICOM3,0,87.5,FINESTEERING,2437,11778.400,00000000,0000,810;SOL_COMPUTED,NONE,0.000000000,0.000000000,0.000000000,0.0,0.000000000,0.000000000,"",0,0,0,0,0,00,0,0*a4100a6a
#HEADINGA,ICOM3,0,87.5,FINESTEERING,2437,11778.600,00000000,0000,810;SOL_COMPUTED,NONE,0.000000000,0.000000000,0.000000000,0.0,0.000000000,0.000000000,"",0,0,0,0,0,00,0,0*1131132d
#HEADINGA,ICOM3,0,87.5,FINESTEERING,2437,11778.800,00000000,0000,810;SOL_COMPUTED,NONE,0.000000000,0.000000000,0.000000000,0.0,0.000000000,0.000000000,"",0,0,0,0,0,00,0,0*ac34517a
#HEADINGA,ICOM3,0,87.5,FINESTEERING,2437,11779.000,00000000,0000,810;SOL_COMPUTED,NONE,0.000000000,0.000000000,0.000000000,0.0,0.000000000,0.000000000,"",0,0,0,0,0,00,0,0*95325f94
#HEADINGA,ICOM3,0,87.4,FINESTEERING,2437,11779.200,00000000,0000,810;SOL_COMPUTED,NONE,0.000000000,0.000000000,0.000000000,0.0,0.000000000,0.000000000,"",0,0,0,0,0,00,0,0*30bbeeed
#HEADINGA,ICOM3,0,87.4,FINESTEERING,2437,11779.400,00000000,0000,810;SOL_COMPUTED,NONE,0.000000000,0.000000000,0.000000000,0.0,0.000000000,0.000000000,"",0,0,0,0,0,00,0,0*34a9c365
#HEADINGA,ICOM3,0,87.4,FINESTEERING,2437,11779.600,00000000,0000,810;SOL_COMPUTED,NONE,0.000000000,0.000000000,0.000000000,0.0,0.000000000,0.000000000,"",0,0,0,0,0,00,0,0*8188da22
#HEADINGA,ICOM3,0,87.4,FINESTEERING,2437,11779.800,00000000,0000,810;SOL_COMPUTED,NONE,0.000000000,0.000000000,0.000000000,0.0,0.000000000,0.000000000,"",0,0,0,0,0,00,0,0*3c8d9875
#HEADINGA,ICOM3,0,87.4,FINESTEERING,2437,11780.000,00000000,0000,810;SOL_COMPUTED,NONE,0.000000000,0.000000000,0.000000000,0.0,0.000000000,0.000000000,"",0,0,0,0,0,00,0,0*54ae7a4e
#HEADINGA,ICOM3,0,87.5,FINESTEERING,2437,11780.200,00000000,0000,810;SOL_COMPUTED,NONE,0.000000000,0.000000000,0.000000000,0.0,0.000000000,0.000000000,"",0,0,0,0,0,00,0,0*f127cb37
#HEADINGA,ICOM3,0,87.5,FINESTEERING,2437,11780.400,00000000,0000,810;SOL_COMPUTED,NONE,0.000000000,0.000000000,0.000000000,0.0,0.000000000,0.000000000,"",0,0,0,0,0,00,0,0*f535e6bf
#HEADINGA,ICOM3,0,87.5,FINESTEERING,2437,11780.600,00000000,0000,810;SOL_COMPUTED,NONE,0.000000000,0.000000000,0.000000000,0.0,0.000000000,0.000000000,"",0,0,0,0,0,00,0,0*4014fff8
#HEADINGA,ICOM3,0,87.5,FINESTEERING,2437,11780.800,00000000,0000,810;SOL_COMPUTED,NONE,0.000000000,0.000000000,0.000000000,0.0,0.000000000,0.000000000,"",0,0,0,0,0,00,0,0*fd11bdaf
#HEADINGA,ICOM3,0,87.5,FINESTEERING,2437,11781.000,00000000,0000,810;SOL_COMPUTED,NONE,0.000000000,0.000000000,0.000000000,0.0,0.000000000,0.000000000,"",0,0,0,0,0,00,0,0*c417b341
#HEADINGA,ICOM3,0,87.4,FINESTEERING,2437,11781.200,00000000,0000,810;SOL_COMPUTED,NONE,0.000000000,0.000000000,0.000000000,0.0,0.000000000,0.000000000,"",0,0,0,0,0,00,0,0*619e0238
#HEADINGA,ICOM3,0,87.4,FINESTEERING,2437,11781.400,00000000,0000,810;SOL_COMPUTED,NONE,0.000000000,0.000000000,0.000000000,0.0,0.000000000,0.000000000,"",0,0,0,0,0,00,0,0*658c2fb0
#HEADINGA,ICOM3,0,87.4,FINESTEERING,2437,11781.600,00000000,0000,810;SOL_COMPUTED,NONE,0.000000000,0.000000000,0.000000000,0.0,0.000000000,0.000000000,"",0,0,0,0,0,00,0,0*d0ad36f7
#HEADINGA,ICOM3,0,87.4,FINESTEERING,2437,11781.800,00000000,0000,810;SOL_COMPUTED,NONE,0.000000000,0.000000000,0.000000000,0.0,0.000000000,0.000000000,"",0,0,0,0,0,00,0,0*6da874a0
#HEADINGA,ICOM3,0,87.4,FINESTEERING,2437,11782.000,00000000,0000,810;SOL_COMPUTED,NONE,0.000000000,0.000000000,0.000000000,0.0,0.000000000,0.000000000,"",0,0,0,0,0,00,0,0*8ffdbe6d
#HEADINGA,ICOM3,0,86.5,FINESTEERING,2437,11782.200,00000000,0000,810;SOL_COMPUTED,NONE,0.000000000,0.000000000,0.000000000,0.0,0.000000000,0.000000000,"",0,0,0,0,0,00,0,0*b3bc2f1b
#HEADINGA,ICOM3,0,86.5,FINESTEERING,2437,11782.400,00000000,0000,810;SOL_COMPUTED,NONE,0.000000000,0.000000000,0.000000000,0.0,0.000000000,0.000000000,"",0,0,0,0,0,00,0,0*b7ae0293
#HEADINGA,ICOM3,0,86.5,FINESTEERING,2437,11782.600,00000000,0000,810;SOL_COMPUTED,NONE,0.000000000,0.000000000,0.000000000,0.0,0.000000000,0.000000000,"",0,0,0,0,0,00,0,0*028f1bd4
#HEADINGA,ICOM3,0,86.5,FINESTEERING,2437,11782.800,00000000,0000,810;SOL_COMPUTED,NONE,0.000000000,0.000000000,0.000000000,0.0,0.000000000,0.000000000,"",0,0,0,0,0,00,0,0*bf8a5983
#HEADINGA,ICOM3,0,86.5,FINESTEERING,2437,11783.000,00000000,0000,810;SOL_COMPUTED,NONE,0.000000000,0.000000000,0.000000000,0.0,0.000000000,0.000000000,"",0,0,0,0,0,00,0,0*868c576d
#HEADINGA,ICOM3,0,87.4,FINESTEERING,2437,11783.200,00000000,0000,810;SOL_COMPUTED,NONE,0.000000000,0.000000000,0.000000000,0.0,0.000000000,0.000000000,"",0,0,0,0,0,00,0,0*bacdc61b
#HEADINGA,ICOM3,0,87.4,FINESTEERING,2437,11783.400,00000000,0000,810;SOL_COMPUTED,NONE,0.000000000,0.000000000,0.000000000,0.0,0.000000000,0.000000000,"",0,0,0,0,0,00,0,0*bedfeb93
#HEADINGA,ICOM3,0,87.4,FINESTEERING,2437,11783.600,00000000,0000,810;SOL_COMPUTED,NONE,0.000000000,0.000000000,0.000000000,0.0,0.000000000,0.000000000,"",0,0,0,0,0,00,0,0*0bfef2d4
#HEADINGA,ICOM3,0,87.4,FINESTEERING,2437,11783.800,00000000,0000,810;SOL_COMPUTED,NONE,0.000000000,0.000000000,0.000000000,0.0,0.000000000,0.000000000,"",0,0,0,0,0,00,0,0*b6fbb083
#HEADINGA,ICOM3,0,87.4,FINESTEERING,2437,11784.000,00000000,0000,810;SOL_COMPUTED,NONE,0.000000000,0.000000000,0.000000000,0.0,0.000000000,0.000000000,"",0,0,0,0,0,00,0,0*3978f449
#HEADINGA,ICOM3,0,87.5,FINESTEERING,2437,11784.200,00000000,0000,810;SOL_COMPUTED,NONE,0.000000000,0.000000000,0.000000000,0.0,0.000000000,0.000000000,"",0,0,0,0,0,00,0,0*9cf14530
#HEADINGA,ICOM3,0,87.5,FINESTEERING,2437,11784.400,00000000,0000,810;SOL_COMPUTED,NONE,0.000000000,0.000000000,0.000000000,0.0,0.000000000,0.000000000,"",0,0,0,0,0,00,0,0*98e368b8
#HEADINGA,ICOM3,0,87.5,FINESTEERING,2437,11784.600,00000000,0000,810;SOL_COMPUTED,NONE,0.000000000,0.000000000,0.000000000,0.0,0.000000000,0.000000000,"",0,0,0,0,0,00,0,0*2dc271ff
#HEADINGA,ICOM3,0,87.5,FINESTEERING,2437,11784.800,00000000,0000,810;SOL_COMPUTED,NONE,0.000000000,0.000000000,0.000000000,0.0,0.000000000,0.000000000,"",0,0,0,0,0,00,0,0*90c733a8
#HEADINGA,ICOM3,0,87.5,FINESTEERING,2437,11785.000,00000000,0000,810;SOL_COMPUTED,NONE,0.000000000,0.000000000,0.000000000,0.0,0.000000000,0.000000000,"",0,0,0,0,0,00,0,0*a9c13d46
#HEADINGA,ICOM3,0,86.4,FINESTEERING,2437,11785.200,00000000,0000,810;SOL_COMPUTED,NONE,0.000000000,0.000000000,0.000000000,0.0,0.000000000,0.000000000,"",0,0,0,0,0,00,0,0*9580ac30
#HEADINGA,ICOM3,0,86.4,FINESTEERING,2437,11785.400,00000000,0000,810;SOL_COMPUTED,NONE,0.000000000,0.000000000,0.000000000,0.0,0.000000000,0.000000000,"",0,0,0,0,0,00,0,0*919281b8
#HEADINGA,ICOM3,0,86.4,FINESTEERING,2437,11785.600,00000000,0000,810;SOL_COMPUTED,NONE,0.000000000,0.000000000,0.000000000,0.0,0.000000000,0.000000000,"",0,0,0,0,0,00,0,0*24b398ff
#HEADINGA,ICOM3,0,86.4,FINESTEERING,2437,11785.800,00000000,0000,810;SOL_COMPUTED,NONE,0.000000000,0.000000000,0.000000000,0.0,0.000000000,0.000000000,"",0,0,0,0,0,00,0,0*99b6daa8
#HEADINGA,ICOM3,0,86.4,FINESTEERING,2437,11786.000,00000000,0000,810;SOL_COMPUTED,NONE,0.000000000,0.000000000,0.000000000,0.0,0.000000000,0.000000000,"",0,0,0,0,0,00,0,0*7be31065
#HEADINGA,ICOM3,0,86.8,FINESTEERING,2437,11786.200,00000000,0000,810;SOL_COMPUTED,NONE,0.000000000,0.000000000,0.000000000,0.0,0.000000000,0.000000000,"",0,0,0,0,0,00,0,0*0925e82a
#HEADINGA,ICOM3,0,86.8,FINESTEERING,2437,11786.400,00000000,0000,810;SOL_COMPUTED,NONE,0.000000000,0.000000000,0.000000000,0.0,0.000000000,0.000000000,"",0,0,0,0,0,00,0,0*0d37c5a2
#HEADINGA,ICOM3,0,86.8,FINESTEERING,2437,11786.600,00000000,0000,810;SOL_COMPUTED,NONE,0.000000000,0.000000000,0.000000000,0.0,0.000000000,0.000000000,"",0,0,0,0,0,00,0,0*b816dce5
#HEADINGA,ICOM3,0,86.8,FINESTEERING,2437,11786.800,00000000,0000,810;SOL_COMPUTED,NONE,0.000000000,0.000000000,0.000000000,0.0,0.000000000,0.000000000,"",0,0,0,0,0,00,0,0*05139eb2
#HEADINGA,ICOM3,0,86.8,FINESTEERING,2437,11787.000,00000000,0000,810;SOL_COMPUTED,NONE,0.000000000,0.000000000,0.000000000,0.0,0.000000000,0.000000000,"",0,0,0,0,0,00,0,0*3c15905c
#HEADINGA,ICOM3,0,86.4,FINESTEERING,2437,11787.200,00000000,0000,810;SOL_COMPUTED,NONE,0.000000000,0.000000000,0.000000000,0.0,0.000000000,0.000000000,"",0,0,0,0,0,00,0,0*4ed36813
#HEADINGA,ICOM3,0,86.4,FINESTEERING,2437,11787.400,00000000,0000,810;SOL_COMPUTED,NONE,0.000000000,0.000000000,0.000000000,0.0,0.000000000,0.000000000,"",0,0,0,0,0,00,0,0*4ac1459b
#HEADINGA,ICOM3,0,86.4,FINESTEERING,2437,11787.600,00000000,0000,810;SOL_COMPUTED,NONE,0.000000000,0.000000000,0.000000000,0.0,0.000000000,0.000000000,"",0,0,0,0,0,00,0,0*ffe05cdc
#HEADINGA,ICOM3,0,86.4,FINESTEERING,2437,11787.800,00000000,0000,810;SOL_COMPUTED,NONE,0.000000000,0.000000000,0.000000000,0.0,0.000000000,0.000000000,"",0,0,0,0,0,00,0,0*42e51e8b
#HEADINGA,ICOM3,0,86.4,FINESTEERING,2437,11788.000,00000000,0000,810;SOL_COMPUTED,NONE,0.000000000,0.000000000,0.000000000,0.0,0.000000000,0.000000000,"",0,0,0,0,0,00,0,0*16cb464f
#HEADINGA,ICOM3,0,86.7,FINESTEERING,2437,11788.200,00000000,0000,810;SOL_COMPUTED,NONE,0.000000000,0.000000000,0.000000000,0.0,0.000000000,0.000000000,"",0,0,0,0,0,00,0,0*9213a74a
#HEADINGA,ICOM3,0,86.7,FINESTEERING,2437,11788.400,00000000,0000,810;SOL_COMPUTED,NONE,0.000000000,0.000000000,0.000000000,0.0,0.000000000,0.000000000,"",0,0,0,0,0,00,0,0*96018ac2
#HEADINGA,ICOM3,0,86.7,FINESTEERING,2437,11788.600,00000000,0000,810;SOL_COMPUTED,NONE,0.000000000,0.000000000,0.000000000,0.0,0.000000000,0.000000000,"",0,0,0,0,0,00,0,0*23209385
#HEADINGA,ICOM3,0,86.7,FINESTEERING,2437,11788.800,00000000,0000,810;SOL_COMPUTED,NONE,0.000000000,0.000000000,0.000000000,0.0,0.000000000,0.000000000,"",0,0,0,0,0,00,0,0*9e25d1d2
#HEADINGA,ICOM3,0,86.7,FINESTEERING,2437,11789.000,00000000,0000,810;SOL_COMPUTED,NONE,0.000000000,0.000000000,0.000000000,0.0,0.000000000,0.000000000,"",0,0,0,0,0,00,0,0*a723df3c
#HEADINGA,ICOM3,0,87.1,FINESTEERING,2437,11789.200,00000000,0000,810;SOL_COMPUTED,NONE,0.000000000,0.000000000,0.000000000,0.0,0.000000000,0.000000000,"",0,0,0,0,0,00,0,0*e83916f0
#HEADINGA,ICOM3,0,87.1,FINESTEERING,2437,11789.400,00000000,0000,810;SOL_COMPUTED,NONE,0.000000000,0.000000000,0.000000000,0.0,0.000000000,0.000000000,"",0,0,0,0,0,00,0,0*ec2b3b78
#HEADINGA,ICOM3,0,87.1,FINESTEERING,2437,11789.600,00000000,0000,810;SOL_COMPUTED,NONE,0.000000000,0.000000000,0.000000000,0.0,0.000000000,0.000000000,"",0,0,0,0,0,00,0,0*590a223f
#HEADINGA,ICOM3,0,87.1,FINESTEERING,2437,11789.800,00000000,0000,810;SOL_COMPUTED,NONE,0.000000000,0.000000000,0.000000000,0.0,0.000000000,0.000000000,"",0,0,0,0,0,00,0,0*e40f6068
#HEADINGA,ICOM3,0,87.1,FINESTEERING,2437,11790.000,00000000,0000,810;SOL_COMPUTED,NONE,0.000000000,0.000000000,0.000000000,0.0,0.000000000,0.000000000,"",0,0,0,0,0,00,0,0*57fa63d3
#HEADINGA,ICOM3,0,87.1,FINESTEERING,2437,11790.200,00000000,0000,810;SOL_COMPUTED,NONE,0.000000000,0.000000000,0.000000000,0.0,0.000000000,0.000000000,"",0,0,0,0,0,00,0,0*e2db7a94
#HEADINGA,ICOM3,0,87.1,FINESTEERING,2437,11790.400,00000000,0000,810;SOL_COMPUTED,NONE,0.000000000,0.000000000,0.000000000,0.0,0.000000000,0.000000000,"",0,0,0,0,0,00,0,0*e6c9571c
#HEADINGA,ICOM3,0,87.1,FINESTEERING,2437,11790.600,00000000,0000,810;SOL_COMPUTED,NONE,0.000000000,0.000000000,0.000000000,0.0,0.000000000,0.000000000,"",0,0,0,0,0,00,0,0*53e84e5b
#HEADINGA,ICOM3,0,87.1,FINESTEERING,2437,11790.800,00000000,0000,810;SOL_COMPUTED,NONE,0.000000000,0.000000000,0.000000000,0.0,0.000000000,0.000000000,"",0,0,0,0,0,00,0,0*eeed0c0c
#HEADINGA,ICOM3,0,87.1,FINESTEERING,2437,11791.000,00000000,0000,810;SOL_COMPUTED,NONE,0.000000000,0.000000000,0.000000000,0.0,0.000000000,0.000000000,"",0,0,0,0,0,00,0,0*d7eb02e2
#HEADINGA,ICOM3,0,86.9,FINESTEERING,2437,11791.200,00000000,0000,810;SOL_COMPUTED,NONE,0.000000000,0.000000000,0.000000000,0.0,0.000000000,0.000000000,"",0,0,0,0,0,00,0,0*7e477a5a
#HEADINGA,ICOM3,0,86.9,FINESTEERING,2437,11791.400,00000000,0000,810;SOL_COMPUTED,NONE,0.000000000,0.000000000,0.000000000,0.0,0.000000000,0.000000000,"",0,0,0,0,0,00,0,0*7a5557d2
#HEADINGA,ICOM3,0,86.9,FINESTEERING,2437,11791.600,00000000,0000,810;SOL_COMPUTED,NONE,0.000000000,0.000000000,0.000000000,0.0,0.000000000,0.000000000,"",0,0,0,0,0,00,0,0*cf744e95
#HEADINGA,ICOM3,0,86.9,FINESTEERING,2437,11791.800,00000000,0000,810;SOL_COMPUTED,NONE,0.000000000,0.000000000,0.000000000,0.0,0.000000000,0.000000000,"",0,0,0,0,0,00,0,0*72710cc2
#HEADINGA,ICOM3,0,86.9,FINESTEERING,2437,11792.000,00000000,0000,810;SOL_COMPUTED,NONE,0.000000000,0.000000000,0.000000000,0.0,0.000000000,0.000000000,"",0,0,0,0,0,00,0,0*9024c60f
#HEADINGA,ICOM3,0,87.3,FINESTEERING,2437,11792.200,00000000,0000,810;SOL_COMPUTED,NONE,0.000000000,0.000000000,0.000000000,0.0,0.000000000,0.000000000,"",0,0,0,0,0,00,0,0*18d9eecb
#HEADINGA,ICOM3,0,87.3,FINESTEERING,2437,11792.400,00000000,0000,810;SOL_COMPUTED,NONE,0.000000000,0.000000000,0.000000000,0.0,0.000000000,0.000000000,"",0,0,0,0,0,00,0,0*1ccbc343
#HEADINGA,ICOM3,0,87.3,FINESTEERING,2437,11792.600,00000000,0000,810;SOL_COMPUTED,NONE,0.000000000,0.000000000,0.000000000,0.0,0.000000000,0.000000000,"",0,0,0,0,0,00,0,0*a9eada04
#HEADINGA,ICOM3,0,87.3,FINESTEERING,2437,11792.800,00000000,0000,810;SOL_COMPUTED,NONE,0.000000000,0.000000000,0.000000000,0.0,0.000000000,0.000000000,"",0,0,0,0,0,00,0,0*14ef9853
#HEADINGA,ICOM3,0,87.3,FINESTEERING,2437,11793.000,00000000,0000,810;SOL_COMPUTED,NONE,0.000000000,0.000000000,0.000000000,0.0,0.000000000,0.000000000,"",0,0,0,0,0,00,0,0*2de996bd
#HEADINGA,ICOM3,0,85.2,FINESTEERING,2437,11793.200,00000000,0000,810;SOL_COMPUTED,NONE,0.000000000,0.000000000,0.000000000,0.0,0.000000000,0.000000000,"",0,0,0,0,0,00,0,0*6081619b
#HEADINGA,ICOM3,0,85.2,FINESTEERING,2437,11793.400,00000000,0000,810;SOL_COMPUTED,NONE,0.000000000,0.000000000,0.000000000,0.0,0.000000000,0.000000000,"",0,0,0,0,0,00,0,0*64934c13
#HEADINGA,ICOM3,0,85.2,FINESTEERING,2437,11793.600,00000000,0000,810;SOL_COMPUTED,NONE,0.000000000,0.000000000,0.000000000,0.0,0.000000000,0.000000000,"",0,0,0,0,0,00,0,0*d1b25554
#HEADINGA,ICOM3,0,85.2,FINESTEERING,2437,11793.800,00000000,0000,810;SOL_COMPUTED,NONE,0.000000000,0.000000000,0.000000000,0.0,0.000000000,0.000000000,"",0,0,0,0,0,00,0,0*6cb71703
#HEADINGA,ICOM3,0,85.2,FINESTEERING,2437,11794.000,00000000,0000,810;SOL_COMPUTED,NONE,0.000000000,0.000000000,0.000000000,0.0,0.000000000,0.000000000,"",0,0,0,0,0,00,0,0*e33453c9
#HEADINGA,ICOM3,0,87.8,FINESTEERING,2437,11794.200,00000000,0000,810;SOL_COMPUTED,NONE,0.000000000,0.000000000,0.000000000,0.0,0.000000000,0.000000000,"",0,0,0,0,0,00,0,0*1ae01d5d
#HEADINGA,ICOM3,0,87.8,FINESTEERING,2437,11794.400,00000000,0000,810;SOL_COMPUTED,NONE,0.000000000,0.000000000,0.000000000,0.0,0.000000000,0.000000000,"",0,0,0,0,0,00,0,0*1ef230d5
#HEADINGA,ICOM3,0,87.8,FINESTEERING,2437,11794.600,00000000,0000,810;SOL_COMPUTED,NONE,0.000000000,0.000000000,0.000000000,0.0,0.000000000,0.000000000,"",0,0,0,0,0,00,0,0*abd32992
#HEADINGA,ICOM3,0,87.8,FINESTEERING,2437,11794.800,00000000,0000,810;SOL_COMPUTED,NONE,0.000000000,0.000000000,0.000000000,0.0,0.000000000,0.000000000,"",0,0,0,0,0,00,0,0*16d66bc5
#HEADINGA,ICOM3,0,87.8,FINESTEERING,2437,11795.000,00000000,0000,810;SOL_COMPUTED,NONE,0.000000000,0.000000000,0.000000000,0.0,0.000000000,0.000000000,"",0,0,0,0,0,00,0,0*2fd0652b
#HEADINGA,ICOM3,0,87.6,FINESTEERING,2437,11795.200,00000000,0000,810;SOL_COMPUTED,NONE,0.000000000,0.000000000,0.000000000,0.0,0.000000000,0.000000000,"",0,0,0,0,0,00,0,0*7c47cd18
#HEADINGA,ICOM3,0,87.6,FINESTEERING,2437,11795.400,00000000,0000,810;SOL_COMPUTED,NONE,0.000000000,0.000000000,0.000000000,0.0,0.000000000,0.000000000,"",0,0,0,0,0,00,0,0*7855e090
#HEADINGA,ICOM3,0,87.6,FINESTEERING,2437,11795.600,00000000,0000,810;SOL_COMPUTED,NONE,0.000000000,0.000000000,0.000000000,0.0,0.000000000,0.000000000,"",0,0,0,0,0,00,0,0*cd74f9d7
#HEADINGA,ICOM3,0,87.6,FINESTEERING,2437,11795.800,00000000,0000,810;SOL_COMPUTED,NONE,0.000000000,0.000000000,0.000000000,0.0,0.000000000,0.000000000,"",0,0,0,0,0,00,0,0*7071bb80
#HEADINGA,ICOM3,0,87.6,FINESTEERING,2437,11796.000,00000000,0000,810;SOL_COMPUTED,NONE,0.000000000,0.000000000,0.000000000,0.0,0.000000000,0.000000000,"",0,0,0,0,0,00,0,0*9224714d
#HEADINGA,ICOM3,0,87.5,FINESTEERING,2437,11796.200,00000000,0000,810;SOL_COMPUTED,NONE,0.000000000,0.000000000,0.000000000,0.0,0.000000000,0.000000000,"",0,0,0,0,0,00,0,0*16fc9048
#HEADINGA,ICOM3,0,87.5,FINESTEERING,2437,11796.400,00000000,0000,810;SOL_COMPUTED,NONE,0.000000000,0.000000000,0.000000000,0.0,0.000000000,0.000000000,"",0,0,0,0,0,00,0,0*12eebdc0
#HEADINGA,ICOM3,0,87.5,FINESTEERING,2437,11796.600,00000000,0000,810;SOL_COMPUTED,NONE,0.000000000,0.000000000,0.000000000,0.0,0.000000000,0.000000000,"",0,0,0,0,0,00,0,0*a7cfa487
#HEADINGA,ICOM3,0,87.5,FINESTEERING,2437,11796.800,00000000,0000,810;SOL_COMPUTED,NONE,0.000000000,0.000000000,0.000000000,0.0,0.000000000,0.000000000,"",0,0,0,0,0,00,0,0*1acae6d0
#HEADINGA,ICOM3,0,87.5,FINESTEERING,2437,11797.000,00000000,0000,810;SOL_COMPUTED,NONE,0.000000000,0.000000000,0.000000000,0.0,0.000000000,0.000000000,"",0,0,0,0,0,00,0,0*23cce83e
#HEADINGA,ICOM3,0,86.4,FINESTEERING,2437,11797.200,00000000,0000,810;SOL_COMPUTED,NONE,0.000000000,0.000000000,0.000000000,0.0,0.000000000,0.000000000,"",0,0,0,0,0,00,0,0*1f8d7948
#HEADINGA,ICOM3,0,86.4,FINESTEERING,2437,11797.400,00000000,0000,810;SOL_COMPUTED,NONE,0.000000000,0.000000000,0.000000000,0.0,0.000000000,0.000000000,"",0,0,0,0,0,00,0,0*1b9f54c0
#HEADINGA,ICOM3,0,86.4,FINESTEERING,2437,11797.600,00000000,0000,810;SOL_COMPUTED,NONE,0.000000000,0.000000000,0.000000000,0.0,0.000000000,0.000000000,"",0,0,0,0,0,00,0,0*aebe4d87
#HEADINGA,ICOM3,0,86.4,FINESTEERING,2437,11797.800,00000000,0000,810;SOL_COMPUTED,NONE,0.000000000,0.000000000,0.000000000,0.0,0.000000000,0.000000000,"",0,0,0,0,0,00,0,0*13bb0fd0
#HEADINGA,ICOM3,0,86.4,FINESTEERING,2437,11798.000,00000000,0000,810;SOL_COMPUTED,NONE,0.000000000,0.000000000,0.000000000,0.0,0.000000000,0.000000000,"",0,0,0,0,0,00,0,0*47955714
#HEADINGA,ICOM3,0,86.5,FINESTEERING,2437,11798.200,00000000,0000,810;SOL_COMPUTED,NONE,0.000000000,0.000000000,0.000000000,0.0,0.000000000,0.000000000,"",0,0,0,0,0,00,0,0*e21ce66d
#HEADINGA,ICOM3,0,86.5,FINESTEERING,2437,11798.400,00000000,0000,810;SOL_COMPUTED,NONE,0.000000000,0.000000000,0.000000000,0.0,0.000000000,0.000000000,"",0,0,0,0,0,00,0,0*e60ecbe5
#HEADINGA,ICOM3,0,86.5,FINESTEERING,2437,11798.600,00000000,0000,810;SOL_COMPUTED,NONE,0.000000000,0.000000000,0.000000000,0.0,0.000000000,0.000000000,"",0,0,0,0,0,00,0,0*532fd2a2
#HEADINGA,ICOM3,0,86.5,FINESTEERING,2437,11798.800,00000000,0000,810;SOL_COMPUTED,NONE,0.000000000,0.000000000,0.000000000,0.0,0.000000000,0.000000000,"",0,0,0,0,0,00,0,0*ee2a90f5
#HEADINGA,ICOM3,0,86.5,FINESTEERING,2437,11799.000,00000000,0000,810;SOL_COMPUTED,NONE,0.000000000,0.000000000,0.000000000,0.0,0.000000000,0.000000000,"",0,0,0,0,0,00,0,0*d72c9e1b
#HEADINGA,ICOM3,0,87.4,FINESTEERING,2437,11799.200,00000000,0000,810;SOL_COMPUTED,NONE,0.000000000,0.000000000,0.000000000,0.0,0.000000000,0.000000000,"",0,0,0,0,0,00,0,0*eb6d0f6d
#HEADINGA,ICOM3,0,87.4,FINESTEERING,2437,11799.400,00000000,0000,810;SOL_COMPUTED,NONE,0.000000000,0.000000000,0.000000000,0.0,0.000000000,0.000000000,"",0,0,0,0,0,00,0,0*ef7f22e5
#HEADINGA,ICOM3,0,87.4,FINESTEERING,2437,11799.600,00000000,0000,810;SOL_COMPUTED,NONE,0.000000000,0.000000000,0.000000000,0.0,0.000000000,0.000000000,"",0,0,0,0,0,00,0,0*5a5e3ba2
#HEADINGA,ICOM3,0,87.4,FINESTEERING,2437,11799.800,00000000,0000,810;SOL_COMPUTED,NONE,0.000000000,0.000000000,0.000000000,0.0,0.000000000,0.000000000,"",0,0,0,0,0,00,0,0*e75b79f5
#HEADINGA,ICOM3,0,87.4,FINESTEERING,2437,11800.000,00000000,0000,810;SOL_COMPUTED,NONE,0.000000000,0.000000000,0.000000000,0.0,0.000000000,0.000000000,"",0,0,0,0,0,00,0,0*a24679f9
#HEADINGA,ICOM3,0,87.5,FINESTEERING,2437,11800.200,00000000,0000,810;SOL_COMPUTED,NONE,0.000000000,0.000000000,0.000000000,0.0,0.000000000,0.000000000,"",0,0,0,0,0,00,0,0*07cfc880
#HEADINGA,ICOM3,0,87.5,FINESTEERING,2437,11800.400,00000000,0000,810;SOL_COMPUTED,NONE,0.000000000,0.000000000,0.000000000,0.0,0.000000000,0.000000000,"",0,0,0,0,0,00,0,0*03dde508
#HEADINGA,ICOM3,0,87.5,FINESTEERING,2437,11800.600,00000000,0000,810;SOL_COMPUTED,NONE,0.000000000,0.000000000,0.000000000,0.0,0.000000000,0.000000000,"",0,0,0,0,0,00,0,0*b6fcfc4f
#HEADINGA,ICOM3,0,87.5,FINESTEERING,2437,11800.800,00000000,0000,810;SOL_COMPUTED,NONE,0.000000000,0.000000000,0.000000000,0.0,0.000000000,0.000000000,"",0,0,0,0,0,00,0,0*0bf9be18
#HEADINGA,ICOM3,0,87.5,FINESTEERING,2437,11801.000,00000000,0000,810;SOL_COMPUTED,NONE,0.000000000,0.000000000,0.000000000,0.0,0.000000000,0.000000000,"",0,0,0,0,0,00,0,0*32ffb0f6
#HEADINGA,ICOM3,0,87.5,FINESTEERING,2437,11801.200,00000000,0000,810;SOL_COMPUTED,NONE,0.000000000,0.000000000,0.000000000,0.0,0.000000000,0.000000000,"",0,0,0,0,0,00,0,0*87dea9b1
#HEADINGA,ICOM3,0,87.5,FINESTEERING,2437,11801.400,00000000,0000,810;SOL_COMPUTED,NONE,0.000000000,0.000000000,0.000000000,0.0,0.000000000,0.000000000,"",0,0,0,0,0,00,0,0*83cc8439
#HEADINGA,ICOM3,0,87.5,FINESTEERING,2437,11801.600,00000000,0000,810;SOL_COMPUTED,NONE,0.000000000,0.000000000,0.000000000,0.0,0.000000000,0.000000000,"",0,0,0,0,0,00,0,0*36ed9d7e
#HEADINGA,ICOM3,0,87.5,FINESTEERING,2437,11801.800,00000000,0000,810;SOL_COMPUTED,NONE,0.000000000,0.000000000,0.000000000,0.0,0.000000000,0.000000000,"",0,0,0,0,0,00,0,0*8be8df29
#HEADINGA,ICOM3,0,87.5,FINESTEERING,2437,11802.000,00000000,0000,810;SOL_COMPUTED,NONE,0.000000000,0.000000000,0.000000000,0.0,0.000000000,0.000000000,"",0,0,0,0,0,00,0,0*69bd15e4
#HEADINGA,ICOM3,0,87.8,FINESTEERING,2437,11802.200,00000000,0000,810;SOL_COMPUTED,NONE,0.000000000,0.000000000,0.000000000,0.0,0.000000000,0.000000000,"",0,0,0,0,0,00,0,0*0bd34595
#HEADINGA,ICOM3,0,87.8,FINESTEERING,2437,11802.400,00000000,0000,810;SOL_COMPUTED,NONE,0.000000000,0.000000000,0.000000000,0.0,0.000000000,0.000000000,"",0,0,0,0,0,00,0,0*0fc1681d
#HEADINGA,ICOM3,0,87.8,FINESTEERING,2437,11802.600,00000000,0000,810;SOL_COMPUTED,NONE,0.000000000,0.000000000,0.000000000,0.0,0.000000000,0.000000000,"",0,0,0,0,0,00,0,0*bae0715a
#HEADINGA,ICOM3,0,87.8,FINESTEERING,2437,11802.800,00000000,0000,810;SOL_COMPUTED,NONE,0.000000000,0.000000000,0.000000000,0.0,0.000000000,0.000000000,"",0,0,0,0,0,00,0,0*07e5330d
#HEADINGA,ICOM3,0,87.8,FINESTEERING,2437,11803.000,00000000,0000,810;SOL_COMPUTED,NONE,0.000000000,0.000000000,0.000000000,0.0,0.000000000,0.000000000,"",0,0,0,0,0,00,0,0*3ee33de3
#HEADINGA,ICOM3,0,87.0,FINESTEERING,2437,11803.200,00000000,0000,810;SOL_COMPUTED,NONE,0.000000000,0.000000000,0.000000000,0.0,0.000000000,0.000000000,"",0,0,0,0,0,00,0,0*0e876554
#HEADINGA,ICOM3,0,87.0,FINESTEERING,2437,11803.400,00000000,0000,810;SOL_COMPUTED,NONE,0.000000000,0.000000000,0.000000000,0.0,0.000000000,0.000000000,"",0,0,0,0,0,00,0,0*0a9548dc
#HEADINGA,ICOM3,0,87.0,FINESTEERING,2437,11803.600,00000000,0000,810;SOL_COMPUTED,NONE,0.000000000,0.000000000,0.000000000,0.0,0.000000000,0.000000000,"",0,0,0,0,0,00,0,0*bfb4519b
#HEADINGA,ICOM3,0,87.0,FINESTEERING,2437,11803.800,00000000,0000,810;SOL_COMPUTED,NONE,0.000000000,0.000000000,0.000000000,0.0,0.000000000,0.000000000,"",0,0,0,0,0,00,0,0*02b113cc
#HEADINGA,ICOM3,0,87.0,FINESTEERING,2437,11804.000,00000000,0000,810;SOL_COMPUTED,NONE,0.000000000,0.000000000,0.000000000,0.0,0.000000000,0.000000000,"",0,0,0,0,0,00,0,0*8d325706
#HEADINGA,ICOM3,0,87.1,FINESTEERING,2437,11804.200,00000000,0000,810;SOL_COMPUTED,NONE,0.000000000,0.000000000,0.000000000,0.0,0.000000000,0.000000000,"",0,0,0,0,0,00,0,0*28bbe67f
#HEADINGA,ICOM3,0,87.1,FINESTEERING,2437,11804.400,00000000,0000,810;SOL_COMPUTED,NONE,0.000000000,0.000000000,0.000000000,0.0,0.000000000,0.000000000,"",0,0,0,0,0,00,0,0*2ca9cbf7
#HEADINGA,ICOM3,0,87.1,FINESTEERING,2437,11804.600,00000000,0000,810;SOL_COMPUTED,NONE,0.000000000,0.000000000,0.000000000,0.0,0.000000000,0.000000000,"",0,0,0,0,0,00,0,0*9988d2b0
#HEADINGA,ICOM3,0,87.1,FINESTEERING,2437,11804.800,00000000,0000,810;SOL_COMPUTED,NONE,0.000000000,0.000000000,0.000000000,0.0,0.000000000,0.000000000,"",0,0,0,0,0,00,0,0*248d90e7
#HEADINGA,ICOM3,0,87.1,FINESTEERING,2437,11805.000,00000000,0000,810;SOL_COMPUTED,NONE,0.000000000,0.000000000,0.000000000,0.0,0.000000000,0.000000000,"",0,0,0,0,0,00,0,0*1d8b9e09
#HEADINGA,ICOM3,0,87.0,FINESTEERING,2437,11805.200,00000000,0000,810;SOL_COMPUTED,NONE,0.000000000,0.000000000,0.000000000,0.0,0.000000000,0.000000000,"",0,0,0,0,0,00,0,0*b8022f70
#HEADINGA,ICOM3,0,87.0,FINESTEERING,2437,11805.400,00000000,0000,810;SOL_COMPUTED,NONE,0.000000000,0.000000000,0.000000000,0.0,0.000000000,0.000000000,"",0,0,0,0,0,00,0,0*bc1002f8
#HEADINGA,ICOM3,0,87.0,FINESTEERING,2437,11805.600,00000000,0000,810;SOL_COMPUTED,NONE,0.000000000,0.000000000,0.000000000,0.0,0.000000000,0.000000000,"",0,0,0,0,0,00,0,0*09311bbf
#HEADINGA,ICOM3,0,87.0,FINESTEERING,2437,11805.800,00000000,0000,810;SOL_COMPUTED,NONE,0.000000000,0.000000000,0.000000000,0.0,0.000000000,0.000000000,"",0,0,0,0,0,00,0,0*b43459e8
#HEADINGA,ICOM3,0,87.0,FINESTEERING,2437,11806.000,00000000,0000,810;SOL_COMPUTED,NONE,0.000000000,0.000000000,0.000000000,0.0,0.000000000,0.000000000,"",0,0,0,0,0,00,0,0*56619325
#HEADINGA,ICOM3,0,87.1,FINESTEERING,2437,11806.200,00000000,0000,810;SOL_COMPUTED,NONE,0.000000000,0.000000000,0.000000000,0.0,0.000000000,0.000000000,"",0,0,0,0,0,00,0,0*f3e8225c
#HEADINGA,ICOM3,0,87.1,FINESTEERING,2437,11806.400,00000000,0000,810;SOL_COMPUTED,NONE,0.000000000,0.000000000,0.000000000,0.0,0.000000000,0.000000000,"",0,0,0,0,0,00,0,0*f7fa0fd4
#HEADINGA,ICOM3,0,87.1,FINESTEERING,2437,11806.600,00000000,0000,810;SOL_COMPUTED,NONE,0.000000000,0.000000000,0.000000000,0.0,0.000000000,0.000000000,"",0,0,0,0,0,00,0,0*42db1693
#HEADINGA,ICOM3,0,87.1,FINESTEERING,2437,11806.800,00000000,0000,810;SOL_COMPUTED,NONE,0.000000000,0.000000000,0.000000000,0.0,0.000000000,0.000000000,"",0,0,0,0,0,00,0,0*ffde54c4
#HEADINGA,ICOM3,0,87.1,FINESTEERING,2437,11807.000,00000000,0000,810;SOL_COMPUTED,NONE,0.000000000,0.000000000,0.000000000,0.0,0.000000000,0.000000000,"",0,0,0,0,0,00,0,0*c6d85a2a
#HEADINGA,ICOM3,0,87.5,FINESTEERING,2437,11807.200,00000000,0000,810;SOL_COMPUTED,NONE,0.000000000,0.000000000,0.000000000,0.0,0.000000000,0.000000000,"",0,0,0,0,0,00,0,0*315be395
#HEADINGA,ICOM3,0,87.5,FINESTEERING,2437,11807.400,00000000,0000,810;SOL_COMPUTED,NONE,0.000000000,0.000000000,0.000000000,0.0,0.000000000,0.000000000,"",0,0,0,0,0,00,0,0*3549ce1d
#HEADINGA,ICOM3,0,87.5,FINESTEERING,2437,11807.600,00000000,0000,810;SOL_COMPUTED,NONE,0.000000000,0.000000000,0.000000000,0.0,0.000000000,0.000000000,"",0,0,0,0,0,00,0,0*8068d75a
#HEADINGA,ICOM3,0,87.5,FINESTEERING,2437,11807.800,00000000,0000,810;SOL_COMPUTED,NONE,0.000000000,0.000000000,0.000000000,0.0,0.000000000,0.000000000,"",0,0,0,0,0,00,0,0*3d6d950d
#HEADINGA,ICOM3,0,87.5,FINESTEERING,2437,11808.000,00000000,0000,810;SOL_COMPUTED,NONE,0.000000000,0.000000000,0.000000000,0.0,0.000000000,0.000000000,"",0,0,0,0,0,00,0,0*6943cdc9
#HEADINGA,ICOM3,0,86.8,FINESTEERING,2437,11808.200,00000000,0000,810;SOL_COMPUTED,NONE,0.000000000,0.000000000,0.000000000,0.0,0.000000000,0.000000000,"",0,0,0,0,0,00,0,0*92e5bdb7
#HEADINGA,ICOM3,0,86.8,FINESTEERING,2437,11808.400,00000000,0000,810;SOL_COMPUTED,NONE,0.000000000,0.000000000,0.000000000,0.0,0.000000000,0.000000000,"",0,0,0,0,0,00,0,0*96f7903f
#HEADINGA,ICOM3,0,86.8,FINESTEERING,2437,11808.600,00000000,0000,810;SOL_COMPUTED,NONE,0.000000000,0.000000000,0.000000000,0.0,0.000000000,0.000000000,"",0,0,0,0,0,00,0,0*23d68978
#HEADINGA,ICOM3,0,86.8,FINESTEERING,2437,11808.800,00000000,0000,810;SOL_COMPUTED,NONE,0.000000000,0.000000000,0.000000000,0.0,0.000000000,0.000000000,"",0,0,0,0,0,00,0,0*9ed3cb2f
#HEADINGA,ICOM3,0,86.8,FINESTEERING,2437,11809.000,00000000,0000,810;SOL_COMPUTED,NONE,0.000000000,0.000000000,0.000000000,0.0,0.000000000,0.000000000,"",0,0,0,0,0,00,0,0*a7d5c5c1
#HEADINGA,ICOM3,0,86.7,FINESTEERING,2437,11809.200,00000000,0000,810;SOL_COMPUTED,NONE,0.000000000,0.000000000,0.000000000,0.0,0.000000000,0.000000000,"",0,0,0,0,0,00,0,0*e4eac5cc
#HEADINGA,ICOM3,0,86.7,FINESTEERING,2437,11809.400,00000000,0000,810;SOL_COMPUTED,NONE,0.000000000,0.000000000,0.000000000,0.0,0.000000000,0.000000000,"",0,0,0,0,0,00,0,0*e0f8e844
#HEADINGA,ICOM3,0,86.7,FINESTEERING,2437,11809.600,00000000,0000,810;SOL_COMPUTED,NONE,0.000000000,0.000000000,0.000000000,0.0,0.000000000,0.000000000,"",0,0,0,0,0,00,0,0*55d9f103
#HEADINGA,ICOM3,0,86.7,FINESTEERING,2437,11809.800,00000000,0000,810;SOL_COMPUTED,NONE,0.000000000,0.000000000,0.000000000,0.0,0.000000000,0.000000000,"",0,0,0,0,0,00,0,0*e8dcb354
#HEADINGA,ICOM3,0,86.7,FINESTEERING,2437,11810.000,00000000,0000,810;SOL_COMPUTED,NONE,0.000000000,0.000000000,0.000000000,0.0,0.000000000,0.000000000,"",0,0,0,0,0,00,0,0*5b29b0ef
#HEADINGA,ICOM3,0,86.5,FINESTEERING,2437,11810.200,00000000,0000,810;SOL_COMPUTED,NONE,0.000000000,0.000000000,0.000000000,0.0,0.000000000,0.000000000,"",0,0,0,0,0,00,0,0*cf59f9d4
#HEADINGA,ICOM3,0,86.5,FINESTEERING,2437,11810.400,00000000,0000,810;SOL_COMPUTED,NONE,0.000000000,0.000000000,0.000000000,0.0,0.000000000,0.000000000,"",0,0,0,0,0,00,0,0*cb4bd45c
#HEADINGA,ICOM3,0,86.5,FINESTEERING,2437,11810.600,00000000,0000,810;SOL_COMPUTED,NONE,0.000000000,0.000000000,0.000000000,0.0,0.000000000,0.000000000,"",0,0,0,0,0,00,0,0*7e6acd1b
#HEADINGA,ICOM3,0,86.5,FINESTEERING,2437,11810.800,00000000,0000,810;SOL_COMPUTED,NONE,0.000000000,0.000000000,0.000000000,0.0,0.000000000,0.000000000,"",0,0,0,0,0,00,0,0*c36f8f4c
#HEADINGA,ICOM3,0,86.5,FINESTEERING,2437,11811.000,00000000,0000,810;SOL_COMPUTED,NONE,0.000000000,0.000000000,0.000000000,0.0,0.000000000,0.000000000,"",0,0,0,0,0,00,0,0*fa6981a2
#HEADINGA,ICOM3,0,87.0,FINESTEERING,2437,11811.200,00000000,0000,810;SOL_COMPUTED,NONE,0.000000000,0.000000000,0.000000000,0.0,0.000000000,0.000000000,"",0,0,0,0,0,00,0,0*848ab02c
#HEADINGA,ICOM3,0,87.0,FINESTEERING,2437,11811.400,00000000,0000,810;SOL_COMPUTED,NONE,0.000000000,0.000000000,0.000000000,0.0,0.000000000,0.000000000,"",0,0,0,0,0,00,0,0*80989da4
#HEADINGA,ICOM3,0,87.0,FINESTEERING,2437,11811.600,00000000,0000,810;SOL_COMPUTED,NONE,0.000000000,0.000000000,0.000000000,0.0,0.000000000,0.000000000,"",0,0,0,0,0,00,0,0*35b984e3
#HEADINGA,ICOM3,0,87.0,FINESTEERING,2437,11811.800,00000000,0000,810;SOL_COMPUTED,NONE,0.000000000,0.000000000,0.000000000,0.0,0.000000000,0.000000000,"",0,0,0,0,0,00,0,0*88bcc6b4
#HEADINGA,ICOM3,0,87.0,FINESTEERING,2437,11812.000,00000000,0000,810;SOL_COMPUTED,NONE,0.000000000,0.000000000,0.000000000,0.0,0.000000000,0.000000000,"",0,0,0,0,0,00,0,0*6ae90c79
#HEADINGA,ICOM3,0,86.4,FINESTEERING,2437,11812.200,00000000,0000,810;SOL_COMPUTED,NONE,0.000000000,0.000000000,0.000000000,0.0,0.000000000,0.000000000,"",0,0,0,0,0,00,0,0*04a295c9
#HEADINGA,ICOM3,0,86.4,FINESTEERING,2437,11812.400,00000000,0000,810;SOL_COMPUTED,NONE,0.000000000,0.000000000,0.000000000,0.0,0.000000000,0.000000000,"",0,0,0,0,0,00,0,0*00b0b841
#HEADINGA,ICOM3,0,86.4,FINESTEERING,2437,11812.600,00000000,0000,810;SOL_COMPUTED,NONE,0.000000000,0.000000000,0.000000000,0.0,0.000000000,0.000000000,"",0,0,0,0,0,00,0,0*b591a106
#HEADINGA,ICOM3,0,86.4,FINESTEERING,2437,11812.800,00000000,0000,810;SOL_COMPUTED,NONE,0.000000000,0.000000000,0.000000000,0.0,0.000000000,0.000000000,"",0,0,0,0,0,00,0,0*0894e351
#HEADINGA,ICOM3,0,86.4,FINESTEERING,2437,11813.000,00000000,0000,810;SOL_COMPUTED,NONE,0.000000000,0.000000000,0.000000000,0.0,0.000000000,0.000000000,"",0,0,0,0,0,00,0,0*3192edbf
#HEADINGA,ICOM3,0,86.7,FINESTEERING,2437,11813.200,00000000,0000,810;SOL_COMPUTED,NONE,0.000000000,0.000000000,0.000000000,0.0,0.000000000,0.000000000,"",0,0,0,0,0,00,0,0*b54a0cba
#HEADINGA,ICOM3,0,86.7,FINESTEERING,2437,11813.400,00000000,0000,810;SOL_COMPUTED,NONE,0.000000000,0.000000000,0.000000000,0.0,0.000000000,0.000000000,"",0,0,0,0,0,00,0,0*b1582132
#HEADINGA,ICOM3,0,86.7,FINESTEERING,2437,11813.600,00000000,0000,810;SOL_COMPUTED,NONE,0.000000000,0.000000000,0.000000000,0.0,0.000000000,0.000000000,"",0,0,0,0,0,00,0,0*04793875
#HEADINGA,ICOM3,0,86.7,FINESTEERING,2437,11813.800,00000000,0000,810;SOL_COMPUTED,NONE,0.000000000,0.000000000,0.000000000,0.0,0.000000000,0.000000000,"",0,0,0,0,0,00,0,0*b97c7a22
#HEADINGA,ICOM3,0,86.7,FINESTEERING,2437,11814.000,00000000,0000,810;SOL_COMPUTED,NONE,0.000000000,0.000000000,0.000000000,0.0,0.000000000,0.000000000,"",0,0,0,0,0,00,0,0*36ff3ee8
#HEADINGA,ICOM3,0,86.9,FINESTEERING,2437,11814.200,00000000,0000,810;SOL_COMPUTED,NONE,0.000000000,0.000000000,0.000000000,0.0,0.000000000,0.000000000,"",0,0,0,0,0,00,0,0*656896db
#HEADINGA,ICOM3,0,86.9,FINESTEERING,2437,11814.400,00000000,0000,810;SOL_COMPUTED,NONE,0.000000000,0.000000000,0.000000000,0.0,0.000000000,0.000000000,"",0,0,0,0,0,00,0,0*617abb53
#HEADINGA,ICOM3,0,86.9,FINESTEERING,2437,11814.600,00000000,0000,810;SOL_COMPUTED,NONE,0.000000000,0.000000000,0.000000000,0.0,0.000000000,0.000000000,"",0,0,0,0,0,00,0,0*d45ba214
#HEADINGA,ICOM3,0,86.9,FINESTEERING,2437,11814.800,00000000,0000,810;SOL_COMPUTED,NONE,0.000000000,0.000000000,0.000000000,0.0,0.000000000,0.000000000,"",0,0,0,0,0,00,0,0*695ee043
#HEADINGA,ICOM3,0,86.9,FINESTEERING,2437,11815.000,00000000,0000,810;SOL_COMPUTED,NONE,0.000000000,0.000000000,0.000000000,0.0,0.000000000,0.000000000,"",0,0,0,0,0,00,0,0*5058eead
#HEADINGA,ICOM3,0,86.8,FINESTEERING,2437,11815.200,00000000,0000,810;SOL_COMPUTED,NONE,0.000000000,0.000000000,0.000000000,0.0,0.000000000,0.000000000,"",0,0,0,0,0,00,0,0*f5d15fd4
#HEADINGA,ICOM3,0,86.8,FINESTEERING,2437,11815.400,00000000,0000,810;SOL_COMPUTED,NONE,0.000000000,0.000000000,0.000000000,0.0,0.000000000,0.000000000,"",0,0,0,0,0,00,0,0*f1c3725c
#HEADINGA,ICOM3,0,86.8,FINESTEERING,2437,11815.600,00000000,0000,810;SOL_COMPUTED,NONE,0.000000000,0.000000000,0.000000000,0.0,0.000000000,0.000000000,"",0,0,0,0,0,00,0,0*44e26b1b
#HEADINGA,ICOM3,0,86.8,FINESTEERING,2437,11815.800,00000000,0000,810;SOL_COMPUTED,NONE,0.000000000,0.000000000,0.000000000,0.0,0.000000000,0.000000000,"",0,0,0,0,0,00,0,0*f9e7294c
#HEADINGA,ICOM3,0,86.8,FINESTEERING,2437,11816.000,00000000,0000,810;SOL_COMPUTED,NONE,0.000000000,0.000000000,0.000000000,0.0,0.000000000,0.000000000,"",0,0,0,0,0,00,0,0*1bb2e381
#HEADINGA,ICOM3,0,86.6,FINESTEERING,2437,11816.200,00000000,0000,810;SOL_COMPUTED,NONE,0.000000000,0.000000000,0.000000000,0.0,0.000000000,0.000000000,"",0,0,0,0,0,00,0,0*48254bb2
#HEADINGA,ICOM3,0,86.6,FINESTEERING,2437,11816.400,00000000,0000,810;SOL_COMPUTED,NONE,0.000000000,0.000000000,0.000000000,0.0,0.000000000,0.000000000,"",0,0,0,0,0,00,0,0*4c37663a
#HEADINGA,ICOM3,0,86.6,FINESTEERING,2437,11816.600,00000000,0000,810;SOL_COMPUTED,NONE,0.000000000,0.000000000,0.000000000,0.0,0.000000000,0.000000000,"",0,0,0,0,0,00,0,0*f9167f7d
#HEADINGA,ICOM3,0,86.6,FINESTEERING,2437,11816.800,00000000,0000,810;SOL_COMPUTED,NONE,0.000000000,0.000000000,0.000000000,0.0,0.000000000,0.000000000,"",0,0,0,0,0,00,0,0*44133d2a
#HEADINGA,ICOM3,0,86.6,FINESTEERING,2437,11817.000,00000000,0000,810;SOL_COMPUTED,NONE,0.000000000,0.000000000,0.000000000,0.0,0.000000000,0.000000000,"",0,0,0,0,0,00,0,0*7d1533c4
#HEADINGA,ICOM3,0,86.6,FINESTEERING,2437,11817.200,00000000,0000,810;SOL_COMPUTED,NONE,0.000000000,0.000000000,0.000000000,0.0,0.000000000,0.000000000,"",0,0,0,0,0,00,0,0*c8342a83
#HEADINGA,ICOM3,0,86.6,FINESTEERING,2437,11817.400,00000000,0000,810;SOL_COMPUTED,NONE,0.000000000,0.000000000,0.000000000,0.0,0.000000000,0.000000000,"",0,0,0,0,0,00,0,0*cc26070b
#HEADINGA,ICOM3,0,86.6,FINESTEERING,2437,11817.600,00000000,0000,810;SOL_COMPUTED,NONE,0.000000000,0.000000000,0.000000000,0.0,0.000000000,0.000000000,"",0,0,0,0,0,00,0,0*79071e4c
#HEADINGA,ICOM3,0,86.6,FINESTEERING,2437,11817.800,00000000,0000,810;SOL_COMPUTED,NONE,0.000000000,0.000000000,0.000000000,0.0,0.000000000,0.000000000,"",0,0,0,0,0,00,0,0*c4025c1b
#HEADINGA,ICOM3,0,86.6,FINESTEERING,2437,11818.000,00000000,0000,810;SOL_COMPUTED,NONE,0.000000000,0.000000000,0.000000000,0.0,0.000000000,0.000000000,"",0,0,0,0,0,00,0,0*902c04df
#HEADINGA,ICOM3,0,86.7,FINESTEERING,2437,11818.200,00000000,0000,810;SOL_COMPUTED,NONE,0.000000000,0.000000000,0.000000000,0.0,0.000000000,0.000000000,"",0,0,0,0,0,00,0,0*35a5b5a6
#HEADINGA,ICOM3,0,86.7,FINESTEERING,2437,11818.400,00000000,0000,810;SOL_COMPUTED,NONE,0.000000000,0.000000000,0.000000000,0.0,0.000000000,0.000000000,"",0,0,0,0,0,00,0,0*31b7982e
#HEADINGA,ICOM3,0,86.7,FINESTEERING,2437,11818.600,00000000,0000,810;SOL_COMPUTED,NONE,0.000000000,0.000000000,0.000000000,0.0,0.000000000,0.000000000,"",0,0,0,0,0,00,0,0*84968169
#HEADINGA,ICOM3,0,86.7,FINESTEERING,2437,11818.800,00000000,0000,810;SOL_COMPUTED,NONE,0.000000000,0.000000000,0.000000000,0.0,0.000000000,0.000000000,"",0,0,0,0,0,00,0,0*3993c33e
#HEADINGA,ICOM3,0,86.7,FINESTEERING,2437,11819.000,00000000,0000,810;SOL_COMPUTED,NONE,0.000000000,0.000000000,0.000000000,0.0,0.000000000,0.000000000,"",0,0,0,0,0,00,0,0*0095cdd0
#HEADINGA,ICOM3,0,86.6,FINESTEERING,2437,11819.200,00000000,0000,810;SOL_COMPUTED,NONE,0.000000000,0.000000000,0.000000000,0.0,0.000000000,0.000000000,"",0,0,0,0,0,00,0,0*a51c7ca9
#HEADINGA,ICOM3,0,86.6,FINESTEERING,2437,11819.400,00000000,0000,810;SOL_COMPUTED,NONE,0.000000000,0.000000000,0.000000000,0.0,0.000000000,0.000000000,"",0,0,0,0,0,00,0,0*a10e5121
#HEADINGA,ICOM3,0,86.6,FINESTEERING,2437,11819.600,00000000,0000,810;SOL_COMPUTED,NONE,0.000000000,0.000000000,0.000000000,0.0,0.000000000,0.000000000,"",0,0,0,0,0,00,0,0*142f4866
#HEADINGA,ICOM3,0,86.6,FINESTEERING,2437,11819.800,00000000,0000,810;SOL_COMPUTED,NONE,0.000000000,0.000000000,0.000000000,0.0,0.000000000,0.000000000,"",0,0,0,0,0,00,0,0*a92a0a31
#HEADINGA,ICOM3,0,86.6,FINESTEERING,2437,11820.000,00000000,0000,810;SOL_COMPUTED,NONE,0.000000000,0.000000000,0.000000000,0.0,0.000000000,0.000000000,"",0,0,0,0,0,00,0,0*b8632b3c
#HEADINGA,ICOM3,0,86.5,FINESTEERING,2437,11820.200,00000000,0000,810;SOL_COMPUTED,NONE,0.000000000,0.000000000,0.000000000,0.0,0.000000000,0.000000000,"",0,0,0,0,0,00,0,0*3cbbca39
#HEADINGA,ICOM3,0,86.5,FINESTEERING,2437,11820.400,00000000,0000,810;SOL_COMPUTED,NONE,0.000000000,0.000000000,0.000000000,0.0,0.000000000,0.000000000,"",0,0,0,0,0,00,0,0*38a9e7b1
#HEADINGA,ICOM3,0,86.5,FINESTEERING,2437,11820.600,00000000,0000,810;SOL_COMPUTED,NONE,0.000000000,0.000000000,0.000000000,0.0,0.000000000,0.000000000,"",0,0,0,0,0,00,0,0*8d88fef6
#HEADINGA,ICOM3,0,86.5,FINESTEERING,2437,11820.800,00000000,0000,810;SOL_COMPUTED,NONE,0.000000000,0.000000000,0.000000000,0.0,0.000000000,0.000000000,"",0,0,0,0,0,00,0,0*308dbca1
#HEADINGA,ICOM3,0,86.5,FINESTEERING,2437,11821.000,00000000,0000,810;SOL_COMPUTED,NONE,0.000000000,0.000000000,0.000000000,0.0,0.000000000,0.000000000,"",0,0,0,0,0,00,0,0*098bb24f
#HEADINGA,ICOM3,0,85.0,FINESTEERING,2437,11821.200,00000000,0000,810;SOL_COMPUTED,NONE,0.000000000,0.000000000,0.000000000,0.0,0.000000000,0.000000000,"",0,0,0,0,0,00,0,0*9f89c59e
#HEADINGA,ICOM3,0,85.0,FINESTEERING,2437,11821.400,00000000,0000,810;SOL_COMPUTED,NONE,0.000000000,0.000000000,0.000000000,0.0,0.000000000,0.000000000,"",0,0,0,0,0,00,0,0*9b9be816
#HEADINGA,ICOM3,0,85.0,FINESTEERING,2437,11821.600,00000000,0000,810;SOL_COMPUTED,NONE,0.000000000,0.000000000,0.000000000,0.0,0.000000000,0.000000000,"",0,0,0,0,0,00,0,0*2ebaf151
#HEADINGA,ICOM3,0,85.0,FINESTEERING,2437,11821.800,00000000,0000,810;SOL_COMPUTED,NONE,0.000000000,0.000000000,0.000000000,0.0,0.000000000,0.000000000,"",0,0,0,0,0,00,0,0*93bfb306
#HEADINGA,ICOM3,0,85.0,FINESTEERING,2437,11822.000,00000000,0000,810;SOL_COMPUTED,NONE,0.000000000,0.000000000,0.000000000,0.0,0.000000000,0.000000000,"",0,0,0,0,0,00,0,0*71ea79cb
#HEADINGA,ICOM3,0,87.5,FINESTEERING,2437,11822.200,00000000,0000,810;SOL_COMPUTED,NONE,0.000000000,0.000000000,0.000000000,0.0,0.000000000,0.000000000,"",0,0,0,0,0,00,0,0*7e202e15
#HEADINGA,ICOM3,0,87.5,FINESTEERING,2437,11822.400,00000000,0000,810;SOL_COMPUTED,NONE,0.000000000,0.000000000,0.000000000,0.0,0.000000000,0.000000000,"",0,0,0,0,0,00,0,0*7a32039d
#HEADINGA,ICOM3,0,87.5,FINESTEERING,2437,11822.600,00000000,0000,810;SOL_COMPUTED,NONE,0.000000000,0.000000000,0.000000000,0.0,0.000000000,0.000000000,"",0,0,0,0,0,00,0,0*cf131ada
#HEADINGA,ICOM3,0,87.5,FINESTEERING,2437,11822.800,00000000,0000,810;SOL_COMPUTED,NONE,0.000000000,0.000000000,0.000000000,0.0,0.000000000,0.000000000,"",0,0,0,0,0,00,0,0*7216588d
#HEADINGA,ICOM3,0,87.5,FINESTEERING,2437,11823.000,00000000,0000,810;SOL_COMPUTED,NONE,0.000000000,0.000000000,0.000000000,0.0,0.000000000,0.000000000,"",0,0,0,0,0,00,0,0*4b105663
#HEADINGA,ICOM3,0,86.4,FINESTEERING,2437,11823.200,00000000,0000,810;SOL_COMPUTED,NONE,0.000000000,0.000000000,0.000000000,0.0,0.000000000,0.000000000,"",0,0,0,0,0,00,0,0*7751c715
#HEADINGA,ICOM3,0,86.4,FINESTEERING,2437,11823.400,00000000,0000,810;SOL_COMPUTED,NONE,0.000000000,0.000000000,0.000000000,0.0,0.000000000,0.000000000,"",0,0,0,0,0,00,0,0*7343ea9d
#HEADINGA,ICOM3,0,86.4,FINESTEERING,2437,11823.600,00000000,0000,810;SOL_COMPUTED,NONE,0.000000000,0.000000000,0.000000000,0.0,0.000000000,0.000000000,"",0,0,0,0,0,00,0,0*c662f3da
#HEADINGA,ICOM3,0,86.4,FINESTEERING,2437,11823.800,00000000,0000,810;SOL_COMPUTED,NONE,0.000000000,0.000000000,0.000000000,0.0,0.000000000,0.000000000,"",0,0,0,0,0,00,0,0*7b67b18d
#HEADINGA,ICOM3,0,86.4,FINESTEERING,2437,11824.000,00000000,0000,810;SOL_COMPUTED,NONE,0.000000000,0.000000000,0.000000000,0.0,0.000000000,0.000000000,"",0,0,0,0,0,00,0,0*f4e4f547
#HEADINGA,ICOM3,0,85.2,FINESTEERING,2437,11824.200,00000000,0000,810;SOL_COMPUTED,NONE,0.000000000,0.000000000,0.000000000,0.0,0.000000000,0.000000000,"",0,0,0,0,0,00,0,0*531f7ad4
#HEADINGA,ICOM3,0,85.2,FINESTEERING,2437,11824.400,00000000,0000,810;SOL_COMPUTED,NONE,0.000000000,0.000000000,0.000000000,0.0,0.000000000,0.000000000,"",0,0,0,0,0,00,0,0*570d575c
#HEADINGA,ICOM3,0,85.2,FINESTEERING,2437,11824.600,00000000,0000,810;SOL_COMPUTED,NONE,0.000000000,0.000000000,0.000000000,0.0,0.000000000,0.000000000,"",0,0,0,0,0,00,0,0*e22c4e1b
#HEADINGA,ICOM3,0,85.2,FINESTEERING,2437,11824.800,00000000,0000,810;SOL_COMPUTED,NONE,0.000000000,0.000000000,0.000000000,0.0,0.000000000,0.000000000,"",0,0,0,0,0,00,0,0*5f290c4c
#HEADINGA,ICOM3,0,85.2,FINESTEERING,2437,11825.000,00000000,0000,810;SOL_COMPUTED,NONE,0.000000000,0.000000000,0.000000000,0.0,0.000000000,0.000000000,"",0,0,0,0,0,00,0,0*662f02a2
#HEADINGA,ICOM3,0,87.6,FINESTEERING,2437,11825.200,00000000,0000,810;SOL_COMPUTED,NONE,0.000000000,0.000000000,0.000000000,0.0,0.000000000,0.000000000,"",0,0,0,0,0,00,0,0*794dfd42
#HEADINGA,ICOM3,0,87.6,FINESTEERING,2437,11825.400,00000000,0000,810;SOL_COMPUTED,NONE,0.000000000,0.000000000,0.000000000,0.0,0.000000000,0.000000000,"",0,0,0,0,0,00,0,0*7d5fd0ca
#HEADINGA,ICOM3,0,87.6,FINESTEERING,2437,11825.600,00000000,0000,810;SOL_COMPUTED,NONE,0.000000000,0.000000000,0.000000000,0.0,0.000000000,0.000000000,"",0,0,0,0,0,00,0,0*c87ec98d
#HEADINGA,ICOM3,0,87.6,FINESTEERING,2437,11825.800,00000000,0000,810;SOL_COMPUTED,NONE,0.000000000,0.000000000,0.000000000,0.0,0.000000000,0.000000000,"",0,0,0,0,0,00,0,0*757b8bda
#HEADINGA,ICOM3,0,87.6,FINESTEERING,2437,11826.000,00000000,0000,810;SOL_COMPUTED,NONE,0.000000000,0.000000000,0.000000000,0.0,0.000000000,0.000000000,"",0,0,0,0,0,00,0,0*972e4117
#HEADINGA,ICOM3,0,86.4,FINESTEERING,2437,11826.200,00000000,0000,810;SOL_COMPUTED,NONE,0.000000000,0.000000000,0.000000000,0.0,0.000000000,0.000000000,"",0,0,0,0,0,00,0,0*9a962823
#HEADINGA,ICOM3,0,86.4,FINESTEERING,2437,11826.400,00000000,0000,810;SOL_COMPUTED,NONE,0.000000000,0.000000000,0.000000000,0.0,0.000000000,0.000000000,"",0,0,0,0,0,00,0,0*9e8405ab
#HEADINGA,ICOM3,0,86.4,FINESTEERING,2437,11826.600,00000000,0000,810;SOL_COMPUTED,NONE,0.000000000,0.000000000,0.000000000,0.0,0.000000000,0.000000000,"",0,0,0,0,0,00,0,0*2ba51cec
#HEADINGA,ICOM3,0,86.4,FINESTEERING,2437,11826.800,00000000,0000,810;SOL_COMPUTED,NONE,0.000000000,0.000000000,0.000000000,0.0,0.000000000,0.000000000,"",0,0,0,0,0,00,0,0*96a05ebb
#HEADINGA,ICOM3,0,86.4,FINESTEERING,2437,11827.000,00000000,0000,810;SOL_COMPUTED,NONE,0.000000000,0.000000000,0.000000000,0.0,0.000000000,0.000000000,"",0,0,0,0,0,00,0,0*afa65055
#HEADINGA,ICOM3,0,86.7,FINESTEERING,2437,11827.200,00000000,0000,810;SOL_COMPUTED,NONE,0.000000000,0.000000000,0.000000000,0.0,0.000000000,0.000000000,"",0,0,0,0,0,00,0,0*2b7eb150
#HEADINGA,ICOM3,0,86.7,FINESTEERING,2437,11827.400,00000000,0000,810;SOL_COMPUTED,NONE,0.000000000,0.000000000,0.000000000,0.0,0.000000000,0.000000000,"",0,0,0,0,0,00,0,0*2f6c9cd8
#HEADINGA,ICOM3,0,86.7,FINESTEERING,2437,11827.600,00000000,0000,810;SOL_COMPUTED,NONE,0.000000000,0.000000000,0.000000000,0.0,0.000000000,0.000000000,"",0,0,0,0,0,00,0,0*9a4d859f
#HEADINGA,ICOM3,0,86.7,FINESTEERING,2437,11827.800,00000000,0000,810;SOL_COMPUTED,NONE,0.000000000,0.000000000,0.000000000,0.0,0.000000000,0.000000000,"",0,0,0,0,0,00,0,0*2748c7c8
#HEADINGA,ICOM3,0,86.7,FINESTEERING,2437,11828.000,00000000,0000,810;SOL_COMPUTED,NONE,0.000000000,0.000000000,0.000000000,0.0,0.000000000,0.000000000,"",0,0,0,0,0,00,0,0*73669f0c
#HEADINGA,ICOM3,0,85.9,FINESTEERING,2437,11828.200,00000000,0000,810;SOL_COMPUTED,NONE,0.000000000,0.000000000,0.000000000,0.0,0.000000000,0.000000000,"",0,0,0,0,0,00,0,0*51d8516f
#HEADINGA,ICOM3,0,85.9,FINESTEERING,2437,11828.400,00000000,0000,810;SOL_COMPUTED,NONE,0.000000000,0.000000000,0.000000000,0.0,0.000000000,0.000000000,"",0,0,0,0,0,00,0,0*55ca7ce7
#HEADINGA,ICOM3,0,85.9,FINESTEERING,2437,11828.600,00000000,0000,810;SOL_COMPUTED,NONE,0.000000000,0.000000000,0.000000000,0.0,0.000000000,0.000000000,"",0,0,0,0,0,00,0,0*e0eb65a0
#HEADINGA,ICOM3,0,85.9,FINESTEERING,2437,11828.800,00000000,0000,810;SOL_COMPUTED,NONE,0.000000000,0.000000000,0.000000000,0.0,0.000000000,0.000000000,"",0,0,0,0,0,00,0,0*5dee27f7
#HEADINGA,ICOM3,0,85.9,FINESTEERING,2437,11829.000,00000000,0000,810;SOL_COMPUTED,NONE,0.000000000,0.000000000,0.000000000,0.0,0.000000000,0.000000000,"",0,0,0,0,0,00,0,0*64e82919
#HEADINGA,ICOM3,0,86.1,FINESTEERING,2437,11829.200,00000000,0000,810;SOL_COMPUTED,NONE,0.000000000,0.000000000,0.000000000,0.0,0.000000000,0.000000000,"",0,0,0,0,0,00,0,0*25a517fe
#HEADINGA,ICOM3,0,86.1,FINESTEERING,2437,11829.400,00000000,0000,810;SOL_COMPUTED,NONE,0.000000000,0.000000000,0.000000000,0.0,0.000000000,0.000000000,"",0,0,0,0,0,00,0,0*21b73a76
#HEADINGA,ICOM3,0,86.1,FINESTEERING,2437,11829.600,00000000,0000,810;SOL_COMPUTED,NONE,0.000000000,0.000000000,0.000000000,0.0,0.000000000,0.000000000,"",0,0,0,0,0,00,0,0*94962331
#HEADINGA,ICOM3,0,86.1,FINESTEERING,2437,11829.800,00000000,0000,810;SOL_COMPUTED,NONE,0.000000000,0.000000000,0.000000000,0.0,0.000000000,0.000000000,"",0,0,0,0,0,00,0,0*29936166
#HEADINGA,ICOM3,0,86.1,FINESTEERING,2437,11830.000,00000000,0000,810;SOL_COMPUTED,NONE,0.000000000,0.000000000,0.000000000,0.0,0.000000000,0.000000000,"",0,0,0,0,0,00,0,0*9a6662dd
#HEADINGA,ICOM3,0,85.1,FINESTEERING,2437,11830.200,00000000,0000,810;SOL_COMPUTED,NONE,0.000000000,0.000000000,0.000000000,0.0,0.000000000,0.000000000,"",0,0,0,0,0,00,0,0*5e6e1dca
#HEADINGA,ICOM3,0,85.1,FINESTEERING,2437,11830.400,00000000,0000,810;SOL_COMPUTED,NONE,0.000000000,0.000000000,0.000000000,0.0,0.000000000,0.000000000,"",0,0,0,0,0,00,0,0*5a7c3042
#HEADINGA,ICOM3,0,85.1,FINESTEERING,2437,11830.600,00000000,0000,810;SOL_COMPUTED,NONE,0.000000000,0.000000000,0.000000000,0.0,0.000000000,0.000000000,"",0,0,0,0,0,00,0,0*ef5d2905
#HEADINGA,ICOM3,0,85.1,FINESTEERING,2437,11830.800,00000000,0000,810;SOL_COMPUTED,NONE,0.000000000,0.000000000,0.000000000,0.0,0.000000000,0.000000000,"",0,0,0,0,0,00,0,0*52586b52
#HEADINGA,ICOM3,0,85.1,FINESTEERING,2437,11831.000,00000000,0000,810;SOL_COMPUTED,NONE,0.000000000,0.000000000,0.000000000,0.0,0.000000000,0.000000000,"",0,0,0,0,0,00,0,0*6b5e65bc
#HEADINGA,ICOM3,0,87.4,FINESTEERING,2437,11831.200,00000000,0000,810;SOL_COMPUTED,NONE,0.000000000,0.000000000,0.000000000,0.0,0.000000000,0.000000000,"",0,0,0,0,0,00,0,0*64943262
#HEADINGA,ICOM3,0,87.4,FINESTEERING,2437,11831.400,00000000,0000,810;SOL_COMPUTED,NONE,0.000000000,0.000000000,0.000000000,0.0,0.000000000,0.000000000,"",0,0,0,0,0,00,0,0*60861fea
#HEADINGA,ICOM3,0,87.4,FINESTEERING,2437,11831.600,00000000,0000,810;SOL_COMPUTED,NONE,0.000000000,0.000000000,0.000000000,0.0,0.000000000,0.000000000,"",0,0,0,0,0,00,0,0*d5a706ad
#HEADINGA,ICOM3,0,87.4,FINESTEERING,2437,11831.800,00000000,0000,810;SOL_COMPUTED,NONE,0.000000000,0.000000000,0.000000000,0.0,0.000000000,0.000000000,"",0,0,0,0,0,00,0,0*68a244fa
#HEADINGA,ICOM3,0,87.4,FINESTEERING,2437,11832.000,00000000,0000,810;SOL_COMPUTED,NONE,0.000000000,0.000000000,0.000000000,0.0,0.000000000,0.000000000,"",0,0,0,0,0,00,0,0*8af78e37
#HEADINGA,ICOM3,0,85.8,FINESTEERING,2437,11832.200,00000000,0000,810;SOL_COMPUTED,NONE,0.000000000,0.000000000,0.000000000,0.0,0.000000000,0.000000000,"",0,0,0,0,0,00,0,0*10d03027
#HEADINGA,ICOM3,0,85.8,FINESTEERING,2437,11832.400,00000000,0000,810;SOL_COMPUTED,NONE,0.000000000,0.000000000,0.000000000,0.0,0.000000000,0.000000000,"",0,0,0,0,0,00,0,0*14c21daf
#HEADINGA,ICOM3,0,85.8,FINESTEERING,2437,11832.600,00000000,0000,810;SOL_COMPUTED,NONE,0.000000000,0.000000000,0.000000000,0.0,0.000000000,0.000000000,"",0,0,0,0,0,00,0,0*a1e304e8
#HEADINGA,ICOM3,0,85.8,FINESTEERING,2437,11832.800,00000000,0000,810;SOL_COMPUTED,NONE,0.000000000,0.000000000,0.000000000,0.0,0.000000000,0.000000000,"",0,0,0,0,0,00,0,0*1ce646bf
#HEADINGA,ICOM3,0,85.8,FINESTEERING,2437,11833.000,00000000,0000,810;SOL_COMPUTED,NONE,0.000000000,0.000000000,0.000000000,0.0,0.000000000,0.000000000,"",0,0,0,0,0,00,0,0*25e04851
#HEADINGA,ICOM3,0,87.6,FINESTEERING,2437,11833.200,00000000,0000,810;SOL_COMPUTED,NONE,0.000000000,0.000000000,0.000000000,0.0,0.000000000,0.000000000,"",0,0,0,0,0,00,0,0*9e96a63d
#HEADINGA,ICOM3,0,87.6,FINESTEERING,2437,11833.400,00000000,0000,810;SOL_COMPUTED,NONE,0.000000000,0.000000000,0.000000000,0.0,0.000000000,0.000000000,"",0,0,0,0,0,00,0,0*9a848bb5
#HEADINGA,ICOM3,0,87.6,FINESTEERING,2437,11833.600,00000000,0000,810;SOL_COMPUTED,NONE,0.000000000,0.000000000,0.000000000,0.0,0.000000000,0.000000000,"",0,0,0,0,0,00,0,0*2fa592f2
#HEADINGA,ICOM3,0,87.6,FINESTEERING,2437,11833.800,00000000,0000,810;SOL_COMPUTED,NONE,0.000000000,0.000000000,0.000000000,0.0,0.000000000,0.000000000,"",0,0,0,0,0,00,0,0*92a0d0a5
#HEADINGA,ICOM3,0,87.6,FINESTEERING,2437,11834.000,00000000,0000,810;SOL_COMPUTED,NONE,0.000000000,0.000000000,0.000000000,0.0,0.000000000,0.000000000,"",0,0,0,0,0,00,0,0*1d23946f
#HEADINGA,ICOM3,0,87.5,FINESTEERING,2437,11834.200,00000000,0000,810;SOL_COMPUTED,NONE,0.000000000,0.000000000,0.000000000,0.0,0.000000000,0.000000000,"",0,0,0,0,0,00,0,0*99fb756a
#HEADINGA,ICOM3,0,87.5,FINESTEERING,2437,11834.400,00000000,0000,810;SOL_COMPUTED,NONE,0.000000000,0.000000000,0.000000000,0.0,0.000000000,0.000000000,"",0,0,0,0,0,00,0,0*9de958e2
#HEADINGA,ICOM3,0,87.5,FINESTEERING,2437,11834.600,00000000,0000,810;SOL_COMPUTED,NONE,0.000000000,0.000000000,0.000000000,0.0,0.000000000,0.000000000,"",0,0,0,0,0,00,0,0*28c841a5
#HEADINGA,ICOM3,0,87.5,FINESTEERING,2437,11834.800,00000000,0000,810;SOL_COMPUTED,NONE,0.000000000,0.000000000,0.000000000,0.0,0.000000000,0.000000000,"",0,0,0,0,0,00,0,0*95cd03f2
#HEADINGA,ICOM3,0,87.5,FINESTEERING,2437,11835.000,00000000,0000,810;SOL_COMPUTED,NONE,0.000000000,0.000000000,0.000000000,0.0,0.000000000,0.000000000,"",0,0,0,0,0,00,0,0*accb0d1c
#HEADINGA,ICOM3,0,87.4,FINESTEERING,2437,11835.200,00000000,0000,810;SOL_COMPUTED,NONE,0.000000000,0.000000000,0.000000000,0.0,0.000000000,0.000000000,"",0,0,0,0,0,00,0,0*0942bc65
#HEADINGA,ICOM3,0,87.4,FINESTEERING,2437,11835.400,00000000,0000,810;SOL_COMPUTED,NONE,0.000000000,0.000000000,0.000000000,0.0,0.000000000,0.000000000,"",0,0,0,0,0,00,0,0*0d5091ed
#HEADINGA,ICOM3,0,87.4,FINESTEERING,2437,11835.600,00000000,0000,810;SOL_COMPUTED,NONE,0.000000000,0.000000000,0.000000000,0.0,0.000000000,0.000000000,"",0,0,0,0,0,00,0,0*b87188aa
#HEADINGA,ICOM3,0,87.4,FINESTEERING,2437,11835.800,00000000,0000,810;SOL_COMPUTED,NONE,0.000000000,0.000000000,0.000000000,0.0,0.000000000,0.000000000,"",0,0,0,0,0,00,0,0*0574cafd
#HEADINGA,ICOM3,0,87.4,FINESTEERING,2437,11836.000,00000000,0000,810;SOL_COMPUTED,NONE,0.000000000,0.000000000,0.000000000,0.0,0.000000000,0.000000000,"",0,0,0,0,0,00,0,0*e7210030
#HEADINGA,ICOM3,0,87.7,FINESTEERING,2437,11836.200,00000000,0000,810;SOL_COMPUTED,NONE,0.000000000,0.000000000,0.000000000,0.0,0.000000000,0.000000000,"",0,0,0,0,0,00,0,0*63f9e135
#HEADINGA,ICOM3,0,87.7,FINESTEERING,2437,11836.400,00000000,0000,810;SOL_COMPUTED,NONE,0.000000000,0.000000000,0.000000000,0.0,0.000000000,0.000000000,"",0,0,0,0,0,00,0,0*67ebccbd
#HEADINGA,ICOM3,0,87.7,FINESTEERING,2437,11836.600,00000000,0000,810;SOL_COMPUTED,NONE,0.000000000,0.000000000,0.000000000,0.0,0.000000000,0.000000000,"",0,0,0,0,0,00,0,0*d2cad5fa
#HEADINGA,ICOM3,0,87.7,FINESTEERING,2437,11836.800,00000000,0000,810;SOL_COMPUTED,NONE,0.000000000,0.000000000,0.000000000,0.0,0.000000000,0.000000000,"",0,0,0,0,0,00,0,0*6fcf97ad
#HEADINGA,ICOM3,0,87.7,FINESTEERING,2437,11837.000,00000000,0000,810;SOL_COMPUTED,NONE,0.000000000,0.000000000,0.000000000,0.0,0.000000000,0.000000000,"",0,0,0,0,0,00,0,0*56c99943
#HEADINGA,ICOM3,0,87.7,FINESTEERING,2437,11837.200,00000000,0000,810;SOL_COMPUTED,NONE,0.000000000,0.000000000,0.000000000,0.0,0.000000000,0.000000000,"",0,0,0,0,0,00,0,0*e3e88004
#HEADINGA,ICOM3,0,87.7,FINESTEERING,2437,11837.400,00000000,0000,810;SOL_COMPUTED,NONE,0.000000000,0.000000000,0.000000000,0.0,0.000000000,0.000000000,"",0,0,0,0,0,00,0,0*e7faad8c
#HEADINGA,ICOM3,0,87.7,FINESTEERING,2437,11837.600,00000000,0000,810;SOL_COMPUTED,NONE,0.000000000,0.000000000,0.000000000,0.0,0.000000000,0.000000000,"",0,0,0,0,0,00,0,0*52dbb4cb
#HEADINGA,ICOM3,0,87.7,FINESTEERING,2437,11837.800,00000000,0000,810;SOL_COMPUTED,NONE,0.000000000,0.000000000,0.000000000,0.0,0.000000000,0.000000000,"",0,0,0,0,0,00,0,0*efdef69c
#HEADINGA,ICOM3,0,87.7,FINESTEERING,2437,11838.000,00000000,0000,810;SOL_COMPUTED,NONE,0.000000000,0.000000000,0.000000000,0.0,0.000000000,0.000000000,"",0,0,0,0,0,00,0,0*bbf0ae58
#HEADINGA,ICOM3,0,87.4,FINESTEERING,2437,11838.200,00000000,0000,810;SOL_COMPUTED,NONE,0.000000000,0.000000000,0.000000000,0.0,0.000000000,0.000000000,"",0,0,0,0,0,00,0,0*3f284f5d
#HEADINGA,ICOM3,0,87.4,FINESTEERING,2437,11838.400,00000000,0000,810;SOL_COMPUTED,NONE,0.000000000,0.000000000,0.000000000,0.0,0.000000000,0.000000000,"",0,0,0,0,0,00,0,0*3b3a62d5
#HEADINGA,ICOM3,0,87.4,FINESTEERING,2437,11838.600,00000000,0000,810;SOL_COMPUTED,NONE,0.000000000,0.000000000,0.000000000,0.0,0.000000000,0.000000000,"",0,0,0,0,0,00,0,0*8e1b7b92
#HEADINGA,ICOM3,0,87.4,FINESTEERING,2437,11838.800,00000000,0000,810;SOL_COMPUTED,NONE,0.000000000,0.000000000,0.000000000,0.0,0.000000000,0.000000000,"",0,0,0,0,0,00,0,0*331e39c5
#HEADINGA,ICOM3,0,87.4,FINESTEERING,2437,11839.000,00000000,0000,810;SOL_COMPUTED,NONE,0.000000000,0.000000000,0.000000000,0.0,0.000000000,0.000000000,"",0,0,0,0,0,00,0,0*0a18372b
#HEADINGA,ICOM3,0,87.7,FINESTEERING,2437,11839.200,00000000,0000,810;SOL_COMPUTED,NONE,0.000000000,0.000000000,0.000000000,0.0,0.000000000,0.000000000,"",0,0,0,0,0,00,0,0*8ec0d62e
#HEADINGA,ICOM3,0,87.7,FINESTEERING,2437,11839.400,00000000,0000,810;SOL_COMPUTED,NONE,0.000000000,0.000000000,0.000000000,0.0,0.000000000,0.000000000,"",0,0,0,0,0,00,0,0*8ad2fba6
#HEADINGA,ICOM3,0,87.7,FINESTEERING,2437,11839.600,00000000,0000,810;SOL_COMPUTED,NONE,0.000000000,0.000000000,0.000000000,0.0,0.000000000,0.000000000,"",0,0,0,0,0,00,0,0*3ff3e2e1
#HEADINGA,ICOM3,0,87.7,FINESTEERING,2437,11839.800,00000000,0000,810;SOL_COMPUTED,NONE,0.000000000,0.000000000,0.000000000,0.0,0.000000000,0.000000000,"",0,0,0,0,0,00,0,0*82f6a0b6
#HEADINGA,ICOM3,0,87.7,FINESTEERING,2437,11840.000,00000000,0000,810;SOL_COMPUTED,NONE,0.000000000,0.000000000,0.000000000,0.0,0.000000000,0.000000000,"",0,0,0,0,0,00,0,0*0db6c296
#HEADINGA,ICOM3,0,87.6,FINESTEERING,2437,11840.200,00000000,0000,810;SOL_COMPUTED,NONE,0.000000000,0.000000000,0.000000000,0.0,0.000000000,0.000000000,"",0,0,0,0,0,00,0,0*a83f73ef
#HEADINGA,ICOM3,0,87.6,FINESTEERING,2437,11840.400,00000000,0000,810;SOL_COMPUTED,NONE,0.000000000,0.000000000,0.000000000,0.0,0.000000000,0.000000000,"",0,0,0,0,0,00,0,0*ac2d5e67
#HEADINGA,ICOM3,0,87.6,FINESTEERING,2437,11840.600,00000000,0000,810;SOL_COMPUTED,NONE,0.000000000,0.000000000,0.000000000,0.0,0.000000000,0.000000000,"",0,0,0,0,0,00,0,0*190c4720
#HEADINGA,ICOM3,0,87.6,FINESTEERING,2437,11840.800,00000000,0000,810;SOL_COMPUTED,NONE,0.000000000,0.000000000,0.000000000,0.0,0.000000000,0.000000000,"",0,0,0,0,0,00,0,0*a4090577
#HEADINGA,ICOM3,0,87.6,FINESTEERING,2437,11841.000,00000000,0000,810;SOL_COMPUTED,NONE,0.000000000,0.000000000,0.000000000,0.0,0.000000000,0.000000000,"",0,0,0,0,0,00,0,0*9d0f0b99
#HEADINGA,ICOM3,0,87.4,FINESTEERING,2437,11841.200,00000000,0000,810;SOL_COMPUTED,NONE,0.000000000,0.000000000,0.000000000,0.0,0.000000000,0.000000000,"",0,0,0,0,0,00,0,0*097f42a2
#HEADINGA,ICOM3,0,87.4,FINESTEERING,2437,11841.400,00000000,0000,810;SOL_COMPUTED,NONE,0.000000000,0.000000000,0.000000000,0.0,0.000000000,0.000000000,"",0,0,0,0,0,00,0,0*0d6d6f2a
#HEADINGA,ICOM3,0,87.4,FINESTEERING,2437,11841.600,00000000,0000,810;SOL_COMPUTED,NONE,0.000000000,0.000000000,0.000000000,0.0,0.000000000,0.000000000,"",0,0,0,0,0,00,0,0*b84c766d
#HEADINGA,ICOM3,0,87.4,FINESTEERING,2437,11841.800,00000000,0000,810;SOL_COMPUTED,NONE,0.000000000,0.000000000,0.000000000,0.0,0.000000000,0.000000000,"",0,0,0,0,0,00,0,0*0549343a
#HEADINGA,ICOM3,0,87.4,FINESTEERING,2437,11842.000,00000000,0000,810;SOL_COMPUTED,NONE,0.000000000,0.000000000,0.000000000,0.0,0.000000000,0.000000000,"",0,0,0,0,0,00,0,0*e71cfef7
#HEADINGA,ICOM3,0,87.3,FINESTEERING,2437,11842.200,00000000,0000,810;SOL_COMPUTED,NONE,0.000000000,0.000000000,0.000000000,0.0,0.000000000,0.000000000,"",0,0,0,0,0,00,0,0*2166bf0a
#HEADINGA,ICOM3,0,87.3,FINESTEERING,2437,11842.400,00000000,0000,810;SOL_COMPUTED,NONE,0.000000000,0.000000000,0.000000000,0.0,0.000000000,0.000000000,"",0,0,0,0,0,00,0,0*25749282
#HEADINGA,ICOM3,0,87.3,FINESTEERING,2437,11842.600,00000000,0000,810;SOL_COMPUTED,NONE,0.000000000,0.000000000,0.000000000,0.0,0.000000000,0.000000000,"",0,0,0,0,0,00,0,0*90558bc5
#HEADINGA,ICOM3,0,87.3,FINESTEERING,2437,11842.800,00000000,0000,810;SOL_COMPUTED,NONE,0.000000000,0.000000000,0.000000000,0.0,0.000000000,0.000000000,"",0,0,0,0,0,00,0,0*2d50c992
#HEADINGA,ICOM3,0,87.3,FINESTEERING,2437,11843.000,00000000,0000,810;SOL_COMPUTED,NONE,0.000000000,0.000000000,0.000000000,0.0,0.000000000,0.000000000,"",0,0,0,0,0,00,0,0*1456c77c
#HEADINGA,ICOM3,0,87.9,FINESTEERING,2437,11843.200,00000000,0000,810;SOL_COMPUTED,NONE,0.000000000,0.000000000,0.000000000,0.0,0.000000000,0.000000000,"",0,0,0,0,0,00,0,0*0563cfb7
#HEADINGA,ICOM3,0,87.9,FINESTEERING,2437,11843.400,00000000,0000,810;SOL_COMPUTED,NONE,0.000000000,0.000000000,0.000000000,0.0,0.000000000,0.000000000,"",0,0,0,0,0,00,0,0*0171e23f
#HEADINGA,ICOM3,0,87.9,FINESTEERING,2437,11843.600,00000000,0000,810;SOL_COMPUTED,NONE,0.000000000,0.000000000,0.000000000,0.0,0.000000000,0.000000000,"",0,0,0,0,0,00,0,0*b450fb78
#HEADINGA,ICOM3,0,87.9,FINESTEERING,2437,11843.800,00000000,0000,810;SOL_COMPUTED,NONE,0.000000000,0.000000000,0.000000000,0.0,0.000000000,0.000000000,"",0,0,0,0,0,00,0,0*0955b92f
#HEADINGA,ICOM3,0,87.9,FINESTEERING,2437,11844.000,00000000,0000,810;SOL_COMPUTED,NONE,0.000000000,0.000000000,0.000000000,0.0,0.000000000,0.000000000,"",0,0,0,0,0,00,0,0*86d6fde5
#HEADINGA,ICOM3,0,87.9,FINESTEERING,2437,11844.200,00000000,0000,810;SOL_COMPUTED,NONE,0.000000000,0.000000000,0.000000000,0.0,0.000000000,0.000000000,"",0,0,0,0,0,00,0,0*33f7e4a2
#HEADINGA,ICOM3,0,77.2,FINESTEERING,2437,11844.400,00000000,0000,810;SOL_COMPUTED,NONE,0.000000000,0.000000000,0.000000000,0.0,0.000000000,0.000000000,"",0,0,0,0,0,00,0,0*9f5bec03
#HEADINGA,ICOM3,0,77.2,FINESTEERING,2437,11844.600,00000000,0000,810;SOL_COMPUTED,NONE,0.000000000,0.000000000,0.000000000,0.0,0.000000000,0.000000000,"",0,0,0,0,0,00,0,0*2a7af544
#HEADINGA,ICOM3,0,77.2,FINESTEERING,2437,11844.800,00000000,0000,810;SOL_COMPUTED,NONE,0.000000000,0.000000000,0.000000000,0.0,0.000000000,0.000000000,"",0,0,0,0,0,00,0,0*977fb713
#HEADINGA,ICOM3,0,77.2,FINESTEERING,2437,11845.000,00000000,0000,810;SOL_COMPUTED,NONE,0.000000000,0.000000000,0.000000000,0.0,0.000000000,0.000000000,"",0,0,0,0,0,00,0,0*ae79b9fd
#HEADINGA,ICOM3,0,77.2,FINESTEERING,2437,11845.200,00000000,0000,810;SOL_COMPUTED,NONE,0.000000000,0.000000000,0.000000000,0.0,0.000000000,0.000000000,"",0,0,0,0,0,00,0,0*1b58a0ba
#HEADINGA,ICOM3,0,75.5,FINESTEERING,2437,11845.400,00000000,0000,810;SOL_COMPUTED,NONE,0.000000000,0.000000000,0.000000000,0.0,0.000000000,0.000000000,"",0,0,0,0,0,00,0,0*84f093d7
#HEADINGA,ICOM3,0,75.5,FINESTEERING,2437,11845.600,00000000,0000,810;SOL_COMPUTED,NONE,0.000000000,0.000000000,0.000000000,0.0,0.000000000,0.000000000,"",0,0,0,0,0,00,0,0*31d18a90
#HEADINGA,ICOM3,0,75.5,FINESTEERING,2437,11845.800,00000000,0000,810;SOL_COMPUTED,NONE,0.000000000,0.000000000,0.000000000,0.0,0.000000000,0.000000000,"",0,0,0,0,0,00,0,0*8cd4c8c7
#HEADINGA,ICOM3,0,75.5,FINESTEERING,2437,11846.000,00000000,0000,810;SOL_COMPUTED,NONE,0.000000000,0.000000000,0.000000000,0.0,0.000000000,0.000000000,"",0,0,0,0,0,00,0,0*6e81020a
#HEADINGA,ICOM3,0,75.5,FINESTEERING,2437,11846.200,00000000,0000,810;SOL_COMPUTED,NONE,0.000000000,0.000000000,0.000000000,0.0,0.000000000,0.000000000,"",0,0,0,0,0,00,0,0*dba01b4d
#HEADINGA,ICOM3,0,75.6,FINESTEERING,2437,11846.400,00000000,0000,810;SOL_COMPUTED,NONE,0.000000000,0.000000000,0.000000000,0.0,0.000000000,0.000000000,"",0,0,0,0,0,00,0,0*ee4bce87
#HEADINGA,ICOM3,0,75.6,FINESTEERING,2437,11846.600,00000000,0000,810;SOL_COMPUTED,NONE,0.000000000,0.000000000,0.000000000,0.0,0.000000000,0.000000000,"",0,0,0,0,0,00,0,0*5b6ad7c0
#HEADINGA,ICOM3,0,75.6,FINESTEERING,2437,11846.800,00000000,0000,810;SOL_COMPUTED,NONE,0.000000000,0.000000000,0.000000000,0.0,0.000000000,0.000000000,"",0,0,0,0,0,00,0,0*e66f9597
#HEADINGA,ICOM3,0,75.6,FINESTEERING,2437,11847.000,00000000,0000,810;SOL_COMPUTED,NONE,0.000000000,0.000000000,0.000000000,0.0,0.000000000,0.000000000,"",0,0,0,0,0,00,0,0*df699b79
#HEADINGA,ICOM3,0,75.6,FINESTEERING,2437,11847.200,00000000,0000,810;SOL_COMPUTED,NONE,0.000000000,0.000000000,0.000000000,0.0,0.000000000,0.000000000,"",0,0,0,0,0,00,0,0*6a48823e
#HEADINGA,ICOM3,0,74.9,FINESTEERING,2437,11847.400,00000000,0000,810;SOL_COMPUTED,NONE,0.000000000,0.000000000,0.000000000,0.0,0.000000000,0.000000000,"",0,0,0,0,0,00,0,0*018c96f3
#HEADINGA,ICOM3,0,74.9,FINESTEERING,2437,11847.600,00000000,0000,810;SOL_COMPUTED,NONE,0.000000000,0.000000000,0.000000000,0.0,0.000000000,0.000000000,"",0,0,0,0,0,00,0,0*b4ad8fb4
#HEADINGA,ICOM3,0,74.9,FINESTEERING,2437,11847.800,00000000,0000,810;SOL_COMPUTED,NONE,0.000000000,0.000000000,0.000000000,0.0,0.000000000,0.000000000,"",0,0,0,0,0,00,0,0*09a8cde3
#HEADINGA,ICOM3,0,74.9,FINESTEERING,2437,11848.000,00000000,0000,810;SOL_COMPUTED,NONE,0.000000000,0.000000000,0.000000000,0.0,0.000000000,0.000000000,"",0,0,0,0,0,00,0,0*5d869527
#HEADINGA,ICOM3,0,74.9,FINESTEERING,2437,11848.200,00000000,0000,810;SOL_COMPUTED,NONE,0.000000000,0.000000000,0.000000000,0.0,0.000000000,0.000000000,"",0,0,0,0,0,00,0,0*e8a78c60
#HEADINGA,ICOM3,0,74.4,FINESTEERING,2437,11848.400,00000000,0000,810;SOL_COMPUTED,NONE,0.000000000,0.000000000,0.000000000,0.0,0.000000000,0.000000000,"",0,0,0,0,0,00,0,0*3bfae8de
#HEADINGA,ICOM3,0,74.4,FINESTEERING,2437,11848.600,00000000,0000,810;SOL_COMPUTED,NONE,0.000000000,0.000000000,0.000000000,0.0,0.000000000,0.000000000,"",0,0,0,0,0,00,0,0*8edbf199
#HEADINGA,ICOM3,0,74.4,FINESTEERING,2437,11848.800,00000000,0000,810;SOL_COMPUTED,NONE,0.000000000,0.000000000,0.000000000,0.0,0.000000000,0.000000000,"",0,0,0,0,0,00,0,0*33deb3ce
#HEADINGA,ICOM3,0,74.4,FINESTEERING,2437,11849.000,00000000,0000,810;SOL_COMPUTED,NONE,0.000000000,0.000000000,0.000000000,0.0,0.000000000,0.000000000,"",0,0,0,0,0,00,0,0*0ad8bd20
#HEADINGA,ICOM3,0,74.4,FINESTEERING,2437,11849.200,00000000,0000,810;SOL_COMPUTED,NONE,0.000000000,0.000000000,0.000000000,0.0,0.000000000,0.000000000,"",0,0,0,0,0,00,0,0*bff9a467
#HEADINGA,ICOM3,0,75.7,FINESTEERING,2437,11849.400,00000000,0000,810;SOL_COMPUTED,NONE,0.000000000,0.000000000,0.000000000,0.0,0.000000000,0.000000000,"",0,0,0,0,0,00,0,0*13da51a2
#HEADINGA,ICOM3,0,75.7,FINESTEERING,2437,11849.600,00000000,0000,810;SOL_COMPUTED,NONE,0.000000000,0.000000000,0.000000000,0.0,0.000000000,0.000000000,"",0,0,0,0,0,00,0,0*a6fb48e5
#HEADINGA,ICOM3,0,75.7,FINESTEERING,2437,11849.800,00000000,0000,810;SOL_COMPUTED,NONE,0.000000000,0.000000000,0.000000000,0.0,0.000000000,0.000000000,"",0,0,0,0,0,00,0,0*1bfe0ab2
#HEADINGA,ICOM3,0,75.7,FINESTEERING,2437,11850.000,00000000,0000,810;SOL_COMPUTED,NONE,0.000000000,0.000000000,0.000000000,0.0,0.000000000,0.000000000,"",0,0,0,0,0,00,0,0*a80b0909
#HEADINGA,ICOM3,0,75.7,FINESTEERING,2437,11850.200,00000000,0000,810;SOL_COMPUTED,NONE,0.000000000,0.000000000,0.000000000,0.0,0.000000000,0.000000000,"",0,0,0,0,0,00,0,0*1d2a104e
#HEADINGA,ICOM3,0,73.7,FINESTEERING,2437,11850.400,00000000,0000,810;SOL_COMPUTED,NONE,0.000000000,0.000000000,0.000000000,0.0,0.000000000,0.000000000,"",0,0,0,0,0,00,0,0*fb6af166
#HEADINGA,ICOM3,0,73.7,FINESTEERING,2437,11850.600,00000000,0000,810;SOL_COMPUTED,NONE,0.000000000,0.000000000,0.000000000,0.0,0.000000000,0.000000000,"",0,0,0,0,0,00,0,0*4e4be821
#HEADINGA,ICOM3,0,73.7,FINESTEERING,2437,11850.800,00000000,0000,810;SOL_COMPUTED,NONE,0.000000000,0.000000000,0.000000000,0.0,0.000000000,0.000000000,"",0,0,0,0,0,00,0,0*f34eaa76
#HEADINGA,ICOM3,0,73.7,FINESTEERING,2437,11851.000,00000000,0000,810;SOL_COMPUTED,NONE,0.000000000,0.000000000,0.000000000,0.0,0.000000000,0.000000000,"",0,0,0,0,0,00,0,0*ca48a498
#HEADINGA,ICOM3,0,73.7,FINESTEERING,2437,11851.200,00000000,0000,810;SOL_COMPUTED,NONE,0.000000000,0.000000000,0.000000000,0.0,0.000000000,0.000000000,"",0,0,0,0,0,00,0,0*7f69bddf
#HEADINGA,ICOM3,0,74.1,FINESTEERING,2437,11851.400,00000000,0000,810;SOL_COMPUTED,NONE,0.000000000,0.000000000,0.000000000,0.0,0.000000000,0.000000000,"",0,0,0,0,0,00,0,0*63128c7c
#HEADINGA,ICOM3,0,74.1,FINESTEERING,2437,11851.600,00000000,0000,810;SOL_COMPUTED,NONE,0.000000000,0.000000000,0.000000000,0.0,0.000000000,0.000000000,"",0,0,0,0,0,00,0,0*d633953b
#HEADINGA,ICOM3,0,74.1,FINESTEERING,2437,11851.800,00000000,0000,810;SOL_COMPUTED,NONE,0.000000000,0.000000000,0.000000000,0.0,0.000000000,0.000000000,"",0,0,0,0,0,00,0,0*6b36d76c
#HEADINGA,ICOM3,0,74.1,FINESTEERING,2437,11852.000,00000000,0000,810;SOL_COMPUTED,NONE,0.000000000,0.000000000,0.000000000,0.0,0.000000000,0.000000000,"",0,0,0,0,0,00,0,0*89631da1
#HEADINGA,ICOM3,0,74.1,FINESTEERING,2437,11852.200,00000000,0000,810;SOL_COMPUTED,NONE,0.000000000,0.000000000,0.000000000,0.0,0.000000000,0.000000000,"",0,0,0,0,0,00,0,0*3c4204e6
#HEADINGA,ICOM3,0,73.7,FINESTEERING,2437,11852.400,00000000,0000,810;SOL_COMPUTED,NONE,0.000000000,0.000000000,0.000000000,0.0,0.000000000,0.000000000,"",0,0,0,0,0,00,0,0*20393545
#HEADINGA,ICOM3,0,73.7,FINESTEERING,2437,11852.600,00000000,0000,810;SOL_COMPUTED,NONE,0.000000000,0.000000000,0.000000000,0.0,0.000000000,0.000000000,"",0,0,0,0,0,00,0,0*95182c02
#HEADINGA,ICOM3,0,73.7,FINESTEERING,2437,11852.800,00000000,0000,810;SOL_COMPUTED,NONE,0.000000000,0.000000000,0.000000000,0.0,0.000000000,0.000000000,"",0,0,0,0,0,00,0,0*281d6e55
#HEADINGA,ICOM3,0,73.7,FINESTEERING,2437,11853.000,00000000,0000,810;SOL_COMPUTED,NONE,0.000000000,0.000000000,0.000000000,0.0,0.000000000,0.000000000,"",0,0,0,0,0,00,0,0*111b60bb
#HEADINGA,ICOM3,0,73.7,FINESTEERING,2437,11853.200,00000000,0000,810;SOL_COMPUTED,NONE,0.000000000,0.000000000,0.000000000,0.0,0.000000000,0.000000000,"",0,0,0,0,0,00,0,0*a43a79fc
#HEADINGA,ICOM3,0,73.9,FINESTEERING,2437,11853.400,00000000,0000,810;SOL_COMPUTED,NONE,0.000000000,0.000000000,0.000000000,0.0,0.000000000,0.000000000,"",0,0,0,0,0,00,0,0*469ee500
#HEADINGA,ICOM3,0,73.9,FINESTEERING,2437,11853.600,00000000,0000,810;SOL_COMPUTED,NONE,0.000000000,0.000000000,0.000000000,0.0,0.000000000,0.000000000,"",0,0,0,0,0,00,0,0*f3bffc47
#HEADINGA,ICOM3,0,73.9,FINESTEERING,2437,11853.800,00000000,0000,810;SOL_COMPUTED,NONE,0.000000000,0.000000000,0.000000000,0.0,0.000000000,0.000000000,"",0,0,0,0,0,00,0,0*4ebabe10
#HEADINGA,ICOM3,0,73.9,FINESTEERING,2437,11854.000,00000000,0000,810;SOL_COMPUTED,NONE,0.000000000,0.000000000,0.000000000,0.0,0.000000000,0.000000000,"",0,0,0,0,0,00,0,0*c139fada
#HEADINGA,ICOM3,0,73.9,FINESTEERING,2437,11854.200,00000000,0000,810;SOL_COMPUTED,NONE,0.000000000,0.000000000,0.000000000,0.0,0.000000000,0.000000000,"",0,0,0,0,0,00,0,0*7418e39d
#HEADINGA,ICOM3,0,75.8,FINESTEERING,2437,11854.400,00000000,0000,810;SOL_COMPUTED,NONE,0.000000000,0.000000000,0.000000000,0.0,0.000000000,0.000000000,"",0,0,0,0,0,00,0,0*82f0aa8b
#HEADINGA,ICOM3,0,75.8,FINESTEERING,2437,11854.600,00000000,0000,810;SOL_COMPUTED,NONE,0.000000000,0.000000000,0.000000000,0.0,0.000000000,0.000000000,"",0,0,0,0,0,00,0,0*37d1b3cc
#HEADINGA,ICOM3,0,75.8,FINESTEERING,2437,11854.800,00000000,0000,810;SOL_COMPUTED,NONE,0.000000000,0.000000000,0.000000000,0.0,0.000000000,0.000000000,"",0,0,0,0,0,00,0,0*8ad4f19b
#HEADINGA,ICOM3,0,75.8,FINESTEERING,2437,11855.000,00000000,0000,810;SOL_COMPUTED,NONE,0.000000000,0.000000000,0.000000000,0.0,0.000000000,0.000000000,"",0,0,0,0,0,00,0,0*b3d2ff75
#HEADINGA,ICOM3,0,75.8,FINESTEERING,2437,11855.200,00000000,0000,810;SOL_COMPUTED,NONE,0.000000000,0.000000000,0.000000000,0.0,0.000000000,0.000000000,"",0,0,0,0,0,00,0,0*06f3e632
#HEADINGA,ICOM3,0,73.9,FINESTEERING,2437,11855.400,00000000,0000,810;SOL_COMPUTED,NONE,0.000000000,0.000000000,0.000000000,0.0,0.000000000,0.000000000,"",0,0,0,0,0,00,0,0*f01baf24
#HEADINGA,ICOM3,0,73.9,FINESTEERING,2437,11855.600,00000000,0000,810;SOL_COMPUTED,NONE,0.000000000,0.000000000,0.000000000,0.0,0.000000000,0.000000000,"",0,0,0,0,0,00,0,0*453ab663
#HEADINGA,ICOM3,0,73.9,FINESTEERING,2437,11855.800,00000000,0000,810;SOL_COMPUTED,NONE,0.000000000,0.000000000,0.000000000,0.0,0.000000000,0.000000000,"",0,0,0,0,0,00,0,0*f83ff434
#HEADINGA,ICOM3,0,73.9,FINESTEERING,2437,11856.000,00000000,0000,810;SOL_COMPUTED,NONE,0.000000000,0.000000000,0.000000000,0.0,0.000000000,0.000000000,"",0,0,0,0,0,00,0,0*1a6a3ef9
#HEADINGA,ICOM3,0,73.9,FINESTEERING,2437,11856.200,00000000,0000,810;SOL_COMPUTED,NONE,0.000000000,0.000000000,0.000000000,0.0,0.000000000,0.000000000,"",0,0,0,0,0,00,0,0*af4b27be
#HEADINGA,ICOM3,0,73.5,FINESTEERING,2437,11856.400,00000000,0000,810;SOL_COMPUTED,NONE,0.000000000,0.000000000,0.000000000,0.0,0.000000000,0.000000000,"",0,0,0,0,0,00,0,0*6cbeeb3e
#HEADINGA,ICOM3,0,73.5,FINESTEERING,2437,11856.600,00000000,0000,810;SOL_COMPUTED,NONE,0.000000000,0.000000000,0.000000000,0.0,0.000000000,0.000000000,"",0,0,0,0,0,00,0,0*d99ff279
#HEADINGA,ICOM3,0,73.5,FINESTEERING,2437,11856.800,00000000,0000,810;SOL_COMPUTED,NONE,0.000000000,0.000000000,0.000000000,0.0,0.000000000,0.000000000,"",0,0,0,0,0,00,0,0*649ab02e
#HEADINGA,ICOM3,0,73.5,FINESTEERING,2437,11857.000,00000000,0000,810;SOL_COMPUTED,NONE,0.000000000,0.000000000,0.000000000,0.0,0.000000000,0.000000000,"",0,0,0,0,0,00,0,0*5d9cbec0
#HEADINGA,ICOM3,0,85.0,FINESTEERING,2437,11857.200,00000000,0000,810;SOL_COMPUTED,NONE,0.000000000,0.000000000,0.000000000,0.0,0.000000000,0.000000000,"",0,0,0,0,0,00,0,0*44e7ff7a
#HEADINGA,ICOM3,0,85.0,FINESTEERING,2437,11857.400,00000000,0000,810;SOL_COMPUTED,NONE,0.000000000,0.000000000,0.000000000,0.0,0.000000000,0.000000000,"",0,0,0,0,0,00,0,0*40f5d2f2
#HEADINGA,ICOM3,0,85.0,FINESTEERING,2437,11857.600,00000000,0000,810;SOL_COMPUTED,NONE,0.000000000,0.000000000,0.000000000,0.0,0.000000000,0.000000000,"",0,0,0,0,0,00,0,0*f5d4cbb5
#HEADINGA,ICOM3,0,85.0,FINESTEERING,2437,11857.800,00000000,0000,810;SOL_COMPUTED,NONE,0.000000000,0.000000000,0.000000000,0.0,0.000000000,0.000000000,"",0,0,0,0,0,00,0,0*48d189e2
#HEADINGA,ICOM3,0,85.0,FINESTEERING,2437,11858.000,00000000,0000,810;SOL_COMPUTED,NONE,0.000000000,0.000000000,0.000000000,0.0,0.000000000,0.000000000,"",0,0,0,0,0,00,0,0*1cffd126
#HEADINGA,ICOM3,0,86.6,FINESTEERING,2437,11858.200,00000000,0000,810;SOL_COMPUTED,NONE,0.000000000,0.000000000,0.000000000,0.0,0.000000000,0.000000000,"",0,0,0,0,0,00,0,0*bb045eb5
#HEADINGA,ICOM3,0,86.6,FINESTEERING,2437,11858.400,00000000,0000,810;SOL_COMPUTED,NONE,0.000000000,0.000000000,0.000000000,0.0,0.000000000,0.000000000,"",0,0,0,0,0,00,0,0*bf16733d
#HEADINGA,ICOM3,0,86.6,FINESTEERING,2437,11858.600,00000000,0000,810;SOL_COMPUTED,NONE,0.000000000,0.000000000,0.000000000,0.0,0.000000000,0.000000000,"",0,0,0,0,0,00,0,0*0a376a7a
#HEADINGA,ICOM3,0,86.6,FINESTEERING,2437,11858.800,00000000,0000,810;SOL_COMPUTED,NONE,0.000000000,0.000000000,0.000000000,0.0,0.000000000,0.000000000,"",0,0,0,0,0,00,0,0*b732282d
#HEADINGA,ICOM3,0,86.6,FINESTEERING,2437,11859.000,00000000,0000,810;SOL_COMPUTED,NONE,0.000000000,0.000000000,0.000000000,0.0,0.000000000,0.000000000,"",0,0,0,0,0,00,0,0*8e3426c3
#HEADINGA,ICOM3,0,88.9,FINESTEERING,2437,11859.200,00000000,0000,810;SOL_COMPUTED,NONE,0.000000000,0.000000000,0.000000000,0.0,0.000000000,0.000000000,"",0,0,0,0,0,00,0,0*3a3eff90
#HEADINGA,ICOM3,0,88.9,FINESTEERING,2437,11859.400,00000000,0000,810;SOL_COMPUTED,NONE,0.000000000,0.000000000,0.000000000,0.0,0.000000000,0.000000000,"",0,0,0,0,0,00,0,0*3e2cd218
#HEADINGA,ICOM3,0,88.9,FINESTEERING,2437,11859.600,00000000,0000,810;SOL_COMPUTED,NONE,0.000000000,0.000000000,0.000000000,0.0,0.000000000,0.000000000,"",0,0,0,0,0,00,0,0*8b0dcb5f
#HEADINGA,ICOM3,0,88.9,FINESTEERING,2437,11859.800,00000000,0000,810;SOL_COMPUTED,NONE,0.000000000,0.000000000,0.000000000,0.0,0.000000000,0.000000000,"",0,0,0,0,0,00,0,0*36088908
#HEADINGA,ICOM3,0,88.9,FINESTEERING,2437,11860.000,00000000,0000,810;SOL_COMPUTED,NONE,0.000000000,0.000000000,0.000000000,0.0,0.000000000,0.000000000,"",0,0,0,0,0,00,0,0*2741a805
#HEADINGA,ICOM3,0,87.5,FINESTEERING,2437,11860.200,00000000,0000,810;SOL_COMPUTED,NONE,0.000000000,0.000000000,0.000000000,0.0,0.000000000,0.000000000,"",0,0,0,0,0,00,0,0*3b7aa91b
#HEADINGA,ICOM3,0,87.5,FINESTEERING,2437,11860.400,00000000,0000,810;SOL_COMPUTED,NONE,0.000000000,0.000000000,0.000000000,0.0,0.000000000,0.000000000,"",0,0,0,0,0,00,0,0*3f688493
#HEADINGA,ICOM3,0,87.5,FINESTEERING,2437,11860.600,00000000,0000,810;SOL_COMPUTED,NONE,0.000000000,0.000000000,0.000000000,0.0,0.000000000,0.000000000,"",0,0,0,0,0,00,0,0*8a499dd4
#HEADINGA,ICOM3,0,87.5,FINESTEERING,2437,11860.800,00000000,0000,810;SOL_COMPUTED,NONE,0.000000000,0.000000000,0.000000000,0.0,0.000000000,0.000000000,"",0,0,0,0,0,00,0,0*374cdf83
#HEADINGA,ICOM3,0,87.5,FINESTEERING,2437,11861.000,00000000,0000,810;SOL_COMPUTED,NONE,0.000000000,0.000000000,0.000000000,0.0,0.000000000,0.000000000,"",0,0,0,0,0,00,0,0*0e4ad16d
#HEADINGA,ICOM3,0,87.5,FINESTEERING,2437,11861.200,00000000,0000,810;SOL_COMPUTED,NONE,0.000000000,0.000000000,0.000000000,0.0,0.000000000,0.000000000,"",0,0,0,0,0,00,0,0*bb6bc82a
#HEADINGA,ICOM3,0,87.5,FINESTEERING,2437,11861.400,00000000,0000,810;SOL_COMPUTED,NONE,0.000000000,0.000000000,0.000000000,0.0,0.000000000,0.000000000,"",0,0,0,0,0,00,0,0*bf79e5a2
#HEADINGA,ICOM3,0,87.5,FINESTEERING,2437,11861.600,00000000,0000,810;SOL_COMPUTED,NONE,0.000000000,0.000000000,0.000000000,0.0,0.000000000,0.000000000,"",0,0,0,0,0,00,0,0*0a58fce5
#HEADINGA,ICOM3,0,87.5,FINESTEERING,2437,11861.800,00000000,0000,810;SOL_COMPUTED,NONE,0.000000000,0.000000000,0.000000000,0.0,0.000000000,0.000000000,"",0,0,0,0,0,00,0,0*b75dbeb2
#HEADINGA,ICOM3,0,87.5,FINESTEERING,2437,11862.000,00000000,0000,810;SOL_COMPUTED,NONE,0.000000000,0.000000000,0.000000000,0.0,0.000000000,0.000000000,"",0,0,0,0,0,00,0,0*5508747f
#HEADINGA,ICOM3,0,87.6,FINESTEERING,2437,11862.200,00000000,0000,810;SOL_COMPUTED,NONE,0.000000000,0.000000000,0.000000000,0.0,0.000000000,0.000000000,"",0,0,0,0,0,00,0,0*d1d0957a
#HEADINGA,ICOM3,0,87.6,FINESTEERING,2437,11862.400,00000000,0000,810;SOL_COMPUTED,NONE,0.000000000,0.000000000,0.000000000,0.0,0.000000000,0.000000000,"",0,0,0,0,0,00,0,0*d5c2b8f2
#HEADINGA,ICOM3,0,87.6,FINESTEERING,2437,11862.600,00000000,0000,810;SOL_COMPUTED,NONE,0.000000000,0.000000000,0.000000000,0.0,0.000000000,0.000000000,"",0,0,0,0,0,00,0,0*60e3a1b5
#HEADINGA,ICOM3,0,87.6,FINESTEERING,2437,11862.800,00000000,0000,810;SOL_COMPUTED,NONE,0.000000000,0.000000000,0.000000000,0.0,0.000000000,0.000000000,"",0,0,0,0,0,00,0,0*dde6e3e2
#HEADINGA,ICOM3,0,87.6,FINESTEERING,2437,11863.000,00000000,0000,810;SOL_COMPUTED,NONE,0.000000000,0.000000000,0.000000000,0.0,0.000000000,0.000000000,"",0,0,0,0,0,00,0,0*e4e0ed0c
#HEADINGA,ICOM3,0,87.6,FINESTEERING,2437,11863.200,00000000,0000,810;SOL_COMPUTED,NONE,0.000000000,0.000000000,0.000000000,0.0,0.000000000,0.000000000,"",0,0,0,0,0,00,0,0*51c1f44b
#HEADINGA,ICOM3,0,87.6,FINESTEERING,2437,11863.400,00000000,0000,810;SOL_COMPUTED,NONE,0.000000000,0.000000000,0.000000000,0.0,0.000000000,0.000000000,"",0,0,0,0,0,00,0,0*55d3d9c3
#HEADINGA,ICOM3,0,87.6,FINESTEERING,2437,11863.600,00000000,0000,810;SOL_COMPUTED,NONE,0.000000000,0.000000000,0.000000000,0.0,0.000000000,0.000000000,"",0,0,0,0,0,00,0,0*e0f2c084
#HEADINGA,ICOM3,0,87.6,FINESTEERING,2437,11863.800,00000000,0000,810;SOL_COMPUTED,NONE,0.000000000,0.000000000,0.000000000,0.0,0.000000000,0.000000000,"",0,0,0,0,0,00,0,0*5df782d3
#HEADINGA,ICOM3,0,87.6,FINESTEERING,2437,11864.000,00000000,0000,810;SOL_COMPUTED,NONE,0.000000000,0.000000000,0.000000000,0.0,0.000000000,0.000000000,"",0,0,0,0,0,00,0,0*d274c619
#HEADINGA,ICOM3,0,86.5,FINESTEERING,2437,11864.200,00000000,0000,810;SOL_COMPUTED,NONE,0.000000000,0.000000000,0.000000000,0.0,0.000000000,0.000000000,"",0,0,0,0,0,00,0,0*cf640713
#HEADINGA,ICOM3,0,86.5,FINESTEERING,2437,11864.400,00000000,0000,810;SOL_COMPUTED,NONE,0.000000000,0.000000000,0.000000000,0.0,0.000000000,0.000000000,"",0,0,0,0,0,00,0,0*cb762a9b
#HEADINGA,ICOM3,0,86.5,FINESTEERING,2437,11864.600,00000000,0000,810;SOL_COMPUTED,NONE,0.000000000,0.000000000,0.000000000,0.0,0.000000000,0.000000000,"",0,0,0,0,0,00,0,0*7e5733dc
#HEADINGA,ICOM3,0,86.5,FINESTEERING,2437,11864.800,00000000,0000,810;SOL_COMPUTED,NONE,0.000000000,0.000000000,0.000000000,0.0,0.000000000,0.000000000,"",0,0,0,0,0,00,0,0*c352718b
#HEADINGA,ICOM3,0,86.5,FINESTEERING,2437,11865.000,00000000,0000,810;SOL_COMPUTED,NONE,0.000000000,0.000000000,0.000000000,0.0,0.000000000,0.000000000,"",0,0,0,0,0,00,0,0*fa547f65
#HEADINGA,ICOM3,0,86.7,FINESTEERING,2437,11865.200,00000000,0000,810;SOL_COMPUTED,NONE,0.000000000,0.000000000,0.000000000,0.0,0.000000000,0.000000000,"",0,0,0,0,0,00,0,0*6e24365e
#HEADINGA,ICOM3,0,86.7,FINESTEERING,2437,11865.400,00000000,0000,810;SOL_COMPUTED,NONE,0.000000000,0.000000000,0.000000000,0.0,0.000000000,0.000000000,"",0,0,0,0,0,00,0,0*6a361bd6
#HEADINGA,ICOM3,0,86.7,FINESTEERING,2437,11865.600,00000000,0000,810;SOL_COMPUTED,NONE,0.000000000,0.000000000,0.000000000,0.0,0.000000000,0.000000000,"",0,0,0,0,0,00,0,0*df170291
#HEADINGA,ICOM3,0,86.7,FINESTEERING,2437,11865.800,00000000,0000,810;SOL_COMPUTED,NONE,0.000000000,0.000000000,0.000000000,0.0,0.000000000,0.000000000,"",0,0,0,0,0,00,0,0*621240c6
#HEADINGA,ICOM3,0,86.7,FINESTEERING,2437,11866.000,00000000,0000,810;SOL_COMPUTED,NONE,0.000000000,0.000000000,0.000000000,0.0,0.000000000,0.000000000,"",0,0,0,0,0,00,0,0*80478a0b
#HEADINGA,ICOM3,0,86.5,FINESTEERING,2437,11866.200,00000000,0000,810;SOL_COMPUTED,NONE,0.000000000,0.000000000,0.000000000,0.0,0.000000000,0.000000000,"",0,0,0,0,0,00,0,0*1437c330
#HEADINGA,ICOM3,0,86.5,FINESTEERING,2437,11866.400,00000000,0000,810;SOL_COMPUTED,NONE,0.000000000,0.000000000,0.000000000,0.0,0.000000000,0.000000000,"",0,0,0,0,0,00,0,0*1025eeb8
#HEADINGA,ICOM3,0,86.5,FINESTEERING,2437,11866.600,00000000,0000,810;SOL_COMPUTED,NONE,0.000000000,0.000000000,0.000000000,0.0,0.000000000,0.000000000,"",0,0,0,0,0,00,0,0*a504f7ff
#HEADINGA,ICOM3,0,86.5,FINESTEERING,2437,11866.800,00000000,0000,810;SOL_COMPUTED,NONE,0.000000000,0.000000000,0.000000000,0.0,0.000000000,0.000000000,"",0,0,0,0,0,00,0,0*1801b5a8
#HEADINGA,ICOM3,0,86.5,FINESTEERING,2437,11867.000,00000000,0000,810;SOL_COMPUTED,NONE,0.000000000,0.000000000,0.000000000,0.0,0.000000000,0.000000000,"",0,0,0,0,0,00,0,0*2107bb46
#HEADINGA,ICOM3,0,86.5,FINESTEERING,2437,11867.200,00000000,0000,810;SOL_COMPUTED,NONE,0.000000000,0.000000000,0.000000000,0.0,0.000000000,0.000000000,"",0,0,0,0,0,00,0,0*9426a201
#HEADINGA,ICOM3,0,86.5,FINESTEERING,2437,11867.400,00000000,0000,810;SOL_COMPUTED,NONE,0.000000000,0.000000000,0.000000000,0.0,0.000000000,0.000000000,"",0,0,0,0,0,00,0,0*90348f89
#HEADINGA,ICOM3,0,86.5,FINESTEERING,2437,11867.600,00000000,0000,810;SOL_COMPUTED,NONE,0.000000000,0.000000000,0.000000000,0.0,0.000000000,0.000000000,"",0,0,0,0,0,00,0,0*251596ce
#HEADINGA,ICOM3,0,86.5,FINESTEERING,2437,11867.800,00000000,0000,810;SOL_COMPUTED,NONE,0.000000000,0.000000000,0.000000000,0.0,0.000000000,0.000000000,"",0,0,0,0,0,00,0,0*9810d499
#HEADINGA,ICOM3,0,86.5,FINESTEERING,2437,11868.000,00000000,0000,810;SOL_COMPUTED,NONE,0.000000000,0.000000000,0.000000000,0.0,0.000000000,0.000000000,"",0,0,0,0,0,00,0,0*cc3e8c5d
#HEADINGA,ICOM3,0,86.6,FINESTEERING,2437,11868.200,00000000,0000,810;SOL_COMPUTED,NONE,0.000000000,0.000000000,0.000000000,0.0,0.000000000,0.000000000,"",0,0,0,0,0,00,0,0*48e66d58
#HEADINGA,ICOM3,0,86.6,FINESTEERING,2437,11868.400,00000000,0000,810;SOL_COMPUTED,NONE,0.000000000,0.000000000,0.000000000,0.0,0.000000000,0.000000000,"",0,0,0,0,0,00,0,0*4cf440d0
#HEADINGA,ICOM3,0,86.6,FINESTEERING,2437,11868.600,00000000,0000,810;SOL_COMPUTED,NONE,0.000000000,0.000000000,0.000000000,0.0,0.000000000,0.000000000,"",0,0,0,0,0,00,0,0*f9d55997
#HEADINGA,ICOM3,0,86.6,FINESTEERING,2437,11868.800,00000000,0000,810;SOL_COMPUTED,NONE,0.000000000,0.000000000,0.000000000,0.0,0.000000000,0.000000000,"",0,0,0,0,0,00,0,0*44d01bc0
#HEADINGA,ICOM3,0,86.6,FINESTEERING,2437,11869.000,00000000,0000,810;SOL_COMPUTED,NONE,0.000000000,0.000000000,0.000000000,0.0,0.000000000,0.000000000,"",0,0,0,0,0,00,0,0*7dd6152e
#HEADINGA,ICOM3,0,85.9,FINESTEERING,2437,11869.200,00000000,0000,810;SOL_COMPUTED,NONE,0.000000000,0.000000000,0.000000000,0.0,0.000000000,0.000000000,"",0,0,0,0,0,00,0,0*4fc07373
#HEADINGA,ICOM3,0,85.9,FINESTEERING,2437,11869.400,00000000,0000,810;SOL_COMPUTED,NONE,0.000000000,0.000000000,0.000000000,0.0,0.000000000,0.000000000,"",0,0,0,0,0,00,0,0*4bd25efb
#HEADINGA,ICOM3,0,85.9,FINESTEERING,2437,11869.600,00000000,0000,810;SOL_COMPUTED,NONE,0.000000000,0.000000000,0.000000000,0.0,0.000000000,0.000000000,"",0,0,0,0,0,00,0,0*fef347bc
#HEADINGA,ICOM3,0,85.9,FINESTEERING,2437,11869.800,00000000,0000,810;SOL_COMPUTED,NONE,0.000000000,0.000000000,0.000000000,0.0,0.000000000,0.000000000,"",0,0,0,0,0,00,0,0*43f605eb
#HEADINGA,ICOM3,0,85.9,FINESTEERING,2437,11870.000,00000000,0000,810;SOL_COMPUTED,NONE,0.000000000,0.000000000,0.000000000,0.0,0.000000000,0.000000000,"",0,0,0,0,0,00,0,0*f0030650
#HEADINGA,ICOM3,0,86.1,FINESTEERING,2437,11870.200,00000000,0000,810;SOL_COMPUTED,NONE,0.000000000,0.000000000,0.000000000,0.0,0.000000000,0.000000000,"",0,0,0,0,0,00,0,0*b14e38b7
#HEADINGA,ICOM3,0,86.1,FINESTEERING,2437,11870.400,00000000,0000,810;SOL_COMPUTED,NONE,0.000000000,0.000000000,0.000000000,0.0,0.000000000,0.000000000,"",0,0,0,0,0,00,0,0*b55c153f
#HEADINGA,ICOM3,0,86.1,FINESTEERING,2437,11870.600,00000000,0000,810;SOL_COMPUTED,NONE,0.000000000,0.000000000,0.000000000,0.0,0.000000000,0.000000000,"",0,0,0,0,0,00,0,0*007d0c78
#HEADINGA,ICOM3,0,86.1,FINESTEERING,2437,11870.800,00000000,0000,810;SOL_COMPUTED,NONE,0.000000000,0.000000000,0.000000000,0.0,0.000000000,0.000000000,"",0,0,0,0,0,00,0,0*bd784e2f
#HEADINGA,ICOM3,0,86.1,FINESTEERING,2437,11871.000,00000000,0000,810;SOL_COMPUTED,NONE,0.000000000,0.000000000,0.000000000,0.0,0.000000000,0.000000000,"",0,0,0,0,0,00,0,0*847e40c1
#HEADINGA,ICOM3,0,86.7,FINESTEERING,2437,11871.200,00000000,0000,810;SOL_COMPUTED,NONE,0.000000000,0.000000000,0.000000000,0.0,0.000000000,0.000000000,"",0,0,0,0,0,00,0,0*52aca902
#HEADINGA,ICOM3,0,86.7,FINESTEERING,2437,11871.400,00000000,0000,810;SOL_COMPUTED,NONE,0.000000000,0.000000000,0.000000000,0.0,0.000000000,0.000000000,"",0,0,0,0,0,00,0,0*56be848a
#HEADINGA,ICOM3,0,86.7,FINESTEERING,2437,11871.600,00000000,0000,810;SOL_COMPUTED,NONE,0.000000000,0.000000000,0.000000000,0.0,0.000000000,0.000000000,"",0,0,0,0,0,00,0,0*e39f9dcd
#HEADINGA,ICOM3,0,86.7,FINESTEERING,2437,11871.800,00000000,0000,810;SOL_COMPUTED,NONE,0.000000000,0.000000000,0.000000000,0.0,0.000000000,0.000000000,"",0,0,0,0,0,00,0,0*5e9adf9a
#HEADINGA,ICOM3,0,86.7,FINESTEERING,2437,11872.000,00000000,0000,810;SOL_COMPUTED,NONE,0.000000000,0.000000000,0.000000000,0.0,0.000000000,0.000000000,"",0,0,0,0,0,00,0,0*bccf1557
#HEADINGA,ICOM3,0,86.7,FINESTEERING,2437,11872.200,00000000,0000,810;SOL_COMPUTED,NONE,0.000000000,0.000000000,0.000000000,0.0,0.000000000,0.000000000,"",0,0,0,0,0,00,0,0*09ee0c10
#HEADINGA,ICOM3,0,86.7,FINESTEERING,2437,11872.400,00000000,0000,810;SOL_COMPUTED,NONE,0.000000000,0.000000000,0.000000000,0.0,0.000000000,0.000000000,"",0,0,0,0,0,00,0,0*0dfc2198
#HEADINGA,ICOM3,0,86.7,FINESTEERING,2437,11872.600,00000000,0000,810;SOL_COMPUTED,NONE,0.000000000,0.000000000,0.000000000,0.0,0.000000000,0.000000000,"",0,0,0,0,0,00,0,0*b8dd38df
#HEADINGA,ICOM3,0,86.7,FINESTEERING,2437,11872.800,00000000,0000,810;SOL_COMPUTED,NONE,0.000000000,0.000000000,0.000000000,0.0,0.000000000,0.000000000,"",0,0,0,0,0,00,0,0*05d87a88
#HEADINGA,ICOM3,0,86.7,FINESTEERING,2437,11873.000,00000000,0000,810;SOL_COMPUTED,NONE,0.000000000,0.000000000,0.000000000,0.0,0.000000000,0.000000000,"",0,0,0,0,0,00,0,0*3cde7466
#HEADINGA,ICOM3,0,86.3,FINESTEERING,2437,11873.200,00000000,0000,810;SOL_COMPUTED,NONE,0.000000000,0.000000000,0.000000000,0.0,0.000000000,0.000000000,"",0,0,0,0,0,00,0,0*cb5dcdd9
#HEADINGA,ICOM3,0,86.3,FINESTEERING,2437,11873.400,00000000,0000,810;SOL_COMPUTED,NONE,0.000000000,0.000000000,0.000000000,0.0,0.000000000,0.000000000,"",0,0,0,0,0,00,0,0*cf4fe051
#HEADINGA,ICOM3,0,86.3,FINESTEERING,2437,11873.600,00000000,0000,810;SOL_COMPUTED,NONE,0.000000000,0.000000000,0.000000000,0.0,0.000000000,0.000000000,"",0,0,0,0,0,00,0,0*7a6ef916
#HEADINGA,ICOM3,0,86.3,FINESTEERING,2437,11873.800,00000000,0000,810;SOL_COMPUTED,NONE,0.000000000,0.000000000,0.000000000,0.0,0.000000000,0.000000000,"",0,0,0,0,0,00,0,0*c76bbb41
#HEADINGA,ICOM3,0,86.3,FINESTEERING,2437,11874.000,00000000,0000,810;SOL_COMPUTED,NONE,0.000000000,0.000000000,0.000000000,0.0,0.000000000,0.000000000,"",0,0,0,0,0,00,0,0*48e8ff8b
#HEADINGA,ICOM3,0,86.6,FINESTEERING,2437,11874.200,00000000,0000,810;SOL_COMPUTED,NONE,0.000000000,0.000000000,0.000000000,0.0,0.000000000,0.000000000,"",0,0,0,0,0,00,0,0*afc3ee0a
#HEADINGA,ICOM3,0,86.6,FINESTEERING,2437,11874.400,00000000,0000,810;SOL_COMPUTED,NONE,0.000000000,0.000000000,0.000000000,0.0,0.000000000,0.000000000,"",0,0,0,0,0,00,0,0*abd1c382
#HEADINGA,ICOM3,0,86.6,FINESTEERING,2437,11874.600,00000000,0000,810;SOL_COMPUTED,NONE,0.000000000,0.000000000,0.000000000,0.0,0.000000000,0.000000000,"",0,0,0,0,0,00,0,0*1ef0dac5
#HEADINGA,ICOM3,0,86.6,FINESTEERING,2437,11874.800,00000000,0000,810;SOL_COMPUTED,NONE,0.000000000,0.000000000,0.000000000,0.0,0.000000000,0.000000000,"",0,0,0,0,0,00,0,0*a3f59892
#HEADINGA,ICOM3,0,86.6,FINESTEERING,2437,11875.000,00000000,0000,810;SOL_COMPUTED,NONE,0.000000000,0.000000000,0.000000000,0.0,0.000000000,0.000000000,"",0,0,0,0,0,00,0,0*9af3967c
#HEADINGA,ICOM3,0,86.4,FINESTEERING,2437,11875.200,00000000,0000,810;SOL_COMPUTED,NONE,0.000000000,0.000000000,0.000000000,0.0,0.000000000,0.000000000,"",0,0,0,0,0,00,0,0*0e83df47
#HEADINGA,ICOM3,0,86.4,FINESTEERING,2437,11875.400,00000000,0000,810;SOL_COMPUTED,NONE,0.000000000,0.000000000,0.000000000,0.0,0.000000000,0.000000000,"",0,0,0,0,0,00,0,0*0a91f2cf
#HEADINGA,ICOM3,0,86.4,FINESTEERING,2437,11875.600,00000000,0000,810;SOL_COMPUTED,NONE,0.000000000,0.000000000,0.000000000,0.0,0.000000000,0.000000000,"",0,0,0,0,0,00,0,0*bfb0eb88
#HEADINGA,ICOM3,0,86.4,FINESTEERING,2437,11875.800,00000000,0000,810;SOL_COMPUTED,NONE,0.000000000,0.000000000,0.000000000,0.0,0.000000000,0.000000000,"",0,0,0,0,0,00,0,0*02b5a9df
#HEADINGA,ICOM3,0,86.4,FINESTEERING,2437,11876.000,00000000,0000,810;SOL_COMPUTED,NONE,0.000000000,0.000000000,0.000000000,0.0,0.000000000,0.000000000,"",0,0,0,0,0,00,0,0*e0e06312
#HEADINGA,ICOM3,0,87.3,FINESTEERING,2437,11876.200,00000000,0000,810;SOL_COMPUTED,NONE,0.000000000,0.000000000,0.000000000,0.0,0.000000000,0.000000000,"",0,0,0,0,0,00,0,0*bf5202e0
#HEADINGA,ICOM3,0,87.3,FINESTEERING,2437,11876.400,00000000,0000,810;SOL_COMPUTED,NONE,0.000000000,0.000000000,0.000000000,0.0,0.000000000,0.000000000,"",0,0,0,0,0,00,0,0*bb402f68
#HEADINGA,ICOM3,0,87.3,FINESTEERING,2437,11876.600,00000000,0000,810;SOL_COMPUTED,NONE,0.000000000,0.000000000,0.000000000,0.0,0.000000000,0.000000000,"",0,0,0,0,0,00,0,0*0e61362f
#HEADINGA,ICOM3,0,87.3,FINESTEERING,2437,11876.800,00000000,0000,810;SOL_COMPUTED,NONE,0.000000000,0.000000000,0.000000000,0.0,0.000000000,0.000000000,"",0,0,0,0,0,00,0,0*b3647478
#HEADINGA,ICOM3,0,87.3,FINESTEERING,2437,11877.000,00000000,0000,810;SOL_COMPUTED,NONE,0.000000000,0.000000000,0.000000000,0.0,0.000000000,0.000000000,"",0,0,0,0,0,00,0,0*8a627a96
#HEADINGA,ICOM3,0,86.7,FINESTEERING,2437,11877.200,00000000,0000,810;SOL_COMPUTED,NONE,0.000000000,0.000000000,0.000000000,0.0,0.000000000,0.000000000,"",0,0,0,0,0,00,0,0*e429e326
#HEADINGA,ICOM3,0,86.7,FINESTEERING,2437,11877.400,00000000,0000,810;SOL_COMPUTED,NONE,0.000000000,0.000000000,0.000000000,0.0,0.000000000,0.000000000,"",0,0,0,0,0,00,0,0*e03bceae
#HEADINGA,ICOM3,0,86.7,FINESTEERING,2437,11877.600,00000000,0000,810;SOL_COMPUTED,NONE,0.000000000,0.000000000,0.000000000,0.0,0.000000000,0.000000000,"",0,0,0,0,0,00,0,0*551ad7e9
#HEADINGA,ICOM3,0,86.7,FINESTEERING,2437,11877.800,00000000,0000,810;SOL_COMPUTED,NONE,0.000000000,0.000000000,0.000000000,0.0,0.000000000,0.000000000,"",0,0,0,0,0,00,0,0*e81f95be
#HEADINGA,ICOM3,0,86.7,FINESTEERING,2437,11878.000,00000000,0000,810;SOL_COMPUTED,NONE,0.000000000,0.000000000,0.000000000,0.0,0.000000000,0.000000000,"",0,0,0,0,0,00,0,0*bc31cd7a
#HEADINGA,ICOM3,0,86.7,FINESTEERING,2437,11878.200,00000000,0000,810;SOL_COMPUTED,NONE,0.000000000,0.000000000,0.000000000,0.0,0.000000000,0.000000000,"",0,0,0,0,0,00,0,0*0910d43d
#HEADINGA,ICOM3,0,86.7,FINESTEERING,2437,11878.400,00000000,0000,810;SOL_COMPUTED,NONE,0.000000000,0.000000000,0.000000000,0.0,0.000000000,0.000000000,"",0,0,0,0,0,00,0,0*0d02f9b5
#HEADINGA,ICOM3,0,86.7,FINESTEERING,2437,11878.600,00000000,0000,810;SOL_COMPUTED,NONE,0.000000000,0.000000000,0.000000000,0.0,0.000000000,0.000000000,"",0,0,0,0,0,00,0,0*b823e0f2
#HEADINGA,ICOM3,0,86.7,FINESTEERING,2437,11878.800,00000000,0000,810;SOL_COMPUTED,NONE,0.000000000,0.000000000,0.000000000,0.0,0.000000000,0.000000000,"",0,0,0,0,0,00,0,0*0526a2a5
#HEADINGA,ICOM3,0,86.7,FINESTEERING,2437,11879.000,00000000,0000,810;SOL_COMPUTED,NONE,0.000000000,0.000000000,0.000000000,0.0,0.000000000,0.000000000,"",0,0,0,0,0,00,0,0*3c20ac4b
#HEADINGA,ICOM3,0,86.4,FINESTEERING,2437,11879.200,00000000,0000,810;SOL_COMPUTED,NONE,0.000000000,0.000000000,0.000000000,0.0,0.000000000,0.000000000,"",0,0,0,0,0,00,0,0*b8f84d4e
#HEADINGA,ICOM3,0,86.4,FINESTEERING,2437,11879.400,00000000,0000,810;SOL_COMPUTED,NONE,0.000000000,0.000000000,0.000000000,0.0,0.000000000,0.000000000,"",0,0,0,0,0,00,0,0*bcea60c6
#HEADINGA,ICOM3,0,86.4,FINESTEERING,2437,11879.600,00000000,0000,810;SOL_COMPUTED,NONE,0.000000000,0.000000000,0.000000000,0.0,0.000000000,0.000000000,"",0,0,0,0,0,00,0,0*09cb7981
#HEADINGA,ICOM3,0,86.4,FINESTEERING,2437,11879.800,00000000,0000,810;SOL_COMPUTED,NONE,0.000000000,0.000000000,0.000000000,0.0,0.000000000,0.000000000,"",0,0,0,0,0,00,0,0*b4ce3bd6
#HEADINGA,ICOM3,0,86.4,FINESTEERING,2437,11880.000,00000000,0000,810;SOL_COMPUTED,NONE,0.000000000,0.000000000,0.000000000,0.0,0.000000000,0.000000000,"",0,0,0,0,0,00,0,0*dcedd9ed
#HEADINGA,ICOM3,0,87.1,FINESTEERING,2437,11880.200,00000000,0000,810;SOL_COMPUTED,NONE,0.000000000,0.000000000,0.000000000,0.0,0.000000000,0.000000000,"",0,0,0,0,0,00,0,0*a20ee863
#HEADINGA,ICOM3,0,87.1,FINESTEERING,2437,11880.400,00000000,0000,810;SOL_COMPUTED,NONE,0.000000000,0.000000000,0.000000000,0.0,0.000000000,0.000000000,"",0,0,0,0,0,00,0,0*a61cc5eb
#HEADINGA,ICOM3,0,87.1,FINESTEERING,2437,11880.600,00000000,0000,810;SOL_COMPUTED,NONE,0.000000000,0.000000000,0.000000000,0.0,0.000000000,0.000000000,"",0,0,0,0,0,00,0,0*133ddcac
#HEADINGA,ICOM3,0,87.1,FINESTEERING,2437,11880.800,00000000,0000,810;SOL_COMPUTED,NONE,0.000000000,0.000000000,0.000000000,0.0,0.000000000,0.000000000,"",0,0,0,0,0,00,0,0*ae389efb
#HEADINGA,ICOM3,0,87.1,FINESTEERING,2437,11881.000,00000000,0000,810;SOL_COMPUTED,NONE,0.000000000,0.000000000,0.000000000,0.0,0.000000000,0.000000000,"",0,0,0,0,0,00,0,0*973e9015
#HEADINGA,ICOM3,0,86.5,FINESTEERING,2437,11881.200,00000000,0000,810;SOL_COMPUTED,NONE,0.000000000,0.000000000,0.000000000,0.0,0.000000000,0.000000000,"",0,0,0,0,0,00,0,0*f97509a5
#HEADINGA,ICOM3,0,86.5,FINESTEERING,2437,11881.400,00000000,0000,810;SOL_COMPUTED,NONE,0.000000000,0.000000000,0.000000000,0.0,0.000000000,0.000000000,"",0,0,0,0,0,00,0,0*fd67242d
#HEADINGA,ICOM3,0,86.5,FINESTEERING,2437,11881.600,00000000,0000,810;SOL_COMPUTED,NONE,0.000000000,0.000000000,0.000000000,0.0,0.000000000,0.000000000,"",0,0,0,0,0,00,0,0*48463d6a
#HEADINGA,ICOM3,0,86.5,FINESTEERING,2437,11881.800,00000000,0000,810;SOL_COMPUTED,NONE,0.000000000,0.000000000,0.000000000,0.0,0.000000000,0.000000000,"",0,0,0,0,0,00,0,0*f5437f3d
#HEADINGA,ICOM3,0,86.5,FINESTEERING,2437,11882.000,00000000,0000,810;SOL_COMPUTED,NONE,0.000000000,0.000000000,0.000000000,0.0,0.000000000,0.000000000,"",0,0,0,0,0,00,0,0*1716b5f0
#HEADINGA,ICOM3,0,86.1,FINESTEERING,2437,11882.200,00000000,0000,810;SOL_COMPUTED,NONE,0.000000000,0.000000000,0.000000000,0.0,0.000000000,0.000000000,"",0,0,0,0,0,00,0,0*e0950c4f
#HEADINGA,ICOM3,0,86.1,FINESTEERING,2437,11882.400,00000000,0000,810;SOL_COMPUTED,NONE,0.000000000,0.000000000,0.000000000,0.0,0.000000000,0.000000000,"",0,0,0,0,0,00,0,0*e48721c7
#HEADINGA,ICOM3,0,86.1,FINESTEERING,2437,11882.600,00000000,0000,810;SOL_COMPUTED,NONE,0.000000000,0.000000000,0.000000000,0.0,0.000000000,0.000000000,"",0,0,0,0,0,00,0,0*51a63880
#HEADINGA,ICOM3,0,86.1,FINESTEERING,2437,11882.800,00000000,0000,810;SOL_COMPUTED,NONE,0.000000000,0.000000000,0.000000000,0.0,0.000000000,0.000000000,"",0,0,0,0,0,00,0,0*eca37ad7
#HEADINGA,ICOM3,0,86.1,FINESTEERING,2437,11883.000,00000000,0000,810;SOL_COMPUTED,NONE,0.000000000,0.000000000,0.000000000,0.0,0.000000000,0.000000000,"",0,0,0,0,0,00,0,0*d5a57439
#HEADINGA,ICOM3,0,86.0,FINESTEERING,2437,11883.200,00000000,0000,810;SOL_COMPUTED,NONE,0.000000000,0.000000000,0.000000000,0.0,0.000000000,0.000000000,"",0,0,0,0,0,00,0,0*702cc540
#HEADINGA,ICOM3,0,86.0,FINESTEERING,2437,11883.400,00000000,0000,810;SOL_COMPUTED,NONE,0.000000000,0.000000000,0.000000000,0.0,0.000000000,0.000000000,"",0,0,0,0,0,00,0,0*743ee8c8
#HEADINGA,ICOM3,0,86.0,FINESTEERING,2437,11883.600,00000000,0000,810;SOL_COMPUTED,NONE,0.000000000,0.000000000,0.000000000,0.0,0.000000000,0.000000000,"",0,0,0,0,0,00,0,0*c11ff18f
#HEADINGA,ICOM3,0,86.0,FINESTEERING,2437,11883.800,00000000,0000,810;SOL_COMPUTED,NONE,0.000000000,0.000000000,0.000000000,0.0,0.000000000,0.000000000,"",0,0,0,0,0,00,0,0*7c1ab3d8
#HEADINGA,ICOM3,0,86.0,FINESTEERING,2437,11884.000,00000000,0000,810;SOL_COMPUTED,NONE,0.000000000,0.000000000,0.000000000,0.0,0.000000000,0.000000000,"",0,0,0,0,0,00,0,0*f399f712
#HEADINGA,ICOM3,0,86.4,FINESTEERING,2437,11884.200,00000000,0000,810;SOL_COMPUTED,NONE,0.000000000,0.000000000,0.000000000,0.0,0.000000000,0.000000000,"",0,0,0,0,0,00,0,0*041a4ead
#HEADINGA,ICOM3,0,86.4,FINESTEERING,2437,11884.400,00000000,0000,810;SOL_COMPUTED,NONE,0.000000000,0.000000000,0.000000000,0.0,0.000000000,0.000000000,"",0,0,0,0,0,00,0,0*00086325
#HEADINGA,ICOM3,0,86.4,FINESTEERING,2437,11884.600,00000000,0000,810;SOL_COMPUTED,NONE,0.000000000,0.000000000,0.000000000,0.0,0.000000000,0.000000000,"",0,0,0,0,0,00,0,0*b5297a62
#HEADINGA,ICOM3,0,86.4,FINESTEERING,2437,11884.800,00000000,0000,810;SOL_COMPUTED,NONE,0.000000000,0.000000000,0.000000000,0.0,0.000000000,0.000000000,"",0,0,0,0,0,00,0,0*082c3835
#HEADINGA,ICOM3,0,86.4,FINESTEERING,2437,11885.000,00000000,0000,810;SOL_COMPUTED,NONE,0.000000000,0.000000000,0.000000000,0.0,0.000000000,0.000000000,"",0,0,0,0,0,00,0,0*312a36db
#HEADINGA,ICOM3,0,86.1,FINESTEERING,2437,11885.200,00000000,0000,810;SOL_COMPUTED,NONE,0.000000000,0.000000000,0.000000000,0.0,0.000000000,0.000000000,"",0,0,0,0,0,00,0,0*d601275a
#HEADINGA,ICOM3,0,86.1,FINESTEERING,2437,11885.400,00000000,0000,810;SOL_COMPUTED,NONE,0.000000000,0.000000000,0.000000000,0.0,0.000000000,0.000000000,"",0,0,0,0,0,00,0,0*d2130ad2
#HEADINGA,ICOM3,0,86.1,FINESTEERING,2437,11885.600,00000000,0000,810;SOL_COMPUTED,NONE,0.000000000,0.000000000,0.000000000,0.0,0.000000000,0.000000000,"",0,0,0,0,0,00,0,0*67321395
#HEADINGA,ICOM3,0,86.1,FINESTEERING,2437,11885.800,00000000,0000,810;SOL_COMPUTED,NONE,0.000000000,0.000000000,0.000000000,0.0,0.000000000,0.000000000,"",0,0,0,0,0,00,0,0*da3751c2
#HEADINGA,ICOM3,0,86.1,FINESTEERING,2437,11886.000,00000000,0000,810;SOL_COMPUTED,NONE,0.000000000,0.000000000,0.000000000,0.0,0.000000000,0.000000000,"",0,0,0,0,0,00,0,0*38629b0f
#HEADINGA,ICOM3,0,86.5,FINESTEERING,2437,11886.200,00000000,0000,810;SOL_COMPUTED,NONE,0.000000000,0.000000000,0.000000000,0.0,0.000000000,0.000000000,"",0,0,0,0,0,00,0,0*cfe122b0
#HEADINGA,ICOM3,0,86.5,FINESTEERING,2437,11886.400,00000000,0000,810;SOL_COMPUTED,NONE,0.000000000,0.000000000,0.000000000,0.0,0.000000000,0.000000000,"",0,0,0,0,0,00,0,0*cbf30f38
#HEADINGA,ICOM3,0,86.5,FINESTEERING,2437,11886.600,00000000,0000,810;SOL_COMPUTED,NONE,0.000000000,0.000000000,0.000000000,0.0,0.000000000,0.000000000,"",0,0,0,0,0,00,0,0*7ed2167f
#HEADINGA,ICOM3,0,86.5,FINESTEERING,2437,11886.800,00000000,0000,810;SOL_COMPUTED,NONE,0.000000000,0.000000000,0.000000000,0.0,0.000000000,0.000000000,"",0,0,0,0,0,00,0,0*c3d75428
#HEADINGA,ICOM3,0,86.5,FINESTEERING,2437,11887.000,00000000,0000,810;SOL_COMPUTED,NONE,0.000000000,0.000000000,0.000000000,0.0,0.000000000,0.000000000,"",0,0,0,0,0,00,0,0*fad15ac6
#HEADINGA,ICOM3,0,86.5,FINESTEERING,2437,11887.200,00000000,0000,810;SOL_COMPUTED,NONE,0.000000000,0.000000000,0.000000000,0.0,0.000000000,0.000000000,"",0,0,0,0,0,00,0,0*4ff04381
#HEADINGA,ICOM3,0,86.5,FINESTEERING,2437,11887.400,00000000,0000,810;SOL_COMPUTED,NONE,0.000000000,0.000000000,0.000000000,0.0,0.000000000,0.000000000,"",0,0,0,0,0,00,0,0*4be26e09
#HEADINGA,ICOM3,0,86.5,FINESTEERING,2437,11887.600,00000000,0000,810;SOL_COMPUTED,NONE,0.000000000,0.000000000,0.000000000,0.0,0.000000000,0.000000000,"",0,0,0,0,0,00,0,0*fec3774e
#HEADINGA,ICOM3,0,86.5,FINESTEERING,2437,11887.800,00000000,0000,810;SOL_COMPUTED,NONE,0.000000000,0.000000000,0.000000000,0.0,0.000000000,0.000000000,"",0,0,0,0,0,00,0,0*43c63519
#HEADINGA,ICOM3,0,86.5,FINESTEERING,2437,11888.000,00000000,0000,810;SOL_COMPUTED,NONE,0.000000000,0.000000000,0.000000000,0.0,0.000000000,0.000000000,"",0,0,0,0,0,00,0,0*17e86ddd
#HEADINGA,ICOM3,0,86.5,FINESTEERING,2437,11888.200,00000000,0000,810;SOL_COMPUTED,NONE,0.000000000,0.000000000,0.000000000,0.0,0.000000000,0.000000000,"",0,0,0,0,0,00,0,0*a2c9749a
#HEADINGA,ICOM3,0,86.5,FINESTEERING,2437,11888.400,00000000,0000,810;SOL_COMPUTED,NONE,0.000000000,0.000000000,0.000000000,0.0,0.000000000,0.000000000,"",0,0,0,0,0,00,0,0*a6db5912
#HEADINGA,ICOM3,0,86.5,FINESTEERING,2437,11888.600,00000000,0000,810;SOL_COMPUTED,NONE,0.000000000,0.000000000,0.000000000,0.0,0.000000000,0.000000000,"",0,0,0,0,0,00,0,0*13fa4055
#HEADINGA,ICOM3,0,86.5,FINESTEERING,2437,11888.800,00000000,0000,810;SOL_COMPUTED,NONE,0.000000000,0.000000000,0.000000000,0.0,0.000000000,0.000000000,"",0,0,0,0,0,00,0,0*aeff0202
#HEADINGA,ICOM3,0,86.5,FINESTEERING,2437,11889.000,00000000,0000,810;SOL_COMPUTED,NONE,0.000000000,0.000000000,0.000000000,0.0,0.000000000,0.000000000,"",0,0,0,0,0,00,0,0*97f90cec
#HEADINGA,ICOM3,0,86.6,FINESTEERING,2437,11889.200,00000000,0000,810;SOL_COMPUTED,NONE,0.000000000,0.000000000,0.000000000,0.0,0.000000000,0.000000000,"",0,0,0,0,0,00,0,0*1321ede9
#HEADINGA,ICOM3,0,86.6,FINESTEERING,2437,11889.400,00000000,0000,810;SOL_COMPUTED,NONE,0.000000000,0.000000000,0.000000000,0.0,0.000000000,0.000000000,"",0,0,0,0,0,00,0,0*1733c061
#HEADINGA,ICOM3,0,86.6,FINESTEERING,2437,11889.600,00000000,0000,810;SOL_COMPUTED,NONE,0.000000000,0.000000000,0.000000000,0.0,0.000000000,0.000000000,"",0,0,0,0,0,00,0,0*a212d926
#HEADINGA,ICOM3,0,86.6,FINESTEERING,2437,11889.800,00000000,0000,810;SOL_COMPUTED,NONE,0.000000000,0.000000000,0.000000000,0.0,0.000000000,0.000000000,"",0,0,0,0,0,00,0,0*1f179b71
#HEADINGA,ICOM3,0,86.6,FINESTEERING,2437,11890.000,00000000,0000,810;SOL_COMPUTED,NONE,0.000000000,0.000000000,0.000000000,0.0,0.000000000,0.000000000,"",0,0,0,0,0,00,0,0*ace298ca
#HEADINGA,ICOM3,0,86.6,FINESTEERING,2437,11890.200,00000000,0000,810;SOL_COMPUTED,NONE,0.000000000,0.000000000,0.000000000,0.0,0.000000000,0.000000000,"",0,0,0,0,0,00,0,0*19c3818d
#HEADINGA,ICOM3,0,86.6,FINESTEERING,2437,11890.400,00000000,0000,810;SOL_COMPUTED,NONE,0.000000000,0.000000000,0.000000000,0.0,0.000000000,0.000000000,"",0,0,0,0,0,00,0,0*1dd1ac05
#HEADINGA,ICOM3,0,86.6,FINESTEERING,2437,11890.600,00000000,0000,810;SOL_COMPUTED,NONE,0.000000000,0.000000000,0.000000000,0.0,0.000000000,0.000000000,"",0,0,0,0,0,00,0,0*a8f0b542
#HEADINGA,ICOM3,0,86.6,FINESTEERING,2437,11890.800,00000000,0000,810;SOL_COMPUTED,NONE,0.000000000,0.000000000,0.000000000,0.0,0.000000000,0.000000000,"",0,0,0,0,0,00,0,0*15f5f715
#HEADINGA,ICOM3,0,86.6,FINESTEERING,2437,11891.000,00000000,0000,810;SOL_COMPUTED,NONE,0.000000000,0.000000000,0.000000000,0.0,0.000000000,0.000000000,"",0,0,0,0,0,00,0,0*2cf3f9fb
#HEADINGA,ICOM3,0,86.3,FINESTEERING,2437,11891.200,00000000,0000,810;SOL_COMPUTED,NONE,0.000000000,0.000000000,0.000000000,0.0,0.000000000,0.000000000,"",0,0,0,0,0,00,0,0*cbd8e87a
#HEADINGA,ICOM3,0,86.3,FINESTEERING,2437,11891.400,00000000,0000,810;SOL_COMPUTED,NONE,0.000000000,0.000000000,0.000000000,0.0,0.000000000,0.000000000,"",0,0,0,0,0,00,0,0*cfcac5f2
#HEADINGA,ICOM3,0,86.3,FINESTEERING,2437,11891.600,00000000,0000,810;SOL_COMPUTED,NONE,0.000000000,0.000000000,0.000000000,0.0,0.000000000,0.000000000,"",0,0,0,0,0,00,0,0*7aebdcb5
#HEADINGA,ICOM3,0,86.3,FINESTEERING,2437,11891.800,00000000,0000,810;SOL_COMPUTED,NONE,0.000000000,0.000000000,0.000000000,0.0,0.000000000,0.000000000,"",0,0,0,0,0,00,0,0*c7ee9ee2
#HEADINGA,ICOM3,0,86.3,FINESTEERING,2437,11892.000,00000000,0000,810;SOL_COMPUTED,NONE,0.000000000,0.000000000,0.000000000,0.0,0.000000000,0.000000000,"",0,0,0,0,0,00,0,0*25bb542f
#HEADINGA,ICOM3,0,86.5,FINESTEERING,2437,11892.200,00000000,0000,810;SOL_COMPUTED,NONE,0.000000000,0.000000000,0.000000000,0.0,0.000000000,0.000000000,"",0,0,0,0,0,00,0,0*f369bdec
#HEADINGA,ICOM3,0,86.5,FINESTEERING,2437,11892.400,00000000,0000,810;SOL_COMPUTED,NONE,0.000000000,0.000000000,0.000000000,0.0,0.000000000,0.000000000,"",0,0,0,0,0,00,0,0*f77b9064
#HEADINGA,ICOM3,0,86.5,FINESTEERING,2437,11892.600,00000000,0000,810;SOL_COMPUTED,NONE,0.000000000,0.000000000,0.000000000,0.0,0.000000000,0.000000000,"",0,0,0,0,0,00,0,0*425a8923
#HEADINGA,ICOM3,0,86.5,FINESTEERING,2437,11892.800,00000000,0000,810;SOL_COMPUTED,NONE,0.000000000,0.000000000,0.000000000,0.0,0.000000000,0.000000000,"",0,0,0,0,0,00,0,0*ff5fcb74
#HEADINGA,ICOM3,0,86.5,FINESTEERING,2437,11893.000,00000000,0000,810;SOL_COMPUTED,NONE,0.000000000,0.000000000,0.000000000,0.0,0.000000000,0.000000000,"",0,0,0,0,0,00,0,0*c659c59a
#HEADINGA,ICOM3,0,86.5,FINESTEERING,2437,11893.200,00000000,0000,810;SOL_COMPUTED,NONE,0.000000000,0.000000000,0.000000000,0.0,0.000000000,0.000000000,"",0,0,0,0,0,00,0,0*7378dcdd
#HEADINGA,ICOM3,0,86.5,FINESTEERING,2437,11893.400,00000000,0000,810;SOL_COMPUTED,NONE,0.000000000,0.000000000,0.000000000,0.0,0.000000000,0.000000000,"",0,0,0,0,0,00,0,0*776af155
#HEADINGA,ICOM3,0,86.5,FINESTEERING,2437,11893.600,00000000,0000,810;SOL_COMPUTED,NONE,0.000000000,0.000000000,0.000000000,0.0,0.000000000,0.000000000,"",0,0,0,0,0,00,0,0*c24be812
#HEADINGA,ICOM3,0,86.5,FINESTEERING,2437,11893.800,00000000,0000,810;SOL_COMPUTED,NONE,0.000000000,0.000000000,0.000000000,0.0,0.000000000,0.000000000,"",0,0,0,0,0,00,0,0*7f4eaa45
#HEADINGA,ICOM3,0,86.5,FINESTEERING,2437,11894.000,00000000,0000,810;SOL_COMPUTED,NONE,0.000000000,0.000000000,0.000000000,0.0,0.000000000,0.000000000,"",0,0,0,0,0,00,0,0*f0cdee8f
#HEADINGA,ICOM3,0,86.5,FINESTEERING,2437,11894.200,00000000,0000,810;SOL_COMPUTED,NONE,0.000000000,0.000000000,0.000000000,0.0,0.000000000,0.000000000,"",0,0,0,0,0,00,0,0*45ecf7c8
#HEADINGA,ICOM3,0,86.5,FINESTEERING,2437,11894.400,00000000,0000,810;SOL_COMPUTED,NONE,0.000000000,0.000000000,0.000000000,0.0,0.000000000,0.000000000,"",0,0,0,0,0,00,0,0*41feda40
#HEADINGA,ICOM3,0,86.5,FINESTEERING,2437,11894.600,00000000,0000,810;SOL_COMPUTED,NONE,0.000000000,0.000000000,0.000000000,0.0,0.000000000,0.000000000,"",0,0,0,0,0,00,0,0*f4dfc307
#HEADINGA,ICOM3,0,86.5,FINESTEERING,2437,11894.800,00000000,0000,810;SOL_COMPUTED,NONE,0.000000000,0.000000000,0.000000000,0.0,0.000000000,0.000000000,"",0,0,0,0,0,00,0,0*49da8150
#HEADINGA,ICOM3,0,86.5,FINESTEERING,2437,11895.000,00000000,0000,810;SOL_COMPUTED,NONE,0.000000000,0.000000000,0.000000000,0.0,0.000000000,0.000000000,"",0,0,0,0,0,00,0,0*70dc8fbe
#HEADINGA,ICOM3,0,86.6,FINESTEERING,2437,11895.200,00000000,0000,810;SOL_COMPUTED,NONE,0.000000000,0.000000000,0.000000000,0.0,0.000000000,0.000000000,"",0,0,0,0,0,00,0,0*f4046ebb
#HEADINGA,ICOM3,0,86.6,FINESTEERING,2437,11895.400,00000000,0000,810;SOL_COMPUTED,NONE,0.000000000,0.000000000,0.000000000,0.0,0.000000000,0.000000000,"",0,0,0,0,0,00,0,0*f0164333
#HEADINGA,ICOM3,0,86.6,FINESTEERING,2437,11895.600,00000000,0000,810;SOL_COMPUTED,NONE,0.000000000,0.000000000,0.000000000,0.0,0.000000000,0.000000000,"",0,0,0,0,0,00,0,0*45375a74
#HEADINGA,ICOM3,0,86.6,FINESTEERING,2437,11895.800,00000000,0000,810;SOL_COMPUTED,NONE,0.000000000,0.000000000,0.000000000,0.0,0.000000000,0.000000000,"",0,0,0,0,0,00,0,0*f8321823
#HEADINGA,ICOM3,0,86.6,FINESTEERING,2437,11896.000,00000000,0000,810;SOL_COMPUTED,NONE,0.000000000,0.000000000,0.000000000,0.0,0.000000000,0.000000000,"",0,0,0,0,0,00,0,0*1a67d2ee
#HEADINGA,ICOM3,0,86.3,FINESTEERING,2437,11896.200,00000000,0000,810;SOL_COMPUTED,NONE,0.000000000,0.000000000,0.000000000,0.0,0.000000000,0.000000000,"",0,0,0,0,0,00,0,0*fd4cc36f
#HEADINGA,ICOM3,0,86.3,FINESTEERING,2437,11896.400,00000000,0000,810;SOL_COMPUTED,NONE,0.000000000,0.000000000,0.000000000,0.0,0.000000000,0.000000000,"",0,0,0,0,0,00,0,0*f95eeee7
#HEADINGA,ICOM3,0,86.3,FINESTEERING,2437,11896.600,00000000,0000,810;SOL_COMPUTED,NONE,0.000000000,0.000000000,0.000000000,0.0,0.000000000,0.000000000,"",0,0,0,0,0,00,0,0*4c7ff7a0
#HEADINGA,ICOM3,0,86.3,FINESTEERING,2437,11896.800,00000000,0000,810;SOL_COMPUTED,NONE,0.000000000,0.000000000,0.000000000,0.0,0.000000000,0.000000000,"",0,0,0,0,0,00,0,0*f17ab5f7
#HEADINGA,ICOM3,0,86.3,FINESTEERING,2437,11897.000,00000000,0000,810;SOL_COMPUTED,NONE,0.000000000,0.000000000,0.000000000,0.0,0.000000000,0.000000000,"",0,0,0,0,0,00,0,0*c87cbb19
#HEADINGA,ICOM3,0,86.4,FINESTEERING,2437,11897.200,00000000,0000,810;SOL_COMPUTED,NONE,0.000000000,0.000000000,0.000000000,0.0,0.000000000,0.000000000,"",0,0,0,0,0,00,0,0*0e06fae4
#HEADINGA,ICOM3,0,86.4,FINESTEERING,2437,11897.400,00000000,0000,810;SOL_COMPUTED,NONE,0.000000000,0.000000000,0.000000000,0.0,0.000000000,0.000000000,"",0,0,0,0,0,00,0,0*0a14d76c
#HEADINGA,ICOM3,0,86.4,FINESTEERING,2437,11897.600,00000000,0000,810;SOL_COMPUTED,NONE,0.000000000,0.000000000,0.000000000,0.0,0.000000000,0.000000000,"",0,0,0,0,0,00,0,0*bf35ce2b
#HEADINGA,ICOM3,0,86.4,FINESTEERING,2437,11897.800,00000000,0000,810;SOL_COMPUTED,NONE,0.000000000,0.000000000,0.000000000,0.0,0.000000000,0.000000000,"",0,0,0,0,0,00,0,0*02308c7c
#HEADINGA,ICOM3,0,86.4,FINESTEERING,2437,11898.000,00000000,0000,810;SOL_COMPUTED,NONE,0.000000000,0.000000000,0.000000000,0.0,0.000000000,0.000000000,"",0,0,0,0,0,00,0,0*561ed4b8
#HEADINGA,ICOM3,0,86.5,FINESTEERING,2437,11898.200,00000000,0000,810;SOL_COMPUTED,NONE,0.000000000,0.000000000,0.000000000,0.0,0.000000000,0.000000000,"",0,0,0,0,0,00,0,0*f39765c1
#HEADINGA,ICOM3,0,86.5,FINESTEERING,2437,11898.400,00000000,0000,810;SOL_COMPUTED,NONE,0.000000000,0.000000000,0.000000000,0.0,0.000000000,0.000000000,"",0,0,0,0,0,00,0,0*f7854849
#HEADINGA,ICOM3,0,86.5,FINESTEERING,2437,11898.600,00000000,0000,810;SOL_COMPUTED,NONE,0.000000000,0.000000000,0.000000000,0.0,0.000000000,0.000000000,"",0,0,0,0,0,00,0,0*42a4510e
#HEADINGA,ICOM3,0,86.5,FINESTEERING,2437,11898.800,00000000,0000,810;SOL_COMPUTED,NONE,0.000000000,0.000000000,0.000000000,0.0,0.000000000,0.000000000,"",0,0,0,0,0,00,0,0*ffa11359
#HEADINGA,ICOM3,0,86.5,FINESTEERING,2437,11899.000,00000000,0000,810;SOL_COMPUTED,NONE,0.000000000,0.000000000,0.000000000,0.0,0.000000000,0.000000000,"",0,0,0,0,0,00,0,0*c6a71db7
#HEADINGA,ICOM3,0,86.8,FINESTEERING,2437,11899.200,00000000,0000,810;SOL_COMPUTED,NONE,0.000000000,0.000000000,0.000000000,0.0,0.000000000,0.000000000,"",0,0,0,0,0,00,0,0*a4c94dc6
#HEADINGA,ICOM3,0,86.8,FINESTEERING,2437,11899.400,00000000,0000,810;SOL_COMPUTED,NONE,0.000000000,0.000000000,0.000000000,0.0,0.000000000,0.000000000,"",0,0,0,0,0,00,0,0*a0db604e
#HEADINGA,ICOM3,0,86.8,FINESTEERING,2437,11899.600,00000000,0000,810;SOL_COMPUTED,NONE,0.000000000,0.000000000,0.000000000,0.0,0.000000000,0.000000000,"",0,0,0,0,0,00,0,0*15fa7909
#HEADINGA,ICOM3,0,86.8,FINESTEERING,2437,11899.800,00000000,0000,810;SOL_COMPUTED,NONE,0.000000000,0.000000000,0.000000000,0.0,0.000000000,0.000000000,"",0,0,0,0,0,00,0,0*a8ff3b5e
#HEADINGA,ICOM3,0,86.8,FINESTEERING,2437,11900.000,00000000,0000,810;SOL_COMPUTED,NONE,0.000000000,0.000000000,0.000000000,0.0,0.000000000,0.000000000,"",0,0,0,0,0,00,0,0*00816e93
#HEADINGA,ICOM3,0,86.5,FINESTEERING,2437,11900.200,00000000,0000,810;SOL_COMPUTED,NONE,0.000000000,0.000000000,0.000000000,0.0,0.000000000,0.000000000,"",0,0,0,0,0,00,0,0*62ef3ee2
#HEADINGA,ICOM3,0,86.5,FINESTEERING,2437,11900.400,00000000,0000,810;SOL_COMPUTED,NONE,0.000000000,0.000000000,0.000000000,0.0,0.000000000,0.000000000,"",0,0,0,0,0,00,0,0*66fd136a
#HEADINGA,ICOM3,0,86.5,FINESTEERING,2437,11900.600,00000000,0000,810;SOL_COMPUTED,NONE,0.000000000,0.000000000,0.000000000,0.0,0.000000000,0.000000000,"",0,0,0,0,0,00,0,0*d3dc0a2d
#HEADINGA,ICOM3,0,86.5,FINESTEERING,2437,11900.800,00000000,0000,810;SOL_COMPUTED,NONE,0.000000000,0.000000000,0.000000000,0.0,0.000000000,0.000000000,"",0,0,0,0,0,00,0,0*6ed9487a
#HEADINGA,ICOM3,0,86.5,FINESTEERING,2437,11901.000,00000000,0000,810;SOL_COMPUTED,NONE,0.000000000,0.000000000,0.000000000,0.0,0.000000000,0.000000000,"",0,0,0,0,0,00,0,0*57df4694
#HEADINGA,ICOM3,0,86.4,FINESTEERING,2437,11901.200,00000000,0000,810;SOL_COMPUTED,NONE,0.000000000,0.000000000,0.000000000,0.0,0.000000000,0.000000000,"",0,0,0,0,0,00,0,0*f256f7ed
#HEADINGA,ICOM3,0,86.4,FINESTEERING,2437,11901.400,00000000,0000,810;SOL_COMPUTED,NONE,0.000000000,0.000000000,0.000000000,0.0,0.000000000,0.000000000,"",0,0,0,0,0,00,0,0*f644da65
#HEADINGA,ICOM3,0,86.4,FINESTEERING,2437,11901.600,00000000,0000,810;SOL_COMPUTED,NONE,0.000000000,0.000000000,0.000000000,0.0,0.000000000,0.000000000,"",0,0,0,0,0,00,0,0*4365c322
#HEADINGA,ICOM3,0,86.4,FINESTEERING,2437,11901.800,00000000,0000,810;SOL_COMPUTED,NONE,0.000000000,0.000000000,0.000000000,0.0,0.000000000,0.000000000,"",0,0,0,0,0,00,0,0*fe608175
#HEADINGA,ICOM3,0,86.4,FINESTEERING,2437,11902.000,00000000,0000,810;SOL_COMPUTED,NONE,0.000000000,0.000000000,0.000000000,0.0,0.000000000,0.000000000,"",0,0,0,0,0,00,0,0*1c354bb8
#HEADINGA,ICOM3,0,86.3,FINESTEERING,2437,11902.200,00000000,0000,810;SOL_COMPUTED,NONE,0.000000000,0.000000000,0.000000000,0.0,0.000000000,0.000000000,"",0,0,0,0,0,00,0,0*da4f0a45
#HEADINGA,ICOM3,0,86.3,FINESTEERING,2437,11902.400,00000000,0000,810;SOL_COMPUTED,NONE,0.000000000,0.000000000,0.000000000,0.0,0.000000000,0.000000000,"",0,0,0,0,0,00,0,0*de5d27cd
#HEADINGA,ICOM3,0,86.3,FINESTEERING,2437,11902.600,00000000,0000,810;SOL_COMPUTED,NONE,0.000000000,0.000000000,0.000000000,0.0,0.000000000,0.000000000,"",0,0,0,0,0,00,0,0*6b7c3e8a
#HEADINGA,ICOM3,0,86.3,FINESTEERING,2437,11902.800,00000000,0000,810;SOL_COMPUTED,NONE,0.000000000,0.000000000,0.000000000,0.0,0.000000000,0.000000000,"",0,0,0,0,0,00,0,0*d6797cdd
#HEADINGA,ICOM3,0,86.3,FINESTEERING,2437,11903.000,00000000,0000,810;SOL_COMPUTED,NONE,0.000000000,0.000000000,0.000000000,0.0,0.000000000,0.000000000,"",0,0,0,0,0,00,0,0*ef7f7233
#HEADINGA,ICOM3,0,86.3,FINESTEERING,2437,11903.200,00000000,0000,810;SOL_COMPUTED,NONE,0.000000000,0.000000000,0.000000000,0.0,0.000000000,0.000000000,"",0,0,0,0,0,00,0,0*5a5e6b74
#HEADINGA,ICOM3,0,86.3,FINESTEERING,2437,11903.400,00000000,0000,810;SOL_COMPUTED,NONE,0.000000000,0.000000000,0.000000000,0.0,0.000000000,0.000000000,"",0,0,0,0,0,00,0,0*5e4c46fc
#HEADINGA,ICOM3,0,86.3,FINESTEERING,2437,11903.600,00000000,0000,810;SOL_COMPUTED,NONE,0.000000000,0.000000000,0.000000000,0.0,0.000000000,0.000000000,"",0,0,0,0,0,00,0,0*eb6d5fbb
#HEADINGA,ICOM3,0,86.3,FINESTEERING,2437,11903.800,00000000,0000,810;SOL_COMPUTED,NONE,0.000000000,0.000000000,0.000000000,0.0,0.000000000,0.000000000,"",0,0,0,0,0,00,0,0*56681dec
#HEADINGA,ICOM3,0,86.3,FINESTEERING,2437,11904.000,00000000,0000,810;SOL_COMPUTED,NONE,0.000000000,0.000000000,0.000000000,0.0,0.000000000,0.000000000,"",0,0,0,0,0,00,0,0*d9eb5926
#HEADINGA,ICOM3,0,86.4,FINESTEERING,2437,11904.200,00000000,0000,810;SOL_COMPUTED,NONE,0.000000000,0.000000000,0.000000000,0.0,0.000000000,0.000000000,"",0,0,0,0,0,00,0,0*1f9118db
#HEADINGA,ICOM3,0,86.4,FINESTEERING,2437,11904.400,00000000,0000,810;SOL_COMPUTED,NONE,0.000000000,0.000000000,0.000000000,0.0,0.000000000,0.000000000,"",0,0,0,0,0,00,0,0*1b833553
#HEADINGA,ICOM3,0,86.4,FINESTEERING,2437,11904.600,00000000,0000,810;SOL_COMPUTED,NONE,0.000000000,0.000000000,0.000000000,0.0,0.000000000,0.000000000,"",0,0,0,0,0,00,0,0*aea22c14
#HEADINGA,ICOM3,0,86.4,FINESTEERING,2437,11904.800,00000000,0000,810;SOL_COMPUTED,NONE,0.000000000,0.000000000,0.000000000,0.0,0.000000000,0.000000000,"",0,0,0,0,0,00,0,0*13a76e43
#HEADINGA,ICOM3,0,86.4,FINESTEERING,2437,11905.000,00000000,0000,810;SOL_COMPUTED,NONE,0.000000000,0.000000000,0.000000000,0.0,0.000000000,0.000000000,"",0,0,0,0,0,00,0,0*2aa160ad
#HEADINGA,ICOM3,0,86.0,FINESTEERING,2437,11905.200,00000000,0000,810;SOL_COMPUTED,NONE,0.000000000,0.000000000,0.000000000,0.0,0.000000000,0.000000000,"",0,0,0,0,0,00,0,0*dd22d912
#HEADINGA,ICOM3,0,86.0,FINESTEERING,2437,11905.400,00000000,0000,810;SOL_COMPUTED,NONE,0.000000000,0.000000000,0.000000000,0.0,0.000000000,0.000000000,"",0,0,0,0,0,00,0,0*d930f49a
#HEADINGA,ICOM3,0,86.0,FINESTEERING,2437,11905.600,00000000,0000,810;SOL_COMPUTED,NONE,0.000000000,0.000000000,0.000000000,0.0,0.000000000,0.000000000,"",0,0,0,0,0,00,0,0*6c11eddd
#HEADINGA,ICOM3,0,86.0,FINESTEERING,2437,11905.800,00000000,0000,810;SOL_COMPUTED,NONE,0.000000000,0.000000000,0.000000000,0.0,0.000000000,0.000000000,"",0,0,0,0,0,00,0,0*d114af8a
#HEADINGA,ICOM3,0,86.0,FINESTEERING,2437,11906.000,00000000,0000,810;SOL_COMPUTED,NONE,0.000000000,0.000000000,0.000000000,0.0,0.000000000,0.000000000,"",0,0,0,0,0,00,0,0*33416547
#HEADINGA,ICOM3,0,86.4,FINESTEERING,2437,11906.200,00000000,0000,810;SOL_COMPUTED,NONE,0.000000000,0.000000000,0.000000000,0.0,0.000000000,0.000000000,"",0,0,0,0,0,00,0,0*c4c2dcf8
#HEADINGA,ICOM3,0,86.4,FINESTEERING,2437,11906.400,00000000,0000,810;SOL_COMPUTED,NONE,0.000000000,0.000000000,0.000000000,0.0,0.000000000,0.000000000,"",0,0,0,0,0,00,0,0*c0d0f170
#HEADINGA,ICOM3,0,86.4,FINESTEERING,2437,11906.600,00000000,0000,810;SOL_COMPUTED,NONE,0.000000000,0.000000000,0.000000000,0.0,0.000000000,0.000000000,"",0,0,0,0,0,00,0,0*75f1e837
#HEADINGA,ICOM3,0,86.4,FINESTEERING,2437,11906.800,00000000,0000,810;SOL_COMPUTED,NONE,0.000000000,0.000000000,0.000000000,0.0,0.000000000,0.000000000,"",0,0,0,0,0,00,0,0*c8f4aa60
#HEADINGA,ICOM3,0,86.4,FINESTEERING,2437,11907.000,00000000,0000,810;SOL_COMPUTED,NONE,0.000000000,0.000000000,0.000000000,0.0,0.000000000,0.000000000,"",0,0,0,0,0,00,0,0*f1f2a48e
#HEADINGA,ICOM3,0,85.8,FINESTEERING,2437,11907.200,00000000,0000,810;SOL_COMPUTED,NONE,0.000000000,0.000000000,0.000000000,0.0,0.000000000,0.000000000,"",0,0,0,0,0,00,0,0*f21d3a91
#HEADINGA,ICOM3,0,85.8,FINESTEERING,2437,11907.400,00000000,0000,810;SOL_COMPUTED,NONE,0.000000000,0.000000000,0.000000000,0.0,0.000000000,0.000000000,"",0,0,0,0,0,00,0,0*f60f1719
#HEADINGA,ICOM3,0,85.8,FINESTEERING,2437,11907.600,00000000,0000,810;SOL_COMPUTED,NONE,0.000000000,0.000000000,0.000000000,0.0,0.000000000,0.000000000,"",0,0,0,0,0,00,0,0*432e0e5e
#HEADINGA,ICOM3,0,85.8,FINESTEERING,2437,11907.800,00000000,0000,810;SOL_COMPUTED,NONE,0.000000000,0.000000000,0.000000000,0.0,0.000000000,0.000000000,"",0,0,0,0,0,00,0,0*fe2b4c09
#HEADINGA,ICOM3,0,85.8,FINESTEERING,2437,11908.000,00000000,0000,810;SOL_COMPUTED,NONE,0.000000000,0.000000000,0.000000000,0.0,0.000000000,0.000000000,"",0,0,0,0,0,00,0,0*aa0514cd
#HEADINGA,ICOM3,0,86.3,FINESTEERING,2437,11908.200,00000000,0000,810;SOL_COMPUTED,NONE,0.000000000,0.000000000,0.000000000,0.0,0.000000000,0.000000000,"",0,0,0,0,0,00,0,0*dab1d268
#HEADINGA,ICOM3,0,86.3,FINESTEERING,2437,11908.400,00000000,0000,810;SOL_COMPUTED,NONE,0.000000000,0.000000000,0.000000000,0.0,0.000000000,0.000000000,"",0,0,0,0,0,00,0,0*dea3ffe0
#HEADINGA,ICOM3,0,86.3,FINESTEERING,2437,11908.600,00000000,0000,810;SOL_COMPUTED,NONE,0.000000000,0.000000000,0.000000000,0.0,0.000000000,0.000000000,"",0,0,0,0,0,00,0,0*6b82e6a7
#HEADINGA,ICOM3,0,86.3,FINESTEERING,2437,11908.800,00000000,0000,810;SOL_COMPUTED,NONE,0.000000000,0.000000000,0.000000000,0.0,0.000000000,0.000000000,"",0,0,0,0,0,00,0,0*d687a4f0
#HEADINGA,ICOM3,0,86.3,FINESTEERING,2437,11909.000,00000000,0000,810;SOL_COMPUTED,NONE,0.000000000,0.000000000,0.000000000,0.0,0.000000000,0.000000000,"",0,0,0,0,0,00,0,0*ef81aa1e
#HEADINGA,ICOM3,0,86.2,FINESTEERING,2437,11909.200,00000000,0000,810;SOL_COMPUTED,NONE,0.000000000,0.000000000,0.000000000,0.0,0.000000000,0.000000000,"",0,0,0,0,0,00,0,0*4a081b67
#HEADINGA,ICOM3,0,86.2,FINESTEERING,2437,11909.400,00000000,0000,810;SOL_COMPUTED,NONE,0.000000000,0.000000000,0.000000000,0.0,0.000000000,0.000000000,"",0,0,0,0,0,00,0,0*4e1a36ef
#HEADINGA,ICOM3,0,86.2,FINESTEERING,2437,11909.600,00000000,0000,810;SOL_COMPUTED,NONE,0.000000000,0.000000000,0.000000000,0.0,0.000000000,0.000000000,"",0,0,0,0,0,00,0,0*fb3b2fa8
#HEADINGA,ICOM3,0,86.2,FINESTEERING,2437,11909.800,00000000,0000,810;SOL_COMPUTED,NONE,0.000000000,0.000000000,0.000000000,0.0,0.000000000,0.000000000,"",0,0,0,0,0,00,0,0*463e6dff
#HEADINGA,ICOM3,0,86.2,FINESTEERING,2437,11910.000,00000000,0000,810;SOL_COMPUTED,NONE,0.000000000,0.000000000,0.000000000,0.0,0.000000000,0.000000000,"",0,0,0,0,0,00,0,0*f5cb6e44
#HEADINGA,ICOM3,0,86.4,FINESTEERING,2437,11910.200,00000000,0000,810;SOL_COMPUTED,NONE,0.000000000,0.000000000,0.000000000,0.0,0.000000000,0.000000000,"",0,0,0,0,0,00,0,0*23198787
#HEADINGA,ICOM3,0,86.4,FINESTEERING,2437,11910.400,00000000,0000,810;SOL_COMPUTED,NONE,0.000000000,0.000000000,0.000000000,0.0,0.000000000,0.000000000,"",0,0,0,0,0,00,0,0*270baa0f
#HEADINGA,ICOM3,0,86.4,FINESTEERING,2437,11910.600,00000000,0000,810;SOL_COMPUTED,NONE,0.000000000,0.000000000,0.000000000,0.0,0.000000000,0.000000000,"",0,0,0,0,0,00,0,0*922ab348
#HEADINGA,ICOM3,0,86.4,FINESTEERING,2437,11910.800,00000000,0000,810;SOL_COMPUTED,NONE,0.000000000,0.000000000,0.000000000,0.0,0.000000000,0.000000000,"",0,0,0,0,0,00,0,0*2f2ff11f
#HEADINGA,ICOM3,0,86.4,FINESTEERING,2437,11911.000,00000000,0000,810;SOL_COMPUTED,NONE,0.000000000,0.000000000,0.000000000,0.0,0.000000000,0.000000000,"",0,0,0,0,0,00,0,0*1629fff1
#HEADINGA,ICOM3,0,86.4,FINESTEERING,2437,11911.200,00000000,0000,810;SOL_COMPUTED,NONE,0.000000000,0.000000000,0.000000000,0.0,0.000000000,0.000000000,"",0,0,0,0,0,00,0,0*a308e6b6
#HEADINGA,ICOM3,0,86.4,FINESTEERING,2437,11911.400,00000000,0000,810;SOL_COMPUTED,NONE,0.000000000,0.000000000,0.000000000,0.0,0.000000000,0.000000000,"",0,0,0,0,0,00,0,0*a71acb3e
#HEADINGA,ICOM3,0,86.4,FINESTEERING,2437,11911.600,00000000,0000,810;SOL_COMPUTED,NONE,0.000000000,0.000000000,0.000000000,0.0,0.000000000,0.000000000,"",0,0,0,0,0,00,0,0*123bd279
#HEADINGA,ICOM3,0,86.4,FINESTEERING,2437,11911.800,00000000,0000,810;SOL_COMPUTED,NONE,0.000000000,0.000000000,0.000000000,0.0,0.000000000,0.000000000,"",0,0,0,0,0,00,0,0*af3e902e
#HEADINGA,ICOM3,0,86.4,FINESTEERING,2437,11912.000,00000000,0000,810;SOL_COMPUTED,NONE,0.000000000,0.000000000,0.000000000,0.0,0.000000000,0.000000000,"",0,0,0,0,0,00,0,0*4d6b5ae3
#HEADINGA,ICOM3,0,86.5,FINESTEERING,2437,11912.200,00000000,0000,810;SOL_COMPUTED,NONE,0.000000000,0.000000000,0.000000000,0.0,0.000000000,0.000000000,"",0,0,0,0,0,00,0,0*e8e2eb9a
#HEADINGA,ICOM3,0,86.5,FINESTEERING,2437,11912.400,00000000,0000,810;SOL_COMPUTED,NONE,0.000000000,0.000000000,0.000000000,0.0,0.000000000,0.000000000,"",0,0,0,0,0,00,0,0*ecf0c612
#HEADINGA,ICOM3,0,86.5,FINESTEERING,2437,11912.600,00000000,0000,810;SOL_COMPUTED,NONE,0.000000000,0.000000000,0.000000000,0.0,0.000000000,0.000000000,"",0,0,0,0,0,00,0,0*59d1df55
#HEADINGA,ICOM3,0,86.5,FINESTEERING,2437,11912.800,00000000,0000,810;SOL_COMPUTED,NONE,0.000000000,0.000000000,0.000000000,0.0,0.000000000,0.000000000,"",0,0,0,0,0,00,0,0*e4d49d02
#HEADINGA,ICOM3,0,86.5,FINESTEERING,2437,11913.000,00000000,0000,810;SOL_COMPUTED,NONE,0.000000000,0.000000000,0.000000000,0.0,0.000000000,0.000000000,"",0,0,0,0,0,00,0,0*ddd293ec
#HEADINGA,ICOM3,0,86.3,FINESTEERING,2437,11913.200,00000000,0000,810;SOL_COMPUTED,NONE,0.000000000,0.000000000,0.000000000,0.0,0.000000000,0.000000000,"",0,0,0,0,0,00,0,0*0b007a2f
#HEADINGA,ICOM3,0,86.3,FINESTEERING,2437,11913.400,00000000,0000,810;SOL_COMPUTED,NONE,0.000000000,0.000000000,0.000000000,0.0,0.000000000,0.000000000,"",0,0,0,0,0,00,0,0*0f1257a7
#HEADINGA,ICOM3,0,86.3,FINESTEERING,2437,11913.600,00000000,0000,810;SOL_COMPUTED,NONE,0.000000000,0.000000000,0.000000000,0.0,0.000000000,0.000000000,"",0,0,0,0,0,00,0,0*ba334ee0
#HEADINGA,ICOM3,0,86.3,FINESTEERING,2437,11913.800,00000000,0000,810;SOL_COMPUTED,NONE,0.000000000,0.000000000,0.000000000,0.0,0.000000000,0.000000000,"",0,0,0,0,0,00,0,0*07360cb7
#HEADINGA,ICOM3,0,86.3,FINESTEERING,2437,11914.000,00000000,0000,810;SOL_COMPUTED,NONE,0.000000000,0.000000000,0.000000000,0.0,0.000000000,0.000000000,"",0,0,0,0,0,00,0,0*88b5487d
#HEADINGA,ICOM3,0,86.1,FINESTEERING,2437,11914.200,00000000,0000,810;SOL_COMPUTED,NONE,0.000000000,0.000000000,0.000000000,0.0,0.000000000,0.000000000,"",0,0,0,0,0,00,0,0*1cc50146
#HEADINGA,ICOM3,0,86.1,FINESTEERING,2437,11914.400,00000000,0000,810;SOL_COMPUTED,NONE,0.000000000,0.000000000,0.000000000,0.0,0.000000000,0.000000000,"",0,0,0,0,0,00,0,0*18d72cce
#HEADINGA,ICOM3,0,86.1,FINESTEERING,2437,11914.600,00000000,0000,810;SOL_COMPUTED,NONE,0.000000000,0.000000000,0.000000000,0.0,0.000000000,0.000000000,"",0,0,0,0,0,00,0,0*adf63589
#HEADINGA,ICOM3,0,86.1,FINESTEERING,2437,11914.800,00000000,0000,810;SOL_COMPUTED,NONE,0.000000000,0.000000000,0.000000000,0.0,0.000000000,0.000000000,"",0,0,0,0,0,00,0,0*10f377de
#HEADINGA,ICOM3,0,86.1,FINESTEERING,2437,11915.000,00000000,0000,810;SOL_COMPUTED,NONE,0.000000000,0.000000000,0.000000000,0.0,0.000000000,0.000000000,"",0,0,0,0,0,00,0,0*29f57930
#HEADINGA,ICOM3,0,86.3,FINESTEERING,2437,11915.200,00000000,0000,810;SOL_COMPUTED,NONE,0.000000000,0.000000000,0.000000000,0.0,0.000000000,0.000000000,"",0,0,0,0,0,00,0,0*bd85300b
#HEADINGA,ICOM3,0,86.3,FINESTEERING,2437,11915.400,00000000,0000,810;SOL_COMPUTED,NONE,0.000000000,0.000000000,0.000000000,0.0,0.000000000,0.000000000,"",0,0,0,0,0,00,0,0*b9971d83
#HEADINGA,ICOM3,0,86.3,FINESTEERING,2437,11915.600,00000000,0000,810;SOL_COMPUTED,NONE,0.000000000,0.000000000,0.000000000,0.0,0.000000000,0.000000000,"",0,0,0,0,0,00,0,0*0cb604c4
#HEADINGA,ICOM3,0,86.3,FINESTEERING,2437,11915.800,00000000,0000,810;SOL_COMPUTED,NONE,0.000000000,0.000000000,0.000000000,0.0,0.000000000,0.000000000,"",0,0,0,0,0,00,0,0*b1b34693
#HEADINGA,ICOM3,0,86.3,FINESTEERING,2437,11916.000,00000000,0000,810;SOL_COMPUTED,NONE,0.000000000,0.000000000,0.000000000,0.0,0.000000000,0.000000000,"",0,0,0,0,0,00,0,0*53e68c5e
#HEADINGA,ICOM3,0,86.5,FINESTEERING,2437,11916.200,00000000,0000,810;SOL_COMPUTED,NONE,0.000000000,0.000000000,0.000000000,0.0,0.000000000,0.000000000,"",0,0,0,0,0,00,0,0*8534659d
#HEADINGA,ICOM3,0,86.5,FINESTEERING,2437,11916.400,00000000,0000,810;SOL_COMPUTED,NONE,0.000000000,0.000000000,0.000000000,0.0,0.000000000,0.000000000,"",0,0,0,0,0,00,0,0*81264815
#HEADINGA,ICOM3,0,86.5,FINESTEERING,2437,11916.600,00000000,0000,810;SOL_COMPUTED,NONE,0.000000000,0.000000000,0.000000000,0.0,0.000000000,0.000000000,"",0,0,0,0,0,00,0,0*34075152
#HEADINGA,ICOM3,0,86.5,FINESTEERING,2437,11916.800,00000000,0000,810;SOL_COMPUTED,NONE,0.000000000,0.000000000,0.000000000,0.0,0.000000000,0.000000000,"",0,0,0,0,0,00,0,0*89021305
#HEADINGA,ICOM3,0,86.5,FINESTEERING,2437,11917.000,00000000,0000,810;SOL_COMPUTED,NONE,0.000000000,0.000000000,0.000000000,0.0,0.000000000,0.000000000,"",0,0,0,0,0,00,0,0*b0041deb
#HEADINGA,ICOM3,0,86.1,FINESTEERING,2437,11917.200,00000000,0000,810;SOL_COMPUTED,NONE,0.000000000,0.000000000,0.000000000,0.0,0.000000000,0.000000000,"",0,0,0,0,0,00,0,0*4787a454
#HEADINGA,ICOM3,0,86.1,FINESTEERING,2437,11917.400,00000000,0000,810;SOL_COMPUTED,NONE,0.000000000,0.000000000,0.000000000,0.0,0.000000000,0.000000000,"",0,0,0,0,0,00,0,0*439589dc
#HEADINGA,ICOM3,0,86.1,FINESTEERING,2437,11917.600,00000000,0000,810;SOL_COMPUTED,NONE,0.000000000,0.000000000,0.000000000,0.0,0.000000000,0.000000000,"",0,0,0,0,0,00,0,0*f6b4909b
#HEADINGA,ICOM3,0,86.1,FINESTEERING,2437,11917.800,00000000,0000,810;SOL_COMPUTED,NONE,0.000000000,0.000000000,0.000000000,0.0,0.000000000,0.000000000,"",0,0,0,0,0,00,0,0*4bb1d2cc
#HEADINGA,ICOM3,0,86.1,FINESTEERING,2437,11918.000,00000000,0000,810;SOL_COMPUTED,NONE,0.000000000,0.000000000,0.000000000,0.0,0.000000000,0.000000000,"",0,0,0,0,0,00,0,0*1f9f8a08
#HEADINGA,ICOM3,0,86.0,FINESTEERING,2437,11918.200,00000000,0000,810;SOL_COMPUTED,NONE,0.000000000,0.000000000,0.000000000,0.0,0.000000000,0.000000000,"",0,0,0,0,0,00,0,0*ba163b71
#HEADINGA,ICOM3,0,86.0,FINESTEERING,2437,11918.400,00000000,0000,810;SOL_COMPUTED,NONE,0.000000000,0.000000000,0.000000000,0.0,0.000000000,0.000000000,"",0,0,0,0,0,00,0,0*be0416f9
#HEADINGA,ICOM3,0,86.0,FINESTEERING,2437,11918.600,00000000,0000,810;SOL_COMPUTED,NONE,0.000000000,0.000000000,0.000000000,0.0,0.000000000,0.000000000,"",0,0,0,0,0,00,0,0*0b250fbe
#HEADINGA,ICOM3,0,86.0,FINESTEERING,2437,11918.800,00000000,0000,810;SOL_COMPUTED,NONE,0.000000000,0.000000000,0.000000000,0.0,0.000000000,0.000000000,"",0,0,0,0,0,00,0,0*b6204de9
#HEADINGA,ICOM3,0,86.0,FINESTEERING,2437,11919.000,00000000,0000,810;SOL_COMPUTED,NONE,0.000000000,0.000000000,0.000000000,0.0,0.000000000,0.000000000,"",0,0,0,0,0,00,0,0*8f264307
#HEADINGA,ICOM3,0,86.0,FINESTEERING,2437,11919.200,00000000,0000,810;SOL_COMPUTED,NONE,0.000000000,0.000000000,0.000000000,0.0,0.000000000,0.000000000,"",0,0,0,0,0,00,0,0*3a075a40
#HEADINGA,ICOM3,0,86.0,FINESTEERING,2437,11919.400,00000000,0000,810;SOL_COMPUTED,NONE,0.000000000,0.000000000,0.000000000,0.0,0.000000000,0.000000000,"",0,0,0,0,0,00,0,0*3e1577c8
#HEADINGA,ICOM3,0,86.0,FINESTEERING,2437,11919.600,00000000,0000,810;SOL_COMPUTED,NONE,0.000000000,0.000000000,0.000000000,0.0,0.000000000,0.000000000,"",0,0,0,0,0,00,0,0*8b346e8f
#HEADINGA,ICOM3,0,86.0,FINESTEERING,2437,11919.800,00000000,0000,810;SOL_COMPUTED,NONE,0.000000000,0.000000000,0.000000000,0.0,0.000000000,0.000000000,"",0,0,0,0,0,00,0,0*36312cd8
#HEADINGA,ICOM3,0,86.0,FINESTEERING,2437,11920.000,00000000,0000,810;SOL_COMPUTED,NONE,0.000000000,0.000000000,0.000000000,0.0,0.000000000,0.000000000,"",0,0,0,0,0,00,0,0*27780dd5
#HEADINGA,ICOM3,0,85.9,FINESTEERING,2437,11920.200,00000000,0000,810;SOL_COMPUTED,NONE,0.000000000,0.000000000,0.000000000,0.0,0.000000000,0.000000000,"",0,0,0,0,0,00,0,0*769d9b0c
#HEADINGA,ICOM3,0,85.9,FINESTEERING,2437,11920.400,00000000,0000,810;SOL_COMPUTED,NONE,0.000000000,0.000000000,0.000000000,0.0,0.000000000,0.000000000,"",0,0,0,0,0,00,0,0*728fb684
#HEADINGA,ICOM3,0,85.9,FINESTEERING,2437,11920.600,00000000,0000,810;SOL_COMPUTED,NONE,0.000000000,0.000000000,0.000000000,0.0,0.000000000,0.000000000,"",0,0,0,0,0,00,0,0*c7aeafc3
#HEADINGA,ICOM3,0,85.9,FINESTEERING,2437,11920.800,00000000,0000,810;SOL_COMPUTED,NONE,0.000000000,0.000000000,0.000000000,0.0,0.000000000,0.000000000,"",0,0,0,0,0,00,0,0*7aabed94
#HEADINGA,ICOM3,0,85.9,FINESTEERING,2437,11921.000,00000000,0000,810;SOL_COMPUTED,NONE,0.000000000,0.000000000,0.000000000,0.0,0.000000000,0.000000000,"",0,0,0,0,0,00,0,0*43ade37a
#HEADINGA,ICOM3,0,86.3,FINESTEERING,2437,11921.200,00000000,0000,810;SOL_COMPUTED,NONE,0.000000000,0.000000000,0.000000000,0.0,0.000000000,0.000000000,"",0,0,0,0,0,00,0,0*23b18de1
#HEADINGA,ICOM3,0,86.3,FINESTEERING,2437,11921.400,00000000,0000,810;SOL_COMPUTED,NONE,0.000000000,0.000000000,0.000000000,0.0,0.000000000,0.000000000,"",0,0,0,0,0,00,0,0*27a3a069
#HEADINGA,ICOM3,0,86.3,FINESTEERING,2437,11921.600,00000000,0000,810;SOL_COMPUTED,NONE,0.000000000,0.000000000,0.000000000,0.0,0.000000000,0.000000000,"",0,0,0,0,0,00,0,0*9282b92e
#HEADINGA,ICOM3,0,86.3,FINESTEERING,2437,11921.800,00000000,0000,810;SOL_COMPUTED,NONE,0.000000000,0.000000000,0.000000000,0.0,0.000000000,0.000000000,"",0,0,0,0,0,00,0,0*2f87fb79
#HEADINGA,ICOM3,0,86.3,FINESTEERING,2437,11922.000,00000000,0000,810;SOL_COMPUTED,NONE,0.000000000,0.000000000,0.000000000,0.0,0.000000000,0.000000000,"",0,0,0,0,0,00,0,0*cdd231b4
#HEADINGA,ICOM3,0,86.3,FINESTEERING,2437,11922.200,00000000,0000,810;SOL_COMPUTED,NONE,0.000000000,0.000000000,0.000000000,0.0,0.000000000,0.000000000,"",0,0,0,0,0,00,0,0*78f328f3
#HEADINGA,ICOM3,0,86.3,FINESTEERING,2437,11922.400,00000000,0000,810;SOL_COMPUTED,NONE,0.000000000,0.000000000,0.000000000,0.0,0.000000000,0.000000000,"",0,0,0,0,0,00,0,0*7ce1057b
#HEADINGA,ICOM3,0,86.3,FINESTEERING,2437,11922.600,00000000,0000,810;SOL_COMPUTED,NONE,0.000000000,0.000000000,0.000000000,0.0,0.000000000,0.000000000,"",0,0,0,0,0,00,0,0*c9c01c3c
#HEADINGA,ICOM3,0,86.3,FINESTEERING,2437,11922.800,00000000,0000,810;SOL_COMPUTED,NONE,0.000000000,0.000000000,0.000000000,0.0,0.000000000,0.000000000,"",0,0,0,0,0,00,0,0*74c55e6b
#HEADINGA,ICOM3,0,86.3,FINESTEERING,2437,11923.000,00000000,0000,810;SOL_COMPUTED,NONE,0.000000000,0.000000000,0.000000000,0.0,0.000000000,0.000000000,"",0,0,0,0,0,00,0,0*4dc35085
#HEADINGA,ICOM3,0,86.5,FINESTEERING,2437,11923.200,00000000,0000,810;SOL_COMPUTED,NONE,0.000000000,0.000000000,0.000000000,0.0,0.000000000,0.000000000,"",0,0,0,0,0,00,0,0*9b11b946
#HEADINGA,ICOM3,0,86.5,FINESTEERING,2437,11923.400,00000000,0000,810;SOL_COMPUTED,NONE,0.000000000,0.000000000,0.000000000,0.0,0.000000000,0.000000000,"",0,0,0,0,0,00,0,0*9f0394ce
#HEADINGA,ICOM3,0,86.5,FINESTEERING,2437,11923.600,00000000,0000,810;SOL_COMPUTED,NONE,0.000000000,0.000000000,0.000000000,0.0,0.000000000,0.000000000,"",0,0,0,0,0,00,0,0*2a228d89
#HEADINGA,ICOM3,0,86.5,FINESTEERING,2437,11923.800,00000000,0000,810;SOL_COMPUTED,NONE,0.000000000,0.000000000,0.000000000,0.0,0.000000000,0.000000000,"",0,0,0,0,0,00,0,0*9727cfde
#HEADINGA,ICOM3,0,86.5,FINESTEERING,2437,11924.000,00000000,0000,810;SOL_COMPUTED,NONE,0.000000000,0.000000000,0.000000000,0.0,0.000000000,0.000000000,"",0,0,0,0,0,00,0,0*18a48b14
#HEADINGA,ICOM3,0,86.4,FINESTEERING,2437,11924.200,00000000,0000,810;SOL_COMPUTED,NONE,0.000000000,0.000000000,0.000000000,0.0,0.000000000,0.000000000,"",0,0,0,0,0,00,0,0*bd2d3a6d
#HEADINGA,ICOM3,0,86.4,FINESTEERING,2437,11924.400,00000000,0000,810;SOL_COMPUTED,NONE,0.000000000,0.000000000,0.000000000,0.0,0.000000000,0.000000000,"",0,0,0,0,0,00,0,0*b93f17e5
#HEADINGA,ICOM3,0,86.4,FINESTEERING,2437,11924.600,00000000,0000,810;SOL_COMPUTED,NONE,0.000000000,0.000000000,0.000000000,0.0,0.000000000,0.000000000,"",0,0,0,0,0,00,0,0*0c1e0ea2
#HEADINGA,ICOM3,0,86.4,FINESTEERING,2437,11924.800,00000000,0000,810;SOL_COMPUTED,NONE,0.000000000,0.000000000,0.000000000,0.0,0.000000000,0.000000000,"",0,0,0,0,0,00,0,0*b11b4cf5
#HEADINGA,ICOM3,0,86.4,FINESTEERING,2437,11925.000,00000000,0000,810;SOL_COMPUTED,NONE,0.000000000,0.000000000,0.000000000,0.0,0.000000000,0.000000000,"",0,0,0,0,0,00,0,0*881d421b
#HEADINGA,ICOM3,0,86.7,FINESTEERING,2437,11925.200,00000000,0000,810;SOL_COMPUTED,NONE,0.000000000,0.000000000,0.000000000,0.0,0.000000000,0.000000000,"",0,0,0,0,0,00,0,0*0cc5a31e
#HEADINGA,ICOM3,0,86.7,FINESTEERING,2437,11925.400,00000000,0000,810;SOL_COMPUTED,NONE,0.000000000,0.000000000,0.000000000,0.0,0.000000000,0.000000000,"",0,0,0,0,0,00,0,0*08d78e96
#HEADINGA,ICOM3,0,86.7,FINESTEERING,2437,11925.600,00000000,0000,810;SOL_COMPUTED,NONE,0.000000000,0.000000000,0.000000000,0.0,0.000000000,0.000000000,"",0,0,0,0,0,00,0,0*bdf697d1
#HEADINGA,ICOM3,0,86.7,FINESTEERING,2437,11925.800,00000000,0000,810;SOL_COMPUTED,NONE,0.000000000,0.000000000,0.000000000,0.0,0.000000000,0.000000000,"",0,0,0,0,0,00,0,0*00f3d586
#HEADINGA,ICOM3,0,86.7,FINESTEERING,2437,11926.000,00000000,0000,810;SOL_COMPUTED,NONE,0.000000000,0.000000000,0.000000000,0.0,0.000000000,0.000000000,"",0,0,0,0,0,00,0,0*e2a61f4b
#HEADINGA,ICOM3,0,86.4,FINESTEERING,2437,11926.200,00000000,0000,810;SOL_COMPUTED,NONE,0.000000000,0.000000000,0.000000000,0.0,0.000000000,0.000000000,"",0,0,0,0,0,00,0,0*667efe4e
#HEADINGA,ICOM3,0,86.4,FINESTEERING,2437,11926.400,00000000,0000,810;SOL_COMPUTED,NONE,0.000000000,0.000000000,0.000000000,0.0,0.000000000,0.000000000,"",0,0,0,0,0,00,0,0*626cd3c6
#HEADINGA,ICOM3,0,86.4,FINESTEERING,2437,11926.600,00000000,0000,810;SOL_COMPUTED,NONE,0.000000000,0.000000000,0.000000000,0.0,0.000000000,0.000000000,"",0,0,0,0,0,00,0,0*d74dca81
#HEADINGA,ICOM3,0,86.4,FINESTEERING,2437,11926.800,00000000,0000,810;SOL_COMPUTED,NONE,0.000000000,0.000000000,0.000000000,0.0,0.000000000,0.000000000,"",0,0,0,0,0,00,0,0*6a4888d6
#HEADINGA,ICOM3,0,86.4,FINESTEERING,2437,11927.000,00000000,0000,810;SOL_COMPUTED,NONE,0.000000000,0.000000000,0.000000000,0.0,0.000000000,0.000000000,"",0,0,0,0,0,00,0,0*534e8638
#HEADINGA,ICOM3,0,87.0,FINESTEERING,2437,11927.200,00000000,0000,810;SOL_COMPUTED,NONE,0.000000000,0.000000000,0.000000000,0.0,0.000000000,0.000000000,"",0,0,0,0,0,00,0,0*3d051f88
#HEADINGA,ICOM3,0,87.0,FINESTEERING,2437,11927.400,00000000,0000,810;SOL_COMPUTED,NONE,0.000000000,0.000000000,0.000000000,0.0,0.000000000,0.000000000,"",0,0,0,0,0,00,0,0*39173200
#HEADINGA,ICOM3,0,87.0,FINESTEERING,2437,11927.600,00000000,0000,810;SOL_COMPUTED,NONE,0.000000000,0.000000000,0.000000000,0.0,0.000000000,0.000000000,"",0,0,0,0,0,00,0,0*8c362b47
#HEADINGA,ICOM3,0,87.0,FINESTEERING,2437,11927.800,00000000,0000,810;SOL_COMPUTED,NONE,0.000000000,0.000000000,0.000000000,0.0,0.000000000,0.000000000,"",0,0,0,0,0,00,0,0*31336910
#HEADINGA,ICOM3,0,87.0,FINESTEERING,2437,11928.000,00000000,0000,810;SOL_COMPUTED,NONE,0.000000000,0.000000000,0.000000000,0.0,0.000000000,0.000000000,"",0,0,0,0,0,00,0,0*651d31d4
#HEADINGA,ICOM3,0,86.0,FINESTEERING,2437,11928.200,00000000,0000,810;SOL_COMPUTED,NONE,0.000000000,0.000000000,0.000000000,0.0,0.000000000,0.000000000,"",0,0,0,0,0,00,0,0*49f4089c
#HEADINGA,ICOM3,0,86.0,FINESTEERING,2437,11928.400,00000000,0000,810;SOL_COMPUTED,NONE,0.000000000,0.000000000,0.000000000,0.0,0.000000000,0.000000000,"",0,0,0,0,0,00,0,0*4de62514
#HEADINGA,ICOM3,0,86.0,FINESTEERING,2437,11928.600,00000000,0000,810;SOL_COMPUTED,NONE,0.000000000,0.000000000,0.000000000,0.0,0.000000000,0.000000000,"",0,0,0,0,0,00,0,0*f8c73c53
#HEADINGA,ICOM3,0,86.0,FINESTEERING,2437,11928.800,00000000,0000,810;SOL_COMPUTED,NONE,0.000000000,0.000000000,0.000000000,0.0,0.000000000,0.000000000,"",0,0,0,0,0,00,0,0*45c27e04
#HEADINGA,ICOM3,0,86.0,FINESTEERING,2437,11929.000,00000000,0000,810;SOL_COMPUTED,NONE,0.000000000,0.000000000,0.000000000,0.0,0.000000000,0.000000000,"",0,0,0,0,0,00,0,0*7cc470ea
#HEADINGA,ICOM3,0,86.5,FINESTEERING,2437,11929.200,00000000,0000,810;SOL_COMPUTED,NONE,0.000000000,0.000000000,0.000000000,0.0,0.000000000,0.000000000,"",0,0,0,0,0,00,0,0*9bef616b
#HEADINGA,ICOM3,0,86.5,FINESTEERING,2437,11929.400,00000000,0000,810;SOL_COMPUTED,NONE,0.000000000,0.000000000,0.000000000,0.0,0.000000000,0.000000000,"",0,0,0,0,0,00,0,0*9ffd4ce3
#HEADINGA,ICOM3,0,86.5,FINESTEERING,2437,11929.600,00000000,0000,810;SOL_COMPUTED,NONE,0.000000000,0.000000000,0.000000000,0.0,0.000000000,0.000000000,"",0,0,0,0,0,00,0,0*2adc55a4
#HEADINGA,ICOM3,0,86.5,FINESTEERING,2437,11929.800,00000000,0000,810;SOL_COMPUTED,NONE,0.000000000,0.000000000,0.000000000,0.0,0.000000000,0.000000000,"",0,0,0,0,0,00,0,0*97d917f3
#HEADINGA,ICOM3,0,86.5,FINESTEERING,2437,11930.000,00000000,0000,810;SOL_COMPUTED,NONE,0.000000000,0.000000000,0.000000000,0.0,0.000000000,0.000000000,"",0,0,0,0,0,00,0,0*242c1448
#HEADINGA,ICOM3,0,87.1,FINESTEERING,2437,11930.200,00000000,0000,810;SOL_COMPUTED,NONE,0.000000000,0.000000000,0.000000000,0.0,0.000000000,0.000000000,"",0,0,0,0,0,00,0,0*4a678df8
#HEADINGA,ICOM3,0,87.1,FINESTEERING,2437,11930.400,00000000,0000,810;SOL_COMPUTED,NONE,0.000000000,0.000000000,0.000000000,0.0,0.000000000,0.000000000,"",0,0,0,0,0,00,0,0*4e75a070
#HEADINGA,ICOM3,0,87.1,FINESTEERING,2437,11930.600,00000000,0000,810;SOL_COMPUTED,NONE,0.000000000,0.000000000,0.000000000,0.0,0.000000000,0.000000000,"",0,0,0,0,0,00,0,0*fb54b937
#HEADINGA,ICOM3,0,87.1,FINESTEERING,2437,11930.800,00000000,0000,810;SOL_COMPUTED,NONE,0.000000000,0.000000000,0.000000000,0.0,0.000000000,0.000000000,"",0,0,0,0,0,00,0,0*4651fb60
#HEADINGA,ICOM3,0,87.1,FINESTEERING,2437,11931.000,00000000,0000,810;SOL_COMPUTED,NONE,0.000000000,0.000000000,0.000000000,0.0,0.000000000,0.000000000,"",0,0,0,0,0,00,0,0*7f57f58e
#HEADINGA,ICOM3,0,86.7,FINESTEERING,2437,11931.200,00000000,0000,810;SOL_COMPUTED,NONE,0.000000000,0.000000000,0.000000000,0.0,0.000000000,0.000000000,"",0,0,0,0,0,00,0,0*304d3c42
#HEADINGA,ICOM3,0,86.7,FINESTEERING,2437,11931.400,00000000,0000,810;SOL_COMPUTED,NONE,0.000000000,0.000000000,0.000000000,0.0,0.000000000,0.000000000,"",0,0,0,0,0,00,0,0*345f11ca
#HEADINGA,ICOM3,0,86.7,FINESTEERING,2437,11931.600,00000000,0000,810;SOL_COMPUTED,NONE,0.000000000,0.000000000,0.000000000,0.0,0.000000000,0.000000000,"",0,0,0,0,0,00,0,0*817e088d
#HEADINGA,ICOM3,0,86.7,FINESTEERING,2437,11931.800,00000000,0000,810;SOL_COMPUTED,NONE,0.000000000,0.000000000,0.000000000,0.0,0.000000000,0.000000000,"",0,0,0,0,0,00,0,0*3c7b4ada
#HEADINGA,ICOM3,0,86.7,FINESTEERING,2437,11932.000,00000000,0000,810;SOL_COMPUTED,NONE,0.000000000,0.000000000,0.000000000,0.0,0.000000000,0.000000000,"",0,0,0,0,0,00,0,0*de2e8017
#HEADINGA,ICOM3,0,85.6,FINESTEERING,2437,11932.200,00000000,0000,810;SOL_COMPUTED,NONE,0.000000000,0.000000000,0.000000000,0.0,0.000000000,0.000000000,"",0,0,0,0,0,00,0,0*0a8e573e
#HEADINGA,ICOM3,0,85.6,FINESTEERING,2437,11932.400,00000000,0000,810;SOL_COMPUTED,NONE,0.000000000,0.000000000,0.000000000,0.0,0.000000000,0.000000000,"",0,0,0,0,0,00,0,0*0e9c7ab6
#HEADINGA,ICOM3,0,85.6,FINESTEERING,2437,11932.600,00000000,0000,810;SOL_COMPUTED,NONE,0.000000000,0.000000000,0.000000000,0.0,0.000000000,0.000000000,"",0,0,0,0,0,00,0,0*bbbd63f1
#HEADINGA,ICOM3,0,85.6,FINESTEERING,2437,11932.800,00000000,0000,810;SOL_COMPUTED,NONE,0.000000000,0.000000000,0.000000000,0.0,0.000000000,0.000000000,"",0,0,0,0,0,00,0,0*06b821a6
#HEADINGA,ICOM3,0,85.6,FINESTEERING,2437,11933.000,00000000,0000,810;SOL_COMPUTED,NONE,0.000000000,0.000000000,0.000000000,0.0,0.000000000,0.000000000,"",0,0,0,0,0,00,0,0*3fbe2f48
#HEADINGA,ICOM3,0,86.6,FINESTEERING,2437,11933.200,00000000,0000,810;SOL_COMPUTED,NONE,0.000000000,0.000000000,0.000000000,0.0,0.000000000,0.000000000,"",0,0,0,0,0,00,0,0*fbb6505f
#HEADINGA,ICOM3,0,86.6,FINESTEERING,2437,11933.400,00000000,0000,810;SOL_COMPUTED,NONE,0.000000000,0.000000000,0.000000000,0.0,0.000000000,0.000000000,"",0,0,0,0,0,00,0,0*ffa47dd7
#HEADINGA,ICOM3,0,86.6,FINESTEERING,2437,11933.600,00000000,0000,810;SOL_COMPUTED,NONE,0.000000000,0.000000000,0.000000000,0.0,0.000000000,0.000000000,"",0,0,0,0,0,00,0,0*4a856490
#HEADINGA,ICOM3,0,86.6,FINESTEERING,2437,11933.800,00000000,0000,810;SOL_COMPUTED,NONE,0.000000000,0.000000000,0.000000000,0.0,0.000000000,0.000000000,"",0,0,0,0,0,00,0,0*f78026c7
#HEADINGA,ICOM3,0,86.6,FINESTEERING,2437,11934.000,00000000,0000,810;SOL_COMPUTED,NONE,0.000000000,0.000000000,0.000000000,0.0,0.000000000,0.000000000,"",0,0,0,0,0,00,0,0*7803620d
#HEADINGA,ICOM3,0,87.7,FINESTEERING,2437,11934.200,00000000,0000,810;SOL_COMPUTED,NONE,0.000000000,0.000000000,0.000000000,0.0,0.000000000,0.000000000,"",0,0,0,0,0,00,0,0*4442f37b
#HEADINGA,ICOM3,0,87.7,FINESTEERING,2437,11934.400,00000000,0000,810;SOL_COMPUTED,NONE,0.000000000,0.000000000,0.000000000,0.0,0.000000000,0.000000000,"",0,0,0,0,0,00,0,0*4050def3
#HEADINGA,ICOM3,0,87.7,FINESTEERING,2437,11934.600,00000000,0000,810;SOL_COMPUTED,NONE,0.000000000,0.000000000,0.000000000,0.0,0.000000000,0.000000000,"",0,0,0,0,0,00,0,0*f571c7b4
#HEADINGA,ICOM3,0,87.7,FINESTEERING,2437,11934.800,00000000,0000,810;SOL_COMPUTED,NONE,0.000000000,0.000000000,0.000000000,0.0,0.000000000,0.000000000,"",0,0,0,0,0,00,0,0*487485e3
#HEADINGA,ICOM3,0,87.7,FINESTEERING,2437,11935.000,00000000,0000,810;SOL_COMPUTED,NONE,0.000000000,0.000000000,0.000000000,0.0,0.000000000,0.000000000,"",0,0,0,0,0,00,0,0*71728b0d
#HEADINGA,ICOM3,0,87.4,FINESTEERING,2437,11935.200,00000000,0000,810;SOL_COMPUTED,NONE,0.000000000,0.000000000,0.000000000,0.0,0.000000000,0.000000000,"",0,0,0,0,0,00,0,0*f5aa6a08
#HEADINGA,ICOM3,0,87.4,FINESTEERING,2437,11935.400,00000000,0000,810;SOL_COMPUTED,NONE,0.000000000,0.000000000,0.000000000,0.0,0.000000000,0.000000000,"",0,0,0,0,0,00,0,0*f1b84780
#HEADINGA,ICOM3,0,87.4,FINESTEERING,2437,11935.600,00000000,0000,810;SOL_COMPUTED,NONE,0.000000000,0.000000000,0.000000000,0.0,0.000000000,0.000000000,"",0,0,0,0,0,00,0,0*44995ec7
#HEADINGA,ICOM3,0,87.4,FINESTEERING,2437,11935.800,00000000,0000,810;SOL_COMPUTED,NONE,0.000000000,0.000000000,0.000000000,0.0,0.000000000,0.000000000,"",0,0,0,0,0,00,0,0*f99c1c90
#HEADINGA,ICOM3,0,87.4,FINESTEERING,2437,11936.000,00000000,0000,810;SOL_COMPUTED,NONE,0.000000000,0.000000000,0.000000000,0.0,0.000000000,0.000000000,"",0,0,0,0,0,00,0,0*1bc9d65d
#HEADINGA,ICOM3,0,87.5,FINESTEERING,2437,11936.200,00000000,0000,810;SOL_COMPUTED,NONE,0.000000000,0.000000000,0.000000000,0.0,0.000000000,0.000000000,"",0,0,0,0,0,00,0,0*be406724
#HEADINGA,ICOM3,0,87.5,FINESTEERING,2437,11936.400,00000000,0000,810;SOL_COMPUTED,NONE,0.000000000,0.000000000,0.000000000,0.0,0.000000000,0.000000000,"",0,0,0,0,0,00,0,0*ba524aac
#HEADINGA,ICOM3,0,87.5,FINESTEERING,2437,11936.600,00000000,0000,810;SOL_COMPUTED,NONE,0.000000000,0.000000000,0.000000000,0.0,0.000000000,0.000000000,"",0,0,0,0,0,00,0,0*0f7353eb
#HEADINGA,ICOM3,0,87.5,FINESTEERING,2437,11936.800,00000000,0000,810;SOL_COMPUTED,NONE,0.000000000,0.000000000,0.000000000,0.0,0.000000000,0.000000000,"",0,0,0,0,0,00,0,0*b27611bc
#HEADINGA,ICOM3,0,87.5,FINESTEERING,2437,11937.000,00000000,0000,810;SOL_COMPUTED,NONE,0.000000000,0.000000000,0.000000000,0.0,0.000000000,0.000000000,"",0,0,0,0,0,00,0,0*8b701f52
#HEADINGA,ICOM3,0,87.6,FINESTEERING,2437,11937.200,00000000,0000,810;SOL_COMPUTED,NONE,0.000000000,0.000000000,0.000000000,0.0,0.000000000,0.000000000,"",0,0,0,0,0,00,0,0*0fa8fe57
#HEADINGA,ICOM3,0,87.6,FINESTEERING,2437,11937.400,00000000,0000,810;SOL_COMPUTED,NONE,0.000000000,0.000000000,0.000000000,0.0,0.000000000,0.000000000,"",0,0,0,0,0,00,0,0*0bbad3df
#HEADINGA,ICOM3,0,87.6,FINESTEERING,2437,11937.600,00000000,0000,810;SOL_COMPUTED,NONE,0.000000000,0.000000000,0.000000000,0.0,0.000000000,0.000000000,"",0,0,0,0,0,00,0,0*be9bca98
#HEADINGA,ICOM3,0,87.6,FINESTEERING,2437,11937.800,00000000,0000,810;SOL_COMPUTED,NONE,0.000000000,0.000000000,0.000000000,0.0,0.000000000,0.000000000,"",0,0,0,0,0,00,0,0*039e88cf
#HEADINGA,ICOM3,0,87.6,FINESTEERING,2437,11938.000,00000000,0000,810;SOL_COMPUTED,NONE,0.000000000,0.000000000,0.000000000,0.0,0.000000000,0.000000000,"",0,0,0,0,0,00,0,0*57b0d00b
#HEADINGA,ICOM3,0,87.3,FINESTEERING,2437,11938.200,00000000,0000,810;SOL_COMPUTED,NONE,0.000000000,0.000000000,0.000000000,0.0,0.000000000,0.000000000,"",0,0,0,0,0,00,0,0*b09bc18a
#HEADINGA,ICOM3,0,87.3,FINESTEERING,2437,11938.400,00000000,0000,810;SOL_COMPUTED,NONE,0.000000000,0.000000000,0.000000000,0.0,0.000000000,0.000000000,"",0,0,0,0,0,00,0,0*b489ec02
#HEADINGA,ICOM3,0,87.3,FINESTEERING,2437,11938.600,00000000,0000,810;SOL_COMPUTED,NONE,0.000000000,0.000000000,0.000000000,0.0,0.000000000,0.000000000,"",0,0,0,0,0,00,0,0*01a8f545
#HEADINGA,ICOM3,0,87.3,FINESTEERING,2437,11938.800,00000000,0000,810;SOL_COMPUTED,NONE,0.000000000,0.000000000,0.000000000,0.0,0.000000000,0.000000000,"",0,0,0,0,0,00,0,0*bcadb712
#HEADINGA,ICOM3,0,87.3,FINESTEERING,2437,11939.000,00000000,0000,810;SOL_COMPUTED,NONE,0.000000000,0.000000000,0.000000000,0.0,0.000000000,0.000000000,"",0,0,0,0,0,00,0,0*85abb9fc
#HEADINGA,ICOM3,0,86.8,FINESTEERING,2437,11939.200,00000000,0000,810;SOL_COMPUTED,NONE,0.000000000,0.000000000,0.000000000,0.0,0.000000000,0.000000000,"",0,0,0,0,0,00,0,0*1dfe3906
#HEADINGA,ICOM3,0,86.8,FINESTEERING,2437,11939.400,00000000,0000,810;SOL_COMPUTED,NONE,0.000000000,0.000000000,0.000000000,0.0,0.000000000,0.000000000,"",0,0,0,0,0,00,0,0*19ec148e
#HEADINGA,ICOM3,0,86.8,FINESTEERING,2437,11939.600,00000000,0000,810;SOL_COMPUTED,NONE,0.000000000,0.000000000,0.000000000,0.0,0.000000000,0.000000000,"",0,0,0,0,0,00,0,0*accd0dc9
#HEADINGA,ICOM3,0,86.8,FINESTEERING,2437,11939.800,00000000,0000,810;SOL_COMPUTED,NONE,0.000000000,0.000000000,0.000000000,0.0,0.000000000,0.000000000,"",0,0,0,0,0,00,0,0*11c84f9e
#HEADINGA,ICOM3,0,86.8,FINESTEERING,2437,11940.000,00000000,0000,810;SOL_COMPUTED,NONE,0.000000000,0.000000000,0.000000000,0.0,0.000000000,0.000000000,"",0,0,0,0,0,00,0,0*9e882dbe
#HEADINGA,ICOM3,0,86.7,FINESTEERING,2437,11940.200,00000000,0000,810;SOL_COMPUTED,NONE,0.000000000,0.000000000,0.000000000,0.0,0.000000000,0.000000000,"",0,0,0,0,0,00,0,0*ddb72db3
#HEADINGA,ICOM3,0,86.7,FINESTEERING,2437,11940.400,00000000,0000,810;SOL_COMPUTED,NONE,0.000000000,0.000000000,0.000000000,0.0,0.000000000,0.000000000,"",0,0,0,0,0,00,0,0*d9a5003b
#HEADINGA,ICOM3,0,86.7,FINESTEERING,2437,11940.600,00000000,0000,810;SOL_COMPUTED,NONE,0.000000000,0.000000000,0.000000000,0.0,0.000000000,0.000000000,"",0,0,0,0,0,00,0,0*6c84197c
#HEADINGA,ICOM3,0,86.7,FINESTEERING,2437,11940.800,00000000,0000,810;SOL_COMPUTED,NONE,0.000000000,0.000000000,0.000000000,0.0,0.000000000,0.000000000,"",0,0,0,0,0,00,0,0*d1815b2b
#HEADINGA,ICOM3,0,86.7,FINESTEERING,2437,11941.000,00000000,0000,810;SOL_COMPUTED,NONE,0.000000000,0.000000000,0.000000000,0.0,0.000000000,0.000000000,"",0,0,0,0,0,00,0,0*e88755c5
#HEADINGA,ICOM3,0,86.9,FINESTEERING,2437,11941.200,00000000,0000,810;SOL_COMPUTED,NONE,0.000000000,0.000000000,0.000000000,0.0,0.000000000,0.000000000,"",0,0,0,0,0,00,0,0*bb10fdf6
#HEADINGA,ICOM3,0,86.9,FINESTEERING,2437,11941.400,00000000,0000,810;SOL_COMPUTED,NONE,0.000000000,0.000000000,0.000000000,0.0,0.000000000,0.000000000,"",0,0,0,0,0,00,0,0*bf02d07e
#HEADINGA,ICOM3,0,86.9,FINESTEERING,2437,11941.600,00000000,0000,810;SOL_COMPUTED,NONE,0.000000000,0.000000000,0.000000000,0.0,0.000000000,0.000000000,"",0,0,0,0,0,00,0,0*0a23c939
#HEADINGA,ICOM3,0,86.9,FINESTEERING,2437,11941.800,00000000,0000,810;SOL_COMPUTED,NONE,0.000000000,0.000000000,0.000000000,0.0,0.000000000,0.000000000,"",0,0,0,0,0,00,0,0*b7268b6e
#HEADINGA,ICOM3,0,86.9,FINESTEERING,2437,11942.000,00000000,0000,810;SOL_COMPUTED,NONE,0.000000000,0.000000000,0.000000000,0.0,0.000000000,0.000000000,"",0,0,0,0,0,00,0,0*557341a3
#HEADINGA,ICOM3,0,87.4,FINESTEERING,2437,11942.200,00000000,0000,810;SOL_COMPUTED,NONE,0.000000000,0.000000000,0.000000000,0.0,0.000000000,0.000000000,"",0,0,0,0,0,00,0,0*aed531dd
#HEADINGA,ICOM3,0,87.4,FINESTEERING,2437,11942.400,00000000,0000,810;SOL_COMPUTED,NONE,0.000000000,0.000000000,0.000000000,0.0,0.000000000,0.000000000,"",0,0,0,0,0,00,0,0*aac71c55
#HEADINGA,ICOM3,0,87.4,FINESTEERING,2437,11942.600,00000000,0000,810;SOL_COMPUTED,NONE,0.000000000,0.000000000,0.000000000,0.0,0.000000000,0.000000000,"",0,0,0,0,0,00,0,0*1fe60512
#HEADINGA,ICOM3,0,87.4,FINESTEERING,2437,11942.800,00000000,0000,810;SOL_COMPUTED,NONE,0.000000000,0.000000000,0.000000000,0.0,0.000000000,0.000000000,"",0,0,0,0,0,00,0,0*a2e34745
#HEADINGA,ICOM3,0,87.4,FINESTEERING,2437,11943.000,00000000,0000,810;SOL_COMPUTED,NONE,0.000000000,0.000000000,0.000000000,0.0,0.000000000,0.000000000,"",0,0,0,0,0,00,0,0*9be549ab
#HEADINGA,ICOM3,0,86.6,FINESTEERING,2437,11943.200,00000000,0000,810;SOL_COMPUTED,NONE,0.000000000,0.000000000,0.000000000,0.0,0.000000000,0.000000000,"",0,0,0,0,0,00,0,0*965d209f
#HEADINGA,ICOM3,0,86.6,FINESTEERING,2437,11943.400,00000000,0000,810;SOL_COMPUTED,NONE,0.000000000,0.000000000,0.000000000,0.0,0.000000000,0.000000000,"",0,0,0,0,0,00,0,0*924f0d17
#HEADINGA,ICOM3,0,86.6,FINESTEERING,2437,11943.600,00000000,0000,810;SOL_COMPUTED,NONE,0.000000000,0.000000000,0.000000000,0.0,0.000000000,0.000000000,"",0,0,0,0,0,00,0,0*276e1450
#HEADINGA,ICOM3,0,86.6,FINESTEERING,2437,11943.800,00000000,0000,810;SOL_COMPUTED,NONE,0.000000000,0.000000000,0.000000000,0.0,0.000000000,0.000000000,"",0,0,0,0,0,00,0,0*9a6b5607
#HEADINGA,ICOM3,0,86.6,FINESTEERING,2437,11944.000,00000000,0000,810;SOL_COMPUTED,NONE,0.000000000,0.000000000,0.000000000,0.0,0.000000000,0.000000000,"",0,0,0,0,0,00,0,0*15e812cd
#HEADINGA,ICOM3,0,85.9,FINESTEERING,2437,11944.200,00000000,0000,810;SOL_COMPUTED,NONE,0.000000000,0.000000000,0.000000000,0.0,0.000000000,0.000000000,"",0,0,0,0,0,00,0,0*27fe7490
#HEADINGA,ICOM3,0,85.9,FINESTEERING,2437,11944.400,00000000,0000,810;SOL_COMPUTED,NONE,0.000000000,0.000000000,0.000000000,0.0,0.000000000,0.000000000,"",0,0,0,0,0,00,0,0*23ec5918
#HEADINGA,ICOM3,0,85.9,FINESTEERING,2437,11944.600,00000000,0000,810;SOL_COMPUTED,NONE,0.000000000,0.000000000,0.000000000,0.0,0.000000000,0.000000000,"",0,0,0,0,0,00,0,0*96cd405f
#HEADINGA,ICOM3,0,85.9,FINESTEERING,2437,11944.800,00000000,0000,810;SOL_COMPUTED,NONE,0.000000000,0.000000000,0.000000000,0.0,0.000000000,0.000000000,"",0,0,0,0,0,00,0,0*2bc80208
#HEADINGA,ICOM3,0,85.9,FINESTEERING,2437,11945.000,00000000,0000,810;SOL_COMPUTED,NONE,0.000000000,0.000000000,0.000000000,0.0,0.000000000,0.000000000,"",0,0,0,0,0,00,0,0*12ce0ce6
#HEADINGA,ICOM3,0,86.4,FINESTEERING,2437,11945.200,00000000,0000,810;SOL_COMPUTED,NONE,0.000000000,0.000000000,0.000000000,0.0,0.000000000,0.000000000,"",0,0,0,0,0,00,0,0*01893ac7
#HEADINGA,ICOM3,0,86.4,FINESTEERING,2437,11945.400,00000000,0000,810;SOL_COMPUTED,NONE,0.000000000,0.000000000,0.000000000,0.0,0.000000000,0.000000000,"",0,0,0,0,0,00,0,0*059b174f
#HEADINGA,ICOM3,0,86.4,FINESTEERING,2437,11945.600,00000000,0000,810;SOL_COMPUTED,NONE,0.000000000,0.000000000,0.000000000,0.0,0.000000000,0.000000000,"",0,0,0,0,0,00,0,0*b0ba0e08
#HEADINGA,ICOM3,0,86.4,FINESTEERING,2437,11945.800,00000000,0000,810;SOL_COMPUTED,NONE,0.000000000,0.000000000,0.000000000,0.0,0.000000000,0.000000000,"",0,0,0,0,0,00,0,0*0dbf4c5f
#HEADINGA,ICOM3,0,86.4,FINESTEERING,2437,11946.000,00000000,0000,810;SOL_COMPUTED,NONE,0.000000000,0.000000000,0.000000000,0.0,0.000000000,0.000000000,"",0,0,0,0,0,00,0,0*efea8692
#HEADINGA,ICOM3,0,86.4,FINESTEERING,2437,11946.200,00000000,0000,810;SOL_COMPUTED,NONE,0.000000000,0.000000000,0.000000000,0.0,0.000000000,0.000000000,"",0,0,0,0,0,00,0,0*5acb9fd5
#HEADINGA,ICOM3,0,86.4,FINESTEERING,2437,11946.400,00000000,0000,810;SOL_COMPUTED,NONE,0.000000000,0.000000000,0.000000000,0.0,0.000000000,0.000000000,"",0,0,0,0,0,00,0,0*5ed9b25d
#HEADINGA,ICOM3,0,86.4,FINESTEERING,2437,11946.600,00000000,0000,810;SOL_COMPUTED,NONE,0.000000000,0.000000000,0.000000000,0.0,0.000000000,0.000000000,"",0,0,0,0,0,00,0,0*ebf8ab1a
#HEADINGA,ICOM3,0,86.4,FINESTEERING,2437,11946.800,00000000,0000,810;SOL_COMPUTED,NONE,0.000000000,0.000000000,0.000000000,0.0,0.000000000,0.000000000,"",0,0,0,0,0,00,0,0*56fde94d
#HEADINGA,ICOM3,0,86.4,FINESTEERING,2437,11947.000,00000000,0000,810;SOL_COMPUTED,NONE,0.000000000,0.000000000,0.000000000,0.0,0.000000000,0.000000000,"",0,0,0,0,0,00,0,0*6ffbe7a3
#HEADINGA,ICOM3,0,86.4,FINESTEERING,2437,11947.200,00000000,0000,810;SOL_COMPUTED,NONE,0.000000000,0.000000000,0.000000000,0.0,0.000000000,0.000000000,"",0,0,0,0,0,00,0,0*dadafee4
#HEADINGA,ICOM3,0,76.0,FINESTEERING,2437,11947.400,00000000,0000,810;SOL_COMPUTED,NONE,0.000000000,0.000000000,0.000000000,0.0,0.000000000,0.000000000,"",0,0,0,0,0,00,0,0*8068ef0f
#HEADINGA,ICOM3,0,76.0,FINESTEERING,2437,11947.600,00000000,0000,810;SOL_COMPUTED,NONE,0.000000000,0.000000000,0.000000000,0.0,0.000000000,0.000000000,"",0,0,0,0,0,00,0,0*3549f648
#HEADINGA,ICOM3,0,76.0,FINESTEERING,2437,11947.800,00000000,0000,810;SOL_COMPUTED,NONE,0.000000000,0.000000000,0.000000000,0.0,0.000000000,0.000000000,"",0,0,0,0,0,00,0,0*884cb41f
#HEADINGA,ICOM3,0,76.0,FINESTEERING,2437,11948.000,00000000,0000,810;SOL_COMPUTED,NONE,0.000000000,0.000000000,0.000000000,0.0,0.000000000,0.000000000,"",0,0,0,0,0,00,0,0*dc62ecdb
#HEADINGA,ICOM3,0,76.0,FINESTEERING,2437,11948.200,00000000,0000,810;SOL_COMPUTED,NONE,0.000000000,0.000000000,0.000000000,0.0,0.000000000,0.000000000,"",0,0,0,0,0,00,0,0*6943f59c
#HEADINGA,ICOM3,0,73.4,FINESTEERING,2437,11948.400,00000000,0000,810;SOL_COMPUTED,NONE,0.000000000,0.000000000,0.000000000,0.0,0.000000000,0.000000000,"",0,0,0,0,0,00,0,0*bc88d21c
#HEADINGA,ICOM3,0,73.4,FINESTEERING,2437,11948.600,00000000,0000,810;SOL_COMPUTED,NONE,0.000000000,0.000000000,0.000000000,0.0,0.000000000,0.000000000,"",0,0,0,0,0,00,0,0*09a9cb5b
#HEADINGA,ICOM3,0,73.4,FINESTEERING,2437,11948.800,00000000,0000,810;SOL_COMPUTED,NONE,0.000000000,0.000000000,0.000000000,0.0,0.000000000,0.000000000,"",0,0,0,0,0,00,0,0*b4ac890c
#HEADINGA,ICOM3,0,73.4,FINESTEERING,2437,11949.000,00000000,0000,810;SOL_COMPUTED,NONE,0.000000000,0.000000000,0.000000000,0.0,0.000000000,0.000000000,"",0,0,0,0,0,00,0,0*8daa87e2
#HEADINGA,ICOM3,0,73.4,FINESTEERING,2437,11949.200,00000000,0000,810;SOL_COMPUTED,NONE,0.000000000,0.000000000,0.000000000,0.0,0.000000000,0.000000000,"",0,0,0,0,0,00,0,0*388b9ea5
#HEADINGA,ICOM3,0,76.0,FINESTEERING,2437,11949.400,00000000,0000,810;SOL_COMPUTED,NONE,0.000000000,0.000000000,0.000000000,0.0,0.000000000,0.000000000,"",0,0,0,0,0,00,0,0*ed40b925
#HEADINGA,ICOM3,0,76.0,FINESTEERING,2437,11949.600,00000000,0000,810;SOL_COMPUTED,NONE,0.000000000,0.000000000,0.000000000,0.0,0.000000000,0.000000000,"",0,0,0,0,0,00,0,0*5861a062
#HEADINGA,ICOM3,0,76.0,FINESTEERING,2437,11949.800,00000000,0000,810;SOL_COMPUTED,NONE,0.000000000,0.000000000,0.000000000,0.0,0.000000000,0.000000000,"",0,0,0,0,0,00,0,0*e564e235
#HEADINGA,ICOM3,0,76.0,FINESTEERING,2437,11950.000,00000000,0000,810;SOL_COMPUTED,NONE,0.000000000,0.000000000,0.000000000,0.0,0.000000000,0.000000000,"",0,0,0,0,0,00,0,0*5691e18e
#HEADINGA,ICOM3,0,84.8,FINESTEERING,2437,11950.200,00000000,0000,810;SOL_COMPUTED,NONE,0.000000000,0.000000000,0.000000000,0.0,0.000000000,0.000000000,"",0,0,0,0,0,00,0,0*921663fd
#HEADINGA,ICOM3,0,84.8,FINESTEERING,2437,11950.400,00000000,0000,810;SOL_COMPUTED,NONE,0.000000000,0.000000000,0.000000000,0.0,0.000000000,0.000000000,"",0,0,0,0,0,00,0,0*96044e75
#HEADINGA,ICOM3,0,84.8,FINESTEERING,2437,11950.600,00000000,0000,810;SOL_COMPUTED,NONE,0.000000000,0.000000000,0.000000000,0.0,0.000000000,0.000000000,"",0,0,0,0,0,00,0,0*23255732
#HEADINGA,ICOM3,0,84.8,FINESTEERING,2437,11950.800,00000000,0000,810;SOL_COMPUTED,NONE,0.000000000,0.000000000,0.000000000,0.0,0.000000000,0.000000000,"",0,0,0,0,0,00,0,0*9e201565
#HEADINGA,ICOM3,0,84.8,FINESTEERING,2437,11951.000,00000000,0000,810;SOL_COMPUTED,NONE,0.000000000,0.000000000,0.000000000,0.0,0.000000000,0.000000000,"",0,0,0,0,0,00,0,0*a7261b8b
#HEADINGA,ICOM3,0,87.0,FINESTEERING,2437,11951.200,00000000,0000,810;SOL_COMPUTED,NONE,0.000000000,0.000000000,0.000000000,0.0,0.000000000,0.000000000,"",0,0,0,0,0,00,0,0*e66b256c
#HEADINGA,ICOM3,0,87.0,FINESTEERING,2437,11951.400,00000000,0000,810;SOL_COMPUTED,NONE,0.000000000,0.000000000,0.000000000,0.0,0.000000000,0.000000000,"",0,0,0,0,0,00,0,0*e27908e4
#HEADINGA,ICOM3,0,87.0,FINESTEERING,2437,11951.600,00000000,0000,810;SOL_COMPUTED,NONE,0.000000000,0.000000000,0.000000000,0.0,0.000000000,0.000000000,"",0,0,0,0,0,00,0,0*575811a3
#HEADINGA,ICOM3,0,87.0,FINESTEERING,2437,11951.800,00000000,0000,810;SOL_COMPUTED,NONE,0.000000000,0.000000000,0.000000000,0.0,0.000000000,0.000000000,"",0,0,0,0,0,00,0,0*ea5d53f4
#HEADINGA,ICOM3,0,87.0,FINESTEERING,2437,11952.000,00000000,0000,810;SOL_COMPUTED,NONE,0.000000000,0.000000000,0.000000000,0.0,0.000000000,0.000000000,"",0,0,0,0,0,00,0,0*08089939
#HEADINGA,ICOM3,0,86.7,FINESTEERING,2437,11952.200,00000000,0000,810;SOL_COMPUTED,NONE,0.000000000,0.000000000,0.000000000,0.0,0.000000000,0.000000000,"",0,0,0,0,0,00,0,0*57baf8cb
#HEADINGA,ICOM3,0,86.7,FINESTEERING,2437,11952.400,00000000,0000,810;SOL_COMPUTED,NONE,0.000000000,0.000000000,0.000000000,0.0,0.000000000,0.000000000,"",0,0,0,0,0,00,0,0*53a8d543
#HEADINGA,ICOM3,0,86.7,FINESTEERING,2437,11952.600,00000000,0000,810;SOL_COMPUTED,NONE,0.000000000,0.000000000,0.000000000,0.0,0.000000000,0.000000000,"",0,0,0,0,0,00,0,0*e689cc04
#HEADINGA,ICOM3,0,86.7,FINESTEERING,2437,11952.800,00000000,0000,810;SOL_COMPUTED,NONE,0.000000000,0.000000000,0.000000000,0.0,0.000000000,0.000000000,"",0,0,0,0,0,00,0,0*5b8c8e53
#HEADINGA,ICOM3,0,86.7,FINESTEERING,2437,11953.000,00000000,0000,810;SOL_COMPUTED,NONE,0.000000000,0.000000000,0.000000000,0.0,0.000000000,0.000000000,"",0,0,0,0,0,00,0,0*628a80bd
#HEADINGA,ICOM3,0,86.6,FINESTEERING,2437,11953.200,00000000,0000,810;SOL_COMPUTED,NONE,0.000000000,0.000000000,0.000000000,0.0,0.000000000,0.000000000,"",0,0,0,0,0,00,0,0*c70331c4
#HEADINGA,ICOM3,0,86.6,FINESTEERING,2437,11953.400,00000000,0000,810;SOL_COMPUTED,NONE,0.000000000,0.000000000,0.000000000,0.0,0.000000000,0.000000000,"",0,0,0,0,0,00,0,0*c3111c4c
#HEADINGA,ICOM3,0,86.6,FINESTEERING,2437,11953.600,00000000,0000,810;SOL_COMPUTED,NONE,0.000000000,0.000000000,0.000000000,0.0,0.000000000,0.000000000,"",0,0,0,0,0,00,0,0*7630050b
#HEADINGA,ICOM3,0,86.6,FINESTEERING,2437,11953.800,00000000,0000,810;SOL_COMPUTED,NONE,0.000000000,0.000000000,0.000000000,0.0,0.000000000,0.000000000,"",0,0,0,0,0,00,0,0*cb35475c
#HEADINGA,ICOM3,0,86.6,FINESTEERING,2437,11954.000,00000000,0000,810;SOL_COMPUTED,NONE,0.000000000,0.000000000,0.000000000,0.0,0.000000000,0.000000000,"",0,0,0,0,0,00,0,0*44b60396
#HEADINGA,ICOM3,0,85.8,FINESTEERING,2437,11954.200,00000000,0000,810;SOL_COMPUTED,NONE,0.000000000,0.000000000,0.000000000,0.0,0.000000000,0.000000000,"",0,0,0,0,0,00,0,0*6608cdf5
#HEADINGA,ICOM3,0,85.8,FINESTEERING,2437,11954.400,00000000,0000,810;SOL_COMPUTED,NONE,0.000000000,0.000000000,0.000000000,0.0,0.000000000,0.000000000,"",0,0,0,0,0,00,0,0*621ae07d
#HEADINGA,ICOM3,0,85.8,FINESTEERING,2437,11954.600,00000000,0000,810;SOL_COMPUTED,NONE,0.000000000,0.000000000,0.000000000,0.0,0.000000000,0.000000000,"",0,0,0,0,0,00,0,0*d73bf93a
#HEADINGA,ICOM3,0,85.8,FINESTEERING,2437,11954.800,00000000,0000,810;SOL_COMPUTED,NONE,0.000000000,0.000000000,0.000000000,0.0,0.000000000,0.000000000,"",0,0,0,0,0,00,0,0*6a3ebb6d
#HEADINGA,ICOM3,0,85.8,FINESTEERING,2437,11955.000,00000000,0000,810;SOL_COMPUTED,NONE,0.000000000,0.000000000,0.000000000,0.0,0.000000000,0.000000000,"",0,0,0,0,0,00,0,0*5338b583
#HEADINGA,ICOM3,0,85.2,FINESTEERING,2437,11955.200,00000000,0000,810;SOL_COMPUTED,NONE,0.000000000,0.000000000,0.000000000,0.0,0.000000000,0.000000000,"",0,0,0,0,0,00,0,0*420dbd48
#HEADINGA,ICOM3,0,85.2,FINESTEERING,2437,11955.400,00000000,0000,810;SOL_COMPUTED,NONE,0.000000000,0.000000000,0.000000000,0.0,0.000000000,0.000000000,"",0,0,0,0,0,00,0,0*461f90c0
#HEADINGA,ICOM3,0,85.2,FINESTEERING,2437,11955.600,00000000,0000,810;SOL_COMPUTED,NONE,0.000000000,0.000000000,0.000000000,0.0,0.000000000,0.000000000,"",0,0,0,0,0,00,0,0*f33e8987
#HEADINGA,ICOM3,0,85.2,FINESTEERING,2437,11955.800,00000000,0000,810;SOL_COMPUTED,NONE,0.000000000,0.000000000,0.000000000,0.0,0.000000000,0.000000000,"",0,0,0,0,0,00,0,0*4e3bcbd0
#HEADINGA,ICOM3,0,85.2,FINESTEERING,2437,11956.000,00000000,0000,810;SOL_COMPUTED,NONE,0.000000000,0.000000000,0.000000000,0.0,0.000000000,0.000000000,"",0,0,0,0,0,00,0,0*ac6e011d
#HEADINGA,ICOM3,0,86.1,FINESTEERING,2437,11956.200,00000000,0000,810;SOL_COMPUTED,NONE,0.000000000,0.000000000,0.000000000,0.0,0.000000000,0.000000000,"",0,0,0,0,0,00,0,0*599f8648
#HEADINGA,ICOM3,0,86.1,FINESTEERING,2437,11956.400,00000000,0000,810;SOL_COMPUTED,NONE,0.000000000,0.000000000,0.000000000,0.0,0.000000000,0.000000000,"",0,0,0,0,0,00,0,0*5d8dabc0
#HEADINGA,ICOM3,0,86.1,FINESTEERING,2437,11956.600,00000000,0000,810;SOL_COMPUTED,NONE,0.000000000,0.000000000,0.000000000,0.0,0.000000000,0.000000000,"",0,0,0,0,0,00,0,0*e8acb287
#HEADINGA,ICOM3,0,86.1,FINESTEERING,2437,11956.800,00000000,0000,810;SOL_COMPUTED,NONE,0.000000000,0.000000000,0.000000000,0.0,0.000000000,0.000000000,"",0,0,0,0,0,00,0,0*55a9f0d0
#HEADINGA,ICOM3,0,86.1,FINESTEERING,2437,11957.000,00000000,0000,810;SOL_COMPUTED,NONE,0.000000000,0.000000000,0.000000000,0.0,0.000000000,0.000000000,"",0,0,0,0,0,00,0,0*6caffe3e
#HEADINGA,ICOM3,0,86.6,FINESTEERING,2437,11957.200,00000000,0000,810;SOL_COMPUTED,NONE,0.000000000,0.000000000,0.000000000,0.0,0.000000000,0.000000000,"",0,0,0,0,0,00,0,0*aad5bfc3
#HEADINGA,ICOM3,0,86.6,FINESTEERING,2437,11957.400,00000000,0000,810;SOL_COMPUTED,NONE,0.000000000,0.000000000,0.000000000,0.0,0.000000000,0.000000000,"",0,0,0,0,0,00,0,0*aec7924b
#HEADINGA,ICOM3,0,86.6,FINESTEERING,2437,11957.600,00000000,0000,810;SOL_COMPUTED,NONE,0.000000000,0.000000000,0.000000000,0.0,0.000000000,0.000000000,"",0,0,0,0,0,00,0,0*1be68b0c
#HEADINGA,ICOM3,0,86.6,FINESTEERING,2437,11957.800,00000000,0000,810;SOL_COMPUTED,NONE,0.000000000,0.000000000,0.000000000,0.0,0.000000000,0.000000000,"",0,0,0,0,0,00,0,0*a6e3c95b
#HEADINGA,ICOM3,0,86.6,FINESTEERING,2437,11958.000,00000000,0000,810;SOL_COMPUTED,NONE,0.000000000,0.000000000,0.000000000,0.0,0.000000000,0.000000000,"",0,0,0,0,0,00,0,0*f2cd919f
#HEADINGA,ICOM3,0,86.1,FINESTEERING,2437,11958.200,00000000,0000,810;SOL_COMPUTED,NONE,0.000000000,0.000000000,0.000000000,0.0,0.000000000,0.000000000,"",0,0,0,0,0,00,0,0*34b7d062
#HEADINGA,ICOM3,0,86.1,FINESTEERING,2437,11958.400,00000000,0000,810;SOL_COMPUTED,NONE,0.000000000,0.000000000,0.000000000,0.0,0.000000000,0.000000000,"",0,0,0,0,0,00,0,0*30a5fdea
#HEADINGA,ICOM3,0,86.1,FINESTEERING,2437,11958.600,00000000,0000,810;SOL_COMPUTED,NONE,0.000000000,0.000000000,0.000000000,0.0,0.000000000,0.000000000,"",0,0,0,0,0,00,0,0*8584e4ad
#HEADINGA,ICOM3,0,86.1,FINESTEERING,2437,11958.800,00000000,0000,810;SOL_COMPUTED,NONE,0.000000000,0.000000000,0.000000000,0.0,0.000000000,0.000000000,"",0,0,0,0,0,00,0,0*3881a6fa
#HEADINGA,ICOM3,0,86.1,FINESTEERING,2437,11959.000,00000000,0000,810;SOL_COMPUTED,NONE,0.000000000,0.000000000,0.000000000,0.0,0.000000000,0.000000000,"",0,0,0,0,0,00,0,0*0187a814
#HEADINGA,ICOM3,0,87.0,FINESTEERING,2437,11959.200,00000000,0000,810;SOL_COMPUTED,NONE,0.000000000,0.000000000,0.000000000,0.0,0.000000000,0.000000000,"",0,0,0,0,0,00,0,0*3dc63962
#HEADINGA,ICOM3,0,87.0,FINESTEERING,2437,11959.400,00000000,0000,810;SOL_COMPUTED,NONE,0.000000000,0.000000000,0.000000000,0.0,0.000000000,0.000000000,"",0,0,0,0,0,00,0,0*39d414ea
#HEADINGA,ICOM3,0,87.0,FINESTEERING,2437,11959.600,00000000,0000,810;SOL_COMPUTED,NONE,0.000000000,0.000000000,0.000000000,0.0,0.000000000,0.000000000,"",0,0,0,0,0,00,0,0*8cf50dad
#HEADINGA,ICOM3,0,87.0,FINESTEERING,2437,11959.800,00000000,0000,810;SOL_COMPUTED,NONE,0.000000000,0.000000000,0.000000000,0.0,0.000000000,0.000000000,"",0,0,0,0,0,00,0,0*31f04ffa
#HEADINGA,ICOM3,0,87.0,FINESTEERING,2437,11960.000,00000000,0000,810;SOL_COMPUTED,NONE,0.000000000,0.000000000,0.000000000,0.0,0.000000000,0.000000000,"",0,0,0,0,0,00,0,0*20b96ef7
#HEADINGA,ICOM3,0,86.9,FINESTEERING,2437,11960.200,00000000,0000,810;SOL_COMPUTED,NONE,0.000000000,0.000000000,0.000000000,0.0,0.000000000,0.000000000,"",0,0,0,0,0,00,0,0*99bdbe71
#HEADINGA,ICOM3,0,86.9,FINESTEERING,2437,11960.400,00000000,0000,810;SOL_COMPUTED,NONE,0.000000000,0.000000000,0.000000000,0.0,0.000000000,0.000000000,"",0,0,0,0,0,00,0,0*9daf93f9
#HEADINGA,ICOM3,0,86.9,FINESTEERING,2437,11960.600,00000000,0000,810;SOL_COMPUTED,NONE,0.000000000,0.000000000,0.000000000,0.0,0.000000000,0.000000000,"",0,0,0,0,0,00,0,0*288e8abe
#HEADINGA,ICOM3,0,86.9,FINESTEERING,2437,11960.800,00000000,0000,810;SOL_COMPUTED,NONE,0.000000000,0.000000000,0.000000000,0.0,0.000000000,0.000000000,"",0,0,0,0,0,00,0,0*958bc8e9
#HEADINGA,ICOM3,0,86.9,FINESTEERING,2437,11961.000,00000000,0000,810;SOL_COMPUTED,NONE,0.000000000,0.000000000,0.000000000,0.0,0.000000000,0.000000000,"",0,0,0,0,0,00,0,0*ac8dc607
#HEADINGA,ICOM3,0,86.7,FINESTEERING,2437,11961.200,00000000,0000,810;SOL_COMPUTED,NONE,0.000000000,0.000000000,0.000000000,0.0,0.000000000,0.000000000,"",0,0,0,0,0,00,0,0*ff1a6e34
#HEADINGA,ICOM3,0,86.7,FINESTEERING,2437,11961.400,00000000,0000,810;SOL_COMPUTED,NONE,0.000000000,0.000000000,0.000000000,0.0,0.000000000,0.000000000,"",0,0,0,0,0,00,0,0*fb0843bc
#HEADINGA,ICOM3,0,86.7,FINESTEERING,2437,11961.600,00000000,0000,810;SOL_COMPUTED,NONE,0.000000000,0.000000000,0.000000000,0.0,0.000000000,0.000000000,"",0,0,0,0,0,00,0,0*4e295afb
#HEADINGA,ICOM3,0,86.7,FINESTEERING,2437,11961.800,00000000,0000,810;SOL_COMPUTED,NONE,0.000000000,0.000000000,0.000000000,0.0,0.000000000,0.000000000,"",0,0,0,0,0,00,0,0*f32c18ac
#HEADINGA,ICOM3,0,86.7,FINESTEERING,2437,11962.000,00000000,0000,810;SOL_COMPUTED,NONE,0.000000000,0.000000000,0.000000000,0.0,0.000000000,0.000000000,"",0,0,0,0,0,00,0,0*1179d261
#HEADINGA,ICOM3,0,86.3,FINESTEERING,2437,11962.200,00000000,0000,810;SOL_COMPUTED,NONE,0.000000000,0.000000000,0.000000000,0.0,0.000000000,0.000000000,"",0,0,0,0,0,00,0,0*e6fa6bde
#HEADINGA,ICOM3,0,86.3,FINESTEERING,2437,11962.400,00000000,0000,810;SOL_COMPUTED,NONE,0.000000000,0.000000000,0.000000000,0.0,0.000000000,0.000000000,"",0,0,0,0,0,00,0,0*e2e84656
#HEADINGA,ICOM3,0,86.3,FINESTEERING,2437,11962.600,00000000,0000,810;SOL_COMPUTED,NONE,0.000000000,0.000000000,0.000000000,0.0,0.000000000,0.000000000,"",0,0,0,0,0,00,0,0*57c95f11
#HEADINGA,ICOM3,0,86.3,FINESTEERING,2437,11962.800,00000000,0000,810;SOL_COMPUTED,NONE,0.000000000,0.000000000,0.000000000,0.0,0.000000000,0.000000000,"",0,0,0,0,0,00,0,0*eacc1d46
#HEADINGA,ICOM3,0,86.3,FINESTEERING,2437,11963.000,00000000,0000,810;SOL_COMPUTED,NONE,0.000000000,0.000000000,0.000000000,0.0,0.000000000,0.000000000,"",0,0,0,0,0,00,0,0*d3ca13a8
#HEADINGA,ICOM3,0,86.5,FINESTEERING,2437,11963.200,00000000,0000,810;SOL_COMPUTED,NONE,0.000000000,0.000000000,0.000000000,0.0,0.000000000,0.000000000,"",0,0,0,0,0,00,0,0*0518fa6b
#HEADINGA,ICOM3,0,86.5,FINESTEERING,2437,11963.400,00000000,0000,810;SOL_COMPUTED,NONE,0.000000000,0.000000000,0.000000000,0.0,0.000000000,0.000000000,"",0,0,0,0,0,00,0,0*010ad7e3
#HEADINGA,ICOM3,0,86.5,FINESTEERING,2437,11963.600,00000000,0000,810;SOL_COMPUTED,NONE,0.000000000,0.000000000,0.000000000,0.0,0.000000000,0.000000000,"",0,0,0,0,0,00,0,0*b42bcea4
#HEADINGA,ICOM3,0,86.5,FINESTEERING,2437,11963.800,00000000,0000,810;SOL_COMPUTED,NONE,0.000000000,0.000000000,0.000000000,0.0,0.000000000,0.000000000,"",0,0,0,0,0,00,0,0*092e8cf3
#HEADINGA,ICOM3,0,86.5,FINESTEERING,2437,11964.000,00000000,0000,810;SOL_COMPUTED,NONE,0.000000000,0.000000000,0.000000000,0.0,0.000000000,0.000000000,"",0,0,0,0,0,00,0,0*86adc839
#HEADINGA,ICOM3,0,86.6,FINESTEERING,2437,11964.200,00000000,0000,810;SOL_COMPUTED,NONE,0.000000000,0.000000000,0.000000000,0.0,0.000000000,0.000000000,"",0,0,0,0,0,00,0,0*0275293c
#HEADINGA,ICOM3,0,86.6,FINESTEERING,2437,11964.400,00000000,0000,810;SOL_COMPUTED,NONE,0.000000000,0.000000000,0.000000000,0.0,0.000000000,0.000000000,"",0,0,0,0,0,00,0,0*066704b4
#HEADINGA,ICOM3,0,86.6,FINESTEERING,2437,11964.600,00000000,0000,810;SOL_COMPUTED,NONE,0.000000000,0.000000000,0.000000000,0.0,0.000000000,0.000000000,"",0,0,0,0,0,00,0,0*b3461df3
#HEADINGA,ICOM3,0,86.6,FINESTEERING,2437,11964.800,00000000,0000,810;SOL_COMPUTED,NONE,0.000000000,0.000000000,0.000000000,0.0,0.000000000,0.000000000,"",0,0,0,0,0,00,0,0*0e435fa4
#HEADINGA,ICOM3,0,86.6,FINESTEERING,2437,11965.000,00000000,0000,810;SOL_COMPUTED,NONE,0.000000000,0.000000000,0.000000000,0.0,0.000000000,0.000000000,"",0,0,0,0,0,00,0,0*3745514a
#HEADINGA,ICOM3,0,85.6,FINESTEERING,2437,11965.200,00000000,0000,810;SOL_COMPUTED,NONE,0.000000000,0.000000000,0.000000000,0.0,0.000000000,0.000000000,"",0,0,0,0,0,00,0,0*f34d2e5d
#HEADINGA,ICOM3,0,85.6,FINESTEERING,2437,11965.400,00000000,0000,810;SOL_COMPUTED,NONE,0.000000000,0.000000000,0.000000000,0.0,0.000000000,0.000000000,"",0,0,0,0,0,00,0,0*f75f03d5
#HEADINGA,ICOM3,0,85.6,FINESTEERING,2437,11965.600,00000000,0000,810;SOL_COMPUTED,NONE,0.000000000,0.000000000,0.000000000,0.0,0.000000000,0.000000000,"",0,0,0,0,0,00,0,0*427e1a92
#HEADINGA,ICOM3,0,85.6,FINESTEERING,2437,11965.800,00000000,0000,810;SOL_COMPUTED,NONE,0.000000000,0.000000000,0.000000000,0.0,0.000000000,0.000000000,"",0,0,0,0,0,00,0,0*ff7b58c5
#HEADINGA,ICOM3,0,85.6,FINESTEERING,2437,11966.000,00000000,0000,810;SOL_COMPUTED,NONE,0.000000000,0.000000000,0.000000000,0.0,0.000000000,0.000000000,"",0,0,0,0,0,00,0,0*1d2e9208
#HEADINGA,ICOM3,0,86.8,FINESTEERING,2437,11966.200,00000000,0000,810;SOL_COMPUTED,NONE,0.000000000,0.000000000,0.000000000,0.0,0.000000000,0.000000000,"",0,0,0,0,0,00,0,0*3f905c6b
#HEADINGA,ICOM3,0,86.8,FINESTEERING,2437,11966.400,00000000,0000,810;SOL_COMPUTED,NONE,0.000000000,0.000000000,0.000000000,0.0,0.000000000,0.000000000,"",0,0,0,0,0,00,0,0*3b8271e3
#HEADINGA,ICOM3,0,86.8,FINESTEERING,2437,11966.600,00000000,0000,810;SOL_COMPUTED,NONE,0.000000000,0.000000000,0.000000000,0.0,0.000000000,0.000000000,"",0,0,0,0,0,00,0,0*8ea368a4
#HEADINGA,ICOM3,0,86.8,FINESTEERING,2437,11966.800,00000000,0000,810;SOL_COMPUTED,NONE,0.000000000,0.000000000,0.000000000,0.0,0.000000000,0.000000000,"",0,0,0,0,0,00,0,0*33a62af3
#HEADINGA,ICOM3,0,86.8,FINESTEERING,2437,11967.000,00000000,0000,810;SOL_COMPUTED,NONE,0.000000000,0.000000000,0.000000000,0.0,0.000000000,0.000000000,"",0,0,0,0,0,00,0,0*0aa0241d
#HEADINGA,ICOM3,0,87.6,FINESTEERING,2437,11967.200,00000000,0000,810;SOL_COMPUTED,NONE,0.000000000,0.000000000,0.000000000,0.0,0.000000000,0.000000000,"",0,0,0,0,0,00,0,0*c0ffac21
#HEADINGA,ICOM3,0,87.6,FINESTEERING,2437,11967.400,00000000,0000,810;SOL_COMPUTED,NONE,0.000000000,0.000000000,0.000000000,0.0,0.000000000,0.000000000,"",0,0,0,0,0,00,0,0*c4ed81a9
#HEADINGA,ICOM3,0,87.6,FINESTEERING,2437,11967.600,00000000,0000,810;SOL_COMPUTED,NONE,0.000000000,0.000000000,0.000000000,0.0,0.000000000,0.000000000,"",0,0,0,0,0,00,0,0*71cc98ee
#HEADINGA,ICOM3,0,87.6,FINESTEERING,2437,11967.800,00000000,0000,810;SOL_COMPUTED,NONE,0.000000000,0.000000000,0.000000000,0.0,0.000000000,0.000000000,"",0,0,0,0,0,00,0,0*ccc9dab9
#HEADINGA,ICOM3,0,87.6,FINESTEERING,2437,11968.000,00000000,0000,810;SOL_COMPUTED,NONE,0.000000000,0.000000000,0.000000000,0.0,0.000000000,0.000000000,"",0,0,0,0,0,00,0,0*98e7827d
#HEADINGA,ICOM3,0,85.3,FINESTEERING,2437,11968.200,00000000,0000,810;SOL_COMPUTED,NONE,0.000000000,0.000000000,0.000000000,0.0,0.000000000,0.000000000,"",0,0,0,0,0,00,0,0*972dd5a3
#HEADINGA,ICOM3,0,85.3,FINESTEERING,2437,11968.400,00000000,0000,810;SOL_COMPUTED,NONE,0.000000000,0.000000000,0.000000000,0.0,0.000000000,0.000000000,"",0,0,0,0,0,00,0,0*933ff82b
#HEADINGA,ICOM3,0,85.3,FINESTEERING,2437,11968.600,00000000,0000,810;SOL_COMPUTED,NONE,0.000000000,0.000000000,0.000000000,0.0,0.000000000,0.000000000,"",0,0,0,0,0,00,0,0*261ee16c
#HEADINGA,ICOM3,0,85.3,FINESTEERING,2437,11968.800,00000000,0000,810;SOL_COMPUTED,NONE,0.000000000,0.000000000,0.000000000,0.0,0.000000000,0.000000000,"",0,0,0,0,0,00,0,0*9b1ba33b
#HEADINGA,ICOM3,0,85.3,FINESTEERING,2437,11969.000,00000000,0000,810;SOL_COMPUTED,NONE,0.000000000,0.000000000,0.000000000,0.0,0.000000000,0.000000000,"",0,0,0,0,0,00,0,0*a21dadd5
#HEADINGA,ICOM3,0,88.7,FINESTEERING,2437,11969.200,00000000,0000,810;SOL_COMPUTED,NONE,0.000000000,0.000000000,0.000000000,0.0,0.000000000,0.000000000,"",0,0,0,0,0,00,0,0*d382ab64
#HEADINGA,ICOM3,0,88.7,FINESTEERING,2437,11969.400,00000000,0000,810;SOL_COMPUTED,NONE,0.000000000,0.000000000,0.000000000,0.0,0.000000000,0.000000000,"",0,0,0,0,0,00,0,0*d79086ec
#HEADINGA,ICOM3,0,88.7,FINESTEERING,2437,11969.600,00000000,0000,810;SOL_COMPUTED,NONE,0.000000000,0.000000000,0.000000000,0.0,0.000000000,0.000000000,"",0,0,0,0,0,00,0,0*62b19fab
#HEADINGA,ICOM3,0,88.7,FINESTEERING,2437,11969.800,00000000,0000,810;SOL_COMPUTED,NONE,0.000000000,0.000000000,0.000000000,0.0,0.000000000,0.000000000,"",0,0,0,0,0,00,0,0*dfb4ddfc
#HEADINGA,ICOM3,0,88.7,FINESTEERING,2437,11970.000,00000000,0000,810;SOL_COMPUTED,NONE,0.000000000,0.000000000,0.000000000,0.0,0.000000000,0.000000000,"",0,0,0,0,0,00,0,0*6c41de47
#HEADINGA,ICOM3,0,88.4,FINESTEERING,2437,11970.200,00000000,0000,810;SOL_COMPUTED,NONE,0.000000000,0.000000000,0.000000000,0.0,0.000000000,0.000000000,"",0,0,0,0,0,00,0,0*e8993f42
#HEADINGA,ICOM3,0,88.4,FINESTEERING,2437,11970.400,00000000,0000,810;SOL_COMPUTED,NONE,0.000000000,0.000000000,0.000000000,0.0,0.000000000,0.000000000,"",0,0,0,0,0,00,0,0*ec8b12ca
#HEADINGA,ICOM3,0,88.4,FINESTEERING,2437,11970.600,00000000,0000,810;SOL_COMPUTED,NONE,0.000000000,0.000000000,0.000000000,0.0,0.000000000,0.000000000,"",0,0,0,0,0,00,0,0*59aa0b8d
#HEADINGA,ICOM3,0,88.4,FINESTEERING,2437,11970.800,00000000,0000,810;SOL_COMPUTED,NONE,0.000000000,0.000000000,0.000000000,0.0,0.000000000,0.000000000,"",0,0,0,0,0,00,0,0*e4af49da
#HEADINGA,ICOM3,0,88.4,FINESTEERING,2437,11971.000,00000000,0000,810;SOL_COMPUTED,NONE,0.000000000,0.000000000,0.000000000,0.0,0.000000000,0.000000000,"",0,0,0,0,0,00,0,0*dda94734
#HEADINGA,ICOM3,0,87.4,FINESTEERING,2437,11971.200,00000000,0000,810;SOL_COMPUTED,NONE,0.000000000,0.000000000,0.000000000,0.0,0.000000000,0.000000000,"",0,0,0,0,0,00,0,0*0675a722
#HEADINGA,ICOM3,0,87.4,FINESTEERING,2437,11971.400,00000000,0000,810;SOL_COMPUTED,NONE,0.000000000,0.000000000,0.000000000,0.0,0.000000000,0.000000000,"",0,0,0,0,0,00,0,0*02678aaa
#HEADINGA,ICOM3,0,87.4,FINESTEERING,2437,11971.600,00000000,0000,810;SOL_COMPUTED,NONE,0.000000000,0.000000000,0.000000000,0.0,0.000000000,0.000000000,"",0,0,0,0,0,00,0,0*b74693ed
#HEADINGA,ICOM3,0,87.4,FINESTEERING,2437,11971.800,00000000,0000,810;SOL_COMPUTED,NONE,0.000000000,0.000000000,0.000000000,0.0,0.000000000,0.000000000,"",0,0,0,0,0,00,0,0*0a43d1ba
#HEADINGA,ICOM3,0,87.4,FINESTEERING,2437,11972.000,00000000,0000,810;SOL_COMPUTED,NONE,0.000000000,0.000000000,0.000000000,0.0,0.000000000,0.000000000,"",0,0,0,0,0,00,0,0*e8161b77
#HEADINGA,ICOM3,0,86.6,FINESTEERING,2437,11972.200,00000000,0000,810;SOL_COMPUTED,NONE,0.000000000,0.000000000,0.000000000,0.0,0.000000000,0.000000000,"",0,0,0,0,0,00,0,0*e5ae7243
#HEADINGA,ICOM3,0,86.6,FINESTEERING,2437,11972.400,00000000,0000,810;SOL_COMPUTED,NONE,0.000000000,0.000000000,0.000000000,0.0,0.000000000,0.000000000,"",0,0,0,0,0,00,0,0*e1bc5fcb
#HEADINGA,ICOM3,0,86.6,FINESTEERING,2437,11972.600,00000000,0000,810;SOL_COMPUTED,NONE,0.000000000,0.000000000,0.000000000,0.0,0.000000000,0.000000000,"",0,0,0,0,0,00,0,0*549d468c
#HEADINGA,ICOM3,0,86.6,FINESTEERING,2437,11972.800,00000000,0000,810;SOL_COMPUTED,NONE,0.000000000,0.000000000,0.000000000,0.0,0.000000000,0.000000000,"",0,0,0,0,0,00,0,0*e99804db
#HEADINGA,ICOM3,0,86.6,FINESTEERING,2437,11973.000,00000000,0000,810;SOL_COMPUTED,NONE,0.000000000,0.000000000,0.000000000,0.0,0.000000000,0.000000000,"",0,0,0,0,0,00,0,0*d09e0a35
#HEADINGA,ICOM3,0,85.8,FINESTEERING,2437,11973.200,00000000,0000,810;SOL_COMPUTED,NONE,0.000000000,0.000000000,0.000000000,0.0,0.000000000,0.000000000,"",0,0,0,0,0,00,0,0*f220c456
#HEADINGA,ICOM3,0,85.8,FINESTEERING,2437,11973.400,00000000,0000,810;SOL_COMPUTED,NONE,0.000000000,0.000000000,0.000000000,0.0,0.000000000,0.000000000,"",0,0,0,0,0,00,0,0*f632e9de
#HEADINGA,ICOM3,0,85.8,FINESTEERING,2437,11973.600,00000000,0000,810;SOL_COMPUTED,NONE,0.000000000,0.000000000,0.000000000,0.0,0.000000000,0.000000000,"",0,0,0,0,0,00,0,0*4313f099
#HEADINGA,ICOM3,0,85.8,FINESTEERING,2437,11973.800,00000000,0000,810;SOL_COMPUTED,NONE,0.000000000,0.000000000,0.000000000,0.0,0.000000000,0.000000000,"",0,0,0,0,0,00,0,0*fe16b2ce
#HEADINGA,ICOM3,0,85.8,FINESTEERING,2437,11974.000,00000000,0000,810;SOL_COMPUTED,NONE,0.000000000,0.000000000,0.000000000,0.0,0.000000000,0.000000000,"",0,0,0,0,0,00,0,0*7195f604
#HEADINGA,ICOM3,0,86.8,FINESTEERING,2437,11974.200,00000000,0000,810;SOL_COMPUTED,NONE,0.000000000,0.000000000,0.000000000,0.0,0.000000000,0.000000000,"",0,0,0,0,0,00,0,0*b59d8913
#HEADINGA,ICOM3,0,86.8,FINESTEERING,2437,11974.400,00000000,0000,810;SOL_COMPUTED,NONE,0.000000000,0.000000000,0.000000000,0.0,0.000000000,0.000000000,"",0,0,0,0,0,00,0,0*b18fa49b
#HEADINGA,ICOM3,0,86.8,FINESTEERING,2437,11974.600,00000000,0000,810;SOL_COMPUTED,NONE,0.000000000,0.000000000,0.000000000,0.0,0.000000000,0.000000000,"",0,0,0,0,0,00,0,0*04aebddc
#HEADINGA,ICOM3,0,86.8,FINESTEERING,2437,11974.800,00000000,0000,810;SOL_COMPUTED,NONE,0.000000000,0.000000000,0.000000000,0.0,0.000000000,0.000000000,"",0,0,0,0,0,00,0,0*b9abff8b
#HEADINGA,ICOM3,0,86.8,FINESTEERING,2437,11975.000,00000000,0000,810;SOL_COMPUTED,NONE,0.000000000,0.000000000,0.000000000,0.0,0.000000000,0.000000000,"",0,0,0,0,0,00,0,0*80adf165
#HEADINGA,ICOM3,0,86.3,FINESTEERING,2437,11975.200,00000000,0000,810;SOL_COMPUTED,NONE,0.000000000,0.000000000,0.000000000,0.0,0.000000000,0.000000000,"",0,0,0,0,0,00,0,0*81305190
#HEADINGA,ICOM3,0,86.3,FINESTEERING,2437,11975.400,00000000,0000,810;SOL_COMPUTED,NONE,0.000000000,0.000000000,0.000000000,0.0,0.000000000,0.000000000,"",0,0,0,0,0,00,0,0*85227c18
#HEADINGA,ICOM3,0,86.3,FINESTEERING,2437,11975.600,00000000,0000,810;SOL_COMPUTED,NONE,0.000000000,0.000000000,0.000000000,0.0,0.000000000,0.000000000,"",0,0,0,0,0,00,0,0*3003655f
#HEADINGA,ICOM3,0,86.3,FINESTEERING,2437,11975.800,00000000,0000,810;SOL_COMPUTED,NONE,0.000000000,0.000000000,0.000000000,0.0,0.000000000,0.000000000,"",0,0,0,0,0,00,0,0*8d062708
#HEADINGA,ICOM3,0,86.3,FINESTEERING,2437,11976.000,00000000,0000,810;SOL_COMPUTED,NONE,0.000000000,0.000000000,0.000000000,0.0,0.000000000,0.000000000,"",0,0,0,0,0,00,0,0*6f53edc5
#HEADINGA,ICOM3,0,86.7,FINESTEERING,2437,11976.200,00000000,0000,810;SOL_COMPUTED,NONE,0.000000000,0.000000000,0.000000000,0.0,0.000000000,0.000000000,"",0,0,0,0,0,00,0,0*98d0547a
#HEADINGA,ICOM3,0,86.7,FINESTEERING,2437,11976.400,00000000,0000,810;SOL_COMPUTED,NONE,0.000000000,0.000000000,0.000000000,0.0,0.000000000,0.000000000,"",0,0,0,0,0,00,0,0*9cc279f2
#HEADINGA,ICOM3,0,86.7,FINESTEERING,2437,11976.600,00000000,0000,810;SOL_COMPUTED,NONE,0.000000000,0.000000000,0.000000000,0.0,0.000000000,0.000000000,"",0,0,0,0,0,00,0,0*29e360b5
#HEADINGA,ICOM3,0,86.7,FINESTEERING,2437,11976.800,00000000,0000,810;SOL_COMPUTED,NONE,0.000000000,0.000000000,0.000000000,0.0,0.000000000,0.000000000,"",0,0,0,0,0,00,0,0*94e622e2
#HEADINGA,ICOM3,0,86.7,FINESTEERING,2437,11977.000,00000000,0000,810;SOL_COMPUTED,NONE,0.000000000,0.000000000,0.000000000,0.0,0.000000000,0.000000000,"",0,0,0,0,0,00,0,0*ade02c0c
#HEADINGA,ICOM3,0,86.2,FINESTEERING,2437,11977.200,00000000,0000,810;SOL_COMPUTED,NONE,0.000000000,0.000000000,0.000000000,0.0,0.000000000,0.000000000,"",0,0,0,0,0,00,0,0*4acb3d8d
#HEADINGA,ICOM3,0,86.2,FINESTEERING,2437,11977.400,00000000,0000,810;SOL_COMPUTED,NONE,0.000000000,0.000000000,0.000000000,0.0,0.000000000,0.000000000,"",0,0,0,0,0,00,0,0*4ed91005
#HEADINGA,ICOM3,0,86.2,FINESTEERING,2437,11977.600,00000000,0000,810;SOL_COMPUTED,NONE,0.000000000,0.000000000,0.000000000,0.0,0.000000000,0.000000000,"",0,0,0,0,0,00,0,0*fbf80942
#HEADINGA,ICOM3,0,86.2,FINESTEERING,2437,11977.800,00000000,0000,810;SOL_COMPUTED,NONE,0.000000000,0.000000000,0.000000000,0.0,0.000000000,0.000000000,"",0,0,0,0,0,00,0,0*46fd4b15
#HEADINGA,ICOM3,0,86.2,FINESTEERING,2437,11978.000,00000000,0000,810;SOL_COMPUTED,NONE,0.000000000,0.000000000,0.000000000,0.0,0.000000000,0.000000000,"",0,0,0,0,0,00,0,0*12d313d1
#HEADINGA,ICOM3,0,86.6,FINESTEERING,2437,11978.200,00000000,0000,810;SOL_COMPUTED,NONE,0.000000000,0.000000000,0.000000000,0.0,0.000000000,0.000000000,"",0,0,0,0,0,00,0,0*e550aa6e
#HEADINGA,ICOM3,0,86.6,FINESTEERING,2437,11978.400,00000000,0000,810;SOL_COMPUTED,NONE,0.000000000,0.000000000,0.000000000,0.0,0.000000000,0.000000000,"",0,0,0,0,0,00,0,0*e14287e6
#HEADINGA,ICOM3,0,86.6,FINESTEERING,2437,11978.600,00000000,0000,810;SOL_COMPUTED,NONE,0.000000000,0.000000000,0.000000000,0.0,0.000000000,0.000000000,"",0,0,0,0,0,00,0,0*54639ea1
#HEADINGA,ICOM3,0,86.6,FINESTEERING,2437,11978.800,00000000,0000,810;SOL_COMPUTED,NONE,0.000000000,0.000000000,0.000000000,0.0,0.000000000,0.000000000,"",0,0,0,0,0,00,0,0*e966dcf6
#HEADINGA,ICOM3,0,86.6,FINESTEERING,2437,11979.000,00000000,0000,810;SOL_COMPUTED,NONE,0.000000000,0.000000000,0.000000000,0.0,0.000000000,0.000000000,"",0,0,0,0,0,00,0,0*d060d218
#HEADINGA,ICOM3,0,85.3,FINESTEERING,2437,11979.200,00000000,0000,810;SOL_COMPUTED,NONE,0.000000000,0.000000000,0.000000000,0.0,0.000000000,0.000000000,"",0,0,0,0,0,00,0,0*4662a5c9
#HEADINGA,ICOM3,0,85.3,FINESTEERING,2437,11979.400,00000000,0000,810;SOL_COMPUTED,NONE,0.000000000,0.000000000,0.000000000,0.0,0.000000000,0.000000000,"",0,0,0,0,0,00,0,0*42708841
#HEADINGA,ICOM3,0,85.3,FINESTEERING,2437,11979.600,00000000,0000,810;SOL_COMPUTED,NONE,0.000000000,0.000000000,0.000000000,0.0,0.000000000,0.000000000,"",0,0,0,0,0,00,0,0*f7519106
#HEADINGA,ICOM3,0,85.3,FINESTEERING,2437,11979.800,00000000,0000,810;SOL_COMPUTED,NONE,0.000000000,0.000000000,0.000000000,0.0,0.000000000,0.000000000,"",0,0,0,0,0,00,0,0*4a54d351
#HEADINGA,ICOM3,0,85.3,FINESTEERING,2437,11980.000,00000000,0000,810;SOL_COMPUTED,NONE,0.000000000,0.000000000,0.000000000,0.0,0.000000000,0.000000000,"",0,0,0,0,0,00,0,0*2277316a
#HEADINGA,ICOM3,0,86.6,FINESTEERING,2437,11980.200,00000000,0000,810;SOL_COMPUTED,NONE,0.000000000,0.000000000,0.000000000,0.0,0.000000000,0.000000000,"",0,0,0,0,0,00,0,0*b47546bb
#HEADINGA,ICOM3,0,86.6,FINESTEERING,2437,11980.400,00000000,0000,810;SOL_COMPUTED,NONE,0.000000000,0.000000000,0.000000000,0.0,0.000000000,0.000000000,"",0,0,0,0,0,00,0,0*b0676b33
#HEADINGA,ICOM3,0,86.6,FINESTEERING,2437,11980.600,00000000,0000,810;SOL_COMPUTED,NONE,0.000000000,0.000000000,0.000000000,0.0,0.000000000,0.000000000,"",0,0,0,0,0,00,0,0*05467274
#HEADINGA,ICOM3,0,86.6,FINESTEERING,2437,11980.800,00000000,0000,810;SOL_COMPUTED,NONE,0.000000000,0.000000000,0.000000000,0.0,0.000000000,0.000000000,"",0,0,0,0,0,00,0,0*b8433023
#HEADINGA,ICOM3,0,86.6,FINESTEERING,2437,11981.000,00000000,0000,810;SOL_COMPUTED,NONE,0.000000000,0.000000000,0.000000000,0.0,0.000000000,0.000000000,"",0,0,0,0,0,00,0,0*81453ecd
#HEADINGA,ICOM3,0,86.2,FINESTEERING,2437,11981.200,00000000,0000,810;SOL_COMPUTED,NONE,0.000000000,0.000000000,0.000000000,0.0,0.000000000,0.000000000,"",0,0,0,0,0,00,0,0*76c68772
#HEADINGA,ICOM3,0,86.2,FINESTEERING,2437,11981.400,00000000,0000,810;SOL_COMPUTED,NONE,0.000000000,0.000000000,0.000000000,0.0,0.000000000,0.000000000,"",0,0,0,0,0,00,0,0*72d4aafa
#HEADINGA,ICOM3,0,86.2,FINESTEERING,2437,11981.600,00000000,0000,810;SOL_COMPUTED,NONE,0.000000000,0.000000000,0.000000000,0.0,0.000000000,0.000000000,"",0,0,0,0,0,00,0,0*c7f5b3bd
#HEADINGA,ICOM3,0,86.2,FINESTEERING,2437,11981.800,00000000,0000,810;SOL_COMPUTED,NONE,0.000000000,0.000000000,0.000000000,0.0,0.000000000,0.000000000,"",0,0,0,0,0,00,0,0*7af0f1ea
#HEADINGA,ICOM3,0,86.2,FINESTEERING,2437,11982.000,00000000,0000,810;SOL_COMPUTED,NONE,0.000000000,0.000000000,0.000000000,0.0,0.000000000,0.000000000,"",0,0,0,0,0,00,0,0*98a53b27
#HEADINGA,ICOM3,0,86.7,FINESTEERING,2437,11982.200,00000000,0000,810;SOL_COMPUTED,NONE,0.000000000,0.000000000,0.000000000,0.0,0.000000000,0.000000000,"",0,0,0,0,0,00,0,0*7f8e2aa6
#HEADINGA,ICOM3,0,86.7,FINESTEERING,2437,11982.400,00000000,0000,810;SOL_COMPUTED,NONE,0.000000000,0.000000000,0.000000000,0.0,0.000000000,0.000000000,"",0,0,0,0,0,00,0,0*7b9c072e
#HEADINGA,ICOM3,0,86.7,FINESTEERING,2437,11982.600,00000000,0000,810;SOL_COMPUTED,NONE,0.000000000,0.000000000,0.000000000,0.0,0.000000000,0.000000000,"",0,0,0,0,0,00,0,0*cebd1e69
#HEADINGA,ICOM3,0,86.7,FINESTEERING,2437,11982.800,00000000,0000,810;SOL_COMPUTED,NONE,0.000000000,0.000000000,0.000000000,0.0,0.000000000,0.000000000,"",0,0,0,0,0,00,0,0*73b85c3e
#HEADINGA,ICOM3,0,86.7,FINESTEERING,2437,11983.000,00000000,0000,810;SOL_COMPUTED,NONE,0.000000000,0.000000000,0.000000000,0.0,0.000000000,0.000000000,"",0,0,0,0,0,00,0,0*4abe52d0
#HEADINGA,ICOM3,0,86.2,FINESTEERING,2437,11983.200,00000000,0000,810;SOL_COMPUTED,NONE,0.000000000,0.000000000,0.000000000,0.0,0.000000000,0.000000000,"",0,0,0,0,0,00,0,0*ad954351
#HEADINGA,ICOM3,0,86.2,FINESTEERING,2437,11983.400,00000000,0000,810;SOL_COMPUTED,NONE,0.000000000,0.000000000,0.000000000,0.0,0.000000000,0.000000000,"",0,0,0,0,0,00,0,0*a9876ed9
#HEADINGA,ICOM3,0,86.2,FINESTEERING,2437,11983.600,00000000,0000,810;SOL_COMPUTED,NONE,0.000000000,0.000000000,0.000000000,0.0,0.000000000,0.000000000,"",0,0,0,0,0,00,0,0*1ca6779e
#HEADINGA,ICOM3,0,86.2,FINESTEERING,2437,11983.800,00000000,0000,810;SOL_COMPUTED,NONE,0.000000000,0.000000000,0.000000000,0.0,0.000000000,0.000000000,"",0,0,0,0,0,00,0,0*a1a335c9
#HEADINGA,ICOM3,0,86.2,FINESTEERING,2437,11984.000,00000000,0000,810;SOL_COMPUTED,NONE,0.000000000,0.000000000,0.000000000,0.0,0.000000000,0.000000000,"",0,0,0,0,0,00,0,0*2e207103
#HEADINGA,ICOM3,0,86.7,FINESTEERING,2437,11984.200,00000000,0000,810;SOL_COMPUTED,NONE,0.000000000,0.000000000,0.000000000,0.0,0.000000000,0.000000000,"",0,0,0,0,0,00,0,0*c90b6082
#HEADINGA,ICOM3,0,86.7,FINESTEERING,2437,11984.400,00000000,0000,810;SOL_COMPUTED,NONE,0.000000000,0.000000000,0.000000000,0.0,0.000000000,0.000000000,"",0,0,0,0,0,00,0,0*cd194d0a
#HEADINGA,ICOM3,0,86.7,FINESTEERING,2437,11984.600,00000000,0000,810;SOL_COMPUTED,NONE,0.000000000,0.000000000,0.000000000,0.0,0.000000000,0.000000000,"",0,0,0,0,0,00,0,0*7838544d
#HEADINGA,ICOM3,0,86.7,FINESTEERING,2437,11984.800,00000000,0000,810;SOL_COMPUTED,NONE,0.000000000,0.000000000,0.000000000,0.0,0.000000000,0.000000000,"",0,0,0,0,0,00,0,0*c53d161a
#HEADINGA,ICOM3,0,86.7,FINESTEERING,2437,11985.000,00000000,0000,810;SOL_COMPUTED,NONE,0.000000000,0.000000000,0.000000000,0.0,0.000000000,0.000000000,"",0,0,0,0,0,00,0,0*fc3b18f4
#HEADINGA,ICOM3,0,86.8,FINESTEERING,2437,11985.200,00000000,0000,810;SOL_COMPUTED,NONE,0.000000000,0.000000000,0.000000000,0.0,0.000000000,0.000000000,"",0,0,0,0,0,00,0,0*bf0418f9
#HEADINGA,ICOM3,0,86.8,FINESTEERING,2437,11985.400,00000000,0000,810;SOL_COMPUTED,NONE,0.000000000,0.000000000,0.000000000,0.0,0.000000000,0.000000000,"",0,0,0,0,0,00,0,0*bb163571
#HEADINGA,ICOM3,0,86.8,FINESTEERING,2437,11985.600,00000000,0000,810;SOL_COMPUTED,NONE,0.000000000,0.000000000,0.000000000,0.0,0.000000000,0.000000000,"",0,0,0,0,0,00,0,0*0e372c36
#HEADINGA,ICOM3,0,86.8,FINESTEERING,2437,11985.800,00000000,0000,810;SOL_COMPUTED,NONE,0.000000000,0.000000000,0.000000000,0.0,0.000000000,0.000000000,"",0,0,0,0,0,00,0,0*b3326e61
#HEADINGA,ICOM3,0,86.8,FINESTEERING,2437,11986.000,00000000,0000,810;SOL_COMPUTED,NONE,0.000000000,0.000000000,0.000000000,0.0,0.000000000,0.000000000,"",0,0,0,0,0,00,0,0*5167a4ac
#HEADINGA,ICOM3,0,86.8,FINESTEERING,2437,11986.200,00000000,0000,810;SOL_COMPUTED,NONE,0.000000000,0.000000000,0.000000000,0.0,0.000000000,0.000000000,"",0,0,0,0,0,00,0,0*e446bdeb
#HEADINGA,ICOM3,0,86.8,FINESTEERING,2437,11986.400,00000000,0000,810;SOL_COMPUTED,NONE,0.000000000,0.000000000,0.000000000,0.0,0.000000000,0.000000000,"",0,0,0,0,0,00,0,0*e0549063
#HEADINGA,ICOM3,0,86.8,FINESTEERING,2437,11986.600,00000000,0000,810;SOL_COMPUTED,NONE,0.000000000,0.000000000,0.000000000,0.0,0.000000000,0.000000000,"",0,0,0,0,0,00,0,0*55758924
#HEADINGA,ICOM3,0,86.8,FINESTEERING,2437,11986.800,00000000,0000,810;SOL_COMPUTED,NONE,0.000000000,0.000000000,0.000000000,0.0,0.000000000,0.000000000,"",0,0,0,0,0,00,0,0*e870cb73
#HEADINGA,ICOM3,0,86.8,FINESTEERING,2437,11987.000,00000000,0000,810;SOL_COMPUTED,NONE,0.000000000,0.000000000,0.000000000,0.0,0.000000000,0.000000000,"",0,0,0,0,0,00,0,0*d176c59d
#HEADINGA,ICOM3,0,87.2,FINESTEERING,2437,11987.200,00000000,0000,810;SOL_COMPUTED,NONE,0.000000000,0.000000000,0.000000000,0.0,0.000000000,0.000000000,"",0,0,0,0,0,00,0,0*598bed59
#HEADINGA,ICOM3,0,87.2,FINESTEERING,2437,11987.400,00000000,0000,810;SOL_COMPUTED,NONE,0.000000000,0.000000000,0.000000000,0.0,0.000000000,0.000000000,"",0,0,0,0,0,00,0,0*5d99c0d1
#HEADINGA,ICOM3,0,87.2,FINESTEERING,2437,11987.600,00000000,0000,810;SOL_COMPUTED,NONE,0.000000000,0.000000000,0.000000000,0.0,0.000000000,0.000000000,"",0,0,0,0,0,00,0,0*e8b8d996
#HEADINGA,ICOM3,0,87.2,FINESTEERING,2437,11987.800,00000000,0000,810;SOL_COMPUTED,NONE,0.000000000,0.000000000,0.000000000,0.0,0.000000000,0.000000000,"",0,0,0,0,0,00,0,0*55bd9bc1
#HEADINGA,ICOM3,0,87.2,FINESTEERING,2437,11988.000,00000000,0000,810;SOL_COMPUTED,NONE,0.000000000,0.000000000,0.000000000,0.0,0.000000000,0.000000000,"",0,0,0,0,0,00,0,0*0193c305
#HEADINGA,ICOM3,0,86.4,FINESTEERING,2437,11988.200,00000000,0000,810;SOL_COMPUTED,NONE,0.000000000,0.000000000,0.000000000,0.0,0.000000000,0.000000000,"",0,0,0,0,0,00,0,0*4e890ac9
#HEADINGA,ICOM3,0,86.4,FINESTEERING,2437,11988.400,00000000,0000,810;SOL_COMPUTED,NONE,0.000000000,0.000000000,0.000000000,0.0,0.000000000,0.000000000,"",0,0,0,0,0,00,0,0*4a9b2741
#HEADINGA,ICOM3,0,86.4,FINESTEERING,2437,11988.600,00000000,0000,810;SOL_COMPUTED,NONE,0.000000000,0.000000000,0.000000000,0.0,0.000000000,0.000000000,"",0,0,0,0,0,00,0,0*ffba3e06
#HEADINGA,ICOM3,0,86.4,FINESTEERING,2437,11988.800,00000000,0000,810;SOL_COMPUTED,NONE,0.000000000,0.000000000,0.000000000,0.0,0.000000000,0.000000000,"",0,0,0,0,0,00,0,0*42bf7c51
#HEADINGA,ICOM3,0,86.4,FINESTEERING,2437,11989.000,00000000,0000,810;SOL_COMPUTED,NONE,0.000000000,0.000000000,0.000000000,0.0,0.000000000,0.000000000,"",0,0,0,0,0,00,0,0*7bb972bf
#HEADINGA,ICOM3,0,86.3,FINESTEERING,2437,11989.200,00000000,0000,810;SOL_COMPUTED,NONE,0.000000000,0.000000000,0.000000000,0.0,0.000000000,0.000000000,"",0,0,0,0,0,00,0,0*bdc33342
#HEADINGA,ICOM3,0,86.3,FINESTEERING,2437,11989.400,00000000,0000,810;SOL_COMPUTED,NONE,0.000000000,0.000000000,0.000000000,0.0,0.000000000,0.000000000,"",0,0,0,0,0,00,0,0*b9d11eca
#HEADINGA,ICOM3,0,86.3,FINESTEERING,2437,11989.600,00000000,0000,810;SOL_COMPUTED,NONE,0.000000000,0.000000000,0.000000000,0.0,0.000000000,0.000000000,"",0,0,0,0,0,00,0,0*0cf0078d
#HEADINGA,ICOM3,0,86.3,FINESTEERING,2437,11989.800,00000000,0000,810;SOL_COMPUTED,NONE,0.000000000,0.000000000,0.000000000,0.0,0.000000000,0.000000000,"",0,0,0,0,0,00,0,0*b1f545da
#HEADINGA,ICOM3,0,86.3,FINESTEERING,2437,11990.000,00000000,0000,810;SOL_COMPUTED,NONE,0.000000000,0.000000000,0.000000000,0.0,0.000000000,0.000000000,"",0,0,0,0,0,00,0,0*02004661
#HEADINGA,ICOM3,0,86.2,FINESTEERING,2437,11990.200,00000000,0000,810;SOL_COMPUTED,NONE,0.000000000,0.000000000,0.000000000,0.0,0.000000000,0.000000000,"",0,0,0,0,0,00,0,0*a789f718
#HEADINGA,ICOM3,0,86.2,FINESTEERING,2437,11990.400,00000000,0000,810;SOL_COMPUTED,NONE,0.000000000,0.000000000,0.000000000,0.0,0.000000000,0.000000000,"",0,0,0,0,0,00,0,0*a39bda90
#HEADINGA,ICOM3,0,86.2,FINESTEERING,2437,11990.600,00000000,0000,810;SOL_COMPUTED,NONE,0.000000000,0.000000000,0.000000000,0.0,0.000000000,0.000000000,"",0,0,0,0,0,00,0,0*16bac3d7
#HEADINGA,ICOM3,0,86.2,FINESTEERING,2437,11990.800,00000000,0000,810;SOL_COMPUTED,NONE,0.000000000,0.000000000,0.000000000,0.0,0.000000000,0.000000000,"",0,0,0,0,0,00,0,0*abbf8180
#HEADINGA,ICOM3,0,86.2,FINESTEERING,2437,11991.000,00000000,0000,810;SOL_COMPUTED,NONE,0.000000000,0.000000000,0.000000000,0.0,0.000000000,0.000000000,"",0,0,0,0,0,00,0,0*92b98f6e
#HEADINGA,ICOM3,0,86.6,FINESTEERING,2437,11991.200,00000000,0000,810;SOL_COMPUTED,NONE,0.000000000,0.000000000,0.000000000,0.0,0.000000000,0.000000000,"",0,0,0,0,0,00,0,0*653a36d1
#HEADINGA,ICOM3,0,86.6,FINESTEERING,2437,11991.400,00000000,0000,810;SOL_COMPUTED,NONE,0.000000000,0.000000000,0.000000000,0.0,0.000000000,0.000000000,"",0,0,0,0,0,00,0,0*61281b59
#HEADINGA,ICOM3,0,86.6,FINESTEERING,2437,11991.600,00000000,0000,810;SOL_COMPUTED,NONE,0.000000000,0.000000000,0.000000000,0.0,0.000000000,0.000000000,"",0,0,0,0,0,00,0,0*d409021e
#HEADINGA,ICOM3,0,86.6,FINESTEERING,2437,11991.800,00000000,0000,810;SOL_COMPUTED,NONE,0.000000000,0.000000000,0.000000000,0.0,0.000000000,0.000000000,"",0,0,0,0,0,00,0,0*690c4049
#HEADINGA,ICOM3,0,86.6,FINESTEERING,2437,11992.000,00000000,0000,810;SOL_COMPUTED,NONE,0.000000000,0.000000000,0.000000000,0.0,0.000000000,0.000000000,"",0,0,0,0,0,00,0,0*8b598a84
#HEADINGA,ICOM3,0,86.7,FINESTEERING,2437,11992.200,00000000,0000,810;SOL_COMPUTED,NONE,0.000000000,0.000000000,0.000000000,0.0,0.000000000,0.000000000,"",0,0,0,0,0,00,0,0*2ed03bfd
#HEADINGA,ICOM3,0,86.7,FINESTEERING,2437,11992.400,00000000,0000,810;SOL_COMPUTED,NONE,0.000000000,0.000000000,0.000000000,0.0,0.000000000,0.000000000,"",0,0,0,0,0,00,0,0*2ac21675
#HEADINGA,ICOM3,0,86.7,FINESTEERING,2437,11992.600,00000000,0000,810;SOL_COMPUTED,NONE,0.000000000,0.000000000,0.000000000,0.0,0.000000000,0.000000000,"",0,0,0,0,0,00,0,0*9fe30f32
#HEADINGA,ICOM3,0,86.7,FINESTEERING,2437,11992.800,00000000,0000,810;SOL_COMPUTED,NONE,0.000000000,0.000000000,0.000000000,0.0,0.000000000,0.000000000,"",0,0,0,0,0,00,0,0*22e64d65
#HEADINGA,ICOM3,0,86.7,FINESTEERING,2437,11993.000,00000000,0000,810;SOL_COMPUTED,NONE,0.000000000,0.000000000,0.000000000,0.0,0.000000000,0.000000000,"",0,0,0,0,0,00,0,0*1be0438b
#HEADINGA,ICOM3,0,86.3,FINESTEERING,2437,11993.200,00000000,0000,810;SOL_COMPUTED,NONE,0.000000000,0.000000000,0.000000000,0.0,0.000000000,0.000000000,"",0,0,0,0,0,00,0,0*ec63fa34
#HEADINGA,ICOM3,0,86.3,FINESTEERING,2437,11993.400,00000000,0000,810;SOL_COMPUTED,NONE,0.000000000,0.000000000,0.000000000,0.0,0.000000000,0.000000000,"",0,0,0,0,0,00,0,0*e871d7bc
#HEADINGA,ICOM3,0,86.3,FINESTEERING,2437,11993.600,00000000,0000,810;SOL_COMPUTED,NONE,0.000000000,0.000000000,0.000000000,0.0,0.000000000,0.000000000,"",0,0,0,0,0,00,0,0*5d50cefb
#HEADINGA,ICOM3,0,86.3,FINESTEERING,2437,11993.800,00000000,0000,810;SOL_COMPUTED,NONE,0.000000000,0.000000000,0.000000000,0.0,0.000000000,0.000000000,"",0,0,0,0,0,00,0,0*e0558cac
#HEADINGA,ICOM3,0,86.3,FINESTEERING,2437,11994.000,00000000,0000,810;SOL_COMPUTED,NONE,0.000000000,0.000000000,0.000000000,0.0,0.000000000,0.000000000,"",0,0,0,0,0,00,0,0*6fd6c866
#HEADINGA,ICOM3,0,86.4,FINESTEERING,2437,11994.200,00000000,0000,810;SOL_COMPUTED,NONE,0.000000000,0.000000000,0.000000000,0.0,0.000000000,0.000000000,"",0,0,0,0,0,00,0,0*a9ac899b
#HEADINGA,ICOM3,0,86.4,FINESTEERING,2437,11994.400,00000000,0000,810;SOL_COMPUTED,NONE,0.000000000,0.000000000,0.000000000,0.0,0.000000000,0.000000000,"",0,0,0,0,0,00,0,0*adbea413
#HEADINGA,ICOM3,0,86.4,FINESTEERING,2437,11994.600,00000000,0000,810;SOL_COMPUTED,NONE,0.000000000,0.000000000,0.000000000,0.0,0.000000000,0.000000000,"",0,0,0,0,0,00,0,0*189fbd54
#HEADINGA,ICOM3,0,86.4,FINESTEERING,2437,11994.800,00000000,0000,810;SOL_COMPUTED,NONE,0.000000000,0.000000000,0.000000000,0.0,0.000000000,0.000000000,"",0,0,0,0,0,00,0,0*a59aff03
#HEADINGA,ICOM3,0,86.4,FINESTEERING,2437,11995.000,00000000,0000,810;SOL_COMPUTED,NONE,0.000000000,0.000000000,0.000000000,0.0,0.000000000,0.000000000,"",0,0,0,0,0,00,0,0*9c9cf1ed
#HEADINGA,ICOM3,0,87.0,FINESTEERING,2437,11995.200,00000000,0000,810;SOL_COMPUTED,NONE,0.000000000,0.000000000,0.000000000,0.0,0.000000000,0.000000000,"",0,0,0,0,0,00,0,0*f2d7685d
#HEADINGA,ICOM3,0,87.0,FINESTEERING,2437,11995.400,00000000,0000,810;SOL_COMPUTED,NONE,0.000000000,0.000000000,0.000000000,0.0,0.000000000,0.000000000,"",0,0,0,0,0,00,0,0*f6c545d5
#HEADINGA,ICOM3,0,87.0,FINESTEERING,2437,11995.600,00000000,0000,810;SOL_COMPUTED,NONE,0.000000000,0.000000000,0.000000000,0.0,0.000000000,0.000000000,"",0,0,0,0,0,00,0,0*43e45c92
#HEADINGA,ICOM3,0,87.0,FINESTEERING,2437,11995.800,00000000,0000,810;SOL_COMPUTED,NONE,0.000000000,0.000000000,0.000000000,0.0,0.000000000,0.000000000,"",0,0,0,0,0,00,0,0*fee11ec5
#HEADINGA,ICOM3,0,87.0,FINESTEERING,2437,11996.000,00000000,0000,810;SOL_COMPUTED,NONE,0.000000000,0.000000000,0.000000000,0.0,0.000000000,0.000000000,"",0,0,0,0,0,00,0,0*1cb4d408
#HEADINGA,ICOM3,0,86.1,FINESTEERING,2437,11996.200,00000000,0000,810;SOL_COMPUTED,NONE,0.000000000,0.000000000,0.000000000,0.0,0.000000000,0.000000000,"",0,0,0,0,0,00,0,0*20f5457e
#HEADINGA,ICOM3,0,86.1,FINESTEERING,2437,11996.400,00000000,0000,810;SOL_COMPUTED,NONE,0.000000000,0.000000000,0.000000000,0.0,0.000000000,0.000000000,"",0,0,0,0,0,00,0,0*24e768f6
#HEADINGA,ICOM3,0,86.1,FINESTEERING,2437,11996.600,00000000,0000,810;SOL_COMPUTED,NONE,0.000000000,0.000000000,0.000000000,0.0,0.000000000,0.000000000,"",0,0,0,0,0,00,0,0*91c671b1
#HEADINGA,ICOM3,0,86.1,FINESTEERING,2437,11996.800,00000000,0000,810;SOL_COMPUTED,NONE,0.000000000,0.000000000,0.000000000,0.0,0.000000000,0.000000000,"",0,0,0,0,0,00,0,0*2cc333e6
#HEADINGA,ICOM3,0,86.1,FINESTEERING,2437,11997.000,00000000,0000,810;SOL_COMPUTED,NONE,0.000000000,0.000000000,0.000000000,0.0,0.000000000,0.000000000,"",0,0,0,0,0,00,0,0*15c53d08
#HEADINGA,ICOM3,0,86.5,FINESTEERING,2437,11997.200,00000000,0000,810;SOL_COMPUTED,NONE,0.000000000,0.000000000,0.000000000,0.0,0.000000000,0.000000000,"",0,0,0,0,0,00,0,0*e24684b7
#HEADINGA,ICOM3,0,86.5,FINESTEERING,2437,11997.400,00000000,0000,810;SOL_COMPUTED,NONE,0.000000000,0.000000000,0.000000000,0.0,0.000000000,0.000000000,"",0,0,0,0,0,00,0,0*e654a93f
#HEADINGA,ICOM3,0,86.5,FINESTEERING,2437,11997.600,00000000,0000,810;SOL_COMPUTED,NONE,0.000000000,0.000000000,0.000000000,0.0,0.000000000,0.000000000,"",0,0,0,0,0,00,0,0*5375b078
#HEADINGA,ICOM3,0,86.5,FINESTEERING,2437,11997.800,00000000,0000,810;SOL_COMPUTED,NONE,0.000000000,0.000000000,0.000000000,0.0,0.000000000,0.000000000,"",0,0,0,0,0,00,0,0*ee70f22f
#HEADINGA,ICOM3,0,86.5,FINESTEERING,2437,11998.000,00000000,0000,810;SOL_COMPUTED,NONE,0.000000000,0.000000000,0.000000000,0.0,0.000000000,0.000000000,"",0,0,0,0,0,00,0,0*ba5eaaeb
#HEADINGA,ICOM3,0,85.6,FINESTEERING,2437,11998.200,00000000,0000,810;SOL_COMPUTED,NONE,0.000000000,0.000000000,0.000000000,0.0,0.000000000,0.000000000,"",0,0,0,0,0,00,0,0*4faf2dbe
#HEADINGA,ICOM3,0,85.6,FINESTEERING,2437,11998.400,00000000,0000,810;SOL_COMPUTED,NONE,0.000000000,0.000000000,0.000000000,0.0,0.000000000,0.000000000,"",0,0,0,0,0,00,0,0*4bbd0036
#HEADINGA,ICOM3,0,85.6,FINESTEERING,2437,11998.600,00000000,0000,810;SOL_COMPUTED,NONE,0.000000000,0.000000000,0.000000000,0.0,0.000000000,0.000000000,"",0,0,0,0,0,00,0,0*fe9c1971
#HEADINGA,ICOM3,0,85.6,FINESTEERING,2437,11998.800,00000000,0000,810;SOL_COMPUTED,NONE,0.000000000,0.000000000,0.000000000,0.0,0.000000000,0.000000000,"",0,0,0,0,0,00,0,0*43995b26
#HEADINGA,ICOM3,0,85.6,FINESTEERING,2437,11999.000,00000000,0000,810;SOL_COMPUTED,NONE,0.000000000,0.000000000,0.000000000,0.0,0.000000000,0.000000000,"",0,0,0,0,0,00,0,0*7a9f55c8
#HEADINGA,ICOM3,0,86.2,FINESTEERING,2437,11999.200,00000000,0000,810;SOL_COMPUTED,NONE,0.000000000,0.000000000,0.000000000,0.0,0.000000000,0.000000000,"",0,0,0,0,0,00,0,0*fc358a27
#HEADINGA,ICOM3,0,86.2,FINESTEERING,2437,11999.400,00000000,0000,810;SOL_COMPUTED,NONE,0.000000000,0.000000000,0.000000000,0.0,0.000000000,0.000000000,"",0,0,0,0,0,00,0,0*f827a7af
#HEADINGA,ICOM3,0,86.2,FINESTEERING,2437,11999.600,00000000,0000,810;SOL_COMPUTED,NONE,0.000000000,0.000000000,0.000000000,0.0,0.000000000,0.000000000,"",0,0,0,0,0,00,0,0*4d06bee8
#HEADINGA,ICOM3,0,86.2,FINESTEERING,2437,11999.800,00000000,0000,810;SOL_COMPUTED,NONE,0.000000000,0.000000000,0.000000000,0.0,0.000000000,0.000000000,"",0,0,0,0,0,00,0,0*f003fcbf
#HEADINGA,ICOM3,0,86.2,FINESTEERING,2437,12000.000,00000000,0000,810;SOL_COMPUTED,NONE,0.000000000,0.000000000,0.000000000,0.0,0.000000000,0.000000000,"",0,0,0,0,0,00,0,0*86ff1c4b
#HEADINGA,ICOM3,0,86.3,FINESTEERING,2437,12000.200,00000000,0000,810;SOL_COMPUTED,NONE,0.000000000,0.000000000,0.000000000,0.0,0.000000000,0.000000000,"",0,0,0,0,0,00,0,0*2376ad32
#HEADINGA,ICOM3,0,86.3,FINESTEERING,2437,12000.400,00000000,0000,810;SOL_COMPUTED,NONE,0.000000000,0.000000000,0.000000000,0.0,0.000000000,0.000000000,"",0,0,0,0,0,00,0,0*276480ba
#HEADINGA,ICOM3,0,86.3,FINESTEERING,2437,12000.600,00000000,0000,810;SOL_COMPUTED,NONE,0.000000000,0.000000000,0.000000000,0.0,0.000000000,0.000000000,"",0,0,0,0,0,00,0,0*924599fd
#HEADINGA,ICOM3,0,86.3,FINESTEERING,2437,12000.800,00000000,0000,810;SOL_COMPUTED,NONE,0.000000000,0.000000000,0.000000000,0.0,0.000000000,0.000000000,"",0,0,0,0,0,00,0,0*2f40dbaa
#HEADINGA,ICOM3,0,86.3,FINESTEERING,2437,12001.000,00000000,0000,810;SOL_COMPUTED,NONE,0.000000000,0.000000000,0.000000000,0.0,0.000000000,0.000000000,"",0,0,0,0,0,00,0,0*1646d544
#HEADINGA,ICOM3,0,86.3,FINESTEERING,2437,12001.200,00000000,0000,810;SOL_COMPUTED,NONE,0.000000000,0.000000000,0.000000000,0.0,0.000000000,0.000000000,"",0,0,0,0,0,00,0,0*a367cc03
#HEADINGA,ICOM3,0,86.3,FINESTEERING,2437,12001.400,00000000,0000,810;SOL_COMPUTED,NONE,0.000000000,0.000000000,0.000000000,0.0,0.000000000,0.000000000,"",0,0,0,0,0,00,0,0*a775e18b
#HEADINGA,ICOM3,0,86.3,FINESTEERING,2437,12001.600,00000000,0000,810;SOL_COMPUTED,NONE,0.000000000,0.000000000,0.000000000,0.0,0.000000000,0.000000000,"",0,0,0,0,0,00,0,0*1254f8cc
#HEADINGA,ICOM3,0,86.3,FINESTEERING,2437,12001.800,00000000,0000,810;SOL_COMPUTED,NONE,0.000000000,0.000000000,0.000000000,0.0,0.000000000,0.000000000,"",0,0,0,0,0,00,0,0*af51ba9b
#HEADINGA,ICOM3,0,86.3,FINESTEERING,2437,12002.000,00000000,0000,810;SOL_COMPUTED,NONE,0.000000000,0.000000000,0.000000000,0.0,0.000000000,0.000000000,"",0,0,0,0,0,00,0,0*4d047056
#HEADINGA,ICOM3,0,86.5,FINESTEERING,2437,12002.200,00000000,0000,810;SOL_COMPUTED,NONE,0.000000000,0.000000000,0.000000000,0.0,0.000000000,0.000000000,"",0,0,0,0,0,00,0,0*9bd69995
#HEADINGA,ICOM3,0,86.5,FINESTEERING,2437,12002.400,00000000,0000,810;SOL_COMPUTED,NONE,0.000000000,0.000000000,0.000000000,0.0,0.000000000,0.000000000,"",0,0,0,0,0,00,0,0*9fc4b41d
#HEADINGA,ICOM3,0,86.5,FINESTEERING,2437,12002.600,00000000,0000,810;SOL_COMPUTED,NONE,0.000000000,0.000000000,0.000000000,0.0,0.000000000,0.000000000,"",0,0,0,0,0,00,0,0*2ae5ad5a
#HEADINGA,ICOM3,0,86.5,FINESTEERING,2437,12002.800,00000000,0000,810;SOL_COMPUTED,NONE,0.000000000,0.000000000,0.000000000,0.0,0.000000000,0.000000000,"",0,0,0,0,0,00,0,0*97e0ef0d
#HEADINGA,ICOM3,0,86.5,FINESTEERING,2437,12003.000,00000000,0000,810;SOL_COMPUTED,NONE,0.000000000,0.000000000,0.000000000,0.0,0.000000000,0.000000000,"",0,0,0,0,0,00,0,0*aee6e1e3
#HEADINGA,ICOM3,0,86.2,FINESTEERING,2437,12003.200,00000000,0000,810;SOL_COMPUTED,NONE,0.000000000,0.000000000,0.000000000,0.0,0.000000000,0.000000000,"",0,0,0,0,0,00,0,0*689ca01e
#HEADINGA,ICOM3,0,86.2,FINESTEERING,2437,12003.400,00000000,0000,810;SOL_COMPUTED,NONE,0.000000000,0.000000000,0.000000000,0.0,0.000000000,0.000000000,"",0,0,0,0,0,00,0,0*6c8e8d96
#HEADINGA,ICOM3,0,86.2,FINESTEERING,2437,12003.600,00000000,0000,810;SOL_COMPUTED,NONE,0.000000000,0.000000000,0.000000000,0.0,0.000000000,0.000000000,"",0,0,0,0,0,00,0,0*d9af94d1
#HEADINGA,ICOM3,0,86.2,FINESTEERING,2437,12003.800,00000000,0000,810;SOL_COMPUTED,NONE,0.000000000,0.000000000,0.000000000,0.0,0.000000000,0.000000000,"",0,0,0,0,0,00,0,0*64aad686
#HEADINGA,ICOM3,0,86.2,FINESTEERING,2437,12004.000,00000000,0000,810;SOL_COMPUTED,NONE,0.000000000,0.000000000,0.000000000,0.0,0.000000000,0.000000000,"",0,0,0,0,0,00,0,0*eb29924c
#HEADINGA,ICOM3,0,86.8,FINESTEERING,2437,12004.200,00000000,0000,810;SOL_COMPUTED,NONE,0.000000000,0.000000000,0.000000000,0.0,0.000000000,0.000000000,"",0,0,0,0,0,00,0,0*fa1c9a87
#HEADINGA,ICOM3,0,86.8,FINESTEERING,2437,12004.400,00000000,0000,810;SOL_COMPUTED,NONE,0.000000000,0.000000000,0.000000000,0.0,0.000000000,0.000000000,"",0,0,0,0,0,00,0,0*fe0eb70f
#HEADINGA,ICOM3,0,86.8,FINESTEERING,2437,12004.600,00000000,0000,810;SOL_COMPUTED,NONE,0.000000000,0.000000000,0.000000000,0.0,0.000000000,0.000000000,"",0,0,0,0,0,00,0,0*4b2fae48
#HEADINGA,ICOM3,0,86.8,FINESTEERING,2437,12004.800,00000000,0000,810;SOL_COMPUTED,NONE,0.000000000,0.000000000,0.000000000,0.0,0.000000000,0.000000000,"",0,0,0,0,0,00,0,0*f62aec1f
#HEADINGA,ICOM3,0,86.8,FINESTEERING,2437,12005.000,00000000,0000,810;SOL_COMPUTED,NONE,0.000000000,0.000000000,0.000000000,0.0,0.000000000,0.000000000,"",0,0,0,0,0,00,0,0*cf2ce2f1
#HEADINGA,ICOM3,0,85.3,FINESTEERING,2437,12005.200,00000000,0000,810;SOL_COMPUTED,NONE,0.000000000,0.000000000,0.000000000,0.0,0.000000000,0.000000000,"",0,0,0,0,0,00,0,0*bf982454
#HEADINGA,ICOM3,0,85.3,FINESTEERING,2437,12005.400,00000000,0000,810;SOL_COMPUTED,NONE,0.000000000,0.000000000,0.000000000,0.0,0.000000000,0.000000000,"",0,0,0,0,0,00,0,0*bb8a09dc
#HEADINGA,ICOM3,0,85.3,FINESTEERING,2437,12005.600,00000000,0000,810;SOL_COMPUTED,NONE,0.000000000,0.000000000,0.000000000,0.0,0.000000000,0.000000000,"",0,0,0,0,0,00,0,0*0eab109b
#HEADINGA,ICOM3,0,85.3,FINESTEERING,2437,12005.800,00000000,0000,810;SOL_COMPUTED,NONE,0.000000000,0.000000000,0.000000000,0.0,0.000000000,0.000000000,"",0,0,0,0,0,00,0,0*b3ae52cc
#HEADINGA,ICOM3,0,85.3,FINESTEERING,2437,12006.000,00000000,0000,810;SOL_COMPUTED,NONE,0.000000000,0.000000000,0.000000000,0.0,0.000000000,0.000000000,"",0,0,0,0,0,00,0,0*51fb9801
#HEADINGA,ICOM3,0,86.6,FINESTEERING,2437,12006.200,00000000,0000,810;SOL_COMPUTED,NONE,0.000000000,0.000000000,0.000000000,0.0,0.000000000,0.000000000,"",0,0,0,0,0,00,0,0*c7f9efd0
#HEADINGA,ICOM3,0,86.6,FINESTEERING,2437,12006.400,00000000,0000,810;SOL_COMPUTED,NONE,0.000000000,0.000000000,0.000000000,0.0,0.000000000,0.000000000,"",0,0,0,0,0,00,0,0*c3ebc258
#HEADINGA,ICOM3,0,86.6,FINESTEERING,2437,12006.600,00000000,0000,810;SOL_COMPUTED,NONE,0.000000000,0.000000000,0.000000000,0.0,0.000000000,0.000000000,"",0,0,0,0,0,00,0,0*76cadb1f
#HEADINGA,ICOM3,0,86.6,FINESTEERING,2437,12006.800,00000000,0000,810;SOL_COMPUTED,NONE,0.000000000,0.000000000,0.000000000,0.0,0.000000000,0.000000000,"",0,0,0,0,0,00,0,0*cbcf9948
#HEADINGA,ICOM3,0,86.6,FINESTEERING,2437,12007.000,00000000,0000,810;SOL_COMPUTED,NONE,0.000000000,0.000000000,0.000000000,0.0,0.000000000,0.000000000,"",0,0,0,0,0,00,0,0*f2c997a6
#HEADINGA,ICOM3,0,86.0,FINESTEERING,2437,12007.200,00000000,0000,810;SOL_COMPUTED,NONE,0.000000000,0.000000000,0.000000000,0.0,0.000000000,0.000000000,"",0,0,0,0,0,00,0,0*241b7e65
#HEADINGA,ICOM3,0,86.0,FINESTEERING,2437,12007.400,00000000,0000,810;SOL_COMPUTED,NONE,0.000000000,0.000000000,0.000000000,0.0,0.000000000,0.000000000,"",0,0,0,0,0,00,0,0*200953ed
#HEADINGA,ICOM3,0,86.0,FINESTEERING,2437,12007.600,00000000,0000,810;SOL_COMPUTED,NONE,0.000000000,0.000000000,0.000000000,0.0,0.000000000,0.000000000,"",0,0,0,0,0,00,0,0*95284aaa
#HEADINGA,ICOM3,0,86.0,FINESTEERING,2437,12007.800,00000000,0000,810;SOL_COMPUTED,NONE,0.000000000,0.000000000,0.000000000,0.0,0.000000000,0.000000000,"",0,0,0,0,0,00,0,0*282d08fd
#HEADINGA,ICOM3,0,86.0,FINESTEERING,2437,12008.000,00000000,0000,810;SOL_COMPUTED,NONE,0.000000000,0.000000000,0.000000000,0.0,0.000000000,0.000000000,"",0,0,0,0,0,00,0,0*7c035039
#HEADINGA,ICOM3,0,86.1,FINESTEERING,2437,12008.200,00000000,0000,810;SOL_COMPUTED,NONE,0.000000000,0.000000000,0.000000000,0.0,0.000000000,0.000000000,"",0,0,0,0,0,00,0,0*d98ae140
#HEADINGA,ICOM3,0,86.1,FINESTEERING,2437,12008.400,00000000,0000,810;SOL_COMPUTED,NONE,0.000000000,0.000000000,0.000000000,0.0,0.000000000,0.000000000,"",0,0,0,0,0,00,0,0*dd98ccc8
#HEADINGA,ICOM3,0,86.1,FINESTEERING,2437,12008.600,00000000,0000,810;SOL_COMPUTED,NONE,0.000000000,0.000000000,0.000000000,0.0,0.000000000,0.000000000,"",0,0,0,0,0,00,0,0*68b9d58f
#HEADINGA,ICOM3,0,86.1,FINESTEERING,2437,12008.800,00000000,0000,810;SOL_COMPUTED,NONE,0.000000000,0.000000000,0.000000000,0.0,0.000000000,0.000000000,"",0,0,0,0,0,00,0,0*d5bc97d8
#HEADINGA,ICOM3,0,86.1,FINESTEERING,2437,12009.000,00000000,0000,810;SOL_COMPUTED,NONE,0.000000000,0.000000000,0.000000000,0.0,0.000000000,0.000000000,"",0,0,0,0,0,00,0,0*ecba9936
#HEADINGA,ICOM3,0,87.2,FINESTEERING,2437,12009.200,00000000,0000,810;SOL_COMPUTED,NONE,0.000000000,0.000000000,0.000000000,0.0,0.000000000,0.000000000,"",0,0,0,0,0,00,0,0*f1aa583c
#HEADINGA,ICOM3,0,87.2,FINESTEERING,2437,12009.400,00000000,0000,810;SOL_COMPUTED,NONE,0.000000000,0.000000000,0.000000000,0.0,0.000000000,0.000000000,"",0,0,0,0,0,00,0,0*f5b875b4
#HEADINGA,ICOM3,0,87.2,FINESTEERING,2437,12009.600,00000000,0000,810;SOL_COMPUTED,NONE,0.000000000,0.000000000,0.000000000,0.0,0.000000000,0.000000000,"",0,0,0,0,0,00,0,0*40996cf3
#HEADINGA,ICOM3,0,87.2,FINESTEERING,2437,12009.800,00000000,0000,810;SOL_COMPUTED,NONE,0.000000000,0.000000000,0.000000000,0.0,0.000000000,0.000000000,"",0,0,0,0,0,00,0,0*fd9c2ea4
#HEADINGA,ICOM3,0,87.2,FINESTEERING,2437,12010.000,00000000,0000,810;SOL_COMPUTED,NONE,0.000000000,0.000000000,0.000000000,0.0,0.000000000,0.000000000,"",0,0,0,0,0,00,0,0*4e692d1f
#HEADINGA,ICOM3,0,86.9,FINESTEERING,2437,12010.200,00000000,0000,810;SOL_COMPUTED,NONE,0.000000000,0.000000000,0.000000000,0.0,0.000000000,0.000000000,"",0,0,0,0,0,00,0,0*d63cade5
#HEADINGA,ICOM3,0,86.9,FINESTEERING,2437,12010.400,00000000,0000,810;SOL_COMPUTED,NONE,0.000000000,0.000000000,0.000000000,0.0,0.000000000,0.000000000,"",0,0,0,0,0,00,0,0*d22e806d
#HEADINGA,ICOM3,0,86.9,FINESTEERING,2437,12010.600,00000000,0000,810;SOL_COMPUTED,NONE,0.000000000,0.000000000,0.000000000,0.0,0.000000000,0.000000000,"",0,0,0,0,0,00,0,0*670f992a
#HEADINGA,ICOM3,0,86.9,FINESTEERING,2437,12010.800,00000000,0000,810;SOL_COMPUTED,NONE,0.000000000,0.000000000,0.000000000,0.0,0.000000000,0.000000000,"",0,0,0,0,0,00,0,0*da0adb7d
#HEADINGA,ICOM3,0,86.9,FINESTEERING,2437,12011.000,00000000,0000,810;SOL_COMPUTED,NONE,0.000000000,0.000000000,0.000000000,0.0,0.000000000,0.000000000,"",0,0,0,0,0,00,0,0*e30cd593
#HEADINGA,ICOM3,0,85.5,FINESTEERING,2437,12011.200,00000000,0000,810;SOL_COMPUTED,NONE,0.000000000,0.000000000,0.000000000,0.0,0.000000000,0.000000000,"",0,0,0,0,0,00,0,0*e0e34b8c
#HEADINGA,ICOM3,0,85.5,FINESTEERING,2437,12011.400,00000000,0000,810;SOL_COMPUTED,NONE,0.000000000,0.000000000,0.000000000,0.0,0.000000000,0.000000000,"",0,0,0,0,0,00,0,0*e4f16604
#HEADINGA,ICOM3,0,85.5,FINESTEERING,2437,12011.600,00000000,0000,810;SOL_COMPUTED,NONE,0.000000000,0.000000000,0.000000000,0.0,0.000000000,0.000000000,"",0,0,0,0,0,00,0,0*51d07f43
#HEADINGA,ICOM3,0,85.5,FINESTEERING,2437,12011.800,00000000,0000,810;SOL_COMPUTED,NONE,0.000000000,0.000000000,0.000000000,0.0,0.000000000,0.000000000,"",0,0,0,0,0,00,0,0*ecd53d14
#HEADINGA,ICOM3,0,85.5,FINESTEERING,2437,12012.000,00000000,0000,810;SOL_COMPUTED,NONE,0.000000000,0.000000000,0.000000000,0.0,0.000000000,0.000000000,"",0,0,0,0,0,00,0,0*0e80f7d9
#HEADINGA,ICOM3,0,86.5,FINESTEERING,2437,12012.200,00000000,0000,810;SOL_COMPUTED,NONE,0.000000000,0.000000000,0.000000000,0.0,0.000000000,0.000000000,"",0,0,0,0,0,00,0,0*ca8888ce
#HEADINGA,ICOM3,0,86.5,FINESTEERING,2437,12012.400,00000000,0000,810;SOL_COMPUTED,NONE,0.000000000,0.000000000,0.000000000,0.0,0.000000000,0.000000000,"",0,0,0,0,0,00,0,0*ce9aa546
#HEADINGA,ICOM3,0,86.5,FINESTEERING,2437,12012.600,00000000,0000,810;SOL_COMPUTED,NONE,0.000000000,0.000000000,0.000000000,0.0,0.000000000,0.000000000,"",0,0,0,0,0,00,0,0*7bbbbc01
#HEADINGA,ICOM3,0,86.5,FINESTEERING,2437,12012.800,00000000,0000,810;SOL_COMPUTED,NONE,0.000000000,0.000000000,0.000000000,0.0,0.000000000,0.000000000,"",0,0,0,0,0,00,0,0*c6befe56
#HEADINGA,ICOM3,0,86.5,FINESTEERING,2437,12013.000,00000000,0000,810;SOL_COMPUTED,NONE,0.000000000,0.000000000,0.000000000,0.0,0.000000000,0.000000000,"",0,0,0,0,0,00,0,0*ffb8f0b8
#HEADINGA,ICOM3,0,85.8,FINESTEERING,2437,12013.200,00000000,0000,810;SOL_COMPUTED,NONE,0.000000000,0.000000000,0.000000000,0.0,0.000000000,0.000000000,"",0,0,0,0,0,00,0,0*ecffc699
#HEADINGA,ICOM3,0,85.8,FINESTEERING,2437,12013.400,00000000,0000,810;SOL_COMPUTED,NONE,0.000000000,0.000000000,0.000000000,0.0,0.000000000,0.000000000,"",0,0,0,0,0,00,0,0*e8edeb11
#HEADINGA,ICOM3,0,85.8,FINESTEERING,2437,12013.600,00000000,0000,810;SOL_COMPUTED,NONE,0.000000000,0.000000000,0.000000000,0.0,0.000000000,0.000000000,"",0,0,0,0,0,00,0,0*5dccf256
#HEADINGA,ICOM3,0,85.8,FINESTEERING,2437,12013.800,00000000,0000,810;SOL_COMPUTED,NONE,0.000000000,0.000000000,0.000000000,0.0,0.000000000,0.000000000,"",0,0,0,0,0,00,0,0*e0c9b001
#HEADINGA,ICOM3,0,85.8,FINESTEERING,2437,12014.000,00000000,0000,810;SOL_COMPUTED,NONE,0.000000000,0.000000000,0.000000000,0.0,0.000000000,0.000000000,"",0,0,0,0,0,00,0,0*6f4af4cb
#HEADINGA,ICOM3,0,86.8,FINESTEERING,2437,12014.200,00000000,0000,810;SOL_COMPUTED,NONE,0.000000000,0.000000000,0.000000000,0.0,0.000000000,0.000000000,"",0,0,0,0,0,00,0,0*ab428bdc
#HEADINGA,ICOM3,0,86.8,FINESTEERING,2437,12014.400,00000000,0000,810;SOL_COMPUTED,NONE,0.000000000,0.000000000,0.000000000,0.0,0.000000000,0.000000000,"",0,0,0,0,0,00,0,0*af50a654
#HEADINGA,ICOM3,0,86.8,FINESTEERING,2437,12014.600,00000000,0000,810;SOL_COMPUTED,NONE,0.000000000,0.000000000,0.000000000,0.0,0.000000000,0.000000000,"",0,0,0,0,0,00,0,0*1a71bf13
#HEADINGA,ICOM3,0,86.8,FINESTEERING,2437,12014.800,00000000,0000,810;SOL_COMPUTED,NONE,0.000000000,0.000000000,0.000000000,0.0,0.000000000,0.000000000,"",0,0,0,0,0,00,0,0*a774fd44
#HEADINGA,ICOM3,0,86.8,FINESTEERING,2437,12015.000,00000000,0000,810;SOL_COMPUTED,NONE,0.000000000,0.000000000,0.000000000,0.0,0.000000000,0.000000000,"",0,0,0,0,0,00,0,0*9e72f3aa
#HEADINGA,ICOM3,0,87.6,FINESTEERING,2437,12015.200,00000000,0000,810;SOL_COMPUTED,NONE,0.000000000,0.000000000,0.000000000,0.0,0.000000000,0.000000000,"",0,0,0,0,0,00,0,0*542d7b96
#HEADINGA,ICOM3,0,87.6,FINESTEERING,2437,12015.400,00000000,0000,810;SOL_COMPUTED,NONE,0.000000000,0.000000000,0.000000000,0.0,0.000000000,0.000000000,"",0,0,0,0,0,00,0,0*503f561e
#HEADINGA,ICOM3,0,87.6,FINESTEERING,2437,12015.600,00000000,0000,810;SOL_COMPUTED,NONE,0.000000000,0.000000000,0.000000000,0.0,0.000000000,0.000000000,"",0,0,0,0,0,00,0,0*e51e4f59
#HEADINGA,ICOM3,0,87.6,FINESTEERING,2437,12015.800,00000000,0000,810;SOL_COMPUTED,NONE,0.000000000,0.000000000,0.000000000,0.0,0.000000000,0.000000000,"",0,0,0,0,0,00,0,0*581b0d0e
#HEADINGA,ICOM3,0,87.6,FINESTEERING,2437,12016.000,00000000,0000,810;SOL_COMPUTED,NONE,0.000000000,0.000000000,0.000000000,0.0,0.000000000,0.000000000,"",0,0,0,0,0,00,0,0*ba4ec7c3
#HEADINGA,ICOM3,0,85.8,FINESTEERING,2437,12016.200,00000000,0000,810;SOL_COMPUTED,NONE,0.000000000,0.000000000,0.000000000,0.0,0.000000000,0.000000000,"",0,0,0,0,0,00,0,0*013829af
#HEADINGA,ICOM3,0,85.8,FINESTEERING,2437,12016.400,00000000,0000,810;SOL_COMPUTED,NONE,0.000000000,0.000000000,0.000000000,0.0,0.000000000,0.000000000,"",0,0,0,0,0,00,0,0*052a0427
#HEADINGA,ICOM3,0,85.8,FINESTEERING,2437,12016.600,00000000,0000,810;SOL_COMPUTED,NONE,0.000000000,0.000000000,0.000000000,0.0,0.000000000,0.000000000,"",0,0,0,0,0,00,0,0*b00b1d60
#HEADINGA,ICOM3,0,85.8,FINESTEERING,2437,12016.800,00000000,0000,810;SOL_COMPUTED,NONE,0.000000000,0.000000000,0.000000000,0.0,0.000000000,0.000000000,"",0,0,0,0,0,00,0,0*0d0e5f37
#HEADINGA,ICOM3,0,85.8,FINESTEERING,2437,12017.000,00000000,0000,810;SOL_COMPUTED,NONE,0.000000000,0.000000000,0.000000000,0.0,0.000000000,0.000000000,"",0,0,0,0,0,00,0,0*340851d9
#HEADINGA,ICOM3,0,86.3,FINESTEERING,2437,12017.200,00000000,0000,810;SOL_COMPUTED,NONE,0.000000000,0.000000000,0.000000000,0.0,0.000000000,0.000000000,"",0,0,0,0,0,00,0,0*44bc977c
#HEADINGA,ICOM3,0,86.3,FINESTEERING,2437,12017.400,00000000,0000,810;SOL_COMPUTED,NONE,0.000000000,0.000000000,0.000000000,0.0,0.000000000,0.000000000,"",0,0,0,0,0,00,0,0*40aebaf4
#HEADINGA,ICOM3,0,86.3,FINESTEERING,2437,12017.600,00000000,0000,810;SOL_COMPUTED,NONE,0.000000000,0.000000000,0.000000000,0.0,0.000000000,0.000000000,"",0,0,0,0,0,00,0,0*f58fa3b3
#HEADINGA,ICOM3,0,86.3,FINESTEERING,2437,12017.800,00000000,0000,810;SOL_COMPUTED,NONE,0.000000000,0.000000000,0.000000000,0.0,0.000000000,0.000000000,"",0,0,0,0,0,00,0,0*488ae1e4
#HEADINGA,ICOM3,0,86.3,FINESTEERING,2437,12018.000,00000000,0000,810;SOL_COMPUTED,NONE,0.000000000,0.000000000,0.000000000,0.0,0.000000000,0.000000000,"",0,0,0,0,0,00,0,0*1ca4b920
#HEADINGA,ICOM3,0,85.0,FINESTEERING,2437,12018.200,00000000,0000,810;SOL_COMPUTED,NONE,0.000000000,0.000000000,0.000000000,0.0,0.000000000,0.000000000,"",0,0,0,0,0,00,0,0*e9553e75
#HEADINGA,ICOM3,0,85.0,FINESTEERING,2437,12018.400,00000000,0000,810;SOL_COMPUTED,NONE,0.000000000,0.000000000,0.000000000,0.0,0.000000000,0.000000000,"",0,0,0,0,0,00,0,0*ed4713fd
#HEADINGA,ICOM3,0,85.0,FINESTEERING,2437,12018.600,00000000,0000,810;SOL_COMPUTED,NONE,0.000000000,0.000000000,0.000000000,0.0,0.000000000,0.000000000,"",0,0,0,0,0,00,0,0*58660aba
#HEADINGA,ICOM3,0,85.0,FINESTEERING,2437,12018.800,00000000,0000,810;SOL_COMPUTED,NONE,0.000000000,0.000000000,0.000000000,0.0,0.000000000,0.000000000,"",0,0,0,0,0,00,0,0*e56348ed
#HEADINGA,ICOM3,0,85.0,FINESTEERING,2437,12019.000,00000000,0000,810;SOL_COMPUTED,NONE,0.000000000,0.000000000,0.000000000,0.0,0.000000000,0.000000000,"",0,0,0,0,0,00,0,0*dc654603
#HEADINGA,ICOM3,0,86.7,FINESTEERING,2437,12019.200,00000000,0000,810;SOL_COMPUTED,NONE,0.000000000,0.000000000,0.000000000,0.0,0.000000000,0.000000000,"",0,0,0,0,0,00,0,0*6b3661ae
#HEADINGA,ICOM3,0,86.7,FINESTEERING,2437,12019.400,00000000,0000,810;SOL_COMPUTED,NONE,0.000000000,0.000000000,0.000000000,0.0,0.000000000,0.000000000,"",0,0,0,0,0,00,0,0*6f244c26
#HEADINGA,ICOM3,0,86.7,FINESTEERING,2437,12019.600,00000000,0000,810;SOL_COMPUTED,NONE,0.000000000,0.000000000,0.000000000,0.0,0.000000000,0.000000000,"",0,0,0,0,0,00,0,0*da055561
#HEADINGA,ICOM3,0,86.7,FINESTEERING,2437,12019.800,00000000,0000,810;SOL_COMPUTED,NONE,0.000000000,0.000000000,0.000000000,0.0,0.000000000,0.000000000,"",0,0,0,0,0,00,0,0*67001736
#HEADINGA,ICOM3,0,86.7,FINESTEERING,2437,12020.000,00000000,0000,810;SOL_COMPUTED,NONE,0.000000000,0.000000000,0.000000000,0.0,0.000000000,0.000000000,"",0,0,0,0,0,00,0,0*7649363b
#HEADINGA,ICOM3,0,86.6,FINESTEERING,2437,12020.200,00000000,0000,810;SOL_COMPUTED,NONE,0.000000000,0.000000000,0.000000000,0.0,0.000000000,0.000000000,"",0,0,0,0,0,00,0,0*d3c08742
#HEADINGA,ICOM3,0,86.6,FINESTEERING,2437,12020.400,00000000,0000,810;SOL_COMPUTED,NONE,0.000000000,0.000000000,0.000000000,0.0,0.000000000,0.000000000,"",0,0,0,0,0,00,0,0*d7d2aaca
#HEADINGA,ICOM3,0,86.6,FINESTEERING,2437,12020.600,00000000,0000,810;SOL_COMPUTED,NONE,0.000000000,0.000000000,0.000000000,0.0,0.000000000,0.000000000,"",0,0,0,0,0,00,0,0*62f3b38d
#HEADINGA,ICOM3,0,86.6,FINESTEERING,2437,12020.800,00000000,0000,810;SOL_COMPUTED,NONE,0.000000000,0.000000000,0.000000000,0.0,0.000000000,0.000000000,"",0,0,0,0,0,00,0,0*dff6f1da
#HEADINGA,ICOM3,0,86.6,FINESTEERING,2437,12021.000,00000000,0000,810;SOL_COMPUTED,NONE,0.000000000,0.000000000,0.000000000,0.0,0.000000000,0.000000000,"",0,0,0,0,0,00,0,0*e6f0ff34
#HEADINGA,ICOM3,0,86.7,FINESTEERING,2437,12021.200,00000000,0000,810;SOL_COMPUTED,NONE,0.000000000,0.000000000,0.000000000,0.0,0.000000000,0.000000000,"",0,0,0,0,0,00,0,0*43794e4d
#HEADINGA,ICOM3,0,86.7,FINESTEERING,2437,12021.400,00000000,0000,810;SOL_COMPUTED,NONE,0.000000000,0.000000000,0.000000000,0.0,0.000000000,0.000000000,"",0,0,0,0,0,00,0,0*476b63c5
#HEADINGA,ICOM3,0,86.7,FINESTEERING,2437,12021.600,00000000,0000,810;SOL_COMPUTED,NONE,0.000000000,0.000000000,0.000000000,0.0,0.000000000,0.000000000,"",0,0,0,0,0,00,0,0*f24a7a82
#HEADINGA,ICOM3,0,86.7,FINESTEERING,2437,12021.800,00000000,0000,810;SOL_COMPUTED,NONE,0.000000000,0.000000000,0.000000000,0.0,0.000000000,0.000000000,"",0,0,0,0,0,00,0,0*4f4f38d5
#HEADINGA,ICOM3,0,86.7,FINESTEERING,2437,12022.000,00000000,0000,810;SOL_COMPUTED,NONE,0.000000000,0.000000000,0.000000000,0.0,0.000000000,0.000000000,"",0,0,0,0,0,00,0,0*ad1af218
#HEADINGA,ICOM3,0,86.7,FINESTEERING,2437,12022.200,00000000,0000,810;SOL_COMPUTED,NONE,0.000000000,0.000000000,0.000000000,0.0,0.000000000,0.000000000,"",0,0,0,0,0,00,0,0*183beb5f
#HEADINGA,ICOM3,0,86.7,FINESTEERING,2437,12022.400,00000000,0000,810;SOL_COMPUTED,NONE,0.000000000,0.000000000,0.000000000,0.0,0.000000000,0.000000000,"",0,0,0,0,0,00,0,0*1c29c6d7
#HEADINGA,ICOM3,0,86.7,FINESTEERING,2437,12022.600,00000000,0000,810;SOL_COMPUTED,NONE,0.000000000,0.000000000,0.000000000,0.0,0.000000000,0.000000000,"",0,0,0,0,0,00,0,0*a908df90
#HEADINGA,ICOM3,0,86.7,FINESTEERING,2437,12022.800,00000000,0000,810;SOL_COMPUTED,NONE,0.000000000,0.000000000,0.000000000,0.0,0.000000000,0.000000000,"",0,0,0,0,0,00,0,0*140d9dc7
#HEADINGA,ICOM3,0,86.7,FINESTEERING,2437,12023.000,00000000,0000,810;SOL_COMPUTED,NONE,0.000000000,0.000000000,0.000000000,0.0,0.000000000,0.000000000,"",0,0,0,0,0,00,0,0*2d0b9329
#HEADINGA,ICOM3,0,87.0,FINESTEERING,2437,12023.200,00000000,0000,810;SOL_COMPUTED,NONE,0.000000000,0.000000000,0.000000000,0.0,0.000000000,0.000000000,"",0,0,0,0,0,00,0,0*72b9f2db
#HEADINGA,ICOM3,0,87.0,FINESTEERING,2437,12023.400,00000000,0000,810;SOL_COMPUTED,NONE,0.000000000,0.000000000,0.000000000,0.0,0.000000000,0.000000000,"",0,0,0,0,0,00,0,0*76abdf53
#HEADINGA,ICOM3,0,87.0,FINESTEERING,2437,12023.600,00000000,0000,810;SOL_COMPUTED,NONE,0.000000000,0.000000000,0.000000000,0.0,0.000000000,0.000000000,"",0,0,0,0,0,00,0,0*c38ac614
#HEADINGA,ICOM3,0,87.0,FINESTEERING,2437,12023.800,00000000,0000,810;SOL_COMPUTED,NONE,0.000000000,0.000000000,0.000000000,0.0,0.000000000,0.000000000,"",0,0,0,0,0,00,0,0*7e8f8443
#HEADINGA,ICOM3,0,87.0,FINESTEERING,2437,12024.000,00000000,0000,810;SOL_COMPUTED,NONE,0.000000000,0.000000000,0.000000000,0.0,0.000000000,0.000000000,"",0,0,0,0,0,00,0,0*f10cc089
#HEADINGA,ICOM3,0,86.9,FINESTEERING,2437,12024.200,00000000,0000,810;SOL_COMPUTED,NONE,0.000000000,0.000000000,0.000000000,0.0,0.000000000,0.000000000,"",0,0,0,0,0,00,0,0*4808100f
#HEADINGA,ICOM3,0,86.9,FINESTEERING,2437,12024.400,00000000,0000,810;SOL_COMPUTED,NONE,0.000000000,0.000000000,0.000000000,0.0,0.000000000,0.000000000,"",0,0,0,0,0,00,0,0*4c1a3d87
#HEADINGA,ICOM3,0,86.9,FINESTEERING,2437,12024.600,00000000,0000,810;SOL_COMPUTED,NONE,0.000000000,0.000000000,0.000000000,0.0,0.000000000,0.000000000,"",0,0,0,0,0,00,0,0*f93b24c0
#HEADINGA,ICOM3,0,86.9,FINESTEERING,2437,12024.800,00000000,0000,810;SOL_COMPUTED,NONE,0.000000000,0.000000000,0.000000000,0.0,0.000000000,0.000000000,"",0,0,0,0,0,00,0,0*443e6697
#HEADINGA,ICOM3,0,86.9,FINESTEERING,2437,12025.000,00000000,0000,810;SOL_COMPUTED,NONE,0.000000000,0.000000000,0.000000000,0.0,0.000000000,0.000000000,"",0,0,0,0,0,00,0,0*7d386879
#HEADINGA,ICOM3,0,87.1,FINESTEERING,2437,12025.200,00000000,0000,810;SOL_COMPUTED,NONE,0.000000000,0.000000000,0.000000000,0.0,0.000000000,0.000000000,"",0,0,0,0,0,00,0,0*d49410c1
#HEADINGA,ICOM3,0,87.1,FINESTEERING,2437,12025.400,00000000,0000,810;SOL_COMPUTED,NONE,0.000000000,0.000000000,0.000000000,0.0,0.000000000,0.000000000,"",0,0,0,0,0,00,0,0*d0863d49
#HEADINGA,ICOM3,0,87.1,FINESTEERING,2437,12025.600,00000000,0000,810;SOL_COMPUTED,NONE,0.000000000,0.000000000,0.000000000,0.0,0.000000000,0.000000000,"",0,0,0,0,0,00,0,0*65a7240e
#HEADINGA,ICOM3,0,87.1,FINESTEERING,2437,12025.800,00000000,0000,810;SOL_COMPUTED,NONE,0.000000000,0.000000000,0.000000000,0.0,0.000000000,0.000000000,"",0,0,0,0,0,00,0,0*d8a26659
#HEADINGA,ICOM3,0,87.1,FINESTEERING,2437,12026.000,00000000,0000,810;SOL_COMPUTED,NONE,0.000000000,0.000000000,0.000000000,0.0,0.000000000,0.000000000,"",0,0,0,0,0,00,0,0*3af7ac94
#HEADINGA,ICOM3,0,87.3,FINESTEERING,2437,12026.200,00000000,0000,810;SOL_COMPUTED,NONE,0.000000000,0.000000000,0.000000000,0.0,0.000000000,0.000000000,"",0,0,0,0,0,00,0,0*ae87e5af
#HEADINGA,ICOM3,0,87.3,FINESTEERING,2437,12026.400,00000000,0000,810;SOL_COMPUTED,NONE,0.000000000,0.000000000,0.000000000,0.0,0.000000000,0.000000000,"",0,0,0,0,0,00,0,0*aa95c827
#HEADINGA,ICOM3,0,87.3,FINESTEERING,2437,12026.600,00000000,0000,810;SOL_COMPUTED,NONE,0.000000000,0.000000000,0.000000000,0.0,0.000000000,0.000000000,"",0,0,0,0,0,00,0,0*1fb4d160
#HEADINGA,ICOM3,0,87.3,FINESTEERING,2437,12026.800,00000000,0000,810;SOL_COMPUTED,NONE,0.000000000,0.000000000,0.000000000,0.0,0.000000000,0.000000000,"",0,0,0,0,0,00,0,0*a2b19337
#HEADINGA,ICOM3,0,87.3,FINESTEERING,2437,12027.000,00000000,0000,810;SOL_COMPUTED,NONE,0.000000000,0.000000000,0.000000000,0.0,0.000000000,0.000000000,"",0,0,0,0,0,00,0,0*9bb79dd9
#HEADINGA,ICOM3,0,86.9,FINESTEERING,2437,12027.200,00000000,0000,810;SOL_COMPUTED,NONE,0.000000000,0.000000000,0.000000000,0.0,0.000000000,0.000000000,"",0,0,0,0,0,00,0,0*134ab51d
#HEADINGA,ICOM3,0,86.9,FINESTEERING,2437,12027.400,00000000,0000,810;SOL_COMPUTED,NONE,0.000000000,0.000000000,0.000000000,0.0,0.000000000,0.000000000,"",0,0,0,0,0,00,0,0*17589895
#HEADINGA,ICOM3,0,86.9,FINESTEERING,2437,12027.600,00000000,0000,810;SOL_COMPUTED,NONE,0.000000000,0.000000000,0.000000000,0.0,0.000000000,0.000000000,"",0,0,0,0,0,00,0,0*a27981d2
#HEADINGA,ICOM3,0,86.9,FINESTEERING,2437,12027.800,00000000,0000,810;SOL_COMPUTED,NONE,0.000000000,0.000000000,0.000000000,0.0,0.000000000,0.000000000,"",0,0,0,0,0,00,0,0*1f7cc385
#HEADINGA,ICOM3,0,86.9,FINESTEERING,2437,12028.000,00000000,0000,810;SOL_COMPUTED,NONE,0.000000000,0.000000000,0.000000000,0.0,0.000000000,0.000000000,"",0,0,0,0,0,00,0,0*4b529b41
#HEADINGA,ICOM3,0,86.5,FINESTEERING,2437,12028.200,00000000,0000,810;SOL_COMPUTED,NONE,0.000000000,0.000000000,0.000000000,0.0,0.000000000,0.000000000,"",0,0,0,0,0,00,0,0*3994630e
#HEADINGA,ICOM3,0,86.5,FINESTEERING,2437,12028.400,00000000,0000,810;SOL_COMPUTED,NONE,0.000000000,0.000000000,0.000000000,0.0,0.000000000,0.000000000,"",0,0,0,0,0,00,0,0*3d864e86
#HEADINGA,ICOM3,0,86.5,FINESTEERING,2437,12028.600,00000000,0000,810;SOL_COMPUTED,NONE,0.000000000,0.000000000,0.000000000,0.0,0.000000000,0.000000000,"",0,0,0,0,0,00,0,0*88a757c1
#HEADINGA,ICOM3,0,86.5,FINESTEERING,2437,12028.800,00000000,0000,810;SOL_COMPUTED,NONE,0.000000000,0.000000000,0.000000000,0.0,0.000000000,0.000000000,"",0,0,0,0,0,00,0,0*35a21596
#HEADINGA,ICOM3,0,86.5,FINESTEERING,2437,12029.000,00000000,0000,810;SOL_COMPUTED,NONE,0.000000000,0.000000000,0.000000000,0.0,0.000000000,0.000000000,"",0,0,0,0,0,00,0,0*0ca41b78
#HEADINGA,ICOM3,0,86.8,FINESTEERING,2437,12029.200,00000000,0000,810;SOL_COMPUTED,NONE,0.000000000,0.000000000,0.000000000,0.0,0.000000000,0.000000000,"",0,0,0,0,0,00,0,0*6eca4b09
#HEADINGA,ICOM3,0,86.8,FINESTEERING,2437,12029.400,00000000,0000,810;SOL_COMPUTED,NONE,0.000000000,0.000000000,0.000000000,0.0,0.000000000,0.000000000,"",0,0,0,0,0,00,0,0*6ad86681
#HEADINGA,ICOM3,0,86.8,FINESTEERING,2437,12029.600,00000000,0000,810;SOL_COMPUTED,NONE,0.000000000,0.000000000,0.000000000,0.0,0.000000000,0.000000000,"",0,0,0,0,0,00,0,0*dff97fc6
#HEADINGA,ICOM3,0,86.8,FINESTEERING,2437,12029.800,00000000,0000,810;SOL_COMPUTED,NONE,0.000000000,0.000000000,0.000000000,0.0,0.000000000,0.000000000,"",0,0,0,0,0,00,0,0*62fc3d91
#HEADINGA,ICOM3,0,86.8,FINESTEERING,2437,12030.000,00000000,0000,810;SOL_COMPUTED,NONE,0.000000000,0.000000000,0.000000000,0.0,0.000000000,0.000000000,"",0,0,0,0,0,00,0,0*d1093e2a
#HEADINGA,ICOM3,0,86.3,FINESTEERING,2437,12030.200,00000000,0000,810;SOL_COMPUTED,NONE,0.000000000,0.000000000,0.000000000,0.0,0.000000000,0.000000000,"",0,0,0,0,0,00,0,0*d0949edf
#HEADINGA,ICOM3,0,86.3,FINESTEERING,2437,12030.400,00000000,0000,810;SOL_COMPUTED,NONE,0.000000000,0.000000000,0.000000000,0.0,0.000000000,0.000000000,"",0,0,0,0,0,00,0,0*d486b357
#HEADINGA,ICOM3,0,86.3,FINESTEERING,2437,12030.600,00000000,0000,810;SOL_COMPUTED,NONE,0.000000000,0.000000000,0.000000000,0.0,0.000000000,0.000000000,"",0,0,0,0,0,00,0,0*61a7aa10
#HEADINGA,ICOM3,0,86.3,FINESTEERING,2437,12030.800,00000000,0000,810;SOL_COMPUTED,NONE,0.000000000,0.000000000,0.000000000,0.0,0.000000000,0.000000000,"",0,0,0,0,0,00,0,0*dca2e847
#HEADINGA,ICOM3,0,86.3,FINESTEERING,2437,12031.000,00000000,0000,810;SOL_COMPUTED,NONE,0.000000000,0.000000000,0.000000000,0.0,0.000000000,0.000000000,"",0,0,0,0,0,00,0,0*e5a4e6a9
#HEADINGA,ICOM3,0,86.8,FINESTEERING,2437,12031.200,00000000,0000,810;SOL_COMPUTED,NONE,0.000000000,0.000000000,0.000000000,0.0,0.000000000,0.000000000,"",0,0,0,0,0,00,0,0*e439465c
#HEADINGA,ICOM3,0,86.8,FINESTEERING,2437,12031.400,00000000,0000,810;SOL_COMPUTED,NONE,0.000000000,0.000000000,0.000000000,0.0,0.000000000,0.000000000,"",0,0,0,0,0,00,0,0*e02b6bd4
#HEADINGA,ICOM3,0,86.8,FINESTEERING,2437,12031.600,00000000,0000,810;SOL_COMPUTED,NONE,0.000000000,0.000000000,0.000000000,0.0,0.000000000,0.000000000,"",0,0,0,0,0,00,0,0*550a7293
#HEADINGA,ICOM3,0,86.8,FINESTEERING,2437,12031.800,00000000,0000,810;SOL_COMPUTED,NONE,0.000000000,0.000000000,0.000000000,0.0,0.000000000,0.000000000,"",0,0,0,0,0,00,0,0*e80f30c4
#HEADINGA,ICOM3,0,86.8,FINESTEERING,2437,12032.000,00000000,0000,810;SOL_COMPUTED,NONE,0.000000000,0.000000000,0.000000000,0.0,0.000000000,0.000000000,"",0,0,0,0,0,00,0,0*0a5afa09
#HEADINGA,ICOM3,0,86.6,FINESTEERING,2437,12032.200,00000000,0000,810;SOL_COMPUTED,NONE,0.000000000,0.000000000,0.000000000,0.0,0.000000000,0.000000000,"",0,0,0,0,0,00,0,0*59cd523a
#HEADINGA,ICOM3,0,86.6,FINESTEERING,2437,12032.400,00000000,0000,810;SOL_COMPUTED,NONE,0.000000000,0.000000000,0.000000000,0.0,0.000000000,0.000000000,"",0,0,0,0,0,00,0,0*5ddf7fb2
#HEADINGA,ICOM3,0,86.6,FINESTEERING,2437,12032.600,00000000,0000,810;SOL_COMPUTED,NONE,0.000000000,0.000000000,0.000000000,0.0,0.000000000,0.000000000,"",0,0,0,0,0,00,0,0*e8fe66f5
#HEADINGA,ICOM3,0,86.6,FINESTEERING,2437,12032.800,00000000,0000,810;SOL_COMPUTED,NONE,0.000000000,0.000000000,0.000000000,0.0,0.000000000,0.000000000,"",0,0,0,0,0,00,0,0*55fb24a2
#HEADINGA,ICOM3,0,86.6,FINESTEERING,2437,12033.000,00000000,0000,810;SOL_COMPUTED,NONE,0.000000000,0.000000000,0.000000000,0.0,0.000000000,0.000000000,"",0,0,0,0,0,00,0,0*6cfd2a4c
#HEADINGA,ICOM3,0,86.7,FINESTEERING,2437,12033.200,00000000,0000,810;SOL_COMPUTED,NONE,0.000000000,0.000000000,0.000000000,0.0,0.000000000,0.000000000,"",0,0,0,0,0,00,0,0*c9749b35
#HEADINGA,ICOM3,0,86.7,FINESTEERING,2437,12033.400,00000000,0000,810;SOL_COMPUTED,NONE,0.000000000,0.000000000,0.000000000,0.0,0.000000000,0.000000000,"",0,0,0,0,0,00,0,0*cd66b6bd
#HEADINGA,ICOM3,0,86.7,FINESTEERING,2437,12033.600,00000000,0000,810;SOL_COMPUTED,NONE,0.000000000,0.000000000,0.000000000,0.0,0.000000000,0.000000000,"",0,0,0,0,0,00,0,0*7847affa
#HEADINGA,ICOM3,0,86.7,FINESTEERING,2437,12033.800,00000000,0000,810;SOL_COMPUTED,NONE,0.000000000,0.000000000,0.000000000,0.0,0.000000000,0.000000000,"",0,0,0,0,0,00,0,0*c542edad
#HEADINGA,ICOM3,0,86.7,FINESTEERING,2437,12034.000,00000000,0000,810;SOL_COMPUTED,NONE,0.000000000,0.000000000,0.000000000,0.0,0.000000000,0.000000000,"",0,0,0,0,0,00,0,0*4ac1a967
#HEADINGA,ICOM3,0,86.3,FINESTEERING,2437,12034.200,00000000,0000,810;SOL_COMPUTED,NONE,0.000000000,0.000000000,0.000000000,0.0,0.000000000,0.000000000,"",0,0,0,0,0,00,0,0*bd4210d8
#HEADINGA,ICOM3,0,86.3,FINESTEERING,2437,12034.400,00000000,0000,810;SOL_COMPUTED,NONE,0.000000000,0.000000000,0.000000000,0.0,0.000000000,0.000000000,"",0,0,0,0,0,00,0,0*b9503d50
#HEADINGA,ICOM3,0,86.3,FINESTEERING,2437,12034.600,00000000,0000,810;SOL_COMPUTED,NONE,0.000000000,0.000000000,0.000000000,0.0,0.000000000,0.000000000,"",0,0,0,0,0,00,0,0*0c712417
#HEADINGA,ICOM3,0,86.3,FINESTEERING,2437,12034.800,00000000,0000,810;SOL_COMPUTED,NONE,0.000000000,0.000000000,0.000000000,0.0,0.000000000,0.000000000,"",0,0,0,0,0,00,0,0*b1746640
#HEADINGA,ICOM3,0,86.3,FINESTEERING,2437,12035.000,00000000,0000,810;SOL_COMPUTED,NONE,0.000000000,0.000000000,0.000000000,0.0,0.000000000,0.000000000,"",0,0,0,0,0,00,0,0*887268ae
#HEADINGA,ICOM3,0,86.3,FINESTEERING,2437,12035.200,00000000,0000,810;SOL_COMPUTED,NONE,0.000000000,0.000000000,0.000000000,0.0,0.000000000,0.000000000,"",0,0,0,0,0,00,0,0*3d5371e9
#HEADINGA,ICOM3,0,86.3,FINESTEERING,2437,12035.400,00000000,0000,810;SOL_COMPUTED,NONE,0.000000000,0.000000000,0.000000000,0.0,0.000000000,0.000000000,"",0,0,0,0,0,00,0,0*39415c61
#HEADINGA,ICOM3,0,86.3,FINESTEERING,2437,12035.600,00000000,0000,810;SOL_COMPUTED,NONE,0.000000000,0.000000000,0.000000000,0.0,0.000000000,0.000000000,"",0,0,0,0,0,00,0,0*8c604526
#HEADINGA,ICOM3,0,86.3,FINESTEERING,2437,12035.800,00000000,0000,810;SOL_COMPUTED,NONE,0.000000000,0.000000000,0.000000000,0.0,0.000000000,0.000000000,"",0,0,0,0,0,00,0,0*31650771
#HEADINGA,ICOM3,0,86.3,FINESTEERING,2437,12036.000,00000000,0000,810;SOL_COMPUTED,NONE,0.000000000,0.000000000,0.000000000,0.0,0.000000000,0.000000000,"",0,0,0,0,0,00,0,0*d330cdbc
#HEADINGA,ICOM3,0,86.3,FINESTEERING,2437,12036.200,00000000,0000,810;SOL_COMPUTED,NONE,0.000000000,0.000000000,0.000000000,0.0,0.000000000,0.000000000,"",0,0,0,0,0,00,0,0*6611d4fb
#HEADINGA,ICOM3,0,86.3,FINESTEERING,2437,12036.400,00000000,0000,810;SOL_COMPUTED,NONE,0.000000000,0.000000000,0.000000000,0.0,0.000000000,0.000000000,"",0,0,0,0,0,00,0,0*6203f973
#HEADINGA,ICOM3,0,86.3,FINESTEERING,2437,12036.600,00000000,0000,810;SOL_COMPUTED,NONE,0.000000000,0.000000000,0.000000000,0.0,0.000000000,0.000000000,"",0,0,0,0,0,00,0,0*d722e034
#HEADINGA,ICOM3,0,86.3,FINESTEERING,2437,12036.800,00000000,0000,810;SOL_COMPUTED,NONE,0.000000000,0.000000000,0.000000000,0.0,0.000000000,0.000000000,"",0,0,0,0,0,00,0,0*6a27a263
#HEADINGA,ICOM3,0,86.3,FINESTEERING,2437,12037.000,00000000,0000,810;SOL_COMPUTED,NONE,0.000000000,0.000000000,0.000000000,0.0,0.000000000,0.000000000,"",0,0,0,0,0,00,0,0*5321ac8d
#HEADINGA,ICOM3,0,86.2,FINESTEERING,2437,12037.200,00000000,0000,810;SOL_COMPUTED,NONE,0.000000000,0.000000000,0.000000000,0.0,0.000000000,0.000000000,"",0,0,0,0,0,00,0,0*f6a81df4
#HEADINGA,ICOM3,0,86.2,FINESTEERING,2437,12037.400,00000000,0000,810;SOL_COMPUTED,NONE,0.000000000,0.000000000,0.000000000,0.0,0.000000000,0.000000000,"",0,0,0,0,0,00,0,0*f2ba307c
#HEADINGA,ICOM3,0,86.2,FINESTEERING,2437,12037.600,00000000,0000,810;SOL_COMPUTED,NONE,0.000000000,0.000000000,0.000000000,0.0,0.000000000,0.000000000,"",0,0,0,0,0,00,0,0*479b293b
#HEADINGA,ICOM3,0,86.2,FINESTEERING,2437,12037.800,00000000,0000,810;SOL_COMPUTED,NONE,0.000000000,0.000000000,0.000000000,0.0,0.000000000,0.000000000,"",0,0,0,0,0,00,0,0*fa9e6b6c
#HEADINGA,ICOM3,0,86.2,FINESTEERING,2437,12038.000,00000000,0000,810;SOL_COMPUTED,NONE,0.000000000,0.000000000,0.000000000,0.0,0.000000000,0.000000000,"",0,0,0,0,0,00,0,0*aeb033a8
#HEADINGA,ICOM3,0,86.6,FINESTEERING,2437,12038.200,00000000,0000,810;SOL_COMPUTED,NONE,0.000000000,0.000000000,0.000000000,0.0,0.000000000,0.000000000,"",0,0,0,0,0,00,0,0*59338a17
#HEADINGA,ICOM3,0,86.6,FINESTEERING,2437,12038.400,00000000,0000,810;SOL_COMPUTED,NONE,0.000000000,0.000000000,0.000000000,0.0,0.000000000,0.000000000,"",0,0,0,0,0,00,0,0*5d21a79f
#HEADINGA,ICOM3,0,86.6,FINESTEERING,2437,12038.600,00000000,0000,810;SOL_COMPUTED,NONE,0.000000000,0.000000000,0.000000000,0.0,0.000000000,0.000000000,"",0,0,0,0,0,00,0,0*e800bed8
#HEADINGA,ICOM3,0,86.6,FINESTEERING,2437,12038.800,00000000,0000,810;SOL_COMPUTED,NONE,0.000000000,0.000000000,0.000000000,0.0,0.000000000,0.000000000,"",0,0,0,0,0,00,0,0*5505fc8f
#HEADINGA,ICOM3,0,86.6,FINESTEERING,2437,12039.000,00000000,0000,810;SOL_COMPUTED,NONE,0.000000000,0.000000000,0.000000000,0.0,0.000000000,0.000000000,"",0,0,0,0,0,00,0,0*6c03f261
#HEADINGA,ICOM3,0,86.6,FINESTEERING,2437,12039.200,00000000,0000,810;SOL_COMPUTED,NONE,0.000000000,0.000000000,0.000000000,0.0,0.000000000,0.000000000,"",0,0,0,0,0,00,0,0*d922eb26
#HEADINGA,ICOM3,0,86.6,FINESTEERING,2437,12039.400,00000000,0000,810;SOL_COMPUTED,NONE,0.000000000,0.000000000,0.000000000,0.0,0.000000000,0.000000000,"",0,0,0,0,0,00,0,0*dd30c6ae
#HEADINGA,ICOM3,0,86.6,FINESTEERING,2437,12039.600,00000000,0000,810;SOL_COMPUTED,NONE,0.000000000,0.000000000,0.000000000,0.0,0.000000000,0.000000000,"",0,0,0,0,0,00,0,0*6811dfe9
#HEADINGA,ICOM3,0,86.6,FINESTEERING,2437,12039.800,00000000,0000,810;SOL_COMPUTED,NONE,0.000000000,0.000000000,0.000000000,0.0,0.000000000,0.000000000,"",0,0,0,0,0,00,0,0*d5149dbe
#HEADINGA,ICOM3,0,86.6,FINESTEERING,2437,12040.000,00000000,0000,810;SOL_COMPUTED,NONE,0.000000000,0.000000000,0.000000000,0.0,0.000000000,0.000000000,"",0,0,0,0,0,00,0,0*5a54ff9e
#HEADINGA,ICOM3,0,86.7,FINESTEERING,2437,12040.200,00000000,0000,810;SOL_COMPUTED,NONE,0.000000000,0.000000000,0.000000000,0.0,0.000000000,0.000000000,"",0,0,0,0,0,00,0,0*ffdd4ee7
#HEADINGA,ICOM3,0,86.7,FINESTEERING,2437,12040.400,00000000,0000,810;SOL_COMPUTED,NONE,0.000000000,0.000000000,0.000000000,0.0,0.000000000,0.000000000,"",0,0,0,0,0,00,0,0*fbcf636f
#HEADINGA,ICOM3,0,86.7,FINESTEERING,2437,12040.600,00000000,0000,810;SOL_COMPUTED,NONE,0.000000000,0.000000000,0.000000000,0.0,0.000000000,0.000000000,"",0,0,0,0,0,00,0,0*4eee7a28
#HEADINGA,ICOM3,0,86.7,FINESTEERING,2437,12040.800,00000000,0000,810;SOL_COMPUTED,NONE,0.000000000,0.000000000,0.000000000,0.0,0.000000000,0.000000000,"",0,0,0,0,0,00,0,0*f3eb387f
#HEADINGA,ICOM3,0,86.7,FINESTEERING,2437,12041.000,00000000,0000,810;SOL_COMPUTED,NONE,0.000000000,0.000000000,0.000000000,0.0,0.000000000,0.000000000,"",0,0,0,0,0,00,0,0*caed3691
#HEADINGA,ICOM3,0,87.0,FINESTEERING,2437,12041.200,00000000,0000,810;SOL_COMPUTED,NONE,0.000000000,0.000000000,0.000000000,0.0,0.000000000,0.000000000,"",0,0,0,0,0,00,0,0*955f5763
#HEADINGA,ICOM3,0,87.0,FINESTEERING,2437,12041.400,00000000,0000,810;SOL_COMPUTED,NONE,0.000000000,0.000000000,0.000000000,0.0,0.000000000,0.000000000,"",0,0,0,0,0,00,0,0*914d7aeb
#HEADINGA,ICOM3,0,87.0,FINESTEERING,2437,12041.600,00000000,0000,810;SOL_COMPUTED,NONE,0.000000000,0.000000000,0.000000000,0.0,0.000000000,0.000000000,"",0,0,0,0,0,00,0,0*246c63ac
#HEADINGA,ICOM3,0,87.0,FINESTEERING,2437,12041.800,00000000,0000,810;SOL_COMPUTED,NONE,0.000000000,0.000000000,0.000000000,0.0,0.000000000,0.000000000,"",0,0,0,0,0,00,0,0*996921fb
#HEADINGA,ICOM3,0,87.0,FINESTEERING,2437,12042.000,00000000,0000,810;SOL_COMPUTED,NONE,0.000000000,0.000000000,0.000000000,0.0,0.000000000,0.000000000,"",0,0,0,0,0,00,0,0*7b3ceb36
#HEADINGA,ICOM3,0,86.5,FINESTEERING,2437,12042.200,00000000,0000,810;SOL_COMPUTED,NONE,0.000000000,0.000000000,0.000000000,0.0,0.000000000,0.000000000,"",0,0,0,0,0,00,0,0*05dfdab8
#HEADINGA,ICOM3,0,86.5,FINESTEERING,2437,12042.400,00000000,0000,810;SOL_COMPUTED,NONE,0.000000000,0.000000000,0.000000000,0.0,0.000000000,0.000000000,"",0,0,0,0,0,00,0,0*01cdf730
#HEADINGA,ICOM3,0,86.5,FINESTEERING,2437,12042.600,00000000,0000,810;SOL_COMPUTED,NONE,0.000000000,0.000000000,0.000000000,0.0,0.000000000,0.000000000,"",0,0,0,0,0,00,0,0*b4ecee77
#HEADINGA,ICOM3,0,86.5,FINESTEERING,2437,12042.800,00000000,0000,810;SOL_COMPUTED,NONE,0.000000000,0.000000000,0.000000000,0.0,0.000000000,0.000000000,"",0,0,0,0,0,00,0,0*09e9ac20
#HEADINGA,ICOM3,0,86.5,FINESTEERING,2437,12043.000,00000000,0000,810;SOL_COMPUTED,NONE,0.000000000,0.000000000,0.000000000,0.0,0.000000000,0.000000000,"",0,0,0,0,0,00,0,0*30efa2ce
#HEADINGA,ICOM3,0,86.7,FINESTEERING,2437,12043.200,00000000,0000,810;SOL_COMPUTED,NONE,0.000000000,0.000000000,0.000000000,0.0,0.000000000,0.000000000,"",0,0,0,0,0,00,0,0*a49febf5
#HEADINGA,ICOM3,0,86.7,FINESTEERING,2437,12043.400,00000000,0000,810;SOL_COMPUTED,NONE,0.000000000,0.000000000,0.000000000,0.0,0.000000000,0.000000000,"",0,0,0,0,0,00,0,0*a08dc67d
#HEADINGA,ICOM3,0,86.7,FINESTEERING,2437,12043.600,00000000,0000,810;SOL_COMPUTED,NONE,0.000000000,0.000000000,0.000000000,0.0,0.000000000,0.000000000,"",0,0,0,0,0,00,0,0*15acdf3a
#HEADINGA,ICOM3,0,86.7,FINESTEERING,2437,12043.800,00000000,0000,810;SOL_COMPUTED,NONE,0.000000000,0.000000000,0.000000000,0.0,0.000000000,0.000000000,"",0,0,0,0,0,00,0,0*a8a99d6d
#HEADINGA,ICOM3,0,86.7,FINESTEERING,2437,12044.000,00000000,0000,810;SOL_COMPUTED,NONE,0.000000000,0.000000000,0.000000000,0.0,0.000000000,0.000000000,"",0,0,0,0,0,00,0,0*272ad9a7
#HEADINGA,ICOM3,0,86.6,FINESTEERING,2437,12044.200,00000000,0000,810;SOL_COMPUTED,NONE,0.000000000,0.000000000,0.000000000,0.0,0.000000000,0.000000000,"",0,0,0,0,0,00,0,0*82a368de
#HEADINGA,ICOM3,0,86.6,FINESTEERING,2437,12044.400,00000000,0000,810;SOL_COMPUTED,NONE,0.000000000,0.000000000,0.000000000,0.0,0.000000000,0.000000000,"",0,0,0,0,0,00,0,0*86b14556
#HEADINGA,ICOM3,0,86.6,FINESTEERING,2437,12044.600,00000000,0000,810;SOL_COMPUTED,NONE,0.000000000,0.000000000,0.000000000,0.0,0.000000000,0.000000000,"",0,0,0,0,0,00,0,0*33905c11
#HEADINGA,ICOM3,0,86.6,FINESTEERING,2437,12044.800,00000000,0000,810;SOL_COMPUTED,NONE,0.000000000,0.000000000,0.000000000,0.0,0.000000000,0.000000000,"",0,0,0,0,0,00,0,0*8e951e46
#HEADINGA,ICOM3,0,86.6,FINESTEERING,2437,12045.000,00000000,0000,810;SOL_COMPUTED,NONE,0.000000000,0.000000000,0.000000000,0.0,0.000000000,0.000000000,"",0,0,0,0,0,00,0,0*b79310a8
#HEADINGA,ICOM3,0,86.7,FINESTEERING,2437,12045.200,00000000,0000,810;SOL_COMPUTED,NONE,0.000000000,0.000000000,0.000000000,0.0,0.000000000,0.000000000,"",0,0,0,0,0,00,0,0*121aa1d1
#HEADINGA,ICOM3,0,86.7,FINESTEERING,2437,12045.400,00000000,0000,810;SOL_COMPUTED,NONE,0.000000000,0.000000000,0.000000000,0.0,0.000000000,0.000000000,"",0,0,0,0,0,00,0,0*16088c59
#HEADINGA,ICOM3,0,86.7,FINESTEERING,2437,12045.600,00000000,0000,810;SOL_COMPUTED,NONE,0.000000000,0.000000000,0.000000000,0.0,0.000000000,0.000000000,"",0,0,0,0,0,00,0,0*a329951e
#HEADINGA,ICOM3,0,86.7,FINESTEERING,2437,12045.800,00000000,0000,810;SOL_COMPUTED,NONE,0.000000000,0.000000000,0.000000000,0.0,0.000000000,0.000000000,"",0,0,0,0,0,00,0,0*1e2cd749
#HEADINGA,ICOM3,0,86.7,FINESTEERING,2437,12046.000,00000000,0000,810;SOL_COMPUTED,NONE,0.000000000,0.000000000,0.000000000,0.0,0.000000000,0.000000000,"",0,0,0,0,0,00,0,0*fc791d84
#HEADINGA,ICOM3,0,86.5,FINESTEERING,2437,12046.200,00000000,0000,810;SOL_COMPUTED,NONE,0.000000000,0.000000000,0.000000000,0.0,0.000000000,0.000000000,"",0,0,0,0,0,00,0,0*680954bf
#HEADINGA,ICOM3,0,86.5,FINESTEERING,2437,12046.400,00000000,0000,810;SOL_COMPUTED,NONE,0.000000000,0.000000000,0.000000000,0.0,0.000000000,0.000000000,"",0,0,0,0,0,00,0,0*6c1b7937
#HEADINGA,ICOM3,0,86.5,FINESTEERING,2437,12046.600,00000000,0000,810;SOL_COMPUTED,NONE,0.000000000,0.000000000,0.000000000,0.0,0.000000000,0.000000000,"",0,0,0,0,0,00,0,0*d93a6070
#HEADINGA,ICOM3,0,86.5,FINESTEERING,2437,12046.800,00000000,0000,810;SOL_COMPUTED,NONE,0.000000000,0.000000000,0.000000000,0.0,0.000000000,0.000000000,"",0,0,0,0,0,00,0,0*643f2227
#HEADINGA,ICOM3,0,86.5,FINESTEERING,2437,12047.000,00000000,0000,810;SOL_COMPUTED,NONE,0.000000000,0.000000000,0.000000000,0.0,0.000000000,0.000000000,"",0,0,0,0,0,00,0,0*5d392cc9
#HEADINGA,ICOM3,0,87.2,FINESTEERING,2437,12047.200,00000000,0000,810;SOL_COMPUTED,NONE,0.000000000,0.000000000,0.000000000,0.0,0.000000000,0.000000000,"",0,0,0,0,0,00,0,0*028b4d3b
#HEADINGA,ICOM3,0,87.2,FINESTEERING,2437,12047.400,00000000,0000,810;SOL_COMPUTED,NONE,0.000000000,0.000000000,0.000000000,0.0,0.000000000,0.000000000,"",0,0,0,0,0,00,0,0*069960b3
#HEADINGA,ICOM3,0,87.2,FINESTEERING,2437,12047.600,00000000,0000,810;SOL_COMPUTED,NONE,0.000000000,0.000000000,0.000000000,0.0,0.000000000,0.000000000,"",0,0,0,0,0,00,0,0*b3b879f4
#HEADINGA,ICOM3,0,87.2,FINESTEERING,2437,12047.800,00000000,0000,810;SOL_COMPUTED,NONE,0.000000000,0.000000000,0.000000000,0.0,0.000000000,0.000000000,"",0,0,0,0,0,00,0,0*0ebd3ba3
#HEADINGA,ICOM3,0,87.2,FINESTEERING,2437,12048.000,00000000,0000,810;SOL_COMPUTED,NONE,0.000000000,0.000000000,0.000000000,0.0,0.000000000,0.000000000,"",0,0,0,0,0,00,0,0*5a936367
#HEADINGA,ICOM3,0,87.3,FINESTEERING,2437,12048.200,00000000,0000,810;SOL_COMPUTED,NONE,0.000000000,0.000000000,0.000000000,0.0,0.000000000,0.000000000,"",0,0,0,0,0,00,0,0*ff1ad21e
#HEADINGA,ICOM3,0,87.3,FINESTEERING,2437,12048.400,00000000,0000,810;SOL_COMPUTED,NONE,0.000000000,0.000000000,0.000000000,0.0,0.000000000,0.000000000,"",0,0,0,0,0,00,0,0*fb08ff96
#HEADINGA,ICOM3,0,87.3,FINESTEERING,2437,12048.600,00000000,0000,810;SOL_COMPUTED,NONE,0.000000000,0.000000000,0.000000000,0.0,0.000000000,0.000000000,"",0,0,0,0,0,00,0,0*4e29e6d1
#HEADINGA,ICOM3,0,87.3,FINESTEERING,2437,12048.800,00000000,0000,810;SOL_COMPUTED,NONE,0.000000000,0.000000000,0.000000000,0.0,0.000000000,0.000000000,"",0,0,0,0,0,00,0,0*f32ca486
#HEADINGA,ICOM3,0,87.3,FINESTEERING,2437,12049.000,00000000,0000,810;SOL_COMPUTED,NONE,0.000000000,0.000000000,0.000000000,0.0,0.000000000,0.000000000,"",0,0,0,0,0,00,0,0*ca2aaa68
#HEADINGA,ICOM3,0,86.6,FINESTEERING,2437,12049.200,00000000,0000,810;SOL_COMPUTED,NONE,0.000000000,0.000000000,0.000000000,0.0,0.000000000,0.000000000,"",0,0,0,0,0,00,0,0*b4c99be6
#HEADINGA,ICOM3,0,86.6,FINESTEERING,2437,12049.400,00000000,0000,810;SOL_COMPUTED,NONE,0.000000000,0.000000000,0.000000000,0.0,0.000000000,0.000000000,"",0,0,0,0,0,00,0,0*b0dbb66e
#HEADINGA,ICOM3,0,86.6,FINESTEERING,2437,12049.600,00000000,0000,810;SOL_COMPUTED,NONE,0.000000000,0.000000000,0.000000000,0.0,0.000000000,0.000000000,"",0,0,0,0,0,00,0,0*05faaf29
#HEADINGA,ICOM3,0,86.6,FINESTEERING,2437,12049.800,00000000,0000,810;SOL_COMPUTED,NONE,0.000000000,0.000000000,0.000000000,0.0,0.000000000,0.000000000,"",0,0,0,0,0,00,0,0*b8ffed7e
#HEADINGA,ICOM3,0,86.6,FINESTEERING,2437,12050.000,00000000,0000,810;SOL_COMPUTED,NONE,0.000000000,0.000000000,0.000000000,0.0,0.000000000,0.000000000,"",0,0,0,0,0,00,0,0*0b0aeec5
#HEADINGA,ICOM3,0,86.7,FINESTEERING,2437,12050.200,00000000,0000,810;SOL_COMPUTED,NONE,0.000000000,0.000000000,0.000000000,0.0,0.000000000,0.000000000,"",0,0,0,0,0,00,0,0*ae835fbc
#HEADINGA,ICOM3,0,86.7,FINESTEERING,2437,12050.400,00000000,0000,810;SOL_COMPUTED,NONE,0.000000000,0.000000000,0.000000000,0.0,0.000000000,0.000000000,"",0,0,0,0,0,00,0,0*aa917234
#HEADINGA,ICOM3,0,86.7,FINESTEERING,2437,12050.600,00000000,0000,810;SOL_COMPUTED,NONE,0.000000000,0.000000000,0.000000000,0.0,0.000000000,0.000000000,"",0,0,0,0,0,00,0,0*1fb06b73
#HEADINGA,ICOM3,0,86.7,FINESTEERING,2437,12050.800,00000000,0000,810;SOL_COMPUTED,NONE,0.000000000,0.000000000,0.000000000,0.0,0.000000000,0.000000000,"",0,0,0,0,0,00,0,0*a2b52924
#HEADINGA,ICOM3,0,86.7,FINESTEERING,2437,12051.000,00000000,0000,810;SOL_COMPUTED,NONE,0.000000000,0.000000000,0.000000000,0.0,0.000000000,0.000000000,"",0,0,0,0,0,00,0,0*9bb327ca
#HEADINGA,ICOM3,0,86.8,FINESTEERING,2437,12051.200,00000000,0000,810;SOL_COMPUTED,NONE,0.000000000,0.000000000,0.000000000,0.0,0.000000000,0.000000000,"",0,0,0,0,0,00,0,0*d88c27c7
#HEADINGA,ICOM3,0,86.8,FINESTEERING,2437,12051.400,00000000,0000,810;SOL_COMPUTED,NONE,0.000000000,0.000000000,0.000000000,0.0,0.000000000,0.000000000,"",0,0,0,0,0,00,0,0*dc9e0a4f
#HEADINGA,ICOM3,0,86.8,FINESTEERING,2437,12051.600,00000000,0000,810;SOL_COMPUTED,NONE,0.000000000,0.000000000,0.000000000,0.0,0.000000000,0.000000000,"",0,0,0,0,0,00,0,0*69bf1308
#HEADINGA,ICOM3,0,86.8,FINESTEERING,2437,12051.800,00000000,0000,810;SOL_COMPUTED,NONE,0.000000000,0.000000000,0.000000000,0.0,0.000000000,0.000000000,"",0,0,0,0,0,00,0,0*d4ba515f
#HEADINGA,ICOM3,0,86.8,FINESTEERING,2437,12052.000,00000000,0000,810;SOL_COMPUTED,NONE,0.000000000,0.000000000,0.000000000,0.0,0.000000000,0.000000000,"",0,0,0,0,0,00,0,0*36ef9b92
#HEADINGA,ICOM3,0,86.8,FINESTEERING,2437,12052.200,00000000,0000,810;SOL_COMPUTED,NONE,0.000000000,0.000000000,0.000000000,0.0,0.000000000,0.000000000,"",0,0,0,0,0,00,0,0*83ce82d5
#HEADINGA,ICOM3,0,86.8,FINESTEERING,2437,12052.400,00000000,0000,810;SOL_COMPUTED,NONE,0.000000000,0.000000000,0.000000000,0.0,0.000000000,0.000000000,"",0,0,0,0,0,00,0,0*87dcaf5d
#HEADINGA,ICOM3,0,86.8,FINESTEERING,2437,12052.600,00000000,0000,810;SOL_COMPUTED,NONE,0.000000000,0.000000000,0.000000000,0.0,0.000000000,0.000000000,"",0,0,0,0,0,00,0,0*32fdb61a
#HEADINGA,ICOM3,0,86.8,FINESTEERING,2437,12052.800,00000000,0000,810;SOL_COMPUTED,NONE,0.000000000,0.000000000,0.000000000,0.0,0.000000000,0.000000000,"",0,0,0,0,0,00,0,0*8ff8f44d
#HEADINGA,ICOM3,0,86.8,FINESTEERING,2437,12053.000,00000000,0000,810;SOL_COMPUTED,NONE,0.000000000,0.000000000,0.000000000,0.0,0.000000000,0.000000000,"",0,0,0,0,0,00,0,0*b6fefaa3
#HEADINGA,ICOM3,0,86.6,FINESTEERING,2437,12053.200,00000000,0000,810;SOL_COMPUTED,NONE,0.000000000,0.000000000,0.000000000,0.0,0.000000000,0.000000000,"",0,0,0,0,0,00,0,0*e5695290
#HEADINGA,ICOM3,0,86.6,FINESTEERING,2437,12053.400,00000000,0000,810;SOL_COMPUTED,NONE,0.000000000,0.000000000,0.000000000,0.0,0.000000000,0.000000000,"",0,0,0,0,0,00,0,0*e17b7f18
#HEADINGA,ICOM3,0,86.6,FINESTEERING,2437,12053.600,00000000,0000,810;SOL_COMPUTED,NONE,0.000000000,0.000000000,0.000000000,0.0,0.000000000,0.000000000,"",0,0,0,0,0,00,0,0*545a665f
#HEADINGA,ICOM3,0,86.6,FINESTEERING,2437,12053.800,00000000,0000,810;SOL_COMPUTED,NONE,0.000000000,0.000000000,0.000000000,0.0,0.000000000,0.000000000,"",0,0,0,0,0,00,0,0*e95f2408
#HEADINGA,ICOM3,0,86.6,FINESTEERING,2437,12054.000,00000000,0000,810;SOL_COMPUTED,NONE,0.000000000,0.000000000,0.000000000,0.0,0.000000000,0.000000000,"",0,0,0,0,0,00,0,0*66dc60c2
#HEADINGA,ICOM3,0,86.6,FINESTEERING,2437,12054.200,00000000,0000,810;SOL_COMPUTED,NONE,0.000000000,0.000000000,0.000000000,0.0,0.000000000,0.000000000,"",0,0,0,0,0,00,0,0*d3fd7985
#HEADINGA,ICOM3,0,86.6,FINESTEERING,2437,12054.400,00000000,0000,810;SOL_COMPUTED,NONE,0.000000000,0.000000000,0.000000000,0.0,0.000000000,0.000000000,"",0,0,0,0,0,00,0,0*d7ef540d
#HEADINGA,ICOM3,0,86.6,FINESTEERING,2437,12054.600,00000000,0000,810;SOL_COMPUTED,NONE,0.000000000,0.000000000,0.000000000,0.0,0.000000000,0.000000000,"",0,0,0,0,0,00,0,0*62ce4d4a
#HEADINGA,ICOM3,0,86.6,FINESTEERING,2437,12054.800,00000000,0000,810;SOL_COMPUTED,NONE,0.000000000,0.000000000,0.000000000,0.0,0.000000000,0.000000000,"",0,0,0,0,0,00,0,0*dfcb0f1d
#HEADINGA,ICOM3,0,86.6,FINESTEERING,2437,12055.000,00000000,0000,810;SOL_COMPUTED,NONE,0.000000000,0.000000000,0.000000000,0.0,0.000000000,0.000000000,"",0,0,0,0,0,00,0,0*e6cd01f3
#HEADINGA,ICOM3,0,86.7,FINESTEERING,2437,12055.200,00000000,0000,810;SOL_COMPUTED,NONE,0.000000000,0.000000000,0.000000000,0.0,0.000000000,0.000000000,"",0,0,0,0,0,00,0,0*4344b08a
#HEADINGA,ICOM3,0,86.7,FINESTEERING,2437,12055.400,00000000,0000,810;SOL_COMPUTED,NONE,0.000000000,0.000000000,0.000000000,0.0,0.000000000,0.000000000,"",0,0,0,0,0,00,0,0*47569d02
#HEADINGA,ICOM3,0,86.7,FINESTEERING,2437,12055.600,00000000,0000,810;SOL_COMPUTED,NONE,0.000000000,0.000000000,0.000000000,0.0,0.000000000,0.000000000,"",0,0,0,0,0,00,0,0*f2778445
#HEADINGA,ICOM3,0,86.7,FINESTEERING,2437,12055.800,00000000,0000,810;SOL_COMPUTED,NONE,0.000000000,0.000000000,0.000000000,0.0,0.000000000,0.000000000,"",0,0,0,0,0,00,0,0*4f72c612
#HEADINGA,ICOM3,0,86.7,FINESTEERING,2437,12056.000,00000000,0000,810;SOL_COMPUTED,NONE,0.000000000,0.000000000,0.000000000,0.0,0.000000000,0.000000000,"",0,0,0,0,0,00,0,0*ad270cdf
#HEADINGA,ICOM3,0,86.6,FINESTEERING,2437,12056.200,00000000,0000,810;SOL_COMPUTED,NONE,0.000000000,0.000000000,0.000000000,0.0,0.000000000,0.000000000,"",0,0,0,0,0,00,0,0*08aebda6
#HEADINGA,ICOM3,0,86.6,FINESTEERING,2437,12056.400,00000000,0000,810;SOL_COMPUTED,NONE,0.000000000,0.000000000,0.000000000,0.0,0.000000000,0.000000000,"",0,0,0,0,0,00,0,0*0cbc902e
#HEADINGA,ICOM3,0,86.6,FINESTEERING,2437,12056.600,00000000,0000,810;SOL_COMPUTED,NONE,0.000000000,0.000000000,0.000000000,0.0,0.000000000,0.000000000,"",0,0,0,0,0,00,0,0*b99d8969
#HEADINGA,ICOM3,0,86.6,FINESTEERING,2437,12056.800,00000000,0000,810;SOL_COMPUTED,NONE,0.000000000,0.000000000,0.000000000,0.0,0.000000000,0.000000000,"",0,0,0,0,0,00,0,0*0498cb3e
#HEADINGA,ICOM3,0,86.6,FINESTEERING,2437,12057.000,00000000,0000,810;SOL_COMPUTED,NONE,0.000000000,0.000000000,0.000000000,0.0,0.000000000,0.000000000,"",0,0,0,0,0,00,0,0*3d9ec5d0
#HEADINGA,ICOM3,0,85.7,FINESTEERING,2437,12057.200,00000000,0000,810;SOL_COMPUTED,NONE,0.000000000,0.000000000,0.000000000,0.0,0.000000000,0.000000000,"",0,0,0,0,0,00,0,0*e93e12f9
#HEADINGA,ICOM3,0,85.7,FINESTEERING,2437,12057.400,00000000,0000,810;SOL_COMPUTED,NONE,0.000000000,0.000000000,0.000000000,0.0,0.000000000,0.000000000,"",0,0,0,0,0,00,0,0*ed2c3f71
#HEADINGA,ICOM3,0,85.7,FINESTEERING,2437,12057.600,00000000,0000,810;SOL_COMPUTED,NONE,0.000000000,0.000000000,0.000000000,0.0,0.000000000,0.000000000,"",0,0,0,0,0,00,0,0*580d2636
#HEADINGA,ICOM3,0,85.7,FINESTEERING,2437,12057.800,00000000,0000,810;SOL_COMPUTED,NONE,0.000000000,0.000000000,0.000000000,0.0,0.000000000,0.000000000,"",0,0,0,0,0,00,0,0*e5086461
#HEADINGA,ICOM3,0,85.7,FINESTEERING,2437,12058.000,00000000,0000,810;SOL_COMPUTED,NONE,0.000000000,0.000000000,0.000000000,0.0,0.000000000,0.000000000,"",0,0,0,0,0,00,0,0*b1263ca5
#HEADINGA,ICOM3,0,87.4,FINESTEERING,2437,12058.200,00000000,0000,810;SOL_COMPUTED,NONE,0.000000000,0.000000000,0.000000000,0.0,0.000000000,0.000000000,"",0,0,0,0,0,00,0,0*dd1f9bff
#HEADINGA,ICOM3,0,87.4,FINESTEERING,2437,12058.400,00000000,0000,810;SOL_COMPUTED,NONE,0.000000000,0.000000000,0.000000000,0.0,0.000000000,0.000000000,"",0,0,0,0,0,00,0,0*d90db677
#HEADINGA,ICOM3,0,87.4,FINESTEERING,2437,12058.600,00000000,0000,810;SOL_COMPUTED,NONE,0.000000000,0.000000000,0.000000000,0.0,0.000000000,0.000000000,"",0,0,0,0,0,00,0,0*6c2caf30
#HEADINGA,ICOM3,0,87.4,FINESTEERING,2437,12058.800,00000000,0000,810;SOL_COMPUTED,NONE,0.000000000,0.000000000,0.000000000,0.0,0.000000000,0.000000000,"",0,0,0,0,0,00,0,0*d129ed67
#HEADINGA,ICOM3,0,87.4,FINESTEERING,2437,12059.000,00000000,0000,810;SOL_COMPUTED,NONE,0.000000000,0.000000000,0.000000000,0.0,0.000000000,0.000000000,"",0,0,0,0,0,00,0,0*e82fe389
#HEADINGA,ICOM3,0,87.0,FINESTEERING,2437,12059.200,00000000,0000,810;SOL_COMPUTED,NONE,0.000000000,0.000000000,0.000000000,0.0,0.000000000,0.000000000,"",0,0,0,0,0,00,0,0*1fac5a36
#HEADINGA,ICOM3,0,87.0,FINESTEERING,2437,12059.400,00000000,0000,810;SOL_COMPUTED,NONE,0.000000000,0.000000000,0.000000000,0.0,0.000000000,0.000000000,"",0,0,0,0,0,00,0,0*1bbe77be
#HEADINGA,ICOM3,0,87.0,FINESTEERING,2437,12059.600,00000000,0000,810;SOL_COMPUTED,NONE,0.000000000,0.000000000,0.000000000,0.0,0.000000000,0.000000000,"",0,0,0,0,0,00,0,0*ae9f6ef9
#HEADINGA,ICOM3,0,87.0,FINESTEERING,2437,12059.800,00000000,0000,810;SOL_COMPUTED,NONE,0.000000000,0.000000000,0.000000000,0.0,0.000000000,0.000000000,"",0,0,0,0,0,00,0,0*139a2cae
#HEADINGA,ICOM3,0,87.0,FINESTEERING,2437,12060.000,00000000,0000,810;SOL_COMPUTED,NONE,0.000000000,0.000000000,0.000000000,0.0,0.000000000,0.000000000,"",0,0,0,0,0,00,0,0*02d30da3
#HEADINGA,ICOM3,0,85.4,FINESTEERING,2437,12060.200,00000000,0000,810;SOL_COMPUTED,NONE,0.000000000,0.000000000,0.000000000,0.0,0.000000000,0.000000000,"",0,0,0,0,0,00,0,0*1db1f243
#HEADINGA,ICOM3,0,85.4,FINESTEERING,2437,12060.400,00000000,0000,810;SOL_COMPUTED,NONE,0.000000000,0.000000000,0.000000000,0.0,0.000000000,0.000000000,"",0,0,0,0,0,00,0,0*19a3dfcb
#HEADINGA,ICOM3,0,85.4,FINESTEERING,2437,12060.600,00000000,0000,810;SOL_COMPUTED,NONE,0.000000000,0.000000000,0.000000000,0.0,0.000000000,0.000000000,"",0,0,0,0,0,00,0,0*ac82c68c
#HEADINGA,ICOM3,0,85.4,FINESTEERING,2437,12060.800,00000000,0000,810;SOL_COMPUTED,NONE,0.000000000,0.000000000,0.000000000,0.0,0.000000000,0.000000000,"",0,0,0,0,0,00,0,0*118784db
#HEADINGA,ICOM3,0,85.4,FINESTEERING,2437,12061.000,00000000,0000,810;SOL_COMPUTED,NONE,0.000000000,0.000000000,0.000000000,0.0,0.000000000,0.000000000,"",0,0,0,0,0,00,0,0*28818a35
#HEADINGA,ICOM3,0,86.0,FINESTEERING,2437,12061.200,00000000,0000,810;SOL_COMPUTED,NONE,0.000000000,0.000000000,0.000000000,0.0,0.000000000,0.000000000,"",0,0,0,0,0,00,0,0*ae2b55da
#HEADINGA,ICOM3,0,86.0,FINESTEERING,2437,12061.400,00000000,0000,810;SOL_COMPUTED,NONE,0.000000000,0.000000000,0.000000000,0.0,0.000000000,0.000000000,"",0,0,0,0,0,00,0,0*aa397852
#HEADINGA,ICOM3,0,86.0,FINESTEERING,2437,12061.600,00000000,0000,810;SOL_COMPUTED,NONE,0.000000000,0.000000000,0.000000000,0.0,0.000000000,0.000000000,"",0,0,0,0,0,00,0,0*1f186115
#HEADINGA,ICOM3,0,86.0,FINESTEERING,2437,12061.800,00000000,0000,810;SOL_COMPUTED,NONE,0.000000000,0.000000000,0.000000000,0.0,0.000000000,0.000000000,"",0,0,0,0,0,00,0,0*a21d2342
#HEADINGA,ICOM3,0,86.0,FINESTEERING,2437,12062.000,00000000,0000,810;SOL_COMPUTED,NONE,0.000000000,0.000000000,0.000000000,0.0,0.000000000,0.000000000,"",0,0,0,0,0,00,0,0*4048e98f
#HEADINGA,ICOM3,0,86.3,FINESTEERING,2437,12062.200,00000000,0000,810;SOL_COMPUTED,NONE,0.000000000,0.000000000,0.000000000,0.0,0.000000000,0.000000000,"",0,0,0,0,0,00,0,0*c490088a
#HEADINGA,ICOM3,0,86.3,FINESTEERING,2437,12062.400,00000000,0000,810;SOL_COMPUTED,NONE,0.000000000,0.000000000,0.000000000,0.0,0.000000000,0.000000000,"",0,0,0,0,0,00,0,0*c0822502
#HEADINGA,ICOM3,0,86.3,FINESTEERING,2437,12062.600,00000000,0000,810;SOL_COMPUTED,NONE,0.000000000,0.000000000,0.000000000,0.0,0.000000000,0.000000000,"",0,0,0,0,0,00,0,0*75a33c45
#HEADINGA,ICOM3,0,86.3,FINESTEERING,2437,12062.800,00000000,0000,810;SOL_COMPUTED,NONE,0.000000000,0.000000000,0.000000000,0.0,0.000000000,0.000000000,"",0,0,0,0,0,00,0,0*c8a67e12
#HEADINGA,ICOM3,0,86.3,FINESTEERING,2437,12063.000,00000000,0000,810;SOL_COMPUTED,NONE,0.000000000,0.000000000,0.000000000,0.0,0.000000000,0.000000000,"",0,0,0,0,0,00,0,0*f1a070fc
#HEADINGA,ICOM3,0,86.0,FINESTEERING,2437,12063.200,00000000,0000,810;SOL_COMPUTED,NONE,0.000000000,0.000000000,0.000000000,0.0,0.000000000,0.000000000,"",0,0,0,0,0,00,0,0*757891f9
#HEADINGA,ICOM3,0,86.0,FINESTEERING,2437,12063.400,00000000,0000,810;SOL_COMPUTED,NONE,0.000000000,0.000000000,0.000000000,0.0,0.000000000,0.000000000,"",0,0,0,0,0,00,0,0*716abc71
#HEADINGA,ICOM3,0,86.0,FINESTEERING,2437,12063.600,00000000,0000,810;SOL_COMPUTED,NONE,0.000000000,0.000000000,0.000000000,0.0,0.000000000,0.000000000,"",0,0,0,0,0,00,0,0*c44ba536
#HEADINGA,ICOM3,0,86.0,FINESTEERING,2437,12063.800,00000000,0000,810;SOL_COMPUTED,NONE,0.000000000,0.000000000,0.000000000,0.0,0.000000000,0.000000000,"",0,0,0,0,0,00,0,0*794ee761
#HEADINGA,ICOM3,0,86.0,FINESTEERING,2437,12064.000,00000000,0000,810;SOL_COMPUTED,NONE,0.000000000,0.000000000,0.000000000,0.0,0.000000000,0.000000000,"",0,0,0,0,0,00,0,0*f6cda3ab
#HEADINGA,ICOM3,0,85.4,FINESTEERING,2437,12064.200,00000000,0000,810;SOL_COMPUTED,NONE,0.000000000,0.000000000,0.000000000,0.0,0.000000000,0.000000000,"",0,0,0,0,0,00,0,0*70677c44
#HEADINGA,ICOM3,0,85.4,FINESTEERING,2437,12064.400,00000000,0000,810;SOL_COMPUTED,NONE,0.000000000,0.000000000,0.000000000,0.0,0.000000000,0.000000000,"",0,0,0,0,0,00,0,0*747551cc
#HEADINGA,ICOM3,0,85.4,FINESTEERING,2437,12064.600,00000000,0000,810;SOL_COMPUTED,NONE,0.000000000,0.000000000,0.000000000,0.0,0.000000000,0.000000000,"",0,0,0,0,0,00,0,0*c154488b
#HEADINGA,ICOM3,0,85.4,FINESTEERING,2437,12064.800,00000000,0000,810;SOL_COMPUTED,NONE,0.000000000,0.000000000,0.000000000,0.0,0.000000000,0.000000000,"",0,0,0,0,0,00,0,0*7c510adc
#HEADINGA,ICOM3,0,85.4,FINESTEERING,2437,12065.000,00000000,0000,810;SOL_COMPUTED,NONE,0.000000000,0.000000000,0.000000000,0.0,0.000000000,0.000000000,"",0,0,0,0,0,00,0,0*45570432
#HEADINGA,ICOM3,0,88.4,FINESTEERING,2437,12065.200,00000000,0000,810;SOL_COMPUTED,NONE,0.000000000,0.000000000,0.000000000,0.0,0.000000000,0.000000000,"",0,0,0,0,0,00,0,0*766aa27b
#HEADINGA,ICOM3,0,88.4,FINESTEERING,2437,12065.400,00000000,0000,810;SOL_COMPUTED,NONE,0.000000000,0.000000000,0.000000000,0.0,0.000000000,0.000000000,"",0,0,0,0,0,00,0,0*72788ff3
#HEADINGA,ICOM3,0,88.4,FINESTEERING,2437,12065.600,00000000,0000,810;SOL_COMPUTED,NONE,0.000000000,0.000000000,0.000000000,0.0,0.000000000,0.000000000,"",0,0,0,0,0,00,0,0*c75996b4
#HEADINGA,ICOM3,0,88.4,FINESTEERING,2437,12065.800,00000000,0000,810;SOL_COMPUTED,NONE,0.000000000,0.000000000,0.000000000,0.0,0.000000000,0.000000000,"",0,0,0,0,0,00,0,0*7a5cd4e3
#HEADINGA,ICOM3,0,88.4,FINESTEERING,2437,12066.000,00000000,0000,810;SOL_COMPUTED,NONE,0.000000000,0.000000000,0.000000000,0.0,0.000000000,0.000000000,"",0,0,0,0,0,00,0,0*98091e2e
#HEADINGA,ICOM3,0,85.5,FINESTEERING,2437,12066.200,00000000,0000,810;SOL_COMPUTED,NONE,0.000000000,0.000000000,0.000000000,0.0,0.000000000,0.000000000,"",0,0,0,0,0,00,0,0*bb9c1059
#HEADINGA,ICOM3,0,85.5,FINESTEERING,2437,12066.400,00000000,0000,810;SOL_COMPUTED,NONE,0.000000000,0.000000000,0.000000000,0.0,0.000000000,0.000000000,"",0,0,0,0,0,00,0,0*bf8e3dd1
#HEADINGA,ICOM3,0,85.5,FINESTEERING,2437,12066.600,00000000,0000,810;SOL_COMPUTED,NONE,0.000000000,0.000000000,0.000000000,0.0,0.000000000,0.000000000,"",0,0,0,0,0,00,0,0*0aaf2496
#HEADINGA,ICOM3,0,85.5,FINESTEERING,2437,12066.800,00000000,0000,810;SOL_COMPUTED,NONE,0.000000000,0.000000000,0.000000000,0.0,0.000000000,0.000000000,"",0,0,0,0,0,00,0,0*b7aa66c1
#HEADINGA,ICOM3,0,85.5,FINESTEERING,2437,12067.000,00000000,0000,810;SOL_COMPUTED,NONE,0.000000000,0.000000000,0.000000000,0.0,0.000000000,0.000000000,"",0,0,0,0,0,00,0,0*8eac682f
#HEADINGA,ICOM3,0,86.1,FINESTEERING,2437,12067.200,00000000,0000,810;SOL_COMPUTED,NONE,0.000000000,0.000000000,0.000000000,0.0,0.000000000,0.000000000,"",0,0,0,0,0,00,0,0*0806b7c0
#HEADINGA,ICOM3,0,86.1,FINESTEERING,2437,12067.400,00000000,0000,810;SOL_COMPUTED,NONE,0.000000000,0.000000000,0.000000000,0.0,0.000000000,0.000000000,"",0,0,0,0,0,00,0,0*0c149a48
#HEADINGA,ICOM3,0,86.1,FINESTEERING,2437,12067.600,00000000,0000,810;SOL_COMPUTED,NONE,0.000000000,0.000000000,0.000000000,0.0,0.000000000,0.000000000,"",0,0,0,0,0,00,0,0*b935830f
#HEADINGA,ICOM3,0,86.1,FINESTEERING,2437,12067.800,00000000,0000,810;SOL_COMPUTED,NONE,0.000000000,0.000000000,0.000000000,0.0,0.000000000,0.000000000,"",0,0,0,0,0,00,0,0*0430c158
#HEADINGA,ICOM3,0,86.1,FINESTEERING,2437,12068.000,00000000,0000,810;SOL_COMPUTED,NONE,0.000000000,0.000000000,0.000000000,0.0,0.000000000,0.000000000,"",0,0,0,0,0,00,0,0*501e999c
#HEADINGA,ICOM3,0,85.6,FINESTEERING,2437,12068.200,00000000,0000,810;SOL_COMPUTED,NONE,0.000000000,0.000000000,0.000000000,0.0,0.000000000,0.000000000,"",0,0,0,0,0,00,0,0*e74dbe31
#HEADINGA,ICOM3,0,85.6,FINESTEERING,2437,12068.400,00000000,0000,810;SOL_COMPUTED,NONE,0.000000000,0.000000000,0.000000000,0.0,0.000000000,0.000000000,"",0,0,0,0,0,00,0,0*e35f93b9
#HEADINGA,ICOM3,0,85.6,FINESTEERING,2437,12068.600,00000000,0000,810;SOL_COMPUTED,NONE,0.000000000,0.000000000,0.000000000,0.0,0.000000000,0.000000000,"",0,0,0,0,0,00,0,0*567e8afe
#HEADINGA,ICOM3,0,85.6,FINESTEERING,2437,12068.800,00000000,0000,810;SOL_COMPUTED,NONE,0.000000000,0.000000000,0.000000000,0.0,0.000000000,0.000000000,"",0,0,0,0,0,00,0,0*eb7bc8a9
#HEADINGA,ICOM3,0,85.6,FINESTEERING,2437,12069.000,00000000,0000,810;SOL_COMPUTED,NONE,0.000000000,0.000000000,0.000000000,0.0,0.000000000,0.000000000,"",0,0,0,0,0,00,0,0*d27dc647
#HEADINGA,ICOM3,0,86.4,FINESTEERING,2437,12069.200,00000000,0000,810;SOL_COMPUTED,NONE,0.000000000,0.000000000,0.000000000,0.0,0.000000000,0.000000000,"",0,0,0,0,0,00,0,0*3724e92c
#HEADINGA,ICOM3,0,86.4,FINESTEERING,2437,12069.400,00000000,0000,810;SOL_COMPUTED,NONE,0.000000000,0.000000000,0.000000000,0.0,0.000000000,0.000000000,"",0,0,0,0,0,00,0,0*3336c4a4
#HEADINGA,ICOM3,0,86.4,FINESTEERING,2437,12069.600,00000000,0000,810;SOL_COMPUTED,NONE,0.000000000,0.000000000,0.000000000,0.0,0.000000000,0.000000000,"",0,0,0,0,0,00,0,0*8617dde3
#HEADINGA,ICOM3,0,86.4,FINESTEERING,2437,12069.800,00000000,0000,810;SOL_COMPUTED,NONE,0.000000000,0.000000000,0.000000000,0.0,0.000000000,0.000000000,"",0,0,0,0,0,00,0,0*3b129fb4
#HEADINGA,ICOM3,0,86.4,FINESTEERING,2437,12070.000,00000000,0000,810;SOL_COMPUTED,NONE,0.000000000,0.000000000,0.000000000,0.0,0.000000000,0.000000000,"",0,0,0,0,0,00,0,0*88e79c0f
#HEADINGA,ICOM3,0,86.6,FINESTEERING,2437,12070.200,00000000,0000,810;SOL_COMPUTED,NONE,0.000000000,0.000000000,0.000000000,0.0,0.000000000,0.000000000,"",0,0,0,0,0,00,0,0*1c97d534
#HEADINGA,ICOM3,0,86.6,FINESTEERING,2437,12070.400,00000000,0000,810;SOL_COMPUTED,NONE,0.000000000,0.000000000,0.000000000,0.0,0.000000000,0.000000000,"",0,0,0,0,0,00,0,0*1885f8bc
#HEADINGA,ICOM3,0,86.6,FINESTEERING,2437,12070.600,00000000,0000,810;SOL_COMPUTED,NONE,0.000000000,0.000000000,0.000000000,0.0,0.000000000,0.000000000,"",0,0,0,0,0,00,0,0*ada4e1fb
#HEADINGA,ICOM3,0,86.6,FINESTEERING,2437,12070.800,00000000,0000,810;SOL_COMPUTED,NONE,0.000000000,0.000000000,0.000000000,0.0,0.000000000,0.000000000,"",0,0,0,0,0,00,0,0*10a1a3ac
#HEADINGA,ICOM3,0,86.6,FINESTEERING,2437,12071.000,00000000,0000,810;SOL_COMPUTED,NONE,0.000000000,0.000000000,0.000000000,0.0,0.000000000,0.000000000,"",0,0,0,0,0,00,0,0*29a7ad42
#HEADINGA,ICOM3,0,86.5,FINESTEERING,2437,12071.200,00000000,0000,810;SOL_COMPUTED,NONE,0.000000000,0.000000000,0.000000000,0.0,0.000000000,0.000000000,"",0,0,0,0,0,00,0,0*ad7f4c47
#HEADINGA,ICOM3,0,86.5,FINESTEERING,2437,12071.400,00000000,0000,810;SOL_COMPUTED,NONE,0.000000000,0.000000000,0.000000000,0.0,0.000000000,0.000000000,"",0,0,0,0,0,00,0,0*a96d61cf
#HEADINGA,ICOM3,0,86.5,FINESTEERING,2437,12071.600,00000000,0000,810;SOL_COMPUTED,NONE,0.000000000,0.000000000,0.000000000,0.0,0.000000000,0.000000000,"",0,0,0,0,0,00,0,0*1c4c7888
#HEADINGA,ICOM3,0,86.5,FINESTEERING,2437,12071.800,00000000,0000,810;SOL_COMPUTED,NONE,0.000000000,0.000000000,0.000000000,0.0,0.000000000,0.000000000,"",0,0,0,0,0,00,0,0*a1493adf
#HEADINGA,ICOM3,0,86.5,FINESTEERING,2437,12072.000,00000000,0000,810;SOL_COMPUTED,NONE,0.000000000,0.000000000,0.000000000,0.0,0.000000000,0.000000000,"",0,0,0,0,0,00,0,0*431cf012
#HEADINGA,ICOM3,0,86.3,FINESTEERING,2437,12072.200,00000000,0000,810;SOL_COMPUTED,NONE,0.000000000,0.000000000,0.000000000,0.0,0.000000000,0.000000000,"",0,0,0,0,0,00,0,0*95ce19d1
#HEADINGA,ICOM3,0,86.3,FINESTEERING,2437,12072.400,00000000,0000,810;SOL_COMPUTED,NONE,0.000000000,0.000000000,0.000000000,0.0,0.000000000,0.000000000,"",0,0,0,0,0,00,0,0*91dc3459
#HEADINGA,ICOM3,0,86.3,FINESTEERING,2437,12072.600,00000000,0000,810;SOL_COMPUTED,NONE,0.000000000,0.000000000,0.000000000,0.0,0.000000000,0.000000000,"",0,0,0,0,0,00,0,0*24fd2d1e
#HEADINGA,ICOM3,0,86.3,FINESTEERING,2437,12072.800,00000000,0000,810;SOL_COMPUTED,NONE,0.000000000,0.000000000,0.000000000,0.0,0.000000000,0.000000000,"",0,0,0,0,0,00,0,0*99f86f49
#HEADINGA,ICOM3,0,86.3,FINESTEERING,2437,12073.000,00000000,0000,810;SOL_COMPUTED,NONE,0.000000000,0.000000000,0.000000000,0.0,0.000000000,0.000000000,"",0,0,0,0,0,00,0,0*a0fe61a7
#HEADINGA,ICOM3,0,86.6,FINESTEERING,2437,12073.200,00000000,0000,810;SOL_COMPUTED,NONE,0.000000000,0.000000000,0.000000000,0.0,0.000000000,0.000000000,"",0,0,0,0,0,00,0,0*47d57026
#HEADINGA,ICOM3,0,86.6,FINESTEERING,2437,12073.400,00000000,0000,810;SOL_COMPUTED,NONE,0.000000000,0.000000000,0.000000000,0.0,0.000000000,0.000000000,"",0,0,0,0,0,00,0,0*43c75dae
#HEADINGA,ICOM3,0,86.6,FINESTEERING,2437,12073.600,00000000,0000,810;SOL_COMPUTED,NONE,0.000000000,0.000000000,0.000000000,0.0,0.000000000,0.000000000,"",0,0,0,0,0,00,0,0*f6e644e9
#HEADINGA,ICOM3,0,86.6,FINESTEERING,2437,12073.800,00000000,0000,810;SOL_COMPUTED,NONE,0.000000000,0.000000000,0.000000000,0.0,0.000000000,0.000000000,"",0,0,0,0,0,00,0,0*4be306be
#HEADINGA,ICOM3,0,86.6,FINESTEERING,2437,12074.000,00000000,0000,810;SOL_COMPUTED,NONE,0.000000000,0.000000000,0.000000000,0.0,0.000000000,0.000000000,"",0,0,0,0,0,00,0,0*c4604274
#HEADINGA,ICOM3,0,86.3,FINESTEERING,2437,12074.200,00000000,0000,810;SOL_COMPUTED,NONE,0.000000000,0.000000000,0.000000000,0.0,0.000000000,0.000000000,"",0,0,0,0,0,00,0,0*234b53f5
#HEADINGA,ICOM3,0,86.3,FINESTEERING,2437,12074.400,00000000,0000,810;SOL_COMPUTED,NONE,0.000000000,0.000000000,0.000000000,0.0,0.000000000,0.000000000,"",0,0,0,0,0,00,0,0*27597e7d
#HEADINGA,ICOM3,0,86.3,FINESTEERING,2437,12074.600,00000000,0000,810;SOL_COMPUTED,NONE,0.000000000,0.000000000,0.000000000,0.0,0.000000000,0.000000000,"",0,0,0,0,0,00,0,0*9278673a
#HEADINGA,ICOM3,0,86.3,FINESTEERING,2437,12074.800,00000000,0000,810;SOL_COMPUTED,NONE,0.000000000,0.000000000,0.000000000,0.0,0.000000000,0.000000000,"",0,0,0,0,0,00,0,0*2f7d256d
#HEADINGA,ICOM3,0,86.3,FINESTEERING,2437,12075.000,00000000,0000,810;SOL_COMPUTED,NONE,0.000000000,0.000000000,0.000000000,0.0,0.000000000,0.000000000,"",0,0,0,0,0,00,0,0*167b2b83
#HEADINGA,ICOM3,0,86.3,FINESTEERING,2437,12075.200,00000000,0000,810;SOL_COMPUTED,NONE,0.000000000,0.000000000,0.000000000,0.0,0.000000000,0.000000000,"",0,0,0,0,0,00,0,0*a35a32c4
#HEADINGA,ICOM3,0,86.3,FINESTEERING,2437,12075.400,00000000,0000,810;SOL_COMPUTED,NONE,0.000000000,0.000000000,0.000000000,0.0,0.000000000,0.000000000,"",0,0,0,0,0,00,0,0*a7481f4c
#HEADINGA,ICOM3,0,86.3,FINESTEERING,2437,12075.600,00000000,0000,810;SOL_COMPUTED,NONE,0.000000000,0.000000000,0.000000000,0.0,0.000000000,0.000000000,"",0,0,0,0,0,00,0,0*1269060b
#HEADINGA,ICOM3,0,86.3,FINESTEERING,2437,12075.800,00000000,0000,810;SOL_COMPUTED,NONE,0.000000000,0.000000000,0.000000000,0.0,0.000000000,0.000000000,"",0,0,0,0,0,00,0,0*af6c445c
#HEADINGA,ICOM3,0,86.3,FINESTEERING,2437,12076.000,00000000,0000,810;SOL_COMPUTED,NONE,0.000000000,0.000000000,0.000000000,0.0,0.000000000,0.000000000,"",0,0,0,0,0,00,0,0*4d398e91
#HEADINGA,ICOM3,0,86.3,FINESTEERING,2437,12076.200,00000000,0000,810;SOL_COMPUTED,NONE,0.000000000,0.000000000,0.000000000,0.0,0.000000000,0.000000000,"",0,0,0,0,0,00,0,0*f81897d6
#HEADINGA,ICOM3,0,86.3,FINESTEERING,2437,12076.400,00000000,0000,810;SOL_COMPUTED,NONE,0.000000000,0.000000000,0.000000000,0.0,0.000000000,0.000000000,"",0,0,0,0,0,00,0,0*fc0aba5e
#HEADINGA,ICOM3,0,86.3,FINESTEERING,2437,12076.600,00000000,0000,810;SOL_COMPUTED,NONE,0.000000000,0.000000000,0.000000000,0.0,0.000000000,0.000000000,"",0,0,0,0,0,00,0,0*492ba319
#HEADINGA,ICOM3,0,86.3,FINESTEERING,2437,12076.800,00000000,0000,810;SOL_COMPUTED,NONE,0.000000000,0.000000000,0.000000000,0.0,0.000000000,0.000000000,"",0,0,0,0,0,00,0,0*f42ee14e
#HEADINGA,ICOM3,0,86.3,FINESTEERING,2437,12077.000,00000000,0000,810;SOL_COMPUTED,NONE,0.000000000,0.000000000,0.000000000,0.0,0.000000000,0.000000000,"",0,0,0,0,0,00,0,0*cd28efa0
#HEADINGA,ICOM3,0,86.5,FINESTEERING,2437,12077.200,00000000,0000,810;SOL_COMPUTED,NONE,0.000000000,0.000000000,0.000000000,0.0,0.000000000,0.000000000,"",0,0,0,0,0,00,0,0*1bfa0663
#HEADINGA,ICOM3,0,86.5,FINESTEERING,2437,12077.400,00000000,0000,810;SOL_COMPUTED,NONE,0.000000000,0.000000000,0.000000000,0.0,0.000000000,0.000000000,"",0,0,0,0,0,00,0,0*1fe82beb
#HEADINGA,ICOM3,0,86.5,FINESTEERING,2437,12077.600,00000000,0000,810;SOL_COMPUTED,NONE,0.000000000,0.000000000,0.000000000,0.0,0.000000000,0.000000000,"",0,0,0,0,0,00,0,0*aac932ac
#HEADINGA,ICOM3,0,86.5,FINESTEERING,2437,12077.800,00000000,0000,810;SOL_COMPUTED,NONE,0.000000000,0.000000000,0.000000000,0.0,0.000000000,0.000000000,"",0,0,0,0,0,00,0,0*17cc70fb
#HEADINGA,ICOM3,0,86.5,FINESTEERING,2437,12078.000,00000000,0000,810;SOL_COMPUTED,NONE,0.000000000,0.000000000,0.000000000,0.0,0.000000000,0.000000000,"",0,0,0,0,0,00,0,0*43e2283f
#HEADINGA,ICOM3,0,86.6,FINESTEERING,2437,12078.200,00000000,0000,810;SOL_COMPUTED,NONE,0.000000000,0.000000000,0.000000000,0.0,0.000000000,0.000000000,"",0,0,0,0,0,00,0,0*c73ac93a
#HEADINGA,ICOM3,0,86.6,FINESTEERING,2437,12078.400,00000000,0000,810;SOL_COMPUTED,NONE,0.000000000,0.000000000,0.000000000,0.0,0.000000000,0.000000000,"",0,0,0,0,0,00,0,0*c328e4b2
#HEADINGA,ICOM3,0,86.6,FINESTEERING,2437,12078.600,00000000,0000,810;SOL_COMPUTED,NONE,0.000000000,0.000000000,0.000000000,0.0,0.000000000,0.000000000,"",0,0,0,0,0,00,0,0*7609fdf5
#HEADINGA,ICOM3,0,86.6,FINESTEERING,2437,12078.800,00000000,0000,810;SOL_COMPUTED,NONE,0.000000000,0.000000000,0.000000000,0.0,0.000000000,0.000000000,"",0,0,0,0,0,00,0,0*cb0cbfa2
#HEADINGA,ICOM3,0,86.6,FINESTEERING,2437,12079.000,00000000,0000,810;SOL_COMPUTED,NONE,0.000000000,0.000000000,0.000000000,0.0,0.000000000,0.000000000,"",0,0,0,0,0,00,0,0*f20ab14c
#HEADINGA,ICOM3,0,86.0,FINESTEERING,2437,12079.200,00000000,0000,810;SOL_COMPUTED,NONE,0.000000000,0.000000000,0.000000000,0.0,0.000000000,0.000000000,"",0,0,0,0,0,00,0,0*24d8588f
#HEADINGA,ICOM3,0,86.0,FINESTEERING,2437,12079.400,00000000,0000,810;SOL_COMPUTED,NONE,0.000000000,0.000000000,0.000000000,0.0,0.000000000,0.000000000,"",0,0,0,0,0,00,0,0*20ca7507
#HEADINGA,ICOM3,0,86.0,FINESTEERING,2437,12079.600,00000000,0000,810;SOL_COMPUTED,NONE,0.000000000,0.000000000,0.000000000,0.0,0.000000000,0.000000000,"",0,0,0,0,0,00,0,0*95eb6c40
#HEADINGA,ICOM3,0,86.0,FINESTEERING,2437,12079.800,00000000,0000,810;SOL_COMPUTED,NONE,0.000000000,0.000000000,0.000000000,0.0,0.000000000,0.000000000,"",0,0,0,0,0,00,0,0*28ee2e17
#HEADINGA,ICOM3,0,86.0,FINESTEERING,2437,12080.000,00000000,0000,810;SOL_COMPUTED,NONE,0.000000000,0.000000000,0.000000000,0.0,0.000000000,0.000000000,"",0,0,0,0,0,00,0,0*40cdcc2c
#HEADINGA,ICOM3,0,86.2,FINESTEERING,2437,12080.200,00000000,0000,810;SOL_COMPUTED,NONE,0.000000000,0.000000000,0.000000000,0.0,0.000000000,0.000000000,"",0,0,0,0,0,00,0,0*d4bd8517
#HEADINGA,ICOM3,0,86.2,FINESTEERING,2437,12080.400,00000000,0000,810;SOL_COMPUTED,NONE,0.000000000,0.000000000,0.000000000,0.0,0.000000000,0.000000000,"",0,0,0,0,0,00,0,0*d0afa89f
#HEADINGA,ICOM3,0,86.2,FINESTEERING,2437,12080.600,00000000,0000,810;SOL_COMPUTED,NONE,0.000000000,0.000000000,0.000000000,0.0,0.000000000,0.000000000,"",0,0,0,0,0,00,0,0*658eb1d8
#HEADINGA,ICOM3,0,86.2,FINESTEERING,2437,12080.800,00000000,0000,810;SOL_COMPUTED,NONE,0.000000000,0.000000000,0.000000000,0.0,0.000000000,0.000000000,"",0,0,0,0,0,00,0,0*d88bf38f
#HEADINGA,ICOM3,0,86.2,FINESTEERING,2437,12081.000,00000000,0000,810;SOL_COMPUTED,NONE,0.000000000,0.000000000,0.000000000,0.0,0.000000000,0.000000000,"",0,0,0,0,0,00,0,0*e18dfd61
#HEADINGA,ICOM3,0,86.5,FINESTEERING,2437,12081.200,00000000,0000,810;SOL_COMPUTED,NONE,0.000000000,0.000000000,0.000000000,0.0,0.000000000,0.000000000,"",0,0,0,0,0,00,0,0*27f7bc9c
#HEADINGA,ICOM3,0,86.5,FINESTEERING,2437,12081.400,00000000,0000,810;SOL_COMPUTED,NONE,0.000000000,0.000000000,0.000000000,0.0,0.000000000,0.000000000,"",0,0,0,0,0,00,0,0*23e59114
#HEADINGA,ICOM3,0,86.5,FINESTEERING,2437,12081.600,00000000,0000,810;SOL_COMPUTED,NONE,0.000000000,0.000000000,0.000000000,0.0,0.000000000,0.000000000,"",0,0,0,0,0,00,0,0*96c48853
#HEADINGA,ICOM3,0,86.5,FINESTEERING,2437,12081.800,00000000,0000,810;SOL_COMPUTED,NONE,0.000000000,0.000000000,0.000000000,0.0,0.000000000,0.000000000,"",0,0,0,0,0,00,0,0*2bc1ca04
#HEADINGA,ICOM3,0,86.5,FINESTEERING,2437,12082.000,00000000,0000,810;SOL_COMPUTED,NONE,0.000000000,0.000000000,0.000000000,0.0,0.000000000,0.000000000,"",0,0,0,0,0,00,0,0*c99400c9
#HEADINGA,ICOM3,0,86.3,FINESTEERING,2437,12082.200,00000000,0000,810;SOL_COMPUTED,NONE,0.000000000,0.000000000,0.000000000,0.0,0.000000000,0.000000000,"",0,0,0,0,0,00,0,0*1f46e90a
#HEADINGA,ICOM3,0,86.3,FINESTEERING,2437,12082.400,00000000,0000,810;SOL_COMPUTED,NONE,0.000000000,0.000000000,0.000000000,0.0,0.000000000,0.000000000,"",0,0,0,0,0,00,0,0*1b54c482
#HEADINGA,ICOM3,0,86.3,FINESTEERING,2437,12082.600,00000000,0000,810;SOL_COMPUTED,NONE,0.000000000,0.000000000,0.000000000,0.0,0.000000000,0.000000000,"",0,0,0,0,0,00,0,0*ae75ddc5
#HEADINGA,ICOM3,0,86.3,FINESTEERING,2437,12082.800,00000000,0000,810;SOL_COMPUTED,NONE,0.000000000,0.000000000,0.000000000,0.0,0.000000000,0.000000000,"",0,0,0,0,0,00,0,0*13709f92
#HEADINGA,ICOM3,0,86.3,FINESTEERING,2437,12083.000,00000000,0000,810;SOL_COMPUTED,NONE,0.000000000,0.000000000,0.000000000,0.0,0.000000000,0.000000000,"",0,0,0,0,0,00,0,0*2a76917c
#HEADINGA,ICOM3,0,85.8,FINESTEERING,2437,12083.200,00000000,0000,810;SOL_COMPUTED,NONE,0.000000000,0.000000000,0.000000000,0.0,0.000000000,0.000000000,"",0,0,0,0,0,00,0,0*5ac257d9
#HEADINGA,ICOM3,0,85.8,FINESTEERING,2437,12083.400,00000000,0000,810;SOL_COMPUTED,NONE,0.000000000,0.000000000,0.000000000,0.0,0.000000000,0.000000000,"",0,0,0,0,0,00,0,0*5ed07a51
#HEADINGA,ICOM3,0,85.8,FINESTEERING,2437,12083.600,00000000,0000,810;SOL_COMPUTED,NONE,0.000000000,0.000000000,0.000000000,0.0,0.000000000,0.000000000,"",0,0,0,0,0,00,0,0*ebf16316
#HEADINGA,ICOM3,0,85.8,FINESTEERING,2437,12083.800,00000000,0000,810;SOL_COMPUTED,NONE,0.000000000,0.000000000,0.000000000,0.0,0.000000000,0.000000000,"",0,0,0,0,0,00,0,0*56f42141
#HEADINGA,ICOM3,0,85.8,FINESTEERING,2437,12084.000,00000000,0000,810;SOL_COMPUTED,NONE,0.000000000,0.000000000,0.000000000,0.0,0.000000000,0.000000000,"",0,0,0,0,0,00,0,0*d977658b
#HEADINGA,ICOM3,0,85.8,FINESTEERING,2437,12084.200,00000000,0000,810;SOL_COMPUTED,NONE,0.000000000,0.000000000,0.000000000,0.0,0.000000000,0.000000000,"",0,0,0,0,0,00,0,0*6c567ccc
#HEADINGA,ICOM3,0,85.8,FINESTEERING,2437,12084.400,00000000,0000,810;SOL_COMPUTED,NONE,0.000000000,0.000000000,0.000000000,0.0,0.000000000,0.000000000,"",0,0,0,0,0,00,0,0*68445144
#HEADINGA,ICOM3,0,85.8,FINESTEERING,2437,12084.600,00000000,0000,810;SOL_COMPUTED,NONE,0.000000000,0.000000000,0.000000000,0.0,0.000000000,0.000000000,"",0,0,0,0,0,00,0,0*dd654803
#HEADINGA,ICOM3,0,85.8,FINESTEERING,2437,12084.800,00000000,0000,810;SOL_COMPUTED,NONE,0.000000000,0.000000000,0.000000000,0.0,0.000000000,0.000000000,"",0,0,0,0,0,00,0,0*60600a54
#HEADINGA,ICOM3,0,85.8,FINESTEERING,2437,12085.000,00000000,0000,810;SOL_COMPUTED,NONE,0.000000000,0.000000000,0.000000000,0.0,0.000000000,0.000000000,"",0,0,0,0,0,00,0,0*596604ba
#HEADINGA,ICOM3,0,85.7,FINESTEERING,2437,12085.200,00000000,0000,810;SOL_COMPUTED,NONE,0.000000000,0.000000000,0.000000000,0.0,0.000000000,0.000000000,"",0,0,0,0,0,00,0,0*1a5904b7
#HEADINGA,ICOM3,0,85.7,FINESTEERING,2437,12085.400,00000000,0000,810;SOL_COMPUTED,NONE,0.000000000,0.000000000,0.000000000,0.0,0.000000000,0.000000000,"",0,0,0,0,0,00,0,0*1e4b293f
#HEADINGA,ICOM3,0,85.7,FINESTEERING,2437,12085.600,00000000,0000,810;SOL_COMPUTED,NONE,0.000000000,0.000000000,0.000000000,0.0,0.000000000,0.000000000,"",0,0,0,0,0,00,0,0*ab6a3078
#HEADINGA,ICOM3,0,85.7,FINESTEERING,2437,12085.800,00000000,0000,810;SOL_COMPUTED,NONE,0.000000000,0.000000000,0.000000000,0.0,0.000000000,0.000000000,"",0,0,0,0,0,00,0,0*166f722f
