$GAGSV,2,1,08,04,38,251,47,06,14,242,39,10,43,316,47,12,68,302,48*65
$GAGSV,2,2,08,14,00,000,37,19,71,351,45,28,61,267,50,33,51,158,48*66
$GAGSV,2,1,08,04,38,251,47,06,14,242,39,10,43,316,47,12,68,302,48*65
$GAGSV,2,2,08,14,00,000,37,19,71,351,45,28,61,267,50,33,51,158,48*66
$GAGSV,2,1,08,04,38,251,47,06,14,242,39,10,43,316,48,12,68,302,48*6A
$GAGSV,2,2,08,14,00,000,37,19,71,351,46,28,61,267,50,33,51,158,48*65
$GAGSV,2,1,08,04,38,251,47,06,14,242,39,10,43,316,48,12,68,302,48*6A
$GAGSV,2,2,08,14,00,000,37,19,71,351,46,28,61,267,50,33,51,158,48*65
$GAGSV,2,1,08,04,38,251,47,06,14,242,39,10,43,316,48,12,68,302,48*6A
$GAGSV,2,2,08,14,00,000,37,19,71,351,46,28,61,267,50,33,51,158,48*65
$GAGSV,2,1,08,04,38,251,47,06,14,242,39,10,43,316,48,12,68,302,48*6A
$GAGSV,2,2,08,14,00,000,38,19,71,351,46,28,61,267,50,33,51,158,48*6A
$GAGSV,2,1,08,04,38,251,47,06,14,242,39,10,43,316,48,12,68,302,48*6A
$GAGSV,2,2,08,14,00,000,38,19,71,351,46,28,61,267,50,33,51,158,48*6A
$GAGSV,2,1,08,04,38,251,47,06,14,242,39,10,43,316,48,12,68,302,48*6A
$GAGSV,2,2,08,14,00,000,38,19,71,351,46,28,61,267,50,33,51,158,48*6A
$GAGSV,2,1,08,04,38,251,47,06,14,242,39,10,43,316,47,12,68,302,48*65
$GAGSV,2,2,08,14,00,000,38,19,71,351,46,28,61,267,50,33,51,158,48*6A
$GAGSV,2,1,08,04,38,251,46,06,14,242,39,10,43,316,47,12,68,302,48*64
$GAGSV,2,2,08,14,00,000,38,19,71,351,46,28,61,267,50,33,51,158,48*6A
$GAGSV,2,1,08,04,38,251,46,06,14,242,39,10,43,316,47,12,68,302,48*64
$GAGSV,2,2,08,14,00,000,38,19,71,351,46,28,61,267,50,33,51,158,48*6A
$GAGSV,2,1,08,04,38,251,46,06,14,242,39,10,43,316,47,12,68,302,48*64
$GAGSV,2,2,08,14,00,000,38,19,71,351,46,28,61,267,50,33,51,158,48*6A
$GAGSV,2,1,08,04,38,251,46,06,14,242,39,10,43,316,47,12,68,302,48*64
$GAGSV,2,2,08,14,00,000,38,19,71,351,46,28,61,267,50,33,51,158,48*6A
$GAGSV,2,1,08,04,38,251,46,06,14,242,39,10,43,316,48,12,68,302,48*6B
$GAGSV,2,2,08,14,00,000,38,19,71,351,46,28,61,267,50,33,51,158,48*6A
$GAGSV,2,1,08,04,38,251,46,06,14,242,39,10,43,316,48,12,68,302,48*6B
$GAGSV,2,2,08,14,00,000,37,19,71,351,46,28,61,267,49,33,51,158,48*6D
$GAGSV,2,1,08,04,38,251,46,06,14,242,39,10,43,316,48,12,68,302,48*6B
$GAGSV,2,2,08,14,00,000,37,19,71,351,46,28,61,267,49,33,51,158,48*6D
$GAGSV,2,1,08,04,38,251,46,06,14,242,39,10,43,316,48,12,68,302,48*6B
$GAGSV,2,2,08,14,00,000,37,19,71,351,46,28,61,267,49,33,51,158,48*6D
$GAGSV,2,1,08,04,38,251,46,06,14,242,39,10,43,316,48,12,68,302,48*6B
$GAGSV,2,2,08,14,00,000,37,19,71,351,46,28,61,267,49,33,51,158,48*6D
$GAGSV,2,1,08,04,38,251,46,06,14,242,39,10,43,316,48,12,68,302,48*6B
$GAGSV,2,2,08,14,00,000,37,19,71,351,46,28,61,267,49,33,51,158,48*6D
$GAGSV,2,1,08,04,38,251,46,06,14,242,39,10,43,316,48,12,68,302,48*6B
$GAGSV,2,2,08,14,00,000,37,19,71,351,45,28,61,267,49,33,51,158,48*6E
$GAGSV,2,1,08,04,38,251,46,06,14,242,38,10,43,316,48,12,68,302,48*6A
$GAGSV,2,2,08,14,00,000,37,19,71,351,45,28,61,267,50,33,51,158,48*66
$GAGSV,2,1,08,04,38,251,46,06,14,242,38,10,43,316,48,12,68,302,48*6A
$GAGSV,2,2,08,14,00,000,37,19,71,351,45,28,61,267,50,33,51,158,48*66
$GAGSV,2,1,08,04,38,251,46,06,14,242,38,10,43,316,48,12,68,302,48*6A
$GAGSV,2,2,08,14,00,000,37,19,71,351,45,28,61,267,50,33,51,158,48*66
$GAGSV,2,1,08,04,38,251,46,06,14,242,38,10,43,316,48,12,68,302,48*6A
$GAGSV,2,2,08,14,00,000,37,19,71,351,45,28,61,267,50,33,51,158,48*66
$GAGSV,2,1,08,04,38,251,46,06,14,242,38,10,43,316,47,12,68,302,48*65
$GAGSV,2,2,08,14,00,000,37,19,71,351,45,28,61,267,50,33,51,158,48*66
$GAGSV,2,1,08,04,38,251,46,06,14,242,38,10,43,316,48,12,68,302,48*6A
$GAGSV,2,2,08,14,00,000,36,19,71,351,45,28,61,267,50,33,51,158,48*67
$GAGSV,2,1,08,04,38,251,46,06,14,242,38,10,43,316,48,12,68,302,48*6A
$GAGSV,2,2,08,14,00,000,36,19,71,351,45,28,61,267,50,33,51,158,48*67
$GAGSV,2,1,08,04,38,251,46,06,14,242,38,10,43,316,48,12,68,302,48*6A
$GAGSV,2,2,08,14,00,000,36,19,71,351,45,28,61,267,50,33,51,158,48*67
$GAGSV,2,1,08,04,38,251,46,06,14,242,38,10,43,316,48,12,68,302,48*6A
$GAGSV,2,2,08,14,00,000,36,19,71,351,45,28,61,267,50,33,51,158,48*67
$GAGSV,2,1,08,04,38,251,46,06,14,243,38,10,43,316,48,12,68,302,48*6B
$GAGSV,2,2,08,14,00,000,36,19,71,351,45,28,61,267,50,33,51,158,48*67
$GAGSV,2,1,08,04,38,251,46,06,14,243,38,10,43,316,48,12,68,302,48*6B
$GAGSV,2,2,08,14,00,000,36,19,71,351,45,28,61,267,50,33,51,158,48*67
$GAGSV,2,1,08,04,38,251,46,06,14,243,38,10,43,316,48,12,68,302,48*6B
$GAGSV,2,2,08,14,00,000,36,19,71,351,45,28,61,267,50,33,51,158,48*67
$GAGSV,2,1,08,04,38,251,46,06,14,243,38,10,43,316,48,12,68,302,48*6B
$GAGSV,2,2,08,14,00,000,36,19,71,351,45,28,61,267,50,33,51,158,48*67
$GAGSV,2,1,08,04,38,251,46,06,14,243,38,10,43,316,48,12,68,302,48*6B
$GAGSV,2,2,08,14,00,000,36,19,71,351,45,28,61,267,50,33,51,158,48*67
$GAGSV,2,1,08,04,38,251,46,06,14,243,38,10,43,316,48,12,68,302,48*6B
$GAGSV,2,2,08,14,00,000,36,19,71,351,45,28,61,267,50,33,51,158,48*67
$GAGSV,2,1,08,04,38,251,46,06,14,243,38,10,43,316,48,12,68,302,48*6B
$GAGSV,2,2,08,14,00,000,36,19,71,351,45,28,61,267,50,33,51,158,48*67
$GAGSV,2,1,08,04,38,251,46,06,14,243,38,10,43,316,48,12,68,302,48*6B
$GAGSV,2,2,08,14,00,000,35,19,71,351,45,28,61,267,50,33,51,158,48*64
$GAGSV,2,1,08,04,38,251,46,06,14,243,38,10,43,316,48,12,68,302,48*6B
$GAGSV,2,2,08,14,00,000,35,19,71,351,45,28,61,267,49,33,51,158,48*6C
$GAGSV,2,1,08,04,38,251,46,06,14,243,38,10,43,316,48,12,68,302,48*6B
$GAGSV,2,2,08,14,00,000,36,19,71,351,45,28,61,267,49,33,51,158,48*6F
$GAGSV,2,1,08,04,38,251,46,06,14,243,38,10,43,316,48,12,68,302,47*64
$GAGSV,2,2,08,14,00,000,35,19,71,351,45,28,61,267,49,33,51,158,48*6C
$GAGSV,2,1,08,04,38,251,46,06,14,243,38,10,43,316,48,12,68,302,47*64
$GAGSV,2,2,08,14,00,000,35,19,71,351,45,28,61,267,49,33,51,158,48*6C
$GAGSV,2,1,08,04,38,251,46,06,14,243,38,10,43,316,48,12,68,302,47*64
$GAGSV,2,2,08,14,00,000,35,19,71,351,45,28,61,267,49,33,51,158,48*6C
$GAGSV,2,1,08,04,38,251,46,06,14,243,38,10,43,316,48,12,68,302,47*64
$GAGSV,2,2,08,14,00,000,35,19,71,351,45,28,61,267,49,33,51,158,48*6C
$GAGSV,2,1,08,04,38,251,46,06,14,243,38,10,43,316,48,12,68,302,47*64
$GAGSV,2,2,08,14,00,000,35,19,71,351,45,28,61,267,49,33,51,158,48*6C
$GAGSV,2,1,08,04,38,251,46,06,14,243,38,10,43,316,48,12,68,302,47*64
$GAGSV,2,2,08,14,00,000,36,19,71,351,45,28,61,267,49,33,51,158,48*6F
$GAGSV,2,1,08,04,38,251,46,06,14,243,39,10,43,316,48,12,68,302,47*65
$GAGSV,2,2,08,14,00,000,35,19,71,351,45,28,61,267,49,33,51,158,48*6C
$GAGSV,2,1,08,04,38,251,46,06,14,243,39,10,43,316,48,12,68,302,48*6A
$GAGSV,2,2,08,14,00,000,35,19,71,351,45,28,61,267,49,33,51,158,48*6C
$GAGSV,2,1,08,04,38,251,46,06,14,243,39,10,43,316,48,12,68,302,48*6A
$GAGSV,2,2,08,14,00,000,35,19,71,351,45,28,61,267,49,33,51,158,48*6C
$GAGSV,2,1,08,04,38,251,46,06,14,243,38,10,43,316,48,12,68,302,48*6B
$GAGSV,2,2,08,14,00,000,36,19,71,351,45,28,61,267,49,33,51,158,48*6F
$GAGSV,2,1,08,04,38,251,46,06,14,243,38,10,43,316,48,12,68,302,48*6B
$GAGSV,2,2,08,14,00,000,36,19,71,351,45,28,61,267,49,33,51,158,48*6F
$GAGSV,2,1,08,04,38,251,46,06,14,243,38,10,43,316,48,12,68,302,48*6B
$GAGSV,2,2,08,14,00,000,36,19,71,351,45,28,61,267,49,33,51,158,48*6F
$GAGSV,2,1,08,04,38,251,46,06,14,243,38,10,43,316,48,12,68,302,48*6B
$GAGSV,2,2,08,14,00,000,36,19,71,351,45,28,61,267,49,33,51,158,48*6F
$GAGSV,2,1,08,04,38,251,46,06,14,243,38,10,43,316,48,12,68,302,48*6B
$GAGSV,2,2,08,14,00,000,36,19,71,351,45,28,61,267,49,33,51,158,48*6F
$GAGSV,2,1,08,04,38,251,46,06,14,243,38,10,43,316,48,12,68,302,48*6B
$GAGSV,2,2,08,14,00,000,36,19,71,351,45,28,61,267,49,33,51,158,48*6F
$GAGSV,2,1,08,04,38,251,46,06,14,243,38,10,43,316,48,12,68,302,48*6B
$GAGSV,2,2,08,14,00,000,36,19,71,351,45,28,61,267,49,33,51,158,48*6F
$GAGSV,2,1,08,04,38,251,46,06,14,243,38,10,43,316,48,12,68,302,48*6B
$GAGSV,2,2,08,14,00,000,35,19,71,351,45,28,61,267,49,33,51,158,48*6C
$GAGSV,2,1,08,04,38,251,46,06,14,243,38,10,43,316,48,12,68,302,48*6B
$GAGSV,2,2,08,14,00,000,35,19,71,351,45,28,61,267,49,33,51,158,48*6C
$GAGSV,2,1,08,04,38,251,46,06,14,243,38,10,43,316,48,12,68,302,48*6B
$GAGSV,2,2,08,14,00,000,34,19,71,351,45,28,61,267,49,33,51,158,48*6D
$GAGSV,2,1,08,04,38,251,46,06,14,243,38,10,43,316,48,12,68,302,48*6B
$GAGSV,2,2,08,14,00,000,33,19,71,351,45,28,61,267,49,33,51,158,48*6A
$GAGSV,2,1,08,04,38,251,46,06,14,243,39,10,43,316,48,12,68,302,48*6A
$GAGSV,2,2,08,14,00,000,33,19,71,351,45,28,61,267,49,33,51,158,48*6A
$GAGSV,2,1,08,04,38,251,46,06,14,243,39,10,43,316,48,12,68,302,48*6A
$GAGSV,2,2,08,14,00,000,33,19,71,351,45,28,61,267,49,33,51,158,48*6A
$GAGSV,2,1,08,04,38,251,46,06,14,243,39,10,43,316,48,12,68,302,48*6A
$GAGSV,2,2,08,14,00,000,33,19,71,351,45,28,61,267,49,33,51,158,48*6A
$GAGSV,2,1,08,04,38,251,46,06,14,243,39,10,43,316,48,12,68,302,48*6A
$GAGSV,2,2,08,14,00,000,33,19,71,351,45,28,61,267,49,33,51,158,48*6A
$GAGSV,2,1,08,04,38,251,46,06,14,243,39,10,43,316,48,12,68,302,48*6A
$GAGSV,2,2,08,14,00,000,32,19,71,351,45,28,61,267,49,33,51,158,48*6B
$GAGSV,2,1,08,04,38,251,46,06,14,243,39,10,43,316,48,12,68,302,48*6A
$GAGSV,2,2,08,14,00,000,32,19,71,351,44,28,61,267,49,33,51,158,48*6A
$GAGSV,2,1,08,04,38,251,46,06,14,243,39,10,43,316,48,12,68,302,48*6A
$GAGSV,2,2,08,14,00,000,32,19,71,351,44,28,61,267,49,33,51,158,48*6A
$GAGSV,2,1,08,04,38,251,46,06,14,243,39,10,43,316,48,12,68,302,48*6A
$GAGSV,2,2,08,14,00,000,31,19,71,351,44,28,61,267,49,33,51,158,48*69
$GAGSV,2,1,08,04,38,251,46,06,14,243,39,10,43,316,48,12,68,302,48*6A
$GAGSV,2,2,08,14,00,000,30,19,71,351,44,28,61,267,50,33,51,158,48*60
$GAGSV,2,1,08,04,38,251,46,06,14,243,39,10,43,316,48,12,68,302,48*6A
$GAGSV,2,2,08,14,00,000,30,19,71,351,44,28,61,267,50,33,51,158,48*60
$GAGSV,2,1,08,04,38,251,46,06,14,243,39,10,43,316,48,12,68,302,48*6A
$GAGSV,2,2,08,14,00,000,30,19,71,351,44,28,61,267,50,33,51,158,48*60
$GAGSV,2,1,08,04,38,251,46,06,14,243,39,10,43,316,48,12,68,302,48*6A
$GAGSV,2,2,08,14,00,000,30,19,71,351,44,28,61,267,50,33,51,158,48*60
$GAGSV,2,1,08,04,38,251,46,06,14,243,39,10,43,316,48,12,68,302,48*6A
$GAGSV,2,2,08,14,00,000,30,19,71,351,44,28,61,267,50,33,51,158,48*60
$GAGSV,2,1,08,04,38,251,46,06,14,243,39,10,43,316,48,12,68,302,48*6A
$GAGSV,2,2,08,14,00,000,30,19,71,351,44,28,61,267,50,33,51,158,48*60
$GAGSV,2,1,08,04,38,251,46,06,14,243,39,10,43,316,48,12,68,302,48*6A
$GAGSV,2,2,08,14,00,000,31,19,71,351,44,28,61,267,50,33,51,158,48*61
$GAGSV,2,1,08,04,38,251,46,06,14,243,39,10,43,316,48,12,68,302,48*6A
$GAGSV,2,2,08,14,00,000,31,19,71,351,44,28,61,267,50,33,51,158,48*61
$GAGSV,2,1,08,04,38,251,46,06,14,243,39,10,43,316,48,12,68,302,48*6A
$GAGSV,2,2,08,14,00,000,31,19,71,351,44,28,61,267,50,33,51,158,48*61
$GAGSV,2,1,08,04,38,251,46,06,14,243,39,10,43,316,48,12,68,302,48*6A
$GAGSV,2,2,08,14,00,000,32,19,71,351,44,28,61,267,50,33,51,158,48*62
$GAGSV,2,1,08,04,38,251,46,06,14,243,39,10,43,316,48,12,68,302,48*6A
$GAGSV,2,2,08,14,00,000,32,19,71,351,45,28,61,267,49,33,51,158,48*6B
$GAGSV,2,1,08,04,38,251,46,06,14,243,39,10,43,316,48,12,68,302,48*6A
$GAGSV,2,2,08,14,00,000,33,19,71,351,45,28,61,267,49,33,51,158,48*6A
$GAGSV,2,1,08,04,38,251,46,06,14,243,39,10,43,316,48,12,68,302,48*6A
$GAGSV,2,2,08,14,00,000,34,19,71,351,45,28,61,267,49,33,51,158,48*6D
$GAGSV,2,1,08,04,38,251,46,06,14,243,39,10,43,316,48,12,68,302,48*6A
$GAGSV,2,2,08,14,00,000,34,19,71,351,45,28,61,267,49,33,51,158,48*6D
$GAGSV,2,1,08,04,38,251,46,06,14,243,39,10,43,316,48,12,68,302,48*6A
$GAGSV,2,2,08,14,00,000,35,19,71,351,45,28,61,267,49,33,51,158,48*6C
$GAGSV,2,1,08,04,38,251,46,06,14,243,39,10,43,316,48,12,68,302,48*6A
$GAGSV,2,2,08,14,00,000,35,19,71,351,45,28,61,267,49,33,51,158,48*6C
$GAGSV,2,1,08,04,38,251,46,06,14,243,39,10,43,316,48,12,68,302,48*6A
$GAGSV,2,2,08,14,00,000,36,19,71,351,45,28,61,267,49,33,51,158,48*6F
$GAGSV,2,1,08,04,38,251,46,06,14,243,39,10,43,316,48,12,68,302,48*6A
$GAGSV,2,2,08,14,00,000,37,19,71,351,45,28,61,267,49,33,51,158,48*6E
$GAGSV,2,1,08,04,38,251,46,06,14,243,39,10,43,316,48,12,68,302,48*6A
$GAGSV,2,2,08,14,00,000,37,19,71,351,45,28,61,267,49,33,51,158,48*6E
$GAGSV,2,1,08,04,38,251,46,06,14,243,39,10,43,316,48,12,68,302,48*6A
$GAGSV,2,2,08,14,00,000,37,19,71,351,45,28,61,267,49,33,51,158,48*6E
$GAGSV,2,1,08,04,38,251,46,06,14,243,39,10,43,316,48,12,68,302,48*6A
$GAGSV,2,2,08,14,00,000,37,19,71,351,45,28,61,267,49,33,51,158,48*6E
$GAGSV,2,1,08,04,38,251,46,06,14,243,39,10,43,316,48,12,68,302,48*6A
$GAGSV,2,2,08,14,00,000,37,19,71,351,45,28,61,267,49,33,51,158,48*6E
$GAGSV,2,1,08,04,38,251,46,06,14,243,39,10,43,316,48,12,68,302,48*6A
$GAGSV,2,2,08,14,00,000,37,19,71,351,45,28,61,267,49,33,51,158,48*6E
$GAGSV,2,1,08,04,38,251,46,06,14,243,39,10,43,316,48,12,68,302,48*6A
$GAGSV,2,2,08,14,00,000,37,19,71,351,45,28,61,267,49,33,51,158,48*6E
$GAGSV,2,1,08,04,38,251,46,06,14,243,39,10,43,316,48,12,68,302,48*6A
$GAGSV,2,2,08,14,00,000,37,19,71,351,45,28,61,267,49,33,51,158,48*6E
$GAGSV,2,1,08,04,38,251,46,06,14,243,39,10,43,316,48,12,68,302,48*6A
$GAGSV,2,2,08,14,00,000,37,19,71,351,45,28,61,267,49,33,51,158,48*6E
$GAGSV,2,1,08,04,38,251,46,06,14,243,39,10,43,316,48,12,68,302,48*6A
$GAGSV,2,2,08,14,00,000,37,19,71,351,45,28,61,267,49,33,51,158,48*6E
$GAGSV,2,1,08,04,38,251,46,06,14,243,39,10,43,316,48,12,68,302,48*6A
$GAGSV,2,2,08,14,00,000,37,19,71,351,45,28,61,267,49,33,51,158,48*6E
$GAGSV,2,1,08,04,38,251,46,06,14,243,39,10,43,316,48,12,68,302,48*6A
$GAGSV,2,2,08,14,00,000,37,19,71,351,45,28,61,267,49,33,51,158,48*6E
$GAGSV,2,1,08,04,38,251,46,06,14,243,39,10,43,316,48,12,68,302,48*6A
$GAGSV,2,2,08,14,00,000,37,19,71,351,45,28,61,267,49,33,51,158,48*6E
$GAGSV,2,1,08,04,38,251,46,06,14,243,39,10,43,316,48,12,68,302,48*6A
$GAGSV,2,2,08,14,00,000,37,19,71,351,45,28,61,267,49,33,51,158,48*6E
$GAGSV,2,1,08,04,38,251,46,06,14,243,39,10,43,316,48,12,68,302,48*6A
$GAGSV,2,2,08,14,00,000,37,19,71,351,45,28,61,267,49,33,51,158,48*6E
$GAGSV,2,1,08,04,38,251,46,06,14,243,39,10,43,316,48,12,68,302,48*6A
$GAGSV,2,2,08,14,00,000,37,19,71,351,45,28,61,267,49,33,51,158,48*6E
$GAGSV,2,1,08,04,38,251,46,06,14,243,39,10,43,316,48,12,68,302,48*6A
$GAGSV,2,2,08,14,00,000,36,19,71,351,45,28,61,267,49,33,51,158,48*6F
$GAGSV,2,1,08,04,38,251,46,06,14,243,39,10,43,316,48,12,68,302,47*65
$GAGSV,2,2,08,14,00,000,36,19,71,351,45,28,61,267,49,33,51,158,48*6F
$GAGSV,2,1,08,04,38,251,46,06,14,243,39,10,43,316,48,12,68,302,47*65
$GAGSV,2,2,08,14,00,000,36,19,71,351,45,28,61,267,49,33,51,158,48*6F
$GAGSV,2,1,08,04,38,251,46,06,14,243,38,10,43,316,48,12,68,302,47*64
$GAGSV,2,2,08,14,00,000,35,19,71,351,45,28,61,267,49,33,51,158,48*6C
$GAGSV,2,1,08,04,38,251,46,06,14,243,38,10,43,316,48,12,68,302,47*64
$GAGSV,2,2,08,14,00,000,35,19,71,352,45,28,61,267,49,33,51,158,48*6F
$GAGSV,2,1,08,04,38,251,46,06,14,243,38,10,43,316,48,12,68,302,47*64
$GAGSV,2,2,08,14,00,000,34,19,71,352,45,28,61,267,49,33,51,158,48*6E
$GAGSV,2,1,08,04,38,251,46,06,14,243,38,10,43,316,48,12,68,302,48*6B
$GAGSV,2,2,08,14,00,000,34,19,71,352,45,28,61,267,49,33,51,158,48*6E
$GAGSV,2,1,08,04,38,251,46,06,14,243,38,10,43,316,48,12,68,302,48*6B
$GAGSV,2,2,08,14,00,000,33,19,71,352,45,28,61,267,49,33,51,158,48*69
$GAGSV,2,1,08,04,38,251,46,06,14,243,38,10,43,316,48,12,68,302,48*6B
$GAGSV,2,2,08,14,00,000,32,19,71,352,45,28,61,267,49,33,51,158,48*68
$GAGSV,2,1,08,04,38,251,46,06,14,243,38,10,43,316,48,12,68,302,48*6B
$GAGSV,2,2,08,14,00,000,33,19,71,352,45,28,61,267,49,33,51,158,48*69
$GAGSV,2,1,08,04,38,251,46,06,14,243,38,10,43,316,48,12,68,302,48*6B
$GAGSV,2,2,08,14,00,000,33,19,71,352,45,28,61,267,49,33,51,158,48*69
$GAGSV,2,1,08,04,38,251,46,06,14,243,38,10,43,316,48,12,68,302,48*6B
$GAGSV,2,2,08,14,00,000,32,19,71,352,45,28,61,267,49,33,51,158,48*68
$GAGSV,2,1,08,04,38,251,46,06,14,243,38,10,43,316,48,12,68,302,48*6B
$GAGSV,2,2,08,14,00,000,33,19,71,352,45,28,61,267,49,33,51,158,48*69
$GAGSV,2,1,08,04,38,251,46,06,14,243,38,10,43,316,48,12,68,302,48*6B
$GAGSV,2,2,08,14,00,000,33,19,71,352,45,28,61,267,49,33,51,158,48*69
$GAGSV,2,1,08,04,38,251,46,06,14,243,38,10,43,316,48,12,68,302,48*6B
$GAGSV,2,2,08,14,00,000,33,19,71,352,45,28,61,267,49,33,51,158,48*69
$GAGSV,2,1,08,04,38,251,46,06,14,243,38,10,43,316,48,12,68,302,48*6B
$GAGSV,2,2,08,14,00,000,34,19,71,352,45,28,61,267,49,33,51,158,48*6E
$GAGSV,2,1,08,04,38,251,46,06,14,243,38,10,43,316,48,12,68,302,48*6B
$GAGSV,2,2,08,14,00,000,34,19,71,352,45,28,61,267,49,33,51,158,48*6E
$GAGSV,2,1,08,04,38,251,46,06,14,243,38,10,43,316,48,12,68,302,48*6B
$GAGSV,2,2,08,14,00,000,34,19,71,352,45,28,61,267,49,33,51,158,48*6E
$GAGSV,2,1,08,04,38,251,46,06,14,243,39,10,43,316,48,12,68,302,48*6A
$GAGSV,2,2,08,14,00,000,34,19,71,352,45,28,61,267,49,33,51,158,48*6E
$GAGSV,2,1,08,04,38,251,46,06,14,243,39,10,43,316,48,12,68,302,48*6A
$GAGSV,2,2,08,14,00,000,34,19,71,352,45,28,61,267,49,33,51,158,48*6E
$GAGSV,2,1,08,04,38,251,46,06,14,243,39,10,43,316,48,12,68,302,48*6A
$GAGSV,2,2,08,14,00,000,35,19,71,352,45,28,61,267,49,33,51,158,48*6F
$GAGSV,2,1,08,04,38,251,46,06,14,243,39,10,43,316,48,12,68,302,48*6A
$GAGSV,2,2,08,14,00,000,35,19,71,352,45,28,61,267,49,33,51,158,48*6F
$GAGSV,2,1,08,04,38,251,46,06,14,243,39,10,43,316,48,12,68,302,48*6A
$GAGSV,2,2,08,14,00,000,35,19,71,352,45,28,61,267,49,33,51,158,48*6F
$GAGSV,2,1,08,04,38,251,46,06,14,243,39,10,43,316,48,12,68,302,48*6A
$GAGSV,2,2,08,14,00,000,35,19,71,352,45,28,61,267,49,33,51,158,48*6F
$GAGSV,2,1,08,04,38,251,46,06,14,243,39,10,43,316,48,12,68,302,48*6A
$GAGSV,2,2,08,14,00,000,35,19,71,352,45,28,61,267,49,33,51,158,48*6F
$GAGSV,2,1,08,04,38,251,46,06,14,243,39,10,43,316,48,12,68,302,48*6A
$GAGSV,2,2,08,14,00,000,35,19,71,352,45,28,61,267,49,33,51,158,48*6F
$GAGSV,2,1,08,04,38,251,46,06,14,243,39,10,43,316,48,12,68,302,48*6A
$GAGSV,2,2,08,14,00,000,35,19,71,352,45,28,61,267,49,33,51,158,48*6F
$GAGSV,2,1,08,04,38,251,46,06,14,243,39,10,43,316,48,12,68,302,48*6A
$GAGSV,2,2,08,14,00,000,35,19,71,352,45,28,61,267,49,33,51,158,48*6F
$GAGSV,2,1,08,04,38,251,46,06,14,243,39,10,43,316,48,12,68,302,48*6A
$GAGSV,2,2,08,14,00,000,35,19,71,352,45,28,61,267,49,33,51,158,48*6F
$GAGSV,2,1,08,04,38,251,46,06,14,243,39,10,43,316,48,12,68,302,48*6A
$GAGSV,2,2,08,14,00,000,35,19,71,352,45,28,61,267,49,33,51,158,48*6F
$GAGSV,2,1,08,04,38,251,46,06,14,243,39,10,43,316,48,12,68,302,48*6A
$GAGSV,2,2,08,14,00,000,35,19,71,352,45,28,61,267,49,33,51,158,48*6F
$GAGSV,2,1,08,04,38,251,46,06,14,243,39,10,43,316,48,12,68,302,48*6A
$GAGSV,2,2,08,14,00,000,35,19,71,352,45,28,61,267,49,33,51,158,48*6F
$GAGSV,2,1,08,04,38,251,46,06,14,243,40,10,43,316,48,12,68,302,48*64
$GAGSV,2,2,08,14,00,000,36,19,71,352,45,28,61,267,49,33,51,158,48*6C
$GAGSV,2,1,08,04,38,251,46,06,14,243,40,10,43,316,48,12,68,302,48*64
$GAGSV,2,2,08,14,00,000,36,19,71,352,45,28,61,267,49,33,51,158,48*6C
$GAGSV,2,1,08,04,38,251,46,06,14,243,40,10,43,316,48,12,68,302,48*64
$GAGSV,2,2,08,14,00,000,36,19,71,352,45,28,62,267,49,33,51,158,48*6F
$GAGSV,2,1,08,04,38,251,46,06,14,243,40,10,43,316,48,12,68,302,48*64
$GAGSV,2,2,08,14,00,000,35,19,71,352,45,28,62,267,49,33,51,158,48*6C
$GAGSV,2,1,08,04,38,251,46,06,14,243,40,10,43,316,48,12,68,302,48*64
$GAGSV,2,2,08,14,00,000,35,19,71,352,45,28,62,267,49,33,51,158,48*6C
$GAGSV,2,1,08,04,38,251,46,06,14,243,40,10,43,316,48,12,68,302,48*64
$GAGSV,2,2,08,14,00,000,35,19,71,352,45,28,62,267,49,33,51,158,48*6C
$GAGSV,2,1,08,04,38,251,46,06,14,243,40,10,43,316,48,12,68,302,48*64
$GAGSV,2,2,08,14,00,000,36,19,71,352,45,28,62,267,49,33,51,158,48*6F
$GAGSV,2,1,08,04,38,251,46,06,14,243,40,10,43,316,48,12,68,302,48*64
$GAGSV,2,2,08,14,00,000,35,19,71,352,45,28,62,267,49,33,51,158,48*6C
$GAGSV,2,1,08,04,38,251,46,06,14,243,40,10,43,316,48,12,68,302,48*64
$GAGSV,2,2,08,14,00,000,35,19,71,352,45,28,62,267,49,33,51,158,48*6C
$GAGSV,2,1,08,04,38,251,46,06,14,243,40,10,43,316,48,12,68,302,48*64
$GAGSV,2,2,08,14,00,000,35,19,71,352,45,28,62,267,49,33,51,158,48*6C
$GAGSV,2,1,08,04,38,251,46,06,14,243,40,10,43,316,48,12,68,302,48*64
$GAGSV,2,2,08,14,00,000,34,19,71,352,45,28,62,267,49,33,51,158,48*6D
$GAGSV,2,1,08,04,38,251,46,06,14,243,40,10,43,316,48,12,68,302,48*64
$GAGSV,2,2,08,14,00,000,34,19,71,352,45,28,62,267,49,33,51,158,48*6D
$GAGSV,2,1,08,04,38,251,46,06,14,243,40,10,43,316,48,12,68,302,48*64
$GAGSV,2,2,08,14,00,000,33,19,71,352,45,28,62,267,49,33,51,158,48*6A
$GAGSV,2,1,08,04,38,251,46,06,14,243,40,10,43,316,48,12,68,302,48*64
$GAGSV,2,2,08,14,00,000,32,19,71,352,45,28,62,267,49,33,51,158,48*6B
$GAGSV,2,1,08,04,38,251,46,06,14,243,40,10,43,316,48,12,68,302,48*64
$GAGSV,2,2,08,14,00,000,31,19,71,352,45,28,62,267,49,33,51,158,48*68
$GAGSV,2,1,08,04,38,251,46,06,14,243,40,10,43,316,48,12,68,302,48*64
$GAGSV,2,2,08,14,00,000,31,19,71,352,45,28,62,267,49,33,51,158,48*68
$GAGSV,2,1,08,04,38,251,46,06,14,243,40,10,43,316,48,12,68,302,48*64
$GAGSV,2,2,08,14,00,000,30,19,71,352,45,28,62,267,49,33,51,158,48*69
$GAGSV,2,1,08,04,38,251,46,06,14,243,40,10,43,316,48,12,68,302,48*64
$GAGSV,2,2,08,14,00,000,27,19,71,352,45,28,62,267,49,33,51,158,48*6F
$GAGSV,2,1,08,04,38,251,46,06,14,243,40,10,43,316,48,12,68,302,48*64
$GAGSV,2,2,08,14,00,000,27,19,71,352,45,28,62,267,49,33,51,158,48*6F
$GAGSV,2,1,08,04,38,251,46,06,14,243,40,10,43,316,48,12,68,302,48*64
$GAGSV,2,2,08,14,00,000,27,19,71,352,45,28,62,267,49,33,51,158,48*6F
$GAGSV,2,1,08,04,38,251,46,06,14,243,40,10,43,316,48,12,68,302,48*64
$GAGSV,2,2,08,14,00,000,27,19,71,352,45,28,62,267,49,33,51,158,48*6F
$GAGSV,2,1,08,04,38,251,46,06,14,243,40,10,43,316,48,12,68,302,48*64
$GAGSV,2,2,08,14,00,000,27,19,71,352,45,28,62,267,49,33,51,158,48*6F
$GAGSV,2,1,08,04,38,251,46,06,14,243,40,10,43,316,48,12,68,301,48*67
$GAGSV,2,2,08,14,00,000,27,19,71,352,45,28,62,267,49,33,51,158,48*6F
$GAGSV,2,1,08,04,38,251,46,06,14,243,40,10,43,316,48,12,68,301,48*67
$GAGSV,2,2,08,14,00,000,27,19,71,352,45,28,62,267,49,33,51,158,48*6F
$GAGSV,2,1,08,04,38,251,46,06,14,243,40,10,43,316,48,12,68,301,48*67
$GAGSV,2,2,08,14,00,000,27,19,71,352,45,28,62,267,49,33,51,158,48*6F
$GAGSV,2,1,08,04,38,251,46,06,14,243,40,10,43,316,48,12,68,301,48*67
$GAGSV,2,2,08,14,00,000,28,19,71,352,45,28,62,267,49,33,51,158,48*60
$GAGSV,2,1,08,04,38,251,46,06,14,243,40,10,43,316,48,12,68,301,48*67
$GAGSV,2,2,08,14,00,000,28,19,71,352,45,28,62,267,49,33,51,158,48*60
$GAGSV,2,1,08,04,38,251,46,06,14,243,40,10,43,316,48,12,68,301,48*67
$GAGSV,2,2,08,14,00,000,28,19,71,352,45,28,62,267,49,33,51,158,48*60
$GAGSV,2,1,08,04,38,251,46,06,14,243,40,10,43,316,48,12,68,301,48*67
$GAGSV,2,2,08,14,00,000,28,19,71,352,45,28,62,267,49,33,51,158,48*60
$GAGSV,2,1,08,04,38,251,46,06,14,243,40,10,43,316,48,12,68,301,47*68
$GAGSV,2,2,08,14,00,000,28,19,71,352,45,28,62,267,49,33,51,158,48*60
$GAGSV,2,1,08,04,38,251,46,06,14,243,40,10,43,316,48,12,68,301,47*68
$GAGSV,2,2,08,14,00,000,28,19,71,352,44,28,62,267,49,33,51,158,47*6E
$GAGSV,2,1,08,04,38,251,46,06,14,243,39,10,43,316,48,12,68,301,47*66
$GAGSV,2,2,08,14,00,000,28,19,71,352,44,28,62,267,49,33,51,158,47*6E
$GAGSV,2,1,08,04,38,251,46,06,14,243,39,10,43,316,48,12,68,301,47*66
$GAGSV,2,2,08,14,00,000,35,19,71,352,44,28,62,267,49,33,51,158,47*62
$GAGSV,2,1,08,04,38,251,45,06,14,243,39,10,43,316,48,12,68,301,47*65
$GAGSV,2,2,08,14,00,000,36,19,71,352,44,28,62,267,49,33,51,158,47*61
$GAGSV,2,1,08,04,38,251,45,06,14,243,38,10,43,316,48,12,68,301,48*6B
$GAGSV,2,2,08,14,00,000,35,19,71,352,44,28,62,267,49,33,51,158,47*62
$GAGSV,2,1,08,04,38,251,45,06,14,243,38,10,43,316,48,12,68,301,48*6B
$GAGSV,2,2,08,14,00,000,35,19,71,352,44,28,62,267,49,33,51,158,47*62
$GAGSV,2,1,08,04,38,251,45,06,14,243,38,10,43,316,48,12,68,301,48*6B
$GAGSV,2,2,08,14,00,000,35,19,71,352,44,28,62,267,49,33,51,158,47*62
$GAGSV,2,1,08,04,38,251,45,06,14,243,38,10,43,316,48,12,68,301,47*64
$GAGSV,2,2,08,14,00,000,33,19,71,352,44,28,62,267,49,33,51,158,47*64
$GAGSV,2,1,08,04,38,251,45,06,14,243,38,10,43,316,47,12,68,301,47*6B
$GAGSV,2,2,08,14,00,000,33,19,71,352,44,28,62,267,49,33,51,158,47*64
$GAGSV,2,1,08,04,38,251,45,06,14,243,38,10,43,316,47,12,68,301,47*6B
$GAGSV,2,2,08,14,00,000,33,19,71,352,44,28,62,267,48,33,51,158,47*65
$GAGSV,2,1,08,04,38,251,45,06,14,243,38,10,43,316,47,12,68,301,47*6B
$GAGSV,2,2,08,14,00,000,34,19,71,352,44,28,62,267,48,33,51,158,47*62
$GAGSV,2,1,08,04,38,251,45,06,14,243,38,10,43,316,47,12,68,301,47*6B
$GAGSV,2,2,08,14,00,000,34,19,71,352,44,28,62,267,48,33,51,158,47*62
$GAGSV,2,1,08,04,38,251,45,06,14,243,38,10,43,316,47,12,68,301,47*6B
$GAGSV,2,2,08,14,00,000,34,19,71,352,44,28,62,267,48,33,51,158,47*62
$GAGSV,2,1,08,04,38,251,45,06,14,243,38,10,43,316,47,12,68,301,47*6B
$GAGSV,2,2,08,14,00,000,34,19,71,352,44,28,62,267,48,33,51,158,47*62
$GAGSV,2,1,08,04,38,251,45,06,14,243,38,10,43,316,47,12,68,301,47*6B
$GAGSV,2,2,08,14,00,000,34,19,71,352,44,28,62,267,48,33,51,158,47*62
$GAGSV,2,1,08,04,38,251,45,06,14,243,38,10,43,316,47,12,68,301,47*6B
$GAGSV,2,2,08,14,00,000,34,19,71,352,44,28,62,267,48,33,51,158,47*62
$GAGSV,2,1,08,04,38,251,45,06,14,243,38,10,43,316,47,12,68,301,47*6B
$GAGSV,2,2,08,14,00,000,33,19,71,352,44,28,62,267,48,33,51,158,47*65
$GAGSV,2,1,08,04,38,251,45,06,14,243,38,10,43,316,47,12,68,301,47*6B
$GAGSV,2,2,08,14,00,000,33,19,71,352,44,28,62,267,48,33,51,158,47*65
$GAGSV,2,1,08,04,38,251,45,06,14,243,38,10,43,316,47,12,68,301,47*6B
$GAGSV,2,2,08,14,00,000,33,19,71,352,44,28,62,267,48,33,51,158,47*65
$GAGSV,2,1,08,04,38,251,45,06,14,243,38,10,43,316,47,12,68,301,47*6B
$GAGSV,2,2,08,14,00,000,32,19,71,352,44,28,62,267,48,33,51,158,47*64
$GAGSV,2,1,08,04,38,251,45,06,14,243,38,10,43,316,47,12,68,301,47*6B
$GAGSV,2,2,08,14,00,000,32,19,71,352,44,28,62,267,48,33,51,158,47*64
$GAGSV,2,1,08,04,38,251,45,06,14,243,38,10,43,316,47,12,68,301,47*6B
$GAGSV,2,2,08,14,00,000,31,19,71,352,44,28,62,267,48,33,51,158,47*67
$GAGSV,2,1,08,04,38,251,45,06,14,243,38,10,43,316,47,12,68,301,47*6B
$GAGSV,2,2,08,14,00,000,31,19,71,352,44,28,62,267,48,33,51,158,47*67
$GAGSV,2,1,08,04,38,251,45,06,14,243,38,10,43,316,47,12,68,301,47*6B
$GAGSV,2,2,08,14,00,000,31,19,71,352,44,28,62,267,48,33,51,158,47*67
$GAGSV,2,1,08,04,38,251,45,06,14,243,38,10,43,316,47,12,68,301,47*6B
$GAGSV,2,2,08,14,00,000,31,19,71,352,44,28,62,267,48,33,51,158,47*67
$GAGSV,2,1,08,04,38,251,45,06,14,243,38,10,43,316,47,12,68,301,47*6B
$GAGSV,2,2,08,14,00,000,30,19,71,352,44,28,62,267,48,33,51,158,47*66
$GAGSV,2,1,08,04,38,251,45,06,14,243,38,10,43,316,47,12,68,301,47*6B
$GAGSV,2,2,08,14,00,000,29,19,71,352,44,28,62,267,48,33,51,158,47*6E
$GAGSV,2,1,08,04,38,251,46,06,14,243,38,10,43,316,47,12,68,301,47*68
$GAGSV,2,2,08,14,00,000,29,19,71,352,44,28,62,267,48,33,51,158,47*6E
$GAGSV,2,1,08,04,38,251,46,06,14,243,38,10,43,316,47,12,68,301,47*68
$GAGSV,2,2,08,14,00,000,29,19,71,352,44,28,62,267,48,33,51,158,47*6E
$GAGSV,2,1,08,04,38,251,46,06,14,243,38,10,43,316,47,12,68,301,47*68
$GAGSV,2,2,08,14,00,000,29,19,71,352,44,28,62,267,48,33,51,158,47*6E
$GAGSV,2,1,08,04,38,251,46,06,14,243,38,10,43,316,47,12,68,301,47*68
$GAGSV,2,2,08,14,00,000,29,19,71,352,44,28,62,267,48,33,51,158,47*6E
$GAGSV,2,1,08,04,38,251,46,06,14,243,38,10,43,316,47,12,68,301,47*68
$GAGSV,2,2,08,14,00,000,29,19,71,352,44,28,62,267,48,33,51,158,47*6E
$GAGSV,2,1,08,04,38,251,46,06,14,243,38,10,43,316,47,12,68,301,47*68
$GAGSV,2,2,08,14,00,000,30,19,71,352,44,28,62,267,48,33,51,158,47*66
$GAGSV,2,1,08,04,38,251,46,06,14,243,38,10,43,316,47,12,68,301,47*68
$GAGSV,2,2,08,14,00,000,30,19,71,352,44,28,62,267,48,33,51,158,47*66
$GAGSV,2,1,08,04,38,251,46,06,14,243,38,10,43,316,47,12,68,301,47*68
$GAGSV,2,2,08,14,00,000,30,19,71,352,44,28,62,267,48,33,51,158,47*66
$GAGSV,2,1,08,04,38,251,46,06,14,243,38,10,43,316,47,12,68,301,47*68
$GAGSV,2,2,08,14,00,000,30,19,71,352,45,28,62,267,48,33,51,158,47*67
$GAGSV,2,1,08,04,38,251,46,06,14,243,38,10,43,316,47,12,68,301,47*68
$GAGSV,2,2,08,14,00,000,30,19,71,352,45,28,62,267,48,33,51,158,48*68
$GAGSV,2,1,08,04,38,251,46,06,14,243,38,10,43,316,47,12,68,301,47*68
$GAGSV,2,2,08,14,00,000,31,19,71,352,45,28,62,267,48,33,51,158,48*69
$GAGSV,2,1,08,04,38,251,46,06,14,243,38,10,43,316,47,12,68,301,47*68
$GAGSV,2,2,08,14,00,000,31,19,71,352,45,28,62,267,48,33,51,158,48*69
$GAGSV,2,1,08,04,38,251,46,06,14,243,38,10,43,316,47,12,68,301,47*68
$GAGSV,2,2,08,14,00,000,32,19,71,352,45,28,62,267,48,33,51,158,48*6A
$GAGSV,2,1,08,04,38,251,46,06,14,243,39,10,43,316,47,12,68,301,47*69
$GAGSV,2,2,08,14,00,000,32,19,71,352,45,28,62,267,48,33,51,158,48*6A
$GAGSV,2,1,08,04,38,251,45,06,14,243,39,10,43,316,47,12,68,301,47*6A
$GAGSV,2,2,08,14,00,000,33,19,71,352,45,28,62,267,48,33,51,158,47*64
$GAGSV,2,1,08,04,38,251,45,06,14,243,39,10,43,316,47,12,68,301,47*6A
$GAGSV,2,2,08,14,00,000,34,19,71,352,45,28,62,267,49,33,51,158,47*62
$GAGSV,2,1,08,04,38,251,45,06,14,243,39,10,43,316,48,12,68,301,47*65
$GAGSV,2,2,08,14,00,000,34,19,71,352,45,28,62,267,49,33,51,158,47*62
$GAGSV,2,1,08,04,38,251,45,06,14,243,39,10,43,316,48,12,68,301,47*65
$GAGSV,2,2,08,14,00,000,34,19,71,352,45,28,62,267,49,33,51,158,47*62
$GAGSV,2,1,08,04,38,251,46,06,14,243,39,10,43,316,48,12,68,301,47*66
$GAGSV,2,2,08,14,00,000,34,19,71,352,45,28,62,267,49,33,51,158,48*6D
$GAGSV,2,1,08,04,38,251,46,06,14,243,39,10,43,316,48,12,68,301,47*66
$GAGSV,2,2,08,14,00,000,34,19,71,352,45,28,62,267,49,33,51,158,48*6D
$GAGSV,2,1,08,04,38,251,46,06,14,243,39,10,43,316,48,12,68,301,47*66
$GAGSV,2,2,08,14,00,000,34,19,71,352,45,28,62,267,48,33,51,158,48*6C
$GAGSV,2,1,08,04,38,251,46,06,14,243,39,10,43,316,48,12,68,301,47*66
$GAGSV,2,2,08,14,00,000,35,19,71,352,44,28,62,267,48,33,51,158,48*6C
$GAGSV,2,1,08,04,38,251,46,06,14,243,39,10,43,316,48,12,68,301,47*66
$GAGSV,2,2,08,14,00,000,35,19,71,352,44,28,62,267,48,33,51,158,48*6C
$GAGSV,2,1,08,04,38,251,46,06,14,243,39,10,43,316,48,12,68,301,47*66
$GAGSV,2,2,08,14,00,000,35,19,71,352,44,28,62,267,48,33,51,158,48*6C
$GAGSV,2,1,08,04,38,251,46,06,14,243,39,10,43,316,48,12,68,301,47*66
$GAGSV,2,2,08,14,00,000,35,19,71,352,44,28,62,267,48,33,51,158,48*6C
$GAGSV,2,1,08,04,38,251,46,06,14,243,39,10,43,316,48,12,68,301,47*66
$GAGSV,2,2,08,14,00,000,35,19,71,352,44,28,62,267,48,33,51,158,48*6C
$GAGSV,2,1,08,04,38,251,46,06,14,243,39,10,43,316,48,12,68,301,47*66
$GAGSV,2,2,08,14,00,000,35,19,71,352,44,28,62,267,48,33,51,158,48*6C
$GAGSV,2,1,08,04,38,251,46,06,14,243,39,10,43,316,48,12,68,301,47*66
$GAGSV,2,2,08,14,00,000,35,19,71,352,44,28,62,267,49,33,51,158,48*6D
$GAGSV,2,1,08,04,38,251,46,06,14,243,39,10,43,316,48,12,68,301,47*66
$GAGSV,2,2,08,14,00,000,35,19,71,352,44,28,62,267,49,33,51,158,48*6D
$GAGSV,2,1,08,04,38,251,46,06,14,243,39,10,43,316,48,12,68,301,47*66
$GAGSV,2,2,08,14,00,000,35,19,71,352,44,28,62,267,49,33,51,158,48*6D
$GAGSV,2,1,08,04,38,251,46,06,14,243,39,10,43,316,48,12,68,301,47*66
$GAGSV,2,2,08,14,00,000,35,19,71,352,44,28,62,267,49,33,51,158,48*6D
$GAGSV,2,1,08,04,38,251,45,06,14,243,39,10,43,316,48,12,68,301,47*65
$GAGSV,2,2,08,14,00,000,35,19,71,352,44,28,62,267,49,33,51,158,48*6D
$GAGSV,2,1,08,04,38,251,45,06,14,243,39,10,43,316,48,12,68,301,47*65
$GAGSV,2,2,08,14,00,000,35,19,71,352,44,28,62,267,49,33,51,158,48*6D
$GAGSV,2,1,08,04,38,251,45,06,14,243,39,10,43,316,48,12,68,301,47*65
$GAGSV,2,2,08,14,00,000,35,19,71,352,44,28,62,267,49,33,51,158,48*6D
$GAGSV,2,1,08,04,38,251,45,06,14,243,38,10,43,316,48,12,68,301,47*64
$GAGSV,2,2,08,14,00,000,35,19,71,352,44,28,62,267,49,33,51,158,48*6D
$GAGSV,2,1,08,04,38,251,45,06,14,243,38,10,43,316,48,12,68,301,47*64
$GAGSV,2,2,08,14,00,000,34,19,71,352,45,28,62,267,49,33,51,158,48*6D
$GAGSV,2,1,08,04,38,251,45,06,14,243,38,10,43,316,48,12,68,301,47*64
$GAGSV,2,2,08,14,00,000,33,19,71,352,45,28,62,267,49,33,51,158,47*65
$GAGSV,2,1,08,04,38,251,45,06,14,243,38,10,43,316,48,12,68,301,47*64
$GAGSV,2,2,08,14,00,000,33,19,71,352,45,28,62,267,49,33,51,158,47*65
$GAGSV,2,1,08,04,38,251,45,06,14,243,38,10,43,316,48,12,68,301,47*64
$GAGSV,2,2,08,14,00,000,32,19,71,352,45,28,62,267,49,33,51,158,47*64
$GAGSV,2,1,08,04,38,251,46,06,14,243,38,10,43,316,48,12,68,301,47*67
$GAGSV,2,2,08,14,00,000,31,19,71,352,45,28,62,267,49,33,51,158,47*67
$GAGSV,2,1,08,04,38,251,46,06,14,243,38,10,43,316,48,12,68,301,47*67
$GAGSV,2,2,08,14,00,000,30,19,71,352,45,28,62,267,49,33,51,158,47*66
$GAGSV,2,1,08,04,38,251,46,06,14,243,38,10,43,316,48,12,68,301,47*67
$GAGSV,2,2,08,14,00,000,30,19,71,352,45,28,62,267,49,33,51,158,47*66
$GAGSV,2,1,08,04,38,251,46,06,14,243,38,10,43,316,48,12,68,301,47*67
$GAGSV,2,2,08,14,00,000,30,19,71,352,45,28,62,267,49,33,51,158,47*66
$GAGSV,2,1,08,04,38,251,46,06,14,243,38,10,43,316,48,12,68,301,47*67
$GAGSV,2,2,08,14,00,000,30,19,71,352,45,28,62,267,49,33,51,158,47*66
$GAGSV,2,1,08,04,38,251,46,06,14,243,38,10,43,316,48,12,68,301,47*67
$GAGSV,2,2,08,14,00,000,30,19,71,352,45,28,62,267,49,33,51,158,47*66
$GAGSV,2,1,08,04,38,251,46,06,14,243,38,10,43,316,48,12,68,301,47*67
$GAGSV,2,2,08,14,00,000,30,19,71,352,45,28,62,267,49,33,51,158,47*66
$GAGSV,2,1,08,04,38,251,46,06,14,243,38,10,43,316,48,12,68,301,47*67
$GAGSV,2,2,08,14,00,000,30,19,71,352,45,28,62,267,49,33,51,158,47*66
$GAGSV,2,1,08,04,38,251,46,06,14,243,38,10,43,316,48,12,68,301,47*67
$GAGSV,2,2,08,14,00,000,31,19,71,352,45,28,62,267,49,33,51,158,47*67
$GAGSV,2,1,08,04,38,251,46,06,14,243,38,10,43,316,48,12,68,301,47*67
$GAGSV,2,2,08,14,00,000,31,19,71,352,45,28,62,267,49,33,51,158,47*67
$GAGSV,2,1,08,04,38,251,45,06,14,243,38,10,43,316,48,12,68,301,47*64
$GAGSV,2,2,08,14,00,000,32,19,71,352,45,28,62,267,49,33,51,158,47*64
$GAGSV,2,1,08,04,38,251,45,06,14,243,38,10,43,316,48,12,68,301,47*64
$GAGSV,2,2,08,14,00,000,32,19,71,352,45,28,62,267,49,33,51,158,47*64
$GAGSV,2,1,08,04,38,251,45,06,14,243,38,10,43,316,48,12,68,301,47*64
$GAGSV,2,2,08,14,00,000,32,19,71,352,45,28,62,267,49,33,51,158,47*64
$GAGSV,2,1,08,04,38,251,45,06,14,243,38,10,43,316,48,12,68,301,47*64
$GAGSV,2,2,08,14,00,000,33,19,71,352,45,28,62,267,49,33,51,158,47*65
$GAGSV,2,1,08,04,38,251,45,06,14,243,38,10,43,316,48,12,68,301,47*64
$GAGSV,2,2,08,14,00,000,33,19,71,352,45,28,62,267,49,33,51,158,47*65
$GAGSV,2,1,08,04,38,251,45,06,14,243,38,10,43,316,48,12,68,301,47*64
$GAGSV,2,2,08,14,00,000,34,19,71,352,45,28,62,267,49,33,51,158,47*62
$GAGSV,2,1,08,04,38,251,46,06,14,243,37,10,43,316,48,12,68,301,47*68
$GAGSV,2,2,08,14,00,000,35,19,71,352,45,28,62,267,49,33,51,158,47*63
$GAGSV,2,1,08,04,38,251,46,06,14,243,37,10,43,316,48,12,68,301,47*68
$GAGSV,2,2,08,14,00,000,35,19,71,352,44,28,62,267,49,33,51,158,47*62
$GAGSV,2,1,08,04,38,251,46,06,14,243,37,10,43,316,48,12,68,301,47*68
$GAGSV,2,2,08,14,00,000,35,19,71,352,44,28,62,267,48,33,51,158,47*63
$GAGSV,2,1,08,04,38,251,46,06,14,243,37,10,43,316,48,12,68,301,47*68
$GAGSV,2,2,08,14,00,000,35,19,71,352,44,28,62,267,48,33,51,158,48*6C
$GAGSV,2,1,08,04,38,251,45,06,14,243,37,10,43,316,48,12,68,301,47*6B
$GAGSV,2,2,08,14,00,000,35,19,71,352,44,28,62,267,48,33,51,158,48*6C
$GAGSV,2,1,08,04,38,251,45,06,14,243,37,10,43,316,48,12,68,301,47*6B
$GAGSV,2,2,08,14,00,000,35,19,71,352,44,28,62,267,48,33,51,158,48*6C
$GAGSV,2,1,08,04,38,251,45,06,14,243,37,10,43,316,48,12,68,301,47*6B
$GAGSV,2,2,08,14,00,000,35,19,71,352,44,28,62,267,48,33,51,158,48*6C
$GAGSV,2,1,08,04,38,251,46,06,14,243,37,10,43,316,48,12,68,301,47*68
$GAGSV,2,2,08,14,00,000,35,19,71,352,44,28,62,267,48,33,51,158,48*6C
$GAGSV,2,1,08,04,38,251,46,06,14,243,37,10,43,316,48,12,68,301,47*68
$GAGSV,2,2,08,14,00,000,35,19,71,352,44,28,62,267,48,33,51,158,48*6C
$GAGSV,2,1,08,04,38,251,46,06,14,243,37,10,43,316,48,12,68,301,47*68
$GAGSV,2,2,08,14,00,000,35,19,71,352,44,28,62,267,48,33,51,158,48*6C
$GAGSV,2,1,08,04,38,251,46,06,14,243,37,10,43,316,48,12,68,301,47*68
$GAGSV,2,2,08,14,00,000,35,19,71,352,44,28,62,267,48,33,51,158,48*6C
$GAGSV,2,1,08,04,38,251,46,06,14,243,37,10,43,316,48,12,68,301,47*68
$GAGSV,2,2,08,14,00,000,35,19,71,352,44,28,62,267,48,33,51,158,47*63
$GAGSV,2,1,08,04,38,251,46,06,14,243,37,10,43,316,48,12,68,301,47*68
$GAGSV,2,2,08,14,00,000,35,19,71,352,44,28,62,267,48,33,51,158,47*63
$GAGSV,2,1,08,04,38,251,46,06,14,243,37,10,43,316,48,12,68,301,47*68
$GAGSV,2,2,08,14,00,000,35,19,71,352,44,28,62,267,48,33,51,158,47*63
$GAGSV,2,1,08,04,38,251,46,06,14,243,37,10,43,316,48,12,68,301,47*68
$GAGSV,2,2,08,14,00,000,35,19,71,352,44,28,62,267,48,33,51,158,47*63
$GAGSV,2,1,08,04,38,251,46,06,14,243,37,10,43,316,48,12,68,301,47*68
$GAGSV,2,2,08,14,00,000,35,19,71,352,44,28,62,267,48,33,51,158,47*63
$GAGSV,2,1,08,04,38,251,46,06,14,243,37,10,43,316,48,12,68,301,47*68
$GAGSV,2,2,08,14,00,000,35,19,71,352,44,28,62,267,48,33,51,158,47*63
$GAGSV,2,1,08,04,38,251,46,06,14,243,37,10,43,316,48,12,68,301,47*68
$GAGSV,2,2,08,14,00,000,35,19,71,352,44,28,62,267,48,33,51,158,47*63
$GAGSV,2,1,08,04,38,251,46,06,14,243,37,10,43,316,48,12,68,301,47*68
$GAGSV,2,2,08,14,00,000,35,19,71,352,44,28,62,267,48,33,51,158,47*63
$GAGSV,2,1,08,04,38,251,46,06,14,243,37,10,43,316,48,12,68,301,47*68
$GAGSV,2,2,08,14,00,000,34,19,71,352,44,28,62,267,48,33,51,158,47*62
$GAGSV,2,1,08,04,38,251,46,06,14,243,37,10,43,316,48,12,68,301,47*68
$GAGSV,2,2,08,14,00,000,33,19,71,352,44,28,62,267,48,33,51,158,47*65
$GAGSV,2,1,08,04,38,251,46,06,14,243,37,10,43,316,48,12,68,301,47*68
$GAGSV,2,2,08,14,00,000,33,19,71,352,44,28,62,267,48,33,51,158,47*65
$GAGSV,2,1,08,04,38,251,45,06,14,243,37,10,43,316,48,12,68,301,47*6B
$GAGSV,2,2,08,14,00,000,31,19,71,352,44,28,62,267,48,33,51,158,47*67
$GAGSV,2,1,08,04,38,251,45,06,14,243,37,10,43,316,48,12,68,301,47*6B
$GAGSV,2,2,08,14,00,000,30,19,71,352,44,28,62,267,48,33,51,158,47*66
$GAGSV,2,1,08,04,38,251,45,06,14,243,37,10,43,316,48,12,68,301,47*6B
$GAGSV,2,2,08,14,00,000,29,19,71,352,44,28,62,267,48,33,51,158,47*6E
$GAGSV,2,1,08,04,38,251,45,06,14,243,37,10,43,316,48,12,68,301,47*6B
$GAGSV,2,2,08,14,00,000,28,19,71,352,44,28,62,267,49,33,51,158,47*6E
$GAGSV,2,1,08,04,38,251,45,06,14,243,37,10,43,316,48,12,68,301,47*6B
$GAGSV,2,2,08,14,00,000,27,19,71,352,44,28,62,267,49,33,51,158,47*61
$GAGSV,2,1,08,04,38,251,45,06,14,243,37,10,43,316,48,12,68,301,47*6B
$GAGSV,2,2,08,14,00,000,27,19,71,352,44,28,62,267,49,33,51,158,47*61
$GAGSV,2,1,08,04,38,251,45,06,14,243,37,10,43,316,48,12,68,301,47*6B
$GAGSV,2,2,08,14,00,000,25,19,71,352,44,28,62,267,49,33,51,158,47*63
$GAGSV,2,1,08,04,38,251,45,06,14,243,37,10,43,316,48,12,68,301,47*6B
$GAGSV,2,2,08,14,00,000,25,19,71,352,44,28,62,267,49,33,51,158,47*63
$GAGSV,2,1,08,04,38,251,45,06,14,243,36,10,43,316,48,12,68,301,48*65
$GAGSV,2,2,08,14,00,000,25,19,71,352,44,28,62,267,49,33,51,158,47*63
$GAGSV,2,1,08,04,38,251,45,06,14,243,36,10,43,316,48,12,68,301,48*65
$GAGSV,2,2,08,14,00,000,26,19,71,352,44,28,62,267,49,33,51,158,47*60
$GAGSV,2,1,08,04,38,251,45,06,14,243,35,10,43,316,48,12,68,301,48*66
$GAGSV,2,2,08,14,00,000,27,19,71,352,44,28,62,267,49,33,51,158,47*61
$GAGSV,2,1,08,04,38,251,45,06,14,243,35,10,43,316,48,12,68,301,48*66
$GAGSV,2,2,08,14,00,000,28,19,71,352,44,28,62,267,49,33,51,158,47*6E
$GAGSV,2,1,08,04,38,251,45,06,14,243,35,10,43,316,48,12,68,301,48*66
$GAGSV,2,2,08,14,00,000,29,19,71,352,44,28,62,267,48,33,51,158,47*6E
$GAGSV,2,1,08,04,38,251,45,06,14,243,35,10,43,316,48,12,68,301,47*69
$GAGSV,2,2,08,14,00,000,30,19,71,352,44,28,62,268,48,33,51,158,47*69
$GAGSV,2,1,08,04,38,251,45,06,14,243,35,10,43,316,48,12,68,301,47*69
$GAGSV,2,2,08,14,00,000,31,19,71,352,44,28,62,268,48,33,51,158,47*68
$GAGSV,2,1,08,04,38,251,45,06,14,243,36,10,43,316,48,12,68,301,47*6A
$GAGSV,2,2,08,14,00,000,31,19,71,352,44,28,62,268,48,33,51,158,47*68
$GAGSV,2,1,08,04,38,251,45,06,14,243,36,10,43,316,48,12,68,301,47*6A
$GAGSV,2,2,08,14,00,000,31,19,71,352,44,28,62,268,48,33,51,158,47*68
$GAGSV,2,1,08,04,38,251,45,06,14,243,36,10,43,316,48,12,68,301,47*6A
$GAGSV,2,2,08,14,00,000,31,19,71,352,44,28,62,268,48,33,51,158,47*68
$GAGSV,2,1,08,04,38,251,45,06,14,243,36,10,43,316,48,12,68,301,47*6A
$GAGSV,2,2,08,14,00,000,32,19,71,352,44,28,62,268,48,33,51,158,47*6B
$GAGSV,2,1,08,04,38,251,45,06,14,243,36,10,43,316,48,12,68,301,47*6A
$GAGSV,2,2,08,14,00,000,32,19,71,352,44,28,62,268,48,33,51,158,47*6B
$GAGSV,2,1,08,04,38,251,45,06,14,243,36,10,43,316,48,12,68,301,47*6A
$GAGSV,2,2,08,14,00,000,32,19,71,352,44,28,62,268,48,33,51,158,47*6B
$GAGSV,2,1,08,04,38,251,45,06,14,243,36,10,43,316,48,12,68,301,47*6A
$GAGSV,2,2,08,14,00,000,32,19,71,352,44,28,62,268,48,33,51,158,47*6B
$GAGSV,2,1,08,04,38,251,45,06,14,243,36,10,43,316,48,12,68,301,47*6A
$GAGSV,2,2,08,14,00,000,33,19,71,352,44,28,62,268,48,33,51,158,47*6A
$GAGSV,2,1,08,04,38,251,45,06,14,243,36,10,43,316,48,12,68,301,47*6A
$GAGSV,2,2,08,14,00,000,33,19,71,352,44,28,62,268,48,33,51,158,47*6A
$GAGSV,2,1,08,04,38,251,45,06,14,243,36,10,43,316,48,12,68,301,47*6A
$GAGSV,2,2,08,14,00,000,33,19,71,352,44,28,62,268,48,33,51,158,47*6A
$GAGSV,2,1,08,04,38,251,45,06,14,243,36,10,43,316,48,12,68,301,47*6A
$GAGSV,2,2,08,14,00,000,34,19,71,352,44,28,62,268,48,33,51,158,47*6D
$GAGSV,2,1,08,04,38,251,45,06,14,243,36,10,43,316,48,12,68,301,47*6A
$GAGSV,2,2,08,14,00,000,34,19,71,352,44,28,62,268,48,33,51,158,47*6D
$GAGSV,2,1,08,04,38,251,45,06,14,243,36,10,43,316,48,12,68,301,47*6A
$GAGSV,2,2,08,14,00,000,34,19,71,352,44,28,62,268,48,33,51,158,47*6D
$GAGSV,2,1,08,04,38,251,45,06,14,243,36,10,43,316,48,12,68,301,47*6A
$GAGSV,2,2,08,14,00,000,34,19,71,352,44,28,62,268,48,33,51,158,47*6D
$GAGSV,2,1,08,04,38,251,45,06,14,243,36,10,43,316,48,12,68,301,47*6A
$GAGSV,2,2,08,14,00,000,34,19,71,352,44,28,62,268,48,33,51,158,47*6D
$GAGSV,2,1,08,04,38,251,45,06,14,243,36,10,43,316,48,12,68,301,47*6A
$GAGSV,2,2,08,14,00,000,34,19,71,352,44,28,62,268,49,33,51,158,47*6C
$GAGSV,2,1,08,04,38,251,45,06,14,243,36,10,43,316,48,12,68,301,47*6A
$GAGSV,2,2,08,14,00,000,35,19,71,352,45,28,62,268,49,33,51,158,47*6C
$GAGSV,2,1,08,04,38,251,45,06,14,243,36,10,43,316,48,12,68,301,47*6A
$GAGSV,2,2,08,14,00,000,35,19,71,352,44,28,62,268,49,33,51,158,47*6D
$GAGSV,2,1,08,04,38,251,45,06,14,243,36,10,43,316,48,12,68,301,47*6A
$GAGSV,2,2,08,14,00,000,35,19,71,352,44,28,62,268,49,33,51,158,47*6D
$GAGSV,2,1,08,04,38,251,45,06,14,243,36,10,43,316,48,12,68,301,47*6A
$GAGSV,2,2,08,14,00,000,34,19,71,352,44,28,62,268,49,33,51,158,47*6C
$GAGSV,2,1,08,04,38,251,45,06,14,243,36,10,43,316,48,12,68,301,47*6A
$GAGSV,2,2,08,14,00,000,34,19,71,352,45,28,62,268,49,33,51,158,47*6D
$GAGSV,2,1,08,04,38,251,45,06,14,243,36,10,43,316,48,12,68,301,47*6A
$GAGSV,2,2,08,14,00,000,34,19,71,352,45,28,62,268,49,33,51,158,47*6D
$GAGSV,2,1,08,04,38,251,45,06,14,243,36,10,43,316,48,12,68,301,47*6A
$GAGSV,2,2,08,14,00,000,33,19,71,352,45,28,62,268,49,33,51,158,47*6A
$GAGSV,2,1,08,04,38,251,45,06,14,243,36,10,43,316,48,12,68,301,47*6A
$GAGSV,2,2,08,14,00,000,32,19,71,352,45,28,62,268,49,33,51,158,47*6B
$GAGSV,2,1,08,04,38,251,45,06,14,243,35,10,43,316,48,12,68,301,47*69
$GAGSV,2,2,08,14,00,000,30,19,71,352,45,28,62,268,49,33,51,158,47*69
$GAGSV,2,1,08,04,38,251,45,06,14,243,35,10,43,316,48,12,68,301,47*69
$GAGSV,2,2,08,14,00,000,29,19,71,352,45,28,62,268,49,33,51,158,47*61
$GAGSV,2,1,08,04,38,251,45,06,14,243,35,10,43,316,48,12,68,301,47*69
$GAGSV,2,2,08,14,00,000,28,19,71,352,45,28,62,268,49,33,51,158,47*60
$GAGSV,2,1,08,04,38,251,45,06,14,243,35,10,43,316,48,12,68,301,47*69
$GAGSV,2,2,08,14,00,000,27,19,71,352,45,28,62,268,49,33,51,158,47*6F
$GAGSV,2,1,08,04,38,251,45,06,14,243,35,10,43,316,48,12,68,301,47*69
$GAGSV,2,2,08,14,00,000,27,19,71,352,45,28,62,268,49,33,51,158,47*6F
$GAGSV,2,1,08,04,38,251,45,06,14,243,35,10,43,316,48,12,68,301,47*69
$GAGSV,2,2,08,14,00,000,30,19,71,352,44,28,62,268,49,33,51,158,47*68
$GAGSV,2,1,08,04,38,251,45,06,14,243,35,10,43,316,48,12,68,301,47*69
$GAGSV,2,2,08,14,00,000,30,19,71,352,44,28,62,268,49,33,51,158,47*68
$GAGSV,2,1,08,04,38,251,45,06,14,243,35,10,43,316,48,12,68,301,47*69
$GAGSV,2,2,08,14,00,000,30,19,71,352,44,28,62,268,49,33,51,158,47*68
$GAGSV,2,1,08,04,38,251,45,06,14,243,36,10,43,316,48,12,68,301,47*6A
$GAGSV,2,2,08,14,00,000,29,19,71,352,44,28,62,268,49,33,51,158,47*60
$GAGSV,2,1,08,04,38,251,45,06,14,243,36,10,43,316,48,12,68,301,47*6A
$GAGSV,2,2,08,14,00,000,29,19,71,352,45,28,62,268,49,33,51,158,47*61
$GAGSV,2,1,08,04,38,251,45,06,14,243,36,10,43,316,48,12,68,301,47*6A
$GAGSV,2,2,08,14,00,000,29,19,71,352,45,28,62,268,49,33,51,158,47*61
$GAGSV,2,1,08,04,38,251,45,06,14,243,36,10,43,316,48,12,68,301,47*6A
$GAGSV,2,2,08,14,00,000,29,19,71,352,44,28,62,268,49,33,51,158,48*6F
$GAGSV,2,1,08,04,38,251,45,06,14,243,35,10,43,316,48,12,68,301,47*69
$GAGSV,2,2,08,14,00,000,29,19,71,352,44,28,62,268,49,33,51,158,48*6F
$GAGSV,2,1,08,04,38,251,45,06,14,243,36,10,43,316,48,12,68,301,47*6A
$GAGSV,2,2,08,14,00,000,29,19,71,352,44,28,62,268,49,33,51,158,48*6F
$GAGSV,2,1,08,04,38,251,45,06,14,243,36,10,43,316,48,12,68,301,47*6A
$GAGSV,2,2,08,14,00,000,29,19,71,352,44,28,62,268,49,33,51,158,48*6F
$GAGSV,2,1,08,04,38,251,45,06,14,243,36,10,43,316,48,12,68,301,47*6A
$GAGSV,2,2,08,14,00,000,29,19,71,352,44,28,62,268,49,33,51,158,48*6F
$GAGSV,2,1,08,04,38,251,45,06,14,243,36,10,43,316,48,12,68,301,47*6A
$GAGSV,2,2,08,14,00,000,29,19,71,352,44,28,62,268,49,33,51,158,48*6F
$GAGSV,2,1,08,04,38,251,45,06,14,243,36,10,43,316,48,12,68,301,47*6A
$GAGSV,2,2,08,14,00,000,29,19,71,352,44,28,62,268,49,33,51,158,48*6F
$GAGSV,2,1,08,04,38,251,45,06,14,243,36,10,43,316,48,12,68,301,47*6A
$GAGSV,2,2,08,14,00,000,29,19,71,352,44,28,62,268,49,33,51,158,47*60
$GAGSV,2,1,08,04,38,251,45,06,14,243,36,10,43,316,48,12,68,301,47*6A
$GAGSV,2,2,08,14,00,000,39,19,71,352,44,28,62,268,49,33,51,158,47*61
$GAGSV,2,1,08,04,38,251,45,06,14,243,36,10,43,316,48,12,68,301,47*6A
$GAGSV,2,2,08,14,00,000,36,19,71,352,44,28,62,268,49,33,51,158,47*6E
$GAGSV,2,1,08,04,38,251,45,06,14,243,36,10,43,316,48,12,68,301,47*6A
$GAGSV,2,2,08,14,00,000,36,19,71,352,44,28,62,268,49,33,51,158,47*6E
$GAGSV,2,1,08,04,38,251,45,06,14,243,36,10,43,316,48,12,68,301,47*6A
$GAGSV,2,2,08,14,00,000,35,19,71,352,44,28,62,268,49,33,51,158,47*6D
$GAGSV,2,1,08,04,38,251,45,06,14,243,36,10,43,316,48,12,68,301,47*6A
$GAGSV,2,2,08,14,00,000,35,19,71,352,44,28,62,268,49,33,51,158,47*6D
$GAGSV,2,1,08,04,38,251,45,06,14,243,36,10,43,316,48,12,68,301,47*6A
$GAGSV,2,2,08,14,00,000,35,19,71,352,44,28,62,268,49,33,51,158,48*62
$GAGSV,2,1,08,04,38,251,45,06,14,243,36,10,43,316,48,12,68,301,47*6A
$GAGSV,2,2,08,14,00,000,34,19,71,352,44,28,62,268,49,33,51,158,48*63
$GAGSV,2,1,08,04,38,251,45,06,14,243,36,10,43,316,48,12,68,301,47*6A
$GAGSV,2,2,08,14,00,000,34,19,71,352,44,28,62,268,49,33,51,158,48*63
$GAGSV,2,1,08,04,38,251,45,06,14,243,36,10,43,316,48,12,68,301,47*6A
$GAGSV,2,2,08,14,00,000,34,19,71,352,44,28,62,268,49,33,51,158,48*63
$GAGSV,2,1,08,04,38,251,45,06,14,243,36,10,43,316,48,12,68,301,47*6A
$GAGSV,2,2,08,14,00,000,33,19,71,352,44,28,62,268,49,33,51,158,48*64
$GAGSV,2,1,08,04,38,251,45,06,14,243,36,10,43,316,48,12,68,301,47*6A
$GAGSV,2,2,08,14,00,000,33,19,71,352,44,28,62,268,49,33,51,158,48*64
$GAGSV,2,1,08,04,38,251,45,06,14,243,36,10,43,316,48,12,68,301,47*6A
$GAGSV,2,2,08,14,00,000,32,19,71,352,44,28,62,268,49,33,51,158,48*65
$GAGSV,2,1,08,04,38,251,45,06,14,243,36,10,43,316,48,12,68,301,47*6A
$GAGSV,2,2,08,14,00,000,31,19,71,352,44,28,62,268,49,33,51,158,48*66
$GAGSV,2,1,08,04,38,251,45,06,14,243,36,10,43,316,48,12,68,301,47*6A
$GAGSV,2,2,08,14,00,000,31,19,71,352,44,28,62,268,49,33,51,158,47*69
$GAGSV,2,1,08,04,38,251,45,06,14,243,36,10,43,316,48,12,68,301,47*6A
$GAGSV,2,2,08,14,00,000,30,19,71,352,44,28,62,268,49,33,51,158,47*68
$GAGSV,2,1,08,04,38,251,45,06,14,243,36,10,43,316,48,12,68,301,47*6A
$GAGSV,2,2,08,14,00,000,29,19,71,352,44,28,62,268,49,33,51,158,47*60
$GAGSV,2,1,08,04,38,251,45,06,14,243,36,10,43,316,48,12,68,301,47*6A
$GAGSV,2,2,08,14,00,000,28,19,71,352,44,28,62,268,49,33,51,158,47*61
$GAGSV,2,1,08,04,38,251,45,06,14,243,36,10,43,316,48,12,68,301,47*6A
$GAGSV,2,2,08,14,00,000,31,19,71,352,44,28,62,268,49,33,51,158,47*69
$GAGSV,2,1,08,04,38,251,45,06,14,243,36,10,43,316,48,12,68,301,47*6A
$GAGSV,2,2,08,14,00,000,31,19,71,352,44,28,62,268,49,33,51,158,48*66
$GAGSV,2,1,08,04,38,251,45,06,14,243,37,10,43,316,48,12,68,301,47*6B
$GAGSV,2,2,08,14,00,000,31,19,71,352,44,28,62,268,49,33,51,158,48*66
$GAGSV,2,1,08,04,38,251,45,06,14,243,37,10,43,316,48,12,68,301,47*6B
$GAGSV,2,2,08,14,00,000,31,19,71,352,44,28,62,268,49,33,51,158,48*66
$GAGSV,2,1,08,04,38,251,45,06,14,243,37,10,43,316,48,12,68,301,47*6B
$GAGSV,2,2,08,14,00,000,31,19,71,352,44,28,62,268,49,33,51,158,48*66
$GAGSV,2,1,07,04,38,251,45,06,14,243,37,10,43,316,48,12,68,301,47*64
$GAGSV,2,2,07,19,71,352,44,28,62,268,49,33,51,158,48,,,,*5E
$GAGSV,2,1,07,04,38,251,45,06,14,243,37,10,43,316,48,12,68,301,47*64
$GAGSV,2,2,07,19,71,352,45,28,62,268,49,33,51,158,48,,,,*5F
$GAGSV,2,1,07,04,38,251,45,06,14,243,37,10,43,316,48,12,68,301,47*64
$GAGSV,2,2,07,19,71,352,45,28,62,268,49,33,51,158,48,,,,*5F
$GAGSV,2,1,07,04,38,251,45,06,14,243,37,10,43,316,48,12,68,301,47*64
$GAGSV,2,2,07,19,71,352,45,28,62,268,49,33,51,158,48,,,,*5F
$GAGSV,2,1,07,04,38,251,45,06,14,243,37,10,43,316,48,12,68,301,47*64
$GAGSV,2,2,07,19,71,352,45,28,62,268,49,33,51,158,48,,,,*5F
$GAGSV,2,1,07,04,38,251,45,06,14,243,37,10,43,316,48,12,68,301,47*64
$GAGSV,2,2,07,19,71,352,45,28,62,268,49,33,51,158,48,,,,*5F
$GAGSV,2,1,07,04,38,251,45,06,14,243,37,10,43,316,48,12,68,301,47*64
$GAGSV,2,2,07,19,71,352,45,28,62,268,49,33,51,158,48,,,,*5F
$GAGSV,2,1,07,04,38,251,45,06,14,243,37,10,43,316,48,12,68,301,47*64
$GAGSV,2,2,07,19,71,352,45,28,62,268,49,33,51,158,48,,,,*5F
$GAGSV,2,1,07,04,38,251,45,06,14,243,37,10,43,316,48,12,68,301,47*64
$GAGSV,2,2,07,19,71,352,45,28,62,268,49,33,51,158,48,,,,*5F
$GAGSV,2,1,08,04,38,251,45,06,14,243,37,10,43,316,48,12,68,301,47*6B
$GAGSV,2,2,08,14,00,000,36,19,71,352,45,28,62,268,49,33,51,158,48*60
$GAGSV,2,1,08,04,38,251,44,06,14,243,37,10,43,316,48,12,68,301,47*6A
$GAGSV,2,2,08,14,00,000,38,19,71,352,44,28,62,268,49,33,51,158,48*6F
$GAGSV,2,1,08,04,38,251,44,06,14,243,37,10,43,316,48,12,68,301,47*6A
$GAGSV,2,2,08,14,00,000,37,19,71,352,44,28,62,268,49,33,51,158,48*60
$GAGSV,2,1,08,04,38,251,44,06,14,243,37,10,43,316,48,12,68,301,47*6A
$GAGSV,2,2,08,14,00,000,37,19,71,352,44,28,62,268,49,33,51,158,48*60
$GAGSV,2,1,08,04,38,251,44,06,14,243,37,10,43,316,48,12,68,301,47*6A
$GAGSV,2,2,08,14,00,000,36,19,71,352,44,28,62,268,49,33,51,158,48*61
$GAGSV,2,1,08,04,38,251,44,06,14,243,37,10,43,316,48,12,68,301,47*6A
$GAGSV,2,2,08,14,00,000,36,19,71,352,44,28,62,268,49,33,51,158,48*61
$GAGSV,2,1,08,04,38,251,44,06,14,243,37,10,43,316,48,12,68,301,47*6A
$GAGSV,2,2,08,14,00,000,36,19,71,352,44,28,62,268,49,33,51,158,48*61
$GAGSV,2,1,08,04,38,251,44,06,14,243,37,10,43,316,48,12,68,301,47*6A
$GAGSV,2,2,08,14,00,000,36,19,71,352,44,28,62,268,49,33,51,158,48*61
$GAGSV,2,1,08,04,38,251,44,06,14,243,37,10,43,316,48,12,68,301,47*6A
$GAGSV,2,2,08,14,00,000,36,19,71,352,44,28,62,268,49,33,51,158,48*61
$GAGSV,2,1,08,04,38,251,44,06,14,243,37,10,43,316,48,12,68,301,47*6A
$GAGSV,2,2,08,14,00,000,37,19,71,352,44,28,62,268,49,33,51,158,48*60
$GAGSV,2,1,08,04,38,251,44,06,14,243,37,10,43,316,48,12,68,301,47*6A
$GAGSV,2,2,08,14,00,000,36,19,71,352,44,28,62,268,49,33,51,158,48*61
$GAGSV,2,1,08,04,38,251,44,06,14,243,37,10,43,316,48,12,68,301,47*6A
$GAGSV,2,2,08,14,00,000,35,19,71,352,44,28,62,268,49,33,51,158,48*62
$GAGSV,2,1,08,04,38,251,44,06,14,243,37,10,43,316,48,12,68,301,47*6A
$GAGSV,2,2,08,14,00,000,35,19,71,352,44,28,62,268,49,33,51,158,48*62
$GAGSV,2,1,08,04,38,251,44,06,14,243,37,10,43,316,48,12,68,301,47*6A
$GAGSV,2,2,08,14,00,000,35,19,71,352,44,28,62,268,49,33,51,158,48*62
$GAGSV,2,1,08,04,38,251,44,06,14,243,37,10,44,316,48,12,68,301,47*6D
$GAGSV,2,2,08,14,00,000,34,19,71,352,44,28,62,268,49,33,51,158,48*63
$GAGSV,2,1,08,04,38,251,44,06,14,243,37,10,44,316,48,12,68,301,47*6D
$GAGSV,2,2,08,14,00,000,34,19,71,352,44,28,62,268,49,33,51,158,48*63
$GAGSV,2,1,08,04,38,251,44,06,14,243,37,10,44,316,48,12,68,301,47*6D
$GAGSV,2,2,08,14,00,000,34,19,71,352,44,28,62,268,49,33,51,158,48*63
$GAGSV,2,1,08,04,38,251,44,06,14,243,37,10,44,316,48,12,68,301,47*6D
$GAGSV,2,2,08,14,00,000,33,19,71,352,45,28,62,268,49,33,51,158,48*65
$GAGSV,2,1,08,04,38,251,44,06,14,243,37,10,44,316,48,12,68,301,47*6D
$GAGSV,2,2,08,14,00,000,31,19,71,352,45,28,62,268,48,33,51,158,48*66
$GAGSV,2,1,08,04,38,251,44,06,14,243,37,10,44,316,48,12,68,301,47*6D
$GAGSV,2,2,08,14,00,000,30,19,71,352,45,28,62,268,48,33,51,158,48*67
$GAGSV,2,1,08,04,38,251,44,06,14,243,37,10,44,316,48,12,68,301,47*6D
$GAGSV,2,2,08,14,00,000,29,19,71,352,45,28,62,268,48,33,51,158,48*6F
$GAGSV,2,1,08,04,38,251,44,06,14,243,37,10,44,316,48,12,68,301,47*6D
$GAGSV,2,2,08,14,00,000,28,19,71,352,45,28,62,268,48,33,51,158,48*6E
$GAGSV,2,1,08,04,38,251,44,06,14,243,37,10,44,316,48,12,68,301,47*6D
$GAGSV,2,2,08,14,00,000,28,19,71,352,45,28,62,268,48,33,51,158,48*6E
$GAGSV,2,1,08,04,38,251,44,06,14,243,37,10,44,316,48,12,68,301,47*6D
$GAGSV,2,2,08,14,00,000,28,19,71,352,45,28,62,268,48,33,51,158,48*6E
$GAGSV,2,1,08,04,38,251,44,06,14,243,37,10,44,316,48,12,68,301,47*6D
$GAGSV,2,2,08,14,00,000,27,19,71,352,45,28,62,268,48,33,51,158,48*61
$GAGSV,2,1,08,04,38,251,44,06,14,243,37,10,44,316,48,12,68,301,47*6D
$GAGSV,2,2,08,14,00,000,27,19,71,352,45,28,62,268,48,33,51,158,48*61
$GAGSV,2,1,08,04,38,251,44,06,14,243,37,10,44,316,48,12,68,301,47*6D
$GAGSV,2,2,08,14,00,000,28,19,71,352,45,28,62,268,48,33,51,158,48*6E
$GAGSV,2,1,08,04,38,251,44,06,14,243,37,10,44,316,48,12,68,301,47*6D
$GAGSV,2,2,08,14,00,000,29,19,71,352,45,28,62,268,48,33,51,158,48*6F
$GAGSV,2,1,08,04,38,251,44,06,14,243,37,10,44,316,48,12,68,301,47*6D
$GAGSV,2,2,08,14,00,000,30,19,71,352,45,28,62,268,48,33,51,158,48*67
$GAGSV,2,1,08,04,38,251,44,06,14,243,37,10,44,316,48,12,68,301,47*6D
$GAGSV,2,2,08,14,00,000,31,19,71,352,45,28,62,268,49,33,51,158,48*67
$GAGSV,2,1,08,04,38,251,44,06,14,243,37,10,44,316,48,12,68,301,47*6D
$GAGSV,2,2,08,14,00,000,31,19,71,352,45,28,62,268,49,33,51,158,48*67
$GAGSV,2,1,08,04,38,251,44,06,14,243,37,10,44,316,48,12,68,301,47*6D
$GAGSV,2,2,08,14,00,000,32,19,71,352,45,28,62,268,49,33,51,158,48*64
$GAGSV,2,1,08,04,38,251,44,06,14,243,37,10,44,316,48,12,68,301,47*6D
$GAGSV,2,2,08,14,00,000,32,19,71,352,45,28,62,268,49,33,51,158,48*64
$GAGSV,2,1,08,04,38,251,44,06,14,243,37,10,44,316,48,12,68,301,47*6D
$GAGSV,2,2,08,14,00,000,32,19,71,352,45,28,62,268,49,33,51,158,48*64
$GAGSV,2,1,08,04,38,251,44,06,14,243,37,10,44,316,48,12,68,301,47*6D
$GAGSV,2,2,08,14,00,000,32,19,71,352,45,28,62,268,49,33,51,158,48*64
$GAGSV,2,1,08,04,38,251,44,06,14,243,37,10,44,316,49,12,68,301,47*6C
$GAGSV,2,2,08,14,00,000,33,19,71,352,45,28,62,268,49,33,51,158,48*65
$GAGSV,2,1,08,04,38,251,44,06,14,243,37,10,44,316,49,12,68,301,47*6C
$GAGSV,2,2,08,14,00,000,33,19,71,352,45,28,62,268,49,33,51,158,48*65
$GAGSV,2,1,08,04,38,251,44,06,14,243,37,10,44,316,49,12,68,301,47*6C
$GAGSV,2,2,08,14,00,000,33,19,71,352,45,28,62,268,49,33,51,158,48*65
$GAGSV,2,1,08,04,38,251,44,06,14,243,37,10,44,316,49,12,68,301,47*6C
$GAGSV,2,2,08,14,00,000,33,19,71,352,45,28,62,268,49,33,51,158,48*65
$GAGSV,2,1,08,04,38,251,44,06,14,243,37,10,44,316,49,12,68,301,47*6C
$GAGSV,2,2,08,14,00,000,34,19,71,352,45,28,62,268,49,33,51,158,48*62
$GAGSV,2,1,08,04,38,251,44,06,14,243,38,10,44,316,49,12,68,301,47*63
$GAGSV,2,2,08,14,00,000,34,19,71,352,45,28,62,268,49,33,51,158,48*62
$GAGSV,2,1,08,04,38,251,44,06,14,243,37,10,44,316,49,12,68,301,47*6C
$GAGSV,2,2,08,14,00,000,34,19,71,352,45,28,62,268,49,33,51,158,48*62
$GAGSV,2,1,08,04,38,251,44,06,14,243,37,10,44,316,49,12,68,301,47*6C
$GAGSV,2,2,08,14,00,000,34,19,71,352,45,28,62,268,49,33,51,158,48*62
$GAGSV,2,1,08,04,38,251,44,06,14,243,37,10,44,316,49,12,68,301,47*6C
$GAGSV,2,2,08,14,00,000,34,19,71,352,45,28,62,268,49,33,51,158,48*62
$GAGSV,2,1,08,04,38,251,44,06,14,243,37,10,44,316,49,12,68,301,47*6C
$GAGSV,2,2,08,14,00,000,34,19,71,352,45,28,62,268,49,33,51,158,48*62
$GAGSV,2,1,08,04,38,251,44,06,14,243,37,10,44,316,49,12,68,301,47*6C
$GAGSV,2,2,08,14,00,000,35,19,71,352,45,28,62,268,49,33,51,158,48*63
$GAGSV,2,1,08,04,38,251,44,06,14,243,37,10,44,316,49,12,68,301,47*6C
$GAGSV,2,2,08,14,00,000,35,19,71,352,45,28,62,268,49,33,51,158,48*63
$GAGSV,2,1,08,04,38,251,44,06,14,243,37,10,44,316,49,12,68,301,47*6C
$GAGSV,2,2,08,14,00,000,35,19,71,352,45,28,62,268,49,33,51,158,48*63
$GAGSV,2,1,08,04,38,251,44,06,14,243,37,10,44,316,49,12,68,301,47*6C
$GAGSV,2,2,08,14,00,000,35,19,71,352,45,28,62,268,49,33,51,158,48*63
$GAGSV,2,1,08,04,38,251,44,06,14,243,37,10,44,316,49,12,68,301,47*6C
$GAGSV,2,2,08,14,00,000,35,19,71,352,45,28,62,268,49,33,50,158,48*62
$GAGSV,2,1,08,04,38,251,44,06,14,243,37,10,44,316,48,12,68,301,47*6D
$GAGSV,2,2,08,14,00,000,35,19,71,352,45,28,62,268,49,33,50,158,48*62
$GAGSV,2,1,08,04,38,251,44,06,14,243,37,10,44,316,48,12,68,301,47*6D
$GAGSV,2,2,08,14,00,000,35,19,71,352,45,28,62,268,49,33,50,158,48*62
$GAGSV,2,1,08,04,38,251,44,06,14,243,37,10,44,316,48,12,68,301,47*6D
$GAGSV,2,2,08,14,00,000,35,19,71,352,45,28,62,268,49,33,50,158,48*62
$GAGSV,2,1,08,04,38,251,44,06,14,243,37,10,44,316,48,12,68,301,47*6D
$GAGSV,2,2,08,14,00,000,34,19,71,352,45,28,62,268,49,33,50,158,48*63
$GAGSV,2,1,08,04,38,251,44,06,14,243,37,10,44,316,49,12,68,301,47*6C
$GAGSV,2,2,08,14,00,000,33,19,71,352,45,28,62,268,49,33,50,158,48*64
$GAGSV,2,1,08,04,38,251,44,06,14,243,37,10,44,316,49,12,68,301,47*6C
$GAGSV,2,2,08,14,00,000,32,19,71,352,45,28,62,268,49,33,50,158,48*65
$GAGSV,2,1,08,04,38,251,44,06,14,243,38,10,44,316,49,12,68,301,47*63
$GAGSV,2,2,08,14,00,000,30,19,71,352,45,28,62,268,49,33,50,158,48*67
$GAGSV,2,1,08,04,38,251,44,06,14,243,37,10,44,316,49,12,68,301,47*6C
$GAGSV,2,2,08,14,00,000,30,19,71,352,45,28,62,268,49,33,50,158,48*67
$GAGSV,2,1,08,04,38,251,44,06,14,243,37,10,44,316,49,12,68,301,47*6C
$GAGSV,2,2,08,14,00,000,29,19,71,352,45,28,62,268,49,33,50,158,48*6F
$GAGSV,2,1,08,04,38,251,44,06,14,243,37,10,44,316,49,12,68,301,47*6C
$GAGSV,2,2,08,14,00,000,29,19,71,352,45,28,62,268,49,33,50,158,48*6F
$GAGSV,2,1,08,04,38,251,44,06,14,243,37,10,44,316,49,12,68,301,47*6C
$GAGSV,2,2,08,14,00,000,20,19,71,352,45,28,62,268,49,33,50,158,48*66
$GAGSV,2,1,08,04,38,251,44,06,14,243,37,10,44,316,49,12,68,301,47*6C
$GAGSV,2,2,08,14,00,000,20,19,71,352,45,28,62,268,49,33,50,158,48*66
$GAGSV,2,1,07,04,38,251,44,06,14,243,37,10,44,316,49,12,68,301,47*63
$GAGSV,2,2,07,19,71,352,45,28,62,268,49,33,50,158,48,,,,*5E
$GAGSV,2,1,07,04,38,251,44,06,14,243,37,10,44,316,49,12,68,301,47*63
$GAGSV,2,2,07,19,71,352,45,28,62,268,49,33,50,158,48,,,,*5E
$GAGSV,2,1,07,04,38,251,44,06,14,243,37,10,44,316,49,12,68,301,47*63
$GAGSV,2,2,07,19,71,352,45,28,62,268,49,33,50,158,48,,,,*5E
$GAGSV,2,1,07,04,38,251,44,06,14,243,37,10,44,316,49,12,68,301,47*63
$GAGSV,2,2,07,19,71,352,45,28,62,268,49,33,50,158,48,,,,*5E
$GAGSV,2,1,07,04,38,251,44,06,14,243,37,10,44,316,49,12,68,301,47*63
$GAGSV,2,2,07,19,71,352,45,28,62,268,49,33,50,158,48,,,,*5E
$GAGSV,2,1,07,04,38,251,44,06,14,243,37,10,44,316,48,12,68,301,47*62
$GAGSV,2,2,07,19,71,352,45,28,62,268,49,33,50,158,48,,,,*5E
$GAGSV,2,1,07,04,38,251,44,06,14,243,37,10,44,316,48,12,68,301,47*62
$GAGSV,2,2,07,19,71,352,45,28,62,268,49,33,50,158,48,,,,*5E
$GAGSV,2,1,07,04,38,251,44,06,14,243,37,10,44,316,48,12,68,301,47*62
$GAGSV,2,2,07,19,71,352,45,28,62,268,49,33,50,158,48,,,,*5E
$GAGSV,2,1,07,04,38,251,44,06,14,243,37,10,44,316,48,12,68,301,47*62
$GAGSV,2,2,07,19,71,352,45,28,62,268,49,33,50,158,48,,,,*5E
$GAGSV,2,1,07,04,38,251,44,06,14,243,37,10,44,316,48,12,68,301,47*62
$GAGSV,2,2,07,19,71,352,45,28,62,268,49,33,50,158,48,,,,*5E
$GAGSV,2,1,07,04,38,251,44,06,14,243,37,10,44,316,48,12,68,301,47*62
$GAGSV,2,2,07,19,71,352,45,28,62,268,49,33,50,158,48,,,,*5E
$GAGSV,2,1,07,04,38,251,44,06,14,243,37,10,44,316,48,12,68,301,47*62
$GAGSV,2,2,07,19,71,352,45,28,62,268,49,33,50,158,48,,,,*5E
$GAGSV,2,1,07,04,38,251,44,06,14,243,37,10,44,316,48,12,68,301,47*62
$GAGSV,2,2,07,19,71,352,45,28,62,268,49,33,50,158,48,,,,*5E
$GAGSV,2,1,07,04,38,251,44,06,14,243,37,10,44,316,49,12,68,301,47*63
$GAGSV,2,2,07,19,71,352,45,28,62,268,49,33,50,158,48,,,,*5E
$GAGSV,2,1,08,04,38,251,44,06,14,243,37,10,44,316,49,12,68,301,47*6C
$GAGSV,2,2,08,14,00,000,35,19,71,352,45,28,62,268,49,33,50,158,48*62
$GAGSV,2,1,08,04,38,251,44,06,14,243,37,10,44,316,49,12,68,301,47*6C
$GAGSV,2,2,08,14,00,000,34,19,71,352,45,28,62,268,49,33,50,158,48*63
$GAGSV,2,1,08,04,38,251,44,06,14,243,37,10,44,316,49,12,68,301,47*6C
$GAGSV,2,2,08,14,00,000,33,19,71,352,45,28,62,268,49,33,50,158,48*64
$GAGSV,2,1,08,04,38,251,44,06,14,243,37,10,44,316,49,12,68,301,47*6C
$GAGSV,2,2,08,14,00,000,34,19,71,352,45,28,62,268,49,33,50,158,48*63
$GAGSV,2,1,08,04,38,251,44,06,14,243,37,10,44,316,49,12,68,301,47*6C
$GAGSV,2,2,08,14,00,000,34,19,71,352,45,28,62,268,49,33,50,158,48*63
$GAGSV,2,1,08,04,38,251,44,06,14,243,37,10,44,316,49,12,68,301,47*6C
$GAGSV,2,2,08,14,00,000,34,19,71,352,45,28,62,268,49,33,50,158,48*63
$GAGSV,2,1,08,04,38,251,44,06,14,243,37,10,44,316,49,12,68,301,47*6C
$GAGSV,2,2,08,14,00,000,35,19,71,352,45,28,62,268,49,33,50,158,48*62
$GAGSV,2,1,08,04,38,251,44,06,14,243,37,10,44,316,48,12,68,301,47*6D
$GAGSV,2,2,08,14,00,000,35,19,71,352,45,28,62,268,49,33,50,158,48*62
$GAGSV,2,1,08,04,38,251,44,06,14,243,37,10,44,316,48,12,68,301,47*6D
$GAGSV,2,2,08,14,00,000,34,19,71,352,45,28,62,268,49,33,50,158,48*63
$GAGSV,2,1,08,04,38,251,44,06,14,243,37,10,44,316,48,12,68,301,47*6D
$GAGSV,2,2,08,14,00,000,34,19,71,352,45,28,62,268,49,33,50,158,48*63
$GAGSV,2,1,08,04,38,251,44,06,14,243,37,10,44,316,48,12,68,301,47*6D
$GAGSV,2,2,08,14,00,000,34,19,71,352,45,28,62,268,49,33,50,158,48*63
$GAGSV,2,1,08,04,38,251,44,06,14,243,37,10,44,316,48,12,68,301,47*6D
$GAGSV,2,2,08,14,00,000,34,19,71,352,45,28,62,268,49,33,50,158,48*63
$GAGSV,2,1,08,04,38,251,44,06,14,243,37,10,44,316,48,12,68,301,47*6D
$GAGSV,2,2,08,14,00,000,34,19,71,352,45,28,62,268,49,33,50,158,48*63
$GAGSV,2,1,08,04,38,252,44,06,14,243,37,10,44,316,48,12,68,301,47*6E
$GAGSV,2,2,08,14,00,000,34,19,71,352,45,28,62,268,49,33,50,158,48*63
$GAGSV,2,1,08,04,38,252,44,06,14,243,37,10,44,316,48,12,68,301,47*6E
$GAGSV,2,2,08,14,00,000,34,19,71,352,45,28,62,268,49,33,50,158,48*63
$GAGSV,2,1,08,04,38,252,44,06,14,243,37,10,44,316,48,12,68,301,47*6E
$GAGSV,2,2,08,14,00,000,32,19,71,352,45,28,62,268,49,33,50,158,48*65
$GAGSV,2,1,08,04,38,252,44,06,14,243,37,10,44,316,48,12,68,301,47*6E
$GAGSV,2,2,08,14,00,000,31,19,71,352,45,28,62,268,49,33,50,158,48*66
$GAGSV,2,1,08,04,38,252,44,06,14,243,37,10,44,316,48,12,68,301,47*6E
$GAGSV,2,2,08,14,00,000,31,19,71,352,45,28,62,268,49,33,50,158,48*66
$GAGSV,2,1,08,04,38,252,44,06,14,243,37,10,44,316,48,12,68,301,47*6E
$GAGSV,2,2,08,14,00,000,30,19,71,352,45,28,62,268,49,33,50,158,48*67
$GAGSV,2,1,08,04,38,252,44,06,14,243,37,10,44,316,48,12,68,301,48*61
$GAGSV,2,2,08,14,00,000,30,19,71,352,45,28,62,268,49,33,50,158,48*67
$GAGSV,2,1,08,04,38,252,44,06,14,243,37,10,44,316,48,12,68,301,47*6E
$GAGSV,2,2,08,14,00,000,29,19,71,352,45,28,62,268,49,33,50,158,48*6F
$GAGSV,2,1,08,04,38,252,44,06,14,243,37,10,44,316,48,12,68,301,47*6E
$GAGSV,2,2,08,14,00,000,29,19,71,352,45,28,62,268,49,33,50,158,48*6F
$GAGSV,2,1,08,04,38,252,44,06,14,243,37,10,44,316,48,12,68,301,47*6E
$GAGSV,2,2,08,14,00,000,29,19,71,352,45,28,62,268,49,33,50,158,48*6F
$GAGSV,2,1,08,04,38,252,44,06,14,243,37,10,44,316,49,12,68,301,47*6F
$GAGSV,2,2,08,14,00,000,29,19,70,352,45,28,62,268,49,33,50,158,48*6E
$GAGSV,2,1,08,04,38,252,44,06,14,243,37,10,44,316,49,12,68,301,47*6F
$GAGSV,2,2,08,14,00,000,29,19,70,352,45,28,62,268,49,33,50,158,48*6E
$GAGSV,2,1,08,04,38,252,44,06,14,243,37,10,44,316,49,12,68,301,47*6F
$GAGSV,2,2,08,14,00,000,28,19,70,352,45,28,62,268,49,33,50,158,48*6F
$GAGSV,2,1,08,04,38,252,44,06,14,243,37,10,44,316,49,12,68,301,47*6F
$GAGSV,2,2,08,14,00,000,28,19,70,352,45,28,62,268,49,33,50,158,48*6F
$GAGSV,2,1,08,04,38,252,44,06,14,243,37,10,44,316,49,12,68,301,47*6F
$GAGSV,2,2,08,14,00,000,28,19,70,352,45,28,62,268,49,33,50,158,48*6F
$GAGSV,2,1,08,04,38,252,44,06,14,243,37,10,44,316,49,12,68,301,47*6F
$GAGSV,2,2,08,14,00,000,28,19,70,352,45,28,62,268,49,33,50,158,48*6F
$GAGSV,2,1,08,04,38,252,44,06,14,243,37,10,44,316,49,12,68,301,47*6F
$GAGSV,2,2,08,14,00,000,28,19,70,352,45,28,62,268,49,33,50,158,48*6F
$GAGSV,2,1,08,04,38,252,44,06,14,243,37,10,44,316,49,12,68,301,47*6F
$GAGSV,2,2,08,14,00,000,28,19,70,352,45,28,62,268,49,33,50,158,48*6F
$GAGSV,2,1,08,04,38,252,44,06,14,243,37,10,44,316,49,12,68,301,47*6F
$GAGSV,2,2,08,14,00,000,28,19,70,352,45,28,62,268,49,33,50,158,48*6F
$GAGSV,2,1,08,04,38,252,43,06,14,243,37,10,44,316,49,12,68,301,47*68
$GAGSV,2,2,08,14,00,000,28,19,70,352,45,28,62,268,49,33,50,158,48*6F
$GAGSV,2,1,08,04,38,252,43,06,14,243,38,10,44,316,49,12,68,301,47*67
$GAGSV,2,2,08,14,00,000,28,19,70,352,45,28,62,268,49,33,50,158,48*6F
$GAGSV,2,1,08,04,38,252,43,06,14,243,37,10,44,316,49,12,68,301,47*68
$GAGSV,2,2,08,14,00,000,28,19,70,352,45,28,62,268,49,33,50,158,48*6F
$GAGSV,2,1,08,04,38,252,43,06,14,243,37,10,44,316,49,12,68,301,47*68
$GAGSV,2,2,08,14,00,000,28,19,70,352,45,28,62,268,49,33,50,158,48*6F
$GAGSV,2,1,08,04,38,252,44,06,14,243,37,10,44,316,49,12,68,301,47*6F
$GAGSV,2,2,08,14,00,000,28,19,70,352,45,28,62,268,49,33,50,158,48*6F
$GAGSV,2,1,08,04,38,252,44,06,14,243,38,10,44,316,49,12,68,301,47*60
$GAGSV,2,2,08,14,00,000,28,19,70,352,45,28,62,268,49,33,50,158,48*6F
$GAGSV,2,1,08,04,38,252,44,06,14,243,38,10,44,316,49,12,68,301,47*60
$GAGSV,2,2,08,14,00,000,28,19,70,352,45,28,62,268,49,33,50,158,48*6F
$GAGSV,2,1,08,04,38,252,44,06,14,243,38,10,44,316,49,12,68,301,47*60
$GAGSV,2,2,08,14,00,000,28,19,70,352,45,28,62,268,49,33,50,158,48*6F
$GAGSV,2,1,08,04,38,252,44,06,14,243,38,10,44,316,49,12,68,301,47*60
$GAGSV,2,2,08,14,00,000,28,19,70,352,45,28,62,268,49,33,50,158,48*6F
$GAGSV,2,1,08,04,38,252,44,06,14,243,38,10,44,316,49,12,68,301,47*60
$GAGSV,2,2,08,14,00,000,28,19,70,352,45,28,62,268,49,33,50,158,48*6F
$GAGSV,2,1,08,04,38,252,44,06,14,243,38,10,44,316,49,12,68,301,47*60
$GAGSV,2,2,08,14,00,000,28,19,70,352,45,28,62,268,49,33,50,158,48*6F
$GAGSV,2,1,08,04,38,252,44,06,14,243,38,10,44,316,49,12,68,301,47*60
$GAGSV,2,2,08,14,00,000,28,19,70,353,45,28,62,268,49,33,50,158,48*6E
$GAGSV,2,1,08,04,38,252,44,06,14,243,38,10,44,316,49,12,68,301,47*60
$GAGSV,2,2,08,14,00,000,28,19,70,353,45,28,62,268,49,33,50,158,48*6E
$GAGSV,2,1,08,04,38,252,44,06,14,243,38,10,44,316,49,12,68,301,47*60
$GAGSV,2,2,08,14,00,000,28,19,70,353,45,28,62,268,49,33,50,158,48*6E
$GAGSV,2,1,08,04,38,252,44,06,14,243,38,10,44,316,49,12,68,301,47*60
$GAGSV,2,2,08,14,00,000,28,19,70,353,45,28,62,268,49,33,50,158,48*6E
$GAGSV,2,1,08,04,38,252,44,06,14,243,38,10,44,316,49,12,68,301,47*60
$GAGSV,2,2,08,14,00,000,28,19,70,353,45,28,62,268,49,33,50,158,48*6E
$GAGSV,2,1,08,04,38,252,44,06,14,243,38,10,44,316,49,12,68,301,47*60
$GAGSV,2,2,08,14,00,000,28,19,70,353,45,28,62,268,49,33,50,158,48*6E
$GAGSV,2,1,08,04,38,252,44,06,14,243,38,10,44,316,49,12,68,301,47*60
$GAGSV,2,2,08,14,00,000,28,19,70,353,45,28,62,268,49,33,50,158,48*6E
$GAGSV,2,1,08,04,38,252,44,06,14,243,38,10,44,316,49,12,68,301,47*60
$GAGSV,2,2,08,14,00,000,28,19,70,353,45,28,62,268,49,33,50,158,48*6E
$GAGSV,2,1,08,04,38,252,44,06,14,243,38,10,44,316,49,12,68,301,47*60
$GAGSV,2,2,08,14,00,000,28,19,70,353,45,28,62,268,49,33,50,158,48*6E
$GAGSV,2,1,08,04,38,252,44,06,14,243,38,10,44,316,49,12,68,301,47*60
$GAGSV,2,2,08,14,00,000,30,19,70,353,45,28,62,268,49,33,50,158,48*67
$GAGSV,2,1,08,04,38,252,44,06,14,243,38,10,44,316,48,12,68,301,47*61
$GAGSV,2,2,08,14,00,000,31,19,70,353,45,28,62,268,49,33,50,158,48*66
$GAGSV,2,1,08,04,38,252,44,06,14,243,38,10,44,316,48,12,68,301,47*61
$GAGSV,2,2,08,14,00,000,29,19,70,353,45,28,62,268,48,33,50,158,48*6E
$GAGSV,2,1,08,04,38,252,44,06,14,243,38,10,44,316,48,12,68,301,47*61
$GAGSV,2,2,08,14,00,000,29,19,70,353,45,28,62,268,48,33,50,158,48*6E
$GAGSV,2,1,08,04,38,252,44,06,14,243,38,10,44,316,48,12,68,301,47*61
$GAGSV,2,2,08,14,00,000,29,19,70,353,45,28,62,268,48,33,50,158,48*6E
$GAGSV,2,1,08,04,38,252,44,06,14,243,38,10,44,316,48,12,68,301,47*61
$GAGSV,2,2,08,14,00,000,29,19,70,353,45,28,62,268,48,33,50,158,48*6E
$GAGSV,2,1,08,04,38,252,44,06,14,243,38,10,44,316,48,12,68,301,47*61
$GAGSV,2,2,08,14,00,000,29,19,70,353,45,28,62,268,48,33,50,158,48*6E
$GAGSV,2,1,08,04,38,252,44,06,14,243,39,10,44,316,48,12,68,301,47*60
$GAGSV,2,2,08,14,00,000,29,19,70,353,45,28,62,268,48,33,50,158,48*6E
$GAGSV,2,1,08,04,38,252,44,06,14,243,39,10,44,316,48,12,68,301,47*60
$GAGSV,2,2,08,14,00,000,29,19,70,353,45,28,62,268,48,33,50,158,48*6E
$GAGSV,2,1,08,04,38,252,44,06,14,243,39,10,44,316,48,12,68,301,47*60
$GAGSV,2,2,08,14,00,000,29,19,70,353,45,28,62,268,48,33,50,158,48*6E
$GAGSV,2,1,08,04,38,252,44,06,14,243,38,10,44,316,48,12,68,301,47*61
$GAGSV,2,2,08,14,00,000,29,19,70,353,45,28,62,268,48,33,50,158,48*6E
$GAGSV,2,1,08,04,38,252,44,06,14,243,37,10,44,316,48,12,68,301,47*6E
$GAGSV,2,2,08,14,00,000,29,19,70,353,45,28,62,268,48,33,50,158,48*6E
$GAGSV,2,1,08,04,38,252,44,06,14,243,37,10,44,316,48,12,68,301,47*6E
$GAGSV,2,2,08,14,00,000,29,19,70,353,45,28,62,268,48,33,50,158,48*6E
$GAGSV,2,1,08,04,38,252,44,06,14,243,37,10,44,316,48,12,68,301,47*6E
$GAGSV,2,2,08,14,00,000,29,19,70,353,45,28,62,268,48,33,50,158,48*6E
$GAGSV,2,1,08,04,38,252,44,06,14,243,37,10,44,316,48,12,68,301,47*6E
$GAGSV,2,2,08,14,00,000,29,19,70,353,45,28,62,268,48,33,50,158,48*6E
$GAGSV,2,1,08,04,38,252,44,06,14,243,37,10,44,316,48,12,68,301,47*6E
$GAGSV,2,2,08,14,00,000,29,19,70,353,45,28,62,268,48,33,50,158,48*6E
$GAGSV,2,1,08,04,38,252,44,06,14,243,37,10,44,316,48,12,68,301,47*6E
$GAGSV,2,2,08,14,00,000,29,19,70,353,45,28,62,268,48,33,50,158,48*6E
$GAGSV,2,1,08,04,38,252,44,06,14,243,37,10,44,316,48,12,68,301,47*6E
$GAGSV,2,2,08,14,00,000,29,19,70,353,45,28,62,268,48,33,50,158,48*6E
$GAGSV,2,1,08,04,38,252,44,06,14,243,37,10,44,316,48,12,68,301,47*6E
$GAGSV,2,2,08,14,00,000,29,19,70,353,45,28,62,268,48,33,50,158,48*6E
$GAGSV,2,1,08,04,38,252,44,06,14,243,37,10,44,316,48,12,68,301,47*6E
$GAGSV,2,2,08,14,00,000,29,19,70,353,45,28,62,268,48,33,50,158,48*6E
$GAGSV,2,1,08,04,38,252,44,06,14,243,37,10,44,316,48,12,68,301,47*6E
$GAGSV,2,2,08,14,00,000,29,19,70,353,45,28,62,268,48,33,50,158,48*6E
$GAGSV,2,1,08,04,38,252,44,06,14,243,37,10,44,316,48,12,68,301,47*6E
$GAGSV,2,2,08,14,00,000,29,19,70,353,45,28,62,268,48,33,50,158,48*6E
$GAGSV,2,1,08,04,38,252,44,06,14,243,37,10,44,316,48,12,68,301,47*6E
$GAGSV,2,2,08,14,00,000,29,19,70,353,45,28,62,268,48,33,50,158,48*6E
$GAGSV,2,1,08,04,38,252,44,06,14,243,37,10,44,316,48,12,68,301,47*6E
$GAGSV,2,2,08,14,00,000,29,19,70,353,45,28,62,268,48,33,50,158,48*6E
$GAGSV,2,1,08,04,38,252,44,06,14,243,37,10,44,316,48,12,68,301,47*6E
$GAGSV,2,2,08,14,00,000,29,19,70,353,45,28,62,268,48,33,50,158,48*6E
$GAGSV,2,1,08,04,38,252,44,06,14,243,37,10,44,316,48,12,68,301,47*6E
$GAGSV,2,2,08,14,00,000,29,19,70,353,45,28,62,268,48,33,50,158,48*6E
$GAGSV,2,1,08,04,38,252,44,06,14,243,37,10,44,316,48,12,68,301,47*6E
$GAGSV,2,2,08,14,00,000,29,19,70,353,45,28,62,268,48,33,50,158,48*6E
$GAGSV,2,1,08,04,38,252,44,06,14,243,37,10,44,316,48,12,68,301,47*6E
$GAGSV,2,2,08,14,00,000,30,19,70,353,45,28,62,268,48,33,50,158,48*66
$GAGSV,2,1,08,04,38,252,43,06,14,243,37,10,44,316,48,12,68,301,47*69
$GAGSV,2,2,08,14,00,000,30,19,70,353,45,28,62,268,48,33,50,158,48*66
$GAGSV,2,1,08,04,38,252,43,06,14,243,37,10,44,316,48,12,68,301,47*69
$GAGSV,2,2,08,14,00,000,30,19,70,353,45,28,62,268,48,33,50,158,48*66
$GAGSV,2,1,08,04,38,252,43,06,14,243,37,10,44,316,48,12,68,301,47*69
$GAGSV,2,2,08,14,00,000,30,19,70,353,45,28,62,268,48,33,50,158,48*66
$GAGSV,2,1,08,04,38,252,43,06,14,243,37,10,44,316,48,12,68,300,47*68
$GAGSV,2,2,08,14,00,000,30,19,70,353,45,28,62,268,48,33,50,158,48*66
$GAGSV,2,1,08,04,38,252,43,06,14,243,37,10,44,316,48,12,68,300,47*68
$GAGSV,2,2,08,14,00,000,30,19,70,353,45,28,62,268,49,33,50,158,48*67
$GAGSV,2,1,08,04,38,252,43,06,14,243,37,10,44,316,48,12,68,300,47*68
$GAGSV,2,2,08,14,00,000,30,19,70,353,45,28,62,268,49,33,50,158,48*67
$GAGSV,2,1,08,04,38,252,43,06,14,243,37,10,44,316,48,12,68,300,47*68
$GAGSV,2,2,08,14,00,000,30,19,70,353,45,28,62,268,49,33,50,158,48*67
$GAGSV,2,1,08,04,38,252,43,06,14,243,37,10,44,316,48,12,68,300,47*68
$GAGSV,2,2,08,14,00,000,30,19,70,353,45,28,62,268,49,33,50,158,48*67
$GAGSV,2,1,08,04,38,252,43,06,14,243,37,10,44,316,48,12,68,300,47*68
$GAGSV,2,2,08,14,00,000,30,19,70,353,45,28,62,268,49,33,50,158,48*67
$GAGSV,2,1,08,04,38,252,43,06,14,243,37,10,44,316,48,12,68,300,47*68
$GAGSV,2,2,08,14,00,000,30,19,70,353,45,28,62,268,49,33,50,158,47*68
$GAGSV,2,1,08,04,38,252,43,06,14,243,37,10,44,316,48,12,68,300,47*68
$GAGSV,2,2,08,14,00,000,30,19,70,353,45,28,62,268,49,33,50,158,47*68
$GAGSV,2,1,08,04,38,252,43,06,14,243,37,10,44,316,48,12,68,300,47*68
$GAGSV,2,2,08,14,00,000,30,19,70,353,45,28,62,268,49,33,50,158,47*68
$GAGSV,2,1,08,04,38,252,43,06,14,243,37,10,44,316,48,12,68,300,47*68
$GAGSV,2,2,08,14,00,000,30,19,70,353,45,28,62,268,49,33,50,158,47*68
$GAGSV,2,1,08,04,38,252,43,06,14,243,37,10,44,316,48,12,68,300,47*68
$GAGSV,2,2,08,14,00,000,30,19,70,353,45,28,62,268,49,33,50,158,47*68
$GAGSV,2,1,08,04,38,252,43,06,14,243,37,10,44,316,48,12,68,300,47*68
$GAGSV,2,2,08,14,00,000,30,19,70,353,45,28,62,268,49,33,50,158,48*67
$GAGSV,2,1,08,04,38,252,43,06,14,243,37,10,44,316,48,12,68,300,47*68
$GAGSV,2,2,08,14,00,000,30,19,70,353,45,28,62,268,49,33,50,158,48*67
$GAGSV,2,1,08,04,38,252,43,06,14,243,37,10,44,316,48,12,68,300,47*68
$GAGSV,2,2,08,14,00,000,30,19,70,353,45,28,62,268,49,33,50,158,48*67
$GAGSV,2,1,08,04,38,252,43,06,14,243,37,10,44,316,48,12,68,300,47*68
$GAGSV,2,2,08,14,00,000,30,19,70,353,45,28,62,268,49,33,50,158,48*67
$GAGSV,2,1,08,04,38,252,43,06,14,243,37,10,44,316,48,12,68,300,47*68
$GAGSV,2,2,08,14,00,000,30,19,70,353,46,28,62,268,49,33,50,158,48*64
$GAGSV,2,1,08,04,38,252,43,06,14,243,37,10,44,316,48,12,68,300,47*68
$GAGSV,2,2,08,14,00,000,30,19,70,353,46,28,62,268,49,33,50,158,48*64
$GAGSV,2,1,08,04,38,252,43,06,14,243,37,10,44,316,48,12,68,300,47*68
$GAGSV,2,2,08,14,00,000,30,19,70,353,46,28,62,268,49,33,50,158,48*64
$GAGSV,2,1,08,04,38,252,43,06,14,243,37,10,44,316,48,12,68,300,47*68
$GAGSV,2,2,08,14,00,000,30,19,70,353,45,28,62,268,49,33,50,158,48*67
$GAGSV,2,1,08,04,38,252,43,06,14,243,37,10,44,316,48,12,68,300,47*68
$GAGSV,2,2,08,14,00,000,30,19,70,353,45,28,62,268,49,33,50,158,48*67
$GAGSV,2,1,08,04,38,252,43,06,14,243,37,10,44,316,48,12,68,300,47*68
$GAGSV,2,2,08,14,00,000,30,19,70,353,45,28,62,268,49,33,50,158,48*67
$GAGSV,2,1,08,04,38,252,43,06,14,243,37,10,44,316,48,12,68,300,47*68
$GAGSV,2,2,08,14,00,000,30,19,70,353,45,28,62,268,49,33,50,158,48*67
$GAGSV,2,1,08,04,38,252,43,06,14,243,37,10,44,316,48,12,68,300,47*68
$GAGSV,2,2,08,14,00,000,29,19,70,353,45,28,62,268,49,33,50,158,48*6F
$GAGSV,2,1,08,04,38,252,43,06,14,243,37,10,44,316,48,12,68,300,47*68
$GAGSV,2,2,08,14,00,000,29,19,70,353,45,28,62,268,49,33,50,158,48*6F
$GAGSV,2,1,08,04,38,252,43,06,14,243,37,10,44,316,48,12,68,300,47*68
$GAGSV,2,2,08,14,00,000,29,19,70,353,45,28,62,268,49,33,50,158,48*6F
$GAGSV,2,1,08,04,38,252,43,06,14,243,37,10,44,316,48,12,68,300,47*68
$GAGSV,2,2,08,14,00,000,29,19,70,353,45,28,62,268,49,33,50,158,48*6F
$GAGSV,2,1,08,04,38,252,43,06,14,243,37,10,44,316,48,12,68,300,47*68
$GAGSV,2,2,08,14,00,000,29,19,70,353,45,28,62,268,49,33,50,158,48*6F
$GAGSV,2,1,08,04,38,252,43,06,14,243,37,10,44,316,48,12,68,300,47*68
$GAGSV,2,2,08,14,00,000,29,19,70,353,45,28,62,268,49,33,50,158,48*6F
$GAGSV,2,1,08,04,38,252,43,06,14,243,37,10,44,316,48,12,68,300,47*68
$GAGSV,2,2,08,14,00,000,29,19,70,353,45,28,62,268,49,33,50,158,48*6F
$GAGSV,2,1,08,04,38,252,43,06,14,243,37,10,44,316,48,12,68,300,47*68
$GAGSV,2,2,08,14,00,000,29,19,70,353,46,28,62,268,49,33,50,158,48*6C
$GAGSV,2,1,08,04,38,252,43,06,14,243,37,10,44,316,48,12,68,300,47*68
$GAGSV,2,2,08,14,00,000,35,19,70,353,46,28,62,268,49,33,50,158,48*61
$GAGSV,2,1,08,04,38,252,43,06,14,243,36,10,44,316,48,12,68,300,47*69
$GAGSV,2,2,08,14,00,000,33,19,70,353,46,28,62,268,49,33,50,158,48*67
$GAGSV,2,1,08,04,38,252,43,06,14,243,36,10,44,316,48,12,68,300,47*69
$GAGSV,2,2,08,14,00,000,34,19,70,353,45,28,62,268,49,33,50,158,48*63
$GAGSV,2,1,08,04,38,252,43,06,14,243,36,10,44,316,48,12,68,300,47*69
$GAGSV,2,2,08,14,00,000,32,19,70,353,45,28,62,268,49,33,50,158,48*65
$GAGSV,2,1,08,04,38,252,44,06,14,243,36,10,44,316,48,12,68,300,47*6E
$GAGSV,2,2,08,14,00,000,31,19,70,353,45,28,62,268,49,33,50,158,48*66
$GAGSV,2,1,08,04,38,252,44,06,14,243,36,10,44,316,48,12,68,300,47*6E
$GAGSV,2,2,08,14,00,000,31,19,70,353,45,28,62,268,49,33,50,158,48*66
$GAGSV,2,1,08,04,38,252,44,06,14,243,36,10,44,316,48,12,68,300,47*6E
$GAGSV,2,2,08,14,00,000,31,19,70,353,45,28,62,268,49,33,50,158,48*66
$GAGSV,2,1,08,04,38,252,44,06,14,243,36,10,44,316,48,12,68,300,47*6E
$GAGSV,2,2,08,14,00,000,30,19,70,353,45,28,62,268,49,33,50,158,48*67
$GAGSV,2,1,08,04,38,252,44,06,14,243,36,10,44,316,48,12,68,300,47*6E
$GAGSV,2,2,08,14,00,000,31,19,70,353,45,28,62,268,49,33,50,158,48*66
$GAGSV,2,1,08,04,38,252,44,06,14,243,36,10,44,316,48,12,68,300,47*6E
$GAGSV,2,2,08,14,00,000,31,19,70,353,45,28,62,268,49,33,50,158,48*66
$GAGSV,2,1,08,04,38,252,44,06,14,243,36,10,44,316,48,12,68,300,47*6E
$GAGSV,2,2,08,14,00,000,32,19,70,353,45,28,62,268,49,33,50,158,48*65
$GAGSV,2,1,08,04,38,252,44,06,14,243,35,10,44,316,48,12,68,300,47*6D
$GAGSV,2,2,08,14,00,000,31,19,70,353,46,28,62,268,49,33,50,158,48*65
$GAGSV,2,1,08,04,38,252,44,06,14,243,35,10,44,316,48,12,68,300,47*6D
$GAGSV,2,2,08,14,00,000,31,19,70,353,46,28,62,268,49,33,50,158,48*65
$GAGSV,2,1,08,04,38,252,44,06,14,243,35,10,44,316,48,12,68,300,47*6D
$GAGSV,2,2,08,14,00,000,31,19,70,353,46,28,62,268,49,33,50,158,48*65
$GAGSV,2,1,08,04,38,252,44,06,14,243,35,10,44,316,48,12,68,300,47*6D
$GAGSV,2,2,08,14,00,000,31,19,70,353,46,28,62,268,49,33,50,158,48*65
$GAGSV,2,1,08,04,38,252,44,06,14,243,35,10,44,316,48,12,68,300,47*6D
$GAGSV,2,2,08,14,00,000,31,19,70,353,46,28,62,268,49,33,50,158,48*65
$GAGSV,2,1,08,04,38,252,44,06,14,243,35,10,44,316,48,12,68,300,47*6D
$GAGSV,2,2,08,14,00,000,31,19,70,353,46,28,62,268,49,33,50,158,48*65
$GAGSV,2,1,08,04,38,252,44,06,14,243,35,10,44,316,48,12,68,300,47*6D
$GAGSV,2,2,08,14,00,000,31,19,70,353,45,28,62,268,49,33,50,158,48*66
$GAGSV,2,1,08,04,38,252,44,06,14,243,35,10,44,316,48,12,68,300,47*6D
$GAGSV,2,2,08,14,00,000,28,19,70,353,45,28,62,268,49,33,50,158,48*6E
$GAGSV,2,1,08,04,38,252,43,06,14,243,35,10,44,316,48,12,68,300,47*6A
$GAGSV,2,2,08,14,00,000,29,19,70,353,45,28,62,268,49,33,50,158,48*6F
$GAGSV,2,1,08,04,38,252,43,06,14,243,35,10,44,316,48,12,68,300,47*6A
$GAGSV,2,2,08,14,00,000,30,19,70,353,45,28,62,268,49,33,50,158,48*67
$GAGSV,2,1,08,04,38,252,43,06,14,243,35,10,44,316,48,12,68,300,47*6A
$GAGSV,2,2,08,14,00,000,31,19,70,353,45,28,62,268,49,33,50,158,48*66
$GAGSV,2,1,08,04,38,252,43,06,14,243,35,10,44,316,48,12,68,300,47*6A
$GAGSV,2,2,08,14,00,000,31,19,70,353,45,28,62,268,49,33,50,158,48*66
$GAGSV,2,1,08,04,38,252,43,06,14,243,35,10,44,316,48,12,68,300,47*6A
$GAGSV,2,2,08,14,00,000,31,19,70,353,45,28,62,268,49,33,50,158,48*66
$GAGSV,2,1,08,04,38,252,43,06,14,243,35,10,44,316,48,12,68,300,47*6A
$GAGSV,2,2,08,14,00,000,31,19,70,353,45,28,62,268,49,33,50,158,48*66
$GAGSV,2,1,08,04,38,252,43,06,14,243,35,10,44,316,48,12,68,300,47*6A
$GAGSV,2,2,08,14,00,000,31,19,70,353,45,28,62,268,49,33,50,158,48*66
$GAGSV,2,1,08,04,38,252,43,06,14,243,35,10,44,316,48,12,68,300,47*6A
$GAGSV,2,2,08,14,00,000,31,19,70,353,45,28,62,268,49,33,50,158,48*66
$GAGSV,2,1,08,04,38,252,43,06,14,243,34,10,44,316,48,12,68,300,47*6B
$GAGSV,2,2,08,14,00,000,32,19,70,353,45,28,62,268,49,33,50,158,48*65
$GAGSV,2,1,08,04,38,252,43,06,14,243,34,10,44,316,48,12,68,300,47*6B
$GAGSV,2,2,08,14,00,000,32,19,70,353,45,28,62,268,49,33,50,158,48*65
$GAGSV,2,1,08,04,38,252,43,06,14,243,34,10,44,316,48,12,68,300,47*6B
$GAGSV,2,2,08,14,00,000,31,19,70,353,45,28,62,268,49,33,50,158,48*66
$GAGSV,2,1,08,04,38,252,43,06,14,243,34,10,44,316,48,12,68,300,47*6B
$GAGSV,2,2,08,14,00,000,36,19,70,353,45,28,62,268,49,33,50,158,48*61
$GAGSV,2,1,08,04,38,252,43,06,14,243,34,10,44,316,48,12,68,300,47*6B
$GAGSV,2,2,08,14,00,000,34,19,70,353,45,28,62,268,49,33,50,158,48*63
$GAGSV,2,1,08,04,38,252,43,06,14,243,34,10,44,316,48,12,68,300,47*6B
$GAGSV,2,2,08,14,00,000,33,19,70,353,45,28,62,268,49,33,50,158,48*64
$GAGSV,2,1,08,04,38,252,43,06,14,243,34,10,44,316,48,12,68,300,47*6B
$GAGSV,2,2,08,14,00,000,31,19,70,353,45,28,62,268,49,33,50,158,48*66
$GAGSV,2,1,08,04,38,252,43,06,14,243,34,10,44,316,48,12,68,300,47*6B
$GAGSV,2,2,08,14,00,000,31,19,70,353,45,28,62,268,49,33,50,158,48*66
$GAGSV,2,1,08,04,38,252,43,06,14,243,34,10,44,316,48,12,68,300,47*6B
$GAGSV,2,2,08,14,00,000,32,19,70,353,45,28,62,268,49,33,50,158,48*65
$GAGSV,2,1,08,04,38,252,43,06,14,243,34,10,44,316,48,12,68,300,47*6B
$GAGSV,2,2,08,14,00,000,32,19,70,353,45,28,62,268,49,33,50,158,48*65
$GAGSV,2,1,08,04,38,252,43,06,14,243,34,10,44,316,48,12,68,300,47*6B
$GAGSV,2,2,08,14,00,000,33,19,70,353,45,28,62,268,49,33,50,158,48*64
$GAGSV,2,1,08,04,38,252,43,06,14,243,34,10,44,316,48,12,68,300,47*6B
$GAGSV,2,2,08,14,00,000,33,19,70,353,45,28,62,268,49,33,50,158,48*64
$GAGSV,2,1,08,04,38,252,43,06,14,243,34,10,44,316,48,12,68,300,47*6B
$GAGSV,2,2,08,14,00,000,34,19,70,353,45,28,62,268,49,33,50,158,48*63
$GAGSV,2,1,08,04,38,252,43,06,14,243,35,10,44,316,48,12,68,300,47*6A
$GAGSV,2,2,08,14,00,000,34,19,70,353,45,28,62,268,49,33,50,158,48*63
$GAGSV,2,1,08,04,38,252,43,06,14,243,35,10,44,316,48,12,68,300,47*6A
$GAGSV,2,2,08,14,00,000,34,19,70,353,45,28,62,268,49,33,50,158,48*63
$GAGSV,2,1,08,04,38,252,43,06,14,243,35,10,44,316,48,12,68,300,47*6A
$GAGSV,2,2,08,14,00,000,34,19,70,353,45,28,62,268,49,33,50,158,48*63
$GAGSV,2,1,08,04,38,252,43,06,14,243,35,10,44,316,48,12,68,300,47*6A
$GAGSV,2,2,08,14,00,000,34,19,70,353,45,28,62,268,49,33,50,158,48*63
$GAGSV,2,1,08,04,38,252,43,06,14,243,36,10,44,316,48,12,68,300,47*69
$GAGSV,2,2,08,14,00,000,34,19,70,353,45,28,62,268,49,33,50,158,48*63
$GAGSV,2,1,08,04,38,252,43,06,14,243,35,10,44,316,48,12,68,300,47*6A
$GAGSV,2,2,08,14,00,000,34,19,70,353,45,28,62,268,49,33,50,158,48*63
$GAGSV,2,1,08,04,38,252,43,06,14,243,35,10,44,316,48,12,68,300,47*6A
$GAGSV,2,2,08,14,00,000,34,19,70,353,45,28,62,268,49,33,50,158,48*63
$GAGSV,2,1,08,04,38,252,43,06,14,243,35,10,44,316,48,12,68,300,47*6A
$GAGSV,2,2,08,14,00,000,35,19,70,353,45,28,62,268,49,33,50,158,48*62
$GAGSV,2,1,08,04,38,252,44,06,14,243,35,10,44,316,48,12,68,300,47*6D
$GAGSV,2,2,08,14,00,000,35,19,70,353,45,28,62,268,49,33,50,158,48*62
$GAGSV,2,1,08,04,38,252,44,06,14,243,34,10,44,316,48,12,68,300,47*6C
$GAGSV,2,2,08,14,00,000,35,19,70,353,45,28,62,268,49,33,50,158,48*62
$GAGSV,2,1,08,04,38,252,44,06,14,243,35,10,44,316,48,12,68,300,47*6D
$GAGSV,2,2,08,14,00,000,35,19,70,353,45,28,62,268,49,33,50,158,48*62
$GAGSV,2,1,08,04,38,252,44,06,14,243,35,10,44,316,48,12,68,300,47*6D
$GAGSV,2,2,08,14,00,000,34,19,70,353,45,28,62,268,49,33,50,158,48*63
$GAGSV,2,1,08,04,38,252,44,06,14,243,35,10,44,316,48,12,68,300,48*62
$GAGSV,2,2,08,14,00,000,34,19,70,353,46,28,62,268,49,33,50,158,48*60
$GAGSV,2,1,08,04,38,252,44,06,14,243,35,10,44,316,48,12,68,300,48*62
$GAGSV,2,2,08,14,00,000,34,19,70,353,46,28,62,268,49,33,50,158,48*60
$GAGSV,2,1,08,04,38,252,44,06,14,243,35,10,44,316,48,12,68,300,48*62
$GAGSV,2,2,08,14,00,000,33,19,70,353,46,28,62,268,49,33,50,158,48*67
$GAGSV,2,1,08,04,38,252,44,06,14,243,35,10,44,316,48,12,68,300,48*62
$GAGSV,2,2,08,14,00,000,32,19,70,353,46,28,62,268,49,33,50,158,48*66
$GAGSV,2,1,08,04,38,252,43,06,14,243,35,10,44,316,48,12,68,300,47*6A
$GAGSV,2,2,08,14,00,000,32,19,70,353,46,28,62,268,49,33,50,158,48*66
$GAGSV,2,1,08,04,38,252,43,06,14,243,35,10,44,316,48,12,68,300,47*6A
$GAGSV,2,2,08,14,00,000,32,19,70,353,46,28,62,268,49,33,50,158,48*66
$GAGSV,2,1,08,04,38,252,43,06,14,243,35,10,44,316,48,12,68,300,47*6A
$GAGSV,2,2,08,14,00,000,32,19,70,353,46,28,62,268,49,33,50,158,48*66
$GAGSV,2,1,08,04,38,252,43,06,14,243,35,10,44,316,48,12,68,300,47*6A
$GAGSV,2,2,08,14,00,000,33,19,70,353,46,28,62,268,49,33,50,158,48*67
$GAGSV,2,1,08,04,38,252,43,06,14,243,35,10,44,316,48,12,68,300,47*6A
$GAGSV,2,2,08,14,00,000,33,19,70,353,46,28,62,268,49,33,50,158,48*67
$GAGSV,2,1,08,04,38,252,43,06,14,243,35,10,44,316,48,12,68,300,47*6A
$GAGSV,2,2,08,14,00,000,33,19,70,353,46,28,62,268,49,33,50,158,48*67
$GAGSV,2,1,08,04,38,252,43,06,14,243,35,10,44,316,48,12,68,300,47*6A
$GAGSV,2,2,08,14,00,000,33,19,70,353,46,28,62,268,49,33,50,158,48*67
$GAGSV,2,1,08,04,38,252,43,06,14,243,35,10,44,316,48,12,68,300,47*6A
$GAGSV,2,2,08,14,00,000,33,19,70,353,46,28,62,268,49,33,50,158,48*67
$GAGSV,2,1,08,04,38,252,43,06,14,243,34,10,44,316,48,12,68,300,47*6B
$GAGSV,2,2,08,14,00,000,33,19,70,353,46,28,62,268,49,33,50,158,48*67
$GAGSV,2,1,08,04,38,252,43,06,14,243,35,10,44,316,48,12,68,300,47*6A
$GAGSV,2,2,08,14,00,000,33,19,70,353,46,28,62,268,49,33,50,158,48*67
$GAGSV,2,1,08,04,38,252,43,06,14,243,35,10,44,316,48,12,68,300,47*6A
$GAGSV,2,2,08,14,00,000,34,19,70,353,46,28,62,268,49,33,50,158,48*60
$GAGSV,2,1,08,04,38,252,43,06,14,243,35,10,44,316,48,12,68,300,47*6A
$GAGSV,2,2,08,14,00,000,34,19,70,353,46,28,62,268,49,33,50,158,48*60
$GAGSV,2,1,08,04,38,252,43,06,14,243,35,10,44,316,48,12,68,300,47*6A
$GAGSV,2,2,08,14,00,000,34,19,70,353,46,28,62,268,49,33,50,158,48*60
$GAGSV,2,1,08,04,38,252,44,06,14,243,35,10,44,316,48,12,68,300,47*6D
$GAGSV,2,2,08,14,00,000,34,19,70,353,46,28,62,268,49,33,50,158,48*60
$GAGSV,2,1,08,04,38,252,44,06,14,243,35,10,44,316,48,12,68,300,47*6D
$GAGSV,2,2,08,14,00,000,34,19,70,353,46,28,62,268,49,33,50,158,48*60
$GAGSV,2,1,08,04,38,252,44,06,14,243,35,10,44,316,48,12,68,300,47*6D
$GAGSV,2,2,08,14,00,000,34,19,70,353,46,28,62,268,49,33,50,158,48*60
$GAGSV,2,1,08,04,38,252,44,06,14,243,35,10,44,316,48,12,68,300,47*6D
$GAGSV,2,2,08,14,00,000,34,19,70,353,46,28,62,268,49,33,50,158,48*60
$GAGSV,2,1,08,04,38,252,44,06,14,243,35,10,44,316,48,12,68,300,47*6D
$GAGSV,2,2,08,14,00,000,34,19,70,353,46,28,62,268,49,33,50,158,48*60
$GAGSV,2,1,08,04,38,252,44,06,14,243,35,10,44,316,48,12,68,300,47*6D
$GAGSV,2,2,08,14,00,000,34,19,70,353,46,28,62,268,49,33,50,158,48*60
$GAGSV,2,1,08,04,38,252,43,06,14,243,35,10,44,316,48,12,68,300,47*6A
$GAGSV,2,2,08,14,00,000,34,19,70,353,46,28,62,268,49,33,50,158,48*60
$GAGSV,2,1,08,04,38,252,43,06,14,243,34,10,44,316,48,12,68,300,47*6B
$GAGSV,2,2,08,14,00,000,34,19,70,353,46,28,62,268,49,33,50,158,48*60
$GAGSV,2,1,08,04,38,252,43,06,14,243,34,10,44,316,48,12,68,300,47*6B
$GAGSV,2,2,08,14,00,000,34,19,70,353,46,28,62,268,49,33,50,158,48*60
$GAGSV,2,1,08,04,38,252,43,06,14,243,34,10,44,316,48,12,68,300,47*6B
$GAGSV,2,2,08,14,00,000,35,19,70,353,46,28,62,268,49,33,50,158,48*61
$GAGSV,2,1,08,04,38,252,43,06,14,243,34,10,44,316,48,12,68,300,47*6B
$GAGSV,2,2,08,14,00,000,35,19,70,353,46,28,62,268,49,33,50,158,48*61
$GAGSV,2,1,08,04,38,252,43,06,14,243,35,10,44,316,48,12,68,300,47*6A
$GAGSV,2,2,08,14,00,000,35,19,70,353,46,28,62,268,49,33,50,158,48*61
$GAGSV,2,1,08,04,38,252,43,06,14,243,35,10,44,316,48,12,68,300,47*6A
$GAGSV,2,2,08,14,00,000,35,19,70,353,46,28,62,268,49,33,50,158,48*61
$GAGSV,2,1,08,04,38,252,44,06,14,243,35,10,44,316,48,12,68,300,47*6D
$GAGSV,2,2,08,14,00,000,35,19,70,353,46,28,62,268,49,33,50,158,48*61
$GAGSV,2,1,08,04,38,252,44,06,14,243,35,10,44,316,48,12,68,300,47*6D
$GAGSV,2,2,08,14,00,000,35,19,70,353,46,28,62,268,49,33,50,158,48*61
$GAGSV,2,1,08,04,38,252,44,06,14,243,35,10,44,316,48,12,68,300,47*6D
$GAGSV,2,2,08,14,00,000,35,19,70,353,46,28,62,268,49,33,50,158,48*61
$GAGSV,2,1,08,04,38,252,44,06,14,243,35,10,44,316,48,12,68,300,47*6D
$GAGSV,2,2,08,14,00,000,35,19,70,353,46,28,62,268,49,33,50,158,48*61
$GAGSV,2,1,08,04,38,252,44,06,14,243,35,10,44,316,48,12,68,300,47*6D
$GAGSV,2,2,08,14,00,000,35,19,70,353,46,28,62,268,49,33,50,158,48*61
$GAGSV,2,1,08,04,38,252,44,06,14,243,35,10,44,316,48,12,68,300,47*6D
$GAGSV,2,2,08,14,00,000,35,19,70,353,46,28,62,268,49,33,50,158,48*61
$GAGSV,2,1,08,04,38,252,44,06,14,243,35,10,44,316,48,12,68,300,47*6D
$GAGSV,2,2,08,14,00,000,35,19,70,353,45,28,62,268,49,33,50,158,48*62
$GAGSV,2,1,08,04,38,252,44,06,14,243,35,10,44,316,48,12,68,300,47*6D
$GAGSV,2,2,08,14,00,000,35,19,70,353,45,28,62,268,49,33,50,158,48*62
$GAGSV,2,1,08,04,38,252,44,06,14,243,35,10,44,316,48,12,68,300,47*6D
$GAGSV,2,2,08,14,00,000,35,19,70,353,46,28,62,268,49,33,50,158,48*61
$GAGSV,2,1,08,04,38,252,44,06,14,243,35,10,44,316,48,12,68,300,47*6D
$GAGSV,2,2,08,14,00,000,35,19,70,353,46,28,62,268,49,33,50,158,48*61
$GAGSV,2,1,08,04,38,252,44,06,14,243,35,10,44,316,48,12,68,300,47*6D
$GAGSV,2,2,08,14,00,000,35,19,70,353,46,28,62,268,49,33,50,158,48*61
$GAGSV,2,1,08,04,38,252,44,06,14,243,35,10,44,316,48,12,68,300,47*6D
$GAGSV,2,2,08,14,00,000,35,19,70,353,46,28,62,268,49,33,50,158,48*61
$GAGSV,2,1,08,04,38,252,44,06,14,243,35,10,44,316,48,12,68,300,47*6D
$GAGSV,2,2,08,14,00,000,35,19,70,353,46,28,62,268,49,33,50,158,48*61
$GAGSV,2,1,08,04,38,252,44,06,14,243,35,10,44,316,48,12,68,300,47*6D
$GAGSV,2,2,08,14,00,000,35,19,70,353,46,28,62,268,49,33,50,158,48*61
$GAGSV,2,1,08,04,38,252,44,06,14,243,35,10,44,316,48,12,68,300,47*6D
$GAGSV,2,2,08,14,00,000,35,19,70,353,46,28,62,268,49,33,50,158,48*61
$GAGSV,2,1,08,04,38,252,44,06,14,243,35,10,44,316,48,12,68,300,47*6D
$GAGSV,2,2,08,14,00,000,35,19,70,353,46,28,62,268,49,33,50,158,48*61
$GAGSV,2,1,08,04,38,252,44,06,14,243,35,10,44,316,48,12,68,300,47*6D
$GAGSV,2,2,08,14,00,000,35,19,70,353,46,28,62,268,49,33,50,158,48*61
$GAGSV,2,1,08,04,38,252,44,06,14,243,36,10,44,316,48,12,68,300,47*6E
$GAGSV,2,2,08,14,00,000,35,19,70,353,46,28,62,268,49,33,50,158,48*61
$GAGSV,2,1,08,04,38,252,44,06,14,243,35,10,44,316,48,12,68,300,47*6D
$GAGSV,2,2,08,14,00,000,34,19,70,353,46,28,62,268,49,33,50,158,48*60
$GAGSV,2,1,08,04,38,252,44,06,14,243,35,10,44,316,48,12,68,300,47*6D
$GAGSV,2,2,08,14,00,000,34,19,70,353,46,28,62,268,49,33,50,158,48*60
$GAGSV,2,1,08,04,38,252,44,06,14,243,35,10,44,316,48,12,68,300,47*6D
$GAGSV,2,2,08,14,00,000,34,19,70,353,46,28,62,268,49,33,50,158,48*60
$GAGSV,2,1,08,04,38,252,44,06,14,243,35,10,44,316,48,12,68,300,47*6D
$GAGSV,2,2,08,14,00,000,34,19,70,353,46,28,62,268,49,33,50,158,48*60
$GAGSV,2,1,08,04,38,252,44,06,14,243,35,10,44,316,48,12,68,300,47*6D
$GAGSV,2,2,08,14,00,000,34,19,70,353,46,28,62,268,49,33,50,158,48*60
$GAGSV,2,1,08,04,38,252,44,06,14,243,35,10,44,316,48,12,68,300,47*6D
$GAGSV,2,2,08,14,00,000,33,19,70,353,46,28,62,268,49,33,50,158,48*67
$GAGSV,2,1,08,04,38,252,44,06,14,243,34,10,44,316,48,12,68,300,47*6C
$GAGSV,2,2,08,14,00,000,33,19,70,353,46,28,62,268,49,33,50,158,48*67
$GAGSV,2,1,08,04,38,252,44,06,14,243,34,10,44,316,48,12,68,300,47*6C
$GAGSV,2,2,08,14,00,000,33,19,70,353,46,28,62,268,49,33,50,158,48*67
$GAGSV,2,1,08,04,38,252,44,06,14,243,34,10,44,316,48,12,68,300,47*6C
$GAGSV,2,2,08,14,00,000,33,19,70,353,46,28,62,268,49,33,50,158,48*67
$GAGSV,2,1,08,04,38,252,44,06,14,243,35,10,44,316,48,12,68,300,47*6D
$GAGSV,2,2,08,14,00,000,33,19,70,353,46,28,62,268,49,33,50,158,48*67
$GAGSV,2,1,08,04,38,252,43,06,14,243,35,10,44,316,48,12,68,300,47*6A
$GAGSV,2,2,08,14,00,000,33,19,70,353,46,28,62,268,49,33,50,158,48*67
$GAGSV,2,1,08,04,38,252,43,06,14,243,35,10,44,316,48,12,68,300,47*6A
$GAGSV,2,2,08,14,00,000,33,19,70,353,46,28,62,268,49,33,50,158,48*67
$GAGSV,2,1,08,04,38,252,43,06,14,243,34,10,44,316,48,12,68,300,47*6B
$GAGSV,2,2,08,14,00,000,33,19,70,353,46,28,62,268,49,33,50,158,48*67
$GAGSV,2,1,08,04,38,252,43,06,14,243,34,10,44,316,48,12,68,300,47*6B
$GAGSV,2,2,08,14,00,000,33,19,70,353,46,28,62,268,49,33,50,158,48*67
$GAGSV,2,1,08,04,38,252,43,06,14,243,34,10,44,316,48,12,68,300,47*6B
$GAGSV,2,2,08,14,00,000,33,19,70,353,46,28,62,268,49,33,50,158,48*67
$GAGSV,2,1,08,04,38,252,43,06,14,243,34,10,44,316,48,12,68,300,47*6B
$GAGSV,2,2,08,14,00,000,33,19,70,353,46,28,62,268,49,33,50,158,48*67
$GAGSV,2,1,08,04,38,252,43,06,14,243,34,10,44,316,48,12,68,300,47*6B
$GAGSV,2,2,08,14,00,000,33,19,70,353,46,28,62,268,49,33,50,158,48*67
$GAGSV,2,1,08,04,38,252,43,06,14,243,34,10,44,316,48,12,68,300,47*6B
$GAGSV,2,2,08,14,00,000,33,19,70,353,45,28,62,268,49,33,50,158,48*64
$GAGSV,2,1,08,04,38,252,43,06,14,243,34,10,44,316,48,12,68,300,47*6B
$GAGSV,2,2,08,14,00,000,33,19,70,353,45,28,62,268,49,33,50,158,48*64
$GAGSV,2,1,08,04,38,252,43,06,14,243,34,10,44,316,48,12,68,300,47*6B
$GAGSV,2,2,08,14,00,000,34,19,70,353,45,28,62,268,49,33,50,158,48*63
$GAGSV,2,1,08,04,38,252,43,06,14,243,35,10,44,316,48,12,68,300,47*6A
$GAGSV,2,2,08,14,00,000,35,19,70,353,45,28,62,268,49,33,50,158,48*62
$GAGSV,2,1,08,04,38,252,43,06,14,243,35,10,44,316,48,12,68,300,47*6A
$GAGSV,2,2,08,14,00,000,35,19,70,353,46,28,62,268,49,33,50,158,47*6E
$GAGSV,2,1,08,04,38,252,43,06,14,243,35,10,44,316,48,12,68,300,47*6A
$GAGSV,2,2,08,14,00,000,35,19,70,353,46,28,62,268,49,33,50,158,47*6E
$GAGSV,2,1,08,04,38,252,43,06,14,243,35,10,44,316,48,12,68,300,47*6A
$GAGSV,2,2,08,14,00,000,35,19,70,353,46,28,62,268,49,33,50,158,48*61
$GAGSV,2,1,08,04,38,252,43,06,14,243,35,10,44,316,48,12,68,300,47*6A
$GAGSV,2,2,08,14,00,000,35,19,70,353,46,28,62,268,49,33,50,158,48*61
$GAGSV,2,1,08,04,38,252,43,06,14,243,35,10,44,316,48,12,68,300,47*6A
$GAGSV,2,2,08,14,00,000,34,19,70,353,46,28,62,269,49,33,50,158,48*61
$GAGSV,2,1,08,04,38,252,43,06,14,243,35,10,44,316,48,12,68,300,47*6A
$GAGSV,2,2,08,14,00,000,34,19,70,353,46,28,62,269,49,33,50,158,48*61
$GAGSV,2,1,08,04,38,252,43,06,14,243,35,10,44,316,48,12,68,300,47*6A
$GAGSV,2,2,08,14,00,000,34,19,70,353,46,28,62,269,49,33,50,158,48*61
$GAGSV,2,1,08,04,38,252,43,06,14,243,35,10,44,316,48,12,68,300,47*6A
$GAGSV,2,2,08,14,00,000,34,19,70,353,46,28,62,269,49,33,50,158,48*61
$GAGSV,2,1,08,04,38,252,43,06,14,243,35,10,44,316,48,12,68,300,47*6A
$GAGSV,2,2,08,14,00,000,34,19,70,353,46,28,62,269,49,33,50,158,48*61
$GAGSV,2,1,08,04,38,252,43,06,14,243,35,10,44,316,48,12,68,300,47*6A
$GAGSV,2,2,08,14,00,000,33,19,70,353,46,28,62,269,49,33,50,158,48*66
$GAGSV,2,1,08,04,38,252,43,06,14,243,35,10,44,316,48,12,68,300,47*6A
$GAGSV,2,2,08,14,00,000,33,19,70,353,46,28,62,269,49,33,50,158,48*66
$GAGSV,2,1,08,04,38,252,43,06,14,243,35,10,44,316,48,12,68,300,47*6A
$GAGSV,2,2,08,14,00,000,33,19,70,353,46,28,62,269,49,33,50,158,48*66
$GAGSV,2,1,08,04,38,252,43,06,14,243,35,10,44,316,48,12,68,300,47*6A
$GAGSV,2,2,08,14,00,000,33,19,70,353,46,28,62,269,49,33,50,158,48*66
$GAGSV,2,1,08,04,38,252,43,06,14,243,35,10,44,316,48,12,68,300,47*6A
$GAGSV,2,2,08,14,00,000,33,19,70,353,46,28,62,269,49,33,50,158,48*66
$GAGSV,2,1,08,04,38,252,43,06,14,243,36,10,44,316,48,12,68,300,47*69
$GAGSV,2,2,08,14,00,000,33,19,70,353,46,28,62,269,49,33,50,158,48*66
$GAGSV,2,1,08,04,38,252,43,06,14,243,36,10,44,316,48,12,68,300,47*69
$GAGSV,2,2,08,14,00,000,33,19,70,353,46,28,62,269,49,33,50,158,48*66
$GAGSV,2,1,08,04,38,252,44,06,14,243,36,10,44,316,48,12,68,300,47*6E
$GAGSV,2,2,08,14,00,000,33,19,70,353,46,28,62,269,49,33,50,158,48*66
$GAGSV,2,1,08,04,38,252,44,06,14,243,36,10,44,316,48,12,68,300,47*6E
$GAGSV,2,2,08,14,00,000,33,19,70,353,46,28,62,269,49,33,50,158,48*66
$GAGSV,2,1,08,04,38,252,44,06,14,243,36,10,44,316,48,12,68,300,47*6E
$GAGSV,2,2,08,14,00,000,32,19,70,353,46,28,62,269,49,33,50,158,48*67
$GAGSV,2,1,08,04,38,252,44,06,14,243,36,10,44,316,48,12,68,300,47*6E
$GAGSV,2,2,08,14,00,000,32,19,70,353,46,28,62,269,49,33,50,158,48*67
$GAGSV,2,1,08,04,38,252,44,06,14,243,36,10,44,316,48,12,68,300,47*6E
$GAGSV,2,2,08,14,00,000,32,19,70,353,46,28,62,269,49,33,50,158,48*67
$GAGSV,2,1,08,04,38,252,44,06,14,243,36,10,44,316,48,12,68,300,47*6E
$GAGSV,2,2,08,14,00,000,31,19,70,353,46,28,62,269,49,33,50,158,48*64
$GAGSV,2,1,08,04,38,252,44,06,14,243,36,10,44,316,48,12,68,300,47*6E
$GAGSV,2,2,08,14,00,000,31,19,70,353,46,28,62,269,49,33,50,158,48*64
$GAGSV,2,1,08,04,38,252,44,06,14,243,36,10,44,316,48,12,68,300,47*6E
$GAGSV,2,2,08,14,00,000,32,19,70,353,46,28,62,269,49,33,50,158,47*68
$GAGSV,2,1,08,04,38,252,44,06,14,243,36,10,44,316,48,12,68,300,47*6E
$GAGSV,2,2,08,14,00,000,32,19,70,353,46,28,62,269,49,33,50,158,47*68
$GAGSV,2,1,08,04,38,252,44,06,14,243,36,10,44,316,48,12,68,300,47*6E
$GAGSV,2,2,08,14,00,000,32,19,70,353,46,28,62,269,49,33,50,158,47*68
$GAGSV,2,1,08,04,38,252,44,06,14,243,36,10,44,316,48,12,68,300,47*6E
$GAGSV,2,2,08,14,00,000,32,19,70,353,46,28,62,269,49,33,50,158,47*68
$GAGSV,2,1,08,04,38,252,44,06,14,243,36,10,44,316,48,12,68,300,47*6E
$GAGSV,2,2,08,14,00,000,32,19,70,353,46,28,62,269,49,33,50,158,47*68
$GAGSV,2,1,08,04,38,252,44,06,14,243,36,10,44,316,48,12,68,300,47*6E
$GAGSV,2,2,08,14,00,000,31,19,70,353,46,28,62,269,49,33,50,158,48*64
$GAGSV,2,1,08,04,38,252,44,06,14,243,36,10,44,316,48,12,68,300,47*6E
$GAGSV,2,2,08,14,00,000,31,19,70,353,46,28,62,269,49,33,50,158,48*64
$GAGSV,2,1,08,04,38,252,44,06,14,243,36,10,44,316,48,12,68,300,47*6E
$GAGSV,2,2,08,14,00,000,31,19,70,353,46,28,62,269,49,33,50,158,48*64
$GAGSV,2,1,08,04,38,252,44,06,14,243,36,10,44,316,48,12,68,300,47*6E
$GAGSV,2,2,08,14,00,000,31,19,70,353,46,28,62,269,49,33,50,158,48*64
$GAGSV,2,1,08,04,38,252,43,06,14,243,36,10,44,316,48,12,68,300,47*69
$GAGSV,2,2,08,14,00,000,32,19,70,353,46,28,62,269,49,33,50,158,48*67
$GAGSV,2,1,08,04,38,252,43,06,14,243,36,10,44,316,48,12,68,300,47*69
$GAGSV,2,2,08,14,00,000,31,19,70,353,46,28,62,269,49,33,50,158,48*64
$GAGSV,2,1,08,04,38,252,43,06,14,243,36,10,44,316,47,12,68,300,47*66
$GAGSV,2,2,08,14,00,000,31,19,70,353,46,28,62,269,49,33,50,158,48*64
$GAGSV,2,1,08,04,38,252,43,06,14,243,36,10,44,316,47,12,68,300,47*66
$GAGSV,2,2,08,14,00,000,31,19,70,353,46,28,62,269,49,33,50,158,48*64
$GAGSV,2,1,08,04,38,252,43,06,14,243,36,10,44,316,47,12,68,300,47*66
$GAGSV,2,2,08,14,00,000,31,19,70,353,46,28,62,269,49,33,50,158,47*6B
$GAGSV,2,1,08,04,38,252,43,06,14,243,36,10,44,316,47,12,68,300,47*66
$GAGSV,2,2,08,14,00,000,31,19,70,353,45,28,62,269,49,33,50,158,47*68
$GAGSV,2,1,08,04,38,252,43,06,14,243,36,10,44,316,47,12,68,300,47*66
$GAGSV,2,2,08,14,00,000,31,19,70,353,45,28,62,269,49,33,50,158,47*68
$GAGSV,2,1,08,04,38,252,43,06,14,243,36,10,44,316,47,12,68,300,47*66
$GAGSV,2,2,08,14,00,000,31,19,70,353,45,28,62,269,49,33,50,158,48*67
$GAGSV,2,1,08,04,38,252,43,06,14,243,36,10,44,316,47,12,68,300,47*66
$GAGSV,2,2,08,14,00,000,31,19,70,353,45,28,62,269,49,33,50,158,48*67
$GAGSV,2,1,08,04,38,252,43,06,14,243,36,10,44,316,47,12,68,300,47*66
$GAGSV,2,2,08,14,00,000,31,19,70,353,45,28,62,269,49,33,50,158,48*67
$GAGSV,2,1,08,04,38,252,43,06,14,243,36,10,44,316,47,12,68,300,47*66
$GAGSV,2,2,08,14,00,000,31,19,70,353,45,28,62,269,49,33,50,158,48*67
$GAGSV,2,1,08,04,38,252,43,06,14,243,35,10,44,316,47,12,68,300,47*65
$GAGSV,2,2,08,14,00,000,31,19,70,353,45,28,62,269,49,33,50,158,48*67
$GAGSV,2,1,08,04,38,252,43,06,14,243,35,10,44,316,47,12,68,300,47*65
$GAGSV,2,2,08,14,00,000,32,19,70,353,45,28,62,269,49,33,50,158,48*64
$GAGSV,2,1,08,04,38,252,43,06,14,243,35,10,44,316,47,12,68,300,47*65
$GAGSV,2,2,08,14,00,000,32,19,70,353,45,28,62,269,49,33,50,158,48*64
$GAGSV,2,1,08,04,38,252,43,06,14,243,35,10,44,316,47,12,68,300,47*65
$GAGSV,2,2,08,14,00,000,32,19,70,353,45,28,62,269,49,33,50,158,48*64
$GAGSV,2,1,08,04,38,252,43,06,14,243,35,10,44,316,47,12,68,300,47*65
$GAGSV,2,2,08,14,00,000,32,19,70,353,45,28,62,269,49,33,50,158,48*64
$GAGSV,2,1,08,04,38,252,43,06,14,243,35,10,44,316,47,12,68,300,47*65
$GAGSV,2,2,08,14,00,000,32,19,70,353,45,28,62,269,49,33,50,158,48*64
$GAGSV,2,1,08,04,38,252,43,06,14,243,36,10,44,316,47,12,68,300,47*66
$GAGSV,2,2,08,14,00,000,32,19,70,353,45,28,62,269,49,33,50,158,48*64
$GAGSV,2,1,08,04,38,252,43,06,14,243,36,10,44,316,47,12,68,300,47*66
$GAGSV,2,2,08,14,00,000,32,19,70,353,45,28,62,269,49,33,50,158,48*64
$GAGSV,2,1,08,04,38,252,43,06,14,243,36,10,44,316,47,12,68,300,47*66
$GAGSV,2,2,08,14,00,000,32,19,70,353,45,28,62,269,49,33,50,158,48*64
$GAGSV,2,1,08,04,38,252,43,06,14,243,35,10,44,316,47,12,68,300,47*65
$GAGSV,2,2,08,14,00,000,33,19,70,353,45,28,62,269,49,33,50,158,48*65
$GAGSV,2,1,08,04,38,252,43,06,14,243,35,10,44,316,47,12,68,300,47*65
$GAGSV,2,2,08,14,00,000,33,19,70,353,46,28,62,269,49,33,50,158,48*66
$GAGSV,2,1,08,04,38,252,43,06,14,243,35,10,44,316,47,12,68,300,47*65
$GAGSV,2,2,08,14,00,000,32,19,70,353,46,28,62,269,49,33,50,158,48*67
$GAGSV,2,1,08,04,38,252,43,06,14,243,34,10,44,316,47,12,68,300,47*64
$GAGSV,2,2,08,14,00,000,32,19,70,353,46,28,62,269,49,33,50,158,47*68
$GAGSV,2,1,08,04,38,252,43,06,14,243,34,10,44,316,47,12,68,300,47*64
$GAGSV,2,2,08,14,00,000,32,19,70,353,46,28,62,269,49,33,50,158,47*68
$GAGSV,2,1,08,04,38,252,43,06,14,243,34,10,44,316,47,12,68,300,47*64
$GAGSV,2,2,08,14,00,000,32,19,70,353,46,28,62,269,49,33,50,158,47*68
$GAGSV,2,1,08,04,38,252,43,06,14,243,34,10,44,316,47,12,68,300,47*64
$GAGSV,2,2,08,14,00,000,32,19,70,353,46,28,62,269,49,33,50,158,47*68
$GAGSV,2,1,08,04,38,252,43,06,14,243,34,10,44,316,47,12,68,300,47*64
$GAGSV,2,2,08,14,00,000,32,19,70,353,46,28,62,269,49,33,50,158,47*68
$GAGSV,2,1,08,04,38,252,43,06,14,243,34,10,44,316,47,12,68,300,47*64
$GAGSV,2,2,08,14,00,000,32,19,70,353,46,28,62,269,49,33,50,158,47*68
$GAGSV,2,1,08,04,38,252,44,06,14,243,35,10,44,316,47,12,68,300,47*62
$GAGSV,2,2,08,14,00,000,31,19,70,353,46,28,62,269,49,33,50,158,47*6B
$GAGSV,2,1,08,04,38,252,44,06,14,243,35,10,44,316,47,12,68,300,47*62
$GAGSV,2,2,08,14,00,000,31,19,70,353,46,28,62,269,49,33,50,158,47*6B
$GAGSV,2,1,08,04,38,252,44,06,14,243,35,10,44,316,47,12,68,300,47*62
$GAGSV,2,2,08,14,00,000,31,19,70,353,45,28,62,269,49,33,50,158,47*68
$GAGSV,2,1,08,04,38,252,44,06,14,243,35,10,44,316,47,12,68,300,47*62
$GAGSV,2,2,08,14,00,000,31,19,70,353,45,28,62,269,49,33,50,158,47*68
$GAGSV,2,1,08,04,38,252,44,06,14,243,35,10,44,316,47,12,68,300,47*62
$GAGSV,2,2,08,14,00,000,30,19,70,353,45,28,62,269,49,33,50,158,47*69
$GAGSV,2,1,08,04,38,252,44,06,14,243,35,10,44,316,47,12,68,300,47*62
$GAGSV,2,2,08,14,00,000,30,19,70,353,46,28,62,269,49,33,50,158,47*6A
$GAGSV,2,1,08,04,38,252,44,06,14,243,36,10,44,316,47,12,68,300,47*61
$GAGSV,2,2,08,14,00,000,30,19,70,353,46,28,62,269,49,33,50,158,47*6A
$GAGSV,2,1,08,04,38,252,44,06,14,243,36,10,44,316,47,12,68,300,47*61
$GAGSV,2,2,08,14,00,000,31,19,70,353,46,28,62,269,49,33,50,158,47*6B
$GAGSV,2,1,08,04,38,252,44,06,14,243,36,10,44,316,47,12,68,300,47*61
$GAGSV,2,2,08,14,00,000,31,19,70,353,46,28,62,269,49,33,50,158,47*6B
$GAGSV,2,1,08,04,38,252,44,06,14,243,36,10,44,316,47,12,68,300,47*61
$GAGSV,2,2,08,14,00,000,31,19,70,353,46,28,62,269,49,33,50,158,47*6B
$GAGSV,2,1,08,04,38,252,44,06,14,243,36,10,44,316,47,12,68,300,47*61
$GAGSV,2,2,08,14,00,000,31,19,70,353,46,28,62,269,49,33,50,158,48*64
$GAGSV,2,1,08,04,38,252,44,06,14,243,36,10,44,316,47,12,68,300,47*61
$GAGSV,2,2,08,14,00,000,31,19,70,353,46,28,62,269,49,33,50,158,48*64
$GAGSV,2,1,08,04,38,252,44,06,14,243,36,10,44,316,47,12,68,300,47*61
$GAGSV,2,2,08,14,00,000,31,19,70,353,46,28,62,269,49,33,50,158,48*64
$GAGSV,2,1,08,04,38,252,43,06,14,243,36,10,44,316,47,12,68,300,47*66
$GAGSV,2,2,08,14,00,000,31,19,70,353,46,28,62,269,48,33,50,158,48*65
$GAGSV,2,1,08,04,38,252,43,06,14,243,36,10,44,316,47,12,68,300,47*66
$GAGSV,2,2,08,14,00,000,31,19,70,353,46,28,62,269,48,33,50,158,48*65
$GAGSV,2,1,08,04,38,252,43,06,14,243,36,10,44,316,47,12,68,300,47*66
$GAGSV,2,2,08,14,00,000,30,19,70,353,46,28,62,269,49,33,50,158,48*65
$GAGSV,2,1,08,04,38,252,44,06,14,243,35,10,44,316,47,12,68,300,47*62
$GAGSV,2,2,08,14,00,000,30,19,70,353,46,28,62,269,49,33,50,158,48*65
$GAGSV,2,1,08,04,38,252,43,06,14,243,35,10,44,316,47,12,68,300,47*65
$GAGSV,2,2,08,14,00,000,30,19,70,353,46,28,62,269,49,33,50,158,48*65
$GAGSV,2,1,08,04,38,252,43,06,14,243,35,10,44,316,47,12,68,300,47*65
$GAGSV,2,2,08,14,00,000,30,19,70,353,46,28,62,269,49,33,50,158,48*65
$GAGSV,2,1,08,04,38,252,43,06,14,243,35,10,44,316,47,12,68,300,47*65
$GAGSV,2,2,08,14,00,000,30,19,70,353,45,28,62,269,49,33,50,158,48*66
$GAGSV,2,1,08,04,38,252,43,06,14,243,35,10,44,316,47,12,68,300,47*65
$GAGSV,2,2,08,14,00,000,31,19,70,353,45,28,62,269,49,33,50,158,48*67
$GAGSV,2,1,08,04,38,252,43,06,14,243,35,10,44,316,47,12,68,300,47*65
$GAGSV,2,2,08,14,00,000,31,19,70,353,45,28,62,269,49,33,50,158,48*67
$GAGSV,2,1,08,04,38,252,43,06,14,243,35,10,44,316,47,12,68,300,47*65
$GAGSV,2,2,08,14,00,000,30,19,70,353,45,28,62,269,49,33,50,158,48*66
$GAGSV,2,1,08,04,38,252,43,06,14,243,35,10,44,316,47,12,68,300,47*65
$GAGSV,2,2,08,14,00,000,30,19,70,353,45,28,62,269,48,33,50,158,48*67
$GAGSV,2,1,08,04,38,252,43,06,14,243,36,10,44,316,47,12,68,300,47*66
$GAGSV,2,2,08,14,00,000,30,19,70,353,45,28,62,269,48,33,50,158,48*67
$GAGSV,2,1,08,04,38,252,43,06,14,243,36,10,44,316,47,12,68,300,47*66
$GAGSV,2,2,08,14,00,000,30,19,70,353,45,28,62,269,48,33,50,158,48*67
$GAGSV,2,1,08,04,38,252,43,06,14,243,36,10,44,316,47,12,68,300,47*66
$GAGSV,2,2,08,14,00,000,29,19,70,353,45,28,62,269,48,33,50,158,47*60
$GAGSV,2,1,08,04,38,252,43,06,14,243,36,10,44,316,47,12,68,300,47*66
$GAGSV,2,2,08,14,00,000,29,19,70,353,45,28,62,269,48,33,50,158,47*60
$GAGSV,2,1,08,04,38,252,43,06,14,243,36,10,44,316,47,12,68,300,47*66
$GAGSV,2,2,08,14,00,000,29,19,70,353,45,28,62,269,48,33,50,158,47*60
$GAGSV,2,1,08,04,38,252,43,06,14,243,36,10,44,316,47,12,68,300,47*66
$GAGSV,2,2,08,14,00,000,30,19,70,353,45,28,62,269,48,33,50,158,47*68
$GAGSV,2,1,08,04,38,252,43,06,14,243,36,10,44,316,47,12,68,300,47*66
$GAGSV,2,2,08,14,00,000,30,19,70,353,45,28,62,269,49,33,50,158,48*66
$GAGSV,2,1,08,04,38,252,43,06,14,243,35,10,44,316,47,12,68,300,47*65
$GAGSV,2,2,08,14,00,000,30,19,70,353,45,28,62,269,49,33,50,158,48*66
$GAGSV,2,1,08,04,38,252,43,06,14,243,34,10,44,316,47,12,68,300,47*64
$GAGSV,2,2,08,14,00,000,30,19,70,353,45,28,62,269,49,33,50,158,48*66
$GAGSV,2,1,08,04,38,252,43,06,14,243,34,10,44,316,47,12,68,300,47*64
$GAGSV,2,2,08,14,00,000,30,19,70,353,45,28,62,269,49,33,50,158,48*66
$GAGSV,2,1,08,04,38,252,43,06,14,243,35,10,44,316,47,12,68,300,47*65
$GAGSV,2,2,08,14,00,000,30,19,70,353,45,28,62,269,49,33,50,158,48*66
$GAGSV,2,1,08,04,38,252,43,06,14,243,35,10,44,316,47,12,68,300,47*65
$GAGSV,2,2,08,14,00,000,30,19,70,353,45,28,62,269,49,33,50,158,48*66
$GAGSV,2,1,08,04,38,252,43,06,14,243,35,10,44,316,47,12,68,300,47*65
$GAGSV,2,2,08,14,00,000,29,19,70,353,45,28,62,269,49,33,50,158,47*61
$GAGSV,2,1,08,04,38,252,43,06,14,243,35,10,44,316,47,12,68,300,47*65
$GAGSV,2,2,08,14,00,000,29,19,70,353,45,28,62,269,49,33,50,158,47*61
$GAGSV,2,1,08,04,38,252,43,06,14,243,35,10,44,316,47,12,68,300,47*65
$GAGSV,2,2,08,14,00,000,29,19,70,353,45,28,62,269,49,33,50,158,47*61
$GAGSV,2,1,08,04,38,252,43,06,14,243,35,10,44,316,47,12,68,300,47*65
$GAGSV,2,2,08,14,00,000,29,19,70,353,45,28,62,269,49,33,50,158,47*61
$GAGSV,2,1,08,04,38,252,43,06,14,243,35,10,44,316,47,12,68,300,47*65
$GAGSV,2,2,08,14,00,000,28,19,70,353,45,28,62,269,49,33,50,158,47*60
$GAGSV,2,1,08,04,38,252,43,06,14,243,34,10,44,316,47,12,68,300,47*64
$GAGSV,2,2,08,14,00,000,28,19,70,353,45,28,62,269,49,33,50,158,47*60
$GAGSV,2,1,08,04,38,252,43,06,14,243,34,10,44,316,47,12,68,300,47*64
$GAGSV,2,2,08,14,00,000,28,19,70,353,45,28,62,269,49,33,50,158,47*60
$GAGSV,2,1,08,04,38,252,43,06,14,243,33,10,44,316,47,12,68,300,47*63
$GAGSV,2,2,08,14,00,000,29,19,70,353,45,28,62,269,49,33,50,158,47*61
$GAGSV,2,1,08,04,38,252,43,06,14,243,33,10,44,316,47,12,68,300,47*63
$GAGSV,2,2,08,14,00,000,29,19,70,353,45,28,62,269,49,33,50,158,48*6E
$GAGSV,2,1,07,04,38,252,43,06,14,243,33,10,44,316,47,12,68,300,47*6C
$GAGSV,2,2,07,19,70,353,45,28,62,269,49,33,50,158,48,,,,*5F
$GAGSV,2,1,07,04,38,252,43,06,14,243,33,10,44,316,47,12,68,300,47*6C
$GAGSV,2,2,07,19,70,353,45,28,62,269,49,33,50,158,48,,,,*5F
$GAGSV,2,1,07,04,38,252,43,06,14,243,33,10,44,316,47,12,68,300,47*6C
$GAGSV,2,2,07,19,70,353,45,28,62,269,49,33,50,158,48,,,,*5F
$GAGSV,2,1,07,04,38,252,43,06,14,243,33,10,44,316,47,12,68,300,47*6C
$GAGSV,2,2,07,19,70,353,45,28,62,269,49,33,50,158,48,,,,*5F
$GAGSV,2,1,07,04,38,252,43,06,14,243,33,10,44,316,47,12,68,300,47*6C
$GAGSV,2,2,07,19,70,353,45,28,62,269,49,33,50,158,48,,,,*5F
$GAGSV,2,1,07,04,38,252,43,06,14,243,33,10,44,316,47,12,68,300,47*6C
$GAGSV,2,2,07,19,70,353,45,28,62,269,49,33,50,158,47,,,,*50
$GAGSV,2,1,07,04,38,252,43,06,14,243,33,10,44,316,47,12,68,300,47*6C
$GAGSV,2,2,07,19,70,353,45,28,62,269,49,33,50,158,47,,,,*50
$GAGSV,2,1,07,04,38,252,43,06,14,243,33,10,44,316,47,12,68,300,47*6C
$GAGSV,2,2,07,19,70,353,45,28,62,269,49,33,50,158,47,,,,*50
$GAGSV,2,1,07,04,38,252,43,06,14,243,34,10,44,316,47,12,68,300,47*6B
$GAGSV,2,2,07,19,70,353,45,28,62,269,49,33,50,158,47,,,,*50
$GAGSV,2,1,07,04,38,252,43,06,14,243,33,10,44,316,47,12,68,300,47*6C
$GAGSV,2,2,07,19,70,353,45,28,62,269,49,33,50,158,47,,,,*50
$GAGSV,2,1,07,04,38,252,43,06,14,243,33,10,44,316,47,12,68,300,47*6C
$GAGSV,2,2,07,19,70,353,46,28,62,269,49,33,50,158,47,,,,*53
$GAGSV,2,1,07,04,38,252,43,06,14,243,33,10,44,316,47,12,68,300,47*6C
$GAGSV,2,2,07,19,70,353,46,28,62,269,49,33,50,158,47,,,,*53
$GAGSV,2,1,07,04,38,252,43,06,14,243,33,10,44,316,47,12,68,300,47*6C
$GAGSV,2,2,07,19,70,353,46,28,62,269,49,33,50,158,47,,,,*53
$GAGSV,2,1,07,04,38,252,43,06,14,243,33,10,44,316,47,12,68,300,47*6C
$GAGSV,2,2,07,19,70,353,46,28,62,269,49,33,50,158,47,,,,*53
$GAGSV,2,1,07,04,38,252,43,06,14,243,34,10,44,316,47,12,68,300,47*6B
$GAGSV,2,2,07,19,70,353,46,28,62,269,49,33,50,158,47,,,,*53
$GAGSV,2,1,07,04,38,252,43,06,14,243,34,10,44,316,47,12,68,300,47*6B
$GAGSV,2,2,07,19,70,353,46,28,62,269,49,33,50,158,47,,,,*53
$GAGSV,2,1,07,04,38,252,43,06,14,243,34,10,44,316,47,12,68,300,47*6B
$GAGSV,2,2,07,19,70,353,46,28,62,269,49,33,50,158,47,,,,*53
$GAGSV,2,1,07,04,38,252,43,06,14,243,34,10,44,316,47,12,68,300,46*6A
$GAGSV,2,2,07,19,70,353,45,28,62,269,49,33,50,158,47,,,,*50
$GAGSV,2,1,07,04,38,252,43,06,14,243,34,10,44,316,47,12,68,300,46*6A
$GAGSV,2,2,07,19,70,353,45,28,62,269,49,33,50,158,47,,,,*50
$GAGSV,2,1,07,04,38,252,43,06,14,243,34,10,44,316,47,12,68,300,46*6A
$GAGSV,2,2,07,19,70,353,45,28,62,269,49,33,50,158,47,,,,*50
$GAGSV,2,1,07,04,38,252,43,06,14,243,34,10,44,316,47,12,68,300,46*6A
$GAGSV,2,2,07,19,70,353,45,28,62,269,49,33,50,158,47,,,,*50
$GAGSV,2,1,07,04,38,252,43,06,14,243,34,10,44,316,47,12,68,300,46*6A
$GAGSV,2,2,07,19,70,353,45,28,62,269,49,33,50,158,47,,,,*50
$GAGSV,2,1,07,04,38,252,43,06,14,243,34,10,44,316,47,12,68,300,46*6A
$GAGSV,2,2,07,19,70,353,45,28,62,269,49,33,50,158,47,,,,*50
$GAGSV,2,1,07,04,38,252,43,06,14,243,34,10,44,316,47,12,68,300,47*6B
$GAGSV,2,2,07,19,70,353,46,28,62,269,49,33,50,159,47,,,,*52
$GAGSV,2,1,07,04,38,252,43,06,14,243,34,10,44,316,47,12,68,300,47*6B
$GAGSV,2,2,07,19,70,353,46,28,62,269,49,33,50,159,47,,,,*52
$GAGSV,2,1,07,04,38,252,43,06,14,243,34,10,44,316,47,12,68,300,47*6B
$GAGSV,2,2,07,19,70,353,46,28,62,269,49,33,50,159,47,,,,*52
$GAGSV,2,1,07,04,38,252,43,06,14,243,34,10,44,316,47,12,68,300,47*6B
$GAGSV,2,2,07,19,70,353,46,28,62,269,49,33,50,159,47,,,,*52
$GAGSV,2,1,07,04,38,252,43,06,14,243,34,10,44,316,47,12,68,300,47*6B
$GAGSV,2,2,07,19,70,353,46,28,62,269,49,33,50,159,47,,,,*52
$GAGSV,2,1,07,04,38,252,43,06,14,243,34,10,44,316,47,12,68,300,47*6B
$GAGSV,2,2,07,19,70,353,46,28,62,269,49,33,50,159,47,,,,*52
$GAGSV,2,1,07,04,38,252,43,06,14,243,34,10,44,316,47,12,68,300,47*6B
$GAGSV,2,2,07,19,70,353,46,28,62,269,49,33,50,159,47,,,,*52
$GAGSV,2,1,07,04,38,252,43,06,14,243,34,10,44,316,47,12,68,300,47*6B
$GAGSV,2,2,07,19,70,353,46,28,62,269,49,33,50,159,47,,,,*52
$GAGSV,2,1,07,04,38,252,43,06,14,243,34,10,44,316,47,12,68,300,47*6B
$GAGSV,2,2,07,19,70,353,45,28,62,269,49,33,50,159,47,,,,*51
$GAGSV,2,1,07,04,38,252,43,06,14,243,34,10,44,316,47,12,68,300,47*6B
$GAGSV,2,2,07,19,70,353,45,28,62,269,49,33,50,159,47,,,,*51
$GAGSV,2,1,07,04,38,252,43,06,14,243,34,10,44,316,47,12,68,300,47*6B
$GAGSV,2,2,07,19,70,353,45,28,62,269,49,33,50,159,47,,,,*51
$GAGSV,2,1,07,04,38,252,43,06,14,243,34,10,44,316,47,12,68,300,47*6B
$GAGSV,2,2,07,19,70,353,45,28,62,269,49,33,50,159,47,,,,*51
$GAGSV,2,1,07,04,38,252,43,06,14,243,34,10,44,316,47,12,68,300,47*6B
$GAGSV,2,2,07,19,70,353,45,28,62,269,49,33,50,159,47,,,,*51
$GAGSV,2,1,07,04,38,252,43,06,14,243,34,10,44,316,47,12,68,300,47*6B
$GAGSV,2,2,07,19,70,353,45,28,62,269,49,33,50,159,47,,,,*51
$GAGSV,2,1,07,04,38,252,43,06,14,243,33,10,44,316,47,12,68,300,47*6C
$GAGSV,2,2,07,19,70,353,45,28,62,269,49,33,50,159,47,,,,*51
$GAGSV,2,1,07,04,38,252,43,06,14,243,33,10,44,316,47,12,68,300,47*6C
$GAGSV,2,2,07,19,70,353,45,28,62,269,49,33,50,159,47,,,,*51
$GAGSV,2,1,07,04,38,252,43,06,14,243,33,10,44,316,47,12,68,300,47*6C
$GAGSV,2,2,07,19,70,353,45,28,62,269,49,33,50,159,47,,,,*51
$GAGSV,2,1,07,04,38,252,43,06,14,243,34,10,44,316,47,12,68,300,47*6B
$GAGSV,2,2,07,19,70,353,45,28,62,269,49,33,50,159,47,,,,*51
$GAGSV,2,1,07,04,38,252,43,06,14,243,34,10,44,316,47,12,68,300,47*6B
$GAGSV,2,2,07,19,70,353,45,28,62,269,49,33,50,159,47,,,,*51
$GAGSV,2,1,07,04,38,252,43,06,14,243,34,10,44,316,47,12,68,300,47*6B
$GAGSV,2,2,07,19,70,353,45,28,62,269,49,33,50,159,47,,,,*51
$GAGSV,2,1,07,04,38,252,44,06,14,243,34,10,44,316,47,12,68,300,47*6C
$GAGSV,2,2,07,19,70,353,45,28,62,269,49,33,50,159,47,,,,*51
$GAGSV,2,1,07,04,38,252,43,06,14,243,34,10,44,316,47,12,68,300,47*6B
$GAGSV,2,2,07,19,70,353,45,28,62,269,49,33,50,159,47,,,,*51
$GAGSV,2,1,07,04,38,252,43,06,14,243,35,10,44,316,47,12,68,300,47*6A
$GAGSV,2,2,07,19,70,353,45,28,62,269,49,33,50,159,47,,,,*51
$GAGSV,2,1,07,04,38,252,43,06,14,243,34,10,44,316,47,12,68,300,47*6B
$GAGSV,2,2,07,19,70,353,45,28,62,269,49,33,50,159,47,,,,*51
$GAGSV,2,1,07,04,38,252,43,06,14,243,34,10,44,316,47,12,68,300,47*6B
$GAGSV,2,2,07,19,70,353,45,28,62,269,49,33,50,159,47,,,,*51
$GAGSV,2,1,07,04,38,252,43,06,14,243,34,10,44,316,47,12,68,300,47*6B
$GAGSV,2,2,07,19,70,353,46,28,62,269,49,33,50,159,47,,,,*52
$GAGSV,2,1,07,04,38,252,43,06,14,243,34,10,44,316,47,12,68,300,47*6B
$GAGSV,2,2,07,19,70,353,46,28,62,269,49,33,50,159,47,,,,*52
$GAGSV,2,1,07,04,38,252,44,06,14,243,34,10,44,316,47,12,68,300,47*6C
$GAGSV,2,2,07,19,70,353,46,28,62,269,49,33,50,159,47,,,,*52
$GAGSV,2,1,07,04,38,252,44,06,14,243,34,10,44,316,47,12,68,300,47*6C
$GAGSV,2,2,07,19,70,353,46,28,62,269,49,33,50,159,47,,,,*52
$GAGSV,2,1,07,04,38,252,43,06,14,243,34,10,44,316,47,12,68,300,47*6B
$GAGSV,2,2,07,19,70,353,46,28,62,269,49,33,50,159,47,,,,*52
$GAGSV,2,1,07,04,38,252,43,06,14,243,33,10,44,316,47,12,68,300,47*6C
$GAGSV,2,2,07,19,70,353,46,28,62,269,49,33,50,159,47,,,,*52
$GAGSV,2,1,07,04,38,252,43,06,14,243,33,10,44,316,47,12,68,300,47*6C
$GAGSV,2,2,07,19,70,353,46,28,62,269,49,33,50,159,47,,,,*52
$GAGSV,2,1,07,04,38,252,43,06,14,243,33,10,44,316,47,12,68,300,47*6C
$GAGSV,2,2,07,19,70,353,46,28,62,269,49,33,50,159,47,,,,*52
$GAGSV,2,1,07,04,38,252,43,06,14,243,33,10,44,316,47,12,68,300,47*6C
$GAGSV,2,2,07,19,70,353,46,28,62,269,49,33,50,159,47,,,,*52
$GAGSV,2,1,07,04,38,252,43,06,14,243,34,10,44,316,47,12,68,300,47*6B
$GAGSV,2,2,07,19,70,353,46,28,62,269,49,33,50,159,47,,,,*52
$GAGSV,2,1,07,04,38,252,43,06,14,243,34,10,44,316,47,12,68,300,47*6B
$GAGSV,2,2,07,19,70,353,45,28,62,269,49,33,50,159,47,,,,*51
$GAGSV,2,1,07,04,38,252,43,06,14,243,34,10,44,316,47,12,68,300,47*6B
$GAGSV,2,2,07,19,70,353,45,28,62,269,49,33,50,159,47,,,,*51
$GAGSV,2,1,07,04,38,252,43,06,14,243,33,10,44,316,47,12,68,300,47*6C
$GAGSV,2,2,07,19,70,353,45,28,62,269,49,33,50,159,47,,,,*51
$GAGSV,2,1,07,04,38,252,43,06,14,243,33,10,44,316,47,12,68,300,46*6D
$GAGSV,2,2,07,19,70,353,46,28,62,269,49,33,50,159,47,,,,*52
$GAGSV,2,1,07,04,38,252,43,06,14,243,33,10,44,316,47,12,68,300,46*6D
$GAGSV,2,2,07,19,70,353,46,28,62,269,49,33,50,159,47,,,,*52
$GAGSV,2,1,07,04,38,252,43,06,14,243,32,10,44,316,47,12,68,300,46*6C
$GAGSV,2,2,07,19,70,353,46,28,62,269,49,33,50,159,47,,,,*52
$GAGSV,2,1,07,04,38,252,43,06,14,243,32,10,44,316,47,12,68,300,46*6C
$GAGSV,2,2,07,19,70,353,46,28,62,269,49,33,50,159,47,,,,*52
$GAGSV,2,1,07,04,38,252,43,06,14,243,32,10,44,316,47,12,68,300,46*6C
$GAGSV,2,2,07,19,70,353,46,28,62,269,49,33,50,159,47,,,,*52
$GAGSV,2,1,07,04,38,252,43,06,14,243,32,10,44,316,47,12,68,300,46*6C
$GAGSV,2,2,07,19,70,353,46,28,62,269,49,33,50,159,47,,,,*52
$GAGSV,2,1,07,04,38,252,43,06,14,243,31,10,44,316,47,12,68,300,46*6F
$GAGSV,2,2,07,19,70,353,46,28,62,269,49,33,50,159,47,,,,*52
$GAGSV,2,1,07,04,38,252,43,06,14,243,31,10,44,316,47,12,68,300,46*6F
$GAGSV,2,2,07,19,70,353,45,28,62,269,49,33,50,159,47,,,,*51
$GAGSV,2,1,07,04,38,252,43,06,14,243,31,10,44,316,47,12,68,300,46*6F
$GAGSV,2,2,07,19,70,353,45,28,62,269,49,33,50,159,47,,,,*51
$GAGSV,2,1,07,04,38,252,43,06,14,243,31,10,44,316,47,12,68,300,46*6F
$GAGSV,2,2,07,19,70,353,45,28,62,269,49,33,50,159,47,,,,*51
$GAGSV,2,1,07,04,38,252,43,06,14,243,32,10,44,316,47,12,68,300,46*6C
$GAGSV,2,2,07,19,70,353,46,28,62,269,49,33,50,159,47,,,,*52
$GAGSV,2,1,07,04,38,252,43,06,14,243,33,10,44,316,47,12,68,300,46*6D
$GAGSV,2,2,07,19,70,353,46,28,62,269,49,33,50,159,47,,,,*52
$GAGSV,2,1,07,04,38,252,43,06,14,243,33,10,44,316,47,12,68,300,46*6D
$GAGSV,2,2,07,19,70,353,46,28,62,269,49,33,50,159,47,,,,*52
$GAGSV,2,1,07,04,38,252,43,06,14,243,33,10,44,316,47,12,68,300,46*6D
$GAGSV,2,2,07,19,70,353,46,28,62,269,49,33,50,159,47,,,,*52
$GAGSV,2,1,07,04,38,252,43,06,14,243,34,10,44,316,47,12,68,300,46*6A
$GAGSV,2,2,07,19,70,353,46,28,62,269,49,33,50,159,47,,,,*52
$GAGSV,2,1,07,04,38,252,43,06,14,243,34,10,44,316,47,12,68,300,46*6A
$GAGSV,2,2,07,19,70,353,45,28,62,269,49,33,50,159,47,,,,*51
$GAGSV,2,1,07,04,38,252,43,06,14,243,35,10,44,316,47,12,68,300,46*6B
$GAGSV,2,2,07,19,70,353,45,28,62,269,48,33,50,159,47,,,,*50
$GAGSV,2,1,07,04,38,252,43,06,14,243,35,10,44,316,47,12,68,300,46*6B
$GAGSV,2,2,07,19,70,353,45,28,62,269,48,33,50,159,47,,,,*50
$GAGSV,2,1,07,04,38,252,43,06,14,243,35,10,44,316,47,12,68,300,46*6B
$GAGSV,2,2,07,19,70,353,45,28,62,269,48,33,50,159,47,,,,*50
$GAGSV,2,1,07,04,38,252,43,06,14,243,35,10,44,316,47,12,68,300,46*6B
$GAGSV,2,2,07,19,70,353,45,28,62,269,48,33,50,159,47,,,,*50
$GAGSV,2,1,07,04,38,252,43,06,14,243,36,10,44,316,47,12,68,300,46*68
$GAGSV,2,2,07,19,70,353,45,28,62,269,49,33,50,159,47,,,,*51
$GAGSV,2,1,07,04,38,252,43,06,14,243,35,10,44,316,47,12,68,300,46*6B
$GAGSV,2,2,07,19,70,353,45,28,62,269,49,33,50,159,47,,,,*51
$GAGSV,2,1,07,04,38,252,43,06,14,243,35,10,44,316,47,12,68,300,46*6B
$GAGSV,2,2,07,19,70,353,45,28,62,269,49,33,50,159,47,,,,*51
$GAGSV,2,1,07,04,38,252,43,06,14,243,36,10,44,316,47,12,68,300,46*68
$GAGSV,2,2,07,19,70,353,45,28,62,269,49,33,50,159,47,,,,*51
$GAGSV,2,1,07,04,38,252,43,06,14,243,35,10,44,316,47,12,68,300,46*6B
$GAGSV,2,2,07,19,70,353,45,28,62,269,49,33,50,159,47,,,,*51
$GAGSV,2,1,07,04,38,252,43,06,14,243,35,10,44,316,47,12,68,300,47*6A
$GAGSV,2,2,07,19,70,353,45,28,62,269,49,33,50,159,47,,,,*51
$GAGSV,2,1,07,04,38,252,43,06,14,243,35,10,44,316,47,12,68,300,47*6A
$GAGSV,2,2,07,19,70,353,45,28,62,269,49,33,50,159,47,,,,*51
$GAGSV,2,1,07,04,38,252,43,06,14,243,35,10,44,316,47,12,68,299,47*6B
$GAGSV,2,2,07,19,70,354,45,28,62,269,49,33,50,159,47,,,,*56
$GAGSV,2,1,07,04,38,252,43,06,14,243,35,10,44,316,47,12,68,299,47*6B
$GAGSV,2,2,07,19,70,354,45,28,62,269,49,33,50,159,47,,,,*56
$GAGSV,2,1,07,04,38,252,43,06,14,243,35,10,44,316,47,12,68,299,46*6A
$GAGSV,2,2,07,19,70,354,45,28,62,269,49,33,50,159,47,,,,*56
$GAGSV,2,1,07,04,38,252,43,06,14,243,35,10,44,316,47,12,68,299,47*6B
$GAGSV,2,2,07,19,70,354,45,28,62,269,49,33,50,159,47,,,,*56
$GAGSV,2,1,07,04,38,252,44,06,14,243,35,10,44,316,47,12,68,299,47*6C
$GAGSV,2,2,07,19,70,354,45,28,62,269,49,33,50,159,47,,,,*56
$GAGSV,2,1,07,04,38,252,44,06,14,243,35,10,44,316,47,12,68,299,47*6C
$GAGSV,2,2,07,19,70,354,45,28,62,269,49,33,50,159,47,,,,*56
$GAGSV,2,1,07,04,38,252,44,06,14,243,35,10,44,316,47,12,68,299,47*6C
$GAGSV,2,2,07,19,70,354,45,28,62,269,49,33,50,159,47,,,,*56
$GAGSV,2,1,07,04,38,252,44,06,14,243,34,10,44,316,47,12,68,299,47*6D
$GAGSV,2,2,07,19,70,354,45,28,62,269,49,33,50,159,47,,,,*56
$GAGSV,2,1,07,04,38,252,44,06,14,243,33,10,44,316,47,12,68,299,47*6A
$GAGSV,2,2,07,19,70,354,45,28,62,269,49,33,50,159,47,,,,*56
$GAGSV,2,1,07,04,38,252,44,06,14,243,32,10,44,316,47,12,68,299,47*6B
$GAGSV,2,2,07,19,70,354,45,28,62,269,49,33,50,159,47,,,,*56
$GAGSV,2,1,07,04,38,252,44,06,14,243,32,10,44,316,47,12,68,299,46*6A
$GAGSV,2,2,07,19,70,354,45,28,62,269,49,33,50,159,47,,,,*56
$GAGSV,2,1,07,04,38,252,44,06,14,243,32,10,44,316,47,12,68,299,46*6A
$GAGSV,2,2,07,19,70,354,45,28,62,269,49,33,50,159,47,,,,*56
$GAGSV,2,1,07,04,38,252,44,06,14,243,32,10,44,316,47,12,68,299,46*6A
$GAGSV,2,2,07,19,70,354,45,28,62,269,49,33,50,159,47,,,,*56
$GAGSV,2,1,07,04,38,252,44,06,14,243,32,10,44,316,47,12,68,299,46*6A
$GAGSV,2,2,07,19,70,354,45,28,62,269,49,33,50,159,47,,,,*56
$GAGSV,2,1,07,04,38,252,44,06,14,243,32,10,44,316,47,12,68,299,46*6A
$GAGSV,2,2,07,19,70,354,45,28,62,269,49,33,50,159,47,,,,*56
$GAGSV,2,1,07,04,38,252,44,06,14,243,32,10,44,316,47,12,68,299,46*6A
$GAGSV,2,2,07,19,70,354,45,28,62,269,49,33,50,159,47,,,,*56
$GAGSV,2,1,07,04,38,252,44,06,14,243,32,10,44,316,47,12,68,299,46*6A
$GAGSV,2,2,07,19,70,354,45,28,62,269,49,33,50,159,47,,,,*56
$GAGSV,2,1,07,04,38,252,44,06,14,243,32,10,44,316,47,12,68,299,47*6B
$GAGSV,2,2,07,19,70,354,45,28,62,269,49,33,50,159,47,,,,*56
$GAGSV,2,1,07,04,38,252,44,06,14,243,33,10,44,316,47,12,68,299,47*6A
$GAGSV,2,2,07,19,70,354,45,28,62,269,49,33,50,159,47,,,,*56
$GAGSV,2,1,07,04,38,252,44,06,14,243,33,10,44,316,47,12,68,299,47*6A
$GAGSV,2,2,07,19,70,354,45,28,62,269,49,33,50,159,47,,,,*56
$GAGSV,2,1,07,04,38,252,44,06,14,243,31,10,44,316,47,12,68,299,47*68
$GAGSV,2,2,07,19,70,354,46,28,62,269,49,33,50,159,47,,,,*55
$GAGSV,2,1,07,04,38,252,44,06,14,243,31,10,44,316,47,12,68,299,47*68
$GAGSV,2,2,07,19,70,354,46,28,62,269,49,33,50,159,47,,,,*55
$GAGSV,2,1,07,04,38,252,44,06,14,243,31,10,44,316,47,12,68,299,47*68
$GAGSV,2,2,07,19,70,354,46,28,62,269,49,33,50,159,47,,,,*55
$GAGSV,2,1,07,04,38,252,44,06,14,243,31,10,44,316,47,12,68,299,47*68
$GAGSV,2,2,07,19,70,354,46,28,62,269,49,33,50,159,47,,,,*55
$GAGSV,2,1,07,04,38,252,44,06,14,243,31,10,44,316,47,12,68,299,47*68
$GAGSV,2,2,07,19,70,354,46,28,62,269,49,33,50,159,47,,,,*55
$GAGSV,2,1,07,04,38,252,44,06,14,243,31,10,44,316,47,12,68,299,47*68
$GAGSV,2,2,07,19,70,354,46,28,62,269,49,33,50,159,47,,,,*55
$GAGSV,2,1,07,04,38,252,44,06,14,243,31,10,44,316,47,12,68,299,47*68
$GAGSV,2,2,07,19,70,354,46,28,62,269,49,33,50,159,47,,,,*55
$GAGSV,2,1,07,04,38,252,44,06,14,243,30,10,44,316,47,12,68,299,47*69
$GAGSV,2,2,07,19,70,354,46,28,62,269,49,33,50,159,47,,,,*55
$GAGSV,2,1,07,04,38,252,44,06,14,243,30,10,44,316,47,12,68,299,47*69
$GAGSV,2,2,07,19,70,354,46,28,62,269,49,33,50,159,47,,,,*55
$GAGSV,2,1,07,04,38,252,44,06,14,243,30,10,44,316,47,12,68,299,47*69
$GAGSV,2,2,07,19,70,354,46,28,62,269,49,33,50,159,47,,,,*55
$GAGSV,2,1,07,04,38,252,44,06,14,243,30,10,44,316,47,12,68,299,47*69
$GAGSV,2,2,07,19,70,354,46,28,62,269,49,33,50,159,47,,,,*55
$GAGSV,2,1,07,04,38,252,44,06,14,243,31,10,44,316,47,12,68,299,47*68
$GAGSV,2,2,07,19,70,354,45,28,62,269,49,33,50,159,47,,,,*56
$GAGSV,2,1,07,04,38,252,44,06,14,243,31,10,44,316,47,12,68,299,47*68
$GAGSV,2,2,07,19,70,354,45,28,62,269,49,33,50,159,47,,,,*56
$GAGSV,2,1,07,04,38,252,44,06,14,243,31,10,44,316,47,12,68,299,47*68
$GAGSV,2,2,07,19,70,354,45,28,62,269,49,33,50,159,47,,,,*56
$GAGSV,2,1,07,04,38,252,44,06,14,243,30,10,44,316,47,12,68,299,47*69
$GAGSV,2,2,07,19,70,354,45,28,62,269,49,33,50,159,47,,,,*56
$GAGSV,2,1,07,04,38,252,44,06,14,243,30,10,44,316,47,12,68,299,47*69
$GAGSV,2,2,07,19,70,354,45,28,62,269,49,33,50,159,47,,,,*56
$GAGSV,2,1,07,04,38,252,43,06,14,243,31,10,44,316,47,12,68,299,46*6E
$GAGSV,2,2,07,19,70,354,45,28,62,269,49,33,50,159,47,,,,*56
$GAGSV,2,1,07,04,38,252,43,06,14,243,31,10,44,316,47,12,68,299,46*6E
$GAGSV,2,2,07,19,70,354,45,28,62,269,49,33,50,159,47,,,,*56
$GAGSV,2,1,07,04,38,252,43,06,14,243,32,10,44,316,47,12,68,299,46*6D
$GAGSV,2,2,07,19,70,354,45,28,62,269,49,33,50,159,47,,,,*56
$GAGSV,2,1,07,04,38,252,43,06,14,243,32,10,44,316,47,12,68,299,46*6D
$GAGSV,2,2,07,19,70,354,45,28,62,269,49,33,50,159,47,,,,*56
$GAGSV,2,1,07,04,38,252,43,06,14,243,31,10,44,316,47,12,68,299,46*6E
$GAGSV,2,2,07,19,70,354,45,28,62,269,49,33,50,159,47,,,,*56
$GAGSV,2,1,07,04,38,252,43,06,14,243,31,10,44,316,47,12,68,299,46*6E
$GAGSV,2,2,07,19,70,354,45,28,62,269,49,33,50,159,47,,,,*56
$GAGSV,2,1,07,04,38,252,43,06,14,243,31,10,44,316,47,12,68,299,46*6E
$GAGSV,2,2,07,19,70,354,46,28,62,269,49,33,50,159,47,,,,*55
$GAGSV,2,1,07,04,38,252,43,06,14,243,31,10,44,316,47,12,68,299,47*6F
$GAGSV,2,2,07,19,70,354,46,28,62,269,49,33,50,159,47,,,,*55
$GAGSV,2,1,07,04,38,252,43,06,14,243,32,10,44,316,47,12,68,299,47*6C
$GAGSV,2,2,07,19,70,354,46,28,62,269,49,33,50,159,47,,,,*55
$GAGSV,2,1,07,04,38,252,43,06,14,243,32,10,44,316,47,12,68,299,47*6C
$GAGSV,2,2,07,19,70,354,45,28,62,269,49,33,50,159,47,,,,*56
$GAGSV,2,1,07,04,38,252,43,06,14,243,32,10,44,316,47,12,68,299,47*6C
$GAGSV,2,2,07,19,70,354,45,28,62,269,49,33,50,159,48,,,,*59
$GAGSV,2,1,07,04,38,252,43,06,14,243,32,10,44,316,47,12,68,299,47*6C
$GAGSV,2,2,07,19,70,354,45,28,62,269,49,33,50,159,48,,,,*59
$GAGSV,2,1,07,04,38,252,43,06,14,243,32,10,44,316,47,12,68,299,46*6D
$GAGSV,2,2,07,19,70,354,45,28,62,269,49,33,50,159,48,,,,*59
$GAGSV,2,1,07,04,38,252,43,06,14,243,32,10,44,316,47,12,68,299,46*6D
$GAGSV,2,2,07,19,70,354,45,28,62,269,49,33,50,159,47,,,,*56
$GAGSV,2,1,07,04,38,252,43,06,14,243,32,10,44,316,47,12,68,299,46*6D
$GAGSV,2,2,07,19,70,354,45,28,62,269,49,33,50,159,47,,,,*56
$GAGSV,2,1,07,04,38,252,43,06,14,243,31,10,44,316,47,12,68,299,46*6E
$GAGSV,2,2,07,19,70,354,45,28,62,269,49,33,50,159,47,,,,*56
$GAGSV,2,1,07,04,38,252,43,06,14,243,31,10,44,316,47,12,68,299,47*6F
$GAGSV,2,2,07,19,70,354,45,28,62,269,49,33,50,159,47,,,,*56
$GAGSV,2,1,07,04,38,252,43,06,14,243,32,10,44,316,47,12,68,299,47*6C
$GAGSV,2,2,07,19,70,354,45,28,62,269,49,33,50,159,47,,,,*56
$GAGSV,2,1,07,04,38,252,43,06,14,243,32,10,44,316,47,12,68,299,47*6C
$GAGSV,2,2,07,19,70,354,45,28,62,269,49,33,50,159,47,,,,*56
$GAGSV,2,1,07,04,38,252,43,06,14,243,33,10,44,316,47,12,68,299,47*6D
$GAGSV,2,2,07,19,70,354,45,28,62,269,49,33,50,159,47,,,,*56
$GAGSV,2,1,07,04,38,252,43,06,14,243,33,10,44,316,47,12,68,299,47*6D
$GAGSV,2,2,07,19,70,354,45,28,62,269,49,33,50,159,47,,,,*56
$GAGSV,2,1,07,04,38,252,43,06,14,243,33,10,44,316,47,12,68,299,47*6D
$GAGSV,2,2,07,19,70,354,45,28,62,269,49,33,50,159,47,,,,*56
$GAGSV,2,1,07,04,38,252,43,06,14,243,33,10,44,316,47,12,68,299,47*6D
$GAGSV,2,2,07,19,70,354,45,28,62,269,49,33,50,159,47,,,,*56
$GAGSV,2,1,07,04,38,252,43,06,14,243,33,10,44,316,47,12,68,299,47*6D
$GAGSV,2,2,07,19,70,354,45,28,62,269,49,33,50,159,47,,,,*56
$GAGSV,2,1,07,04,38,252,43,06,14,243,33,10,44,316,47,12,68,299,47*6D
$GAGSV,2,2,07,19,70,354,45,28,62,269,49,33,50,159,48,,,,*59
$GAGSV,2,1,07,04,38,252,43,06,14,243,33,10,44,316,46,12,68,299,47*6C
$GAGSV,2,2,07,19,70,354,45,28,62,269,49,33,50,159,47,,,,*56
$GAGSV,2,1,07,04,38,252,43,06,14,243,33,10,44,316,46,12,68,299,47*6C
$GAGSV,2,2,07,19,70,354,45,28,62,269,49,33,50,159,47,,,,*56
$GAGSV,2,1,07,04,38,252,43,06,14,243,33,10,44,316,46,12,68,299,47*6C
$GAGSV,2,2,07,19,70,354,45,28,62,269,49,33,50,159,47,,,,*56
$GAGSV,2,1,07,04,38,252,43,06,14,243,33,10,44,316,46,12,68,299,47*6C
$GAGSV,2,2,07,19,70,354,45,28,62,269,49,33,50,159,47,,,,*56
$GAGSV,2,1,07,04,38,252,43,06,14,243,35,10,44,316,46,12,68,299,47*6A
$GAGSV,2,2,07,19,70,354,45,28,62,269,49,33,50,159,47,,,,*56
$GAGSV,2,1,07,04,38,252,43,06,14,243,35,10,44,316,46,12,68,299,47*6A
$GAGSV,2,2,07,19,70,354,45,28,62,269,49,33,50,159,47,,,,*56
$GAGSV,2,1,07,04,38,252,43,06,14,243,35,10,44,316,46,12,68,299,47*6A
$GAGSV,2,2,07,19,70,354,45,28,62,269,49,33,50,159,47,,,,*56
$GAGSV,2,1,07,04,38,252,43,06,14,243,35,10,44,316,46,12,68,299,47*6A
$GAGSV,2,2,07,19,70,354,45,28,62,269,49,33,50,159,47,,,,*56
$GAGSV,2,1,07,04,38,252,43,06,14,243,35,10,44,316,47,12,68,299,47*6B
$GAGSV,2,2,07,19,70,354,45,28,62,269,49,33,50,159,47,,,,*56
$GAGSV,2,1,07,04,38,252,43,06,14,243,35,10,44,316,47,12,68,299,47*6B
$GAGSV,2,2,07,19,70,354,45,28,62,269,49,33,50,159,47,,,,*56
$GAGSV,2,1,07,04,38,252,43,06,14,243,34,10,44,316,47,12,68,299,47*6A
$GAGSV,2,2,07,19,70,354,45,28,62,269,49,33,50,159,47,,,,*56
$GAGSV,2,1,07,04,38,252,43,06,14,243,34,10,44,316,47,12,68,299,47*6A
$GAGSV,2,2,07,19,70,354,45,28,62,269,49,33,50,159,47,,,,*56
$GAGSV,2,1,07,04,38,252,44,06,14,243,33,10,44,316,47,12,68,299,47*6A
$GAGSV,2,2,07,19,70,354,45,28,62,269,49,33,50,159,47,,,,*56
$GAGSV,2,1,07,04,38,252,44,06,14,243,33,10,44,316,47,12,68,299,47*6A
$GAGSV,2,2,07,19,70,354,45,28,62,269,49,33,50,159,47,,,,*56
$GAGSV,2,1,07,04,38,252,44,06,14,243,33,10,44,316,47,12,68,299,47*6A
$GAGSV,2,2,07,19,70,354,45,28,62,269,49,33,50,159,47,,,,*56
$GAGSV,2,1,07,04,38,252,44,06,14,243,33,10,44,316,47,12,68,299,47*6A
$GAGSV,2,2,07,19,70,354,45,28,62,269,49,33,50,159,47,,,,*56
$GAGSV,2,1,07,04,38,252,44,06,14,243,33,10,44,316,47,12,68,299,47*6A
$GAGSV,2,2,07,19,70,354,45,28,62,269,49,33,50,159,47,,,,*56
$GAGSV,2,1,07,04,38,252,44,06,14,243,33,10,44,316,47,12,68,299,47*6A
$GAGSV,2,2,07,19,70,354,45,28,62,269,49,33,50,159,47,,,,*56
$GAGSV,2,1,07,04,38,252,44,06,14,243,33,10,44,316,47,12,68,299,47*6A
$GAGSV,2,2,07,19,70,354,45,28,62,269,49,33,50,159,47,,,,*56
$GAGSV,2,1,07,04,38,252,44,06,14,243,34,10,44,316,47,12,68,299,47*6D
$GAGSV,2,2,07,19,70,354,45,28,62,269,49,33,50,159,47,,,,*56
$GAGSV,2,1,07,04,38,252,44,06,14,243,34,10,44,316,47,12,68,299,47*6D
$GAGSV,2,2,07,19,70,354,45,28,62,269,49,33,50,159,47,,,,*56
$GAGSV,2,1,07,04,38,252,44,06,14,243,34,10,44,316,47,12,68,299,47*6D
$GAGSV,2,2,07,19,70,354,45,28,62,269,49,33,50,159,47,,,,*56
$GAGSV,2,1,07,04,38,252,44,06,14,243,34,10,44,316,47,12,68,299,47*6D
$GAGSV,2,2,07,19,70,354,45,28,62,269,49,33,50,159,47,,,,*56
$GAGSV,2,1,07,04,38,252,44,06,14,243,34,10,44,316,47,12,68,299,47*6D
$GAGSV,2,2,07,19,70,354,45,28,62,269,49,33,50,159,47,,,,*56
$GAGSV,2,1,07,04,38,252,44,06,14,243,34,10,44,316,47,12,68,299,47*6D
$GAGSV,2,2,07,19,70,354,45,28,62,269,49,33,50,159,47,,,,*56
$GAGSV,2,1,07,04,38,252,44,06,14,243,35,10,44,316,47,12,68,299,47*6C
$GAGSV,2,2,07,19,70,354,45,28,62,269,49,33,50,159,47,,,,*56
$GAGSV,2,1,07,04,38,252,44,06,14,243,35,10,44,316,47,12,68,299,47*6C
$GAGSV,2,2,07,19,70,354,45,28,62,269,49,33,50,159,47,,,,*56
$GAGSV,2,1,07,04,38,252,44,06,14,243,35,10,44,316,47,12,68,299,46*6D
$GAGSV,2,2,07,19,70,354,45,28,62,269,49,33,50,159,47,,,,*56
$GAGSV,2,1,07,04,38,252,44,06,14,243,34,10,44,316,47,12,68,299,46*6C
$GAGSV,2,2,07,19,70,354,45,28,62,269,49,33,50,159,47,,,,*56
$GAGSV,2,1,07,04,38,252,44,06,14,243,34,10,44,316,47,12,68,299,46*6C
$GAGSV,2,2,07,19,70,354,45,28,62,269,49,33,50,159,47,,,,*56
$GAGSV,2,1,07,04,38,252,44,06,14,243,33,10,44,316,47,12,68,299,46*6B
$GAGSV,2,2,07,19,70,354,45,28,62,269,49,33,50,159,47,,,,*56
$GAGSV,2,1,07,04,38,252,44,06,14,243,33,10,44,316,47,12,68,299,46*6B
$GAGSV,2,2,07,19,70,354,45,28,62,269,49,33,50,159,47,,,,*56
$GAGSV,2,1,07,04,38,252,44,06,14,243,32,10,44,316,47,12,68,299,47*6B
$GAGSV,2,2,07,19,70,354,45,28,62,269,49,33,50,159,47,,,,*56
$GAGSV,2,1,07,04,38,252,44,06,14,243,32,10,44,316,47,12,68,299,47*6B
$GAGSV,2,2,07,19,70,354,45,28,62,269,49,33,50,159,47,,,,*56
$GAGSV,2,1,07,04,38,252,44,06,14,243,32,10,44,316,47,12,68,299,47*6B
$GAGSV,2,2,07,19,70,354,45,28,62,269,49,33,50,159,47,,,,*56
$GAGSV,2,1,07,04,38,252,44,06,14,243,32,10,44,316,47,12,68,299,46*6A
$GAGSV,2,2,07,19,70,354,45,28,62,269,49,33,50,159,47,,,,*56
$GAGSV,2,1,07,04,38,252,44,06,14,243,32,10,44,316,47,12,68,299,46*6A
$GAGSV,2,2,07,19,70,354,45,28,62,269,49,33,50,159,47,,,,*56
$GAGSV,2,1,07,04,38,252,44,06,14,243,33,10,44,316,47,12,68,299,46*6B
$GAGSV,2,2,07,19,70,354,45,28,62,269,49,33,50,159,47,,,,*56
$GAGSV,2,1,07,04,38,252,44,06,14,243,33,10,44,316,47,12,68,299,46*6B
$GAGSV,2,2,07,19,70,354,45,28,62,269,49,33,50,159,47,,,,*56
$GAGSV,2,1,07,04,38,252,44,06,14,243,33,10,44,316,47,12,68,299,46*6B
$GAGSV,2,2,07,19,70,354,45,28,62,269,49,33,50,159,47,,,,*56
$GAGSV,2,1,07,04,38,252,44,06,14,243,33,10,44,316,47,12,68,299,46*6B
$GAGSV,2,2,07,19,70,354,45,28,62,269,49,33,50,159,47,,,,*56
$GAGSV,2,1,07,04,38,252,44,06,14,243,34,10,44,316,47,12,68,299,46*6C
$GAGSV,2,2,07,19,70,354,45,28,62,269,48,33,50,159,48,,,,*58
$GAGSV,2,1,07,04,38,252,44,06,14,243,35,10,44,316,47,12,68,299,46*6D
$GAGSV,2,2,07,19,70,354,45,28,62,269,48,33,50,159,48,,,,*58
$GAGSV,2,1,07,04,38,252,44,06,14,243,34,10,44,316,47,12,68,299,46*6C
$GAGSV,2,2,07,19,70,354,45,28,62,269,48,33,50,159,48,,,,*58
$GAGSV,2,1,07,04,38,252,44,06,14,243,34,10,44,316,47,12,68,299,47*6D
$GAGSV,2,2,07,19,70,354,45,28,62,269,48,33,50,159,48,,,,*58
$GAGSV,2,1,07,04,38,252,44,06,14,243,35,10,44,316,47,12,68,299,47*6C
$GAGSV,2,2,07,19,70,354,45,28,62,269,48,33,50,159,48,,,,*58
$GAGSV,2,1,07,04,38,252,44,06,14,243,35,10,44,316,47,12,68,299,47*6C
$GAGSV,2,2,07,19,70,354,45,28,62,269,48,33,50,159,48,,,,*58
$GAGSV,2,1,07,04,38,252,44,06,14,243,35,10,44,316,47,12,68,299,47*6C
$GAGSV,2,2,07,19,70,354,45,28,62,269,49,33,50,159,48,,,,*59
$GAGSV,2,1,07,04,38,252,44,06,14,243,35,10,44,316,47,12,68,299,47*6C
$GAGSV,2,2,07,19,70,354,45,28,62,269,49,33,50,159,48,,,,*59
$GAGSV,2,1,07,04,38,252,44,06,14,243,35,10,44,316,47,12,68,299,47*6C
$GAGSV,2,2,07,19,70,354,45,28,62,269,49,33,50,159,48,,,,*59
$GAGSV,2,1,07,04,38,252,44,06,14,243,35,10,44,316,47,12,68,299,47*6C
$GAGSV,2,2,07,19,70,354,45,28,62,269,49,33,50,159,48,,,,*59
$GAGSV,2,1,07,04,38,252,44,06,14,243,35,10,44,316,47,12,68,299,47*6C
$GAGSV,2,2,07,19,70,354,45,28,62,269,49,33,50,159,48,,,,*59
$GAGSV,2,1,07,04,38,252,44,06,14,243,35,10,44,316,47,12,68,299,47*6C
$GAGSV,2,2,07,19,70,354,45,28,62,269,49,33,50,159,48,,,,*59
$GAGSV,2,1,07,04,38,252,44,06,14,243,35,10,44,316,46,12,68,299,47*6D
$GAGSV,2,2,07,19,70,354,45,28,62,269,49,33,50,159,48,,,,*59
$GAGSV,2,1,07,04,38,252,44,06,14,243,35,10,44,316,46,12,68,299,46*6C
$GAGSV,2,2,07,19,70,354,45,28,62,269,49,33,50,159,48,,,,*59
$GAGSV,2,1,07,04,38,252,44,06,14,243,36,10,44,316,46,12,68,299,46*6F
$GAGSV,2,2,07,19,70,354,45,28,62,269,49,33,50,159,48,,,,*59
$GAGSV,2,1,07,04,38,252,44,06,14,243,36,10,44,316,47,12,68,299,46*6E
$GAGSV,2,2,07,19,70,354,45,28,62,269,49,33,50,159,48,,,,*59
$GAGSV,2,1,07,04,38,252,44,06,14,243,36,10,44,316,47,12,68,299,46*6E
$GAGSV,2,2,07,19,70,354,45,28,62,269,49,33,50,159,47,,,,*56
$GAGSV,2,1,07,04,38,252,44,06,14,243,36,10,44,316,47,12,68,299,46*6E
$GAGSV,2,2,07,19,70,354,45,28,62,269,49,33,50,159,47,,,,*56
$GAGSV,2,1,07,04,38,252,44,06,14,243,35,10,44,316,47,12,68,299,46*6D
$GAGSV,2,2,07,19,70,354,45,28,62,269,49,33,50,159,47,,,,*56
$GAGSV,2,1,07,04,38,252,44,06,14,243,35,10,44,316,47,12,68,299,46*6D
$GAGSV,2,2,07,19,70,354,45,28,62,269,49,33,50,159,47,,,,*56
$GAGSV,2,1,07,04,38,252,44,06,14,243,34,10,44,316,47,12,68,299,46*6C
$GAGSV,2,2,07,19,70,354,45,28,62,269,49,33,50,159,47,,,,*56
$GAGSV,2,1,07,04,38,252,44,06,14,243,34,10,44,316,47,12,68,299,46*6C
$GAGSV,2,2,07,19,70,354,45,28,62,269,49,33,50,159,47,,,,*56
$GAGSV,2,1,07,04,38,252,44,06,14,243,33,10,44,316,47,12,68,299,46*6B
$GAGSV,2,2,07,19,70,354,45,28,62,269,49,33,50,159,47,,,,*56
$GAGSV,2,1,07,04,38,252,44,06,14,243,33,10,44,316,47,12,68,299,46*6B
$GAGSV,2,2,07,19,70,354,45,28,62,269,49,33,50,159,47,,,,*56
$GAGSV,2,1,07,04,38,252,44,06,14,243,34,10,44,316,47,12,68,299,46*6C
$GAGSV,2,2,07,19,70,354,45,28,62,269,49,33,50,159,47,,,,*56
$GAGSV,2,1,07,04,38,252,44,06,14,243,34,10,44,316,47,12,68,299,46*6C
$GAGSV,2,2,07,19,70,354,45,28,62,269,49,33,50,159,47,,,,*56
$GAGSV,2,1,07,04,38,252,44,06,14,243,34,10,44,316,47,12,68,299,46*6C
$GAGSV,2,2,07,19,70,354,45,28,62,269,49,33,50,159,47,,,,*56
$GAGSV,2,1,07,04,38,252,44,06,14,243,34,10,44,316,47,12,68,299,46*6C
$GAGSV,2,2,07,19,70,354,45,28,62,269,49,33,50,159,47,,,,*56
$GAGSV,2,1,07,04,38,252,44,06,14,243,34,10,44,316,47,12,68,299,46*6C
$GAGSV,2,2,07,19,70,354,45,28,62,269,49,33,50,159,47,,,,*56
$GAGSV,2,1,07,04,38,252,44,06,14,243,34,10,44,316,47,12,68,299,46*6C
$GAGSV,2,2,07,19,70,354,45,28,62,269,49,33,50,159,47,,,,*56
$GAGSV,2,1,07,04,38,252,44,06,14,243,35,10,44,316,47,12,68,299,46*6D
$GAGSV,2,2,07,19,70,354,45,28,62,269,49,33,50,159,47,,,,*56
$GAGSV,2,1,07,04,38,252,44,06,14,243,35,10,44,316,47,12,68,299,46*6D
$GAGSV,2,2,07,19,70,354,45,28,62,269,49,33,50,159,47,,,,*56
$GAGSV,2,1,07,04,38,252,45,06,14,243,35,10,44,316,47,12,68,299,46*6C
$GAGSV,2,2,07,19,70,354,45,28,62,269,49,33,50,159,47,,,,*56
$GAGSV,2,1,07,04,38,252,45,06,14,243,35,10,44,316,47,12,68,299,46*6C
$GAGSV,2,2,07,19,70,354,45,28,62,269,49,33,50,159,47,,,,*56
$GAGSV,2,1,07,04,38,252,45,06,14,243,35,10,44,316,46,12,68,299,46*6D
$GAGSV,2,2,07,19,70,354,45,28,62,269,49,33,50,159,47,,,,*56
$GAGSV,2,1,07,04,38,252,45,06,14,243,35,10,44,316,46,12,68,299,46*6D
$GAGSV,2,2,07,19,70,354,45,28,62,269,49,33,50,159,47,,,,*56
$GAGSV,2,1,07,04,38,252,45,06,14,243,35,10,44,316,46,12,68,299,47*6C
$GAGSV,2,2,07,19,70,354,46,28,62,269,49,33,50,159,47,,,,*55
$GAGSV,2,1,07,04,38,252,45,06,14,243,34,10,44,316,46,12,68,299,47*6D
$GAGSV,2,2,07,19,70,354,46,28,62,269,49,33,50,159,47,,,,*55
$GAGSV,2,1,07,04,38,252,45,06,14,243,34,10,44,316,46,12,68,299,47*6D
$GAGSV,2,2,07,19,70,354,46,28,62,269,49,33,50,159,47,,,,*55
$GAGSV,2,1,07,04,38,252,45,06,14,243,33,10,44,316,46,12,68,299,47*6A
$GAGSV,2,2,07,19,70,354,46,28,62,269,49,33,50,159,47,,,,*55
$GAGSV,2,1,07,04,38,252,45,06,14,243,32,10,44,316,46,12,68,299,47*6B
$GAGSV,2,2,07,19,70,354,45,28,62,269,49,33,50,159,47,,,,*56
$GAGSV,2,1,07,04,38,252,45,06,14,243,32,10,44,316,46,12,68,299,47*6B
$GAGSV,2,2,07,19,70,354,45,28,62,269,49,33,50,159,47,,,,*56
$GAGSV,2,1,07,04,38,252,45,06,14,243,32,10,44,316,47,12,68,299,47*6A
$GAGSV,2,2,07,19,70,354,45,28,62,269,49,33,50,159,47,,,,*56
$GAGSV,2,1,07,04,38,252,45,06,14,243,32,10,44,316,47,12,68,299,47*6A
$GAGSV,2,2,07,19,70,354,45,28,62,269,49,33,50,159,48,,,,*59
$GAGSV,2,1,07,04,38,252,45,06,14,243,33,10,44,316,46,12,68,299,47*6A
$GAGSV,2,2,07,19,70,354,45,28,62,269,49,33,50,159,48,,,,*59
$GAGSV,2,1,07,04,38,252,45,06,14,243,33,10,44,316,46,12,68,299,47*6A
$GAGSV,2,2,07,19,70,354,45,28,62,269,49,33,50,159,48,,,,*59
$GAGSV,2,1,07,04,38,252,45,06,14,243,33,10,44,316,46,12,68,299,47*6A
$GAGSV,2,2,07,19,70,354,45,28,62,269,49,33,50,159,48,,,,*59
$GAGSV,2,1,07,04,38,252,45,06,14,243,33,10,44,316,46,12,68,299,47*6A
$GAGSV,2,2,07,19,70,354,45,28,62,269,49,33,50,159,48,,,,*59
$GAGSV,2,1,07,04,38,252,45,06,14,243,34,10,44,316,46,12,68,299,47*6D
$GAGSV,2,2,07,19,70,354,45,28,62,269,49,33,50,159,48,,,,*59
$GAGSV,2,1,07,04,38,252,45,06,14,243,34,10,44,316,46,12,68,299,47*6D
$GAGSV,2,2,07,19,70,354,45,28,62,269,49,33,50,159,48,,,,*59
$GAGSV,2,1,07,04,38,252,45,06,14,243,34,10,44,316,46,12,68,299,47*6D
$GAGSV,2,2,07,19,70,354,45,28,62,269,49,33,50,159,48,,,,*59
$GAGSV,2,1,07,04,38,252,46,06,14,243,34,10,44,316,46,12,68,299,47*6E
$GAGSV,2,2,07,19,70,354,45,28,62,269,49,33,50,159,48,,,,*59
$GAGSV,2,1,07,04,38,252,46,06,14,243,34,10,44,316,46,12,68,299,47*6E
$GAGSV,2,2,07,19,70,354,45,28,62,269,49,33,50,159,48,,,,*59
$GAGSV,2,1,07,04,38,252,46,06,14,243,34,10,44,316,46,12,68,299,47*6E
$GAGSV,2,2,07,19,70,354,45,28,62,269,49,33,50,159,48,,,,*59
$GAGSV,2,1,07,04,38,252,46,06,14,243,34,10,44,316,46,12,68,299,47*6E
$GAGSV,2,2,07,19,70,354,45,28,62,269,49,33,50,159,48,,,,*59
$GAGSV,2,1,07,04,38,252,46,06,14,243,34,10,44,316,46,12,68,299,47*6E
$GAGSV,2,2,07,19,70,354,45,28,62,269,49,33,50,159,48,,,,*59
$GAGSV,2,1,07,04,38,252,46,06,14,243,34,10,44,316,46,12,68,299,47*6E
$GAGSV,2,2,07,19,70,354,45,28,62,269,49,33,50,159,47,,,,*56
$GAGSV,2,1,07,04,38,252,46,06,14,243,34,10,44,316,46,12,68,299,47*6E
$GAGSV,2,2,07,19,70,354,45,28,62,269,49,33,50,159,47,,,,*56
$GAGSV,2,1,07,04,38,252,46,06,14,243,33,10,44,316,47,12,68,299,47*68
$GAGSV,2,2,07,19,70,354,45,28,62,269,49,33,50,159,47,,,,*56
$GAGSV,2,1,07,04,38,252,46,06,14,243,33,10,44,316,47,12,68,299,47*68
$GAGSV,2,2,07,19,70,354,45,28,62,269,49,33,50,159,47,,,,*56
$GAGSV,2,1,07,04,38,252,46,06,14,243,33,10,44,316,47,12,68,299,47*68
$GAGSV,2,2,07,19,70,354,45,28,62,269,49,33,50,159,47,,,,*56
$GAGSV,2,1,07,04,38,252,46,06,14,243,33,10,44,316,46,12,68,299,47*69
$GAGSV,2,2,07,19,70,354,45,28,62,269,49,33,50,159,47,,,,*56
$GAGSV,2,1,07,04,38,252,46,06,14,243,33,10,44,316,46,12,68,299,47*69
$GAGSV,2,2,07,19,70,354,45,28,62,269,49,33,50,159,47,,,,*56
$GAGSV,2,1,07,04,38,252,46,06,14,243,33,10,44,316,46,12,68,299,47*69
$GAGSV,2,2,07,19,70,354,45,28,62,269,49,33,50,159,47,,,,*56
$GAGSV,2,1,07,04,38,252,46,06,14,243,34,10,44,316,46,12,68,299,47*6E
$GAGSV,2,2,07,19,70,354,45,28,62,269,49,33,50,159,47,,,,*56
$GAGSV,2,1,07,04,38,252,46,06,14,243,34,10,44,316,47,12,68,299,47*6F
$GAGSV,2,2,07,19,70,354,45,28,62,269,49,33,50,159,47,,,,*56
$GAGSV,2,1,07,04,38,252,46,06,14,243,33,10,44,316,47,12,68,299,47*68
$GAGSV,2,2,07,19,70,354,45,28,62,269,49,33,50,159,47,,,,*56
$GAGSV,2,1,07,04,38,252,46,06,14,243,33,10,44,316,47,12,68,299,47*68
$GAGSV,2,2,07,19,70,354,45,28,62,269,49,33,50,159,47,,,,*56
$GAGSV,2,1,07,04,38,252,46,06,14,244,34,10,44,316,47,12,68,299,47*68
$GAGSV,2,2,07,19,70,354,45,28,62,269,49,33,50,159,47,,,,*56
$GAGSV,2,1,07,04,38,252,46,06,14,244,34,10,44,316,47,12,68,299,47*68
$GAGSV,2,2,07,19,70,354,45,28,62,269,49,33,50,159,47,,,,*56
$GAGSV,2,1,07,04,38,252,46,06,14,244,34,10,44,316,47,12,68,299,47*68
$GAGSV,2,2,07,19,70,354,45,28,62,269,49,33,50,159,47,,,,*56
$GAGSV,2,1,07,04,38,252,46,06,14,244,34,10,44,316,47,12,68,299,47*68
$GAGSV,2,2,07,19,70,354,45,28,62,269,49,33,50,159,47,,,,*56
$GAGSV,2,1,07,04,38,252,45,06,14,244,34,10,44,316,47,12,68,299,47*6B
$GAGSV,2,2,07,19,70,354,45,28,62,269,49,33,50,159,47,,,,*56
$GAGSV,2,1,07,04,38,252,45,06,14,244,35,10,44,316,47,12,68,299,47*6A
$GAGSV,2,2,07,19,70,354,45,28,62,269,49,33,50,159,47,,,,*56
$GAGSV,2,1,07,04,38,252,45,06,14,244,34,10,44,316,47,12,68,299,47*6B
$GAGSV,2,2,07,19,70,354,45,28,62,269,49,33,50,159,47,,,,*56
$GAGSV,2,1,07,04,38,252,46,06,14,244,35,10,44,316,47,12,68,299,47*69
$GAGSV,2,2,07,19,70,354,45,28,62,269,49,33,50,159,47,,,,*56
$GAGSV,2,1,07,04,38,252,45,06,14,244,35,10,44,316,47,12,68,299,47*6A
$GAGSV,2,2,07,19,70,354,45,28,62,269,49,33,50,159,47,,,,*56
$GAGSV,2,1,07,04,38,252,45,06,14,244,35,10,44,316,47,12,68,299,47*6A
$GAGSV,2,2,07,19,70,354,45,28,62,269,49,33,50,159,47,,,,*56
$GAGSV,2,1,07,04,38,252,45,06,14,244,35,10,44,316,47,12,68,299,47*6A
$GAGSV,2,2,07,19,70,354,45,28,62,269,49,33,50,159,47,,,,*56
$GAGSV,2,1,07,04,38,252,45,06,14,244,35,10,44,316,47,12,68,299,47*6A
$GAGSV,2,2,07,19,70,354,45,28,62,269,49,33,50,159,47,,,,*56
$GAGSV,2,1,07,04,38,252,45,06,14,244,34,10,44,316,47,12,68,299,47*6B
$GAGSV,2,2,07,19,70,354,45,28,62,269,49,33,50,159,47,,,,*56
$GAGSV,2,1,07,04,38,252,45,06,14,244,34,10,44,316,47,12,68,299,47*6B
$GAGSV,2,2,07,19,70,354,45,28,62,269,49,33,50,159,47,,,,*56
$GAGSV,2,1,07,04,38,252,45,06,14,244,34,10,44,316,47,12,68,299,47*6B
$GAGSV,2,2,07,19,70,354,45,28,62,269,49,33,50,159,47,,,,*56
$GAGSV,2,1,07,04,38,252,45,06,14,244,34,10,44,316,47,12,68,299,47*6B
$GAGSV,2,2,07,19,70,354,45,28,62,269,49,33,50,159,47,,,,*56
$GAGSV,2,1,07,04,38,252,45,06,14,244,35,10,44,316,47,12,68,299,47*6A
$GAGSV,2,2,07,19,70,354,45,28,62,269,49,33,50,159,47,,,,*56
$GAGSV,2,1,07,04,38,252,45,06,14,244,35,10,44,316,47,12,68,299,47*6A
$GAGSV,2,2,07,19,70,354,45,28,62,269,49,33,50,159,47,,,,*56
$GAGSV,2,1,07,04,38,252,45,06,14,244,35,10,44,316,47,12,68,299,47*6A
$GAGSV,2,2,07,19,70,354,46,28,62,269,49,33,50,159,47,,,,*55
$GAGSV,2,1,07,04,38,252,45,06,14,244,35,10,44,316,47,12,68,299,47*6A
$GAGSV,2,2,07,19,70,354,46,28,62,269,49,33,50,159,47,,,,*55
$GAGSV,2,1,07,04,38,252,45,06,14,244,35,10,44,316,47,12,68,299,47*6A
$GAGSV,2,2,07,19,70,354,46,28,62,269,49,33,50,159,47,,,,*55
$GAGSV,2,1,07,04,38,252,45,06,14,244,35,10,44,316,47,12,68,299,47*6A
$GAGSV,2,2,07,19,70,354,46,28,62,269,49,33,50,159,47,,,,*55
$GAGSV,2,1,07,04,38,252,45,06,14,244,35,10,44,316,47,12,68,299,47*6A
$GAGSV,2,2,07,19,70,354,46,28,62,269,49,33,50,159,47,,,,*55
$GAGSV,2,1,07,04,38,252,45,06,14,244,35,10,44,316,47,12,68,299,47*6A
$GAGSV,2,2,07,19,70,354,46,28,62,269,49,33,50,159,47,,,,*55
$GAGSV,2,1,07,04,38,252,45,06,14,244,35,10,44,316,47,12,68,299,47*6A
$GAGSV,2,2,07,19,70,354,46,28,62,269,49,33,50,159,47,,,,*55
$GAGSV,2,1,07,04,38,252,45,06,14,244,35,10,44,316,47,12,68,299,47*6A
$GAGSV,2,2,07,19,70,354,45,28,62,270,49,33,50,159,47,,,,*5E
$GAGSV,2,1,07,04,38,252,45,06,14,244,36,10,44,316,47,12,68,299,47*69
$GAGSV,2,2,07,19,70,354,45,28,62,270,49,33,50,159,47,,,,*5E
$GAGSV,2,1,07,04,38,252,45,06,14,244,36,10,44,316,47,12,68,299,47*69
$GAGSV,2,2,07,19,70,354,45,28,62,270,49,33,50,159,47,,,,*5E
$GAGSV,2,1,07,04,38,252,45,06,14,244,36,10,44,316,47,12,68,299,47*69
$GAGSV,2,2,07,19,70,354,45,28,62,270,49,33,50,159,47,,,,*5E
$GAGSV,2,1,07,04,38,252,45,06,14,244,36,10,44,316,47,12,68,299,47*69
$GAGSV,2,2,07,19,70,354,45,28,62,270,49,33,50,159,47,,,,*5E
$GAGSV,2,1,07,04,38,252,45,06,14,244,36,10,44,316,47,12,68,299,47*69
$GAGSV,2,2,07,19,70,354,45,28,62,270,49,33,50,159,47,,,,*5E
$GAGSV,2,1,07,04,38,252,45,06,14,244,36,10,44,316,47,12,68,299,47*69
$GAGSV,2,2,07,19,70,354,45,28,62,270,49,33,50,159,47,,,,*5E
$GAGSV,2,1,07,04,38,252,45,06,14,244,36,10,44,316,47,12,68,299,47*69
$GAGSV,2,2,07,19,70,354,45,28,62,270,49,33,50,159,47,,,,*5E
$GAGSV,2,1,07,04,38,252,45,06,14,244,36,10,44,316,47,12,68,299,47*69
$GAGSV,2,2,07,19,70,354,45,28,62,270,49,33,50,159,47,,,,*5E
$GAGSV,2,1,07,04,38,252,45,06,14,244,35,10,44,316,47,12,68,299,47*6A
$GAGSV,2,2,07,19,70,354,45,28,62,270,49,33,50,159,47,,,,*5E
$GAGSV,2,1,07,04,38,252,45,06,14,244,35,10,44,316,47,12,68,299,47*6A
$GAGSV,2,2,07,19,70,354,45,28,62,270,49,33,50,159,47,,,,*5E
$GAGSV,2,1,07,04,38,252,45,06,14,244,35,10,44,316,47,12,68,299,47*6A
$GAGSV,2,2,07,19,70,354,45,28,62,270,49,33,50,159,47,,,,*5E
$GAGSV,2,1,07,04,38,252,45,06,14,244,35,10,44,316,47,12,68,299,47*6A
$GAGSV,2,2,07,19,70,354,45,28,62,270,49,33,50,159,47,,,,*5E
$GAGSV,2,1,07,04,38,252,45,06,14,244,34,10,44,316,47,12,68,299,47*6B
$GAGSV,2,2,07,19,70,354,46,28,62,270,49,33,50,159,47,,,,*5D
$GAGSV,2,1,07,04,38,252,45,06,14,244,34,10,44,316,47,12,68,299,47*6B
$GAGSV,2,2,07,19,70,354,46,28,62,270,49,33,50,159,47,,,,*5D
$GAGSV,2,1,07,04,38,252,45,06,14,244,34,10,44,316,47,12,68,299,47*6B
$GAGSV,2,2,07,19,70,354,46,28,62,270,49,33,50,159,47,,,,*5D
$GAGSV,2,1,07,04,38,252,45,06,14,244,34,10,44,316,47,12,68,299,47*6B
$GAGSV,2,2,07,19,70,354,46,28,62,270,49,33,50,159,47,,,,*5D
$GAGSV,2,1,07,04,38,252,45,06,14,244,35,10,44,316,47,12,68,299,47*6A
$GAGSV,2,2,07,19,70,354,46,28,62,270,49,33,50,159,47,,,,*5D
$GAGSV,2,1,07,04,38,252,45,06,14,244,34,10,44,316,47,12,68,299,47*6B
$GAGSV,2,2,07,19,70,354,46,28,62,270,49,33,50,159,47,,,,*5D
$GAGSV,2,1,07,04,38,252,45,06,14,244,35,10,44,316,47,12,68,299,47*6A
$GAGSV,2,2,07,19,70,354,46,28,62,270,49,33,50,159,47,,,,*5D
$GAGSV,2,1,07,04,38,252,45,06,14,244,35,10,44,316,47,12,68,299,47*6A
$GAGSV,2,2,07,19,70,354,45,28,62,270,49,33,50,159,47,,,,*5E
$GAGSV,2,1,07,04,38,252,45,06,14,244,35,10,44,316,47,12,68,299,47*6A
$GAGSV,2,2,07,19,70,354,45,28,62,270,49,33,50,159,47,,,,*5E
$GAGSV,2,1,07,04,38,252,45,06,14,244,34,10,44,316,47,12,68,299,47*6B
$GAGSV,2,2,07,19,70,354,45,28,62,270,49,33,50,159,47,,,,*5E
$GAGSV,2,1,07,04,38,252,45,06,14,244,34,10,44,316,46,12,68,299,47*6A
$GAGSV,2,2,07,19,70,354,45,28,62,270,49,33,50,159,47,,,,*5E
$GAGSV,2,1,07,04,38,252,45,06,14,244,35,10,44,316,46,12,68,299,47*6B
$GAGSV,2,2,07,19,70,354,45,28,62,270,49,33,50,159,47,,,,*5E
$GAGSV,2,1,07,04,38,252,45,06,14,244,35,10,44,316,46,12,68,299,47*6B
$GAGSV,2,2,07,19,70,354,45,28,62,270,49,33,50,159,47,,,,*5E
$GAGSV,2,1,07,04,38,252,45,06,14,244,34,10,44,316,46,12,68,299,47*6A
$GAGSV,2,2,07,19,70,354,45,28,62,270,49,33,50,159,47,,,,*5E
$GAGSV,2,1,07,04,38,252,45,06,14,244,34,10,44,316,46,12,68,299,47*6A
$GAGSV,2,2,07,19,70,354,45,28,62,270,49,33,50,159,47,,,,*5E
$GAGSV,2,1,07,04,38,252,45,06,14,244,34,10,44,316,46,12,68,299,47*6A
$GAGSV,2,2,07,19,70,354,45,28,62,270,49,33,50,159,47,,,,*5E
$GAGSV,2,1,07,04,38,252,45,06,14,244,34,10,44,316,46,12,68,299,47*6A
$GAGSV,2,2,07,19,70,354,45,28,62,270,49,33,50,159,47,,,,*5E
$GAGSV,2,1,07,04,38,252,45,06,15,244,34,10,44,316,46,12,68,299,47*6B
$GAGSV,2,2,07,19,70,354,45,28,62,270,49,33,50,159,47,,,,*5E
$GAGSV,2,1,07,04,38,252,46,06,15,244,34,10,44,316,46,12,68,299,47*68
$GAGSV,2,2,07,19,70,354,45,28,62,270,49,33,50,159,47,,,,*5E
$GAGSV,2,1,07,04,38,252,46,06,15,244,34,10,44,316,46,12,68,299,47*68
$GAGSV,2,2,07,19,70,354,45,28,62,270,49,33,50,159,47,,,,*5E
$GAGSV,2,1,07,04,38,252,46,06,15,244,34,10,44,316,46,12,68,299,47*68
$GAGSV,2,2,07,19,70,354,46,28,62,270,49,33,50,159,47,,,,*5D
$GAGSV,2,1,07,04,38,252,45,06,15,244,34,10,44,316,47,12,68,299,47*6A
$GAGSV,2,2,07,19,70,354,46,28,62,270,49,33,50,159,47,,,,*5D
$GAGSV,2,1,07,04,38,252,45,06,15,244,34,10,44,316,47,12,68,299,47*6A
$GAGSV,2,2,07,19,70,354,46,28,62,270,49,33,50,159,47,,,,*5D
$GAGSV,2,1,07,04,38,252,45,06,15,244,34,10,44,316,47,12,68,299,47*6A
$GAGSV,2,2,07,19,70,354,46,28,62,270,49,33,50,159,47,,,,*5D
$GAGSV,2,1,07,04,38,252,45,06,15,244,34,10,44,316,47,12,68,299,47*6A
$GAGSV,2,2,07,19,70,354,46,28,62,270,49,33,50,159,47,,,,*5D
$GAGSV,2,1,07,04,38,252,45,06,15,244,34,10,44,316,47,12,68,299,47*6A
$GAGSV,2,2,07,19,70,354,46,28,62,270,49,33,50,159,47,,,,*5D
$GAGSV,2,1,07,04,38,252,45,06,15,244,35,10,44,316,47,12,68,299,46*6A
$GAGSV,2,2,07,19,70,354,46,28,62,270,49,33,50,159,47,,,,*5D
$GAGSV,2,1,07,04,38,252,45,06,15,244,35,10,44,316,47,12,68,299,46*6A
$GAGSV,2,2,07,19,70,354,46,28,62,270,49,33,50,159,47,,,,*5D
$GAGSV,2,1,07,04,38,252,45,06,15,244,35,10,44,316,46,12,68,299,46*6B
$GAGSV,2,2,07,19,70,354,45,28,62,270,49,33,50,159,47,,,,*5E
$GAGSV,2,1,07,04,38,252,45,06,15,244,35,10,44,316,46,12,68,299,46*6B
$GAGSV,2,2,07,19,70,354,45,28,62,270,49,33,50,159,47,,,,*5E
$GAGSV,2,1,07,04,38,252,45,06,15,244,35,10,44,316,46,12,68,299,47*6A
$GAGSV,2,2,07,19,70,354,45,28,62,270,49,33,50,159,47,,,,*5E
$GAGSV,2,1,07,04,38,252,45,06,15,244,35,10,44,316,46,12,68,299,47*6A
$GAGSV,2,2,07,19,70,354,45,28,62,270,49,33,50,159,47,,,,*5E
$GAGSV,2,1,07,04,38,252,45,06,15,244,35,10,44,316,46,12,68,299,47*6A
$GAGSV,2,2,07,19,70,354,45,28,62,270,49,33,50,159,47,,,,*5E
$GAGSV,2,1,07,04,38,252,45,06,15,244,35,10,44,316,46,12,68,299,47*6A
$GAGSV,2,2,07,19,70,354,45,28,62,270,49,33,50,159,47,,,,*5E
$GAGSV,2,1,07,04,38,252,45,06,15,244,35,10,44,316,46,12,68,299,47*6A
$GAGSV,2,2,07,19,70,354,45,28,62,270,49,33,50,159,47,,,,*5E
$GAGSV,2,1,07,04,38,252,45,06,15,244,35,10,44,316,46,12,68,299,47*6A
$GAGSV,2,2,07,19,70,354,45,28,62,270,49,33,50,159,47,,,,*5E
$GAGSV,2,1,07,04,38,252,45,06,15,244,35,10,44,316,46,12,68,299,47*6A
$GAGSV,2,2,07,19,70,354,45,28,62,270,49,33,50,159,47,,,,*5E
$GAGSV,2,1,07,04,38,252,45,06,15,244,35,10,44,316,46,12,68,299,47*6A
$GAGSV,2,2,07,19,70,354,45,28,62,270,49,33,50,159,47,,,,*5E
$GAGSV,2,1,07,04,38,252,45,06,15,244,35,10,44,316,46,12,68,299,47*6A
$GAGSV,2,2,07,19,70,354,45,28,62,270,49,33,50,159,47,,,,*5E
$GAGSV,2,1,07,04,38,252,45,06,15,244,35,10,44,316,46,12,68,299,47*6A
$GAGSV,2,2,07,19,70,354,45,28,62,270,49,33,50,159,47,,,,*5E
$GAGSV,2,1,07,04,38,252,45,06,15,244,35,10,44,316,46,12,68,299,47*6A
$GAGSV,2,2,07,19,70,354,45,28,62,270,49,33,50,159,47,,,,*5E
$GAGSV,2,1,07,04,38,252,45,06,15,244,35,10,44,316,46,12,68,299,47*6A
$GAGSV,2,2,07,19,70,354,45,28,62,270,49,33,50,159,47,,,,*5E
$GAGSV,2,1,07,04,38,252,45,06,15,244,35,10,44,316,46,12,68,299,47*6A
$GAGSV,2,2,07,19,70,354,45,28,62,270,49,33,50,159,47,,,,*5E
$GAGSV,2,1,07,04,38,252,45,06,15,244,35,10,44,316,46,12,68,299,47*6A
$GAGSV,2,2,07,19,70,354,45,28,62,270,49,33,50,159,47,,,,*5E
$GAGSV,2,1,07,04,38,252,45,06,15,244,35,10,44,316,46,12,68,299,47*6A
$GAGSV,2,2,07,19,70,354,45,28,62,270,49,33,50,159,47,,,,*5E
$GAGSV,2,1,07,04,38,252,45,06,15,244,35,10,44,316,46,12,68,299,47*6A
$GAGSV,2,2,07,19,70,354,45,28,62,270,49,33,50,159,47,,,,*5E
$GAGSV,2,1,07,04,38,252,45,06,15,244,35,10,44,316,46,12,68,299,47*6A
$GAGSV,2,2,07,19,70,354,45,28,62,270,49,33,50,159,47,,,,*5E
$GAGSV,2,1,07,04,38,252,45,06,15,244,35,10,44,316,46,12,68,299,47*6A
$GAGSV,2,2,07,19,70,354,45,28,62,270,49,33,50,159,47,,,,*5E
$GAGSV,2,1,07,04,38,252,45,06,15,244,35,10,44,316,46,12,68,299,47*6A
$GAGSV,2,2,07,19,70,354,45,28,62,270,49,33,50,159,47,,,,*5E
$GAGSV,2,1,07,04,38,252,44,06,15,244,35,10,44,316,46,12,68,299,47*6B
$GAGSV,2,2,07,19,70,354,45,28,62,270,49,33,50,159,47,,,,*5E
$GAGSV,2,1,07,04,38,252,44,06,15,244,36,10,44,316,46,12,68,299,47*68
$GAGSV,2,2,07,19,70,354,45,28,62,270,49,33,50,159,47,,,,*5E
$GAGSV,2,1,07,04,38,252,44,06,15,244,36,10,44,316,46,12,68,299,47*68
$GAGSV,2,2,07,19,70,354,45,28,62,270,49,33,50,159,47,,,,*5E
$GAGSV,2,1,07,04,38,252,44,06,15,244,36,10,44,316,47,12,68,299,47*69
$GAGSV,2,2,07,19,70,354,45,28,62,270,49,33,50,159,47,,,,*5E
$GAGSV,2,1,07,04,38,252,44,06,15,244,36,10,44,316,47,12,68,299,47*69
$GAGSV,2,2,07,19,70,354,45,28,62,270,49,33,50,159,47,,,,*5E
$GAGSV,2,1,07,04,38,252,44,06,15,244,36,10,44,316,47,12,68,299,47*69
$GAGSV,2,2,07,19,70,354,45,28,62,270,49,33,50,159,47,,,,*5E
$GAGSV,2,1,07,04,38,252,44,06,15,244,36,10,44,316,46,12,68,299,47*68
$GAGSV,2,2,07,19,70,354,45,28,62,270,49,33,50,159,47,,,,*5E
$GAGSV,2,1,07,04,38,252,45,06,15,244,36,10,44,316,46,12,68,299,47*69
$GAGSV,2,2,07,19,70,354,45,28,62,270,49,33,50,159,47,,,,*5E
$GAGSV,2,1,07,04,38,252,45,06,15,244,36,10,44,316,46,12,68,299,47*69
$GAGSV,2,2,07,19,70,354,45,28,62,270,49,33,50,159,47,,,,*5E
$GAGSV,2,1,07,04,38,252,45,06,15,244,36,10,44,316,46,12,68,299,47*69
$GAGSV,2,2,07,19,70,354,45,28,62,270,49,33,50,159,47,,,,*5E
$GAGSV,2,1,07,04,38,252,45,06,15,244,36,10,44,316,47,12,68,299,47*68
$GAGSV,2,2,07,19,70,354,45,28,62,270,49,33,50,159,47,,,,*5E
$GAGSV,2,1,07,04,38,252,45,06,15,244,36,10,44,316,47,12,68,299,47*68
$GAGSV,2,2,07,19,70,354,45,28,62,270,49,33,50,159,47,,,,*5E
$GAGSV,2,1,07,04,38,252,45,06,15,244,36,10,44,316,47,12,68,299,47*68
$GAGSV,2,2,07,19,70,354,45,28,62,270,49,33,50,159,47,,,,*5E
$GAGSV,2,1,07,04,38,252,45,06,15,244,36,10,44,316,47,12,68,299,47*68
$GAGSV,2,2,07,19,70,354,46,28,62,270,49,33,50,159,47,,,,*5D
$GAGSV,2,1,07,04,38,252,45,06,15,244,36,10,44,316,47,12,68,299,47*68
$GAGSV,2,2,07,19,70,354,46,28,62,270,49,33,50,159,47,,,,*5D
$GAGSV,2,1,07,04,38,252,45,06,15,244,36,10,44,316,47,12,68,299,47*68
$GAGSV,2,2,07,19,70,354,46,28,62,270,49,33,50,159,47,,,,*5D
$GAGSV,2,1,07,04,38,252,45,06,15,244,36,10,44,316,47,12,68,299,47*68
$GAGSV,2,2,07,19,70,354,46,28,62,270,49,33,50,159,47,,,,*5D
$GAGSV,2,1,07,04,38,252,45,06,15,244,37,10,44,316,47,12,68,299,47*69
$GAGSV,2,2,07,19,70,354,46,28,62,270,49,33,50,159,47,,,,*5D
$GAGSV,2,1,07,04,38,252,45,06,15,244,37,10,44,315,47,12,69,299,47*6B
$GAGSV,2,2,07,19,70,354,46,28,62,270,49,33,50,159,47,,,,*5D
$GAGSV,2,1,07,04,38,252,45,06,15,244,37,10,44,315,47,12,69,299,47*6B
$GAGSV,2,2,07,19,70,354,46,28,62,270,49,33,50,159,47,,,,*5D
$GAGSV,2,1,07,04,38,252,45,06,15,244,37,10,44,315,47,12,69,299,47*6B
$GAGSV,2,2,07,19,70,354,46,28,62,270,49,33,50,159,47,,,,*5D
$GAGSV,2,1,07,04,38,252,45,06,15,244,37,10,44,315,47,12,69,299,47*6B
$GAGSV,2,2,07,19,70,354,46,28,62,270,49,33,50,159,47,,,,*5D
$GAGSV,2,1,07,04,38,252,45,06,15,244,37,10,44,315,47,12,69,299,47*6B
$GAGSV,2,2,07,19,70,354,46,28,62,270,49,33,50,159,47,,,,*5D
$GAGSV,2,1,07,04,38,252,45,06,15,244,37,10,44,315,47,12,69,299,47*6B
$GAGSV,2,2,07,19,70,354,46,28,62,270,49,33,50,159,47,,,,*5D
$GAGSV,2,1,07,04,38,252,45,06,15,244,37,10,44,315,47,12,69,299,47*6B
$GAGSV,2,2,07,19,70,354,46,28,62,270,49,33,50,159,47,,,,*5D
$GAGSV,2,1,07,04,38,252,45,06,15,244,37,10,44,315,47,12,69,299,47*6B
$GAGSV,2,2,07,19,70,354,46,28,62,270,49,33,50,159,47,,,,*5D
$GAGSV,2,1,07,04,38,252,45,06,15,244,37,10,44,315,47,12,69,299,47*6B
$GAGSV,2,2,07,19,70,354,46,28,62,270,49,33,50,159,47,,,,*5D
$GAGSV,2,1,07,04,38,252,45,06,15,244,37,10,44,315,47,12,69,299,47*6B
$GAGSV,2,2,07,19,70,354,46,28,62,270,49,33,50,159,47,,,,*5D
$GAGSV,2,1,07,04,38,253,45,06,15,244,37,10,44,315,47,12,69,299,46*6B
$GAGSV,2,2,07,19,70,354,46,28,62,270,49,33,50,159,47,,,,*5D
$GAGSV,2,1,07,04,38,253,45,06,15,244,37,10,44,315,47,12,69,299,46*6B
$GAGSV,2,2,07,19,70,354,46,28,62,270,49,33,50,159,47,,,,*5D
$GAGSV,2,1,07,04,38,253,45,06,15,244,37,10,44,315,47,12,69,299,46*6B
$GAGSV,2,2,07,19,70,354,46,28,62,270,49,33,50,159,47,,,,*5D
$GAGSV,2,1,07,04,38,253,45,06,15,244,37,10,44,315,47,12,69,299,46*6B
$GAGSV,2,2,07,19,70,354,46,28,62,270,49,33,50,159,47,,,,*5D
$GAGSV,2,1,07,04,38,253,45,06,15,244,37,10,44,315,47,12,69,299,46*6B
$GAGSV,2,2,07,19,70,354,46,28,62,270,49,33,50,159,47,,,,*5D
$GAGSV,2,1,07,04,38,253,45,06,15,244,37,10,44,315,47,12,69,299,46*6B
$GAGSV,2,2,07,19,70,354,46,28,62,270,49,33,49,159,47,,,,*55
$GAGSV,2,1,07,04,38,253,45,06,15,244,37,10,44,315,47,12,69,299,46*6B
$GAGSV,2,2,07,19,70,354,46,28,62,270,49,33,49,159,47,,,,*55
$GAGSV,2,1,07,04,38,253,45,06,15,244,37,10,44,315,47,12,69,299,46*6B
$GAGSV,2,2,07,19,70,354,46,28,62,270,49,33,49,159,47,,,,*55
$GAGSV,2,1,07,04,38,253,45,06,15,244,37,10,44,315,47,12,69,299,47*6A
$GAGSV,2,2,07,19,70,354,46,28,62,270,49,33,49,159,47,,,,*55
$GAGSV,2,1,07,04,38,253,45,06,15,244,37,10,44,315,47,12,69,299,47*6A
$GAGSV,2,2,07,19,70,354,46,28,62,270,49,33,49,159,47,,,,*55
$GAGSV,2,1,07,04,38,253,45,06,15,244,37,10,44,315,47,12,69,299,47*6A
$GAGSV,2,2,07,19,70,354,45,28,62,270,49,33,49,159,47,,,,*56
$GAGSV,2,1,07,04,38,253,45,06,15,244,37,10,44,315,47,12,69,299,46*6B
$GAGSV,2,2,07,19,70,354,45,28,62,270,49,33,49,159,47,,,,*56
$GAGSV,2,1,07,04,38,253,45,06,15,244,37,10,44,315,47,12,69,299,46*6B
$GAGSV,2,2,07,19,70,354,45,28,62,270,49,33,49,159,47,,,,*56
$GAGSV,2,1,07,04,38,253,45,06,15,244,37,10,44,315,47,12,69,299,46*6B
$GAGSV,2,2,07,19,70,354,45,28,62,270,49,33,49,159,47,,,,*56
$GAGSV,2,1,07,04,38,253,45,06,15,244,37,10,44,315,47,12,69,299,46*6B
$GAGSV,2,2,07,19,70,354,45,28,62,270,49,33,49,159,47,,,,*56
$GAGSV,2,1,07,04,38,253,45,06,15,244,37,10,44,315,47,12,69,299,46*6B
$GAGSV,2,2,07,19,70,354,45,28,62,270,49,33,49,159,47,,,,*56
$GAGSV,2,1,07,04,38,253,45,06,15,244,36,10,44,315,47,12,69,299,46*6A
$GAGSV,2,2,07,19,70,354,45,28,62,270,49,33,49,159,47,,,,*56
$GAGSV,2,1,07,04,38,253,45,06,15,244,36,10,44,315,47,12,69,299,46*6A
$GAGSV,2,2,07,19,70,354,45,28,62,270,49,33,49,159,47,,,,*56
$GAGSV,2,1,07,04,38,253,45,06,15,244,36,10,44,315,47,12,69,299,46*6A
$GAGSV,2,2,07,19,70,354,46,28,62,270,49,33,49,159,47,,,,*55
$GAGSV,2,1,07,04,38,253,45,06,15,244,36,10,44,315,47,12,69,299,46*6A
$GAGSV,2,2,07,19,70,354,45,28,62,270,49,33,49,159,47,,,,*56
$GAGSV,2,1,07,04,38,253,45,06,15,244,36,10,44,315,47,12,69,299,46*6A
$GAGSV,2,2,07,19,70,354,46,28,62,270,49,33,49,159,47,,,,*55
$GAGSV,2,1,07,04,38,253,45,06,15,244,36,10,44,315,46,12,69,299,46*6B
$GAGSV,2,2,07,19,70,354,46,28,62,270,49,33,49,159,47,,,,*55
$GAGSV,2,1,07,04,38,253,45,06,15,244,36,10,44,315,46,12,69,299,46*6B
$GAGSV,2,2,07,19,70,354,45,28,62,270,49,33,49,159,47,,,,*56
$GAGSV,2,1,07,04,38,253,45,06,15,244,36,10,44,315,46,12,69,299,46*6B
$GAGSV,2,2,07,19,70,354,45,28,62,270,49,33,49,159,47,,,,*56
$GAGSV,2,1,07,04,38,253,45,06,15,244,36,10,44,315,46,12,69,299,46*6B
$GAGSV,2,2,07,19,70,354,45,28,62,270,49,33,49,159,47,,,,*56
$GAGSV,2,1,07,04,38,253,45,06,15,244,36,10,44,315,46,12,69,299,46*6B
$GAGSV,2,2,07,19,70,354,45,28,62,270,49,33,49,159,47,,,,*56
$GAGSV,2,1,07,04,38,253,45,06,15,244,36,10,44,315,46,12,69,299,46*6B
$GAGSV,2,2,07,19,70,354,46,28,62,270,49,33,49,159,47,,,,*55
$GAGSV,2,1,07,04,38,253,45,06,15,244,36,10,44,315,46,12,69,299,46*6B
$GAGSV,2,2,07,19,70,354,46,28,62,270,49,33,49,159,47,,,,*55
$GAGSV,2,1,07,04,38,253,45,06,15,244,36,10,44,315,46,12,69,299,46*6B
$GAGSV,2,2,07,19,70,354,46,28,62,270,49,33,49,159,47,,,,*55
$GAGSV,2,1,07,04,38,253,45,06,15,244,36,10,44,315,46,12,69,299,46*6B
$GAGSV,2,2,07,19,70,354,46,28,62,270,49,33,49,159,47,,,,*55
$GAGSV,2,1,07,04,38,253,45,06,15,244,36,10,44,315,46,12,69,299,46*6B
$GAGSV,2,2,07,19,70,354,46,28,62,270,49,33,49,159,47,,,,*55
$GAGSV,2,1,07,04,38,253,45,06,15,244,36,10,44,315,46,12,69,299,46*6B
$GAGSV,2,2,07,19,70,354,46,28,62,270,49,33,49,159,47,,,,*55
$GAGSV,2,1,07,04,38,253,45,06,15,244,36,10,44,315,46,12,69,299,46*6B
$GAGSV,2,2,07,19,70,354,46,28,62,270,49,33,49,159,47,,,,*55
$GAGSV,2,1,07,04,38,253,45,06,15,244,36,10,44,315,46,12,69,299,46*6B
$GAGSV,2,2,07,19,70,354,46,28,62,270,49,33,49,159,47,,,,*55
$GAGSV,2,1,07,04,38,253,45,06,15,244,36,10,44,315,47,12,69,299,46*6A
$GAGSV,2,2,07,19,70,354,46,28,62,270,49,33,49,159,47,,,,*55
$GAGSV,2,1,07,04,38,253,45,06,15,244,37,10,44,315,47,12,69,299,46*6B
$GAGSV,2,2,07,19,70,354,46,28,62,270,49,33,49,159,47,,,,*55
$GAGSV,2,1,07,04,38,253,45,06,15,244,37,10,44,315,47,12,69,299,46*6B
$GAGSV,2,2,07,19,70,354,46,28,62,270,49,33,49,159,47,,,,*55
$GAGSV,2,1,07,04,38,253,45,06,15,244,36,10,44,315,47,12,69,299,46*6A
$GAGSV,2,2,07,19,70,354,46,28,62,270,49,33,49,159,47,,,,*55
$GAGSV,2,1,07,04,38,253,45,06,15,244,36,10,44,315,47,12,69,299,46*6A
$GAGSV,2,2,07,19,70,354,46,28,62,270,49,33,49,159,47,,,,*55
$GAGSV,2,1,07,04,38,253,44,06,15,244,37,10,44,315,47,12,69,299,46*6A
$GAGSV,2,2,07,19,70,354,46,28,62,270,49,33,49,159,47,,,,*55
$GAGSV,2,1,07,04,38,253,44,06,15,244,37,10,44,315,47,12,69,299,46*6A
$GAGSV,2,2,07,19,70,354,46,28,62,270,49,33,49,159,47,,,,*55
$GAGSV,2,1,07,04,38,253,44,06,15,244,36,10,44,315,46,12,69,299,46*6A
$GAGSV,2,2,07,19,70,354,46,28,62,270,49,33,49,159,47,,,,*55
$GAGSV,2,1,07,04,38,253,44,06,15,244,36,10,44,315,46,12,69,299,46*6A
$GAGSV,2,2,07,19,70,354,45,28,62,270,49,33,49,159,47,,,,*56
$GAGSV,2,1,07,04,38,253,44,06,15,244,36,10,44,315,46,12,69,299,46*6A
$GAGSV,2,2,07,19,70,354,45,28,62,270,49,33,49,159,47,,,,*56
$GAGSV,2,1,07,04,38,253,44,06,15,244,36,10,44,315,46,12,69,299,46*6A
$GAGSV,2,2,07,19,70,354,45,28,62,270,49,33,49,159,47,,,,*56
$GAGSV,2,1,07,04,38,253,44,06,15,244,36,10,44,315,47,12,69,299,46*6B
$GAGSV,2,2,07,19,70,354,45,28,62,270,49,33,49,159,47,,,,*56
$GAGSV,2,1,07,04,38,253,44,06,15,244,36,10,44,315,47,12,69,299,46*6B
$GAGSV,2,2,07,19,70,354,46,28,62,270,49,33,49,159,47,,,,*55
$GAGSV,2,1,07,04,38,253,44,06,15,244,36,10,44,315,47,12,69,299,46*6B
$GAGSV,2,2,07,19,70,354,46,28,62,270,49,33,49,159,47,,,,*55
$GAGSV,2,1,07,04,38,253,44,06,15,244,36,10,44,315,46,12,69,299,46*6A
$GAGSV,2,2,07,19,70,354,46,28,62,270,49,33,49,159,47,,,,*55
$GAGSV,2,1,07,04,38,253,44,06,15,244,36,10,44,315,46,12,69,299,46*6A
$GAGSV,2,2,07,19,70,354,46,28,62,270,49,33,49,159,47,,,,*55
$GAGSV,2,1,07,04,38,253,44,06,15,244,36,10,44,315,46,12,69,298,46*6B
$GAGSV,2,2,07,19,70,354,46,28,62,270,49,33,49,159,47,,,,*55
$GAGSV,2,1,07,04,38,253,45,06,15,244,36,10,44,315,46,12,69,298,46*6A
$GAGSV,2,2,07,19,70,354,46,28,62,270,49,33,49,159,47,,,,*55
$GAGSV,2,1,07,04,38,253,45,06,15,244,36,10,44,315,46,12,69,298,46*6A
$GAGSV,2,2,07,19,70,354,46,28,62,270,49,33,49,159,47,,,,*55
$GAGSV,2,1,07,04,38,253,45,06,15,244,36,10,44,315,46,12,69,298,46*6A
$GAGSV,2,2,07,19,70,354,46,28,62,270,49,33,49,159,47,,,,*55
$GAGSV,2,1,07,04,38,253,45,06,15,244,36,10,44,315,46,12,69,298,46*6A
$GAGSV,2,2,07,19,70,354,46,28,62,270,49,33,49,159,47,,,,*55
$GAGSV,2,1,07,04,38,253,45,06,15,244,36,10,44,315,46,12,69,298,46*6A
$GAGSV,2,2,07,19,70,354,46,28,62,270,49,33,49,159,47,,,,*55
$GAGSV,2,1,07,04,38,253,45,06,15,244,36,10,44,315,47,12,69,298,46*6B
$GAGSV,2,2,07,19,70,354,45,28,62,270,49,33,49,159,47,,,,*56
$GAGSV,2,1,07,04,38,253,45,06,15,244,36,10,44,315,47,12,69,298,46*6B
$GAGSV,2,2,07,19,70,354,45,28,62,270,49,33,49,159,47,,,,*56
$GAGSV,2,1,07,04,38,253,45,06,15,244,36,10,44,315,47,12,69,298,46*6B
$GAGSV,2,2,07,19,70,354,45,28,62,270,49,33,49,159,47,,,,*56
$GAGSV,2,1,07,04,38,253,45,06,15,244,36,10,44,315,47,12,69,298,46*6B
$GAGSV,2,2,07,19,70,354,46,28,62,270,49,33,49,159,47,,,,*55
$GAGSV,2,1,07,04,38,253,45,06,15,244,36,10,44,315,47,12,69,298,46*6B
$GAGSV,2,2,07,19,70,354,46,28,62,270,49,33,49,159,47,,,,*55
$GAGSV,2,1,07,04,38,253,45,06,15,244,36,10,44,315,47,12,69,298,46*6B
$GAGSV,2,2,07,19,70,354,46,28,62,270,49,33,49,159,47,,,,*55
$GAGSV,2,1,07,04,38,253,45,06,15,244,35,10,44,315,47,12,69,298,46*68
$GAGSV,2,2,07,19,70,354,46,28,62,270,49,33,49,159,47,,,,*55
$GAGSV,2,1,07,04,38,253,45,06,15,244,35,10,44,315,47,12,69,298,46*68
$GAGSV,2,2,07,19,70,354,46,28,62,270,49,33,49,159,47,,,,*55
$GAGSV,2,1,07,04,38,253,45,06,15,244,35,10,44,315,47,12,69,298,46*68
$GAGSV,2,2,07,19,70,354,46,28,62,270,49,33,49,159,47,,,,*55
$GAGSV,2,1,07,04,38,253,45,06,15,244,36,10,44,315,47,12,69,298,46*6B
$GAGSV,2,2,07,19,70,354,46,28,62,270,49,33,49,159,47,,,,*55
$GAGSV,2,1,07,04,38,253,45,06,15,244,36,10,44,315,47,12,69,298,46*6B
$GAGSV,2,2,07,19,70,354,46,28,62,270,49,33,49,159,47,,,,*55
$GAGSV,2,1,07,04,38,253,45,06,15,244,36,10,44,315,47,12,69,298,46*6B
$GAGSV,2,2,07,19,70,354,46,28,62,270,49,33,49,159,47,,,,*55
$GAGSV,2,1,07,04,38,253,45,06,15,244,36,10,44,315,47,12,69,298,46*6B
$GAGSV,2,2,07,19,70,354,46,28,62,270,49,33,49,159,47,,,,*55
$GAGSV,2,1,07,04,38,253,45,06,15,244,36,10,44,315,47,12,69,298,46*6B
$GAGSV,2,2,07,19,70,354,46,28,62,270,49,33,49,159,47,,,,*55
$GAGSV,2,1,07,04,38,253,45,06,15,244,36,10,44,315,47,12,69,298,46*6B
$GAGSV,2,2,07,19,70,354,45,28,62,270,49,33,49,159,47,,,,*56
$GAGSV,2,1,07,04,38,253,45,06,15,244,36,10,44,315,47,12,69,298,46*6B
$GAGSV,2,2,07,19,70,354,45,28,62,270,49,33,49,159,48,,,,*59
$GAGSV,2,1,07,04,38,253,45,06,15,244,36,10,44,315,47,12,69,298,46*6B
$GAGSV,2,2,07,19,70,354,45,28,62,270,49,33,49,159,48,,,,*59
$GAGSV,2,1,07,04,38,253,45,06,15,244,36,10,44,315,47,12,69,298,46*6B
$GAGSV,2,2,07,19,70,354,45,28,62,270,49,33,49,159,48,,,,*59
$GAGSV,2,1,07,04,38,253,45,06,15,244,36,10,44,315,47,12,69,298,46*6B
$GAGSV,2,2,07,19,70,354,45,28,62,270,49,33,49,159,48,,,,*59
$GAGSV,2,1,07,04,38,253,45,06,15,244,36,10,44,315,47,12,69,298,46*6B
$GAGSV,2,2,07,19,70,354,45,28,62,270,49,33,49,159,48,,,,*59
$GAGSV,2,1,07,04,38,253,45,06,15,244,36,10,44,315,47,12,69,298,46*6B
$GAGSV,2,2,07,19,70,354,45,28,62,270,49,33,49,159,48,,,,*59
$GAGSV,2,1,07,04,38,253,45,06,15,244,36,10,44,315,47,12,69,298,46*6B
$GAGSV,2,2,07,19,70,354,45,28,62,270,49,33,49,159,48,,,,*59
$GAGSV,2,1,07,04,38,253,45,06,15,244,36,10,44,315,47,12,69,298,46*6B
$GAGSV,2,2,07,19,70,354,45,28,62,270,49,33,49,159,48,,,,*59
$GAGSV,2,1,07,04,38,253,45,06,15,244,36,10,44,315,47,12,69,298,46*6B
$GAGSV,2,2,07,19,70,354,45,28,62,270,49,33,49,159,48,,,,*59
$GAGSV,2,1,07,04,38,253,45,06,15,244,36,10,44,315,47,12,69,298,46*6B
$GAGSV,2,2,07,19,70,354,45,28,62,270,49,33,49,159,48,,,,*59
$GAGSV,2,1,07,04,38,253,45,06,15,244,36,10,44,315,47,12,69,298,46*6B
$GAGSV,2,2,07,19,70,354,45,28,62,270,49,33,49,159,48,,,,*59
$GAGSV,2,1,07,04,38,253,45,06,15,244,36,10,44,315,47,12,69,298,46*6B
$GAGSV,2,2,07,19,70,354,45,28,62,270,49,33,49,159,48,,,,*59
$GAGSV,2,1,07,04,38,253,45,06,15,244,36,10,44,315,47,12,69,298,46*6B
$GAGSV,2,2,07,19,70,354,45,28,62,270,49,33,49,159,48,,,,*59
$GAGSV,2,1,07,04,38,253,45,06,15,244,36,10,44,315,47,12,69,298,46*6B
$GAGSV,2,2,07,19,70,354,46,28,62,270,49,33,49,159,48,,,,*5A
$GAGSV,2,1,07,04,38,253,45,06,15,244,36,10,44,315,47,12,69,298,46*6B
$GAGSV,2,2,07,19,70,354,46,28,62,270,49,33,49,159,48,,,,*5A
$GAGSV,2,1,07,04,38,253,45,06,15,244,36,10,44,315,47,12,69,298,46*6B
$GAGSV,2,2,07,19,70,354,46,28,62,270,49,33,49,159,47,,,,*55
$GAGSV,2,1,07,04,38,253,45,06,15,244,36,10,44,315,47,12,69,298,46*6B
$GAGSV,2,2,07,19,70,354,46,28,62,270,49,33,49,159,47,,,,*55
$GAGSV,2,1,07,04,38,253,45,06,15,244,36,10,44,315,47,12,69,298,46*6B
$GAGSV,2,2,07,19,70,354,46,28,62,270,49,33,49,159,47,,,,*55
$GAGSV,2,1,07,04,38,253,45,06,15,244,36,10,44,315,47,12,69,298,46*6B
$GAGSV,2,2,07,19,70,354,46,28,62,270,49,33,49,159,47,,,,*55
$GAGSV,2,1,07,04,38,253,45,06,15,244,36,10,44,315,47,12,69,298,46*6B
$GAGSV,2,2,07,19,70,354,46,28,62,270,49,33,49,159,47,,,,*55
$GAGSV,2,1,07,04,38,253,45,06,15,244,36,10,44,315,47,12,69,298,46*6B
$GAGSV,2,2,07,19,70,354,46,28,62,270,49,33,49,159,47,,,,*55
$GAGSV,2,1,07,04,38,253,45,06,15,244,36,10,44,315,47,12,69,298,46*6B
$GAGSV,2,2,07,19,70,354,46,28,62,270,49,33,49,159,47,,,,*55
$GAGSV,2,1,07,04,38,253,45,06,15,244,36,10,44,315,47,12,69,298,46*6B
$GAGSV,2,2,07,19,70,354,46,28,62,270,49,33,49,159,47,,,,*55
$GAGSV,2,1,07,04,38,253,45,06,15,244,37,10,44,315,47,12,69,298,46*6A
$GAGSV,2,2,07,19,70,354,46,28,62,270,49,33,49,159,47,,,,*55
$GAGSV,2,1,07,04,38,253,45,06,15,244,37,10,44,315,47,12,69,298,46*6A
$GAGSV,2,2,07,19,70,354,46,28,62,270,49,33,49,159,47,,,,*55
$GAGSV,2,1,07,04,38,253,45,06,15,244,37,10,44,315,47,12,69,298,46*6A
$GAGSV,2,2,07,19,70,354,46,28,62,270,49,33,49,159,47,,,,*55
$GAGSV,2,1,07,04,38,253,45,06,15,244,37,10,44,315,47,12,69,298,46*6A
$GAGSV,2,2,07,19,70,354,46,28,62,270,49,33,49,159,47,,,,*55
$GAGSV,2,1,07,04,38,253,45,06,15,244,37,10,44,315,47,12,69,298,46*6A
$GAGSV,2,2,07,19,70,354,46,28,62,270,49,33,49,159,47,,,,*55
$GAGSV,2,1,07,04,38,253,45,06,15,244,37,10,44,315,47,12,69,298,46*6A
$GAGSV,2,2,07,19,70,354,46,28,62,270,49,33,49,159,47,,,,*55
$GAGSV,2,1,07,04,38,253,45,06,15,244,37,10,44,315,47,12,69,298,46*6A
$GAGSV,2,2,07,19,70,354,46,28,62,270,49,33,49,159,47,,,,*55
$GAGSV,2,1,07,04,38,253,45,06,15,244,36,10,44,315,47,12,69,298,46*6B
$GAGSV,2,2,07,19,70,354,45,28,62,270,49,33,49,159,47,,,,*56
$GAGSV,2,1,07,04,38,253,45,06,15,244,36,10,44,315,47,12,69,298,46*6B
$GAGSV,2,2,07,19,70,354,46,28,62,270,49,33,49,159,47,,,,*55
$GAGSV,2,1,07,04,38,253,45,06,15,244,36,10,44,315,47,12,69,298,46*6B
$GAGSV,2,2,07,19,70,354,46,28,62,270,49,33,49,159,47,,,,*55
$GAGSV,2,1,07,04,38,253,45,06,15,244,36,10,44,315,47,12,69,298,46*6B
$GAGSV,2,2,07,19,70,354,45,28,62,270,49,33,49,159,47,,,,*56
$GAGSV,2,1,07,04,38,253,45,06,15,244,36,10,44,315,47,12,69,298,46*6B
$GAGSV,2,2,07,19,70,355,45,28,62,270,49,33,49,159,47,,,,*57
$GAGSV,2,1,07,04,38,253,45,06,15,244,37,10,44,315,47,12,69,298,46*6A
$GAGSV,2,2,07,19,70,355,45,28,62,270,49,33,49,159,47,,,,*57
$GAGSV,2,1,07,04,38,253,45,06,15,244,36,10,44,315,47,12,69,298,46*6B
$GAGSV,2,2,07,19,70,355,45,28,62,270,49,33,49,159,47,,,,*57
$GAGSV,2,1,07,04,38,253,45,06,15,244,37,10,44,315,47,12,69,298,46*6A
$GAGSV,2,2,07,19,70,355,46,28,62,270,48,33,49,159,47,,,,*55
$GAGSV,2,1,07,04,38,253,45,06,15,244,37,10,44,315,47,12,69,298,46*6A
$GAGSV,2,2,07,19,70,355,45,28,62,270,48,33,49,159,47,,,,*56
$GAGSV,2,1,07,04,38,253,45,06,15,244,37,10,44,315,47,12,69,298,46*6A
$GAGSV,2,2,07,19,70,355,45,28,62,270,48,33,49,159,47,,,,*56
$GAGSV,2,1,07,04,38,253,45,06,15,244,37,10,44,315,47,12,69,298,46*6A
$GAGSV,2,2,07,19,70,355,45,28,62,270,49,33,49,159,47,,,,*57
$GAGSV,2,1,07,04,38,253,45,06,15,244,37,10,44,315,47,12,69,298,46*6A
$GAGSV,2,2,07,19,70,355,45,28,62,270,49,33,49,159,48,,,,*58
$GAGSV,2,1,07,04,38,253,45,06,15,244,37,10,44,315,47,12,69,298,46*6A
$GAGSV,2,2,07,19,70,355,45,28,62,270,49,33,49,159,48,,,,*58
$GAGSV,2,1,07,04,38,253,45,06,15,244,37,10,44,315,47,12,69,298,46*6A
$GAGSV,2,2,07,19,70,355,45,28,62,270,48,33,49,159,48,,,,*59
$GAGSV,2,1,07,04,38,253,45,06,15,244,37,10,44,315,47,12,69,298,46*6A
$GAGSV,2,2,07,19,70,355,45,28,62,270,48,33,49,159,48,,,,*59
$GAGSV,2,1,07,04,38,253,45,06,15,244,37,10,44,315,47,12,69,298,46*6A
$GAGSV,2,2,07,19,70,355,45,28,62,270,48,33,49,159,48,,,,*59
$GAGSV,2,1,07,04,38,253,45,06,15,244,37,10,44,315,47,12,69,298,46*6A
$GAGSV,2,2,07,19,70,355,45,28,62,270,48,33,49,159,48,,,,*59
$GAGSV,2,1,07,04,38,253,45,06,15,244,37,10,44,315,46,12,69,298,46*6B
$GAGSV,2,2,07,19,70,355,45,28,62,270,48,33,49,159,48,,,,*59
$GAGSV,2,1,07,04,38,253,45,06,15,244,37,10,44,315,46,12,69,298,46*6B
$GAGSV,2,2,07,19,70,355,45,28,62,270,48,33,49,159,48,,,,*59
$GAGSV,2,1,07,04,38,253,45,06,15,244,37,10,44,315,46,12,69,298,46*6B
$GAGSV,2,2,07,19,70,355,45,28,62,270,48,33,49,159,48,,,,*59
$GAGSV,2,1,07,04,38,253,45,06,15,244,37,10,44,315,46,12,69,298,46*6B
$GAGSV,2,2,07,19,70,355,45,28,62,270,48,33,49,159,48,,,,*59
$GAGSV,2,1,07,04,38,253,45,06,15,244,37,10,44,315,46,12,69,298,46*6B
$GAGSV,2,2,07,19,70,355,45,28,62,270,48,33,49,159,48,,,,*59
$GAGSV,2,1,07,04,38,253,45,06,15,244,37,10,44,315,46,12,69,298,46*6B
$GAGSV,2,2,07,19,70,355,45,28,62,270,48,33,49,159,48,,,,*59
$GAGSV,2,1,07,04,38,253,45,06,15,244,37,10,44,315,47,12,69,298,46*6A
$GAGSV,2,2,07,19,70,355,45,28,62,270,49,33,49,159,48,,,,*58
$GAGSV,2,1,07,04,38,253,45,06,15,244,37,10,44,315,47,12,69,298,46*6A
$GAGSV,2,2,07,19,70,355,45,28,62,270,49,33,49,159,48,,,,*58
$GAGSV,2,1,07,04,38,253,45,06,15,244,37,10,44,315,47,12,69,298,46*6A
$GAGSV,2,2,07,19,70,355,45,28,62,270,49,33,49,159,48,,,,*58
$GAGSV,2,1,07,04,38,253,45,06,15,244,37,10,44,315,47,12,69,298,46*6A
$GAGSV,2,2,07,19,70,355,45,28,62,270,49,33,49,159,48,,,,*58
$GAGSV,2,1,07,04,38,253,45,06,15,244,37,10,44,315,47,12,69,298,46*6A
$GAGSV,2,2,07,19,70,355,45,28,62,270,49,33,49,159,48,,,,*58
$GAGSV,2,1,07,04,38,253,45,06,15,244,38,10,44,315,47,12,69,298,46*65
$GAGSV,2,2,07,19,70,355,45,28,62,270,49,33,49,159,48,,,,*58
$GAGSV,2,1,07,04,38,253,45,06,15,244,38,10,44,315,47,12,69,298,46*65
$GAGSV,2,2,07,19,70,355,45,28,62,270,49,33,49,159,48,,,,*58
$GAGSV,2,1,07,04,38,253,45,06,15,244,38,10,44,315,47,12,69,298,46*65
$GAGSV,2,2,07,19,70,355,45,28,62,270,49,33,49,159,48,,,,*58
$GAGSV,2,1,07,04,38,253,45,06,15,244,38,10,44,315,47,12,69,298,46*65
$GAGSV,2,2,07,19,70,355,46,28,62,270,49,33,49,159,48,,,,*5B
$GAGSV,2,1,07,04,38,253,45,06,15,244,38,10,44,315,47,12,69,298,46*65
$GAGSV,2,2,07,19,70,355,46,28,62,270,49,33,49,159,48,,,,*5B
$GAGSV,2,1,07,04,38,253,45,06,15,244,38,10,44,315,47,12,69,298,46*65
$GAGSV,2,2,07,19,70,355,46,28,62,270,49,33,49,159,48,,,,*5B
$GAGSV,2,1,07,04,38,253,45,06,15,244,38,10,44,315,47,12,69,298,46*65
$GAGSV,2,2,07,19,70,355,46,28,62,270,49,33,49,159,48,,,,*5B
$GAGSV,2,1,07,04,38,253,46,06,15,244,38,10,44,315,47,12,69,298,46*66
$GAGSV,2,2,07,19,70,355,46,28,62,270,49,33,49,159,48,,,,*5B
$GAGSV,2,1,07,04,38,253,46,06,15,244,38,10,44,315,47,12,69,298,46*66
$GAGSV,2,2,07,19,70,355,45,28,62,270,49,33,49,159,48,,,,*58
$GAGSV,2,1,07,04,38,253,46,06,15,244,38,10,44,315,47,12,69,298,46*66
$GAGSV,2,2,07,19,70,355,45,28,62,270,49,33,49,159,48,,,,*58
$GAGSV,2,1,07,04,38,253,45,06,15,244,38,10,44,315,47,12,69,298,46*65
$GAGSV,2,2,07,19,70,355,45,28,62,270,49,33,49,159,48,,,,*58
$GAGSV,2,1,07,04,38,253,45,06,15,244,38,10,44,315,47,12,69,298,46*65
$GAGSV,2,2,07,19,70,355,45,28,62,270,49,33,49,159,48,,,,*58
$GAGSV,2,1,07,04,38,253,45,06,15,244,38,10,44,315,47,12,69,298,46*65
$GAGSV,2,2,07,19,70,355,46,28,62,270,49,33,49,159,48,,,,*5B
$GAGSV,2,1,07,04,38,253,45,06,15,244,38,10,44,315,47,12,69,298,46*65
$GAGSV,2,2,07,19,70,355,46,28,62,270,49,33,49,159,48,,,,*5B
$GAGSV,2,1,07,04,38,253,46,06,15,244,38,10,44,315,47,12,69,298,46*66
$GAGSV,2,2,07,19,70,355,45,28,62,270,49,33,49,159,48,,,,*58
$GAGSV,2,1,07,04,38,253,46,06,15,244,38,10,44,315,47,12,69,298,46*66
$GAGSV,2,2,07,19,70,355,45,28,62,270,49,33,49,159,48,,,,*58
$GAGSV,2,1,07,04,38,253,45,06,15,244,38,10,44,315,47,12,69,298,46*65
$GAGSV,2,2,07,19,70,355,45,28,62,270,49,33,49,159,48,,,,*58
$GAGSV,2,1,07,04,38,253,45,06,15,244,38,10,44,315,47,12,69,298,46*65
$GAGSV,2,2,07,19,70,355,45,28,62,270,49,33,49,159,48,,,,*58
$GAGSV,2,1,07,04,38,253,45,06,15,244,38,10,44,315,47,12,69,298,46*65
$GAGSV,2,2,07,19,70,355,45,28,62,270,49,33,49,159,48,,,,*58
$GAGSV,2,1,07,04,38,253,45,06,15,244,38,10,44,315,47,12,69,298,46*65
$GAGSV,2,2,07,19,70,355,45,28,62,270,49,33,49,159,48,,,,*58
$GAGSV,2,1,07,04,38,253,45,06,15,244,38,10,44,315,47,12,69,298,46*65
$GAGSV,2,2,07,19,70,355,45,28,62,270,49,33,49,159,48,,,,*58
$GAGSV,2,1,07,04,38,253,45,06,15,244,38,10,44,315,47,12,69,298,46*65
$GAGSV,2,2,07,19,70,355,45,28,62,270,49,33,49,159,48,,,,*58
$GAGSV,2,1,07,04,38,253,45,06,15,244,38,10,44,315,47,12,69,298,46*65
$GAGSV,2,2,07,19,70,355,45,28,62,270,49,33,49,159,47,,,,*57
$GAGSV,2,1,07,04,38,253,45,06,15,244,38,10,44,315,47,12,69,298,46*65
$GAGSV,2,2,07,19,70,355,45,28,62,270,49,33,49,159,47,,,,*57
$GAGSV,2,1,07,04,38,253,45,06,15,244,38,10,44,315,47,12,69,298,46*65
$GAGSV,2,2,07,19,70,355,45,28,62,270,49,33,49,159,47,,,,*57
$GAGSV,2,1,07,04,38,253,45,06,15,244,38,10,44,315,47,12,69,298,46*65
$GAGSV,2,2,07,19,70,355,45,28,62,270,49,33,49,159,47,,,,*57
$GAGSV,2,1,07,04,38,253,45,06,15,244,38,10,44,315,47,12,69,298,46*65
$GAGSV,2,2,07,19,70,355,45,28,62,270,49,33,49,159,47,,,,*57
$GAGSV,2,1,07,04,38,253,45,06,15,244,38,10,44,315,47,12,69,298,46*65
$GAGSV,2,2,07,19,70,355,45,28,62,270,49,33,49,159,47,,,,*57
$GAGSV,2,1,07,04,38,253,45,06,15,244,38,10,44,315,47,12,69,298,46*65
$GAGSV,2,2,07,19,70,355,45,28,62,270,49,33,49,159,47,,,,*57
$GAGSV,2,1,07,04,38,253,45,06,15,244,38,10,44,315,47,12,69,298,46*65
$GAGSV,2,2,07,19,70,355,45,28,62,270,49,33,49,159,47,,,,*57
$GAGSV,2,1,07,04,38,253,45,06,15,244,38,10,44,315,47,12,69,298,46*65
$GAGSV,2,2,07,19,70,355,46,28,62,270,48,33,49,159,47,,,,*55
$GAGSV,2,1,07,04,38,253,45,06,15,244,38,10,44,315,47,12,69,298,46*65
$GAGSV,2,2,07,19,70,355,46,28,62,270,48,33,49,159,47,,,,*55
$GAGSV,2,1,07,04,38,253,45,06,15,244,38,10,44,315,47,12,69,298,46*65
$GAGSV,2,2,07,19,70,355,46,28,62,270,48,33,49,159,48,,,,*5A
$GAGSV,2,1,07,04,38,253,45,06,15,244,38,10,44,315,47,12,69,298,46*65
$GAGSV,2,2,07,19,70,355,46,28,62,270,48,33,49,159,48,,,,*5A
$GAGSV,2,1,07,04,38,253,45,06,15,244,38,10,44,315,47,12,69,298,46*65
$GAGSV,2,2,07,19,70,355,45,28,62,270,48,33,49,159,48,,,,*59
$GAGSV,2,1,07,04,38,253,45,06,15,244,38,10,44,315,47,12,69,298,45*66
$GAGSV,2,2,07,19,70,355,45,28,62,270,48,33,49,159,48,,,,*59
$GAGSV,2,1,07,04,39,253,45,06,15,244,38,10,44,315,47,12,69,298,45*67
$GAGSV,2,2,07,19,70,355,45,28,62,270,48,33,49,159,48,,,,*59
$GAGSV,2,1,07,04,39,253,45,06,15,244,38,10,44,315,47,12,69,298,45*67
$GAGSV,2,2,07,19,70,355,45,28,62,270,48,33,49,159,48,,,,*59
$GAGSV,2,1,07,04,39,253,45,06,15,244,38,10,44,315,48,12,69,298,45*68
$GAGSV,2,2,07,19,70,355,45,28,62,270,48,33,49,159,48,,,,*59
$GAGSV,2,1,07,04,39,253,44,06,15,244,38,10,44,315,48,12,69,298,45*69
$GAGSV,2,2,07,19,70,355,45,28,62,270,48,33,49,159,48,,,,*59
$GAGSV,2,1,07,04,39,253,44,06,15,244,38,10,44,315,48,12,69,298,45*69
$GAGSV,2,2,07,19,70,355,45,28,62,270,49,33,49,159,48,,,,*58
$GAGSV,2,1,07,04,39,253,44,06,15,244,38,10,44,315,48,12,69,298,46*6A
$GAGSV,2,2,07,19,70,355,45,28,62,270,49,33,49,159,48,,,,*58
$GAGSV,2,1,07,04,39,253,44,06,15,244,38,10,44,315,48,12,69,298,46*6A
$GAGSV,2,2,07,19,70,355,45,28,62,270,49,33,49,159,48,,,,*58
$GAGSV,2,1,07,04,39,253,44,06,15,244,38,10,44,315,48,12,69,298,46*6A
$GAGSV,2,2,07,19,70,355,45,28,62,270,49,33,49,159,48,,,,*58
$GAGSV,2,1,07,04,39,253,44,06,15,244,38,10,44,315,48,12,69,298,46*6A
$GAGSV,2,2,07,19,70,355,45,28,62,270,48,33,49,159,47,,,,*56
$GAGSV,2,1,07,04,39,253,44,06,15,244,38,10,44,315,47,12,69,298,46*65
$GAGSV,2,2,07,19,70,355,45,28,62,270,48,33,49,159,47,,,,*56
$GAGSV,2,1,07,04,39,253,44,06,15,244,38,10,44,315,47,12,69,298,46*65
$GAGSV,2,2,07,19,70,355,45,28,62,270,48,33,49,159,47,,,,*56
$GAGSV,2,1,07,04,39,253,44,06,15,244,38,10,44,315,47,12,69,298,46*65
$GAGSV,2,2,07,19,70,355,45,28,62,270,48,33,49,159,47,,,,*56
$GAGSV,2,1,07,04,39,253,44,06,15,244,38,10,44,315,47,12,69,298,46*65
$GAGSV,2,2,07,19,70,355,45,28,62,270,48,33,49,159,47,,,,*56
$GAGSV,2,1,07,04,39,253,44,06,15,244,38,10,44,315,47,12,69,298,46*65
$GAGSV,2,2,07,19,70,355,45,28,62,270,48,33,49,159,47,,,,*56
$GAGSV,2,1,07,04,39,253,44,06,15,244,38,10,44,315,47,12,69,298,46*65
$GAGSV,2,2,07,19,70,355,45,28,62,270,48,33,49,159,47,,,,*56
$GAGSV,2,1,07,04,39,253,44,06,15,244,38,10,44,315,47,12,69,298,46*65
$GAGSV,2,2,07,19,70,355,45,28,62,270,48,33,49,159,47,,,,*56
$GAGSV,2,1,07,04,39,253,44,06,15,244,38,10,44,315,47,12,69,298,46*65
$GAGSV,2,2,07,19,70,355,45,28,62,270,48,33,49,159,47,,,,*56
$GAGSV,2,1,07,04,39,253,44,06,15,244,38,10,44,315,47,12,69,298,46*65
$GAGSV,2,2,07,19,70,355,45,28,62,270,49,33,49,159,47,,,,*57
$GAGSV,2,1,07,04,39,253,44,06,15,244,38,10,44,315,47,12,69,298,45*66
$GAGSV,2,2,07,19,70,355,45,28,62,270,49,33,49,159,47,,,,*57
$GAGSV,2,1,07,04,39,253,44,06,15,244,38,10,44,315,47,12,69,298,46*65
$GAGSV,2,2,07,19,70,355,45,28,62,270,49,33,49,159,47,,,,*57
$GAGSV,2,1,07,04,39,253,44,06,15,244,38,10,45,315,47,12,69,298,46*64
$GAGSV,2,2,07,19,70,355,45,28,62,270,49,33,49,159,47,,,,*57
$GAGSV,2,1,07,04,39,253,44,06,15,244,38,10,45,315,47,12,69,298,46*64
$GAGSV,2,2,07,19,70,355,45,28,62,270,49,33,49,159,47,,,,*57
$GAGSV,2,1,07,04,39,253,44,06,15,244,38,10,45,315,47,12,69,298,46*64
$GAGSV,2,2,07,19,70,355,45,28,62,270,49,33,49,159,47,,,,*57
$GAGSV,2,1,07,04,39,253,44,06,15,244,38,10,45,315,47,12,69,298,46*64
$GAGSV,2,2,07,19,70,355,45,28,62,270,49,33,49,159,47,,,,*57
$GAGSV,2,1,07,04,39,253,44,06,15,244,38,10,45,315,47,12,69,298,46*64
$GAGSV,2,2,07,19,70,355,45,28,62,270,49,33,49,159,47,,,,*57
$GAGSV,2,1,07,04,39,253,44,06,15,244,38,10,45,315,47,12,69,298,46*64
$GAGSV,2,2,07,19,70,355,45,28,62,270,49,33,49,159,47,,,,*57
$GAGSV,2,1,07,04,39,253,44,06,15,244,38,10,45,315,47,12,69,298,46*64
$GAGSV,2,2,07,19,70,355,45,28,62,270,49,33,49,159,47,,,,*57
$GAGSV,2,1,07,04,39,253,44,06,15,244,38,10,45,315,47,12,69,298,46*64
$GAGSV,2,2,07,19,70,355,45,28,62,270,49,33,49,159,47,,,,*57
$GAGSV,2,1,07,04,39,253,44,06,15,244,38,10,45,315,47,12,69,298,46*64
$GAGSV,2,2,07,19,70,355,45,28,62,270,49,33,49,159,47,,,,*57
$GAGSV,2,1,07,04,39,253,44,06,15,244,37,10,45,315,47,12,69,298,46*6B
$GAGSV,2,2,07,19,70,355,45,28,62,270,49,33,49,159,47,,,,*57
$GAGSV,2,1,07,04,39,253,44,06,15,244,37,10,45,315,47,12,69,298,46*6B
$GAGSV,2,2,07,19,70,355,45,28,62,270,49,33,49,159,47,,,,*57
$GAGSV,2,1,07,04,39,253,44,06,15,244,36,10,45,315,47,12,69,298,46*6A
$GAGSV,2,2,07,19,70,355,45,28,62,270,49,33,49,159,47,,,,*57
$GAGSV,2,1,07,04,39,253,44,06,15,244,36,10,45,315,47,12,69,298,46*6A
$GAGSV,2,2,07,19,70,355,45,28,62,270,49,33,49,159,47,,,,*57
$GAGSV,2,1,07,04,39,253,44,06,15,244,36,10,45,315,47,12,69,298,46*6A
$GAGSV,2,2,07,19,70,355,45,28,62,270,49,33,49,159,47,,,,*57
$GAGSV,2,1,07,04,39,253,44,06,15,244,36,10,45,315,47,12,69,298,46*6A
$GAGSV,2,2,07,19,70,355,45,28,62,270,49,33,49,159,47,,,,*57
$GAGSV,2,1,07,04,39,253,44,06,15,244,36,10,45,315,47,12,69,298,46*6A
$GAGSV,2,2,07,19,70,355,45,28,62,270,49,33,49,159,47,,,,*57
$GAGSV,2,1,07,04,39,253,44,06,15,244,36,10,45,315,47,12,69,298,46*6A
$GAGSV,2,2,07,19,70,355,45,28,62,270,49,33,49,159,47,,,,*57
$GAGSV,2,1,07,04,39,253,44,06,15,244,36,10,45,315,47,12,69,298,46*6A
$GAGSV,2,2,07,19,70,355,45,28,62,270,49,33,49,159,47,,,,*57
$GAGSV,2,1,07,04,39,253,44,06,15,244,36,10,45,315,47,12,69,298,46*6A
$GAGSV,2,2,07,19,70,355,45,28,62,270,49,33,49,159,47,,,,*57
$GAGSV,2,1,07,04,39,253,44,06,15,244,36,10,45,315,47,12,69,298,46*6A
$GAGSV,2,2,07,19,70,355,45,28,62,270,49,33,49,159,47,,,,*57
$GAGSV,2,1,07,04,39,253,44,06,15,244,36,10,45,315,47,12,69,298,46*6A
$GAGSV,2,2,07,19,70,355,45,28,62,270,49,33,49,159,47,,,,*57
$GAGSV,2,1,07,04,39,253,44,06,15,244,36,10,45,315,47,12,69,298,46*6A
$GAGSV,2,2,07,19,70,355,45,28,62,270,49,33,49,159,47,,,,*57
$GAGSV,2,1,07,04,39,253,44,06,15,244,36,10,45,315,47,12,69,298,46*6A
$GAGSV,2,2,07,19,70,355,45,28,62,270,49,33,49,159,48,,,,*58
$GAGSV,2,1,07,04,39,253,44,06,15,244,36,10,45,315,47,12,69,298,46*6A
$GAGSV,2,2,07,19,70,355,45,28,62,270,49,33,49,159,48,,,,*58
$GAGSV,2,1,07,04,39,253,44,06,15,244,36,10,45,315,47,12,69,298,46*6A
$GAGSV,2,2,07,19,70,355,45,28,62,270,49,33,49,159,48,,,,*58
$GAGSV,2,1,07,04,39,253,44,06,15,244,36,10,45,315,47,12,69,298,46*6A
$GAGSV,2,2,07,19,70,355,45,28,62,270,49,33,49,159,48,,,,*58
$GAGSV,2,1,07,04,39,253,44,06,15,244,36,10,45,315,47,12,69,298,46*6A
$GAGSV,2,2,07,19,70,355,45,28,62,270,49,33,49,159,48,,,,*58
$GAGSV,2,1,07,04,39,253,44,06,15,244,36,10,45,315,47,12,69,298,46*6A
$GAGSV,2,2,07,19,70,355,45,28,62,270,49,33,49,159,48,,,,*58
$GAGSV,2,1,07,04,39,253,44,06,15,244,36,10,45,315,47,12,69,298,46*6A
$GAGSV,2,2,07,19,70,355,45,28,62,270,49,33,49,159,48,,,,*58
$GAGSV,2,1,07,04,39,253,44,06,15,244,36,10,45,315,47,12,69,298,46*6A
$GAGSV,2,2,07,19,70,355,45,28,62,270,49,33,49,159,48,,,,*58
$GAGSV,2,1,07,04,39,253,44,06,15,244,36,10,45,315,47,12,69,298,46*6A
$GAGSV,2,2,07,19,70,355,45,28,62,270,49,33,49,159,48,,,,*58
$GAGSV,2,1,07,04,39,253,44,06,15,244,36,10,45,315,47,12,69,298,46*6A
$GAGSV,2,2,07,19,70,355,45,28,62,270,49,33,49,159,48,,,,*58
$GAGSV,2,1,07,04,39,253,44,06,15,244,36,10,45,315,47,12,69,298,46*6A
$GAGSV,2,2,07,19,70,355,45,28,62,270,49,33,49,159,48,,,,*58
$GAGSV,2,1,07,04,39,253,44,06,15,244,36,10,45,315,47,12,69,298,46*6A
$GAGSV,2,2,07,19,70,355,45,28,62,270,49,33,49,159,48,,,,*58
$GAGSV,2,1,07,04,39,253,44,06,15,244,36,10,45,315,47,12,69,298,46*6A
$GAGSV,2,2,07,19,70,355,45,28,62,270,48,33,49,159,48,,,,*59
$GAGSV,2,1,07,04,39,253,44,06,15,244,36,10,45,315,47,12,69,298,46*6A
$GAGSV,2,2,07,19,70,355,45,28,62,270,48,33,49,159,48,,,,*59
$GAGSV,2,1,07,04,39,253,44,06,15,244,36,10,45,315,47,12,69,298,46*6A
$GAGSV,2,2,07,19,70,355,45,28,62,270,48,33,49,159,48,,,,*59
$GAGSV,2,1,07,04,39,253,44,06,15,244,36,10,45,315,47,12,69,298,46*6A
$GAGSV,2,2,07,19,70,355,45,28,62,270,48,33,49,159,48,,,,*59
$GAGSV,2,1,07,04,39,253,44,06,15,244,36,10,45,315,47,12,69,298,46*6A
$GAGSV,2,2,07,19,70,355,45,28,62,270,48,33,49,159,48,,,,*59
$GAGSV,2,1,07,04,39,253,44,06,15,244,36,10,45,315,47,12,69,298,46*6A
$GAGSV,2,2,07,19,70,355,45,28,62,270,48,33,49,159,48,,,,*59
$GAGSV,2,1,07,04,39,253,44,06,15,244,36,10,45,315,47,12,69,298,46*6A
$GAGSV,2,2,07,19,70,355,45,28,62,270,48,33,49,159,48,,,,*59
$GAGSV,2,1,07,04,39,253,44,06,15,244,36,10,45,315,47,12,69,298,46*6A
$GAGSV,2,2,07,19,70,355,45,28,62,270,48,33,49,159,48,,,,*59
$GAGSV,2,1,07,04,39,253,44,06,15,244,36,10,45,315,47,12,69,298,46*6A
$GAGSV,2,2,07,19,70,355,45,28,62,270,48,33,49,159,48,,,,*59
$GAGSV,2,1,07,04,39,253,44,06,15,244,36,10,45,315,47,12,69,298,46*6A
$GAGSV,2,2,07,19,70,355,45,28,62,270,48,33,49,159,48,,,,*59
$GAGSV,2,1,07,04,39,253,44,06,15,244,36,10,45,315,47,12,69,298,46*6A
$GAGSV,2,2,07,19,70,355,45,28,62,270,48,33,49,159,48,,,,*59
$GAGSV,2,1,07,04,39,253,44,06,15,244,36,10,45,315,47,12,69,298,46*6A
$GAGSV,2,2,07,19,70,355,45,28,62,270,48,33,49,159,48,,,,*59
$GAGSV,2,1,07,04,39,253,44,06,15,244,36,10,45,315,47,12,69,298,46*6A
$GAGSV,2,2,07,19,70,355,45,28,62,270,48,33,49,159,48,,,,*59
$GAGSV,2,1,07,04,39,253,44,06,15,244,36,10,45,315,47,12,69,298,46*6A
$GAGSV,2,2,07,19,70,355,45,28,62,270,48,33,49,159,48,,,,*59
$GAGSV,2,1,07,04,39,253,44,06,15,244,36,10,45,315,47,12,69,298,46*6A
$GAGSV,2,2,07,19,70,355,45,28,62,270,48,33,49,159,48,,,,*59
$GAGSV,2,1,07,04,39,253,44,06,15,244,36,10,45,315,47,12,69,298,46*6A
$GAGSV,2,2,07,19,70,355,45,28,62,270,48,33,49,159,48,,,,*59
$GAGSV,2,1,07,04,39,253,44,06,15,244,36,10,45,315,47,12,69,298,46*6A
$GAGSV,2,2,07,19,70,355,45,28,62,270,48,33,49,159,48,,,,*59
$GAGSV,2,1,07,04,39,253,44,06,15,244,36,10,45,315,47,12,69,298,46*6A
$GAGSV,2,2,07,19,70,355,45,28,62,270,48,33,49,159,48,,,,*59
$GAGSV,2,1,07,04,39,253,44,06,15,244,36,10,45,315,47,12,69,298,46*6A
$GAGSV,2,2,07,19,70,355,45,28,62,270,48,33,49,159,48,,,,*59
$GAGSV,2,1,07,04,39,253,44,06,15,244,36,10,45,315,47,12,69,298,46*6A
$GAGSV,2,2,07,19,70,355,45,28,62,270,48,33,49,159,48,,,,*59
$GAGSV,2,1,07,04,39,253,44,06,15,244,36,10,45,315,47,12,69,298,47*6B
$GAGSV,2,2,07,19,70,355,45,28,62,270,48,33,49,159,48,,,,*59
$GAGSV,2,1,07,04,39,253,44,06,15,244,36,10,45,315,47,12,69,298,46*6A
$GAGSV,2,2,07,19,70,355,45,28,62,270,48,33,49,159,48,,,,*59
$GAGSV,2,1,07,04,39,253,44,06,15,244,36,10,45,315,47,12,69,298,47*6B
$GAGSV,2,2,07,19,70,355,45,28,62,270,48,33,49,159,48,,,,*59
$GAGSV,2,1,07,04,39,253,44,06,15,244,36,10,45,315,47,12,69,298,47*6B
$GAGSV,2,2,07,19,70,355,45,28,62,270,48,33,49,159,48,,,,*59
$GAGSV,2,1,07,04,39,253,44,06,15,244,36,10,45,315,47,12,69,298,47*6B
$GAGSV,2,2,07,19,70,355,45,28,62,270,48,33,49,159,48,,,,*59
$GAGSV,2,1,07,04,39,253,44,06,15,244,36,10,45,315,46,12,69,298,46*6B
$GAGSV,2,2,07,19,70,355,45,28,62,270,48,33,49,159,48,,,,*59
$GAGSV,2,1,07,04,39,253,44,06,15,244,36,10,45,315,46,12,69,298,46*6B
$GAGSV,2,2,07,19,70,355,45,28,62,270,48,33,49,159,48,,,,*59
$GAGSV,2,1,07,04,39,253,44,06,15,244,36,10,45,315,46,12,69,298,47*6A
$GAGSV,2,2,07,19,70,355,45,28,62,270,48,33,49,159,48,,,,*59
$GAGSV,2,1,07,04,39,253,44,06,15,244,36,10,45,315,47,12,69,298,47*6B
$GAGSV,2,2,07,19,70,355,45,28,62,270,48,33,49,159,48,,,,*59
$GAGSV,2,1,07,04,39,253,44,06,15,244,36,10,45,315,47,12,69,298,47*6B
$GAGSV,2,2,07,19,70,355,45,28,62,270,48,33,49,159,48,,,,*59
$GAGSV,2,1,07,04,39,253,43,06,15,244,36,10,45,315,47,12,69,298,46*6D
$GAGSV,2,2,07,19,70,355,45,28,62,270,48,33,49,159,48,,,,*59
$GAGSV,2,1,07,04,39,253,43,06,15,244,36,10,45,315,46,12,69,298,46*6C
$GAGSV,2,2,07,19,70,355,45,28,62,270,48,33,49,159,48,,,,*59
$GAGSV,2,1,07,04,39,253,43,06,15,244,36,10,45,315,46,12,69,298,46*6C
$GAGSV,2,2,07,19,70,355,45,28,62,270,48,33,49,159,48,,,,*59
$GAGSV,2,1,07,04,39,253,43,06,15,244,35,10,45,315,46,12,69,298,46*6F
$GAGSV,2,2,07,19,70,355,45,28,62,270,48,33,49,159,48,,,,*59
$GAGSV,2,1,07,04,39,253,43,06,15,244,35,10,45,315,46,12,69,298,46*6F
$GAGSV,2,2,07,19,70,355,45,28,62,270,48,33,49,159,48,,,,*59
$GAGSV,2,1,07,04,39,253,43,06,15,244,35,10,45,315,46,12,69,298,46*6F
$GAGSV,2,2,07,19,70,355,45,28,62,270,48,33,49,159,48,,,,*59
$GAGSV,2,1,07,04,39,253,43,06,15,244,35,10,45,315,46,12,69,298,46*6F
$GAGSV,2,2,07,19,70,355,45,28,62,270,48,33,49,159,48,,,,*59
$GAGSV,2,1,07,04,39,253,43,06,15,244,35,10,45,315,46,12,69,298,46*6F
$GAGSV,2,2,07,19,70,355,45,28,62,270,49,33,49,159,48,,,,*58
$GAGSV,2,1,07,04,39,253,44,06,15,244,35,10,45,315,46,12,69,298,46*68
$GAGSV,2,2,07,19,70,355,45,28,62,270,49,33,49,159,48,,,,*58
$GAGSV,2,1,07,04,39,253,44,06,15,244,35,10,45,315,46,12,69,298,46*68
$GAGSV,2,2,07,19,70,355,45,28,62,270,49,33,49,159,48,,,,*58
$GAGSV,2,1,07,04,39,253,44,06,15,244,36,10,45,315,46,12,69,298,46*6B
$GAGSV,2,2,07,19,70,355,45,28,62,270,49,33,49,159,48,,,,*58
$GAGSV,2,1,07,04,39,253,44,06,15,244,36,10,45,315,46,12,69,298,46*6B
$GAGSV,2,2,07,19,70,355,45,28,62,270,49,33,49,159,48,,,,*58
$GAGSV,2,1,07,04,39,253,44,06,15,244,36,10,45,315,46,12,69,298,46*6B
$GAGSV,2,2,07,19,70,355,45,28,62,270,49,33,49,159,48,,,,*58
$GAGSV,2,1,07,04,39,253,44,06,15,244,36,10,45,315,46,12,69,298,46*6B
$GAGSV,2,2,07,19,70,355,45,28,62,270,49,33,49,159,48,,,,*58
$GAGSV,2,1,07,04,39,253,44,06,15,244,36,10,45,315,46,12,69,298,46*6B
$GAGSV,2,2,07,19,70,355,45,28,62,270,49,33,49,159,48,,,,*58
$GAGSV,2,1,07,04,39,253,44,06,15,244,36,10,45,315,46,12,69,298,46*6B
$GAGSV,2,2,07,19,70,355,45,28,62,270,49,33,49,159,47,,,,*57
$GAGSV,2,1,07,04,39,253,44,06,15,244,36,10,45,315,46,12,69,298,46*6B
$GAGSV,2,2,07,19,70,355,45,28,62,270,49,33,49,159,47,,,,*57
$GAGSV,2,1,07,04,39,253,44,06,15,244,37,10,45,315,46,12,69,298,46*6A
$GAGSV,2,2,07,19,70,355,45,28,62,270,49,33,49,159,47,,,,*57
$GAGSV,2,1,07,04,39,253,44,06,15,244,37,10,45,315,46,12,69,298,46*6A
$GAGSV,2,2,07,19,70,355,45,28,62,270,49,33,49,159,47,,,,*57
$GAGSV,2,1,07,04,39,253,44,06,15,244,37,10,45,315,46,12,69,298,46*6A
$GAGSV,2,2,07,19,70,355,45,28,62,270,49,33,49,159,47,,,,*57
$GAGSV,2,1,07,04,39,253,44,06,15,244,37,10,45,315,46,12,69,298,46*6A
$GAGSV,2,2,07,19,70,355,45,28,62,270,49,33,49,159,47,,,,*57
$GAGSV,2,1,07,04,39,253,44,06,15,244,37,10,45,315,47,12,69,298,46*6B
$GAGSV,2,2,07,19,70,355,45,28,62,270,49,33,49,159,47,,,,*57
$GAGSV,2,1,07,04,39,253,44,06,15,244,37,10,45,315,47,12,69,298,46*6B
$GAGSV,2,2,07,19,70,355,45,28,62,270,49,33,49,159,47,,,,*57
$GAGSV,2,1,07,04,39,253,44,06,15,244,37,10,45,315,47,12,69,298,46*6B
$GAGSV,2,2,07,19,70,355,44,28,62,270,48,33,49,159,47,,,,*57
$GAGSV,2,1,07,04,39,253,44,06,15,244,37,10,45,315,47,12,69,298,46*6B
$GAGSV,2,2,07,19,70,355,44,28,62,270,48,33,49,159,47,,,,*57
$GAGSV,2,1,07,04,39,253,44,06,15,244,37,10,45,315,47,12,69,298,46*6B
$GAGSV,2,2,07,19,70,355,44,28,62,270,48,33,49,159,47,,,,*57
$GAGSV,2,1,07,04,39,253,44,06,15,244,37,10,45,315,47,12,69,298,46*6B
$GAGSV,2,2,07,19,70,355,44,28,62,270,48,33,49,159,47,,,,*57
$GAGSV,2,1,07,04,39,253,44,06,15,244,37,10,45,315,47,12,69,298,46*6B
$GAGSV,2,2,07,19,70,355,44,28,62,270,48,33,49,159,47,,,,*57
$GAGSV,2,1,07,04,39,253,44,06,15,244,37,10,45,315,47,12,69,298,46*6B
$GAGSV,2,2,07,19,70,355,44,28,62,270,48,33,49,159,47,,,,*57
$GAGSV,2,1,07,04,39,253,44,06,15,244,37,10,45,315,47,12,69,298,46*6B
$GAGSV,2,2,07,19,70,355,44,28,62,270,48,33,49,159,48,,,,*58
$GAGSV,2,1,07,04,39,253,44,06,15,244,37,10,45,315,47,12,69,298,46*6B
$GAGSV,2,2,07,19,70,355,45,28,62,270,48,33,49,159,48,,,,*59
$GAGSV,2,1,07,04,39,253,44,06,15,244,37,10,45,315,47,12,69,298,46*6B
$GAGSV,2,2,07,19,70,355,45,28,62,270,48,33,49,159,48,,,,*59
$GAGSV,2,1,07,04,39,253,44,06,15,244,37,10,45,315,47,12,69,298,46*6B
$GAGSV,2,2,07,19,70,355,45,28,62,270,48,33,49,159,48,,,,*59
$GAGSV,2,1,07,04,39,253,44,06,15,244,37,10,45,315,47,12,69,298,46*6B
$GAGSV,2,2,07,19,70,355,45,28,62,270,48,33,49,159,48,,,,*59
$GAGSV,2,1,07,04,39,253,44,06,15,244,37,10,45,315,47,12,69,298,46*6B
$GAGSV,2,2,07,19,70,355,45,28,62,270,48,33,49,159,48,,,,*59
$GAGSV,2,1,07,04,39,253,44,06,15,244,37,10,45,315,47,12,69,298,46*6B
$GAGSV,2,2,07,19,70,355,45,28,62,270,48,33,49,159,48,,,,*59
$GAGSV,2,1,07,04,39,253,44,06,15,244,37,10,45,315,47,12,69,298,46*6B
$GAGSV,2,2,07,19,70,355,45,28,62,270,48,33,49,159,48,,,,*59
$GAGSV,2,1,07,04,39,253,44,06,15,244,37,10,45,315,47,12,69,298,46*6B
$GAGSV,2,2,07,19,70,355,45,28,62,270,48,33,49,159,48,,,,*59
$GAGSV,2,1,07,04,39,253,44,06,15,244,37,10,45,315,47,12,69,298,46*6B
$GAGSV,2,2,07,19,70,355,45,28,62,270,48,33,49,159,48,,,,*59
$GAGSV,2,1,07,04,39,253,44,06,15,244,37,10,45,315,47,12,69,298,46*6B
$GAGSV,2,2,07,19,70,355,45,28,62,270,48,33,49,159,48,,,,*59
$GAGSV,2,1,07,04,39,253,44,06,15,244,37,10,45,315,47,12,69,298,46*6B
$GAGSV,2,2,07,19,70,355,45,28,62,270,48,33,49,159,48,,,,*59
$GAGSV,2,1,07,04,39,253,44,06,15,244,37,10,45,315,47,12,69,298,46*6B
$GAGSV,2,2,07,19,70,355,45,28,62,271,48,33,49,159,48,,,,*58
$GAGSV,2,1,07,04,39,253,44,06,15,244,38,10,45,315,47,12,69,298,46*64
$GAGSV,2,2,07,19,70,355,45,28,62,271,48,33,49,159,48,,,,*58
$GAGSV,2,1,07,04,39,253,44,06,15,244,38,10,45,315,47,12,69,298,47*65
$GAGSV,2,2,07,19,70,355,45,28,62,271,48,33,49,159,48,,,,*58
$GAGSV,2,1,07,04,39,253,45,06,15,244,38,10,45,315,47,12,69,298,47*64
$GAGSV,2,2,07,19,70,355,45,28,62,271,48,33,49,159,48,,,,*58
$GAGSV,2,1,07,04,39,253,45,06,15,244,38,10,45,315,47,12,69,298,47*64
$GAGSV,2,2,07,19,70,355,45,28,62,271,48,33,49,159,48,,,,*58
$GAGSV,2,1,07,04,39,253,45,06,15,244,38,10,45,315,47,12,69,298,47*64
$GAGSV,2,2,07,19,70,355,45,28,62,271,48,33,49,159,48,,,,*58
$GAGSV,2,1,07,04,39,253,45,06,15,244,38,10,45,315,47,12,69,298,46*65
$GAGSV,2,2,07,19,70,355,45,28,62,271,48,33,49,159,48,,,,*58
$GAGSV,2,1,07,04,39,253,45,06,15,244,37,10,45,315,47,12,69,298,46*6A
$GAGSV,2,2,07,19,70,355,45,28,62,271,48,33,49,159,48,,,,*58
$GAGSV,2,1,07,04,39,253,45,06,15,244,36,10,45,315,47,12,69,298,46*6B
$GAGSV,2,2,07,19,70,355,45,28,62,271,48,33,49,159,47,,,,*57
$GAGSV,2,1,07,04,39,253,45,06,15,244,35,10,45,315,47,12,69,298,46*68
$GAGSV,2,2,07,19,70,355,45,28,62,271,48,33,49,159,47,,,,*57
$GAGSV,2,1,07,04,39,253,45,06,15,244,35,10,45,315,47,12,69,298,46*68
$GAGSV,2,2,07,19,70,355,45,28,62,271,48,33,49,159,47,,,,*57
$GAGSV,2,1,07,04,39,253,45,06,15,244,35,10,45,315,47,12,69,298,46*68
$GAGSV,2,2,07,19,70,355,45,28,62,271,48,33,49,159,47,,,,*57
$GAGSV,2,1,07,04,39,253,45,06,15,244,35,10,45,315,47,12,69,298,47*69
$GAGSV,2,2,07,19,70,355,45,28,62,271,48,33,49,159,47,,,,*57
$GAGSV,2,1,07,04,39,253,45,06,15,244,34,10,45,315,47,12,69,298,46*69
$GAGSV,2,2,07,19,70,355,45,28,62,271,48,33,49,159,47,,,,*57
$GAGSV,2,1,07,04,39,253,45,06,15,244,34,10,45,315,47,12,69,298,46*69
$GAGSV,2,2,07,19,70,355,45,28,62,271,48,33,49,159,47,,,,*57
$GAGSV,2,1,07,04,39,253,45,06,15,244,35,10,45,315,47,12,69,298,46*68
$GAGSV,2,2,07,19,70,355,45,28,62,271,48,33,49,159,47,,,,*57
$GAGSV,2,1,07,04,39,253,45,06,15,244,35,10,45,315,47,12,69,298,46*68
$GAGSV,2,2,07,19,70,355,45,28,62,271,48,33,49,159,47,,,,*57
$GAGSV,2,1,07,04,39,253,45,06,15,244,35,10,45,315,47,12,69,298,46*68
$GAGSV,2,2,07,19,70,355,45,28,62,271,48,33,49,159,47,,,,*57
$GAGSV,2,1,07,04,39,253,45,06,15,244,36,10,45,315,47,12,69,298,46*6B
$GAGSV,2,2,07,19,70,355,45,28,62,271,48,33,49,159,47,,,,*57
$GAGSV,2,1,07,04,39,253,45,06,15,244,36,10,45,315,47,12,69,298,46*6B
$GAGSV,2,2,07,19,70,355,45,28,62,271,48,33,49,159,47,,,,*57
$GAGSV,2,1,07,04,39,253,45,06,15,244,36,10,45,315,47,12,69,298,46*6B
$GAGSV,2,2,07,19,70,355,45,28,62,271,48,33,49,159,47,,,,*57
$GAGSV,2,1,07,04,39,253,45,06,15,244,36,10,45,315,47,12,69,298,46*6B
$GAGSV,2,2,07,19,70,355,45,28,62,271,48,33,49,159,47,,,,*57
$GAGSV,2,1,07,04,39,253,45,06,15,244,36,10,45,315,47,12,69,298,46*6B
$GAGSV,2,2,07,19,70,355,45,28,62,271,48,33,49,159,47,,,,*57
$GAGSV,2,1,07,04,39,253,45,06,15,244,36,10,45,315,47,12,69,298,46*6B
$GAGSV,2,2,07,19,70,355,46,28,62,271,48,33,49,159,47,,,,*54
$GAGSV,2,1,07,04,39,253,45,06,15,244,36,10,45,315,47,12,69,298,46*6B
$GAGSV,2,2,07,19,70,355,46,28,62,271,48,33,49,159,47,,,,*54
$GAGSV,2,1,07,04,39,253,45,06,15,244,36,10,45,315,47,12,69,298,47*6A
$GAGSV,2,2,07,19,70,355,46,28,62,271,48,33,49,159,47,,,,*54
$GAGSV,2,1,07,04,39,253,45,06,15,244,36,10,45,315,47,12,69,298,47*6A
$GAGSV,2,2,07,19,70,355,46,28,62,271,48,33,49,159,48,,,,*5B
$GAGSV,2,1,07,04,39,253,45,06,15,244,36,10,45,315,47,12,69,298,47*6A
$GAGSV,2,2,07,19,70,355,46,28,62,271,48,33,49,159,48,,,,*5B
$GAGSV,2,1,07,04,39,253,45,06,15,244,36,10,45,315,47,12,69,298,47*6A
$GAGSV,2,2,07,19,70,355,46,28,62,271,48,33,49,159,48,,,,*5B
$GAGSV,2,1,07,04,39,253,44,06,15,244,36,10,45,315,47,12,69,298,47*6B
$GAGSV,2,2,07,19,70,355,46,28,62,271,48,33,49,159,48,,,,*5B
$GAGSV,2,1,07,04,39,253,44,06,15,244,36,10,45,315,47,12,69,298,47*6B
$GAGSV,2,2,07,19,70,355,46,28,62,271,48,33,49,159,48,,,,*5B
$GAGSV,2,1,07,04,39,253,44,06,15,244,36,10,45,315,47,12,69,298,47*6B
$GAGSV,2,2,07,19,70,355,46,28,62,271,48,33,49,159,48,,,,*5B
$GAGSV,2,1,07,04,39,253,44,06,15,244,37,10,45,315,47,12,69,298,47*6A
$GAGSV,2,2,07,19,70,355,45,28,62,271,48,33,49,159,48,,,,*58
$GAGSV,2,1,07,04,39,253,44,06,15,244,37,10,45,315,47,12,69,298,47*6A
$GAGSV,2,2,07,19,70,355,45,28,62,271,48,33,49,159,48,,,,*58
$GAGSV,2,1,07,04,39,253,44,06,15,244,36,10,45,315,47,12,69,298,47*6B
$GAGSV,2,2,07,19,70,355,45,28,62,271,48,33,49,159,48,,,,*58
$GAGSV,2,1,07,04,39,253,44,06,15,244,36,10,45,315,47,12,69,298,47*6B
$GAGSV,2,2,07,19,70,355,45,28,62,271,48,33,49,159,48,,,,*58
$GAGSV,2,1,07,04,39,253,44,06,15,244,36,10,45,315,47,12,69,298,47*6B
$GAGSV,2,2,07,19,70,355,45,28,62,271,49,33,49,159,48,,,,*59
$GAGSV,2,1,07,04,39,253,44,06,15,244,36,10,45,315,47,12,69,298,47*6B
$GAGSV,2,2,07,19,70,355,45,28,62,271,49,33,49,159,48,,,,*59
$GAGSV,2,1,07,04,39,253,44,06,15,244,36,10,45,315,47,12,69,298,47*6B
$GAGSV,2,2,07,19,70,355,45,28,62,271,49,33,49,159,48,,,,*59
$GAGSV,2,1,07,04,39,253,44,06,15,244,35,10,45,315,47,12,69,298,47*68
$GAGSV,2,2,07,19,70,355,45,28,62,271,49,33,49,159,48,,,,*59
$GAGSV,2,1,07,04,39,253,44,06,15,244,35,10,45,315,47,12,69,298,47*68
$GAGSV,2,2,07,19,70,355,45,28,62,271,49,33,49,159,48,,,,*59
$GAGSV,2,1,07,04,39,253,44,06,15,244,34,10,45,315,47,12,69,298,47*69
$GAGSV,2,2,07,19,70,355,45,28,62,271,49,33,49,159,48,,,,*59
$GAGSV,2,1,07,04,39,253,44,06,15,244,34,10,45,315,47,12,69,298,47*69
$GAGSV,2,2,07,19,70,355,45,28,62,271,49,33,49,159,48,,,,*59
$GAGSV,2,1,07,04,39,253,44,06,15,244,34,10,45,315,47,12,69,298,47*69
$GAGSV,2,2,07,19,70,355,45,28,62,271,49,33,49,159,48,,,,*59
$GAGSV,2,1,07,04,39,253,44,06,15,244,34,10,45,315,47,12,69,298,47*69
$GAGSV,2,2,07,19,70,355,45,28,62,271,49,33,49,159,48,,,,*59
$GAGSV,2,1,07,04,39,253,43,06,15,244,34,10,45,315,47,12,69,298,47*6E
$GAGSV,2,2,07,19,70,355,45,28,62,271,49,33,49,159,48,,,,*59
$GAGSV,2,1,07,04,39,253,43,06,15,244,34,10,45,315,47,12,69,298,47*6E
$GAGSV,2,2,07,19,70,355,45,28,62,271,49,33,49,159,48,,,,*59
$GAGSV,2,1,07,04,39,253,43,06,15,244,35,10,45,315,47,12,69,298,47*6F
$GAGSV,2,2,07,19,70,355,45,28,62,271,49,33,49,159,48,,,,*59
$GAGSV,2,1,07,04,39,253,43,06,15,244,34,10,45,315,47,12,69,298,47*6E
$GAGSV,2,2,07,19,70,355,45,28,62,271,49,33,49,159,48,,,,*59
$GAGSV,2,1,07,04,39,253,43,06,15,244,34,10,45,315,47,12,69,298,47*6E
$GAGSV,2,2,07,19,70,355,45,28,62,271,48,33,49,159,48,,,,*58
$GAGSV,2,1,07,04,39,253,43,06,15,244,34,10,45,315,47,12,69,298,47*6E
$GAGSV,2,2,07,19,70,355,45,28,62,271,48,33,49,159,48,,,,*58
$GAGSV,2,1,07,04,39,253,43,06,15,244,34,10,45,315,47,12,69,298,47*6E
$GAGSV,2,2,07,19,70,355,45,28,62,271,48,33,49,159,48,,,,*58
$GAGSV,2,1,07,04,39,253,43,06,15,244,34,10,45,315,47,12,69,298,47*6E
$GAGSV,2,2,07,19,70,355,45,28,62,271,48,33,49,159,48,,,,*58
$GAGSV,2,1,07,04,39,253,44,06,15,244,34,10,45,315,47,12,69,298,47*69
$GAGSV,2,2,07,19,70,355,45,28,62,271,48,33,49,159,48,,,,*58
$GAGSV,2,1,07,04,39,253,44,06,15,244,34,10,45,315,47,12,69,298,47*69
$GAGSV,2,2,07,19,70,355,45,28,62,271,48,33,49,159,48,,,,*58
$GAGSV,2,1,07,04,39,253,44,06,15,244,34,10,45,315,47,12,69,298,47*69
$GAGSV,2,2,07,19,70,355,45,28,62,271,48,33,49,159,48,,,,*58
$GAGSV,2,1,07,04,39,253,44,06,15,244,34,10,45,315,47,12,69,298,47*69
$GAGSV,2,2,07,19,70,355,45,28,62,271,48,33,49,159,48,,,,*58
$GAGSV,2,1,07,04,39,253,44,06,15,244,34,10,45,315,47,12,69,298,47*69
$GAGSV,2,2,07,19,70,355,45,28,62,271,48,33,49,159,48,,,,*58
$GAGSV,2,1,07,04,39,253,44,06,15,244,34,10,45,315,47,12,69,298,47*69
$GAGSV,2,2,07,19,70,355,45,28,62,271,48,33,49,159,48,,,,*58
$GAGSV,2,1,07,04,39,253,44,06,15,244,34,10,45,315,47,12,69,298,47*69
$GAGSV,2,2,07,19,70,355,45,28,62,271,48,33,49,159,48,,,,*58
$GAGSV,2,1,07,04,39,253,44,06,15,244,34,10,45,315,47,12,69,298,47*69
$GAGSV,2,2,07,19,70,355,45,28,62,271,48,33,49,159,48,,,,*58
$GAGSV,2,1,07,04,39,253,44,06,15,244,34,10,45,315,47,12,69,298,47*69
$GAGSV,2,2,07,19,70,355,45,28,62,271,48,33,49,159,48,,,,*58
$GAGSV,2,1,07,04,39,253,44,06,15,244,34,10,45,315,47,12,69,298,47*69
$GAGSV,2,2,07,19,70,355,45,28,62,271,48,33,49,159,48,,,,*58
$GAGSV,2,1,07,04,39,253,44,06,15,244,34,10,45,315,47,12,69,298,47*69
$GAGSV,2,2,07,19,70,355,45,28,62,271,48,33,49,159,48,,,,*58
$GAGSV,2,1,07,04,39,253,44,06,15,244,34,10,45,315,47,12,69,298,46*68
$GAGSV,2,2,07,19,70,355,45,28,62,271,48,33,49,159,48,,,,*58
$GAGSV,2,1,07,04,39,253,44,06,15,244,35,10,45,315,47,12,69,298,46*69
$GAGSV,2,2,07,19,70,355,45,28,62,271,48,33,49,159,48,,,,*58
$GAGSV,2,1,07,04,39,253,44,06,15,244,35,10,45,315,47,12,69,298,46*69
$GAGSV,2,2,07,19,70,355,45,28,62,271,48,33,49,159,48,,,,*58
$GAGSV,2,1,07,04,39,253,44,06,15,244,35,10,45,315,47,12,69,298,46*69
$GAGSV,2,2,07,19,70,355,45,28,62,271,48,33,49,159,48,,,,*58
$GAGSV,2,1,07,04,39,253,44,06,15,244,35,10,45,315,47,12,69,298,46*69
$GAGSV,2,2,07,19,70,355,45,28,62,271,48,33,49,159,48,,,,*58
$GAGSV,2,1,07,04,39,253,44,06,15,244,35,10,45,315,47,12,69,298,46*69
$GAGSV,2,2,07,19,70,355,45,28,62,271,48,33,49,159,48,,,,*58
$GAGSV,2,1,07,04,39,253,44,06,15,244,35,10,45,315,47,12,69,298,46*69
$GAGSV,2,2,07,19,70,355,45,28,62,271,48,33,49,159,48,,,,*58
$GAGSV,2,1,07,04,39,253,44,06,15,244,35,10,45,315,47,12,69,298,46*69
$GAGSV,2,2,07,19,70,355,45,28,62,271,48,33,49,159,48,,,,*58
$GAGSV,2,1,07,04,39,253,44,06,15,244,34,10,45,315,47,12,69,298,46*68
$GAGSV,2,2,07,19,70,355,45,28,62,271,48,33,49,159,48,,,,*58
$GAGSV,2,1,07,04,39,253,44,06,15,244,34,10,45,315,47,12,69,298,46*68
$GAGSV,2,2,07,19,70,355,45,28,62,271,48,33,49,159,48,,,,*58
$GAGSV,2,1,07,04,39,253,44,06,15,244,33,10,45,315,47,12,69,298,46*6F
$GAGSV,2,2,07,19,70,355,46,28,62,271,48,33,49,159,48,,,,*5B
$GAGSV,2,1,07,04,39,253,44,06,15,244,34,10,45,315,47,12,69,298,46*68
$GAGSV,2,2,07,19,70,355,46,28,62,271,48,33,49,159,48,,,,*5B
$GAGSV,2,1,07,04,39,253,44,06,15,244,34,10,45,315,47,12,69,298,46*68
$GAGSV,2,2,07,19,70,355,46,28,62,271,48,33,49,159,48,,,,*5B
$GAGSV,2,1,07,04,39,253,44,06,15,244,34,10,45,315,47,12,69,298,46*68
$GAGSV,2,2,07,19,70,355,46,28,62,271,48,33,49,159,48,,,,*5B
$GAGSV,2,1,07,04,39,253,43,06,15,244,34,10,45,315,47,12,69,298,46*6F
$GAGSV,2,2,07,19,70,355,46,28,62,271,48,33,49,159,48,,,,*5B
$GAGSV,2,1,07,04,39,253,43,06,15,244,34,10,45,315,47,12,69,298,46*6F
$GAGSV,2,2,07,19,70,355,46,28,62,271,48,33,49,159,48,,,,*5B
$GAGSV,2,1,07,04,39,253,43,06,15,244,34,10,45,315,47,12,69,298,46*6F
$GAGSV,2,2,07,19,70,355,46,28,62,271,48,33,49,159,48,,,,*5B
$GAGSV,2,1,07,04,39,253,43,06,15,244,34,10,45,315,47,12,69,298,46*6F
$GAGSV,2,2,07,19,70,355,46,28,62,271,48,33,49,159,48,,,,*5B
$GAGSV,2,1,07,04,39,253,43,06,15,244,34,10,45,315,47,12,69,298,46*6F
$GAGSV,2,2,07,19,70,355,46,28,62,271,48,33,49,159,48,,,,*5B
$GAGSV,2,1,07,04,39,253,43,06,15,244,34,10,45,315,47,12,69,298,46*6F
$GAGSV,2,2,07,19,70,355,46,28,62,271,48,33,49,159,48,,,,*5B
$GAGSV,2,1,07,04,39,253,43,06,15,244,34,10,45,315,47,12,69,298,46*6F
$GAGSV,2,2,07,19,70,355,46,28,62,271,48,33,49,159,48,,,,*5B
$GAGSV,2,1,07,04,39,253,43,06,15,244,34,10,45,315,47,12,69,297,46*60
$GAGSV,2,2,07,19,70,355,46,28,62,271,48,33,49,159,48,,,,*5B
$GAGSV,2,1,07,04,39,253,43,06,15,244,35,10,45,315,47,12,69,297,46*61
$GAGSV,2,2,07,19,70,355,46,28,62,271,48,33,49,159,48,,,,*5B
$GAGSV,2,1,07,04,39,253,43,06,15,244,35,10,45,315,47,12,69,297,46*61
$GAGSV,2,2,07,19,70,355,46,28,62,271,48,33,49,159,48,,,,*5B
$GAGSV,2,1,07,04,39,253,43,06,15,244,35,10,45,315,47,12,69,297,46*61
$GAGSV,2,2,07,19,70,355,46,28,62,271,48,33,49,159,47,,,,*54
$GAGSV,2,1,07,04,39,253,43,06,15,244,35,10,45,315,47,12,69,297,46*61
$GAGSV,2,2,07,19,70,355,45,28,62,271,48,33,49,159,47,,,,*57
$GAGSV,2,1,07,04,39,253,43,06,15,244,35,10,45,315,47,12,69,297,46*61
$GAGSV,2,2,07,19,70,355,45,28,62,271,48,33,49,159,47,,,,*57
$GAGSV,2,1,07,04,39,253,43,06,15,244,35,10,45,315,47,12,69,297,46*61
$GAGSV,2,2,07,19,70,355,45,28,62,271,48,33,49,159,47,,,,*57
$GAGSV,2,1,07,04,39,253,43,06,15,244,35,10,45,315,47,12,69,297,46*61
$GAGSV,2,2,07,19,70,355,45,28,62,271,48,33,49,159,47,,,,*57
$GAGSV,2,1,07,04,39,253,43,06,15,244,35,10,45,315,47,12,69,297,46*61
$GAGSV,2,2,07,19,70,355,45,28,62,271,48,33,49,159,47,,,,*57
$GAGSV,2,1,07,04,39,253,43,06,15,244,35,10,45,315,47,12,69,297,47*60
$GAGSV,2,2,07,19,70,355,45,28,62,271,48,33,49,159,47,,,,*57
$GAGSV,2,1,07,04,39,253,43,06,15,244,34,10,45,315,47,12,69,297,47*61
$GAGSV,2,2,07,19,70,355,45,28,62,271,48,33,49,159,47,,,,*57
$GAGSV,2,1,07,04,39,253,43,06,15,244,34,10,45,315,47,12,69,297,47*61
$GAGSV,2,2,07,19,70,355,45,28,62,271,48,33,49,159,47,,,,*57
$GAGSV,2,1,07,04,39,253,43,06,15,244,34,10,45,315,47,12,69,297,47*61
$GAGSV,2,2,07,19,70,355,45,28,62,271,48,33,49,159,47,,,,*57
$GAGSV,2,1,07,04,39,253,43,06,15,244,34,10,45,315,47,12,69,297,47*61
$GAGSV,2,2,07,19,70,355,45,28,62,271,48,33,49,159,47,,,,*57
$GAGSV,2,1,07,04,39,253,43,06,15,244,34,10,45,315,47,12,69,297,47*61
$GAGSV,2,2,07,19,70,355,45,28,62,271,48,33,49,159,47,,,,*57
$GAGSV,2,1,07,04,39,253,43,06,15,244,35,10,45,315,47,12,69,297,47*60
$GAGSV,2,2,07,19,70,355,45,28,62,271,48,33,49,159,47,,,,*57
$GAGSV,2,1,07,04,39,253,43,06,15,244,35,10,45,315,47,12,69,297,47*60
$GAGSV,2,2,07,19,70,355,45,28,62,271,48,33,49,159,47,,,,*57
$GAGSV,2,1,07,04,39,253,43,06,15,244,35,10,45,315,47,12,69,297,47*60
$GAGSV,2,2,07,19,70,355,45,28,62,271,48,33,49,159,47,,,,*57
$GAGSV,2,1,07,04,39,253,43,06,15,244,35,10,45,315,47,12,69,297,47*60
$GAGSV,2,2,07,19,70,355,45,28,62,271,48,33,49,159,47,,,,*57
$GAGSV,2,1,07,04,39,253,43,06,15,244,35,10,45,315,46,12,69,297,47*61
$GAGSV,2,2,07,19,70,355,45,28,62,271,48,33,49,159,47,,,,*57
$GAGSV,2,1,07,04,39,253,43,06,15,244,35,10,45,315,47,12,69,297,47*60
$GAGSV,2,2,07,19,70,355,45,28,62,271,48,33,49,159,47,,,,*57
$GAGSV,2,1,07,04,39,253,43,06,15,244,35,10,45,315,47,12,69,297,47*60
$GAGSV,2,2,07,19,70,355,45,28,62,271,49,33,49,159,48,,,,*59
$GAGSV,2,1,07,04,39,253,43,06,15,244,34,10,45,315,47,12,69,297,47*61
$GAGSV,2,2,07,19,70,355,45,28,62,271,49,33,49,159,48,,,,*59
$GAGSV,2,1,07,04,39,253,43,06,15,244,34,10,45,315,47,12,69,297,46*60
$GAGSV,2,2,07,19,70,355,46,28,62,271,49,33,49,159,48,,,,*5A
$GAGSV,2,1,07,04,39,253,43,06,15,244,34,10,45,315,47,12,69,297,46*60
$GAGSV,2,2,07,19,70,355,46,28,62,271,49,33,49,159,48,,,,*5A
$GAGSV,2,1,07,04,39,253,43,06,15,244,33,10,45,315,47,12,69,297,46*67
$GAGSV,2,2,07,19,70,355,45,28,62,271,49,33,49,159,47,,,,*56
$GAGSV,2,1,07,04,39,253,44,06,15,244,34,10,45,315,47,12,69,297,47*66
$GAGSV,2,2,07,19,70,355,45,28,62,271,49,33,49,159,47,,,,*56
$GAGSV,2,1,07,04,39,253,44,06,15,244,34,10,45,315,47,12,69,297,47*66
$GAGSV,2,2,07,19,70,355,45,28,62,271,49,33,49,159,48,,,,*59
$GAGSV,2,1,07,04,39,253,44,06,15,244,34,10,45,315,47,12,69,297,47*66
$GAGSV,2,2,07,19,70,355,45,28,62,271,49,33,49,159,48,,,,*59
$GAGSV,2,1,07,04,39,253,44,06,15,244,34,10,45,315,47,12,69,297,46*67
$GAGSV,2,2,07,19,70,355,45,28,62,271,49,33,49,159,48,,,,*59
$GAGSV,2,1,07,04,39,253,44,06,15,244,34,10,45,315,47,12,69,297,46*67
$GAGSV,2,2,07,19,69,355,45,28,62,271,49,33,49,159,48,,,,*51
$GAGSV,2,1,07,04,39,253,44,06,15,244,35,10,45,315,47,12,69,297,46*66
$GAGSV,2,2,07,19,69,355,45,28,62,271,49,33,49,159,48,,,,*51
$GAGSV,2,1,07,04,39,253,44,06,15,244,35,10,45,315,47,12,69,297,47*67
$GAGSV,2,2,07,19,69,355,46,28,62,271,49,33,49,159,48,,,,*52
$GAGSV,2,1,07,04,39,253,44,06,15,244,35,10,45,315,47,12,69,297,47*67
$GAGSV,2,2,07,19,69,355,46,28,62,271,48,33,49,159,48,,,,*53
$GAGSV,2,1,07,04,39,253,44,06,15,244,35,10,45,315,47,12,69,297,47*67
$GAGSV,2,2,07,19,69,355,46,28,62,271,48,33,49,159,48,,,,*53
$GAGSV,2,1,07,04,39,253,44,06,15,244,35,10,45,315,47,12,69,297,47*67
$GAGSV,2,2,07,19,69,355,46,28,62,271,48,33,49,159,48,,,,*53
$GAGSV,2,1,07,04,39,253,44,06,15,244,35,10,45,315,47,12,69,297,47*67
$GAGSV,2,2,07,19,69,355,46,28,62,271,48,33,49,159,48,,,,*53
$GAGSV,2,1,07,04,39,253,44,06,15,244,35,10,45,315,47,12,69,297,47*67
$GAGSV,2,2,07,19,69,355,46,28,62,271,48,33,49,159,48,,,,*53
$GAGSV,2,1,07,04,39,253,44,06,15,244,35,10,45,315,47,12,69,297,47*67
$GAGSV,2,2,07,19,69,355,46,28,62,271,48,33,49,159,48,,,,*53
$GAGSV,2,1,07,04,39,253,44,06,15,244,35,10,45,315,47,12,69,297,47*67
$GAGSV,2,2,07,19,69,355,46,28,62,271,48,33,49,159,48,,,,*53
$GAGSV,2,1,07,04,39,253,44,06,15,244,35,10,45,315,47,12,69,297,47*67
$GAGSV,2,2,07,19,69,355,46,28,62,271,48,33,49,159,48,,,,*53
$GAGSV,2,1,07,04,39,253,44,06,15,244,35,10,45,315,47,12,69,297,47*67
$GAGSV,2,2,07,19,69,355,46,28,62,271,48,33,49,159,48,,,,*53
$GAGSV,2,1,07,04,39,253,44,06,15,244,35,10,45,315,47,12,69,297,47*67
$GAGSV,2,2,07,19,69,355,46,28,62,271,48,33,49,159,48,,,,*53
$GAGSV,2,1,07,04,39,253,44,06,15,244,35,10,45,315,47,12,69,297,47*67
$GAGSV,2,2,07,19,69,355,46,28,62,271,48,33,49,159,48,,,,*53
$GAGSV,2,1,07,04,39,253,44,06,15,244,35,10,45,315,47,12,69,297,47*67
$GAGSV,2,2,07,19,69,355,46,28,62,271,48,33,49,159,48,,,,*53
$GAGSV,2,1,07,04,39,253,44,06,15,244,35,10,45,315,47,12,69,297,47*67
$GAGSV,2,2,07,19,69,355,46,28,62,271,48,33,49,159,48,,,,*53
$GAGSV,2,1,07,04,39,253,44,06,15,244,35,10,45,315,47,12,69,297,47*67
$GAGSV,2,2,07,19,69,355,46,28,62,271,48,33,49,159,48,,,,*53
$GAGSV,2,1,07,04,39,253,44,06,15,244,35,10,45,315,47,12,69,297,47*67
$GAGSV,2,2,07,19,69,355,46,28,62,271,48,33,49,159,48,,,,*53
$GAGSV,2,1,07,04,39,253,44,06,15,244,35,10,45,315,47,12,69,297,47*67
$GAGSV,2,2,07,19,69,355,46,28,62,271,48,33,49,159,48,,,,*53
$GAGSV,2,1,07,04,39,253,44,06,15,244,35,10,45,315,47,12,69,297,47*67
$GAGSV,2,2,07,19,69,355,46,28,62,271,48,33,49,159,48,,,,*53
$GAGSV,2,1,07,04,39,253,44,06,15,244,35,10,45,315,47,12,69,297,47*67
$GAGSV,2,2,07,19,69,355,46,28,62,271,48,33,49,159,48,,,,*53
$GAGSV,2,1,07,04,39,253,44,06,15,244,35,10,45,315,47,12,69,297,46*66
$GAGSV,2,2,07,19,69,355,46,28,62,271,48,33,49,159,48,,,,*53
$GAGSV,2,1,07,04,39,253,43,06,15,244,35,10,45,315,47,12,69,297,46*61
$GAGSV,2,2,07,19,69,355,46,28,62,271,48,33,49,159,48,,,,*53
$GAGSV,2,1,07,04,39,253,43,06,15,244,35,10,45,315,47,12,69,297,47*60
$GAGSV,2,2,07,19,69,355,46,28,62,271,48,33,49,159,48,,,,*53
$GAGSV,2,1,07,04,39,253,43,06,15,244,35,10,45,315,47,12,69,297,47*60
$GAGSV,2,2,07,19,69,355,46,28,62,271,48,33,49,159,48,,,,*53
$GAGSV,2,1,07,04,39,253,43,06,15,244,35,10,45,315,47,12,69,297,46*61
$GAGSV,2,2,07,19,69,355,46,28,62,271,48,33,49,159,48,,,,*53
$GAGSV,2,1,07,04,39,253,43,06,15,244,35,10,45,315,47,12,69,297,46*61
$GAGSV,2,2,07,19,69,355,46,28,62,271,48,33,49,159,48,,,,*53
$GAGSV,2,1,07,04,39,253,43,06,15,244,36,10,45,315,47,12,69,297,46*62
$GAGSV,2,2,07,19,69,355,46,28,62,271,48,33,49,159,48,,,,*53
$GAGSV,2,1,07,04,39,253,43,06,15,244,36,10,45,315,47,12,69,297,46*62
$GAGSV,2,2,07,19,69,355,46,28,62,271,48,33,49,159,48,,,,*53
$GAGSV,2,1,07,04,39,253,43,06,15,244,36,10,45,315,47,12,69,297,46*62
$GAGSV,2,2,07,19,69,355,46,28,62,271,48,33,49,159,48,,,,*53
$GAGSV,2,1,07,04,39,253,43,06,15,244,36,10,45,315,47,12,69,297,46*62
$GAGSV,2,2,07,19,69,355,46,28,62,271,48,33,49,159,48,,,,*53
$GAGSV,2,1,07,04,39,253,43,06,15,244,36,10,45,315,47,12,69,297,46*62
$GAGSV,2,2,07,19,69,355,45,28,62,271,48,33,49,159,48,,,,*50
$GAGSV,2,1,07,04,39,253,43,06,15,244,36,10,45,315,47,12,69,297,46*62
$GAGSV,2,2,07,19,69,355,45,28,62,271,48,33,49,159,48,,,,*50
$GAGSV,2,1,07,04,39,253,43,06,15,244,36,10,45,315,47,12,69,297,46*62
$GAGSV,2,2,07,19,69,355,45,28,62,271,48,33,49,159,48,,,,*50
$GAGSV,2,1,07,04,39,253,43,06,15,244,36,10,45,315,47,12,69,297,46*62
$GAGSV,2,2,07,19,69,355,45,28,62,271,48,33,49,159,47,,,,*5F
$GAGSV,2,1,07,04,39,253,43,06,15,244,36,10,45,315,47,12,69,297,46*62
$GAGSV,2,2,07,19,69,355,45,28,62,271,48,33,49,159,47,,,,*5F
$GAGSV,2,1,07,04,39,253,43,06,15,244,36,10,45,315,47,12,69,297,46*62
$GAGSV,2,2,07,19,69,355,45,28,62,271,48,33,49,159,47,,,,*5F
$GAGSV,2,1,07,04,39,253,43,06,15,244,36,10,45,315,47,12,69,297,46*62
$GAGSV,2,2,07,19,69,355,45,28,62,271,48,33,49,159,47,,,,*5F
$GAGSV,2,1,07,04,39,253,43,06,15,244,36,10,45,315,47,12,69,297,46*62
$GAGSV,2,2,07,19,69,355,45,28,62,271,48,33,49,159,47,,,,*5F
$GAGSV,2,1,07,04,39,253,43,06,15,244,36,10,45,315,47,12,69,297,46*62
$GAGSV,2,2,07,19,69,355,45,28,62,271,48,33,49,159,47,,,,*5F
$GAGSV,2,1,07,04,39,253,43,06,15,244,37,10,45,315,47,12,69,297,46*63
$GAGSV,2,2,07,19,69,355,45,28,62,271,48,33,49,159,48,,,,*50
$GAGSV,2,1,07,04,39,253,43,06,15,244,37,10,45,315,47,12,69,297,46*63
$GAGSV,2,2,07,19,69,355,45,28,62,271,48,33,49,159,48,,,,*50
$GAGSV,2,1,07,04,39,253,43,06,15,244,37,10,45,315,47,12,69,297,46*63
$GAGSV,2,2,07,19,69,355,45,28,62,271,48,33,49,159,48,,,,*50
$GAGSV,2,1,07,04,39,253,43,06,15,244,36,10,45,315,47,12,69,297,46*62
$GAGSV,2,2,07,19,69,355,45,28,62,271,48,33,49,159,48,,,,*50
$GAGSV,2,1,07,04,39,253,43,06,15,244,36,10,45,315,47,12,69,297,46*62
$GAGSV,2,2,07,19,69,355,45,28,62,271,48,33,49,159,48,,,,*50
$GAGSV,2,1,07,04,39,253,43,06,15,244,35,10,45,315,46,12,69,297,46*60
$GAGSV,2,2,07,19,69,355,45,28,62,271,48,33,49,159,47,,,,*5F
$GAGSV,2,1,07,04,39,253,43,06,15,244,36,10,45,315,46,12,69,297,46*63
$GAGSV,2,2,07,19,69,355,45,28,62,271,48,33,49,159,47,,,,*5F
$GAGSV,2,1,07,04,39,253,43,06,15,244,36,10,45,315,46,12,69,297,46*63
$GAGSV,2,2,07,19,69,355,45,28,62,271,48,33,49,159,47,,,,*5F
$GAGSV,2,1,07,04,39,253,43,06,15,244,36,10,45,315,46,12,69,297,46*63
$GAGSV,2,2,07,19,69,355,45,28,62,271,48,33,49,159,48,,,,*50
$GAGSV,2,1,07,04,39,253,43,06,15,244,36,10,45,315,46,12,69,297,46*63
$GAGSV,2,2,07,19,69,355,45,28,62,271,48,33,49,159,47,,,,*5F
$GAGSV,2,1,07,04,39,253,44,06,15,244,36,10,45,315,46,12,69,297,46*64
$GAGSV,2,2,07,19,69,355,45,28,62,271,48,33,49,159,47,,,,*5F
$GAGSV,2,1,07,04,39,253,44,06,15,244,36,10,45,315,46,12,69,297,47*65
$GAGSV,2,2,07,19,69,355,45,28,62,271,48,33,49,159,48,,,,*50
$GAGSV,2,1,07,04,39,253,44,06,15,244,36,10,45,315,46,12,69,297,47*65
$GAGSV,2,2,07,19,69,355,45,28,62,271,48,33,49,159,48,,,,*50
$GAGSV,2,1,07,04,39,253,44,06,15,244,36,10,45,315,46,12,69,297,47*65
$GAGSV,2,2,07,19,69,355,45,28,62,271,48,33,49,159,48,,,,*50
$GAGSV,2,1,07,04,39,253,43,06,15,244,36,10,45,315,46,12,69,297,47*62
$GAGSV,2,2,07,19,69,355,45,28,62,271,48,33,49,159,48,,,,*50
$GAGSV,2,1,07,04,39,253,44,06,15,244,36,10,45,315,46,12,69,297,47*65
$GAGSV,2,2,07,19,69,355,45,28,62,271,48,33,49,159,48,,,,*50
$GAGSV,2,1,07,04,39,253,44,06,15,244,36,10,45,315,46,12,69,297,47*65
$GAGSV,2,2,07,19,69,355,45,28,62,271,48,33,49,159,48,,,,*50
$GAGSV,2,1,07,04,39,253,44,06,15,244,36,10,45,315,46,12,69,297,47*65
$GAGSV,2,2,07,19,69,355,45,28,62,271,48,33,49,159,47,,,,*5F
$GAGSV,2,1,07,04,39,253,44,06,15,244,36,10,45,315,46,12,69,297,47*65
$GAGSV,2,2,07,19,69,355,45,28,62,271,48,33,49,159,47,,,,*5F
$GAGSV,2,1,07,04,39,253,44,06,15,244,36,10,45,315,46,12,69,297,47*65
$GAGSV,2,2,07,19,69,355,45,28,62,271,48,33,49,159,47,,,,*5F
$GAGSV,2,1,07,04,39,253,44,06,15,244,37,10,45,315,46,12,69,297,46*65
$GAGSV,2,2,07,19,69,355,45,28,62,271,48,33,49,159,47,,,,*5F
$GAGSV,2,1,07,04,39,253,44,06,15,244,36,10,45,315,47,12,69,297,46*65
$GAGSV,2,2,07,19,69,355,45,28,62,271,48,33,49,159,47,,,,*5F
$GAGSV,2,1,07,04,39,253,43,06,15,244,36,10,45,315,47,12,69,297,46*62
$GAGSV,2,2,07,19,69,355,45,28,62,271,48,33,49,159,47,,,,*5F
$GAGSV,2,1,07,04,39,253,43,06,15,244,36,10,45,315,47,12,69,297,46*62
$GAGSV,2,2,07,19,69,355,45,28,62,271,48,33,49,159,47,,,,*5F
$GAGSV,2,1,07,04,39,253,43,06,15,244,36,10,45,315,47,12,69,297,46*62
$GAGSV,2,2,07,19,69,355,45,28,62,271,48,33,49,159,47,,,,*5F
$GAGSV,2,1,07,04,39,253,43,06,15,244,36,10,45,315,47,12,69,297,46*62
$GAGSV,2,2,07,19,69,355,45,28,62,271,48,33,49,159,47,,,,*5F
$GAGSV,2,1,07,04,39,253,43,06,15,244,36,10,45,315,47,12,69,297,46*62
$GAGSV,2,2,07,19,69,355,45,28,62,271,48,33,49,159,47,,,,*5F
$GAGSV,2,1,07,04,39,253,43,06,15,244,36,10,45,315,47,12,69,297,46*62
$GAGSV,2,2,07,19,69,355,45,28,62,271,48,33,49,159,47,,,,*5F
$GAGSV,2,1,07,04,39,253,43,06,15,244,36,10,45,315,47,12,69,297,46*62
$GAGSV,2,2,07,19,69,355,45,28,62,271,48,33,49,159,47,,,,*5F
$GAGSV,2,1,07,04,39,253,43,06,15,244,36,10,45,315,47,12,69,297,46*62
$GAGSV,2,2,07,19,69,355,45,28,62,271,48,33,49,159,48,,,,*50
$GAGSV,2,1,07,04,39,253,43,06,15,244,36,10,45,315,47,12,69,297,46*62
$GAGSV,2,2,07,19,69,355,45,28,62,271,48,33,49,159,48,,,,*50
$GAGSV,2,1,07,04,39,253,43,06,15,244,36,10,45,315,47,12,69,297,46*62
$GAGSV,2,2,07,19,69,355,45,28,62,271,48,33,49,159,48,,,,*50
$GAGSV,2,1,07,04,39,253,43,06,15,244,36,10,45,315,47,12,69,297,46*62
$GAGSV,2,2,07,19,69,355,45,28,62,271,48,33,49,159,48,,,,*50
$GAGSV,2,1,07,04,39,253,43,06,15,244,36,10,45,315,47,12,69,297,46*62
$GAGSV,2,2,07,19,69,355,45,28,62,271,48,33,49,159,48,,,,*50
$GAGSV,2,1,07,04,39,253,44,06,15,244,36,10,45,315,47,12,69,297,46*65
$GAGSV,2,2,07,19,69,355,45,28,62,271,48,33,49,159,48,,,,*50
$GAGSV,2,1,07,04,39,253,43,06,15,244,37,10,45,315,47,12,69,297,46*63
$GAGSV,2,2,07,19,69,355,45,28,62,271,48,33,49,159,48,,,,*50
$GAGSV,2,1,07,04,39,253,44,06,15,244,37,10,45,315,47,12,69,297,46*64
$GAGSV,2,2,07,19,69,355,45,28,62,271,48,33,49,159,48,,,,*50
$GAGSV,2,1,07,04,39,253,44,06,15,244,37,10,45,315,47,12,69,297,46*64
$GAGSV,2,2,07,19,69,355,45,28,62,271,48,33,49,159,48,,,,*50
$GAGSV,2,1,07,04,39,253,44,06,15,244,37,10,45,315,47,12,69,297,46*64
$GAGSV,2,2,07,19,69,355,45,28,62,271,48,33,49,159,48,,,,*50
$GAGSV,2,1,07,04,39,253,43,06,15,244,37,10,45,315,47,12,69,297,46*63
$GAGSV,2,2,07,19,69,355,45,28,62,271,48,33,49,159,48,,,,*50
$GAGSV,2,1,07,04,39,253,43,06,15,244,37,10,45,315,47,12,69,297,46*63
$GAGSV,2,2,07,19,69,355,45,28,62,271,48,33,49,159,48,,,,*50
$GAGSV,2,1,07,04,39,253,43,06,15,244,37,10,45,315,47,12,69,297,46*63
$GAGSV,2,2,07,19,69,355,45,28,62,271,48,33,49,159,48,,,,*50
$GAGSV,2,1,07,04,39,253,43,06,15,244,37,10,45,315,47,12,69,297,47*62
$GAGSV,2,2,07,19,69,355,45,28,62,271,48,33,49,159,48,,,,*50
$GAGSV,2,1,07,04,39,253,43,06,15,244,37,10,45,315,47,12,69,297,47*62
$GAGSV,2,2,07,19,69,355,45,28,62,271,48,33,49,159,48,,,,*50
$GAGSV,2,1,07,04,39,253,43,06,15,244,37,10,45,315,47,12,69,297,47*62
$GAGSV,2,2,07,19,69,355,45,28,62,271,48,33,49,159,48,,,,*50
$GAGSV,2,1,07,04,39,253,43,06,15,244,37,10,45,315,47,12,69,297,47*62
$GAGSV,2,2,07,19,69,355,45,28,62,271,48,33,49,159,48,,,,*50
$GAGSV,2,1,07,04,39,253,43,06,15,244,37,10,45,315,47,12,69,297,46*63
$GAGSV,2,2,07,19,69,355,45,28,62,271,48,33,49,159,48,,,,*50
$GAGSV,2,1,07,04,39,253,43,06,15,244,37,10,45,315,47,12,69,297,46*63
$GAGSV,2,2,07,19,69,355,45,28,62,271,48,33,49,159,48,,,,*50
$GAGSV,2,1,07,04,39,253,43,06,15,244,37,10,45,315,47,12,69,297,46*63
$GAGSV,2,2,07,19,69,355,45,28,62,271,48,33,49,159,48,,,,*50
$GAGSV,2,1,07,04,39,253,43,06,15,244,37,10,45,315,47,12,69,297,46*63
$GAGSV,2,2,07,19,69,355,45,28,62,271,48,33,49,159,48,,,,*50
$GAGSV,2,1,07,04,39,253,43,06,15,244,36,10,45,315,47,12,69,297,46*62
$GAGSV,2,2,07,19,69,355,45,28,62,271,48,33,49,159,48,,,,*50
$GAGSV,2,1,07,04,39,253,43,06,15,244,36,10,45,315,47,12,69,297,46*62
$GAGSV,2,2,07,19,69,355,45,28,62,271,48,33,49,159,48,,,,*50
$GAGSV,2,1,07,04,39,253,43,06,15,244,36,10,45,315,47,12,69,297,46*62
$GAGSV,2,2,07,19,69,355,45,28,62,271,48,33,49,159,48,,,,*50
$GAGSV,2,1,07,04,39,253,44,06,15,244,36,10,45,315,47,12,69,297,46*65
$GAGSV,2,2,07,19,69,355,45,28,62,271,48,33,49,159,48,,,,*50
$GAGSV,2,1,07,04,39,253,44,06,15,244,36,10,45,315,47,12,69,297,46*65
$GAGSV,2,2,07,19,69,355,45,28,62,271,48,33,49,159,48,,,,*50
$GAGSV,2,1,07,04,39,253,43,06,15,244,35,10,45,315,47,12,69,297,46*61
$GAGSV,2,2,07,19,69,355,45,28,62,271,48,33,49,159,48,,,,*50
$GAGSV,2,1,07,04,39,253,43,06,15,244,35,10,45,315,47,12,69,297,46*61
$GAGSV,2,2,07,19,69,355,45,28,62,271,48,33,49,159,48,,,,*50
$GAGSV,2,1,07,04,39,253,44,06,15,244,35,10,45,315,47,12,69,297,46*66
$GAGSV,2,2,07,19,69,355,45,28,62,271,48,33,49,159,48,,,,*50
$GAGSV,2,1,07,04,39,253,44,06,15,244,35,10,45,315,47,12,69,297,46*66
$GAGSV,2,2,07,19,69,355,45,28,62,271,48,33,49,159,48,,,,*50
$GAGSV,2,1,07,04,39,253,44,06,15,244,35,10,45,315,47,12,69,297,46*66
$GAGSV,2,2,07,19,69,355,45,28,62,271,48,33,49,159,48,,,,*50
$GAGSV,2,1,07,04,39,253,44,06,15,244,36,10,45,315,47,12,69,297,46*65
$GAGSV,2,2,07,19,69,355,45,28,62,271,48,33,49,159,48,,,,*50
$GAGSV,2,1,07,04,39,253,44,06,15,244,36,10,45,315,47,12,69,297,46*65
$GAGSV,2,2,07,19,69,355,45,28,62,271,48,33,49,159,48,,,,*50
$GAGSV,2,1,07,04,39,253,44,06,15,244,36,10,45,315,47,12,69,297,46*65
$GAGSV,2,2,07,19,69,355,45,28,62,271,48,33,49,159,48,,,,*50
$GAGSV,2,1,07,04,39,253,44,06,15,244,36,10,45,315,47,12,69,297,46*65
$GAGSV,2,2,07,19,69,355,45,28,62,271,48,33,49,159,48,,,,*50
$GAGSV,2,1,07,04,39,253,44,06,15,244,35,10,45,315,47,12,69,297,46*66
$GAGSV,2,2,07,19,69,355,45,28,62,271,48,33,49,159,48,,,,*50
$GAGSV,2,1,07,04,39,253,44,06,15,244,35,10,45,315,47,12,69,297,46*66
$GAGSV,2,2,07,19,69,356,45,28,62,271,48,33,49,159,48,,,,*53
$GAGSV,2,1,07,04,39,253,44,06,15,244,35,10,45,315,47,12,69,297,46*66
$GAGSV,2,2,07,19,69,356,45,28,62,271,48,33,49,159,48,,,,*53
$GAGSV,2,1,07,04,39,253,44,06,15,244,35,10,45,315,47,12,69,297,46*66
$GAGSV,2,2,07,19,69,356,45,28,62,271,48,33,49,159,48,,,,*53
$GAGSV,2,1,07,04,39,253,44,06,15,244,35,10,45,315,47,12,69,297,46*66
$GAGSV,2,2,07,19,69,356,45,28,62,271,48,33,49,159,48,,,,*53
$GAGSV,2,1,07,04,39,253,44,06,15,244,35,10,45,315,47,12,69,297,46*66
$GAGSV,2,2,07,19,69,356,45,28,62,271,48,33,49,159,48,,,,*53
$GAGSV,2,1,07,04,39,253,44,06,15,244,36,10,45,315,47,12,69,297,46*65
$GAGSV,2,2,07,19,69,356,45,28,62,271,48,33,49,159,48,,,,*53
$GAGSV,2,1,07,04,39,253,44,06,15,244,36,10,45,315,47,12,69,297,46*65
$GAGSV,2,2,07,19,69,356,45,28,62,271,48,33,49,159,48,,,,*53
$GAGSV,2,1,07,04,39,253,44,06,15,244,36,10,45,315,47,12,69,297,46*65
$GAGSV,2,2,07,19,69,356,45,28,62,271,48,33,49,159,48,,,,*53
$GAGSV,2,1,07,04,39,253,44,06,15,244,36,10,45,315,47,12,69,297,46*65
$GAGSV,2,2,07,19,69,356,45,28,62,271,48,33,49,159,48,,,,*53
$GAGSV,2,1,07,04,39,253,44,06,15,244,36,10,45,315,47,12,69,297,46*65
$GAGSV,2,2,07,19,69,356,45,28,62,271,48,33,49,159,48,,,,*53
$GAGSV,2,1,07,04,39,253,44,06,15,244,36,10,45,315,47,12,69,297,46*65
$GAGSV,2,2,07,19,69,356,45,28,62,271,48,33,49,159,48,,,,*53
$GAGSV,2,1,07,04,39,253,44,06,15,244,36,10,45,315,47,12,69,297,46*65
$GAGSV,2,2,07,19,69,356,45,28,62,271,48,33,49,159,48,,,,*53
$GAGSV,2,1,07,04,39,253,44,06,15,244,36,10,45,315,47,12,69,297,46*65
$GAGSV,2,2,07,19,69,356,45,28,62,271,48,33,49,159,48,,,,*53
$GAGSV,2,1,07,04,39,253,44,06,15,244,36,10,45,315,47,12,69,297,46*65
$GAGSV,2,2,07,19,69,356,45,28,62,271,48,33,49,159,48,,,,*53
$GAGSV,2,1,07,04,39,253,44,06,15,244,37,10,45,315,47,12,69,297,46*64
$GAGSV,2,2,07,19,69,356,45,28,62,271,48,33,49,159,48,,,,*53
$GAGSV,2,1,07,04,39,253,44,06,15,244,36,10,45,315,47,12,69,297,46*65
$GAGSV,2,2,07,19,69,356,45,28,62,271,48,33,49,159,48,,,,*53
$GAGSV,2,1,07,04,39,253,44,06,15,244,36,10,45,315,47,12,69,297,46*65
$GAGSV,2,2,07,19,69,356,45,28,62,271,48,33,49,159,48,,,,*53
$GAGSV,2,1,07,04,39,253,44,06,15,244,36,10,45,315,47,12,69,297,46*65
$GAGSV,2,2,07,19,69,356,44,28,62,271,48,33,49,159,48,,,,*52
$GAGSV,2,1,07,04,39,253,44,06,15,244,36,10,45,315,47,12,69,297,46*65
$GAGSV,2,2,07,19,69,356,45,28,62,271,48,33,49,159,48,,,,*53
$GAGSV,2,1,07,04,39,253,44,06,15,244,36,10,45,315,47,12,69,297,46*65
$GAGSV,2,2,07,19,69,356,45,28,62,271,48,33,49,159,48,,,,*53
$GAGSV,2,1,07,04,39,253,44,06,15,244,36,10,45,315,47,12,69,297,46*65
$GAGSV,2,2,07,19,69,356,45,28,62,271,48,33,49,159,48,,,,*53
$GAGSV,2,1,07,04,39,253,44,06,15,244,36,10,45,315,47,12,69,297,46*65
$GAGSV,2,2,07,19,69,356,45,28,62,271,48,33,49,159,48,,,,*53
$GAGSV,2,1,07,04,39,253,44,06,15,244,36,10,45,315,47,12,69,297,46*65
$GAGSV,2,2,07,19,69,356,45,28,62,271,48,33,49,159,48,,,,*53
$GAGSV,2,1,07,04,39,253,44,06,15,244,36,10,45,315,47,12,69,297,46*65
$GAGSV,2,2,07,19,69,356,45,28,62,271,48,33,49,159,48,,,,*53
$GAGSV,2,1,07,04,39,253,44,06,15,244,36,10,45,315,47,12,69,297,46*65
$GAGSV,2,2,07,19,69,356,45,28,62,271,48,33,49,159,48,,,,*53
$GAGSV,2,1,07,04,39,253,44,06,15,244,36,10,45,315,47,12,69,297,46*65
$GAGSV,2,2,07,19,69,356,45,28,62,271,48,33,49,159,48,,,,*53
$GAGSV,2,1,07,04,39,253,44,06,15,244,36,10,45,315,47,12,69,297,46*65
$GAGSV,2,2,07,19,69,356,45,28,62,271,48,33,49,159,48,,,,*53
$GAGSV,2,1,07,04,39,253,44,06,15,244,36,10,45,315,47,12,69,297,46*65
$GAGSV,2,2,07,19,69,356,45,28,62,271,48,33,49,159,48,,,,*53
$GAGSV,2,1,07,04,39,253,44,06,15,244,36,10,45,315,47,12,69,297,46*65
$GAGSV,2,2,07,19,69,356,45,28,62,271,48,33,49,159,47,,,,*5C
$GAGSV,2,1,07,04,39,253,44,06,15,244,36,10,45,315,47,12,69,297,46*65
$GAGSV,2,2,07,19,69,356,45,28,62,271,48,33,49,159,47,,,,*5C
$GAGSV,2,1,07,04,39,253,44,06,15,244,36,10,45,315,47,12,69,297,46*65
$GAGSV,2,2,07,19,69,356,45,28,62,271,48,33,49,159,47,,,,*5C
$GAGSV,2,1,07,04,39,253,44,06,15,244,36,10,45,315,47,12,69,297,46*65
$GAGSV,2,2,07,19,69,356,45,28,62,271,48,33,49,159,47,,,,*5C
$GAGSV,2,1,07,04,39,253,44,06,15,244,36,10,45,315,47,12,69,297,46*65
$GAGSV,2,2,07,19,69,356,45,28,62,271,48,33,49,159,47,,,,*5C
$GAGSV,2,1,07,04,39,253,44,06,15,244,36,10,45,315,47,12,69,297,46*65
$GAGSV,2,2,07,19,69,356,45,28,62,271,48,33,49,159,47,,,,*5C
$GAGSV,2,1,07,04,39,253,44,06,15,244,36,10,45,315,47,12,69,297,46*65
$GAGSV,2,2,07,19,69,356,44,28,62,271,48,33,49,159,47,,,,*5D
$GAGSV,2,1,07,04,39,253,44,06,15,244,36,10,45,315,47,12,69,297,46*65
$GAGSV,2,2,07,19,69,356,44,28,62,271,48,33,49,159,47,,,,*5D
$GAGSV,2,1,07,04,39,253,44,06,15,244,36,10,45,315,47,12,69,297,46*65
$GAGSV,2,2,07,19,69,356,44,28,62,271,48,33,49,159,47,,,,*5D
$GAGSV,2,1,07,04,39,253,44,06,15,244,36,10,45,315,47,12,69,297,46*65
$GAGSV,2,2,07,19,69,356,44,28,62,271,48,33,49,159,47,,,,*5D
$GAGSV,2,1,07,04,39,253,44,06,15,244,36,10,45,315,47,12,69,297,46*65
$GAGSV,2,2,07,19,69,356,44,28,62,271,48,33,49,159,47,,,,*5D
$GAGSV,2,1,07,04,39,253,44,06,15,244,36,10,45,315,47,12,69,297,46*65
$GAGSV,2,2,07,19,69,356,45,28,62,271,48,33,49,159,47,,,,*5C
$GAGSV,2,1,07,04,39,253,44,06,15,244,36,10,45,315,47,12,69,297,46*65
$GAGSV,2,2,07,19,69,356,45,28,62,271,48,33,49,159,47,,,,*5C
$GAGSV,2,1,07,04,39,253,44,06,15,244,36,10,45,315,47,12,69,297,46*65
$GAGSV,2,2,07,19,69,356,45,28,62,271,48,33,49,159,47,,,,*5C
$GAGSV,2,1,07,04,39,253,44,06,15,244,36,10,45,315,47,12,69,297,46*65
$GAGSV,2,2,07,19,69,356,45,28,62,271,48,33,49,159,47,,,,*5C
$GAGSV,2,1,07,04,39,253,44,06,15,244,36,10,45,315,47,12,69,297,46*65
$GAGSV,2,2,07,19,69,356,45,28,62,271,49,33,49,159,47,,,,*5D
$GAGSV,2,1,07,04,39,253,44,06,15,244,36,10,45,315,46,12,69,297,46*64
$GAGSV,2,2,07,19,69,356,45,28,62,271,49,33,49,159,47,,,,*5D
$GAGSV,2,1,07,04,39,253,44,06,15,244,36,10,45,315,47,12,69,297,47*64
$GAGSV,2,2,07,19,69,356,45,28,62,271,49,33,49,159,47,,,,*5D
$GAGSV,2,1,07,04,39,253,44,06,15,244,36,10,45,315,47,12,69,297,47*64
$GAGSV,2,2,07,19,69,356,45,28,62,271,49,33,49,159,47,,,,*5D
$GAGSV,2,1,07,04,39,253,44,06,15,244,36,10,45,315,47,12,69,297,47*64
$GAGSV,2,2,07,19,69,356,45,28,62,271,49,33,49,159,47,,,,*5D
$GAGSV,2,1,07,04,39,253,44,06,15,244,36,10,45,315,46,12,69,297,47*65
$GAGSV,2,2,07,19,69,356,45,28,62,271,49,33,49,159,47,,,,*5D
$GAGSV,2,1,07,04,39,253,44,06,15,244,36,10,45,315,46,12,69,297,46*64
$GAGSV,2,2,07,19,69,356,45,28,62,271,48,33,49,159,47,,,,*5C
$GAGSV,2,1,07,04,39,253,44,06,15,244,36,10,45,315,46,12,69,297,46*64
$GAGSV,2,2,07,19,69,356,45,28,62,271,48,33,49,159,47,,,,*5C
$GAGSV,2,1,07,04,39,253,44,06,15,244,36,10,45,315,46,12,69,297,46*64
$GAGSV,2,2,07,19,69,356,45,28,62,271,48,33,49,159,47,,,,*5C
$GAGSV,2,1,07,04,39,253,44,06,15,244,36,10,45,315,46,12,69,297,46*64
$GAGSV,2,2,07,19,69,356,45,28,62,271,48,33,49,159,47,,,,*5C
$GAGSV,2,1,07,04,39,253,44,06,15,244,36,10,45,315,46,12,69,297,46*64
$GAGSV,2,2,07,19,69,356,45,28,62,271,48,33,49,159,47,,,,*5C
$GAGSV,2,1,07,04,39,253,44,06,15,244,36,10,45,315,47,12,69,297,46*65
$GAGSV,2,2,07,19,69,356,45,28,62,271,48,33,49,159,47,,,,*5C
$GAGSV,2,1,07,04,39,253,44,06,15,244,36,10,45,315,47,12,69,297,46*65
$GAGSV,2,2,07,19,69,356,45,28,62,271,48,33,49,159,47,,,,*5C
$GAGSV,2,1,07,04,39,253,44,06,15,244,36,10,45,315,47,12,69,297,46*65
$GAGSV,2,2,07,19,69,356,45,28,62,271,48,33,49,159,47,,,,*5C
$GAGSV,2,1,07,04,39,253,44,06,15,244,36,10,45,315,47,12,69,297,47*64
$GAGSV,2,2,07,19,69,356,45,28,62,271,48,33,49,159,47,,,,*5C
$GAGSV,2,1,07,04,39,253,44,06,15,244,36,10,45,315,47,12,69,297,47*64
$GAGSV,2,2,07,19,69,356,45,28,62,271,48,33,49,159,47,,,,*5C
$GAGSV,2,1,07,04,39,253,44,06,15,244,36,10,45,315,47,12,69,297,47*64
$GAGSV,2,2,07,19,69,356,45,28,62,271,48,33,49,159,47,,,,*5C
$GAGSV,2,1,07,04,39,253,44,06,15,244,35,10,45,315,47,12,69,297,47*67
$GAGSV,2,2,07,19,69,356,45,28,62,271,49,33,49,159,47,,,,*5D
$GAGSV,2,1,07,04,39,253,44,06,15,244,35,10,45,315,47,12,69,297,47*67
$GAGSV,2,2,07,19,69,356,45,28,62,271,49,33,49,159,47,,,,*5D
$GAGSV,2,1,07,04,39,253,44,06,15,244,35,10,45,315,47,12,69,297,47*67
$GAGSV,2,2,07,19,69,356,45,28,62,271,49,33,49,159,47,,,,*5D
$GAGSV,2,1,07,04,39,253,44,06,15,244,35,10,45,315,47,12,69,297,47*67
$GAGSV,2,2,07,19,69,356,45,28,62,271,49,33,49,159,48,,,,*52
$GAGSV,2,1,07,04,39,253,44,06,15,244,35,10,45,315,47,12,69,297,47*67
$GAGSV,2,2,07,19,69,356,45,28,62,271,49,33,49,159,48,,,,*52
$GAGSV,2,1,07,04,39,253,44,06,15,244,35,10,45,315,47,12,69,297,47*67
$GAGSV,2,2,07,19,69,356,45,28,62,271,49,33,49,159,48,,,,*52
$GAGSV,2,1,07,04,39,253,44,06,15,244,35,10,45,315,47,12,69,297,47*67
$GAGSV,2,2,07,19,69,356,45,28,62,271,49,33,49,159,48,,,,*52
$GAGSV,2,1,07,04,39,253,44,06,15,244,35,10,45,315,47,12,69,297,47*67
$GAGSV,2,2,07,19,69,356,45,28,62,271,49,33,49,159,48,,,,*52
$GAGSV,2,1,07,04,39,253,44,06,15,244,36,10,45,315,47,12,69,297,47*64
$GAGSV,2,2,07,19,69,356,45,28,62,271,49,33,49,159,48,,,,*52
$GAGSV,2,1,07,04,39,253,44,06,15,244,36,10,45,315,47,12,69,297,47*64
$GAGSV,2,2,07,19,69,356,45,28,62,271,49,33,49,159,48,,,,*52
$GAGSV,2,1,07,04,39,253,44,06,15,244,36,10,45,315,47,12,69,297,47*64
$GAGSV,2,2,07,19,69,356,45,28,62,271,49,33,49,159,48,,,,*52
$GAGSV,2,1,07,04,39,253,44,06,15,244,37,10,45,315,47,12,69,297,47*65
$GAGSV,2,2,07,19,69,356,45,28,62,271,49,33,49,159,48,,,,*52
$GAGSV,2,1,07,04,39,253,45,06,15,244,37,10,45,315,47,12,69,297,47*64
$GAGSV,2,2,07,19,69,356,45,28,62,271,49,33,49,159,48,,,,*52
$GAGSV,2,1,07,04,39,253,45,06,15,244,37,10,45,315,47,12,69,297,47*64
$GAGSV,2,2,07,19,69,356,45,28,62,271,49,33,49,159,48,,,,*52
$GAGSV,2,1,07,04,39,253,45,06,15,244,36,10,45,315,47,12,69,297,47*65
$GAGSV,2,2,07,19,69,356,45,28,62,271,49,33,49,159,48,,,,*52
$GAGSV,2,1,07,04,39,253,45,06,15,244,36,10,45,315,47,12,69,297,47*65
$GAGSV,2,2,07,19,69,356,45,28,62,271,49,33,49,159,48,,,,*52
$GAGSV,2,1,07,04,39,253,45,06,15,244,36,10,45,315,47,12,69,297,47*65
$GAGSV,2,2,07,19,69,356,45,28,62,271,49,33,49,159,48,,,,*52
$GAGSV,2,1,07,04,39,253,45,06,15,244,36,10,45,315,47,12,69,297,47*65
$GAGSV,2,2,07,19,69,356,45,28,62,271,49,33,49,159,48,,,,*52
$GAGSV,2,1,07,04,39,253,45,06,15,244,36,10,45,315,47,12,69,297,47*65
$GAGSV,2,2,07,19,69,356,45,28,62,271,49,33,49,159,48,,,,*52
$GAGSV,2,1,07,04,39,253,45,06,15,244,35,10,45,315,47,12,69,297,47*66
$GAGSV,2,2,07,19,69,356,45,28,62,271,49,33,49,159,48,,,,*52
$GAGSV,2,1,07,04,39,253,45,06,15,244,34,10,45,315,47,12,69,297,47*67
$GAGSV,2,2,07,19,69,356,45,28,62,271,49,33,49,159,48,,,,*52
$GAGSV,2,1,07,04,39,253,45,06,15,244,34,10,45,315,47,12,69,297,47*67
$GAGSV,2,2,07,19,69,356,45,28,62,271,49,33,49,159,48,,,,*52
$GAGSV,2,1,07,04,39,253,45,06,15,244,34,10,45,315,47,12,69,297,47*67
$GAGSV,2,2,07,19,69,356,45,28,62,271,49,33,49,159,48,,,,*52
$GAGSV,2,1,07,04,39,253,45,06,15,244,34,10,45,315,47,12,69,297,47*67
$GAGSV,2,2,07,19,69,356,45,28,62,271,49,33,49,159,48,,,,*52
$GAGSV,2,1,07,04,39,253,45,06,15,244,34,10,45,315,47,12,69,297,47*67
$GAGSV,2,2,07,19,69,356,45,28,62,271,49,33,49,159,48,,,,*52
$GAGSV,2,1,07,04,39,253,45,06,15,244,35,10,45,315,47,12,69,297,47*66
$GAGSV,2,2,07,19,69,356,46,28,62,271,49,33,49,159,48,,,,*51
$GAGSV,2,1,07,04,39,253,45,06,15,244,34,10,45,315,47,12,69,297,47*67
$GAGSV,2,2,07,19,69,356,46,28,62,271,48,33,49,159,48,,,,*50
$GAGSV,2,1,07,04,39,253,45,06,15,244,34,10,45,315,47,12,69,297,47*67
$GAGSV,2,2,07,19,69,356,46,28,62,271,48,33,49,159,48,,,,*50
$GAGSV,2,1,07,04,39,253,45,06,15,244,34,10,45,315,47,12,69,297,47*67
$GAGSV,2,2,07,19,69,356,46,28,62,271,48,33,49,159,48,,,,*50
$GAGSV,2,1,07,04,39,253,45,06,15,244,34,10,45,315,47,12,69,297,47*67
$GAGSV,2,2,07,19,69,356,46,28,62,271,48,33,49,159,48,,,,*50
$GAGSV,2,1,07,04,39,253,46,06,15,244,35,10,45,315,47,12,69,297,47*65
$GAGSV,2,2,07,19,69,356,46,28,62,271,48,33,49,159,48,,,,*50
$GAGSV,2,1,07,04,39,253,46,06,15,244,35,10,45,315,47,12,69,297,47*65
$GAGSV,2,2,07,19,69,356,46,28,62,271,48,33,49,159,48,,,,*50
$GAGSV,2,1,07,04,39,253,46,06,15,244,35,10,45,315,47,12,69,297,47*65
$GAGSV,2,2,07,19,69,356,46,28,62,271,48,33,49,159,48,,,,*50
$GAGSV,2,1,07,04,39,253,46,06,15,244,35,10,45,315,47,12,69,297,47*65
$GAGSV,2,2,07,19,69,356,46,28,62,271,48,33,49,159,48,,,,*50
$GAGSV,2,1,07,04,39,253,46,06,15,244,35,10,45,315,47,12,69,297,47*65
$GAGSV,2,2,07,19,69,356,46,28,62,271,48,33,49,159,48,,,,*50
$GAGSV,2,1,07,04,39,253,46,06,15,244,35,10,45,315,47,12,69,297,47*65
$GAGSV,2,2,07,19,69,356,46,28,62,271,48,33,49,159,48,,,,*50
$GAGSV,2,1,07,04,39,253,46,06,15,244,34,10,45,315,47,12,69,297,47*64
$GAGSV,2,2,07,19,69,356,46,28,62,271,48,33,49,159,48,,,,*50
$GAGSV,2,1,07,04,39,253,46,06,15,244,34,10,45,315,47,12,69,297,47*64
$GAGSV,2,2,07,19,69,356,45,28,62,271,48,33,49,159,47,,,,*5C
$GAGSV,2,1,07,04,39,253,46,06,15,244,35,10,45,315,47,12,69,297,47*65
$GAGSV,2,2,07,19,69,356,46,28,62,271,48,33,49,159,47,,,,*5F
$GAGSV,2,1,07,04,39,253,45,06,15,244,35,10,45,315,47,12,69,297,47*66
$GAGSV,2,2,07,19,69,356,46,28,62,271,48,33,49,159,47,,,,*5F
$GAGSV,2,1,07,04,39,253,45,06,15,244,35,10,45,315,47,12,69,297,47*66
$GAGSV,2,2,07,19,69,356,46,28,62,271,48,33,49,159,47,,,,*5F
$GAGSV,2,1,07,04,39,253,45,06,15,244,35,10,45,315,47,12,69,297,47*66
$GAGSV,2,2,07,19,69,356,46,28,62,271,48,33,49,159,47,,,,*5F
$GAGSV,2,1,07,04,39,253,45,06,15,244,35,10,45,315,47,12,69,297,47*66
$GAGSV,2,2,07,19,69,356,46,28,62,271,48,33,49,159,47,,,,*5F
$GAGSV,2,1,07,04,39,253,45,06,15,244,35,10,45,315,47,12,69,297,47*66
$GAGSV,2,2,07,19,69,356,46,28,62,271,48,33,49,159,47,,,,*5F
$GAGSV,2,1,07,04,39,253,45,06,15,244,35,10,45,315,47,12,69,297,47*66
$GAGSV,2,2,07,19,69,356,46,28,62,271,48,33,49,159,47,,,,*5F
$GAGSV,2,1,07,04,39,253,45,06,15,244,36,10,45,315,47,12,69,297,47*65
$GAGSV,2,2,07,19,69,356,46,28,62,271,48,33,49,159,47,,,,*5F
$GAGSV,2,1,07,04,39,253,45,06,15,244,37,10,45,315,47,12,69,297,47*64
$GAGSV,2,2,07,19,69,356,46,28,62,271,48,33,49,159,47,,,,*5F
$GAGSV,2,1,07,04,39,253,45,06,15,244,37,10,45,315,47,12,69,297,47*64
$GAGSV,2,2,07,19,69,356,46,28,62,271,48,33,49,159,47,,,,*5F
$GAGSV,2,1,07,04,39,253,45,06,15,244,37,10,45,315,47,12,69,297,47*64
$GAGSV,2,2,07,19,69,356,46,28,62,271,48,33,49,159,47,,,,*5F
$GAGSV,2,1,07,04,39,253,45,06,15,244,37,10,45,315,47,12,69,297,47*64
$GAGSV,2,2,07,19,69,356,46,28,62,271,48,33,49,159,47,,,,*5F
$GAGSV,2,1,07,04,39,253,45,06,15,244,37,10,45,315,47,12,69,297,47*64
$GAGSV,2,2,07,19,69,356,46,28,62,271,48,33,49,159,47,,,,*5F
$GAGSV,2,1,07,04,39,253,45,06,15,244,36,10,45,315,47,12,69,297,47*65
$GAGSV,2,2,07,19,69,356,45,28,62,271,48,33,49,159,47,,,,*5C
$GAGSV,2,1,07,04,39,253,45,06,15,244,36,10,45,315,47,12,69,297,46*64
$GAGSV,2,2,07,19,69,356,45,28,62,271,48,33,49,159,47,,,,*5C
$GAGSV,2,1,07,04,39,253,45,06,15,244,36,10,45,315,47,12,69,297,46*64
$GAGSV,2,2,07,19,69,356,45,28,62,271,48,33,49,159,47,,,,*5C
$GAGSV,2,1,07,04,39,253,45,06,15,244,36,10,45,315,47,12,69,297,46*64
$GAGSV,2,2,07,19,69,356,45,28,62,271,48,33,49,159,47,,,,*5C
$GAGSV,2,1,07,04,39,253,45,06,15,244,36,10,45,315,47,12,69,297,46*64
$GAGSV,2,2,07,19,69,356,45,28,62,271,48,33,49,159,47,,,,*5C
$GAGSV,2,1,07,04,39,253,45,06,15,244,36,10,45,315,47,12,69,297,46*64
$GAGSV,2,2,07,19,69,356,46,28,62,271,48,33,49,159,47,,,,*5F
$GAGSV,2,1,07,04,39,253,45,06,15,244,36,10,45,315,47,12,69,297,46*64
$GAGSV,2,2,07,19,69,356,46,28,62,271,48,33,49,159,47,,,,*5F
$GAGSV,2,1,07,04,39,253,45,06,15,244,36,10,45,315,47,12,69,297,46*64
$GAGSV,2,2,07,19,69,356,45,28,62,271,48,33,49,159,47,,,,*5C
$GAGSV,2,1,07,04,39,253,45,06,15,244,36,10,45,315,47,12,69,297,46*64
$GAGSV,2,2,07,19,69,356,45,28,62,271,48,33,49,159,47,,,,*5C
$GAGSV,2,1,07,04,39,253,45,06,15,244,36,10,45,315,47,12,69,297,46*64
$GAGSV,2,2,07,19,69,356,45,28,62,271,49,33,49,159,47,,,,*5D
$GAGSV,2,1,07,04,39,253,45,06,15,244,36,10,45,315,47,12,69,297,46*64
$GAGSV,2,2,07,19,69,356,45,28,62,271,49,33,49,159,47,,,,*5D
$GAGSV,2,1,07,04,39,253,45,06,15,244,36,10,45,315,47,12,69,297,46*64
$GAGSV,2,2,07,19,69,356,45,28,62,271,49,33,49,159,47,,,,*5D
$GAGSV,2,1,07,04,39,253,45,06,15,244,36,10,45,315,47,12,69,297,46*64
$GAGSV,2,2,07,19,69,356,45,28,62,271,49,33,49,159,47,,,,*5D
$GAGSV,2,1,07,04,39,253,45,06,15,244,36,10,45,315,47,12,69,297,46*64
$GAGSV,2,2,07,19,69,356,45,28,62,271,49,33,49,159,47,,,,*5D
$GAGSV,2,1,07,04,39,253,45,06,15,244,36,10,45,315,47,12,69,297,46*64
$GAGSV,2,2,07,19,69,356,45,28,62,271,49,33,49,159,47,,,,*5D
$GAGSV,2,1,07,04,39,253,45,06,15,244,36,10,45,315,47,12,69,297,46*64
$GAGSV,2,2,07,19,69,356,45,28,62,271,49,33,49,159,47,,,,*5D
$GAGSV,2,1,07,04,39,253,45,06,15,244,36,10,45,315,47,12,69,297,46*64
$GAGSV,2,2,07,19,69,356,45,28,62,271,49,33,49,159,48,,,,*52
$GAGSV,2,1,07,04,39,253,46,06,15,244,36,10,45,315,47,12,69,297,46*67
$GAGSV,2,2,07,19,69,356,45,28,62,271,49,33,49,159,48,,,,*52
$GAGSV,2,1,07,04,39,253,46,06,15,244,36,10,45,315,47,12,69,297,46*67
$GAGSV,2,2,07,19,69,356,45,28,62,271,49,33,49,159,48,,,,*52
$GAGSV,2,1,07,04,39,253,45,06,15,244,37,10,45,315,47,12,69,297,46*65
$GAGSV,2,2,07,19,69,356,45,28,62,271,49,33,49,159,48,,,,*52
$GAGSV,2,1,07,04,39,253,45,06,15,244,36,10,45,315,46,12,69,297,46*65
$GAGSV,2,2,07,19,69,356,45,28,62,271,49,33,49,159,48,,,,*52
$GAGSV,2,1,07,04,39,253,46,06,15,244,36,10,45,315,46,12,69,297,46*66
$GAGSV,2,2,07,19,69,356,45,28,62,271,49,33,49,159,48,,,,*52
$GAGSV,2,1,07,04,39,253,46,06,15,244,36,10,45,315,46,12,69,297,46*66
$GAGSV,2,2,07,19,69,356,45,28,62,271,49,33,49,159,48,,,,*52
$GAGSV,2,1,07,04,39,253,46,06,15,244,36,10,45,315,47,12,69,297,46*67
$GAGSV,2,2,07,19,69,356,45,28,62,271,49,33,49,159,48,,,,*52
$GAGSV,2,1,07,04,39,253,46,06,15,244,36,10,45,315,47,12,69,297,46*67
$GAGSV,2,2,07,19,69,356,45,28,62,271,49,33,49,159,48,,,,*52
$GAGSV,2,1,07,04,39,253,46,06,15,244,36,10,45,315,47,12,69,297,46*67
$GAGSV,2,2,07,19,69,356,45,28,62,271,49,33,49,159,48,,,,*52
$GAGSV,2,1,07,04,39,253,46,06,15,244,36,10,45,315,47,12,69,297,46*67
$GAGSV,2,2,07,19,69,356,45,28,62,271,49,33,49,159,48,,,,*52
$GAGSV,2,1,07,04,39,253,46,06,15,244,36,10,45,315,47,12,69,297,46*67
$GAGSV,2,2,07,19,69,356,45,28,62,271,49,33,49,159,48,,,,*52
$GAGSV,2,1,07,04,39,253,45,06,15,244,36,10,45,315,47,12,69,297,46*64
$GAGSV,2,2,07,19,69,356,45,28,62,271,49,33,49,159,48,,,,*52
$GAGSV,2,1,07,04,39,253,45,06,15,244,36,10,45,315,47,12,69,297,46*64
$GAGSV,2,2,07,19,69,356,45,28,62,271,49,33,49,159,48,,,,*52
$GAGSV,2,1,07,04,39,253,45,06,15,244,36,10,45,315,47,12,69,297,46*64
$GAGSV,2,2,07,19,69,356,45,28,62,271,49,33,49,159,47,,,,*5D
$GAGSV,2,1,07,04,39,253,45,06,15,244,36,10,45,315,47,12,69,297,46*64
$GAGSV,2,2,07,19,69,356,45,28,62,271,49,33,49,159,47,,,,*5D
$GAGSV,2,1,07,04,39,253,45,06,15,244,36,10,45,315,47,12,69,297,46*64
$GAGSV,2,2,07,19,69,356,45,28,62,271,49,33,49,159,47,,,,*5D
$GAGSV,2,1,07,04,39,253,45,06,15,244,36,10,45,315,47,12,69,297,46*64
$GAGSV,2,2,07,19,69,356,45,28,62,271,49,33,49,159,47,,,,*5D
$GAGSV,2,1,07,04,39,253,45,06,15,244,36,10,45,315,47,12,69,297,46*64
$GAGSV,2,2,07,19,69,356,45,28,62,271,49,33,49,159,47,,,,*5D
$GAGSV,2,1,07,04,39,253,45,06,15,244,37,10,45,315,47,12,69,297,46*65
$GAGSV,2,2,07,19,69,356,45,28,62,271,48,33,49,159,47,,,,*5C
$GAGSV,2,1,07,04,39,253,45,06,15,244,37,10,45,315,47,12,69,297,46*65
$GAGSV,2,2,07,19,69,356,45,28,62,271,48,33,49,159,47,,,,*5C
$GAGSV,2,1,07,04,39,253,45,06,15,244,37,10,45,315,47,12,69,297,46*65
$GAGSV,2,2,07,19,69,356,45,28,62,271,48,33,49,159,47,,,,*5C
$GAGSV,2,1,07,04,39,253,45,06,15,244,37,10,45,315,47,12,69,297,46*65
$GAGSV,2,2,07,19,69,356,45,28,62,271,48,33,49,159,47,,,,*5C
$GAGSV,2,1,07,04,39,253,45,06,15,244,37,10,45,315,47,12,69,297,46*65
$GAGSV,2,2,07,19,69,356,46,28,62,271,48,33,49,159,47,,,,*5F
$GAGSV,2,1,07,04,39,253,46,06,15,244,37,10,45,315,47,12,69,297,46*66
$GAGSV,2,2,07,19,69,356,46,28,62,271,48,33,49,159,47,,,,*5F
$GAGSV,2,1,07,04,39,253,46,06,15,244,37,10,45,315,47,12,69,297,46*66
$GAGSV,2,2,07,19,69,356,46,28,62,271,48,33,49,159,47,,,,*5F
$GAGSV,2,1,07,04,39,253,46,06,15,244,37,10,45,315,47,12,69,297,46*66
$GAGSV,2,2,07,19,69,356,46,28,62,271,48,33,49,159,47,,,,*5F
$GAGSV,2,1,07,04,39,253,46,06,15,244,37,10,45,315,47,12,69,297,46*66
$GAGSV,2,2,07,19,69,356,46,28,62,271,48,33,49,159,47,,,,*5F
$GAGSV,2,1,07,04,39,253,46,06,15,244,38,10,45,315,47,12,69,297,46*69
$GAGSV,2,2,07,19,69,356,46,28,62,272,48,33,49,159,47,,,,*5C
$GAGSV,2,1,07,04,39,253,46,06,15,244,38,10,45,315,47,12,69,297,46*69
$GAGSV,2,2,07,19,69,356,46,28,62,272,48,33,49,159,47,,,,*5C
$GAGSV,2,1,07,04,39,253,46,06,15,244,38,10,45,315,47,12,69,297,47*68
$GAGSV,2,2,07,19,69,356,46,28,62,272,48,33,49,159,47,,,,*5C
$GAGSV,2,1,07,04,39,253,46,06,15,244,38,10,45,315,47,12,69,297,47*68
$GAGSV,2,2,07,19,69,356,46,28,62,272,48,33,49,159,47,,,,*5C
$GAGSV,2,1,07,04,39,253,46,06,15,244,38,10,45,315,47,12,69,297,47*68
$GAGSV,2,2,07,19,69,356,46,28,62,272,48,33,49,159,47,,,,*5C
$GAGSV,2,1,07,04,39,253,46,06,15,244,38,10,45,315,47,12,69,297,47*68
$GAGSV,2,2,07,19,69,356,46,28,62,272,48,33,49,159,47,,,,*5C
$GAGSV,2,1,07,04,39,253,46,06,15,244,38,10,45,315,47,12,69,297,46*69
$GAGSV,2,2,07,19,69,356,46,28,62,272,48,33,49,159,47,,,,*5C
$GAGSV,2,1,07,04,39,253,46,06,15,244,38,10,45,315,47,12,69,297,46*69
$GAGSV,2,2,07,19,69,356,46,28,62,272,48,33,49,159,47,,,,*5C
$GAGSV,2,1,07,04,39,253,46,06,15,244,38,10,45,315,47,12,69,297,46*69
$GAGSV,2,2,07,19,69,356,46,28,62,272,49,33,49,159,47,,,,*5D
$GAGSV,2,1,07,04,39,253,46,06,15,244,38,10,45,315,47,12,69,297,46*69
$GAGSV,2,2,07,19,69,356,46,28,62,272,49,33,49,159,47,,,,*5D
$GAGSV,2,1,07,04,39,253,46,06,15,244,38,10,45,315,47,12,69,297,46*69
$GAGSV,2,2,07,19,69,356,46,28,62,272,49,33,49,159,48,,,,*52
$GAGSV,2,1,07,04,39,253,46,06,15,244,38,10,45,315,47,12,69,297,46*69
$GAGSV,2,2,07,19,69,356,45,28,62,272,49,33,49,159,48,,,,*51
$GAGSV,2,1,07,04,39,253,46,06,15,244,38,10,45,315,47,12,69,297,46*69
$GAGSV,2,2,07,19,69,356,45,28,62,272,49,33,49,159,48,,,,*51
$GAGSV,2,1,07,04,39,253,46,06,15,244,37,10,45,315,47,12,69,297,46*66
$GAGSV,2,2,07,19,69,356,45,28,62,272,49,33,49,159,48,,,,*51
$GAGSV,2,1,07,04,39,253,46,06,15,244,36,10,45,315,47,12,69,297,46*67
$GAGSV,2,2,07,19,69,356,45,28,62,272,49,33,49,159,48,,,,*51
$GAGSV,2,1,07,04,39,253,46,06,15,244,36,10,45,315,47,12,69,297,47*66
$GAGSV,2,2,07,19,69,356,45,28,62,272,49,33,49,159,48,,,,*51
$GAGSV,2,1,07,04,39,253,46,06,15,244,37,10,45,315,47,12,69,297,47*67
$GAGSV,2,2,07,19,69,356,45,28,62,272,49,33,49,159,48,,,,*51
$GAGSV,2,1,07,04,39,253,46,06,15,244,36,10,45,315,47,12,69,297,47*66
$GAGSV,2,2,07,19,69,356,45,28,62,272,49,33,49,159,48,,,,*51
$GAGSV,2,1,07,04,39,253,46,06,15,244,36,10,45,315,47,12,69,297,47*66
$GAGSV,2,2,07,19,69,356,46,28,62,272,49,33,49,159,48,,,,*52
$GAGSV,2,1,07,04,39,253,46,06,15,244,35,10,45,315,47,12,69,297,47*65
$GAGSV,2,2,07,19,69,356,46,28,62,272,49,33,49,159,48,,,,*52
$GAGSV,2,1,07,04,39,254,46,06,15,244,35,10,45,315,47,12,69,297,47*62
$GAGSV,2,2,07,19,69,356,46,28,62,272,49,33,49,159,48,,,,*52
$GAGSV,2,1,07,04,39,254,46,06,15,244,36,10,45,315,47,12,69,297,47*61
$GAGSV,2,2,07,19,69,356,46,28,62,272,49,33,49,159,48,,,,*52
$GAGSV,2,1,07,04,39,254,46,06,15,244,36,10,45,315,47,12,69,297,47*61
$GAGSV,2,2,07,19,69,356,46,28,62,272,49,33,49,159,48,,,,*52
$GAGSV,2,1,07,04,39,254,46,06,15,244,36,10,45,315,47,12,69,297,47*61
$GAGSV,2,2,07,19,69,356,46,28,62,272,49,33,49,159,48,,,,*52
$GAGSV,2,1,07,04,39,254,46,06,15,244,36,10,45,315,47,12,69,297,47*61
$GAGSV,2,2,07,19,69,356,46,28,62,272,49,33,49,159,48,,,,*52
$GAGSV,2,1,07,04,39,254,46,06,15,244,36,10,45,315,47,12,69,297,47*61
$GAGSV,2,2,07,19,69,356,46,28,62,272,49,33,49,159,48,,,,*52
$GAGSV,2,1,07,04,39,254,46,06,15,244,36,10,45,315,47,12,69,297,47*61
$GAGSV,2,2,07,19,69,356,46,28,62,272,49,33,49,159,48,,,,*52
$GAGSV,2,1,07,04,39,254,47,06,15,244,36,10,45,315,47,12,69,297,47*60
$GAGSV,2,2,07,19,69,356,46,28,62,272,49,33,49,159,48,,,,*52
$GAGSV,2,1,07,04,39,254,47,06,15,244,36,10,45,315,47,12,69,297,47*60
$GAGSV,2,2,07,19,69,356,46,28,62,272,49,33,49,159,48,,,,*52
$GAGSV,2,1,07,04,39,254,46,06,15,244,37,10,45,315,47,12,69,297,47*60
$GAGSV,2,2,07,19,69,356,46,28,62,272,49,33,49,159,48,,,,*52
$GAGSV,2,1,07,04,39,254,46,06,15,244,37,10,45,315,47,12,69,296,47*61
$GAGSV,2,2,07,19,69,356,46,28,62,272,49,33,49,159,48,,,,*52
$GAGSV,2,1,07,04,39,254,46,06,15,244,37,10,45,315,47,12,69,296,47*61
$GAGSV,2,2,07,19,69,356,46,28,62,272,49,33,49,159,48,,,,*52
$GAGSV,2,1,07,04,39,254,46,06,15,244,37,10,45,315,47,12,69,296,47*61
$GAGSV,2,2,07,19,69,356,46,28,62,272,49,33,49,159,48,,,,*52
$GAGSV,2,1,07,04,39,254,46,06,15,244,37,10,45,315,47,12,69,296,47*61
$GAGSV,2,2,07,19,69,356,46,28,62,272,49,33,49,159,48,,,,*52
$GAGSV,2,1,07,04,39,254,46,06,15,244,37,10,45,315,47,12,69,296,47*61
$GAGSV,2,2,07,19,69,356,46,28,62,272,49,33,49,159,48,,,,*52
$GAGSV,2,1,07,04,39,254,46,06,15,244,37,10,45,315,47,12,69,296,47*61
$GAGSV,2,2,07,19,69,356,46,28,62,272,49,33,49,159,48,,,,*52
$GAGSV,2,1,07,04,39,254,46,06,15,244,37,10,45,315,47,12,69,296,47*61
$GAGSV,2,2,07,19,69,356,46,28,62,272,49,33,49,159,48,,,,*52
$GAGSV,2,1,07,04,39,254,46,06,15,244,37,10,45,315,47,12,69,296,47*61
$GAGSV,2,2,07,19,69,356,46,28,62,272,49,33,49,159,48,,,,*52
$GAGSV,2,1,07,04,39,254,46,06,15,244,37,10,45,315,47,12,69,296,47*61
$GAGSV,2,2,07,19,69,356,46,28,62,272,49,33,49,159,48,,,,*52
$GAGSV,2,1,07,04,39,254,46,06,15,244,37,10,45,315,47,12,69,296,47*61
$GAGSV,2,2,07,19,69,356,46,28,62,272,49,33,49,159,48,,,,*52
$GAGSV,2,1,07,04,39,254,46,06,15,244,37,10,45,315,47,12,69,296,47*61
$GAGSV,2,2,07,19,69,356,46,28,62,272,49,33,49,159,48,,,,*52
$GAGSV,2,1,07,04,39,254,47,06,15,244,37,10,45,315,47,12,69,296,47*60
$GAGSV,2,2,07,19,69,356,46,28,62,272,49,33,49,159,48,,,,*52
$GAGSV,2,1,07,04,39,254,47,06,15,244,37,10,45,315,47,12,69,296,47*60
$GAGSV,2,2,07,19,69,356,46,28,62,272,49,33,49,159,48,,,,*52
$GAGSV,2,1,07,04,39,254,46,06,15,244,37,10,45,315,48,12,69,296,47*6E
$GAGSV,2,2,07,19,69,356,45,28,62,272,49,33,49,159,48,,,,*51
$GAGSV,2,1,07,04,39,254,47,06,15,244,37,10,45,315,48,12,69,296,47*6F
$GAGSV,2,2,07,19,69,356,45,28,62,272,49,33,49,159,48,,,,*51
$GAGSV,2,1,07,04,39,254,47,06,15,244,37,10,45,315,48,12,69,296,47*6F
$GAGSV,2,2,07,19,69,356,45,28,62,272,49,33,49,159,48,,,,*51
$GAGSV,2,1,07,04,39,254,47,06,15,244,37,10,45,315,48,12,69,296,47*6F
$GAGSV,2,2,07,19,69,356,45,28,62,272,49,33,49,159,48,,,,*51
$GAGSV,2,1,07,04,39,254,47,06,15,244,37,10,45,315,48,12,69,296,47*6F
$GAGSV,2,2,07,19,69,356,45,28,62,272,49,33,49,159,48,,,,*51
$GAGSV,2,1,07,04,39,254,47,06,15,244,37,10,45,315,47,12,69,296,47*60
$GAGSV,2,2,07,19,69,356,45,28,62,272,49,33,49,159,48,,,,*51
$GAGSV,2,1,07,04,39,254,47,06,15,244,37,10,45,315,47,12,69,296,47*60
$GAGSV,2,2,07,19,69,356,45,28,62,272,49,33,49,159,48,,,,*51
$GAGSV,2,1,07,04,39,254,47,06,15,244,37,10,45,315,47,12,69,296,47*60
$GAGSV,2,2,07,19,69,356,45,28,62,272,49,33,49,159,48,,,,*51
$GAGSV,2,1,07,04,39,254,47,06,15,244,37,10,45,315,48,12,69,296,47*6F
$GAGSV,2,2,07,19,69,356,45,28,62,272,49,33,49,159,48,,,,*51
$GAGSV,2,1,07,04,39,254,47,06,15,244,37,10,45,315,48,12,69,296,47*6F
$GAGSV,2,2,07,19,69,356,45,28,62,272,49,33,49,159,48,,,,*51
$GAGSV,2,1,07,04,39,254,47,06,15,244,37,10,45,315,48,12,69,296,47*6F
$GAGSV,2,2,07,19,69,356,45,28,62,272,49,33,49,159,48,,,,*51
$GAGSV,2,1,07,04,39,254,47,06,15,244,37,10,45,315,47,12,69,296,47*60
$GAGSV,2,2,07,19,69,356,45,28,62,272,49,33,49,159,48,,,,*51
$GAGSV,2,1,07,04,39,254,47,06,15,244,37,10,45,315,47,12,69,296,47*60
$GAGSV,2,2,07,19,69,356,45,28,62,272,49,33,49,159,48,,,,*51
$GAGSV,2,1,07,04,39,254,47,06,15,244,37,10,45,315,47,12,69,296,46*61
$GAGSV,2,2,07,19,69,356,45,28,62,272,49,33,49,159,47,,,,*5E
$GAGSV,2,1,07,04,39,254,47,06,15,244,37,10,45,315,47,12,69,296,46*61
$GAGSV,2,2,07,19,69,356,45,28,62,272,48,33,49,159,47,,,,*5F
$GAGSV,2,1,07,04,39,254,47,06,15,244,37,10,45,315,47,12,69,296,46*61
$GAGSV,2,2,07,19,69,356,45,28,62,272,48,33,49,159,47,,,,*5F
$GAGSV,2,1,07,04,39,254,46,06,15,244,37,10,45,315,47,12,69,296,46*60
$GAGSV,2,2,07,19,69,356,45,28,62,272,48,33,49,159,47,,,,*5F
$GAGSV,2,1,07,04,39,254,46,06,15,244,37,10,45,315,47,12,69,296,46*60
$GAGSV,2,2,07,19,69,356,44,28,62,272,48,33,49,159,47,,,,*5E
$GAGSV,2,1,07,04,39,254,46,06,15,244,37,10,45,315,47,12,69,296,47*61
$GAGSV,2,2,07,19,69,356,44,28,62,272,48,33,49,159,47,,,,*5E
$GAGSV,2,1,07,04,39,254,46,06,15,244,37,10,45,315,47,12,69,296,46*60
$GAGSV,2,2,07,19,69,356,44,28,62,272,48,33,49,159,47,,,,*5E
$GAGSV,2,1,07,04,39,254,46,06,15,244,37,10,45,315,47,12,69,296,46*60
$GAGSV,2,2,07,19,69,356,45,28,62,272,48,33,49,159,47,,,,*5F
$GAGSV,2,1,07,04,39,254,46,06,15,244,37,10,45,315,47,12,69,296,46*60
$GAGSV,2,2,07,19,69,356,45,28,62,272,48,33,49,159,47,,,,*5F
$GAGSV,2,1,07,04,39,254,46,06,15,244,37,10,45,315,47,12,69,296,46*60
$GAGSV,2,2,07,19,69,356,45,28,62,272,48,33,49,159,47,,,,*5F
$GAGSV,2,1,07,04,39,254,46,06,15,244,37,10,45,315,47,12,69,296,46*60
$GAGSV,2,2,07,19,69,356,45,28,62,272,48,33,49,159,47,,,,*5F
$GAGSV,2,1,07,04,39,254,46,06,15,244,37,10,45,315,47,12,69,296,46*60
$GAGSV,2,2,07,19,69,356,45,28,62,272,48,33,49,159,47,,,,*5F
$GAGSV,2,1,07,04,39,254,46,06,15,244,37,10,45,315,47,12,69,296,46*60
$GAGSV,2,2,07,19,69,356,45,28,62,272,48,33,49,159,47,,,,*5F
$GAGSV,2,1,07,04,39,254,46,06,15,244,38,10,45,315,47,12,69,296,46*6F
$GAGSV,2,2,07,19,69,356,45,28,62,272,48,33,49,159,47,,,,*5F
$GAGSV,2,1,07,04,39,254,46,06,15,244,37,10,45,315,47,12,69,296,46*60
$GAGSV,2,2,07,19,69,356,45,28,62,272,48,33,49,159,47,,,,*5F
$GAGSV,2,1,07,04,39,254,46,06,15,244,37,10,45,315,47,12,69,296,46*60
$GAGSV,2,2,07,19,69,356,45,28,62,272,48,33,49,159,47,,,,*5F
$GAGSV,2,1,07,04,39,254,46,06,15,244,37,10,45,315,47,12,69,296,46*60
$GAGSV,2,2,07,19,69,356,45,28,62,272,48,33,49,159,47,,,,*5F
$GAGSV,2,1,07,04,39,254,46,06,15,244,37,10,45,315,47,12,69,296,46*60
$GAGSV,2,2,07,19,69,356,45,28,62,272,48,33,49,159,47,,,,*5F
$GAGSV,2,1,07,04,39,254,46,06,15,244,37,10,45,315,47,12,69,296,46*60
$GAGSV,2,2,07,19,69,356,45,28,62,272,48,33,49,159,47,,,,*5F
$GAGSV,2,1,07,04,39,254,46,06,15,244,37,10,45,315,47,12,69,296,46*60
$GAGSV,2,2,07,19,69,356,45,28,62,272,48,33,49,159,47,,,,*5F
$GAGSV,2,1,07,04,39,254,46,06,15,244,37,10,45,315,47,12,69,296,46*60
$GAGSV,2,2,07,19,69,356,45,28,62,272,48,33,49,159,47,,,,*5F
$GAGSV,2,1,07,04,39,254,46,06,15,244,37,10,45,315,47,12,69,296,46*60
$GAGSV,2,2,07,19,69,356,45,28,62,272,48,33,49,159,47,,,,*5F
$GAGSV,2,1,07,04,39,254,46,06,15,244,37,10,45,315,47,12,69,296,46*60
$GAGSV,2,2,07,19,69,356,45,28,62,272,48,33,49,159,47,,,,*5F
$GAGSV,2,1,07,04,39,254,46,06,15,244,37,10,45,315,47,12,69,296,46*60
$GAGSV,2,2,07,19,69,356,45,28,62,272,48,33,49,159,47,,,,*5F
$GAGSV,2,1,07,04,39,254,46,06,15,244,37,10,45,315,47,12,69,296,46*60
$GAGSV,2,2,07,19,69,356,45,28,62,272,48,33,49,159,47,,,,*5F
$GAGSV,2,1,07,04,39,254,46,06,15,244,37,10,45,315,47,12,69,296,46*60
$GAGSV,2,2,07,19,69,356,45,28,62,272,48,33,49,159,47,,,,*5F
$GAGSV,2,1,07,04,39,254,46,06,15,244,37,10,45,315,47,12,69,296,46*60
$GAGSV,2,2,07,19,69,356,45,28,62,272,48,33,49,159,47,,,,*5F
$GAGSV,2,1,07,04,39,254,46,06,15,244,37,10,45,315,47,12,69,296,46*60
$GAGSV,2,2,07,19,69,356,45,28,62,272,48,33,49,159,47,,,,*5F
$GAGSV,2,1,07,04,39,254,46,06,15,244,37,10,45,315,47,12,69,296,46*60
$GAGSV,2,2,07,19,69,356,45,28,62,272,48,33,49,159,47,,,,*5F
$GAGSV,2,1,07,04,39,254,46,06,15,244,37,10,45,315,47,12,69,296,46*60
$GAGSV,2,2,07,19,69,356,45,28,62,272,48,33,49,159,47,,,,*5F
$GAGSV,2,1,07,04,39,254,46,06,15,244,37,10,45,315,47,12,69,296,47*61
$GAGSV,2,2,07,19,69,356,45,28,62,272,48,33,49,159,47,,,,*5F
$GAGSV,2,1,07,04,39,254,46,06,15,244,37,10,45,315,47,12,69,296,47*61
$GAGSV,2,2,07,19,69,356,45,28,62,272,48,33,49,159,47,,,,*5F
$GAGSV,2,1,07,04,39,254,46,06,15,244,37,10,45,315,47,12,69,296,47*61
$GAGSV,2,2,07,19,69,356,45,28,62,272,48,33,49,159,47,,,,*5F
$GAGSV,2,1,07,04,39,254,46,06,15,244,37,10,45,315,47,12,69,296,47*61
$GAGSV,2,2,07,19,69,356,45,28,62,272,48,33,49,159,47,,,,*5F
$GAGSV,2,1,07,04,39,254,46,06,15,244,37,10,45,315,47,12,69,296,47*61
$GAGSV,2,2,07,19,69,356,45,28,62,272,48,33,48,159,47,,,,*5E
$GAGSV,2,1,07,04,39,254,46,06,15,244,37,10,45,315,47,12,69,296,47*61
$GAGSV,2,2,07,19,69,356,45,28,62,272,48,33,48,159,47,,,,*5E
$GAGSV,2,1,07,04,39,254,46,06,15,244,37,10,45,315,47,12,69,296,47*61
$GAGSV,2,2,07,19,69,356,45,28,62,272,48,33,48,159,47,,,,*5E
$GAGSV,2,1,07,04,39,254,46,06,15,244,37,10,45,315,47,12,69,296,46*60
$GAGSV,2,2,07,19,69,356,45,28,62,272,48,33,48,159,47,,,,*5E
$GAGSV,2,1,07,04,39,254,46,06,15,244,37,10,45,315,47,12,69,296,46*60
$GAGSV,2,2,07,19,69,356,45,28,62,272,48,33,48,159,47,,,,*5E
$GAGSV,2,1,07,04,39,254,46,06,15,244,37,10,45,315,47,12,69,296,47*61
$GAGSV,2,2,07,19,69,356,45,28,62,272,48,33,48,159,47,,,,*5E
$GAGSV,2,1,07,04,39,254,46,06,15,244,37,10,45,315,47,12,69,296,47*61
$GAGSV,2,2,07,19,69,356,45,28,62,272,48,33,48,159,47,,,,*5E
$GAGSV,2,1,07,04,39,254,46,06,15,244,37,10,45,315,47,12,69,296,46*60
$GAGSV,2,2,07,19,69,356,45,28,62,272,48,33,48,159,47,,,,*5E
$GAGSV,2,1,07,04,39,254,46,06,15,244,37,10,45,315,47,12,69,296,46*60
$GAGSV,2,2,07,19,69,356,45,28,62,272,48,33,48,159,47,,,,*5E
$GAGSV,2,1,07,04,39,254,46,06,15,244,37,10,45,315,47,12,69,296,46*60
$GAGSV,2,2,07,19,69,356,45,28,62,272,48,33,48,159,47,,,,*5E
$GAGSV,2,1,07,04,39,254,46,06,15,244,37,10,45,315,47,12,69,296,46*60
$GAGSV,2,2,07,19,69,356,45,28,62,272,48,33,48,159,47,,,,*5E
$GAGSV,2,1,07,04,39,254,46,06,15,244,37,10,45,315,47,12,69,296,46*60
$GAGSV,2,2,07,19,69,356,45,28,62,272,48,33,48,159,47,,,,*5E
$GAGSV,2,1,07,04,39,254,46,06,15,244,37,10,45,315,47,12,69,296,46*60
$GAGSV,2,2,07,19,69,356,45,28,62,272,48,33,48,159,47,,,,*5E
$GAGSV,2,1,07,04,39,254,46,06,15,244,37,10,45,315,47,12,69,296,46*60
$GAGSV,2,2,07,19,69,356,45,28,62,272,48,33,48,159,47,,,,*5E
$GAGSV,2,1,07,04,39,254,46,06,15,244,37,10,45,315,47,12,69,296,46*60
$GAGSV,2,2,07,19,69,356,45,28,62,272,48,33,48,159,47,,,,*5E
$GAGSV,2,1,07,04,39,254,46,06,15,244,37,10,45,315,47,12,69,296,46*60
$GAGSV,2,2,07,19,69,356,45,28,62,272,48,33,48,159,47,,,,*5E
$GAGSV,2,1,07,04,39,254,46,06,15,244,37,10,45,315,47,12,69,296,46*60
$GAGSV,2,2,07,19,69,356,45,28,62,272,48,33,48,159,47,,,,*5E
$GAGSV,2,1,07,04,39,254,46,06,15,244,37,10,45,315,47,12,69,296,46*60
$GAGSV,2,2,07,19,69,356,45,28,62,272,48,33,48,159,47,,,,*5E
$GAGSV,2,1,07,04,39,254,46,06,15,244,37,10,45,315,47,12,69,296,46*60
$GAGSV,2,2,07,19,69,356,45,28,62,272,48,33,48,159,47,,,,*5E
$GAGSV,2,1,07,04,39,254,46,06,15,244,37,10,45,315,47,12,69,296,46*60
$GAGSV,2,2,07,19,69,356,45,28,62,272,48,33,48,159,47,,,,*5E
$GAGSV,2,1,07,04,39,254,46,06,15,244,37,10,45,315,47,12,69,296,46*60
$GAGSV,2,2,07,19,69,356,45,28,62,272,48,33,48,159,47,,,,*5E
$GAGSV,2,1,07,04,39,254,46,06,15,244,37,10,45,315,47,12,69,296,46*60
$GAGSV,2,2,07,19,69,356,45,28,62,272,48,33,48,159,47,,,,*5E
$GAGSV,2,1,07,04,39,254,46,06,15,244,36,10,45,315,47,12,69,296,46*61
$GAGSV,2,2,07,19,69,356,45,28,62,272,48,33,48,159,47,,,,*5E
$GAGSV,2,1,07,04,39,254,46,06,15,244,36,10,45,315,47,12,69,296,46*61
$GAGSV,2,2,07,19,69,356,45,28,62,272,48,33,48,159,47,,,,*5E
$GAGSV,2,1,07,04,39,254,45,06,15,244,35,10,45,315,47,12,69,296,46*61
$GAGSV,2,2,07,19,69,356,45,28,62,272,48,33,48,159,47,,,,*5E
$GAGSV,2,1,07,04,39,254,45,06,15,244,36,10,45,315,47,12,69,296,46*62
$GAGSV,2,2,07,19,69,356,45,28,62,272,48,33,48,159,47,,,,*5E
$GAGSV,2,1,07,04,39,254,45,06,15,244,36,10,45,315,47,12,69,296,46*62
$GAGSV,2,2,07,19,69,356,45,28,62,272,48,33,48,159,47,,,,*5E
$GAGSV,2,1,07,04,39,254,45,06,15,244,36,10,45,315,47,12,69,296,46*62
$GAGSV,2,2,07,19,69,356,45,28,62,272,48,33,48,159,47,,,,*5E
$GAGSV,2,1,07,04,39,254,45,06,15,244,36,10,45,315,47,12,69,296,46*62
$GAGSV,2,2,07,19,69,356,45,28,62,272,48,33,48,159,47,,,,*5E
$GAGSV,2,1,07,04,39,254,45,06,15,244,36,10,45,315,47,12,69,296,46*62
$GAGSV,2,2,07,19,69,356,45,28,62,272,48,33,48,159,47,,,,*5E
$GAGSV,2,1,07,04,39,254,45,06,15,244,36,10,45,315,47,12,69,296,46*62
$GAGSV,2,2,07,19,69,356,45,28,62,272,48,33,48,159,47,,,,*5E
$GAGSV,2,1,07,04,39,254,45,06,15,244,36,10,45,315,47,12,69,296,46*62
$GAGSV,2,2,07,19,69,356,45,28,62,272,48,33,48,159,47,,,,*5E
$GAGSV,2,1,07,04,39,254,45,06,15,244,36,10,45,315,47,12,69,296,46*62
$GAGSV,2,2,07,19,69,356,45,28,62,272,48,33,48,159,47,,,,*5E
$GAGSV,2,1,07,04,39,254,45,06,15,244,36,10,45,315,47,12,69,296,46*62
$GAGSV,2,2,07,19,69,356,45,28,62,272,48,33,48,159,47,,,,*5E
$GAGSV,2,1,07,04,39,254,45,06,15,244,35,10,45,315,47,12,69,296,46*61
$GAGSV,2,2,07,19,69,356,45,28,62,272,48,33,48,159,47,,,,*5E
$GAGSV,2,1,07,04,39,254,45,06,15,244,36,10,45,315,47,12,69,296,46*62
$GAGSV,2,2,07,19,69,356,45,28,62,272,48,33,48,159,47,,,,*5E
$GAGSV,2,1,07,04,39,254,46,06,15,244,36,10,45,315,47,12,69,296,46*61
$GAGSV,2,2,07,19,69,356,45,28,62,272,48,33,48,159,47,,,,*5E
$GAGSV,2,1,07,04,39,254,46,06,15,244,36,10,45,315,47,12,69,296,46*61
$GAGSV,2,2,07,19,69,356,45,28,62,272,48,33,48,159,47,,,,*5E
$GAGSV,2,1,07,04,39,254,46,06,15,244,36,10,45,315,47,12,69,296,46*61
$GAGSV,2,2,07,19,69,356,44,28,62,272,48,33,48,159,47,,,,*5F
$GAGSV,2,1,07,04,39,254,46,06,15,244,36,10,45,315,47,12,69,296,46*61
$GAGSV,2,2,07,19,69,356,44,28,62,272,48,33,48,159,47,,,,*5F
$GAGSV,2,1,07,04,39,254,46,06,15,244,36,10,45,315,47,12,69,296,46*61
$GAGSV,2,2,07,19,69,356,44,28,62,272,48,33,48,159,47,,,,*5F
$GAGSV,2,1,07,04,39,254,46,06,15,244,35,10,45,315,47,12,69,296,46*62
$GAGSV,2,2,07,19,69,356,44,28,62,272,48,33,48,159,47,,,,*5F
$GAGSV,2,1,07,04,39,254,46,06,15,244,35,10,45,315,47,12,69,296,47*63
$GAGSV,2,2,07,19,69,356,44,28,62,272,48,33,48,159,47,,,,*5F
$GAGSV,2,1,07,04,39,254,46,06,15,244,35,10,45,315,47,12,69,296,47*63
$GAGSV,2,2,07,19,69,356,44,28,62,272,48,33,48,159,47,,,,*5F
$GAGSV,2,1,07,04,39,254,46,06,15,244,35,10,45,315,47,12,69,296,47*63
$GAGSV,2,2,07,19,69,356,44,28,62,272,48,33,48,159,47,,,,*5F
$GAGSV,2,1,07,04,39,254,46,06,15,244,35,10,45,315,47,12,69,296,47*63
$GAGSV,2,2,07,19,69,356,45,28,62,272,48,33,48,159,47,,,,*5E
$GAGSV,2,1,07,04,39,254,46,06,15,244,35,10,45,315,47,12,69,296,47*63
$GAGSV,2,2,07,19,69,356,45,28,62,272,48,33,48,159,47,,,,*5E
$GAGSV,2,1,07,04,39,254,46,06,15,244,35,10,45,315,47,12,69,296,47*63
$GAGSV,2,2,07,19,69,356,45,28,62,272,48,33,48,159,47,,,,*5E
$GAGSV,2,1,07,04,39,254,46,06,15,244,35,10,45,315,47,12,69,296,47*63
$GAGSV,2,2,07,19,69,356,45,28,62,272,49,33,48,159,47,,,,*5F
$GAGSV,2,1,07,04,39,254,46,06,15,244,35,10,45,315,47,12,69,296,47*63
$GAGSV,2,2,07,19,69,356,45,28,62,272,49,33,48,159,47,,,,*5F
$GAGSV,2,1,07,04,39,254,46,06,15,244,35,10,45,315,47,12,69,296,47*63
$GAGSV,2,2,07,19,69,356,45,28,62,272,49,33,48,159,47,,,,*5F
$GAGSV,2,1,07,04,39,254,46,06,15,244,35,10,45,315,47,12,69,296,47*63
$GAGSV,2,2,07,19,69,356,45,28,62,272,49,33,48,159,47,,,,*5F
$GAGSV,2,1,07,04,39,254,46,06,15,244,36,10,45,315,47,12,69,296,47*60
$GAGSV,2,2,07,19,69,356,45,28,62,272,49,33,48,159,47,,,,*5F
$GAGSV,2,1,07,04,39,254,46,06,15,244,36,10,45,315,47,12,69,296,47*60
$GAGSV,2,2,07,19,69,356,45,28,62,272,49,33,48,159,47,,,,*5F
$GAGSV,2,1,07,04,39,254,46,06,15,244,36,10,45,315,47,12,69,296,47*60
$GAGSV,2,2,07,19,69,356,45,28,62,272,49,33,48,159,46,,,,*5E
$GAGSV,2,1,07,04,39,254,46,06,15,244,36,10,45,315,47,12,69,296,47*60
$GAGSV,2,2,07,19,69,356,45,28,63,272,49,33,48,159,46,,,,*5F
$GAGSV,2,1,07,04,39,254,46,06,15,244,36,10,45,315,47,12,69,296,47*60
$GAGSV,2,2,07,19,69,356,45,28,63,272,48,33,48,159,46,,,,*5E
$GAGSV,2,1,07,04,39,254,46,06,15,244,36,10,45,315,47,12,69,296,47*60
$GAGSV,2,2,07,19,69,356,45,28,63,272,48,33,48,159,46,,,,*5E
$GAGSV,2,1,07,04,39,254,46,06,15,244,36,10,45,315,47,12,69,296,47*60
$GAGSV,2,2,07,19,69,356,45,28,63,272,48,33,48,159,46,,,,*5E
$GAGSV,2,1,07,04,39,254,46,06,15,244,36,10,45,315,47,12,69,296,47*60
$GAGSV,2,2,07,19,69,356,45,28,63,272,48,33,48,159,46,,,,*5E
$GAGSV,2,1,07,04,39,254,46,06,15,244,35,10,45,315,47,12,69,296,47*63
$GAGSV,2,2,07,19,69,356,45,28,63,272,48,33,48,159,46,,,,*5E
$GAGSV,2,1,07,04,39,254,46,06,15,244,35,10,45,315,47,12,69,296,47*63
$GAGSV,2,2,07,19,69,356,45,28,63,272,48,33,48,159,46,,,,*5E
$GAGSV,2,1,07,04,39,254,46,06,15,244,35,10,45,315,47,12,69,296,47*63
$GAGSV,2,2,07,19,69,356,45,28,63,272,48,33,48,159,46,,,,*5E
$GAGSV,2,1,07,04,39,254,46,06,15,244,35,10,45,315,47,12,69,296,47*63
$GAGSV,2,2,07,19,69,356,45,28,63,272,48,33,48,159,46,,,,*5E
$GAGSV,2,1,07,04,39,254,46,06,15,244,35,10,45,315,47,12,69,296,47*63
$GAGSV,2,2,07,19,69,356,45,28,63,272,48,33,48,159,46,,,,*5E
$GAGSV,2,1,07,04,39,254,46,06,15,244,35,10,45,315,48,12,69,296,47*6C
$GAGSV,2,2,07,19,69,356,45,28,63,272,48,33,48,159,46,,,,*5E
$GAGSV,2,1,07,04,39,254,46,06,15,244,35,10,45,315,48,12,69,296,47*6C
$GAGSV,2,2,07,19,69,356,45,28,63,272,48,33,48,159,46,,,,*5E
$GAGSV,2,1,07,04,39,254,46,06,15,244,35,10,45,315,47,12,69,296,47*63
$GAGSV,2,2,07,19,69,356,45,28,63,272,48,33,48,159,46,,,,*5E
$GAGSV,2,1,07,04,39,254,46,06,15,244,35,10,45,315,47,12,69,296,47*63
$GAGSV,2,2,07,19,69,356,45,28,63,272,48,33,48,159,46,,,,*5E
$GAGSV,2,1,07,04,39,254,46,06,15,244,35,10,45,315,47,12,69,296,47*63
$GAGSV,2,2,07,19,69,356,45,28,63,272,48,33,48,159,46,,,,*5E
$GAGSV,2,1,07,04,39,254,46,06,15,244,35,10,45,315,47,12,69,296,47*63
$GAGSV,2,2,07,19,69,356,45,28,63,272,48,33,48,159,46,,,,*5E
$GAGSV,2,1,07,04,39,254,46,06,15,244,35,10,45,315,47,12,69,296,47*63
$GAGSV,2,2,07,19,69,356,45,28,63,272,48,33,48,159,46,,,,*5E
$GAGSV,2,1,07,04,39,254,47,06,15,244,35,10,45,315,47,12,69,296,47*62
$GAGSV,2,2,07,19,69,356,45,28,63,272,48,33,48,159,46,,,,*5E
$GAGSV,2,1,07,04,39,254,47,06,15,244,35,10,45,315,47,12,69,296,47*62
$GAGSV,2,2,07,19,69,356,45,28,63,272,48,33,48,159,46,,,,*5E
$GAGSV,2,1,07,04,39,254,47,06,15,244,34,10,45,315,47,12,69,296,47*63
$GAGSV,2,2,07,19,69,356,45,28,63,272,48,33,48,159,46,,,,*5E
$GAGSV,2,1,07,04,39,254,47,06,15,244,34,10,45,315,47,12,69,296,47*63
$GAGSV,2,2,07,19,69,356,45,28,63,272,48,33,48,159,46,,,,*5E
$GAGSV,2,1,07,04,39,254,47,06,15,244,34,10,45,315,47,12,69,296,47*63
$GAGSV,2,2,07,19,69,356,45,28,63,272,48,33,48,159,46,,,,*5E
$GAGSV,2,1,07,04,39,254,47,06,15,244,34,10,45,315,47,12,69,296,47*63
$GAGSV,2,2,07,19,69,356,45,28,63,272,48,33,48,159,46,,,,*5E
$GAGSV,2,1,07,04,39,254,46,06,15,244,34,10,45,315,47,12,69,296,47*62
$GAGSV,2,2,07,19,69,356,45,28,63,272,48,33,48,159,47,,,,*5F
$GAGSV,2,1,07,04,39,254,46,06,15,244,34,10,45,315,47,12,69,296,47*62
$GAGSV,2,2,07,19,69,356,45,28,63,272,48,33,48,159,47,,,,*5F
$GAGSV,2,1,07,04,39,254,46,06,15,244,34,10,45,315,47,12,69,296,47*62
$GAGSV,2,2,07,19,69,356,45,28,63,272,48,33,48,159,47,,,,*5F
$GAGSV,2,1,07,04,39,254,46,06,15,244,34,10,45,315,47,12,69,296,47*62
$GAGSV,2,2,07,19,69,356,45,28,63,272,48,33,48,159,47,,,,*5F
$GAGSV,2,1,07,04,39,254,46,06,15,244,35,10,45,315,47,12,69,296,47*63
$GAGSV,2,2,07,19,69,356,45,28,63,272,48,33,48,159,47,,,,*5F
$GAGSV,2,1,07,04,39,254,46,06,15,244,35,10,45,315,47,12,69,296,47*63
$GAGSV,2,2,07,19,69,356,45,28,63,272,48,33,48,159,47,,,,*5F
$GAGSV,2,1,07,04,39,254,46,06,15,244,35,10,45,315,47,12,69,296,47*63
$GAGSV,2,2,07,19,69,356,45,28,63,272,48,33,48,159,47,,,,*5F
$GAGSV,2,1,07,04,39,254,46,06,15,244,35,10,45,315,47,12,69,296,47*63
$GAGSV,2,2,07,19,69,356,45,28,63,272,48,33,48,159,47,,,,*5F
$GAGSV,2,1,07,04,39,254,46,06,15,244,35,10,45,315,47,12,69,296,47*63
$GAGSV,2,2,07,19,69,356,45,28,63,272,48,33,48,159,47,,,,*5F
$GAGSV,2,1,07,04,39,254,46,06,15,244,35,10,45,315,47,12,69,296,47*63
$GAGSV,2,2,07,19,69,356,45,28,63,272,48,33,48,159,47,,,,*5F
$GAGSV,2,1,07,04,39,254,46,06,15,244,35,10,45,315,47,12,69,296,47*63
$GAGSV,2,2,07,19,69,356,45,28,63,272,48,33,48,159,47,,,,*5F
$GAGSV,2,1,07,04,39,254,46,06,15,244,35,10,45,315,47,12,69,296,47*63
$GAGSV,2,2,07,19,69,356,45,28,63,272,48,33,48,159,47,,,,*5F
$GAGSV,2,1,07,04,39,254,46,06,15,244,35,10,45,315,47,12,69,296,47*63
$GAGSV,2,2,07,19,69,356,45,28,63,272,48,33,48,159,47,,,,*5F
$GAGSV,2,1,07,04,39,254,46,06,15,244,35,10,45,315,47,12,69,296,47*63
$GAGSV,2,2,07,19,69,356,45,28,63,272,48,33,48,159,47,,,,*5F
$GAGSV,2,1,07,04,39,254,46,06,15,244,35,10,45,315,47,12,69,296,47*63
$GAGSV,2,2,07,19,69,356,45,28,63,272,48,33,48,159,47,,,,*5F
$GAGSV,2,1,07,04,39,254,46,06,15,244,35,10,45,315,47,12,69,296,47*63
$GAGSV,2,2,07,19,69,356,45,28,63,272,48,33,48,159,47,,,,*5F
$GAGSV,2,1,07,04,39,254,46,06,15,244,35,10,45,315,47,12,69,296,47*63
$GAGSV,2,2,07,19,69,356,46,28,63,272,48,33,48,159,47,,,,*5C
$GAGSV,2,1,07,04,39,254,46,06,15,244,35,10,45,315,47,12,69,296,47*63
$GAGSV,2,2,07,19,69,356,46,28,63,272,48,33,48,159,47,,,,*5C
$GAGSV,2,1,07,04,39,254,46,06,15,244,35,10,45,315,47,12,69,296,47*63
$GAGSV,2,2,07,19,69,356,46,28,63,272,48,33,48,159,47,,,,*5C
$GAGSV,2,1,07,04,39,254,46,06,15,244,35,10,45,315,47,12,69,296,47*63
$GAGSV,2,2,07,19,69,356,46,28,63,272,48,33,48,159,47,,,,*5C
$GAGSV,2,1,07,04,39,254,46,06,15,244,35,10,45,315,47,12,69,296,47*63
$GAGSV,2,2,07,19,69,356,46,28,63,272,48,33,48,159,47,,,,*5C
$GAGSV,2,1,07,04,39,254,46,06,15,244,35,10,45,315,47,12,69,296,47*63
$GAGSV,2,2,07,19,69,356,46,28,63,272,48,33,48,159,47,,,,*5C
$GAGSV,2,1,07,04,39,254,46,06,15,244,35,10,45,315,47,12,69,296,47*63
$GAGSV,2,2,07,19,69,356,46,28,63,272,48,33,48,159,47,,,,*5C
$GAGSV,2,1,07,04,39,254,46,06,15,244,35,10,45,315,47,12,69,296,47*63
$GAGSV,2,2,07,19,69,356,46,28,63,272,48,33,48,159,47,,,,*5C
$GAGSV,2,1,07,04,39,254,46,06,15,244,35,10,45,315,47,12,69,296,47*63
$GAGSV,2,2,07,19,69,356,46,28,63,272,48,33,48,159,47,,,,*5C
$GAGSV,2,1,07,04,39,254,46,06,15,244,35,10,45,315,47,12,69,296,47*63
$GAGSV,2,2,07,19,69,356,46,28,63,272,48,33,48,159,47,,,,*5C
$GAGSV,2,1,07,04,39,254,46,06,15,244,35,10,45,315,47,12,69,296,47*63
$GAGSV,2,2,07,19,69,356,46,28,63,272,48,33,48,159,46,,,,*5D
$GAGSV,2,1,07,04,39,254,46,06,15,244,35,10,45,315,47,12,69,296,47*63
$GAGSV,2,2,07,19,69,356,45,28,63,272,48,33,48,159,46,,,,*5E
$GAGSV,2,1,07,04,39,254,46,06,15,244,35,10,45,315,47,12,69,296,47*63
$GAGSV,2,2,07,19,69,356,45,28,63,272,48,33,48,159,46,,,,*5E
$GAGSV,2,1,07,04,39,254,46,06,15,244,35,10,45,315,47,12,69,296,47*63
$GAGSV,2,2,07,19,69,356,45,28,63,272,48,33,48,159,46,,,,*5E
$GAGSV,2,1,07,04,39,254,46,06,15,244,35,10,45,315,47,12,69,296,47*63
$GAGSV,2,2,07,19,69,356,45,28,63,272,48,33,48,159,46,,,,*5E
$GAGSV,2,1,07,04,39,254,46,06,15,244,35,10,45,315,47,12,69,296,47*63
$GAGSV,2,2,07,19,69,356,45,28,63,272,48,33,48,159,46,,,,*5E
$GAGSV,2,1,07,04,39,254,46,06,15,245,35,10,45,315,47,12,69,296,47*62
$GAGSV,2,2,07,19,69,356,45,28,63,272,48,33,48,159,46,,,,*5E
$GAGSV,2,1,07,04,39,254,46,06,15,245,35,10,45,315,47,12,69,296,47*62
$GAGSV,2,2,07,19,69,356,45,28,63,272,48,33,48,159,46,,,,*5E
$GAGSV,2,1,07,04,39,254,46,06,15,245,35,10,45,315,47,12,69,296,47*62
$GAGSV,2,2,07,19,69,356,45,28,63,272,48,33,48,159,46,,,,*5E
$GAGSV,2,1,07,04,39,254,46,06,15,245,35,10,45,315,47,12,69,296,47*62
$GAGSV,2,2,07,19,69,356,45,28,63,272,48,33,48,159,46,,,,*5E
$GAGSV,2,1,07,04,39,254,46,06,15,245,35,10,45,315,47,12,69,296,47*62
$GAGSV,2,2,07,19,69,356,45,28,63,272,48,33,48,159,46,,,,*5E
$GAGSV,2,1,07,04,39,254,47,06,15,245,35,10,45,315,47,12,69,296,47*63
$GAGSV,2,2,07,19,69,356,45,28,63,272,49,33,48,159,46,,,,*5F
$GAGSV,2,1,07,04,39,254,47,06,15,245,34,10,45,315,47,12,69,296,47*62
$GAGSV,2,2,07,19,69,356,45,28,63,272,49,33,48,159,46,,,,*5F
$GAGSV,2,1,07,04,39,254,47,06,15,245,34,10,45,315,47,12,69,296,47*62
$GAGSV,2,2,07,19,69,356,45,28,63,272,49,33,48,159,46,,,,*5F
$GAGSV,2,1,07,04,39,254,47,06,15,245,34,10,45,315,47,12,69,296,47*62
$GAGSV,2,2,07,19,69,356,45,28,63,272,49,33,48,159,46,,,,*5F
$GAGSV,2,1,07,04,39,254,47,06,15,245,34,10,45,315,46,12,69,296,47*63
$GAGSV,2,2,07,19,69,356,45,28,63,272,49,33,48,159,46,,,,*5F
$GAGSV,2,1,07,04,39,254,47,06,15,245,34,10,45,315,46,12,69,296,47*63
$GAGSV,2,2,07,19,69,356,45,28,63,272,49,33,48,159,46,,,,*5F
$GAGSV,2,1,07,04,39,254,47,06,15,245,34,10,45,315,46,12,69,296,47*63
$GAGSV,2,2,07,19,69,356,45,28,63,272,49,33,48,159,46,,,,*5F
$GAGSV,2,1,07,04,39,254,46,06,15,245,34,10,45,315,47,12,69,296,47*63
$GAGSV,2,2,07,19,69,356,45,28,63,272,49,33,48,159,46,,,,*5F
$GAGSV,2,1,07,04,39,254,46,06,15,245,34,10,45,315,47,12,69,296,47*63
$GAGSV,2,2,07,19,69,356,45,28,63,272,49,33,48,159,46,,,,*5F
$GAGSV,2,1,07,04,39,254,46,06,15,245,34,10,45,315,47,12,69,296,47*63
$GAGSV,2,2,07,19,69,356,45,28,63,272,49,33,48,159,46,,,,*5F
$GAGSV,2,1,07,04,39,254,46,06,15,245,34,10,45,315,47,12,69,296,47*63
$GAGSV,2,2,07,19,69,356,46,28,63,272,49,33,48,159,46,,,,*5C
$GAGSV,2,1,07,04,39,254,46,06,15,245,34,10,45,315,47,12,69,296,47*63
$GAGSV,2,2,07,19,69,356,46,28,63,272,48,33,48,159,46,,,,*5D
$GAGSV,2,1,07,04,39,254,46,06,15,245,34,10,45,315,47,12,69,296,47*63
$GAGSV,2,2,07,19,69,356,46,28,63,272,48,33,48,159,46,,,,*5D
$GAGSV,2,1,07,04,39,254,46,06,15,245,34,10,45,315,47,12,69,296,47*63
$GAGSV,2,2,07,19,69,356,46,28,63,272,49,33,48,159,46,,,,*5C
$GAGSV,2,1,07,04,39,254,46,06,15,245,34,10,45,315,47,12,69,296,47*63
$GAGSV,2,2,07,19,69,356,46,28,63,272,49,33,48,159,46,,,,*5C
$GAGSV,2,1,07,04,39,254,46,06,15,245,34,10,45,315,47,12,69,296,47*63
$GAGSV,2,2,07,19,69,356,46,28,63,272,49,33,48,159,46,,,,*5C
$GAGSV,2,1,07,04,39,254,46,06,15,245,34,10,45,315,47,12,69,296,47*63
$GAGSV,2,2,07,19,69,356,46,28,63,272,48,33,48,159,46,,,,*5D
$GAGSV,2,1,07,04,39,254,46,06,15,245,34,10,45,315,47,12,69,296,47*63
$GAGSV,2,2,07,19,69,356,46,28,63,272,48,33,48,159,46,,,,*5D
$GAGSV,2,1,07,04,39,254,46,06,15,245,35,10,45,315,47,12,69,296,47*62
$GAGSV,2,2,07,19,69,356,46,28,63,272,48,33,48,159,46,,,,*5D
$GAGSV,2,1,07,04,39,254,46,06,15,245,35,10,45,315,47,12,69,296,47*62
$GAGSV,2,2,07,19,69,356,46,28,63,272,48,33,48,159,47,,,,*5C
$GAGSV,2,1,07,04,39,254,46,06,15,245,35,10,45,315,47,12,69,296,47*62
$GAGSV,2,2,07,19,69,356,46,28,63,272,48,33,48,159,47,,,,*5C
$GAGSV,2,1,07,04,39,254,46,06,15,245,35,10,45,315,47,12,69,296,47*62
$GAGSV,2,2,07,19,69,356,46,28,63,272,48,33,48,159,47,,,,*5C
$GAGSV,2,1,07,04,39,254,46,06,15,245,35,10,45,315,47,12,69,296,47*62
$GAGSV,2,2,07,19,69,356,46,28,63,272,48,33,48,159,47,,,,*5C
$GAGSV,2,1,07,04,39,254,46,06,15,245,35,10,45,315,47,12,69,296,47*62
$GAGSV,2,2,07,19,69,356,46,28,63,272,48,33,48,159,47,,,,*5C
$GAGSV,2,1,07,04,39,254,46,06,15,245,35,10,45,315,47,12,69,296,47*62
$GAGSV,2,2,07,19,69,356,46,28,63,272,48,33,48,159,47,,,,*5C
$GAGSV,2,1,07,04,39,254,46,06,15,245,35,10,45,315,47,12,69,296,47*62
$GAGSV,2,2,07,19,69,356,46,28,63,272,48,33,48,159,47,,,,*5C
$GAGSV,2,1,07,04,39,254,46,06,15,245,35,10,45,315,47,12,69,296,47*62
$GAGSV,2,2,07,19,69,356,46,28,63,272,48,33,48,159,47,,,,*5C
$GAGSV,2,1,07,04,39,254,46,06,15,245,35,10,45,315,47,12,69,296,47*62
$GAGSV,2,2,07,19,69,356,46,28,63,272,48,33,48,159,47,,,,*5C
$GAGSV,2,1,07,04,39,254,46,06,15,245,35,10,45,315,47,12,69,296,47*62
$GAGSV,2,2,07,19,69,356,46,28,63,272,48,33,48,159,47,,,,*5C
$GAGSV,2,1,07,04,39,254,46,06,15,245,35,10,45,315,47,12,69,296,47*62
$GAGSV,2,2,07,19,69,356,46,28,63,272,48,33,48,159,47,,,,*5C
$GAGSV,2,1,07,04,39,254,46,06,15,245,35,10,45,315,47,12,69,296,47*62
$GAGSV,2,2,07,19,69,356,46,28,63,272,48,33,48,159,47,,,,*5C
$GAGSV,2,1,07,04,39,254,46,06,15,245,35,10,45,315,47,12,69,296,47*62
$GAGSV,2,2,07,19,69,356,46,28,63,272,49,33,48,159,47,,,,*5D
$GAGSV,2,1,07,04,39,254,46,06,15,245,35,10,45,315,47,12,69,296,47*62
$GAGSV,2,2,07,19,69,356,46,28,63,272,49,33,48,159,47,,,,*5D
$GAGSV,2,1,07,04,39,254,46,06,15,245,35,10,45,315,47,12,69,296,47*62
$GAGSV,2,2,07,19,69,356,46,28,63,272,49,33,48,159,46,,,,*5C
$GAGSV,2,1,07,04,39,254,46,06,15,245,35,10,45,315,47,12,69,296,47*62
$GAGSV,2,2,07,19,69,356,46,28,63,272,49,33,48,159,46,,,,*5C
$GAGSV,2,1,07,04,39,254,46,06,15,245,35,10,45,315,47,12,69,296,47*62
$GAGSV,2,2,07,19,69,356,46,28,63,272,49,33,48,159,46,,,,*5C
$GAGSV,2,1,07,04,39,254,46,06,15,245,35,10,45,315,47,12,69,296,47*62
$GAGSV,2,2,07,19,69,356,46,28,63,272,49,33,48,159,46,,,,*5C
$GAGSV,2,1,07,04,39,254,46,06,15,245,35,10,45,315,47,12,69,296,47*62
$GAGSV,2,2,07,19,69,356,46,28,63,272,49,33,48,159,46,,,,*5C
$GAGSV,2,1,07,04,39,254,46,06,15,245,35,10,45,315,47,12,69,296,47*62
$GAGSV,2,2,07,19,69,356,46,28,63,272,49,33,48,159,47,,,,*5D
$GAGSV,2,1,07,04,39,254,46,06,15,245,35,10,45,315,47,12,69,296,47*62
$GAGSV,2,2,07,19,69,356,46,28,63,272,49,33,48,159,47,,,,*5D
$GAGSV,2,1,07,04,39,254,46,06,15,245,35,10,45,315,47,12,69,296,47*62
$GAGSV,2,2,07,19,69,356,45,28,63,272,49,33,48,159,47,,,,*5E
$GAGSV,2,1,07,04,39,254,46,06,15,245,35,10,45,315,47,12,69,296,47*62
$GAGSV,2,2,07,19,69,356,45,28,63,272,49,33,48,159,47,,,,*5E
$GAGSV,2,1,07,04,39,254,46,06,15,245,35,10,45,315,47,12,69,296,47*62
$GAGSV,2,2,07,19,69,356,45,28,63,272,48,33,48,159,47,,,,*5F
$GAGSV,2,1,07,04,39,254,46,06,15,245,35,10,45,315,47,12,69,296,47*62
$GAGSV,2,2,07,19,69,356,45,28,63,272,48,33,48,159,46,,,,*5E
$GAGSV,2,1,07,04,39,254,46,06,15,245,35,10,45,315,47,12,69,296,47*62
$GAGSV,2,2,07,19,69,356,46,28,63,272,48,33,48,159,46,,,,*5D
$GAGSV,2,1,07,04,39,254,46,06,15,245,35,10,45,315,47,12,69,296,47*62
$GAGSV,2,2,07,19,69,356,46,28,63,272,48,33,48,160,46,,,,*57
$GAGSV,2,1,07,04,39,254,46,06,15,245,35,10,45,315,47,12,69,296,47*62
$GAGSV,2,2,07,19,69,356,46,28,63,272,48,33,48,160,46,,,,*57
$GAGSV,2,1,07,04,39,254,47,06,15,245,35,10,45,315,47,12,69,296,47*63
$GAGSV,2,2,07,19,69,356,45,28,63,272,48,33,48,160,46,,,,*54
$GAGSV,2,1,07,04,39,254,47,06,15,245,34,10,45,315,47,12,69,296,47*62
$GAGSV,2,2,07,19,69,356,46,28,63,272,48,33,48,160,46,,,,*57
$GAGSV,2,1,07,04,39,254,46,06,15,245,34,10,45,315,47,12,69,296,47*63
$GAGSV,2,2,07,19,69,356,46,28,63,272,48,33,48,160,46,,,,*57
$GAGSV,2,1,07,04,39,254,46,06,15,245,34,10,45,315,47,12,69,296,47*63
$GAGSV,2,2,07,19,69,357,46,28,63,272,49,33,48,160,46,,,,*57
$GAGSV,2,1,07,04,39,254,46,06,15,245,34,10,45,315,47,12,69,296,47*63
$GAGSV,2,2,07,19,69,357,46,28,63,272,49,33,48,160,46,,,,*57
$GAGSV,2,1,07,04,39,254,46,06,15,245,34,10,45,315,47,12,69,296,47*63
$GAGSV,2,2,07,19,69,357,46,28,63,272,49,33,48,160,46,,,,*57
$GAGSV,2,1,07,04,39,254,46,06,15,245,35,10,45,315,47,12,69,296,47*62
$GAGSV,2,2,07,19,69,357,46,28,63,272,49,33,48,160,46,,,,*57
$GAGSV,2,1,07,04,39,254,46,06,15,245,35,10,45,315,47,12,69,296,47*62
$GAGSV,2,2,07,19,69,357,46,28,63,272,49,33,48,160,46,,,,*57
$GAGSV,2,1,07,04,39,254,46,06,15,245,35,10,45,315,47,12,69,296,47*62
$GAGSV,2,2,07,19,69,357,46,28,63,272,49,33,48,160,46,,,,*57
$GAGSV,2,1,07,04,39,254,46,06,15,245,35,10,45,315,47,12,69,296,47*62
$GAGSV,2,2,07,19,69,357,46,28,63,272,49,33,48,160,46,,,,*57
$GAGSV,2,1,07,04,39,254,46,06,15,245,35,10,45,315,47,12,69,296,47*62
$GAGSV,2,2,07,19,69,357,46,28,63,272,49,33,48,160,46,,,,*57
$GAGSV,2,1,07,04,39,254,46,06,15,245,35,10,45,315,47,12,69,296,47*62
$GAGSV,2,2,07,19,69,357,46,28,63,272,49,33,48,160,46,,,,*57
$GAGSV,2,1,07,04,39,254,46,06,15,245,35,10,45,315,47,12,69,296,47*62
$GAGSV,2,2,07,19,69,357,46,28,63,272,49,33,48,160,46,,,,*57
$GAGSV,2,1,07,04,39,254,46,06,15,245,35,10,45,315,47,12,69,296,47*62
$GAGSV,2,2,07,19,69,357,46,28,63,272,49,33,48,160,46,,,,*57
$GAGSV,2,1,07,04,39,254,46,06,15,245,35,10,45,315,47,12,69,296,47*62
$GAGSV,2,2,07,19,69,357,46,28,63,272,49,33,48,160,46,,,,*57
$GAGSV,2,1,07,04,39,254,47,06,15,245,35,10,45,315,47,12,69,296,47*63
$GAGSV,2,2,07,19,69,357,46,28,63,272,49,33,48,160,46,,,,*57
$GAGSV,2,1,07,04,39,254,47,06,15,245,35,10,45,315,47,12,69,296,47*63
$GAGSV,2,2,07,19,69,357,46,28,63,272,49,33,48,160,46,,,,*57
$GAGSV,2,1,07,04,39,254,47,06,15,245,35,10,45,315,47,12,69,296,47*63
$GAGSV,2,2,07,19,69,357,46,28,63,272,49,33,48,160,46,,,,*57
$GAGSV,2,1,07,04,39,254,47,06,15,245,36,10,45,315,47,12,69,296,46*61
$GAGSV,2,2,07,19,69,357,46,28,63,272,49,33,48,160,46,,,,*57
$GAGSV,2,1,07,04,39,254,47,06,15,245,36,10,45,315,47,12,69,296,46*61
$GAGSV,2,2,07,19,69,357,46,28,63,272,48,33,48,160,46,,,,*56
$GAGSV,2,1,07,04,39,254,47,06,15,245,36,10,45,315,47,12,69,296,46*61
$GAGSV,2,2,07,19,69,357,46,28,63,272,48,33,48,160,46,,,,*56
$GAGSV,2,1,07,04,39,254,47,06,15,245,36,10,45,315,47,12,69,296,46*61
$GAGSV,2,2,07,19,69,357,46,28,63,272,48,33,48,160,46,,,,*56
$GAGSV,2,1,07,04,39,254,47,06,15,245,36,10,45,315,47,12,69,296,46*61
$GAGSV,2,2,07,19,69,357,46,28,63,272,48,33,48,160,46,,,,*56
$GAGSV,2,1,07,04,39,254,47,06,15,245,36,10,45,315,47,12,69,296,46*61
$GAGSV,2,2,07,19,69,357,46,28,63,272,48,33,48,160,46,,,,*56
$GAGSV,2,1,07,04,39,254,47,06,15,245,36,10,45,315,47,12,69,296,46*61
$GAGSV,2,2,07,19,69,357,46,28,63,272,48,33,48,160,46,,,,*56
$GAGSV,2,1,07,04,39,254,47,06,15,245,36,10,45,315,47,12,69,296,46*61
$GAGSV,2,2,07,19,69,357,46,28,63,272,48,33,48,160,46,,,,*56
$GAGSV,2,1,07,04,39,254,47,06,15,245,36,10,45,315,47,12,69,296,46*61
$GAGSV,2,2,07,19,69,357,46,28,63,272,48,33,48,160,46,,,,*56
$GAGSV,2,1,07,04,39,254,47,06,15,245,36,10,45,315,47,12,69,296,46*61
$GAGSV,2,2,07,19,69,357,46,28,63,272,48,33,48,160,46,,,,*56
$GAGSV,2,1,07,04,39,254,47,06,15,245,36,10,45,315,47,12,69,296,46*61
$GAGSV,2,2,07,19,69,357,46,28,63,272,48,33,48,160,46,,,,*56
$GAGSV,2,1,07,04,39,254,47,06,15,245,36,10,45,315,47,12,69,296,46*61
$GAGSV,2,2,07,19,69,357,46,28,63,272,48,33,48,160,46,,,,*56
$GAGSV,2,1,07,04,39,254,47,06,15,245,36,10,45,315,47,12,69,296,46*61
$GAGSV,2,2,07,19,69,357,46,28,63,272,48,33,48,160,46,,,,*56
$GAGSV,2,1,07,04,39,254,47,06,15,245,36,10,45,315,47,12,69,296,46*61
$GAGSV,2,2,07,19,69,357,46,28,63,272,48,33,48,160,46,,,,*56
$GAGSV,2,1,07,04,39,254,47,06,15,245,36,10,45,315,47,12,69,296,46*61
$GAGSV,2,2,07,19,69,357,46,28,63,272,48,33,48,160,47,,,,*57
$GAGSV,2,1,07,04,39,254,47,06,15,245,36,10,45,315,47,12,69,296,46*61
$GAGSV,2,2,07,19,69,357,46,28,63,272,48,33,48,160,47,,,,*57
$GAGSV,2,1,07,04,39,254,47,06,15,245,35,10,45,315,47,12,69,296,46*62
$GAGSV,2,2,07,19,69,357,46,28,63,272,48,33,48,160,47,,,,*57
$GAGSV,2,1,07,04,39,254,47,06,15,245,35,10,45,315,47,12,69,296,46*62
$GAGSV,2,2,07,19,69,357,46,28,63,272,48,33,48,160,47,,,,*57
$GAGSV,2,1,07,04,39,254,47,06,15,245,35,10,45,315,47,12,69,296,46*62
$GAGSV,2,2,07,19,69,357,46,28,63,272,48,33,48,160,47,,,,*57
$GAGSV,2,1,07,04,39,254,47,06,15,245,35,10,45,315,47,12,69,296,46*62
$GAGSV,2,2,07,19,69,357,46,28,63,272,48,33,48,160,46,,,,*56
$GAGSV,2,1,07,04,39,254,47,06,15,245,35,10,45,315,47,12,69,296,46*62
$GAGSV,2,2,07,19,69,357,46,28,63,272,48,33,48,160,46,,,,*56
$GAGSV,2,1,07,04,39,254,47,06,15,245,35,10,45,315,47,12,69,296,46*62
$GAGSV,2,2,07,19,69,357,46,28,63,272,48,33,48,160,46,,,,*56
$GAGSV,2,1,07,04,39,254,47,06,15,245,35,10,45,315,47,12,69,296,46*62
$GAGSV,2,2,07,19,69,357,46,28,63,272,48,33,48,160,46,,,,*56
$GAGSV,2,1,07,04,39,254,47,06,15,245,35,10,45,315,47,12,69,296,46*62
$GAGSV,2,2,07,19,69,357,46,28,63,272,48,33,48,160,46,,,,*56
$GAGSV,2,1,07,04,39,254,47,06,15,245,36,10,45,315,47,12,69,296,46*61
$GAGSV,2,2,07,19,69,357,46,28,63,272,48,33,48,160,46,,,,*56
$GAGSV,2,1,07,04,39,254,47,06,15,245,36,10,45,315,47,12,69,296,47*60
$GAGSV,2,2,07,19,69,357,46,28,63,272,48,33,48,160,46,,,,*56
$GAGSV,2,1,07,04,39,254,47,06,15,245,36,10,45,315,47,12,69,296,47*60
$GAGSV,2,2,07,19,69,357,46,28,63,272,48,33,48,160,46,,,,*56
$GAGSV,2,1,07,04,39,254,47,06,15,245,36,10,45,315,47,12,69,296,47*60
$GAGSV,2,2,07,19,69,357,46,28,63,272,48,33,48,160,46,,,,*56
$GAGSV,2,1,07,04,39,254,47,06,15,245,36,10,45,315,47,12,69,296,47*60
$GAGSV,2,2,07,19,69,357,46,28,63,272,48,33,48,160,46,,,,*56
$GAGSV,2,1,07,04,39,254,47,06,15,245,36,10,45,315,47,12,69,296,47*60
$GAGSV,2,2,07,19,69,357,46,28,63,272,48,33,48,160,46,,,,*56
$GAGSV,2,1,07,04,39,254,47,06,15,245,35,10,45,315,47,12,69,296,47*63
$GAGSV,2,2,07,19,69,357,46,28,63,272,48,33,48,160,46,,,,*56
$GAGSV,2,1,07,04,39,254,47,06,15,245,35,10,45,315,47,12,69,296,47*63
$GAGSV,2,2,07,19,69,357,46,28,63,272,48,33,48,160,46,,,,*56
$GAGSV,2,1,07,04,39,254,47,06,15,245,35,10,45,315,47,12,69,296,47*63
$GAGSV,2,2,07,19,69,357,46,28,63,272,48,33,48,160,46,,,,*56
$GAGSV,2,1,07,04,39,254,47,06,15,245,35,10,45,315,47,12,69,296,47*63
$GAGSV,2,2,07,19,69,357,46,28,63,272,48,33,48,160,46,,,,*56
$GAGSV,2,1,07,04,39,254,47,06,15,245,35,10,45,315,47,12,69,296,47*63
$GAGSV,2,2,07,19,69,357,45,28,63,272,48,33,48,160,46,,,,*55
$GAGSV,2,1,07,04,39,254,47,06,15,245,35,10,45,315,47,12,69,296,47*63
$GAGSV,2,2,07,19,69,357,45,28,63,272,48,33,48,160,46,,,,*55
$GAGSV,2,1,07,04,39,254,47,06,15,245,35,10,45,315,47,12,69,296,47*63
$GAGSV,2,2,07,19,69,357,45,28,63,272,48,33,48,160,46,,,,*55
$GAGSV,2,1,07,04,39,254,47,06,15,245,35,10,45,315,47,12,69,296,47*63
$GAGSV,2,2,07,19,69,357,45,28,63,272,49,33,48,160,46,,,,*54
$GAGSV,2,1,07,04,39,254,47,06,15,245,35,10,45,315,47,12,69,296,47*63
$GAGSV,2,2,07,19,69,357,45,28,63,272,49,33,48,160,46,,,,*54
$GAGSV,2,1,07,04,39,254,47,06,15,245,35,10,45,315,47,12,69,296,47*63
$GAGSV,2,2,07,19,69,357,45,28,63,272,49,33,48,160,46,,,,*54
$GAGSV,2,1,07,04,39,254,47,06,15,245,35,10,45,315,47,12,69,296,47*63
$GAGSV,2,2,07,19,69,357,45,28,63,272,49,33,48,160,46,,,,*54
$GAGSV,2,1,07,04,39,254,47,06,15,245,34,10,45,315,47,12,69,296,47*62
$GAGSV,2,2,07,19,69,357,45,28,63,272,49,33,48,160,46,,,,*54
$GAGSV,2,1,07,04,39,254,47,06,15,245,34,10,45,315,47,12,69,296,47*62
$GAGSV,2,2,07,19,69,357,45,28,63,272,49,33,48,160,46,,,,*54
$GAGSV,2,1,07,04,39,254,47,06,15,245,34,10,45,315,47,12,69,296,47*62
$GAGSV,2,2,07,19,69,357,45,28,63,272,49,33,48,160,46,,,,*54
$GAGSV,2,1,07,04,39,254,47,06,15,245,34,10,45,315,47,12,69,296,47*62
$GAGSV,2,2,07,19,69,357,45,28,63,272,49,33,48,160,46,,,,*54
$GAGSV,2,1,07,04,39,254,47,06,15,245,34,10,45,315,47,12,69,296,47*62
$GAGSV,2,2,07,19,69,357,45,28,63,272,49,33,48,160,46,,,,*54
$GAGSV,2,1,07,04,39,254,47,06,15,245,34,10,45,315,47,12,69,296,47*62
$GAGSV,2,2,07,19,69,357,45,28,63,272,49,33,48,160,46,,,,*54
$GAGSV,2,1,07,04,39,254,46,06,15,245,34,10,45,315,47,12,69,296,47*63
$GAGSV,2,2,07,19,69,357,45,28,63,272,49,33,48,160,46,,,,*54
$GAGSV,2,1,07,04,39,254,46,06,15,245,34,10,45,315,47,12,69,296,47*63
$GAGSV,2,2,07,19,69,357,45,28,63,272,49,33,48,160,46,,,,*54
$GAGSV,2,1,07,04,39,254,46,06,15,245,34,10,45,315,47,12,69,296,47*63
$GAGSV,2,2,07,19,69,357,45,28,63,272,49,33,48,160,46,,,,*54
$GAGSV,2,1,07,04,39,254,46,06,15,245,34,10,45,315,47,12,69,296,47*63
$GAGSV,2,2,07,19,69,357,45,28,63,272,49,33,48,160,46,,,,*54
$GAGSV,2,1,07,04,39,254,46,06,15,245,34,10,45,315,47,12,69,296,47*63
$GAGSV,2,2,07,19,69,357,45,28,63,272,49,33,48,160,46,,,,*54
$GAGSV,2,1,07,04,39,254,46,06,15,245,35,10,45,315,47,12,69,296,47*62
$GAGSV,2,2,07,19,69,357,45,28,63,272,49,33,48,160,46,,,,*54
$GAGSV,2,1,07,04,39,254,46,06,15,245,34,10,45,315,47,12,69,296,47*63
$GAGSV,2,2,07,19,69,357,45,28,63,272,49,33,48,160,46,,,,*54
$GAGSV,2,1,07,04,39,254,46,06,15,245,34,10,45,315,47,12,69,296,47*63
$GAGSV,2,2,07,19,69,357,46,28,63,272,49,33,48,160,46,,,,*57
$GAGSV,2,1,07,04,39,254,46,06,15,245,34,10,45,315,47,12,69,296,47*63
$GAGSV,2,2,07,19,69,357,46,28,63,272,49,33,48,160,46,,,,*57
$GAGSV,2,1,07,04,39,254,46,06,15,245,34,10,45,315,47,12,69,296,47*63
$GAGSV,2,2,07,19,69,357,46,28,63,272,49,33,48,160,46,,,,*57
$GAGSV,2,1,07,04,39,254,46,06,15,245,34,10,45,315,47,12,69,296,47*63
$GAGSV,2,2,07,19,69,357,45,28,63,272,49,33,48,160,46,,,,*54
$GAGSV,2,1,07,04,39,254,46,06,15,245,34,10,45,315,47,12,69,296,47*63
$GAGSV,2,2,07,19,69,357,45,28,63,272,48,33,48,160,46,,,,*55
$GAGSV,2,1,07,04,39,254,46,06,15,245,34,10,45,315,47,12,69,296,47*63
$GAGSV,2,2,07,19,69,357,45,28,63,272,48,33,48,160,46,,,,*55
$GAGSV,2,1,07,04,39,254,46,06,15,245,35,10,45,315,47,12,69,296,47*62
$GAGSV,2,2,07,19,69,357,45,28,63,272,48,33,48,160,46,,,,*55
$GAGSV,2,1,07,04,39,254,46,06,15,245,35,10,45,315,47,12,69,296,47*62
$GAGSV,2,2,07,19,69,357,45,28,63,272,48,33,48,160,46,,,,*55
$GAGSV,2,1,07,04,39,254,46,06,15,245,35,10,45,315,47,12,69,296,47*62
$GAGSV,2,2,07,19,69,357,45,28,63,272,48,33,48,160,46,,,,*55
$GAGSV,2,1,07,04,39,254,46,06,15,245,34,10,45,315,47,12,69,296,47*63
$GAGSV,2,2,07,19,69,357,45,28,63,272,48,33,48,160,46,,,,*55
$GAGSV,2,1,07,04,39,254,46,06,15,245,34,10,45,315,47,12,69,296,47*63
$GAGSV,2,2,07,19,69,357,45,28,63,272,48,33,48,160,46,,,,*55
$GAGSV,2,1,07,04,39,254,46,06,15,245,34,10,45,315,47,12,69,295,47*60
$GAGSV,2,2,07,19,69,357,45,28,63,272,48,33,48,160,46,,,,*55
$GAGSV,2,1,07,04,39,254,46,06,15,245,34,10,45,315,47,12,69,295,47*60
$GAGSV,2,2,07,19,69,357,45,28,63,272,48,33,48,160,46,,,,*55
$GAGSV,2,1,07,04,39,254,46,06,15,245,34,10,45,315,47,12,69,295,47*60
$GAGSV,2,2,07,19,69,357,45,28,63,272,48,33,48,160,46,,,,*55
$GAGSV,2,1,07,04,39,254,46,06,15,245,34,10,45,315,47,12,69,295,47*60
$GAGSV,2,2,07,19,69,357,45,28,63,272,48,33,48,160,46,,,,*55
$GAGSV,2,1,07,04,39,254,46,06,15,245,33,10,45,315,47,12,69,295,47*67
$GAGSV,2,2,07,19,69,357,45,28,63,272,48,33,48,160,46,,,,*55
$GAGSV,2,1,07,04,39,254,46,06,15,245,33,10,45,315,47,12,69,295,47*67
$GAGSV,2,2,07,19,69,357,45,28,63,272,48,33,48,160,46,,,,*55
$GAGSV,2,1,07,04,39,254,46,06,15,245,34,10,45,315,47,12,69,295,47*60
$GAGSV,2,2,07,19,69,357,45,28,63,272,48,33,48,160,46,,,,*55
$GAGSV,2,1,07,04,39,254,46,06,15,245,34,10,45,315,47,12,69,295,47*60
$GAGSV,2,2,07,19,69,357,45,28,63,272,48,33,48,160,46,,,,*55
$GAGSV,2,1,07,04,39,254,46,06,15,245,34,10,45,315,47,12,69,295,47*60
$GAGSV,2,2,07,19,69,357,45,28,63,272,48,33,48,160,46,,,,*55
$GAGSV,2,1,07,04,39,254,46,06,15,245,34,10,45,315,47,12,69,295,47*60
$GAGSV,2,2,07,19,69,357,45,28,63,272,48,33,48,160,46,,,,*55
$GAGSV,2,1,07,04,39,254,46,06,15,245,34,10,45,315,47,12,69,295,47*60
$GAGSV,2,2,07,19,69,357,45,28,63,272,48,33,48,160,46,,,,*55
$GAGSV,2,1,07,04,39,254,46,06,15,245,35,10,45,315,47,12,69,295,47*61
$GAGSV,2,2,07,19,69,357,45,28,63,272,48,33,48,160,46,,,,*55
$GAGSV,2,1,07,04,39,254,46,06,15,245,35,10,45,315,47,12,69,295,47*61
$GAGSV,2,2,07,19,69,357,45,28,63,272,48,33,48,160,46,,,,*55
$GAGSV,2,1,07,04,39,254,46,06,15,245,35,10,45,315,47,12,69,295,47*61
$GAGSV,2,2,07,19,69,357,45,28,63,272,48,33,48,160,46,,,,*55
$GAGSV,2,1,07,04,39,254,46,06,15,245,35,10,45,315,47,12,69,295,47*61
$GAGSV,2,2,07,19,69,357,45,28,63,272,48,33,48,160,46,,,,*55
$GAGSV,2,1,07,04,39,254,46,06,15,245,35,10,45,315,47,12,69,295,47*61
$GAGSV,2,2,07,19,69,357,45,28,63,272,48,33,48,160,46,,,,*55
$GAGSV,2,1,07,04,39,254,46,06,15,245,35,10,45,315,47,12,69,295,47*61
$GAGSV,2,2,07,19,69,357,45,28,63,272,48,33,48,160,46,,,,*55
$GAGSV,2,1,07,04,39,254,46,06,15,245,34,10,45,315,47,12,69,295,47*60
$GAGSV,2,2,07,19,69,357,45,28,63,272,48,33,48,160,46,,,,*55
$GAGSV,2,1,07,04,39,254,46,06,15,245,33,10,45,315,47,12,69,295,47*67
$GAGSV,2,2,07,19,69,357,45,28,63,272,48,33,48,160,46,,,,*55
$GAGSV,2,1,07,04,39,254,46,06,15,245,33,10,45,315,47,12,69,295,47*67
$GAGSV,2,2,07,19,69,357,46,28,63,272,48,33,48,160,46,,,,*56
$GAGSV,2,1,07,04,39,254,46,06,15,245,33,10,45,315,47,12,69,295,47*67
$GAGSV,2,2,07,19,69,357,46,28,63,272,48,33,48,160,46,,,,*56
$GAGSV,2,1,07,04,39,254,46,06,15,245,33,10,45,315,47,12,69,295,47*67
$GAGSV,2,2,07,19,69,357,45,28,63,272,48,33,48,160,46,,,,*55
$GAGSV,2,1,07,04,39,254,46,06,15,245,33,10,45,315,47,12,69,295,47*67
$GAGSV,2,2,07,19,69,357,45,28,63,272,48,33,48,160,46,,,,*55
$GAGSV,2,1,07,04,39,254,46,06,15,245,34,10,45,315,47,12,69,295,47*60
$GAGSV,2,2,07,19,69,357,45,28,63,272,48,33,48,160,46,,,,*55
$GAGSV,2,1,07,04,39,254,46,06,15,245,34,10,45,315,47,12,69,295,47*60
$GAGSV,2,2,07,19,69,357,45,28,63,272,48,33,48,160,46,,,,*55
$GAGSV,2,1,07,04,39,254,46,06,15,245,33,10,45,315,47,12,69,295,47*67
$GAGSV,2,2,07,19,69,357,45,28,63,272,48,33,48,160,46,,,,*55
$GAGSV,2,1,07,04,39,254,46,06,15,245,33,10,45,315,47,12,69,295,47*67
$GAGSV,2,2,07,19,69,357,45,28,63,272,48,33,48,160,46,,,,*55
$GAGSV,2,1,07,04,39,254,46,06,15,245,33,10,45,315,47,12,69,295,47*67
$GAGSV,2,2,07,19,69,357,45,28,63,272,48,33,48,160,46,,,,*55
$GAGSV,2,1,07,04,39,254,46,06,15,245,33,10,45,315,47,12,69,295,47*67
$GAGSV,2,2,07,19,69,357,45,28,63,272,48,33,48,160,46,,,,*55
$GAGSV,2,1,07,04,39,254,46,06,15,245,33,10,45,315,47,12,69,295,47*67
$GAGSV,2,2,07,19,69,357,45,28,63,272,48,33,48,160,46,,,,*55
$GAGSV,2,1,07,04,39,254,46,06,15,245,33,10,45,315,47,12,69,295,47*67
$GAGSV,2,2,07,19,69,357,45,28,63,272,48,33,48,160,46,,,,*55
$GAGSV,2,1,07,04,39,254,47,06,15,245,33,10,45,315,48,12,69,295,47*69
$GAGSV,2,2,07,19,69,357,45,28,63,272,48,33,48,160,46,,,,*55
$GAGSV,2,1,07,04,39,254,47,06,15,245,34,10,45,315,48,12,69,295,47*6E
$GAGSV,2,2,07,19,69,357,45,28,63,272,48,33,48,160,46,,,,*55
$GAGSV,2,1,07,04,39,254,46,06,15,245,34,10,45,315,48,12,69,295,47*6F
$GAGSV,2,2,07,19,69,357,45,28,63,272,48,33,48,160,46,,,,*55
$GAGSV,2,1,07,04,39,254,46,06,15,245,34,10,45,315,48,12,69,295,47*6F
$GAGSV,2,2,07,19,69,357,45,28,63,272,48,33,48,160,46,,,,*55
$GAGSV,2,1,07,04,39,254,46,06,15,245,33,10,45,315,48,12,69,295,47*68
$GAGSV,2,2,07,19,69,357,45,28,63,272,48,33,48,160,46,,,,*55
$GAGSV,2,1,07,04,39,254,46,06,15,245,33,10,45,315,47,12,69,295,47*67
$GAGSV,2,2,07,19,69,357,45,28,63,272,48,33,48,160,46,,,,*55
$GAGSV,2,1,07,04,39,254,46,06,15,245,33,10,45,315,47,12,69,295,47*67
$GAGSV,2,2,07,19,69,357,45,28,63,272,48,33,48,160,46,,,,*55
$GAGSV,2,1,07,04,39,254,46,06,15,245,33,10,45,315,47,12,69,295,47*67
$GAGSV,2,2,07,19,69,357,45,28,63,272,48,33,48,160,46,,,,*55
$GAGSV,2,1,07,04,39,254,46,06,15,245,34,10,45,315,47,12,69,295,47*60
$GAGSV,2,2,07,19,69,357,45,28,63,272,48,33,48,160,46,,,,*55
$GAGSV,2,1,07,04,39,254,46,06,15,245,34,10,45,315,48,12,69,295,47*6F
$GAGSV,2,2,07,19,69,357,45,28,63,273,48,33,48,160,46,,,,*54
$GAGSV,2,1,07,04,39,254,46,06,15,245,34,10,45,315,48,12,69,295,47*6F
$GAGSV,2,2,07,19,69,357,45,28,63,273,48,33,48,160,46,,,,*54
$GAGSV,2,1,07,04,39,254,46,06,15,245,34,10,45,315,48,12,69,295,47*6F
$GAGSV,2,2,07,19,69,357,45,28,63,273,48,33,48,160,46,,,,*54
$GAGSV,2,1,07,04,39,254,46,06,15,245,34,10,45,315,48,12,69,295,47*6F
$GAGSV,2,2,07,19,69,357,45,28,63,273,48,33,48,160,46,,,,*54
$GAGSV,2,1,07,04,39,254,46,06,15,245,33,10,45,315,47,12,69,295,47*67
$GAGSV,2,2,07,19,69,357,45,28,63,273,48,33,48,160,46,,,,*54
$GAGSV,2,1,07,04,39,254,46,06,15,245,33,10,45,315,47,12,69,295,46*66
$GAGSV,2,2,07,19,69,357,45,28,63,273,48,33,48,160,46,,,,*54
$GAGSV,2,1,07,04,39,254,46,06,15,245,33,10,45,315,47,12,69,295,46*66
$GAGSV,2,2,07,19,69,357,45,28,63,273,48,33,48,160,46,,,,*54
$GAGSV,2,1,07,04,39,254,46,06,15,245,33,10,45,315,47,12,69,295,46*66
$GAGSV,2,2,07,19,69,357,45,28,63,273,48,33,48,160,46,,,,*54
$GAGSV,2,1,07,04,39,254,46,06,15,245,33,10,45,315,47,12,69,295,46*66
$GAGSV,2,2,07,19,69,357,45,28,63,273,48,33,48,160,46,,,,*54
$GAGSV,2,1,07,04,39,254,46,06,15,245,33,10,45,315,47,12,69,295,47*67
$GAGSV,2,2,07,19,69,357,45,28,63,273,48,33,48,160,46,,,,*54
$GAGSV,2,1,07,04,39,254,47,06,15,245,33,10,45,315,47,12,69,295,47*66
$GAGSV,2,2,07,19,69,357,45,28,63,273,48,33,48,160,46,,,,*54
$GAGSV,2,1,07,04,39,254,47,06,15,245,33,10,45,315,47,12,69,295,47*66
$GAGSV,2,2,07,19,69,357,45,28,63,273,48,33,48,160,46,,,,*54
$GAGSV,2,1,07,04,39,254,47,06,15,245,33,10,45,315,47,12,69,295,47*66
$GAGSV,2,2,07,19,69,357,45,28,63,273,48,33,48,160,46,,,,*54
$GAGSV,2,1,07,04,39,254,47,06,15,245,33,10,45,315,47,12,69,295,47*66
$GAGSV,2,2,07,19,69,357,45,28,63,273,48,33,48,160,46,,,,*54
$GAGSV,2,1,07,04,39,254,47,06,15,245,33,10,45,315,47,12,69,295,47*66
$GAGSV,2,2,07,19,69,357,45,28,63,273,48,33,48,160,46,,,,*54
$GAGSV,2,1,07,04,39,254,46,06,15,245,33,10,45,315,48,12,69,295,47*68
$GAGSV,2,2,07,19,69,357,45,28,63,273,48,33,48,160,46,,,,*54
$GAGSV,2,1,07,04,39,254,46,06,15,245,33,10,45,315,47,12,69,295,47*67
$GAGSV,2,2,07,19,69,357,45,28,63,273,48,33,48,160,46,,,,*54
$GAGSV,2,1,07,04,39,254,46,06,15,245,34,10,45,315,47,12,69,295,47*60
$GAGSV,2,2,07,19,69,357,45,28,63,273,48,33,48,160,46,,,,*54
$GAGSV,2,1,07,04,39,254,46,06,15,245,34,10,45,315,47,12,69,295,47*60
$GAGSV,2,2,07,19,69,357,45,28,63,273,48,33,48,160,46,,,,*54
$GAGSV,2,1,07,04,39,254,46,06,15,245,34,10,45,315,47,12,69,295,47*60
$GAGSV,2,2,07,19,69,357,45,28,63,273,48,33,48,160,46,,,,*54
$GAGSV,2,1,07,04,39,254,46,06,15,245,34,10,45,315,47,12,69,295,47*60
$GAGSV,2,2,07,19,69,357,45,28,63,273,48,33,48,160,46,,,,*54
$GAGSV,2,1,07,04,39,254,46,06,15,245,34,10,45,315,47,12,69,295,47*60
$GAGSV,2,2,07,19,69,357,44,28,63,273,48,33,48,160,46,,,,*55
$GAGSV,2,1,07,04,39,254,46,06,15,245,34,10,45,315,47,12,69,295,47*60
$GAGSV,2,2,07,19,69,357,45,28,63,273,48,33,48,160,46,,,,*54
$GAGSV,2,1,07,04,39,254,46,06,15,245,34,10,45,315,47,12,69,295,47*60
$GAGSV,2,2,07,19,69,357,45,28,63,273,48,33,48,160,46,,,,*54
$GAGSV,2,1,07,04,39,254,46,06,15,245,34,10,45,315,47,12,69,295,47*60
$GAGSV,2,2,07,19,69,357,45,28,63,273,48,33,48,160,46,,,,*54
$GAGSV,2,1,07,04,39,254,46,06,15,245,34,10,45,315,47,12,69,295,47*60
$GAGSV,2,2,07,19,69,357,45,28,63,273,48,33,48,160,46,,,,*54
$GAGSV,2,1,07,04,39,254,46,06,15,245,34,10,45,315,47,12,69,295,47*60
$GAGSV,2,2,07,19,69,357,45,28,63,273,48,33,48,160,46,,,,*54
$GAGSV,2,1,07,04,39,254,46,06,15,245,34,10,45,315,47,12,69,295,47*60
$GAGSV,2,2,07,19,69,357,45,28,63,273,48,33,48,160,46,,,,*54
$GAGSV,2,1,07,04,39,254,46,06,15,245,34,10,45,315,47,12,69,295,47*60
$GAGSV,2,2,07,19,69,357,45,28,63,273,48,33,48,160,46,,,,*54
$GAGSV,2,1,07,04,39,254,46,06,15,245,35,10,45,315,47,12,69,295,47*61
$GAGSV,2,2,07,19,69,357,45,28,63,273,48,33,48,160,46,,,,*54
$GAGSV,2,1,07,04,39,254,46,06,15,245,35,10,45,315,47,12,69,295,47*61
$GAGSV,2,2,07,19,69,357,45,28,63,273,48,33,48,160,46,,,,*54
$GAGSV,2,1,07,04,39,254,46,06,15,245,34,10,45,315,47,12,69,295,47*60
$GAGSV,2,2,07,19,69,357,45,28,63,273,48,33,48,160,46,,,,*54
$GAGSV,2,1,07,04,39,254,46,06,15,245,34,10,45,315,47,12,69,295,47*60
$GAGSV,2,2,07,19,69,357,45,28,63,273,48,33,48,160,46,,,,*54
$GAGSV,2,1,07,04,39,254,46,06,15,245,33,10,45,315,47,12,69,295,47*67
$GAGSV,2,2,07,19,69,357,45,28,63,273,48,33,48,160,46,,,,*54
$GAGSV,2,1,07,04,39,254,46,06,15,245,32,10,45,315,47,12,69,295,47*66
$GAGSV,2,2,07,19,69,357,45,28,63,273,48,33,48,160,46,,,,*54
$GAGSV,2,1,07,04,39,254,46,06,15,245,32,10,45,315,47,12,69,295,47*66
$GAGSV,2,2,07,19,69,357,45,28,63,273,48,33,48,160,46,,,,*54
$GAGSV,2,1,07,04,39,254,46,06,15,245,32,10,45,315,47,12,69,295,47*66
$GAGSV,2,2,07,19,69,357,45,28,63,273,48,33,48,160,46,,,,*54
$GAGSV,2,1,07,04,39,254,47,06,15,245,32,10,45,315,47,12,69,295,47*67
$GAGSV,2,2,07,19,69,357,45,28,63,273,48,33,48,160,46,,,,*54
$GAGSV,2,1,07,04,39,254,47,06,15,245,32,10,45,315,47,12,69,295,47*67
$GAGSV,2,2,07,19,69,357,45,28,63,273,48,33,48,160,46,,,,*54
$GAGSV,2,1,07,04,39,254,47,06,15,245,32,10,45,315,47,12,69,295,47*67
$GAGSV,2,2,07,19,69,357,45,28,63,273,48,33,48,160,46,,,,*54
$GAGSV,2,1,07,04,39,254,47,06,15,245,32,10,45,315,47,12,69,295,47*67
$GAGSV,2,2,07,19,69,357,45,28,63,273,48,33,48,160,46,,,,*54
$GAGSV,2,1,07,04,39,254,47,06,15,245,32,10,45,315,47,12,69,295,47*67
$GAGSV,2,2,07,19,69,357,45,28,63,273,48,33,48,160,46,,,,*54
$GAGSV,2,1,07,04,39,254,47,06,15,245,32,10,45,315,48,12,69,295,47*68
$GAGSV,2,2,07,19,69,357,45,28,63,273,48,33,48,160,46,,,,*54
$GAGSV,2,1,07,04,39,254,47,06,15,245,31,10,45,315,48,12,69,295,47*6B
$GAGSV,2,2,07,19,69,357,45,28,63,273,48,33,48,160,46,,,,*54
$GAGSV,2,1,07,04,39,254,47,06,15,245,32,10,45,315,48,12,69,295,47*68
$GAGSV,2,2,07,19,69,357,45,28,63,273,48,33,48,160,46,,,,*54
$GAGSV,2,1,07,04,39,254,47,06,15,245,32,10,45,315,48,12,69,295,47*68
$GAGSV,2,2,07,19,69,357,45,28,63,273,48,33,48,160,46,,,,*54
$GAGSV,2,1,07,04,39,254,47,06,15,245,31,10,45,315,48,12,69,295,47*6B
$GAGSV,2,2,07,19,69,357,45,28,63,273,48,33,48,160,46,,,,*54
$GAGSV,2,1,07,04,39,254,46,06,15,245,31,10,45,315,48,12,69,295,47*6A
$GAGSV,2,2,07,19,69,357,45,28,63,273,48,33,48,160,46,,,,*54
$GAGSV,2,1,07,04,39,254,46,06,15,245,31,10,45,315,48,12,69,295,47*6A
$GAGSV,2,2,07,19,69,357,45,28,63,273,48,33,48,160,46,,,,*54
$GAGSV,2,1,07,04,39,254,46,06,15,245,29,10,45,315,48,12,69,295,47*63
$GAGSV,2,2,07,19,69,357,45,28,63,273,48,33,48,160,46,,,,*54
$GAGSV,2,1,07,04,39,254,46,06,15,245,28,10,45,315,48,12,69,295,47*62
$GAGSV,2,2,07,19,69,357,45,28,63,273,49,33,48,160,46,,,,*55
$GAGSV,2,1,07,04,39,254,46,06,15,245,28,10,45,315,48,12,69,295,47*62
$GAGSV,2,2,07,19,69,357,45,28,63,273,49,33,48,160,46,,,,*55
$GAGSV,2,1,07,04,39,254,46,06,15,245,29,10,45,315,48,12,69,295,47*63
$GAGSV,2,2,07,19,69,357,45,28,63,273,49,33,48,160,46,,,,*55
$GAGSV,2,1,07,04,39,254,46,06,15,245,30,10,45,315,48,12,69,295,47*6B
$GAGSV,2,2,07,19,69,357,45,28,63,273,49,33,48,160,46,,,,*55
$GAGSV,2,1,07,04,39,254,46,06,15,245,29,10,45,315,48,12,69,295,47*63
$GAGSV,2,2,07,19,69,357,45,28,63,273,49,33,48,160,46,,,,*55
$GAGSV,2,1,07,04,39,254,46,06,15,245,28,10,45,315,48,12,69,295,47*62
$GAGSV,2,2,07,19,69,357,45,28,63,273,49,33,48,160,46,,,,*55
$GAGSV,2,1,07,04,39,254,46,06,15,245,27,10,45,315,47,12,69,295,47*62
$GAGSV,2,2,07,19,69,357,45,28,63,273,49,33,48,160,46,,,,*55
$GAGSV,2,1,07,04,39,254,46,06,15,245,27,10,45,315,47,12,69,295,47*62
$GAGSV,2,2,07,19,69,357,45,28,63,273,49,33,48,160,46,,,,*55
$GAGSV,2,1,07,04,39,254,46,06,15,245,27,10,45,315,47,12,69,295,47*62
$GAGSV,2,2,07,19,69,357,45,28,63,273,49,33,48,160,46,,,,*55
$GAGSV,2,1,07,04,39,254,46,06,15,245,28,10,45,315,47,12,69,295,47*6D
$GAGSV,2,2,07,19,69,357,45,28,63,273,49,33,48,160,46,,,,*55
$GAGSV,2,1,07,04,39,254,46,06,15,245,29,10,45,315,47,12,69,295,47*6C
$GAGSV,2,2,07,19,69,357,45,28,63,273,49,33,48,160,46,,,,*55
$GAGSV,2,1,07,04,39,254,46,06,15,245,30,10,45,315,47,12,69,295,47*64
$GAGSV,2,2,07,19,69,357,45,28,63,273,49,33,48,160,46,,,,*55
$GAGSV,2,1,07,04,39,254,46,06,15,245,30,10,45,315,47,12,69,295,47*64
$GAGSV,2,2,07,19,69,357,45,28,63,273,49,33,48,160,46,,,,*55
$GAGSV,2,1,07,04,39,254,46,06,15,245,30,10,45,315,47,12,69,295,47*64
$GAGSV,2,2,07,19,69,357,45,28,63,273,49,33,48,160,46,,,,*55
$GAGSV,2,1,07,04,39,254,46,06,15,245,30,10,45,315,47,12,69,295,47*64
$GAGSV,2,2,07,19,69,357,45,28,63,273,49,33,48,160,46,,,,*55
$GAGSV,2,1,07,04,39,254,46,06,15,245,29,10,45,315,47,12,69,295,47*6C
$GAGSV,2,2,07,19,69,357,45,28,63,273,48,33,48,160,46,,,,*54
$GAGSV,2,1,07,04,39,254,46,06,15,245,28,10,45,315,47,12,69,295,47*6D
$GAGSV,2,2,07,19,69,357,45,28,63,273,48,33,48,160,46,,,,*54
$GAGSV,2,1,07,04,39,254,46,06,15,245,27,10,45,315,47,12,69,295,47*62
$GAGSV,2,2,07,19,69,357,45,28,63,273,48,33,48,160,46,,,,*54
$GAGSV,2,1,07,04,39,254,46,06,15,245,27,10,45,315,47,12,69,295,47*62
$GAGSV,2,2,07,19,69,357,45,28,63,273,48,33,48,160,46,,,,*54
$GAGSV,2,1,07,04,39,254,46,06,15,245,27,10,45,315,47,12,69,295,47*62
$GAGSV,2,2,07,19,69,357,45,28,63,273,48,33,48,160,46,,,,*54
$GAGSV,2,1,07,04,39,254,46,06,15,245,27,10,45,315,47,12,69,295,47*62
$GAGSV,2,2,07,19,69,357,45,28,63,273,48,33,48,160,46,,,,*54
$GAGSV,2,1,07,04,39,254,46,06,15,245,28,10,45,315,47,12,69,295,47*6D
$GAGSV,2,2,07,19,69,357,45,28,63,273,48,33,48,160,46,,,,*54
$GAGSV,2,1,07,04,39,254,46,06,15,245,28,10,45,315,47,12,69,295,47*6D
$GAGSV,2,2,07,19,69,357,45,28,63,273,48,33,48,160,46,,,,*54
$GAGSV,2,1,07,04,39,254,46,06,15,245,28,10,45,315,47,12,69,295,47*6D
$GAGSV,2,2,07,19,69,357,45,28,63,273,48,33,48,160,46,,,,*54
$GAGSV,2,1,07,04,39,254,46,06,15,245,28,10,45,315,47,12,69,295,47*6D
$GAGSV,2,2,07,19,69,357,45,28,63,273,48,33,48,160,46,,,,*54
$GAGSV,2,1,07,04,39,254,46,06,15,245,27,10,45,315,47,12,69,295,47*62
$GAGSV,2,2,07,19,69,357,45,28,63,273,48,33,48,160,46,,,,*54
$GAGSV,2,1,07,04,39,254,46,06,15,245,27,10,45,315,47,12,69,295,47*62
$GAGSV,2,2,07,19,69,357,45,28,63,273,48,33,48,160,46,,,,*54
$GAGSV,2,1,07,04,39,254,46,06,15,245,26,10,45,315,47,12,69,295,47*63
$GAGSV,2,2,07,19,69,357,45,28,63,273,48,33,48,160,46,,,,*54
$GAGSV,2,1,07,04,39,254,46,06,15,245,25,10,45,315,47,12,69,295,47*60
$GAGSV,2,2,07,19,69,357,45,28,63,273,48,33,48,160,46,,,,*54
$GAGSV,2,1,07,04,39,254,46,06,15,245,25,10,45,315,47,12,69,295,47*60
$GAGSV,2,2,07,19,69,357,45,28,63,273,48,33,48,160,46,,,,*54
$GAGSV,2,1,07,04,39,254,46,06,15,245,26,10,45,315,47,12,69,295,47*63
$GAGSV,2,2,07,19,69,357,45,28,63,273,49,33,48,160,46,,,,*55
$GAGSV,2,1,07,04,39,254,46,06,15,245,27,10,45,315,47,12,69,295,47*62
$GAGSV,2,2,07,19,69,357,45,28,63,273,49,33,48,160,46,,,,*55
$GAGSV,2,1,07,04,39,254,46,06,15,245,28,10,45,315,47,12,69,295,47*6D
$GAGSV,2,2,07,19,69,357,45,28,63,273,49,33,48,160,46,,,,*55
$GAGSV,2,1,07,04,39,254,46,06,15,245,28,10,45,315,47,12,69,295,47*6D
$GAGSV,2,2,07,19,69,357,45,28,63,273,49,33,48,160,46,,,,*55
$GAGSV,2,1,07,04,39,254,46,06,15,245,28,10,45,315,47,12,69,295,47*6D
$GAGSV,2,2,07,19,69,357,45,28,63,273,49,33,48,160,46,,,,*55
$GAGSV,2,1,07,04,39,254,46,06,15,245,28,10,45,315,47,12,69,295,47*6D
$GAGSV,2,2,07,19,69,357,45,28,63,273,48,33,48,160,46,,,,*54
$GAGSV,2,1,07,04,39,254,46,06,15,245,29,10,45,315,47,12,69,295,46*6D
$GAGSV,2,2,07,19,69,357,45,28,63,273,48,33,48,160,46,,,,*54
$GAGSV,2,1,07,04,39,254,46,06,15,245,29,10,45,315,47,12,69,295,46*6D
$GAGSV,2,2,07,19,69,357,45,28,63,273,48,33,48,160,46,,,,*54
$GAGSV,2,1,07,04,39,254,46,06,15,245,29,10,45,315,47,12,69,295,46*6D
$GAGSV,2,2,07,19,69,357,45,28,63,273,48,33,48,160,46,,,,*54
$GAGSV,2,1,07,04,39,254,46,06,15,245,29,10,45,315,47,12,69,295,47*6C
$GAGSV,2,2,07,19,69,357,45,28,63,273,48,33,48,160,46,,,,*54
$GAGSV,2,1,07,04,39,254,46,06,15,245,29,10,45,315,47,12,69,295,47*6C
$GAGSV,2,2,07,19,69,357,45,28,63,273,48,33,48,160,46,,,,*54
$GAGSV,2,1,07,04,39,254,46,06,15,245,29,10,45,315,47,12,69,295,46*6D
$GAGSV,2,2,07,19,69,357,45,28,63,273,48,33,48,160,46,,,,*54
$GAGSV,2,1,07,04,39,254,46,06,15,245,29,10,45,315,47,12,69,295,46*6D
$GAGSV,2,2,07,19,69,357,45,28,63,273,48,33,48,160,46,,,,*54
$GAGSV,2,1,07,04,39,254,46,06,15,245,29,10,45,315,47,12,69,295,46*6D
$GAGSV,2,2,07,19,69,357,45,28,63,273,48,33,48,160,46,,,,*54
$GAGSV,2,1,07,04,39,254,46,06,15,245,28,10,45,315,47,12,69,295,46*6C
$GAGSV,2,2,07,19,69,357,45,28,63,273,48,33,48,160,46,,,,*54
$GAGSV,2,1,07,04,39,254,46,06,15,245,28,10,45,315,47,12,69,295,46*6C
$GAGSV,2,2,07,19,69,357,45,28,63,273,48,33,48,160,46,,,,*54
$GAGSV,2,1,07,04,39,254,46,06,15,245,29,10,45,315,47,12,69,295,46*6D
$GAGSV,2,2,07,19,69,357,45,28,63,273,48,33,48,160,46,,,,*54
$GAGSV,2,1,07,04,39,254,46,06,15,245,28,10,45,315,47,12,69,295,46*6C
$GAGSV,2,2,07,19,69,357,45,28,63,273,48,33,48,160,46,,,,*54
$GAGSV,2,1,07,04,39,254,46,06,15,245,28,10,45,315,47,12,69,295,46*6C
$GAGSV,2,2,07,19,69,357,45,28,63,273,48,33,48,160,46,,,,*54
$GAGSV,2,1,07,04,39,254,46,06,15,245,29,10,45,315,47,12,69,295,47*6C
$GAGSV,2,2,07,19,69,357,45,28,63,273,48,33,48,160,46,,,,*54
$GAGSV,2,1,07,04,39,254,46,06,15,245,29,10,45,315,47,12,69,295,47*6C
$GAGSV,2,2,07,19,69,357,45,28,63,273,48,33,48,160,46,,,,*54
$GAGSV,2,1,07,04,39,254,46,06,15,245,30,10,45,315,47,12,69,295,47*64
$GAGSV,2,2,07,19,69,357,45,28,63,273,48,33,48,160,46,,,,*54
$GAGSV,2,1,07,04,39,254,46,06,15,245,31,10,45,315,47,12,69,295,47*65
$GAGSV,2,2,07,19,69,357,45,28,63,273,48,33,48,160,46,,,,*54
$GAGSV,2,1,07,04,39,254,46,06,15,245,31,10,45,315,47,12,69,295,46*64
$GAGSV,2,2,07,19,69,357,45,28,63,273,48,33,48,160,46,,,,*54
$GAGSV,2,1,07,04,39,254,46,06,15,245,32,10,45,315,47,12,69,295,46*67
$GAGSV,2,2,07,19,69,357,45,28,63,273,48,33,48,160,46,,,,*54
$GAGSV,2,1,07,04,39,254,46,06,15,245,32,10,45,315,47,12,69,295,46*67
$GAGSV,2,2,07,19,69,357,45,28,63,273,48,33,48,160,46,,,,*54
$GAGSV,2,1,07,04,39,254,46,06,15,245,31,10,45,315,47,12,69,295,46*64
$GAGSV,2,2,07,19,69,357,45,28,63,273,48,33,48,160,46,,,,*54
$GAGSV,2,1,07,04,39,254,46,06,15,245,31,10,45,315,47,12,69,295,46*64
$GAGSV,2,2,07,19,69,357,45,28,63,273,48,33,48,160,46,,,,*54
$GAGSV,2,1,07,04,39,254,46,06,15,245,31,10,45,315,47,12,69,295,46*64
$GAGSV,2,2,07,19,69,357,45,28,63,273,48,33,48,160,46,,,,*54
$GAGSV,2,1,07,04,39,254,46,06,15,245,31,10,45,315,47,12,69,295,46*64
$GAGSV,2,2,07,19,69,357,45,28,63,273,48,33,48,160,46,,,,*54
$GAGSV,2,1,07,04,39,254,46,06,15,245,31,10,45,315,47,12,69,295,46*64
$GAGSV,2,2,07,19,69,357,45,28,63,273,48,33,48,160,46,,,,*54
$GAGSV,2,1,07,04,39,254,46,06,15,245,31,10,45,315,47,12,69,295,46*64
$GAGSV,2,2,07,19,69,357,45,28,63,273,48,33,48,160,46,,,,*54
$GAGSV,2,1,07,04,39,254,46,06,15,245,31,10,45,315,47,12,69,295,46*64
$GAGSV,2,2,07,19,69,357,45,28,63,273,48,33,48,160,46,,,,*54
$GAGSV,2,1,07,04,39,254,46,06,15,245,31,10,45,315,47,12,69,295,46*64
$GAGSV,2,2,07,19,69,357,45,28,63,273,48,33,48,160,46,,,,*54
$GAGSV,2,1,07,04,39,254,46,06,15,245,32,10,45,315,47,12,69,295,46*67
$GAGSV,2,2,07,19,69,357,45,28,63,273,48,33,48,160,46,,,,*54
$GAGSV,2,1,07,04,39,254,46,06,15,245,32,10,45,315,47,12,69,295,46*67
$GAGSV,2,2,07,19,69,357,45,28,63,273,48,33,48,160,46,,,,*54
$GAGSV,2,1,07,04,39,254,46,06,15,245,33,10,45,315,47,12,69,295,46*66
$GAGSV,2,2,07,19,69,357,45,28,63,273,48,33,48,160,46,,,,*54
$GAGSV,2,1,07,04,39,254,46,06,15,245,33,10,45,315,47,12,69,295,46*66
$GAGSV,2,2,07,19,69,357,45,28,63,273,48,33,48,160,46,,,,*54
$GAGSV,2,1,07,04,39,254,47,06,15,245,33,10,45,315,47,12,69,295,46*67
$GAGSV,2,2,07,19,69,357,45,28,63,273,48,33,48,160,46,,,,*54
$GAGSV,2,1,07,04,39,254,46,06,15,245,33,10,45,315,47,12,69,295,46*66
$GAGSV,2,2,07,19,69,357,45,28,63,273,48,33,48,160,46,,,,*54
$GAGSV,2,1,07,04,39,254,46,06,15,245,33,10,46,315,47,12,69,295,46*65
$GAGSV,2,2,07,19,69,357,45,28,63,273,48,33,48,160,46,,,,*54
$GAGSV,2,1,07,04,39,254,46,06,15,245,33,10,46,315,47,12,69,295,46*65
$GAGSV,2,2,07,19,69,357,45,28,63,273,48,33,48,160,46,,,,*54
$GAGSV,2,1,07,04,39,254,46,06,15,245,33,10,46,315,47,12,69,295,46*65
$GAGSV,2,2,07,19,69,357,45,28,63,273,48,33,48,160,46,,,,*54
$GAGSV,2,1,07,04,39,254,46,06,15,245,34,10,46,315,47,12,69,295,46*62
$GAGSV,2,2,07,19,69,357,45,28,63,273,48,33,48,160,46,,,,*54
$GAGSV,2,1,07,04,39,254,46,06,15,245,34,10,46,315,47,12,69,295,46*62
$GAGSV,2,2,07,19,69,357,45,28,63,273,48,33,48,160,46,,,,*54
$GAGSV,2,1,07,04,39,254,46,06,15,245,34,10,46,315,47,12,69,295,46*62
$GAGSV,2,2,07,19,69,357,45,28,63,273,48,33,48,160,46,,,,*54
$GAGSV,2,1,07,04,39,254,46,06,15,245,34,10,46,315,47,12,69,295,46*62
$GAGSV,2,2,07,19,69,357,45,28,63,273,48,33,48,160,46,,,,*54
$GAGSV,2,1,07,04,39,254,46,06,15,245,34,10,46,315,47,12,69,295,46*62
$GAGSV,2,2,07,19,69,357,45,28,63,273,48,33,48,160,46,,,,*54
$GAGSV,2,1,07,04,39,254,46,06,15,245,34,10,46,315,47,12,69,295,46*62
$GAGSV,2,2,07,19,69,357,45,28,63,273,48,33,48,160,46,,,,*54
$GAGSV,2,1,07,04,39,254,46,06,15,245,34,10,46,315,47,12,69,295,46*62
$GAGSV,2,2,07,19,69,357,45,28,63,273,48,33,48,160,46,,,,*54
$GAGSV,2,1,07,04,39,254,46,06,15,245,35,10,46,315,46,12,69,295,46*62
$GAGSV,2,2,07,19,69,357,45,28,63,273,48,33,48,160,46,,,,*54
$GAGSV,2,1,07,04,39,254,46,06,15,245,35,10,46,315,46,12,69,295,46*62
$GAGSV,2,2,07,19,69,357,45,28,63,273,48,33,48,160,46,,,,*54
$GAGSV,2,1,07,04,39,254,46,06,15,245,35,10,46,315,46,12,69,295,46*62
$GAGSV,2,2,07,19,69,357,45,28,63,273,48,33,48,160,45,,,,*57
$GAGSV,2,1,07,04,39,254,46,06,15,245,35,10,46,315,46,12,69,295,46*62
$GAGSV,2,2,07,19,69,357,45,28,63,273,49,33,48,160,45,,,,*56
$GAGSV,2,1,07,04,39,254,46,06,15,245,35,10,46,315,46,12,69,295,46*62
$GAGSV,2,2,07,19,69,357,45,28,63,273,49,33,48,160,45,,,,*56
$GAGSV,2,1,07,04,39,254,46,06,15,245,35,10,46,314,46,12,69,295,46*63
$GAGSV,2,2,07,19,69,357,45,28,63,273,49,33,48,160,45,,,,*56
$GAGSV,2,1,07,04,39,254,46,06,15,245,35,10,46,314,46,12,69,295,46*63
$GAGSV,2,2,07,19,69,357,45,28,63,273,49,33,48,160,45,,,,*56
$GAGSV,2,1,07,04,39,254,46,06,15,245,35,10,46,314,46,12,69,295,46*63
$GAGSV,2,2,07,19,69,357,45,28,63,273,49,33,48,160,45,,,,*56
$GAGSV,2,1,07,04,39,254,46,06,15,245,35,10,46,314,46,12,69,295,47*62
$GAGSV,2,2,07,19,69,357,45,28,63,273,49,33,48,160,45,,,,*56
$GAGSV,2,1,07,04,39,254,46,06,15,245,34,10,46,314,47,12,69,295,47*62
$GAGSV,2,2,07,19,69,357,45,28,63,273,49,33,48,160,46,,,,*55
$GAGSV,2,1,07,04,39,254,46,06,15,245,34,10,46,314,47,12,69,295,47*62
$GAGSV,2,2,07,19,69,357,45,28,63,273,49,33,48,160,46,,,,*55
$GAGSV,2,1,07,04,39,254,46,06,15,245,34,10,46,314,47,12,69,295,46*63
$GAGSV,2,2,07,19,69,357,45,28,63,273,49,33,48,160,46,,,,*55
$GAGSV,2,1,07,04,39,254,46,06,15,245,34,10,46,314,47,12,69,295,46*63
$GAGSV,2,2,07,19,69,357,45,28,63,273,49,33,48,160,46,,,,*55
$GAGSV,2,1,07,04,39,254,46,06,15,245,34,10,46,314,47,12,69,295,46*63
$GAGSV,2,2,07,19,69,357,45,28,63,273,49,33,48,160,46,,,,*55
$GAGSV,2,1,07,04,39,254,46,06,15,245,34,10,46,314,47,12,69,295,46*63
$GAGSV,2,2,07,19,69,357,45,28,63,273,49,33,48,160,46,,,,*55
$GAGSV,2,1,07,04,39,254,46,06,15,245,34,10,46,314,47,12,69,295,46*63
$GAGSV,2,2,07,19,69,357,45,28,63,273,49,33,48,160,46,,,,*55
$GAGSV,2,1,07,04,39,254,46,06,15,245,34,10,46,314,47,12,69,295,47*62
$GAGSV,2,2,07,19,69,357,45,28,63,273,49,33,48,160,46,,,,*55
$GAGSV,2,1,07,04,39,254,46,06,15,245,34,10,46,314,47,12,69,295,47*62
$GAGSV,2,2,07,19,69,357,45,28,63,273,49,33,48,160,46,,,,*55
$GAGSV,2,1,07,04,39,254,46,06,15,245,34,10,46,314,47,12,69,295,46*63
$GAGSV,2,2,07,19,69,357,45,28,63,273,49,33,48,160,46,,,,*55
$GAGSV,2,1,07,04,39,254,46,06,15,245,34,10,46,314,47,12,69,295,46*63
$GAGSV,2,2,07,19,69,357,45,28,63,273,49,33,48,160,46,,,,*55
$GAGSV,2,1,07,04,39,254,46,06,15,245,34,10,46,314,47,12,69,295,46*63
$GAGSV,2,2,07,19,69,357,45,28,63,273,49,33,48,160,46,,,,*55
$GAGSV,2,1,07,04,39,254,46,06,15,245,34,10,46,314,47,12,69,295,46*63
$GAGSV,2,2,07,19,69,357,45,28,63,273,48,33,48,160,46,,,,*54
$GAGSV,2,1,07,04,39,254,46,06,15,245,35,10,46,314,47,12,69,295,46*62
$GAGSV,2,2,07,19,69,357,45,28,63,273,48,33,48,160,46,,,,*54
$GAGSV,2,1,07,04,39,254,46,06,15,245,35,10,46,314,47,12,69,295,47*63
$GAGSV,2,2,07,19,69,357,45,28,63,273,48,33,48,160,46,,,,*54
$GAGSV,2,1,07,04,39,254,46,06,15,245,34,10,46,314,47,12,69,295,47*62
$GAGSV,2,2,07,19,69,357,45,28,63,273,48,33,48,160,46,,,,*54
$GAGSV,2,1,07,04,39,254,46,06,15,245,34,10,46,314,47,12,69,295,47*62
$GAGSV,2,2,07,19,69,357,45,28,63,273,48,33,48,160,46,,,,*54
$GAGSV,2,1,07,04,39,254,46,06,15,245,34,10,46,314,47,12,69,295,47*62
$GAGSV,2,2,07,19,69,357,45,28,63,273,48,33,48,160,46,,,,*54
$GAGSV,2,1,07,04,39,254,46,06,15,245,34,10,46,314,47,12,69,295,47*62
$GAGSV,2,2,07,19,69,357,45,28,63,273,48,33,48,160,46,,,,*54
$GAGSV,2,1,07,04,39,254,46,06,15,245,34,10,46,314,47,12,69,295,46*63
$GAGSV,2,2,07,19,69,357,45,28,63,273,48,33,48,160,46,,,,*54
$GAGSV,2,1,07,04,39,254,46,06,15,245,34,10,46,314,47,12,69,295,46*63
$GAGSV,2,2,07,19,69,357,45,28,63,273,48,33,48,160,46,,,,*54
$GAGSV,2,1,07,04,39,254,46,06,15,245,34,10,46,314,47,12,69,295,46*63
$GAGSV,2,2,07,19,69,357,45,28,63,273,48,33,48,160,46,,,,*54
$GAGSV,2,1,07,04,39,254,46,06,15,245,34,10,46,314,47,12,69,295,46*63
$GAGSV,2,2,07,19,69,357,45,28,63,273,48,33,48,160,46,,,,*54
$GAGSV,2,1,07,04,39,254,46,06,15,245,34,10,46,314,47,12,69,295,46*63
$GAGSV,2,2,07,19,69,357,45,28,63,273,48,33,48,160,46,,,,*54
$GAGSV,2,1,07,04,39,254,46,06,15,245,34,10,46,314,47,12,69,295,47*62
$GAGSV,2,2,07,19,69,357,45,28,63,273,48,33,48,160,46,,,,*54
$GAGSV,2,1,07,04,39,254,46,06,15,245,34,10,46,314,47,12,69,295,47*62
$GAGSV,2,2,07,19,69,357,45,28,63,273,48,33,48,160,46,,,,*54
$GAGSV,2,1,07,04,39,254,46,06,15,245,34,10,46,314,47,12,69,295,47*62
$GAGSV,2,2,07,19,69,357,45,28,63,273,48,33,48,160,46,,,,*54
$GAGSV,2,1,07,04,39,254,46,06,15,245,34,10,46,314,47,12,69,295,47*62
$GAGSV,2,2,07,19,69,357,45,28,63,273,48,33,48,160,46,,,,*54
$GAGSV,2,1,07,04,39,254,46,06,15,245,34,10,46,314,47,12,69,295,47*62
$GAGSV,2,2,07,19,69,357,45,28,63,273,48,33,48,160,46,,,,*54
$GAGSV,2,1,07,04,39,254,46,06,15,245,34,10,46,314,47,12,69,295,47*62
$GAGSV,2,2,07,19,69,357,45,28,63,273,49,33,48,160,46,,,,*55
$GAGSV,2,1,07,04,39,254,46,06,15,245,35,10,46,314,47,12,69,295,47*63
$GAGSV,2,2,07,19,69,357,45,28,63,273,49,33,48,160,46,,,,*55
$GAGSV,2,1,07,04,39,254,46,06,15,245,34,10,46,314,47,12,69,295,47*62
$GAGSV,2,2,07,19,69,357,45,28,63,273,49,33,48,160,46,,,,*55
$GAGSV,2,1,07,04,39,254,46,06,15,245,34,10,46,314,47,12,69,295,47*62
$GAGSV,2,2,07,19,69,357,45,28,63,273,49,33,48,160,46,,,,*55
$GAGSV,2,1,07,04,39,254,46,06,15,245,34,10,46,314,47,12,69,295,47*62
$GAGSV,2,2,07,19,69,357,45,28,63,273,49,33,48,160,46,,,,*55
$GAGSV,2,1,07,04,39,254,46,06,15,245,34,10,46,314,47,12,69,295,47*62
$GAGSV,2,2,07,19,69,357,45,28,63,273,49,33,48,160,46,,,,*55
$GAGSV,2,1,07,04,39,254,46,06,15,245,34,10,46,314,47,12,69,295,47*62
$GAGSV,2,2,07,19,69,357,45,28,63,273,49,33,48,160,46,,,,*55
$GAGSV,2,1,07,04,39,254,46,06,15,245,33,10,46,314,47,12,69,295,47*65
$GAGSV,2,2,07,19,69,357,45,28,63,273,49,33,48,160,46,,,,*55
$GAGSV,2,1,07,04,39,254,46,06,15,245,33,10,46,314,47,12,69,295,47*65
$GAGSV,2,2,07,19,69,357,45,28,63,273,49,33,48,160,46,,,,*55
$GAGSV,2,1,07,04,39,254,46,06,15,245,33,10,46,314,47,12,69,295,47*65
$GAGSV,2,2,07,19,69,357,45,28,63,273,49,33,48,160,46,,,,*55
$GAGSV,2,1,07,04,39,254,46,06,15,245,33,10,46,314,47,12,69,295,47*65
$GAGSV,2,2,07,19,69,357,45,28,63,273,49,33,48,160,46,,,,*55
$GAGSV,2,1,07,04,39,254,46,06,15,245,33,10,46,314,47,12,69,295,47*65
$GAGSV,2,2,07,19,69,357,45,28,63,273,49,33,48,160,46,,,,*55
$GAGSV,2,1,07,04,39,254,46,06,15,245,34,10,46,314,46,12,69,295,47*63
$GAGSV,2,2,07,19,69,357,45,28,63,273,49,33,48,160,46,,,,*55
$GAGSV,2,1,07,04,39,254,46,06,15,245,35,10,46,314,46,12,69,295,47*62
$GAGSV,2,2,07,19,69,357,45,28,63,273,48,33,48,160,46,,,,*54
$GAGSV,2,1,07,04,39,254,45,06,15,245,34,10,46,314,46,12,69,295,47*60
$GAGSV,2,2,07,19,69,357,45,28,63,273,48,33,48,160,46,,,,*54
$GAGSV,2,1,07,04,39,254,45,06,15,245,34,10,46,314,46,12,69,295,47*60
$GAGSV,2,2,07,19,69,357,45,28,63,273,48,33,48,160,46,,,,*54
$GAGSV,2,1,07,04,39,254,45,06,15,245,34,10,46,314,46,12,69,295,46*61
$GAGSV,2,2,07,19,69,357,45,28,63,273,48,33,48,160,46,,,,*54
$GAGSV,2,1,07,04,39,254,45,06,15,245,34,10,46,314,46,12,69,295,46*61
$GAGSV,2,2,07,19,69,357,45,28,63,273,48,33,48,160,46,,,,*54
$GAGSV,2,1,07,04,39,254,45,06,15,245,34,10,46,314,46,12,69,295,47*60
$GAGSV,2,2,07,19,69,357,45,28,63,273,48,33,48,160,46,,,,*54
$GAGSV,2,1,07,04,39,254,46,06,15,245,34,10,46,314,46,12,69,295,47*63
$GAGSV,2,2,07,19,69,357,45,28,63,273,48,33,48,160,46,,,,*54
$GAGSV,2,1,07,04,39,254,46,06,15,245,33,10,46,314,46,12,69,295,47*64
$GAGSV,2,2,07,19,69,357,45,28,63,273,48,33,48,160,46,,,,*54
$GAGSV,2,1,07,04,39,254,46,06,15,245,32,10,46,314,46,12,69,295,47*65
$GAGSV,2,2,07,19,69,357,45,28,63,273,48,33,48,160,46,,,,*54
$GAGSV,2,1,07,04,39,254,46,06,15,245,31,10,46,314,46,12,69,295,47*66
$GAGSV,2,2,07,19,69,357,44,28,63,273,48,33,48,160,46,,,,*55
$GAGSV,2,1,07,04,39,254,45,06,15,245,31,10,46,314,46,12,69,295,47*65
$GAGSV,2,2,07,19,69,357,44,28,63,273,48,33,48,160,46,,,,*55
$GAGSV,2,1,07,04,39,254,45,06,15,245,32,10,46,314,46,12,69,295,47*66
$GAGSV,2,2,07,19,69,357,44,28,63,273,48,33,48,160,46,,,,*55
$GAGSV,2,1,07,04,39,254,45,06,15,245,32,10,46,314,46,12,69,295,47*66
$GAGSV,2,2,07,19,69,357,44,28,63,273,48,33,48,160,46,,,,*55
$GAGSV,2,1,07,04,39,254,46,06,15,245,32,10,46,314,46,12,69,295,47*65
$GAGSV,2,2,07,19,69,357,44,28,63,273,48,33,48,160,46,,,,*55
$GAGSV,2,1,07,04,39,254,46,06,15,245,33,10,46,314,46,12,69,295,47*64
$GAGSV,2,2,07,19,69,357,44,28,63,273,48,33,48,160,46,,,,*55
$GAGSV,2,1,07,04,39,254,46,06,15,245,33,10,46,314,46,12,69,295,47*64
$GAGSV,2,2,07,19,69,357,44,28,63,273,48,33,48,160,46,,,,*55
$GAGSV,2,1,07,04,39,254,46,06,15,245,33,10,46,314,46,12,69,295,47*64
$GAGSV,2,2,07,19,69,357,45,28,63,273,48,33,48,160,46,,,,*54
$GAGSV,2,1,07,04,39,254,46,06,15,245,32,10,46,314,46,12,69,295,47*65
$GAGSV,2,2,07,19,69,357,45,28,63,273,48,33,48,160,46,,,,*54
$GAGSV,2,1,07,04,39,254,46,06,15,245,32,10,46,314,46,12,69,295,47*65
$GAGSV,2,2,07,19,69,357,45,28,63,273,48,33,48,160,46,,,,*54
$GAGSV,2,1,07,04,39,254,46,06,15,245,33,10,46,314,46,12,69,295,47*64
$GAGSV,2,2,07,19,69,357,45,28,63,273,48,33,48,160,46,,,,*54
$GAGSV,2,1,07,04,39,254,46,06,15,245,34,10,46,314,46,12,69,295,46*62
$GAGSV,2,2,07,19,69,357,45,28,63,273,48,33,48,160,46,,,,*54
$GAGSV,2,1,07,04,39,254,46,06,15,245,34,10,46,314,46,12,69,295,46*62
$GAGSV,2,2,07,19,69,357,45,28,63,273,49,33,48,160,46,,,,*55
$GAGSV,2,1,07,04,39,254,46,06,15,245,34,10,46,314,46,12,69,295,47*63
$GAGSV,2,2,07,19,69,357,45,28,63,273,49,33,48,160,46,,,,*55
$GAGSV,2,1,07,04,39,254,46,06,15,245,34,10,46,314,46,12,69,295,47*63
$GAGSV,2,2,07,19,69,357,45,28,63,273,49,33,48,160,46,,,,*55
$GAGSV,2,1,07,04,39,254,46,06,16,245,34,10,46,314,46,12,69,295,47*60
$GAGSV,2,2,07,19,69,357,45,28,63,273,49,33,48,160,46,,,,*55
$GAGSV,2,1,07,04,39,254,46,06,16,245,35,10,46,314,46,12,69,295,47*61
$GAGSV,2,2,07,19,69,357,45,28,63,273,49,33,48,160,46,,,,*55
$GAGSV,2,1,07,04,39,254,46,06,16,245,35,10,46,314,46,12,69,295,47*61
$GAGSV,2,2,07,19,69,357,45,28,63,273,49,33,48,160,46,,,,*55
$GAGSV,2,1,07,04,39,254,46,06,16,245,35,10,46,314,46,12,69,295,47*61
$GAGSV,2,2,07,19,69,357,45,28,63,273,48,33,48,160,46,,,,*54
$GAGSV,2,1,07,04,39,254,46,06,16,245,35,10,46,314,46,12,69,295,47*61
$GAGSV,2,2,07,19,69,357,45,28,63,273,48,33,48,160,46,,,,*54
$GAGSV,2,1,07,04,39,254,46,06,16,245,35,10,46,314,46,12,69,295,47*61
$GAGSV,2,2,07,19,69,357,45,28,63,273,48,33,48,160,46,,,,*54
$GAGSV,2,1,07,04,39,254,46,06,16,245,35,10,46,314,46,12,69,295,47*61
$GAGSV,2,2,07,19,69,357,45,28,63,273,48,33,48,160,46,,,,*54
$GAGSV,2,1,07,04,39,254,46,06,16,245,35,10,46,314,46,12,69,295,47*61
$GAGSV,2,2,07,19,69,357,45,28,63,273,48,33,48,160,46,,,,*54
$GAGSV,2,1,07,04,39,254,46,06,16,245,34,10,46,314,46,12,69,295,47*60
$GAGSV,2,2,07,19,69,357,45,28,63,273,48,33,48,160,46,,,,*54
$GAGSV,2,1,07,04,39,254,46,06,16,245,34,10,46,314,46,12,69,295,47*60
$GAGSV,2,2,07,19,69,357,45,28,63,273,48,33,48,160,46,,,,*54
$GAGSV,2,1,07,04,39,254,46,06,16,245,34,10,46,314,46,12,69,295,47*60
$GAGSV,2,2,07,19,69,357,45,28,63,273,48,33,48,160,46,,,,*54
$GAGSV,2,1,07,04,39,254,46,06,16,245,34,10,46,314,46,12,69,295,46*61
$GAGSV,2,2,07,19,69,357,45,28,63,273,48,33,48,160,46,,,,*54
$GAGSV,2,1,07,04,39,254,46,06,16,245,34,10,46,314,46,12,69,295,46*61
$GAGSV,2,2,07,19,69,357,45,28,63,273,48,33,48,160,46,,,,*54
$GAGSV,2,1,07,04,39,254,46,06,16,245,34,10,46,314,46,12,69,295,46*61
$GAGSV,2,2,07,19,69,357,45,28,63,273,48,33,48,160,46,,,,*54
$GAGSV,2,1,07,04,39,254,46,06,16,245,35,10,46,314,46,12,69,295,46*60
$GAGSV,2,2,07,19,69,357,44,28,63,273,48,33,48,160,46,,,,*55
$GAGSV,2,1,07,04,39,254,46,06,16,245,36,10,46,314,46,12,69,295,47*62
$GAGSV,2,2,07,19,69,357,44,28,63,273,48,33,48,160,46,,,,*55
$GAGSV,2,1,07,04,39,254,46,06,16,245,35,10,46,314,46,12,69,295,47*61
$GAGSV,2,2,07,19,69,357,44,28,63,273,48,33,48,160,46,,,,*55
$GAGSV,2,1,07,04,39,254,46,06,16,245,35,10,46,314,46,12,69,295,47*61
$GAGSV,2,2,07,19,69,357,44,28,63,273,48,33,48,160,46,,,,*55
$GAGSV,2,1,07,04,39,254,46,06,16,245,34,10,46,314,46,12,69,295,47*60
$GAGSV,2,2,07,19,69,357,44,28,63,273,48,33,48,160,46,,,,*55
$GAGSV,2,1,07,04,39,254,46,06,16,245,33,10,46,314,46,12,69,295,47*67
$GAGSV,2,2,07,19,69,357,44,28,63,273,48,33,48,160,46,,,,*55
$GAGSV,2,1,07,04,39,254,46,06,16,245,33,10,46,314,46,12,69,295,47*67
$GAGSV,2,2,07,19,69,357,45,28,63,273,48,33,48,160,46,,,,*54
$GAGSV,2,1,07,04,39,254,46,06,16,245,33,10,46,314,46,12,69,295,47*67
$GAGSV,2,2,07,19,69,357,45,28,63,273,48,33,48,160,46,,,,*54
$GAGSV,2,1,07,04,39,254,46,06,16,245,34,10,46,314,46,12,69,295,47*60
$GAGSV,2,2,07,19,69,357,45,28,63,273,48,33,48,160,46,,,,*54
$GAGSV,2,1,07,04,39,254,46,06,16,245,34,10,46,314,46,12,69,295,47*60
$GAGSV,2,2,07,19,69,357,45,28,63,273,48,33,48,160,46,,,,*54
$GAGSV,2,1,07,04,39,254,46,06,16,245,33,10,46,314,46,12,69,295,47*67
$GAGSV,2,2,07,19,69,357,45,28,63,273,48,33,48,160,46,,,,*54
$GAGSV,2,1,07,04,39,254,46,06,16,245,32,10,46,314,46,12,69,295,47*66
$GAGSV,2,2,07,19,69,357,45,28,63,273,48,33,48,160,46,,,,*54
$GAGSV,2,1,07,04,39,254,46,06,16,245,32,10,46,314,46,12,69,295,47*66
$GAGSV,2,2,07,19,69,357,45,28,63,273,48,33,48,160,46,,,,*54
$GAGSV,2,1,07,04,39,254,46,06,16,245,32,10,46,314,46,12,69,295,47*66
$GAGSV,2,2,07,19,69,357,45,28,63,273,48,33,48,160,46,,,,*54
$GAGSV,2,1,07,04,39,254,46,06,16,245,32,10,46,314,46,12,69,295,47*66
$GAGSV,2,2,07,19,69,357,45,28,63,273,48,33,48,160,46,,,,*54
$GAGSV,2,1,07,04,39,254,46,06,16,245,32,10,46,314,46,12,69,295,47*66
$GAGSV,2,2,07,19,69,357,45,28,63,273,48,33,48,160,46,,,,*54
$GAGSV,2,1,07,04,39,254,46,06,16,245,33,10,46,314,46,12,69,295,47*67
$GAGSV,2,2,07,19,69,357,45,28,63,273,48,33,48,160,46,,,,*54
$GAGSV,2,1,07,04,39,254,46,06,16,245,33,10,46,314,46,12,69,295,47*67
$GAGSV,2,2,07,19,69,357,45,28,63,273,48,33,48,160,46,,,,*54
$GAGSV,2,1,07,04,39,254,46,06,16,245,33,10,46,314,46,12,69,295,47*67
$GAGSV,2,2,07,19,69,357,45,28,63,273,48,33,48,160,46,,,,*54
$GAGSV,2,1,07,04,39,254,46,06,16,245,34,10,46,314,46,12,69,295,47*60
$GAGSV,2,2,07,19,69,357,45,28,63,273,48,33,48,160,46,,,,*54
$GAGSV,2,1,07,04,39,254,46,06,16,245,34,10,46,314,46,12,69,295,47*60
$GAGSV,2,2,07,19,69,357,45,28,63,273,48,33,48,160,46,,,,*54
$GAGSV,2,1,07,04,39,254,46,06,16,245,34,10,46,314,46,12,69,295,47*60
$GAGSV,2,2,07,19,69,357,45,28,63,273,48,33,48,160,46,,,,*54
$GAGSV,2,1,07,04,39,254,46,06,16,245,34,10,46,314,46,12,69,295,47*60
$GAGSV,2,2,07,19,69,357,45,28,63,273,48,33,48,160,46,,,,*54
$GAGSV,2,1,07,04,39,254,46,06,16,245,34,10,46,314,46,12,69,295,47*60
$GAGSV,2,2,07,19,69,357,45,28,63,273,48,33,48,160,46,,,,*54
$GAGSV,2,1,07,04,39,254,46,06,16,245,34,10,46,314,46,12,69,295,47*60
$GAGSV,2,2,07,19,69,357,45,28,63,273,48,33,48,160,46,,,,*54
$GAGSV,2,1,07,04,39,254,46,06,16,245,33,10,46,314,46,12,69,295,47*67
$GAGSV,2,2,07,19,69,357,45,28,63,273,48,33,48,160,46,,,,*54
$GAGSV,2,1,07,04,39,254,46,06,16,245,33,10,46,314,46,12,69,295,47*67
$GAGSV,2,2,07,19,69,357,45,28,63,273,49,33,48,160,46,,,,*55
$GAGSV,2,1,07,04,39,254,46,06,16,245,34,10,46,314,46,12,69,295,47*60
$GAGSV,2,2,07,19,69,357,45,28,63,273,49,33,48,160,46,,,,*55
$GAGSV,2,1,07,04,39,254,46,06,16,245,34,10,46,314,46,12,69,295,47*60
$GAGSV,2,2,07,19,69,357,45,28,63,273,49,33,48,160,46,,,,*55
$GAGSV,2,1,07,04,39,254,46,06,16,245,34,10,46,314,46,12,69,295,47*60
$GAGSV,2,2,07,19,69,357,45,28,63,273,49,33,48,160,46,,,,*55
$GAGSV,2,1,07,04,39,254,46,06,16,245,34,10,46,314,46,12,69,295,47*60
$GAGSV,2,2,07,19,69,357,45,28,63,273,49,33,48,160,46,,,,*55
$GAGSV,2,1,07,04,39,254,46,06,16,245,34,10,46,314,47,12,69,295,47*61
$GAGSV,2,2,07,19,69,357,45,28,63,273,49,33,48,160,46,,,,*55
$GAGSV,2,1,07,04,39,254,46,06,16,245,34,10,46,314,47,12,69,295,46*60
$GAGSV,2,2,07,19,69,357,45,28,63,273,49,33,48,160,46,,,,*55
$GAGSV,2,1,07,04,39,254,46,06,16,245,34,10,46,314,47,12,69,295,46*60
$GAGSV,2,2,07,19,69,357,45,28,63,273,49,33,48,160,46,,,,*55
$GAGSV,2,1,07,04,39,254,46,06,16,245,34,10,46,314,47,12,69,295,46*60
$GAGSV,2,2,07,19,69,357,45,28,63,273,49,33,48,160,46,,,,*55
$GAGSV,2,1,07,04,39,254,46,06,16,245,34,10,46,314,47,12,69,295,46*60
$GAGSV,2,2,07,19,69,357,45,28,63,273,49,33,48,160,46,,,,*55
$GAGSV,2,1,07,04,39,254,46,06,16,245,34,10,46,314,47,12,69,295,46*60
$GAGSV,2,2,07,19,69,357,45,28,63,273,49,33,48,160,46,,,,*55
$GAGSV,2,1,07,04,39,254,46,06,16,245,34,10,46,314,47,12,69,295,46*60
$GAGSV,2,2,07,19,69,357,45,28,63,273,49,33,48,160,46,,,,*55
$GAGSV,2,1,07,04,39,254,46,06,16,245,34,10,46,314,46,12,69,295,46*61
$GAGSV,2,2,07,19,69,357,45,28,63,273,49,33,48,160,46,,,,*55
$GAGSV,2,1,07,04,39,254,46,06,16,245,34,10,46,314,46,12,69,295,46*61
$GAGSV,2,2,07,19,69,357,45,28,63,273,49,33,48,160,46,,,,*55
$GAGSV,2,1,07,04,39,254,46,06,16,245,33,10,46,314,46,12,69,295,46*66
$GAGSV,2,2,07,19,69,357,45,28,63,273,48,33,48,160,46,,,,*54
$GAGSV,2,1,07,04,39,254,46,06,16,245,33,10,46,314,47,12,69,295,46*67
$GAGSV,2,2,07,19,69,357,45,28,63,273,48,33,48,160,46,,,,*54
$GAGSV,2,1,07,04,39,254,46,06,16,245,33,10,46,314,46,12,69,295,46*66
$GAGSV,2,2,07,19,69,357,45,28,63,273,48,33,48,160,46,,,,*54
$GAGSV,2,1,07,04,39,254,46,06,16,245,33,10,46,314,46,12,69,295,46*66
$GAGSV,2,2,07,19,69,357,45,28,63,273,48,33,48,160,46,,,,*54
$GAGSV,2,1,07,04,39,254,46,06,16,245,33,10,46,314,46,12,69,295,46*66
$GAGSV,2,2,07,19,69,357,45,28,63,273,48,33,48,160,46,,,,*54
$GAGSV,2,1,07,04,39,254,46,06,16,245,33,10,46,314,46,12,69,295,46*66
$GAGSV,2,2,07,19,69,357,45,28,63,273,48,33,48,160,46,,,,*54
$GAGSV,2,1,07,04,39,254,46,06,16,245,34,10,46,314,46,12,69,294,46*60
$GAGSV,2,2,07,19,69,357,45,28,63,273,48,33,48,160,46,,,,*54
$GAGSV,2,1,07,04,39,254,46,06,16,245,34,10,46,314,46,12,69,294,46*60
$GAGSV,2,2,07,19,69,357,45,28,63,273,48,33,48,160,46,,,,*54
$GAGSV,2,1,07,04,39,254,46,06,16,245,34,10,46,314,46,12,69,294,46*60
$GAGSV,2,2,07,19,69,357,45,28,63,273,48,33,48,160,46,,,,*54
$GAGSV,2,1,07,04,39,254,46,06,16,245,34,10,46,314,46,12,69,294,46*60
$GAGSV,2,2,07,19,69,357,45,28,63,273,48,33,48,160,46,,,,*54
$GAGSV,2,1,07,04,39,254,46,06,16,245,34,10,46,314,46,12,69,294,46*60
$GAGSV,2,2,07,19,69,357,45,28,63,273,48,33,48,160,46,,,,*54
$GAGSV,2,1,07,04,39,254,46,06,16,245,34,10,46,314,47,12,69,294,46*61
$GAGSV,2,2,07,19,69,357,45,28,63,273,48,33,48,160,47,,,,*55
$GAGSV,2,1,07,04,39,254,46,06,16,245,33,10,46,314,46,12,69,294,46*67
$GAGSV,2,2,07,19,69,357,45,28,63,273,48,33,48,160,47,,,,*55
$GAGSV,2,1,07,04,39,254,46,06,16,245,34,10,46,314,46,12,69,294,46*60
$GAGSV,2,2,07,19,69,357,45,28,63,273,48,33,48,160,47,,,,*55
$GAGSV,2,1,07,04,39,254,46,06,16,245,34,10,46,314,47,12,69,294,46*61
$GAGSV,2,2,07,19,69,357,45,28,63,273,48,33,48,160,47,,,,*55
$GAGSV,2,1,07,04,39,254,46,06,16,245,34,10,46,314,47,12,69,294,46*61
$GAGSV,2,2,07,19,69,357,45,28,63,273,48,33,48,160,47,,,,*55
$GAGSV,2,1,07,04,39,254,46,06,16,245,34,10,46,314,47,12,69,294,46*61
$GAGSV,2,2,07,19,69,357,45,28,63,273,48,33,48,160,47,,,,*55
$GAGSV,2,1,07,04,39,254,46,06,16,245,34,10,46,314,47,12,69,294,46*61
$GAGSV,2,2,07,19,69,357,45,28,63,273,48,33,48,160,47,,,,*55
$GAGSV,2,1,07,04,39,254,46,06,16,245,34,10,46,314,47,12,69,294,46*61
$GAGSV,2,2,07,19,69,357,45,28,63,273,48,33,48,160,47,,,,*55
$GAGSV,2,1,07,04,39,254,46,06,16,245,36,10,46,314,47,12,69,294,46*63
$GAGSV,2,2,07,19,69,357,45,28,63,273,48,33,48,160,47,,,,*55
$GAGSV,2,1,07,04,39,254,46,06,16,245,36,10,46,314,47,12,69,294,46*63
$GAGSV,2,2,07,19,69,357,45,28,63,273,48,33,48,160,47,,,,*55
$GAGSV,2,1,07,04,39,254,46,06,16,245,37,10,46,314,47,12,69,294,46*62
$GAGSV,2,2,07,19,69,357,45,28,63,273,48,33,48,160,47,,,,*55
$GAGSV,2,1,07,04,39,254,46,06,16,245,37,10,46,314,47,12,69,294,46*62
$GAGSV,2,2,07,19,69,357,45,28,63,273,48,33,48,160,47,,,,*55
$GAGSV,2,1,07,04,39,254,46,06,16,245,37,10,46,314,47,12,69,294,46*62
$GAGSV,2,2,07,19,69,357,45,28,63,273,48,33,48,160,47,,,,*55
$GAGSV,2,1,07,04,39,254,46,06,16,245,37,10,46,314,46,12,69,294,46*63
$GAGSV,2,2,07,19,69,357,45,28,63,273,48,33,48,160,47,,,,*55
$GAGSV,2,1,07,04,39,254,46,06,16,245,37,10,46,314,46,12,69,294,46*63
$GAGSV,2,2,07,19,69,357,45,28,63,273,48,33,48,160,47,,,,*55
$GAGSV,2,1,07,04,39,254,46,06,16,245,37,10,46,314,46,12,69,294,46*63
$GAGSV,2,2,07,19,69,357,45,28,63,273,48,33,48,160,47,,,,*55
$GAGSV,2,1,07,04,39,254,46,06,16,245,37,10,46,314,46,12,69,294,46*63
$GAGSV,2,2,07,19,69,357,45,28,63,273,48,33,48,160,47,,,,*55
$GAGSV,2,1,07,04,39,254,46,06,16,245,36,10,46,314,46,12,69,294,46*62
$GAGSV,2,2,07,19,69,357,45,28,63,273,48,33,48,160,47,,,,*55
$GAGSV,2,1,07,04,39,254,46,06,16,245,37,10,46,314,46,12,69,294,46*63
$GAGSV,2,2,07,19,69,357,45,28,63,273,48,33,48,160,47,,,,*55
$GAGSV,2,1,07,04,39,254,46,06,16,245,37,10,46,314,46,12,69,294,46*63
$GAGSV,2,2,07,19,69,357,44,28,63,273,48,33,48,160,47,,,,*54
$GAGSV,2,1,07,04,39,254,46,06,16,245,37,10,46,314,46,12,69,294,47*62
$GAGSV,2,2,07,19,69,357,44,28,63,273,48,33,48,160,47,,,,*54
$GAGSV,2,1,07,04,39,254,46,06,16,245,37,10,46,314,46,12,69,294,47*62
$GAGSV,2,2,07,19,69,357,45,28,63,273,48,33,48,160,47,,,,*55
$GAGSV,2,1,07,04,39,254,46,06,16,245,37,10,46,314,46,12,69,294,47*62
$GAGSV,2,2,07,19,69,357,45,28,63,273,48,33,48,160,47,,,,*55
$GAGSV,2,1,07,04,39,254,46,06,16,245,37,10,46,314,46,12,69,294,47*62
$GAGSV,2,2,07,19,69,357,45,28,63,273,48,33,48,160,47,,,,*55
$GAGSV,2,1,07,04,39,254,46,06,16,245,37,10,46,314,46,12,69,294,47*62
$GAGSV,2,2,07,19,69,357,45,28,63,273,48,33,48,160,47,,,,*55
$GAGSV,2,1,07,04,39,254,46,06,16,245,37,10,46,314,46,12,69,294,47*62
$GAGSV,2,2,07,19,69,357,45,28,63,273,48,33,48,160,47,,,,*55
$GAGSV,2,1,07,04,39,254,46,06,16,245,37,10,46,314,46,12,69,294,47*62
$GAGSV,2,2,07,19,69,357,45,28,63,273,48,33,48,160,47,,,,*55
$GAGSV,2,1,07,04,39,254,46,06,16,245,37,10,46,314,46,12,69,294,47*62
$GAGSV,2,2,07,19,69,357,45,28,63,273,48,33,48,160,47,,,,*55
$GAGSV,2,1,07,04,39,254,46,06,16,245,37,10,46,314,46,12,69,294,47*62
$GAGSV,2,2,07,19,69,357,45,28,63,273,48,33,48,160,47,,,,*55
$GAGSV,2,1,07,04,39,254,46,06,16,245,37,10,46,314,46,12,69,294,47*62
$GAGSV,2,2,07,19,69,357,45,28,63,273,48,33,48,160,47,,,,*55
$GAGSV,2,1,07,04,39,254,46,06,16,245,37,10,46,314,46,12,69,294,47*62
$GAGSV,2,2,07,19,69,357,45,28,63,273,48,33,48,160,47,,,,*55
$GAGSV,2,1,07,04,39,254,46,06,16,245,37,10,46,314,46,12,69,294,47*62
$GAGSV,2,2,07,19,69,357,44,28,63,273,48,33,48,160,47,,,,*54
$GAGSV,2,1,07,04,39,254,46,06,16,245,37,10,46,314,46,12,69,294,47*62
$GAGSV,2,2,07,19,69,357,44,28,63,273,48,33,48,160,47,,,,*54
$GAGSV,2,1,07,04,39,254,46,06,16,245,36,10,46,314,46,12,69,294,47*63
$GAGSV,2,2,07,19,69,357,44,28,63,273,48,33,48,160,46,,,,*55
$GAGSV,2,1,07,04,39,254,46,06,16,245,36,10,46,314,46,12,69,294,47*63
$GAGSV,2,2,07,19,69,357,44,28,63,273,48,33,48,160,46,,,,*55
$GAGSV,2,1,07,04,39,254,46,06,16,245,36,10,46,314,46,12,69,294,47*63
$GAGSV,2,2,07,19,69,358,44,28,63,273,48,33,48,160,46,,,,*5A
$GAGSV,2,1,07,04,39,254,46,06,16,245,36,10,46,314,46,12,69,294,47*63
$GAGSV,2,2,07,19,69,358,44,28,63,273,48,33,48,160,46,,,,*5A
$GAGSV,2,1,07,04,39,254,46,06,16,245,36,10,46,314,46,12,69,294,47*63
$GAGSV,2,2,07,19,69,358,44,28,63,273,48,33,48,160,46,,,,*5A
$GAGSV,2,1,07,04,39,254,46,06,16,245,36,10,46,314,46,12,69,294,47*63
$GAGSV,2,2,07,19,69,358,44,28,63,273,48,33,48,160,46,,,,*5A
$GAGSV,2,1,07,04,39,254,46,06,16,245,36,10,46,314,46,12,69,294,47*63
$GAGSV,2,2,07,19,69,358,44,28,63,273,48,33,48,160,46,,,,*5A
$GAGSV,2,1,07,04,39,254,46,06,16,245,36,10,46,314,46,12,69,294,47*63
$GAGSV,2,2,07,19,69,358,45,28,63,273,48,33,48,160,46,,,,*5B
$GAGSV,2,1,07,04,39,254,46,06,16,245,36,10,46,314,46,12,69,294,47*63
$GAGSV,2,2,07,19,69,358,45,28,63,273,48,33,48,160,47,,,,*5A
$GAGSV,2,1,07,04,39,254,45,06,16,245,36,10,46,314,46,12,69,294,47*60
$GAGSV,2,2,07,19,69,358,45,28,63,273,48,33,48,160,47,,,,*5A
$GAGSV,2,1,07,04,39,254,45,06,16,245,36,10,46,314,46,12,69,294,46*61
$GAGSV,2,2,07,19,69,358,45,28,63,273,48,33,48,160,47,,,,*5A
$GAGSV,2,1,07,04,39,254,45,06,16,245,36,10,46,314,47,12,69,294,46*60
$GAGSV,2,2,07,19,69,358,45,28,63,273,48,33,48,160,47,,,,*5A
$GAGSV,2,1,07,04,39,254,45,06,16,245,36,10,46,314,47,12,69,294,46*60
$GAGSV,2,2,07,19,69,358,45,28,63,273,48,33,48,160,47,,,,*5A
$GAGSV,2,1,07,04,39,254,45,06,16,245,35,10,46,314,46,12,69,294,46*62
$GAGSV,2,2,07,19,69,358,45,28,63,273,48,33,48,160,47,,,,*5A
$GAGSV,2,1,07,04,39,254,45,06,16,245,35,10,46,314,46,12,69,294,46*62
$GAGSV,2,2,07,19,69,358,45,28,63,273,48,33,48,160,46,,,,*5B
$GAGSV,2,1,07,04,39,254,45,06,16,245,35,10,46,314,46,12,69,294,47*63
$GAGSV,2,2,07,19,69,358,45,28,63,273,48,33,48,160,46,,,,*5B
$GAGSV,2,1,07,04,39,254,45,06,16,245,35,10,46,314,46,12,69,294,47*63
$GAGSV,2,2,07,19,69,358,45,28,63,273,48,33,48,160,46,,,,*5B
$GAGSV,2,1,07,04,39,254,45,06,16,245,35,10,46,314,46,12,69,294,47*63
$GAGSV,2,2,07,19,69,358,45,28,63,273,48,33,48,160,46,,,,*5B
$GAGSV,2,1,07,04,39,254,45,06,16,245,35,10,46,314,46,12,69,294,47*63
$GAGSV,2,2,07,19,69,358,45,28,63,273,48,33,48,160,47,,,,*5A
$GAGSV,2,1,07,04,39,254,45,06,16,245,35,10,46,314,46,12,69,294,46*62
$GAGSV,2,2,07,19,69,358,44,28,63,273,48,33,48,160,47,,,,*5B
$GAGSV,2,1,07,04,39,254,45,06,16,245,35,10,46,314,46,12,69,294,46*62
$GAGSV,2,2,07,19,69,358,44,28,63,273,48,33,48,160,47,,,,*5B
$GAGSV,2,1,07,04,39,254,45,06,16,245,35,10,46,314,46,12,69,294,46*62
$GAGSV,2,2,07,19,69,358,44,28,63,273,48,33,48,160,47,,,,*5B
$GAGSV,2,1,07,04,39,255,45,06,16,245,35,10,46,314,46,12,69,294,46*63
$GAGSV,2,2,07,19,69,358,44,28,63,273,48,33,48,160,47,,,,*5B
$GAGSV,2,1,07,04,39,255,45,06,16,245,35,10,46,314,46,12,69,294,46*63
$GAGSV,2,2,07,19,69,358,44,28,63,273,48,33,48,160,47,,,,*5B
$GAGSV,2,1,07,04,39,255,45,06,16,245,35,10,46,314,46,12,69,294,46*63
$GAGSV,2,2,07,19,69,358,44,28,63,273,48,33,48,160,47,,,,*5B
$GAGSV,2,1,07,04,39,255,45,06,16,245,35,10,46,314,46,12,69,294,46*63
$GAGSV,2,2,07,19,69,358,44,28,63,273,48,33,48,160,47,,,,*5B
$GAGSV,2,1,07,04,39,255,45,06,16,245,35,10,46,314,46,12,69,294,46*63
$GAGSV,2,2,07,19,69,358,45,28,63,273,48,33,48,160,47,,,,*5A
$GAGSV,2,1,07,04,39,255,45,06,16,245,35,10,46,314,46,12,70,294,46*6B
$GAGSV,2,2,07,19,69,358,45,28,63,273,48,33,48,160,47,,,,*5A
$GAGSV,2,1,07,04,39,255,45,06,16,245,35,10,46,314,46,12,70,294,46*6B
$GAGSV,2,2,07,19,69,358,45,28,63,273,48,33,48,160,47,,,,*5A
$GAGSV,2,1,07,04,39,255,45,06,16,245,35,10,46,314,46,12,70,294,46*6B
$GAGSV,2,2,07,19,69,358,45,28,63,273,48,33,48,160,47,,,,*5A
$GAGSV,2,1,07,04,39,255,46,06,16,245,35,10,46,314,46,12,70,294,46*68
$GAGSV,2,2,07,19,69,358,45,28,63,273,48,33,48,160,47,,,,*5A
$GAGSV,2,1,07,04,39,255,46,06,16,245,35,10,46,314,46,12,70,294,46*68
$GAGSV,2,2,07,19,69,358,45,28,63,273,48,33,48,160,47,,,,*5A
$GAGSV,2,1,07,04,39,255,45,06,16,245,35,10,46,314,46,12,70,294,46*6B
$GAGSV,2,2,07,19,69,358,45,28,63,273,48,33,48,160,47,,,,*5A
$GAGSV,2,1,07,04,39,255,45,06,16,245,35,10,46,314,46,12,70,294,46*6B
$GAGSV,2,2,07,19,69,358,45,28,63,273,48,33,48,160,47,,,,*5A
$GAGSV,2,1,07,04,39,255,45,06,16,245,35,10,46,314,46,12,70,294,46*6B
$GAGSV,2,2,07,19,69,358,45,28,63,273,48,33,48,160,47,,,,*5A
$GAGSV,2,1,07,04,39,255,46,06,16,245,35,10,46,314,47,12,70,294,46*69
$GAGSV,2,2,07,19,69,358,45,28,63,273,48,33,48,160,47,,,,*5A
$GAGSV,2,1,07,04,39,255,46,06,16,245,35,10,46,314,46,12,70,294,46*68
$GAGSV,2,2,07,19,69,358,44,28,63,273,48,33,48,160,47,,,,*5B
$GAGSV,2,1,07,04,39,255,46,06,16,245,35,10,46,314,46,12,70,294,46*68
$GAGSV,2,2,07,19,69,358,44,28,63,273,48,33,48,160,47,,,,*5B
$GAGSV,2,1,07,04,39,255,46,06,16,245,35,10,46,314,47,12,70,294,46*69
$GAGSV,2,2,07,19,69,358,45,28,63,273,48,33,48,160,47,,,,*5A
$GAGSV,2,1,07,04,39,255,46,06,16,245,35,10,46,314,47,12,70,294,46*69
$GAGSV,2,2,07,19,69,358,45,28,63,273,48,33,48,160,47,,,,*5A
$GAGSV,2,1,07,04,39,255,46,06,16,245,35,10,46,314,47,12,70,294,46*69
$GAGSV,2,2,07,19,69,358,45,28,63,273,48,33,48,160,47,,,,*5A
$GAGSV,2,1,07,04,39,255,46,06,16,245,35,10,46,314,47,12,70,294,46*69
$GAGSV,2,2,07,19,69,358,45,28,63,273,48,33,48,160,47,,,,*5A
$GAGSV,2,1,07,04,39,255,46,06,16,245,35,10,46,314,47,12,70,294,46*69
$GAGSV,2,2,07,19,69,358,45,28,63,273,48,33,48,160,47,,,,*5A
$GAGSV,2,1,07,04,39,255,46,06,16,245,35,10,46,314,47,12,70,294,46*69
$GAGSV,2,2,07,19,69,358,45,28,63,273,48,33,48,160,47,,,,*5A
$GAGSV,2,1,07,04,39,255,46,06,16,245,35,10,46,314,47,12,70,294,46*69
$GAGSV,2,2,07,19,69,358,45,28,63,273,49,33,48,160,47,,,,*5B
$GAGSV,2,1,07,04,39,255,46,06,16,245,35,10,46,314,47,12,70,294,46*69
$GAGSV,2,2,07,19,69,358,45,28,63,273,49,33,48,160,47,,,,*5B
$GAGSV,2,1,07,04,39,255,46,06,16,245,35,10,46,314,47,12,70,294,46*69
$GAGSV,2,2,07,19,69,358,45,28,63,273,49,33,48,160,47,,,,*5B
$GAGSV,2,1,07,04,39,255,46,06,16,245,35,10,46,314,47,12,70,294,46*69
$GAGSV,2,2,07,19,69,358,45,28,63,273,49,33,48,160,47,,,,*5B
$GAGSV,2,1,07,04,39,255,46,06,16,245,35,10,46,314,47,12,70,294,46*69
$GAGSV,2,2,07,19,69,358,45,28,63,273,48,33,48,160,47,,,,*5A
$GAGSV,2,1,07,04,39,255,46,06,16,245,35,10,46,314,47,12,70,294,46*69
$GAGSV,2,2,07,19,69,358,45,28,63,273,48,33,48,160,47,,,,*5A
$GAGSV,2,1,07,04,39,255,46,06,16,245,35,10,46,314,47,12,70,294,46*69
$GAGSV,2,2,07,19,69,358,45,28,63,273,48,33,48,160,47,,,,*5A
$GAGSV,2,1,07,04,39,255,46,06,16,245,35,10,46,314,47,12,70,294,46*69
$GAGSV,2,2,07,19,69,358,45,28,63,273,48,33,48,160,47,,,,*5A
$GAGSV,2,1,07,04,39,255,46,06,16,245,35,10,46,314,47,12,70,294,46*69
$GAGSV,2,2,07,19,69,358,45,28,63,273,48,33,48,160,47,,,,*5A
$GAGSV,2,1,07,04,39,255,46,06,16,245,35,10,46,314,47,12,70,294,46*69
$GAGSV,2,2,07,19,69,358,45,28,63,273,48,33,48,160,46,,,,*5B
$GAGSV,2,1,07,04,39,255,46,06,16,245,35,10,46,314,47,12,70,294,46*69
$GAGSV,2,2,07,19,69,358,45,28,63,273,48,33,48,160,46,,,,*5B
$GAGSV,2,1,07,04,39,255,46,06,16,245,35,10,46,314,47,12,70,294,46*69
$GAGSV,2,2,07,19,69,358,45,28,63,273,48,33,48,160,46,,,,*5B
$GAGSV,2,1,07,04,39,255,46,06,16,245,36,10,46,314,47,12,70,294,46*6A
$GAGSV,2,2,07,19,69,358,45,28,63,273,49,33,48,160,46,,,,*5A
$GAGSV,2,1,07,04,39,255,46,06,16,245,36,10,46,314,47,12,70,294,46*6A
$GAGSV,2,2,07,19,69,358,45,28,63,273,49,33,48,160,46,,,,*5A
$GAGSV,2,1,07,04,39,255,46,06,16,245,36,10,46,314,47,12,70,294,46*6A
$GAGSV,2,2,07,19,69,358,45,28,63,273,49,33,48,160,46,,,,*5A
$GAGSV,2,1,07,04,39,255,46,06,16,245,36,10,46,314,47,12,70,294,46*6A
$GAGSV,2,2,07,19,69,358,45,28,63,273,49,33,48,160,46,,,,*5A
$GAGSV,2,1,07,04,39,255,46,06,16,245,36,10,46,314,47,12,70,294,46*6A
$GAGSV,2,2,07,19,69,358,45,28,63,273,49,33,48,160,46,,,,*5A
$GAGSV,2,1,07,04,39,255,46,06,16,245,36,10,46,314,47,12,70,294,46*6A
$GAGSV,2,2,07,19,69,358,45,28,63,273,49,33,48,160,46,,,,*5A
$GAGSV,2,1,07,04,39,255,46,06,16,245,36,10,46,314,47,12,70,294,46*6A
$GAGSV,2,2,07,19,69,358,45,28,63,274,49,33,48,160,46,,,,*5D
$GAGSV,2,1,07,04,39,255,46,06,16,245,36,10,46,314,47,12,70,294,46*6A
$GAGSV,2,2,07,19,69,358,45,28,63,274,49,33,48,160,46,,,,*5D
$GAGSV,2,1,07,04,39,255,46,06,16,245,36,10,46,314,47,12,70,294,46*6A
$GAGSV,2,2,07,19,69,358,45,28,63,274,49,33,48,160,46,,,,*5D
$GAGSV,2,1,07,04,39,255,46,06,16,245,36,10,46,314,47,12,70,294,46*6A
$GAGSV,2,2,07,19,69,358,45,28,63,274,49,33,48,160,46,,,,*5D
$GAGSV,2,1,07,04,39,255,46,06,16,245,36,10,46,314,47,12,70,294,46*6A
$GAGSV,2,2,07,19,69,358,45,28,63,274,49,33,48,160,46,,,,*5D
$GAGSV,2,1,07,04,39,255,46,06,16,245,37,10,46,314,47,12,70,294,46*6B
$GAGSV,2,2,07,19,69,358,45,28,63,274,49,33,48,160,46,,,,*5D
$GAGSV,2,1,07,04,39,255,45,06,16,245,37,10,46,314,47,12,70,294,46*68
$GAGSV,2,2,07,19,69,358,45,28,63,274,49,33,48,160,46,,,,*5D
$GAGSV,2,1,07,04,39,255,45,06,16,245,37,10,46,314,47,12,70,294,46*68
$GAGSV,2,2,07,19,69,358,45,28,63,274,49,33,48,160,46,,,,*5D
$GAGSV,2,1,07,04,39,255,45,06,16,245,37,10,46,314,47,12,70,294,46*68
$GAGSV,2,2,07,19,69,358,45,28,63,274,49,33,48,160,46,,,,*5D
$GAGSV,2,1,07,04,39,255,45,06,16,245,37,10,46,314,47,12,70,294,46*68
$GAGSV,2,2,07,19,69,358,45,28,63,274,49,33,48,160,46,,,,*5D
$GAGSV,2,1,07,04,39,255,45,06,16,245,37,10,46,314,47,12,70,294,46*68
$GAGSV,2,2,07,19,69,358,45,28,63,274,49,33,48,160,46,,,,*5D
$GAGSV,2,1,07,04,39,255,45,06,16,245,37,10,46,314,47,12,70,294,46*68
$GAGSV,2,2,07,19,69,358,45,28,63,274,49,33,48,160,47,,,,*5C
$GAGSV,2,1,07,04,39,255,45,06,16,245,37,10,46,314,47,12,70,294,46*68
$GAGSV,2,2,07,19,69,358,45,28,63,274,49,33,48,160,47,,,,*5C
$GAGSV,2,1,07,04,39,255,45,06,16,245,37,10,46,314,47,12,70,294,46*68
$GAGSV,2,2,07,19,69,358,45,28,63,274,49,33,48,160,47,,,,*5C
$GAGSV,2,1,07,04,39,255,45,06,16,245,37,10,46,314,47,12,70,294,46*68
$GAGSV,2,2,07,19,69,358,45,28,63,274,49,33,48,160,47,,,,*5C
$GAGSV,2,1,07,04,39,255,45,06,16,245,37,10,46,314,47,12,70,294,46*68
$GAGSV,2,2,07,19,69,358,45,28,63,274,49,33,48,160,47,,,,*5C
$GAGSV,2,1,07,04,39,255,45,06,16,245,37,10,46,314,47,12,70,294,46*68
$GAGSV,2,2,07,19,69,358,45,28,63,274,49,33,48,160,46,,,,*5D
$GAGSV,2,1,07,04,39,255,45,06,16,245,37,10,46,314,47,12,70,294,46*68
$GAGSV,2,2,07,19,69,358,45,28,63,274,49,33,48,160,46,,,,*5D
$GAGSV,2,1,07,04,39,255,45,06,16,245,37,10,46,314,47,12,70,294,46*68
$GAGSV,2,2,07,19,69,358,45,28,63,274,49,33,48,160,46,,,,*5D
$GAGSV,2,1,07,04,39,255,45,06,16,245,37,10,46,314,47,12,70,294,46*68
$GAGSV,2,2,07,19,69,358,45,28,63,274,49,33,48,160,46,,,,*5D
$GAGSV,2,1,07,04,39,255,45,06,16,245,36,10,46,314,47,12,70,294,46*69
$GAGSV,2,2,07,19,69,358,45,28,63,274,49,33,48,160,46,,,,*5D
$GAGSV,2,1,07,04,39,255,46,06,16,245,36,10,46,314,47,12,70,294,46*6A
$GAGSV,2,2,07,19,69,358,45,28,63,274,48,33,48,160,46,,,,*5C
$GAGSV,2,1,07,04,39,255,46,06,16,245,37,10,46,314,47,12,70,294,46*6B
$GAGSV,2,2,07,19,69,358,45,28,63,274,48,33,48,160,46,,,,*5C
$GAGSV,2,1,07,04,39,255,46,06,16,245,36,10,46,314,47,12,70,294,46*6A
$GAGSV,2,2,07,19,69,358,45,28,63,274,48,33,48,160,46,,,,*5C
$GAGSV,2,1,07,04,39,255,46,06,16,245,36,10,46,314,47,12,70,294,46*6A
$GAGSV,2,2,07,19,69,358,45,28,63,274,48,33,48,160,46,,,,*5C
$GAGSV,2,1,07,04,39,255,46,06,16,245,36,10,46,314,47,12,70,294,46*6A
$GAGSV,2,2,07,19,69,358,45,28,63,274,48,33,48,160,46,,,,*5C
$GAGSV,2,1,07,04,39,255,46,06,16,245,36,10,46,314,47,12,70,294,46*6A
$GAGSV,2,2,07,19,69,358,45,28,63,274,48,33,48,160,46,,,,*5C
$GAGSV,2,1,07,04,39,255,46,06,16,245,37,10,46,314,47,12,70,294,46*6B
$GAGSV,2,2,07,19,69,358,45,28,63,274,48,33,48,160,46,,,,*5C
$GAGSV,2,1,07,04,39,255,46,06,16,245,37,10,46,314,47,12,70,294,46*6B
$GAGSV,2,2,07,19,69,358,45,28,63,274,48,33,48,160,46,,,,*5C
$GAGSV,2,1,07,04,39,255,46,06,16,245,36,10,46,314,47,12,70,294,46*6A
$GAGSV,2,2,07,19,69,358,45,28,63,274,48,33,48,160,46,,,,*5C
$GAGSV,2,1,07,04,39,255,46,06,16,245,36,10,46,314,47,12,70,294,46*6A
$GAGSV,2,2,07,19,69,358,44,28,63,274,48,33,48,160,47,,,,*5C
$GAGSV,2,1,07,04,39,255,46,06,16,245,36,10,46,314,47,12,70,294,46*6A
$GAGSV,2,2,07,19,69,358,45,28,63,274,48,33,48,160,47,,,,*5D
$GAGSV,2,1,07,04,39,255,46,06,16,245,36,10,46,314,47,12,70,294,46*6A
$GAGSV,2,2,07,19,69,358,45,28,63,274,48,33,48,160,47,,,,*5D
$GAGSV,2,1,07,04,39,255,46,06,16,245,36,10,46,314,47,12,70,294,46*6A
$GAGSV,2,2,07,19,69,358,45,28,63,274,48,33,48,160,47,,,,*5D
$GAGSV,2,1,07,04,39,255,46,06,16,245,36,10,46,314,47,12,70,294,46*6A
$GAGSV,2,2,07,19,69,358,45,28,63,274,48,33,48,160,47,,,,*5D
$GAGSV,2,1,07,04,39,255,46,06,16,245,36,10,46,314,47,12,70,294,46*6A
$GAGSV,2,2,07,19,69,358,45,28,63,274,48,33,48,160,47,,,,*5D
$GAGSV,2,1,07,04,39,255,46,06,16,245,36,10,46,314,47,12,70,294,46*6A
$GAGSV,2,2,07,19,69,358,45,28,63,274,48,33,48,160,47,,,,*5D
$GAGSV,2,1,07,04,39,255,46,06,16,245,36,10,46,314,47,12,70,294,46*6A
$GAGSV,2,2,07,19,69,358,45,28,63,274,48,33,48,160,47,,,,*5D
$GAGSV,2,1,07,04,39,255,46,06,16,245,36,10,46,314,47,12,70,294,46*6A
$GAGSV,2,2,07,19,69,358,45,28,63,274,48,33,48,160,47,,,,*5D
$GAGSV,2,1,07,04,39,255,46,06,16,245,36,10,46,314,47,12,70,294,46*6A
$GAGSV,2,2,07,19,69,358,45,28,63,274,48,33,48,160,47,,,,*5D
$GAGSV,2,1,07,04,39,255,46,06,16,245,36,10,46,314,47,12,70,294,46*6A
$GAGSV,2,2,07,19,69,358,45,28,63,274,48,33,48,160,47,,,,*5D
$GAGSV,2,1,07,04,39,255,46,06,16,245,36,10,46,314,47,12,70,294,46*6A
$GAGSV,2,2,07,19,69,358,45,28,63,274,48,33,48,160,47,,,,*5D
$GAGSV,2,1,07,04,39,255,46,06,16,245,36,10,46,314,47,12,70,294,46*6A
$GAGSV,2,2,07,19,69,358,45,28,63,274,48,33,48,160,47,,,,*5D
$GAGSV,2,1,07,04,39,255,46,06,16,245,36,10,46,314,47,12,70,294,46*6A
$GAGSV,2,2,07,19,69,358,45,28,63,274,48,33,48,160,47,,,,*5D
$GAGSV,2,1,07,04,39,255,46,06,16,245,36,10,46,314,47,12,70,294,46*6A
$GAGSV,2,2,07,19,69,358,45,28,63,274,48,33,48,160,47,,,,*5D
$GAGSV,2,1,07,04,39,255,46,06,16,245,36,10,46,314,47,12,70,294,46*6A
$GAGSV,2,2,07,19,69,358,45,28,63,274,48,33,48,160,47,,,,*5D
$GAGSV,2,1,07,04,39,255,46,06,16,245,36,10,46,314,47,12,70,294,46*6A
$GAGSV,2,2,07,19,69,358,45,28,63,274,48,33,48,160,46,,,,*5C
$GAGSV,2,1,07,04,39,255,46,06,16,245,35,10,46,314,47,12,70,294,46*69
$GAGSV,2,2,07,19,69,358,45,28,63,274,48,33,48,160,46,,,,*5C
$GAGSV,2,1,07,04,39,255,46,06,16,245,35,10,46,314,47,12,70,294,46*69
$GAGSV,2,2,07,19,69,358,45,28,63,274,48,33,48,160,46,,,,*5C
$GAGSV,2,1,07,04,39,255,46,06,16,245,36,10,46,314,47,12,70,294,46*6A
$GAGSV,2,2,07,19,69,358,45,28,63,274,48,33,48,160,47,,,,*5D
$GAGSV,2,1,07,04,39,255,46,06,16,245,35,10,46,314,47,12,70,294,46*69
$GAGSV,2,2,07,19,69,358,45,28,63,274,48,33,48,160,47,,,,*5D
$GAGSV,2,1,07,04,39,255,46,06,16,245,35,10,46,314,47,12,70,294,46*69
$GAGSV,2,2,07,19,69,358,45,28,63,274,48,33,48,160,47,,,,*5D
$GAGSV,2,1,07,04,39,255,46,06,16,245,35,10,46,314,47,12,70,294,46*69
$GAGSV,2,2,07,19,69,358,45,28,63,274,48,33,48,160,47,,,,*5D
$GAGSV,2,1,07,04,39,255,46,06,16,245,35,10,46,314,47,12,70,294,46*69
$GAGSV,2,2,07,19,69,358,45,28,63,274,48,33,48,160,46,,,,*5C
$GAGSV,2,1,07,04,39,255,46,06,16,245,35,10,46,314,47,12,70,294,46*69
$GAGSV,2,2,07,19,69,358,45,28,63,274,48,33,48,160,46,,,,*5C
$GAGSV,2,1,07,04,39,255,46,06,16,245,36,10,46,314,47,12,70,294,46*6A
$GAGSV,2,2,07,19,69,358,45,28,63,274,48,33,48,160,47,,,,*5D
$GAGSV,2,1,07,04,39,255,46,06,16,245,36,10,46,314,47,12,70,294,46*6A
$GAGSV,2,2,07,19,69,358,45,28,63,274,49,33,48,160,47,,,,*5C
$GAGSV,2,1,07,04,39,255,46,06,16,245,36,10,46,314,47,12,70,294,46*6A
$GAGSV,2,2,07,19,69,358,44,28,63,274,49,33,48,160,47,,,,*5D
$GAGSV,2,1,07,04,39,255,46,06,16,245,36,10,46,314,47,12,70,294,46*6A
$GAGSV,2,2,07,19,69,358,44,28,63,274,49,33,48,160,47,,,,*5D
$GAGSV,2,1,07,04,39,255,46,06,16,245,36,10,46,314,47,12,70,294,46*6A
$GAGSV,2,2,07,19,69,358,44,28,63,274,49,33,48,160,47,,,,*5D
$GAGSV,2,1,07,04,39,255,46,06,16,245,36,10,46,314,47,12,70,294,46*6A
$GAGSV,2,2,07,19,69,358,44,28,63,274,49,33,48,160,47,,,,*5D
$GAGSV,2,1,07,04,39,255,46,06,16,245,36,10,46,314,47,12,70,294,46*6A
$GAGSV,2,2,07,19,69,358,44,28,63,274,49,33,48,160,47,,,,*5D
$GAGSV,2,1,07,04,39,255,46,06,16,245,36,10,46,314,47,12,70,294,46*6A
$GAGSV,2,2,07,19,69,358,44,28,63,274,49,33,48,160,47,,,,*5D
$GAGSV,2,1,07,04,39,255,46,06,16,245,36,10,46,314,47,12,70,294,46*6A
$GAGSV,2,2,07,19,69,358,44,28,63,274,48,33,48,160,47,,,,*5C
$GAGSV,2,1,07,04,39,255,46,06,16,245,36,10,46,314,47,12,70,294,46*6A
$GAGSV,2,2,07,19,69,358,44,28,63,274,48,33,48,160,47,,,,*5C
$GAGSV,2,1,07,04,39,255,46,06,16,245,36,10,46,314,47,12,70,294,47*6B
$GAGSV,2,2,07,19,69,358,44,28,63,274,48,33,48,160,47,,,,*5C
$GAGSV,2,1,07,04,39,255,46,06,16,245,36,10,46,314,47,12,70,294,47*6B
$GAGSV,2,2,07,19,69,358,44,28,63,274,48,33,48,160,47,,,,*5C
$GAGSV,2,1,07,04,39,255,46,06,16,245,36,10,46,314,47,12,70,294,47*6B
$GAGSV,2,2,07,19,69,358,44,28,63,274,48,33,48,160,47,,,,*5C
$GAGSV,2,1,07,04,39,255,46,06,16,245,37,10,46,314,47,12,70,294,47*6A
$GAGSV,2,2,07,19,69,358,45,28,63,274,48,33,48,160,47,,,,*5D
$GAGSV,2,1,07,04,39,255,46,06,16,245,37,10,46,314,47,12,70,294,47*6A
$GAGSV,2,2,07,19,69,358,45,28,63,274,48,33,48,160,47,,,,*5D
$GAGSV,2,1,07,04,39,255,46,06,16,245,37,10,46,314,47,12,70,294,47*6A
$GAGSV,2,2,07,19,69,358,45,28,63,274,48,33,48,160,47,,,,*5D
$GAGSV,2,1,07,04,39,255,46,06,16,245,37,10,46,314,47,12,70,294,47*6A
$GAGSV,2,2,07,19,69,358,45,28,63,274,48,33,48,160,47,,,,*5D
$GAGSV,2,1,07,04,39,255,46,06,16,245,37,10,46,314,47,12,70,294,47*6A
$GAGSV,2,2,07,19,69,358,45,28,63,274,48,33,48,160,47,,,,*5D
$GAGSV,2,1,07,04,39,255,46,06,16,245,37,10,46,314,47,12,70,294,47*6A
$GAGSV,2,2,07,19,69,358,45,28,63,274,48,33,48,160,47,,,,*5D
$GAGSV,2,1,07,04,39,255,45,06,16,245,37,10,46,314,47,12,70,294,47*69
$GAGSV,2,2,07,19,69,358,45,28,63,274,48,33,48,160,47,,,,*5D
$GAGSV,2,1,07,04,39,255,45,06,16,245,37,10,46,314,47,12,70,294,47*69
$GAGSV,2,2,07,19,69,358,45,28,63,274,48,33,48,160,47,,,,*5D
$GAGSV,2,1,07,04,39,255,45,06,16,245,37,10,46,314,47,12,70,294,47*69
$GAGSV,2,2,07,19,69,358,45,28,63,274,48,33,48,160,47,,,,*5D
$GAGSV,2,1,07,04,39,255,45,06,16,245,37,10,46,314,47,12,70,294,47*69
$GAGSV,2,2,07,19,69,358,45,28,63,274,48,33,48,160,47,,,,*5D
$GAGSV,2,1,07,04,39,255,45,06,16,245,37,10,46,314,47,12,70,294,47*69
$GAGSV,2,2,07,19,69,358,45,28,63,274,48,33,48,160,47,,,,*5D
$GAGSV,2,1,07,04,39,255,45,06,16,245,37,10,46,314,47,12,70,294,47*69
$GAGSV,2,2,07,19,69,358,45,28,63,274,48,33,48,160,47,,,,*5D
$GAGSV,2,1,07,04,39,255,45,06,16,245,38,10,46,314,47,12,70,294,47*66
$GAGSV,2,2,07,19,69,358,45,28,63,274,48,33,48,160,47,,,,*5D
$GAGSV,2,1,07,04,39,255,45,06,16,245,38,10,46,314,47,12,70,294,47*66
$GAGSV,2,2,07,19,69,358,45,28,63,274,49,33,48,160,47,,,,*5C
$GAGSV,2,1,07,04,39,255,45,06,16,245,38,10,46,314,47,12,70,294,47*66
$GAGSV,2,2,07,19,69,358,45,28,63,274,49,33,48,160,47,,,,*5C
$GAGSV,2,1,07,04,39,255,45,06,16,245,38,10,46,314,47,12,70,294,47*66
$GAGSV,2,2,07,19,69,358,45,28,63,274,49,33,48,160,47,,,,*5C
$GAGSV,2,1,07,04,39,255,45,06,16,245,38,10,46,314,47,12,70,294,47*66
$GAGSV,2,2,07,19,69,358,45,28,63,274,49,33,48,160,47,,,,*5C
$GAGSV,2,1,07,04,39,255,45,06,16,245,38,10,46,314,47,12,70,294,47*66
$GAGSV,2,2,07,19,69,358,45,28,63,274,49,33,48,160,47,,,,*5C
$GAGSV,2,1,07,04,39,255,45,06,16,245,38,10,46,314,47,12,70,294,47*66
$GAGSV,2,2,07,19,69,358,45,28,63,274,49,33,48,160,47,,,,*5C
$GAGSV,2,1,07,04,39,255,45,06,16,245,38,10,46,314,47,12,70,294,47*66
$GAGSV,2,2,07,19,69,358,45,28,63,274,49,33,48,160,47,,,,*5C
$GAGSV,2,1,07,04,39,255,45,06,16,245,38,10,46,314,47,12,70,294,47*66
$GAGSV,2,2,07,19,69,358,45,28,63,274,49,33,48,160,47,,,,*5C
$GAGSV,2,1,07,04,39,255,46,06,16,245,38,10,46,314,47,12,70,294,47*65
$GAGSV,2,2,07,19,69,358,45,28,63,274,49,33,48,160,47,,,,*5C
$GAGSV,2,1,07,04,39,255,46,06,16,245,38,10,46,314,47,12,70,294,47*65
$GAGSV,2,2,07,19,68,358,45,28,63,274,49,33,48,160,47,,,,*5D
$GAGSV,2,1,07,04,39,255,46,06,16,245,38,10,46,314,47,12,70,294,47*65
$GAGSV,2,2,07,19,68,358,45,28,63,274,49,33,48,160,47,,,,*5D
$GAGSV,2,1,07,04,39,255,46,06,16,245,38,10,46,314,47,12,70,294,47*65
$GAGSV,2,2,07,19,68,358,45,28,63,274,49,33,48,160,47,,,,*5D
$GAGSV,2,1,07,04,39,255,45,06,16,245,38,10,46,314,47,12,70,294,47*66
$GAGSV,2,2,07,19,68,358,45,28,63,274,49,33,48,160,47,,,,*5D
$GAGSV,2,1,07,04,39,255,45,06,16,245,38,10,46,314,47,12,70,294,47*66
$GAGSV,2,2,07,19,68,358,45,28,63,274,49,33,48,160,47,,,,*5D
$GAGSV,2,1,07,04,39,255,46,06,16,245,38,10,46,314,47,12,70,294,47*65
$GAGSV,2,2,07,19,68,358,45,28,63,274,49,33,47,160,47,,,,*52
$GAGSV,2,1,07,04,39,255,46,06,16,245,38,10,46,314,47,12,70,294,47*65
$GAGSV,2,2,07,19,68,358,45,28,63,274,49,33,47,160,47,,,,*52
$GAGSV,2,1,07,04,39,255,46,06,16,245,37,10,46,314,47,12,70,294,47*6A
$GAGSV,2,2,07,19,68,358,44,28,63,274,49,33,47,160,47,,,,*53
$GAGSV,2,1,07,04,39,255,46,06,16,245,37,10,46,314,47,12,70,294,47*6A
$GAGSV,2,2,07,19,68,358,44,28,63,274,49,33,47,160,48,,,,*5C
$GAGSV,2,1,07,04,39,255,46,06,16,245,38,10,46,314,47,12,70,294,47*65
$GAGSV,2,2,07,19,68,358,44,28,63,274,49,33,47,160,48,,,,*5C
$GAGSV,2,1,07,04,39,255,46,06,16,245,38,10,46,314,47,12,70,294,47*65
$GAGSV,2,2,07,19,68,358,45,28,63,274,49,33,47,160,48,,,,*5D
$GAGSV,2,1,07,04,39,255,46,06,16,245,38,10,46,314,47,12,70,294,47*65
$GAGSV,2,2,07,19,68,358,45,28,63,274,49,33,47,160,48,,,,*5D
$GAGSV,2,1,07,04,39,255,46,06,16,245,38,10,46,314,47,12,70,294,47*65
$GAGSV,2,2,07,19,68,358,45,28,63,274,49,33,47,160,48,,,,*5D
$GAGSV,2,1,07,04,39,255,46,06,16,245,38,10,46,314,47,12,70,294,47*65
$GAGSV,2,2,07,19,68,358,45,28,63,274,49,33,47,160,47,,,,*52
$GAGSV,2,1,07,04,39,255,46,06,16,245,37,10,46,314,47,12,70,294,47*6A
$GAGSV,2,2,07,19,68,358,45,28,63,274,49,33,47,160,47,,,,*52
$GAGSV,2,1,07,04,39,255,46,06,16,245,37,10,46,314,47,12,70,294,47*6A
$GAGSV,2,2,07,19,68,358,45,28,63,274,49,33,47,160,48,,,,*5D
$GAGSV,2,1,07,04,39,255,46,06,16,245,37,10,46,314,47,12,70,294,47*6A
$GAGSV,2,2,07,19,68,358,45,28,63,274,49,33,47,160,48,,,,*5D
$GAGSV,2,1,07,04,39,255,46,06,16,245,37,10,46,314,47,12,70,294,47*6A
$GAGSV,2,2,07,19,68,358,45,28,63,274,49,33,47,160,48,,,,*5D
$GAGSV,2,1,07,04,39,255,46,06,16,245,37,10,46,314,47,12,70,294,47*6A
$GAGSV,2,2,07,19,68,358,45,28,63,274,49,33,47,160,48,,,,*5D
$GAGSV,2,1,07,04,39,255,46,06,16,245,37,10,46,314,47,12,70,294,47*6A
$GAGSV,2,2,07,19,68,358,45,28,63,274,49,33,47,160,48,,,,*5D
$GAGSV,2,1,07,04,39,255,46,06,16,245,37,10,46,314,47,12,70,294,47*6A
$GAGSV,2,2,07,19,68,358,45,28,63,274,49,33,47,160,48,,,,*5D
$GAGSV,2,1,07,04,39,255,46,06,16,245,37,10,46,314,47,12,70,294,47*6A
$GAGSV,2,2,07,19,68,358,45,28,63,274,49,33,47,160,48,,,,*5D
$GAGSV,2,1,07,04,39,255,46,06,16,245,37,10,46,314,47,12,70,294,47*6A
$GAGSV,2,2,07,19,68,358,45,28,63,274,49,33,47,160,48,,,,*5D
$GAGSV,2,1,07,04,39,255,46,06,16,245,36,10,46,314,47,12,70,294,47*6B
$GAGSV,2,2,07,19,68,358,45,28,63,274,49,33,47,160,48,,,,*5D
$GAGSV,2,1,07,04,39,255,46,06,16,245,36,10,46,314,47,12,70,294,47*6B
$GAGSV,2,2,07,19,68,358,45,28,63,274,49,33,47,160,48,,,,*5D
$GAGSV,2,1,07,04,39,255,45,06,16,245,36,10,46,314,47,12,70,294,47*68
$GAGSV,2,2,07,19,68,358,45,28,63,274,49,33,47,160,48,,,,*5D
$GAGSV,2,1,07,04,39,255,45,06,16,245,35,10,46,314,47,12,70,294,47*6B
$GAGSV,2,2,07,19,68,358,45,28,63,274,49,33,47,160,48,,,,*5D
$GAGSV,2,1,07,04,39,255,45,06,16,245,35,10,46,314,47,12,70,294,47*6B
$GAGSV,2,2,07,19,68,358,45,28,63,274,49,33,47,160,48,,,,*5D
$GAGSV,2,1,07,04,39,255,45,06,16,245,35,10,46,314,47,12,70,294,47*6B
$GAGSV,2,2,07,19,68,358,45,28,63,274,49,33,47,160,48,,,,*5D
$GAGSV,2,1,07,04,39,255,45,06,16,245,35,10,46,314,47,12,70,294,47*6B
$GAGSV,2,2,07,19,68,358,45,28,63,274,49,33,47,160,48,,,,*5D
$GAGSV,2,1,07,04,39,255,45,06,16,245,35,10,46,314,47,12,70,294,47*6B
$GAGSV,2,2,07,19,68,358,45,28,63,274,49,33,47,160,48,,,,*5D
$GAGSV,2,1,07,04,39,255,46,06,16,245,35,10,46,314,47,12,70,294,47*68
$GAGSV,2,2,07,19,68,358,45,28,63,274,49,33,47,160,48,,,,*5D
$GAGSV,2,1,07,04,39,255,46,06,16,245,35,10,46,314,47,12,70,294,47*68
$GAGSV,2,2,07,19,68,358,45,28,63,274,49,33,47,160,47,,,,*52
$GAGSV,2,1,07,04,39,255,46,06,16,245,35,10,46,314,47,12,70,294,47*68
$GAGSV,2,2,07,19,68,358,45,28,63,274,49,33,47,160,47,,,,*52
$GAGSV,2,1,07,04,39,255,46,06,16,245,35,10,46,314,47,12,70,294,47*68
$GAGSV,2,2,07,19,68,358,45,28,63,274,49,33,47,160,47,,,,*52
$GAGSV,2,1,07,04,39,255,46,06,16,245,35,10,46,314,47,12,70,294,47*68
$GAGSV,2,2,07,19,68,358,44,28,63,274,49,33,47,160,47,,,,*53
$GAGSV,2,1,07,04,39,255,46,06,16,245,35,10,46,314,47,12,70,294,47*68
$GAGSV,2,2,07,19,68,358,44,28,63,274,49,33,47,160,47,,,,*53
$GAGSV,2,1,07,04,39,255,46,06,16,245,35,10,46,314,47,12,70,294,47*68
$GAGSV,2,2,07,19,68,358,44,28,63,274,49,33,47,160,47,,,,*53
$GAGSV,2,1,07,04,39,255,46,06,16,245,35,10,46,314,47,12,70,294,47*68
$GAGSV,2,2,07,19,68,358,44,28,63,274,49,33,47,160,47,,,,*53
$GAGSV,2,1,07,04,39,255,46,06,16,245,35,10,46,314,47,12,70,294,47*68
$GAGSV,2,2,07,19,68,358,44,28,63,274,49,33,47,160,47,,,,*53
$GAGSV,2,1,07,04,40,255,46,06,16,245,35,10,46,314,47,12,70,294,47*66
$GAGSV,2,2,07,19,68,358,44,28,63,274,49,33,47,160,47,,,,*53
$GAGSV,2,1,07,04,40,255,46,06,16,245,35,10,46,314,47,12,70,294,47*66
$GAGSV,2,2,07,19,68,358,44,28,63,274,49,33,47,160,47,,,,*53
$GAGSV,2,1,07,04,40,255,46,06,16,245,35,10,46,314,47,12,70,294,47*66
$GAGSV,2,2,07,19,68,358,44,28,63,274,49,33,47,160,47,,,,*53
$GAGSV,2,1,07,04,40,255,46,06,16,245,35,10,46,314,47,12,70,294,47*66
$GAGSV,2,2,07,19,68,358,44,28,63,274,49,33,47,160,47,,,,*53
$GAGSV,2,1,07,04,40,255,46,06,16,245,35,10,46,314,47,12,70,294,47*66
$GAGSV,2,2,07,19,68,358,44,28,63,274,49,33,47,160,47,,,,*53
$GAGSV,2,1,07,04,40,255,46,06,16,245,35,10,46,314,47,12,70,294,47*66
$GAGSV,2,2,07,19,68,358,45,28,63,274,49,33,47,160,47,,,,*52
$GAGSV,2,1,07,04,40,255,46,06,16,245,35,10,46,314,47,12,70,294,47*66
$GAGSV,2,2,07,19,68,358,44,28,63,274,49,33,47,160,47,,,,*53
$GAGSV,2,1,07,04,40,255,46,06,16,245,35,10,46,314,47,12,70,294,47*66
$GAGSV,2,2,07,19,68,358,44,28,63,274,49,33,47,160,47,,,,*53
$GAGSV,2,1,07,04,40,255,46,06,16,245,35,10,46,314,47,12,70,294,47*66
$GAGSV,2,2,07,19,68,358,44,28,63,274,49,33,47,160,47,,,,*53
$GAGSV,2,1,07,04,40,255,46,06,16,245,36,10,46,314,47,12,70,294,47*65
$GAGSV,2,2,07,19,68,358,44,28,63,274,49,33,47,160,47,,,,*53
$GAGSV,2,1,07,04,40,255,46,06,16,245,36,10,46,314,47,12,70,294,46*64
$GAGSV,2,2,07,19,68,358,44,28,63,274,49,33,47,160,47,,,,*53
$GAGSV,2,1,07,04,40,255,46,06,16,245,36,10,46,314,47,12,70,294,46*64
$GAGSV,2,2,07,19,68,358,44,28,63,274,49,33,47,160,47,,,,*53
$GAGSV,2,1,07,04,40,255,46,06,16,245,36,10,46,314,47,12,70,294,46*64
$GAGSV,2,2,07,19,68,358,44,28,63,274,49,33,47,160,47,,,,*53
$GAGSV,2,1,07,04,40,255,46,06,16,245,36,10,46,314,47,12,70,294,47*65
$GAGSV,2,2,07,19,68,358,45,28,63,274,49,33,47,160,47,,,,*52
$GAGSV,2,1,07,04,40,255,46,06,16,245,36,10,46,314,47,12,70,294,47*65
$GAGSV,2,2,07,19,68,358,45,28,63,274,49,33,47,160,47,,,,*52
$GAGSV,2,1,07,04,40,255,46,06,16,245,36,10,46,314,47,12,70,294,47*65
$GAGSV,2,2,07,19,68,358,45,28,63,274,49,33,47,160,47,,,,*52
$GAGSV,2,1,07,04,40,255,46,06,16,245,36,10,46,314,47,12,70,294,47*65
$GAGSV,2,2,07,19,68,358,45,28,63,274,49,33,47,160,47,,,,*52
$GAGSV,2,1,07,04,40,255,46,06,16,245,36,10,46,314,47,12,70,294,47*65
$GAGSV,2,2,07,19,68,358,45,28,63,274,49,33,47,160,47,,,,*52
$GAGSV,2,1,07,04,40,255,46,06,16,245,36,10,46,314,47,12,70,294,47*65
$GAGSV,2,2,07,19,68,358,45,28,63,274,49,33,47,160,47,,,,*52
$GAGSV,2,1,07,04,40,255,46,06,16,245,36,10,46,314,47,12,70,294,47*65
$GAGSV,2,2,07,19,68,358,45,28,63,274,49,33,47,160,47,,,,*52
$GAGSV,2,1,07,04,40,255,46,06,16,245,36,10,46,314,47,12,70,294,47*65
$GAGSV,2,2,07,19,68,358,45,28,63,274,49,33,47,160,47,,,,*52
$GAGSV,2,1,07,04,40,255,46,06,16,245,36,10,46,314,47,12,70,294,47*65
$GAGSV,2,2,07,19,68,358,45,28,63,274,49,33,47,160,47,,,,*52
$GAGSV,2,1,07,04,40,255,46,06,16,245,36,10,46,314,47,12,70,294,47*65
$GAGSV,2,2,07,19,68,358,45,28,63,274,49,33,47,160,47,,,,*52
$GAGSV,2,1,07,04,40,255,46,06,16,245,36,10,46,314,47,12,70,294,47*65
$GAGSV,2,2,07,19,68,358,45,28,63,274,49,33,47,160,47,,,,*52
$GAGSV,2,1,07,04,40,255,46,06,16,245,36,10,46,314,47,12,70,294,47*65
$GAGSV,2,2,07,19,68,358,45,28,63,274,49,33,47,160,47,,,,*52
$GAGSV,2,1,07,04,40,255,46,06,16,245,36,10,46,314,47,12,70,294,47*65
$GAGSV,2,2,07,19,68,358,45,28,63,274,49,33,47,160,47,,,,*52
$GAGSV,2,1,07,04,40,255,46,06,16,245,36,10,46,314,47,12,70,294,47*65
$GAGSV,2,2,07,19,68,358,45,28,63,274,49,33,47,160,47,,,,*52
$GAGSV,2,1,07,04,40,255,46,06,16,245,36,10,46,314,47,12,70,294,47*65
$GAGSV,2,2,07,19,68,358,45,28,63,274,49,33,47,160,47,,,,*52
$GAGSV,2,1,07,04,40,255,46,06,16,245,36,10,46,314,47,12,70,294,47*65
$GAGSV,2,2,07,19,68,358,45,28,63,274,49,33,47,160,47,,,,*52
$GAGSV,2,1,07,04,40,255,46,06,16,245,36,10,46,314,47,12,70,294,47*65
$GAGSV,2,2,07,19,68,358,45,28,63,274,49,33,47,160,47,,,,*52
$GAGSV,2,1,07,04,40,255,46,06,16,245,36,10,46,314,47,12,70,294,47*65
$GAGSV,2,2,07,19,68,358,45,28,63,274,49,33,47,160,47,,,,*52
$GAGSV,2,1,07,04,40,255,46,06,16,245,36,10,46,314,47,12,70,294,47*65
$GAGSV,2,2,07,19,68,358,45,28,63,274,49,33,47,160,47,,,,*52
$GAGSV,2,1,07,04,40,255,46,06,16,245,36,10,46,314,47,12,70,294,47*65
$GAGSV,2,2,07,19,68,358,45,28,63,274,49,33,47,160,47,,,,*52
$GAGSV,2,1,07,04,40,255,46,06,16,245,36,10,46,314,47,12,70,294,47*65
$GAGSV,2,2,07,19,68,358,45,28,63,274,49,33,47,160,47,,,,*52
$GAGSV,2,1,07,04,40,255,46,06,16,245,36,10,46,314,47,12,70,294,47*65
$GAGSV,2,2,07,19,68,358,45,28,63,274,49,33,47,160,47,,,,*52
$GAGSV,2,1,07,04,40,255,46,06,16,245,36,10,46,314,47,12,70,294,47*65
$GAGSV,2,2,07,19,68,358,45,28,63,274,49,33,47,160,47,,,,*52
$GAGSV,2,1,07,04,40,255,46,06,16,245,36,10,46,314,47,12,70,294,47*65
$GAGSV,2,2,07,19,68,358,45,28,63,274,49,33,47,160,47,,,,*52
$GAGSV,2,1,07,04,40,255,46,06,16,245,36,10,46,314,47,12,70,294,47*65
$GAGSV,2,2,07,19,68,358,45,28,63,274,49,33,47,160,47,,,,*52
$GAGSV,2,1,07,04,40,255,46,06,16,245,36,10,46,314,47,12,70,294,47*65
$GAGSV,2,2,07,19,68,358,45,28,63,274,49,33,47,160,47,,,,*52
$GAGSV,2,1,07,04,40,255,46,06,16,245,36,10,46,314,47,12,70,294,47*65
$GAGSV,2,2,07,19,68,358,45,28,63,274,49,33,47,160,47,,,,*52
$GAGSV,2,1,07,04,40,255,46,06,16,245,37,10,46,314,47,12,70,294,47*64
$GAGSV,2,2,07,19,68,358,45,28,63,274,49,33,47,160,47,,,,*52
$GAGSV,2,1,07,04,40,255,46,06,16,245,37,10,46,314,47,12,70,294,47*64
$GAGSV,2,2,07,19,68,358,45,28,63,274,49,33,47,160,47,,,,*52
$GAGSV,2,1,07,04,40,255,46,06,16,245,37,10,46,314,47,12,70,294,47*64
$GAGSV,2,2,07,19,68,358,45,28,63,274,48,33,47,160,47,,,,*53
$GAGSV,2,1,07,04,40,255,46,06,16,245,37,10,46,314,47,12,70,294,47*64
$GAGSV,2,2,07,19,68,358,45,28,63,274,48,33,47,160,47,,,,*53
$GAGSV,2,1,07,04,40,255,46,06,16,245,37,10,46,314,47,12,70,294,47*64
$GAGSV,2,2,07,19,68,358,45,28,63,274,48,33,47,160,47,,,,*53
$GAGSV,2,1,07,04,40,255,46,06,16,245,37,10,46,314,47,12,70,294,47*64
$GAGSV,2,2,07,19,68,358,45,28,63,274,48,33,47,160,47,,,,*53
$GAGSV,2,1,07,04,40,255,46,06,16,245,37,10,46,314,47,12,70,294,47*64
$GAGSV,2,2,07,19,68,358,45,28,63,274,48,33,47,160,47,,,,*53
$GAGSV,2,1,07,04,40,255,46,06,16,245,37,10,46,314,47,12,70,294,47*64
$GAGSV,2,2,07,19,68,358,45,28,63,274,48,33,47,160,47,,,,*53
$GAGSV,2,1,07,04,40,255,46,06,16,245,37,10,46,314,47,12,70,294,47*64
$GAGSV,2,2,07,19,68,358,45,28,63,274,48,33,47,160,47,,,,*53
$GAGSV,2,1,07,04,40,255,46,06,16,245,37,10,46,314,47,12,70,294,47*64
$GAGSV,2,2,07,19,68,358,45,28,63,274,48,33,47,160,48,,,,*5C
$GAGSV,2,1,07,04,40,255,46,06,16,245,37,10,46,314,47,12,70,294,47*64
$GAGSV,2,2,07,19,68,358,45,28,63,274,48,33,47,160,48,,,,*5C
$GAGSV,2,1,07,04,40,255,46,06,16,245,37,10,46,314,47,12,70,294,47*64
$GAGSV,2,2,07,19,68,358,45,28,63,274,49,33,47,160,48,,,,*5D
$GAGSV,2,1,07,04,40,255,46,06,16,245,37,10,46,314,47,12,70,294,47*64
$GAGSV,2,2,07,19,68,358,45,28,63,274,49,33,47,160,48,,,,*5D
$GAGSV,2,1,07,04,40,255,46,06,16,245,37,10,46,314,47,12,70,294,47*64
$GAGSV,2,2,07,19,68,358,45,28,63,274,49,33,47,160,47,,,,*52
$GAGSV,2,1,07,04,40,255,46,06,16,245,37,10,46,314,47,12,70,294,47*64
$GAGSV,2,2,07,19,68,358,45,28,63,274,49,33,47,160,47,,,,*52
$GAGSV,2,1,07,04,40,255,46,06,16,245,37,10,46,314,47,12,70,294,47*64
$GAGSV,2,2,07,19,68,358,45,28,63,274,49,33,47,160,47,,,,*52
$GAGSV,2,1,07,04,40,255,46,06,16,245,37,10,46,314,47,12,70,294,47*64
$GAGSV,2,2,07,19,68,358,45,28,63,274,49,33,47,160,47,,,,*52
$GAGSV,2,1,07,04,40,255,46,06,16,245,37,10,46,314,47,12,70,294,47*64
$GAGSV,2,2,07,19,68,358,45,28,63,274,49,33,47,160,47,,,,*52
$GAGSV,2,1,07,04,40,255,46,06,16,245,37,10,46,314,47,12,70,294,47*64
$GAGSV,2,2,07,19,68,358,45,28,63,274,49,33,47,160,47,,,,*52
$GAGSV,2,1,07,04,40,255,46,06,16,245,37,10,46,314,47,12,70,294,47*64
$GAGSV,2,2,07,19,68,358,45,28,63,274,48,33,47,160,47,,,,*53
$GAGSV,2,1,07,04,40,255,46,06,16,245,37,10,46,314,47,12,70,293,47*63
$GAGSV,2,2,07,19,68,358,45,28,63,274,48,33,47,160,47,,,,*53
$GAGSV,2,1,07,04,40,255,46,06,16,245,37,10,46,314,47,12,70,293,47*63
$GAGSV,2,2,07,19,68,358,45,28,63,274,48,33,47,160,47,,,,*53
$GAGSV,2,1,07,04,40,255,46,06,16,245,37,10,46,314,47,12,70,293,47*63
$GAGSV,2,2,07,19,68,358,45,28,63,274,49,33,47,160,47,,,,*52
$GAGSV,2,1,07,04,40,255,46,06,16,245,37,10,46,314,47,12,70,293,47*63
$GAGSV,2,2,07,19,68,358,45,28,63,274,49,33,47,160,47,,,,*52
$GAGSV,2,1,07,04,40,255,47,06,16,245,37,10,46,314,47,12,70,293,47*62
$GAGSV,2,2,07,19,68,358,45,28,63,274,49,33,47,160,47,,,,*52
$GAGSV,2,1,07,04,40,255,47,06,16,245,37,10,46,314,47,12,70,293,47*62
$GAGSV,2,2,07,19,68,358,45,28,63,274,49,33,47,160,47,,,,*52
$GAGSV,2,1,07,04,40,255,47,06,16,245,38,10,46,314,47,12,70,293,47*6D
$GAGSV,2,2,07,19,68,358,45,28,63,274,49,33,47,160,47,,,,*52
$GAGSV,2,1,07,04,40,255,47,06,16,245,38,10,46,314,47,12,70,293,47*6D
$GAGSV,2,2,07,19,68,358,45,28,63,274,49,33,47,160,47,,,,*52
$GAGSV,2,1,07,04,40,255,47,06,16,245,37,10,46,314,47,12,70,293,47*62
$GAGSV,2,2,07,19,68,358,45,28,63,274,49,33,47,160,47,,,,*52
$GAGSV,2,1,07,04,40,255,47,06,16,245,37,10,46,314,47,12,70,293,47*62
$GAGSV,2,2,07,19,68,358,45,28,63,274,49,33,47,160,47,,,,*52
$GAGSV,2,1,07,04,40,255,47,06,16,245,37,10,46,314,47,12,70,293,47*62
$GAGSV,2,2,07,19,68,358,45,28,63,274,49,33,47,160,47,,,,*52
$GAGSV,2,1,07,04,40,255,47,06,16,245,37,10,46,314,47,12,70,293,47*62
$GAGSV,2,2,07,19,68,358,45,28,63,274,49,33,47,160,47,,,,*52
$GAGSV,2,1,07,04,40,255,47,06,16,245,37,10,46,314,47,12,70,293,47*62
$GAGSV,2,2,07,19,68,358,45,28,63,274,49,33,47,160,47,,,,*52
$GAGSV,2,1,07,04,40,255,47,06,16,245,37,10,46,314,47,12,70,293,47*62
$GAGSV,2,2,07,19,68,358,45,28,63,274,49,33,47,160,47,,,,*52
$GAGSV,2,1,07,04,40,255,47,06,16,245,37,10,46,314,47,12,70,293,47*62
$GAGSV,2,2,07,19,68,358,45,28,63,274,49,33,47,160,48,,,,*5D
$GAGSV,2,1,07,04,40,255,47,06,16,245,37,10,46,314,47,12,70,293,47*62
$GAGSV,2,2,07,19,68,358,45,28,63,274,49,33,47,160,48,,,,*5D
$GAGSV,2,1,07,04,40,255,47,06,16,245,37,10,46,314,47,12,70,293,47*62
$GAGSV,2,2,07,19,68,358,45,28,63,274,49,33,47,160,48,,,,*5D
$GAGSV,2,1,07,04,40,255,47,06,16,245,37,10,46,314,47,12,70,293,47*62
$GAGSV,2,2,07,19,68,358,45,28,63,274,49,33,47,160,48,,,,*5D
$GAGSV,2,1,07,04,40,255,46,06,16,245,37,10,46,314,47,12,70,293,47*63
$GAGSV,2,2,07,19,68,358,45,28,63,274,49,33,47,160,48,,,,*5D
$GAGSV,2,1,07,04,40,255,46,06,16,245,37,10,46,314,47,12,70,293,47*63
$GAGSV,2,2,07,19,68,358,45,28,63,274,49,33,47,160,48,,,,*5D
$GAGSV,2,1,07,04,40,255,46,06,16,245,37,10,46,314,47,12,70,293,47*63
$GAGSV,2,2,07,19,68,358,45,28,63,274,49,33,47,160,48,,,,*5D
$GAGSV,2,1,07,04,40,255,46,06,16,245,37,10,46,314,47,12,70,293,47*63
$GAGSV,2,2,07,19,68,358,45,28,63,274,49,33,47,160,48,,,,*5D
$GAGSV,2,1,07,04,40,255,46,06,16,245,37,10,46,314,47,12,70,293,47*63
$GAGSV,2,2,07,19,68,358,45,28,63,274,49,33,47,160,48,,,,*5D
$GAGSV,2,1,07,04,40,255,46,06,16,245,37,10,46,314,47,12,70,293,47*63
$GAGSV,2,2,07,19,68,358,45,28,63,274,49,33,47,160,48,,,,*5D
$GAGSV,2,1,07,04,40,255,46,06,16,245,37,10,46,314,47,12,70,293,47*63
$GAGSV,2,2,07,19,68,358,45,28,63,274,49,33,47,160,48,,,,*5D
$GAGSV,2,1,07,04,40,255,46,06,16,245,37,10,46,314,47,12,70,293,47*63
$GAGSV,2,2,07,19,68,358,45,28,63,274,49,33,47,160,48,,,,*5D
$GAGSV,2,1,07,04,40,255,46,06,16,245,37,10,46,314,47,12,70,293,47*63
$GAGSV,2,2,07,19,68,358,45,28,63,274,49,33,47,160,48,,,,*5D
$GAGSV,2,1,07,04,40,255,46,06,16,245,37,10,46,314,47,12,70,293,47*63
$GAGSV,2,2,07,19,68,358,45,28,63,274,49,33,47,160,48,,,,*5D
$GAGSV,2,1,07,04,40,255,46,06,16,245,37,10,46,314,47,12,70,293,47*63
$GAGSV,2,2,07,19,68,358,45,28,63,274,49,33,47,160,48,,,,*5D
$GAGSV,2,1,07,04,40,255,47,06,16,245,37,10,46,314,47,12,70,293,47*62
$GAGSV,2,2,07,19,68,358,45,28,63,274,49,33,47,160,48,,,,*5D
$GAGSV,2,1,07,04,40,255,47,06,16,245,37,10,46,314,47,12,70,293,47*62
$GAGSV,2,2,07,19,68,358,45,28,63,274,49,33,47,160,48,,,,*5D
$GAGSV,2,1,07,04,40,255,47,06,16,245,37,10,46,314,47,12,70,293,47*62
$GAGSV,2,2,07,19,68,358,45,28,63,274,49,33,47,160,48,,,,*5D
$GAGSV,2,1,07,04,40,255,47,06,16,245,37,10,46,314,47,12,70,293,47*62
$GAGSV,2,2,07,19,68,358,45,28,63,274,49,33,47,160,48,,,,*5D
$GAGSV,2,1,07,04,40,255,47,06,16,245,37,10,46,314,47,12,70,293,47*62
$GAGSV,2,2,07,19,68,358,45,28,63,274,49,33,47,160,48,,,,*5D
$GAGSV,2,1,07,04,40,255,47,06,16,245,37,10,46,314,47,12,70,293,47*62
$GAGSV,2,2,07,19,68,358,45,28,63,274,49,33,47,160,48,,,,*5D
$GAGSV,2,1,07,04,40,255,47,06,16,245,37,10,46,314,47,12,70,293,47*62
$GAGSV,2,2,07,19,68,358,45,28,63,274,49,33,47,160,48,,,,*5D
$GAGSV,2,1,07,04,40,255,47,06,16,245,37,10,46,314,47,12,70,293,47*62
$GAGSV,2,2,07,19,68,358,45,28,63,274,49,33,47,160,48,,,,*5D
$GAGSV,2,1,07,04,40,255,47,06,16,245,37,10,46,314,47,12,70,293,47*62
$GAGSV,2,2,07,19,68,358,45,28,63,274,49,33,47,160,48,,,,*5D
$GAGSV,2,1,07,04,40,255,47,06,16,245,37,10,46,314,47,12,70,293,47*62
$GAGSV,2,2,07,19,68,358,45,28,63,274,49,33,47,160,48,,,,*5D
$GAGSV,2,1,07,04,40,255,46,06,16,245,37,10,46,314,47,12,70,293,47*63
$GAGSV,2,2,07,19,68,358,45,28,63,274,48,33,47,160,48,,,,*5C
$GAGSV,2,1,07,04,40,255,47,06,16,245,37,10,46,314,47,12,70,293,47*62
$GAGSV,2,2,07,19,68,358,45,28,63,274,48,33,47,160,48,,,,*5C
$GAGSV,2,1,07,04,40,255,47,06,16,245,37,10,46,314,47,12,70,293,47*62
$GAGSV,2,2,07,19,68,358,45,28,63,274,48,33,47,160,48,,,,*5C
$GAGSV,2,1,07,04,40,255,46,06,16,245,37,10,46,314,47,12,70,293,47*63
$GAGSV,2,2,07,19,68,358,45,28,63,274,49,33,47,160,48,,,,*5D
$GAGSV,2,1,07,04,40,255,46,06,16,245,37,10,46,314,47,12,70,293,47*63
$GAGSV,2,2,07,19,68,358,45,28,63,274,49,33,47,160,48,,,,*5D
$GAGSV,2,1,07,04,40,255,46,06,16,245,37,10,46,314,47,12,70,293,47*63
$GAGSV,2,2,07,19,68,358,45,28,63,274,49,33,47,160,48,,,,*5D
$GAGSV,2,1,07,04,40,255,46,06,16,245,37,10,46,314,47,12,70,293,47*63
$GAGSV,2,2,07,19,68,358,45,28,63,274,49,33,47,160,48,,,,*5D
$GAGSV,2,1,07,04,40,255,46,06,16,245,37,10,46,314,47,12,70,293,47*63
$GAGSV,2,2,07,19,68,358,45,28,63,274,49,33,47,160,48,,,,*5D
$GAGSV,2,1,07,04,40,255,47,06,16,245,36,10,46,314,47,12,70,293,47*63
$GAGSV,2,2,07,19,68,358,45,28,63,274,49,33,47,160,48,,,,*5D
$GAGSV,2,1,07,04,40,255,47,06,16,245,36,10,46,314,47,12,70,293,47*63
$GAGSV,2,2,07,19,68,358,45,28,63,274,49,33,47,160,48,,,,*5D
$GAGSV,2,1,07,04,40,255,47,06,16,245,36,10,46,314,47,12,70,293,47*63
$GAGSV,2,2,07,19,68,358,45,28,63,274,49,33,47,160,48,,,,*5D
$GAGSV,2,1,07,04,40,255,47,06,16,245,36,10,46,314,47,12,70,293,47*63
$GAGSV,2,2,07,19,68,358,45,28,63,274,49,33,47,160,48,,,,*5D
$GAGSV,2,1,07,04,40,255,46,06,16,245,37,10,46,314,47,12,70,293,47*63
$GAGSV,2,2,07,19,68,358,45,28,63,274,49,33,47,160,48,,,,*5D
$GAGSV,2,1,07,04,40,255,46,06,16,245,37,10,46,314,47,12,70,293,47*63
$GAGSV,2,2,07,19,68,358,45,28,63,274,49,33,47,160,48,,,,*5D
$GAGSV,2,1,07,04,40,255,46,06,16,245,36,10,46,314,47,12,70,293,47*62
$GAGSV,2,2,07,19,68,358,45,28,63,274,49,33,47,160,48,,,,*5D
$GAGSV,2,1,07,04,40,255,46,06,16,245,36,10,46,314,47,12,70,293,47*62
$GAGSV,2,2,07,19,68,358,45,28,63,274,49,33,47,160,48,,,,*5D
$GAGSV,2,1,07,04,40,255,46,06,16,245,36,10,46,314,48,12,70,293,47*6D
$GAGSV,2,2,07,19,68,358,46,28,63,274,49,33,47,160,48,,,,*5E
$GAGSV,2,1,07,04,40,255,46,06,16,245,36,10,46,314,48,12,70,293,47*6D
$GAGSV,2,2,07,19,68,358,46,28,63,274,49,33,47,160,48,,,,*5E
$GAGSV,2,1,07,04,40,255,46,06,16,245,36,10,46,314,48,12,70,293,47*6D
$GAGSV,2,2,07,19,68,358,46,28,63,274,49,33,47,160,48,,,,*5E
$GAGSV,2,1,07,04,40,255,46,06,16,245,35,10,46,314,48,12,70,293,47*6E
$GAGSV,2,2,07,19,68,358,45,28,63,274,49,33,47,160,48,,,,*5D
$GAGSV,2,1,07,04,40,255,46,06,16,245,35,10,46,314,48,12,70,293,47*6E
$GAGSV,2,2,07,19,68,358,45,28,63,274,49,33,47,160,48,,,,*5D
$GAGSV,2,1,07,04,40,255,46,06,16,245,35,10,46,314,48,12,70,293,47*6E
$GAGSV,2,2,07,19,68,358,45,28,63,274,49,33,47,160,48,,,,*5D
$GAGSV,2,1,07,04,40,255,46,06,16,245,35,10,46,314,48,12,70,293,47*6E
$GAGSV,2,2,07,19,68,358,45,28,63,274,49,33,47,160,48,,,,*5D
$GAGSV,2,1,07,04,40,255,46,06,16,245,35,10,46,314,47,12,70,293,47*61
$GAGSV,2,2,07,19,68,358,45,28,63,274,49,33,47,160,48,,,,*5D
$GAGSV,2,1,07,04,40,255,46,06,16,245,34,10,46,314,47,12,70,293,47*60
$GAGSV,2,2,07,19,68,358,45,28,63,274,49,33,47,160,48,,,,*5D
$GAGSV,2,1,07,04,40,255,46,06,16,245,34,10,46,314,47,12,70,293,47*60
$GAGSV,2,2,07,19,68,358,45,28,63,274,49,33,47,160,48,,,,*5D
$GAGSV,2,1,07,04,40,255,46,06,16,245,33,10,46,314,47,12,70,293,47*67
$GAGSV,2,2,07,19,68,358,45,28,63,274,49,33,47,160,48,,,,*5D
$GAGSV,2,1,07,04,40,255,46,06,16,245,33,10,46,314,47,12,70,293,47*67
$GAGSV,2,2,07,19,68,358,45,28,63,274,49,33,47,160,48,,,,*5D
$GAGSV,2,1,07,04,40,255,46,06,16,245,33,10,46,314,47,12,70,293,47*67
$GAGSV,2,2,07,19,68,358,45,28,63,274,49,33,47,160,48,,,,*5D
$GAGSV,2,1,07,04,40,255,46,06,16,245,33,10,46,314,47,12,70,293,47*67
$GAGSV,2,2,07,19,68,358,45,28,63,274,49,33,47,160,48,,,,*5D
$GAGSV,2,1,07,04,40,255,46,06,16,245,33,10,46,314,47,12,70,293,47*67
$GAGSV,2,2,07,19,68,358,45,28,63,274,48,33,47,160,48,,,,*5C
$GAGSV,2,1,07,04,40,255,46,06,16,245,32,10,46,314,47,12,70,293,47*66
$GAGSV,2,2,07,19,68,358,45,28,63,274,48,33,47,160,48,,,,*5C
$GAGSV,2,1,07,04,40,255,46,06,16,245,32,10,46,314,47,12,70,293,47*66
$GAGSV,2,2,07,19,68,358,45,28,63,274,48,33,47,160,48,,,,*5C
$GAGSV,2,1,07,04,40,255,46,06,16,245,32,10,46,314,47,12,70,293,47*66
$GAGSV,2,2,07,19,68,358,45,28,63,274,48,33,47,160,48,,,,*5C
$GAGSV,2,1,07,04,40,255,46,06,16,245,32,10,46,314,47,12,70,293,47*66
$GAGSV,2,2,07,19,68,358,45,28,63,274,48,33,47,160,48,,,,*5C
$GAGSV,2,1,07,04,40,255,46,06,16,245,33,10,46,314,47,12,70,293,47*67
$GAGSV,2,2,07,19,68,358,45,28,63,274,49,33,47,160,48,,,,*5D
$GAGSV,2,1,07,04,40,255,46,06,16,245,32,10,46,314,47,12,70,293,47*66
$GAGSV,2,2,07,19,68,358,45,28,63,274,49,33,47,160,47,,,,*52
$GAGSV,2,1,07,04,40,255,46,06,16,245,32,10,46,314,47,12,70,293,47*66
$GAGSV,2,2,07,19,68,358,45,28,63,274,49,33,47,160,47,,,,*52
$GAGSV,2,1,07,04,40,255,46,06,16,245,33,10,46,314,47,12,70,293,47*67
$GAGSV,2,2,07,19,68,358,45,28,63,274,49,33,47,160,47,,,,*52
$GAGSV,2,1,07,04,40,255,46,06,16,245,33,10,46,314,47,12,70,293,47*67
$GAGSV,2,2,07,19,68,358,45,28,63,274,49,33,47,160,47,,,,*52
$GAGSV,2,1,07,04,40,255,46,06,16,245,34,10,46,314,47,12,70,293,47*60
$GAGSV,2,2,07,19,68,358,45,28,63,274,49,33,47,160,47,,,,*52
$GAGSV,2,1,07,04,40,255,46,06,16,245,34,10,46,314,47,12,70,293,47*60
$GAGSV,2,2,07,19,68,358,45,28,63,274,49,33,47,160,47,,,,*52
$GAGSV,2,1,07,04,40,255,46,06,16,245,34,10,46,314,47,12,70,293,47*60
$GAGSV,2,2,07,19,68,358,45,28,63,274,49,33,47,160,47,,,,*52
$GAGSV,2,1,07,04,40,255,46,06,16,245,34,10,46,314,46,12,70,293,47*61
$GAGSV,2,2,07,19,68,358,45,28,63,274,49,33,47,160,47,,,,*52
$GAGSV,2,1,07,04,40,255,46,06,16,245,34,10,46,314,46,12,70,293,47*61
$GAGSV,2,2,07,19,68,358,45,28,63,274,49,33,47,160,47,,,,*52
$GAGSV,2,1,07,04,40,255,46,06,16,245,34,10,46,314,46,12,70,293,47*61
$GAGSV,2,2,07,19,68,358,45,28,63,274,49,33,47,160,47,,,,*52
$GAGSV,2,1,07,04,40,255,46,06,16,245,34,10,46,314,46,12,70,293,47*61
$GAGSV,2,2,07,19,68,358,45,28,63,274,49,33,47,160,47,,,,*52
$GAGSV,2,1,07,04,40,255,46,06,16,245,35,10,46,314,46,12,70,293,47*60
$GAGSV,2,2,07,19,68,358,45,28,63,274,49,33,47,160,47,,,,*52
$GAGSV,2,1,07,04,40,255,46,06,16,245,35,10,46,314,46,12,70,293,47*60
$GAGSV,2,2,07,19,68,358,45,28,63,274,49,33,47,160,47,,,,*52
$GAGSV,2,1,07,04,40,255,46,06,16,245,35,10,46,314,46,12,70,293,47*60
$GAGSV,2,2,07,19,68,358,45,28,63,274,49,33,47,160,47,,,,*52
$GAGSV,2,1,07,04,40,255,46,06,16,245,35,10,46,314,47,12,70,293,47*61
$GAGSV,2,2,07,19,68,358,45,28,63,274,49,33,47,160,47,,,,*52
$GAGSV,2,1,07,04,40,255,46,06,16,245,35,10,46,314,47,12,70,293,47*61
$GAGSV,2,2,07,19,68,358,45,28,63,274,49,33,47,160,47,,,,*52
$GAGSV,2,1,07,04,40,255,46,06,16,245,35,10,46,314,47,12,70,293,47*61
$GAGSV,2,2,07,19,68,358,45,28,63,274,49,33,47,160,47,,,,*52
$GAGSV,2,1,07,04,40,255,46,06,16,245,35,10,46,314,47,12,70,293,47*61
$GAGSV,2,2,07,19,68,358,45,28,63,274,49,33,47,160,47,,,,*52
$GAGSV,2,1,07,04,40,255,46,06,16,245,35,10,46,314,47,12,70,293,47*61
$GAGSV,2,2,07,19,68,358,45,28,63,274,49,33,47,160,47,,,,*52
$GAGSV,2,1,07,04,40,255,46,06,16,245,35,10,46,314,47,12,70,293,47*61
$GAGSV,2,2,07,19,68,358,45,28,63,274,49,33,47,160,47,,,,*52
$GAGSV,2,1,07,04,40,255,46,06,16,245,35,10,46,314,47,12,70,293,47*61
$GAGSV,2,2,07,19,68,358,45,28,63,274,49,33,47,160,47,,,,*52
$GAGSV,2,1,07,04,40,255,46,06,16,245,35,10,46,314,47,12,70,293,47*61
$GAGSV,2,2,07,19,68,358,45,28,63,274,49,33,47,160,47,,,,*52
$GAGSV,2,1,07,04,40,255,46,06,16,245,35,10,46,314,47,12,70,293,47*61
$GAGSV,2,2,07,19,68,358,45,28,63,274,49,33,47,160,47,,,,*52
$GAGSV,2,1,07,04,40,255,46,06,16,245,35,10,46,314,47,12,70,293,47*61
$GAGSV,2,2,07,19,68,358,45,28,63,274,49,33,47,160,47,,,,*52
$GAGSV,2,1,07,04,40,255,46,06,16,245,35,10,46,314,47,12,70,293,47*61
$GAGSV,2,2,07,19,68,358,45,28,63,274,49,33,47,160,47,,,,*52
$GAGSV,2,1,07,04,40,255,47,06,16,245,34,10,46,314,47,12,70,293,47*61
$GAGSV,2,2,07,19,68,358,45,28,63,274,49,33,47,160,48,,,,*5D
$GAGSV,2,1,07,04,40,255,47,06,16,245,34,10,46,314,47,12,70,293,47*61
$GAGSV,2,2,07,19,68,358,45,28,63,274,49,33,47,160,48,,,,*5D
$GAGSV,2,1,07,04,40,255,47,06,16,245,34,10,46,314,47,12,70,293,47*61
$GAGSV,2,2,07,19,68,358,45,28,63,274,49,33,47,160,48,,,,*5D
$GAGSV,2,1,07,04,40,255,47,06,16,245,33,10,46,314,47,12,70,293,47*66
$GAGSV,2,2,07,19,68,358,45,28,63,274,49,33,47,160,48,,,,*5D
$GAGSV,2,1,07,04,40,255,47,06,16,245,33,10,46,314,47,12,70,293,47*66
$GAGSV,2,2,07,19,68,358,45,28,63,274,49,33,47,160,48,,,,*5D
$GAGSV,2,1,07,04,40,255,47,06,16,245,33,10,46,314,47,12,70,293,47*66
$GAGSV,2,2,07,19,68,358,45,28,63,274,49,33,47,160,48,,,,*5D
$GAGSV,2,1,07,04,40,255,47,06,16,245,33,10,46,314,47,12,70,293,47*66
$GAGSV,2,2,07,19,68,358,45,28,63,274,49,33,47,160,48,,,,*5D
$GAGSV,2,1,07,04,40,255,47,06,16,245,33,10,46,314,47,12,70,293,47*66
$GAGSV,2,2,07,19,68,358,45,28,63,274,49,33,47,160,48,,,,*5D
$GAGSV,2,1,07,04,40,255,47,06,16,245,33,10,46,314,47,12,70,293,47*66
$GAGSV,2,2,07,19,68,358,45,28,63,274,49,33,47,160,48,,,,*5D
$GAGSV,2,1,07,04,40,255,47,06,16,245,33,10,46,314,47,12,70,293,47*66
$GAGSV,2,2,07,19,68,358,45,28,63,274,49,33,47,160,48,,,,*5D
$GAGSV,2,1,07,04,40,255,47,06,16,245,33,10,46,314,47,12,70,293,47*66
$GAGSV,2,2,07,19,68,358,45,28,63,274,49,33,47,160,48,,,,*5D
$GAGSV,2,1,07,04,40,255,47,06,16,245,33,10,46,314,47,12,70,293,47*66
$GAGSV,2,2,07,19,68,358,45,28,63,274,49,33,47,160,48,,,,*5D
$GAGSV,2,1,07,04,40,255,47,06,16,245,32,10,46,314,47,12,70,293,47*67
$GAGSV,2,2,07,19,68,358,45,28,63,274,49,33,47,160,48,,,,*5D
$GAGSV,2,1,07,04,40,255,47,06,16,245,32,10,46,314,47,12,70,293,47*67
$GAGSV,2,2,07,19,68,358,45,28,63,274,49,33,47,160,48,,,,*5D
$GAGSV,2,1,07,04,40,255,47,06,16,245,32,10,46,314,47,12,70,293,47*67
$GAGSV,2,2,07,19,68,358,45,28,63,274,49,33,47,160,48,,,,*5D
$GAGSV,2,1,07,04,40,255,47,06,16,245,33,10,46,314,47,12,70,293,47*66
$GAGSV,2,2,07,19,68,358,45,28,63,274,49,33,47,160,48,,,,*5D
$GAGSV,2,1,07,04,40,255,47,06,16,245,32,10,46,314,47,12,70,293,47*67
$GAGSV,2,2,07,19,68,358,45,28,63,274,49,33,47,160,48,,,,*5D
$GAGSV,2,1,07,04,40,255,47,06,16,245,30,10,46,314,47,12,70,293,47*65
$GAGSV,2,2,07,19,68,358,45,28,63,274,49,33,47,160,48,,,,*5D
$GAGSV,2,1,07,04,40,255,47,06,16,245,28,10,46,314,47,12,70,293,47*6C
$GAGSV,2,2,07,19,68,358,45,28,63,274,49,33,47,160,48,,,,*5D
$GAGSV,2,1,07,04,40,255,47,06,16,245,27,10,46,314,47,12,70,293,47*63
$GAGSV,2,2,07,19,68,358,45,28,63,274,49,33,47,160,48,,,,*5D
$GAGSV,2,1,07,04,40,255,47,06,16,245,27,10,46,314,47,12,70,293,47*63
$GAGSV,2,2,07,19,68,358,45,28,63,274,49,33,47,160,48,,,,*5D
$GAGSV,2,1,07,04,40,255,47,06,16,245,27,10,46,314,47,12,70,293,47*63
$GAGSV,2,2,07,19,68,358,46,28,63,274,49,33,47,160,48,,,,*5E
$GAGSV,2,1,07,04,40,255,47,06,16,245,27,10,46,314,47,12,70,293,47*63
$GAGSV,2,2,07,19,68,358,46,28,63,274,49,33,47,160,48,,,,*5E
$GAGSV,2,1,07,04,40,255,47,06,16,245,28,10,46,314,47,12,70,293,47*6C
$GAGSV,2,2,07,19,68,358,46,28,63,274,49,33,47,160,48,,,,*5E
$GAGSV,2,1,07,04,40,255,47,06,16,245,28,10,46,314,47,12,70,293,47*6C
$GAGSV,2,2,07,19,68,358,46,28,63,274,49,33,47,160,48,,,,*5E
$GAGSV,2,1,07,04,40,255,47,06,16,245,29,10,46,314,47,12,70,293,47*6D
$GAGSV,2,2,07,19,68,358,46,28,63,274,49,33,47,160,48,,,,*5E
$GAGSV,2,1,07,04,40,255,47,06,16,245,29,10,46,314,47,12,70,293,47*6D
$GAGSV,2,2,07,19,68,358,46,28,63,274,49,33,47,160,48,,,,*5E
$GAGSV,2,1,07,04,40,255,47,06,16,245,30,10,46,314,47,12,70,293,47*65
$GAGSV,2,2,07,19,68,358,46,28,63,274,49,33,47,160,48,,,,*5E
$GAGSV,2,1,07,04,40,255,47,06,16,245,29,10,46,314,47,12,70,293,47*6D
$GAGSV,2,2,07,19,68,358,46,28,63,274,49,33,47,160,48,,,,*5E
$GAGSV,2,1,07,04,40,255,47,06,16,245,29,10,46,314,47,12,70,293,47*6D
$GAGSV,2,2,07,19,68,358,46,28,63,274,49,33,47,160,48,,,,*5E
$GAGSV,2,1,07,04,40,255,47,06,16,245,29,10,46,314,47,12,70,293,47*6D
$GAGSV,2,2,07,19,68,358,46,28,63,274,49,33,47,160,48,,,,*5E
$GAGSV,2,1,07,04,40,255,47,06,16,245,29,10,46,314,47,12,70,293,47*6D
$GAGSV,2,2,07,19,68,358,46,28,63,274,49,33,47,160,48,,,,*5E
$GAGSV,2,1,07,04,40,255,47,06,16,245,29,10,46,314,47,12,70,293,47*6D
$GAGSV,2,2,07,19,68,358,45,28,63,274,49,33,47,160,48,,,,*5D
$GAGSV,2,1,07,04,40,255,47,06,16,245,30,10,46,314,47,12,70,293,47*65
$GAGSV,2,2,07,19,68,358,45,28,63,274,49,33,47,160,48,,,,*5D
$GAGSV,2,1,07,04,40,255,47,06,16,245,30,10,46,314,47,12,70,293,47*65
$GAGSV,2,2,07,19,68,358,45,28,63,274,49,33,47,160,48,,,,*5D
$GAGSV,2,1,07,04,40,255,47,06,16,245,30,10,46,314,47,12,70,293,47*65
$GAGSV,2,2,07,19,68,358,45,28,63,274,49,33,47,160,48,,,,*5D
$GAGSV,2,1,07,04,40,255,47,06,16,245,30,10,46,314,47,12,70,293,47*65
$GAGSV,2,2,07,19,68,358,45,28,63,274,49,33,47,160,48,,,,*5D
$GAGSV,2,1,07,04,40,255,47,06,16,245,30,10,46,314,47,12,70,293,47*65
$GAGSV,2,2,07,19,68,358,45,28,63,274,49,33,47,160,48,,,,*5D
$GAGSV,2,1,07,04,40,255,47,06,16,245,29,10,46,314,47,12,70,293,47*6D
$GAGSV,2,2,07,19,68,358,45,28,63,274,49,33,47,160,48,,,,*5D
$GAGSV,2,1,07,04,40,255,47,06,16,245,29,10,46,314,47,12,70,293,47*6D
$GAGSV,2,2,07,19,68,358,45,28,63,274,49,33,47,160,48,,,,*5D
$GAGSV,2,1,07,04,40,255,47,06,16,245,29,10,46,314,47,12,70,293,47*6D
$GAGSV,2,2,07,19,68,358,45,28,63,274,49,33,47,160,48,,,,*5D
$GAGSV,2,1,07,04,40,255,47,06,16,245,30,10,46,314,47,12,70,293,47*65
$GAGSV,2,2,07,19,68,358,45,28,63,274,49,33,47,160,48,,,,*5D
$GAGSV,2,1,07,04,40,255,47,06,16,245,29,10,46,314,47,12,70,293,47*6D
$GAGSV,2,2,07,19,68,358,45,28,63,274,49,33,47,160,48,,,,*5D
$GAGSV,2,1,07,04,40,255,47,06,16,245,28,10,46,314,47,12,70,293,47*6C
$GAGSV,2,2,07,19,68,358,45,28,63,274,49,33,47,160,48,,,,*5D
$GAGSV,2,1,07,04,40,255,47,06,16,245,28,10,46,314,47,12,70,293,47*6C
$GAGSV,2,2,07,19,68,358,45,28,63,274,49,33,47,160,48,,,,*5D
$GAGSV,2,1,07,04,40,255,47,06,16,245,29,10,46,314,47,12,70,293,47*6D
$GAGSV,2,2,07,19,68,358,45,28,63,274,49,33,47,160,48,,,,*5D
$GAGSV,2,1,07,04,40,255,47,06,16,245,30,10,46,314,47,12,70,293,47*65
$GAGSV,2,2,07,19,68,358,45,28,63,274,49,33,47,160,48,,,,*5D
$GAGSV,2,1,07,04,40,255,47,06,16,245,31,10,46,314,47,12,70,293,47*64
$GAGSV,2,2,07,19,68,358,45,28,63,274,49,33,47,160,48,,,,*5D
$GAGSV,2,1,07,04,40,255,47,06,16,245,31,10,46,314,47,12,70,293,47*64
$GAGSV,2,2,07,19,68,358,45,28,63,274,49,33,47,160,48,,,,*5D
$GAGSV,2,1,07,04,40,255,47,06,16,245,31,10,46,314,47,12,70,293,47*64
$GAGSV,2,2,07,19,68,358,46,28,63,274,49,33,47,160,48,,,,*5E
$GAGSV,2,1,07,04,40,255,47,06,16,245,31,10,46,314,47,12,70,293,47*64
$GAGSV,2,2,07,19,68,358,46,28,63,274,49,33,47,160,48,,,,*5E
$GAGSV,2,1,07,04,40,255,47,06,16,245,31,10,46,314,47,12,70,293,47*64
$GAGSV,2,2,07,19,68,358,46,28,63,274,49,33,47,160,48,,,,*5E
$GAGSV,2,1,07,04,40,255,47,06,16,245,31,10,46,314,47,12,70,293,47*64
$GAGSV,2,2,07,19,68,358,46,28,63,274,49,33,47,160,48,,,,*5E
$GAGSV,2,1,07,04,40,255,47,06,16,245,31,10,46,314,47,12,70,293,47*64
$GAGSV,2,2,07,19,68,358,46,28,63,274,49,33,47,160,48,,,,*5E
$GAGSV,2,1,07,04,40,255,47,06,16,245,32,10,46,314,47,12,70,293,47*67
$GAGSV,2,2,07,19,68,358,46,28,63,274,49,33,47,160,48,,,,*5E
$GAGSV,2,1,07,04,40,255,47,06,16,245,32,10,46,314,47,12,70,293,47*67
$GAGSV,2,2,07,19,68,358,46,28,63,274,49,33,47,160,48,,,,*5E
$GAGSV,2,1,07,04,40,255,47,06,16,245,32,10,46,314,47,12,70,293,47*67
$GAGSV,2,2,07,19,68,358,46,28,63,274,49,33,47,160,48,,,,*5E
$GAGSV,2,1,07,04,40,255,47,06,16,245,32,10,46,314,48,12,70,293,47*68
$GAGSV,2,2,07,19,68,358,46,28,63,274,49,33,47,160,48,,,,*5E
$GAGSV,2,1,07,04,40,255,47,06,16,245,33,10,46,314,48,12,70,293,47*69
$GAGSV,2,2,07,19,68,358,46,28,63,274,49,33,47,160,48,,,,*5E
$GAGSV,2,1,07,04,40,255,47,06,16,245,33,10,46,314,48,12,70,293,47*69
$GAGSV,2,2,07,19,68,358,46,28,63,274,49,33,47,160,48,,,,*5E
$GAGSV,2,1,07,04,40,255,47,06,16,245,34,10,46,314,48,12,70,293,47*6E
$GAGSV,2,2,07,19,68,358,46,28,63,274,49,33,47,160,48,,,,*5E
$GAGSV,2,1,07,04,40,255,47,06,16,245,34,10,46,314,48,12,70,293,47*6E
$GAGSV,2,2,07,19,68,358,46,28,63,274,49,33,47,160,48,,,,*5E
$GAGSV,2,1,07,04,40,255,47,06,16,245,34,10,46,314,48,12,70,293,47*6E
$GAGSV,2,2,07,19,68,358,46,28,63,274,49,33,47,160,48,,,,*5E
$GAGSV,2,1,07,04,40,255,47,06,16,245,33,10,46,314,48,12,70,293,47*69
$GAGSV,2,2,07,19,68,358,46,28,63,274,49,33,47,160,48,,,,*5E
$GAGSV,2,1,07,04,40,255,47,06,16,245,33,10,46,314,48,12,70,293,47*69
$GAGSV,2,2,07,19,68,358,46,28,63,274,49,33,47,160,48,,,,*5E
$GAGSV,2,1,07,04,40,255,47,06,16,245,32,10,46,314,48,12,70,293,47*68
$GAGSV,2,2,07,19,68,358,46,28,63,274,49,33,47,160,48,,,,*5E
$GAGSV,2,1,07,04,40,255,47,06,16,245,32,10,46,314,48,12,70,293,47*68
$GAGSV,2,2,07,19,68,358,46,28,63,274,49,33,47,160,48,,,,*5E
$GAGSV,2,1,07,04,40,255,47,06,16,245,32,10,46,314,48,12,70,293,47*68
$GAGSV,2,2,07,19,68,358,46,28,63,274,49,33,47,160,48,,,,*5E
$GAGSV,2,1,07,04,40,255,47,06,16,245,32,10,46,314,48,12,70,293,47*68
$GAGSV,2,2,07,19,68,358,46,28,63,274,49,33,47,160,48,,,,*5E
$GAGSV,2,1,07,04,40,255,48,06,16,245,32,10,46,314,48,12,70,293,47*67
$GAGSV,2,2,07,19,68,358,46,28,63,274,49,33,47,160,48,,,,*5E
$GAGSV,2,1,07,04,40,255,48,06,16,245,33,10,46,314,48,12,70,293,47*66
$GAGSV,2,2,07,19,68,358,46,28,63,274,49,33,47,160,48,,,,*5E
$GAGSV,2,1,07,04,40,255,48,06,16,245,33,10,46,314,48,12,70,293,47*66
$GAGSV,2,2,07,19,68,358,46,28,63,274,49,33,47,160,48,,,,*5E
$GAGSV,2,1,07,04,40,255,48,06,16,245,32,10,46,314,48,12,70,293,47*67
$GAGSV,2,2,07,19,68,358,46,28,63,274,49,33,47,160,48,,,,*5E
$GAGSV,2,1,07,04,40,255,47,06,16,245,32,10,46,314,48,12,70,293,47*68
$GAGSV,2,2,07,19,68,358,46,28,63,274,49,33,47,160,48,,,,*5E
$GAGSV,2,1,07,04,40,255,47,06,16,245,32,10,46,314,48,12,70,293,47*68
$GAGSV,2,2,07,19,68,358,46,28,63,274,49,33,47,160,48,,,,*5E
$GAGSV,2,1,07,04,40,255,47,06,16,245,32,10,46,314,48,12,70,293,47*68
$GAGSV,2,2,07,19,68,358,46,28,63,274,49,33,47,160,48,,,,*5E
$GAGSV,2,1,07,04,40,255,47,06,16,245,33,10,46,314,48,12,70,293,47*69
$GAGSV,2,2,07,19,68,358,46,28,63,274,49,33,47,160,48,,,,*5E
$GAGSV,2,1,07,04,40,255,47,06,16,245,33,10,46,314,48,12,70,293,47*69
$GAGSV,2,2,07,19,68,358,46,28,63,274,49,33,47,160,48,,,,*5E
$GAGSV,2,1,07,04,40,255,47,06,16,245,33,10,46,314,48,12,70,293,47*69
$GAGSV,2,2,07,19,68,358,46,28,63,274,49,33,47,160,48,,,,*5E
$GAGSV,2,1,07,04,40,255,47,06,16,245,33,10,46,314,48,12,70,293,47*69
$GAGSV,2,2,07,19,68,358,46,28,63,274,49,33,47,160,48,,,,*5E
$GAGSV,2,1,07,04,40,255,47,06,16,245,33,10,46,314,48,12,70,293,47*69
$GAGSV,2,2,07,19,68,358,46,28,63,275,49,33,47,160,48,,,,*5F
$GAGSV,2,1,07,04,40,255,47,06,16,245,33,10,46,314,48,12,70,293,47*69
$GAGSV,2,2,07,19,68,358,46,28,63,275,49,33,47,160,48,,,,*5F
$GAGSV,2,1,07,04,40,255,47,06,16,245,33,10,46,314,48,12,70,293,47*69
$GAGSV,2,2,07,19,68,358,46,28,63,275,49,33,47,160,48,,,,*5F
$GAGSV,2,1,07,04,40,255,47,06,16,245,32,10,46,314,48,12,70,293,47*68
$GAGSV,2,2,07,19,68,358,46,28,63,275,49,33,47,160,48,,,,*5F
$GAGSV,2,1,07,04,40,255,47,06,16,245,32,10,46,314,48,12,70,293,47*68
$GAGSV,2,2,07,19,68,358,46,28,63,275,49,33,47,160,48,,,,*5F
$GAGSV,2,1,07,04,40,255,47,06,16,245,31,10,46,314,48,12,70,293,47*6B
$GAGSV,2,2,07,19,68,359,46,28,63,275,49,33,47,160,48,,,,*5E
$GAGSV,2,1,07,04,40,255,48,06,16,245,31,10,46,314,48,12,70,293,48*6B
$GAGSV,2,2,07,19,68,359,46,28,63,275,49,33,47,160,48,,,,*5E
$GAGSV,2,1,07,04,40,255,48,06,16,245,32,10,46,314,48,12,70,293,48*68
$GAGSV,2,2,07,19,68,359,46,28,63,275,49,33,47,160,48,,,,*5E
$GAGSV,2,1,07,04,40,255,48,06,16,245,32,10,46,314,48,12,70,293,48*68
$GAGSV,2,2,07,19,68,359,46,28,63,275,49,33,47,160,48,,,,*5E
$GAGSV,2,1,07,04,40,255,48,06,16,245,32,10,46,314,48,12,70,293,48*68
$GAGSV,2,2,07,19,68,359,46,28,63,275,49,33,47,160,48,,,,*5E
$GAGSV,2,1,07,04,40,255,48,06,16,245,32,10,46,314,48,12,70,293,48*68
$GAGSV,2,2,07,19,68,359,46,28,63,275,49,33,47,160,48,,,,*5E
$GAGSV,2,1,07,04,40,255,48,06,16,245,31,10,46,314,48,12,70,293,48*6B
$GAGSV,2,2,07,19,68,359,46,28,63,275,49,33,47,160,48,,,,*5E
$GAGSV,2,1,07,04,40,255,48,06,16,245,32,10,46,314,48,12,70,293,48*68
$GAGSV,2,2,07,19,68,359,46,28,63,275,49,33,47,160,48,,,,*5E
$GAGSV,2,1,07,04,40,255,48,06,16,245,31,10,46,314,48,12,70,293,48*6B
$GAGSV,2,2,07,19,68,359,46,28,63,275,49,33,47,160,48,,,,*5E
$GAGSV,2,1,07,04,40,255,48,06,16,245,31,10,46,314,48,12,70,293,48*6B
$GAGSV,2,2,07,19,68,359,46,28,63,275,49,33,47,160,48,,,,*5E
$GAGSV,2,1,07,04,40,255,48,06,16,245,32,10,46,314,48,12,70,293,48*68
$GAGSV,2,2,07,19,68,359,46,28,63,275,49,33,47,160,48,,,,*5E
$GAGSV,2,1,07,04,40,255,48,06,16,245,32,10,46,314,48,12,70,293,48*68
$GAGSV,2,2,07,19,68,359,46,28,63,275,49,33,47,160,48,,,,*5E
$GAGSV,2,1,07,04,40,255,48,06,16,245,31,10,46,314,48,12,70,293,48*6B
$GAGSV,2,2,07,19,68,359,46,28,63,275,49,33,47,160,48,,,,*5E
$GAGSV,2,1,07,04,40,255,48,06,16,245,31,10,46,314,48,12,70,293,48*6B
$GAGSV,2,2,07,19,68,359,46,28,63,275,49,33,47,160,48,,,,*5E
$GAGSV,2,1,07,04,40,255,48,06,16,245,31,10,46,314,48,12,70,293,48*6B
$GAGSV,2,2,07,19,68,359,46,28,63,275,49,33,47,160,48,,,,*5E
$GAGSV,2,1,07,04,40,255,48,06,16,245,31,10,46,314,48,12,70,293,48*6B
$GAGSV,2,2,07,19,68,359,46,28,63,275,49,33,47,160,48,,,,*5E
$GAGSV,2,1,07,04,40,255,48,06,16,245,30,10,46,314,48,12,70,293,48*6A
$GAGSV,2,2,07,19,68,359,46,28,63,275,49,33,47,160,48,,,,*5E
$GAGSV,2,1,07,04,40,255,48,06,16,245,30,10,46,314,48,12,70,293,48*6A
$GAGSV,2,2,07,19,68,359,46,28,63,275,49,33,47,160,48,,,,*5E
$GAGSV,2,1,07,04,40,255,47,06,16,245,30,10,46,314,48,12,70,293,48*65
$GAGSV,2,2,07,19,68,359,46,28,63,275,49,33,47,160,48,,,,*5E
$GAGSV,2,1,07,04,40,255,47,06,16,245,30,10,46,314,48,12,70,293,48*65
$GAGSV,2,2,07,19,68,359,46,28,63,275,49,33,47,160,48,,,,*5E
$GAGSV,2,1,07,04,40,255,47,06,16,245,30,10,46,314,48,12,70,293,48*65
$GAGSV,2,2,07,19,68,359,46,28,63,275,50,33,47,160,48,,,,*56
$GAGSV,2,1,07,04,40,255,47,06,16,245,30,10,46,314,48,12,70,293,48*65
$GAGSV,2,2,07,19,68,359,46,28,63,275,50,33,47,160,48,,,,*56
$GAGSV,2,1,07,04,40,255,47,06,16,245,31,10,46,314,48,12,70,293,48*64
$GAGSV,2,2,07,19,68,359,46,28,63,275,50,33,47,160,48,,,,*56
$GAGSV,2,1,07,04,40,255,47,06,16,245,31,10,46,314,48,12,70,293,48*64
$GAGSV,2,2,07,19,68,359,46,28,63,275,50,33,47,160,48,,,,*56
$GAGSV,2,1,07,04,40,255,47,06,16,245,30,10,46,314,48,12,70,293,48*65
$GAGSV,2,2,07,19,68,359,46,28,63,275,50,33,47,160,48,,,,*56
$GAGSV,2,1,07,04,40,255,47,06,16,245,29,10,46,314,48,12,70,293,48*6D
$GAGSV,2,2,07,19,68,359,46,28,63,275,50,33,47,160,48,,,,*56
$GAGSV,2,1,07,04,40,255,47,06,16,245,29,10,46,314,48,12,70,293,48*6D
$GAGSV,2,2,07,19,68,359,46,28,63,275,50,33,47,160,48,,,,*56
$GAGSV,2,1,07,04,40,255,47,06,16,245,30,10,46,314,48,12,70,293,48*65
$GAGSV,2,2,07,19,68,359,46,28,63,275,50,33,47,160,48,,,,*56
$GAGSV,2,1,07,04,40,255,47,06,16,245,31,10,46,314,48,12,70,293,48*64
$GAGSV,2,2,07,19,68,359,46,28,63,275,50,33,47,160,48,,,,*56
$GAGSV,2,1,07,04,40,255,47,06,16,245,31,10,46,314,48,12,70,293,48*64
$GAGSV,2,2,07,19,68,359,46,28,63,275,50,33,47,160,48,,,,*56
$GAGSV,2,1,07,04,40,255,47,06,16,245,32,10,46,314,48,12,70,293,48*67
$GAGSV,2,2,07,19,68,359,46,28,63,275,50,33,47,160,48,,,,*56
$GAGSV,2,1,07,04,40,255,47,06,16,245,32,10,46,314,48,12,70,293,48*67
$GAGSV,2,2,07,19,68,359,46,28,63,275,50,33,47,160,48,,,,*56
$GAGSV,2,1,07,04,40,255,47,06,16,245,33,10,46,314,48,12,70,293,48*66
$GAGSV,2,2,07,19,68,359,46,28,63,275,50,33,47,160,48,,,,*56
$GAGSV,2,1,07,04,40,255,47,06,16,245,33,10,46,314,48,12,70,293,48*66
$GAGSV,2,2,07,19,68,359,46,28,63,275,50,33,47,160,48,,,,*56
$GAGSV,2,1,07,04,40,255,47,06,16,245,33,10,46,314,48,12,70,293,48*66
$GAGSV,2,2,07,19,68,359,46,28,63,275,50,33,47,160,48,,,,*56
$GAGSV,2,1,07,04,40,255,47,06,16,245,33,10,46,314,48,12,70,293,48*66
$GAGSV,2,2,07,19,68,359,46,28,63,275,50,33,47,160,48,,,,*56
$GAGSV,2,1,07,04,40,255,47,06,16,245,33,10,46,314,48,12,70,293,48*66
$GAGSV,2,2,07,19,68,359,46,28,63,275,50,33,47,160,48,,,,*56
$GAGSV,2,1,07,04,40,255,47,06,16,245,33,10,46,314,48,12,70,293,48*66
$GAGSV,2,2,07,19,68,359,46,28,63,275,50,33,47,160,48,,,,*56
$GAGSV,2,1,07,04,40,255,47,06,16,245,32,10,46,314,48,12,70,293,48*67
$GAGSV,2,2,07,19,68,359,46,28,63,275,50,33,47,160,48,,,,*56
$GAGSV,2,1,07,04,40,255,47,06,16,245,32,10,46,314,48,12,70,293,48*67
$GAGSV,2,2,07,19,68,359,46,28,63,275,50,33,47,160,48,,,,*56
$GAGSV,2,1,07,04,40,255,47,06,16,245,32,10,46,314,48,12,70,293,48*67
$GAGSV,2,2,07,19,68,359,46,28,63,275,50,33,47,160,48,,,,*56
$GAGSV,2,1,07,04,40,255,47,06,16,245,32,10,46,314,48,12,70,293,48*67
$GAGSV,2,2,07,19,68,359,46,28,63,275,50,33,47,160,48,,,,*56
$GAGSV,2,1,07,04,40,255,47,06,16,245,32,10,46,314,48,12,70,293,48*67
$GAGSV,2,2,07,19,68,359,46,28,63,275,49,33,47,160,48,,,,*5E
$GAGSV,2,1,07,04,40,255,47,06,16,245,33,10,46,314,48,12,70,293,47*69
$GAGSV,2,2,07,19,68,359,46,28,63,275,49,33,47,160,48,,,,*5E
$GAGSV,2,1,07,04,40,255,47,06,16,245,33,10,46,314,48,12,70,293,47*69
$GAGSV,2,2,07,19,68,359,46,28,63,275,49,33,47,160,48,,,,*5E
$GAGSV,2,1,07,04,40,255,47,06,16,245,34,10,46,314,48,12,70,293,47*6E
$GAGSV,2,2,07,19,68,359,46,28,63,275,49,33,47,160,48,,,,*5E
$GAGSV,2,1,07,04,40,255,47,06,16,245,34,10,46,314,48,12,70,293,47*6E
$GAGSV,2,2,07,19,68,359,46,28,63,275,49,33,47,160,48,,,,*5E
$GAGSV,2,1,07,04,40,255,47,06,16,245,34,10,46,314,48,12,70,293,48*61
$GAGSV,2,2,07,19,68,359,46,28,63,275,49,33,47,160,48,,,,*5E
$GAGSV,2,1,07,04,40,255,47,06,16,245,34,10,46,314,48,12,70,293,48*61
$GAGSV,2,2,07,19,68,359,46,28,63,275,49,33,47,160,48,,,,*5E
$GAGSV,2,1,07,04,40,255,47,06,16,245,34,10,46,314,48,12,70,293,47*6E
$GAGSV,2,2,07,19,68,359,46,28,63,275,49,33,47,160,48,,,,*5E
$GAGSV,2,1,07,04,40,255,47,06,16,246,34,10,46,314,48,12,70,293,47*6D
$GAGSV,2,2,07,19,68,359,46,28,63,275,49,33,47,160,48,,,,*5E
$GAGSV,2,1,07,04,40,255,47,06,16,246,34,10,46,314,48,12,70,293,47*6D
$GAGSV,2,2,07,19,68,359,46,28,63,275,49,33,47,160,48,,,,*5E
$GAGSV,2,1,07,04,40,255,47,06,16,246,34,10,46,314,48,12,70,293,47*6D
$GAGSV,2,2,07,19,68,359,46,28,63,275,49,33,47,160,48,,,,*5E
$GAGSV,2,1,07,04,40,255,47,06,16,246,33,10,46,314,48,12,70,293,47*6A
$GAGSV,2,2,07,19,68,359,46,28,63,275,49,33,47,160,48,,,,*5E
$GAGSV,2,1,07,04,40,255,47,06,16,246,33,10,46,314,48,12,70,293,47*6A
$GAGSV,2,2,07,19,68,359,46,28,63,275,49,33,47,160,48,,,,*5E
$GAGSV,2,1,07,04,40,255,47,06,16,246,33,10,46,314,48,12,70,293,48*65
$GAGSV,2,2,07,19,68,359,46,28,63,275,49,33,47,160,48,,,,*5E
$GAGSV,2,1,07,04,40,255,47,06,16,246,32,10,46,314,48,12,70,293,48*64
$GAGSV,2,2,07,19,68,359,46,28,63,275,49,33,47,160,48,,,,*5E
$GAGSV,2,1,07,04,40,255,47,06,16,246,32,10,46,314,48,12,70,293,48*64
$GAGSV,2,2,07,19,68,359,46,28,63,275,49,33,47,160,48,,,,*5E
$GAGSV,2,1,07,04,40,255,47,06,16,246,32,10,46,314,48,12,70,293,48*64
$GAGSV,2,2,07,19,68,359,46,28,63,275,49,33,47,160,48,,,,*5E
$GAGSV,2,1,07,04,40,255,47,06,16,246,32,10,46,314,48,12,70,293,48*64
$GAGSV,2,2,07,19,68,359,46,28,63,275,49,33,47,160,48,,,,*5E
$GAGSV,2,1,07,04,40,255,47,06,16,246,32,10,46,314,48,12,70,293,48*64
$GAGSV,2,2,07,19,68,359,46,28,63,275,49,33,47,160,48,,,,*5E
$GAGSV,2,1,07,04,40,255,46,06,16,246,32,10,46,314,48,12,70,293,48*65
$GAGSV,2,2,07,19,68,359,46,28,63,275,49,33,47,160,48,,,,*5E
$GAGSV,2,1,07,04,40,255,46,06,16,246,32,10,46,314,48,12,70,293,48*65
$GAGSV,2,2,07,19,68,359,46,28,63,275,50,33,47,160,48,,,,*56
$GAGSV,2,1,07,04,40,255,46,06,16,246,33,10,46,314,48,12,70,293,48*64
$GAGSV,2,2,07,19,68,359,46,28,63,275,50,33,47,160,48,,,,*56
$GAGSV,2,1,07,04,40,255,46,06,16,246,33,10,46,314,48,12,70,293,48*64
$GAGSV,2,2,07,19,68,359,46,28,63,275,50,33,47,160,48,,,,*56
$GAGSV,2,1,07,04,40,255,46,06,16,246,33,10,46,314,48,12,70,293,48*64
$GAGSV,2,2,07,19,68,359,46,28,63,275,50,33,47,160,48,,,,*56
$GAGSV,2,1,07,04,40,255,46,06,16,246,33,10,46,314,48,12,70,293,48*64
$GAGSV,2,2,07,19,68,359,46,28,63,275,50,33,47,160,48,,,,*56
$GAGSV,2,1,07,04,40,255,46,06,16,246,32,10,46,314,48,12,70,293,48*65
$GAGSV,2,2,07,19,68,359,46,28,63,275,50,33,47,160,48,,,,*56
$GAGSV,2,1,07,04,40,255,46,06,16,246,32,10,46,314,49,12,70,293,48*64
$GAGSV,2,2,07,19,68,359,46,28,63,275,50,33,47,160,48,,,,*56
$GAGSV,2,1,07,04,40,255,46,06,16,246,32,10,46,314,49,12,70,293,48*64
$GAGSV,2,2,07,19,68,359,46,28,63,275,50,33,47,160,48,,,,*56
$GAGSV,2,1,07,04,40,255,46,06,16,246,31,10,46,314,49,12,70,293,48*67
$GAGSV,2,2,07,19,68,359,46,28,63,275,50,33,47,160,48,,,,*56
$GAGSV,2,1,07,04,40,255,46,06,16,246,30,10,46,314,49,12,70,293,48*66
$GAGSV,2,2,07,19,68,359,46,28,63,275,50,33,47,160,48,,,,*56
$GAGSV,2,1,07,04,40,255,46,06,16,246,31,10,46,314,49,12,70,293,48*67
$GAGSV,2,2,07,19,68,359,46,28,63,275,50,33,47,160,48,,,,*56
$GAGSV,2,1,07,04,40,255,46,06,16,246,31,10,46,314,49,12,70,293,48*67
$GAGSV,2,2,07,19,68,359,46,28,63,275,50,33,47,160,48,,,,*56
$GAGSV,2,1,07,04,40,255,46,06,16,246,31,10,46,314,49,12,70,293,48*67
$GAGSV,2,2,07,19,68,359,46,28,63,275,50,33,47,160,48,,,,*56
$GAGSV,2,1,07,04,40,255,46,06,16,246,31,10,46,314,49,12,70,293,47*68
$GAGSV,2,2,07,19,68,359,46,28,63,275,50,33,47,160,48,,,,*56
$GAGSV,2,1,07,04,40,255,46,06,16,246,31,10,46,314,49,12,70,293,47*68
$GAGSV,2,2,07,19,68,359,46,28,63,275,50,33,47,160,48,,,,*56
$GAGSV,2,1,07,04,40,255,47,06,16,246,30,10,46,314,49,12,70,293,48*67
$GAGSV,2,2,07,19,68,359,46,28,63,275,50,33,47,160,48,,,,*56
$GAGSV,2,1,07,04,40,255,47,06,16,246,31,10,46,314,49,12,70,293,48*66
$GAGSV,2,2,07,19,68,359,46,28,63,275,50,33,47,160,48,,,,*56
$GAGSV,2,1,07,04,40,255,47,06,16,246,31,10,46,314,49,12,70,293,48*66
$GAGSV,2,2,07,19,68,359,46,28,63,275,50,33,47,160,48,,,,*56
$GAGSV,2,1,07,04,40,255,47,06,16,246,31,10,46,314,49,12,70,293,48*66
$GAGSV,2,2,07,19,68,359,46,28,63,275,50,33,47,160,48,,,,*56
$GAGSV,2,1,07,04,40,255,47,06,16,246,31,10,46,314,49,12,70,293,48*66
$GAGSV,2,2,07,19,68,359,46,28,63,275,50,33,47,160,48,,,,*56
$GAGSV,2,1,07,04,40,255,47,06,16,246,31,10,46,314,49,12,70,293,48*66
$GAGSV,2,2,07,19,68,359,46,28,63,275,50,33,47,160,48,,,,*56
$GAGSV,2,1,07,04,40,255,47,06,16,246,32,10,46,314,49,12,70,293,48*65
$GAGSV,2,2,07,19,68,359,46,28,63,275,50,33,47,160,48,,,,*56
$GAGSV,2,1,07,04,40,255,46,06,16,246,32,10,46,314,48,12,70,293,48*65
$GAGSV,2,2,07,19,68,359,46,28,63,275,50,33,47,160,48,,,,*56
$GAGSV,2,1,07,04,40,255,46,06,16,246,31,10,46,314,48,12,70,293,48*66
$GAGSV,2,2,07,19,68,359,46,28,63,275,50,33,47,160,48,,,,*56
$GAGSV,2,1,07,04,40,255,46,06,16,246,30,10,46,314,48,12,70,293,48*67
$GAGSV,2,2,07,19,68,359,46,28,63,275,50,33,47,160,48,,,,*56
$GAGSV,2,1,07,04,40,255,46,06,16,246,30,10,46,314,48,12,70,293,47*68
$GAGSV,2,2,07,19,68,359,46,28,63,275,50,33,47,160,48,,,,*56
$GAGSV,2,1,07,04,40,255,46,06,16,246,31,10,46,314,48,12,70,293,47*69
$GAGSV,2,2,07,19,68,359,46,28,63,275,50,33,47,160,48,,,,*56
$GAGSV,2,1,07,04,40,255,46,06,16,246,31,10,46,314,48,12,70,293,47*69
$GAGSV,2,2,07,19,68,359,46,28,63,275,49,33,47,160,48,,,,*5E
$GAGSV,2,1,07,04,40,255,46,06,16,246,31,10,46,314,48,12,70,293,47*69
$GAGSV,2,2,07,19,68,359,46,28,63,275,49,33,47,160,48,,,,*5E
$GAGSV,2,1,07,04,40,255,46,06,16,246,32,10,46,314,48,12,70,293,47*6A
$GAGSV,2,2,07,19,68,359,46,28,63,275,49,33,47,160,47,,,,*51
$GAGSV,2,1,07,04,40,255,46,06,16,246,33,10,46,314,48,12,70,293,47*6B
$GAGSV,2,2,07,19,68,359,46,28,63,275,49,33,47,160,47,,,,*51
$GAGSV,2,1,07,04,40,255,46,06,16,246,32,10,46,314,48,12,70,293,47*6A
$GAGSV,2,2,07,19,68,359,46,28,63,275,49,33,47,160,47,,,,*51
$GAGSV,2,1,07,04,40,255,46,06,16,246,32,10,46,314,48,12,70,293,47*6A
$GAGSV,2,2,07,19,68,359,45,28,63,275,49,33,47,160,47,,,,*52
$GAGSV,2,1,07,04,40,255,46,06,16,246,32,10,46,314,48,12,70,293,47*6A
$GAGSV,2,2,07,19,68,359,46,28,63,275,49,33,47,160,47,,,,*51
$GAGSV,2,1,07,04,40,255,46,06,16,246,32,10,46,314,48,12,70,293,47*6A
$GAGSV,2,2,07,19,68,359,46,28,63,275,49,33,47,160,47,,,,*51
$GAGSV,2,1,07,04,40,255,46,06,16,246,33,10,46,314,48,12,70,293,47*6B
$GAGSV,2,2,07,19,68,359,46,28,63,275,49,33,47,160,47,,,,*51
$GAGSV,2,1,07,04,40,255,46,06,16,246,32,10,46,314,48,12,70,293,47*6A
$GAGSV,2,2,07,19,68,359,46,28,63,275,49,33,47,160,47,,,,*51
$GAGSV,2,1,07,04,40,255,46,06,16,246,32,10,46,314,48,12,70,293,47*6A
$GAGSV,2,2,07,19,68,359,46,28,63,275,49,33,47,160,47,,,,*51
$GAGSV,2,1,07,04,40,255,46,06,16,246,32,10,46,314,48,12,70,293,47*6A
$GAGSV,2,2,07,19,68,359,46,28,63,275,49,33,47,160,47,,,,*51
$GAGSV,2,1,07,04,40,255,46,06,16,246,33,10,46,314,48,12,70,293,47*6B
$GAGSV,2,2,07,19,68,359,46,28,63,275,49,33,47,160,47,,,,*51
$GAGSV,2,1,07,04,40,255,46,06,16,246,33,10,46,314,48,12,70,293,47*6B
$GAGSV,2,2,07,19,68,359,46,28,63,275,49,33,47,160,47,,,,*51
$GAGSV,2,1,07,04,40,255,46,06,16,246,33,10,46,314,48,12,70,293,47*6B
$GAGSV,2,2,07,19,68,359,46,28,63,275,49,33,47,160,47,,,,*51
$GAGSV,2,1,07,04,40,255,46,06,16,246,33,10,46,314,48,12,70,293,47*6B
$GAGSV,2,2,07,19,68,359,46,28,63,275,49,33,47,160,47,,,,*51
$GAGSV,2,1,07,04,40,255,46,06,16,246,32,10,46,314,48,12,70,292,47*6B
$GAGSV,2,2,07,19,68,359,46,28,63,275,49,33,47,160,47,,,,*51
$GAGSV,2,1,07,04,40,255,46,06,16,246,33,10,46,314,48,12,70,292,47*6A
$GAGSV,2,2,07,19,68,359,46,28,63,275,49,33,47,160,47,,,,*51
$GAGSV,2,1,07,04,40,255,46,06,16,246,33,10,46,314,48,12,70,292,47*6A
$GAGSV,2,2,07,19,68,359,45,28,63,275,49,33,47,160,47,,,,*52
$GAGSV,2,1,07,04,40,255,46,06,16,246,34,10,46,314,48,12,70,292,47*6D
$GAGSV,2,2,07,19,68,359,45,28,63,275,49,33,47,160,47,,,,*52
$GAGSV,2,1,07,04,40,255,46,06,16,246,33,10,46,314,48,12,70,292,47*6A
$GAGSV,2,2,07,19,68,359,45,28,63,275,49,33,47,160,47,,,,*52
$GAGSV,2,1,07,04,40,255,46,06,16,246,34,10,46,314,48,12,70,292,47*6D
$GAGSV,2,2,07,19,68,359,45,28,63,275,49,33,47,160,47,,,,*52
$GAGSV,2,1,07,04,40,255,46,06,16,246,34,10,46,314,48,12,70,292,47*6D
$GAGSV,2,2,07,19,68,359,45,28,63,275,49,33,47,160,47,,,,*52
$GAGSV,2,1,07,04,40,255,46,06,16,246,34,10,46,314,48,12,70,292,47*6D
$GAGSV,2,2,07,19,68,359,45,28,63,275,49,33,47,160,47,,,,*52
$GAGSV,2,1,07,04,40,255,46,06,16,246,34,10,46,314,48,12,70,292,47*6D
$GAGSV,2,2,07,19,68,359,45,28,63,275,49,33,47,160,47,,,,*52
$GAGSV,2,1,07,04,40,255,46,06,16,246,34,10,46,314,48,12,70,292,47*6D
$GAGSV,2,2,07,19,68,359,45,28,63,275,49,33,47,160,47,,,,*52
$GAGSV,2,1,07,04,40,255,46,06,16,246,34,10,46,314,48,12,70,292,47*6D
$GAGSV,2,2,07,19,68,359,45,28,63,275,49,33,47,160,47,,,,*52
$GAGSV,2,1,07,04,40,255,46,06,16,246,34,10,46,314,48,12,70,292,47*6D
$GAGSV,2,2,07,19,68,359,45,28,63,275,49,33,47,160,47,,,,*52
$GAGSV,2,1,07,04,40,255,46,06,16,246,33,10,46,314,48,12,70,292,47*6A
$GAGSV,2,2,07,19,68,359,45,28,63,275,49,33,47,160,47,,,,*52
$GAGSV,2,1,07,04,40,255,46,06,16,246,32,10,46,314,48,12,70,292,47*6B
$GAGSV,2,2,07,19,68,359,45,28,63,275,49,33,47,160,47,,,,*52
$GAGSV,2,1,07,04,40,255,46,06,16,246,31,10,46,314,48,12,70,292,47*68
$GAGSV,2,2,07,19,68,359,45,28,63,275,49,33,47,160,47,,,,*52
$GAGSV,2,1,07,04,40,255,46,06,16,246,31,10,46,314,48,12,70,292,47*68
$GAGSV,2,2,07,19,68,359,45,28,63,275,49,33,47,160,47,,,,*52
$GAGSV,2,1,07,04,40,255,46,06,16,246,31,10,46,314,48,12,70,292,47*68
$GAGSV,2,2,07,19,68,359,45,28,63,275,49,33,47,160,47,,,,*52
$GAGSV,2,1,07,04,40,255,46,06,16,246,32,10,46,314,48,12,70,292,47*6B
$GAGSV,2,2,07,19,68,359,45,28,63,275,49,33,47,160,47,,,,*52
$GAGSV,2,1,07,04,40,255,46,06,16,246,32,10,46,314,48,12,70,292,47*6B
$GAGSV,2,2,07,19,68,359,45,28,63,275,49,33,47,160,47,,,,*52
$GAGSV,2,1,07,04,40,255,46,06,16,246,33,10,46,314,48,12,70,292,47*6A
$GAGSV,2,2,07,19,68,359,45,28,63,275,49,33,47,160,47,,,,*52
$GAGSV,2,1,07,04,40,255,46,06,16,246,33,10,46,314,48,12,70,292,47*6A
$GAGSV,2,2,07,19,68,359,45,28,63,275,49,33,47,160,47,,,,*52
$GAGSV,2,1,07,04,40,255,46,06,16,246,33,10,46,314,48,12,70,292,47*6A
$GAGSV,2,2,07,19,68,359,45,28,63,275,49,33,47,160,47,,,,*52
$GAGSV,2,1,07,04,40,255,46,06,16,246,32,10,46,314,48,12,70,292,47*6B
$GAGSV,2,2,07,19,68,359,45,28,63,275,49,33,47,160,47,,,,*52
$GAGSV,2,1,07,04,40,255,46,06,16,246,31,10,46,314,48,12,70,292,47*68
$GAGSV,2,2,07,19,68,359,45,28,63,275,49,33,47,160,47,,,,*52
$GAGSV,2,1,07,04,40,255,46,06,16,246,31,10,46,314,48,12,70,292,47*68
$GAGSV,2,2,07,19,68,359,45,28,63,275,49,33,47,160,47,,,,*52
$GAGSV,2,1,07,04,40,255,46,06,16,246,31,10,46,314,48,12,70,292,47*68
$GAGSV,2,2,07,19,68,359,45,28,63,275,49,33,47,160,47,,,,*52
$GAGSV,2,1,07,04,40,255,46,06,16,246,32,10,46,314,48,12,70,292,47*6B
$GAGSV,2,2,07,19,68,359,45,28,63,275,49,33,47,160,47,,,,*52
$GAGSV,2,1,07,04,40,255,46,06,16,246,32,10,46,314,48,12,70,292,47*6B
$GAGSV,2,2,07,19,68,359,45,28,63,275,49,33,47,160,47,,,,*52
$GAGSV,2,1,07,04,40,255,46,06,16,246,31,10,46,314,48,12,70,292,47*68
$GAGSV,2,2,07,19,68,359,45,28,63,275,49,33,47,160,47,,,,*52
$GAGSV,2,1,07,04,40,255,46,06,16,246,31,10,46,314,48,12,70,292,47*68
$GAGSV,2,2,07,19,68,359,45,28,63,275,48,33,47,160,47,,,,*53
$GAGSV,2,1,07,04,40,255,46,06,16,246,31,10,46,314,48,12,70,292,47*68
$GAGSV,2,2,07,19,68,359,45,28,63,275,48,33,47,160,47,,,,*53
$GAGSV,2,1,07,04,40,255,46,06,16,246,31,10,46,314,48,12,70,292,47*68
$GAGSV,2,2,07,19,68,359,46,28,63,275,48,33,47,160,47,,,,*50
$GAGSV,2,1,07,04,40,255,46,06,16,246,31,10,46,314,48,12,70,292,47*68
$GAGSV,2,2,07,19,68,359,46,28,63,275,48,33,47,160,47,,,,*50
$GAGSV,2,1,07,04,40,255,47,06,16,246,32,10,46,314,48,12,70,292,47*6A
$GAGSV,2,2,07,19,68,359,46,28,63,275,48,33,47,160,47,,,,*50
$GAGSV,2,1,07,04,40,255,46,06,16,246,31,10,46,314,48,12,70,292,47*68
$GAGSV,2,2,07,19,68,359,45,28,63,275,48,33,47,160,47,,,,*53
$GAGSV,2,1,07,04,40,255,46,06,16,246,31,10,46,314,48,12,70,292,47*68
$GAGSV,2,2,07,19,68,359,45,28,63,275,48,33,47,160,47,,,,*53
$GAGSV,2,1,07,04,40,255,46,06,16,246,31,10,46,314,48,12,70,292,47*68
$GAGSV,2,2,07,19,68,359,45,28,63,275,48,33,47,160,47,,,,*53
$GAGSV,2,1,07,04,40,255,46,06,16,246,31,10,46,314,47,12,70,292,47*67
$GAGSV,2,2,07,19,68,359,45,28,63,275,48,33,47,160,47,,,,*53
$GAGSV,2,1,07,04,40,255,46,06,16,246,32,10,46,314,47,12,70,292,47*64
$GAGSV,2,2,07,19,68,359,46,28,63,275,48,33,47,160,47,,,,*50
$GAGSV,2,1,07,04,40,255,46,06,16,246,32,10,46,314,47,12,70,292,47*64
$GAGSV,2,2,07,19,68,359,45,28,63,275,48,33,47,160,47,,,,*53
$GAGSV,2,1,07,04,40,255,46,06,16,246,33,10,46,314,47,12,70,292,47*65
$GAGSV,2,2,07,19,68,359,45,28,63,275,48,33,47,160,47,,,,*53
$GAGSV,2,1,07,04,40,255,46,06,16,246,33,10,46,314,47,12,70,292,47*65
$GAGSV,2,2,07,19,68,359,45,28,63,275,48,33,47,160,47,,,,*53
$GAGSV,2,1,07,04,40,255,46,06,16,246,33,10,46,314,47,12,70,292,47*65
$GAGSV,2,2,07,19,68,359,45,28,63,275,48,33,47,160,47,,,,*53
$GAGSV,2,1,07,04,40,255,46,06,16,246,33,10,46,314,47,12,70,292,47*65
$GAGSV,2,2,07,19,68,359,45,28,63,275,49,33,47,160,47,,,,*52
$GAGSV,2,1,07,04,40,255,46,06,16,246,32,10,46,314,47,12,70,292,47*64
$GAGSV,2,2,07,19,68,359,45,28,63,275,49,33,47,160,47,,,,*52
$GAGSV,2,1,07,04,40,255,46,06,16,246,33,10,46,314,47,12,70,292,47*65
$GAGSV,2,2,07,19,68,359,45,28,63,275,49,33,47,160,47,,,,*52
$GAGSV,2,1,07,04,40,255,46,06,16,246,33,10,46,314,47,12,70,292,47*65
$GAGSV,2,2,07,19,68,359,45,28,63,275,49,33,47,160,47,,,,*52
$GAGSV,2,1,07,04,40,255,46,06,16,246,33,10,46,314,47,12,70,292,47*65
$GAGSV,2,2,07,19,68,359,45,28,63,275,49,33,47,160,47,,,,*52
$GAGSV,2,1,07,04,40,255,46,06,16,246,33,10,46,314,47,12,70,292,47*65
$GAGSV,2,2,07,19,68,359,45,28,63,275,49,33,47,160,47,,,,*52
$GAGSV,2,1,07,04,40,255,46,06,16,246,33,10,46,314,47,12,70,292,47*65
$GAGSV,2,2,07,19,68,359,45,28,63,275,49,33,47,160,47,,,,*52
$GAGSV,2,1,07,04,40,255,46,06,16,246,32,10,46,314,47,12,70,292,47*64
$GAGSV,2,2,07,19,68,359,45,28,63,275,49,33,47,160,47,,,,*52
$GAGSV,2,1,07,04,40,255,46,06,16,246,32,10,46,314,47,12,70,292,47*64
$GAGSV,2,2,07,19,68,359,45,28,63,275,49,33,47,160,47,,,,*52
$GAGSV,2,1,07,04,40,255,46,06,16,246,32,10,46,314,47,12,70,292,47*64
$GAGSV,2,2,07,19,68,359,45,28,63,275,49,33,47,160,47,,,,*52
$GAGSV,2,1,07,04,40,255,46,06,16,246,32,10,46,314,47,12,70,292,47*64
$GAGSV,2,2,07,19,68,359,45,28,63,275,49,33,47,160,47,,,,*52
$GAGSV,2,1,07,04,40,255,46,06,16,246,32,10,46,314,47,12,70,292,47*64
$GAGSV,2,2,07,19,68,359,45,28,63,275,49,33,47,160,47,,,,*52
$GAGSV,2,1,07,04,40,255,46,06,16,246,32,10,46,314,47,12,70,292,47*64
$GAGSV,2,2,07,19,68,359,45,28,63,275,48,33,47,160,47,,,,*53
$GAGSV,2,1,07,04,40,255,46,06,16,246,32,10,46,314,47,12,70,292,47*64
$GAGSV,2,2,07,19,68,359,45,28,63,275,48,33,47,160,47,,,,*53
$GAGSV,2,1,07,04,40,255,46,06,16,246,32,10,46,314,47,12,70,292,47*64
$GAGSV,2,2,07,19,68,359,45,28,63,275,48,33,47,160,47,,,,*53
$GAGSV,2,1,07,04,40,255,46,06,16,246,32,10,46,314,47,12,70,292,47*64
$GAGSV,2,2,07,19,68,359,45,28,63,275,48,33,47,160,47,,,,*53
$GAGSV,2,1,07,04,40,255,46,06,16,246,32,10,46,314,47,12,70,292,47*64
$GAGSV,2,2,07,19,68,359,45,28,63,275,48,33,47,160,47,,,,*53
$GAGSV,2,1,07,04,40,255,46,06,16,246,32,10,46,314,47,12,70,292,47*64
$GAGSV,2,2,07,19,68,359,45,28,63,275,48,33,47,160,47,,,,*53
$GAGSV,2,1,07,04,40,255,46,06,16,246,32,10,46,314,47,12,70,292,47*64
$GAGSV,2,2,07,19,68,359,45,28,63,275,48,33,47,160,47,,,,*53
$GAGSV,2,1,07,04,40,255,46,06,16,246,32,10,46,314,47,12,70,292,47*64
$GAGSV,2,2,07,19,68,359,46,28,63,275,48,33,47,160,47,,,,*50
$GAGSV,2,1,07,04,40,255,46,06,16,246,33,10,46,314,47,12,70,292,47*65
$GAGSV,2,2,07,19,68,359,46,28,63,275,48,33,47,160,47,,,,*50
$GAGSV,2,1,07,04,40,255,46,06,16,246,33,10,46,314,47,12,70,292,47*65
$GAGSV,2,2,07,19,68,359,46,28,63,275,48,33,47,160,47,,,,*50
$GAGSV,2,1,07,04,40,255,46,06,16,246,32,10,46,314,47,12,70,292,47*64
$GAGSV,2,2,07,19,68,359,46,28,63,275,48,33,47,160,47,,,,*50
$GAGSV,2,1,07,04,40,255,46,06,16,246,31,10,46,314,47,12,70,292,47*67
$GAGSV,2,2,07,19,68,359,46,28,63,275,48,33,47,160,47,,,,*50
$GAGSV,2,1,07,04,40,255,46,06,16,246,30,10,46,314,47,12,70,292,46*67
$GAGSV,2,2,07,19,68,359,46,28,63,275,49,33,47,160,47,,,,*51
$GAGSV,2,1,07,04,40,255,46,06,16,246,29,10,46,314,47,12,70,292,46*6F
$GAGSV,2,2,07,19,68,359,46,28,63,275,49,33,47,160,47,,,,*51
$GAGSV,2,1,07,04,40,255,46,06,16,246,29,10,46,314,47,12,70,292,46*6F
$GAGSV,2,2,07,19,68,359,46,28,63,275,49,33,47,160,47,,,,*51
$GAGSV,2,1,07,04,40,255,46,06,16,246,29,10,46,314,47,12,70,292,46*6F
$GAGSV,2,2,07,19,68,359,46,28,63,275,49,33,47,160,47,,,,*51
$GAGSV,2,1,07,04,40,255,46,06,16,246,30,10,46,314,47,12,70,292,46*67
$GAGSV,2,2,07,19,68,359,46,28,63,275,49,33,47,160,47,,,,*51
$GAGSV,2,1,07,04,40,255,46,06,16,246,30,10,46,314,47,12,70,292,46*67
$GAGSV,2,2,07,19,68,359,46,28,63,275,49,33,47,160,47,,,,*51
$GAGSV,2,1,07,04,40,255,46,06,16,246,30,10,46,314,48,12,70,292,47*69
$GAGSV,2,2,07,19,68,359,46,28,63,275,49,33,47,160,47,,,,*51
$GAGSV,2,1,07,04,40,255,46,06,16,246,30,10,46,314,48,12,70,292,47*69
$GAGSV,2,2,07,19,68,359,46,28,63,275,49,33,47,160,47,,,,*51
$GAGSV,2,1,07,04,40,255,46,06,16,246,30,10,46,314,48,12,70,292,47*69
$GAGSV,2,2,07,19,68,359,46,28,63,275,49,33,47,160,47,,,,*51
$GAGSV,2,1,07,04,40,255,46,06,16,246,30,10,46,314,48,12,70,292,47*69
$GAGSV,2,2,07,19,68,359,46,28,63,275,49,33,47,160,47,,,,*51
$GAGSV,2,1,07,04,40,255,46,06,16,246,31,10,46,314,48,12,70,292,47*68
$GAGSV,2,2,07,19,68,359,46,28,63,275,48,33,47,160,47,,,,*50
$GAGSV,2,1,07,04,40,255,46,06,16,246,31,10,46,314,48,12,70,292,47*68
$GAGSV,2,2,07,19,68,359,46,28,63,275,48,33,47,160,47,,,,*50
$GAGSV,2,1,07,04,40,255,46,06,16,246,31,10,46,314,48,12,70,292,47*68
$GAGSV,2,2,07,19,68,359,46,28,63,275,48,33,47,160,47,,,,*50
$GAGSV,2,1,07,04,40,255,46,06,16,246,31,10,46,314,48,12,70,292,47*68
$GAGSV,2,2,07,19,68,359,46,28,63,275,48,33,47,160,47,,,,*50
$GAGSV,2,1,07,04,40,255,46,06,16,246,30,10,46,314,48,12,70,292,47*69
$GAGSV,2,2,07,19,68,359,46,28,63,275,48,33,47,160,47,,,,*50
$GAGSV,2,1,07,04,40,255,46,06,16,246,30,10,46,314,48,12,70,292,47*69
$GAGSV,2,2,07,19,68,359,46,28,63,275,48,33,47,160,47,,,,*50
$GAGSV,2,1,07,04,40,255,46,06,16,246,30,10,46,314,48,12,70,292,47*69
$GAGSV,2,2,07,19,68,359,46,28,63,275,48,33,47,160,47,,,,*50
$GAGSV,2,1,07,04,40,255,46,06,16,246,30,10,46,314,48,12,70,292,47*69
$GAGSV,2,2,07,19,68,359,46,28,63,275,48,33,47,160,47,,,,*50
$GAGSV,2,1,07,04,40,255,46,06,16,246,30,10,46,314,48,12,70,292,47*69
$GAGSV,2,2,07,19,68,359,46,28,63,275,48,33,47,160,47,,,,*50
$GAGSV,2,1,07,04,40,255,46,06,16,246,29,10,46,314,48,12,70,292,47*61
$GAGSV,2,2,07,19,68,359,46,28,63,275,48,33,47,160,47,,,,*50
$GAGSV,2,1,07,04,40,255,46,06,16,246,30,10,46,314,48,12,70,292,47*69
$GAGSV,2,2,07,19,68,359,46,28,63,275,48,33,47,160,47,,,,*50
$GAGSV,2,1,07,04,40,255,46,06,16,246,30,10,46,314,48,12,70,292,47*69
$GAGSV,2,2,07,19,68,359,46,28,63,275,48,33,47,160,47,,,,*50
$GAGSV,2,1,07,04,40,255,46,06,16,246,30,10,46,314,48,12,70,292,47*69
$GAGSV,2,2,07,19,68,359,46,28,63,275,48,33,47,160,47,,,,*50
$GAGSV,2,1,07,04,40,255,46,06,16,246,30,10,46,314,48,12,70,292,47*69
$GAGSV,2,2,07,19,68,359,46,28,63,275,48,33,47,160,47,,,,*50
$GAGSV,2,1,07,04,40,255,46,06,16,246,30,10,46,314,48,12,70,292,47*69
$GAGSV,2,2,07,19,68,359,46,28,63,275,48,33,47,160,47,,,,*50
$GAGSV,2,1,07,04,40,255,46,06,16,246,30,10,46,314,48,12,70,292,47*69
$GAGSV,2,2,07,19,68,359,46,28,63,275,48,33,47,160,47,,,,*50
$GAGSV,2,1,07,04,40,255,46,06,16,246,30,10,46,314,48,12,70,292,47*69
$GAGSV,2,2,07,19,68,359,46,28,63,275,48,33,47,160,48,,,,*5F
$GAGSV,2,1,07,04,40,255,46,06,16,246,30,10,46,314,47,12,70,292,47*66
$GAGSV,2,2,07,19,68,359,46,28,63,275,48,33,47,160,47,,,,*50
$GAGSV,2,1,07,04,40,255,46,06,16,246,30,10,46,314,47,12,70,292,47*66
$GAGSV,2,2,07,19,68,359,45,28,63,275,48,33,47,160,47,,,,*53
$GAGSV,2,1,07,04,40,255,46,06,16,246,30,10,46,314,47,12,70,292,47*66
$GAGSV,2,2,07,19,68,359,45,28,63,275,48,33,47,160,47,,,,*53
$GAGSV,2,1,07,04,40,255,46,06,16,246,30,10,46,314,47,12,70,292,47*66
$GAGSV,2,2,07,19,68,359,45,28,63,275,48,33,47,160,47,,,,*53
$GAGSV,2,1,07,04,40,255,46,06,16,246,30,10,46,314,47,12,70,292,47*66
$GAGSV,2,2,07,19,68,359,45,28,63,275,48,33,47,160,47,,,,*53
$GAGSV,2,1,07,04,40,255,46,06,16,246,30,10,46,314,47,12,70,292,47*66
$GAGSV,2,2,07,19,68,359,45,28,63,275,48,33,47,160,47,,,,*53
$GAGSV,2,1,07,04,40,255,46,06,16,246,30,10,46,314,47,12,70,292,47*66
$GAGSV,2,2,07,19,68,359,45,28,63,275,48,33,47,160,47,,,,*53
$GAGSV,2,1,07,04,40,255,46,06,16,246,30,10,46,314,47,12,70,292,47*66
$GAGSV,2,2,07,19,68,359,45,28,63,275,48,33,47,160,47,,,,*53
$GAGSV,2,1,07,04,40,255,46,06,16,246,31,10,46,314,47,12,70,292,46*66
$GAGSV,2,2,07,19,68,359,45,28,63,275,48,33,47,160,47,,,,*53
$GAGSV,2,1,07,04,40,255,46,06,16,246,31,10,46,314,47,12,70,292,46*66
$GAGSV,2,2,07,19,68,359,45,28,63,275,48,33,47,160,47,,,,*53
$GAGSV,2,1,07,04,40,255,46,06,16,246,31,10,46,314,47,12,70,292,46*66
$GAGSV,2,2,07,19,68,359,45,28,63,275,48,33,47,160,47,,,,*53
$GAGSV,2,1,07,04,40,255,46,06,16,246,31,10,46,314,47,12,70,292,46*66
$GAGSV,2,2,07,19,68,359,45,28,63,275,48,33,47,160,47,,,,*53
$GAGSV,2,1,07,04,40,255,46,06,16,246,31,10,46,314,47,12,70,292,46*66
$GAGSV,2,2,07,19,68,359,45,28,63,275,48,33,47,160,47,,,,*53
$GAGSV,2,1,07,04,40,255,46,06,16,246,32,10,46,314,47,12,70,292,46*65
$GAGSV,2,2,07,19,68,359,45,28,63,275,48,33,47,160,47,,,,*53
$GAGSV,2,1,07,04,40,255,46,06,16,246,32,10,46,314,47,12,70,292,47*64
$GAGSV,2,2,07,19,68,359,45,28,63,275,48,33,47,160,48,,,,*5C
$GAGSV,2,1,07,04,40,255,46,06,16,246,33,10,46,314,47,12,70,292,47*65
$GAGSV,2,2,07,19,68,359,45,28,63,275,48,33,47,160,47,,,,*53
$GAGSV,2,1,07,04,40,255,46,06,16,246,33,10,46,314,47,12,70,292,47*65
$GAGSV,2,2,07,19,68,359,45,28,63,275,48,33,47,160,47,,,,*53
$GAGSV,2,1,07,04,40,255,46,06,16,246,33,10,46,314,47,12,70,292,47*65
$GAGSV,2,2,07,19,68,359,45,28,63,275,48,33,47,160,47,,,,*53
$GAGSV,2,1,07,04,40,255,46,06,16,246,33,10,46,314,47,12,70,292,47*65
$GAGSV,2,2,07,19,68,359,45,28,63,275,48,33,47,160,47,,,,*53
$GAGSV,2,1,07,04,40,255,46,06,16,246,32,10,46,314,47,12,70,292,47*64
$GAGSV,2,2,07,19,68,359,45,28,63,275,48,33,47,160,48,,,,*5C
$GAGSV,2,1,07,04,40,255,46,06,16,246,32,10,46,314,47,12,70,292,47*64
$GAGSV,2,2,07,19,68,359,45,28,63,275,48,33,47,160,48,,,,*5C
$GAGSV,2,1,07,04,40,255,46,06,16,246,32,10,46,314,47,12,70,292,47*64
$GAGSV,2,2,07,19,68,359,45,28,63,275,48,33,47,160,48,,,,*5C
$GAGSV,2,1,07,04,40,255,46,06,16,246,32,10,46,314,47,12,70,292,47*64
$GAGSV,2,2,07,19,68,359,45,28,63,275,48,33,47,160,48,,,,*5C
$GAGSV,2,1,07,04,40,255,46,06,16,246,32,10,46,314,47,12,70,292,47*64
$GAGSV,2,2,07,19,68,359,45,28,63,275,48,33,47,160,48,,,,*5C
$GAGSV,2,1,07,04,40,255,46,06,16,246,32,10,46,314,47,12,70,292,47*64
$GAGSV,2,2,07,19,68,359,45,28,63,275,48,33,47,160,48,,,,*5C
$GAGSV,2,1,07,04,40,255,46,06,16,246,33,10,46,314,47,12,70,292,47*65
$GAGSV,2,2,07,19,68,359,45,28,63,275,48,33,47,160,48,,,,*5C
$GAGSV,2,1,07,04,40,255,46,06,16,246,34,10,46,314,47,12,70,292,47*62
$GAGSV,2,2,07,19,68,359,45,28,63,275,48,33,47,160,48,,,,*5C
$GAGSV,2,1,07,04,40,255,46,06,16,246,34,10,46,314,47,12,70,292,47*62
$GAGSV,2,2,07,19,68,359,45,28,63,275,48,33,47,160,48,,,,*5C
$GAGSV,2,1,07,04,40,255,46,06,16,246,34,10,46,314,47,12,70,292,47*62
$GAGSV,2,2,07,19,68,359,45,28,63,275,48,33,47,160,48,,,,*5C
$GAGSV,2,1,07,04,40,255,46,06,16,246,34,10,46,314,47,12,70,292,47*62
$GAGSV,2,2,07,19,68,359,45,28,63,275,48,33,47,160,48,,,,*5C
$GAGSV,2,1,07,04,40,255,46,06,16,246,34,10,46,314,47,12,70,292,47*62
$GAGSV,2,2,07,19,68,359,45,28,63,275,48,33,47,160,48,,,,*5C
$GAGSV,2,1,07,04,40,255,46,06,16,246,34,10,46,314,47,12,70,292,47*62
$GAGSV,2,2,07,19,68,359,45,28,63,275,48,33,47,160,48,,,,*5C
$GAGSV,2,1,07,04,40,255,46,06,16,246,34,10,46,314,47,12,70,292,47*62
$GAGSV,2,2,07,19,68,359,45,28,63,275,48,33,47,160,48,,,,*5C
$GAGSV,2,1,07,04,40,255,46,06,16,246,34,10,46,314,47,12,70,292,47*62
$GAGSV,2,2,07,19,68,359,45,28,63,275,48,33,47,160,48,,,,*5C
$GAGSV,2,1,07,04,40,255,46,06,16,246,34,10,46,314,47,12,70,292,47*62
$GAGSV,2,2,07,19,68,359,45,28,63,275,48,33,47,160,48,,,,*5C
$GAGSV,2,1,07,04,40,255,46,06,16,246,34,10,46,314,47,12,70,292,47*62
$GAGSV,2,2,07,19,68,359,45,28,63,275,48,33,47,160,47,,,,*53
$GAGSV,2,1,07,04,40,255,46,06,16,246,34,10,46,314,47,12,70,292,47*62
$GAGSV,2,2,07,19,68,359,46,28,63,275,48,33,47,160,47,,,,*50
$GAGSV,2,1,07,04,40,255,46,06,16,246,34,10,46,314,47,12,70,292,47*62
$GAGSV,2,2,07,19,68,359,46,28,63,275,48,33,47,160,47,,,,*50
$GAGSV,2,1,07,04,40,255,46,06,16,246,34,10,46,314,47,12,70,292,47*62
$GAGSV,2,2,07,19,68,359,46,28,63,275,48,33,47,160,47,,,,*50
$GAGSV,2,1,07,04,40,255,46,06,16,246,34,10,46,314,47,12,70,292,47*62
$GAGSV,2,2,07,19,68,359,46,28,63,275,48,33,47,160,47,,,,*50
$GAGSV,2,1,07,04,40,255,46,06,16,246,34,10,46,314,47,12,70,292,47*62
$GAGSV,2,2,07,19,68,359,45,28,63,275,48,33,47,160,47,,,,*53
$GAGSV,2,1,07,04,40,255,46,06,16,246,34,10,46,314,47,12,70,292,47*62
$GAGSV,2,2,07,19,68,359,45,28,63,275,48,33,47,160,47,,,,*53
$GAGSV,2,1,07,04,40,255,46,06,16,246,34,10,46,314,47,12,70,292,47*62
$GAGSV,2,2,07,19,68,359,45,28,63,275,48,33,47,160,47,,,,*53
$GAGSV,2,1,07,04,40,255,45,06,16,246,34,10,46,314,47,12,70,292,47*61
$GAGSV,2,2,07,19,68,359,45,28,63,275,48,33,47,160,47,,,,*53
$GAGSV,2,1,07,04,40,255,45,06,16,246,34,10,46,314,47,12,70,292,47*61
$GAGSV,2,2,07,19,68,359,46,28,63,275,48,33,47,160,47,,,,*50
$GAGSV,2,1,07,04,40,255,45,06,16,246,34,10,46,314,47,12,70,292,47*61
$GAGSV,2,2,07,19,68,359,45,28,63,275,48,33,47,160,47,,,,*53
$GAGSV,2,1,07,04,40,255,45,06,16,246,34,10,46,314,47,12,70,292,47*61
$GAGSV,2,2,07,19,68,359,45,28,63,275,48,33,47,160,47,,,,*53
$GAGSV,2,1,07,04,40,255,45,06,16,246,34,10,46,314,48,12,70,292,47*6E
$GAGSV,2,2,07,19,68,359,45,28,63,275,48,33,47,160,47,,,,*53
$GAGSV,2,1,07,04,40,255,45,06,16,246,34,10,46,314,48,12,70,292,47*6E
$GAGSV,2,2,07,19,68,359,45,28,63,275,48,33,47,160,47,,,,*53
$GAGSV,2,1,07,04,40,255,45,06,16,246,34,10,46,314,48,12,70,292,47*6E
$GAGSV,2,2,07,19,68,359,45,28,63,275,48,33,47,160,47,,,,*53
$GAGSV,2,1,07,04,40,255,45,06,16,246,34,10,46,314,48,12,70,292,47*6E
$GAGSV,2,2,07,19,68,359,45,28,63,275,48,33,47,160,47,,,,*53
$GAGSV,2,1,07,04,40,255,46,06,16,246,34,10,46,314,48,12,70,292,47*6D
$GAGSV,2,2,07,19,68,359,45,28,63,275,48,33,47,160,47,,,,*53
$GAGSV,2,1,07,04,40,255,46,06,16,246,34,10,46,314,48,12,70,292,47*6D
$GAGSV,2,2,07,19,68,359,45,28,63,275,49,33,47,160,47,,,,*52
$GAGSV,2,1,07,04,40,255,46,06,16,246,34,10,46,314,48,12,70,292,47*6D
$GAGSV,2,2,07,19,68,359,45,28,63,275,49,33,47,160,47,,,,*52
$GAGSV,2,1,07,04,40,255,46,06,16,246,34,10,46,314,48,12,70,292,47*6D
$GAGSV,2,2,07,19,68,359,45,28,63,275,49,33,47,160,47,,,,*52
$GAGSV,2,1,07,04,40,255,46,06,16,246,35,10,46,314,48,12,70,292,47*6C
$GAGSV,2,2,07,19,68,359,45,28,63,275,49,33,47,160,47,,,,*52
$GAGSV,2,1,07,04,40,255,46,06,16,246,36,10,46,314,48,12,70,292,47*6F
$GAGSV,2,2,07,19,68,359,45,28,63,275,49,33,47,160,47,,,,*52
$GAGSV,2,1,07,04,40,255,46,06,16,246,36,10,46,314,48,12,70,292,47*6F
$GAGSV,2,2,07,19,68,359,45,28,63,275,49,33,47,160,47,,,,*52
$GAGSV,2,1,07,04,40,255,46,06,16,246,36,10,46,314,48,12,70,292,47*6F
$GAGSV,2,2,07,19,68,359,45,28,63,275,49,33,47,160,47,,,,*52
$GAGSV,2,1,07,04,40,255,46,06,16,246,36,10,46,314,48,12,70,292,47*6F
$GAGSV,2,2,07,19,68,359,45,28,63,275,49,33,47,160,47,,,,*52
$GAGSV,2,1,07,04,40,255,46,06,16,246,35,10,46,314,48,12,70,292,47*6C
$GAGSV,2,2,07,19,68,359,45,28,63,275,49,33,47,160,47,,,,*52
$GAGSV,2,1,07,04,40,256,46,06,16,246,35,10,46,314,48,12,70,292,47*6F
$GAGSV,2,2,07,19,68,359,45,28,63,275,48,33,47,160,47,,,,*53
$GAGSV,2,1,07,04,40,256,46,06,16,246,35,10,46,314,48,12,70,292,47*6F
$GAGSV,2,2,07,19,68,359,45,28,63,275,48,33,47,160,47,,,,*53
$GAGSV,2,1,07,04,40,256,46,06,16,246,35,10,46,314,48,12,70,292,47*6F
$GAGSV,2,2,07,19,68,359,45,28,63,275,48,33,47,160,47,,,,*53
$GAGSV,2,1,07,04,40,256,46,06,16,246,35,10,46,314,48,12,70,292,47*6F
$GAGSV,2,2,07,19,68,359,45,28,63,275,48,33,47,160,47,,,,*53
$GAGSV,2,1,07,04,40,256,46,06,16,246,34,10,46,314,47,12,70,292,47*61
$GAGSV,2,2,07,19,68,359,45,28,63,275,48,33,47,160,47,,,,*53
$GAGSV,2,1,07,04,40,256,46,06,16,246,33,10,46,314,47,12,70,292,47*66
$GAGSV,2,2,07,19,68,359,45,28,63,275,48,33,47,160,47,,,,*53
$GAGSV,2,1,07,04,40,256,46,06,16,246,33,10,46,314,47,12,70,292,47*66
$GAGSV,2,2,07,19,68,359,45,28,63,275,48,33,47,160,47,,,,*53
$GAGSV,2,1,07,04,40,256,46,06,16,246,33,10,46,314,47,12,70,292,47*66
$GAGSV,2,2,07,19,68,359,45,28,63,275,48,33,47,160,47,,,,*53
$GAGSV,2,1,07,04,40,256,46,06,16,246,33,10,46,314,47,12,70,292,47*66
$GAGSV,2,2,07,19,68,359,45,28,63,275,48,33,47,160,47,,,,*53
$GAGSV,2,1,07,04,40,256,46,06,16,246,33,10,46,314,47,12,70,292,47*66
$GAGSV,2,2,07,19,68,359,45,28,63,275,48,33,47,160,47,,,,*53
$GAGSV,2,1,07,04,40,256,46,06,16,246,33,10,46,314,47,12,70,292,47*66
$GAGSV,2,2,07,19,68,359,45,28,63,275,48,33,47,160,47,,,,*53
$GAGSV,2,1,07,04,40,256,46,06,16,246,33,10,46,314,47,12,70,292,47*66
$GAGSV,2,2,07,19,68,359,45,28,63,275,48,33,47,160,47,,,,*53
$GAGSV,2,1,07,04,40,256,46,06,16,246,33,10,46,314,47,12,70,292,47*66
$GAGSV,2,2,07,19,68,359,45,28,63,275,48,33,47,160,47,,,,*53
$GAGSV,2,1,07,04,40,256,46,06,16,246,34,10,46,314,47,12,70,292,47*61
$GAGSV,2,2,07,19,68,359,45,28,63,275,48,33,47,160,47,,,,*53
$GAGSV,2,1,07,04,40,256,46,06,16,246,34,10,46,314,47,12,70,292,47*61
$GAGSV,2,2,07,19,68,359,45,28,63,275,48,33,47,160,47,,,,*53
$GAGSV,2,1,07,04,40,256,46,06,16,246,34,10,46,314,47,12,70,292,47*61
$GAGSV,2,2,07,19,68,359,45,28,63,275,48,33,47,160,47,,,,*53
$GAGSV,2,1,07,04,40,256,46,06,16,246,34,10,46,314,47,12,70,292,47*61
$GAGSV,2,2,07,19,68,359,45,28,63,275,48,33,47,160,47,,,,*53
$GAGSV,2,1,07,04,40,256,46,06,16,246,33,10,46,314,47,12,70,292,47*66
$GAGSV,2,2,07,19,68,359,45,28,63,275,48,33,47,160,47,,,,*53
$GAGSV,2,1,07,04,40,256,46,06,16,246,33,10,46,314,47,12,70,292,47*66
$GAGSV,2,2,07,19,68,359,45,28,63,275,48,33,47,160,47,,,,*53
$GAGSV,2,1,07,04,40,256,46,06,16,246,33,10,46,314,48,12,70,292,47*69
$GAGSV,2,2,07,19,68,359,45,28,63,275,48,33,47,160,47,,,,*53
$GAGSV,2,1,07,04,40,256,46,06,16,246,33,10,46,314,48,12,70,292,47*69
$GAGSV,2,2,07,19,68,359,45,28,63,275,48,33,47,160,47,,,,*53
$GAGSV,2,1,07,04,40,256,46,06,16,246,33,10,46,314,48,12,70,292,47*69
$GAGSV,2,2,07,19,68,359,45,28,63,275,48,33,47,160,47,,,,*53
$GAGSV,2,1,07,04,40,256,46,06,16,246,33,10,46,314,48,12,70,292,47*69
$GAGSV,2,2,07,19,68,359,45,28,63,275,48,33,47,160,47,,,,*53
$GAGSV,2,1,07,04,40,256,46,06,16,246,34,10,46,314,48,12,70,292,47*6E
$GAGSV,2,2,07,19,68,359,45,28,63,275,48,33,47,160,47,,,,*53
$GAGSV,2,1,07,04,40,256,46,06,16,246,34,10,46,314,47,12,70,292,47*61
$GAGSV,2,2,07,19,68,359,45,28,63,275,48,33,47,160,47,,,,*53
$GAGSV,2,1,07,04,40,256,46,06,16,246,33,10,46,314,47,12,70,292,47*66
$GAGSV,2,2,07,19,68,359,45,28,63,275,48,33,47,160,47,,,,*53
$GAGSV,2,1,07,04,40,256,46,06,16,246,34,10,46,314,47,12,70,292,47*61
$GAGSV,2,2,07,19,68,359,45,28,63,275,48,33,47,160,47,,,,*53
$GAGSV,2,1,07,04,40,256,46,06,16,246,33,10,46,314,47,12,70,292,47*66
$GAGSV,2,2,07,19,68,359,45,28,63,275,48,33,47,160,47,,,,*53
$GAGSV,2,1,07,04,40,256,46,06,16,246,34,10,46,314,47,12,70,292,47*61
$GAGSV,2,2,07,19,68,359,45,28,63,275,48,33,47,160,47,,,,*53
$GAGSV,2,1,07,04,40,256,46,06,16,246,34,10,46,314,47,12,70,292,47*61
$GAGSV,2,2,07,19,68,359,45,28,63,275,48,33,47,160,47,,,,*53
$GAGSV,2,1,07,04,40,256,46,06,16,246,34,10,46,314,47,12,70,292,47*61
$GAGSV,2,2,07,19,68,359,45,28,63,275,48,33,47,160,47,,,,*53
$GAGSV,2,1,07,04,40,256,46,06,16,246,33,10,46,314,48,12,70,292,47*69
$GAGSV,2,2,07,19,68,359,45,28,63,275,48,33,47,160,47,,,,*53
$GAGSV,2,1,07,04,40,256,46,06,16,246,33,10,46,314,48,12,70,292,47*69
$GAGSV,2,2,07,19,68,359,45,28,63,275,48,33,47,160,47,,,,*53
$GAGSV,2,1,07,04,40,256,46,06,16,246,33,10,46,314,48,12,70,292,47*69
$GAGSV,2,2,07,19,68,359,45,28,63,275,48,33,47,160,47,,,,*53
$GAGSV,2,1,07,04,40,256,46,06,16,246,33,10,46,314,48,12,70,292,47*69
$GAGSV,2,2,07,19,68,359,45,28,63,275,48,33,47,160,47,,,,*53
$GAGSV,2,1,07,04,40,256,45,06,16,246,34,10,46,314,47,12,70,292,47*62
$GAGSV,2,2,07,19,68,359,45,28,63,275,48,33,47,160,47,,,,*53
$GAGSV,2,1,07,04,40,256,45,06,16,246,34,10,46,314,47,12,70,292,47*62
$GAGSV,2,2,07,19,68,359,45,28,63,275,48,33,47,160,47,,,,*53
$GAGSV,2,1,07,04,40,256,45,06,16,246,34,10,46,314,47,12,70,292,47*62
$GAGSV,2,2,07,19,68,359,45,28,63,275,48,33,47,160,47,,,,*53
$GAGSV,2,1,07,04,40,256,45,06,16,246,34,10,46,314,47,12,70,292,47*62
$GAGSV,2,2,07,19,68,359,45,28,63,275,48,33,47,160,47,,,,*53
$GAGSV,2,1,07,04,40,256,45,06,16,246,34,10,46,314,47,12,70,292,47*62
$GAGSV,2,2,07,19,68,359,45,28,63,275,48,33,47,160,47,,,,*53
$GAGSV,2,1,07,04,40,256,45,06,16,246,34,10,46,314,47,12,70,292,47*62
$GAGSV,2,2,07,19,68,359,45,28,63,275,48,33,47,160,47,,,,*53
$GAGSV,2,1,07,04,40,256,46,06,16,246,34,10,46,314,47,12,70,292,47*61
$GAGSV,2,2,07,19,68,359,45,28,63,275,48,33,47,160,47,,,,*53
$GAGSV,2,1,07,04,40,256,46,06,16,246,34,10,46,314,47,12,70,292,47*61
$GAGSV,2,2,07,19,68,359,45,28,63,275,48,33,47,160,47,,,,*53
$GAGSV,2,1,07,04,40,256,46,06,16,246,34,10,46,314,47,12,70,292,47*61
$GAGSV,2,2,07,19,68,359,45,28,63,275,49,33,47,160,47,,,,*52
$GAGSV,2,1,07,04,40,256,46,06,16,246,34,10,46,314,47,12,70,292,47*61
$GAGSV,2,2,07,19,68,359,45,28,63,275,49,33,47,160,47,,,,*52
$GAGSV,2,1,07,04,40,256,46,06,16,246,35,10,46,314,47,12,70,292,47*60
$GAGSV,2,2,07,19,68,359,45,28,63,275,49,33,47,160,47,,,,*52
$GAGSV,2,1,07,04,40,256,46,06,16,246,35,10,46,314,47,12,70,292,47*60
$GAGSV,2,2,07,19,68,359,45,28,63,275,49,33,47,160,47,,,,*52
$GAGSV,2,1,07,04,40,256,46,06,16,246,35,10,46,314,47,12,70,292,47*60
$GAGSV,2,2,07,19,68,359,45,28,63,275,49,33,47,160,47,,,,*52
$GAGSV,2,1,07,04,40,256,46,06,16,246,35,10,46,314,47,12,70,292,47*60
$GAGSV,2,2,07,19,68,359,45,28,63,275,49,33,47,160,47,,,,*52
$GAGSV,2,1,07,04,40,256,46,06,16,246,35,10,46,314,47,12,70,292,47*60
$GAGSV,2,2,07,19,68,359,45,28,63,275,49,33,47,160,47,,,,*52
$GAGSV,2,1,07,04,40,256,46,06,16,246,35,10,46,314,47,12,70,292,47*60
$GAGSV,2,2,07,19,68,359,45,28,63,275,49,33,47,160,47,,,,*52
$GAGSV,2,1,07,04,40,256,46,06,16,246,35,10,46,314,48,12,70,292,47*6F
$GAGSV,2,2,07,19,68,359,45,28,63,275,49,33,47,160,47,,,,*52
$GAGSV,2,1,07,04,40,256,46,06,16,246,35,10,46,314,48,12,70,292,47*6F
$GAGSV,2,2,07,19,68,359,45,28,63,275,49,33,47,160,47,,,,*52
$GAGSV,2,1,07,04,40,256,46,06,16,246,35,10,46,314,48,12,70,292,47*6F
$GAGSV,2,2,07,19,68,359,45,28,63,275,49,33,47,160,47,,,,*52
$GAGSV,2,1,07,04,40,256,46,06,16,246,35,10,46,314,48,12,70,292,47*6F
$GAGSV,2,2,07,19,68,359,45,28,63,275,49,33,47,160,47,,,,*52
$GAGSV,2,1,07,04,40,256,46,06,16,246,35,10,46,314,48,12,70,292,47*6F
$GAGSV,2,2,07,19,68,359,45,28,63,275,49,33,47,160,47,,,,*52
$GAGSV,2,1,07,04,40,256,46,06,16,246,35,10,46,314,48,12,70,292,47*6F
$GAGSV,2,2,07,19,68,359,45,28,63,275,48,33,47,160,47,,,,*53
$GAGSV,2,1,07,04,40,256,46,06,16,246,35,10,46,314,48,12,70,292,47*6F
$GAGSV,2,2,07,19,68,359,45,28,63,275,48,33,47,160,47,,,,*53
$GAGSV,2,1,07,04,40,256,46,06,16,246,35,10,46,314,48,12,70,292,47*6F
$GAGSV,2,2,07,19,68,359,45,28,63,275,48,33,47,160,47,,,,*53
$GAGSV,2,1,07,04,40,256,46,06,16,246,35,10,46,314,48,12,70,292,47*6F
$GAGSV,2,2,07,19,68,359,45,28,63,275,48,33,47,160,47,,,,*53
$GAGSV,2,1,07,04,40,256,46,06,16,246,35,10,46,314,48,12,70,292,47*6F
$GAGSV,2,2,07,19,68,359,45,28,63,275,48,33,47,160,47,,,,*53
$GAGSV,2,1,07,04,40,256,46,06,16,246,35,10,46,314,48,12,70,292,47*6F
$GAGSV,2,2,07,19,68,359,45,28,63,275,48,33,47,160,47,,,,*53
$GAGSV,2,1,07,04,40,256,46,06,16,246,35,10,46,314,48,12,70,292,47*6F
$GAGSV,2,2,07,19,68,359,45,28,63,275,48,33,47,160,47,,,,*53
$GAGSV,2,1,07,04,40,256,46,06,16,246,35,10,46,314,48,12,70,292,47*6F
$GAGSV,2,2,07,19,68,359,45,28,63,275,48,33,47,160,48,,,,*5C
$GAGSV,2,1,07,04,40,256,46,06,16,246,36,10,46,314,48,12,70,292,47*6C
$GAGSV,2,2,07,19,68,359,45,28,63,275,48,33,47,160,47,,,,*53
$GAGSV,2,1,07,04,40,256,46,06,16,246,36,10,46,314,48,12,70,292,47*6C
$GAGSV,2,2,07,19,68,359,45,28,63,275,48,33,47,160,47,,,,*53
$GAGSV,2,1,07,04,40,256,45,06,16,246,36,10,46,314,48,12,70,292,47*6F
$GAGSV,2,2,07,19,68,359,45,28,63,275,48,33,47,160,47,,,,*53
$GAGSV,2,1,07,04,40,256,46,06,16,246,36,10,46,314,48,12,70,292,47*6C
$GAGSV,2,2,07,19,68,359,45,28,63,275,48,33,47,160,47,,,,*53
$GAGSV,2,1,07,04,40,256,46,06,16,246,35,10,46,314,48,12,70,292,46*6E
$GAGSV,2,2,07,19,68,359,45,28,63,275,48,33,47,160,48,,,,*5C
$GAGSV,2,1,07,04,40,256,46,06,16,246,35,10,46,314,48,12,70,292,46*6E
$GAGSV,2,2,07,19,68,359,45,28,63,275,48,33,47,160,48,,,,*5C
$GAGSV,2,1,07,04,40,256,46,06,16,246,35,10,46,314,48,12,70,292,46*6E
$GAGSV,2,2,07,19,68,359,45,28,63,275,48,33,47,160,48,,,,*5C
$GAGSV,2,1,07,04,40,256,46,06,16,246,35,10,46,314,48,12,70,292,46*6E
$GAGSV,2,2,07,19,68,359,45,28,63,275,48,33,47,160,48,,,,*5C
$GAGSV,2,1,07,04,40,256,46,06,16,246,35,10,46,314,48,12,70,292,46*6E
$GAGSV,2,2,07,19,68,359,45,28,63,275,48,33,47,160,48,,,,*5C
$GAGSV,2,1,07,04,40,256,46,06,16,246,35,10,46,314,48,12,70,292,46*6E
$GAGSV,2,2,07,19,68,359,45,28,63,275,48,33,47,160,48,,,,*5C
$GAGSV,2,1,07,04,40,256,46,06,16,246,35,10,46,314,48,12,70,292,46*6E
$GAGSV,2,2,07,19,68,359,45,28,63,275,48,33,47,160,48,,,,*5C
$GAGSV,2,1,07,04,40,256,46,06,16,246,35,10,46,314,47,12,70,292,46*61
$GAGSV,2,2,07,19,68,359,45,28,63,275,48,33,47,160,48,,,,*5C
$GAGSV,2,1,07,04,40,256,46,06,16,246,35,10,46,314,47,12,70,292,46*61
$GAGSV,2,2,07,19,68,359,45,28,63,275,48,33,47,160,48,,,,*5C
$GAGSV,2,1,07,04,40,256,45,06,16,246,35,10,46,314,47,12,70,292,46*62
$GAGSV,2,2,07,19,68,359,45,28,63,275,48,33,47,160,48,,,,*5C
$GAGSV,2,1,07,04,40,256,45,06,16,246,35,10,46,314,47,12,70,292,46*62
$GAGSV,2,2,07,19,68,359,45,28,63,275,48,33,47,160,48,,,,*5C
$GAGSV,2,1,07,04,40,256,45,06,16,246,35,10,46,314,47,12,70,292,46*62
$GAGSV,2,2,07,19,68,359,45,28,63,275,48,33,47,160,48,,,,*5C
$GAGSV,2,1,07,04,40,256,45,06,16,246,35,10,46,314,47,12,70,292,46*62
$GAGSV,2,2,07,19,68,359,45,28,63,275,48,33,47,160,48,,,,*5C
$GAGSV,2,1,07,04,40,256,45,06,16,246,35,10,46,314,47,12,70,292,46*62
$GAGSV,2,2,07,19,68,359,45,28,63,275,48,33,47,160,48,,,,*5C
$GAGSV,2,1,07,04,40,256,45,06,16,246,35,10,46,314,47,12,70,292,46*62
$GAGSV,2,2,07,19,68,359,45,28,63,275,48,33,47,160,48,,,,*5C
$GAGSV,2,1,07,04,40,256,45,06,16,246,34,10,46,314,47,12,70,292,46*63
$GAGSV,2,2,07,19,68,359,45,28,63,275,48,33,47,160,48,,,,*5C
$GAGSV,2,1,07,04,40,256,45,06,16,246,34,10,46,314,47,12,70,292,46*63
$GAGSV,2,2,07,19,68,359,45,28,63,275,48,33,47,160,47,,,,*53
$GAGSV,2,1,07,04,40,256,45,06,16,246,35,10,46,314,47,12,70,292,46*62
$GAGSV,2,2,07,19,68,359,45,28,63,275,48,33,47,160,47,,,,*53
$GAGSV,2,1,07,04,40,256,45,06,16,246,35,10,46,314,47,12,70,292,46*62
$GAGSV,2,2,07,19,68,359,45,28,63,275,48,33,47,160,47,,,,*53
$GAGSV,2,1,07,04,40,256,45,06,16,246,35,10,46,314,47,12,70,292,46*62
$GAGSV,2,2,07,19,68,359,45,28,63,275,48,33,47,160,47,,,,*53
$GAGSV,2,1,07,04,40,256,45,06,16,246,34,10,46,314,47,12,70,292,46*63
$GAGSV,2,2,07,19,68,359,45,28,63,275,48,33,47,160,47,,,,*53
$GAGSV,2,1,07,04,40,256,45,06,16,246,35,10,46,314,47,12,70,292,46*62
$GAGSV,2,2,07,19,68,359,45,28,63,275,48,33,47,160,47,,,,*53
$GAGSV,2,1,07,04,40,256,45,06,16,246,35,10,46,314,47,12,70,292,46*62
$GAGSV,2,2,07,19,68,359,45,28,63,275,48,33,47,160,47,,,,*53
$GAGSV,2,1,07,04,40,256,45,06,16,246,35,10,46,314,47,12,70,292,46*62
$GAGSV,2,2,07,19,68,359,45,28,63,275,48,33,47,160,47,,,,*53
$GAGSV,2,1,07,04,40,256,45,06,16,246,35,10,46,314,47,12,70,292,46*62
$GAGSV,2,2,07,19,68,359,45,28,63,275,48,33,47,160,47,,,,*53
$GAGSV,2,1,07,04,40,256,45,06,16,246,35,10,46,314,47,12,70,292,46*62
$GAGSV,2,2,07,19,68,359,45,28,63,275,48,33,47,160,47,,,,*53
$GAGSV,2,1,07,04,40,256,45,06,16,246,35,10,46,314,48,12,70,292,46*6D
$GAGSV,2,2,07,19,68,359,45,28,63,275,48,33,47,160,47,,,,*53
$GAGSV,2,1,07,04,40,256,45,06,16,246,35,10,46,314,48,12,70,292,46*6D
$GAGSV,2,2,07,19,68,359,45,28,63,276,48,33,47,160,47,,,,*50
$GAGSV,2,1,07,04,40,256,45,06,16,246,35,10,46,314,48,12,70,292,46*6D
$GAGSV,2,2,07,19,68,359,45,28,63,276,48,33,47,160,47,,,,*50
$GAGSV,2,1,07,04,40,256,45,06,16,246,35,10,46,314,48,12,70,292,46*6D
$GAGSV,2,2,07,19,68,359,45,28,63,276,48,33,47,160,47,,,,*50
$GAGSV,2,1,07,04,40,256,45,06,16,246,35,10,46,314,48,12,70,292,46*6D
$GAGSV,2,2,07,19,68,359,45,28,63,276,48,33,47,160,47,,,,*50
$GAGSV,2,1,07,04,40,256,45,06,16,246,35,10,46,314,48,12,70,292,46*6D
$GAGSV,2,2,07,19,68,359,45,28,63,276,48,33,47,160,47,,,,*50
$GAGSV,2,1,07,04,40,256,45,06,16,246,35,10,46,314,48,12,70,292,46*6D
$GAGSV,2,2,07,19,68,359,45,28,63,276,48,33,47,160,47,,,,*50
$GAGSV,2,1,07,04,40,256,45,06,16,246,35,10,46,314,48,12,70,292,46*6D
$GAGSV,2,2,07,19,68,359,45,28,63,276,48,33,47,160,47,,,,*50
$GAGSV,2,1,07,04,40,256,45,06,16,246,34,10,46,314,48,12,70,292,46*6C
$GAGSV,2,2,07,19,68,359,45,28,63,276,48,33,47,160,47,,,,*50
$GAGSV,2,1,07,04,40,256,45,06,16,246,34,10,46,314,48,12,70,292,46*6C
$GAGSV,2,2,07,19,68,359,45,28,63,276,48,33,47,160,47,,,,*50
$GAGSV,2,1,07,04,40,256,45,06,16,246,33,10,46,314,48,12,70,292,46*6B
$GAGSV,2,2,07,19,68,359,45,28,63,276,48,33,47,160,47,,,,*50
$GAGSV,2,1,07,04,40,256,45,06,16,246,33,10,47,314,48,12,70,292,46*6A
$GAGSV,2,2,07,19,68,359,45,28,63,276,48,33,47,160,47,,,,*50
$GAGSV,2,1,07,04,40,256,45,06,16,246,32,10,47,314,48,12,70,292,46*6B
$GAGSV,2,2,07,19,68,359,45,28,63,276,49,33,47,160,47,,,,*51
$GAGSV,2,1,07,04,40,256,45,06,16,246,32,10,47,314,48,12,70,292,46*6B
$GAGSV,2,2,07,19,68,359,45,28,63,276,49,33,47,160,47,,,,*51
$GAGSV,2,1,07,04,40,256,45,06,16,246,32,10,47,314,48,12,70,292,46*6B
$GAGSV,2,2,07,19,68,359,45,28,63,276,49,33,47,160,47,,,,*51
$GAGSV,2,1,07,04,40,256,45,06,16,246,33,10,47,314,48,12,70,292,46*6A
$GAGSV,2,2,07,19,68,359,45,28,63,276,48,33,47,160,47,,,,*50
$GAGSV,2,1,07,04,40,256,45,06,16,246,33,10,47,314,48,12,70,292,46*6A
$GAGSV,2,2,07,19,68,359,45,28,63,276,48,33,47,160,47,,,,*50
$GAGSV,2,1,07,04,40,256,45,06,16,246,33,10,47,314,48,12,70,292,46*6A
$GAGSV,2,2,07,19,68,359,45,28,63,276,48,33,47,160,47,,,,*50
$GAGSV,2,1,07,04,40,256,45,06,16,246,33,10,47,314,48,12,70,292,46*6A
$GAGSV,2,2,07,19,68,359,45,28,63,276,48,33,47,160,47,,,,*50
$GAGSV,2,1,07,04,40,256,45,06,16,246,33,10,47,314,48,12,70,292,46*6A
$GAGSV,2,2,07,19,68,359,45,28,63,276,49,33,47,160,47,,,,*51
$GAGSV,2,1,07,04,40,256,45,06,16,246,33,10,47,314,48,12,70,292,46*6A
$GAGSV,2,2,07,19,68,359,45,28,63,276,49,33,47,160,47,,,,*51
$GAGSV,2,1,07,04,40,256,45,06,16,246,34,10,47,314,48,12,70,292,47*6C
$GAGSV,2,2,07,19,68,359,45,28,63,276,49,33,47,160,47,,,,*51
$GAGSV,2,1,07,04,40,256,45,06,16,246,34,10,47,314,47,12,70,292,47*63
$GAGSV,2,2,07,19,68,359,45,28,63,276,49,33,47,160,47,,,,*51
$GAGSV,2,1,07,04,40,256,45,06,16,246,34,10,47,314,47,12,70,292,47*63
$GAGSV,2,2,07,19,68,359,45,28,63,276,49,33,47,160,47,,,,*51
$GAGSV,2,1,07,04,40,256,45,06,16,246,34,10,47,314,47,12,70,292,47*63
$GAGSV,2,2,07,19,68,359,45,28,63,276,49,33,47,160,48,,,,*5E
$GAGSV,2,1,07,04,40,256,45,06,16,246,34,10,47,314,47,12,70,292,47*63
$GAGSV,2,2,07,19,68,359,45,28,63,276,49,33,47,160,47,,,,*51
$GAGSV,2,1,07,04,40,256,45,06,16,246,34,10,47,314,47,12,70,292,47*63
$GAGSV,2,2,07,19,68,359,45,28,63,276,49,33,47,160,47,,,,*51
$GAGSV,2,1,07,04,40,256,45,06,16,246,33,10,47,314,47,12,70,292,47*64
$GAGSV,2,2,07,19,68,359,45,28,63,276,49,33,47,160,47,,,,*51
$GAGSV,2,1,07,04,40,256,45,06,16,246,33,10,47,314,47,12,70,292,47*64
$GAGSV,2,2,07,19,68,359,45,28,63,276,49,33,47,160,47,,,,*51
$GAGSV,2,1,07,04,40,256,45,06,16,246,34,10,47,314,47,12,70,292,47*63
$GAGSV,2,2,07,19,68,359,45,28,63,276,48,33,47,160,47,,,,*50
$GAGSV,2,1,07,04,40,256,45,06,16,246,34,10,47,314,47,12,70,292,47*63
$GAGSV,2,2,07,19,68,359,45,28,63,276,48,33,47,160,47,,,,*50
$GAGSV,2,1,07,04,40,256,45,06,16,246,34,10,47,314,47,12,70,291,47*60
$GAGSV,2,2,07,19,68,359,45,28,63,276,48,33,47,160,47,,,,*50
$GAGSV,2,1,07,04,40,256,45,06,16,246,34,10,47,314,47,12,70,291,47*60
$GAGSV,2,2,07,19,68,359,44,28,63,276,48,33,47,160,47,,,,*51
$GAGSV,2,1,07,04,40,256,45,06,16,246,34,10,47,314,47,12,70,291,47*60
$GAGSV,2,2,07,19,68,359,44,28,63,276,48,33,47,160,47,,,,*51
$GAGSV,2,1,07,04,40,256,45,06,16,246,34,10,47,314,47,12,70,291,47*60
$GAGSV,2,2,07,19,68,359,44,28,63,276,48,33,47,160,47,,,,*51
$GAGSV,2,1,07,04,40,256,45,06,16,246,34,10,47,314,48,12,70,291,47*6F
$GAGSV,2,2,07,19,68,359,44,28,63,276,48,33,47,160,47,,,,*51
$GAGSV,2,1,07,04,40,256,45,06,16,246,34,10,47,314,48,12,70,291,47*6F
$GAGSV,2,2,07,19,68,359,44,28,63,276,48,33,47,160,47,,,,*51
$GAGSV,2,1,07,04,40,256,45,06,16,246,34,10,47,314,48,12,70,291,47*6F
$GAGSV,2,2,07,19,68,359,44,28,63,276,48,33,47,160,47,,,,*51
$GAGSV,2,1,07,04,40,256,45,06,16,246,34,10,47,314,48,12,70,291,47*6F
$GAGSV,2,2,07,19,68,359,44,28,63,276,48,33,47,160,47,,,,*51
$GAGSV,2,1,07,04,40,256,45,06,16,246,34,10,47,314,48,12,70,291,47*6F
$GAGSV,2,2,07,19,68,359,44,28,63,276,48,33,47,160,47,,,,*51
$GAGSV,2,1,07,04,40,256,45,06,16,246,35,10,47,314,48,12,70,291,47*6E
$GAGSV,2,2,07,19,68,359,44,28,63,276,48,33,47,160,47,,,,*51
$GAGSV,2,1,07,04,40,256,45,06,16,246,35,10,47,314,48,12,70,291,47*6E
$GAGSV,2,2,07,19,68,359,44,28,63,276,48,33,47,160,48,,,,*5E
$GAGSV,2,1,07,04,40,256,45,06,16,246,35,10,47,314,47,12,70,291,47*61
$GAGSV,2,2,07,19,68,359,44,28,63,276,48,33,47,160,48,,,,*5E
$GAGSV,2,1,07,04,40,256,45,06,16,246,35,10,47,314,47,12,70,291,47*61
$GAGSV,2,2,07,19,68,359,44,28,63,276,48,33,47,160,48,,,,*5E
$GAGSV,2,1,07,04,40,256,45,06,16,246,35,10,47,314,47,12,70,291,47*61
$GAGSV,2,2,07,19,68,359,44,28,63,276,48,33,47,160,48,,,,*5E
$GAGSV,2,1,07,04,40,256,45,06,16,246,35,10,47,314,47,12,70,291,47*61
$GAGSV,2,2,07,19,68,359,44,28,63,276,48,33,47,160,48,,,,*5E
$GAGSV,2,1,07,04,40,256,45,06,16,246,36,10,47,314,47,12,70,291,47*62
$GAGSV,2,2,07,19,68,359,44,28,63,276,48,33,47,160,48,,,,*5E
$GAGSV,2,1,07,04,40,256,44,06,16,246,36,10,47,314,47,12,70,291,47*63
$GAGSV,2,2,07,19,68,359,44,28,63,276,48,33,47,160,48,,,,*5E
$GAGSV,2,1,07,04,40,256,44,06,16,246,36,10,47,314,47,12,70,291,47*63
$GAGSV,2,2,07,19,68,359,45,28,63,276,48,33,47,160,47,,,,*50
$GAGSV,2,1,07,04,40,256,44,06,16,246,36,10,47,314,47,12,70,291,47*63
$GAGSV,2,2,07,19,68,359,45,28,63,276,48,33,47,160,47,,,,*50
$GAGSV,2,1,07,04,40,256,45,06,16,246,36,10,47,314,47,12,70,291,47*62
$GAGSV,2,2,07,19,68,359,45,28,63,276,48,33,47,160,47,,,,*50
$GAGSV,2,1,07,04,40,256,44,06,16,246,36,10,47,314,47,12,70,291,47*63
$GAGSV,2,2,07,19,68,359,45,28,63,276,48,33,47,160,47,,,,*50
$GAGSV,2,1,07,04,40,256,44,06,16,246,36,10,47,314,47,12,70,291,47*63
$GAGSV,2,2,07,19,68,359,45,28,63,276,48,33,47,160,47,,,,*50
$GAGSV,2,1,07,04,40,256,44,06,16,246,36,10,47,314,47,12,70,291,47*63
$GAGSV,2,2,07,19,68,359,45,28,63,276,48,33,47,160,47,,,,*50
$GAGSV,2,1,07,04,40,256,44,06,16,246,36,10,47,314,47,12,70,291,47*63
$GAGSV,2,2,07,19,68,359,45,28,63,276,48,33,47,160,47,,,,*50
$GAGSV,2,1,07,04,40,256,44,06,16,246,36,10,47,314,47,12,70,291,47*63
$GAGSV,2,2,07,19,68,359,45,28,63,276,48,33,47,160,47,,,,*50
$GAGSV,2,1,07,04,40,256,44,06,16,246,36,10,47,314,48,12,70,291,47*6C
$GAGSV,2,2,07,19,68,359,45,28,63,276,48,33,47,160,47,,,,*50
$GAGSV,2,1,07,04,40,256,44,06,16,246,36,10,47,314,48,12,70,291,47*6C
$GAGSV,2,2,07,19,68,359,45,28,63,276,48,33,47,160,48,,,,*5F
$GAGSV,2,1,07,04,40,256,44,06,16,246,36,10,47,314,48,12,70,291,47*6C
$GAGSV,2,2,07,19,68,359,45,28,63,276,48,33,47,160,48,,,,*5F
$GAGSV,2,1,07,04,40,256,44,06,16,246,36,10,47,314,48,12,70,291,47*6C
$GAGSV,2,2,07,19,68,359,45,28,63,276,48,33,47,160,48,,,,*5F
$GAGSV,2,1,07,04,40,256,44,06,16,246,36,10,47,314,48,12,70,291,47*6C
$GAGSV,2,2,07,19,68,359,45,28,63,276,48,33,47,160,48,,,,*5F
$GAGSV,2,1,07,04,40,256,44,06,16,246,36,10,47,314,48,12,70,291,47*6C
$GAGSV,2,2,07,19,68,359,45,28,63,276,48,33,47,160,48,,,,*5F
$GAGSV,2,1,07,04,40,256,44,06,16,246,36,10,47,314,48,12,70,291,47*6C
$GAGSV,2,2,07,19,68,359,45,28,63,276,49,33,47,160,48,,,,*5E
$GAGSV,2,1,07,04,40,256,44,06,16,246,36,10,47,314,48,12,70,291,47*6C
$GAGSV,2,2,07,19,68,359,45,28,63,276,49,33,47,160,48,,,,*5E
$GAGSV,2,1,07,04,40,256,44,06,16,246,36,10,47,314,48,12,70,291,46*6D
$GAGSV,2,2,07,19,68,359,45,28,63,276,49,33,47,160,48,,,,*5E
$GAGSV,2,1,07,04,40,256,44,06,16,246,36,10,47,314,48,12,70,291,46*6D
$GAGSV,2,2,07,19,68,359,45,28,63,276,49,33,47,160,48,,,,*5E
$GAGSV,2,1,07,04,40,256,44,06,16,246,36,10,47,314,47,12,70,291,46*62
$GAGSV,2,2,07,19,68,359,45,28,63,276,49,33,47,160,48,,,,*5E
$GAGSV,2,1,07,04,40,256,44,06,16,246,36,10,47,314,47,12,70,291,46*62
$GAGSV,2,2,07,19,68,359,45,28,63,276,49,33,47,160,48,,,,*5E
$GAGSV,2,1,07,04,40,256,44,06,16,246,36,10,47,314,47,12,70,291,46*62
$GAGSV,2,2,07,19,68,359,45,28,63,276,49,33,47,160,48,,,,*5E
$GAGSV,2,1,07,04,40,256,44,06,16,246,36,10,47,314,47,12,70,291,46*62
$GAGSV,2,2,07,19,68,359,45,28,63,276,49,33,47,160,48,,,,*5E
$GAGSV,2,1,07,04,40,256,44,06,16,246,36,10,47,314,47,12,70,291,46*62
$GAGSV,2,2,07,19,68,359,45,28,63,276,49,33,47,160,48,,,,*5E
$GAGSV,2,1,07,04,40,256,44,06,16,246,37,10,47,314,47,12,70,291,46*63
$GAGSV,2,2,07,19,68,359,45,28,63,276,49,33,47,160,48,,,,*5E
$GAGSV,2,1,07,04,40,256,44,06,16,246,36,10,47,314,47,12,70,291,46*62
$GAGSV,2,2,07,19,68,359,45,28,63,276,49,33,47,160,48,,,,*5E
$GAGSV,2,1,07,04,40,256,44,06,16,246,36,10,47,314,47,12,70,291,46*62
$GAGSV,2,2,07,19,68,359,45,28,63,276,49,33,47,160,47,,,,*51
$GAGSV,2,1,07,04,40,256,44,06,16,246,36,10,47,314,47,12,70,291,46*62
$GAGSV,2,2,07,19,68,359,45,28,63,276,49,33,47,160,47,,,,*51
$GAGSV,2,1,07,04,40,256,44,06,16,246,36,10,47,314,47,12,70,291,46*62
$GAGSV,2,2,07,19,68,359,45,28,63,276,49,33,47,160,47,,,,*51
$GAGSV,2,1,07,04,40,256,44,06,16,246,36,10,47,314,47,12,70,291,46*62
$GAGSV,2,2,07,19,68,359,45,28,63,276,49,33,47,160,47,,,,*51
$GAGSV,2,1,07,04,40,256,44,06,16,246,36,10,47,314,47,12,70,291,46*62
$GAGSV,2,2,07,19,68,359,45,28,63,276,48,33,47,160,47,,,,*50
$GAGSV,2,1,07,04,40,256,44,06,16,246,36,10,47,314,47,12,70,291,46*62
$GAGSV,2,2,07,19,68,359,45,28,63,276,48,33,47,160,47,,,,*50
$GAGSV,2,1,07,04,40,256,44,06,16,246,36,10,47,314,47,12,70,291,46*62
$GAGSV,2,2,07,19,68,359,45,28,63,276,48,33,47,160,47,,,,*50
$GAGSV,2,1,07,04,40,256,44,06,16,246,35,10,47,314,48,12,70,291,46*6E
$GAGSV,2,2,07,19,68,359,45,28,63,276,48,33,47,160,47,,,,*50
$GAGSV,2,1,07,04,40,256,44,06,16,246,35,10,47,314,48,12,70,291,46*6E
$GAGSV,2,2,07,19,68,359,45,28,63,276,48,33,47,160,47,,,,*50
$GAGSV,2,1,07,04,40,256,44,06,16,246,35,10,47,314,48,12,70,291,46*6E
$GAGSV,2,2,07,19,68,359,45,28,63,276,48,33,47,160,47,,,,*50
$GAGSV,2,1,07,04,40,256,44,06,16,246,35,10,47,314,48,12,70,291,46*6E
$GAGSV,2,2,07,19,68,359,45,28,63,276,48,33,47,160,47,,,,*50
$GAGSV,2,1,07,04,40,256,44,06,16,246,35,10,47,314,48,12,70,291,46*6E
$GAGSV,2,2,07,19,68,359,45,28,63,276,48,33,47,160,47,,,,*50
$GAGSV,2,1,07,04,40,256,44,06,16,246,34,10,47,314,48,12,70,291,46*6F
$GAGSV,2,2,07,19,68,359,45,28,63,276,48,33,47,160,47,,,,*50
$GAGSV,2,1,07,04,40,256,44,06,16,246,34,10,47,314,47,12,70,291,46*60
$GAGSV,2,2,07,19,68,359,45,28,63,276,48,33,47,160,47,,,,*50
$GAGSV,2,1,07,04,40,256,44,06,16,246,34,10,47,314,47,12,70,291,46*60
$GAGSV,2,2,07,19,68,359,45,28,63,276,48,33,47,160,48,,,,*5F
$GAGSV,2,1,07,04,40,256,44,06,16,246,34,10,47,314,47,12,70,291,46*60
$GAGSV,2,2,07,19,68,359,45,28,63,276,48,33,47,160,48,,,,*5F
$GAGSV,2,1,07,04,40,256,44,06,16,246,34,10,47,314,47,12,70,291,46*60
$GAGSV,2,2,07,19,68,359,45,28,63,276,48,33,47,160,48,,,,*5F
$GAGSV,2,1,07,04,40,256,45,06,16,246,34,10,47,314,47,12,70,291,46*61
$GAGSV,2,2,07,19,68,359,45,28,63,276,48,33,47,160,47,,,,*50
$GAGSV,2,1,07,04,40,256,45,06,16,246,34,10,47,314,47,12,70,291,46*61
$GAGSV,2,2,07,19,68,359,45,28,63,276,48,33,47,160,47,,,,*50
$GAGSV,2,1,07,04,40,256,45,06,16,246,34,10,47,314,47,12,70,291,46*61
$GAGSV,2,2,07,19,68,359,45,28,63,276,48,33,47,160,47,,,,*50
$GAGSV,2,1,07,04,40,256,45,06,16,246,34,10,47,314,47,12,70,291,47*60
$GAGSV,2,2,07,19,68,359,45,28,63,276,48,33,47,160,47,,,,*50
$GAGSV,2,1,07,04,40,256,45,06,16,246,34,10,47,314,47,12,70,291,47*60
$GAGSV,2,2,07,19,68,359,45,28,63,276,48,33,47,160,48,,,,*5F
$GAGSV,2,1,07,04,40,256,45,06,16,246,34,10,47,314,47,12,70,291,47*60
$GAGSV,2,2,07,19,68,359,45,28,63,276,48,33,47,160,48,,,,*5F
$GAGSV,2,1,07,04,40,256,45,06,16,246,34,10,47,314,47,12,70,291,47*60
$GAGSV,2,2,07,19,68,360,45,28,63,276,48,33,47,160,48,,,,*55
$GAGSV,2,1,07,04,40,256,45,06,16,246,34,10,47,314,47,12,70,291,47*60
$GAGSV,2,2,07,19,68,360,45,28,63,276,48,33,47,160,47,,,,*5A
$GAGSV,2,1,07,04,40,256,45,06,16,246,34,10,47,314,47,12,70,291,47*60
$GAGSV,2,2,07,19,68,360,45,28,63,276,48,33,47,160,47,,,,*5A
$GAGSV,2,1,07,04,40,256,45,06,16,246,34,10,47,314,47,12,70,291,47*60
$GAGSV,2,2,07,19,68,360,45,28,63,276,48,33,47,160,47,,,,*5A
$GAGSV,2,1,07,04,40,256,45,06,16,246,35,10,47,314,47,12,70,291,47*61
$GAGSV,2,2,07,19,68,360,45,28,63,276,48,33,47,160,47,,,,*5A
$GAGSV,2,1,07,04,40,256,45,06,16,246,35,10,47,314,47,12,70,291,47*61
$GAGSV,2,2,07,19,68,360,45,28,63,276,49,33,47,160,47,,,,*5B
$GAGSV,2,1,07,04,40,256,45,06,16,246,35,10,47,314,47,12,70,291,47*61
$GAGSV,2,2,07,19,68,360,45,28,63,276,49,33,47,160,47,,,,*5B
$GAGSV,2,1,07,04,40,256,45,06,16,246,34,10,47,314,47,12,70,291,47*60
$GAGSV,2,2,07,19,68,360,45,28,63,276,49,33,47,160,47,,,,*5B
$GAGSV,2,1,07,04,40,256,45,06,16,246,34,10,47,314,47,12,70,291,47*60
$GAGSV,2,2,07,19,68,360,45,28,63,276,49,33,47,160,47,,,,*5B
$GAGSV,2,1,07,04,40,256,45,06,16,246,34,10,47,314,48,12,70,291,47*6F
$GAGSV,2,2,07,19,68,360,45,28,63,276,49,33,47,160,47,,,,*5B
$GAGSV,2,1,07,04,40,256,45,06,16,246,34,10,47,314,48,12,70,291,47*6F
$GAGSV,2,2,07,19,68,360,45,28,63,276,49,33,47,160,48,,,,*54
$GAGSV,2,1,07,04,40,256,45,06,16,246,34,10,47,314,48,12,70,291,47*6F
$GAGSV,2,2,07,19,68,360,45,28,63,276,49,33,47,160,48,,,,*54
$GAGSV,2,1,07,04,40,256,45,06,16,246,34,10,47,314,48,12,70,291,47*6F
$GAGSV,2,2,07,19,68,360,45,28,63,276,49,33,47,160,48,,,,*54
$GAGSV,2,1,07,04,40,256,45,06,16,246,34,10,47,314,48,12,70,291,47*6F
$GAGSV,2,2,07,19,68,360,45,28,63,276,49,33,47,160,48,,,,*54
$GAGSV,2,1,07,04,40,256,44,06,16,246,34,10,47,314,48,12,70,291,47*6E
$GAGSV,2,2,07,19,68,360,45,28,63,276,48,33,47,160,48,,,,*55
$GAGSV,2,1,07,04,40,256,44,06,16,246,34,10,47,314,48,12,70,291,47*6E
$GAGSV,2,2,07,19,68,360,45,28,63,276,48,33,47,160,48,,,,*55
$GAGSV,2,1,07,04,40,256,44,06,16,246,34,10,47,314,48,12,70,291,47*6E
$GAGSV,2,2,07,19,68,360,45,28,63,276,48,33,47,160,48,,,,*55
$GAGSV,2,1,07,04,40,256,44,06,16,246,34,10,47,314,48,12,70,291,47*6E
$GAGSV,2,2,07,19,68,360,45,28,63,276,48,33,47,160,47,,,,*5A
$GAGSV,2,1,07,04,40,256,44,06,16,246,34,10,47,314,48,12,70,291,47*6E
$GAGSV,2,2,07,19,68,360,45,28,63,276,48,33,47,160,47,,,,*5A
$GAGSV,2,1,07,04,40,256,44,06,16,246,34,10,47,314,48,12,70,291,47*6E
$GAGSV,2,2,07,19,68,360,45,28,63,276,48,33,47,160,47,,,,*5A
$GAGSV,2,1,07,04,40,256,44,06,16,246,34,10,47,313,48,12,70,291,47*69
$GAGSV,2,2,07,19,68,360,45,28,63,276,48,33,46,160,47,,,,*5B
$GAGSV,2,1,07,04,40,256,44,06,16,246,34,10,47,313,48,12,70,291,47*69
$GAGSV,2,2,07,19,68,360,45,28,63,276,48,33,46,160,47,,,,*5B
$GAGSV,2,1,07,04,40,256,44,06,16,246,34,10,47,313,48,12,70,291,47*69
$GAGSV,2,2,07,19,68,360,45,28,63,276,48,33,46,160,47,,,,*5B
$GAGSV,2,1,07,04,40,256,44,06,16,246,35,10,47,313,48,12,70,291,47*68
$GAGSV,2,2,07,19,68,360,45,28,63,276,49,33,46,160,47,,,,*5A
$GAGSV,2,1,07,04,40,256,44,06,16,246,35,10,47,313,48,12,70,291,47*68
$GAGSV,2,2,07,19,68,360,45,28,63,276,49,33,46,160,47,,,,*5A
$GAGSV,2,1,07,04,40,256,44,06,16,246,36,10,47,313,48,12,70,291,47*6B
$GAGSV,2,2,07,19,68,360,45,28,63,276,49,33,46,160,47,,,,*5A
$GAGSV,2,1,07,04,40,256,44,06,16,246,36,10,47,313,48,12,70,291,47*6B
$GAGSV,2,2,07,19,68,360,45,28,63,276,49,33,46,160,47,,,,*5A
$GAGSV,2,1,07,04,40,256,44,06,16,246,36,10,47,313,48,12,70,291,47*6B
$GAGSV,2,2,07,19,68,360,45,28,63,276,49,33,46,160,47,,,,*5A
$GAGSV,2,1,07,04,40,256,44,06,16,246,36,10,47,313,48,12,70,291,47*6B
$GAGSV,2,2,07,19,68,360,45,28,63,276,49,33,46,160,47,,,,*5A
$GAGSV,2,1,07,04,40,256,44,06,16,246,36,10,47,313,47,12,70,291,47*64
$GAGSV,2,2,07,19,68,360,45,28,63,276,49,33,46,160,47,,,,*5A
$GAGSV,2,1,07,04,40,256,44,06,16,246,36,10,47,313,47,12,70,291,47*64
$GAGSV,2,2,07,19,68,360,45,28,63,276,49,33,46,160,47,,,,*5A
$GAGSV,2,1,07,04,40,256,44,06,16,246,36,10,47,313,47,12,70,291,47*64
$GAGSV,2,2,07,19,68,360,45,28,63,276,49,33,46,160,47,,,,*5A
$GAGSV,2,1,07,04,40,256,44,06,16,246,36,10,47,313,47,12,70,291,47*64
$GAGSV,2,2,07,19,68,360,45,28,63,276,49,33,46,160,47,,,,*5A
$GAGSV,2,1,07,04,40,256,44,06,16,246,36,10,47,313,47,12,70,291,47*64
$GAGSV,2,2,07,19,68,360,45,28,63,276,48,33,46,160,47,,,,*5B
$GAGSV,2,1,07,04,40,256,44,06,16,246,36,10,47,313,47,12,70,291,47*64
$GAGSV,2,2,07,19,68,360,45,28,63,276,48,33,46,160,47,,,,*5B
$GAGSV,2,1,07,04,40,256,44,06,16,246,36,10,47,313,47,12,70,291,47*64
$GAGSV,2,2,07,19,68,360,45,28,63,276,48,33,46,160,47,,,,*5B
$GAGSV,2,1,07,04,40,256,44,06,16,246,36,10,47,313,47,12,70,291,47*64
$GAGSV,2,2,07,19,68,360,45,28,63,276,48,33,46,160,47,,,,*5B
$GAGSV,2,1,07,04,40,256,44,06,16,246,36,10,47,313,47,12,70,291,47*64
$GAGSV,2,2,07,19,68,360,45,28,63,276,48,33,46,160,47,,,,*5B
$GAGSV,2,1,07,04,40,256,44,06,16,246,36,10,47,313,47,12,70,291,47*64
$GAGSV,2,2,07,19,68,360,45,28,63,276,48,33,46,160,47,,,,*5B
$GAGSV,2,1,07,04,40,256,44,06,16,246,37,10,47,313,47,12,70,291,47*65
$GAGSV,2,2,07,19,68,360,45,28,63,276,48,33,46,160,47,,,,*5B
$GAGSV,2,1,07,04,40,256,44,06,16,246,37,10,47,313,47,12,70,291,47*65
$GAGSV,2,2,07,19,68,360,45,28,63,276,48,33,46,160,47,,,,*5B
$GAGSV,2,1,07,04,40,256,44,06,16,246,37,10,47,313,47,12,70,291,47*65
$GAGSV,2,2,07,19,68,360,44,28,63,276,48,33,46,160,47,,,,*5A
$GAGSV,2,1,07,04,40,256,44,06,16,246,37,10,47,313,47,12,70,291,47*65
$GAGSV,2,2,07,19,68,360,44,28,63,276,48,33,46,160,47,,,,*5A
$GAGSV,2,1,07,04,40,256,44,06,16,246,37,10,47,313,47,12,70,291,47*65
$GAGSV,2,2,07,19,68,360,45,28,63,276,48,33,46,160,47,,,,*5B
$GAGSV,2,1,07,04,40,256,44,06,16,246,37,10,47,313,47,12,70,291,47*65
$GAGSV,2,2,07,19,68,360,45,28,63,276,48,33,46,160,47,,,,*5B
$GAGSV,2,1,07,04,40,256,44,06,16,246,37,10,47,313,47,12,70,291,47*65
$GAGSV,2,2,07,19,68,360,45,28,63,276,48,33,46,160,47,,,,*5B
$GAGSV,2,1,07,04,40,256,44,06,16,246,37,10,47,313,47,12,70,291,47*65
$GAGSV,2,2,07,19,68,360,45,28,63,276,48,33,46,160,47,,,,*5B
$GAGSV,2,1,07,04,40,256,44,06,16,246,37,10,47,313,47,12,70,291,47*65
$GAGSV,2,2,07,19,68,360,45,28,63,276,48,33,46,160,47,,,,*5B
$GAGSV,2,1,07,04,40,256,44,06,16,246,37,10,47,313,47,12,70,291,47*65
$GAGSV,2,2,07,19,68,360,45,28,63,276,48,33,46,160,47,,,,*5B
$GAGSV,2,1,07,04,40,256,44,06,16,246,37,10,47,313,47,12,70,291,47*65
$GAGSV,2,2,07,19,68,360,45,28,63,276,48,33,46,160,47,,,,*5B
$GAGSV,2,1,07,04,40,256,44,06,16,246,37,10,47,313,47,12,70,291,47*65
$GAGSV,2,2,07,19,68,360,45,28,63,276,48,33,46,160,47,,,,*5B
$GAGSV,2,1,07,04,40,256,44,06,16,246,37,10,47,313,47,12,70,291,47*65
$GAGSV,2,2,07,19,68,360,45,28,63,276,48,33,46,160,48,,,,*54
$GAGSV,2,1,07,04,40,256,44,06,16,246,38,10,47,313,47,12,70,291,47*6A
$GAGSV,2,2,07,19,68,360,45,28,63,276,48,33,46,160,48,,,,*54
$GAGSV,2,1,07,04,40,256,44,06,16,246,37,10,47,313,47,12,70,291,47*65
$GAGSV,2,2,07,19,68,360,45,28,63,276,48,33,46,160,48,,,,*54
$GAGSV,2,1,07,04,40,256,44,06,16,246,38,10,47,313,47,12,70,291,47*6A
$GAGSV,2,2,07,19,68,360,45,28,63,276,48,33,46,160,48,,,,*54
$GAGSV,2,1,07,04,40,256,44,06,16,246,38,10,47,313,47,12,70,291,47*6A
$GAGSV,2,2,07,19,68,360,45,28,63,276,48,33,46,161,48,,,,*55
$GAGSV,2,1,07,04,40,256,45,06,16,246,38,10,47,313,47,12,70,291,47*6B
$GAGSV,2,2,07,19,68,360,45,28,63,276,48,33,46,161,48,,,,*55
$GAGSV,2,1,07,04,40,256,45,06,16,246,38,10,47,313,47,12,70,291,47*6B
$GAGSV,2,2,07,19,68,360,45,28,63,276,48,33,46,161,48,,,,*55
$GAGSV,2,1,07,04,40,256,44,06,16,246,38,10,47,313,47,12,70,291,47*6A
$GAGSV,2,2,07,19,68,360,45,28,63,276,48,33,46,161,48,,,,*55
$GAGSV,2,1,07,04,40,256,44,06,16,246,38,10,47,313,47,12,70,291,47*6A
$GAGSV,2,2,07,19,68,360,45,28,63,276,48,33,46,161,48,,,,*55
$GAGSV,2,1,07,04,40,256,44,06,16,246,38,10,47,313,47,12,70,291,47*6A
$GAGSV,2,2,07,19,68,360,45,28,63,276,48,33,46,161,48,,,,*55
$GAGSV,2,1,07,04,40,256,44,06,16,246,38,10,47,313,47,12,70,291,47*6A
$GAGSV,2,2,07,19,68,360,45,28,63,276,48,33,46,161,48,,,,*55
$GAGSV,2,1,07,04,40,256,44,06,16,246,38,10,47,313,47,12,70,291,47*6A
$GAGSV,2,2,07,19,68,360,45,28,63,276,48,33,46,161,48,,,,*55
$GAGSV,2,1,07,04,40,256,44,06,16,246,38,10,47,313,47,12,70,291,47*6A
$GAGSV,2,2,07,19,68,360,45,28,63,276,48,33,46,161,48,,,,*55
$GAGSV,2,1,07,04,40,256,44,06,16,246,38,10,47,313,47,12,70,291,47*6A
$GAGSV,2,2,07,19,68,360,45,28,63,276,48,33,46,161,48,,,,*55
$GAGSV,2,1,07,04,40,256,44,06,16,246,38,10,47,313,47,12,70,291,47*6A
$GAGSV,2,2,07,19,68,360,45,28,63,276,48,33,46,161,48,,,,*55
$GAGSV,2,1,07,04,40,256,44,06,16,246,37,10,47,313,47,12,70,291,47*65
$GAGSV,2,2,07,19,68,360,45,28,63,276,48,33,46,161,48,,,,*55
$GAGSV,2,1,07,04,40,256,44,06,16,246,37,10,47,313,47,12,70,291,47*65
$GAGSV,2,2,07,19,68,360,45,28,63,276,48,33,46,161,47,,,,*5A
$GAGSV,2,1,07,04,40,256,44,06,16,246,37,10,47,313,47,12,70,291,47*65
$GAGSV,2,2,07,19,68,360,45,28,63,276,48,33,46,161,47,,,,*5A
$GAGSV,2,1,07,04,40,256,44,06,16,246,37,10,47,313,47,12,70,291,47*65
$GAGSV,2,2,07,19,68,360,45,28,63,276,48,33,46,161,47,,,,*5A
$GAGSV,2,1,07,04,40,256,45,06,16,246,37,10,47,313,47,12,70,291,47*64
$GAGSV,2,2,07,19,68,360,45,28,63,276,48,33,46,161,47,,,,*5A
$GAGSV,2,1,07,04,40,256,45,06,16,246,37,10,47,313,47,12,70,291,47*64
$GAGSV,2,2,07,19,68,360,45,28,63,276,48,33,46,161,47,,,,*5A
$GAGSV,2,1,07,04,40,256,44,06,16,246,37,10,47,313,47,12,70,291,47*65
$GAGSV,2,2,07,19,68,360,45,28,63,276,48,33,46,161,47,,,,*5A
$GAGSV,2,1,07,04,40,256,44,06,16,246,37,10,47,313,47,12,70,291,47*65
$GAGSV,2,2,07,19,68,360,45,28,63,276,48,33,46,161,47,,,,*5A
$GAGSV,2,1,07,04,40,256,44,06,16,246,37,10,47,313,47,12,70,291,47*65
$GAGSV,2,2,07,19,68,360,45,28,63,276,48,33,46,161,47,,,,*5A
$GAGSV,2,1,07,04,40,256,44,06,16,246,37,10,47,313,47,12,70,291,47*65
$GAGSV,2,2,07,19,68,360,45,28,63,276,48,33,46,161,47,,,,*5A
$GAGSV,2,1,07,04,40,256,44,06,16,246,37,10,47,313,47,12,70,291,47*65
$GAGSV,2,2,07,19,68,360,45,28,63,276,48,33,46,161,47,,,,*5A
$GAGSV,2,1,07,04,40,256,44,06,16,246,37,10,47,313,47,12,70,291,47*65
$GAGSV,2,2,07,19,68,360,45,28,63,276,48,33,46,161,46,,,,*5B
$GAGSV,2,1,07,04,40,256,44,06,16,246,37,10,47,313,47,12,70,291,47*65
$GAGSV,2,2,07,19,68,360,45,28,63,276,48,33,46,161,46,,,,*5B
$GAGSV,2,1,07,04,40,256,44,06,16,246,36,10,47,313,47,12,70,291,47*64
$GAGSV,2,2,07,19,68,360,46,28,63,276,48,33,46,161,46,,,,*58
$GAGSV,2,1,07,04,40,256,45,06,16,246,36,10,47,313,47,12,70,291,47*65
$GAGSV,2,2,07,19,68,360,46,28,63,276,48,33,46,161,46,,,,*58
$GAGSV,2,1,07,04,40,256,45,06,16,246,36,10,47,313,47,12,70,291,47*65
$GAGSV,2,2,07,19,68,360,46,28,63,276,48,33,46,161,46,,,,*58
$GAGSV,2,1,07,04,40,256,45,06,16,246,36,10,47,313,47,12,70,291,47*65
$GAGSV,2,2,07,19,68,360,46,28,63,276,48,33,46,161,46,,,,*58
$GAGSV,2,1,07,04,40,256,45,06,16,246,36,10,47,313,47,12,70,291,47*65
$GAGSV,2,2,07,19,68,360,46,28,63,276,48,33,46,161,46,,,,*58
$GAGSV,2,1,07,04,40,256,45,06,16,246,36,10,47,313,47,12,70,291,47*65
$GAGSV,2,2,07,19,68,360,45,28,63,276,48,33,46,161,46,,,,*5B
$GAGSV,2,1,07,04,40,256,45,06,16,246,36,10,47,313,47,12,70,291,47*65
$GAGSV,2,2,07,19,68,360,45,28,63,276,48,33,46,161,46,,,,*5B
$GAGSV,2,1,07,04,40,256,45,06,16,246,35,10,47,313,47,12,70,291,47*66
$GAGSV,2,2,07,19,68,360,45,28,63,276,48,33,46,161,46,,,,*5B
$GAGSV,2,1,07,04,40,256,45,06,16,246,35,10,47,313,47,12,70,291,47*66
$GAGSV,2,2,07,19,68,360,45,28,63,276,48,33,46,161,47,,,,*5A
$GAGSV,2,1,07,04,40,256,45,06,16,246,35,10,47,313,47,12,70,291,47*66
$GAGSV,2,2,07,19,68,360,45,28,63,276,48,33,46,161,47,,,,*5A
$GAGSV,2,1,07,04,40,256,45,06,16,246,35,10,47,313,47,12,70,291,47*66
$GAGSV,2,2,07,19,68,360,45,28,63,276,48,33,46,161,47,,,,*5A
$GAGSV,2,1,07,04,40,256,45,06,16,246,35,10,47,313,47,12,70,291,47*66
$GAGSV,2,2,07,19,68,360,45,28,63,276,48,33,46,161,47,,,,*5A
$GAGSV,2,1,07,04,40,256,45,06,16,246,34,10,47,313,47,12,70,291,47*67
$GAGSV,2,2,07,19,68,360,45,28,63,276,48,33,46,161,47,,,,*5A
$GAGSV,2,1,07,04,40,256,45,06,16,246,34,10,47,313,47,12,70,291,47*67
$GAGSV,2,2,07,19,68,360,45,28,63,276,48,33,46,161,47,,,,*5A
$GAGSV,2,1,07,04,40,256,45,06,16,246,34,10,47,313,47,12,70,291,47*67
$GAGSV,2,2,07,19,68,360,45,28,63,276,48,33,46,161,47,,,,*5A
$GAGSV,2,1,07,04,40,256,45,06,16,246,34,10,47,313,47,12,70,291,47*67
$GAGSV,2,2,07,19,68,360,45,28,63,276,48,33,46,161,47,,,,*5A
$GAGSV,2,1,07,04,40,256,45,06,16,246,34,10,47,313,47,12,70,291,47*67
$GAGSV,2,2,07,19,68,360,45,28,63,276,48,33,46,161,47,,,,*5A
$GAGSV,2,1,07,04,40,256,45,06,16,246,34,10,47,313,47,12,70,291,47*67
$GAGSV,2,2,07,19,68,360,46,28,63,276,48,33,46,161,47,,,,*59
$GAGSV,2,1,07,04,40,256,45,06,16,246,34,10,47,313,47,12,70,291,47*67
$GAGSV,2,2,07,19,68,360,46,28,63,276,48,33,46,161,47,,,,*59
$GAGSV,2,1,07,04,40,256,45,06,16,246,34,10,47,313,47,12,70,291,47*67
$GAGSV,2,2,07,19,68,360,46,28,63,276,48,33,46,161,47,,,,*59
$GAGSV,2,1,07,04,40,256,45,06,16,246,34,10,47,313,47,12,70,291,47*67
$GAGSV,2,2,07,19,68,360,46,28,63,276,48,33,46,161,47,,,,*59
$GAGSV,2,1,07,04,40,256,44,06,16,246,35,10,47,313,47,12,70,291,47*67
$GAGSV,2,2,07,19,68,360,46,28,63,276,48,33,46,161,47,,,,*59
$GAGSV,2,1,07,04,40,256,44,06,16,246,35,10,47,313,47,12,70,291,47*67
$GAGSV,2,2,07,19,68,360,46,28,63,276,48,33,46,161,47,,,,*59
$GAGSV,2,1,07,04,40,256,44,06,16,246,35,10,47,313,47,12,70,291,47*67
$GAGSV,2,2,07,19,68,360,46,28,63,276,48,33,46,161,47,,,,*59
$GAGSV,2,1,07,04,40,256,44,06,16,246,35,10,47,313,47,12,70,291,46*66
$GAGSV,2,2,07,19,68,360,46,28,63,276,48,33,46,161,47,,,,*59
$GAGSV,2,1,07,04,40,256,44,06,16,246,35,10,47,313,47,12,70,291,46*66
$GAGSV,2,2,07,19,68,360,46,28,63,276,48,33,46,161,47,,,,*59
$GAGSV,2,1,07,04,40,256,44,06,16,246,35,10,47,313,47,12,70,291,46*66
$GAGSV,2,2,07,19,68,360,46,28,63,276,48,33,46,161,47,,,,*59
$GAGSV,2,1,07,04,40,256,44,06,16,246,35,10,47,313,47,12,70,291,46*66
$GAGSV,2,2,07,19,68,360,46,28,63,276,48,33,46,161,47,,,,*59
$GAGSV,2,1,07,04,40,256,44,06,16,246,35,10,47,313,47,12,70,291,46*66
$GAGSV,2,2,07,19,68,360,46,28,63,276,48,33,46,161,47,,,,*59
$GAGSV,2,1,07,04,40,256,44,06,16,246,35,10,47,313,47,12,70,291,46*66
$GAGSV,2,2,07,19,68,360,46,28,63,276,48,33,46,161,47,,,,*59
$GAGSV,2,1,07,04,40,256,44,06,16,246,35,10,47,313,47,12,70,291,47*67
$GAGSV,2,2,07,19,68,360,46,28,63,276,48,33,46,161,47,,,,*59
$GAGSV,2,1,07,04,40,256,44,06,16,246,35,10,47,313,47,12,70,291,47*67
$GAGSV,2,2,07,19,68,360,46,28,63,276,48,33,46,161,47,,,,*59
$GAGSV,2,1,07,04,40,256,44,06,16,246,35,10,47,313,47,12,70,291,47*67
$GAGSV,2,2,07,19,68,360,46,28,63,276,48,33,46,161,47,,,,*59
$GAGSV,2,1,07,04,40,256,44,06,16,246,35,10,47,313,47,12,70,291,47*67
$GAGSV,2,2,07,19,68,360,45,28,63,276,48,33,46,161,47,,,,*5A
$GAGSV,2,1,07,04,40,256,44,06,16,246,35,10,47,313,47,12,70,291,47*67
$GAGSV,2,2,07,19,68,360,45,28,63,276,48,33,46,161,47,,,,*5A
$GAGSV,2,1,07,04,40,256,44,06,16,246,35,10,47,313,47,12,70,291,47*67
$GAGSV,2,2,07,19,68,360,45,28,63,276,48,33,46,161,47,,,,*5A
$GAGSV,2,1,07,04,40,256,44,06,16,246,35,10,47,313,47,12,70,291,47*67
$GAGSV,2,2,07,19,68,360,45,28,63,276,48,33,46,161,47,,,,*5A
$GAGSV,2,1,07,04,40,256,44,06,16,246,35,10,47,313,47,12,70,291,47*67
$GAGSV,2,2,07,19,68,360,45,28,63,276,48,33,46,161,47,,,,*5A
$GAGSV,2,1,07,04,40,256,44,06,16,246,35,10,47,313,47,12,70,291,47*67
$GAGSV,2,2,07,19,68,360,45,28,63,276,48,33,46,161,47,,,,*5A
$GAGSV,2,1,07,04,40,256,44,06,16,246,35,10,47,313,47,12,70,291,47*67
$GAGSV,2,2,07,19,68,360,45,28,63,276,48,33,46,161,47,,,,*5A
$GAGSV,2,1,07,04,40,256,44,06,16,246,35,10,47,313,47,12,70,291,47*67
$GAGSV,2,2,07,19,68,360,45,28,63,276,48,33,46,161,47,,,,*5A
$GAGSV,2,1,07,04,40,256,44,06,16,246,35,10,47,313,47,12,70,291,47*67
$GAGSV,2,2,07,19,68,360,45,28,63,276,48,33,46,161,47,,,,*5A
$GAGSV,2,1,07,04,40,256,44,06,16,246,36,10,47,313,47,12,70,291,47*64
$GAGSV,2,2,07,19,68,360,45,28,63,276,48,33,46,161,47,,,,*5A
$GAGSV,2,1,07,04,40,256,44,06,16,246,36,10,47,313,47,12,70,291,47*64
$GAGSV,2,2,07,19,68,360,45,28,63,276,48,33,46,161,47,,,,*5A
$GAGSV,2,1,07,04,40,256,44,06,16,246,36,10,47,313,47,12,70,291,47*64
$GAGSV,2,2,07,19,68,360,45,28,63,276,48,33,46,161,47,,,,*5A
$GAGSV,2,1,07,04,40,256,44,06,16,246,36,10,47,313,47,12,70,291,47*64
$GAGSV,2,2,07,19,68,360,45,28,63,276,48,33,46,161,47,,,,*5A
$GAGSV,2,1,07,04,40,256,44,06,16,246,36,10,47,313,47,12,70,291,47*64
$GAGSV,2,2,07,19,68,360,45,28,63,276,48,33,46,161,47,,,,*5A
$GAGSV,2,1,07,04,40,256,44,06,16,246,36,10,47,313,47,12,70,291,47*64
$GAGSV,2,2,07,19,68,360,45,28,63,276,48,33,46,161,47,,,,*5A
$GAGSV,2,1,07,04,40,256,44,06,16,246,36,10,47,313,47,12,70,291,47*64
$GAGSV,2,2,07,19,68,360,45,28,63,276,48,33,46,161,47,,,,*5A
$GAGSV,2,1,07,04,40,256,44,06,16,246,36,10,47,313,47,12,70,291,47*64
$GAGSV,2,2,07,19,68,360,45,28,63,276,48,33,46,161,47,,,,*5A
$GAGSV,2,1,07,04,40,256,44,06,16,246,36,10,47,313,47,12,70,291,47*64
$GAGSV,2,2,07,19,68,360,45,28,63,276,48,33,46,161,47,,,,*5A
$GAGSV,2,1,07,04,40,256,44,06,16,246,36,10,47,313,47,12,70,291,47*64
$GAGSV,2,2,07,19,68,360,45,28,63,276,48,33,46,161,47,,,,*5A
$GAGSV,2,1,07,04,40,256,44,06,16,246,36,10,47,313,47,12,70,291,47*64
$GAGSV,2,2,07,19,68,360,45,28,63,276,48,33,46,161,47,,,,*5A
$GAGSV,2,1,07,04,40,256,44,06,16,246,36,10,47,313,47,12,70,291,47*64
$GAGSV,2,2,07,19,68,360,45,28,63,276,48,33,46,161,47,,,,*5A
$GAGSV,2,1,07,04,40,256,44,06,16,246,37,10,47,313,47,12,70,291,47*65
$GAGSV,2,2,07,19,68,360,45,28,63,276,48,33,46,161,47,,,,*5A
$GAGSV,2,1,07,04,40,256,44,06,16,246,37,10,47,313,47,12,70,291,47*65
$GAGSV,2,2,07,19,68,360,45,28,63,276,48,33,46,161,47,,,,*5A
$GAGSV,2,1,07,04,40,256,44,06,16,246,37,10,47,313,47,12,70,291,47*65
$GAGSV,2,2,07,19,68,360,45,28,63,276,48,33,46,161,47,,,,*5A
$GAGSV,2,1,07,04,40,256,45,06,16,246,37,10,47,313,47,12,70,291,47*64
$GAGSV,2,2,07,19,68,360,45,28,63,276,48,33,46,161,47,,,,*5A
$GAGSV,2,1,07,04,40,256,45,06,16,246,37,10,47,313,47,12,70,291,47*64
$GAGSV,2,2,07,19,68,360,45,28,63,276,48,33,46,161,47,,,,*5A
$GAGSV,2,1,07,04,40,256,45,06,16,246,37,10,47,313,47,12,70,291,47*64
$GAGSV,2,2,07,19,68,360,45,28,63,276,48,33,46,161,47,,,,*5A
$GAGSV,2,1,07,04,40,256,45,06,16,246,37,10,47,313,47,12,70,291,47*64
$GAGSV,2,2,07,19,68,360,45,28,63,276,48,33,46,161,47,,,,*5A
$GAGSV,2,1,07,04,40,256,45,06,16,246,37,10,47,313,47,12,70,291,47*64
$GAGSV,2,2,07,19,68,360,45,28,63,276,48,33,46,161,47,,,,*5A
$GAGSV,2,1,07,04,40,256,45,06,16,246,37,10,47,313,47,12,70,291,47*64
$GAGSV,2,2,07,19,68,360,45,28,63,276,48,33,46,161,47,,,,*5A
$GAGSV,2,1,07,04,40,256,45,06,16,246,37,10,47,313,47,12,70,291,47*64
$GAGSV,2,2,07,19,68,360,45,28,63,276,48,33,46,161,47,,,,*5A
$GAGSV,2,1,07,04,40,256,45,06,16,246,37,10,47,313,48,12,70,291,47*6B
$GAGSV,2,2,07,19,68,360,45,28,63,276,48,33,46,161,47,,,,*5A
$GAGSV,2,1,07,04,40,256,45,06,16,246,37,10,47,313,48,12,70,291,47*6B
$GAGSV,2,2,07,19,68,360,45,28,63,276,48,33,46,161,47,,,,*5A
$GAGSV,2,1,07,04,40,256,45,06,16,246,37,10,47,313,48,12,70,291,47*6B
$GAGSV,2,2,07,19,68,360,45,28,63,276,48,33,46,161,47,,,,*5A
$GAGSV,2,1,07,04,40,256,45,06,16,246,37,10,47,313,48,12,70,291,47*6B
$GAGSV,2,2,07,19,68,360,45,28,63,276,48,33,46,161,47,,,,*5A
$GAGSV,2,1,07,04,40,256,45,06,16,246,37,10,47,313,48,12,70,291,47*6B
$GAGSV,2,2,07,19,68,360,45,28,63,276,48,33,46,161,47,,,,*5A
$GAGSV,2,1,07,04,40,256,45,06,16,246,37,10,47,313,48,12,70,291,47*6B
$GAGSV,2,2,07,19,68,360,45,28,63,276,48,33,46,161,47,,,,*5A
$GAGSV,2,1,07,04,40,256,45,06,16,246,37,10,47,313,48,12,70,291,47*6B
$GAGSV,2,2,07,19,68,360,45,28,63,276,48,33,46,161,47,,,,*5A
$GAGSV,2,1,07,04,40,256,45,06,16,246,37,10,47,313,48,12,70,291,47*6B
$GAGSV,2,2,07,19,68,360,45,28,63,276,48,33,46,161,47,,,,*5A
$GAGSV,2,1,07,04,40,256,45,06,16,246,37,10,47,313,48,12,70,291,47*6B
$GAGSV,2,2,07,19,68,360,45,28,63,276,48,33,46,161,47,,,,*5A
$GAGSV,2,1,07,04,40,256,45,06,16,246,37,10,47,313,48,12,70,291,47*6B
$GAGSV,2,2,07,19,68,360,45,28,63,276,48,33,46,161,47,,,,*5A
$GAGSV,2,1,07,04,40,256,45,06,16,246,37,10,47,313,48,12,70,291,47*6B
$GAGSV,2,2,07,19,68,360,45,28,63,276,48,33,46,161,47,,,,*5A
$GAGSV,2,1,07,04,40,256,45,06,16,246,37,10,47,313,48,12,70,291,47*6B
$GAGSV,2,2,07,19,68,360,45,28,63,276,48,33,46,161,47,,,,*5A
$GAGSV,2,1,07,04,40,256,45,06,16,246,37,10,47,313,48,12,70,291,47*6B
$GAGSV,2,2,07,19,68,360,45,28,63,276,48,33,46,161,47,,,,*5A
$GAGSV,2,1,07,04,40,256,45,06,16,246,37,10,47,313,48,12,70,291,47*6B
$GAGSV,2,2,07,19,68,360,45,28,63,276,48,33,46,161,47,,,,*5A
$GAGSV,2,1,07,04,40,256,45,06,16,246,37,10,47,313,48,12,70,291,47*6B
$GAGSV,2,2,07,19,68,360,45,28,63,276,48,33,46,161,47,,,,*5A
$GAGSV,2,1,07,04,40,256,45,06,16,246,36,10,47,313,48,12,70,291,47*6A
$GAGSV,2,2,07,19,68,360,45,28,63,276,48,33,46,161,47,,,,*5A
$GAGSV,2,1,08,04,40,256,45,06,16,246,36,10,47,313,48,11,00,000,43*6F
$GAGSV,2,2,08,12,70,291,47,19,68,360,45,28,63,276,48,33,46,161,48*67
$GAGSV,2,1,08,04,40,256,45,06,16,246,35,10,47,313,48,11,00,000,42*6D
$GAGSV,2,2,08,12,70,291,47,19,68,360,45,28,63,276,48,33,46,161,48*67
$GAGSV,2,1,08,04,40,256,45,06,16,246,36,10,47,313,48,11,00,000,40*6C
$GAGSV,2,2,08,12,70,291,47,19,68,360,45,28,63,276,48,33,46,161,48*67
$GAGSV,2,1,08,04,40,256,45,06,16,246,36,10,47,313,48,11,00,000,39*62
$GAGSV,2,2,08,12,70,291,47,19,68,360,45,28,63,276,48,33,46,161,48*67
$GAGSV,2,1,08,04,40,256,45,06,16,246,36,10,47,313,48,11,00,000,39*62
$GAGSV,2,2,08,12,70,291,47,19,68,360,45,28,63,276,48,33,46,161,48*67
$GAGSV,2,1,08,04,40,256,45,06,16,246,36,10,47,313,48,11,00,000,39*62
$GAGSV,2,2,08,12,70,291,47,19,68,360,45,28,63,276,48,33,46,161,48*67
$GAGSV,2,1,08,04,40,256,45,06,16,246,36,10,47,313,48,11,00,000,39*62
$GAGSV,2,2,08,12,70,291,47,19,68,360,45,28,63,276,48,33,46,161,47*68
$GAGSV,2,1,08,04,40,256,45,06,16,246,36,10,47,313,48,11,00,000,38*63
$GAGSV,2,2,08,12,70,291,47,19,68,360,45,28,63,276,48,33,46,161,47*68
$GAGSV,2,1,08,04,40,256,45,06,16,246,36,10,47,313,48,11,00,000,38*63
$GAGSV,2,2,08,12,70,291,47,19,68,360,45,28,63,276,48,33,46,161,47*68
$GAGSV,2,1,08,04,40,256,45,06,16,246,36,10,47,313,48,11,00,000,38*63
$GAGSV,2,2,08,12,70,291,47,19,68,360,45,28,63,276,48,33,46,161,47*68
$GAGSV,2,1,08,04,40,256,45,06,16,246,35,10,47,313,48,11,00,000,38*60
$GAGSV,2,2,08,12,70,291,47,19,68,360,46,28,63,276,48,33,46,161,47*6B
$GAGSV,2,1,08,04,40,256,45,06,16,246,34,10,47,313,48,11,00,000,38*61
$GAGSV,2,2,08,12,70,291,47,19,68,360,46,28,63,276,48,33,46,161,47*6B
$GAGSV,2,1,08,04,40,256,45,06,16,246,34,10,47,313,48,11,00,000,38*61
$GAGSV,2,2,08,12,70,291,47,19,68,360,46,28,63,276,48,33,46,161,48*64
$GAGSV,2,1,08,04,40,256,45,06,16,246,34,10,47,313,48,11,00,000,38*61
$GAGSV,2,2,08,12,70,291,47,19,68,360,46,28,63,276,48,33,46,161,48*64
$GAGSV,2,1,08,04,40,256,45,06,16,246,34,10,47,313,48,11,00,000,38*61
$GAGSV,2,2,08,12,70,291,47,19,68,360,46,28,63,276,48,33,46,161,48*64
$GAGSV,2,1,08,04,40,256,45,06,16,246,34,10,47,313,48,11,00,000,38*61
$GAGSV,2,2,08,12,70,291,47,19,68,360,46,28,63,276,48,33,46,161,47*6B
$GAGSV,2,1,08,04,40,256,45,06,16,246,34,10,47,313,48,11,00,000,38*61
$GAGSV,2,2,08,12,70,291,47,19,68,360,46,28,63,276,48,33,46,161,47*6B
$GAGSV,2,1,08,04,40,256,45,06,16,246,35,10,47,313,48,11,00,000,38*60
$GAGSV,2,2,08,12,70,291,47,19,68,360,46,28,63,276,48,33,46,161,47*6B
$GAGSV,2,1,08,04,40,256,45,06,16,246,34,10,47,313,48,11,00,000,38*61
$GAGSV,2,2,08,12,70,291,47,19,68,360,46,28,63,276,48,33,46,161,47*6B
$GAGSV,2,1,08,04,40,256,45,06,16,246,34,10,47,313,48,11,00,000,39*60
$GAGSV,2,2,08,12,70,291,47,19,68,360,46,28,63,276,48,33,46,161,47*6B
$GAGSV,2,1,08,04,40,256,45,06,16,246,35,10,47,313,48,11,00,000,39*61
$GAGSV,2,2,08,12,70,291,47,19,68,360,46,28,63,276,48,33,46,161,47*6B
$GAGSV,2,1,08,04,40,256,45,06,16,246,35,10,47,313,48,11,00,000,38*60
$GAGSV,2,2,08,12,70,291,47,19,68,360,46,28,63,276,48,33,46,161,47*6B
$GAGSV,2,1,08,04,40,256,45,06,16,246,35,10,47,313,48,11,00,000,38*60
$GAGSV,2,2,08,12,70,291,47,19,68,360,46,28,63,276,48,33,46,161,47*6B
$GAGSV,2,1,08,04,40,256,45,06,16,246,35,10,47,313,48,11,00,000,38*60
$GAGSV,2,2,08,12,70,291,47,19,68,360,46,28,63,276,48,33,46,161,47*6B
$GAGSV,2,1,08,04,40,256,45,06,16,246,35,10,47,313,48,11,00,000,38*60
$GAGSV,2,2,08,12,70,291,47,19,68,360,46,28,63,276,48,33,46,161,47*6B
$GAGSV,2,1,08,04,40,256,45,06,16,246,35,10,47,313,48,11,00,000,38*60
$GAGSV,2,2,08,12,70,291,47,19,68,360,46,28,63,276,48,33,46,161,47*6B
$GAGSV,2,1,08,04,40,256,45,06,16,246,35,10,47,313,48,11,00,000,38*60
$GAGSV,2,2,08,12,70,291,47,19,68,360,46,28,63,276,48,33,46,161,47*6B
$GAGSV,2,1,08,04,40,256,45,06,16,246,35,10,47,313,48,11,00,000,38*60
$GAGSV,2,2,08,12,70,291,47,19,68,360,46,28,63,276,48,33,46,161,47*6B
$GAGSV,2,1,08,04,40,256,45,06,16,246,35,10,47,313,48,11,00,000,38*60
$GAGSV,2,2,08,12,70,291,47,19,68,360,46,28,63,276,48,33,46,161,47*6B
$GAGSV,2,1,08,04,40,256,45,06,16,246,35,10,47,313,48,11,00,000,38*60
$GAGSV,2,2,08,12,70,291,47,19,68,360,46,28,63,276,48,33,46,161,47*6B
$GAGSV,2,1,08,04,40,256,45,06,16,246,35,10,47,313,47,11,00,000,38*6F
$GAGSV,2,2,08,12,70,291,47,19,68,360,46,28,63,276,48,33,46,161,47*6B
$GAGSV,2,1,08,04,40,256,45,06,16,246,35,10,47,313,47,11,00,000,38*6F
$GAGSV,2,2,08,12,70,291,47,19,68,360,46,28,63,276,48,33,46,161,47*6B
$GAGSV,2,1,08,04,40,256,45,06,16,246,35,10,47,313,47,11,00,000,38*6F
$GAGSV,2,2,08,12,70,291,47,19,68,360,46,28,63,276,48,33,46,161,47*6B
$GAGSV,2,1,08,04,40,256,45,06,16,246,34,10,47,313,47,11,00,000,38*6E
$GAGSV,2,2,08,12,70,291,47,19,68,360,46,28,63,276,48,33,46,161,47*6B
$GAGSV,2,1,08,04,40,256,45,06,16,246,34,10,47,313,47,11,00,000,38*6E
$GAGSV,2,2,08,12,70,291,47,19,68,360,46,28,63,276,47,33,46,161,47*64
$GAGSV,2,1,08,04,40,256,45,06,16,246,34,10,47,313,47,11,00,000,38*6E
$GAGSV,2,2,08,12,70,291,47,19,68,360,46,28,63,276,47,33,46,161,47*64
$GAGSV,2,1,08,04,40,256,45,06,16,246,35,10,47,313,47,11,00,000,38*6F
$GAGSV,2,2,08,12,70,291,47,19,68,360,46,28,63,276,47,33,46,161,47*64
$GAGSV,2,1,08,04,40,256,45,06,16,246,35,10,47,313,47,11,00,000,38*6F
$GAGSV,2,2,08,12,70,291,47,19,68,360,46,28,63,276,47,33,46,161,47*64
$GAGSV,2,1,08,04,40,256,45,06,16,246,35,10,47,313,47,11,00,000,38*6F
$GAGSV,2,2,08,12,70,291,47,19,68,360,46,28,63,276,48,33,46,161,47*6B
$GAGSV,2,1,08,04,40,256,45,06,16,246,35,10,47,313,47,11,00,000,38*6F
$GAGSV,2,2,08,12,70,291,47,19,68,360,46,28,63,276,48,33,46,161,47*6B
$GAGSV,2,1,08,04,40,256,45,06,16,246,35,10,47,313,47,11,00,000,38*6F
$GAGSV,2,2,08,12,70,291,47,19,68,360,46,28,63,276,48,33,46,161,47*6B
$GAGSV,2,1,08,04,40,256,45,06,16,246,35,10,47,313,47,11,00,000,38*6F
$GAGSV,2,2,08,12,70,291,47,19,68,360,46,28,63,276,48,33,46,161,47*6B
$GAGSV,2,1,08,04,40,256,45,06,16,246,35,10,47,313,47,11,00,000,38*6F
$GAGSV,2,2,08,12,70,291,47,19,68,360,46,28,63,276,48,33,46,161,47*6B
$GAGSV,2,1,08,04,40,256,45,06,16,246,35,10,47,313,47,11,00,000,38*6F
$GAGSV,2,2,08,12,70,291,47,19,68,360,46,28,63,276,48,33,46,161,47*6B
$GAGSV,2,1,08,04,40,256,45,06,16,246,36,10,47,313,47,11,00,000,38*6C
$GAGSV,2,2,08,12,70,291,47,19,68,360,46,28,63,276,47,33,46,161,47*64
$GAGSV,2,1,08,04,40,256,45,06,16,246,36,10,47,313,47,11,00,000,38*6C
$GAGSV,2,2,08,12,70,291,46,19,68,360,45,28,63,276,47,33,46,161,47*66
$GAGSV,2,1,08,04,40,256,45,06,16,246,36,10,47,313,47,11,00,000,38*6C
$GAGSV,2,2,08,12,70,291,46,19,68,360,45,28,63,276,48,33,46,161,47*69
$GAGSV,2,1,08,04,40,256,45,06,16,246,36,10,47,313,47,11,00,000,38*6C
$GAGSV,2,2,08,12,70,291,46,19,68,360,45,28,63,276,48,33,46,161,47*69
$GAGSV,2,1,08,04,40,256,45,06,16,246,35,10,47,313,47,11,00,000,38*6F
$GAGSV,2,2,08,12,70,291,46,19,68,360,45,28,63,276,48,33,46,161,47*69
$GAGSV,2,1,08,04,40,256,45,06,16,246,35,10,47,313,47,11,00,000,38*6F
$GAGSV,2,2,08,12,70,291,46,19,68,360,45,28,63,276,48,33,46,161,47*69
$GAGSV,2,1,08,04,40,256,45,06,16,246,35,10,47,313,47,11,00,000,39*6E
$GAGSV,2,2,08,12,70,291,46,19,68,360,45,28,63,276,48,33,46,161,47*69
$GAGSV,2,1,08,04,40,256,45,06,16,246,35,10,47,313,47,11,00,000,39*6E
$GAGSV,2,2,08,12,70,290,46,19,68,360,45,28,63,276,48,33,46,161,47*68
$GAGSV,2,1,08,04,40,256,45,06,16,246,35,10,47,313,47,11,00,000,39*6E
$GAGSV,2,2,08,12,70,290,46,19,68,360,45,28,63,276,48,33,46,161,47*68
$GAGSV,2,1,08,04,40,256,45,06,16,246,35,10,47,313,47,11,00,000,39*6E
$GAGSV,2,2,08,12,70,290,46,19,68,360,45,28,63,276,48,33,46,161,47*68
$GAGSV,2,1,08,04,40,256,45,06,16,246,35,10,47,313,47,11,00,000,39*6E
$GAGSV,2,2,08,12,70,290,46,19,68,360,45,28,63,276,48,33,46,161,47*68
$GAGSV,2,1,08,04,40,256,45,06,16,246,35,10,47,313,47,11,00,000,39*6E
$GAGSV,2,2,08,12,70,290,46,19,68,360,45,28,63,276,48,33,46,161,47*68
$GAGSV,2,1,08,04,40,256,45,06,16,246,35,10,47,313,47,11,00,000,39*6E
$GAGSV,2,2,08,12,70,290,46,19,68,360,45,28,63,276,48,33,46,161,47*68
$GAGSV,2,1,08,04,40,256,45,06,16,246,35,10,47,313,47,11,00,000,39*6E
$GAGSV,2,2,08,12,70,290,46,19,68,360,45,28,63,276,48,33,46,161,47*68
$GAGSV,2,1,08,04,40,256,45,06,16,246,35,10,47,313,47,11,00,000,39*6E
$GAGSV,2,2,08,12,70,290,46,19,68,360,45,28,63,276,48,33,46,161,47*68
$GAGSV,2,1,08,04,40,256,45,06,16,246,35,10,47,313,47,11,00,000,39*6E
$GAGSV,2,2,08,12,70,290,46,19,68,360,46,28,63,276,48,33,46,161,47*6B
$GAGSV,2,1,08,04,40,256,45,06,16,246,35,10,47,313,47,11,00,000,39*6E
$GAGSV,2,2,08,12,70,290,46,19,68,360,46,28,63,276,48,33,46,161,47*6B
$GAGSV,2,1,08,04,40,256,45,06,16,246,35,10,47,313,47,11,00,000,39*6E
$GAGSV,2,2,08,12,70,290,46,19,68,360,46,28,63,276,48,33,46,161,47*6B
$GAGSV,2,1,08,04,40,256,45,06,16,246,36,10,47,313,47,11,00,000,39*6D
$GAGSV,2,2,08,12,70,290,46,19,68,360,46,28,63,276,48,33,46,161,47*6B
$GAGSV,2,1,08,04,40,256,45,06,16,246,36,10,47,313,47,11,00,000,39*6D
$GAGSV,2,2,08,12,70,290,46,19,68,360,45,28,63,276,48,33,46,161,47*68
$GAGSV,2,1,08,04,40,256,45,06,16,246,35,10,47,313,47,11,00,000,39*6E
$GAGSV,2,2,08,12,70,290,46,19,68,360,45,28,63,276,48,33,46,161,47*68
$GAGSV,2,1,08,04,40,256,45,06,16,246,35,10,47,313,47,11,00,000,39*6E
$GAGSV,2,2,08,12,70,290,46,19,68,360,45,28,63,276,48,33,46,161,47*68
$GAGSV,2,1,08,04,40,256,45,06,16,246,36,10,47,313,47,11,00,000,39*6D
$GAGSV,2,2,08,12,70,290,46,19,68,360,45,28,63,276,48,33,46,161,47*68
$GAGSV,2,1,08,04,40,256,45,06,16,246,36,10,47,313,47,11,00,000,39*6D
$GAGSV,2,2,08,12,70,290,46,19,68,360,45,28,63,276,48,33,46,161,47*68
$GAGSV,2,1,08,04,40,256,45,06,16,246,36,10,47,313,47,11,00,000,39*6D
$GAGSV,2,2,08,12,70,290,47,19,68,360,45,28,63,276,48,33,46,161,47*69
$GAGSV,2,1,08,04,40,256,45,06,16,246,36,10,47,313,47,11,00,000,39*6D
$GAGSV,2,2,08,12,70,290,47,19,68,360,46,28,63,276,48,33,46,161,47*6A
$GAGSV,2,1,08,04,40,256,45,06,16,246,36,10,47,313,47,11,00,000,39*6D
$GAGSV,2,2,08,12,70,290,47,19,68,360,46,28,63,276,48,33,46,161,47*6A
$GAGSV,2,1,08,04,40,256,45,06,16,246,36,10,47,313,47,11,00,000,39*6D
$GAGSV,2,2,08,12,70,290,47,19,68,000,46,28,63,276,48,33,46,161,47*6F
$GAGSV,2,1,08,04,40,256,45,06,16,246,36,10,47,313,47,11,00,000,39*6D
$GAGSV,2,2,08,12,70,290,47,19,68,000,46,28,63,276,48,33,46,161,47*6F
$GAGSV,2,1,08,04,40,256,45,06,16,246,36,10,47,313,47,11,00,000,39*6D
$GAGSV,2,2,08,12,70,290,47,19,68,000,46,28,63,276,48,33,46,161,47*6F
$GAGSV,2,1,08,04,40,256,45,06,16,246,36,10,47,313,47,11,00,000,39*6D
$GAGSV,2,2,08,12,70,290,47,19,68,000,46,28,63,276,48,33,46,161,47*6F
$GAGSV,2,1,08,04,40,256,46,06,16,246,36,10,47,313,48,11,00,000,39*61
$GAGSV,2,2,08,12,70,290,47,19,68,000,46,28,63,276,48,33,46,161,47*6F
$GAGSV,2,1,08,04,40,256,46,06,16,246,36,10,47,313,48,11,00,000,39*61
$GAGSV,2,2,08,12,70,290,47,19,68,000,46,28,63,276,48,33,46,161,47*6F
$GAGSV,2,1,08,04,40,256,45,06,16,246,36,10,47,313,48,11,00,000,39*62
$GAGSV,2,2,08,12,70,290,46,19,68,000,46,28,63,276,48,33,46,161,47*6E
$GAGSV,2,1,08,04,40,256,45,06,16,246,37,10,47,313,48,11,00,000,39*63
$GAGSV,2,2,08,12,70,290,46,19,68,000,46,28,63,276,48,33,46,161,47*6E
$GAGSV,2,1,08,04,40,256,45,06,16,246,37,10,47,313,48,11,00,000,38*62
$GAGSV,2,2,08,12,70,290,47,19,68,000,46,28,63,276,48,33,46,161,47*6F
$GAGSV,2,1,08,04,40,256,45,06,16,246,36,10,47,313,48,11,00,000,38*63
$GAGSV,2,2,08,12,70,290,47,19,68,000,46,28,63,276,48,33,46,161,47*6F
$GAGSV,2,1,08,04,40,256,45,06,16,246,36,10,47,313,48,11,00,000,38*63
$GAGSV,2,2,08,12,70,290,47,19,68,000,46,28,63,276,48,33,46,161,47*6F
$GAGSV,2,1,08,04,40,256,45,06,16,246,36,10,47,313,48,11,00,000,38*63
$GAGSV,2,2,08,12,70,290,47,19,68,000,46,28,63,276,47,33,46,161,47*60
$GAGSV,2,1,08,04,40,256,45,06,16,246,36,10,47,313,48,11,00,000,39*62
$GAGSV,2,2,08,12,70,290,47,19,68,000,46,28,63,276,47,33,46,161,47*60
$GAGSV,2,1,08,04,40,256,45,06,16,246,36,10,47,313,48,11,00,000,39*62
$GAGSV,2,2,08,12,70,290,47,19,68,000,46,28,63,276,47,33,46,161,47*60
$GAGSV,2,1,08,04,40,256,45,06,16,246,36,10,47,313,48,11,00,000,39*62
$GAGSV,2,2,08,12,70,290,47,19,68,000,46,28,63,276,47,33,46,161,47*60
$GAGSV,2,1,08,04,40,256,45,06,16,246,36,10,47,313,48,11,00,000,39*62
$GAGSV,2,2,08,12,70,290,47,19,68,000,46,28,63,276,48,33,46,161,47*6F
$GAGSV,2,1,08,04,40,256,45,06,16,246,36,10,47,313,48,11,00,000,38*63
$GAGSV,2,2,08,12,70,290,47,19,68,000,46,28,63,276,48,33,46,161,47*6F
$GAGSV,2,1,08,04,40,256,45,06,16,246,36,10,47,313,48,11,00,000,38*63
$GAGSV,2,2,08,12,70,290,47,19,68,000,46,28,63,276,48,33,46,161,47*6F
$GAGSV,2,1,08,04,40,256,45,06,16,246,36,10,47,313,48,11,00,000,38*63
$GAGSV,2,2,08,12,70,290,47,19,68,000,46,28,63,276,48,33,46,161,47*6F
$GAGSV,2,1,08,04,40,256,45,06,16,246,36,10,47,313,48,11,00,000,38*63
$GAGSV,2,2,08,12,70,290,47,19,68,000,46,28,63,276,48,33,46,161,47*6F
$GAGSV,2,1,08,04,40,256,45,06,16,246,35,10,47,313,48,11,00,000,38*60
$GAGSV,2,2,08,12,70,290,47,19,68,000,46,28,63,276,48,33,46,161,47*6F
$GAGSV,2,1,08,04,40,256,45,06,16,246,35,10,47,313,48,11,00,000,38*60
$GAGSV,2,2,08,12,70,290,47,19,68,000,46,28,63,276,48,33,46,161,47*6F
$GAGSV,2,1,08,04,40,256,45,06,16,246,34,10,47,313,48,11,00,000,38*61
$GAGSV,2,2,08,12,70,290,47,19,68,000,46,28,63,276,48,33,46,161,47*6F
$GAGSV,2,1,08,04,40,256,45,06,16,246,34,10,47,313,48,11,00,000,38*61
$GAGSV,2,2,08,12,70,290,47,19,68,000,46,28,63,276,48,33,46,161,47*6F
$GAGSV,2,1,08,04,40,256,45,06,16,246,34,10,47,313,48,11,00,000,38*61
$GAGSV,2,2,08,12,70,290,47,19,68,000,46,28,63,276,48,33,46,161,47*6F
$GAGSV,2,1,08,04,40,256,45,06,16,246,34,10,47,313,48,11,00,000,38*61
$GAGSV,2,2,08,12,70,290,47,19,68,000,46,28,63,276,48,33,46,161,47*6F
$GAGSV,2,1,08,04,40,256,45,06,16,246,34,10,47,313,48,11,00,000,38*61
$GAGSV,2,2,08,12,70,290,47,19,68,000,46,28,63,276,48,33,46,161,47*6F
$GAGSV,2,1,08,04,40,256,45,06,16,246,34,10,47,313,48,11,00,000,38*61
$GAGSV,2,2,08,12,70,290,46,19,68,000,46,28,63,276,48,33,46,161,47*6E
$GAGSV,2,1,08,04,40,256,45,06,16,246,34,10,47,313,48,11,00,000,38*61
$GAGSV,2,2,08,12,70,290,46,19,68,000,46,28,63,276,48,33,46,161,47*6E
$GAGSV,2,1,08,04,40,256,45,06,16,246,34,10,47,313,48,11,00,000,38*61
$GAGSV,2,2,08,12,70,290,46,19,68,000,46,28,63,276,48,33,46,161,47*6E
$GAGSV,2,1,08,04,40,256,45,06,16,246,34,10,47,313,48,11,00,000,38*61
$GAGSV,2,2,08,12,70,290,46,19,68,000,46,28,63,276,48,33,46,161,47*6E
$GAGSV,2,1,08,04,40,256,45,06,16,246,34,10,47,313,48,11,00,000,38*61
$GAGSV,2,2,08,12,70,290,46,19,68,000,46,28,63,276,48,33,46,161,47*6E
$GAGSV,2,1,08,04,40,256,45,06,16,246,34,10,47,313,48,11,00,000,38*61
$GAGSV,2,2,08,12,70,290,46,19,68,000,46,28,63,276,48,33,46,161,47*6E
$GAGSV,2,1,08,04,40,256,45,06,16,246,34,10,47,313,48,11,00,000,38*61
$GAGSV,2,2,08,12,70,290,46,19,68,000,46,28,63,276,48,33,46,161,48*61
$GAGSV,2,1,08,04,40,256,45,06,16,246,34,10,47,313,47,11,00,000,38*6E
$GAGSV,2,2,08,12,70,290,46,19,68,000,46,28,63,276,48,33,46,161,47*6E
$GAGSV,2,1,08,04,40,256,45,06,16,246,34,10,47,313,47,11,00,000,38*6E
$GAGSV,2,2,08,12,70,290,46,19,68,000,46,28,63,277,48,33,46,161,47*6F
$GAGSV,2,1,08,04,40,256,45,06,16,246,34,10,47,313,47,11,00,000,38*6E
$GAGSV,2,2,08,12,70,290,46,19,68,000,46,28,63,277,48,33,46,161,47*6F
$GAGSV,2,1,08,04,40,256,45,06,16,246,34,10,47,313,47,11,00,000,38*6E
$GAGSV,2,2,08,12,70,290,46,19,68,000,46,28,63,277,48,33,46,161,47*6F
$GAGSV,2,1,08,04,40,256,45,06,16,246,34,10,47,313,47,11,00,000,38*6E
$GAGSV,2,2,08,12,70,290,46,19,68,000,46,28,63,277,48,33,46,161,47*6F
$GAGSV,2,1,08,04,40,256,45,06,16,246,33,10,47,313,47,11,00,000,38*69
$GAGSV,2,2,08,12,70,290,46,19,68,000,46,28,63,277,48,33,46,161,47*6F
$GAGSV,2,1,08,04,40,256,45,06,16,246,32,10,47,313,47,11,00,000,38*68
$GAGSV,2,2,08,12,70,290,46,19,68,000,46,28,63,277,48,33,46,161,47*6F
$GAGSV,2,1,08,04,40,256,45,06,16,246,31,10,47,313,47,11,00,000,38*6B
$GAGSV,2,2,08,12,70,290,46,19,68,000,46,28,63,277,48,33,46,161,47*6F
$GAGSV,2,1,08,04,40,256,45,06,16,246,31,10,47,313,47,11,00,000,38*6B
$GAGSV,2,2,08,12,70,290,46,19,68,000,46,28,63,277,48,33,46,161,47*6F
$GAGSV,2,1,08,04,40,256,45,06,16,246,31,10,47,313,47,11,00,000,38*6B
$GAGSV,2,2,08,12,70,290,46,19,68,000,46,28,63,277,48,33,46,161,47*6F
$GAGSV,2,1,08,04,40,256,45,06,16,246,31,10,47,313,47,11,00,000,38*6B
$GAGSV,2,2,08,12,70,290,46,19,68,000,46,28,63,277,48,33,46,161,47*6F
$GAGSV,2,1,08,04,40,256,45,06,16,246,33,10,47,313,47,11,00,000,38*69
$GAGSV,2,2,08,12,70,290,47,19,68,000,46,28,63,277,48,33,46,161,47*6E
$GAGSV,2,1,08,04,40,256,45,06,16,246,33,10,47,313,47,11,00,000,38*69
$GAGSV,2,2,08,12,70,290,47,19,68,000,46,28,63,277,48,33,46,161,47*6E
$GAGSV,2,1,08,04,40,256,45,06,16,246,34,10,47,313,48,11,00,000,38*61
$GAGSV,2,2,08,12,70,290,47,19,68,000,46,28,63,277,48,33,46,161,47*6E
$GAGSV,2,1,08,04,40,256,45,06,16,246,34,10,47,313,48,11,00,000,38*61
$GAGSV,2,2,08,12,70,290,47,19,68,000,46,28,63,277,48,33,46,161,47*6E
$GAGSV,2,1,08,04,40,256,45,06,16,246,34,10,47,313,48,11,00,000,38*61
$GAGSV,2,2,08,12,70,290,47,19,68,000,46,28,63,277,48,33,46,161,48*61
$GAGSV,2,1,08,04,40,256,45,06,16,246,34,10,47,313,48,11,00,000,38*61
$GAGSV,2,2,08,12,70,290,47,19,68,000,46,28,63,277,48,33,46,161,48*61
$GAGSV,2,1,08,04,40,256,45,06,16,246,34,10,47,313,48,11,00,000,38*61
$GAGSV,2,2,08,12,70,290,47,19,68,000,46,28,63,277,48,33,46,161,48*61
$GAGSV,2,1,08,04,40,256,45,06,16,246,35,10,47,313,48,11,00,000,38*60
$GAGSV,2,2,08,12,70,290,47,19,68,000,46,28,63,277,48,33,46,161,48*61
$GAGSV,2,1,08,04,40,256,45,06,16,246,35,10,47,313,48,11,00,000,38*60
$GAGSV,2,2,08,12,70,290,47,19,68,000,46,28,63,277,48,33,46,161,48*61
$GAGSV,2,1,08,04,40,256,45,06,16,246,35,10,47,313,48,11,00,000,38*60
$GAGSV,2,2,08,12,70,290,47,19,68,000,46,28,63,277,48,33,46,161,48*61
$GAGSV,2,1,08,04,40,256,46,06,16,246,35,10,47,313,48,11,00,000,38*63
$GAGSV,2,2,08,12,70,290,47,19,68,000,46,28,63,277,48,33,46,161,48*61
$GAGSV,2,1,08,04,40,256,46,06,16,246,35,10,47,313,48,11,00,000,38*63
$GAGSV,2,2,08,12,70,290,47,19,68,000,46,28,63,277,48,33,46,161,48*61
$GAGSV,2,1,08,04,40,256,46,06,16,246,35,10,47,313,48,11,00,000,38*63
$GAGSV,2,2,08,12,70,290,47,19,68,000,46,28,63,277,48,33,46,161,48*61
$GAGSV,2,1,08,04,40,256,46,06,16,246,35,10,47,313,48,11,00,000,38*63
$GAGSV,2,2,08,12,70,290,47,19,68,000,46,28,63,277,48,33,46,161,48*61
$GAGSV,2,1,08,04,40,256,46,06,16,246,35,10,47,313,48,11,00,000,38*63
$GAGSV,2,2,08,12,70,290,47,19,68,000,46,28,63,277,48,33,46,161,48*61
$GAGSV,2,1,08,04,40,256,46,06,16,246,36,10,47,313,48,11,00,000,38*60
$GAGSV,2,2,08,12,70,290,48,19,68,000,46,28,63,277,48,33,46,161,48*6E
$GAGSV,2,1,08,04,40,256,46,06,16,246,36,10,47,313,48,11,00,000,38*60
$GAGSV,2,2,08,12,70,290,48,19,68,000,46,28,63,277,48,33,46,161,48*6E
$GAGSV,2,1,08,04,40,256,46,06,16,246,36,10,47,313,48,11,00,000,38*60
$GAGSV,2,2,08,12,70,290,48,19,68,000,46,28,63,277,48,33,46,161,48*6E
$GAGSV,2,1,08,04,40,256,46,06,16,246,36,10,47,313,48,11,00,000,38*60
$GAGSV,2,2,08,12,70,290,48,19,68,000,46,28,63,277,48,33,46,161,48*6E
$GAGSV,2,1,08,04,40,256,46,06,16,246,36,10,47,313,48,11,00,000,38*60
$GAGSV,2,2,08,12,70,290,48,19,68,000,46,28,63,277,48,33,46,161,48*6E
$GAGSV,2,1,08,04,40,256,46,06,16,246,36,10,47,313,49,11,00,000,39*60
$GAGSV,2,2,08,12,70,290,48,19,68,000,46,28,63,277,48,33,46,161,48*6E
$GAGSV,2,1,08,04,40,256,46,06,16,246,36,10,47,313,49,11,00,000,39*60
$GAGSV,2,2,08,12,70,290,48,19,68,000,46,28,63,277,48,33,46,161,48*6E
$GAGSV,2,1,08,04,40,256,46,06,16,246,36,10,47,313,49,11,00,000,39*60
$GAGSV,2,2,08,12,70,290,48,19,68,000,46,28,63,277,48,33,46,161,48*6E
$GAGSV,2,1,08,04,40,256,46,06,16,246,36,10,47,313,49,11,00,000,39*60
$GAGSV,2,2,08,12,70,290,48,19,68,000,46,28,63,277,48,33,46,161,48*6E
$GAGSV,2,1,08,04,40,256,46,06,16,246,36,10,47,313,49,11,00,000,39*60
$GAGSV,2,2,08,12,70,290,48,19,68,000,46,28,63,277,48,33,46,161,48*6E
$GAGSV,2,1,08,04,40,256,46,06,16,246,37,10,47,313,49,11,00,000,39*61
$GAGSV,2,2,08,12,70,290,48,19,68,000,46,28,63,277,48,33,46,161,48*6E
$GAGSV,2,1,08,04,40,256,46,06,16,246,37,10,47,313,49,11,00,000,39*61
$GAGSV,2,2,08,12,70,290,48,19,68,000,46,28,63,277,48,33,46,161,48*6E
$GAGSV,2,1,08,04,40,256,46,06,16,246,37,10,47,313,49,11,00,000,39*61
$GAGSV,2,2,08,12,70,290,48,19,68,000,47,28,63,277,48,33,46,161,48*6F
$GAGSV,2,1,08,04,40,256,46,06,16,246,37,10,47,313,49,11,00,000,39*61
$GAGSV,2,2,08,12,70,290,48,19,68,000,47,28,63,277,48,33,46,161,48*6F
$GAGSV,2,1,08,04,40,256,46,06,16,246,37,10,47,313,49,11,00,000,39*61
$GAGSV,2,2,08,12,70,290,48,19,68,000,47,28,63,277,48,33,46,161,48*6F
$GAGSV,2,1,08,04,40,256,46,06,16,246,37,10,47,313,49,11,00,000,39*61
$GAGSV,2,2,08,12,70,290,48,19,68,000,47,28,63,277,48,33,46,161,48*6F
$GAGSV,2,1,08,04,40,256,46,06,16,246,37,10,47,313,49,11,00,000,39*61
$GAGSV,2,2,08,12,70,290,48,19,68,000,47,28,63,277,48,33,46,161,48*6F
$GAGSV,2,1,08,04,40,256,46,06,16,246,37,10,47,313,49,11,00,000,39*61
$GAGSV,2,2,08,12,70,290,48,19,68,000,47,28,63,277,48,33,46,161,48*6F
$GAGSV,2,1,08,04,40,256,46,06,16,246,37,10,47,313,49,11,00,000,39*61
$GAGSV,2,2,08,12,70,290,48,19,68,000,47,28,63,277,48,33,46,161,48*6F
$GAGSV,2,1,08,04,40,256,46,06,16,246,37,10,47,313,49,11,00,000,39*61
$GAGSV,2,2,08,12,70,290,48,19,68,000,47,28,63,277,48,33,46,161,48*6F
$GAGSV,2,1,08,04,40,256,46,06,16,246,38,10,47,313,49,11,00,000,39*6E
$GAGSV,2,2,08,12,70,290,48,19,68,000,47,28,63,277,48,33,46,161,48*6F
$GAGSV,2,1,08,04,40,256,46,06,16,246,38,10,47,313,49,11,00,000,40*60
$GAGSV,2,2,08,12,70,290,48,19,68,000,47,28,63,277,48,33,46,161,48*6F
$GAGSV,2,1,08,04,40,256,46,06,16,246,38,10,47,313,49,11,00,000,40*60
$GAGSV,2,2,08,12,70,290,48,19,68,000,47,28,63,277,48,33,46,161,48*6F
$GAGSV,2,1,08,04,40,256,46,06,16,246,38,10,47,313,49,11,00,000,40*60
$GAGSV,2,2,08,12,70,290,48,19,68,000,47,28,63,277,48,33,46,161,48*6F
$GAGSV,2,1,08,04,40,256,46,06,16,246,38,10,47,313,49,11,00,000,39*6E
$GAGSV,2,2,08,12,70,290,47,19,68,000,47,28,63,277,48,33,46,161,48*60
$GAGSV,2,1,08,04,40,256,46,06,16,246,38,10,47,313,49,11,00,000,39*6E
$GAGSV,2,2,08,12,70,290,47,19,68,000,47,28,63,277,48,33,46,161,48*60
$GAGSV,2,1,08,04,40,256,46,06,16,246,38,10,47,313,49,11,00,000,39*6E
$GAGSV,2,2,08,12,70,290,47,19,68,000,47,28,63,277,49,33,46,161,48*61
$GAGSV,2,1,08,04,40,256,46,06,16,246,38,10,47,313,49,11,00,000,39*6E
$GAGSV,2,2,08,12,70,290,47,19,68,000,47,28,63,277,49,33,46,161,48*61
$GAGSV,2,1,08,04,40,256,46,06,16,246,37,10,47,313,49,11,00,000,39*61
$GAGSV,2,2,08,12,70,290,47,19,68,000,47,28,63,277,49,33,46,161,48*61
$GAGSV,2,1,08,04,40,256,46,06,16,246,37,10,47,313,49,11,00,000,39*61
$GAGSV,2,2,08,12,70,290,47,19,68,000,47,28,63,277,49,33,46,161,48*61
$GAGSV,2,1,08,04,40,256,46,06,16,246,37,10,47,313,49,11,00,000,39*61
$GAGSV,2,2,08,12,70,290,47,19,68,000,47,28,63,277,49,33,46,161,48*61
$GAGSV,2,1,08,04,40,256,46,06,16,246,37,10,47,313,49,11,00,000,39*61
$GAGSV,2,2,08,12,70,290,47,19,68,000,47,28,63,277,49,33,46,161,48*61
$GAGSV,2,1,08,04,40,256,46,06,16,246,37,10,47,313,49,11,00,000,39*61
$GAGSV,2,2,08,12,70,290,47,19,68,000,47,28,63,277,49,33,46,161,48*61
$GAGSV,2,1,08,04,40,256,46,06,16,246,37,10,47,313,49,11,00,000,39*61
$GAGSV,2,2,08,12,70,290,47,19,68,000,47,28,63,277,49,33,46,161,48*61
$GAGSV,2,1,08,04,40,256,46,06,16,246,37,10,47,313,49,11,00,000,39*61
$GAGSV,2,2,08,12,70,290,47,19,68,000,47,28,63,277,49,33,46,161,48*61
$GAGSV,2,1,08,04,40,256,46,06,16,246,37,10,47,313,49,11,00,000,39*61
$GAGSV,2,2,08,12,70,290,47,19,68,000,47,28,63,277,48,33,46,161,48*60
$GAGSV,2,1,08,04,40,256,46,06,16,246,37,10,47,313,49,11,00,000,39*61
$GAGSV,2,2,08,12,70,290,47,19,68,000,47,28,63,277,48,33,46,161,48*60
$GAGSV,2,1,08,04,40,256,46,06,16,246,37,10,47,313,49,11,00,000,39*61
$GAGSV,2,2,08,12,70,290,47,19,68,000,47,28,63,277,48,33,46,161,48*60
$GAGSV,2,1,08,04,40,256,46,06,16,246,37,10,47,313,49,11,00,000,39*61
$GAGSV,2,2,08,12,70,290,47,19,68,000,46,28,63,277,48,33,46,161,49*60
$GAGSV,2,1,08,04,40,256,46,06,16,246,36,10,47,313,49,11,00,000,38*61
$GAGSV,2,2,08,12,70,290,47,19,68,000,46,28,63,277,48,33,46,161,49*60
$GAGSV,2,1,08,04,40,256,46,06,16,246,36,10,47,313,49,11,00,000,38*61
$GAGSV,2,2,08,12,70,290,47,19,68,000,46,28,63,277,48,33,46,161,49*60
$GAGSV,2,1,08,04,40,256,46,06,16,246,36,10,47,313,49,11,00,000,38*61
$GAGSV,2,2,08,12,70,290,47,19,68,000,46,28,63,277,48,33,46,161,49*60
$GAGSV,2,1,08,04,40,256,46,06,16,246,35,10,47,313,49,11,00,000,38*62
$GAGSV,2,2,08,12,70,290,47,19,68,000,46,28,63,277,48,33,46,161,49*60
$GAGSV,2,1,08,04,40,256,46,06,16,246,36,10,47,313,49,11,00,000,38*61
$GAGSV,2,2,08,12,70,290,47,19,68,000,46,28,63,277,48,33,46,161,49*60
$GAGSV,2,1,08,04,40,256,46,06,16,246,35,10,47,313,49,11,00,000,38*62
$GAGSV,2,2,08,12,70,290,47,19,68,000,46,28,63,277,48,33,46,161,49*60
$GAGSV,2,1,08,04,40,256,46,06,17,246,35,10,47,313,49,11,00,000,38*63
$GAGSV,2,2,08,12,70,290,47,19,68,000,46,28,63,277,48,33,46,161,49*60
$GAGSV,2,1,08,04,40,256,46,06,17,246,35,10,47,313,49,11,00,000,38*63
$GAGSV,2,2,08,12,70,290,47,19,68,000,46,28,63,277,49,33,46,161,49*61
$GAGSV,2,1,08,04,40,256,46,06,17,246,35,10,47,313,48,11,00,000,38*62
$GAGSV,2,2,08,12,70,290,48,19,68,000,46,28,63,277,49,33,46,161,49*6E
$GAGSV,2,1,08,04,40,256,46,06,17,246,35,10,47,313,48,11,00,000,38*62
$GAGSV,2,2,08,12,70,290,48,19,68,000,46,28,63,277,49,33,46,161,49*6E
$GAGSV,2,1,08,04,40,256,46,06,17,246,35,10,47,313,48,11,00,000,38*62
$GAGSV,2,2,08,12,70,290,48,19,68,000,46,28,63,277,49,33,46,161,49*6E
$GAGSV,2,1,08,04,40,256,46,06,17,246,35,10,47,313,48,11,00,000,38*62
$GAGSV,2,2,08,12,70,290,48,19,68,000,46,28,63,277,49,33,46,161,49*6E
$GAGSV,2,1,08,04,40,256,46,06,17,246,35,10,47,313,48,11,00,000,38*62
$GAGSV,2,2,08,12,70,290,48,19,68,000,46,28,63,277,49,33,46,161,49*6E
$GAGSV,2,1,08,04,40,256,47,06,17,246,35,10,47,313,48,11,00,000,38*63
$GAGSV,2,2,08,12,70,290,48,19,68,000,46,28,63,277,49,33,46,161,49*6E
$GAGSV,2,1,08,04,40,256,46,06,17,246,35,10,47,313,48,11,00,000,38*62
$GAGSV,2,2,08,12,70,290,48,19,68,000,46,28,63,277,49,33,46,161,49*6E
$GAGSV,2,1,08,04,40,256,46,06,17,246,35,10,47,313,48,11,00,000,38*62
$GAGSV,2,2,08,12,70,290,48,19,68,000,46,28,63,277,49,33,46,161,49*6E
$GAGSV,2,1,08,04,40,256,46,06,17,246,35,10,47,313,48,11,00,000,38*62
$GAGSV,2,2,08,12,70,290,48,19,67,000,46,28,63,277,49,33,46,161,49*61
$GAGSV,2,1,08,04,40,256,46,06,17,246,34,10,47,313,48,11,00,000,38*63
$GAGSV,2,2,08,12,70,290,48,19,67,000,46,28,63,277,49,33,46,161,49*61
$GAGSV,2,1,08,04,40,256,46,06,17,246,34,10,47,313,48,11,00,000,38*63
$GAGSV,2,2,08,12,70,290,48,19,67,000,46,28,63,277,49,33,46,161,49*61
$GAGSV,2,1,08,04,40,256,46,06,17,246,34,10,47,313,49,11,00,000,38*62
$GAGSV,2,2,08,12,70,290,48,19,67,000,46,28,63,277,49,33,46,161,49*61
$GAGSV,2,1,08,04,40,256,46,06,17,246,34,10,47,313,49,11,00,000,38*62
$GAGSV,2,2,08,12,70,290,48,19,67,000,46,28,63,277,49,33,46,161,49*61
$GAGSV,2,1,08,04,40,256,46,06,17,246,34,10,47,313,49,11,00,000,38*62
$GAGSV,2,2,08,12,70,290,48,19,67,000,46,28,63,277,49,33,46,161,49*61
$GAGSV,2,1,08,04,40,256,46,06,17,246,34,10,47,313,49,11,00,000,38*62
$GAGSV,2,2,08,12,70,290,48,19,67,000,46,28,63,277,49,33,46,161,49*61
$GAGSV,2,1,08,04,40,256,46,06,17,246,34,10,47,313,49,11,00,000,38*62
$GAGSV,2,2,08,12,70,290,48,19,67,000,46,28,63,277,49,33,46,161,49*61
$GAGSV,2,1,08,04,40,256,46,06,17,246,34,10,47,313,49,11,00,000,38*62
$GAGSV,2,2,08,12,70,290,48,19,67,000,47,28,63,277,49,33,46,161,49*60
$GAGSV,2,1,08,04,40,256,47,06,17,246,33,10,47,313,49,11,00,000,38*64
$GAGSV,2,2,08,12,70,290,48,19,67,000,47,28,63,277,49,33,46,161,49*60
$GAGSV,2,1,08,04,40,256,47,06,17,246,34,10,47,313,49,11,00,000,39*62
$GAGSV,2,2,08,12,70,290,48,19,67,000,47,28,63,277,49,33,46,161,49*60
$GAGSV,2,1,08,04,40,256,47,06,17,246,34,10,47,313,49,11,00,000,39*62
$GAGSV,2,2,08,12,70,290,47,19,67,000,47,28,63,277,49,33,46,161,49*6F
$GAGSV,2,1,08,04,40,256,47,06,17,246,34,10,47,313,49,11,00,000,39*62
$GAGSV,2,2,08,12,70,290,47,19,67,000,46,28,63,277,49,33,46,161,48*6F
$GAGSV,2,1,08,04,40,256,47,06,17,246,34,10,47,313,49,11,00,000,39*62
$GAGSV,2,2,08,12,70,290,47,19,67,000,46,28,63,277,49,33,46,161,48*6F
$GAGSV,2,1,08,04,40,256,47,06,17,246,34,10,47,313,49,11,00,000,39*62
$GAGSV,2,2,08,12,70,290,47,19,67,000,46,28,63,277,49,33,46,161,48*6F
$GAGSV,2,1,08,04,40,256,46,06,17,246,34,10,47,313,49,11,00,000,39*63
$GAGSV,2,2,08,12,70,290,47,19,67,000,47,28,63,277,49,33,46,161,48*6E
$GAGSV,2,1,08,04,40,256,46,06,17,246,33,10,47,313,49,11,00,000,39*64
$GAGSV,2,2,08,12,70,290,47,19,67,000,47,28,63,277,49,33,46,161,48*6E
$GAGSV,2,1,08,04,40,256,46,06,17,246,33,10,47,313,49,11,00,000,39*64
$GAGSV,2,2,08,12,70,290,47,19,67,000,47,28,63,277,49,33,46,161,48*6E
$GAGSV,2,1,08,04,40,256,46,06,17,246,34,10,47,313,49,11,00,000,39*63
$GAGSV,2,2,08,12,70,290,47,19,67,000,47,28,63,277,49,33,46,161,48*6E
$GAGSV,2,1,08,04,40,256,46,06,17,246,34,10,47,313,49,11,00,000,39*63
$GAGSV,2,2,08,12,70,290,47,19,67,000,47,28,63,277,49,33,46,161,48*6E
$GAGSV,2,1,08,04,40,256,46,06,17,246,34,10,47,313,49,11,00,000,39*63
$GAGSV,2,2,08,12,70,290,47,19,67,000,47,28,63,277,49,33,46,161,48*6E
$GAGSV,2,1,08,04,40,256,46,06,17,246,34,10,47,313,49,11,00,000,39*63
$GAGSV,2,2,08,12,70,290,47,19,67,000,47,28,63,277,49,33,46,161,48*6E
$GAGSV,2,1,08,04,40,256,47,06,17,246,34,10,47,313,49,11,00,000,39*62
$GAGSV,2,2,08,12,70,290,47,19,67,000,47,28,63,277,49,33,46,161,48*6E
$GAGSV,2,1,08,04,40,256,47,06,17,246,34,10,47,313,49,11,00,000,39*62
$GAGSV,2,2,08,12,70,290,47,19,67,000,47,28,63,277,49,33,46,161,48*6E
$GAGSV,2,1,08,04,40,256,47,06,17,246,34,10,47,313,49,11,00,000,39*62
$GAGSV,2,2,08,12,70,290,47,19,67,000,47,28,63,277,49,33,46,161,48*6E
$GAGSV,2,1,08,04,40,256,47,06,17,246,34,10,47,313,49,11,00,000,39*62
$GAGSV,2,2,08,12,70,290,47,19,67,000,47,28,63,277,49,33,46,161,48*6E
$GAGSV,2,1,08,04,40,256,47,06,17,246,34,10,47,313,49,11,00,000,39*62
$GAGSV,2,2,08,12,70,290,47,19,67,000,47,28,63,277,49,33,46,161,48*6E
$GAGSV,2,1,08,04,40,256,47,06,17,246,34,10,47,313,49,11,00,000,39*62
$GAGSV,2,2,08,12,70,290,47,19,67,000,47,28,63,277,49,33,46,161,48*6E
$GAGSV,2,1,08,04,40,256,47,06,17,246,34,10,47,313,49,11,00,000,39*62
$GAGSV,2,2,08,12,70,290,47,19,67,000,47,28,63,277,49,33,46,161,48*6E
$GAGSV,2,1,08,04,40,256,47,06,17,246,34,10,47,313,49,11,00,000,39*62
$GAGSV,2,2,08,12,70,290,47,19,67,000,47,28,63,277,49,33,46,161,48*6E
$GAGSV,2,1,08,04,40,256,47,06,17,246,34,10,47,313,49,11,00,000,39*62
$GAGSV,2,2,08,12,70,290,48,19,67,000,47,28,63,277,49,33,46,161,48*61
$GAGSV,2,1,08,04,40,256,47,06,17,246,35,10,47,313,49,11,00,000,39*63
$GAGSV,2,2,08,12,70,290,48,19,67,000,47,28,63,277,49,33,46,161,48*61
$GAGSV,2,1,08,04,40,256,47,06,17,246,35,10,47,313,49,11,00,000,39*63
$GAGSV,2,2,08,12,70,290,48,19,67,000,47,28,63,277,49,33,46,161,48*61
$GAGSV,2,1,08,04,40,256,47,06,17,246,35,10,47,313,49,11,00,000,39*63
$GAGSV,2,2,08,12,70,290,48,19,67,000,47,28,63,277,49,33,46,161,48*61
$GAGSV,2,1,08,04,40,256,47,06,17,246,34,10,47,313,49,11,00,000,39*62
$GAGSV,2,2,08,12,70,290,48,19,67,000,47,28,63,277,49,33,46,161,48*61
$GAGSV,2,1,08,04,40,256,47,06,17,246,35,10,47,313,49,11,00,000,39*63
$GAGSV,2,2,08,12,70,290,48,19,67,000,47,28,63,277,49,33,46,161,48*61
$GAGSV,2,1,08,04,40,256,47,06,17,246,35,10,47,313,49,11,00,000,39*63
$GAGSV,2,2,08,12,70,290,48,19,67,000,47,28,63,277,49,33,46,161,48*61
$GAGSV,2,1,08,04,40,256,47,06,17,246,35,10,47,313,49,11,00,000,39*63
$GAGSV,2,2,08,12,70,290,48,19,67,000,47,28,63,277,49,33,46,161,48*61
$GAGSV,2,1,08,04,40,256,47,06,17,246,35,10,47,313,49,11,00,000,39*63
$GAGSV,2,2,08,12,70,290,48,19,67,000,47,28,63,277,49,33,46,161,48*61
$GAGSV,2,1,08,04,40,256,47,06,17,246,35,10,47,313,49,11,00,000,39*63
$GAGSV,2,2,08,12,70,290,48,19,67,000,47,28,63,277,49,33,46,161,48*61
$GAGSV,2,1,08,04,40,256,47,06,17,246,35,10,47,313,49,11,00,000,38*62
$GAGSV,2,2,08,12,70,290,48,19,67,000,47,28,63,277,49,33,46,161,48*61
$GAGSV,2,1,08,04,40,256,47,06,17,246,35,10,47,313,49,11,00,000,39*63
$GAGSV,2,2,08,12,70,290,47,19,67,000,47,28,63,277,49,33,46,161,48*6E
$GAGSV,2,1,08,04,40,256,47,06,17,246,35,10,47,313,49,11,00,000,39*63
$GAGSV,2,2,08,12,70,290,47,19,67,000,47,28,63,277,49,33,46,161,48*6E
$GAGSV,2,1,08,04,40,256,47,06,17,246,35,10,47,313,49,11,00,000,39*63
$GAGSV,2,2,08,12,70,290,47,19,67,000,47,28,63,277,49,33,46,161,48*6E
$GAGSV,2,1,08,04,40,256,47,06,17,246,35,10,47,313,49,11,00,000,39*63
$GAGSV,2,2,08,12,70,290,47,19,67,000,47,28,63,277,49,33,46,161,49*6F
$GAGSV,2,1,08,04,40,256,47,06,17,246,35,10,47,313,49,11,00,000,39*63
$GAGSV,2,2,08,12,70,290,47,19,67,000,47,28,63,277,49,33,46,161,49*6F
$GAGSV,2,1,08,04,40,256,47,06,17,246,35,10,47,313,49,11,00,000,39*63
$GAGSV,2,2,08,12,70,290,47,19,67,000,47,28,63,277,49,33,46,161,49*6F
$GAGSV,2,1,08,04,40,256,47,06,17,246,35,10,47,313,49,11,00,000,39*63
$GAGSV,2,2,08,12,70,290,47,19,67,000,47,28,63,277,49,33,46,161,49*6F
$GAGSV,2,1,08,04,40,256,47,06,17,246,35,10,47,313,49,11,00,000,39*63
$GAGSV,2,2,08,12,70,290,47,19,67,000,47,28,63,277,49,33,46,161,49*6F
$GAGSV,2,1,08,04,40,256,47,06,17,246,36,10,47,313,49,11,00,000,39*60
$GAGSV,2,2,08,12,70,290,47,19,67,000,46,28,63,277,49,33,46,161,48*6F
$GAGSV,2,1,08,04,40,256,47,06,17,246,36,10,47,313,49,11,00,000,39*60
$GAGSV,2,2,08,12,70,290,47,19,67,000,46,28,63,277,49,33,46,161,48*6F
$GAGSV,2,1,08,04,40,256,47,06,17,246,36,10,47,313,49,11,00,000,39*60
$GAGSV,2,2,08,12,70,290,47,19,67,000,46,28,63,277,49,33,46,161,48*6F
$GAGSV,2,1,08,04,40,256,47,06,17,246,36,10,47,313,49,11,00,000,39*60
$GAGSV,2,2,08,12,70,290,47,19,67,000,46,28,63,277,49,33,46,161,48*6F
$GAGSV,2,1,08,04,40,256,47,06,17,246,36,10,47,313,49,11,00,000,39*60
$GAGSV,2,2,08,12,70,290,47,19,67,000,46,28,63,277,49,33,46,161,48*6F
$GAGSV,2,1,08,04,40,256,47,06,17,246,36,10,47,313,49,11,00,000,38*61
$GAGSV,2,2,08,12,70,290,47,19,67,000,46,28,63,277,49,33,46,161,48*6F
$GAGSV,2,1,08,04,40,256,47,06,17,246,36,10,47,313,49,11,00,000,38*61
$GAGSV,2,2,08,12,70,290,47,19,67,000,46,28,63,277,49,33,46,161,48*6F
$GAGSV,2,1,08,04,40,256,47,06,17,246,36,10,47,313,49,11,00,000,38*61
$GAGSV,2,2,08,12,70,290,47,19,67,000,46,28,63,277,49,33,46,161,48*6F
$GAGSV,2,1,08,04,40,256,47,06,17,246,36,10,47,313,49,11,00,000,38*61
$GAGSV,2,2,08,12,70,290,47,19,67,000,46,28,63,277,49,33,46,161,48*6F
$GAGSV,2,1,08,04,40,256,47,06,17,246,35,10,47,313,49,11,00,000,38*62
$GAGSV,2,2,08,12,70,290,47,19,67,000,46,28,63,277,49,33,46,161,48*6F
$GAGSV,2,1,08,04,40,256,46,06,17,246,35,10,47,313,49,11,00,000,38*63
$GAGSV,2,2,08,12,70,290,47,19,67,000,46,28,63,277,49,33,46,161,48*6F
$GAGSV,2,1,08,04,40,256,46,06,17,246,35,10,47,313,49,11,00,000,38*63
$GAGSV,2,2,08,12,70,290,47,19,67,000,46,28,63,277,49,33,46,161,48*6F
$GAGSV,2,1,08,04,40,256,46,06,17,246,35,10,47,313,49,11,00,000,38*63
$GAGSV,2,2,08,12,70,290,47,19,67,000,46,28,63,277,49,33,46,161,48*6F
$GAGSV,2,1,08,04,40,256,46,06,17,246,35,10,47,313,49,11,00,000,38*63
$GAGSV,2,2,08,12,70,290,47,19,67,000,46,28,63,277,49,33,46,161,48*6F
$GAGSV,2,1,08,04,40,256,46,06,17,246,35,10,47,313,49,11,20,321,38*61
$GAGSV,2,2,08,12,70,290,47,19,67,000,46,28,63,277,49,33,46,161,48*6F
$GAGSV,2,1,08,04,40,256,46,06,17,246,35,10,47,313,49,11,20,321,38*61
$GAGSV,2,2,08,12,70,290,47,19,67,000,46,28,63,277,49,33,46,161,48*6F
$GAGSV,2,1,08,04,40,256,47,06,17,246,35,10,47,313,49,11,20,321,38*60
$GAGSV,2,2,08,12,70,290,47,19,67,000,46,28,63,277,49,33,46,161,48*6F
$GAGSV,2,1,08,04,40,256,47,06,17,246,35,10,47,313,49,11,20,321,39*61
$GAGSV,2,2,08,12,70,290,47,19,67,000,46,28,63,277,49,33,46,161,48*6F
$GAGSV,2,1,08,04,40,256,46,06,17,246,36,10,47,313,49,11,20,321,39*63
$GAGSV,2,2,08,12,70,290,47,19,67,000,46,28,63,277,49,33,46,161,48*6F
$GAGSV,2,1,08,04,40,256,46,06,17,246,36,10,47,313,49,11,20,321,39*63
$GAGSV,2,2,08,12,70,290,47,19,67,000,46,28,63,277,49,33,46,161,48*6F
$GAGSV,2,1,08,04,40,256,46,06,17,246,35,10,47,313,49,11,20,321,39*60
$GAGSV,2,2,08,12,70,290,47,19,67,000,46,28,63,277,49,33,46,161,48*6F
$GAGSV,2,1,08,04,40,256,46,06,17,246,35,10,47,313,49,11,20,321,39*60
$GAGSV,2,2,08,12,70,290,47,19,67,000,46,28,63,277,49,33,46,161,48*6F
$GAGSV,2,1,08,04,40,256,46,06,17,246,35,10,47,313,49,11,20,321,39*60
$GAGSV,2,2,08,12,70,290,47,19,67,000,46,28,63,277,49,33,46,161,48*6F
$GAGSV,2,1,08,04,40,256,46,06,17,246,35,10,47,313,49,11,20,321,39*60
$GAGSV,2,2,08,12,70,290,47,19,67,000,46,28,63,277,49,33,46,161,48*6F
$GAGSV,2,1,08,04,40,256,46,06,17,246,35,10,47,313,49,11,20,321,39*60
$GAGSV,2,2,08,12,70,290,47,19,67,000,46,28,63,277,49,33,46,161,48*6F
$GAGSV,2,1,08,04,40,256,46,06,17,246,35,10,47,313,49,11,20,321,39*60
$GAGSV,2,2,08,12,70,290,47,19,67,000,46,28,63,277,49,33,46,161,48*6F
$GAGSV,2,1,08,04,40,256,46,06,17,246,35,10,47,313,49,11,20,321,39*60
$GAGSV,2,2,08,12,70,290,47,19,67,000,46,28,63,277,49,33,46,161,48*6F
$GAGSV,2,1,08,04,40,256,46,06,17,246,35,10,47,313,49,11,20,321,39*60
$GAGSV,2,2,08,12,70,290,47,19,67,000,46,28,63,277,48,33,46,161,48*6E
$GAGSV,2,1,08,04,40,256,46,06,17,246,35,10,47,313,49,11,20,321,39*60
$GAGSV,2,2,08,12,70,290,47,19,67,000,46,28,63,277,48,33,46,161,48*6E
$GAGSV,2,1,08,04,40,256,46,06,17,246,35,10,47,313,49,11,20,321,39*60
$GAGSV,2,2,08,12,70,290,47,19,67,000,46,28,63,277,48,33,46,161,48*6E
$GAGSV,2,1,08,04,40,256,46,06,17,246,34,10,47,313,49,11,20,321,39*61
$GAGSV,2,2,08,12,70,290,47,19,67,000,46,28,63,277,48,33,46,161,48*6E
$GAGSV,2,1,08,04,40,256,47,06,17,246,34,10,47,313,49,11,20,321,39*60
$GAGSV,2,2,08,12,70,290,47,19,67,000,46,28,63,277,48,33,46,161,48*6E
$GAGSV,2,1,08,04,40,256,47,06,17,246,34,10,47,313,49,11,20,321,39*60
$GAGSV,2,2,08,12,70,290,47,19,67,000,46,28,63,277,48,33,46,161,48*6E
$GAGSV,2,1,08,04,40,256,47,06,17,246,34,10,47,313,49,11,20,321,39*60
$GAGSV,2,2,08,12,70,290,47,19,67,000,46,28,63,277,48,33,46,161,48*6E
$GAGSV,2,1,08,04,40,256,47,06,17,246,33,10,47,313,49,11,20,321,39*67
$GAGSV,2,2,08,12,70,290,47,19,67,000,46,28,63,277,48,33,46,161,48*6E
$GAGSV,2,1,08,04,40,256,47,06,17,246,33,10,47,313,48,11,20,321,39*66
$GAGSV,2,2,08,12,70,290,47,19,67,000,46,28,63,277,48,33,46,161,48*6E
$GAGSV,2,1,08,04,40,256,47,06,17,246,33,10,47,313,48,11,20,321,39*66
$GAGSV,2,2,08,12,70,290,47,19,67,000,46,28,63,277,48,33,46,161,48*6E
$GAGSV,2,1,08,04,40,256,47,06,17,246,33,10,47,313,48,11,20,321,39*66
$GAGSV,2,2,08,12,70,290,47,19,67,000,46,28,63,277,48,33,46,161,48*6E
$GAGSV,2,1,08,04,40,256,47,06,17,246,32,10,47,313,48,11,20,321,39*67
$GAGSV,2,2,08,12,70,290,47,19,67,000,46,28,63,277,48,33,46,161,48*6E
$GAGSV,2,1,08,04,40,256,46,06,17,246,32,10,47,313,48,11,20,321,39*66
$GAGSV,2,2,08,12,70,290,47,19,67,000,46,28,63,277,48,33,46,161,48*6E
$GAGSV,2,1,08,04,40,256,46,06,17,246,32,10,47,313,48,11,20,321,39*66
$GAGSV,2,2,08,12,70,290,47,19,67,000,46,28,63,277,48,33,46,161,48*6E
$GAGSV,2,1,08,04,40,256,46,06,17,246,33,10,47,313,48,11,20,321,39*67
$GAGSV,2,2,08,12,70,290,47,19,67,000,46,28,63,277,48,33,46,161,48*6E
$GAGSV,2,1,08,04,40,256,46,06,17,246,33,10,47,313,48,11,20,321,39*67
$GAGSV,2,2,08,12,70,290,47,19,67,000,46,28,63,277,48,33,46,161,48*6E
$GAGSV,2,1,08,04,40,256,46,06,17,246,33,10,47,313,48,11,20,321,39*67
$GAGSV,2,2,08,12,70,290,47,19,67,000,46,28,63,277,48,33,46,161,48*6E
$GAGSV,2,1,08,04,40,256,46,06,17,246,33,10,47,313,48,11,20,321,39*67
$GAGSV,2,2,08,12,70,290,47,19,67,000,46,28,63,277,48,33,46,161,48*6E
$GAGSV,2,1,08,04,40,256,46,06,17,246,33,10,47,313,48,11,20,321,39*67
$GAGSV,2,2,08,12,70,290,47,19,67,000,46,28,63,277,48,33,46,161,48*6E
$GAGSV,2,1,08,04,40,256,46,06,17,246,33,10,47,313,48,11,20,321,39*67
$GAGSV,2,2,08,12,70,290,47,19,67,000,46,28,63,277,48,33,46,161,48*6E
$GAGSV,2,1,08,04,40,256,46,06,17,246,33,10,47,313,48,11,20,321,39*67
$GAGSV,2,2,08,12,70,290,47,19,67,000,46,28,63,277,48,33,46,161,48*6E
$GAGSV,2,1,08,04,40,256,46,06,17,246,33,10,47,313,48,11,20,321,39*67
$GAGSV,2,2,08,12,70,290,47,19,67,000,46,28,63,277,48,33,46,161,48*6E
$GAGSV,2,1,08,04,40,256,46,06,17,246,33,10,47,313,48,11,20,321,39*67
$GAGSV,2,2,08,12,70,290,47,19,67,000,46,28,63,277,48,33,46,161,48*6E
$GAGSV,2,1,08,04,40,256,46,06,17,246,34,10,47,313,48,11,20,321,39*60
$GAGSV,2,2,08,12,70,290,47,19,67,000,46,28,63,277,48,33,46,161,48*6E
$GAGSV,2,1,08,04,40,256,46,06,17,246,34,10,47,313,48,11,20,321,39*60
$GAGSV,2,2,08,12,70,290,47,19,67,000,46,28,63,277,48,33,46,161,48*6E
$GAGSV,2,1,08,04,40,256,46,06,17,246,34,10,47,313,48,11,20,321,39*60
$GAGSV,2,2,08,12,70,290,47,19,67,000,46,28,63,277,48,33,46,161,48*6E
$GAGSV,2,1,08,04,40,256,46,06,17,246,34,10,47,313,48,11,20,321,39*60
$GAGSV,2,2,08,12,70,290,47,19,67,000,46,28,63,277,48,33,46,161,48*6E
$GAGSV,2,1,08,04,40,256,46,06,17,246,34,10,47,313,48,11,20,321,40*6E
$GAGSV,2,2,08,12,70,290,47,19,67,000,46,28,63,277,48,33,46,161,48*6E
$GAGSV,2,1,08,04,40,256,46,06,17,246,34,10,47,313,48,11,20,321,40*6E
$GAGSV,2,2,08,12,70,290,47,19,67,000,46,28,63,277,48,33,46,161,48*6E
$GAGSV,2,1,08,04,40,256,46,06,17,246,34,10,47,313,48,11,20,321,40*6E
$GAGSV,2,2,08,12,70,290,47,19,67,000,46,28,63,277,48,33,46,161,48*6E
$GAGSV,2,1,08,04,40,256,46,06,17,246,34,10,47,313,48,11,20,321,40*6E
$GAGSV,2,2,08,12,70,290,47,19,67,000,46,28,63,277,48,33,46,161,48*6E
$GAGSV,2,1,08,04,40,256,46,06,17,246,34,10,47,313,48,11,20,321,40*6E
$GAGSV,2,2,08,12,70,290,47,19,67,000,46,28,63,277,48,33,46,161,48*6E
$GAGSV,2,1,08,04,40,256,46,06,17,246,34,10,47,313,48,11,20,321,40*6E
$GAGSV,2,2,08,12,70,290,47,19,67,000,46,28,63,277,48,33,46,161,48*6E
$GAGSV,2,1,08,04,40,256,46,06,17,246,34,10,47,313,48,11,20,321,40*6E
$GAGSV,2,2,08,12,70,290,47,19,67,000,46,28,63,277,48,33,46,161,48*6E
$GAGSV,2,1,08,04,40,256,46,06,17,246,33,10,47,313,48,11,20,321,40*69
$GAGSV,2,2,08,12,70,290,47,19,67,000,46,28,63,277,48,33,46,161,48*6E
$GAGSV,2,1,08,04,40,256,46,06,17,246,34,10,47,313,48,11,20,321,40*6E
$GAGSV,2,2,08,12,70,290,47,19,67,000,46,28,63,277,48,33,46,161,48*6E
$GAGSV,2,1,08,04,40,256,46,06,17,246,34,10,47,313,48,11,20,321,40*6E
$GAGSV,2,2,08,12,70,290,48,19,67,000,46,28,63,277,48,33,46,161,48*61
$GAGSV,2,1,08,04,40,256,46,06,17,246,33,10,47,313,48,11,20,321,40*69
$GAGSV,2,2,08,12,70,290,48,19,67,000,46,28,63,277,48,33,46,161,48*61
$GAGSV,2,1,08,04,40,256,46,06,17,246,33,10,47,313,48,11,20,321,40*69
$GAGSV,2,2,08,12,70,290,48,19,67,000,46,28,63,277,48,33,46,161,48*61
$GAGSV,2,1,08,04,40,256,46,06,17,246,33,10,47,313,48,11,20,321,40*69
$GAGSV,2,2,08,12,70,290,48,19,67,001,46,28,63,277,48,33,46,161,48*60
$GAGSV,2,1,08,04,40,256,46,06,17,246,34,10,47,313,48,11,20,321,40*6E
$GAGSV,2,2,08,12,70,290,48,19,67,001,46,28,63,277,48,33,46,161,48*60
$GAGSV,2,1,08,04,40,256,46,06,17,246,34,10,47,313,49,11,20,321,40*6F
$GAGSV,2,2,08,12,70,290,48,19,67,001,46,28,63,277,48,33,46,161,48*60
$GAGSV,2,1,08,04,40,256,46,06,17,246,34,10,47,313,49,11,20,321,40*6F
$GAGSV,2,2,08,12,70,290,48,19,67,001,46,28,63,277,49,33,46,161,48*61
$GAGSV,2,1,08,04,40,256,46,06,17,246,34,10,47,313,49,11,20,321,40*6F
$GAGSV,2,2,08,12,70,290,48,19,67,001,46,28,63,277,49,33,46,161,48*61
$GAGSV,2,1,08,04,40,256,46,06,17,246,34,10,47,313,49,11,20,321,40*6F
$GAGSV,2,2,08,12,70,290,48,19,67,001,46,28,63,277,49,33,46,161,48*61
$GAGSV,2,1,08,04,40,256,47,06,17,246,34,10,47,313,48,11,20,321,40*6F
$GAGSV,2,2,08,12,70,290,48,19,67,001,46,28,63,277,49,33,46,161,48*61
$GAGSV,2,1,08,04,40,256,47,06,17,246,34,10,47,313,48,11,20,321,39*61
$GAGSV,2,2,08,12,70,290,48,19,67,001,46,28,63,277,49,33,46,161,48*61
$GAGSV,2,1,08,04,40,256,47,06,17,246,34,10,47,313,48,11,20,321,39*61
$GAGSV,2,2,08,12,70,290,48,19,67,001,46,28,63,277,49,33,46,161,48*61
$GAGSV,2,1,08,04,40,256,47,06,17,246,34,10,47,313,48,11,20,321,40*6F
$GAGSV,2,2,08,12,70,290,48,19,67,001,46,28,63,277,49,33,46,161,48*61
$GAGSV,2,1,08,04,40,257,47,06,17,246,34,10,47,313,48,11,20,321,40*6E
$GAGSV,2,2,08,12,70,290,48,19,67,001,46,28,63,277,49,33,46,161,48*61
$GAGSV,2,1,08,04,40,257,47,06,17,246,34,10,47,313,48,11,20,321,40*6E
$GAGSV,2,2,08,12,70,290,48,19,67,001,46,28,63,277,49,33,46,161,48*61
$GAGSV,2,1,08,04,40,257,47,06,17,246,34,10,47,313,48,11,20,321,40*6E
$GAGSV,2,2,08,12,70,290,48,19,67,001,46,28,63,277,49,33,46,161,48*61
$GAGSV,2,1,08,04,40,257,47,06,17,246,33,10,47,313,49,11,20,321,40*68
$GAGSV,2,2,08,12,70,290,48,19,67,001,46,28,63,277,49,33,46,161,48*61
$GAGSV,2,1,08,04,40,257,47,06,17,246,33,10,47,313,49,11,20,321,40*68
$GAGSV,2,2,08,12,70,290,48,19,67,001,46,28,63,277,49,33,46,161,48*61
$GAGSV,2,1,08,04,40,257,47,06,17,246,33,10,47,313,49,11,20,321,40*68
$GAGSV,2,2,08,12,70,290,48,19,67,001,46,28,63,277,49,33,46,161,48*61
$GAGSV,2,1,08,04,40,257,46,06,17,246,33,10,47,313,49,11,20,321,40*69
$GAGSV,2,2,08,12,70,290,47,19,67,001,46,28,63,277,49,33,46,161,48*6E
$GAGSV,2,1,08,04,40,257,46,06,17,246,33,10,47,313,48,11,20,321,40*68
$GAGSV,2,2,08,12,70,290,47,19,67,001,46,28,63,277,49,33,46,161,48*6E
$GAGSV,2,1,08,04,40,257,46,06,17,246,33,10,47,313,48,11,20,321,40*68
$GAGSV,2,2,08,12,70,290,47,19,67,001,46,28,63,277,49,33,46,161,48*6E
$GAGSV,2,1,08,04,40,257,46,06,17,246,33,10,47,313,48,11,20,321,40*68
$GAGSV,2,2,08,12,70,290,47,19,67,001,46,28,63,277,49,33,46,161,48*6E
$GAGSV,2,1,08,04,40,257,46,06,17,246,33,10,47,313,48,11,20,321,40*68
$GAGSV,2,2,08,12,70,289,47,19,67,001,46,28,63,277,49,33,46,161,48*66
$GAGSV,2,1,08,04,40,257,46,06,17,246,33,10,47,313,48,11,20,321,40*68
$GAGSV,2,2,08,12,70,289,47,19,67,001,46,28,63,277,49,33,46,161,48*66
$GAGSV,2,1,08,04,40,257,46,06,17,246,33,10,47,313,48,11,20,321,40*68
$GAGSV,2,2,08,12,70,289,47,19,67,001,46,28,63,277,49,33,46,161,48*66
$GAGSV,2,1,08,04,40,257,46,06,17,246,33,10,47,313,48,11,20,321,40*68
$GAGSV,2,2,08,12,70,289,47,19,67,001,46,28,63,277,49,33,46,161,48*66
$GAGSV,2,1,08,04,40,257,46,06,17,246,33,10,47,313,49,11,20,321,40*69
$GAGSV,2,2,08,12,70,289,47,19,67,001,46,28,63,277,49,33,46,161,48*66
$GAGSV,2,1,08,04,40,257,46,06,17,246,33,10,47,313,49,11,20,321,40*69
$GAGSV,2,2,08,12,70,289,47,19,67,001,46,28,63,277,49,33,46,161,48*66
$GAGSV,2,1,08,04,40,257,46,06,17,246,33,10,47,313,49,11,20,321,40*69
$GAGSV,2,2,08,12,70,289,47,19,67,001,46,28,63,277,49,33,46,161,48*66
$GAGSV,2,1,08,04,40,257,46,06,17,246,33,10,47,313,49,11,20,321,40*69
$GAGSV,2,2,08,12,70,289,47,19,67,001,46,28,63,277,49,33,46,161,48*66
$GAGSV,2,1,08,04,40,257,46,06,17,246,33,10,47,313,49,11,20,321,40*69
$GAGSV,2,2,08,12,70,289,47,19,67,001,46,28,63,277,49,33,46,161,48*66
$GAGSV,2,1,08,04,40,257,46,06,17,246,33,10,47,313,49,11,20,321,40*69
$GAGSV,2,2,08,12,70,289,47,19,67,001,46,28,63,277,49,33,46,161,48*66
$GAGSV,2,1,08,04,40,257,46,06,17,246,33,10,47,313,49,11,20,321,40*69
$GAGSV,2,2,08,12,70,289,47,19,67,001,46,28,63,277,49,33,46,161,48*66
$GAGSV,2,1,08,04,40,257,46,06,17,246,34,10,47,313,49,11,20,321,40*6E
$GAGSV,2,2,08,12,70,289,47,19,67,001,46,28,63,277,49,33,46,161,48*66
$GAGSV,2,1,08,04,40,257,46,06,17,246,34,10,47,313,49,11,20,321,40*6E
$GAGSV,2,2,08,12,70,289,47,19,67,001,46,28,63,277,49,33,46,161,48*66
$GAGSV,2,1,08,04,40,257,46,06,17,246,34,10,47,313,49,11,20,321,40*6E
$GAGSV,2,2,08,12,70,289,47,19,67,001,46,28,63,277,49,33,46,161,48*66
$GAGSV,2,1,08,04,40,257,46,06,17,246,35,10,47,313,49,11,20,321,40*6F
$GAGSV,2,2,08,12,70,289,47,19,67,001,46,28,63,277,49,33,46,161,48*66
$GAGSV,2,1,08,04,40,257,46,06,17,246,34,10,47,313,49,11,20,321,40*6E
$GAGSV,2,2,08,12,70,289,47,19,67,001,46,28,63,277,49,33,46,161,48*66
$GAGSV,2,1,08,04,40,257,46,06,17,246,34,10,47,313,49,11,20,321,40*6E
$GAGSV,2,2,08,12,70,289,47,19,67,001,46,28,63,277,49,33,46,161,48*66
$GAGSV,2,1,08,04,40,257,46,06,17,246,34,10,47,313,49,11,20,321,39*60
$GAGSV,2,2,08,12,70,289,47,19,67,001,46,28,63,277,49,33,46,161,48*66
$GAGSV,2,1,08,04,40,257,46,06,17,246,34,10,47,313,49,11,20,321,39*60
$GAGSV,2,2,08,12,70,289,47,19,67,001,46,28,63,277,49,33,46,161,48*66
$GAGSV,2,1,08,04,40,257,47,06,17,246,34,10,47,313,49,11,20,321,39*61
$GAGSV,2,2,08,12,70,289,47,19,67,001,46,28,63,277,49,33,46,161,48*66
$GAGSV,2,1,08,04,40,257,47,06,17,246,33,10,47,313,49,11,20,321,39*66
$GAGSV,2,2,08,12,70,289,47,19,67,001,46,28,63,277,49,33,46,161,48*66
$GAGSV,2,1,08,04,40,257,47,06,17,246,33,10,47,313,49,11,20,321,39*66
$GAGSV,2,2,08,12,70,289,47,19,67,001,47,28,63,277,49,33,46,161,48*67
$GAGSV,2,1,08,04,40,257,47,06,17,246,33,10,47,313,49,11,20,321,39*66
$GAGSV,2,2,08,12,70,289,47,19,67,001,47,28,63,277,48,33,46,161,48*66
$GAGSV,2,1,08,04,40,257,47,06,17,246,33,10,47,313,49,11,20,321,40*68
$GAGSV,2,2,08,12,70,289,47,19,67,001,47,28,63,277,48,33,46,161,48*66
$GAGSV,2,1,08,04,40,257,47,06,17,246,33,10,47,313,49,11,20,321,40*68
$GAGSV,2,2,08,12,70,289,47,19,67,001,47,28,63,277,48,33,46,161,48*66
$GAGSV,2,1,08,04,40,257,47,06,17,246,32,10,47,313,49,11,20,321,40*69
$GAGSV,2,2,08,12,70,289,47,19,67,001,47,28,63,277,48,33,46,161,48*66
$GAGSV,2,1,08,04,40,257,47,06,17,246,32,10,47,313,49,11,20,321,40*69
$GAGSV,2,2,08,12,70,289,48,19,67,001,47,28,63,277,49,33,46,161,48*68
$GAGSV,2,1,08,04,40,257,47,06,17,246,32,10,47,313,49,11,20,321,40*69
$GAGSV,2,2,08,12,70,289,48,19,67,001,47,28,63,277,49,33,46,161,48*68
$GAGSV,2,1,08,04,40,257,47,06,17,246,32,10,47,313,49,11,20,321,40*69
$GAGSV,2,2,08,12,70,289,48,19,67,001,47,28,63,277,49,33,46,161,48*68
$GAGSV,2,1,08,04,40,257,47,06,17,246,33,10,47,313,49,11,20,321,40*68
$GAGSV,2,2,08,12,70,289,48,19,67,001,46,28,63,277,49,33,46,161,48*69
$GAGSV,2,1,08,04,40,257,47,06,17,246,33,10,47,313,48,11,20,321,39*67
$GAGSV,2,2,08,12,70,289,47,19,67,001,46,28,63,277,49,33,46,161,48*66
$GAGSV,2,1,08,04,40,257,46,06,17,246,33,10,47,313,48,11,20,321,39*66
$GAGSV,2,2,08,12,70,289,47,19,67,001,46,28,63,277,49,33,46,161,48*66
$GAGSV,2,1,08,04,40,257,46,06,17,246,33,10,47,313,48,11,20,321,39*66
$GAGSV,2,2,08,12,70,289,47,19,67,001,46,28,63,277,49,33,46,161,48*66
$GAGSV,2,1,08,04,40,257,46,06,17,246,34,10,47,313,49,11,20,321,39*60
$GAGSV,2,2,08,12,70,289,47,19,67,001,46,28,63,277,49,33,46,161,48*66
$GAGSV,2,1,08,04,40,257,46,06,17,246,34,10,47,313,49,11,20,321,39*60
$GAGSV,2,2,08,12,70,289,47,19,67,001,46,28,63,277,49,33,46,161,48*66
$GAGSV,2,1,08,04,40,257,47,06,17,246,33,10,47,313,49,11,20,321,39*66
$GAGSV,2,2,08,12,70,289,47,19,67,001,46,28,63,277,49,33,46,161,48*66
$GAGSV,2,1,08,04,40,257,47,06,17,246,33,10,47,313,49,11,20,321,39*66
$GAGSV,2,2,08,12,70,289,48,19,67,001,46,28,63,277,49,33,46,161,48*69
$GAGSV,2,1,08,04,40,257,47,06,17,246,33,10,47,313,49,11,20,321,39*66
$GAGSV,2,2,08,12,70,289,48,19,67,001,46,28,63,277,49,33,46,161,48*69
$GAGSV,2,1,08,04,40,257,47,06,17,246,33,10,47,313,49,11,20,321,39*66
$GAGSV,2,2,08,12,70,289,48,19,67,001,46,28,63,277,49,33,46,161,48*69
$GAGSV,2,1,08,04,40,257,46,06,17,246,33,10,47,313,49,11,20,321,39*67
$GAGSV,2,2,08,12,70,289,48,19,67,001,46,28,63,277,49,33,46,161,48*69
$GAGSV,2,1,08,04,40,257,46,06,17,246,33,10,47,313,49,11,20,321,39*67
$GAGSV,2,2,08,12,70,289,48,19,67,001,46,28,63,277,49,33,46,161,48*69
$GAGSV,2,1,08,04,40,257,46,06,17,246,33,10,47,313,49,11,20,321,39*67
$GAGSV,2,2,08,12,70,289,48,19,67,001,46,28,63,277,49,33,46,161,48*69
$GAGSV,2,1,08,04,40,257,46,06,17,246,33,10,47,313,48,11,20,321,39*66
$GAGSV,2,2,08,12,70,289,48,19,67,001,46,28,63,277,49,33,46,161,48*69
$GAGSV,2,1,08,04,40,257,46,06,17,246,33,10,47,313,48,11,20,321,39*66
$GAGSV,2,2,08,12,70,289,48,19,67,001,46,28,63,277,49,33,46,161,48*69
$GAGSV,2,1,08,04,40,257,46,06,17,246,33,10,47,313,48,11,20,321,39*66
$GAGSV,2,2,08,12,70,289,48,19,67,001,46,28,63,277,49,33,46,161,48*69
$GAGSV,2,1,08,04,40,257,46,06,17,246,32,10,47,313,48,11,20,321,39*67
$GAGSV,2,2,08,12,70,289,47,19,67,001,46,28,63,277,49,33,46,161,48*66
$GAGSV,2,1,08,04,40,257,46,06,17,246,31,10,47,313,48,11,20,321,39*64
$GAGSV,2,2,08,12,70,289,47,19,67,001,46,28,63,277,49,33,46,161,48*66
$GAGSV,2,1,08,04,40,257,46,06,17,246,31,10,47,313,48,11,20,321,39*64
$GAGSV,2,2,08,12,70,289,47,19,67,001,46,28,63,277,49,33,46,161,48*66
$GAGSV,2,1,08,04,40,257,46,06,17,246,32,10,47,313,48,11,20,321,39*67
$GAGSV,2,2,08,12,70,289,47,19,67,001,46,28,63,277,49,33,46,161,48*66
$GAGSV,2,1,08,04,40,257,46,06,17,246,32,10,47,313,48,11,20,321,39*67
$GAGSV,2,2,08,12,70,289,47,19,67,001,46,28,63,277,49,33,46,161,48*66
$GAGSV,2,1,08,04,40,257,46,06,17,246,33,10,47,313,48,11,20,321,39*66
$GAGSV,2,2,08,12,70,289,47,19,67,001,46,28,63,277,49,33,46,161,48*66
$GAGSV,2,1,08,04,40,257,46,06,17,246,33,10,47,313,48,11,20,321,39*66
$GAGSV,2,2,08,12,70,289,47,19,67,001,46,28,63,277,48,33,46,161,48*67
$GAGSV,2,1,08,04,40,257,46,06,17,246,33,10,47,313,48,11,20,321,39*66
$GAGSV,2,2,08,12,70,289,47,19,67,001,46,28,63,277,48,33,46,161,48*67
$GAGSV,2,1,08,04,40,257,46,06,17,246,34,10,47,313,48,11,20,321,39*61
$GAGSV,2,2,08,12,70,289,47,19,67,001,46,28,63,277,48,33,46,161,48*67
$GAGSV,2,1,08,04,40,257,46,06,17,246,34,10,47,313,48,11,20,321,39*61
$GAGSV,2,2,08,12,70,289,47,19,67,001,46,28,63,277,49,33,46,161,48*66
$GAGSV,2,1,08,04,40,257,46,06,17,246,34,10,47,313,48,11,20,321,39*61
$GAGSV,2,2,08,12,70,289,47,19,67,001,46,28,63,277,49,33,46,161,47*69
$GAGSV,2,1,08,04,40,257,46,06,17,246,33,10,47,313,48,11,20,321,39*66
$GAGSV,2,2,08,12,70,289,47,19,67,001,46,28,63,277,49,33,46,161,47*69
$GAGSV,2,1,08,04,40,257,46,06,17,246,33,10,47,313,48,11,20,321,39*66
$GAGSV,2,2,08,12,70,289,47,19,67,001,46,28,63,277,49,33,46,161,47*69
$GAGSV,2,1,08,04,40,257,46,06,17,246,33,10,47,313,48,11,20,321,40*68
$GAGSV,2,2,08,12,70,289,47,19,67,001,46,28,63,277,49,33,46,161,47*69
$GAGSV,2,1,08,04,40,257,46,06,17,246,32,10,47,313,48,11,20,321,40*69
$GAGSV,2,2,08,12,70,289,47,19,67,001,46,28,63,277,49,33,46,161,47*69
$GAGSV,2,1,08,04,40,257,46,06,17,246,33,10,47,313,48,11,20,321,40*68
$GAGSV,2,2,08,12,70,289,47,19,67,001,46,28,63,277,49,33,46,161,47*69
$GAGSV,2,1,08,04,40,257,46,06,17,246,33,10,47,313,48,11,20,321,39*66
$GAGSV,2,2,08,12,70,289,47,19,67,001,46,28,63,277,49,33,46,161,47*69
$GAGSV,2,1,08,04,40,257,45,06,17,246,33,10,47,313,48,11,20,321,39*65
$GAGSV,2,2,08,12,70,289,47,19,67,001,46,28,63,277,49,33,46,161,47*69
$GAGSV,2,1,08,04,40,257,46,06,17,246,33,10,47,313,48,11,20,321,39*66
$GAGSV,2,2,08,12,70,289,47,19,67,001,46,28,63,277,49,33,46,161,47*69
$GAGSV,2,1,08,04,40,257,46,06,17,246,33,10,47,313,48,11,20,321,39*66
$GAGSV,2,2,08,12,70,289,47,19,67,001,46,28,63,277,49,33,46,161,47*69
$GAGSV,2,1,08,04,40,257,46,06,17,246,34,10,47,313,48,11,20,321,39*61
$GAGSV,2,2,08,12,70,289,47,19,67,001,46,28,63,277,49,33,46,161,47*69
$GAGSV,2,1,08,04,40,257,46,06,17,246,35,10,47,313,48,11,20,321,39*60
$GAGSV,2,2,08,12,70,289,46,19,67,001,46,28,63,277,49,33,46,161,47*68
$GAGSV,2,1,08,04,40,257,46,06,17,246,35,10,47,313,48,11,20,321,39*60
$GAGSV,2,2,08,12,70,289,46,19,67,001,46,28,63,277,49,33,46,161,47*68
$GAGSV,2,1,08,04,40,257,46,06,17,246,35,10,47,313,48,11,20,321,39*60
$GAGSV,2,2,08,12,70,289,46,19,67,001,46,28,63,277,49,33,46,161,47*68
$GAGSV,2,1,08,04,40,257,46,06,17,246,35,10,47,313,48,11,20,321,39*60
$GAGSV,2,2,08,12,70,289,46,19,67,001,46,28,63,277,49,33,46,161,47*68
$GAGSV,2,1,08,04,40,257,46,06,17,246,34,10,47,313,48,11,20,321,39*61
$GAGSV,2,2,08,12,70,289,46,19,67,001,46,28,63,277,49,33,46,161,47*68
$GAGSV,2,1,08,04,40,257,46,06,17,246,33,10,47,313,48,11,20,321,39*66
$GAGSV,2,2,08,12,70,289,46,19,67,001,46,28,63,277,49,33,46,161,47*68
$GAGSV,2,1,08,04,40,257,46,06,17,246,33,10,47,313,48,11,20,321,39*66
$GAGSV,2,2,08,12,70,289,46,19,67,001,46,28,63,277,48,33,46,161,47*69
$GAGSV,2,1,08,04,40,257,46,06,17,246,33,10,47,313,48,11,20,321,39*66
$GAGSV,2,2,08,12,70,289,46,19,67,001,46,28,63,277,48,33,46,161,47*69
$GAGSV,2,1,08,04,40,257,46,06,17,246,32,10,47,313,48,11,20,321,39*67
$GAGSV,2,2,08,12,70,289,46,19,67,001,46,28,63,277,48,33,46,161,47*69
$GAGSV,2,1,08,04,40,257,46,06,17,247,32,10,47,313,48,11,20,321,39*66
$GAGSV,2,2,08,12,70,289,46,19,67,001,46,28,63,277,48,33,46,161,47*69
$GAGSV,2,1,08,04,40,257,46,06,17,247,32,10,47,313,48,11,20,321,39*66
$GAGSV,2,2,08,12,70,289,47,19,67,001,46,28,63,277,48,33,46,161,47*68
$GAGSV,2,1,08,04,40,257,46,06,17,247,32,10,47,313,48,11,20,321,39*66
$GAGSV,2,2,08,12,70,289,47,19,67,001,46,28,63,277,48,33,46,161,47*68
$GAGSV,2,1,08,04,40,257,46,06,17,247,33,10,47,313,48,11,20,321,39*67
$GAGSV,2,2,08,12,70,289,47,19,67,001,46,28,63,277,48,33,46,161,47*68
$GAGSV,2,1,08,04,40,257,46,06,17,247,33,10,47,313,48,11,20,321,39*67
$GAGSV,2,2,08,12,70,289,47,19,67,001,46,28,63,277,48,33,46,161,47*68
$GAGSV,2,1,08,04,40,257,46,06,17,247,33,10,47,313,48,11,20,321,39*67
$GAGSV,2,2,08,12,70,289,47,19,67,001,46,28,63,277,48,33,46,161,47*68
$GAGSV,2,1,08,04,40,257,46,06,17,247,33,10,47,313,48,11,20,321,39*67
$GAGSV,2,2,08,12,70,289,47,19,67,001,46,28,63,277,48,33,46,161,47*68
$GAGSV,2,1,08,04,40,257,46,06,17,247,33,10,47,313,48,11,20,321,39*67
$GAGSV,2,2,08,12,70,289,47,19,67,001,46,28,63,277,48,33,46,161,47*68
$GAGSV,2,1,08,04,40,257,46,06,17,247,33,10,47,313,48,11,20,321,39*67
$GAGSV,2,2,08,12,70,289,47,19,67,001,46,28,63,277,48,33,46,161,47*68
$GAGSV,2,1,08,04,40,257,46,06,17,247,33,10,47,313,48,11,20,321,40*69
$GAGSV,2,2,08,12,70,289,47,19,67,001,46,28,63,277,48,33,46,161,47*68
$GAGSV,2,1,08,04,40,257,46,06,17,247,33,10,47,313,48,11,20,321,40*69
$GAGSV,2,2,08,12,70,289,47,19,67,001,46,28,63,277,48,33,46,161,47*68
$GAGSV,2,1,08,04,40,257,46,06,17,247,33,10,47,313,48,11,20,321,40*69
$GAGSV,2,2,08,12,70,289,47,19,67,001,46,28,63,277,48,33,46,161,47*68
$GAGSV,2,1,08,04,40,257,46,06,17,247,33,10,47,313,48,11,20,321,40*69
$GAGSV,2,2,08,12,70,289,47,19,67,001,46,28,63,277,48,33,46,161,47*68
$GAGSV,2,1,08,04,40,257,46,06,17,247,34,10,47,313,48,11,20,321,40*6E
$GAGSV,2,2,08,12,70,289,47,19,67,001,46,28,63,277,48,33,46,161,47*68
$GAGSV,2,1,08,04,40,257,46,06,17,247,33,10,47,313,48,11,20,321,40*69
$GAGSV,2,2,08,12,70,289,47,19,67,001,46,28,63,277,48,33,46,161,47*68
$GAGSV,2,1,08,04,40,257,46,06,17,247,33,10,47,313,48,11,20,321,40*69
$GAGSV,2,2,08,12,70,289,47,19,67,001,46,28,63,277,48,33,46,161,47*68
$GAGSV,2,1,08,04,40,257,46,06,17,247,33,10,47,313,48,11,20,321,40*69
$GAGSV,2,2,08,12,70,289,47,19,67,001,46,28,63,277,48,33,46,161,47*68
$GAGSV,2,1,08,04,40,257,46,06,17,247,33,10,47,313,48,11,20,321,40*69
$GAGSV,2,2,08,12,70,289,47,19,67,001,46,28,63,277,48,33,46,161,47*68
$GAGSV,2,1,08,04,40,257,46,06,17,247,33,10,47,313,48,11,20,321,40*69
$GAGSV,2,2,08,12,70,289,47,19,67,001,46,28,63,277,48,33,46,161,47*68
$GAGSV,2,1,08,04,40,257,46,06,17,247,33,10,47,313,48,11,20,321,40*69
$GAGSV,2,2,08,12,70,289,47,19,67,001,46,28,63,277,48,33,46,161,47*68
$GAGSV,2,1,08,04,40,257,46,06,17,247,33,10,47,313,49,11,20,321,40*68
$GAGSV,2,2,08,12,70,289,47,19,67,001,46,28,63,277,48,33,46,161,47*68
$GAGSV,2,1,08,04,40,257,46,06,17,247,34,10,47,313,49,11,20,321,40*6F
$GAGSV,2,2,08,12,70,289,47,19,67,001,46,28,63,277,48,33,46,161,47*68
$GAGSV,2,1,08,04,40,257,46,06,17,247,34,10,47,313,49,11,20,321,40*6F
$GAGSV,2,2,08,12,70,289,47,19,67,001,46,28,63,277,48,33,46,161,47*68
$GAGSV,2,1,08,04,40,257,46,06,17,247,34,10,47,313,49,11,20,321,40*6F
$GAGSV,2,2,08,12,70,289,47,19,67,001,46,28,63,277,48,33,46,161,47*68
$GAGSV,2,1,08,04,40,257,46,06,17,247,34,10,47,313,49,11,20,321,40*6F
$GAGSV,2,2,08,12,70,289,47,19,67,001,46,28,63,277,48,33,46,161,47*68
$GAGSV,2,1,08,04,40,257,46,06,17,247,34,10,47,313,49,11,20,321,40*6F
$GAGSV,2,2,08,12,70,289,47,19,67,001,46,28,63,277,48,33,46,161,47*68
$GAGSV,2,1,08,04,40,257,46,06,17,247,34,10,47,313,49,11,20,321,40*6F
$GAGSV,2,2,08,12,70,289,47,19,67,001,46,28,63,277,48,33,46,161,47*68
$GAGSV,2,1,08,04,40,257,46,06,17,247,34,10,47,313,49,11,20,321,39*61
$GAGSV,2,2,08,12,70,289,47,19,67,001,46,28,63,277,48,33,46,161,47*68
$GAGSV,2,1,08,04,40,257,46,06,17,247,34,10,47,313,49,11,20,321,39*61
$GAGSV,2,2,08,12,70,289,47,19,67,001,46,28,63,277,48,33,46,161,47*68
$GAGSV,2,1,08,04,40,257,46,06,17,247,34,10,47,313,49,11,20,321,39*61
$GAGSV,2,2,08,12,70,289,47,19,67,001,46,28,63,277,48,33,46,161,47*68
$GAGSV,2,1,08,04,40,257,46,06,17,247,34,10,47,313,49,11,20,321,39*61
$GAGSV,2,2,08,12,70,289,47,19,67,001,46,28,63,277,48,33,46,161,47*68
$GAGSV,2,1,08,04,40,257,46,06,17,247,34,10,47,313,49,11,20,321,39*61
$GAGSV,2,2,08,12,70,289,47,19,67,001,46,28,63,277,48,33,46,161,47*68
$GAGSV,2,1,08,04,40,257,46,06,17,247,34,10,47,313,49,11,20,321,39*61
$GAGSV,2,2,08,12,70,289,47,19,67,001,46,28,63,277,48,33,46,161,47*68
$GAGSV,2,1,08,04,40,257,46,06,17,247,34,10,47,313,49,11,20,321,39*61
$GAGSV,2,2,08,12,70,289,47,19,67,001,46,28,63,277,48,33,46,161,47*68
$GAGSV,2,1,08,04,40,257,46,06,17,247,34,10,47,313,49,11,20,321,39*61
$GAGSV,2,2,08,12,70,289,47,19,67,001,46,28,63,277,48,33,46,161,47*68
$GAGSV,2,1,08,04,40,257,46,06,17,247,34,10,47,313,49,11,20,321,39*61
$GAGSV,2,2,08,12,70,289,47,19,67,001,46,28,63,277,48,33,46,161,47*68
$GAGSV,2,1,08,04,40,257,46,06,17,247,34,10,47,313,49,11,20,321,39*61
$GAGSV,2,2,08,12,70,289,47,19,67,001,46,28,63,277,48,33,46,161,47*68
$GAGSV,2,1,08,04,40,257,46,06,17,247,33,10,47,313,49,11,20,321,39*66
$GAGSV,2,2,08,12,70,289,47,19,67,001,46,28,63,277,48,33,46,161,47*68
$GAGSV,2,1,08,04,40,257,46,06,17,247,33,10,47,313,49,11,20,321,39*66
$GAGSV,2,2,08,12,70,289,47,19,67,001,46,28,63,277,48,33,46,161,47*68
$GAGSV,2,1,08,04,40,257,46,06,17,247,33,10,47,313,49,11,20,321,39*66
$GAGSV,2,2,08,12,70,289,47,19,67,001,46,28,63,277,48,33,46,161,47*68
$GAGSV,2,1,08,04,40,257,46,06,17,247,33,10,47,313,48,11,20,321,39*67
$GAGSV,2,2,08,12,70,289,47,19,67,001,46,28,63,277,48,33,46,161,47*68
$GAGSV,2,1,08,04,40,257,46,06,17,247,33,10,47,313,48,11,20,321,39*67
$GAGSV,2,2,08,12,70,289,47,19,67,001,46,28,63,277,48,33,46,161,46*69
$GAGSV,2,1,08,04,40,257,46,06,17,247,33,10,47,313,48,11,20,321,39*67
$GAGSV,2,2,08,12,70,289,47,19,67,001,45,28,63,277,48,33,46,161,46*6A
$GAGSV,2,1,08,04,40,257,46,06,17,247,33,10,47,313,48,11,20,321,39*67
$GAGSV,2,2,08,12,70,289,47,19,67,001,46,28,63,277,48,33,46,161,46*69
$GAGSV,2,1,08,04,40,257,46,06,17,247,33,10,47,313,48,11,20,321,39*67
$GAGSV,2,2,08,12,70,289,47,19,67,001,46,28,63,277,48,33,46,161,46*69
$GAGSV,2,1,08,04,40,257,46,06,17,247,33,10,47,313,48,11,20,321,39*67
$GAGSV,2,2,08,12,70,289,47,19,67,001,46,28,63,277,48,33,46,161,46*69
$GAGSV,2,1,08,04,40,257,46,06,17,247,32,10,47,313,48,11,20,321,39*66
$GAGSV,2,2,08,12,70,289,47,19,67,001,46,28,63,277,48,33,46,161,46*69
$GAGSV,2,1,08,04,40,257,46,06,17,247,32,10,47,313,48,11,20,321,39*66
$GAGSV,2,2,08,12,70,289,47,19,67,001,46,28,63,277,48,33,46,161,46*69
$GAGSV,2,1,08,04,40,257,46,06,17,247,32,10,47,313,48,11,20,321,39*66
$GAGSV,2,2,08,12,70,289,47,19,67,001,46,28,63,277,48,33,46,161,46*69
$GAGSV,2,1,08,04,40,257,46,06,17,247,33,10,47,313,48,11,20,321,39*67
$GAGSV,2,2,08,12,70,289,47,19,67,001,46,28,63,277,49,33,46,161,46*68
$GAGSV,2,1,08,04,40,257,46,06,17,247,34,10,47,313,48,11,20,321,39*60
$GAGSV,2,2,08,12,70,289,47,19,67,001,46,28,63,277,49,33,46,161,46*68
$GAGSV,2,1,08,04,40,257,46,06,17,247,34,10,47,313,48,11,20,321,39*60
$GAGSV,2,2,08,12,70,289,47,19,67,001,46,28,63,277,49,33,46,161,46*68
$GAGSV,2,1,08,04,40,257,46,06,17,247,33,10,47,313,48,11,20,321,39*67
$GAGSV,2,2,08,12,70,289,47,19,67,001,46,28,63,277,49,33,46,161,46*68
$GAGSV,2,1,08,04,40,257,46,06,17,247,33,10,47,313,48,11,20,321,39*67
$GAGSV,2,2,08,12,70,289,47,19,67,001,46,28,63,277,49,33,46,161,46*68
$GAGSV,2,1,08,04,40,257,46,06,17,247,34,10,47,313,48,11,20,321,39*60
$GAGSV,2,2,08,12,70,289,47,19,67,001,46,28,63,277,49,33,46,161,46*68
$GAGSV,2,1,08,04,40,257,46,06,17,247,34,10,47,313,48,11,20,321,39*60
$GAGSV,2,2,08,12,70,289,47,19,67,001,46,28,63,277,49,33,46,161,46*68
$GAGSV,2,1,08,04,40,257,46,06,17,247,34,10,47,313,48,11,20,321,39*60
$GAGSV,2,2,08,12,70,289,47,19,67,001,46,28,63,277,49,33,46,161,46*68
$GAGSV,2,1,08,04,40,257,46,06,17,247,33,10,47,313,48,11,20,321,39*67
$GAGSV,2,2,08,12,70,289,47,19,67,001,46,28,63,277,49,33,46,161,46*68
$GAGSV,2,1,08,04,40,257,46,06,17,247,33,10,47,313,48,11,20,321,39*67
$GAGSV,2,2,08,12,70,289,47,19,67,001,46,28,63,277,49,33,46,161,47*69
$GAGSV,2,1,08,04,40,257,46,06,17,247,33,10,47,313,48,11,20,321,39*67
$GAGSV,2,2,08,12,70,289,47,19,67,001,46,28,63,277,49,33,46,161,46*68
$GAGSV,2,1,08,04,40,257,46,06,17,247,33,10,47,313,48,11,20,321,39*67
$GAGSV,2,2,08,12,70,289,47,19,67,001,46,28,63,277,49,33,46,161,46*68
$GAGSV,2,1,08,04,40,257,46,06,17,247,32,10,47,313,48,11,20,321,39*66
$GAGSV,2,2,08,12,70,289,47,19,67,001,46,28,63,277,48,33,46,161,46*69
$GAGSV,2,1,08,04,40,257,46,06,17,247,32,10,47,313,48,11,20,321,39*66
$GAGSV,2,2,08,12,70,289,47,19,67,001,46,28,63,277,48,33,46,161,46*69
$GAGSV,2,1,08,04,40,257,45,06,17,247,33,10,47,313,48,11,20,321,39*64
$GAGSV,2,2,08,12,70,289,47,19,67,001,46,28,63,277,48,33,46,161,47*68
$GAGSV,2,1,08,04,40,257,45,06,17,247,33,10,47,313,48,11,20,321,39*64
$GAGSV,2,2,08,12,70,289,47,19,67,001,46,28,63,277,48,33,46,161,47*68
$GAGSV,2,1,08,04,40,257,45,06,17,247,33,10,47,313,48,11,20,321,39*64
$GAGSV,2,2,08,12,70,289,47,19,67,001,46,28,63,278,48,33,46,161,47*67
$GAGSV,2,1,08,04,40,257,45,06,17,247,33,10,47,313,48,11,20,321,39*64
$GAGSV,2,2,08,12,70,289,47,19,67,001,46,28,63,278,48,33,46,161,47*67
$GAGSV,2,1,08,04,40,257,45,06,17,247,33,10,47,313,48,11,20,321,39*64
$GAGSV,2,2,08,12,70,289,47,19,67,001,46,28,63,278,48,33,46,161,47*67
$GAGSV,2,1,08,04,40,257,45,06,17,247,33,10,47,313,48,11,20,321,39*64
$GAGSV,2,2,08,12,70,289,47,19,67,001,46,28,63,278,48,33,46,161,47*67
$GAGSV,2,1,08,04,40,257,46,06,17,247,33,10,47,313,48,11,20,321,39*67
$GAGSV,2,2,08,12,70,289,47,19,67,001,46,28,63,278,48,33,46,161,47*67
$GAGSV,2,1,08,04,40,257,46,06,17,247,33,10,47,313,48,11,20,321,39*67
$GAGSV,2,2,08,12,70,289,47,19,67,001,46,28,63,278,48,33,46,161,47*67
$GAGSV,2,1,08,04,40,257,46,06,17,247,33,10,47,313,48,11,20,321,39*67
$GAGSV,2,2,08,12,70,289,47,19,67,001,46,28,63,278,48,33,46,161,47*67
$GAGSV,2,1,08,04,40,257,46,06,17,247,33,10,47,313,48,11,20,321,39*67
$GAGSV,2,2,08,12,70,289,47,19,67,001,46,28,63,278,48,33,46,161,47*67
$GAGSV,2,1,08,04,40,257,46,06,17,247,33,10,47,313,48,11,20,321,39*67
$GAGSV,2,2,08,12,70,289,47,19,67,001,46,28,63,278,48,33,46,161,47*67
$GAGSV,2,1,08,04,40,257,46,06,17,247,33,10,47,313,48,11,20,321,39*67
$GAGSV,2,2,08,12,70,289,47,19,67,001,46,28,63,278,48,33,46,161,47*67
$GAGSV,2,1,08,04,40,257,46,06,17,247,33,10,47,313,48,11,20,321,39*67
$GAGSV,2,2,08,12,70,289,47,19,67,001,46,28,63,278,48,33,46,161,47*67
$GAGSV,2,1,08,04,40,257,46,06,17,247,34,10,47,313,48,11,20,321,39*60
$GAGSV,2,2,08,12,70,289,47,19,67,001,46,28,63,278,48,33,46,161,47*67
$GAGSV,2,1,08,04,40,257,46,06,17,247,34,10,47,313,48,11,20,321,39*60
$GAGSV,2,2,08,12,70,289,47,19,67,001,46,28,63,278,48,33,46,161,46*66
$GAGSV,2,1,08,04,40,257,46,06,17,247,34,10,47,313,48,11,20,321,39*60
$GAGSV,2,2,08,12,70,289,47,19,67,001,46,28,63,278,48,33,46,161,47*67
$GAGSV,2,1,08,04,40,257,46,06,17,247,34,10,47,313,48,11,20,321,39*60
$GAGSV,2,2,08,12,70,289,47,19,67,001,46,28,63,278,48,33,46,161,47*67
$GAGSV,2,1,08,04,40,257,46,06,17,247,34,10,47,313,48,11,20,321,39*60
$GAGSV,2,2,08,12,70,289,47,19,67,001,46,28,63,278,48,33,46,161,47*67
$GAGSV,2,1,08,04,40,257,46,06,17,247,34,10,47,313,48,11,20,321,39*60
$GAGSV,2,2,08,12,70,289,47,19,67,001,46,28,63,278,48,33,46,161,47*67
$GAGSV,2,1,08,04,40,257,46,06,17,247,34,10,47,313,48,11,20,321,39*60
$GAGSV,2,2,08,12,70,289,47,19,67,001,46,28,63,278,48,33,46,161,47*67
$GAGSV,2,1,08,04,40,257,46,06,17,247,34,10,47,313,48,11,20,321,39*60
$GAGSV,2,2,08,12,70,289,47,19,67,001,46,28,63,278,48,33,46,161,47*67
$GAGSV,2,1,08,04,40,257,46,06,17,247,34,10,47,313,48,11,20,321,39*60
$GAGSV,2,2,08,12,70,289,47,19,67,001,46,28,63,278,48,33,46,161,47*67
$GAGSV,2,1,08,04,40,257,46,06,17,247,33,10,47,313,48,11,20,321,40*69
$GAGSV,2,2,08,12,70,289,47,19,67,001,46,28,63,278,48,33,46,161,47*67
$GAGSV,2,1,08,04,40,257,46,06,17,247,32,10,47,313,48,11,20,321,39*66
$GAGSV,2,2,08,12,70,289,47,19,67,001,46,28,63,278,48,33,46,161,47*67
$GAGSV,2,1,08,04,40,257,46,06,17,247,32,10,47,313,48,11,20,321,40*68
$GAGSV,2,2,08,12,70,289,47,19,67,001,46,28,63,278,48,33,46,161,47*67
$GAGSV,2,1,08,04,40,257,46,06,17,247,32,10,47,313,48,11,20,321,39*66
$GAGSV,2,2,08,12,70,289,47,19,67,001,46,28,63,278,48,33,46,161,47*67
$GAGSV,2,1,08,04,40,257,46,06,17,247,32,10,47,313,48,11,20,321,40*68
$GAGSV,2,2,08,12,70,289,47,19,67,001,46,28,63,278,48,33,46,161,47*67
$GAGSV,2,1,08,04,40,257,46,06,17,247,32,10,47,313,48,11,20,321,40*68
$GAGSV,2,2,08,12,70,289,47,19,67,001,46,28,63,278,48,33,46,161,47*67
$GAGSV,2,1,08,04,40,257,46,06,17,247,33,10,47,313,48,11,20,321,40*69
$GAGSV,2,2,08,12,70,289,47,19,67,001,46,28,63,278,48,33,46,161,47*67
$GAGSV,2,1,08,04,40,257,46,06,17,247,34,10,47,313,48,11,20,321,40*6E
$GAGSV,2,2,08,12,70,289,47,19,67,001,46,28,63,278,48,33,46,161,47*67
$GAGSV,2,1,08,04,40,257,46,06,17,247,33,10,47,313,48,11,20,321,39*67
$GAGSV,2,2,08,12,70,289,47,19,67,001,46,28,63,278,48,33,46,161,47*67
$GAGSV,2,1,08,04,40,257,46,06,17,247,32,10,47,313,48,11,20,321,39*66
$GAGSV,2,2,08,12,70,289,47,19,67,001,46,28,63,278,48,33,46,161,47*67
$GAGSV,2,1,08,04,40,257,46,06,17,247,32,10,47,313,48,11,20,321,39*66
$GAGSV,2,2,08,12,70,289,47,19,67,001,46,28,63,278,48,33,46,161,47*67
$GAGSV,2,1,08,04,40,257,46,06,17,247,32,10,47,313,48,11,20,321,39*66
$GAGSV,2,2,08,12,70,289,47,19,67,001,46,28,63,278,48,33,46,161,47*67
$GAGSV,2,1,08,04,40,257,46,06,17,247,32,10,47,313,48,11,20,321,39*66
$GAGSV,2,2,08,12,70,289,47,19,67,001,46,28,63,278,48,33,46,161,47*67
$GAGSV,2,1,08,04,40,257,46,06,17,247,32,10,47,313,48,11,20,321,39*66
$GAGSV,2,2,08,12,70,289,47,19,67,001,46,28,63,278,48,33,46,161,47*67
$GAGSV,2,1,08,04,40,257,46,06,17,247,32,10,47,313,48,11,20,321,39*66
$GAGSV,2,2,08,12,70,289,47,19,67,001,46,28,63,278,48,33,46,161,46*66
$GAGSV,2,1,08,04,40,257,46,06,17,247,33,10,47,313,48,11,20,321,39*67
$GAGSV,2,2,08,12,70,289,47,19,67,001,46,28,63,278,48,33,46,161,46*66
$GAGSV,2,1,08,04,40,257,46,06,17,247,33,10,47,313,48,11,20,321,39*67
$GAGSV,2,2,08,12,70,289,47,19,67,001,46,28,63,278,48,33,46,161,46*66
$GAGSV,2,1,08,04,40,257,46,06,17,247,33,10,47,313,49,11,20,321,39*66
$GAGSV,2,2,08,12,70,289,47,19,67,001,46,28,63,278,48,33,46,161,46*66
$GAGSV,2,1,08,04,40,257,46,06,17,247,33,10,47,313,49,11,20,321,39*66
$GAGSV,2,2,08,12,70,289,47,19,67,001,46,28,63,278,48,33,46,161,46*66
$GAGSV,2,1,08,04,40,257,46,06,17,247,33,10,47,313,49,11,20,321,39*66
$GAGSV,2,2,08,12,70,289,48,19,67,001,46,28,63,278,48,33,46,161,46*69
$GAGSV,2,1,08,04,40,257,46,06,17,247,33,10,47,313,49,11,20,321,39*66
$GAGSV,2,2,08,12,70,289,48,19,67,001,46,28,63,278,48,33,46,161,46*69
$GAGSV,2,1,08,04,40,257,46,06,17,247,33,10,47,313,49,11,20,321,40*68
$GAGSV,2,2,08,12,70,289,48,19,67,001,46,28,63,278,48,33,46,161,46*69
$GAGSV,2,1,08,04,40,257,46,06,17,247,33,10,47,313,49,11,20,321,40*68
$GAGSV,2,2,08,12,70,289,48,19,67,001,46,28,63,278,48,33,46,161,47*68
$GAGSV,2,1,08,04,40,257,46,06,17,247,33,10,47,313,49,11,20,321,40*68
$GAGSV,2,2,08,12,70,289,48,19,67,001,46,28,63,278,48,33,46,161,46*69
$GAGSV,2,1,08,04,40,257,46,06,17,247,33,10,47,313,48,11,20,321,40*69
$GAGSV,2,2,08,12,70,289,47,19,67,001,46,28,63,278,48,33,46,161,46*66
$GAGSV,2,1,08,04,40,257,46,06,17,247,34,10,47,313,48,11,20,321,40*6E
$GAGSV,2,2,08,12,70,289,47,19,67,001,46,28,64,278,48,33,46,161,46*61
$GAGSV,2,1,08,04,40,257,46,06,17,247,34,10,47,313,48,11,20,321,40*6E
$GAGSV,2,2,08,12,70,289,47,19,67,001,46,28,64,278,48,33,46,161,46*61
$GAGSV,2,1,08,04,40,257,46,06,17,247,34,10,47,313,48,11,20,321,40*6E
$GAGSV,2,2,08,12,70,289,47,19,67,001,46,28,64,278,48,33,46,161,46*61
$GAGSV,2,1,08,04,40,257,46,06,17,247,34,10,47,313,48,11,20,321,40*6E
$GAGSV,2,2,08,12,70,289,47,19,67,001,46,28,64,278,48,33,46,161,46*61
$GAGSV,2,1,08,04,40,257,46,06,17,247,34,10,47,313,48,11,20,321,40*6E
$GAGSV,2,2,08,12,70,289,47,19,67,001,46,28,64,278,48,33,46,161,46*61
$GAGSV,2,1,08,04,40,257,46,06,17,247,34,10,47,313,49,11,20,321,40*6F
$GAGSV,2,2,08,12,70,289,47,19,67,001,46,28,64,278,48,33,46,161,46*61
$GAGSV,2,1,08,04,40,257,46,06,17,247,34,10,47,313,49,11,20,321,40*6F
$GAGSV,2,2,08,12,70,289,47,19,67,001,46,28,64,278,48,33,46,161,46*61
$GAGSV,2,1,08,04,40,257,46,06,17,247,34,10,47,313,49,11,20,321,40*6F
$GAGSV,2,2,08,12,70,289,47,19,67,001,46,28,64,278,48,33,46,161,46*61
$GAGSV,2,1,08,04,40,257,46,06,17,247,34,10,47,313,49,11,20,321,39*61
$GAGSV,2,2,08,12,70,289,47,19,67,001,46,28,64,278,49,33,46,161,46*60
$GAGSV,2,1,08,04,40,257,46,06,17,247,34,10,47,313,49,11,20,321,39*61
$GAGSV,2,2,08,12,70,289,47,19,67,001,46,28,64,278,49,33,46,161,46*60
$GAGSV,2,1,08,04,40,257,46,06,17,247,34,10,47,313,49,11,20,321,39*61
$GAGSV,2,2,08,12,70,289,47,19,67,001,46,28,64,278,49,33,46,161,46*60
$GAGSV,2,1,08,04,40,257,46,06,17,247,34,10,47,313,48,11,20,321,39*60
$GAGSV,2,2,08,12,70,289,47,19,67,001,46,28,64,278,49,33,46,161,46*60
$GAGSV,2,1,08,04,40,257,46,06,17,247,34,10,47,313,48,11,20,321,39*60
$GAGSV,2,2,08,12,70,289,47,19,67,001,46,28,64,278,49,33,46,161,46*60
$GAGSV,2,1,08,04,40,257,46,06,17,247,34,10,47,313,48,11,20,321,39*60
$GAGSV,2,2,08,12,70,289,47,19,67,001,46,28,64,278,49,33,46,161,46*60
$GAGSV,2,1,08,04,40,257,46,06,17,247,33,10,47,313,48,11,20,321,39*67
$GAGSV,2,2,08,12,70,289,47,19,67,001,46,28,64,278,49,33,46,161,46*60
$GAGSV,2,1,08,04,40,257,46,06,17,247,33,10,47,313,48,11,20,321,40*69
$GAGSV,2,2,08,12,70,289,47,19,67,001,46,28,64,278,49,33,46,161,46*60
$GAGSV,2,1,08,04,40,257,46,06,17,247,33,10,47,313,48,11,20,321,40*69
$GAGSV,2,2,08,12,70,289,47,19,67,001,46,28,64,278,48,33,46,161,46*61
$GAGSV,2,1,08,04,40,257,46,06,17,247,33,10,47,313,48,11,20,321,40*69
$GAGSV,2,2,08,12,70,289,47,19,67,001,46,28,64,278,48,33,46,161,46*61
$GAGSV,2,1,08,04,40,257,46,06,17,247,33,10,47,313,48,11,20,321,40*69
$GAGSV,2,2,08,12,70,289,47,19,67,001,46,28,64,278,48,33,46,161,46*61
$GAGSV,2,1,08,04,40,257,46,06,17,247,33,10,47,313,48,11,20,321,40*69
$GAGSV,2,2,08,12,70,289,47,19,67,001,46,28,64,278,48,33,46,161,46*61
$GAGSV,2,1,08,04,40,257,46,06,17,247,34,10,47,313,48,11,20,321,40*6E
$GAGSV,2,2,08,12,70,289,47,19,67,001,46,28,64,278,48,33,46,161,46*61
$GAGSV,2,1,08,04,40,257,46,06,17,247,34,10,47,313,48,11,20,321,40*6E
$GAGSV,2,2,08,12,70,289,47,19,67,001,46,28,64,278,48,33,46,161,46*61
$GAGSV,2,1,08,04,40,257,46,06,17,247,34,10,47,313,48,11,20,321,40*6E
$GAGSV,2,2,08,12,70,289,47,19,67,001,46,28,64,278,48,33,46,161,46*61
$GAGSV,2,1,08,04,40,257,46,06,17,247,34,10,47,313,48,11,20,321,40*6E
$GAGSV,2,2,08,12,70,289,47,19,67,001,46,28,64,278,48,33,46,161,46*61
$GAGSV,2,1,08,04,40,257,46,06,17,247,35,10,47,313,48,11,20,321,40*6F
$GAGSV,2,2,08,12,70,289,47,19,67,001,46,28,64,278,48,33,46,161,46*61
$GAGSV,2,1,08,04,40,257,46,06,17,247,35,10,47,313,48,11,20,321,40*6F
$GAGSV,2,2,08,12,70,289,47,19,67,001,46,28,64,278,48,33,46,161,46*61
$GAGSV,2,1,08,04,40,257,46,06,17,247,35,10,47,313,48,11,20,321,39*61
$GAGSV,2,2,08,12,70,289,47,19,67,001,46,28,64,278,48,33,46,161,46*61
$GAGSV,2,1,08,04,40,257,45,06,17,247,34,10,47,313,48,11,20,321,39*63
$GAGSV,2,2,08,12,70,289,47,19,67,001,46,28,64,278,48,33,46,161,46*61
$GAGSV,2,1,08,04,40,257,45,06,17,247,35,10,47,313,48,11,20,321,39*62
$GAGSV,2,2,08,12,70,289,47,19,67,001,46,28,64,278,49,33,46,161,46*60
$GAGSV,2,1,08,04,40,257,45,06,17,247,35,10,47,313,48,11,20,321,39*62
$GAGSV,2,2,08,12,70,289,47,19,67,001,46,28,64,278,49,33,46,161,46*60
$GAGSV,2,1,08,04,40,257,45,06,17,247,35,10,47,313,48,11,20,321,39*62
$GAGSV,2,2,08,12,70,289,47,19,67,001,46,28,64,278,49,33,46,161,46*60
$GAGSV,2,1,08,04,40,257,45,06,17,247,35,10,47,313,48,11,20,321,39*62
$GAGSV,2,2,08,12,70,289,47,19,67,001,46,28,64,278,48,33,46,161,46*61
$GAGSV,2,1,08,04,40,257,45,06,17,247,35,10,47,313,48,11,20,321,39*62
$GAGSV,2,2,08,12,70,289,47,19,67,001,46,28,64,278,48,33,46,161,46*61
$GAGSV,2,1,08,04,40,257,45,06,17,247,35,10,47,313,48,11,20,321,39*62
$GAGSV,2,2,08,12,70,289,47,19,67,001,46,28,64,278,48,33,46,161,46*61
$GAGSV,2,1,08,04,40,257,46,06,17,247,35,10,47,313,48,11,20,321,39*61
$GAGSV,2,2,08,12,70,289,47,19,67,001,46,28,64,278,48,33,46,161,46*61
$GAGSV,2,1,08,04,40,257,46,06,17,247,35,10,47,313,48,11,20,321,39*61
$GAGSV,2,2,08,12,70,289,47,19,67,001,46,28,64,278,48,33,46,161,46*61
$GAGSV,2,1,08,04,40,257,46,06,17,247,35,10,47,313,48,11,20,321,39*61
$GAGSV,2,2,08,12,70,289,47,19,67,001,46,28,64,278,48,33,46,161,46*61
$GAGSV,2,1,08,04,40,257,45,06,17,247,35,10,47,313,48,11,20,321,39*62
$GAGSV,2,2,08,12,70,289,47,19,67,001,46,28,64,278,48,33,46,161,46*61
$GAGSV,2,1,08,04,40,257,46,06,17,247,35,10,47,313,48,11,20,321,39*61
$GAGSV,2,2,08,12,70,289,46,19,67,001,46,28,64,278,48,33,46,161,46*60
$GAGSV,2,1,08,04,40,257,46,06,17,247,35,10,47,313,48,11,20,321,39*61
$GAGSV,2,2,08,12,70,289,46,19,67,001,46,28,64,278,48,33,46,161,46*60
$GAGSV,2,1,08,04,40,257,46,06,17,247,35,10,47,313,48,11,20,321,39*61
$GAGSV,2,2,08,12,70,289,46,19,67,001,46,28,64,278,48,33,46,161,46*60
$GAGSV,2,1,08,04,40,257,46,06,17,247,35,10,47,313,48,11,20,321,39*61
$GAGSV,2,2,08,12,70,289,46,19,67,001,46,28,64,278,48,33,46,161,46*60
$GAGSV,2,1,08,04,40,257,46,06,17,247,36,10,47,313,48,11,20,321,39*62
$GAGSV,2,2,08,12,70,289,46,19,67,001,46,28,64,278,48,33,46,161,46*60
$GAGSV,2,1,08,04,40,257,46,06,17,247,36,10,47,313,48,11,20,321,39*62
$GAGSV,2,2,08,12,70,289,46,19,67,001,46,28,64,278,48,33,46,161,46*60
$GAGSV,2,1,08,04,40,257,46,06,17,247,36,10,47,313,48,11,20,321,39*62
$GAGSV,2,2,08,12,70,289,46,19,67,001,46,28,64,278,49,33,46,161,46*61
$GAGSV,2,1,08,04,41,257,46,06,17,247,36,10,47,313,48,11,20,321,39*63
$GAGSV,2,2,08,12,70,289,46,19,67,001,46,28,64,278,49,33,46,161,46*61
$GAGSV,2,1,08,04,41,257,46,06,17,247,36,10,47,313,48,11,20,321,39*63
$GAGSV,2,2,08,12,70,289,46,19,67,001,46,28,64,278,49,33,46,161,46*61
$GAGSV,2,1,08,04,41,257,46,06,17,247,36,10,47,313,48,11,20,321,39*63
$GAGSV,2,2,08,12,70,289,47,19,67,001,46,28,64,278,49,33,46,161,46*60
$GAGSV,2,1,08,04,41,257,46,06,17,247,36,10,47,313,48,11,20,321,39*63
$GAGSV,2,2,08,12,70,289,47,19,67,001,46,28,64,278,49,33,46,161,46*60
$GAGSV,2,1,08,04,41,257,46,06,17,247,36,10,47,313,48,11,20,321,39*63
$GAGSV,2,2,08,12,70,289,47,19,67,001,46,28,64,278,49,33,46,161,46*60
$GAGSV,2,1,08,04,41,257,46,06,17,247,35,10,47,313,48,11,20,321,39*60
$GAGSV,2,2,08,12,70,289,47,19,67,001,46,28,64,278,49,33,46,161,46*60
$GAGSV,2,1,08,04,41,257,46,06,17,247,35,10,47,313,48,11,20,321,39*60
$GAGSV,2,2,08,12,70,289,47,19,67,001,46,28,64,278,49,33,46,161,46*60
$GAGSV,2,1,08,04,41,257,46,06,17,247,35,10,47,313,48,11,20,321,39*60
$GAGSV,2,2,08,12,70,289,47,19,67,001,46,28,64,278,49,33,46,161,46*60
$GAGSV,2,1,08,04,41,257,46,06,17,247,35,10,47,313,48,11,20,321,39*60
$GAGSV,2,2,08,12,70,289,47,19,67,001,46,28,64,278,48,33,46,161,46*61
$GAGSV,2,1,08,04,41,257,46,06,17,247,35,10,47,313,48,11,20,321,40*6E
$GAGSV,2,2,08,12,70,289,47,19,67,001,46,28,64,278,48,33,46,161,46*61
$GAGSV,2,1,08,04,41,257,46,06,17,247,35,10,47,313,48,11,20,321,40*6E
$GAGSV,2,2,08,12,70,289,47,19,67,001,46,28,64,278,48,33,46,161,46*61
$GAGSV,2,1,08,04,41,257,46,06,17,247,35,10,47,313,48,11,20,321,40*6E
$GAGSV,2,2,08,12,70,289,47,19,67,001,46,28,64,278,48,33,46,161,46*61
$GAGSV,2,1,08,04,41,257,45,06,17,247,35,10,47,313,48,11,20,321,40*6D
$GAGSV,2,2,08,12,70,289,47,19,67,001,46,28,64,278,48,33,46,161,46*61
$GAGSV,2,1,08,04,41,257,45,06,17,247,35,10,47,313,48,11,20,321,40*6D
$GAGSV,2,2,08,12,70,289,47,19,67,001,46,28,64,278,49,33,46,161,46*60
$GAGSV,2,1,08,04,41,257,46,06,17,247,35,10,47,313,48,11,20,321,40*6E
$GAGSV,2,2,08,12,70,289,47,19,67,001,46,28,64,278,49,33,46,161,46*60
$GAGSV,2,1,08,04,41,257,46,06,17,247,35,10,47,313,48,11,20,321,40*6E
$GAGSV,2,2,08,12,70,289,47,19,67,001,46,28,64,278,49,33,46,161,46*60
$GAGSV,2,1,08,04,41,257,46,06,17,247,35,10,47,313,48,11,20,321,40*6E
$GAGSV,2,2,08,12,70,289,47,19,67,001,46,28,64,278,49,33,46,161,46*60
$GAGSV,2,1,08,04,41,257,45,06,17,247,35,10,47,313,48,11,20,321,39*63
$GAGSV,2,2,08,12,70,289,47,19,67,001,46,28,64,278,49,33,46,161,46*60
$GAGSV,2,1,08,04,41,257,45,06,17,247,35,10,47,313,48,11,20,321,40*6D
$GAGSV,2,2,08,12,70,289,47,19,67,001,46,28,64,278,49,33,46,161,46*60
$GAGSV,2,1,08,04,41,257,46,06,17,247,35,10,47,313,48,11,20,321,39*60
$GAGSV,2,2,08,12,70,289,47,19,67,001,46,28,64,278,49,33,46,161,46*60
$GAGSV,2,1,08,04,41,257,46,06,17,247,35,10,47,313,48,11,20,321,39*60
$GAGSV,2,2,08,12,70,289,47,19,67,001,46,28,64,278,49,33,46,161,46*60
$GAGSV,2,1,08,04,41,257,46,06,17,247,35,10,47,313,48,11,20,321,39*60
$GAGSV,2,2,08,12,70,289,47,19,67,001,46,28,64,278,49,33,46,161,46*60
$GAGSV,2,1,08,04,41,257,46,06,17,247,35,10,47,313,48,11,20,321,39*60
$GAGSV,2,2,08,12,70,289,46,19,67,001,46,28,64,278,49,33,46,161,46*61
$GAGSV,2,1,08,04,41,257,46,06,17,247,35,10,47,313,48,11,20,321,39*60
$GAGSV,2,2,08,12,70,289,46,19,67,001,46,28,64,278,49,33,46,161,46*61
$GAGSV,2,1,08,04,41,257,46,06,17,247,35,10,47,313,48,11,20,321,39*60
$GAGSV,2,2,08,12,70,289,46,19,67,001,46,28,64,278,49,33,46,161,47*60
$GAGSV,2,1,08,04,41,257,46,06,17,247,35,10,47,313,48,11,20,321,39*60
$GAGSV,2,2,08,12,70,289,46,19,67,001,46,28,64,278,49,33,46,161,47*60
$GAGSV,2,1,08,04,41,257,46,06,17,247,35,10,47,313,48,11,20,321,39*60
$GAGSV,2,2,08,12,70,289,46,19,67,001,46,28,64,278,49,33,46,161,47*60
$GAGSV,2,1,08,04,41,257,46,06,17,247,34,10,47,313,48,11,20,321,39*61
$GAGSV,2,2,08,12,70,289,46,19,67,001,46,28,64,278,49,33,46,161,46*61
$GAGSV,2,1,08,04,41,257,45,06,17,247,35,10,47,313,48,11,20,321,39*63
$GAGSV,2,2,08,12,70,289,46,19,67,001,46,28,64,278,49,33,46,161,46*61
$GAGSV,2,1,08,04,41,257,45,06,17,247,34,10,47,313,48,11,20,321,39*62
$GAGSV,2,2,08,12,70,289,46,19,67,001,46,28,64,278,49,33,46,161,46*61
$GAGSV,2,1,08,04,41,257,46,06,17,247,34,10,47,313,48,11,20,321,39*61
$GAGSV,2,2,08,12,70,289,46,19,67,001,46,28,64,278,49,33,46,161,46*61
$GAGSV,2,1,08,04,41,257,46,06,17,247,35,10,47,313,48,11,20,321,39*60
$GAGSV,2,2,08,12,70,289,46,19,67,001,46,28,64,278,49,33,46,161,46*61
$GAGSV,2,1,08,04,41,257,46,06,17,247,35,10,47,313,48,11,20,321,39*60
$GAGSV,2,2,08,12,70,289,46,19,67,001,46,28,64,278,49,33,46,161,46*61
$GAGSV,2,1,08,04,41,257,45,06,17,247,35,10,47,313,48,11,20,321,39*63
$GAGSV,2,2,08,12,70,289,46,19,67,001,46,28,64,278,49,33,46,161,46*61
$GAGSV,2,1,08,04,41,257,45,06,17,247,35,10,47,313,48,11,20,321,39*63
$GAGSV,2,2,08,12,70,289,46,19,67,001,46,28,64,278,49,33,46,161,46*61
$GAGSV,2,1,08,04,41,257,45,06,17,247,35,10,47,313,48,11,20,321,39*63
$GAGSV,2,2,08,12,70,288,46,19,67,001,46,28,64,278,49,33,46,161,46*60
$GAGSV,2,1,08,04,41,257,45,06,17,247,35,10,47,313,48,11,20,321,39*63
$GAGSV,2,2,08,12,70,288,46,19,67,001,46,28,64,278,49,33,46,161,46*60
$GAGSV,2,1,08,04,41,257,45,06,17,247,35,10,47,313,48,11,20,321,39*63
$GAGSV,2,2,08,12,70,288,47,19,67,001,46,28,64,278,49,33,46,161,46*61
$GAGSV,2,1,08,04,41,257,45,06,17,247,35,10,47,313,48,11,20,321,39*63
$GAGSV,2,2,08,12,70,288,47,19,67,001,46,28,64,278,49,33,46,161,46*61
$GAGSV,2,1,08,04,41,257,45,06,17,247,35,10,47,313,48,11,20,321,39*63
$GAGSV,2,2,08,12,70,288,47,19,67,001,46,28,64,278,49,33,46,161,46*61
$GAGSV,2,1,08,04,41,257,45,06,17,247,36,10,47,313,48,11,20,321,39*60
$GAGSV,2,2,08,12,70,288,47,19,67,001,46,28,64,278,49,33,46,161,46*61
$GAGSV,2,1,08,04,41,257,45,06,17,247,35,10,47,313,48,11,20,321,39*63
$GAGSV,2,2,08,12,70,288,47,19,67,001,46,28,64,278,49,33,46,161,46*61
$GAGSV,2,1,08,04,41,257,45,06,17,247,35,10,47,313,48,11,20,321,40*6D
$GAGSV,2,2,08,12,70,288,47,19,67,001,46,28,64,278,49,33,46,161,46*61
$GAGSV,2,1,08,04,41,257,45,06,17,247,35,10,47,313,48,11,20,321,40*6D
$GAGSV,2,2,08,12,70,288,47,19,67,001,46,28,64,278,48,33,46,161,46*60
$GAGSV,2,1,08,04,41,257,45,06,17,247,35,10,47,313,48,11,20,321,40*6D
$GAGSV,2,2,08,12,70,288,47,19,67,001,46,28,64,278,48,33,46,161,46*60
$GAGSV,2,1,08,04,41,257,45,06,17,247,35,10,47,313,48,11,20,321,40*6D
$GAGSV,2,2,08,12,70,288,47,19,67,001,46,28,64,278,48,33,46,161,46*60
$GAGSV,2,1,08,04,41,257,45,06,17,247,35,10,47,313,48,11,20,321,39*63
$GAGSV,2,2,08,12,70,288,47,19,67,001,46,28,64,278,48,33,46,161,46*60
$GAGSV,2,1,08,04,41,257,45,06,17,247,36,10,47,313,48,11,20,321,39*60
$GAGSV,2,2,08,12,70,288,47,19,67,001,46,28,64,278,48,33,46,161,46*60
$GAGSV,2,1,08,04,41,257,45,06,17,247,36,10,47,313,48,11,20,321,39*60
$GAGSV,2,2,08,12,70,288,47,19,67,001,46,28,64,278,48,33,46,161,46*60
$GAGSV,2,1,08,04,41,257,45,06,17,247,37,10,47,313,48,11,20,321,39*61
$GAGSV,2,2,08,12,70,288,47,19,67,001,46,28,64,278,48,33,46,161,46*60
$GAGSV,2,1,08,04,41,257,46,06,17,247,37,10,47,313,48,11,20,321,40*6C
$GAGSV,2,2,08,12,70,288,47,19,67,001,46,28,64,278,48,33,46,161,46*60
$GAGSV,2,1,08,04,41,257,46,06,17,247,36,10,47,313,48,11,20,321,40*6D
$GAGSV,2,2,08,12,70,288,47,19,67,001,46,28,64,278,48,33,46,161,46*60
$GAGSV,2,1,08,04,41,257,46,06,17,247,36,10,47,313,48,11,20,321,40*6D
$GAGSV,2,2,08,12,70,288,47,19,67,001,46,28,64,278,48,33,46,161,46*60
$GAGSV,2,1,08,04,41,257,46,06,17,247,36,10,47,313,48,11,20,321,40*6D
$GAGSV,2,2,08,12,70,288,47,19,67,001,46,28,64,278,48,33,46,161,46*60
$GAGSV,2,1,08,04,41,257,46,06,17,247,36,10,47,313,48,11,20,321,40*6D
$GAGSV,2,2,08,12,70,288,47,19,67,001,46,28,64,278,48,33,46,161,46*60
$GAGSV,2,1,08,04,41,257,46,06,17,247,36,10,47,313,48,11,20,321,40*6D
$GAGSV,2,2,08,12,70,288,47,19,67,001,46,28,64,278,48,33,46,161,46*60
$GAGSV,2,1,08,04,41,257,46,06,17,247,36,10,47,313,48,11,20,321,39*63
$GAGSV,2,2,08,12,70,288,47,19,67,001,46,28,64,278,48,33,46,161,46*60
$GAGSV,2,1,08,04,41,257,46,06,17,247,36,10,47,313,48,11,20,321,39*63
$GAGSV,2,2,08,12,70,288,47,19,67,001,46,28,64,278,48,33,46,161,46*60
$GAGSV,2,1,08,04,41,257,46,06,17,247,36,10,47,313,48,11,20,321,39*63
$GAGSV,2,2,08,12,70,288,47,19,67,001,46,28,64,278,48,33,46,161,46*60
$GAGSV,2,1,08,04,41,257,46,06,17,247,36,10,47,313,48,11,20,321,39*63
$GAGSV,2,2,08,12,70,288,47,19,67,001,46,28,64,278,48,33,46,161,46*60
$GAGSV,2,1,08,04,41,257,46,06,17,247,36,10,47,313,48,11,20,321,39*63
$GAGSV,2,2,08,12,70,288,47,19,67,001,46,28,64,278,48,33,45,161,46*63
$GAGSV,2,1,08,04,41,257,46,06,17,247,36,10,47,313,48,11,20,321,39*63
$GAGSV,2,2,08,12,70,288,47,19,67,001,46,28,64,278,48,33,45,161,46*63
$GAGSV,2,1,08,04,41,257,46,06,17,247,36,10,47,313,48,11,20,321,39*63
$GAGSV,2,2,08,12,70,288,47,19,67,001,46,28,64,278,48,33,45,161,46*63
$GAGSV,2,1,08,04,41,257,46,06,17,247,36,10,47,313,48,11,20,321,39*63
$GAGSV,2,2,08,12,70,288,47,19,67,001,46,28,64,278,48,33,45,161,46*63
$GAGSV,2,1,08,04,41,257,46,06,17,247,36,10,47,313,48,11,20,321,39*63
$GAGSV,2,2,08,12,70,288,47,19,67,001,46,28,64,278,48,33,45,161,46*63
$GAGSV,2,1,08,04,41,257,46,06,17,247,36,10,47,313,48,11,20,321,39*63
$GAGSV,2,2,08,12,70,288,47,19,67,001,46,28,64,278,48,33,45,161,46*63
$GAGSV,2,1,08,04,41,257,46,06,17,247,36,10,47,313,48,11,20,321,39*63
$GAGSV,2,2,08,12,70,288,46,19,67,001,46,28,64,278,48,33,45,161,46*62
$GAGSV,2,1,08,04,41,257,46,06,17,247,36,10,47,313,48,11,20,321,39*63
$GAGSV,2,2,08,12,70,288,46,19,67,001,46,28,64,278,48,33,45,161,46*62
$GAGSV,2,1,08,04,41,257,46,06,17,247,36,10,47,313,48,11,20,321,39*63
$GAGSV,2,2,08,12,70,288,46,19,67,001,46,28,64,278,48,33,45,161,46*62
$GAGSV,2,1,08,04,41,257,46,06,17,247,36,10,47,313,48,11,20,321,39*63
$GAGSV,2,2,08,12,70,288,46,19,67,001,46,28,64,278,48,33,45,161,46*62
$GAGSV,2,1,08,04,41,257,46,06,17,247,36,10,47,313,48,11,20,321,39*63
$GAGSV,2,2,08,12,70,288,46,19,67,001,46,28,64,278,48,33,45,161,46*62
$GAGSV,2,1,08,04,41,257,46,06,17,247,36,10,47,313,48,11,20,321,39*63
$GAGSV,2,2,08,12,70,288,46,19,67,001,46,28,64,278,48,33,45,161,46*62
$GAGSV,2,1,08,04,41,257,46,06,17,247,36,10,47,313,48,11,20,321,39*63
$GAGSV,2,2,08,12,70,288,46,19,67,001,46,28,64,278,48,33,45,161,46*62
$GAGSV,2,1,08,04,41,257,46,06,17,247,36,10,47,313,48,11,20,321,39*63
$GAGSV,2,2,08,12,70,288,46,19,67,001,46,28,64,278,48,33,45,161,46*62
$GAGSV,2,1,08,04,41,257,46,06,17,247,37,10,47,313,48,11,20,321,39*62
$GAGSV,2,2,08,12,70,288,46,19,67,001,46,28,64,278,48,33,45,161,46*62
$GAGSV,2,1,08,04,41,257,46,06,17,247,36,10,47,313,48,11,20,321,39*63
$GAGSV,2,2,08,12,70,288,46,19,67,001,46,28,64,278,48,33,45,161,46*62
$GAGSV,2,1,08,04,41,257,46,06,17,247,36,10,47,313,48,11,20,321,39*63
$GAGSV,2,2,08,12,70,288,46,19,67,001,46,28,64,278,48,33,45,161,46*62
$GAGSV,2,1,08,04,41,257,46,06,17,247,36,10,47,313,48,11,20,321,39*63
$GAGSV,2,2,08,12,70,288,46,19,67,001,46,28,64,278,48,33,45,161,46*62
$GAGSV,2,1,08,04,41,257,46,06,17,247,36,10,47,313,48,11,20,321,39*63
$GAGSV,2,2,08,12,70,288,46,19,67,001,46,28,64,278,48,33,45,161,46*62
$GAGSV,2,1,08,04,41,257,46,06,17,247,36,10,47,313,48,11,20,321,39*63
$GAGSV,2,2,08,12,70,288,46,19,67,001,46,28,64,278,48,33,45,161,46*62
$GAGSV,2,1,08,04,41,257,46,06,17,247,36,10,47,313,48,11,20,321,39*63
$GAGSV,2,2,08,12,70,288,46,19,67,001,46,28,64,278,48,33,45,161,46*62
$GAGSV,2,1,08,04,41,257,46,06,17,247,36,10,47,313,48,11,20,321,39*63
$GAGSV,2,2,08,12,70,288,46,19,67,001,46,28,64,278,48,33,45,161,46*62
$GAGSV,2,1,08,04,41,257,46,06,17,247,36,10,47,313,48,11,20,321,39*63
$GAGSV,2,2,08,12,70,288,46,19,67,001,46,28,64,278,48,33,45,161,46*62
$GAGSV,2,1,08,04,41,257,46,06,17,247,36,10,47,313,48,11,20,321,39*63
$GAGSV,2,2,08,12,70,288,46,19,67,001,46,28,64,278,48,33,45,161,46*62
$GAGSV,2,1,08,04,41,257,46,06,17,247,36,10,47,313,48,11,20,321,39*63
$GAGSV,2,2,08,12,70,288,46,19,67,001,46,28,64,278,48,33,45,161,46*62
$GAGSV,2,1,08,04,41,257,46,06,17,247,36,10,47,313,48,11,20,321,39*63
$GAGSV,2,2,08,12,70,288,46,19,67,001,46,28,64,278,48,33,45,161,46*62
$GAGSV,2,1,08,04,41,257,46,06,17,247,36,10,47,313,48,11,20,321,39*63
$GAGSV,2,2,08,12,70,288,46,19,67,001,46,28,64,278,48,33,45,161,46*62
$GAGSV,2,1,08,04,41,257,46,06,17,247,35,10,47,313,48,11,20,321,39*60
$GAGSV,2,2,08,12,70,288,46,19,67,001,46,28,64,278,48,33,45,161,46*62
$GAGSV,2,1,08,04,41,257,46,06,17,247,34,10,47,313,48,11,20,321,39*61
$GAGSV,2,2,08,12,70,288,46,19,67,001,46,28,64,278,48,33,45,161,46*62
$GAGSV,2,1,08,04,41,257,46,06,17,247,33,10,47,313,48,11,20,321,39*66
$GAGSV,2,2,08,12,70,288,46,19,67,001,46,28,64,278,48,33,45,161,46*62
$GAGSV,2,1,08,04,41,257,46,06,17,247,33,10,47,313,48,11,20,321,39*66
$GAGSV,2,2,08,12,70,288,46,19,67,001,46,28,64,278,48,33,45,161,46*62
$GAGSV,2,1,08,04,41,257,46,06,17,247,33,10,47,313,48,11,20,321,39*66
$GAGSV,2,2,08,12,70,288,46,19,67,001,46,28,64,278,48,33,45,161,46*62
$GAGSV,2,1,08,04,41,257,46,06,17,247,34,10,47,313,48,11,20,321,39*61
$GAGSV,2,2,08,12,70,288,46,19,67,001,46,28,64,278,48,33,45,161,46*62
$GAGSV,2,1,08,04,41,257,46,06,17,247,34,10,47,313,48,11,20,321,40*6F
$GAGSV,2,2,08,12,70,288,46,19,67,001,46,28,64,278,48,33,45,161,46*62
$GAGSV,2,1,08,04,41,257,46,06,17,247,34,10,47,313,48,11,20,321,40*6F
$GAGSV,2,2,08,12,70,288,46,19,67,001,46,28,64,278,48,33,45,161,46*62
$GAGSV,2,1,08,04,41,257,46,06,17,247,35,10,47,313,48,11,20,321,40*6E
$GAGSV,2,2,08,12,70,288,46,19,67,001,46,28,64,278,48,33,45,161,46*62
$GAGSV,2,1,08,04,41,257,46,06,17,247,34,10,47,313,48,11,20,321,40*6F
$GAGSV,2,2,08,12,70,288,46,19,67,001,46,28,64,278,48,33,45,161,46*62
$GAGSV,2,1,08,04,41,257,46,06,17,247,34,10,47,313,48,11,20,321,40*6F
$GAGSV,2,2,08,12,70,288,46,19,67,001,46,28,64,278,48,33,45,161,46*62
$GAGSV,2,1,08,04,41,257,46,06,17,247,35,10,47,313,48,11,20,321,40*6E
$GAGSV,2,2,08,12,70,288,46,19,67,001,46,28,64,278,48,33,45,161,46*62
$GAGSV,2,1,08,04,41,257,46,06,17,247,35,10,47,313,48,11,20,321,40*6E
$GAGSV,2,2,08,12,70,288,46,19,67,001,46,28,64,278,48,33,45,161,46*62
$GAGSV,2,1,08,04,41,257,46,06,17,247,35,10,47,313,48,11,20,321,40*6E
$GAGSV,2,2,08,12,70,288,46,19,67,001,46,28,64,278,48,33,45,161,46*62
$GAGSV,2,1,08,04,41,257,46,06,17,247,35,10,47,313,48,11,20,321,39*60
$GAGSV,2,2,08,12,70,288,46,19,67,001,46,28,64,278,49,33,45,161,46*63
$GAGSV,2,1,08,04,41,257,46,06,17,247,35,10,47,313,48,11,20,321,39*60
$GAGSV,2,2,08,12,70,288,46,19,67,001,46,28,64,278,49,33,45,161,45*60
$GAGSV,2,1,08,04,41,257,46,06,17,247,35,10,47,313,48,11,20,321,39*60
$GAGSV,2,2,08,12,70,288,46,19,67,001,46,28,64,278,49,33,45,161,45*60
$GAGSV,2,1,08,04,41,257,46,06,17,247,35,10,47,313,48,11,20,321,39*60
$GAGSV,2,2,08,12,70,288,46,19,67,001,46,28,64,278,48,33,45,161,45*61
$GAGSV,2,1,08,04,41,257,46,06,17,247,35,10,47,313,48,11,20,321,39*60
$GAGSV,2,2,08,12,70,288,46,19,67,001,46,28,64,278,48,33,45,161,45*61
$GAGSV,2,1,08,04,41,257,46,06,17,247,35,10,47,313,48,11,20,321,39*60
$GAGSV,2,2,08,12,70,288,46,19,67,001,46,28,64,278,48,33,45,161,45*61
$GAGSV,2,1,08,04,41,257,46,06,17,247,35,10,47,313,48,11,20,321,39*60
$GAGSV,2,2,08,12,70,288,46,19,67,001,46,28,64,278,48,33,45,161,45*61
$GAGSV,2,1,08,04,41,257,46,06,17,247,35,10,47,313,48,11,20,321,39*60
$GAGSV,2,2,08,12,70,288,45,19,67,001,46,28,64,278,48,33,45,161,45*62
$GAGSV,2,1,08,04,41,257,46,06,17,247,35,10,47,313,48,11,20,321,39*60
$GAGSV,2,2,08,12,70,288,45,19,67,001,46,28,64,278,48,33,45,161,45*62
$GAGSV,2,1,08,04,41,257,46,06,17,247,35,10,47,313,48,11,20,321,39*60
$GAGSV,2,2,08,12,70,288,45,19,67,001,46,28,64,278,48,33,45,161,45*62
$GAGSV,2,1,08,04,41,257,46,06,17,247,35,10,47,313,48,11,20,321,39*60
$GAGSV,2,2,08,12,70,288,45,19,67,001,46,28,64,278,48,33,45,161,45*62
$GAGSV,2,1,08,04,41,257,46,06,17,247,35,10,47,313,48,11,20,321,38*61
$GAGSV,2,2,08,12,70,288,45,19,67,001,46,28,64,278,48,33,45,161,45*62
$GAGSV,2,1,08,04,41,257,46,06,17,247,35,10,47,313,48,11,20,321,38*61
$GAGSV,2,2,08,12,70,288,46,19,67,001,46,28,64,278,48,33,45,161,45*61
$GAGSV,2,1,08,04,41,257,46,06,17,247,35,10,47,313,48,11,20,321,38*61
$GAGSV,2,2,08,12,70,288,46,19,67,001,46,28,64,278,48,33,45,161,45*61
$GAGSV,2,1,08,04,41,257,46,06,17,247,35,10,47,313,48,11,20,321,38*61
$GAGSV,2,2,08,12,71,288,46,19,67,001,46,28,64,278,48,33,45,161,45*60
$GAGSV,2,1,08,04,41,257,46,06,17,247,35,10,47,313,48,11,20,321,38*61
$GAGSV,2,2,08,12,71,288,46,19,67,001,46,28,64,278,48,33,45,161,45*60
$GAGSV,2,1,08,04,41,257,46,06,17,247,35,10,47,313,48,11,20,321,38*61
$GAGSV,2,2,08,12,71,288,45,19,67,001,46,28,64,278,48,33,45,161,45*63
$GAGSV,2,1,08,04,41,257,46,06,17,247,35,10,47,313,48,11,20,321,39*60
$GAGSV,2,2,08,12,71,288,45,19,67,001,46,28,64,278,48,33,45,161,45*63
$GAGSV,2,1,08,04,41,257,46,06,17,247,35,10,47,313,48,11,20,321,39*60
$GAGSV,2,2,08,12,71,288,45,19,67,001,46,28,64,278,48,33,45,161,45*63
$GAGSV,2,1,08,04,41,257,46,06,17,247,35,10,47,313,48,11,20,321,39*60
$GAGSV,2,2,08,12,71,288,45,19,67,001,46,28,64,278,48,33,45,161,45*63
$GAGSV,2,1,08,04,41,257,46,06,17,247,35,10,47,313,48,11,20,321,39*60
$GAGSV,2,2,08,12,71,288,45,19,67,001,46,28,64,278,48,33,45,161,46*60
$GAGSV,2,1,08,04,41,257,46,06,17,247,35,10,47,313,48,11,20,321,39*60
$GAGSV,2,2,08,12,71,288,45,19,67,001,46,28,64,278,48,33,45,161,46*60
$GAGSV,2,1,08,04,41,257,46,06,17,247,35,10,47,313,48,11,20,321,39*60
$GAGSV,2,2,08,12,71,288,45,19,67,001,46,28,64,278,48,33,45,161,46*60
$GAGSV,2,1,08,04,41,257,46,06,17,247,36,10,47,313,48,11,20,321,39*63
$GAGSV,2,2,08,12,71,288,45,19,67,001,46,28,64,278,48,33,45,161,46*60
$GAGSV,2,1,08,04,41,257,46,06,17,247,36,10,47,313,48,11,20,321,39*63
$GAGSV,2,2,08,12,71,288,45,19,67,001,46,28,64,278,48,33,45,161,46*60
$GAGSV,2,1,08,04,41,257,46,06,17,247,37,10,47,313,48,11,20,321,39*62
$GAGSV,2,2,08,12,71,288,45,19,67,001,46,28,64,278,48,33,45,161,46*60
$GAGSV,2,1,08,04,41,257,47,06,17,247,37,10,47,313,48,11,20,321,39*63
$GAGSV,2,2,08,12,71,288,45,19,67,001,46,28,64,278,48,33,45,161,46*60
$GAGSV,2,1,08,04,41,257,47,06,17,247,37,10,47,313,48,11,20,321,39*63
$GAGSV,2,2,08,12,71,288,45,19,67,001,46,28,64,278,48,33,45,161,46*60
$GAGSV,2,1,08,04,41,257,47,06,17,247,37,10,47,313,48,11,20,321,39*63
$GAGSV,2,2,08,12,71,288,45,19,67,001,46,28,64,278,48,33,45,161,46*60
$GAGSV,2,1,08,04,41,257,47,06,17,247,37,10,47,313,48,11,20,321,39*63
$GAGSV,2,2,08,12,71,288,45,19,67,001,46,28,64,278,48,33,45,161,46*60
$GAGSV,2,1,08,04,41,257,47,06,17,247,37,10,47,313,48,11,20,321,39*63
$GAGSV,2,2,08,12,71,288,45,19,67,001,46,28,64,278,48,33,45,161,46*60
$GAGSV,2,1,08,04,41,257,47,06,17,247,37,10,47,313,48,11,20,321,39*63
$GAGSV,2,2,08,12,71,288,45,19,67,001,46,28,64,278,48,33,45,161,46*60
$GAGSV,2,1,08,04,41,257,47,06,17,247,36,10,47,313,48,11,20,321,39*62
$GAGSV,2,2,08,12,71,288,46,19,67,001,46,28,64,278,48,33,45,161,46*63
$GAGSV,2,1,08,04,41,257,47,06,17,247,36,10,47,313,48,11,20,321,39*62
$GAGSV,2,2,08,12,71,288,46,19,67,001,46,28,64,278,48,33,45,161,46*63
$GAGSV,2,1,08,04,41,257,47,06,17,247,35,10,47,313,48,11,20,321,39*61
$GAGSV,2,2,08,12,71,288,46,19,67,001,46,28,64,278,48,33,45,161,46*63
$GAGSV,2,1,08,04,41,257,47,06,17,247,35,10,47,313,48,11,20,321,39*61
$GAGSV,2,2,08,12,71,288,46,19,67,001,46,28,64,278,48,33,45,161,46*63
$GAGSV,2,1,08,04,41,257,47,06,17,247,35,10,47,313,48,11,20,321,39*61
$GAGSV,2,2,08,12,71,288,45,19,67,001,46,28,64,278,48,33,45,161,46*60
$GAGSV,2,1,08,04,41,257,47,06,17,247,35,10,47,313,48,11,20,321,39*61
$GAGSV,2,2,08,12,71,288,45,19,67,001,46,28,64,278,48,33,45,161,46*60
$GAGSV,2,1,08,04,41,257,47,06,17,247,36,10,47,313,48,11,20,321,39*62
$GAGSV,2,2,08,12,71,288,45,19,67,001,46,28,64,278,48,33,45,161,46*60
$GAGSV,2,1,08,04,41,257,47,06,17,247,36,10,47,313,48,11,20,321,39*62
$GAGSV,2,2,08,12,71,288,45,19,67,001,46,28,64,278,48,33,45,161,46*60
$GAGSV,2,1,08,04,41,257,47,06,17,247,36,10,47,313,48,11,20,321,39*62
$GAGSV,2,2,08,12,71,288,46,19,67,001,46,28,64,278,48,33,45,161,46*63
$GAGSV,2,1,08,04,41,257,47,06,17,247,36,10,47,313,48,11,20,321,39*62
$GAGSV,2,2,08,12,71,288,46,19,67,001,46,28,64,278,48,33,45,161,46*63
$GAGSV,2,1,08,04,41,257,47,06,17,247,36,10,47,313,48,11,20,321,39*62
$GAGSV,2,2,08,12,71,288,45,19,67,001,46,28,64,278,48,33,45,161,46*60
$GAGSV,2,1,08,04,41,257,46,06,17,247,36,10,47,313,48,11,20,321,39*63
$GAGSV,2,2,08,12,71,288,45,19,67,001,46,28,64,278,48,33,45,161,46*60
$GAGSV,2,1,08,04,41,257,46,06,17,247,36,10,47,313,48,11,20,321,39*63
$GAGSV,2,2,08,12,71,288,45,19,67,001,46,28,64,278,48,33,45,161,46*60
$GAGSV,2,1,08,04,41,257,46,06,17,247,36,10,47,313,48,11,20,321,39*63
$GAGSV,2,2,08,12,71,288,45,19,67,001,46,28,64,278,48,33,45,161,46*60
$GAGSV,2,1,08,04,41,257,46,06,17,247,36,10,47,313,48,11,20,321,39*63
$GAGSV,2,2,08,12,71,288,45,19,67,001,46,28,64,278,48,33,45,161,46*60
$GAGSV,2,1,08,04,41,257,46,06,17,247,36,10,47,313,48,11,20,321,39*63
$GAGSV,2,2,08,12,71,288,45,19,67,001,46,28,64,278,49,33,45,161,46*61
$GAGSV,2,1,08,04,41,257,46,06,17,247,36,10,47,313,48,11,20,321,39*63
$GAGSV,2,2,08,12,71,288,45,19,67,001,46,28,64,278,49,33,45,161,46*61
$GAGSV,2,1,08,04,41,257,46,06,17,247,37,10,47,313,48,11,20,321,39*62
$GAGSV,2,2,08,12,71,288,45,19,67,001,46,28,64,278,49,33,45,161,46*61
$GAGSV,2,1,08,04,41,257,46,06,17,247,37,10,47,313,48,11,20,321,39*62
$GAGSV,2,2,08,12,71,288,45,19,67,001,46,28,64,278,49,33,45,161,46*61
$GAGSV,2,1,08,04,41,257,46,06,17,247,37,10,47,313,48,11,20,321,39*62
$GAGSV,2,2,08,12,71,288,45,19,67,001,46,28,64,278,49,33,45,161,46*61
$GAGSV,2,1,08,04,41,257,46,06,17,247,37,10,47,313,48,11,20,321,39*62
$GAGSV,2,2,08,12,71,288,45,19,67,001,46,28,64,278,49,33,45,161,45*62
$GAGSV,2,1,08,04,41,257,46,06,17,247,37,10,47,313,48,11,20,321,39*62
$GAGSV,2,2,08,12,71,288,45,19,67,001,46,28,64,278,49,33,45,161,45*62
$GAGSV,2,1,08,04,41,257,46,06,17,247,37,10,47,313,48,11,20,321,39*62
$GAGSV,2,2,08,12,71,288,45,19,67,001,46,28,64,278,49,33,45,161,45*62
$GAGSV,2,1,08,04,41,257,46,06,17,247,37,10,47,313,48,11,20,321,39*62
$GAGSV,2,2,08,12,71,288,45,19,67,001,46,28,64,278,49,33,45,161,45*62
$GAGSV,2,1,08,04,41,257,46,06,17,247,36,10,47,313,48,11,20,321,38*62
$GAGSV,2,2,08,12,71,288,45,19,67,001,46,28,64,278,49,33,45,161,45*62
$GAGSV,2,1,08,04,41,257,46,06,17,247,36,10,47,313,48,11,20,321,38*62
$GAGSV,2,2,08,12,71,288,45,19,67,001,46,28,64,278,49,33,45,161,45*62
$GAGSV,2,1,08,04,41,257,46,06,17,247,36,10,47,313,48,11,20,321,38*62
$GAGSV,2,2,08,12,71,288,45,19,67,001,46,28,64,278,49,33,45,161,45*62
$GAGSV,2,1,08,04,41,257,46,06,17,247,36,10,47,313,48,11,20,321,38*62
$GAGSV,2,2,08,12,71,288,45,19,67,001,46,28,64,278,49,33,45,161,45*62
$GAGSV,2,1,08,04,41,257,46,06,17,247,36,10,47,313,48,11,20,321,38*62
$GAGSV,2,2,08,12,71,288,45,19,67,001,46,28,64,278,49,33,45,161,45*62
$GAGSV,2,1,08,04,41,257,46,06,17,247,36,10,47,313,48,11,20,321,38*62
$GAGSV,2,2,08,12,71,288,45,19,67,001,46,28,64,278,49,33,45,161,45*62
$GAGSV,2,1,08,04,41,257,46,06,17,247,36,10,47,313,48,11,20,321,38*62
$GAGSV,2,2,08,12,71,288,45,19,67,001,46,28,64,278,49,33,45,161,45*62
$GAGSV,2,1,08,04,41,257,46,06,17,247,36,10,47,313,48,11,20,321,38*62
$GAGSV,2,2,08,12,71,288,45,19,67,001,46,28,64,278,49,33,45,161,45*62
$GAGSV,2,1,08,04,41,257,46,06,17,247,36,10,47,313,48,11,20,321,38*62
$GAGSV,2,2,08,12,71,288,45,19,67,001,46,28,64,278,49,33,45,161,45*62
$GAGSV,2,1,08,04,41,257,46,06,17,247,36,10,47,313,48,11,20,321,38*62
$GAGSV,2,2,08,12,71,288,45,19,67,001,46,28,64,278,49,33,45,161,45*62
$GAGSV,2,1,08,04,41,257,46,06,17,247,36,10,47,313,48,11,20,321,38*62
$GAGSV,2,2,08,12,71,288,45,19,67,001,46,28,64,278,49,33,45,161,45*62
$GAGSV,2,1,08,04,41,257,46,06,17,247,36,10,47,313,48,11,20,321,38*62
$GAGSV,2,2,08,12,71,288,45,19,67,001,46,28,64,278,49,33,45,161,45*62
$GAGSV,2,1,08,04,41,257,46,06,17,247,36,10,47,313,48,11,20,321,38*62
$GAGSV,2,2,08,12,71,288,45,19,67,001,46,28,64,278,49,33,45,161,46*61
$GAGSV,2,1,08,04,41,257,46,06,17,247,36,10,47,313,48,11,20,321,38*62
$GAGSV,2,2,08,12,71,288,45,19,67,001,46,28,64,278,48,33,45,161,46*60
$GAGSV,2,1,08,04,41,257,46,06,17,247,34,10,47,313,48,11,20,321,38*60
$GAGSV,2,2,08,12,71,288,45,19,67,001,46,28,64,278,48,33,45,161,46*60
$GAGSV,2,1,08,04,41,257,46,06,17,247,34,10,47,313,48,11,20,321,38*60
$GAGSV,2,2,08,12,71,288,45,19,67,001,46,28,64,278,48,33,45,161,46*60
$GAGSV,2,1,08,04,41,257,46,06,17,247,34,10,47,313,48,11,20,321,38*60
$GAGSV,2,2,08,12,71,288,45,19,67,001,46,28,64,278,48,33,45,161,46*60
$GAGSV,2,1,08,04,41,257,46,06,17,247,35,10,47,313,48,11,20,321,38*61
$GAGSV,2,2,08,12,71,288,45,19,67,001,46,28,64,278,48,33,45,161,46*60
$GAGSV,2,1,08,04,41,257,46,06,17,247,35,10,47,313,48,11,20,321,38*61
$GAGSV,2,2,08,12,71,288,45,19,67,001,46,28,64,278,48,33,45,161,46*60
$GAGSV,2,1,08,04,41,257,46,06,17,247,35,10,47,313,48,11,20,321,38*61
$GAGSV,2,2,08,12,71,288,45,19,67,001,46,28,64,278,48,33,45,161,46*60
$GAGSV,2,1,08,04,41,257,46,06,17,247,35,10,47,313,48,11,20,321,38*61
$GAGSV,2,2,08,12,71,288,46,19,67,001,46,28,64,278,48,33,45,161,46*63
$GAGSV,2,1,08,04,41,257,46,06,17,247,34,10,47,313,48,11,20,321,38*60
$GAGSV,2,2,08,12,71,288,46,19,67,001,46,28,64,278,48,33,45,161,46*63
$GAGSV,2,1,08,04,41,257,46,06,17,247,34,10,47,313,48,11,20,321,38*60
$GAGSV,2,2,08,12,71,288,46,19,67,001,46,28,64,278,48,33,45,161,46*63
$GAGSV,2,1,08,04,41,257,46,06,17,247,34,10,47,313,48,11,20,321,38*60
$GAGSV,2,2,08,12,71,288,46,19,67,001,46,28,64,278,48,33,45,161,45*60
$GAGSV,2,1,08,04,41,257,46,06,17,247,34,10,47,313,48,11,20,321,38*60
$GAGSV,2,2,08,12,71,288,46,19,67,001,46,28,64,278,48,33,45,161,45*60
$GAGSV,2,1,08,04,41,257,46,06,17,247,34,10,47,313,48,11,20,321,38*60
$GAGSV,2,2,08,12,71,288,46,19,67,001,46,28,64,278,48,33,45,161,45*60
$GAGSV,2,1,08,04,41,257,46,06,17,247,34,10,47,313,49,11,20,321,38*61
$GAGSV,2,2,08,12,71,288,46,19,67,001,46,28,64,278,48,33,45,161,45*60
$GAGSV,2,1,08,04,41,257,46,06,17,247,34,10,47,313,49,11,20,321,38*61
$GAGSV,2,2,08,12,71,288,46,19,67,001,46,28,64,278,48,33,45,161,45*60
$GAGSV,2,1,08,04,41,257,46,06,17,247,34,10,47,313,49,11,20,321,38*61
$GAGSV,2,2,08,12,71,288,46,19,67,001,46,28,64,278,48,33,45,161,45*60
$GAGSV,2,1,08,04,41,257,46,06,17,247,34,10,47,313,49,11,20,321,38*61
$GAGSV,2,2,08,12,71,288,46,19,67,001,46,28,64,278,48,33,45,161,45*60
$GAGSV,2,1,08,04,41,257,46,06,17,247,34,10,47,313,49,11,20,321,38*61
$GAGSV,2,2,08,12,71,288,46,19,67,001,46,28,64,278,48,33,45,161,45*60
$GAGSV,2,1,08,04,41,257,46,06,17,247,34,10,47,313,49,11,20,321,38*61
$GAGSV,2,2,08,12,71,288,46,19,67,001,46,28,64,278,48,33,45,161,45*60
$GAGSV,2,1,08,04,41,257,46,06,17,247,34,10,47,313,49,11,20,321,38*61
$GAGSV,2,2,08,12,71,288,46,19,67,001,46,28,64,278,48,33,45,161,45*60
$GAGSV,2,1,08,04,41,257,46,06,17,247,34,10,47,313,49,11,20,321,38*61
$GAGSV,2,2,08,12,71,288,46,19,67,001,46,28,64,278,48,33,45,161,45*60
$GAGSV,2,1,08,04,41,257,46,06,17,247,34,10,47,313,49,11,20,321,38*61
$GAGSV,2,2,08,12,71,288,46,19,67,001,46,28,64,278,48,33,45,161,45*60
$GAGSV,2,1,08,04,41,257,46,06,17,247,34,10,47,313,49,11,20,321,38*61
$GAGSV,2,2,08,12,71,288,46,19,67,001,46,28,64,278,48,33,45,161,45*60
$GAGSV,2,1,08,04,41,257,46,06,17,247,34,10,47,313,49,11,20,321,38*61
$GAGSV,2,2,08,12,71,288,46,19,67,001,46,28,64,278,48,33,45,161,45*60
$GAGSV,2,1,08,04,41,257,46,06,17,247,34,10,47,313,49,11,20,321,38*61
$GAGSV,2,2,08,12,71,288,46,19,67,001,46,28,64,278,48,33,45,161,45*60
$GAGSV,2,1,08,04,41,257,46,06,17,247,35,10,47,313,49,11,20,321,38*60
$GAGSV,2,2,08,12,71,288,46,19,67,001,46,28,64,278,48,33,45,161,45*60
$GAGSV,2,1,08,04,41,257,46,06,17,247,35,10,47,313,49,11,20,321,38*60
$GAGSV,2,2,08,12,71,288,46,19,67,001,46,28,64,278,48,33,45,161,45*60
$GAGSV,2,1,08,04,41,257,47,06,17,247,35,10,47,313,49,11,20,321,38*61
$GAGSV,2,2,08,12,71,288,46,19,67,001,46,28,64,278,48,33,45,161,45*60
$GAGSV,2,1,08,04,41,257,47,06,17,247,35,10,47,313,49,11,20,321,38*61
$GAGSV,2,2,08,12,71,288,46,19,67,001,46,28,64,278,48,33,45,161,45*60
$GAGSV,2,1,08,04,41,257,47,06,17,247,35,10,47,313,49,11,20,321,38*61
$GAGSV,2,2,08,12,71,288,46,19,67,001,46,28,64,278,48,33,45,161,45*60
$GAGSV,2,1,08,04,41,257,46,06,17,247,35,10,47,313,49,11,20,321,38*60
$GAGSV,2,2,08,12,71,288,46,19,67,001,46,28,64,278,48,33,45,161,45*60
$GAGSV,2,1,08,04,41,257,47,06,17,247,35,10,47,313,49,11,20,321,38*61
$GAGSV,2,2,08,12,71,288,46,19,67,001,46,28,64,278,48,33,45,161,45*60
$GAGSV,2,1,08,04,41,257,47,06,17,247,35,10,47,313,49,11,20,321,38*61
$GAGSV,2,2,08,12,71,288,46,19,67,001,46,28,64,278,48,33,45,161,45*60
$GAGSV,2,1,08,04,41,257,47,06,17,247,35,10,47,313,49,11,20,321,38*61
$GAGSV,2,2,08,12,71,288,45,19,67,001,46,28,64,278,48,33,45,161,45*63
$GAGSV,2,1,08,04,41,257,47,06,17,247,35,10,47,313,49,11,20,321,38*61
$GAGSV,2,2,08,12,71,288,45,19,67,001,46,28,64,278,48,33,45,161,45*63
$GAGSV,2,1,08,04,41,257,47,06,17,247,35,10,47,313,49,11,20,321,38*61
$GAGSV,2,2,08,12,71,288,45,19,67,001,46,28,64,278,48,33,45,161,45*63
$GAGSV,2,1,08,04,41,257,47,06,17,247,35,10,47,313,49,11,20,321,39*60
$GAGSV,2,2,08,12,71,288,45,19,67,001,46,28,64,278,48,33,45,161,45*63
$GAGSV,2,1,08,04,41,257,46,06,17,247,36,10,47,313,49,11,20,321,39*62
$GAGSV,2,2,08,12,71,288,45,19,67,001,46,28,64,278,48,33,45,161,45*63
$GAGSV,2,1,08,04,41,257,46,06,17,247,36,10,47,313,49,11,20,321,38*63
$GAGSV,2,2,08,12,71,288,45,19,67,001,46,28,64,278,48,33,45,161,45*63
$GAGSV,2,1,08,04,41,257,46,06,17,247,36,10,47,313,49,11,20,321,38*63
$GAGSV,2,2,08,12,71,288,45,19,67,001,46,28,64,278,48,33,45,161,44*62
$GAGSV,2,1,08,04,41,257,46,06,17,247,36,10,48,313,49,11,20,321,39*6D
$GAGSV,2,2,08,12,71,288,45,19,67,001,46,28,64,278,48,33,45,161,44*62
$GAGSV,2,1,08,04,41,257,46,06,17,247,36,10,48,313,49,11,20,321,39*6D
$GAGSV,2,2,08,12,71,288,45,19,67,001,46,28,64,278,48,33,45,161,44*62
$GAGSV,2,1,08,04,41,257,46,06,17,247,36,10,48,313,49,11,20,321,39*6D
$GAGSV,2,2,08,12,71,288,45,19,67,001,46,28,64,278,48,33,45,161,44*62
$GAGSV,2,1,08,04,41,257,46,06,17,247,36,10,48,313,49,11,20,321,39*6D
$GAGSV,2,2,08,12,71,288,45,19,67,001,46,28,64,278,48,33,45,161,44*62
$GAGSV,2,1,08,04,41,257,46,06,17,247,36,10,48,313,49,11,20,321,39*6D
$GAGSV,2,2,08,12,71,288,45,19,67,001,46,28,64,278,48,33,45,161,44*62
$GAGSV,2,1,08,04,41,257,46,06,17,247,36,10,48,313,48,11,20,321,38*6D
$GAGSV,2,2,08,12,71,288,45,19,67,001,46,28,64,278,48,33,45,161,44*62
$GAGSV,2,1,08,04,41,257,46,06,17,247,36,10,48,313,48,11,20,321,38*6D
$GAGSV,2,2,08,12,71,288,45,19,67,001,46,28,64,278,48,33,45,161,44*62
$GAGSV,2,1,08,04,41,257,46,06,17,247,37,10,48,313,48,11,20,321,38*6C
$GAGSV,2,2,08,12,71,288,45,19,67,001,46,28,64,278,48,33,45,161,44*62
$GAGSV,2,1,08,04,41,257,46,06,17,247,37,10,48,313,48,11,20,321,38*6C
$GAGSV,2,2,08,12,71,288,45,19,67,001,46,28,64,278,49,33,45,161,44*63
$GAGSV,2,1,08,04,41,257,46,06,17,247,37,10,48,313,48,11,20,321,38*6C
$GAGSV,2,2,08,12,71,288,45,19,67,001,46,28,64,278,49,33,45,161,45*62
$GAGSV,2,1,08,04,41,257,46,06,17,247,37,10,48,313,48,11,20,321,38*6C
$GAGSV,2,2,08,12,71,288,45,19,67,002,46,28,64,278,49,33,45,161,45*61
$GAGSV,2,1,08,04,41,257,46,06,17,247,37,10,48,313,48,11,20,321,38*6C
$GAGSV,2,2,08,12,71,288,45,19,67,002,46,28,64,278,49,33,45,161,45*61
$GAGSV,2,1,08,04,41,257,46,06,17,247,37,10,48,313,48,11,20,321,38*6C
$GAGSV,2,2,08,12,71,288,45,19,67,002,46,28,64,278,49,33,45,161,45*61
$GAGSV,2,1,08,04,41,257,46,06,17,247,37,10,48,313,48,11,20,321,38*6C
$GAGSV,2,2,08,12,71,288,45,19,67,002,46,28,64,278,49,33,45,161,45*61
$GAGSV,2,1,08,04,41,257,46,06,17,247,37,10,48,313,48,11,20,321,38*6C
$GAGSV,2,2,08,12,71,288,45,19,67,002,46,28,64,278,49,33,45,161,45*61
$GAGSV,2,1,08,04,41,257,46,06,17,247,37,10,48,313,48,11,20,321,38*6C
$GAGSV,2,2,08,12,71,288,45,19,67,002,46,28,64,278,49,33,45,161,45*61
$GAGSV,2,1,08,04,41,257,46,06,17,247,37,10,48,313,48,11,20,321,38*6C
$GAGSV,2,2,08,12,71,288,45,19,67,002,46,28,64,278,49,33,45,161,45*61
$GAGSV,2,1,08,04,41,257,46,06,17,247,37,10,48,313,48,11,20,321,38*6C
$GAGSV,2,2,08,12,71,288,46,19,67,002,46,28,64,278,49,33,45,161,45*62
$GAGSV,2,1,08,04,41,257,46,06,17,247,37,10,48,313,48,11,20,321,38*6C
$GAGSV,2,2,08,12,71,288,46,19,67,002,46,28,64,278,49,33,45,161,45*62
$GAGSV,2,1,08,04,41,257,46,06,17,247,37,10,48,313,49,11,20,321,38*6D
$GAGSV,2,2,08,12,71,288,46,19,67,002,46,28,64,278,49,33,45,161,45*62
$GAGSV,2,1,08,04,41,257,46,06,17,247,37,10,48,313,49,11,20,321,38*6D
$GAGSV,2,2,08,12,71,288,46,19,67,002,46,28,64,278,49,33,45,161,45*62
$GAGSV,2,1,08,04,41,257,46,06,17,247,37,10,48,313,49,11,20,321,38*6D
$GAGSV,2,2,08,12,71,288,45,19,67,002,46,28,64,278,49,33,45,161,45*61
$GAGSV,2,1,08,04,41,257,46,06,17,247,37,10,48,313,49,11,20,321,38*6D
$GAGSV,2,2,08,12,71,288,45,19,67,002,46,28,64,278,49,33,45,161,45*61
$GAGSV,2,1,08,04,41,257,46,06,17,247,37,10,48,313,49,11,20,321,38*6D
$GAGSV,2,2,08,12,71,288,45,19,67,002,46,28,64,278,49,33,45,161,45*61
$GAGSV,2,1,08,04,41,257,46,06,17,247,37,10,48,313,49,11,20,321,38*6D
$GAGSV,2,2,08,12,71,288,45,19,67,002,46,28,64,278,49,33,45,161,45*61
$GAGSV,2,1,08,04,41,257,46,06,17,247,37,10,48,313,49,11,20,321,38*6D
$GAGSV,2,2,08,12,71,288,45,19,67,002,46,28,64,278,49,33,45,161,45*61
$GAGSV,2,1,08,04,41,257,46,06,17,247,37,10,48,313,49,11,20,321,38*6D
$GAGSV,2,2,08,12,71,288,45,19,67,002,46,28,64,278,49,33,45,161,45*61
$GAGSV,2,1,08,04,41,257,46,06,17,247,37,10,48,313,49,11,20,321,38*6D
$GAGSV,2,2,08,12,71,288,45,19,67,002,46,28,64,278,49,33,45,161,45*61
$GAGSV,2,1,08,04,41,257,46,06,17,247,37,10,48,313,49,11,20,321,38*6D
$GAGSV,2,2,08,12,71,288,45,19,67,002,46,28,64,278,49,33,45,161,45*61
$GAGSV,2,1,08,04,41,257,46,06,17,247,37,10,48,313,49,11,20,321,38*6D
$GAGSV,2,2,08,12,71,288,45,19,67,002,46,28,64,278,49,33,45,161,45*61
$GAGSV,2,1,08,04,41,257,46,06,17,247,37,10,48,313,49,11,20,321,38*6D
$GAGSV,2,2,08,12,71,288,45,19,67,002,46,28,64,278,49,33,45,161,45*61
$GAGSV,2,1,08,04,41,257,46,06,17,247,37,10,48,313,49,11,20,321,38*6D
$GAGSV,2,2,08,12,71,288,45,19,67,002,46,28,64,278,49,33,45,161,45*61
$GAGSV,2,1,08,04,41,257,46,06,17,247,37,10,48,313,49,11,20,321,37*62
$GAGSV,2,2,08,12,71,288,45,19,67,002,46,28,64,278,49,33,45,161,45*61
$GAGSV,2,1,08,04,41,257,46,06,17,247,37,10,48,313,49,11,20,321,37*62
$GAGSV,2,2,08,12,71,288,45,19,67,002,46,28,64,278,49,33,45,161,45*61
$GAGSV,2,1,08,04,41,257,46,06,17,247,37,10,48,313,49,11,20,321,37*62
$GAGSV,2,2,08,12,71,288,45,19,67,002,46,28,64,278,49,33,45,161,45*61
$GAGSV,2,1,08,04,41,257,46,06,17,247,37,10,48,313,49,11,20,321,37*62
$GAGSV,2,2,08,12,71,288,45,19,67,002,46,28,64,278,49,33,45,161,45*61
$GAGSV,2,1,08,04,41,257,46,06,17,247,37,10,48,313,48,11,20,321,38*6C
$GAGSV,2,2,08,12,71,288,45,19,67,002,46,28,64,278,49,33,45,161,45*61
$GAGSV,2,1,08,04,41,257,46,06,17,247,37,10,48,313,48,11,20,321,38*6C
$GAGSV,2,2,08,12,71,288,45,19,67,002,46,28,64,278,49,33,45,161,45*61
$GAGSV,2,1,08,04,41,257,46,06,17,247,37,10,48,313,48,11,20,321,38*6C
$GAGSV,2,2,08,12,71,288,45,19,67,002,46,28,64,278,49,33,45,161,45*61
$GAGSV,2,1,08,04,41,257,46,06,17,247,37,10,48,313,48,11,20,321,38*6C
$GAGSV,2,2,08,12,71,288,45,19,67,002,46,28,64,278,49,33,45,161,45*61
$GAGSV,2,1,08,04,41,257,46,06,17,247,37,10,48,313,48,11,20,321,38*6C
$GAGSV,2,2,08,12,71,288,45,19,67,002,46,28,64,278,49,33,45,161,45*61
$GAGSV,2,1,08,04,41,257,46,06,17,247,37,10,48,313,48,11,20,321,38*6C
$GAGSV,2,2,08,12,71,288,45,19,67,002,46,28,64,278,49,33,45,161,45*61
$GAGSV,2,1,08,04,41,257,46,06,17,247,37,10,48,313,48,11,20,321,38*6C
$GAGSV,2,2,08,12,71,288,45,19,67,002,46,28,64,278,49,33,45,161,45*61
$GAGSV,2,1,08,04,41,257,46,06,17,247,37,10,48,313,48,11,20,321,38*6C
$GAGSV,2,2,08,12,71,288,45,19,67,002,46,28,64,278,49,33,45,161,45*61
$GAGSV,2,1,08,04,41,257,46,06,17,247,37,10,48,313,48,11,20,321,38*6C
$GAGSV,2,2,08,12,71,288,45,19,67,002,46,28,64,278,49,33,45,161,45*61
$GAGSV,2,1,08,04,41,257,46,06,17,247,37,10,48,313,48,11,20,321,38*6C
$GAGSV,2,2,08,12,71,288,45,19,67,002,46,28,64,278,49,33,45,161,45*61
$GAGSV,2,1,08,04,41,257,46,06,17,247,37,10,48,313,48,11,20,321,38*6C
$GAGSV,2,2,08,12,71,288,45,19,67,002,46,28,64,278,49,33,45,161,45*61
$GAGSV,2,1,08,04,41,257,46,06,17,247,37,10,48,313,48,11,20,321,38*6C
$GAGSV,2,2,08,12,71,288,45,19,67,002,46,28,64,278,49,33,45,161,45*61
$GAGSV,2,1,08,04,41,257,46,06,17,247,37,10,48,313,48,11,20,321,38*6C
$GAGSV,2,2,08,12,71,288,45,19,67,002,46,28,64,278,49,33,45,161,45*61
$GAGSV,2,1,08,04,41,257,46,06,17,247,37,10,48,313,48,11,20,321,38*6C
$GAGSV,2,2,08,12,71,288,45,19,67,002,46,28,64,278,49,33,45,161,45*61
$GAGSV,2,1,08,04,41,257,46,06,17,247,37,10,48,313,48,11,20,321,38*6C
$GAGSV,2,2,08,12,71,288,45,19,67,002,46,28,64,278,49,33,45,161,45*61
$GAGSV,2,1,08,04,41,257,46,06,17,247,36,10,48,313,48,11,20,321,38*6D
$GAGSV,2,2,08,12,71,288,45,19,67,002,46,28,64,278,49,33,45,161,45*61
$GAGSV,2,1,08,04,41,257,46,06,17,247,36,10,48,313,48,11,20,321,38*6D
$GAGSV,2,2,08,12,71,288,45,19,67,002,46,28,64,278,49,33,45,161,45*61
$GAGSV,2,1,08,04,41,257,46,06,17,247,36,10,48,313,48,11,20,321,38*6D
$GAGSV,2,2,08,12,71,288,45,19,67,002,46,28,64,278,49,33,45,161,45*61
$GAGSV,2,1,08,04,41,257,46,06,17,247,36,10,48,313,48,11,20,321,38*6D
$GAGSV,2,2,08,12,71,288,45,19,67,002,46,28,64,278,49,33,45,161,45*61
$GAGSV,2,1,08,04,41,257,46,06,17,247,36,10,48,313,48,11,20,321,38*6D
$GAGSV,2,2,08,12,71,288,45,19,67,002,46,28,64,279,49,33,45,161,45*60
$GAGSV,2,1,08,04,41,257,46,06,17,247,36,10,48,313,48,11,20,321,38*6D
$GAGSV,2,2,08,12,71,288,45,19,67,002,46,28,64,279,49,33,45,161,45*60
$GAGSV,2,1,08,04,41,257,46,06,17,247,36,10,48,313,48,11,20,321,38*6D
$GAGSV,2,2,08,12,71,288,45,19,67,002,46,28,64,279,49,33,45,161,45*60
$GAGSV,2,1,08,04,41,257,46,06,17,247,35,10,48,313,48,11,20,321,38*6E
$GAGSV,2,2,08,12,71,288,45,19,67,002,46,28,64,279,49,33,45,161,45*60
$GAGSV,2,1,08,04,41,257,46,06,17,247,35,10,48,313,48,11,20,321,38*6E
$GAGSV,2,2,08,12,71,288,45,19,67,002,46,28,64,279,49,33,45,161,45*60
$GAGSV,2,1,08,04,41,257,46,06,17,247,35,10,48,313,49,11,20,321,38*6F
$GAGSV,2,2,08,12,71,288,45,19,67,002,46,28,64,279,49,33,45,161,45*60
$GAGSV,2,1,08,04,41,257,46,06,17,247,35,10,48,313,49,11,20,321,38*6F
$GAGSV,2,2,08,12,71,288,45,19,67,002,46,28,64,279,49,33,45,161,45*60
$GAGSV,2,1,08,04,41,257,46,06,17,247,35,10,48,313,49,11,20,321,39*6E
$GAGSV,2,2,08,12,71,288,45,19,67,002,46,28,64,279,49,33,45,161,45*60
$GAGSV,2,1,08,04,41,257,46,06,17,247,36,10,48,313,49,11,20,321,39*6D
$GAGSV,2,2,08,12,71,288,45,19,67,002,46,28,64,279,49,33,45,161,45*60
$GAGSV,2,1,08,04,41,257,46,06,17,247,36,10,48,313,49,11,20,321,39*6D
$GAGSV,2,2,08,12,71,288,45,19,67,002,46,28,64,279,49,33,45,161,45*60
$GAGSV,2,1,08,04,41,257,46,06,17,247,36,10,48,313,49,11,20,321,39*6D
$GAGSV,2,2,08,12,71,288,45,19,67,002,46,28,64,279,49,33,45,161,45*60
$GAGSV,2,1,08,04,41,257,46,06,17,247,36,10,48,313,49,11,20,321,39*6D
$GAGSV,2,2,08,12,71,288,45,19,67,002,46,28,64,279,48,33,45,161,45*61
$GAGSV,2,1,08,04,41,257,46,06,17,247,35,10,48,313,49,11,20,321,39*6E
$GAGSV,2,2,08,12,71,288,45,19,67,002,46,28,64,279,48,33,45,161,45*61
$GAGSV,2,1,08,04,41,257,46,06,17,247,35,10,48,313,49,11,20,321,39*6E
$GAGSV,2,2,08,12,71,288,45,19,67,002,46,28,64,279,48,33,45,161,45*61
$GAGSV,2,1,08,04,41,257,46,06,17,247,35,10,48,313,48,11,20,321,39*6F
$GAGSV,2,2,08,12,71,288,45,19,67,002,46,28,64,279,48,33,45,161,45*61
$GAGSV,2,1,08,04,41,257,46,06,17,247,35,10,48,313,48,11,20,321,39*6F
$GAGSV,2,2,08,12,71,288,45,19,67,002,46,28,64,279,48,33,45,161,46*62
$GAGSV,2,1,08,04,41,257,46,06,17,247,35,10,48,313,48,11,20,321,39*6F
$GAGSV,2,2,08,12,71,288,45,19,67,002,46,28,64,279,48,33,45,161,46*62
$GAGSV,2,1,08,04,41,257,46,06,17,247,35,10,48,313,48,11,20,321,39*6F
$GAGSV,2,2,08,12,71,288,45,19,67,002,46,28,64,279,48,33,45,161,46*62
$GAGSV,2,1,08,04,41,257,46,06,17,247,35,10,48,313,48,11,20,321,39*6F
$GAGSV,2,2,08,12,71,288,45,19,67,002,46,28,64,279,48,33,45,161,46*62
$GAGSV,2,1,08,04,41,257,46,06,17,247,35,10,48,313,48,11,20,321,39*6F
$GAGSV,2,2,08,12,71,288,45,19,67,002,46,28,64,279,48,33,45,161,46*62
$GAGSV,2,1,08,04,41,257,46,06,17,247,35,10,48,313,48,11,20,321,39*6F
$GAGSV,2,2,08,12,71,288,45,19,67,002,46,28,64,279,48,33,45,161,46*62
$GAGSV,2,1,08,04,41,257,46,06,17,247,35,10,48,313,48,11,20,321,39*6F
$GAGSV,2,2,08,12,71,288,45,19,67,002,46,28,64,279,48,33,45,161,46*62
$GAGSV,2,1,08,04,41,257,46,06,17,247,35,10,48,313,48,11,20,321,39*6F
$GAGSV,2,2,08,12,71,288,45,19,67,002,46,28,64,279,48,33,45,161,46*62
$GAGSV,2,1,08,04,41,257,46,06,17,247,35,10,48,313,48,11,20,321,39*6F
$GAGSV,2,2,08,12,71,288,45,19,67,002,46,28,64,279,48,33,45,161,46*62
$GAGSV,2,1,08,04,41,257,46,06,17,247,35,10,48,313,48,11,20,321,39*6F
$GAGSV,2,2,08,12,71,288,45,19,67,002,46,28,64,279,48,33,45,161,46*62
$GAGSV,2,1,08,04,41,257,46,06,17,247,35,10,48,312,48,11,20,321,39*6E
$GAGSV,2,2,08,12,71,288,45,19,67,002,46,28,64,279,48,33,45,161,46*62
$GAGSV,2,1,08,04,41,257,46,06,17,247,35,10,48,312,48,11,20,321,39*6E
$GAGSV,2,2,08,12,71,288,45,19,67,002,46,28,64,279,48,33,45,161,46*62
$GAGSV,2,1,08,04,41,257,46,06,17,247,34,10,48,312,49,11,20,321,39*6E
$GAGSV,2,2,08,12,71,288,45,19,67,002,46,28,64,279,48,33,45,161,46*62
$GAGSV,2,1,08,04,41,257,46,06,17,247,34,10,48,312,49,11,20,321,39*6E
$GAGSV,2,2,08,12,71,288,45,19,67,002,46,28,64,279,48,33,45,161,46*62
$GAGSV,2,1,08,04,41,257,46,06,17,247,34,10,48,312,48,11,20,321,39*6F
$GAGSV,2,2,08,12,71,288,45,19,67,002,46,28,64,279,48,33,45,161,45*61
$GAGSV,2,1,08,04,41,257,46,06,17,247,34,10,48,312,48,11,20,321,39*6F
$GAGSV,2,2,08,12,71,287,45,19,67,002,46,28,64,279,49,33,45,161,46*6C
$GAGSV,2,1,08,04,41,257,46,06,17,247,33,10,48,312,48,11,20,321,39*68
$GAGSV,2,2,08,12,71,287,45,19,67,002,46,28,64,279,49,33,45,161,45*6F
$GAGSV,2,1,08,04,41,257,46,06,17,247,33,10,48,312,48,11,20,321,39*68
$GAGSV,2,2,08,12,71,287,45,19,67,002,46,28,64,279,49,33,45,161,45*6F
$GAGSV,2,1,08,04,41,257,46,06,17,247,33,10,48,312,48,11,20,321,39*68
$GAGSV,2,2,08,12,71,287,45,19,67,002,46,28,64,279,49,33,45,161,45*6F
$GAGSV,2,1,08,04,41,257,46,06,17,247,33,10,48,312,48,11,20,321,39*68
$GAGSV,2,2,08,12,71,287,45,19,67,002,46,28,64,279,49,33,45,161,45*6F
$GAGSV,2,1,08,04,41,257,46,06,17,247,33,10,48,312,48,11,20,321,39*68
$GAGSV,2,2,08,12,71,287,45,19,67,002,46,28,64,279,49,33,45,161,45*6F
$GAGSV,2,1,08,04,41,257,46,06,17,247,33,10,48,312,48,11,20,321,39*68
$GAGSV,2,2,08,12,71,287,45,19,67,002,46,28,64,279,49,33,45,161,45*6F
$GAGSV,2,1,08,04,41,257,46,06,17,247,33,10,48,312,48,11,20,321,39*68
$GAGSV,2,2,08,12,71,287,45,19,67,002,46,28,64,279,49,33,45,161,45*6F
$GAGSV,2,1,08,04,41,257,46,06,17,247,33,10,48,312,48,11,20,321,39*68
$GAGSV,2,2,08,12,71,287,45,19,67,002,46,28,64,279,49,33,45,161,45*6F
$GAGSV,2,1,08,04,41,257,46,06,17,247,34,10,48,312,48,11,20,321,39*6F
$GAGSV,2,2,08,12,71,287,45,19,67,002,46,28,64,279,48,33,45,161,45*6E
$GAGSV,2,1,08,04,41,257,46,06,17,247,33,10,48,312,48,11,20,321,39*68
$GAGSV,2,2,08,12,71,287,45,19,67,002,46,28,64,279,48,33,45,161,45*6E
$GAGSV,2,1,08,04,41,257,46,06,17,247,33,10,48,312,48,11,20,321,39*68
$GAGSV,2,2,08,12,71,287,45,19,67,002,46,28,64,279,48,33,45,161,45*6E
$GAGSV,2,1,08,04,41,257,46,06,17,247,33,10,48,312,48,11,20,321,39*68
$GAGSV,2,2,08,12,71,287,45,19,67,002,46,28,64,279,48,33,45,161,45*6E
$GAGSV,2,1,08,04,41,257,46,06,17,247,33,10,48,312,48,11,20,321,39*68
$GAGSV,2,2,08,12,71,287,45,19,67,002,46,28,64,279,48,33,45,161,45*6E
$GAGSV,2,1,08,04,41,257,46,06,17,247,32,10,48,312,48,11,20,321,39*69
$GAGSV,2,2,08,12,71,287,45,19,67,002,46,28,64,279,48,33,45,161,45*6E
$GAGSV,2,1,08,04,41,257,46,06,17,247,32,10,48,312,48,11,20,321,39*69
$GAGSV,2,2,08,12,71,287,45,19,67,002,46,28,64,279,48,33,45,161,45*6E
$GAGSV,2,1,08,04,41,257,46,06,17,247,32,10,48,312,48,11,20,321,39*69
$GAGSV,2,2,08,12,71,287,45,19,67,002,46,28,64,279,48,33,45,161,45*6E
$GAGSV,2,1,08,04,41,257,46,06,17,247,32,10,48,312,48,11,20,321,39*69
$GAGSV,2,2,08,12,71,287,45,19,67,002,46,28,64,279,48,33,45,161,45*6E
$GAGSV,2,1,08,04,41,257,46,06,17,247,31,10,48,312,48,11,20,321,39*6A
$GAGSV,2,2,08,12,71,287,45,19,67,002,46,28,64,279,48,33,45,161,45*6E
$GAGSV,2,1,08,04,41,257,46,06,17,247,31,10,48,312,48,11,20,321,39*6A
$GAGSV,2,2,08,12,71,287,45,19,67,002,46,28,64,279,48,33,45,161,45*6E
$GAGSV,2,1,08,04,41,257,46,06,17,247,30,10,48,312,48,11,20,321,39*6B
$GAGSV,2,2,08,12,71,287,45,19,67,002,46,28,64,279,48,33,45,161,45*6E
$GAGSV,2,1,08,04,41,257,46,06,17,247,30,10,48,312,48,11,20,321,39*6B
$GAGSV,2,2,08,12,71,287,45,19,67,002,46,28,64,279,48,33,45,161,45*6E
$GAGSV,2,1,08,04,41,257,46,06,17,247,31,10,48,312,48,11,20,321,39*6A
$GAGSV,2,2,08,12,71,287,45,19,67,002,46,28,64,279,48,33,45,161,45*6E
$GAGSV,2,1,08,04,41,257,46,06,17,247,32,10,48,312,48,11,20,321,39*69
$GAGSV,2,2,08,12,71,287,45,19,67,002,46,28,64,279,48,33,45,161,45*6E
$GAGSV,2,1,08,04,41,257,46,06,17,247,32,10,48,312,48,11,20,321,39*69
$GAGSV,2,2,08,12,71,287,45,19,67,002,46,28,64,279,48,33,45,161,45*6E
$GAGSV,2,1,08,04,41,257,46,06,17,247,32,10,48,312,48,11,20,321,39*69
$GAGSV,2,2,08,12,71,287,45,19,67,002,46,28,64,279,48,33,45,161,45*6E
$GAGSV,2,1,08,04,41,257,46,06,17,247,31,10,48,312,48,11,20,321,39*6A
$GAGSV,2,2,08,12,71,287,45,19,67,002,46,28,64,279,48,33,45,161,45*6E
$GAGSV,2,1,08,04,41,257,46,06,17,247,31,10,48,312,48,11,20,321,39*6A
$GAGSV,2,2,08,12,71,287,45,19,67,002,46,28,64,279,48,33,45,161,45*6E
$GAGSV,2,1,08,04,41,257,46,06,17,247,30,10,48,312,48,11,20,321,38*6A
$GAGSV,2,2,08,12,71,287,45,19,67,002,46,28,64,279,48,33,45,161,45*6E
$GAGSV,2,1,08,04,41,257,46,06,17,247,30,10,48,312,48,11,20,321,38*6A
$GAGSV,2,2,08,12,71,287,45,19,67,002,46,28,64,279,48,33,45,161,45*6E
$GAGSV,2,1,08,04,41,257,46,06,17,247,30,10,48,312,48,11,20,321,38*6A
$GAGSV,2,2,08,12,71,287,45,19,67,002,46,28,64,279,48,33,45,161,45*6E
$GAGSV,2,1,08,04,41,257,46,06,17,247,31,10,48,312,48,11,20,321,38*6B
$GAGSV,2,2,08,12,71,287,45,19,67,002,46,28,64,279,48,33,45,161,45*6E
$GAGSV,2,1,08,04,41,257,46,06,17,247,32,10,48,312,48,11,20,321,38*68
$GAGSV,2,2,08,12,71,287,45,19,67,002,46,28,64,279,48,33,45,161,45*6E
$GAGSV,2,1,08,04,41,257,46,06,17,247,31,10,48,312,48,11,20,321,38*6B
$GAGSV,2,2,08,12,71,287,45,19,67,002,45,28,64,279,48,33,45,161,45*6D
$GAGSV,2,1,08,04,41,257,46,06,17,247,31,10,48,312,48,11,20,321,38*6B
$GAGSV,2,2,08,12,71,287,45,19,67,002,45,28,64,279,48,33,45,161,45*6D
$GAGSV,2,1,08,04,41,257,46,06,17,247,30,10,48,312,48,11,20,321,38*6A
$GAGSV,2,2,08,12,71,287,45,19,67,002,45,28,64,279,48,33,45,161,45*6D
$GAGSV,2,1,08,04,41,257,46,06,17,247,30,10,48,312,48,11,20,321,38*6A
$GAGSV,2,2,08,12,71,287,45,19,67,002,45,28,64,279,48,33,45,161,45*6D
$GAGSV,2,1,08,04,41,257,46,06,17,247,31,10,48,312,48,11,20,321,38*6B
$GAGSV,2,2,08,12,71,287,45,19,67,002,45,28,64,279,48,33,45,161,45*6D
$GAGSV,2,1,08,04,41,257,46,06,17,247,31,10,48,312,48,11,20,321,38*6B
$GAGSV,2,2,08,12,71,287,45,19,67,002,45,28,64,279,48,33,45,161,45*6D
$GAGSV,2,1,08,04,41,257,46,06,17,247,30,10,48,312,48,11,20,321,38*6A
$GAGSV,2,2,08,12,71,287,45,19,67,002,45,28,64,279,48,33,45,161,45*6D
$GAGSV,2,1,08,04,41,257,46,06,17,247,30,10,48,312,48,11,20,321,38*6A
$GAGSV,2,2,08,12,71,287,45,19,67,002,45,28,64,279,48,33,45,161,45*6D
$GAGSV,2,1,08,04,41,257,46,06,17,247,29,10,48,312,48,11,20,321,38*62
$GAGSV,2,2,08,12,71,287,45,19,67,002,46,28,64,279,48,33,45,161,45*6E
$GAGSV,2,1,08,04,41,257,46,06,17,247,29,10,48,312,48,11,20,321,38*62
$GAGSV,2,2,08,12,71,287,45,19,67,002,46,28,64,279,48,33,45,161,45*6E
$GAGSV,2,1,08,04,41,257,46,06,17,247,28,10,48,312,48,11,20,321,38*63
$GAGSV,2,2,08,12,71,287,45,19,67,002,46,28,64,279,48,33,45,161,45*6E
$GAGSV,2,1,08,04,41,257,46,06,17,247,28,10,48,312,48,11,20,321,38*63
$GAGSV,2,2,08,12,71,287,45,19,67,002,45,28,64,279,48,33,45,161,45*6D
$GAGSV,2,1,08,04,41,257,46,06,17,247,28,10,48,312,48,11,20,321,38*63
$GAGSV,2,2,08,12,71,287,45,19,67,002,46,28,64,279,48,33,45,161,45*6E
$GAGSV,2,1,08,04,41,257,46,06,17,247,28,10,48,312,48,11,20,321,38*63
$GAGSV,2,2,08,12,71,287,45,19,67,002,46,28,64,279,48,33,45,161,45*6E
$GAGSV,2,1,08,04,41,257,46,06,17,247,29,10,48,312,48,11,20,321,38*62
$GAGSV,2,2,08,12,71,287,45,19,67,002,46,28,64,279,48,33,45,161,45*6E
$GAGSV,2,1,08,04,41,257,46,06,17,247,29,10,48,312,48,11,20,321,38*62
$GAGSV,2,2,08,12,71,287,45,19,67,002,46,28,64,279,48,33,45,161,45*6E
$GAGSV,2,1,08,04,41,257,46,06,17,247,30,10,48,312,48,11,20,321,38*6A
$GAGSV,2,2,08,12,71,287,45,19,67,002,46,28,64,279,48,33,45,161,45*6E
$GAGSV,2,1,08,04,41,257,46,06,17,247,29,10,48,312,48,11,20,321,38*62
$GAGSV,2,2,08,12,71,287,45,19,67,002,46,28,64,279,48,33,45,161,45*6E
$GAGSV,2,1,08,04,41,257,46,06,17,247,29,10,48,312,48,11,20,321,38*62
$GAGSV,2,2,08,12,71,287,45,19,67,002,46,28,64,279,48,33,45,161,45*6E
$GAGSV,2,1,08,04,41,257,46,06,17,247,29,10,48,312,48,11,20,321,38*62
$GAGSV,2,2,08,12,71,287,45,19,67,002,46,28,64,279,48,33,45,161,45*6E
$GAGSV,2,1,08,04,41,257,46,06,17,247,30,10,48,312,48,11,20,321,38*6A
$GAGSV,2,2,08,12,71,287,45,19,67,002,46,28,64,279,48,33,45,161,45*6E
$GAGSV,2,1,08,04,41,257,46,06,17,247,30,10,48,312,48,11,20,321,38*6A
$GAGSV,2,2,08,12,71,287,45,19,67,002,46,28,64,279,48,33,45,161,45*6E
$GAGSV,2,1,08,04,41,257,46,06,17,247,31,10,48,312,48,11,20,321,38*6B
$GAGSV,2,2,08,12,71,287,45,19,67,002,46,28,64,279,48,33,45,161,45*6E
$GAGSV,2,1,08,04,41,257,46,06,17,247,32,10,48,312,48,11,20,321,38*68
$GAGSV,2,2,08,12,71,287,45,19,67,002,46,28,64,279,48,33,45,161,45*6E
$GAGSV,2,1,08,04,41,257,46,06,17,247,32,10,48,312,48,11,20,321,38*68
$GAGSV,2,2,08,12,71,287,45,19,67,002,46,28,64,279,48,33,45,161,45*6E
$GAGSV,2,1,08,04,41,257,46,06,17,247,31,10,48,312,48,11,20,321,38*6B
$GAGSV,2,2,08,12,71,287,45,19,67,002,46,28,64,279,48,33,45,161,45*6E
$GAGSV,2,1,08,04,41,257,46,06,17,247,32,10,48,312,48,11,20,321,38*68
$GAGSV,2,2,08,12,71,287,45,19,67,002,46,28,64,279,48,33,45,161,45*6E
$GAGSV,2,1,08,04,41,257,46,06,17,247,32,10,48,312,48,11,20,321,38*68
$GAGSV,2,2,08,12,71,287,45,19,67,002,46,28,64,279,48,33,45,161,45*6E
$GAGSV,2,1,08,04,41,257,46,06,17,247,32,10,48,312,48,11,20,321,39*69
$GAGSV,2,2,08,12,71,287,45,19,67,002,46,28,64,279,48,33,45,161,45*6E
$GAGSV,2,1,08,04,41,257,46,06,17,247,32,10,48,312,48,11,20,321,39*69
$GAGSV,2,2,08,12,71,287,45,19,67,002,46,28,64,279,48,33,45,161,45*6E
$GAGSV,2,1,08,04,41,257,46,06,17,247,32,10,48,312,48,11,20,321,39*69
$GAGSV,2,2,08,12,71,287,45,19,67,002,46,28,64,279,48,33,45,161,45*6E
$GAGSV,2,1,08,04,41,257,46,06,17,247,31,10,48,312,48,11,20,321,39*6A
$GAGSV,2,2,08,12,71,287,45,19,67,002,46,28,64,279,48,33,45,161,45*6E
$GAGSV,2,1,08,04,41,257,46,06,17,247,32,10,48,312,48,11,20,321,39*69
$GAGSV,2,2,08,12,71,287,45,19,67,002,46,28,64,279,48,33,45,161,45*6E
$GAGSV,2,1,08,04,41,257,46,06,17,247,32,10,48,312,48,11,20,321,39*69
$GAGSV,2,2,08,12,71,287,45,19,67,002,46,28,64,279,48,33,45,161,45*6E
$GAGSV,2,1,08,04,41,257,46,06,17,247,31,10,48,312,48,11,20,321,39*6A
$GAGSV,2,2,08,12,71,287,45,19,67,002,46,28,64,279,48,33,45,161,45*6E
$GAGSV,2,1,08,04,41,257,46,06,17,247,30,10,48,312,48,11,20,321,39*6B
$GAGSV,2,2,08,12,71,287,45,19,67,002,46,28,64,279,48,33,45,161,45*6E
$GAGSV,2,1,08,04,41,257,46,06,17,247,30,10,48,312,48,11,20,321,39*6B
$GAGSV,2,2,08,12,71,287,45,19,67,002,46,28,64,279,48,33,45,161,45*6E
$GAGSV,2,1,08,04,41,257,46,06,17,247,31,10,48,312,48,11,20,321,39*6A
$GAGSV,2,2,08,12,71,287,45,19,67,002,46,28,64,279,48,33,45,161,45*6E
$GAGSV,2,1,08,04,41,257,46,06,17,247,31,10,48,312,48,11,20,321,39*6A
$GAGSV,2,2,08,12,71,287,45,19,67,002,46,28,64,279,48,33,45,161,45*6E
$GAGSV,2,1,08,04,41,257,46,06,17,247,32,10,48,312,48,11,20,321,39*69
$GAGSV,2,2,08,12,71,287,45,19,67,002,46,28,64,279,48,33,45,161,45*6E
$GAGSV,2,1,08,04,41,257,46,06,17,247,32,10,48,312,48,11,20,321,39*69
$GAGSV,2,2,08,12,71,287,45,19,67,002,46,28,64,279,48,33,45,161,45*6E
$GAGSV,2,1,08,04,41,257,46,06,17,247,32,10,48,312,48,11,20,321,39*69
$GAGSV,2,2,08,12,71,287,45,19,67,002,46,28,64,279,48,33,45,161,45*6E
$GAGSV,2,1,08,04,41,257,46,06,17,247,31,10,48,312,48,11,20,321,39*6A
$GAGSV,2,2,08,12,71,287,45,19,67,002,46,28,64,279,48,33,45,161,45*6E
$GAGSV,2,1,08,04,41,257,46,06,17,247,30,10,48,312,48,11,20,321,39*6B
$GAGSV,2,2,08,12,71,287,45,19,67,002,46,28,64,279,48,33,45,161,45*6E
$GAGSV,2,1,08,04,41,257,46,06,17,247,30,10,48,312,48,11,20,321,39*6B
$GAGSV,2,2,08,12,71,287,45,19,67,002,46,28,64,279,48,33,45,161,45*6E
$GAGSV,2,1,08,04,41,257,46,06,17,247,31,10,48,312,48,11,20,321,39*6A
$GAGSV,2,2,08,12,71,287,45,19,67,002,46,28,64,279,48,33,45,161,45*6E
$GAGSV,2,1,08,04,41,257,46,06,17,247,31,10,48,312,48,11,20,321,39*6A
$GAGSV,2,2,08,12,71,287,45,19,67,002,46,28,64,279,48,33,45,161,45*6E
$GAGSV,2,1,08,04,41,257,46,06,17,247,30,10,48,312,48,11,20,321,39*6B
$GAGSV,2,2,08,12,71,287,45,19,67,002,46,28,64,279,48,33,45,161,45*6E
$GAGSV,2,1,08,04,41,257,46,06,17,247,30,10,48,312,48,11,20,321,39*6B
$GAGSV,2,2,08,12,71,287,45,19,67,002,46,28,64,279,48,33,45,161,45*6E
$GAGSV,2,1,08,04,41,257,46,06,17,247,29,10,48,312,48,11,20,321,39*63
$GAGSV,2,2,08,12,71,287,45,19,67,002,46,28,64,279,48,33,45,161,45*6E
$GAGSV,2,1,08,04,41,257,46,06,17,247,29,10,48,312,48,11,20,321,39*63
$GAGSV,2,2,08,12,71,287,45,19,67,002,46,28,64,279,48,33,45,161,45*6E
$GAGSV,2,1,08,04,41,257,46,06,17,247,29,10,48,312,48,11,20,321,39*63
$GAGSV,2,2,08,12,71,287,45,19,67,002,46,28,64,279,48,33,45,161,45*6E
$GAGSV,2,1,08,04,41,257,46,06,17,247,29,10,48,312,48,11,20,321,39*63
$GAGSV,2,2,08,12,71,287,45,19,67,002,46,28,64,279,48,33,45,161,45*6E
$GAGSV,2,1,08,04,41,257,46,06,17,247,29,10,48,312,48,11,20,321,39*63
$GAGSV,2,2,08,12,71,287,45,19,67,002,46,28,64,279,48,33,45,161,45*6E
$GAGSV,2,1,08,04,41,257,46,06,17,247,30,10,48,312,48,11,20,321,39*6B
$GAGSV,2,2,08,12,71,287,45,19,67,002,46,28,64,279,48,33,45,161,45*6E
$GAGSV,2,1,08,04,41,257,46,06,17,247,30,10,48,312,48,11,20,321,39*6B
$GAGSV,2,2,08,12,71,287,45,19,67,002,46,28,64,279,48,33,45,161,45*6E
$GAGSV,2,1,08,04,41,257,46,06,17,247,30,10,48,312,47,11,20,321,39*64
$GAGSV,2,2,08,12,71,287,45,19,67,002,46,28,64,279,48,33,45,161,45*6E
$GAGSV,2,1,08,04,41,257,46,06,17,247,30,10,48,312,47,11,20,321,39*64
$GAGSV,2,2,08,12,71,287,45,19,67,002,46,28,64,279,48,33,45,161,45*6E
$GAGSV,2,1,08,04,41,257,46,06,17,247,30,10,48,312,47,11,20,321,39*64
$GAGSV,2,2,08,12,71,287,45,19,67,002,46,28,64,279,48,33,45,161,46*6D
$GAGSV,2,1,08,04,41,257,46,06,17,247,30,10,48,312,47,11,20,321,39*64
$GAGSV,2,2,08,12,71,287,45,19,67,002,46,28,64,279,48,33,45,161,46*6D
$GAGSV,2,1,08,04,41,257,46,06,17,247,31,10,48,312,48,11,20,321,39*6A
$GAGSV,2,2,08,12,71,287,45,19,67,002,46,28,64,279,48,33,45,161,46*6D
$GAGSV,2,1,08,04,41,257,46,06,17,247,31,10,48,312,48,11,20,321,39*6A
$GAGSV,2,2,08,12,71,287,45,19,67,002,46,28,64,279,48,33,45,161,46*6D
$GAGSV,2,1,08,04,41,257,46,06,17,247,31,10,48,312,48,11,20,321,39*6A
$GAGSV,2,2,08,12,71,287,45,19,67,002,46,28,64,279,48,33,45,161,46*6D
$GAGSV,2,1,08,04,41,257,46,06,17,247,31,10,48,312,48,11,20,321,39*6A
$GAGSV,2,2,08,12,71,287,45,19,67,002,46,28,64,279,48,33,45,161,46*6D
$GAGSV,2,1,08,04,41,257,46,06,17,247,30,10,48,312,48,11,20,321,39*6B
$GAGSV,2,2,08,12,71,287,45,19,67,002,46,28,64,279,48,33,45,161,46*6D
$GAGSV,2,1,08,04,41,257,46,06,17,247,30,10,48,312,48,11,20,321,39*6B
$GAGSV,2,2,08,12,71,287,45,19,67,002,46,28,64,279,48,33,45,161,46*6D
$GAGSV,2,1,08,04,41,257,46,06,17,247,30,10,48,312,48,11,20,321,39*6B
$GAGSV,2,2,08,12,71,287,45,19,67,002,46,28,64,279,48,33,45,161,46*6D
$GAGSV,2,1,08,04,41,257,46,06,17,247,30,10,48,312,48,11,21,321,39*6A
$GAGSV,2,2,08,12,71,287,45,19,67,002,46,28,64,279,48,33,45,161,46*6D
$GAGSV,2,1,08,04,41,257,46,06,17,247,30,10,48,312,48,11,21,321,39*6A
$GAGSV,2,2,08,12,71,287,45,19,67,002,46,28,64,279,48,33,45,161,45*6E
$GAGSV,2,1,08,04,41,257,46,06,17,247,31,10,48,312,48,11,21,321,39*6B
$GAGSV,2,2,08,12,71,287,45,19,67,002,46,28,64,279,48,33,45,161,45*6E
$GAGSV,2,1,08,04,41,257,46,06,17,247,31,10,48,312,48,11,21,321,39*6B
$GAGSV,2,2,08,12,71,287,45,19,67,002,46,28,64,279,48,33,45,161,45*6E
$GAGSV,2,1,08,04,41,257,46,06,17,247,31,10,48,312,48,11,21,321,39*6B
$GAGSV,2,2,08,12,71,287,45,19,67,002,46,28,64,279,48,33,45,161,45*6E
$GAGSV,2,1,08,04,41,257,46,06,17,247,31,10,48,312,48,11,21,321,39*6B
$GAGSV,2,2,08,12,71,287,45,19,67,002,46,28,64,279,48,33,45,161,45*6E
$GAGSV,2,1,08,04,41,257,46,06,17,247,31,10,48,312,48,11,21,321,39*6B
$GAGSV,2,2,08,12,71,287,45,19,67,002,46,28,64,279,48,33,45,161,45*6E
$GAGSV,2,1,08,04,41,257,46,06,17,247,31,10,48,312,48,11,21,321,39*6B
$GAGSV,2,2,08,12,71,287,45,19,67,002,46,28,64,279,48,33,45,161,45*6E
$GAGSV,2,1,08,04,41,257,46,06,17,247,31,10,48,312,48,11,21,321,39*6B
$GAGSV,2,2,08,12,71,287,45,19,67,002,46,28,64,279,48,33,45,161,45*6E
$GAGSV,2,1,08,04,41,257,46,06,17,247,32,10,48,312,48,11,21,321,39*68
$GAGSV,2,2,08,12,71,287,45,19,67,002,46,28,64,279,49,33,45,161,45*6F
$GAGSV,2,1,08,04,41,257,46,06,17,247,32,10,48,312,48,11,21,321,39*68
$GAGSV,2,2,08,12,71,287,45,19,67,002,46,28,64,279,49,33,45,161,45*6F
$GAGSV,2,1,08,04,41,257,46,06,17,247,32,10,48,312,48,11,21,321,39*68
$GAGSV,2,2,08,12,71,287,45,19,67,002,46,28,64,279,49,33,45,161,45*6F
$GAGSV,2,1,08,04,41,257,46,06,17,247,32,10,48,312,48,11,21,321,39*68
$GAGSV,2,2,08,12,71,287,45,19,67,002,46,28,64,279,49,33,45,161,45*6F
$GAGSV,2,1,08,04,41,257,46,06,17,247,32,10,48,312,48,11,21,321,39*68
$GAGSV,2,2,08,12,71,287,45,19,67,002,46,28,64,279,49,33,45,161,45*6F
$GAGSV,2,1,08,04,41,257,46,06,17,247,32,10,48,312,48,11,21,321,39*68
$GAGSV,2,2,08,12,71,287,45,19,67,002,46,28,64,279,49,33,45,161,45*6F
$GAGSV,2,1,08,04,41,257,46,06,17,247,31,10,48,312,48,11,21,321,39*6B
$GAGSV,2,2,08,12,71,287,45,19,67,002,46,28,64,279,49,33,45,161,45*6F
$GAGSV,2,1,08,04,41,257,46,06,17,247,30,10,48,312,48,11,21,321,39*6A
$GAGSV,2,2,08,12,71,287,45,19,67,002,46,28,64,279,48,33,45,161,45*6E
$GAGSV,2,1,08,04,41,257,46,06,17,247,30,10,48,312,48,11,21,321,39*6A
$GAGSV,2,2,08,12,71,287,45,19,67,002,46,28,64,279,48,33,45,161,45*6E
$GAGSV,2,1,08,04,41,257,46,06,17,247,30,10,48,312,48,11,21,321,39*6A
$GAGSV,2,2,08,12,71,287,45,19,67,002,46,28,64,279,48,33,45,161,45*6E
$GAGSV,2,1,08,04,41,257,46,06,17,247,30,10,48,312,48,11,21,321,39*6A
$GAGSV,2,2,08,12,71,287,45,19,67,002,46,28,64,279,48,33,45,161,45*6E
$GAGSV,2,1,08,04,41,258,46,06,17,247,30,10,48,312,48,11,21,321,39*65
$GAGSV,2,2,08,12,71,287,45,19,67,002,46,28,64,279,48,33,45,161,45*6E
$GAGSV,2,1,08,04,41,258,46,06,17,247,29,10,48,312,48,11,21,321,39*6D
$GAGSV,2,2,08,12,71,287,45,19,67,002,46,28,64,279,48,33,45,161,45*6E
$GAGSV,2,1,08,04,41,258,46,06,17,247,28,10,48,312,48,11,21,321,39*6C
$GAGSV,2,2,08,12,71,287,45,19,67,002,46,28,64,279,48,33,45,161,45*6E
$GAGSV,2,1,08,04,41,258,46,06,17,247,27,10,48,312,48,11,21,321,39*63
$GAGSV,2,2,08,12,71,287,45,19,67,002,46,28,64,279,48,33,45,161,45*6E
$GAGSV,2,1,08,04,41,258,46,06,17,247,27,10,48,312,48,11,21,321,39*63
$GAGSV,2,2,08,12,71,287,45,19,67,002,46,28,64,279,48,33,45,161,45*6E
$GAGSV,2,1,08,04,41,258,46,06,17,247,27,10,48,312,48,11,21,321,39*63
$GAGSV,2,2,08,12,71,287,45,19,67,002,46,28,64,279,48,33,45,161,45*6E
$GAGSV,2,1,08,04,41,258,46,06,17,247,28,10,48,312,48,11,21,321,39*6C
$GAGSV,2,2,08,12,71,287,45,19,67,002,46,28,64,279,48,33,45,161,45*6E
$GAGSV,2,1,08,04,41,258,46,06,17,247,29,10,48,312,48,11,21,321,39*6D
$GAGSV,2,2,08,12,71,287,45,19,67,002,46,28,64,279,48,33,45,161,45*6E
$GAGSV,2,1,08,04,41,258,46,06,17,247,30,10,48,312,48,11,21,321,39*65
$GAGSV,2,2,08,12,71,287,45,19,67,002,46,28,64,279,48,33,45,161,45*6E
$GAGSV,2,1,08,04,41,258,46,06,17,247,30,10,48,312,48,11,21,321,39*65
$GAGSV,2,2,08,12,71,287,45,19,67,002,46,28,64,279,48,33,45,161,45*6E
$GAGSV,2,1,08,04,41,258,46,06,17,247,30,10,48,312,48,11,21,321,39*65
$GAGSV,2,2,08,12,71,287,45,19,67,002,46,28,64,279,48,33,45,161,45*6E
$GAGSV,2,1,08,04,41,258,46,06,17,247,29,10,48,312,48,11,21,321,39*6D
$GAGSV,2,2,08,12,71,287,45,19,67,002,46,28,64,279,48,33,45,161,45*6E
$GAGSV,2,1,08,04,41,258,46,06,17,247,28,10,48,312,48,11,21,321,39*6C
$GAGSV,2,2,08,12,71,287,45,19,67,002,46,28,64,279,48,33,45,161,45*6E
$GAGSV,2,1,08,04,41,258,46,06,17,247,27,10,48,312,48,11,21,321,39*63
$GAGSV,2,2,08,12,71,287,45,19,67,002,46,28,64,279,48,33,45,161,45*6E
$GAGSV,2,1,08,04,41,258,46,06,17,247,26,10,48,312,48,11,21,321,39*62
$GAGSV,2,2,08,12,71,287,45,19,67,002,46,28,64,279,48,33,45,161,45*6E
$GAGSV,2,1,08,04,41,258,46,06,17,247,26,10,48,312,48,11,21,321,39*62
$GAGSV,2,2,08,12,71,287,45,19,67,002,46,28,64,279,48,33,45,161,45*6E
$GAGSV,2,1,08,04,41,258,46,06,17,247,27,10,48,312,48,11,21,321,39*63
$GAGSV,2,2,08,12,71,287,45,19,67,002,46,28,64,279,49,33,45,161,45*6F
$GAGSV,2,1,08,04,41,258,46,06,17,247,26,10,48,312,48,11,21,321,39*62
$GAGSV,2,2,08,12,71,287,45,19,67,002,46,28,64,279,49,33,45,161,45*6F
$GAGSV,2,1,08,04,41,258,46,06,17,247,25,10,48,312,48,11,21,321,39*61
$GAGSV,2,2,08,12,71,287,45,19,67,002,46,28,64,279,49,33,45,161,45*6F
$GAGSV,2,1,08,04,41,258,46,06,17,247,25,10,48,312,48,11,21,321,39*61
$GAGSV,2,2,08,12,71,287,45,19,67,002,46,28,64,279,49,33,45,161,45*6F
$GAGSV,2,1,08,04,41,258,46,06,17,247,26,10,48,312,48,11,21,321,39*62
$GAGSV,2,2,08,12,71,287,45,19,67,002,46,28,64,279,49,33,45,161,45*6F
$GAGSV,2,1,08,04,41,258,46,06,17,247,37,10,48,312,48,11,21,321,39*62
$GAGSV,2,2,08,12,71,287,45,19,67,002,46,28,64,279,49,33,45,161,45*6F
$GAGSV,2,1,08,04,41,258,46,06,17,247,37,10,48,312,48,11,21,321,39*62
$GAGSV,2,2,08,12,71,287,45,19,67,002,46,28,64,279,49,33,45,161,45*6F
$GAGSV,2,1,08,04,41,258,46,06,17,247,37,10,48,312,48,11,21,321,39*62
$GAGSV,2,2,08,12,71,287,45,19,67,002,46,28,64,279,49,33,45,161,45*6F
$GAGSV,2,1,08,04,41,258,46,06,17,247,37,10,48,312,48,11,21,321,39*62
$GAGSV,2,2,08,12,71,287,45,19,67,002,46,28,64,279,49,33,45,161,45*6F
$GAGSV,2,1,08,04,41,258,46,06,17,247,37,10,48,312,48,11,21,321,39*62
$GAGSV,2,2,08,12,71,287,46,19,67,002,46,28,64,279,49,33,45,161,45*6C
$GAGSV,2,1,08,04,41,258,46,06,17,247,37,10,48,312,48,11,21,321,39*62
$GAGSV,2,2,08,12,71,287,46,19,67,002,46,28,64,279,49,33,45,161,45*6C
$GAGSV,2,1,08,04,41,258,46,06,17,247,37,10,48,312,48,11,21,321,39*62
$GAGSV,2,2,08,12,71,287,46,19,67,002,46,28,64,279,49,33,45,161,45*6C
$GAGSV,2,1,08,04,41,258,46,06,17,247,37,10,48,312,48,11,21,321,39*62
$GAGSV,2,2,08,12,71,287,46,19,67,002,46,28,64,279,49,33,45,161,45*6C
$GAGSV,2,1,08,04,41,258,46,06,17,247,36,10,48,312,48,11,21,321,39*63
$GAGSV,2,2,08,12,71,287,46,19,67,002,46,28,64,279,49,33,45,161,45*6C
$GAGSV,2,1,08,04,41,258,46,06,17,247,36,10,48,312,48,11,21,321,39*63
$GAGSV,2,2,08,12,71,287,46,19,67,002,46,28,64,279,49,33,45,161,45*6C
$GAGSV,2,1,08,04,41,258,46,06,17,247,36,10,48,312,48,11,21,321,39*63
$GAGSV,2,2,08,12,71,287,46,19,67,002,46,28,64,279,49,33,45,161,45*6C
$GAGSV,2,1,08,04,41,258,46,06,17,247,36,10,48,312,48,11,21,321,39*63
$GAGSV,2,2,08,12,71,287,45,19,67,002,46,28,64,279,48,33,45,161,45*6E
$GAGSV,2,1,08,04,41,258,46,06,17,247,36,10,48,312,48,11,21,321,39*63
$GAGSV,2,2,08,12,71,287,46,19,67,002,46,28,64,279,48,33,45,161,45*6D
$GAGSV,2,1,08,04,41,258,46,06,17,247,36,10,48,312,48,11,21,321,39*63
$GAGSV,2,2,08,12,71,287,46,19,67,002,46,28,64,279,48,33,45,161,45*6D
$GAGSV,2,1,08,04,41,258,46,06,17,247,36,10,48,312,48,11,21,321,39*63
$GAGSV,2,2,08,12,71,287,46,19,67,002,46,28,64,279,48,33,45,161,45*6D
$GAGSV,2,1,08,04,41,258,46,06,17,247,36,10,48,312,48,11,21,321,38*62
$GAGSV,2,2,08,12,71,287,46,19,67,002,46,28,64,279,48,33,45,161,46*6E
$GAGSV,2,1,08,04,41,258,46,06,17,247,36,10,48,312,48,11,21,321,38*62
$GAGSV,2,2,08,12,71,287,45,19,67,002,46,28,64,279,48,33,45,161,46*6D
$GAGSV,2,1,08,04,41,258,46,06,17,247,36,10,48,312,48,11,21,321,38*62
$GAGSV,2,2,08,12,71,287,45,19,67,002,46,28,64,279,48,33,45,161,46*6D
$GAGSV,2,1,08,04,41,258,46,06,17,247,36,10,48,312,48,11,21,321,38*62
$GAGSV,2,2,08,12,71,287,45,19,67,002,46,28,64,279,48,33,45,161,46*6D
$GAGSV,2,1,08,04,41,258,46,06,17,247,36,10,48,312,48,11,21,321,38*62
$GAGSV,2,2,08,12,71,287,45,19,67,002,46,28,64,279,48,33,45,161,46*6D
$GAGSV,2,1,08,04,41,258,46,06,17,247,36,10,48,312,48,11,21,321,38*62
$GAGSV,2,2,08,12,71,287,45,19,67,002,46,28,64,279,48,33,45,161,46*6D
$GAGSV,2,1,08,04,41,258,46,06,17,247,36,10,48,312,48,11,21,321,38*62
$GAGSV,2,2,08,12,71,287,46,19,67,002,46,28,64,279,48,33,45,161,46*6E
$GAGSV,2,1,08,04,41,258,46,06,17,247,37,10,48,312,48,11,21,321,38*63
$GAGSV,2,2,08,12,71,287,46,19,67,002,46,28,64,279,48,33,45,161,45*6D
$GAGSV,2,1,08,04,41,258,46,06,17,247,39,10,48,312,48,11,21,321,38*6D
$GAGSV,2,2,08,12,71,287,46,19,67,002,46,28,64,279,48,33,45,161,45*6D
$GAGSV,2,1,08,04,41,258,46,06,17,247,37,10,48,312,48,11,21,321,38*63
$GAGSV,2,2,08,12,71,287,46,19,67,002,46,28,64,279,48,33,45,161,45*6D
$GAGSV,2,1,08,04,41,258,46,06,17,247,37,10,48,312,48,11,21,321,38*63
$GAGSV,2,2,08,12,71,287,46,19,67,002,46,28,64,279,48,33,45,161,45*6D
$GAGSV,2,1,08,04,41,258,46,06,17,247,36,10,48,312,48,11,21,321,38*62
$GAGSV,2,2,08,12,71,287,46,19,67,002,46,28,64,279,48,33,45,161,45*6D
$GAGSV,2,1,08,04,41,258,46,06,17,247,36,10,48,312,48,11,21,321,38*62
$GAGSV,2,2,08,12,71,287,45,19,67,002,46,28,64,279,48,33,45,161,45*6E
$GAGSV,2,1,08,04,41,258,46,06,17,247,36,10,48,312,48,11,21,321,38*62
$GAGSV,2,2,08,12,71,287,45,19,67,002,46,28,64,279,48,33,45,161,45*6E
$GAGSV,2,1,08,04,41,258,46,06,17,247,36,10,48,312,48,11,21,321,38*62
$GAGSV,2,2,08,12,71,287,45,19,67,002,46,28,64,279,48,33,45,161,45*6E
$GAGSV,2,1,08,04,41,258,46,06,17,247,37,10,48,312,48,11,21,321,38*63
$GAGSV,2,2,08,12,71,287,45,19,67,002,46,28,64,279,48,33,45,161,45*6E
$GAGSV,2,1,08,04,41,258,46,06,17,247,37,10,48,312,48,11,21,321,38*63
$GAGSV,2,2,08,12,71,287,45,19,67,002,46,28,64,279,48,33,45,161,44*6F
$GAGSV,2,1,08,04,41,258,46,06,17,247,37,10,48,312,48,11,21,321,38*63
$GAGSV,2,2,08,12,71,287,45,19,67,002,46,28,64,279,48,33,45,161,44*6F
$GAGSV,2,1,08,04,41,258,46,06,17,247,37,10,48,312,48,11,21,321,38*63
$GAGSV,2,2,08,12,71,287,45,19,67,002,46,28,64,279,48,33,45,161,45*6E
$GAGSV,2,1,08,04,41,258,46,06,17,247,37,10,48,312,48,11,21,321,38*63
$GAGSV,2,2,08,12,71,287,45,19,67,002,46,28,64,279,48,33,45,161,45*6E
$GAGSV,2,1,08,04,41,258,46,06,17,247,37,10,48,312,48,11,21,321,38*63
$GAGSV,2,2,08,12,71,287,45,19,67,002,46,28,64,279,48,33,45,161,45*6E
$GAGSV,2,1,08,04,41,258,46,06,17,247,37,10,48,312,48,11,21,321,38*63
$GAGSV,2,2,08,12,71,287,45,19,67,002,46,28,64,279,48,33,45,161,45*6E
$GAGSV,2,1,08,04,41,258,46,06,17,247,37,10,48,312,48,11,21,321,38*63
$GAGSV,2,2,08,12,71,287,46,19,67,002,46,28,64,279,48,33,45,161,45*6D
$GAGSV,2,1,08,04,41,258,46,06,17,247,37,10,48,312,48,11,21,321,38*63
$GAGSV,2,2,08,12,71,287,46,19,67,002,46,28,64,279,48,33,45,161,45*6D
$GAGSV,2,1,08,04,41,258,46,06,17,247,37,10,48,312,48,11,21,321,38*63
$GAGSV,2,2,08,12,71,287,46,19,67,002,46,28,64,279,48,33,45,161,45*6D
$GAGSV,2,1,08,04,41,258,46,06,17,247,37,10,48,312,48,11,21,321,38*63
$GAGSV,2,2,08,12,71,287,46,19,67,002,46,28,64,279,48,33,45,161,45*6D
$GAGSV,2,1,08,04,41,258,46,06,17,247,37,10,48,312,48,11,21,321,38*63
$GAGSV,2,2,08,12,71,287,46,19,67,002,46,28,64,279,48,33,45,161,45*6D
$GAGSV,2,1,08,04,41,258,46,06,17,247,38,10,48,312,48,11,21,321,38*6C
$GAGSV,2,2,08,12,71,287,46,19,67,002,46,28,64,279,48,33,45,161,45*6D
$GAGSV,2,1,08,04,41,258,46,06,17,247,38,10,48,312,48,11,21,321,38*6C
$GAGSV,2,2,08,12,71,287,46,19,67,002,46,28,64,279,48,33,45,161,46*6E
$GAGSV,2,1,08,04,41,258,46,06,17,247,38,10,48,312,48,11,21,321,39*6D
$GAGSV,2,2,08,12,71,287,46,19,67,002,46,28,64,279,48,33,45,161,46*6E
$GAGSV,2,1,08,04,41,258,46,06,17,247,38,10,48,312,48,11,21,321,39*6D
$GAGSV,2,2,08,12,71,287,46,19,67,002,46,28,64,279,48,33,45,161,46*6E
$GAGSV,2,1,08,04,41,258,46,06,17,247,38,10,48,312,48,11,21,321,39*6D
$GAGSV,2,2,08,12,71,287,46,19,67,002,46,28,64,279,48,33,45,161,46*6E
$GAGSV,2,1,08,04,41,258,46,06,17,247,38,10,48,312,48,11,21,321,39*6D
$GAGSV,2,2,08,12,71,287,46,19,67,002,46,28,64,279,48,33,45,161,46*6E
$GAGSV,2,1,08,04,41,258,46,06,17,247,38,10,48,312,48,11,21,321,39*6D
$GAGSV,2,2,08,12,71,287,46,19,67,002,46,28,64,279,48,33,45,161,46*6E
$GAGSV,2,1,08,04,41,258,46,06,17,247,38,10,48,312,48,11,21,321,39*6D
$GAGSV,2,2,08,12,71,287,46,19,67,002,46,28,64,279,48,33,45,161,46*6E
$GAGSV,2,1,08,04,41,258,46,06,17,247,38,10,48,312,48,11,21,321,39*6D
$GAGSV,2,2,08,12,71,287,46,19,67,002,46,28,64,279,48,33,45,161,46*6E
$GAGSV,2,1,08,04,41,258,46,06,17,247,38,10,48,312,48,11,21,321,39*6D
$GAGSV,2,2,08,12,71,287,46,19,67,002,46,28,64,279,48,33,45,161,46*6E
$GAGSV,2,1,08,04,41,258,46,06,17,247,38,10,48,312,48,11,21,321,39*6D
$GAGSV,2,2,08,12,71,287,46,19,67,002,46,28,64,279,49,33,45,161,46*6F
$GAGSV,2,1,08,04,41,258,46,06,17,247,38,10,48,312,48,11,21,321,39*6D
$GAGSV,2,2,08,12,71,287,46,19,67,002,46,28,64,279,48,33,45,161,46*6E
$GAGSV,2,1,08,04,41,258,46,06,17,247,37,10,48,312,48,11,21,321,39*62
$GAGSV,2,2,08,12,71,287,45,19,67,002,46,28,64,279,48,33,45,161,46*6D
$GAGSV,2,1,08,04,41,258,46,06,17,247,37,10,48,312,48,11,21,321,39*62
$GAGSV,2,2,08,12,71,287,45,19,67,002,46,28,64,279,48,33,45,161,46*6D
$GAGSV,2,1,08,04,41,258,46,06,17,247,37,10,48,312,48,11,21,321,39*62
$GAGSV,2,2,08,12,71,287,45,19,67,002,46,28,64,279,48,33,45,161,46*6D
$GAGSV,2,1,08,04,41,258,46,06,17,247,37,10,48,312,48,11,21,321,39*62
$GAGSV,2,2,08,12,71,287,45,19,67,002,46,28,64,279,48,33,45,161,46*6D
$GAGSV,2,1,08,04,41,258,46,06,17,247,37,10,48,312,48,11,21,321,39*62
$GAGSV,2,2,08,12,71,287,45,19,67,002,46,28,64,279,48,33,45,161,46*6D
$GAGSV,2,1,08,04,41,258,46,06,17,247,37,10,48,312,48,11,21,321,39*62
$GAGSV,2,2,08,12,71,287,45,19,67,002,46,28,64,279,48,33,45,161,46*6D
$GAGSV,2,1,08,04,41,258,46,06,17,247,37,10,48,312,48,11,21,321,39*62
$GAGSV,2,2,08,12,71,287,45,19,67,002,46,28,64,279,48,33,45,161,46*6D
$GAGSV,2,1,08,04,41,258,46,06,17,247,37,10,48,312,48,11,21,321,39*62
$GAGSV,2,2,08,12,71,287,45,19,67,002,46,28,64,279,48,33,45,161,46*6D
$GAGSV,2,1,08,04,41,258,46,06,17,247,37,10,48,312,48,11,21,321,39*62
$GAGSV,2,2,08,12,71,287,46,19,67,002,46,28,64,279,48,33,45,161,46*6E
$GAGSV,2,1,08,04,41,258,46,06,17,247,37,10,48,312,48,11,21,321,39*62
$GAGSV,2,2,08,12,71,287,46,19,67,002,46,28,64,279,48,33,45,161,46*6E
$GAGSV,2,1,08,04,41,258,46,06,17,247,37,10,48,312,48,11,21,321,39*62
$GAGSV,2,2,08,12,71,287,46,19,67,002,46,28,64,279,48,33,45,161,46*6E
$GAGSV,2,1,08,04,41,258,46,06,17,247,38,10,48,312,48,11,21,321,39*6D
$GAGSV,2,2,08,12,71,287,46,19,67,002,46,28,64,279,48,33,45,161,46*6E
$GAGSV,2,1,08,04,41,258,46,06,17,247,38,10,48,312,48,11,21,321,39*6D
$GAGSV,2,2,08,12,71,287,46,19,67,002,46,28,64,279,48,33,45,161,46*6E
$GAGSV,2,1,08,04,41,258,46,06,17,247,38,10,48,312,48,11,21,321,39*6D
$GAGSV,2,2,08,12,71,287,46,19,67,002,46,28,64,279,48,33,45,161,46*6E
$GAGSV,2,1,08,04,41,258,46,06,17,247,38,10,48,312,48,11,21,321,39*6D
$GAGSV,2,2,08,12,71,287,46,19,67,002,46,28,64,279,48,33,45,161,46*6E
$GAGSV,2,1,08,04,41,258,47,06,17,247,38,10,48,312,48,11,21,321,39*6C
$GAGSV,2,2,08,12,71,287,46,19,67,002,46,28,64,279,48,33,45,161,46*6E
$GAGSV,2,1,08,04,41,258,47,06,17,247,38,10,48,312,48,11,21,321,39*6C
$GAGSV,2,2,08,12,71,287,46,19,67,002,46,28,64,279,48,33,45,161,46*6E
$GAGSV,2,1,08,04,41,258,47,06,17,247,38,10,48,312,48,11,21,321,39*6C
$GAGSV,2,2,08,12,71,287,46,19,67,002,46,28,64,279,48,33,45,161,46*6E
$GAGSV,2,1,08,04,41,258,47,06,17,247,38,10,48,312,48,11,21,321,39*6C
$GAGSV,2,2,08,12,71,287,46,19,67,002,46,28,64,279,48,33,45,161,46*6E
$GAGSV,2,1,08,04,41,258,47,06,17,247,38,10,48,312,48,11,21,321,39*6C
$GAGSV,2,2,08,12,71,287,46,19,67,002,46,28,64,279,48,33,45,161,46*6E
$GAGSV,2,1,08,04,41,258,47,06,17,247,38,10,48,312,48,11,21,321,39*6C
$GAGSV,2,2,08,12,71,287,46,19,67,002,46,28,64,279,48,33,45,161,46*6E
$GAGSV,2,1,08,04,41,258,47,06,17,247,38,10,48,312,48,11,21,321,39*6C
$GAGSV,2,2,08,12,71,287,46,19,67,002,46,28,64,279,48,33,45,161,46*6E
$GAGSV,2,1,08,04,41,258,47,06,17,247,38,10,48,312,48,11,21,321,39*6C
$GAGSV,2,2,08,12,71,287,46,19,67,002,46,28,64,279,48,33,45,161,46*6E
$GAGSV,2,1,08,04,41,258,47,06,17,247,38,10,48,312,48,11,21,321,39*6C
$GAGSV,2,2,08,12,71,287,46,19,67,002,46,28,64,279,48,33,45,161,46*6E
$GAGSV,2,1,08,04,41,258,46,06,17,247,38,10,48,312,48,11,21,321,39*6D
$GAGSV,2,2,08,12,71,287,46,19,67,002,46,28,64,279,48,33,45,161,46*6E
$GAGSV,2,1,08,04,41,258,46,06,17,247,38,10,48,312,48,11,21,321,39*6D
$GAGSV,2,2,08,12,71,287,46,19,67,002,46,28,64,279,48,33,45,161,46*6E
$GAGSV,2,1,08,04,41,258,46,06,17,247,38,10,48,312,48,11,21,321,39*6D
$GAGSV,2,2,08,12,71,287,45,19,67,002,46,28,64,279,48,33,45,161,46*6D
$GAGSV,2,1,08,04,41,258,46,06,17,247,38,10,48,312,48,11,21,321,39*6D
$GAGSV,2,2,08,12,71,287,45,19,67,002,46,28,64,279,48,33,45,161,46*6D
$GAGSV,2,1,08,04,41,258,46,06,17,247,38,10,48,312,48,11,21,321,39*6D
$GAGSV,2,2,08,12,71,287,45,19,67,002,46,28,64,279,48,33,45,161,46*6D
$GAGSV,2,1,08,04,41,258,46,06,17,247,38,10,48,312,49,11,21,321,38*6D
$GAGSV,2,2,08,12,71,287,45,19,67,002,46,28,64,279,48,33,45,161,46*6D
$GAGSV,2,1,08,04,41,258,46,06,17,247,38,10,48,312,49,11,21,321,38*6D
$GAGSV,2,2,08,12,71,287,45,19,67,002,46,28,64,279,48,33,45,161,46*6D
$GAGSV,2,1,08,04,41,258,46,06,17,247,38,10,48,312,49,11,21,321,38*6D
$GAGSV,2,2,08,12,71,287,45,19,67,002,46,28,64,279,48,33,45,161,46*6D
$GAGSV,2,1,08,04,41,258,46,06,17,247,38,10,48,312,49,11,21,321,38*6D
$GAGSV,2,2,08,12,71,287,45,19,67,002,46,28,64,279,49,33,45,161,46*6C
$GAGSV,2,1,08,04,41,258,46,06,17,247,38,10,48,312,48,11,21,321,38*6C
$GAGSV,2,2,08,12,71,287,45,19,67,002,46,28,64,279,49,33,45,161,46*6C
$GAGSV,2,1,08,04,41,258,46,06,17,247,38,10,48,312,48,11,21,321,38*6C
$GAGSV,2,2,08,12,71,287,45,19,67,002,46,28,64,279,49,33,45,161,46*6C
$GAGSV,2,1,08,04,41,258,46,06,17,247,41,10,48,312,48,11,21,321,39*63
$GAGSV,2,2,08,12,71,287,45,19,67,002,46,28,64,279,49,33,45,161,46*6C
$GAGSV,2,1,08,04,41,258,46,06,17,247,42,10,48,312,48,11,21,321,39*60
$GAGSV,2,2,08,12,71,287,45,19,67,002,46,28,64,279,49,33,45,161,46*6C
$GAGSV,2,1,08,04,41,258,45,06,17,247,41,10,48,312,48,11,21,321,39*60
$GAGSV,2,2,08,12,71,287,45,19,67,002,46,28,64,279,49,33,45,161,45*6F
$GAGSV,2,1,08,04,41,258,45,06,17,247,38,10,48,312,48,11,21,321,39*6E
$GAGSV,2,2,08,12,71,287,45,19,67,002,46,28,64,279,49,33,45,161,45*6F
$GAGSV,2,1,08,04,41,258,45,06,17,247,31,10,48,312,48,11,21,321,39*67
$GAGSV,2,2,08,12,71,287,45,19,67,002,46,28,64,279,49,33,45,161,45*6F
$GAGSV,2,1,08,04,41,258,45,06,17,247,31,10,48,312,48,11,21,321,39*67
$GAGSV,2,2,08,12,71,287,45,19,67,002,46,28,64,279,49,33,45,161,45*6F
$GAGSV,2,1,08,04,41,258,45,06,17,247,31,10,48,312,48,11,21,321,39*67
$GAGSV,2,2,08,12,71,287,45,19,67,002,46,28,64,279,49,33,45,161,45*6F
$GAGSV,2,1,08,04,41,258,45,06,17,247,28,10,48,312,48,11,21,321,39*6F
$GAGSV,2,2,08,12,71,287,45,19,67,002,46,28,64,279,49,33,45,161,45*6F
$GAGSV,2,1,08,04,41,258,45,06,17,247,27,10,48,312,49,11,21,321,39*61
$GAGSV,2,2,08,12,71,287,45,19,67,002,46,28,64,279,49,33,45,161,45*6F
$GAGSV,2,1,08,04,41,258,45,06,17,247,26,10,48,312,49,11,21,321,39*60
$GAGSV,2,2,08,12,71,287,45,19,67,002,46,28,64,279,49,33,45,161,45*6F
$GAGSV,2,1,08,04,41,258,45,06,17,247,28,10,48,312,49,11,21,321,39*6E
$GAGSV,2,2,08,12,71,287,45,19,67,002,46,28,64,279,49,33,45,161,45*6F
$GAGSV,2,1,08,04,41,258,45,06,17,247,26,10,48,312,49,11,21,321,39*60
$GAGSV,2,2,08,12,71,287,45,19,67,002,46,28,64,279,49,33,45,161,46*6C
$GAGSV,2,1,08,04,41,258,45,06,17,247,27,10,48,312,49,11,21,321,39*61
$GAGSV,2,2,08,12,71,287,45,19,67,002,46,28,64,279,49,33,45,161,46*6C
$GAGSV,2,1,08,04,41,258,45,06,17,247,26,10,48,312,49,11,21,321,39*60
$GAGSV,2,2,08,12,71,287,45,19,67,002,46,28,64,279,49,33,45,161,46*6C
$GAGSV,2,1,08,04,41,258,45,06,17,247,27,10,48,312,49,11,21,321,39*61
$GAGSV,2,2,08,12,71,287,45,19,67,002,46,28,64,279,49,33,45,161,46*6C
$GAGSV,2,1,08,04,41,258,45,06,17,247,26,10,48,312,49,11,21,321,39*60
$GAGSV,2,2,08,12,71,287,45,19,67,002,46,28,64,279,49,33,45,161,46*6C
$GAGSV,2,1,08,04,41,258,45,06,17,247,27,10,48,312,49,11,21,321,39*61
$GAGSV,2,2,08,12,71,287,45,19,67,002,46,28,64,279,49,33,45,161,46*6C
$GAGSV,2,1,08,04,41,258,45,06,17,247,28,10,48,312,49,11,21,321,39*6E
$GAGSV,2,2,08,12,71,287,45,19,67,002,46,28,64,279,49,33,45,161,46*6C
$GAGSV,2,1,08,04,41,258,45,06,17,247,30,10,48,312,49,11,21,321,39*67
$GAGSV,2,2,08,12,71,287,45,19,67,002,46,28,64,279,49,33,45,161,46*6C
$GAGSV,2,1,08,04,41,258,45,06,17,247,31,10,48,312,49,11,21,321,39*66
$GAGSV,2,2,08,12,71,287,45,19,67,002,46,28,64,279,49,33,45,161,46*6C
$GAGSV,2,1,08,04,41,258,45,06,17,247,31,10,48,312,49,11,21,321,39*66
$GAGSV,2,2,08,12,71,287,45,19,67,002,46,28,64,279,49,33,45,161,46*6C
$GAGSV,2,1,08,04,41,258,45,06,17,247,31,10,48,312,49,11,21,321,39*66
$GAGSV,2,2,08,12,71,287,45,19,67,002,46,28,64,279,49,33,45,161,46*6C
$GAGSV,2,1,08,04,41,258,45,06,17,247,31,10,48,312,49,11,21,321,39*66
$GAGSV,2,2,08,12,71,287,45,19,67,002,46,28,64,279,49,33,45,161,46*6C
$GAGSV,2,1,08,04,41,258,45,06,17,247,31,10,48,312,49,11,21,321,39*66
$GAGSV,2,2,08,12,71,287,45,19,67,002,46,28,64,279,49,33,45,161,46*6C
$GAGSV,2,1,08,04,41,258,45,06,17,247,31,10,48,312,49,11,21,321,39*66
$GAGSV,2,2,08,12,71,287,45,19,67,002,46,28,64,279,49,33,45,161,46*6C
$GAGSV,2,1,08,04,41,258,45,06,17,247,29,10,48,312,49,11,21,321,39*6F
$GAGSV,2,2,08,12,71,286,45,19,67,002,46,28,64,279,49,33,45,161,46*6D
$GAGSV,2,1,08,04,41,258,45,06,17,247,29,10,48,312,48,11,21,321,39*6E
$GAGSV,2,2,08,12,71,286,45,19,67,002,46,28,64,279,49,33,45,161,46*6D
$GAGSV,2,1,08,04,41,258,46,06,17,247,28,10,48,312,48,11,21,321,39*6C
$GAGSV,2,2,08,12,71,286,45,19,67,002,46,28,64,279,49,33,45,161,46*6D
$GAGSV,2,1,08,04,41,258,46,06,17,247,29,10,48,312,48,11,21,321,39*6D
$GAGSV,2,2,08,12,71,286,45,19,67,002,46,28,64,279,49,33,45,161,46*6D
$GAGSV,2,1,08,04,41,258,45,06,17,247,29,10,48,312,48,11,21,321,39*6E
$GAGSV,2,2,08,12,71,286,45,19,67,002,46,28,64,279,49,33,45,161,46*6D
$GAGSV,2,1,08,04,41,258,45,06,17,247,29,10,48,312,48,11,21,321,39*6E
$GAGSV,2,2,08,12,71,286,45,19,67,002,46,28,64,279,49,33,45,161,46*6D
$GAGSV,2,1,08,04,41,258,45,06,17,247,30,10,48,312,48,11,21,321,39*66
$GAGSV,2,2,08,12,71,286,45,19,67,002,46,28,64,279,49,33,45,161,46*6D
$GAGSV,2,1,08,04,41,258,45,06,17,247,30,10,48,312,49,11,21,321,39*67
$GAGSV,2,2,08,12,71,286,45,19,67,002,46,28,64,279,49,33,45,161,45*6E
$GAGSV,2,1,08,04,41,258,45,06,17,247,29,10,48,312,49,11,21,321,39*6F
$GAGSV,2,2,08,12,71,286,45,19,67,002,46,28,64,279,49,33,45,161,45*6E
$GAGSV,2,1,08,04,41,258,45,06,17,247,29,10,48,312,49,11,21,321,39*6F
$GAGSV,2,2,08,12,71,286,45,19,67,002,46,28,64,279,49,33,45,161,45*6E
$GAGSV,2,1,08,04,41,258,45,06,17,247,28,10,48,312,49,11,21,321,38*6F
$GAGSV,2,2,08,12,71,286,45,19,67,002,46,28,64,279,49,33,45,161,45*6E
$GAGSV,2,1,08,04,41,258,45,06,17,247,27,10,48,312,49,11,21,321,38*60
$GAGSV,2,2,08,12,71,286,45,19,67,002,46,28,64,279,49,33,45,161,45*6E
$GAGSV,2,1,08,04,41,258,45,06,17,247,37,10,48,312,49,11,21,321,38*61
$GAGSV,2,2,08,12,71,286,45,19,67,002,46,28,64,279,49,33,45,161,45*6E
$GAGSV,2,1,08,04,41,258,45,06,17,247,37,10,48,312,49,11,21,321,38*61
$GAGSV,2,2,08,12,71,286,45,19,67,002,46,28,64,279,49,33,45,161,45*6E
$GAGSV,2,1,08,04,41,258,45,06,17,247,37,10,48,312,49,11,21,321,38*61
$GAGSV,2,2,08,12,71,286,45,19,67,002,46,28,64,279,49,33,45,161,45*6E
$GAGSV,2,1,08,04,41,258,45,06,17,247,37,10,48,312,49,11,21,321,38*61
$GAGSV,2,2,08,12,71,286,45,19,67,002,46,28,64,279,49,33,45,161,45*6E
$GAGSV,2,1,08,04,41,258,45,06,17,247,37,10,48,312,49,11,21,321,38*61
$GAGSV,2,2,08,12,71,286,45,19,67,002,46,28,64,279,49,33,45,161,45*6E
$GAGSV,2,1,08,04,41,258,46,06,17,247,37,10,48,312,49,11,21,321,38*62
$GAGSV,2,2,08,12,71,286,45,19,67,002,46,28,64,279,49,33,45,161,45*6E
$GAGSV,2,1,08,04,41,258,46,06,17,247,37,10,48,312,49,11,21,321,38*62
$GAGSV,2,2,08,12,71,286,45,19,67,002,46,28,64,279,49,33,45,161,45*6E
$GAGSV,2,1,08,04,41,258,46,06,17,247,37,10,48,312,49,11,21,321,38*62
$GAGSV,2,2,08,12,71,286,45,19,67,002,46,28,64,279,49,33,45,161,45*6E
$GAGSV,2,1,08,04,41,258,46,06,17,247,37,10,48,312,49,11,21,321,38*62
$GAGSV,2,2,08,12,71,286,45,19,67,002,46,28,64,279,49,33,45,161,45*6E
$GAGSV,2,1,08,04,41,258,46,06,17,247,37,10,48,312,49,11,21,321,38*62
$GAGSV,2,2,08,12,71,286,45,19,67,002,46,28,64,279,49,33,45,161,45*6E
$GAGSV,2,1,08,04,41,258,46,06,17,247,37,10,48,312,49,11,21,321,38*62
$GAGSV,2,2,08,12,71,286,45,19,67,002,46,28,64,279,49,33,45,161,45*6E
$GAGSV,2,1,08,04,41,258,46,06,17,247,37,10,48,312,49,11,21,321,38*62
$GAGSV,2,2,08,12,71,286,45,19,67,002,46,28,64,279,49,33,45,161,45*6E
$GAGSV,2,1,08,04,41,258,46,06,17,247,37,10,48,312,49,11,21,321,38*62
$GAGSV,2,2,08,12,71,286,45,19,67,002,46,28,64,279,49,33,45,161,45*6E
$GAGSV,2,1,08,04,41,258,46,06,17,247,37,10,48,312,49,11,21,321,38*62
$GAGSV,2,2,08,12,71,286,45,19,67,002,46,28,64,279,49,33,45,161,45*6E
$GAGSV,2,1,08,04,41,258,46,06,17,247,37,10,48,312,49,11,21,321,38*62
$GAGSV,2,2,08,12,71,286,45,19,67,002,46,28,64,279,49,33,45,161,45*6E
$GAGSV,2,1,08,04,41,258,46,06,17,247,37,10,48,312,49,11,21,321,38*62
$GAGSV,2,2,08,12,71,286,45,19,67,002,46,28,64,279,49,33,45,161,45*6E
$GAGSV,2,1,08,04,41,258,46,06,17,247,37,10,48,312,49,11,21,321,38*62
$GAGSV,2,2,08,12,71,286,45,19,67,002,46,28,64,279,49,33,45,161,45*6E
$GAGSV,2,1,08,04,41,258,46,06,17,247,37,10,48,312,49,11,21,321,38*62
$GAGSV,2,2,08,12,71,286,45,19,67,002,46,28,64,279,49,33,45,161,45*6E
$GAGSV,2,1,08,04,41,258,46,06,17,247,37,10,48,312,49,11,21,321,38*62
$GAGSV,2,2,08,12,71,286,45,19,67,002,46,28,64,279,49,33,45,161,45*6E
$GAGSV,2,1,08,04,41,258,46,06,17,247,37,10,48,312,49,11,21,321,38*62
$GAGSV,2,2,08,12,71,286,45,19,67,002,46,28,64,279,49,33,45,161,45*6E
$GAGSV,2,1,08,04,41,258,46,06,17,247,37,10,48,312,49,11,21,321,38*62
$GAGSV,2,2,08,12,71,286,45,19,67,002,46,28,64,279,49,33,45,161,45*6E
$GAGSV,2,1,08,04,41,258,46,06,17,247,37,10,48,312,49,11,21,321,38*62
$GAGSV,2,2,08,12,71,286,45,19,67,002,46,28,64,279,49,33,45,161,45*6E
$GAGSV,2,1,08,04,41,258,46,06,17,247,37,10,48,312,49,11,21,321,38*62
$GAGSV,2,2,08,12,71,286,46,19,67,002,46,28,64,279,49,33,45,161,45*6D
$GAGSV,2,1,08,04,41,258,46,06,17,247,37,10,48,312,49,11,21,321,38*62
$GAGSV,2,2,08,12,71,286,46,19,67,002,46,28,64,279,49,33,45,161,45*6D
$GAGSV,2,1,08,04,41,258,46,06,17,247,37,10,48,312,49,11,21,321,38*62
$GAGSV,2,2,08,12,71,286,46,19,67,002,46,28,64,279,49,33,45,161,45*6D
$GAGSV,2,1,08,04,41,258,46,06,17,247,37,10,48,312,49,11,21,321,38*62
$GAGSV,2,2,08,12,71,286,46,19,67,002,46,28,64,279,49,33,45,161,45*6D
$GAGSV,2,1,08,04,41,258,46,06,17,247,37,10,48,312,49,11,21,321,38*62
$GAGSV,2,2,08,12,71,286,46,19,67,002,46,28,64,279,49,33,45,161,45*6D
$GAGSV,2,1,08,04,41,258,46,06,17,247,37,10,48,312,49,11,21,321,38*62
$GAGSV,2,2,08,12,71,286,46,19,67,002,46,28,64,279,49,33,45,161,45*6D
$GAGSV,2,1,08,04,41,258,46,06,17,247,37,10,48,312,49,11,21,321,37*6D
$GAGSV,2,2,08,12,71,286,46,19,67,002,46,28,64,279,49,33,45,161,45*6D
$GAGSV,2,1,08,04,41,258,46,06,17,247,37,10,48,312,49,11,21,321,37*6D
$GAGSV,2,2,08,12,71,286,46,19,67,002,46,28,64,279,49,33,45,161,45*6D
$GAGSV,2,1,08,04,41,258,46,06,17,247,37,10,48,312,49,11,21,321,37*6D
$GAGSV,2,2,08,12,71,286,46,19,67,002,46,28,64,279,49,33,45,161,45*6D
$GAGSV,2,1,08,04,41,258,46,06,17,247,37,10,48,312,49,11,21,321,37*6D
$GAGSV,2,2,08,12,71,286,46,19,67,002,46,28,64,279,49,33,45,161,45*6D
$GAGSV,2,1,08,04,41,258,46,06,17,247,37,10,48,312,49,11,21,321,37*6D
$GAGSV,2,2,08,12,71,286,45,19,67,002,46,28,64,279,49,33,45,161,45*6E
$GAGSV,2,1,08,04,41,258,46,06,17,247,37,10,48,312,49,11,21,321,37*6D
$GAGSV,2,2,08,12,71,286,46,19,67,002,46,28,64,279,49,33,45,161,45*6D
$GAGSV,2,1,08,04,41,258,46,06,17,247,37,10,48,312,49,11,21,321,37*6D
$GAGSV,2,2,08,12,71,286,45,19,67,002,46,28,64,279,49,33,45,161,45*6E
$GAGSV,2,1,08,04,41,258,46,06,17,247,37,10,48,312,49,11,21,321,37*6D
$GAGSV,2,2,08,12,71,286,45,19,67,002,46,28,64,279,49,33,45,161,45*6E
$GAGSV,2,1,08,04,41,258,46,06,17,247,37,10,48,312,49,11,21,321,37*6D
$GAGSV,2,2,08,12,71,286,45,19,67,002,46,28,64,279,49,33,45,161,45*6E
$GAGSV,2,1,08,04,41,258,46,06,17,247,37,10,48,312,49,11,21,321,37*6D
$GAGSV,2,2,08,12,71,286,45,19,67,002,46,28,64,279,49,33,45,161,45*6E
$GAGSV,2,1,08,04,41,258,46,06,17,247,37,10,48,312,49,11,21,321,37*6D
$GAGSV,2,2,08,12,71,286,45,19,67,002,46,28,64,279,49,33,45,161,45*6E
$GAGSV,2,1,08,04,41,258,46,06,17,247,37,10,48,312,49,11,21,321,37*6D
$GAGSV,2,2,08,12,71,286,45,19,67,002,46,28,64,279,49,33,45,161,45*6E
$GAGSV,2,1,08,04,41,258,46,06,17,247,37,10,48,312,49,11,21,321,37*6D
$GAGSV,2,2,08,12,71,286,45,19,67,002,46,28,64,279,49,33,45,161,45*6E
$GAGSV,2,1,08,04,41,258,46,06,17,247,37,10,48,312,49,11,21,321,37*6D
$GAGSV,2,2,08,12,71,286,45,19,67,002,46,28,64,279,49,33,45,161,45*6E
$GAGSV,2,1,08,04,41,258,46,06,17,247,37,10,48,312,49,11,21,321,38*62
$GAGSV,2,2,08,12,71,286,45,19,67,002,46,28,64,279,49,33,45,161,45*6E
$GAGSV,2,1,08,04,41,258,45,06,17,247,37,10,48,312,49,11,21,321,38*61
$GAGSV,2,2,08,12,71,286,45,19,67,002,46,28,64,279,49,33,45,161,45*6E
$GAGSV,2,1,08,04,41,258,45,06,17,247,37,10,48,312,49,11,21,321,38*61
$GAGSV,2,2,08,12,71,286,45,19,67,002,46,28,64,279,49,33,45,161,45*6E
$GAGSV,2,1,08,04,41,258,46,06,17,247,37,10,48,312,49,11,21,321,38*62
$GAGSV,2,2,08,12,71,286,45,19,67,002,46,28,64,279,49,33,45,161,45*6E
$GAGSV,2,1,08,04,41,258,45,06,17,247,37,10,48,312,49,11,21,321,39*60
$GAGSV,2,2,08,12,71,286,45,19,67,002,46,28,64,279,49,33,45,161,45*6E
$GAGSV,2,1,08,04,41,258,45,06,17,247,37,10,48,312,49,11,21,321,38*61
$GAGSV,2,2,08,12,71,286,45,19,67,002,46,28,64,279,49,33,45,161,45*6E
$GAGSV,2,1,08,04,41,258,46,06,17,247,37,10,48,312,49,11,21,321,38*62
$GAGSV,2,2,08,12,71,286,45,19,67,002,46,28,64,279,49,33,45,161,45*6E
$GAGSV,2,1,08,04,41,258,46,06,17,247,37,10,48,312,49,11,21,321,37*6D
$GAGSV,2,2,08,12,71,286,45,19,67,002,46,28,64,279,49,33,45,161,45*6E
$GAGSV,2,1,08,04,41,258,46,06,17,247,37,10,48,312,49,11,21,321,37*6D
$GAGSV,2,2,08,12,71,286,45,19,67,002,46,28,64,279,49,33,45,161,45*6E
$GAGSV,2,1,08,04,41,258,46,06,17,247,37,10,48,312,49,11,21,321,37*6D
$GAGSV,2,2,08,12,71,286,45,19,67,002,46,28,64,279,49,33,45,161,45*6E
$GAGSV,2,1,08,04,41,258,46,06,17,247,37,10,48,312,49,11,21,321,37*6D
$GAGSV,2,2,08,12,71,286,46,19,67,002,46,28,64,279,49,33,45,161,45*6D
$GAGSV,2,1,08,04,41,258,46,06,17,247,37,10,48,312,49,11,21,321,37*6D
$GAGSV,2,2,08,12,71,286,46,19,67,002,46,28,64,279,49,33,45,161,45*6D
$GAGSV,2,1,08,04,41,258,46,06,17,247,37,10,48,312,49,11,21,321,37*6D
$GAGSV,2,2,08,12,71,286,46,19,67,002,46,28,64,279,49,33,45,161,45*6D
$GAGSV,2,1,08,04,41,258,45,06,17,247,37,10,48,312,49,11,21,321,37*6E
$GAGSV,2,2,08,12,71,286,46,19,67,002,46,28,64,279,49,33,45,161,46*6E
$GAGSV,2,1,08,04,41,258,45,06,17,247,37,10,48,312,49,11,21,321,37*6E
$GAGSV,2,2,08,12,71,286,46,19,67,002,46,28,64,279,49,33,45,161,46*6E
$GAGSV,2,1,08,04,41,258,46,06,17,247,37,10,48,312,49,11,21,321,37*6D
$GAGSV,2,2,08,12,71,286,46,19,67,002,46,28,64,279,49,33,45,161,46*6E
$GAGSV,2,1,08,04,41,258,46,06,17,247,37,10,48,312,49,11,21,321,37*6D
$GAGSV,2,2,08,12,71,286,46,19,67,002,46,28,64,280,49,33,45,161,46*68
$GAGSV,2,1,08,04,41,258,46,06,17,247,38,10,48,312,49,11,21,321,37*62
$GAGSV,2,2,08,12,71,286,46,19,67,002,46,28,64,280,49,33,45,161,46*68
$GAGSV,2,1,08,04,41,258,46,06,17,247,37,10,48,312,49,11,21,321,37*6D
$GAGSV,2,2,08,12,71,286,46,19,67,002,46,28,64,280,49,33,45,161,45*6B
$GAGSV,2,1,08,04,41,258,46,06,17,247,37,10,48,312,49,11,21,321,37*6D
$GAGSV,2,2,08,12,71,286,46,19,67,002,46,28,64,280,49,33,45,161,45*6B
$GAGSV,2,1,08,04,41,258,46,06,17,247,37,10,48,312,49,11,21,321,37*6D
$GAGSV,2,2,08,12,71,286,46,19,67,002,46,28,64,280,49,33,45,161,45*6B
$GAGSV,2,1,08,04,41,258,46,06,17,247,37,10,48,312,49,11,21,321,37*6D
$GAGSV,2,2,08,12,71,286,46,19,67,002,46,28,64,280,49,33,45,161,45*6B
$GAGSV,2,1,08,04,41,258,46,06,17,247,37,10,48,312,49,11,21,321,37*6D
$GAGSV,2,2,08,12,71,286,46,19,67,002,46,28,64,280,49,33,45,161,45*6B
$GAGSV,2,1,08,04,41,258,46,06,17,247,38,10,48,312,49,11,21,321,37*62
$GAGSV,2,2,08,12,71,286,46,19,67,002,46,28,64,280,49,33,45,161,45*6B
$GAGSV,2,1,08,04,41,258,46,06,17,247,37,10,48,312,49,11,21,321,37*6D
$GAGSV,2,2,08,12,71,286,46,19,67,002,46,28,64,280,49,33,45,161,45*6B
$GAGSV,2,1,08,04,41,258,46,06,17,247,37,10,48,312,49,11,21,321,37*6D
$GAGSV,2,2,08,12,71,286,46,19,67,002,46,28,64,280,49,33,45,161,45*6B
$GAGSV,2,1,08,04,41,258,46,06,17,247,36,10,48,312,49,11,21,321,37*6C
$GAGSV,2,2,08,12,71,286,46,19,67,002,46,28,64,280,49,33,45,161,45*6B
$GAGSV,2,1,08,04,41,258,46,06,17,247,36,10,48,312,49,11,21,321,37*6C
$GAGSV,2,2,08,12,71,286,46,19,67,002,46,28,64,280,49,33,45,161,45*6B
$GAGSV,2,1,08,04,41,258,46,06,17,247,36,10,48,312,49,11,21,321,37*6C
$GAGSV,2,2,08,12,71,286,46,19,67,002,46,28,64,280,49,33,45,161,45*6B
$GAGSV,2,1,08,04,41,258,46,06,17,247,36,10,48,312,49,11,21,321,37*6C
$GAGSV,2,2,08,12,71,286,46,19,67,002,46,28,64,280,49,33,45,161,45*6B
$GAGSV,2,1,08,04,41,258,46,06,17,247,36,10,48,312,49,11,21,321,37*6C
$GAGSV,2,2,08,12,71,286,46,19,67,002,46,28,64,280,49,33,45,161,45*6B
$GAGSV,2,1,08,04,41,258,46,06,17,247,36,10,48,312,49,11,21,321,37*6C
$GAGSV,2,2,08,12,71,286,46,19,67,002,46,28,64,280,49,33,45,161,45*6B
$GAGSV,2,1,08,04,41,258,46,06,17,247,36,10,48,312,49,11,21,321,37*6C
$GAGSV,2,2,08,12,71,286,46,19,67,002,46,28,64,280,49,33,45,161,45*6B
$GAGSV,2,1,08,04,41,258,46,06,17,247,36,10,48,312,49,11,21,321,37*6C
$GAGSV,2,2,08,12,71,286,46,19,67,002,46,28,64,280,49,33,45,161,45*6B
$GAGSV,2,1,08,04,41,258,46,06,17,247,36,10,48,312,49,11,21,321,37*6C
$GAGSV,2,2,08,12,71,286,46,19,67,002,46,28,64,280,49,33,45,161,45*6B
$GAGSV,2,1,08,04,41,258,46,06,17,247,37,10,48,312,49,11,21,321,37*6D
$GAGSV,2,2,08,12,71,286,46,19,67,002,46,28,64,280,49,33,45,161,45*6B
$GAGSV,2,1,08,04,41,258,46,06,17,247,37,10,48,312,49,11,21,321,37*6D
$GAGSV,2,2,08,12,71,286,46,19,67,002,46,28,64,280,49,33,45,161,45*6B
$GAGSV,2,1,08,04,41,258,46,06,17,247,37,10,48,312,49,11,21,321,37*6D
$GAGSV,2,2,08,12,71,286,46,19,67,002,46,28,64,280,49,33,45,161,45*6B
$GAGSV,2,1,08,04,41,258,46,06,17,247,37,10,48,312,49,11,21,321,37*6D
$GAGSV,2,2,08,12,71,286,46,19,67,002,46,28,64,280,49,33,45,161,45*6B
$GAGSV,2,1,08,04,41,258,46,06,17,247,37,10,48,312,49,11,21,321,37*6D
$GAGSV,2,2,08,12,71,286,46,19,67,002,46,28,64,280,49,33,45,161,45*6B
$GAGSV,2,1,08,04,41,258,46,06,17,247,37,10,48,312,49,11,21,321,37*6D
$GAGSV,2,2,08,12,71,286,46,19,67,002,46,28,64,280,49,33,45,161,45*6B
$GAGSV,2,1,08,04,41,258,46,06,17,247,37,10,48,312,49,11,21,321,37*6D
$GAGSV,2,2,08,12,71,286,46,19,67,002,46,28,64,280,49,33,45,161,45*6B
$GAGSV,2,1,08,04,41,258,46,06,17,247,37,10,48,312,49,11,21,321,37*6D
$GAGSV,2,2,08,12,71,286,46,19,67,002,46,28,64,280,49,33,45,161,45*6B
$GAGSV,2,1,08,04,41,258,46,06,17,247,37,10,48,312,49,11,21,321,37*6D
$GAGSV,2,2,08,12,71,286,46,19,67,002,46,28,64,280,49,33,45,161,45*6B
$GAGSV,2,1,08,04,41,258,46,06,17,247,37,10,48,312,49,11,21,321,37*6D
$GAGSV,2,2,08,12,71,286,46,19,67,002,46,28,64,280,49,33,45,161,45*6B
$GAGSV,2,1,08,04,41,258,46,06,17,247,37,10,48,312,49,11,21,321,37*6D
$GAGSV,2,2,08,12,71,286,46,19,67,002,46,28,64,280,48,33,45,161,45*6A
$GAGSV,2,1,08,04,41,258,46,06,17,247,37,10,48,312,49,11,21,321,37*6D
$GAGSV,2,2,08,12,71,286,46,19,67,002,46,28,64,280,48,33,45,161,45*6A
$GAGSV,2,1,08,04,41,258,45,06,17,247,37,10,48,312,49,11,21,321,37*6E
$GAGSV,2,2,08,12,71,286,46,19,67,002,46,28,64,280,48,33,45,161,45*6A
$GAGSV,2,1,08,04,41,258,45,06,17,247,37,10,48,312,49,11,21,321,37*6E
$GAGSV,2,2,08,12,71,286,46,19,67,002,46,28,64,280,48,33,45,161,45*6A
$GAGSV,2,1,08,04,41,258,45,06,17,247,37,10,48,312,49,11,21,321,37*6E
$GAGSV,2,2,08,12,71,286,46,19,67,002,46,28,64,280,48,33,45,161,45*6A
$GAGSV,2,1,08,04,41,258,45,06,17,247,38,10,48,312,49,11,21,321,37*61
$GAGSV,2,2,08,12,71,286,46,19,67,002,46,28,64,280,48,33,45,161,45*6A
$GAGSV,2,1,08,04,41,258,45,06,17,247,38,10,48,312,49,11,21,321,37*61
$GAGSV,2,2,08,12,71,286,46,19,67,002,46,28,64,280,48,33,45,161,45*6A
$GAGSV,2,1,08,04,41,258,45,06,17,247,37,10,48,312,49,11,21,321,37*6E
$GAGSV,2,2,08,12,71,286,46,19,67,002,46,28,64,280,48,33,45,161,45*6A
$GAGSV,2,1,08,04,41,258,45,06,17,247,37,10,48,312,49,11,21,321,37*6E
$GAGSV,2,2,08,12,71,286,46,19,67,002,46,28,64,280,48,33,45,161,45*6A
$GAGSV,2,1,08,04,41,258,46,06,17,247,37,10,48,312,49,11,21,321,37*6D
$GAGSV,2,2,08,12,71,286,46,19,67,002,46,28,64,280,48,33,45,161,45*6A
$GAGSV,2,1,08,04,41,258,46,06,17,247,37,10,48,312,49,11,21,321,37*6D
$GAGSV,2,2,08,12,71,286,46,19,67,002,46,28,64,280,48,33,45,161,45*6A
$GAGSV,2,1,08,04,41,258,46,06,17,247,38,10,48,312,49,11,21,321,37*62
$GAGSV,2,2,08,12,71,286,46,19,67,002,46,28,64,280,48,33,45,161,45*6A
$GAGSV,2,1,08,04,41,258,46,06,17,247,38,10,48,312,49,11,21,321,37*62
$GAGSV,2,2,08,12,71,286,46,19,67,002,46,28,64,280,48,33,45,161,45*6A
$GAGSV,2,1,08,04,41,258,46,06,17,247,38,10,48,312,49,11,21,321,37*62
$GAGSV,2,2,08,12,71,286,46,19,67,002,46,28,64,280,48,33,45,161,45*6A
$GAGSV,2,1,08,04,41,258,46,06,17,247,38,10,48,312,49,11,21,321,37*62
$GAGSV,2,2,08,12,71,286,46,19,67,002,46,28,64,280,48,33,45,161,45*6A
$GAGSV,2,1,08,04,41,258,46,06,17,247,38,10,48,312,49,11,21,321,37*62
$GAGSV,2,2,08,12,71,286,46,19,67,002,46,28,64,280,48,33,45,161,45*6A
$GAGSV,2,1,08,04,41,258,46,06,17,247,38,10,48,312,49,11,21,321,37*62
$GAGSV,2,2,08,12,71,286,46,19,67,002,46,28,64,280,48,33,45,161,45*6A
$GAGSV,2,1,08,04,41,258,46,06,17,247,38,10,48,312,48,11,21,321,37*63
$GAGSV,2,2,08,12,71,286,46,19,67,002,46,28,64,280,48,33,45,161,45*6A
$GAGSV,2,1,08,04,41,258,46,06,17,247,38,10,48,312,48,11,21,321,37*63
$GAGSV,2,2,08,12,71,286,46,19,67,002,46,28,64,280,48,33,45,161,45*6A
$GAGSV,2,1,08,04,41,258,45,06,17,247,38,10,48,312,48,11,21,321,37*60
$GAGSV,2,2,08,12,71,286,46,19,67,002,46,28,64,280,48,33,45,161,45*6A
$GAGSV,2,1,08,04,41,258,45,06,17,247,38,10,48,312,48,11,21,321,37*60
$GAGSV,2,2,08,12,71,286,46,19,67,002,46,28,64,280,48,33,45,161,45*6A
$GAGSV,2,1,08,04,41,258,45,06,17,247,38,10,48,312,48,11,21,321,37*60
$GAGSV,2,2,08,12,71,286,46,19,67,002,46,28,64,280,48,33,45,161,45*6A
$GAGSV,2,1,08,04,41,258,45,06,17,247,38,10,48,312,48,11,21,321,38*6F
$GAGSV,2,2,08,12,71,286,46,19,67,002,46,28,64,280,48,33,45,161,45*6A
$GAGSV,2,1,08,04,41,258,45,06,17,247,38,10,48,312,48,11,21,321,38*6F
$GAGSV,2,2,08,12,71,286,46,19,67,002,46,28,64,280,48,33,45,161,45*6A
$GAGSV,2,1,08,04,41,258,45,06,17,247,38,10,48,312,48,11,21,321,38*6F
$GAGSV,2,2,08,12,71,286,46,19,67,002,46,28,64,280,48,33,45,161,45*6A
$GAGSV,2,1,08,04,41,258,45,06,17,247,38,10,48,312,48,11,21,321,38*6F
$GAGSV,2,2,08,12,71,286,46,19,67,002,46,28,64,280,48,33,45,161,45*6A
$GAGSV,2,1,08,04,41,258,45,06,17,247,38,10,48,312,48,11,21,321,38*6F
$GAGSV,2,2,08,12,71,286,46,19,67,002,46,28,64,280,48,33,45,161,45*6A
$GAGSV,2,1,08,04,41,258,45,06,17,247,38,10,48,312,47,11,21,321,38*60
$GAGSV,2,2,08,12,71,286,46,19,67,002,46,28,64,280,48,33,45,161,45*6A
$GAGSV,2,1,08,04,41,258,45,06,17,247,38,10,48,312,47,11,21,321,38*60
$GAGSV,2,2,08,12,71,286,46,19,67,002,46,28,64,280,48,33,45,161,45*6A
$GAGSV,2,1,08,04,41,258,45,06,17,247,38,10,48,312,47,11,21,321,38*60
$GAGSV,2,2,08,12,71,286,46,19,67,002,46,28,64,280,48,33,45,161,45*6A
$GAGSV,2,1,08,04,41,258,45,06,17,247,38,10,48,312,47,11,21,321,38*60
$GAGSV,2,2,08,12,71,286,46,19,67,002,46,28,64,280,48,33,45,161,45*6A
$GAGSV,2,1,08,04,41,258,45,06,17,247,38,10,48,312,47,11,21,321,38*60
$GAGSV,2,2,08,12,71,286,46,19,67,002,46,28,64,280,48,33,45,161,45*6A
$GAGSV,2,1,08,04,41,258,45,06,17,247,38,10,48,312,47,11,21,321,38*60
$GAGSV,2,2,08,12,71,286,46,19,67,002,46,28,64,280,48,33,45,161,45*6A
$GAGSV,2,1,08,04,41,258,45,06,17,247,38,10,48,312,47,11,21,321,38*60
$GAGSV,2,2,08,12,71,286,46,19,67,002,46,28,64,280,48,33,45,161,45*6A
$GAGSV,2,1,08,04,41,258,45,06,17,247,38,10,48,312,47,11,21,321,38*60
$GAGSV,2,2,08,12,71,286,46,19,67,002,46,28,64,280,48,33,45,161,45*6A
$GAGSV,2,1,08,04,41,258,45,06,17,247,36,10,48,312,47,11,21,321,38*6E
$GAGSV,2,2,08,12,71,286,46,19,67,002,46,28,64,280,48,33,45,161,45*6A
$GAGSV,2,1,08,04,41,258,45,06,17,247,34,10,48,312,47,11,21,321,38*6C
$GAGSV,2,2,08,12,71,286,46,19,67,002,46,28,64,280,48,33,45,161,45*6A
$GAGSV,2,1,08,04,41,258,46,06,17,247,33,10,48,312,47,11,21,321,38*68
$GAGSV,2,2,08,12,71,286,46,19,67,002,46,28,64,280,48,33,45,161,45*6A
$GAGSV,2,1,08,04,41,258,46,06,17,247,33,10,48,312,48,11,21,321,38*67
$GAGSV,2,2,08,12,71,286,46,19,67,002,46,28,64,280,48,33,45,161,45*6A
$GAGSV,2,1,08,04,41,258,46,06,17,247,30,10,48,312,48,11,21,321,38*64
$GAGSV,2,2,08,12,71,286,45,19,67,002,46,28,64,280,48,33,45,161,45*69
$GAGSV,2,1,08,04,41,258,46,06,17,247,30,10,48,312,47,11,21,321,38*6B
$GAGSV,2,2,08,12,71,286,45,19,67,002,46,28,64,280,48,33,45,161,45*69
$GAGSV,2,1,08,04,41,258,46,06,17,247,32,10,48,312,47,11,21,321,38*69
$GAGSV,2,2,08,12,71,286,45,19,67,002,46,28,64,280,48,33,45,161,45*69
$GAGSV,2,1,08,04,41,258,46,06,17,247,32,10,48,312,47,11,21,321,38*69
$GAGSV,2,2,08,12,71,286,45,19,67,002,46,28,64,280,48,33,45,161,45*69
$GAGSV,2,1,08,04,41,258,46,06,17,247,32,10,48,312,47,11,21,321,38*69
$GAGSV,2,2,08,12,71,286,45,19,67,002,46,28,64,280,48,33,45,161,45*69
$GAGSV,2,1,08,04,41,258,46,06,17,247,32,10,48,312,47,11,21,321,38*69
$GAGSV,2,2,08,12,71,286,45,19,67,002,46,28,64,280,48,33,45,161,45*69
$GAGSV,2,1,08,04,41,258,46,06,17,247,32,10,48,312,47,11,21,321,38*69
$GAGSV,2,2,08,12,71,286,45,19,67,002,46,28,64,280,48,33,45,161,45*69
$GAGSV,2,1,08,04,41,258,46,06,17,247,32,10,48,312,47,11,21,321,38*69
$GAGSV,2,2,08,12,71,286,45,19,67,002,46,28,64,280,48,33,45,161,45*69
$GAGSV,2,1,08,04,41,258,46,06,17,247,31,10,48,312,47,11,21,321,38*6A
$GAGSV,2,2,08,12,71,286,45,19,67,002,46,28,64,280,48,33,45,161,45*69
$GAGSV,2,1,08,04,41,258,46,06,17,247,31,10,48,312,47,11,21,321,38*6A
$GAGSV,2,2,08,12,71,286,46,19,67,002,46,28,64,280,48,33,45,161,45*6A
$GAGSV,2,1,08,04,41,258,46,06,17,247,32,10,48,312,47,11,21,321,38*69
$GAGSV,2,2,08,12,71,286,46,19,67,002,46,28,64,280,48,33,45,161,45*6A
$GAGSV,2,1,08,04,41,258,46,06,17,247,33,10,48,312,47,11,21,321,38*68
$GAGSV,2,2,08,12,71,286,45,19,67,002,46,28,64,280,48,33,45,161,45*69
$GAGSV,2,1,08,04,41,258,46,06,17,247,33,10,48,312,48,11,21,321,38*67
$GAGSV,2,2,08,12,71,286,45,19,67,002,46,28,64,280,48,33,45,161,45*69
$GAGSV,2,1,08,04,41,258,46,06,17,247,34,10,48,312,48,11,21,321,38*60
$GAGSV,2,2,08,12,71,286,45,19,67,002,46,28,64,280,48,33,45,161,45*69
$GAGSV,2,1,08,04,41,258,46,06,17,247,34,10,48,312,48,11,21,321,38*60
$GAGSV,2,2,08,12,71,286,45,19,67,002,46,28,64,280,48,33,45,161,45*69
$GAGSV,2,1,08,04,41,258,46,06,17,247,34,10,48,312,48,11,21,321,37*6F
$GAGSV,2,2,08,12,71,286,45,19,67,002,46,28,64,280,48,33,45,161,45*69
$GAGSV,2,1,08,04,41,258,46,06,17,247,34,10,48,312,48,11,21,321,37*6F
$GAGSV,2,2,08,12,71,286,45,19,67,002,46,28,64,280,47,33,45,161,45*66
$GAGSV,2,1,08,04,41,258,46,06,17,247,34,10,48,312,48,11,21,321,38*60
$GAGSV,2,2,08,12,71,286,45,19,67,003,46,28,64,280,47,33,45,161,45*67
$GAGSV,2,1,08,04,41,258,46,06,17,247,34,10,48,312,48,11,21,321,38*60
$GAGSV,2,2,08,12,71,286,45,19,67,003,46,28,64,280,47,33,45,161,45*67
$GAGSV,2,1,08,04,41,258,46,06,17,247,34,10,48,312,48,11,21,321,38*60
$GAGSV,2,2,08,12,71,286,45,19,67,003,46,28,64,280,48,33,45,161,45*68
$GAGSV,2,1,08,04,41,258,46,06,17,247,34,10,48,312,48,11,21,321,38*60
$GAGSV,2,2,08,12,71,286,45,19,67,003,46,28,64,280,48,33,45,161,45*68
$GAGSV,2,1,08,04,41,258,46,06,17,247,33,10,48,312,48,11,21,321,38*67
$GAGSV,2,2,08,12,71,286,45,19,67,003,46,28,64,280,48,33,45,161,45*68
$GAGSV,2,1,08,04,41,258,46,06,17,247,33,10,48,312,48,11,21,321,38*67
$GAGSV,2,2,08,12,71,286,45,19,66,003,46,28,64,280,48,33,45,161,45*69
$GAGSV,2,1,08,04,41,258,46,06,17,247,32,10,48,312,48,11,21,321,38*66
$GAGSV,2,2,08,12,71,286,45,19,66,003,46,28,64,280,48,33,45,161,45*69
$GAGSV,2,1,08,04,41,258,46,06,17,247,33,10,48,312,48,11,21,321,38*67
$GAGSV,2,2,08,12,71,286,45,19,66,003,46,28,64,280,48,33,45,161,45*69
$GAGSV,2,1,08,04,41,258,46,06,17,247,33,10,48,312,48,11,21,321,38*67
$GAGSV,2,2,08,12,71,286,45,19,66,003,46,28,64,280,48,33,45,161,45*69
$GAGSV,2,1,08,04,41,258,46,06,17,247,34,10,48,312,48,11,21,321,38*60
$GAGSV,2,2,08,12,71,286,45,19,66,003,46,28,64,280,48,33,45,161,45*69
$GAGSV,2,1,08,04,41,258,46,06,17,247,34,10,48,312,48,11,21,321,38*60
$GAGSV,2,2,08,12,71,286,45,19,66,003,46,28,64,280,48,33,45,161,45*69
$GAGSV,2,1,08,04,41,258,46,06,17,247,34,10,48,312,48,11,21,321,38*60
$GAGSV,2,2,08,12,71,286,45,19,66,003,46,28,64,280,48,33,45,161,46*6A
$GAGSV,2,1,08,04,41,258,46,06,17,247,34,10,48,312,48,11,21,321,38*60
$GAGSV,2,2,08,12,71,286,46,19,66,003,46,28,64,280,48,33,45,161,45*6A
$GAGSV,2,1,08,04,41,258,46,06,17,247,34,10,48,312,48,11,21,321,38*60
$GAGSV,2,2,08,12,71,286,46,19,66,003,46,28,64,280,48,33,45,161,45*6A
$GAGSV,2,1,08,04,41,258,46,06,17,247,34,10,48,312,48,11,21,321,38*60
$GAGSV,2,2,08,12,71,286,46,19,66,003,46,28,64,280,48,33,45,161,45*6A
$GAGSV,2,1,08,04,41,258,46,06,17,247,34,10,48,312,48,11,21,321,38*60
$GAGSV,2,2,08,12,71,286,46,19,66,003,46,28,64,280,48,33,45,161,45*6A
$GAGSV,2,1,08,04,41,258,46,06,17,247,34,10,48,312,48,11,21,321,38*60
$GAGSV,2,2,08,12,71,286,46,19,66,003,46,28,64,280,48,33,45,161,45*6A
$GAGSV,2,1,08,04,41,258,46,06,17,247,33,10,48,312,48,11,21,321,38*67
$GAGSV,2,2,08,12,71,286,46,19,66,003,46,28,64,280,48,33,45,161,45*6A
$GAGSV,2,1,08,04,41,258,46,06,17,247,33,10,48,312,48,11,21,321,38*67
$GAGSV,2,2,08,12,71,286,46,19,66,003,46,28,64,280,48,33,45,161,45*6A
$GAGSV,2,1,08,04,41,258,46,06,17,247,33,10,48,312,48,11,21,321,38*67
$GAGSV,2,2,08,12,71,286,46,19,66,003,46,28,64,280,48,33,45,161,45*6A
$GAGSV,2,1,08,04,41,258,46,06,17,247,32,10,48,312,48,11,21,321,38*66
$GAGSV,2,2,08,12,71,286,46,19,66,003,46,28,64,280,48,33,45,161,46*69
$GAGSV,2,1,08,04,41,258,46,06,17,247,32,10,48,312,48,11,21,321,38*66
$GAGSV,2,2,08,12,71,286,46,19,66,003,46,28,64,280,48,33,45,161,46*69
$GAGSV,2,1,08,04,41,258,46,06,17,247,32,10,48,312,48,11,21,321,38*66
$GAGSV,2,2,08,12,71,286,46,19,66,003,46,28,64,280,48,33,45,161,46*69
$GAGSV,2,1,08,04,41,258,46,06,17,247,33,10,48,312,48,11,21,321,38*67
$GAGSV,2,2,08,12,71,286,46,19,66,003,46,28,64,280,48,33,45,161,46*69
$GAGSV,2,1,08,04,41,258,46,06,17,247,33,10,48,312,48,11,21,321,38*67
$GAGSV,2,2,08,12,71,286,46,19,66,003,46,28,64,280,48,33,45,161,46*69
$GAGSV,2,1,08,04,41,258,46,06,17,247,34,10,48,312,48,11,21,321,37*6F
$GAGSV,2,2,08,12,71,286,46,19,66,003,46,28,64,280,48,33,45,161,46*69
$GAGSV,2,1,08,04,41,258,46,06,17,247,34,10,48,312,48,11,21,321,37*6F
$GAGSV,2,2,08,12,71,286,46,19,66,003,46,28,64,280,48,33,45,161,46*69
$GAGSV,2,1,08,04,41,258,46,06,17,247,34,10,48,312,48,11,21,321,37*6F
$GAGSV,2,2,08,12,71,286,46,19,66,003,46,28,64,280,48,33,45,161,46*69
$GAGSV,2,1,08,04,41,258,46,06,17,247,34,10,48,312,48,11,21,321,37*6F
$GAGSV,2,2,08,12,71,286,46,19,66,003,46,28,64,280,48,33,45,161,46*69
$GAGSV,2,1,08,04,41,258,46,06,17,247,34,10,48,312,48,11,21,321,38*60
$GAGSV,2,2,08,12,71,286,46,19,66,003,46,28,64,280,48,33,45,161,46*69
$GAGSV,2,1,08,04,41,258,46,06,17,247,34,10,48,312,48,11,21,321,38*60
$GAGSV,2,2,08,12,71,286,46,19,66,003,46,28,64,280,48,33,45,161,46*69
$GAGSV,2,1,08,04,41,258,46,06,17,247,34,10,48,312,48,11,21,321,38*60
$GAGSV,2,2,08,12,71,286,46,19,66,003,46,28,64,280,48,33,45,161,46*69
$GAGSV,2,1,08,04,41,258,46,06,17,247,34,10,48,312,48,11,21,321,38*60
$GAGSV,2,2,08,12,71,286,46,19,66,003,46,28,64,280,48,33,45,161,46*69
$GAGSV,2,1,08,04,41,258,46,06,17,247,35,10,48,312,48,11,21,321,38*61
$GAGSV,2,2,08,12,71,286,46,19,66,003,46,28,64,280,48,33,45,161,46*69
$GAGSV,2,1,08,04,41,258,46,06,17,247,34,10,48,312,48,11,21,321,38*60
$GAGSV,2,2,08,12,71,286,46,19,66,003,46,28,64,280,48,33,45,161,46*69
$GAGSV,2,1,08,04,41,258,46,06,17,247,34,10,48,312,48,11,21,321,38*60
$GAGSV,2,2,08,12,71,286,46,19,66,003,46,28,64,280,48,33,45,161,46*69
$GAGSV,2,1,08,04,41,258,46,06,17,247,34,10,48,312,48,11,21,321,38*60
$GAGSV,2,2,08,12,71,286,46,19,66,003,46,28,64,280,48,33,45,161,45*6A
$GAGSV,2,1,08,04,41,258,46,06,17,247,33,10,48,312,48,11,21,321,38*67
$GAGSV,2,2,08,12,71,286,46,19,66,003,46,28,64,280,48,33,45,161,45*6A
$GAGSV,2,1,08,04,41,258,46,06,17,247,33,10,48,312,48,11,21,321,38*67
$GAGSV,2,2,08,12,71,286,46,19,66,003,46,28,64,280,49,33,45,161,45*6B
$GAGSV,2,1,08,04,41,258,46,06,17,247,34,10,48,312,48,11,21,321,38*60
$GAGSV,2,2,08,12,71,286,46,19,66,003,46,28,64,280,49,33,45,161,45*6B
$GAGSV,2,1,08,04,41,258,46,06,17,247,34,10,48,312,48,11,21,321,37*6F
$GAGSV,2,2,08,12,71,286,46,19,66,003,46,28,64,280,49,33,45,161,45*6B
$GAGSV,2,1,08,04,41,258,46,06,17,247,34,10,48,312,48,11,21,321,37*6F
$GAGSV,2,2,08,12,71,286,46,19,66,003,46,28,64,280,49,33,45,161,45*6B
$GAGSV,2,1,08,04,41,258,46,06,17,247,33,10,48,312,48,11,21,321,37*68
$GAGSV,2,2,08,12,71,286,46,19,66,003,46,28,64,280,49,33,45,161,45*6B
$GAGSV,2,1,08,04,41,258,46,06,17,247,33,10,48,312,48,11,21,321,37*68
$GAGSV,2,2,08,12,71,286,46,19,66,003,46,28,64,280,49,33,45,161,45*6B
$GAGSV,2,1,08,04,41,258,46,06,17,247,33,10,48,312,48,11,21,321,37*68
$GAGSV,2,2,08,12,71,286,46,19,66,003,46,28,64,280,49,33,45,161,45*6B
$GAGSV,2,1,08,04,41,258,46,06,17,247,33,10,48,312,48,11,21,321,37*68
$GAGSV,2,2,08,12,71,286,46,19,66,003,46,28,64,280,49,33,45,161,45*6B
$GAGSV,2,1,08,04,41,258,46,06,17,247,33,10,48,312,48,11,21,321,38*67
$GAGSV,2,2,08,12,71,286,46,19,66,003,46,28,64,280,49,33,45,161,45*6B
$GAGSV,2,1,08,04,41,258,46,06,17,247,33,10,48,312,48,11,21,321,38*67
$GAGSV,2,2,08,12,71,286,46,19,66,003,46,28,64,280,49,33,45,161,45*6B
$GAGSV,2,1,08,04,41,258,46,06,17,247,32,10,48,312,48,11,21,321,38*66
$GAGSV,2,2,08,12,71,286,46,19,66,003,46,28,64,280,49,33,45,161,45*6B
$GAGSV,2,1,08,04,41,258,46,06,17,247,32,10,48,312,48,11,21,321,38*66
$GAGSV,2,2,08,12,71,286,46,19,66,003,46,28,64,280,49,33,45,161,45*6B
$GAGSV,2,1,08,04,41,258,46,06,17,247,32,10,48,312,48,11,21,321,38*66
$GAGSV,2,2,08,12,71,286,46,19,66,003,47,28,64,280,49,33,45,161,45*6A
$GAGSV,2,1,08,04,41,258,46,06,17,247,32,10,48,312,48,11,21,321,38*66
$GAGSV,2,2,08,12,71,286,46,19,66,003,47,28,64,280,49,33,45,161,46*69
$GAGSV,2,1,08,04,41,258,46,06,17,247,32,10,48,312,48,11,21,321,38*66
$GAGSV,2,2,08,12,71,286,46,19,66,003,46,28,64,280,49,33,45,161,46*68
$GAGSV,2,1,08,04,41,258,46,06,17,247,32,10,48,312,48,11,21,321,38*66
$GAGSV,2,2,08,12,71,286,46,19,66,003,46,28,64,280,49,33,45,161,46*68
$GAGSV,2,1,08,04,41,258,46,06,17,247,32,10,48,312,48,11,21,321,38*66
$GAGSV,2,2,08,12,71,286,46,19,66,003,46,28,64,280,49,33,45,161,46*68
$GAGSV,2,1,08,04,41,258,46,06,17,247,33,10,48,312,48,11,21,321,38*67
$GAGSV,2,2,08,12,71,286,46,19,66,003,46,28,64,280,49,33,45,161,46*68
$GAGSV,2,1,08,04,41,258,46,06,17,247,33,10,48,312,48,11,21,321,38*67
$GAGSV,2,2,08,12,71,286,46,19,66,003,46,28,64,280,49,33,45,161,46*68
$GAGSV,2,1,08,04,41,258,46,06,17,247,33,10,48,312,48,11,21,321,38*67
$GAGSV,2,2,08,12,71,286,46,19,66,003,46,28,64,280,49,33,45,161,46*68
$GAGSV,2,1,08,04,41,258,46,06,17,247,33,10,48,312,48,11,21,321,38*67
$GAGSV,2,2,08,12,71,286,46,19,66,003,46,28,64,280,49,33,45,161,46*68
$GAGSV,2,1,08,04,41,258,46,06,17,247,33,10,48,312,48,11,21,321,38*67
$GAGSV,2,2,08,12,71,286,46,19,66,003,46,28,64,280,49,33,45,161,46*68
$GAGSV,2,1,08,04,41,258,46,06,17,247,33,10,48,312,48,11,21,321,38*67
$GAGSV,2,2,08,12,71,286,46,19,66,003,46,28,64,280,49,33,45,161,46*68
$GAGSV,2,1,08,04,41,258,46,06,17,247,33,10,48,312,48,11,21,321,38*67
$GAGSV,2,2,08,12,71,286,46,19,66,003,46,28,64,280,49,33,45,161,46*68
$GAGSV,2,1,08,04,41,258,46,06,17,247,33,10,48,312,48,11,21,321,38*67
$GAGSV,2,2,08,12,71,286,46,19,66,003,46,28,64,280,49,33,45,161,46*68
$GAGSV,2,1,08,04,41,258,46,06,17,247,33,10,48,312,48,11,21,321,38*67
$GAGSV,2,2,08,12,71,286,46,19,66,003,46,28,64,280,49,33,45,161,46*68
$GAGSV,2,1,08,04,41,258,46,06,17,247,33,10,48,312,48,11,21,321,38*67
$GAGSV,2,2,08,12,71,286,46,19,66,003,46,28,64,280,49,33,45,161,46*68
$GAGSV,2,1,08,04,41,258,46,06,17,247,33,10,48,312,48,11,21,321,38*67
$GAGSV,2,2,08,12,71,286,46,19,66,003,46,28,64,280,49,33,45,161,46*68
$GAGSV,2,1,08,04,41,258,46,06,17,247,33,10,48,312,48,11,21,321,38*67
$GAGSV,2,2,08,12,71,286,46,19,66,003,46,28,64,280,49,33,45,161,46*68
$GAGSV,2,1,08,04,41,258,46,06,17,247,33,10,48,312,48,11,21,321,37*68
$GAGSV,2,2,08,12,71,286,46,19,66,003,46,28,64,280,49,33,45,161,46*68
$GAGSV,2,1,08,04,41,258,46,06,17,247,33,10,48,312,48,11,21,321,37*68
$GAGSV,2,2,08,12,71,286,46,19,66,003,46,28,64,280,49,33,45,161,46*68
$GAGSV,2,1,08,04,41,258,46,06,17,247,33,10,48,312,48,11,21,321,37*68
$GAGSV,2,2,08,12,71,286,46,19,66,003,46,28,64,280,49,33,45,161,46*68
$GAGSV,2,1,08,04,41,258,46,06,17,247,32,10,48,312,48,11,21,321,37*69
$GAGSV,2,2,08,12,71,286,46,19,66,003,46,28,64,280,49,33,45,161,46*68
$GAGSV,2,1,08,04,41,258,46,06,17,247,32,10,48,312,48,11,21,321,37*69
$GAGSV,2,2,08,12,71,286,46,19,66,003,46,28,64,280,49,33,45,161,46*68
$GAGSV,2,1,08,04,41,258,46,06,17,247,31,10,48,312,48,11,21,321,37*6A
$GAGSV,2,2,08,12,71,286,46,19,66,003,46,28,64,280,49,33,45,161,46*68
$GAGSV,2,1,08,04,41,258,46,06,17,247,31,10,48,312,48,11,21,321,37*6A
$GAGSV,2,2,08,12,71,286,46,19,66,003,46,28,64,280,49,33,45,161,46*68
$GAGSV,2,1,08,04,41,258,46,06,17,247,31,10,48,312,48,11,21,321,37*6A
$GAGSV,2,2,08,12,71,286,46,19,66,003,46,28,64,280,49,33,45,161,46*68
$GAGSV,2,1,08,04,41,258,46,06,17,248,31,10,48,312,48,11,21,321,37*65
$GAGSV,2,2,08,12,71,286,46,19,66,003,46,28,64,280,49,33,45,161,46*68
$GAGSV,2,1,08,04,41,258,46,06,17,248,31,10,48,312,48,11,21,321,37*65
$GAGSV,2,2,08,12,71,286,46,19,66,003,46,28,64,280,49,33,45,161,47*69
$GAGSV,2,1,08,04,41,258,46,06,17,248,30,10,48,312,48,11,21,321,37*64
$GAGSV,2,2,08,12,71,286,46,19,66,003,46,28,64,280,49,33,45,161,46*68
$GAGSV,2,1,08,04,41,258,46,06,17,248,30,10,48,312,48,11,21,321,37*64
$GAGSV,2,2,08,12,71,286,46,19,66,003,46,28,64,280,49,33,45,161,47*69
$GAGSV,2,1,08,04,41,258,46,06,17,248,30,10,48,312,48,11,21,321,37*64
$GAGSV,2,2,08,12,71,286,46,19,66,003,46,28,64,280,49,33,45,161,47*69
$GAGSV,2,1,08,04,41,258,46,06,17,248,30,10,48,312,48,11,21,321,37*64
$GAGSV,2,2,08,12,71,286,46,19,66,003,46,28,64,280,49,33,45,161,47*69
$GAGSV,2,1,08,04,41,258,46,06,17,248,30,10,48,312,48,11,21,321,37*64
$GAGSV,2,2,08,12,71,286,46,19,66,003,46,28,64,280,49,33,45,161,47*69
$GAGSV,2,1,08,04,41,258,46,06,17,248,30,10,48,312,48,11,21,321,37*64
$GAGSV,2,2,08,12,71,286,46,19,66,003,46,28,64,280,49,33,45,161,47*69
$GAGSV,2,1,08,04,41,258,46,06,17,248,30,10,48,312,48,11,21,321,38*6B
$GAGSV,2,2,08,12,71,286,46,19,66,003,46,28,64,280,49,33,45,161,47*69
$GAGSV,2,1,08,04,41,258,46,06,17,248,30,10,48,312,48,11,21,321,38*6B
$GAGSV,2,2,08,12,71,286,46,19,66,003,46,28,64,280,49,33,45,161,47*69
$GAGSV,2,1,08,04,41,258,46,06,17,248,31,10,48,312,48,11,21,321,37*65
$GAGSV,2,2,08,12,71,286,46,19,66,003,46,28,64,280,49,33,45,161,47*69
$GAGSV,2,1,08,04,41,258,46,06,17,248,30,10,48,312,48,11,21,321,37*64
$GAGSV,2,2,08,12,71,286,46,19,66,003,46,28,64,280,49,33,45,161,46*68
$GAGSV,2,1,08,04,41,258,46,06,17,248,30,10,48,312,48,11,21,321,38*6B
$GAGSV,2,2,08,12,71,286,46,19,66,003,46,28,64,280,49,33,45,161,46*68
$GAGSV,2,1,08,04,41,258,46,06,17,248,30,10,48,312,48,11,21,321,38*6B
$GAGSV,2,2,08,12,71,286,46,19,66,003,47,28,64,280,49,33,45,161,46*69
$GAGSV,2,1,08,04,41,258,46,06,17,248,30,10,48,312,48,11,21,321,38*6B
$GAGSV,2,2,08,12,71,286,46,19,66,003,47,28,64,280,49,33,45,161,46*69
$GAGSV,2,1,08,04,41,258,46,06,17,248,30,10,48,312,48,11,21,321,38*6B
$GAGSV,2,2,08,12,71,286,46,19,66,003,47,28,64,280,49,33,45,161,46*69
$GAGSV,2,1,08,04,41,258,46,06,17,248,30,10,48,312,48,11,21,321,38*6B
$GAGSV,2,2,08,12,71,286,46,19,66,003,47,28,64,280,49,33,45,161,46*69
$GAGSV,2,1,08,04,41,258,46,06,17,248,30,10,48,312,48,11,21,321,38*6B
$GAGSV,2,2,08,12,71,286,46,19,66,003,46,28,64,280,49,33,45,161,46*68
$GAGSV,2,1,08,04,41,258,46,06,17,248,30,10,48,312,48,11,21,321,38*6B
$GAGSV,2,2,08,12,71,286,46,19,66,003,46,28,64,280,49,33,45,161,46*68
$GAGSV,2,1,08,04,41,258,46,06,17,248,29,10,48,312,48,11,21,321,38*63
$GAGSV,2,2,08,12,71,286,46,19,66,003,46,28,64,280,49,33,45,161,46*68
$GAGSV,2,1,08,04,41,258,46,06,17,248,28,10,48,312,48,11,21,321,38*62
$GAGSV,2,2,08,12,71,286,46,19,66,003,46,28,64,280,49,33,45,161,46*68
$GAGSV,2,1,08,04,41,258,46,06,17,248,27,10,48,312,48,11,21,321,38*6D
$GAGSV,2,2,08,12,71,286,46,19,66,003,46,28,64,280,49,33,45,161,46*68
$GAGSV,2,1,08,04,41,258,46,06,17,248,27,10,48,312,48,11,21,321,38*6D
$GAGSV,2,2,08,12,71,286,46,19,66,003,46,28,64,280,49,33,45,161,46*68
$GAGSV,2,1,08,04,41,258,46,06,17,248,27,10,48,312,48,11,21,321,38*6D
$GAGSV,2,2,08,12,71,286,46,19,66,003,46,28,64,280,49,33,45,161,46*68
$GAGSV,2,1,08,04,41,258,46,06,17,248,27,10,48,312,48,11,21,321,38*6D
$GAGSV,2,2,08,12,71,286,46,19,66,003,46,28,64,280,49,33,45,161,46*68
$GAGSV,2,1,08,04,41,258,46,06,17,248,28,10,48,312,48,11,21,321,38*62
$GAGSV,2,2,08,12,71,285,46,19,66,003,46,28,64,280,49,33,44,161,46*6A
$GAGSV,2,1,08,04,41,258,46,06,17,248,29,10,48,312,48,11,21,321,38*63
$GAGSV,2,2,08,12,71,285,46,19,66,003,46,28,64,280,49,33,44,161,46*6A
$GAGSV,2,1,08,04,41,258,46,06,17,248,30,10,48,312,48,11,21,321,38*6B
$GAGSV,2,2,08,12,71,285,46,19,66,003,46,28,64,280,49,33,44,161,46*6A
$GAGSV,2,1,08,04,41,258,46,06,17,248,30,10,48,312,48,11,21,321,37*64
$GAGSV,2,2,08,12,71,285,46,19,66,003,46,28,64,280,49,33,44,161,46*6A
$GAGSV,2,1,08,04,41,258,46,06,17,248,30,10,48,312,48,11,21,321,37*64
$GAGSV,2,2,08,12,71,285,46,19,66,003,46,28,64,280,49,33,44,161,46*6A
$GAGSV,2,1,08,04,41,258,46,06,17,248,30,10,48,312,48,11,21,321,37*64
$GAGSV,2,2,08,12,71,285,46,19,66,003,46,28,64,280,49,33,44,161,46*6A
$GAGSV,2,1,08,04,41,258,46,06,17,248,31,10,48,312,48,11,21,321,38*6A
$GAGSV,2,2,08,12,71,285,46,19,66,003,46,28,64,280,49,33,44,161,46*6A
$GAGSV,2,1,08,04,41,258,46,06,17,248,31,10,48,312,48,11,21,321,38*6A
$GAGSV,2,2,08,12,71,285,46,19,66,003,46,28,64,280,49,33,44,161,46*6A
$GAGSV,2,1,08,04,41,258,46,06,17,248,31,10,48,312,48,11,21,321,38*6A
$GAGSV,2,2,08,12,71,285,46,19,66,003,46,28,64,280,49,33,44,161,46*6A
$GAGSV,2,1,08,04,41,258,46,06,17,248,30,10,48,312,48,11,21,321,38*6B
$GAGSV,2,2,08,12,71,285,46,19,66,003,46,28,64,280,49,33,44,161,46*6A
$GAGSV,2,1,08,04,41,258,46,06,17,248,30,10,48,312,48,11,21,321,38*6B
$GAGSV,2,2,08,12,71,285,46,19,66,003,46,28,64,280,49,33,44,161,46*6A
$GAGSV,2,1,08,04,41,258,46,06,17,248,31,10,48,312,48,11,21,321,38*6A
$GAGSV,2,2,08,12,71,285,46,19,66,003,46,28,64,280,49,33,44,161,46*6A
$GAGSV,2,1,08,04,41,258,46,06,17,248,31,10,48,312,48,11,21,321,38*6A
$GAGSV,2,2,08,12,71,285,46,19,66,003,46,28,64,280,49,33,44,161,46*6A
$GAGSV,2,1,08,04,41,258,46,06,17,248,32,10,48,312,48,11,21,321,38*69
$GAGSV,2,2,08,12,71,285,46,19,66,003,46,28,64,280,49,33,44,161,46*6A
$GAGSV,2,1,08,04,41,258,46,06,17,248,33,10,48,312,48,11,21,321,38*68
$GAGSV,2,2,08,12,71,285,46,19,66,003,46,28,64,280,49,33,44,161,46*6A
$GAGSV,2,1,08,04,41,258,46,06,17,248,33,10,48,312,48,11,21,321,38*68
$GAGSV,2,2,08,12,71,285,46,19,66,003,46,28,64,280,49,33,44,161,46*6A
$GAGSV,2,1,08,04,41,258,46,06,17,248,32,10,48,312,48,11,21,321,38*69
$GAGSV,2,2,08,12,71,285,46,19,66,003,46,28,64,280,49,33,44,161,46*6A
$GAGSV,2,1,08,04,41,258,46,06,17,248,32,10,48,312,48,11,21,321,38*69
$GAGSV,2,2,08,12,71,285,46,19,66,003,46,28,64,280,49,33,44,161,46*6A
$GAGSV,2,1,08,04,41,258,46,06,17,248,32,10,48,312,48,11,21,321,38*69
$GAGSV,2,2,08,12,71,285,46,19,66,003,46,28,64,280,49,33,44,161,46*6A
$GAGSV,2,1,08,04,41,258,46,06,17,248,32,10,48,312,48,11,21,321,38*69
$GAGSV,2,2,08,12,71,285,46,19,66,003,46,28,64,280,49,33,44,161,46*6A
$GAGSV,2,1,08,04,41,258,46,06,17,248,31,10,48,312,49,11,21,321,38*6B
$GAGSV,2,2,08,12,71,285,46,19,66,003,46,28,64,280,49,33,44,161,46*6A
$GAGSV,2,1,08,04,41,258,46,06,17,248,30,10,48,312,49,11,21,321,38*6A
$GAGSV,2,2,08,12,71,285,46,19,66,003,46,28,64,280,49,33,44,161,47*6B
$GAGSV,2,1,08,04,41,258,46,06,17,248,30,10,48,312,49,11,21,321,38*6A
$GAGSV,2,2,08,12,71,285,46,19,66,003,46,28,64,280,49,33,44,161,47*6B
$GAGSV,2,1,08,04,41,258,46,06,17,248,30,10,48,312,49,11,21,321,38*6A
$GAGSV,2,2,08,12,71,285,46,19,66,003,46,28,64,280,49,33,44,161,47*6B
$GAGSV,2,1,08,04,41,258,46,06,17,248,29,10,48,312,49,11,21,321,38*62
$GAGSV,2,2,08,12,71,285,46,19,66,003,46,28,64,280,49,33,44,161,47*6B
$GAGSV,2,1,08,04,41,258,46,06,17,248,30,10,48,312,49,11,21,321,38*6A
$GAGSV,2,2,08,12,71,285,46,19,66,003,46,28,64,280,49,33,44,161,47*6B
$GAGSV,2,1,08,04,41,258,46,06,17,248,31,10,48,312,49,11,21,321,38*6B
$GAGSV,2,2,08,12,71,285,46,19,66,003,46,28,64,280,49,33,44,161,47*6B
$GAGSV,2,1,08,04,41,258,46,06,17,248,32,10,48,312,49,11,21,321,38*68
$GAGSV,2,2,08,12,71,285,46,19,66,003,46,28,64,280,49,33,44,161,47*6B
$GAGSV,2,1,08,04,41,258,46,06,17,248,32,10,48,312,49,11,21,321,38*68
$GAGSV,2,2,08,12,71,285,46,19,66,003,46,28,64,280,49,33,44,161,47*6B
$GAGSV,2,1,08,04,41,258,46,06,17,248,32,10,48,312,49,11,21,321,38*68
$GAGSV,2,2,08,12,71,285,46,19,66,003,46,28,64,280,49,33,44,161,47*6B
$GAGSV,2,1,08,04,41,258,46,06,17,248,32,10,48,312,49,11,21,321,38*68
$GAGSV,2,2,08,12,71,285,46,19,66,003,46,28,64,280,49,33,44,162,47*68
$GAGSV,2,1,08,04,41,258,46,06,17,248,33,10,48,312,49,11,21,321,38*69
$GAGSV,2,2,08,12,71,285,46,19,66,003,46,28,64,280,49,33,44,162,47*68
$GAGSV,2,1,08,04,41,258,46,06,17,248,33,10,48,312,49,11,21,321,38*69
$GAGSV,2,2,08,12,71,285,46,19,66,003,46,28,64,280,49,33,44,162,47*68
$GAGSV,2,1,08,04,41,258,46,06,17,248,33,10,48,312,49,11,21,321,38*69
$GAGSV,2,2,08,12,71,285,46,19,66,003,46,28,64,280,49,33,44,162,47*68
$GAGSV,2,1,08,04,41,258,46,06,17,248,33,10,48,312,48,11,21,321,38*68
$GAGSV,2,2,08,12,71,285,46,19,66,003,46,28,64,280,49,33,44,162,47*68
$GAGSV,2,1,08,04,41,258,46,06,17,248,33,10,48,312,48,11,21,321,38*68
$GAGSV,2,2,08,12,71,285,46,19,66,003,46,28,64,280,49,33,44,162,47*68
$GAGSV,2,1,08,04,41,258,46,06,17,248,33,10,48,312,48,11,21,321,38*68
$GAGSV,2,2,08,12,71,285,46,19,66,003,46,28,64,280,49,33,44,162,47*68
$GAGSV,2,1,08,04,41,258,46,06,17,248,33,10,48,312,48,11,21,321,38*68
$GAGSV,2,2,08,12,71,285,46,19,66,003,46,28,64,280,49,33,44,162,47*68
$GAGSV,2,1,08,04,41,258,46,06,17,248,33,10,48,312,48,11,21,321,38*68
$GAGSV,2,2,08,12,71,285,46,19,66,003,46,28,64,280,49,33,44,162,46*69
$GAGSV,2,1,08,04,41,258,46,06,17,248,33,10,48,312,48,11,21,321,38*68
$GAGSV,2,2,08,12,71,285,46,19,66,003,46,28,64,280,49,33,44,162,46*69
$GAGSV,2,1,08,04,41,258,46,06,17,248,32,10,48,312,48,11,21,321,38*69
$GAGSV,2,2,08,12,71,285,46,19,66,003,46,28,64,280,49,33,44,162,46*69
$GAGSV,2,1,08,04,41,258,46,06,17,248,32,10,48,312,48,11,21,321,38*69
$GAGSV,2,2,08,12,71,285,46,19,66,003,46,28,64,280,49,33,44,162,46*69
$GAGSV,2,1,08,04,41,258,46,06,17,248,32,10,48,312,48,11,21,321,38*69
$GAGSV,2,2,08,12,71,285,46,19,66,003,46,28,64,280,48,33,44,162,46*68
$GAGSV,2,1,08,04,41,258,46,06,17,248,31,10,48,312,48,11,21,321,39*6B
$GAGSV,2,2,08,12,71,285,46,19,66,003,45,28,64,280,48,33,44,162,46*6B
$GAGSV,2,1,08,04,41,258,46,06,17,248,31,10,48,312,48,11,21,321,39*6B
$GAGSV,2,2,08,12,71,285,46,19,66,003,45,28,64,280,48,33,44,162,46*6B
$GAGSV,2,1,08,04,41,258,46,06,17,248,32,10,48,312,48,11,21,321,39*68
$GAGSV,2,2,08,12,71,285,46,19,66,003,45,28,64,280,48,33,44,162,46*6B
$GAGSV,2,1,08,04,41,258,46,06,17,248,32,10,48,312,49,11,21,321,39*69
$GAGSV,2,2,08,12,71,285,46,19,66,003,45,28,64,280,48,33,44,162,46*6B
$GAGSV,2,1,08,04,41,258,46,06,17,248,32,10,48,312,48,11,21,321,38*69
$GAGSV,2,2,08,12,71,285,46,19,66,003,45,28,64,280,49,33,44,162,46*6A
$GAGSV,2,1,08,04,41,258,46,06,17,248,32,10,48,312,48,11,21,321,38*69
$GAGSV,2,2,08,12,71,285,46,19,66,003,45,28,64,280,49,33,44,162,46*6A
$GAGSV,2,1,08,04,41,258,46,06,17,248,31,10,48,312,48,11,21,321,38*6A
$GAGSV,2,2,08,12,71,285,46,19,66,003,45,28,64,280,49,33,44,162,46*6A
$GAGSV,2,1,08,04,41,258,46,06,17,248,31,10,48,312,48,11,21,321,39*6B
$GAGSV,2,2,08,12,71,285,46,19,66,003,45,28,64,280,49,33,44,162,46*6A
$GAGSV,2,1,08,04,41,258,46,06,17,248,31,10,48,312,48,11,21,321,38*6A
$GAGSV,2,2,08,12,71,285,46,19,66,003,45,28,64,280,49,33,44,162,46*6A
$GAGSV,2,1,08,04,41,258,46,06,17,248,31,10,48,312,48,11,21,321,39*6B
$GAGSV,2,2,08,12,71,285,46,19,66,003,45,28,64,280,49,33,44,162,46*6A
$GAGSV,2,1,08,04,41,258,46,06,17,248,31,10,48,312,48,11,21,321,39*6B
$GAGSV,2,2,08,12,71,285,46,19,66,003,45,28,64,280,49,33,44,162,46*6A
$GAGSV,2,1,08,04,41,258,46,06,17,248,31,10,48,312,48,11,21,321,39*6B
$GAGSV,2,2,08,12,71,285,46,19,66,003,45,28,64,280,49,33,44,162,46*6A
$GAGSV,2,1,08,04,41,258,46,06,17,248,31,10,48,312,48,11,21,321,39*6B
$GAGSV,2,2,08,12,71,285,46,19,66,003,45,28,64,280,49,33,44,162,46*6A
$GAGSV,2,1,08,04,41,258,46,06,17,248,31,10,48,312,48,11,21,321,38*6A
$GAGSV,2,2,08,12,71,285,46,19,66,003,45,28,64,280,49,33,44,162,46*6A
$GAGSV,2,1,08,04,41,258,46,06,17,248,31,10,48,312,48,11,21,321,38*6A
$GAGSV,2,2,08,12,71,285,46,19,66,003,45,28,64,280,49,33,44,162,46*6A
$GAGSV,2,1,08,04,41,258,46,06,17,248,31,10,48,312,48,11,21,321,38*6A
$GAGSV,2,2,08,12,71,285,46,19,66,003,45,28,64,280,49,33,44,162,46*6A
$GAGSV,2,1,08,04,41,258,46,06,17,248,31,10,48,312,48,11,21,321,38*6A
$GAGSV,2,2,08,12,71,285,46,19,66,003,45,28,64,280,49,33,44,162,46*6A
$GAGSV,2,1,08,04,41,258,46,06,17,248,31,10,48,312,48,11,21,321,38*6A
$GAGSV,2,2,08,12,71,285,46,19,66,003,45,28,64,280,49,33,44,162,46*6A
$GAGSV,2,1,08,04,41,258,46,06,17,248,30,10,48,312,48,11,21,321,38*6B
$GAGSV,2,2,08,12,71,285,46,19,66,003,45,28,64,280,49,33,44,162,46*6A
$GAGSV,2,1,08,04,41,258,46,06,17,248,30,10,48,312,48,11,21,321,38*6B
$GAGSV,2,2,08,12,71,285,46,19,66,003,45,28,64,280,49,33,44,162,46*6A
$GAGSV,2,1,08,04,41,258,46,06,17,248,31,10,48,312,48,11,21,321,38*6A
$GAGSV,2,2,08,12,71,285,46,19,66,003,45,28,64,280,49,33,44,162,46*6A
$GAGSV,2,1,08,04,41,258,46,06,17,248,31,10,48,312,48,11,21,321,38*6A
$GAGSV,2,2,08,12,71,285,46,19,66,003,45,28,64,280,49,33,44,162,46*6A
$GAGSV,2,1,08,04,41,258,46,06,17,248,30,10,48,312,48,11,21,321,38*6B
$GAGSV,2,2,08,12,71,285,46,19,66,003,45,28,64,280,49,33,44,162,46*6A
$GAGSV,2,1,08,04,41,258,46,06,17,248,29,10,48,312,48,11,21,321,38*63
$GAGSV,2,2,08,12,71,285,46,19,66,003,46,28,64,280,49,33,44,162,46*69
$GAGSV,2,1,08,04,41,258,46,06,17,248,29,10,48,312,48,11,21,321,38*63
$GAGSV,2,2,08,12,71,285,46,19,66,003,46,28,64,280,49,33,44,162,46*69
$GAGSV,2,1,08,04,41,258,46,06,17,248,29,10,48,312,48,11,21,321,38*63
$GAGSV,2,2,08,12,71,285,46,19,66,003,46,28,64,280,49,33,44,162,47*68
$GAGSV,2,1,08,04,41,258,46,06,17,248,29,10,48,312,48,11,21,321,38*63
$GAGSV,2,2,08,12,71,285,46,19,66,003,45,28,64,280,49,33,44,162,47*6B
$GAGSV,2,1,08,04,41,258,46,06,17,248,29,10,48,312,48,11,21,321,38*63
$GAGSV,2,2,08,12,71,285,46,19,66,003,45,28,64,280,49,33,44,162,47*6B
$GAGSV,2,1,08,04,41,258,46,06,17,248,29,10,48,312,48,11,21,321,38*63
$GAGSV,2,2,08,12,71,285,46,19,66,003,45,28,64,280,49,33,44,162,47*6B
$GAGSV,2,1,08,04,41,258,46,06,17,248,29,10,48,312,48,11,21,321,38*63
$GAGSV,2,2,08,12,71,285,46,19,66,003,45,28,64,280,49,33,44,162,47*6B
$GAGSV,2,1,08,04,41,258,46,06,17,248,29,10,48,312,48,11,21,321,38*63
$GAGSV,2,2,08,12,71,285,46,19,66,003,46,28,64,280,49,33,44,162,47*68
$GAGSV,2,1,08,04,41,258,46,06,17,248,29,10,48,312,48,11,21,321,38*63
$GAGSV,2,2,08,12,71,285,46,19,66,003,45,28,64,280,49,33,44,162,47*6B
$GAGSV,2,1,08,04,41,258,46,06,17,248,29,10,48,312,48,11,21,321,38*63
$GAGSV,2,2,08,12,71,285,46,19,66,003,45,28,64,280,49,33,44,162,47*6B
$GAGSV,2,1,08,04,41,258,46,06,17,248,30,10,48,312,48,11,21,321,38*6B
$GAGSV,2,2,08,12,71,285,46,19,66,003,46,28,64,280,49,33,44,162,47*68
$GAGSV,2,1,08,04,41,258,46,06,17,248,31,10,48,312,48,11,21,321,38*6A
$GAGSV,2,2,08,12,71,285,46,19,66,003,46,28,64,280,49,33,44,162,47*68
$GAGSV,2,1,08,04,41,258,46,06,17,248,32,10,48,312,48,11,21,321,38*69
$GAGSV,2,2,08,12,71,285,45,19,66,003,46,28,64,280,49,33,44,162,47*6B
$GAGSV,2,1,08,04,41,258,46,06,17,248,32,10,48,312,48,11,21,321,38*69
$GAGSV,2,2,08,12,71,285,45,19,66,003,46,28,64,280,49,33,44,162,47*6B
$GAGSV,2,1,08,04,41,258,46,06,17,248,33,10,48,312,48,11,21,321,38*68
$GAGSV,2,2,08,12,71,285,45,19,66,003,46,28,64,280,49,33,44,162,47*6B
$GAGSV,2,1,08,04,41,258,46,06,17,248,32,10,48,312,48,11,21,321,38*69
$GAGSV,2,2,08,12,71,285,45,19,66,003,46,28,64,280,49,33,44,162,47*6B
$GAGSV,2,1,08,04,41,258,46,06,17,248,32,10,48,312,48,11,21,321,38*69
$GAGSV,2,2,08,12,71,285,45,19,66,003,46,28,64,280,49,33,44,162,47*6B
$GAGSV,2,1,08,04,41,258,45,06,17,248,32,10,48,312,48,11,21,321,38*6A
$GAGSV,2,2,08,12,71,285,45,19,66,003,46,28,64,280,49,33,44,162,47*6B
$GAGSV,2,1,08,04,41,258,45,06,17,248,32,10,48,312,48,11,21,321,38*6A
$GAGSV,2,2,08,12,71,285,45,19,66,003,46,28,64,280,49,33,44,162,47*6B
$GAGSV,2,1,08,04,41,258,45,06,17,248,33,10,48,312,48,11,21,321,38*6B
$GAGSV,2,2,08,12,71,285,45,19,66,003,46,28,64,280,49,33,44,162,47*6B
$GAGSV,2,1,08,04,41,258,45,06,17,248,33,10,48,312,48,11,21,321,38*6B
$GAGSV,2,2,08,12,71,285,45,19,66,003,46,28,64,280,49,33,44,162,47*6B
$GAGSV,2,1,08,04,41,258,45,06,17,248,34,10,48,312,48,11,21,321,38*6C
$GAGSV,2,2,08,12,71,285,46,19,66,003,46,28,64,280,49,33,44,162,47*68
$GAGSV,2,1,08,04,41,258,45,06,17,248,34,10,48,312,48,11,21,321,38*6C
$GAGSV,2,2,08,12,71,285,46,19,66,003,46,28,64,280,49,33,44,162,47*68
$GAGSV,2,1,08,04,41,258,45,06,17,248,34,10,48,312,48,11,21,321,38*6C
$GAGSV,2,2,08,12,71,285,46,19,66,003,46,28,64,280,49,33,44,162,47*68
$GAGSV,2,1,08,04,41,258,46,06,17,248,34,10,48,312,48,11,21,321,38*6F
$GAGSV,2,2,08,12,71,285,46,19,66,003,46,28,64,280,49,33,44,162,47*68
$GAGSV,2,1,08,04,41,258,46,06,17,248,34,10,48,312,48,11,21,321,38*6F
$GAGSV,2,2,08,12,71,285,46,19,66,003,46,28,64,280,49,33,44,162,47*68
$GAGSV,2,1,08,04,41,258,46,06,17,248,34,10,48,312,48,11,21,321,38*6F
$GAGSV,2,2,08,12,71,285,46,19,66,003,46,28,64,280,48,33,44,162,47*69
$GAGSV,2,1,08,04,41,258,46,06,17,248,33,10,48,312,48,11,21,321,38*68
$GAGSV,2,2,08,12,71,285,46,19,66,003,46,28,64,280,48,33,44,162,47*69
$GAGSV,2,1,08,04,41,258,46,06,17,248,33,10,48,312,48,11,21,321,38*68
$GAGSV,2,2,08,12,71,285,46,19,66,003,46,28,64,280,48,33,44,162,47*69
$GAGSV,2,1,08,04,41,258,46,06,17,248,33,10,48,312,48,11,21,321,38*68
$GAGSV,2,2,08,12,71,285,46,19,66,003,46,28,64,280,48,33,44,162,47*69
$GAGSV,2,1,08,04,41,258,46,06,17,248,33,10,48,312,48,11,21,321,38*68
$GAGSV,2,2,08,12,71,285,46,19,66,003,46,28,64,280,48,33,44,162,47*69
$GAGSV,2,1,08,04,41,258,46,06,17,248,33,10,48,312,49,11,21,321,38*69
$GAGSV,2,2,08,12,71,285,46,19,66,003,46,28,64,280,48,33,44,162,47*69
$GAGSV,2,1,08,04,41,258,46,06,17,248,33,10,48,312,49,11,21,321,38*69
$GAGSV,2,2,08,12,71,285,46,19,66,003,46,28,64,280,48,33,44,162,47*69
$GAGSV,2,1,08,04,41,258,46,06,17,248,33,10,48,312,48,11,21,321,38*68
$GAGSV,2,2,08,12,71,285,46,19,66,003,46,28,64,280,48,33,44,162,47*69
$GAGSV,2,1,08,04,41,258,46,06,17,248,34,10,48,312,48,11,21,321,38*6F
$GAGSV,2,2,08,12,71,285,46,19,66,003,46,28,64,280,48,33,44,162,47*69
$GAGSV,2,1,08,04,41,258,46,06,17,248,34,10,48,312,48,11,21,321,38*6F
$GAGSV,2,2,08,12,71,285,46,19,66,003,46,28,64,280,48,33,44,162,47*69
$GAGSV,2,1,08,04,41,258,46,06,17,248,34,10,48,312,48,11,21,321,38*6F
$GAGSV,2,2,08,12,71,285,46,19,66,003,46,28,64,280,48,33,44,162,47*69
$GAGSV,2,1,08,04,41,258,46,06,17,248,35,10,48,312,48,11,21,321,38*6E
$GAGSV,2,2,08,12,71,285,46,19,66,003,46,28,64,280,48,33,44,162,46*68
$GAGSV,2,1,08,04,41,258,46,06,17,248,35,10,48,312,48,11,21,321,38*6E
$GAGSV,2,2,08,12,71,285,46,19,66,003,46,28,64,280,48,33,44,162,46*68
$GAGSV,2,1,08,04,41,258,46,06,17,248,35,10,48,312,48,11,21,321,38*6E
$GAGSV,2,2,08,12,71,285,46,19,66,003,46,28,64,280,48,33,44,162,46*68
$GAGSV,2,1,08,04,41,258,46,06,17,248,34,10,48,312,48,11,21,321,38*6F
$GAGSV,2,2,08,12,71,285,46,19,66,003,46,28,64,280,48,33,44,162,46*68
$GAGSV,2,1,08,04,41,258,46,06,17,248,34,10,48,312,48,11,21,321,38*6F
$GAGSV,2,2,08,12,71,285,46,19,66,003,46,28,64,280,48,33,44,162,46*68
$GAGSV,2,1,08,04,41,258,46,06,17,248,34,10,48,312,48,11,21,321,38*6F
$GAGSV,2,2,08,12,71,285,46,19,66,003,46,28,64,280,48,33,44,162,46*68
$GAGSV,2,1,08,04,41,258,46,06,17,248,35,10,48,312,48,11,21,321,38*6E
$GAGSV,2,2,08,12,71,285,46,19,66,003,46,28,64,280,48,33,44,162,46*68
$GAGSV,2,1,08,04,41,258,46,06,17,248,35,10,48,312,48,11,21,321,38*6E
$GAGSV,2,2,08,12,71,285,46,19,66,003,46,28,64,280,48,33,44,162,46*68
$GAGSV,2,1,08,04,41,258,46,06,17,248,35,10,48,312,48,11,21,321,38*6E
$GAGSV,2,2,08,12,71,285,46,19,66,003,46,28,64,280,48,33,44,162,46*68
$GAGSV,2,1,08,04,41,258,46,06,17,248,35,10,48,312,48,11,21,321,38*6E
$GAGSV,2,2,08,12,71,285,46,19,66,003,46,28,64,280,48,33,44,162,46*68
$GAGSV,2,1,08,04,41,258,46,06,17,248,35,10,48,312,48,11,21,321,38*6E
$GAGSV,2,2,08,12,71,285,46,19,66,003,46,28,64,280,48,33,44,162,46*68
$GAGSV,2,1,08,04,41,258,46,06,17,248,35,10,48,312,48,11,21,321,38*6E
$GAGSV,2,2,08,12,71,285,46,19,66,003,46,28,64,280,48,33,44,162,46*68
$GAGSV,2,1,08,04,41,258,46,06,17,248,35,10,48,312,48,11,21,321,38*6E
$GAGSV,2,2,08,12,71,285,46,19,66,003,46,28,64,280,48,33,44,162,46*68
$GAGSV,2,1,08,04,41,258,46,06,17,248,36,10,48,312,48,11,21,321,38*6D
$GAGSV,2,2,08,12,71,285,46,19,66,003,46,28,64,280,48,33,44,162,46*68
$GAGSV,2,1,08,04,41,258,46,06,17,248,36,10,48,312,48,11,21,321,38*6D
$GAGSV,2,2,08,12,71,285,46,19,66,003,46,28,64,280,48,33,44,162,46*68
$GAGSV,2,1,08,04,41,258,46,06,17,248,36,10,48,312,48,11,21,321,38*6D
$GAGSV,2,2,08,12,71,285,46,19,66,003,46,28,64,280,48,33,44,162,46*68
$GAGSV,2,1,08,04,41,258,46,06,17,248,35,10,48,312,48,11,21,321,38*6E
$GAGSV,2,2,08,12,71,285,45,19,66,003,46,28,64,280,48,33,44,162,46*6B
$GAGSV,2,1,08,04,41,258,46,06,17,248,33,10,48,312,48,11,21,321,38*68
$GAGSV,2,2,08,12,71,285,45,19,66,003,46,28,64,280,48,33,44,162,46*6B
$GAGSV,2,1,08,04,41,258,46,06,17,248,33,10,48,312,48,11,21,321,38*68
$GAGSV,2,2,08,12,71,285,46,19,66,003,46,28,64,280,48,33,44,162,46*68
$GAGSV,2,1,08,04,41,258,46,06,17,248,33,10,48,312,48,11,21,321,38*68
$GAGSV,2,2,08,12,71,285,46,19,66,003,46,28,64,280,48,33,44,162,46*68
$GAGSV,2,1,08,04,41,258,46,06,17,248,33,10,48,312,48,11,21,321,38*68
$GAGSV,2,2,08,12,71,285,45,19,66,003,46,28,64,280,48,33,44,162,46*6B
$GAGSV,2,1,08,04,41,258,46,06,17,248,33,10,48,312,48,11,21,321,37*67
$GAGSV,2,2,08,12,71,285,45,19,66,003,46,28,64,280,49,33,44,162,46*6A
$GAGSV,2,1,08,04,41,258,46,06,17,248,33,10,48,312,48,11,21,321,37*67
$GAGSV,2,2,08,12,71,285,45,19,66,003,46,28,64,280,49,33,44,162,46*6A
$GAGSV,2,1,08,04,41,258,46,06,17,248,33,10,48,312,49,11,21,321,37*66
$GAGSV,2,2,08,12,71,285,45,19,66,003,46,28,64,280,49,33,44,162,46*6A
$GAGSV,2,1,08,04,41,258,46,06,17,248,33,10,48,312,49,11,21,321,37*66
$GAGSV,2,2,08,12,71,285,45,19,66,003,46,28,64,280,48,33,44,162,46*6B
$GAGSV,2,1,08,04,41,258,46,06,17,248,32,10,48,312,49,11,21,321,37*67
$GAGSV,2,2,08,12,71,285,45,19,66,003,46,28,64,280,48,33,44,162,46*6B
$GAGSV,2,1,08,04,41,258,46,06,17,248,31,10,48,312,49,11,21,321,37*64
$GAGSV,2,2,08,12,71,285,45,19,66,003,46,28,64,280,48,33,44,162,46*6B
$GAGSV,2,1,08,04,41,258,46,06,17,248,31,10,48,312,49,11,21,321,37*64
$GAGSV,2,2,08,12,71,285,45,19,66,003,46,28,64,280,48,33,44,162,46*6B
$GAGSV,2,1,08,04,41,258,46,06,17,248,31,10,48,312,49,11,21,321,37*64
$GAGSV,2,2,08,12,71,285,45,19,66,003,46,28,64,280,49,33,44,162,46*6A
$GAGSV,2,1,08,04,41,258,46,06,17,248,30,10,48,312,49,11,21,321,37*65
$GAGSV,2,2,08,12,71,285,46,19,66,003,46,28,64,280,49,33,44,162,46*69
$GAGSV,2,1,08,04,41,258,46,06,17,248,29,10,48,312,49,11,21,321,37*6D
$GAGSV,2,2,08,12,71,285,46,19,66,003,46,28,64,280,49,33,44,162,46*69
$GAGSV,2,1,08,04,41,258,46,06,17,248,27,10,48,312,48,11,21,321,38*6D
$GAGSV,2,2,08,12,71,285,46,19,66,003,46,28,64,280,49,33,44,162,46*69
$GAGSV,2,1,08,04,41,258,46,06,17,248,27,10,48,312,48,11,21,321,38*6D
$GAGSV,2,2,08,12,71,285,46,19,66,003,46,28,64,280,49,33,44,162,46*69
$GAGSV,2,1,08,04,41,258,46,06,17,248,28,10,48,312,48,11,21,321,38*62
$GAGSV,2,2,08,12,71,285,46,19,66,003,46,28,64,280,49,33,44,162,46*69
$GAGSV,2,1,08,04,41,258,46,06,17,248,28,10,48,312,48,11,21,321,38*62
$GAGSV,2,2,08,12,71,285,46,19,66,003,46,28,64,280,49,33,44,162,46*69
$GAGSV,2,1,08,04,41,258,46,06,17,248,30,10,48,312,48,11,21,321,38*6B
$GAGSV,2,2,08,12,71,285,46,19,66,003,46,28,64,280,49,33,44,162,46*69
$GAGSV,2,1,08,04,41,258,46,06,17,248,31,10,48,312,48,11,21,321,38*6A
$GAGSV,2,2,08,12,71,285,45,19,66,003,46,28,64,280,49,33,44,162,46*6A
$GAGSV,2,1,08,04,41,258,45,06,17,248,31,10,48,312,48,11,21,321,38*69
$GAGSV,2,2,08,12,71,285,46,19,66,003,46,28,64,280,49,33,44,162,46*69
$GAGSV,2,1,08,04,41,258,45,06,17,248,32,10,48,312,48,11,21,321,38*6A
$GAGSV,2,2,08,12,71,285,46,19,66,003,46,28,64,280,49,33,44,162,46*69
$GAGSV,2,1,08,04,41,258,45,06,17,248,32,10,48,312,48,11,21,321,38*6A
$GAGSV,2,2,08,12,71,285,46,19,66,003,46,28,64,280,49,33,44,162,46*69
$GAGSV,2,1,08,04,41,258,45,06,17,248,32,10,48,312,48,11,21,321,38*6A
$GAGSV,2,2,08,12,71,285,46,19,66,003,46,28,64,280,49,33,44,162,46*69
$GAGSV,2,1,08,04,41,258,45,06,17,248,32,10,48,312,48,11,21,321,38*6A
$GAGSV,2,2,08,12,71,285,46,19,66,003,46,28,64,280,49,33,44,162,46*69
$GAGSV,2,1,08,04,41,258,45,06,17,248,32,10,48,312,48,11,21,321,38*6A
$GAGSV,2,2,08,12,71,285,46,19,66,003,46,28,64,280,49,33,44,162,46*69
$GAGSV,2,1,08,04,41,258,45,06,17,248,32,10,48,312,48,11,21,321,38*6A
$GAGSV,2,2,08,12,71,285,46,19,66,003,46,28,64,280,49,33,44,162,46*69
$GAGSV,2,1,08,04,41,258,45,06,17,248,32,10,48,312,48,11,21,321,38*6A
$GAGSV,2,2,08,12,71,285,46,19,66,003,46,28,64,280,49,33,44,162,46*69
$GAGSV,2,1,08,04,41,258,45,06,17,248,32,10,48,312,49,11,21,321,38*6B
$GAGSV,2,2,08,12,71,285,46,19,66,003,46,28,64,280,49,33,44,162,46*69
$GAGSV,2,1,08,04,41,258,45,06,17,248,30,10,48,312,49,11,21,321,38*69
$GAGSV,2,2,08,12,71,285,46,19,66,003,46,28,64,280,49,33,44,162,46*69
$GAGSV,2,1,08,04,41,258,45,06,17,248,30,10,48,312,49,11,21,321,38*69
$GAGSV,2,2,08,12,71,285,46,19,66,003,46,28,64,280,49,33,44,162,46*69
$GAGSV,2,1,08,04,41,258,45,06,17,248,29,10,48,312,49,11,21,321,38*61
$GAGSV,2,2,08,12,71,285,46,19,66,003,46,28,64,280,49,33,44,162,46*69
$GAGSV,2,1,08,04,41,258,45,06,17,248,28,10,48,312,49,11,21,321,38*60
$GAGSV,2,2,08,12,71,285,46,19,66,003,46,28,64,280,49,33,44,162,46*69
$GAGSV,2,1,08,04,41,258,45,06,17,248,29,10,48,312,49,11,21,321,39*60
$GAGSV,2,2,08,12,71,285,46,19,66,003,46,28,64,280,49,33,44,162,46*69
$GAGSV,2,1,08,04,41,258,45,06,17,248,28,10,48,312,49,11,21,321,38*60
$GAGSV,2,2,08,12,71,285,46,19,66,003,45,28,64,280,49,33,44,162,46*6A
$GAGSV,2,1,08,04,41,258,45,06,18,248,27,10,48,312,49,11,21,321,38*60
$GAGSV,2,2,08,12,71,285,46,19,66,003,45,28,64,280,49,33,44,162,46*6A
$GAGSV,2,1,08,04,41,258,45,06,18,248,26,10,48,312,49,11,21,321,38*61
$GAGSV,2,2,08,12,71,285,46,19,66,003,45,28,64,280,49,33,44,162,46*6A
$GAGSV,2,1,08,04,41,258,45,06,18,248,27,10,48,312,49,11,21,321,38*60
$GAGSV,2,2,08,12,71,285,46,19,66,003,46,28,64,280,49,33,44,162,46*69
$GAGSV,2,1,08,04,41,258,45,06,18,248,28,10,48,312,49,11,21,321,38*6F
$GAGSV,2,2,08,12,71,285,46,19,66,003,46,28,64,280,49,33,44,162,46*69
$GAGSV,2,1,08,04,41,258,45,06,18,248,29,10,48,312,49,11,21,321,38*6E
$GAGSV,2,2,08,12,71,285,46,19,66,003,46,28,64,280,49,33,44,162,46*69
$GAGSV,2,1,08,04,41,258,45,06,18,248,30,10,48,312,49,11,21,321,38*66
$GAGSV,2,2,08,12,71,285,46,19,66,003,46,28,64,281,49,33,44,162,46*68
$GAGSV,2,1,08,04,41,258,45,06,18,248,31,10,48,312,49,11,21,321,38*67
$GAGSV,2,2,08,12,71,285,46,19,66,003,46,28,64,281,49,33,44,162,46*68
$GAGSV,2,1,08,04,41,258,45,06,18,248,30,10,48,312,49,11,21,321,38*66
$GAGSV,2,2,08,12,71,285,46,19,66,003,45,28,64,281,49,33,44,162,46*6B
$GAGSV,2,1,08,04,41,258,45,06,18,248,28,10,48,312,49,11,21,321,38*6F
$GAGSV,2,2,08,12,71,285,46,19,66,003,45,28,64,281,49,33,44,162,46*6B
$GAGSV,2,1,08,04,41,258,45,06,18,248,27,10,48,312,49,11,21,321,38*60
$GAGSV,2,2,08,12,71,285,46,19,66,003,45,28,64,281,49,33,44,162,46*6B
$GAGSV,2,1,08,04,41,258,45,06,18,248,40,10,48,312,49,11,21,321,38*61
$GAGSV,2,2,08,12,71,285,46,19,66,003,45,28,64,281,49,33,44,162,46*6B
$GAGSV,2,1,08,04,41,258,45,06,18,248,40,10,48,312,49,11,21,321,38*61
$GAGSV,2,2,08,12,71,285,46,19,66,003,45,28,64,281,49,33,44,162,46*6B
$GAGSV,2,1,08,04,41,258,45,06,18,248,40,10,48,312,49,11,21,321,39*60
$GAGSV,2,2,08,12,71,285,46,19,66,003,46,28,64,281,49,33,44,162,46*68
$GAGSV,2,1,08,04,41,258,45,06,18,248,40,10,48,312,49,11,21,321,39*60
$GAGSV,2,2,08,12,71,285,46,19,66,003,46,28,64,281,49,33,44,162,46*68
$GAGSV,2,1,08,04,41,258,45,06,18,248,40,10,48,312,49,11,21,321,39*60
$GAGSV,2,2,08,12,71,285,46,19,66,003,46,28,64,281,49,33,44,162,46*68
$GAGSV,2,1,08,04,41,258,45,06,18,248,40,10,48,312,49,11,21,321,39*60
$GAGSV,2,2,08,12,71,285,46,19,66,003,46,28,64,281,49,33,44,162,46*68
$GAGSV,2,1,08,04,41,258,45,06,18,248,40,10,48,312,49,11,21,321,38*61
$GAGSV,2,2,08,12,71,285,46,19,66,003,46,28,64,281,49,33,44,162,46*68
$GAGSV,2,1,08,04,41,258,45,06,18,248,40,10,48,312,49,11,21,321,38*61
$GAGSV,2,2,08,12,71,285,46,19,66,003,46,28,64,281,49,33,44,162,46*68
$GAGSV,2,1,08,04,41,258,45,06,18,248,40,10,48,312,49,11,21,321,38*61
$GAGSV,2,2,08,12,71,285,46,19,66,003,46,28,64,281,49,33,44,162,46*68
$GAGSV,2,1,08,04,41,258,45,06,18,248,39,10,48,312,49,11,21,321,38*6F
$GAGSV,2,2,08,12,71,285,46,19,66,003,45,28,64,281,49,33,44,162,46*6B
$GAGSV,2,1,08,04,41,258,45,06,18,248,39,10,48,312,49,11,21,321,38*6F
$GAGSV,2,2,08,12,71,285,46,19,66,003,45,28,64,281,49,33,44,162,46*6B
$GAGSV,2,1,08,04,41,258,45,06,18,248,39,10,48,312,49,11,21,321,38*6F
$GAGSV,2,2,08,12,71,285,46,19,66,003,45,28,64,281,49,33,44,162,46*6B
$GAGSV,2,1,08,04,41,258,45,06,18,248,39,10,48,312,49,11,21,321,38*6F
$GAGSV,2,2,08,12,71,285,46,19,66,003,45,28,64,281,49,33,44,162,46*6B
$GAGSV,2,1,08,04,41,258,45,06,18,248,39,10,48,312,49,11,21,321,38*6F
$GAGSV,2,2,08,12,71,285,46,19,66,003,45,28,64,281,49,33,44,162,47*6A
$GAGSV,2,1,08,04,41,258,45,06,18,248,39,10,48,312,49,11,21,321,38*6F
$GAGSV,2,2,08,12,71,285,46,19,66,003,45,28,64,281,49,33,44,162,47*6A
$GAGSV,2,1,08,04,41,258,45,06,18,248,39,10,48,312,49,11,21,321,38*6F
$GAGSV,2,2,08,12,71,285,46,19,66,003,45,28,64,281,49,33,44,162,47*6A
$GAGSV,2,1,08,04,41,258,45,06,18,248,39,10,48,312,49,11,21,321,38*6F
$GAGSV,2,2,08,12,71,285,46,19,66,003,45,28,64,281,49,33,44,162,47*6A
$GAGSV,2,1,08,04,41,258,45,06,18,248,39,10,48,312,49,11,21,321,38*6F
$GAGSV,2,2,08,12,71,285,46,19,66,003,45,28,64,281,49,33,44,162,47*6A
$GAGSV,2,1,08,04,41,258,46,06,18,248,39,10,48,312,49,11,21,321,38*6C
$GAGSV,2,2,08,12,71,285,46,19,66,003,45,28,64,281,49,33,44,162,47*6A
$GAGSV,2,1,08,04,41,258,46,06,18,248,39,10,48,312,49,11,21,321,38*6C
$GAGSV,2,2,08,12,71,285,46,19,66,003,45,28,64,281,48,33,44,162,47*6B
$GAGSV,2,1,08,04,41,258,46,06,18,248,39,10,48,312,49,11,21,321,38*6C
$GAGSV,2,2,08,12,71,285,46,19,66,003,45,28,64,281,48,33,44,162,47*6B
$GAGSV,2,1,08,04,41,258,46,06,18,248,39,10,48,312,49,11,21,321,38*6C
$GAGSV,2,2,08,12,71,285,45,19,66,003,45,28,64,281,48,33,44,162,47*68
$GAGSV,2,1,08,04,41,258,46,06,18,248,39,10,48,312,49,11,21,321,38*6C
$GAGSV,2,2,08,12,71,285,45,19,66,003,45,28,64,281,48,33,44,162,47*68
$GAGSV,2,1,08,04,41,258,46,06,18,248,39,10,48,312,49,11,21,321,38*6C
$GAGSV,2,2,08,12,71,285,45,19,66,003,46,28,64,281,48,33,44,162,47*6B
$GAGSV,2,1,08,04,41,258,46,06,18,248,39,10,48,312,49,11,21,321,38*6C
$GAGSV,2,2,08,12,71,285,45,19,66,003,46,28,64,281,48,33,44,162,47*6B
$GAGSV,2,1,08,04,41,258,46,06,18,248,39,10,48,312,49,11,21,321,38*6C
$GAGSV,2,2,08,12,71,285,45,19,66,003,46,28,64,281,48,33,44,162,47*6B
$GAGSV,2,1,08,04,41,258,46,06,18,248,39,10,48,312,49,11,21,321,38*6C
$GAGSV,2,2,08,12,71,285,45,19,66,003,46,28,64,281,49,33,44,162,47*6A
$GAGSV,2,1,08,04,41,258,46,06,18,248,39,10,48,312,49,11,21,321,38*6C
$GAGSV,2,2,08,12,71,285,45,19,66,003,46,28,64,281,49,33,44,162,47*6A
$GAGSV,2,1,08,04,41,258,46,06,18,248,39,10,48,312,49,11,21,321,38*6C
$GAGSV,2,2,08,12,71,285,45,19,66,003,46,28,64,281,49,33,44,162,47*6A
$GAGSV,2,1,08,04,41,258,46,06,18,248,39,10,48,312,49,11,21,321,38*6C
$GAGSV,2,2,08,12,71,285,45,19,66,003,46,28,64,281,49,33,44,162,47*6A
$GAGSV,2,1,08,04,41,258,46,06,18,248,39,10,48,312,49,11,21,321,38*6C
$GAGSV,2,2,08,12,71,285,45,19,66,003,46,28,64,281,49,33,44,162,47*6A
$GAGSV,2,1,08,04,41,258,46,06,18,248,39,10,48,312,49,11,21,321,38*6C
$GAGSV,2,2,08,12,71,285,45,19,66,003,46,28,64,281,49,33,44,162,47*6A
$GAGSV,2,1,08,04,41,258,46,06,18,248,39,10,48,312,49,11,21,321,38*6C
$GAGSV,2,2,08,12,71,285,45,19,66,003,46,28,64,281,49,33,44,162,47*6A
$GAGSV,2,1,08,04,41,258,46,06,18,248,39,10,48,312,48,11,21,321,38*6D
$GAGSV,2,2,08,12,71,285,45,19,66,003,46,28,64,281,49,33,44,162,47*6A
$GAGSV,2,1,08,04,41,258,46,06,18,248,39,10,48,312,48,11,21,321,38*6D
$GAGSV,2,2,08,12,71,285,45,19,66,003,46,28,64,281,49,33,44,162,47*6A
$GAGSV,2,1,08,04,41,258,46,06,18,248,39,10,48,312,48,11,21,321,38*6D
$GAGSV,2,2,08,12,71,285,45,19,66,003,46,28,64,281,49,33,44,162,47*6A
$GAGSV,2,1,08,04,41,258,46,06,18,248,40,10,48,312,48,11,21,321,38*63
$GAGSV,2,2,08,12,71,285,45,19,66,003,46,28,64,281,49,33,44,162,47*6A
$GAGSV,2,1,08,04,41,258,46,06,18,248,40,10,48,312,48,11,21,321,38*63
$GAGSV,2,2,08,12,71,285,45,19,66,003,46,28,64,281,49,33,44,162,47*6A
$GAGSV,2,1,08,04,41,258,46,06,18,248,40,10,48,312,48,11,21,321,38*63
$GAGSV,2,2,08,12,71,285,45,19,66,003,46,28,64,281,49,33,44,162,47*6A
$GAGSV,2,1,08,04,41,258,46,06,18,248,40,10,48,312,48,11,21,321,38*63
$GAGSV,2,2,08,12,71,285,45,19,66,003,46,28,64,281,48,33,44,162,46*6A
$GAGSV,2,1,08,04,41,258,46,06,18,248,40,10,48,312,48,11,21,321,37*6C
$GAGSV,2,2,08,12,71,285,45,19,66,003,46,28,64,281,48,33,44,162,46*6A
$GAGSV,2,1,08,04,41,258,46,06,18,248,40,10,48,312,48,11,21,321,37*6C
$GAGSV,2,2,08,12,71,285,45,19,66,003,45,28,64,281,48,33,44,162,46*69
$GAGSV,2,1,08,04,41,258,46,06,18,248,40,10,48,312,48,11,21,321,37*6C
$GAGSV,2,2,08,12,71,285,45,19,66,003,45,28,64,281,48,33,44,162,46*69
$GAGSV,2,1,08,04,41,258,46,06,18,248,40,10,48,312,48,11,21,321,37*6C
$GAGSV,2,2,08,12,71,285,45,19,66,003,46,28,64,281,48,33,44,162,46*6A
$GAGSV,2,1,08,04,41,258,46,06,18,248,40,10,48,312,48,11,21,321,37*6C
$GAGSV,2,2,08,12,71,285,45,19,66,003,46,28,64,281,48,33,44,162,46*6A
$GAGSV,2,1,08,04,41,258,46,06,18,248,40,10,48,312,48,11,21,321,37*6C
$GAGSV,2,2,08,12,71,285,45,19,66,003,46,28,64,281,48,33,44,162,46*6A
$GAGSV,2,1,08,04,41,258,46,06,18,248,40,10,48,312,48,11,21,321,37*6C
$GAGSV,2,2,08,12,71,285,45,19,66,003,46,28,64,281,48,33,44,162,46*6A
$GAGSV,2,1,08,04,41,258,46,06,18,248,40,10,48,312,48,11,21,321,37*6C
$GAGSV,2,2,08,12,71,285,45,19,66,003,46,28,64,281,48,33,44,162,46*6A
$GAGSV,2,1,08,04,41,258,46,06,18,248,40,10,48,312,48,11,21,321,38*63
$GAGSV,2,2,08,12,71,285,45,19,66,003,46,28,64,281,48,33,44,162,46*6A
$GAGSV,2,1,08,04,41,258,46,06,18,248,40,10,48,312,48,11,21,321,38*63
$GAGSV,2,2,08,12,71,285,45,19,66,003,46,28,64,281,48,33,44,162,46*6A
$GAGSV,2,1,08,04,41,258,46,06,18,248,40,10,48,312,48,11,21,321,38*63
$GAGSV,2,2,08,12,71,285,45,19,66,003,46,28,64,281,48,33,44,162,46*6A
$GAGSV,2,1,08,04,41,258,46,06,18,248,40,10,48,312,48,11,21,321,38*63
$GAGSV,2,2,08,12,71,285,45,19,66,003,46,28,64,281,49,33,44,162,46*6B
$GAGSV,2,1,08,04,41,258,46,06,18,248,40,10,48,312,48,11,21,321,38*63
$GAGSV,2,2,08,12,71,285,45,19,66,003,46,28,64,281,49,33,44,162,46*6B
$GAGSV,2,1,08,04,41,258,46,06,18,248,40,10,48,312,48,11,21,321,38*63
$GAGSV,2,2,08,12,71,285,45,19,66,003,46,28,64,281,48,33,44,162,46*6A
$GAGSV,2,1,08,04,41,258,46,06,18,248,40,10,48,312,48,11,21,321,38*63
$GAGSV,2,2,08,12,71,285,45,19,66,003,46,28,64,281,48,33,44,162,46*6A
$GAGSV,2,1,08,04,41,258,46,06,18,248,40,10,48,312,49,11,21,321,38*62
$GAGSV,2,2,08,12,71,285,45,19,66,003,46,28,64,281,48,33,44,162,46*6A
$GAGSV,2,1,08,04,41,258,46,06,18,248,40,10,48,312,49,11,21,321,38*62
$GAGSV,2,2,08,12,71,285,45,19,66,003,46,28,64,281,48,33,44,162,46*6A
$GAGSV,2,1,08,04,41,258,46,06,18,248,40,10,48,312,49,11,21,321,38*62
$GAGSV,2,2,08,12,71,285,45,19,66,003,46,28,64,281,49,33,44,162,46*6B
$GAGSV,2,1,08,04,41,258,46,06,18,248,40,10,48,312,49,11,21,321,38*62
$GAGSV,2,2,08,12,71,285,45,19,66,003,46,28,64,281,49,33,44,162,46*6B
$GAGSV,2,1,08,04,41,258,46,06,18,248,40,10,48,312,49,11,21,321,38*62
$GAGSV,2,2,08,12,71,285,45,19,66,003,46,28,64,281,49,33,44,162,46*6B
$GAGSV,2,1,08,04,41,258,46,06,18,248,40,10,48,312,49,11,21,321,38*62
$GAGSV,2,2,08,12,71,285,45,19,66,003,46,28,64,281,49,33,44,162,46*6B
$GAGSV,2,1,08,04,41,258,46,06,18,248,40,10,48,312,49,11,21,321,38*62
$GAGSV,2,2,08,12,71,285,45,19,66,003,46,28,64,281,49,33,44,162,46*6B
$GAGSV,2,1,08,04,41,258,45,06,18,248,40,10,48,312,49,11,21,321,38*61
$GAGSV,2,2,08,12,71,285,45,19,66,003,46,28,64,281,49,33,44,162,47*6A
$GAGSV,2,1,08,04,41,258,45,06,18,248,40,10,48,312,49,11,21,321,38*61
$GAGSV,2,2,08,12,71,285,45,19,66,003,46,28,64,281,49,33,44,162,47*6A
$GAGSV,2,1,08,04,41,258,45,06,18,248,40,10,48,312,49,11,21,321,38*61
$GAGSV,2,2,08,12,71,285,45,19,66,003,46,28,64,281,49,33,44,162,47*6A
$GAGSV,2,1,08,04,41,258,45,06,18,248,40,10,48,312,49,11,21,321,38*61
$GAGSV,2,2,08,12,71,285,45,19,66,003,46,28,64,281,49,33,44,162,47*6A
$GAGSV,2,1,08,04,41,258,45,06,18,248,40,10,48,312,49,11,21,321,37*6E
$GAGSV,2,2,08,12,71,285,45,19,66,003,46,28,64,281,49,33,44,162,47*6A
$GAGSV,2,1,08,04,41,258,45,06,18,248,40,10,48,312,49,11,21,321,37*6E
$GAGSV,2,2,08,12,71,285,45,19,66,003,46,28,64,281,49,33,44,162,47*6A
$GAGSV,2,1,08,04,41,258,45,06,18,248,40,10,48,312,49,11,21,321,37*6E
$GAGSV,2,2,08,12,71,285,45,19,66,003,46,28,64,281,49,33,44,162,47*6A
$GAGSV,2,1,08,04,41,258,45,06,18,248,40,10,48,312,49,11,21,321,37*6E
$GAGSV,2,2,08,12,71,285,45,19,66,003,46,28,64,281,49,33,44,162,46*6B
$GAGSV,2,1,08,04,41,258,46,06,18,248,40,10,48,312,49,11,21,321,37*6D
$GAGSV,2,2,08,12,71,285,45,19,66,003,46,28,64,281,49,33,44,162,46*6B
$GAGSV,2,1,08,04,41,258,46,06,18,248,40,10,48,312,49,11,21,321,38*62
$GAGSV,2,2,08,12,71,285,45,19,66,003,46,28,64,281,49,33,44,162,46*6B
$GAGSV,2,1,08,04,41,258,46,06,18,248,40,10,48,312,49,11,21,321,38*62
$GAGSV,2,2,08,12,71,285,45,19,66,003,46,28,64,281,49,33,44,162,46*6B
$GAGSV,2,1,08,04,41,258,46,06,18,248,40,10,48,312,49,11,21,321,38*62
$GAGSV,2,2,08,12,71,285,45,19,66,003,46,28,64,281,49,33,44,162,46*6B
$GAGSV,2,1,08,04,41,258,46,06,18,248,40,10,48,312,49,11,21,321,38*62
$GAGSV,2,2,08,12,71,285,45,19,66,003,46,28,64,281,49,33,44,162,46*6B
$GAGSV,2,1,08,04,41,258,46,06,18,248,40,10,48,312,49,11,21,321,37*6D
$GAGSV,2,2,08,12,71,285,46,19,66,003,46,28,64,281,49,33,44,162,46*68
$GAGSV,2,1,08,04,41,258,46,06,18,248,40,10,48,312,49,11,21,321,37*6D
$GAGSV,2,2,08,12,71,285,46,19,66,003,46,28,64,281,49,33,44,162,46*68
$GAGSV,2,1,08,04,41,258,46,06,18,248,40,10,48,312,49,11,21,321,37*6D
$GAGSV,2,2,08,12,71,285,46,19,66,003,46,28,64,281,49,33,44,162,46*68
$GAGSV,2,1,08,04,41,258,46,06,18,248,32,10,48,312,49,11,21,321,37*68
$GAGSV,2,2,08,12,71,285,46,19,66,003,46,28,64,281,49,33,44,162,47*69
$GAGSV,2,1,08,04,41,258,45,06,18,248,33,10,48,312,49,11,21,321,37*6A
$GAGSV,2,2,08,12,71,285,46,19,66,003,46,28,64,281,49,33,44,162,47*69
$GAGSV,2,1,08,04,41,258,45,06,18,248,33,10,48,312,49,11,21,321,37*6A
$GAGSV,2,2,08,12,71,285,46,19,66,003,46,28,64,281,49,33,44,162,47*69
$GAGSV,2,1,08,04,41,258,45,06,18,248,33,10,48,312,49,11,21,321,37*6A
$GAGSV,2,2,08,12,71,285,46,19,66,003,46,28,64,281,49,33,44,162,47*69
$GAGSV,2,1,08,04,41,258,45,06,18,248,31,10,48,312,49,11,21,321,37*68
$GAGSV,2,2,08,12,71,285,46,19,66,003,46,28,64,281,49,33,44,162,47*69
$GAGSV,2,1,08,04,41,258,45,06,18,248,32,10,48,312,49,11,21,321,37*6B
$GAGSV,2,2,08,12,71,285,46,19,66,003,46,28,64,281,49,33,44,162,47*69
$GAGSV,2,1,08,04,41,258,45,06,18,248,32,10,48,312,49,11,21,321,37*6B
$GAGSV,2,2,08,12,71,285,46,19,66,003,46,28,64,281,49,33,44,162,46*68
$GAGSV,2,1,08,04,41,258,45,06,18,248,31,10,48,312,49,11,21,321,37*68
$GAGSV,2,2,08,12,71,284,46,19,66,003,46,28,64,281,49,33,44,162,46*69
$GAGSV,2,1,08,04,41,258,45,06,18,248,31,10,48,312,49,11,21,321,37*68
$GAGSV,2,2,08,12,71,284,46,19,66,003,46,28,64,281,49,33,44,162,47*68
$GAGSV,2,1,08,04,41,258,45,06,18,248,30,10,48,312,49,11,21,321,37*69
$GAGSV,2,2,08,12,71,284,46,19,66,003,46,28,64,281,49,33,44,162,47*68
$GAGSV,2,1,08,04,41,258,45,06,18,248,30,10,48,312,49,11,21,321,37*69
$GAGSV,2,2,08,12,71,284,46,19,66,003,46,28,64,281,49,33,44,162,47*68
$GAGSV,2,1,08,04,41,258,45,06,18,248,32,10,48,312,49,11,21,321,37*6B
$GAGSV,2,2,08,12,71,284,46,19,66,003,46,28,64,281,49,33,44,162,47*68
$GAGSV,2,1,08,04,41,258,45,06,18,248,33,10,48,312,49,11,21,321,37*6A
$GAGSV,2,2,08,12,71,284,46,19,66,003,46,28,64,281,49,33,44,162,47*68
$GAGSV,2,1,08,04,41,258,45,06,18,248,33,10,48,312,49,11,21,321,37*6A
$GAGSV,2,2,08,12,71,284,46,19,66,003,46,28,64,281,49,33,44,162,47*68
$GAGSV,2,1,08,04,41,258,45,06,18,248,33,10,48,312,49,11,21,321,37*6A
$GAGSV,2,2,08,12,71,284,46,19,66,003,46,28,64,281,49,33,44,162,47*68
$GAGSV,2,1,08,04,41,258,45,06,18,248,33,10,48,312,49,11,21,321,37*6A
$GAGSV,2,2,08,12,71,284,46,19,66,003,46,28,64,281,49,33,44,162,47*68
$GAGSV,2,1,08,04,41,258,45,06,18,248,33,10,48,312,49,11,21,321,37*6A
$GAGSV,2,2,08,12,71,284,46,19,66,003,46,28,64,281,49,33,44,162,47*68
$GAGSV,2,1,08,04,41,259,45,06,18,248,34,10,48,312,49,11,21,321,37*6C
$GAGSV,2,2,08,12,71,284,46,19,66,003,46,28,64,281,49,33,44,162,47*68
$GAGSV,2,1,08,04,41,259,45,06,18,248,34,10,48,312,49,11,21,321,37*6C
$GAGSV,2,2,08,12,71,284,46,19,66,003,46,28,64,281,49,33,44,162,47*68
$GAGSV,2,1,08,04,41,259,45,06,18,248,34,10,48,312,49,11,21,321,37*6C
$GAGSV,2,2,08,12,71,284,46,19,66,003,46,28,64,281,49,33,44,162,47*68
$GAGSV,2,1,08,04,41,259,45,06,18,248,34,10,48,312,49,11,21,321,37*6C
$GAGSV,2,2,08,12,71,284,46,19,66,003,46,28,64,281,49,33,44,162,47*68
$GAGSV,2,1,08,04,41,259,45,06,18,248,33,10,48,312,49,11,21,321,37*6B
$GAGSV,2,2,08,12,71,284,46,19,66,003,46,28,64,281,49,33,44,162,47*68
$GAGSV,2,1,08,04,41,259,45,06,18,248,32,10,48,312,49,11,21,321,37*6A
$GAGSV,2,2,08,12,71,284,46,19,66,003,46,28,64,281,49,33,44,162,47*68
$GAGSV,2,1,08,04,41,259,45,06,18,248,32,10,48,312,49,11,21,321,36*6B
$GAGSV,2,2,08,12,71,284,46,19,66,003,46,28,64,281,49,33,44,162,47*68
$GAGSV,2,1,08,04,41,259,45,06,18,248,32,10,48,312,49,11,21,321,36*6B
$GAGSV,2,2,08,12,71,284,45,19,66,003,46,28,64,281,49,33,44,162,47*6B
$GAGSV,2,1,08,04,41,259,45,06,18,248,31,10,48,312,49,11,21,321,36*68
$GAGSV,2,2,08,12,71,284,45,19,66,003,46,28,64,281,49,33,44,162,47*6B
$GAGSV,2,1,08,04,41,259,45,06,18,248,32,10,48,312,49,11,21,321,37*6A
$GAGSV,2,2,08,12,71,284,45,19,66,003,46,28,64,281,49,33,44,162,47*6B
$GAGSV,2,1,08,04,41,259,45,06,18,248,33,10,48,312,49,11,21,321,37*6B
$GAGSV,2,2,08,12,71,284,45,19,66,003,46,28,64,281,49,33,44,162,47*6B
$GAGSV,2,1,08,04,41,259,45,06,18,248,33,10,48,312,49,11,21,321,37*6B
$GAGSV,2,2,08,12,71,284,46,19,66,003,46,28,64,281,49,33,44,162,47*68
$GAGSV,2,1,08,04,41,259,46,06,18,248,33,10,48,312,49,11,21,321,37*68
$GAGSV,2,2,08,12,71,284,46,19,66,003,46,28,64,281,49,33,44,162,47*68
$GAGSV,2,1,08,04,41,259,46,06,18,248,33,10,48,312,49,11,21,321,37*68
$GAGSV,2,2,08,12,71,284,46,19,66,003,46,28,64,281,49,33,44,162,47*68
$GAGSV,2,1,08,04,41,259,46,06,18,248,33,10,48,312,49,11,21,321,36*69
$GAGSV,2,2,08,12,71,284,46,19,66,003,46,28,64,281,49,33,44,162,47*68
$GAGSV,2,1,08,04,41,259,45,06,18,248,34,10,48,312,49,11,21,321,36*6D
$GAGSV,2,2,08,12,71,284,45,19,66,003,46,28,64,281,49,33,44,162,47*6B
$GAGSV,2,1,08,04,41,259,45,06,18,248,34,10,48,312,49,11,21,321,36*6D
$GAGSV,2,2,08,12,71,284,46,19,66,003,46,28,64,281,49,33,44,162,47*68
$GAGSV,2,1,08,04,41,259,45,06,18,248,33,10,48,312,48,11,21,321,36*6B
$GAGSV,2,2,08,12,71,284,46,19,66,003,46,28,64,281,49,33,44,162,47*68
$GAGSV,2,1,08,04,41,259,45,06,18,248,33,10,48,312,48,11,21,321,36*6B
$GAGSV,2,2,08,12,71,284,46,19,66,003,46,28,64,281,49,33,44,162,47*68
$GAGSV,2,1,08,04,41,259,45,06,18,248,33,10,48,312,48,11,21,321,36*6B
$GAGSV,2,2,08,12,71,284,46,19,66,003,46,28,64,281,49,33,44,162,47*68
$GAGSV,2,1,08,04,41,259,46,06,18,248,34,10,48,312,48,11,21,321,36*6F
$GAGSV,2,2,08,12,71,284,46,19,66,003,46,28,64,281,49,33,44,162,47*68
$GAGSV,2,1,08,04,41,259,46,06,18,248,34,10,48,312,48,11,21,321,36*6F
$GAGSV,2,2,08,12,71,284,46,19,66,003,46,28,64,281,49,33,44,162,47*68
$GAGSV,2,1,08,04,41,259,46,06,18,248,34,10,48,312,48,11,21,321,36*6F
$GAGSV,2,2,08,12,71,284,46,19,66,003,46,28,64,281,49,33,44,162,47*68
$GAGSV,2,1,08,04,41,259,46,06,18,248,35,10,48,312,48,11,21,321,36*6E
$GAGSV,2,2,08,12,71,284,45,19,66,003,46,28,64,281,49,33,44,162,47*6B
$GAGSV,2,1,08,04,41,259,46,06,18,248,35,10,48,312,48,11,21,321,36*6E
$GAGSV,2,2,08,12,71,284,45,19,66,003,45,28,64,281,49,33,44,162,47*68
$GAGSV,2,1,08,04,41,259,46,06,18,248,36,10,48,312,48,11,21,321,37*6C
$GAGSV,2,2,08,12,71,284,45,19,66,003,45,28,64,281,49,33,44,162,47*68
$GAGSV,2,1,08,04,41,259,46,06,18,248,36,10,48,312,48,11,21,321,37*6C
$GAGSV,2,2,08,12,71,284,45,19,66,003,45,28,64,281,49,33,44,162,47*68
$GAGSV,2,1,08,04,41,259,46,06,18,248,36,10,48,312,48,11,21,321,37*6C
$GAGSV,2,2,08,12,71,284,45,19,66,003,45,28,64,281,49,33,44,162,47*68
$GAGSV,2,1,08,04,41,259,46,06,18,248,36,10,48,312,49,11,21,321,37*6D
$GAGSV,2,2,08,12,71,284,46,19,66,003,45,28,64,281,49,33,44,162,47*6B
$GAGSV,2,1,08,04,41,259,46,06,18,248,36,10,48,312,48,11,21,321,37*6C
$GAGSV,2,2,08,12,71,284,46,19,66,003,45,28,64,281,49,33,44,162,47*6B
$GAGSV,2,1,08,04,41,259,46,06,18,248,35,10,48,312,48,11,21,321,37*6F
$GAGSV,2,2,08,12,71,284,46,19,66,003,45,28,64,281,49,33,44,162,47*6B
$GAGSV,2,1,08,04,41,259,46,06,18,248,35,10,48,312,48,11,21,321,37*6F
$GAGSV,2,2,08,12,71,284,46,19,66,003,45,28,64,281,49,33,44,162,47*6B
$GAGSV,2,1,08,04,41,259,46,06,18,248,35,10,48,312,48,11,21,321,37*6F
$GAGSV,2,2,08,12,71,284,46,19,66,003,45,28,64,281,48,33,44,162,47*6A
$GAGSV,2,1,08,04,41,259,46,06,18,248,35,10,48,312,49,11,21,321,37*6E
$GAGSV,2,2,08,12,71,284,46,19,66,003,45,28,64,281,48,33,44,162,47*6A
$GAGSV,2,1,08,04,41,259,46,06,18,248,35,10,48,312,49,11,21,321,37*6E
$GAGSV,2,2,08,12,71,284,46,19,66,003,45,28,64,281,48,33,44,162,47*6A
$GAGSV,2,1,08,04,41,259,46,06,18,248,35,10,48,312,49,11,21,321,37*6E
$GAGSV,2,2,08,12,71,284,46,19,66,003,45,28,64,281,48,33,44,162,47*6A
$GAGSV,2,1,08,04,41,259,46,06,18,248,35,10,48,312,49,11,21,321,36*6F
$GAGSV,2,2,08,12,71,284,46,19,66,003,45,28,64,281,48,33,44,162,47*6A
$GAGSV,2,1,08,04,41,259,46,06,18,248,35,10,48,312,49,11,21,321,36*6F
$GAGSV,2,2,08,12,71,284,46,19,66,003,45,28,64,281,48,33,44,162,47*6A
$GAGSV,2,1,08,04,41,259,46,06,18,248,35,10,48,312,49,11,21,321,37*6E
$GAGSV,2,2,08,12,71,284,46,19,66,003,45,28,64,281,48,33,44,162,47*6A
$GAGSV,2,1,08,04,41,259,46,06,18,248,35,10,48,312,49,11,21,321,36*6F
$GAGSV,2,2,08,12,71,284,46,19,66,003,45,28,64,281,48,33,44,162,47*6A
$GAGSV,2,1,08,04,41,259,46,06,18,248,35,10,48,312,49,11,21,321,36*6F
$GAGSV,2,2,08,12,71,284,46,19,66,003,45,28,64,281,48,33,44,162,47*6A
$GAGSV,2,1,08,04,41,259,46,06,18,248,36,10,48,312,49,11,21,321,36*6C
$GAGSV,2,2,08,12,71,284,46,19,66,003,45,28,64,281,48,33,44,162,47*6A
$GAGSV,2,1,08,04,41,259,45,06,18,248,36,10,48,312,49,11,21,321,36*6F
$GAGSV,2,2,08,12,71,284,46,19,66,003,45,28,64,281,48,33,44,162,47*6A
$GAGSV,2,1,08,04,41,259,45,06,18,248,36,10,48,312,49,11,21,321,36*6F
$GAGSV,2,2,08,12,71,284,46,19,66,003,45,28,64,281,48,33,44,162,47*6A
$GAGSV,2,1,08,04,41,259,45,06,18,248,36,10,48,312,49,11,21,321,37*6E
$GAGSV,2,2,08,12,71,284,46,19,66,003,45,28,64,281,48,33,44,162,47*6A
$GAGSV,2,1,08,04,41,259,45,06,18,248,36,10,48,312,49,11,21,321,37*6E
$GAGSV,2,2,08,12,71,284,46,19,66,003,45,28,64,281,48,33,44,162,47*6A
$GAGSV,2,1,08,04,41,259,45,06,18,248,36,10,48,312,49,11,21,321,37*6E
$GAGSV,2,2,08,12,71,284,46,19,66,003,45,28,64,281,48,33,44,162,47*6A
$GAGSV,2,1,08,04,41,259,45,06,18,248,36,10,48,312,49,11,21,321,37*6E
$GAGSV,2,2,08,12,71,284,46,19,66,003,45,28,64,281,48,33,44,162,47*6A
$GAGSV,2,1,08,04,41,259,45,06,18,248,36,10,48,312,49,11,21,321,37*6E
$GAGSV,2,2,08,12,71,284,46,19,66,003,45,28,64,281,48,33,44,162,47*6A
$GAGSV,2,1,08,04,41,259,45,06,18,248,36,10,48,312,49,11,21,321,37*6E
$GAGSV,2,2,08,12,71,284,45,19,66,003,45,28,64,281,48,33,44,162,47*69
$GAGSV,2,1,08,04,41,259,45,06,18,248,36,10,48,312,49,11,21,321,37*6E
$GAGSV,2,2,08,12,71,284,45,19,66,003,45,28,64,281,48,33,44,162,47*69
$GAGSV,2,1,08,04,41,259,45,06,18,248,36,10,48,312,49,11,21,321,37*6E
$GAGSV,2,2,08,12,71,284,45,19,66,003,45,28,64,281,48,33,44,162,47*69
$GAGSV,2,1,08,04,41,259,45,06,18,248,36,10,48,312,49,11,21,321,37*6E
$GAGSV,2,2,08,12,71,284,45,19,66,003,45,28,64,281,48,33,44,162,47*69
$GAGSV,2,1,08,04,41,259,45,06,18,248,36,10,48,312,49,11,21,321,37*6E
$GAGSV,2,2,08,12,71,284,45,19,66,003,45,28,64,281,48,33,44,162,47*69
$GAGSV,2,1,08,04,41,259,45,06,18,248,35,10,48,312,49,11,21,321,38*62
$GAGSV,2,2,08,12,71,284,45,19,66,003,45,28,64,281,48,33,44,162,47*69
$GAGSV,2,1,08,04,41,259,45,06,18,248,36,10,48,312,49,11,21,321,38*61
$GAGSV,2,2,08,12,71,284,45,19,66,003,45,28,64,281,48,33,44,162,47*69
$GAGSV,2,1,08,04,41,259,45,06,18,248,36,10,48,312,49,11,21,321,38*61
$GAGSV,2,2,08,12,71,284,45,19,66,003,45,28,64,281,48,33,44,162,47*69
$GAGSV,2,1,08,04,41,259,45,06,18,248,35,10,48,312,49,11,21,321,38*62
$GAGSV,2,2,08,12,71,284,46,19,66,003,45,28,64,281,48,33,44,162,47*6A
$GAGSV,2,1,08,04,41,259,46,06,18,248,36,10,48,312,49,11,21,321,38*62
$GAGSV,2,2,08,12,71,284,46,19,66,003,45,28,64,281,49,33,44,162,47*6B
$GAGSV,2,1,08,04,41,259,46,06,18,248,36,10,48,312,49,11,21,321,38*62
$GAGSV,2,2,08,12,71,284,46,19,66,003,45,28,64,281,49,33,44,162,47*6B
$GAGSV,2,1,08,04,41,259,45,06,18,248,36,10,48,312,49,11,21,321,38*61
$GAGSV,2,2,08,12,71,284,46,19,66,003,45,28,64,281,49,33,44,162,48*64
$GAGSV,2,1,08,04,41,259,45,06,18,248,36,10,48,312,49,11,21,321,37*6E
$GAGSV,2,2,08,12,71,284,46,19,66,003,45,28,64,281,49,33,44,162,48*64
$GAGSV,2,1,08,04,41,259,45,06,18,248,36,10,48,312,49,11,21,321,37*6E
$GAGSV,2,2,08,12,71,284,46,19,66,003,45,28,64,281,49,33,44,162,48*64
$GAGSV,2,1,08,04,41,259,45,06,18,248,36,10,48,312,49,11,21,321,37*6E
$GAGSV,2,2,08,12,71,284,46,19,66,003,45,28,64,281,49,33,44,162,47*6B
$GAGSV,2,1,08,04,41,259,45,06,18,248,35,10,48,312,49,11,21,321,37*6D
$GAGSV,2,2,08,12,71,284,46,19,66,003,45,28,64,281,49,33,44,162,47*6B
$GAGSV,2,1,08,04,41,259,45,06,18,248,35,10,48,312,49,11,21,321,37*6D
$GAGSV,2,2,08,12,71,284,46,19,66,003,45,28,64,281,49,33,44,162,47*6B
$GAGSV,2,1,08,04,41,259,45,06,18,248,35,10,48,312,49,11,21,321,37*6D
$GAGSV,2,2,08,12,71,284,46,19,66,003,45,28,64,281,49,33,44,162,47*6B
$GAGSV,2,1,08,04,41,259,45,06,18,248,35,10,48,312,49,11,21,321,37*6D
$GAGSV,2,2,08,12,71,284,46,19,66,003,45,28,64,281,49,33,44,162,47*6B
$GAGSV,2,1,08,04,41,259,45,06,18,248,35,10,48,312,49,11,21,321,37*6D
$GAGSV,2,2,08,12,71,284,46,19,66,003,45,28,64,281,49,33,44,162,48*64
$GAGSV,2,1,08,04,41,259,45,06,18,248,35,10,48,312,49,11,21,321,37*6D
$GAGSV,2,2,08,12,71,284,46,19,66,003,45,28,64,281,49,33,44,162,48*64
$GAGSV,2,1,08,04,41,259,45,06,18,248,35,10,48,312,49,11,21,321,37*6D
$GAGSV,2,2,08,12,71,284,46,19,66,003,45,28,64,281,49,33,44,162,48*64
$GAGSV,2,1,08,04,41,259,45,06,18,248,35,10,48,312,49,11,21,321,37*6D
$GAGSV,2,2,08,12,71,284,46,19,66,003,45,28,64,281,49,33,44,162,48*64
$GAGSV,2,1,08,04,41,259,45,06,18,248,35,10,48,312,49,11,21,321,38*62
$GAGSV,2,2,08,12,71,284,46,19,66,003,45,28,64,281,48,33,44,162,48*65
$GAGSV,2,1,08,04,41,259,45,06,18,248,35,10,48,312,49,11,21,321,38*62
$GAGSV,2,2,08,12,71,284,46,19,66,003,45,28,64,281,48,33,44,162,48*65
$GAGSV,2,1,08,04,41,259,45,06,18,248,35,10,48,312,49,11,21,321,37*6D
$GAGSV,2,2,08,12,71,284,46,19,66,003,45,28,64,281,48,33,44,162,48*65
$GAGSV,2,1,08,04,41,259,45,06,18,248,35,10,48,312,49,11,21,321,37*6D
$GAGSV,2,2,08,12,71,284,46,19,66,003,45,28,64,281,48,33,44,162,48*65
$GAGSV,2,1,08,04,41,259,46,06,18,248,35,10,48,312,49,11,21,321,37*6E
$GAGSV,2,2,08,12,71,284,46,19,66,003,45,28,64,281,48,33,44,162,48*65
$GAGSV,2,1,08,04,41,259,46,06,18,248,35,10,48,312,49,11,21,321,37*6E
$GAGSV,2,2,08,12,71,284,46,19,66,003,45,28,64,281,48,33,44,162,47*6A
$GAGSV,2,1,08,04,41,259,46,06,18,248,35,10,48,312,49,11,21,321,37*6E
$GAGSV,2,2,08,12,71,284,46,19,66,003,45,28,64,281,49,33,44,162,47*6B
$GAGSV,2,1,08,04,41,259,46,06,18,248,35,10,48,312,49,11,21,321,36*6F
$GAGSV,2,2,08,12,71,284,46,19,66,003,45,28,64,281,49,33,44,162,47*6B
$GAGSV,2,1,08,04,41,259,46,06,18,248,35,10,48,312,49,11,21,321,36*6F
$GAGSV,2,2,08,12,71,284,46,19,66,003,45,28,64,281,49,33,44,162,47*6B
$GAGSV,2,1,08,04,41,259,46,06,18,248,35,10,48,312,49,11,21,321,36*6F
$GAGSV,2,2,08,12,71,284,46,19,66,003,45,28,64,281,49,33,44,162,47*6B
$GAGSV,2,1,08,04,41,259,46,06,18,248,35,10,48,312,49,11,21,321,36*6F
$GAGSV,2,2,08,12,71,284,46,19,66,003,45,28,64,281,49,33,44,162,47*6B
$GAGSV,2,1,08,04,41,259,46,06,18,248,35,10,48,312,49,11,21,321,36*6F
$GAGSV,2,2,08,12,71,284,46,19,66,003,45,28,64,281,49,33,44,162,47*6B
$GAGSV,2,1,08,04,41,259,46,06,18,248,35,10,48,312,49,11,21,321,36*6F
$GAGSV,2,2,08,12,71,284,46,19,66,003,45,28,64,281,49,33,44,162,47*6B
$GAGSV,2,1,08,04,41,259,46,06,18,248,35,10,48,312,49,11,21,321,36*6F
$GAGSV,2,2,08,12,71,284,46,19,66,003,45,28,64,281,48,33,44,162,47*6A
$GAGSV,2,1,08,04,41,259,46,06,18,248,34,10,48,312,49,11,21,321,36*6E
$GAGSV,2,2,08,12,71,284,46,19,66,003,45,28,64,281,48,33,44,162,47*6A
$GAGSV,2,1,08,04,41,259,46,06,18,248,34,10,48,312,49,11,21,321,36*6E
$GAGSV,2,2,08,12,71,284,46,19,66,003,45,28,64,281,48,33,44,162,47*6A
$GAGSV,2,1,08,04,41,259,46,06,18,248,34,10,48,312,49,11,21,321,36*6E
$GAGSV,2,2,08,12,71,284,46,19,66,003,45,28,64,281,48,33,44,162,47*6A
$GAGSV,2,1,08,04,41,259,46,06,18,248,34,10,48,312,49,11,21,321,36*6E
$GAGSV,2,2,08,12,71,284,46,19,66,003,45,28,64,281,48,33,44,162,47*6A
$GAGSV,2,1,08,04,41,259,46,06,18,248,35,10,48,312,49,11,21,321,36*6F
$GAGSV,2,2,08,12,71,284,46,19,66,003,45,28,64,281,48,33,44,162,47*6A
$GAGSV,2,1,08,04,41,259,46,06,18,248,35,10,48,312,49,11,21,321,36*6F
$GAGSV,2,2,08,12,71,284,46,19,66,003,45,28,64,281,48,33,44,162,47*6A
$GAGSV,2,1,08,04,41,259,46,06,18,248,35,10,48,312,49,11,21,321,36*6F
$GAGSV,2,2,08,12,71,284,46,19,66,003,45,28,64,281,48,33,44,162,47*6A
$GAGSV,2,1,08,04,41,259,46,06,18,248,35,10,48,312,49,11,21,321,36*6F
$GAGSV,2,2,08,12,71,284,46,19,66,003,45,28,64,281,48,33,44,162,47*6A
$GAGSV,2,1,08,04,41,259,46,06,18,248,35,10,48,312,49,11,21,321,36*6F
$GAGSV,2,2,08,12,71,284,46,19,66,003,45,28,64,281,48,33,44,162,47*6A
$GAGSV,2,1,08,04,41,259,46,06,18,248,35,10,48,312,49,11,21,321,37*6E
$GAGSV,2,2,08,12,71,284,46,19,66,003,45,28,64,281,48,33,44,162,47*6A
$GAGSV,2,1,08,04,41,259,46,06,18,248,35,10,48,312,49,11,21,321,37*6E
$GAGSV,2,2,08,12,71,284,46,19,66,003,45,28,64,281,48,33,44,162,47*6A
$GAGSV,2,1,08,04,41,259,46,06,18,248,35,10,48,312,49,11,21,321,37*6E
$GAGSV,2,2,08,12,71,284,46,19,66,003,45,28,64,281,48,33,44,162,48*65
$GAGSV,2,1,08,04,41,259,46,06,18,248,35,10,48,312,49,11,21,321,37*6E
$GAGSV,2,2,08,12,71,284,46,19,66,003,45,28,64,281,48,33,44,162,48*65
$GAGSV,2,1,08,04,41,259,45,06,18,248,34,10,48,312,49,11,21,321,38*63
$GAGSV,2,2,08,12,71,284,46,19,66,003,45,28,64,281,48,33,44,162,48*65
$GAGSV,2,1,08,04,41,259,45,06,18,248,34,10,48,312,49,11,21,321,37*6C
$GAGSV,2,2,08,12,71,284,46,19,66,003,45,28,64,281,48,33,44,162,47*6A
$GAGSV,2,1,08,04,41,259,45,06,18,248,33,10,48,312,49,11,21,321,37*6B
$GAGSV,2,2,08,12,71,284,46,19,66,003,45,28,64,281,48,33,44,162,47*6A
$GAGSV,2,1,08,04,41,259,45,06,18,248,33,10,48,312,49,11,21,321,37*6B
$GAGSV,2,2,08,12,71,284,46,19,66,003,45,28,64,281,48,33,44,162,47*6A
$GAGSV,2,1,08,04,41,259,45,06,18,248,33,10,48,312,49,11,21,321,37*6B
$GAGSV,2,2,08,12,71,284,46,19,66,003,45,28,64,281,48,33,44,162,47*6A
$GAGSV,2,1,08,04,41,259,45,06,18,248,33,10,48,312,49,11,21,321,37*6B
$GAGSV,2,2,08,12,71,284,46,19,66,003,45,28,64,281,48,33,44,162,47*6A
$GAGSV,2,1,08,04,41,259,45,06,18,248,34,10,48,312,49,11,21,321,37*6C
$GAGSV,2,2,08,12,71,284,46,19,66,003,45,28,64,281,48,33,44,162,47*6A
$GAGSV,2,1,08,04,41,259,45,06,18,248,34,10,48,312,49,11,21,321,37*6C
$GAGSV,2,2,08,12,71,284,46,19,66,003,45,28,64,281,48,33,44,162,47*6A
$GAGSV,2,1,08,04,41,259,45,06,18,248,34,10,48,312,49,11,21,321,37*6C
$GAGSV,2,2,08,12,71,284,45,19,66,003,45,28,64,281,48,33,44,162,47*69
$GAGSV,2,1,08,04,41,259,45,06,18,248,34,10,48,312,49,11,21,321,37*6C
$GAGSV,2,2,08,12,71,284,45,19,66,003,45,28,64,281,48,33,44,162,47*69
$GAGSV,2,1,08,04,41,259,45,06,18,248,34,10,48,312,49,11,21,321,37*6C
$GAGSV,2,2,08,12,71,284,45,19,66,003,45,28,64,281,48,33,44,162,47*69
$GAGSV,2,1,08,04,41,259,45,06,18,248,35,10,48,312,49,11,21,321,37*6D
$GAGSV,2,2,08,12,71,284,46,19,66,003,45,28,64,281,48,33,44,162,47*6A
$GAGSV,2,1,08,04,41,259,45,06,18,248,35,10,48,312,49,11,21,321,37*6D
$GAGSV,2,2,08,12,71,284,46,19,66,003,45,28,64,281,48,33,44,162,47*6A
$GAGSV,2,1,08,04,41,259,45,06,18,248,35,10,48,312,49,11,21,321,37*6D
$GAGSV,2,2,08,12,71,284,46,19,66,003,45,28,64,281,48,33,44,162,48*65
$GAGSV,2,1,08,04,41,259,45,06,18,248,35,10,48,312,49,11,21,321,37*6D
$GAGSV,2,2,08,12,71,284,46,19,66,003,45,28,64,281,48,33,44,162,48*65
$GAGSV,2,1,08,04,41,259,45,06,18,248,35,10,48,312,49,11,21,321,37*6D
$GAGSV,2,2,08,12,71,284,46,19,66,003,45,28,64,281,48,33,44,162,48*65
$GAGSV,2,1,08,04,41,259,45,06,18,248,35,10,48,312,49,11,21,321,37*6D
$GAGSV,2,2,08,12,71,284,46,19,66,003,45,28,64,281,48,33,44,162,48*65
$GAGSV,2,1,08,04,41,259,45,06,18,248,35,10,48,312,49,11,21,321,37*6D
$GAGSV,2,2,08,12,71,284,45,19,66,003,45,28,64,281,48,33,44,162,48*66
$GAGSV,2,1,08,04,41,259,45,06,18,248,35,10,48,312,49,11,21,321,37*6D
$GAGSV,2,2,08,12,71,284,45,19,66,003,45,28,64,281,48,33,44,162,48*66
$GAGSV,2,1,08,04,41,259,45,06,18,248,35,10,48,312,49,11,21,321,37*6D
$GAGSV,2,2,08,12,71,284,45,19,66,003,45,28,64,281,48,33,44,162,48*66
$GAGSV,2,1,08,04,41,259,45,06,18,248,36,10,48,312,49,11,21,321,37*6E
$GAGSV,2,2,08,12,71,284,45,19,66,003,45,28,64,281,49,33,44,162,48*67
$GAGSV,2,1,08,04,41,259,45,06,18,248,36,10,48,312,49,11,21,321,37*6E
$GAGSV,2,2,08,12,71,284,45,19,66,003,45,28,64,281,49,33,44,162,48*67
$GAGSV,2,1,08,04,41,259,45,06,18,248,36,10,48,312,49,11,21,321,37*6E
$GAGSV,2,2,08,12,71,284,45,19,66,003,45,28,64,281,49,33,44,162,48*67
$GAGSV,2,1,08,04,41,259,45,06,18,248,36,10,48,312,49,11,21,321,37*6E
$GAGSV,2,2,08,12,71,284,45,19,66,003,45,28,64,281,49,33,44,162,48*67
$GAGSV,2,1,08,04,41,259,45,06,18,248,36,10,48,312,49,11,21,321,37*6E
$GAGSV,2,2,08,12,71,284,45,19,66,003,45,28,64,281,49,33,44,162,48*67
$GAGSV,2,1,08,04,41,259,45,06,18,248,36,10,48,312,49,11,21,321,37*6E
$GAGSV,2,2,08,12,71,284,45,19,66,003,45,28,64,281,49,33,44,162,48*67
$GAGSV,2,1,08,04,41,259,45,06,18,248,36,10,48,312,49,11,21,321,37*6E
$GAGSV,2,2,08,12,71,284,45,19,66,003,45,28,64,281,49,33,44,162,48*67
$GAGSV,2,1,08,04,41,259,45,06,18,248,35,10,48,312,49,11,21,321,37*6D
$GAGSV,2,2,08,12,71,284,45,19,66,003,45,28,64,281,49,33,44,162,48*67
$GAGSV,2,1,08,04,41,259,45,06,18,248,36,10,48,312,49,11,21,321,37*6E
$GAGSV,2,2,08,12,71,284,45,19,66,003,45,28,64,281,49,33,44,162,47*68
$GAGSV,2,1,08,04,41,259,45,06,18,248,36,10,48,312,49,11,21,321,37*6E
$GAGSV,2,2,08,12,71,284,45,19,66,003,45,28,64,281,49,33,44,162,47*68
$GAGSV,2,1,08,04,41,259,45,06,18,248,36,10,48,312,49,11,21,321,37*6E
$GAGSV,2,2,08,12,71,284,45,19,66,003,45,28,64,281,49,33,44,162,47*68
$GAGSV,2,1,08,04,41,259,45,06,18,248,36,10,48,312,49,11,21,321,37*6E
$GAGSV,2,2,08,12,71,284,45,19,66,003,45,28,64,281,49,33,44,162,47*68
$GAGSV,2,1,08,04,41,259,45,06,18,248,36,10,48,312,49,11,21,321,37*6E
$GAGSV,2,2,08,12,71,284,45,19,66,003,45,28,64,281,49,33,44,162,47*68
$GAGSV,2,1,08,04,41,259,45,06,18,248,36,10,48,312,49,11,21,321,37*6E
$GAGSV,2,2,08,12,71,284,45,19,66,003,45,28,64,281,49,33,44,162,47*68
$GAGSV,2,1,08,04,41,259,45,06,18,248,36,10,48,312,49,11,21,321,37*6E
$GAGSV,2,2,08,12,71,284,45,19,66,003,45,28,64,281,49,33,44,162,47*68
$GAGSV,2,1,08,04,41,259,45,06,18,248,36,10,48,312,49,11,21,321,37*6E
$GAGSV,2,2,08,12,71,284,45,19,66,003,45,28,64,281,49,33,44,162,47*68
$GAGSV,2,1,08,04,41,259,45,06,18,248,37,10,48,311,49,11,21,321,37*6C
$GAGSV,2,2,08,12,71,284,45,19,66,004,45,28,64,281,49,33,44,162,47*6F
$GAGSV,2,1,08,04,41,259,45,06,18,248,37,10,48,311,49,11,21,321,37*6C
$GAGSV,2,2,08,12,71,284,45,19,66,004,45,28,64,281,49,33,44,162,47*6F
$GAGSV,2,1,08,04,41,259,45,06,18,248,37,10,48,311,49,11,21,321,37*6C
$GAGSV,2,2,08,12,71,284,45,19,66,004,45,28,64,281,49,33,44,162,47*6F
$GAGSV,2,1,08,04,41,259,45,06,18,248,37,10,48,311,49,11,21,321,37*6C
$GAGSV,2,2,08,12,71,284,45,19,66,004,45,28,64,281,49,33,44,162,47*6F
$GAGSV,2,1,08,04,41,259,45,06,18,248,37,10,48,311,49,11,21,321,37*6C
$GAGSV,2,2,08,12,71,284,45,19,66,004,45,28,64,281,48,33,44,162,47*6E
$GAGSV,2,1,08,04,41,259,45,06,18,248,37,10,48,311,49,11,21,321,37*6C
$GAGSV,2,2,08,12,71,284,45,19,66,004,45,28,64,281,48,33,44,162,47*6E
$GAGSV,2,1,08,04,41,259,45,06,18,248,37,10,48,311,49,11,21,321,37*6C
$GAGSV,2,2,08,12,71,284,45,19,66,004,45,28,64,281,48,33,44,162,47*6E
$GAGSV,2,1,08,04,41,259,45,06,18,248,37,10,48,311,49,11,21,321,37*6C
$GAGSV,2,2,08,12,71,284,45,19,66,004,45,28,64,281,48,33,44,162,47*6E
$GAGSV,2,1,08,04,41,259,46,06,18,248,38,10,48,311,49,11,21,321,37*60
$GAGSV,2,2,08,12,71,284,45,19,66,004,45,28,64,281,48,33,44,162,47*6E
$GAGSV,2,1,08,04,41,259,46,06,18,248,38,10,48,311,49,11,21,321,37*60
$GAGSV,2,2,08,12,71,284,45,19,66,004,45,28,64,281,48,33,44,162,47*6E
$GAGSV,2,1,08,04,41,259,46,06,18,248,38,10,48,311,49,11,21,321,37*60
$GAGSV,2,2,08,12,71,284,45,19,66,004,45,28,64,281,48,33,44,162,47*6E
$GAGSV,2,1,08,04,41,259,46,06,18,248,38,10,48,311,49,11,21,321,37*60
$GAGSV,2,2,08,12,71,284,45,19,66,004,45,28,64,281,48,33,44,162,47*6E
$GAGSV,2,1,08,04,41,259,46,06,18,248,38,10,48,311,49,11,21,321,37*60
$GAGSV,2,2,08,12,71,284,45,19,66,004,45,28,64,281,48,33,44,162,47*6E
$GAGSV,2,1,08,04,41,259,46,06,18,248,38,10,48,311,49,11,21,321,37*60
$GAGSV,2,2,08,12,71,284,45,19,66,004,45,28,64,281,48,33,44,162,47*6E
$GAGSV,2,1,08,04,41,259,46,06,18,248,38,10,48,311,49,11,21,321,37*60
$GAGSV,2,2,08,12,71,284,45,19,66,004,45,28,64,281,48,33,44,162,47*6E
$GAGSV,2,1,08,04,41,259,46,06,18,248,38,10,48,311,49,11,21,321,37*60
$GAGSV,2,2,08,12,71,284,45,19,66,004,45,28,64,281,48,33,44,162,47*6E
$GAGSV,2,1,08,04,41,259,46,06,18,248,38,10,48,311,49,11,21,321,37*60
$GAGSV,2,2,08,12,71,284,45,19,66,004,45,28,64,281,48,33,44,162,47*6E
$GAGSV,2,1,08,04,41,259,46,06,18,248,38,10,48,311,49,11,21,321,36*61
$GAGSV,2,2,08,12,71,284,45,19,66,004,45,28,64,281,48,33,44,162,47*6E
$GAGSV,2,1,08,04,41,259,46,06,18,248,38,10,48,311,49,11,21,321,36*61
$GAGSV,2,2,08,12,71,284,45,19,66,004,45,28,64,281,48,33,44,162,47*6E
$GAGSV,2,1,08,04,41,259,46,06,18,248,38,10,48,311,49,11,21,321,36*61
$GAGSV,2,2,08,12,71,284,45,19,66,004,45,28,64,281,48,33,44,162,47*6E
$GAGSV,2,1,08,04,41,259,46,06,18,248,37,10,48,311,49,11,21,321,36*6E
$GAGSV,2,2,08,12,71,284,45,19,66,004,45,28,64,281,48,33,44,162,47*6E
$GAGSV,2,1,08,04,41,259,46,06,18,248,37,10,48,311,49,11,21,321,36*6E
$GAGSV,2,2,08,12,71,284,45,19,66,004,45,28,64,281,48,33,44,162,47*6E
$GAGSV,2,1,08,04,41,259,46,06,18,248,37,10,48,311,49,11,21,321,36*6E
$GAGSV,2,2,08,12,71,284,45,19,66,004,45,28,64,281,48,33,44,162,47*6E
$GAGSV,2,1,08,04,41,259,46,06,18,248,38,10,48,311,49,11,21,321,36*61
$GAGSV,2,2,08,12,71,284,45,19,66,004,45,28,64,281,48,33,44,162,47*6E
$GAGSV,2,1,08,04,41,259,46,06,18,248,38,10,48,311,49,11,21,321,36*61
$GAGSV,2,2,08,12,71,284,46,19,66,004,45,28,64,281,48,33,44,162,47*6D
$GAGSV,2,1,08,04,41,259,46,06,18,248,38,10,48,311,49,11,21,321,36*61
$GAGSV,2,2,08,12,71,284,46,19,66,004,45,28,64,281,48,33,44,162,47*6D
$GAGSV,2,1,08,04,41,259,46,06,18,248,38,10,48,311,49,11,21,321,36*61
$GAGSV,2,2,08,12,71,284,46,19,66,004,45,28,64,281,48,33,44,162,47*6D
$GAGSV,2,1,08,04,41,259,46,06,18,248,38,10,48,311,49,11,21,321,36*61
$GAGSV,2,2,08,12,71,284,46,19,66,004,45,28,64,281,48,33,44,162,47*6D
$GAGSV,2,1,08,04,41,259,46,06,18,248,37,10,48,311,49,11,21,321,36*6E
$GAGSV,2,2,08,12,71,284,46,19,66,004,45,28,64,281,48,33,44,162,47*6D
$GAGSV,2,1,08,04,41,259,45,06,18,248,37,10,48,311,49,11,21,321,36*6D
$GAGSV,2,2,08,12,71,284,46,19,66,004,45,28,64,281,48,33,44,162,47*6D
$GAGSV,2,1,08,04,41,259,45,06,18,248,38,10,48,311,49,11,21,321,36*62
$GAGSV,2,2,08,12,71,284,46,19,66,004,45,28,64,281,48,33,44,162,47*6D
$GAGSV,2,1,08,04,41,259,45,06,18,248,38,10,48,311,49,11,21,321,36*62
$GAGSV,2,2,08,12,71,284,46,19,66,004,45,28,64,281,48,33,44,162,47*6D
$GAGSV,2,1,08,04,41,259,45,06,18,248,38,10,48,311,49,11,21,321,36*62
$GAGSV,2,2,08,12,71,284,46,19,66,004,45,28,64,281,48,33,44,162,47*6D
$GAGSV,2,1,08,04,41,259,45,06,18,248,38,10,48,311,49,11,21,321,36*62
$GAGSV,2,2,08,12,71,284,46,19,66,004,45,28,64,281,48,33,44,162,47*6D
$GAGSV,2,1,08,04,41,259,45,06,18,248,38,10,48,311,49,11,21,321,37*63
$GAGSV,2,2,08,12,71,284,46,19,66,004,45,28,64,281,48,33,44,162,47*6D
$GAGSV,2,1,08,04,41,259,45,06,18,248,38,10,48,311,49,11,21,321,37*63
$GAGSV,2,2,08,12,71,284,46,19,66,004,45,28,64,281,48,33,44,162,48*62
$GAGSV,2,1,08,04,41,259,45,06,18,248,38,10,48,311,49,11,21,321,37*63
$GAGSV,2,2,08,12,71,284,46,19,66,004,45,28,64,281,48,33,44,162,48*62
$GAGSV,2,1,08,04,41,259,45,06,18,248,38,10,48,311,49,11,21,321,37*63
$GAGSV,2,2,08,12,71,284,46,19,66,004,45,28,64,281,48,33,44,162,48*62
$GAGSV,2,1,08,04,41,259,45,06,18,248,38,10,48,311,49,11,21,321,37*63
$GAGSV,2,2,08,12,71,284,46,19,66,004,45,28,64,281,48,33,44,162,47*6D
$GAGSV,2,1,08,04,41,259,45,06,18,248,38,10,48,311,49,11,21,321,37*63
$GAGSV,2,2,08,12,71,284,46,19,66,004,45,28,64,281,48,33,44,162,47*6D
$GAGSV,2,1,08,04,41,259,45,06,18,248,38,10,49,311,49,11,21,321,37*62
$GAGSV,2,2,08,12,71,284,46,19,66,004,45,28,64,281,48,33,44,162,47*6D
$GAGSV,2,1,08,04,41,259,45,06,18,248,38,10,49,311,49,11,21,321,37*62
$GAGSV,2,2,08,12,71,284,46,19,66,004,45,28,64,281,48,33,44,162,47*6D
$GAGSV,2,1,08,04,41,259,45,06,18,248,38,10,49,311,49,11,21,321,37*62
$GAGSV,2,2,08,12,71,284,46,19,66,004,45,28,64,281,48,33,44,162,48*62
$GAGSV,2,1,08,04,41,259,45,06,18,248,37,10,49,311,49,11,21,321,37*6D
$GAGSV,2,2,08,12,71,284,46,19,66,004,45,28,64,281,48,33,44,162,48*62
$GAGSV,2,1,08,04,41,259,45,06,18,248,37,10,49,311,49,11,21,321,37*6D
$GAGSV,2,2,08,12,71,284,46,19,66,004,45,28,64,281,48,33,44,162,48*62
$GAGSV,2,1,08,04,41,259,45,06,18,248,37,10,49,311,48,11,21,321,37*6C
$GAGSV,2,2,08,12,71,284,46,19,66,004,45,28,64,281,48,33,44,162,48*62
$GAGSV,2,1,08,04,41,259,45,06,18,248,37,10,49,311,48,11,21,321,37*6C
$GAGSV,2,2,08,12,71,284,46,19,66,004,45,28,64,281,48,33,44,162,48*62
$GAGSV,2,1,08,04,41,259,45,06,18,248,37,10,49,311,48,11,21,321,37*6C
$GAGSV,2,2,08,12,71,284,46,19,66,004,45,28,64,281,48,33,44,162,48*62
$GAGSV,2,1,08,04,41,259,45,06,18,248,37,10,49,311,48,11,21,321,37*6C
$GAGSV,2,2,08,12,71,284,46,19,66,004,45,28,64,281,48,33,44,162,48*62
$GAGSV,2,1,08,04,41,259,45,06,18,248,37,10,49,311,48,11,21,321,37*6C
$GAGSV,2,2,08,12,71,284,45,19,66,004,45,28,64,281,48,33,44,162,48*61
$GAGSV,2,1,08,04,41,259,45,06,18,248,37,10,49,311,48,11,21,321,36*6D
$GAGSV,2,2,08,12,71,284,45,19,66,004,45,28,64,281,48,33,44,162,48*61
$GAGSV,2,1,08,04,41,259,45,06,18,248,37,10,49,311,48,11,21,321,36*6D
$GAGSV,2,2,08,12,71,284,45,19,66,004,45,28,64,281,48,33,44,162,48*61
$GAGSV,2,1,08,04,41,259,45,06,18,248,37,10,49,311,48,11,21,321,36*6D
$GAGSV,2,2,08,12,71,284,45,19,66,004,45,28,64,281,48,33,44,162,48*61
$GAGSV,2,1,08,04,41,259,45,06,18,248,37,10,49,311,48,11,21,321,36*6D
$GAGSV,2,2,08,12,71,284,45,19,66,004,45,28,64,281,48,33,44,162,48*61
$GAGSV,2,1,08,04,41,259,45,06,18,248,37,10,49,311,48,11,21,321,37*6C
$GAGSV,2,2,08,12,71,284,45,19,66,004,45,28,64,281,48,33,44,162,48*61
$GAGSV,2,1,08,04,41,259,45,06,18,248,37,10,49,311,48,11,21,321,37*6C
$GAGSV,2,2,08,12,71,284,45,19,66,004,45,28,64,281,48,33,44,162,48*61
$GAGSV,2,1,08,04,41,259,45,06,18,248,37,10,49,311,48,11,21,321,37*6C
$GAGSV,2,2,08,12,71,284,45,19,66,004,45,28,64,281,48,33,44,162,48*61
$GAGSV,2,1,08,04,41,259,45,06,18,248,37,10,49,311,48,11,21,321,37*6C
$GAGSV,2,2,08,12,71,284,45,19,66,004,45,28,64,281,48,33,44,162,48*61
$GAGSV,2,1,08,04,41,259,45,06,18,248,37,10,49,311,48,11,21,321,37*6C
$GAGSV,2,2,08,12,71,284,45,19,66,004,45,28,64,281,48,33,44,162,48*61
$GAGSV,2,1,08,04,41,259,45,06,18,248,37,10,49,311,48,11,21,321,37*6C
$GAGSV,2,2,08,12,71,284,45,19,66,004,45,28,64,281,48,33,44,162,48*61
$GAGSV,2,1,08,04,41,259,45,06,18,248,37,10,49,311,48,11,21,321,37*6C
$GAGSV,2,2,08,12,71,284,45,19,66,004,45,28,64,281,48,33,44,162,48*61
$GAGSV,2,1,08,04,41,259,45,06,18,248,37,10,49,311,48,11,21,321,37*6C
$GAGSV,2,2,08,12,71,284,45,19,66,004,45,28,64,281,48,33,44,162,48*61
$GAGSV,2,1,08,04,41,259,45,06,18,248,37,10,49,311,48,11,21,321,37*6C
$GAGSV,2,2,08,12,71,284,45,19,66,004,45,28,64,281,48,33,44,162,48*61
$GAGSV,2,1,08,04,41,259,45,06,18,248,37,10,49,311,48,11,21,321,37*6C
$GAGSV,2,2,08,12,71,284,45,19,66,004,45,28,64,281,48,33,44,162,48*61
$GAGSV,2,1,08,04,41,259,45,06,18,248,37,10,49,311,48,11,21,321,36*6D
$GAGSV,2,2,08,12,71,284,45,19,66,004,45,28,64,281,48,33,44,162,48*61
$GAGSV,2,1,08,04,41,259,45,06,18,248,37,10,49,311,48,11,21,321,36*6D
$GAGSV,2,2,08,12,71,284,45,19,66,004,45,28,64,281,48,33,44,162,48*61
$GAGSV,2,1,08,04,41,259,45,06,18,248,37,10,49,311,48,11,21,321,36*6D
$GAGSV,2,2,08,12,71,284,45,19,66,004,45,28,64,281,48,33,44,162,47*6E
$GAGSV,2,1,08,04,41,259,45,06,18,248,37,10,49,311,48,11,21,321,36*6D
$GAGSV,2,2,08,12,71,284,45,19,66,004,45,28,64,281,48,33,44,162,47*6E
$GAGSV,2,1,08,04,41,259,45,06,18,248,37,10,49,311,48,11,21,321,36*6D
$GAGSV,2,2,08,12,71,284,45,19,66,004,45,28,64,281,48,33,44,162,47*6E
$GAGSV,2,1,08,04,41,259,45,06,18,248,38,10,49,311,48,11,21,321,36*62
$GAGSV,2,2,08,12,71,284,45,19,66,004,45,28,64,281,48,33,44,162,47*6E
$GAGSV,2,1,08,04,41,259,45,06,18,248,37,10,49,311,48,11,21,321,36*6D
$GAGSV,2,2,08,12,71,284,45,19,66,004,45,28,64,281,48,33,44,162,47*6E
$GAGSV,2,1,08,04,41,259,45,06,18,248,37,10,49,311,48,11,21,321,36*6D
$GAGSV,2,2,08,12,71,284,45,19,66,004,45,28,64,281,48,33,44,162,47*6E
$GAGSV,2,1,08,04,41,259,45,06,18,248,37,10,49,311,48,11,21,321,36*6D
$GAGSV,2,2,08,12,71,284,45,19,66,004,45,28,64,281,48,33,44,162,47*6E
$GAGSV,2,1,08,04,41,259,45,06,18,248,37,10,49,311,48,11,21,321,36*6D
$GAGSV,2,2,08,12,71,284,45,19,66,004,45,28,64,281,48,33,44,162,47*6E
$GAGSV,2,1,08,04,41,259,45,06,18,248,37,10,49,311,48,11,21,321,36*6D
$GAGSV,2,2,08,12,71,284,45,19,66,004,45,28,64,281,48,33,44,162,47*6E
$GAGSV,2,1,08,04,41,259,45,06,18,248,37,10,49,311,48,11,21,321,36*6D
$GAGSV,2,2,08,12,71,284,45,19,66,004,45,28,64,281,48,33,44,162,47*6E
$GAGSV,2,1,08,04,41,259,45,06,18,248,38,10,49,311,48,11,21,321,36*62
$GAGSV,2,2,08,12,71,284,45,19,66,004,45,28,64,281,48,33,44,162,47*6E
$GAGSV,2,1,08,04,41,259,45,06,18,248,38,10,49,311,48,11,21,321,36*62
$GAGSV,2,2,08,12,71,284,45,19,66,004,45,28,64,281,48,33,44,162,47*6E
$GAGSV,2,1,08,04,41,259,45,06,18,248,38,10,49,311,48,11,21,321,36*62
$GAGSV,2,2,08,12,71,284,45,19,66,004,45,28,64,281,48,33,44,162,47*6E
$GAGSV,2,1,08,04,41,259,45,06,18,248,38,10,49,311,48,11,21,321,36*62
$GAGSV,2,2,08,12,71,284,45,19,66,004,45,28,64,281,48,33,44,162,47*6E
$GAGSV,2,1,08,04,41,259,45,06,18,248,38,10,49,311,48,11,21,321,36*62
$GAGSV,2,2,08,12,71,284,45,19,66,004,45,28,64,281,48,33,44,162,47*6E
$GAGSV,2,1,08,04,41,259,45,06,18,248,38,10,49,311,48,11,21,321,36*62
$GAGSV,2,2,08,12,71,284,45,19,66,004,45,28,64,281,48,33,44,162,47*6E
$GAGSV,2,1,08,04,41,259,45,06,18,248,38,10,49,311,48,11,21,321,37*63
$GAGSV,2,2,08,12,71,284,45,19,66,004,45,28,64,281,48,33,44,162,47*6E
$GAGSV,2,1,08,04,41,259,45,06,18,248,38,10,49,311,48,11,21,321,37*63
$GAGSV,2,2,08,12,71,284,45,19,66,004,45,28,64,281,48,33,44,162,47*6E
$GAGSV,2,1,08,04,41,259,45,06,18,248,38,10,49,311,48,11,21,321,37*63
$GAGSV,2,2,08,12,71,284,45,19,66,004,45,28,64,281,48,33,44,162,47*6E
$GAGSV,2,1,08,04,41,259,45,06,18,248,38,10,49,311,48,11,21,321,37*63
$GAGSV,2,2,08,12,71,284,45,19,66,004,45,28,64,281,48,33,44,162,47*6E
$GAGSV,2,1,08,04,41,259,45,06,18,248,38,10,49,311,48,11,21,321,37*63
$GAGSV,2,2,08,12,71,284,45,19,66,004,45,28,64,281,48,33,44,162,47*6E
$GAGSV,2,1,08,04,41,259,45,06,18,248,38,10,49,311,48,11,21,321,37*63
$GAGSV,2,2,08,12,71,284,45,19,66,004,45,28,64,281,48,33,44,162,47*6E
$GAGSV,2,1,08,04,41,259,45,06,18,248,38,10,49,311,48,11,21,321,37*63
$GAGSV,2,2,08,12,71,284,45,19,66,004,45,28,64,281,48,33,44,162,47*6E
$GAGSV,2,1,08,04,41,259,45,06,18,248,38,10,49,311,48,11,21,321,37*63
$GAGSV,2,2,08,12,71,284,45,19,66,004,45,28,64,281,48,33,44,162,47*6E
$GAGSV,2,1,08,04,41,259,45,06,18,248,38,10,49,311,48,11,21,321,37*63
$GAGSV,2,2,08,12,71,284,45,19,66,004,45,28,64,281,48,33,44,162,47*6E
$GAGSV,2,1,08,04,41,259,45,06,18,248,38,10,49,311,48,11,21,321,37*63
$GAGSV,2,2,08,12,71,284,45,19,66,004,45,28,64,281,48,33,44,162,47*6E
$GAGSV,2,1,08,04,41,259,45,06,18,248,38,10,49,311,48,11,21,321,37*63
$GAGSV,2,2,08,12,71,284,45,19,66,004,45,28,64,281,48,33,44,162,47*6E
$GAGSV,2,1,08,04,41,259,45,06,18,248,38,10,49,311,48,11,21,321,37*63
$GAGSV,2,2,08,12,71,284,45,19,66,004,45,28,64,281,48,33,44,162,47*6E
$GAGSV,2,1,08,04,41,259,45,06,18,248,38,10,49,311,48,11,21,321,37*63
$GAGSV,2,2,08,12,71,284,45,19,66,004,45,28,64,281,48,33,44,162,47*6E
$GAGSV,2,1,08,04,41,259,45,06,18,248,37,10,49,311,48,11,21,321,37*6C
$GAGSV,2,2,08,12,71,284,45,19,66,004,45,28,64,281,48,33,44,162,47*6E
$GAGSV,2,1,08,04,41,259,45,06,18,248,37,10,49,311,48,11,21,321,37*6C
$GAGSV,2,2,08,12,71,284,45,19,66,004,45,28,64,281,48,33,44,162,47*6E
$GAGSV,2,1,08,04,41,259,45,06,18,248,38,10,49,311,48,11,21,321,37*63
$GAGSV,2,2,08,12,71,284,45,19,66,004,45,28,64,281,48,33,44,162,47*6E
$GAGSV,2,1,08,04,41,259,45,06,18,248,38,10,49,311,48,11,21,321,37*63
$GAGSV,2,2,08,12,71,284,45,19,66,004,45,28,64,281,48,33,44,162,47*6E
$GAGSV,2,1,08,04,41,259,45,06,18,248,38,10,49,311,48,11,21,321,37*63
$GAGSV,2,2,08,12,71,284,45,19,66,004,45,28,64,281,48,33,44,162,47*6E
$GAGSV,2,1,08,04,41,259,45,06,18,248,38,10,49,311,48,11,21,321,37*63
$GAGSV,2,2,08,12,71,283,45,19,66,004,45,28,64,281,48,33,44,162,47*69
$GAGSV,2,1,08,04,41,259,45,06,18,248,38,10,49,311,48,11,21,321,36*62
$GAGSV,2,2,08,12,71,283,45,19,66,004,45,28,64,281,48,33,44,162,47*69
$GAGSV,2,1,08,04,41,259,46,06,18,248,38,10,49,311,48,11,21,321,36*61
$GAGSV,2,2,08,12,71,283,45,19,66,004,45,28,64,281,48,33,44,162,47*69
$GAGSV,2,1,08,04,41,259,46,06,18,248,38,10,49,311,48,11,21,321,36*61
$GAGSV,2,2,08,12,71,283,45,19,66,004,45,28,64,281,48,33,44,162,47*69
$GAGSV,2,1,08,04,41,259,46,06,18,248,38,10,49,311,48,11,21,321,36*61
$GAGSV,2,2,08,12,71,283,45,19,66,004,45,28,64,281,48,33,44,162,47*69
$GAGSV,2,1,08,04,41,259,46,06,18,248,38,10,49,311,48,11,21,321,37*60
$GAGSV,2,2,08,12,71,283,45,19,66,004,45,28,64,281,48,33,44,162,47*69
$GAGSV,2,1,08,04,41,259,46,06,18,248,38,10,49,311,48,11,21,321,37*60
$GAGSV,2,2,08,12,71,283,45,19,66,004,45,28,64,281,48,33,44,162,47*69
$GAGSV,2,1,08,04,41,259,46,06,18,248,38,10,49,311,48,11,21,321,36*61
$GAGSV,2,2,08,12,71,283,45,19,66,004,45,28,64,281,48,33,44,162,47*69
$GAGSV,2,1,08,04,41,259,46,06,18,248,38,10,49,311,48,11,21,321,36*61
$GAGSV,2,2,08,12,71,283,45,19,66,004,45,28,64,281,48,33,44,162,47*69
$GAGSV,2,1,08,04,41,259,46,06,18,248,39,10,49,311,48,11,21,321,36*60
$GAGSV,2,2,08,12,71,283,45,19,66,004,45,28,64,281,48,33,44,162,47*69
$GAGSV,2,1,08,04,41,259,46,06,18,248,39,10,49,311,48,11,21,321,36*60
$GAGSV,2,2,08,12,71,283,45,19,66,004,45,28,64,281,48,33,44,162,48*66
$GAGSV,2,1,08,04,41,259,46,06,18,248,39,10,49,311,48,11,21,321,36*60
$GAGSV,2,2,08,12,71,283,45,19,66,004,45,28,64,281,48,33,44,162,48*66
$GAGSV,2,1,08,04,41,259,46,06,18,248,39,10,49,311,48,11,21,321,36*60
$GAGSV,2,2,08,12,71,283,45,19,66,004,45,28,64,281,48,33,44,162,48*66
$GAGSV,2,1,08,04,41,259,46,06,18,248,39,10,49,311,48,11,21,321,36*60
$GAGSV,2,2,08,12,71,283,45,19,66,004,45,28,64,281,48,33,44,162,48*66
$GAGSV,2,1,08,04,41,259,46,06,18,248,39,10,49,311,48,11,21,321,36*60
$GAGSV,2,2,08,12,71,283,45,19,66,004,45,28,64,281,48,33,44,162,48*66
$GAGSV,2,1,08,04,41,259,46,06,18,248,39,10,49,311,48,11,21,321,36*60
$GAGSV,2,2,08,12,71,283,45,19,66,004,45,28,64,282,48,33,44,162,48*65
$GAGSV,2,1,08,04,41,259,46,06,18,248,39,10,49,311,48,11,21,321,36*60
$GAGSV,2,2,08,12,71,283,45,19,66,004,45,28,64,282,48,33,44,162,48*65
$GAGSV,2,1,08,04,41,259,46,06,18,248,39,10,49,311,48,11,21,321,36*60
$GAGSV,2,2,08,12,71,283,45,19,66,004,45,28,64,282,48,33,44,162,48*65
$GAGSV,2,1,08,04,41,259,46,06,18,248,39,10,49,311,48,11,21,321,36*60
$GAGSV,2,2,08,12,71,283,45,19,66,004,45,28,64,282,48,33,44,162,48*65
$GAGSV,2,1,08,04,41,259,46,06,18,248,39,10,49,311,48,11,21,321,36*60
$GAGSV,2,2,08,12,71,283,45,19,66,004,45,28,64,282,48,33,44,162,48*65
$GAGSV,2,1,08,04,41,259,46,06,18,248,39,10,49,311,48,11,21,321,37*61
$GAGSV,2,2,08,12,71,283,46,19,66,004,44,28,64,282,48,33,44,162,48*67
$GAGSV,2,1,08,04,41,259,46,06,18,248,39,10,49,311,48,11,21,321,37*61
$GAGSV,2,2,08,12,71,283,46,19,66,004,44,28,64,282,48,33,44,162,48*67
$GAGSV,2,1,08,04,41,259,46,06,18,248,39,10,49,311,48,11,21,321,37*61
$GAGSV,2,2,08,12,71,283,46,19,66,004,44,28,64,282,48,33,44,162,48*67
$GAGSV,2,1,08,04,41,259,46,06,18,248,39,10,49,311,48,11,21,321,37*61
$GAGSV,2,2,08,12,71,283,46,19,66,004,44,28,64,282,48,33,44,162,48*67
$GAGSV,2,1,08,04,41,259,46,06,18,248,39,10,49,311,48,11,21,321,37*61
$GAGSV,2,2,08,12,71,283,46,19,66,004,44,28,64,282,48,33,44,162,48*67
$GAGSV,2,1,08,04,41,259,46,06,18,248,39,10,49,311,48,11,21,321,37*61
$GAGSV,2,2,08,12,71,283,45,19,66,004,44,28,64,282,48,33,44,162,47*6B
$GAGSV,2,1,08,04,41,259,46,06,18,248,39,10,49,311,48,11,21,321,37*61
$GAGSV,2,2,08,12,71,283,46,19,66,004,44,28,64,282,48,33,44,162,47*68
$GAGSV,2,1,08,04,41,259,46,06,18,248,39,10,49,311,48,11,21,321,37*61
$GAGSV,2,2,08,12,71,283,46,19,66,004,44,28,64,282,48,33,44,162,47*68
$GAGSV,2,1,08,04,41,259,46,06,18,248,39,10,49,311,48,11,21,321,37*61
$GAGSV,2,2,08,12,71,283,46,19,66,004,45,28,64,282,48,33,44,162,47*69
$GAGSV,2,1,08,04,41,259,46,06,18,248,39,10,49,311,48,11,21,321,37*61
$GAGSV,2,2,08,12,71,283,46,19,66,004,45,28,64,282,48,33,44,162,47*69
$GAGSV,2,1,08,04,41,259,46,06,18,248,39,10,49,311,48,11,21,321,37*61
$GAGSV,2,2,08,12,71,283,46,19,66,004,45,28,64,282,48,33,44,162,47*69
$GAGSV,2,1,08,04,41,259,46,06,18,248,39,10,49,311,48,11,21,321,37*61
$GAGSV,2,2,08,12,71,283,46,19,66,004,45,28,64,282,48,33,44,162,47*69
$GAGSV,2,1,08,04,41,259,46,06,18,248,39,10,49,311,48,11,21,321,37*61
$GAGSV,2,2,08,12,71,283,46,19,66,004,45,28,64,282,48,33,44,162,47*69
$GAGSV,2,1,08,04,41,259,46,06,18,248,39,10,49,311,48,11,21,321,37*61
$GAGSV,2,2,08,12,71,283,46,19,66,004,44,28,64,282,48,33,44,162,47*68
$GAGSV,2,1,08,04,41,259,46,06,18,248,39,10,49,311,48,11,21,321,37*61
$GAGSV,2,2,08,12,71,283,46,19,66,004,44,28,64,282,48,33,44,162,47*68
$GAGSV,2,1,08,04,41,259,46,06,18,248,39,10,49,311,48,11,21,321,37*61
$GAGSV,2,2,08,12,71,283,46,19,66,004,44,28,64,282,48,33,44,162,47*68
$GAGSV,2,1,08,04,41,259,46,06,18,248,38,10,49,311,48,11,21,321,37*60
$GAGSV,2,2,08,12,71,283,45,19,66,004,44,28,64,282,48,33,44,162,47*6B
$GAGSV,2,1,08,04,41,259,46,06,18,248,38,10,49,311,48,11,21,321,37*60
$GAGSV,2,2,08,12,71,283,45,19,66,004,45,28,64,282,48,33,44,162,47*6A
$GAGSV,2,1,08,04,41,259,46,06,18,248,38,10,49,311,48,11,21,321,37*60
$GAGSV,2,2,08,12,71,283,45,19,66,004,44,28,64,282,48,33,44,162,47*6B
$GAGSV,2,1,08,04,41,259,46,06,18,248,38,10,49,311,48,11,21,321,37*60
$GAGSV,2,2,08,12,71,283,45,19,66,004,44,28,64,282,48,33,44,162,47*6B
$GAGSV,2,1,08,04,41,259,46,06,18,248,38,10,49,311,48,11,21,321,37*60
$GAGSV,2,2,08,12,71,283,45,19,66,004,44,28,64,282,48,33,44,162,47*6B
$GAGSV,2,1,08,04,41,259,46,06,18,248,38,10,49,311,48,11,21,321,36*61
$GAGSV,2,2,08,12,71,283,45,19,66,004,44,28,64,282,48,33,44,162,47*6B
$GAGSV,2,1,08,04,41,259,46,06,18,248,38,10,49,311,48,11,21,321,36*61
$GAGSV,2,2,08,12,71,283,45,19,66,004,44,28,64,282,48,33,44,162,47*6B
$GAGSV,2,1,08,04,41,259,46,06,18,248,38,10,49,311,48,11,21,321,36*61
$GAGSV,2,2,08,12,71,283,45,19,66,004,44,28,64,282,48,33,44,162,47*6B
$GAGSV,2,1,08,04,41,259,46,06,18,248,38,10,49,311,48,11,21,321,36*61
$GAGSV,2,2,08,12,71,283,45,19,66,004,44,28,64,282,48,33,44,162,47*6B
$GAGSV,2,1,08,04,41,259,46,06,18,248,38,10,49,311,48,11,21,321,36*61
$GAGSV,2,2,08,12,71,283,45,19,66,004,44,28,64,282,48,33,44,162,47*6B
$GAGSV,2,1,08,04,41,259,46,06,18,248,38,10,49,311,48,11,21,321,36*61
$GAGSV,2,2,08,12,71,283,45,19,66,004,45,28,64,282,48,33,44,162,48*65
$GAGSV,2,1,08,04,41,259,46,06,18,248,38,10,49,311,48,11,21,321,36*61
$GAGSV,2,2,08,12,71,283,45,19,66,004,45,28,64,282,48,33,44,162,48*65
$GAGSV,2,1,08,04,41,259,46,06,18,248,38,10,49,311,48,11,21,321,36*61
$GAGSV,2,2,08,12,71,283,45,19,66,004,45,28,64,282,48,33,44,162,48*65
$GAGSV,2,1,08,04,41,259,46,06,18,248,38,10,49,311,48,11,21,321,36*61
$GAGSV,2,2,08,12,71,283,45,19,66,004,45,28,64,282,48,33,44,162,48*65
$GAGSV,2,1,08,04,41,259,46,06,18,248,38,10,49,311,48,11,21,321,37*60
$GAGSV,2,2,08,12,71,283,45,19,66,004,45,28,64,282,48,33,44,162,48*65
$GAGSV,2,1,08,04,41,259,46,06,18,248,38,10,49,311,48,11,21,321,37*60
$GAGSV,2,2,08,12,71,283,45,19,66,004,45,28,64,282,48,33,44,162,48*65
$GAGSV,2,1,08,04,41,259,46,06,18,248,38,10,49,311,48,11,21,321,37*60
$GAGSV,2,2,08,12,71,283,45,19,66,004,45,28,64,282,48,33,44,162,48*65
$GAGSV,2,1,08,04,41,259,46,06,18,248,38,10,49,311,48,11,21,321,37*60
$GAGSV,2,2,08,12,71,283,45,19,66,004,45,28,64,282,48,33,44,162,48*65
$GAGSV,2,1,08,04,41,259,46,06,18,248,38,10,49,311,48,11,21,321,37*60
$GAGSV,2,2,08,12,71,283,45,19,66,004,45,28,64,282,48,33,44,162,48*65
$GAGSV,2,1,08,04,41,259,46,06,18,248,38,10,49,311,48,11,21,321,37*60
$GAGSV,2,2,08,12,71,283,45,19,66,004,45,28,64,282,48,33,44,162,48*65
$GAGSV,2,1,08,04,41,259,46,06,18,248,38,10,49,311,48,11,21,321,37*60
$GAGSV,2,2,08,12,71,283,45,19,66,004,45,28,64,282,48,33,44,162,48*65
$GAGSV,2,1,08,04,41,259,46,06,18,248,38,10,49,311,48,11,21,321,37*60
$GAGSV,2,2,08,12,71,283,45,19,66,004,45,28,64,282,48,33,44,162,48*65
$GAGSV,2,1,08,04,41,259,46,06,18,248,38,10,49,311,48,11,21,321,37*60
$GAGSV,2,2,08,12,71,283,46,19,66,004,45,28,64,282,48,33,44,162,48*66
$GAGSV,2,1,08,04,41,259,46,06,18,248,38,10,49,311,48,11,21,321,37*60
$GAGSV,2,2,08,12,71,283,46,19,66,004,45,28,64,282,48,33,44,162,48*66
$GAGSV,2,1,08,04,41,259,46,06,18,248,38,10,49,311,48,11,21,321,37*60
$GAGSV,2,2,08,12,71,283,46,19,66,004,45,28,64,282,48,33,44,162,48*66
$GAGSV,2,1,08,04,41,259,46,06,18,248,38,10,49,311,48,11,21,321,37*60
$GAGSV,2,2,08,12,71,283,46,19,66,004,45,28,64,282,48,33,44,162,48*66
$GAGSV,2,1,08,04,41,259,46,06,18,248,38,10,49,311,48,11,21,321,37*60
$GAGSV,2,2,08,12,71,283,46,19,66,004,45,28,64,282,48,33,44,162,48*66
$GAGSV,2,1,08,04,41,259,46,06,18,248,38,10,49,311,48,11,21,321,37*60
$GAGSV,2,2,08,12,71,283,46,19,66,004,45,28,64,282,48,33,44,162,48*66
$GAGSV,2,1,08,04,41,259,46,06,18,248,38,10,49,311,48,11,21,321,37*60
$GAGSV,2,2,08,12,71,283,46,19,66,004,45,28,64,282,48,33,44,162,48*66
$GAGSV,2,1,08,04,41,259,46,06,18,248,38,10,49,311,48,11,21,321,37*60
$GAGSV,2,2,08,12,71,283,46,19,66,004,45,28,64,282,48,33,44,162,48*66
$GAGSV,2,1,08,04,41,259,46,06,18,248,38,10,49,311,48,11,21,321,37*60
$GAGSV,2,2,08,12,71,283,46,19,66,004,45,28,64,282,48,33,44,162,48*66
$GAGSV,2,1,08,04,41,259,46,06,18,248,38,10,49,311,48,11,21,321,36*61
$GAGSV,2,2,08,12,71,283,46,19,66,004,45,28,64,282,48,33,44,162,48*66
$GAGSV,2,1,08,04,41,259,46,06,18,248,38,10,49,311,48,11,21,321,37*60
$GAGSV,2,2,08,12,71,283,46,19,66,004,45,28,64,282,48,33,44,162,48*66
$GAGSV,2,1,08,04,41,259,46,06,18,248,38,10,49,311,48,11,21,321,37*60
$GAGSV,2,2,08,12,71,283,46,19,66,004,45,28,64,282,48,33,44,162,48*66
$GAGSV,2,1,08,04,41,259,46,06,18,248,38,10,49,311,48,11,21,321,37*60
$GAGSV,2,2,08,12,71,283,46,19,66,004,45,28,64,282,48,33,44,162,48*66
$GAGSV,2,1,08,04,41,259,46,06,18,248,38,10,49,311,48,11,21,321,36*61
$GAGSV,2,2,08,12,71,283,46,19,66,004,45,28,64,282,48,33,44,162,48*66
$GAGSV,2,1,08,04,41,259,46,06,18,248,38,10,49,311,48,11,21,321,36*61
$GAGSV,2,2,08,12,71,283,46,19,66,004,45,28,64,282,48,33,44,162,48*66
$GAGSV,2,1,08,04,41,259,46,06,18,248,38,10,49,311,48,11,21,321,36*61
$GAGSV,2,2,08,12,71,283,46,19,66,004,45,28,64,282,48,33,44,162,48*66
$GAGSV,2,1,08,04,41,259,46,06,18,248,37,10,49,311,48,11,21,321,36*6E
$GAGSV,2,2,08,12,71,283,46,19,66,004,45,28,64,282,48,33,44,162,48*66
$GAGSV,2,1,08,04,41,259,46,06,18,248,37,10,49,311,48,11,21,321,36*6E
$GAGSV,2,2,08,12,71,283,46,19,66,004,45,28,64,282,48,33,44,162,48*66
$GAGSV,2,1,08,04,41,259,46,06,18,248,37,10,49,311,48,11,21,321,36*6E
$GAGSV,2,2,08,12,71,283,46,19,66,004,45,28,64,282,48,33,44,162,48*66
$GAGSV,2,1,08,04,41,259,46,06,18,248,37,10,49,311,48,11,21,321,36*6E
$GAGSV,2,2,08,12,71,283,46,19,66,004,45,28,64,282,48,33,44,162,48*66
$GAGSV,2,1,08,04,41,259,46,06,18,248,37,10,49,311,48,11,21,321,36*6E
$GAGSV,2,2,08,12,71,283,46,19,66,004,45,28,64,282,48,33,44,162,48*66
$GAGSV,2,1,08,04,41,259,46,06,18,248,37,10,49,311,48,11,21,321,36*6E
$GAGSV,2,2,08,12,71,283,46,19,66,004,45,28,64,282,48,33,44,162,48*66
$GAGSV,2,1,08,04,41,259,46,06,18,248,37,10,49,311,48,11,22,321,36*6D
$GAGSV,2,2,08,12,71,283,46,19,66,004,45,28,64,282,48,33,44,162,48*66
$GAGSV,2,1,08,04,41,259,46,06,18,248,37,10,49,311,48,11,22,321,36*6D
$GAGSV,2,2,08,12,71,283,46,19,66,004,45,28,64,282,48,33,44,162,48*66
$GAGSV,2,1,08,04,41,259,46,06,18,248,37,10,49,311,48,11,22,321,36*6D
$GAGSV,2,2,08,12,71,283,46,19,66,004,45,28,64,282,48,33,44,162,48*66
$GAGSV,2,1,08,04,41,259,46,06,18,248,37,10,49,311,48,11,22,321,36*6D
$GAGSV,2,2,08,12,71,283,46,19,66,004,45,28,64,282,48,33,44,162,48*66
$GAGSV,2,1,08,04,41,259,46,06,18,248,37,10,49,311,48,11,22,321,36*6D
$GAGSV,2,2,08,12,71,283,46,19,66,004,45,28,64,282,48,33,44,162,48*66
$GAGSV,2,1,08,04,41,259,46,06,18,248,37,10,49,311,48,11,22,321,36*6D
$GAGSV,2,2,08,12,71,283,46,19,66,004,45,28,64,282,48,33,44,162,48*66
$GAGSV,2,1,08,04,41,259,46,06,18,248,37,10,49,311,48,11,22,321,36*6D
$GAGSV,2,2,08,12,71,283,46,19,66,004,45,28,64,282,48,33,44,162,48*66
$GAGSV,2,1,08,04,41,259,46,06,18,248,37,10,49,311,48,11,22,321,36*6D
$GAGSV,2,2,08,12,71,283,46,19,66,004,45,28,64,282,48,33,44,162,48*66
$GAGSV,2,1,08,04,41,259,46,06,18,248,37,10,49,311,48,11,22,321,36*6D
$GAGSV,2,2,08,12,71,283,46,19,66,004,45,28,64,282,48,33,44,162,48*66
$GAGSV,2,1,08,04,41,259,46,06,18,248,37,10,49,311,48,11,22,321,36*6D
$GAGSV,2,2,08,12,71,283,46,19,66,004,45,28,64,282,48,33,44,162,48*66
$GAGSV,2,1,08,04,41,259,46,06,18,248,37,10,49,311,48,11,22,321,36*6D
$GAGSV,2,2,08,12,71,283,46,19,66,004,45,28,64,282,48,33,44,162,48*66
$GAGSV,2,1,08,04,41,259,46,06,18,248,37,10,49,311,48,11,22,321,36*6D
$GAGSV,2,2,08,12,71,283,46,19,66,004,45,28,64,282,48,33,44,162,48*66
$GAGSV,2,1,08,04,41,259,46,06,18,248,37,10,49,311,48,11,22,321,36*6D
$GAGSV,2,2,08,12,71,283,46,19,66,004,45,28,64,282,48,33,44,162,48*66
$GAGSV,2,1,08,04,41,259,46,06,18,248,37,10,49,311,48,11,22,321,36*6D
$GAGSV,2,2,08,12,71,283,45,19,66,004,45,28,64,282,48,33,44,162,48*65
$GAGSV,2,1,08,04,41,259,46,06,18,248,37,10,49,311,48,11,22,321,36*6D
$GAGSV,2,2,08,12,71,283,45,19,66,004,45,28,64,282,48,33,44,162,48*65
$GAGSV,2,1,08,04,41,259,46,06,18,248,37,10,49,311,48,11,22,321,36*6D
$GAGSV,2,2,08,12,71,283,45,19,66,004,45,28,64,282,48,33,44,162,48*65
$GAGSV,2,1,08,04,41,259,47,06,18,248,37,10,49,311,48,11,22,321,36*6C
$GAGSV,2,2,08,12,71,283,45,19,66,004,45,28,64,282,48,33,44,162,48*65
$GAGSV,2,1,08,04,41,259,47,06,18,248,37,10,49,311,48,11,22,321,36*6C
$GAGSV,2,2,08,12,71,283,45,19,66,004,45,28,64,282,48,33,44,162,48*65
$GAGSV,2,1,08,04,41,259,47,06,18,248,38,10,49,311,48,11,22,321,36*63
$GAGSV,2,2,08,12,71,283,45,19,66,004,45,28,64,282,48,33,44,162,48*65
$GAGSV,2,1,08,04,41,259,47,06,18,248,38,10,49,311,48,11,22,321,36*63
$GAGSV,2,2,08,12,71,283,45,19,66,004,45,28,64,282,48,33,44,162,48*65
$GAGSV,2,1,08,04,41,259,47,06,18,248,38,10,49,311,48,11,22,321,36*63
$GAGSV,2,2,08,12,71,283,45,19,66,004,45,28,64,282,48,33,44,162,48*65
$GAGSV,2,1,08,04,41,259,47,06,18,248,38,10,49,311,48,11,22,321,36*63
$GAGSV,2,2,08,12,71,283,45,19,66,004,45,28,64,282,48,33,44,162,48*65
$GAGSV,2,1,08,04,41,259,47,06,18,248,38,10,49,311,48,11,22,321,36*63
$GAGSV,2,2,08,12,71,283,45,19,66,004,45,28,64,282,48,33,44,162,48*65
$GAGSV,2,1,08,04,41,259,47,06,18,248,38,10,49,311,48,11,22,321,36*63
$GAGSV,2,2,08,12,71,283,45,19,66,004,45,28,64,282,48,33,44,162,48*65
$GAGSV,2,1,08,04,41,259,46,06,18,248,38,10,49,311,48,11,22,321,36*62
$GAGSV,2,2,08,12,71,283,45,19,66,004,45,28,64,282,48,33,44,162,48*65
$GAGSV,2,1,08,04,41,259,46,06,18,248,38,10,49,311,48,11,22,321,36*62
$GAGSV,2,2,08,12,71,283,45,19,66,004,45,28,64,282,48,33,44,162,48*65
$GAGSV,2,1,08,04,41,259,46,06,18,248,38,10,49,311,48,11,22,321,35*61
$GAGSV,2,2,08,12,71,283,45,19,66,004,45,28,64,282,48,33,44,162,48*65
$GAGSV,2,1,08,04,41,259,46,06,18,248,38,10,49,311,48,11,22,321,35*61
$GAGSV,2,2,08,12,71,283,45,19,66,004,45,28,64,282,48,33,44,162,48*65
$GAGSV,2,1,08,04,41,259,46,06,18,248,38,10,49,311,48,11,22,321,35*61
$GAGSV,2,2,08,12,71,283,45,19,66,004,45,28,64,282,48,33,44,162,48*65
$GAGSV,2,1,08,04,41,259,46,06,18,248,38,10,49,311,48,11,22,321,35*61
$GAGSV,2,2,08,12,71,283,45,19,66,004,45,28,64,282,48,33,44,162,48*65
$GAGSV,2,1,08,04,41,259,46,06,18,248,38,10,49,311,48,11,22,321,35*61
$GAGSV,2,2,08,12,71,283,45,19,66,004,45,28,64,282,48,33,44,162,48*65
$GAGSV,2,1,08,04,41,259,46,06,18,248,38,10,49,311,48,11,22,321,35*61
$GAGSV,2,2,08,12,71,283,45,19,66,004,45,28,64,282,48,33,44,162,48*65
$GAGSV,2,1,08,04,41,259,46,06,18,248,38,10,49,311,48,11,22,321,35*61
$GAGSV,2,2,08,12,71,283,45,19,66,004,45,28,64,282,48,33,44,162,48*65
$GAGSV,2,1,08,04,41,259,46,06,18,248,38,10,49,311,48,11,22,321,35*61
$GAGSV,2,2,08,12,71,283,45,19,66,004,45,28,64,282,48,33,44,162,48*65
$GAGSV,2,1,08,04,41,259,46,06,18,248,38,10,49,311,48,11,22,321,35*61
$GAGSV,2,2,08,12,71,283,45,19,66,004,45,28,64,282,48,33,44,162,48*65
$GAGSV,2,1,08,04,41,259,46,06,18,248,38,10,49,311,48,11,22,321,36*62
$GAGSV,2,2,08,12,71,283,45,19,66,004,45,28,64,282,48,33,44,162,48*65
$GAGSV,2,1,08,04,41,259,46,06,18,248,38,10,49,311,48,11,22,321,36*62
$GAGSV,2,2,08,12,71,283,45,19,66,004,45,28,64,282,48,33,44,162,48*65
$GAGSV,2,1,08,04,41,259,46,06,18,248,38,10,49,311,48,11,22,321,36*62
$GAGSV,2,2,08,12,71,283,45,19,66,004,45,28,64,282,48,33,44,162,48*65
$GAGSV,2,1,08,04,41,259,46,06,18,248,38,10,49,311,48,11,22,321,36*62
$GAGSV,2,2,08,12,71,283,45,19,66,004,45,28,64,282,48,33,44,162,48*65
$GAGSV,2,1,08,04,41,259,46,06,18,248,38,10,49,311,48,11,22,321,36*62
$GAGSV,2,2,08,12,71,283,45,19,66,004,45,28,64,282,48,33,44,162,48*65
$GAGSV,2,1,08,04,41,259,46,06,18,248,38,10,49,311,48,11,22,321,36*62
$GAGSV,2,2,08,12,71,283,45,19,66,004,45,28,64,282,48,33,44,162,48*65
$GAGSV,2,1,08,04,41,259,46,06,18,248,38,10,49,311,48,11,22,321,36*62
$GAGSV,2,2,08,12,71,283,45,19,66,004,45,28,64,282,48,33,44,162,48*65
$GAGSV,2,1,08,04,41,259,46,06,18,248,38,10,49,311,48,11,22,321,36*62
$GAGSV,2,2,08,12,71,283,46,19,66,004,45,28,64,282,48,33,44,162,48*66
$GAGSV,2,1,08,04,41,259,46,06,18,248,37,10,49,311,48,11,22,321,36*6D
$GAGSV,2,2,08,12,71,283,46,19,66,004,45,28,64,282,48,33,44,162,48*66
$GAGSV,2,1,08,04,41,259,46,06,18,248,37,10,49,311,48,11,22,321,36*6D
$GAGSV,2,2,08,12,71,283,45,19,66,004,45,28,64,282,48,33,44,162,48*65
$GAGSV,2,1,08,04,41,259,47,06,18,248,37,10,49,311,48,11,22,321,36*6C
$GAGSV,2,2,08,12,71,283,45,19,66,004,45,28,64,282,48,33,44,162,48*65
$GAGSV,2,1,08,04,41,259,47,06,18,248,37,10,49,311,48,11,22,321,36*6C
$GAGSV,2,2,08,12,71,283,45,19,66,004,45,28,64,282,48,33,44,162,48*65
$GAGSV,2,1,08,04,41,259,47,06,18,248,37,10,49,311,48,11,22,321,36*6C
$GAGSV,2,2,08,12,71,283,45,19,66,004,45,28,64,282,48,33,44,162,48*65
$GAGSV,2,1,08,04,41,259,47,06,18,248,38,10,49,311,48,11,22,321,36*63
$GAGSV,2,2,08,12,71,283,45,19,66,004,45,28,64,282,48,33,44,162,48*65
$GAGSV,2,1,08,04,41,259,47,06,18,248,38,10,49,311,48,11,22,321,36*63
$GAGSV,2,2,08,12,71,283,45,19,66,004,45,28,64,282,48,33,44,162,48*65
$GAGSV,2,1,08,04,41,259,47,06,18,248,38,10,49,311,48,11,22,321,36*63
$GAGSV,2,2,08,12,71,283,45,19,66,004,44,28,64,282,48,33,44,162,48*64
$GAGSV,2,1,08,04,41,259,47,06,18,248,38,10,49,311,48,11,22,321,36*63
$GAGSV,2,2,08,12,71,283,45,19,66,004,44,28,64,282,48,33,44,162,48*64
$GAGSV,2,1,08,04,41,259,47,06,18,248,38,10,49,311,48,11,22,321,36*63
$GAGSV,2,2,08,12,71,283,45,19,66,004,44,28,64,282,48,33,44,162,48*64
$GAGSV,2,1,08,04,41,259,47,06,18,248,37,10,49,311,48,11,22,321,36*6C
$GAGSV,2,2,08,12,71,283,45,19,66,004,44,28,64,282,48,33,44,162,48*64
$GAGSV,2,1,08,04,41,259,47,06,18,248,37,10,49,311,48,11,22,321,37*6D
$GAGSV,2,2,08,12,71,283,45,19,66,004,44,28,64,282,48,33,44,162,48*64
$GAGSV,2,1,08,04,41,259,47,06,18,248,38,10,49,311,48,11,22,321,37*62
$GAGSV,2,2,08,12,71,283,45,19,66,004,44,28,64,282,48,33,44,162,48*64
$GAGSV,2,1,08,04,41,259,47,06,18,248,38,10,49,311,48,11,22,321,37*62
$GAGSV,2,2,08,12,71,283,46,19,66,004,44,28,64,282,48,33,44,162,48*67
$GAGSV,2,1,08,04,41,259,47,06,18,248,38,10,49,311,48,11,22,321,36*63
$GAGSV,2,2,08,12,71,283,46,19,66,004,44,28,64,282,48,33,44,162,48*67
$GAGSV,2,1,08,04,41,259,47,06,18,248,38,10,49,311,48,11,22,321,36*63
$GAGSV,2,2,08,12,71,283,46,19,66,004,44,28,64,282,48,33,44,162,48*67
$GAGSV,2,1,08,04,41,259,47,06,18,248,38,10,49,311,48,11,22,321,36*63
$GAGSV,2,2,08,12,71,283,46,19,66,004,44,28,64,282,48,33,44,162,48*67
$GAGSV,2,1,08,04,41,259,47,06,18,248,38,10,49,311,48,11,22,321,36*63
$GAGSV,2,2,08,12,71,283,46,19,66,004,44,28,64,282,48,33,44,162,48*67
$GAGSV,2,1,08,04,41,259,47,06,18,248,37,10,49,311,48,11,22,321,36*6C
$GAGSV,2,2,08,12,71,283,46,19,66,004,44,28,64,282,48,33,44,162,48*67
$GAGSV,2,1,08,04,41,259,47,06,18,248,37,10,49,311,48,11,22,321,36*6C
$GAGSV,2,2,08,12,71,283,46,19,66,004,44,28,64,282,48,33,44,162,48*67
$GAGSV,2,1,08,04,41,259,47,06,18,248,37,10,49,311,48,11,22,321,36*6C
$GAGSV,2,2,08,12,71,283,46,19,66,004,44,28,64,282,48,33,44,162,48*67
$GAGSV,2,1,08,04,41,259,47,06,18,248,37,10,49,311,48,11,22,321,36*6C
$GAGSV,2,2,08,12,71,283,46,19,66,004,44,28,64,282,48,33,44,162,48*67
$GAGSV,2,1,08,04,42,259,47,06,18,248,37,10,49,311,48,11,22,321,36*6F
$GAGSV,2,2,08,12,71,283,46,19,66,004,44,28,64,282,48,33,44,162,48*67
$GAGSV,2,1,08,04,42,259,47,06,18,248,36,10,49,311,48,11,22,321,36*6E
$GAGSV,2,2,08,12,71,283,46,19,66,004,44,28,64,282,48,33,44,162,48*67
$GAGSV,2,1,08,04,42,259,47,06,18,248,36,10,49,311,48,11,22,321,36*6E
$GAGSV,2,2,08,12,71,283,46,19,66,004,44,28,64,282,48,33,44,162,48*67
$GAGSV,2,1,08,04,42,259,47,06,18,248,36,10,49,311,48,11,22,321,36*6E
$GAGSV,2,2,08,12,71,283,46,19,66,004,44,28,64,282,48,33,44,162,48*67
$GAGSV,2,1,08,04,42,259,47,06,18,248,36,10,49,311,48,11,22,321,36*6E
$GAGSV,2,2,08,12,71,283,45,19,66,004,44,28,64,282,48,33,44,162,48*64
$GAGSV,2,1,08,04,42,259,47,06,18,248,36,10,49,311,48,11,22,321,36*6E
$GAGSV,2,2,08,12,71,283,45,19,66,004,44,28,64,282,48,33,44,162,48*64
$GAGSV,2,1,08,04,42,259,47,06,18,248,36,10,49,311,48,11,22,321,36*6E
$GAGSV,2,2,08,12,71,283,45,19,66,004,44,28,64,282,48,33,44,162,48*64
$GAGSV,2,1,08,04,42,259,47,06,18,248,36,10,49,311,48,11,22,321,36*6E
$GAGSV,2,2,08,12,71,283,45,19,66,004,44,28,64,282,48,33,44,162,48*64
$GAGSV,2,1,08,04,42,259,47,06,18,248,36,10,49,311,48,11,22,321,36*6E
$GAGSV,2,2,08,12,71,283,45,19,66,004,44,28,64,282,48,33,44,162,48*64
$GAGSV,2,1,08,04,42,259,47,06,18,248,36,10,49,311,48,11,22,321,36*6E
$GAGSV,2,2,08,12,71,283,45,19,66,004,44,28,64,282,48,33,44,162,48*64
$GAGSV,2,1,08,04,42,259,47,06,18,248,36,10,49,311,48,11,22,321,36*6E
$GAGSV,2,2,08,12,71,283,45,19,66,004,44,28,64,282,48,33,44,162,48*64
$GAGSV,2,1,08,04,42,259,47,06,18,248,36,10,49,311,48,11,22,321,36*6E
$GAGSV,2,2,08,12,71,283,45,19,66,004,44,28,64,282,48,33,44,162,48*64
$GAGSV,2,1,08,04,42,259,47,06,18,248,35,10,49,311,48,11,22,321,36*6D
$GAGSV,2,2,08,12,71,283,45,19,66,004,44,28,64,282,48,33,44,162,48*64
$GAGSV,2,1,08,04,42,259,47,06,18,248,35,10,49,311,48,11,22,321,36*6D
$GAGSV,2,2,08,12,71,283,45,19,66,004,44,28,64,282,48,33,44,162,48*64
$GAGSV,2,1,08,04,42,259,47,06,18,248,36,10,49,311,48,11,22,321,37*6F
$GAGSV,2,2,08,12,71,283,45,19,66,004,44,28,64,282,48,33,44,162,48*64
$GAGSV,2,1,08,04,42,259,47,06,18,248,36,10,49,311,48,11,22,321,37*6F
$GAGSV,2,2,08,12,71,283,45,19,66,004,45,28,64,282,48,33,44,162,48*65
$GAGSV,2,1,08,04,42,259,47,06,18,248,35,10,49,311,48,11,22,321,37*6C
$GAGSV,2,2,08,12,71,283,45,19,66,004,45,28,64,282,48,33,44,162,48*65
$GAGSV,2,1,08,04,42,259,47,06,18,248,35,10,49,311,48,11,22,321,37*6C
$GAGSV,2,2,08,12,71,283,46,19,66,004,45,28,64,282,48,33,44,162,48*66
$GAGSV,2,1,08,04,42,259,47,06,18,248,35,10,49,311,48,11,22,321,37*6C
$GAGSV,2,2,08,12,71,283,46,19,66,004,45,28,64,282,48,33,44,162,48*66
$GAGSV,2,1,08,04,42,259,47,06,18,248,35,10,49,311,48,11,22,321,37*6C
$GAGSV,2,2,08,12,71,283,46,19,66,004,45,28,64,282,48,33,44,162,48*66
$GAGSV,2,1,08,04,42,259,47,06,18,248,35,10,49,311,48,11,22,321,37*6C
$GAGSV,2,2,08,12,71,283,46,19,66,004,45,28,64,282,48,33,44,162,48*66
$GAGSV,2,1,08,04,42,259,47,06,18,248,35,10,49,311,48,11,22,321,37*6C
$GAGSV,2,2,08,12,71,283,46,19,66,004,45,28,64,282,48,33,44,162,48*66
$GAGSV,2,1,08,04,42,259,47,06,18,248,35,10,49,311,48,11,22,321,37*6C
$GAGSV,2,2,08,12,71,283,46,19,66,004,45,28,64,282,48,33,44,162,48*66
$GAGSV,2,1,08,04,42,259,47,06,18,248,35,10,49,311,48,11,22,321,36*6D
$GAGSV,2,2,08,12,71,283,46,19,66,004,45,28,64,282,48,33,44,162,48*66
$GAGSV,2,1,08,04,42,259,47,06,18,248,35,10,49,311,48,11,22,321,36*6D
$GAGSV,2,2,08,12,71,283,46,19,66,004,45,28,64,282,48,33,44,162,48*66
$GAGSV,2,1,08,04,42,259,47,06,18,248,35,10,49,311,48,11,22,321,36*6D
$GAGSV,2,2,08,12,71,283,46,19,66,004,45,28,64,282,48,33,44,162,48*66
$GAGSV,2,1,08,04,42,259,47,06,18,248,35,10,49,311,48,11,22,321,36*6D
$GAGSV,2,2,08,12,71,283,46,19,66,004,45,28,64,282,48,33,44,162,48*66
$GAGSV,2,1,08,04,42,259,47,06,18,248,35,10,49,311,48,11,22,321,36*6D
$GAGSV,2,2,08,12,71,283,46,19,66,004,45,28,64,282,48,33,44,162,48*66
$GAGSV,2,1,08,04,42,259,47,06,18,248,35,10,49,311,48,11,22,321,36*6D
$GAGSV,2,2,08,12,71,283,46,19,66,004,45,28,64,282,48,33,44,162,48*66
$GAGSV,2,1,08,04,42,259,47,06,18,248,35,10,49,311,48,11,22,321,36*6D
$GAGSV,2,2,08,12,71,283,46,19,66,004,45,28,64,282,48,33,44,162,48*66
$GAGSV,2,1,08,04,42,259,47,06,18,248,35,10,49,311,48,11,22,321,36*6D
$GAGSV,2,2,08,12,71,283,46,19,66,004,45,28,64,282,48,33,44,162,48*66
$GAGSV,2,1,08,04,42,259,47,06,18,248,36,10,49,311,48,11,22,321,36*6E
$GAGSV,2,2,08,12,71,283,46,19,66,004,45,28,64,282,48,33,44,162,48*66
$GAGSV,2,1,08,04,42,259,47,06,18,248,36,10,49,311,48,11,22,321,36*6E
$GAGSV,2,2,08,12,71,283,46,19,66,004,45,28,64,282,48,33,44,162,48*66
$GAGSV,2,1,08,04,42,259,47,06,18,248,36,10,49,311,48,11,22,321,36*6E
$GAGSV,2,2,08,12,71,283,45,19,66,004,45,28,64,282,48,33,44,162,48*65
$GAGSV,2,1,08,04,42,259,47,06,18,248,36,10,49,311,48,11,22,321,36*6E
$GAGSV,2,2,08,12,71,283,45,19,66,004,45,28,64,282,48,33,44,162,48*65
$GAGSV,2,1,08,04,42,259,47,06,18,248,36,10,49,311,48,11,22,321,36*6E
$GAGSV,2,2,08,12,71,283,45,19,66,004,45,28,64,282,48,33,44,162,48*65
$GAGSV,2,1,08,04,42,259,47,06,18,248,36,10,49,311,48,11,22,321,36*6E
$GAGSV,2,2,08,12,71,283,45,19,66,004,45,28,64,282,48,33,44,162,48*65
$GAGSV,2,1,08,04,42,259,46,06,18,248,36,10,49,311,48,11,22,321,36*6F
$GAGSV,2,2,08,12,71,283,45,19,66,004,45,28,64,282,48,33,44,162,48*65
$GAGSV,2,1,08,04,42,259,46,06,18,248,36,10,49,311,48,11,22,321,36*6F
$GAGSV,2,2,08,12,71,283,45,19,66,004,44,28,64,282,48,33,44,162,48*64
$GAGSV,2,1,08,04,42,259,46,06,18,248,36,10,49,311,48,11,22,321,36*6F
$GAGSV,2,2,08,12,71,283,45,19,66,004,44,28,64,282,48,33,44,162,48*64
$GAGSV,2,1,08,04,42,259,46,06,18,248,36,10,49,311,48,11,22,321,36*6F
$GAGSV,2,2,08,12,71,283,45,19,66,004,44,28,64,282,48,33,44,162,48*64
$GAGSV,2,1,08,04,42,259,46,06,18,248,36,10,49,311,48,11,22,321,36*6F
$GAGSV,2,2,08,12,71,283,45,19,66,004,44,28,64,282,48,33,44,162,48*64
$GAGSV,2,1,08,04,42,259,46,06,18,248,36,10,49,311,48,11,22,321,36*6F
$GAGSV,2,2,08,12,71,283,45,19,66,004,44,28,64,282,48,33,44,162,48*64
$GAGSV,2,1,08,04,42,259,46,06,18,248,36,10,49,311,48,11,22,321,36*6F
$GAGSV,2,2,08,12,71,283,45,19,66,004,44,28,64,282,48,33,44,162,48*64
$GAGSV,2,1,08,04,42,259,46,06,18,248,36,10,49,311,48,11,22,321,36*6F
$GAGSV,2,2,08,12,71,283,45,19,66,004,44,28,64,282,48,33,44,162,48*64
$GAGSV,2,1,08,04,42,259,46,06,18,248,36,10,49,311,48,11,22,321,36*6F
$GAGSV,2,2,08,12,71,283,45,19,66,004,44,28,64,282,48,33,44,162,48*64
$GAGSV,2,1,08,04,42,259,46,06,18,248,36,10,49,311,48,11,22,321,36*6F
$GAGSV,2,2,08,12,71,283,45,19,66,004,44,28,64,282,48,33,44,162,48*64
$GAGSV,2,1,08,04,42,259,46,06,18,248,36,10,49,311,48,11,22,321,36*6F
$GAGSV,2,2,08,12,71,283,45,19,66,004,44,28,64,282,48,33,44,162,48*64
$GAGSV,2,1,08,04,42,259,46,06,18,248,36,10,49,311,48,11,22,321,36*6F
$GAGSV,2,2,08,12,71,283,45,19,66,004,44,28,64,282,48,33,44,162,48*64
$GAGSV,2,1,08,04,42,259,46,06,18,248,36,10,49,311,48,11,22,321,37*6E
$GAGSV,2,2,08,12,71,283,46,19,66,004,44,28,64,282,48,33,44,162,48*67
$GAGSV,2,1,08,04,42,259,46,06,18,248,36,10,49,311,48,11,22,321,37*6E
$GAGSV,2,2,08,12,71,283,46,19,66,004,44,28,64,282,48,33,44,162,48*67
$GAGSV,2,1,08,04,42,259,46,06,18,248,36,10,49,311,48,11,22,321,37*6E
$GAGSV,2,2,08,12,71,283,46,19,66,004,44,28,64,282,48,33,44,162,48*67
$GAGSV,2,1,08,04,42,259,46,06,18,248,36,10,49,311,48,11,22,321,37*6E
$GAGSV,2,2,08,12,71,283,46,19,66,004,44,28,64,282,48,33,44,162,48*67
$GAGSV,2,1,08,04,42,259,46,06,18,248,36,10,49,311,48,11,22,321,37*6E
$GAGSV,2,2,08,12,71,283,46,19,66,004,44,28,64,282,48,33,44,162,48*67
$GAGSV,2,1,08,04,42,259,46,06,18,248,36,10,49,311,48,11,22,321,37*6E
$GAGSV,2,2,08,12,71,283,46,19,66,004,45,28,64,282,48,33,44,162,48*66
$GAGSV,2,1,08,04,42,259,46,06,18,248,36,10,49,311,48,11,22,321,37*6E
$GAGSV,2,2,08,12,71,283,46,19,66,004,45,28,64,282,48,33,44,162,48*66
$GAGSV,2,1,08,04,42,259,46,06,18,248,36,10,49,311,48,11,22,321,37*6E
$GAGSV,2,2,08,12,71,283,46,19,66,004,45,28,64,282,48,33,44,162,48*66
$GAGSV,2,1,08,04,42,259,46,06,18,248,36,10,49,311,48,11,22,321,37*6E
$GAGSV,2,2,08,12,71,283,46,19,66,004,45,28,64,282,48,33,44,162,48*66
$GAGSV,2,1,08,04,42,259,46,06,18,248,36,10,49,311,48,11,22,321,37*6E
$GAGSV,2,2,08,12,71,283,46,19,66,004,45,28,64,282,48,33,44,162,48*66
$GAGSV,2,1,08,04,42,259,46,06,18,248,36,10,49,311,48,11,22,321,36*6F
$GAGSV,2,2,08,12,71,283,46,19,66,004,45,28,64,282,48,33,44,162,48*66
$GAGSV,2,1,08,04,42,259,46,06,18,248,36,10,49,311,48,11,22,321,36*6F
$GAGSV,2,2,08,12,71,283,46,19,66,004,45,28,64,282,48,33,44,162,48*66
$GAGSV,2,1,08,04,42,259,46,06,18,248,36,10,49,311,48,11,22,321,36*6F
$GAGSV,2,2,08,12,71,283,46,19,66,004,45,28,64,282,48,33,44,162,48*66
$GAGSV,2,1,08,04,42,259,46,06,18,248,36,10,49,311,48,11,22,321,36*6F
$GAGSV,2,2,08,12,71,283,46,19,66,004,45,28,64,282,48,33,44,162,48*66
$GAGSV,2,1,08,04,42,259,46,06,18,248,36,10,49,311,48,11,22,321,36*6F
$GAGSV,2,2,08,12,71,283,46,19,66,004,45,28,64,282,48,33,44,162,48*66
$GAGSV,2,1,08,04,42,259,46,06,18,248,36,10,49,311,48,11,22,321,36*6F
$GAGSV,2,2,08,12,71,283,46,19,66,004,45,28,64,282,48,33,44,162,48*66
$GAGSV,2,1,08,04,42,259,46,06,18,248,36,10,49,311,48,11,22,321,36*6F
$GAGSV,2,2,08,12,71,283,46,19,66,004,45,28,64,282,48,33,44,162,48*66
$GAGSV,2,1,08,04,42,259,46,06,18,248,36,10,49,311,48,11,22,321,36*6F
$GAGSV,2,2,08,12,71,283,45,19,66,004,45,28,64,282,48,33,44,162,48*65
$GAGSV,2,1,08,04,42,259,46,06,18,248,36,10,49,311,48,11,22,321,36*6F
$GAGSV,2,2,08,12,71,283,45,19,66,004,45,28,64,282,48,33,44,162,48*65
$GAGSV,2,1,08,04,42,259,46,06,18,248,37,10,49,311,48,11,22,321,36*6E
$GAGSV,2,2,08,12,71,283,45,19,66,004,45,28,64,282,48,33,44,162,48*65
$GAGSV,2,1,08,04,42,259,46,06,18,248,37,10,49,311,48,11,22,321,36*6E
$GAGSV,2,2,08,12,71,283,45,19,66,004,45,28,64,282,48,33,44,162,48*65
$GAGSV,2,1,08,04,42,259,46,06,18,248,37,10,49,311,48,11,22,321,36*6E
$GAGSV,2,2,08,12,71,283,45,19,66,004,45,28,64,282,48,33,44,162,48*65
$GAGSV,2,1,08,04,42,259,46,06,18,248,37,10,49,311,47,11,22,321,36*61
$GAGSV,2,2,08,12,71,283,45,19,66,004,45,28,64,282,48,33,44,162,48*65
$GAGSV,2,1,08,04,42,259,46,06,18,248,37,10,49,311,47,11,22,321,36*61
$GAGSV,2,2,08,12,71,283,45,19,66,004,45,28,64,282,48,33,44,162,48*65
$GAGSV,2,1,08,04,42,259,46,06,18,248,37,10,49,311,47,11,22,321,36*61
$GAGSV,2,2,08,12,71,283,45,19,66,004,45,28,64,282,48,33,44,162,48*65
$GAGSV,2,1,08,04,42,259,46,06,18,248,37,10,49,311,47,11,22,321,36*61
$GAGSV,2,2,08,12,71,283,45,19,66,004,45,28,64,282,48,33,44,162,48*65
$GAGSV,2,1,08,04,42,259,46,06,18,248,37,10,49,311,47,11,22,321,36*61
$GAGSV,2,2,08,12,71,283,45,19,66,004,45,28,64,282,48,33,44,162,48*65
$GAGSV,2,1,08,04,42,259,46,06,18,248,37,10,49,311,48,11,22,321,36*6E
$GAGSV,2,2,08,12,71,283,45,19,66,004,45,28,64,282,48,33,44,162,48*65
$GAGSV,2,1,08,04,42,259,46,06,18,248,37,10,49,311,48,11,22,321,36*6E
$GAGSV,2,2,08,12,71,283,45,19,66,004,45,28,64,282,48,33,44,162,48*65
$GAGSV,2,1,08,04,42,259,46,06,18,248,37,10,49,311,48,11,22,321,36*6E
$GAGSV,2,2,08,12,71,283,45,19,66,004,45,28,64,282,48,33,44,162,48*65
$GAGSV,2,1,08,04,42,259,46,06,18,248,37,10,49,311,48,11,22,321,36*6E
$GAGSV,2,2,08,12,71,283,45,19,66,004,45,28,64,282,48,33,44,162,48*65
$GAGSV,2,1,08,04,42,259,46,06,18,248,37,10,49,311,48,11,22,321,36*6E
$GAGSV,2,2,08,12,71,283,45,19,66,004,45,28,64,282,48,33,44,162,48*65
$GAGSV,2,1,08,04,42,259,46,06,18,248,37,10,49,311,48,11,22,321,36*6E
$GAGSV,2,2,08,12,71,283,45,19,66,004,45,28,64,282,48,33,44,162,48*65
$GAGSV,2,1,08,04,42,259,46,06,18,248,37,10,49,311,48,11,22,321,36*6E
$GAGSV,2,2,08,12,71,283,45,19,66,004,45,28,64,282,48,33,44,162,48*65
$GAGSV,2,1,08,04,42,259,46,06,18,248,38,10,49,311,48,11,22,321,37*60
$GAGSV,2,2,08,12,71,283,45,19,66,004,44,28,64,282,48,33,44,162,48*64
$GAGSV,2,1,08,04,42,259,46,06,18,248,38,10,49,311,48,11,22,321,37*60
$GAGSV,2,2,08,12,71,283,45,19,66,004,44,28,64,282,48,33,44,162,48*64
$GAGSV,2,1,08,04,42,259,46,06,18,248,38,10,49,311,48,11,22,321,37*60
$GAGSV,2,2,08,12,71,283,45,19,66,004,44,28,64,282,48,33,44,162,48*64
$GAGSV,2,1,08,04,42,259,45,06,18,248,38,10,49,311,48,11,22,321,37*63
$GAGSV,2,2,08,12,71,283,45,19,66,004,44,28,64,282,48,33,44,162,48*64
$GAGSV,2,1,08,04,42,259,45,06,18,248,38,10,49,311,48,11,22,321,37*63
$GAGSV,2,2,08,12,71,283,45,19,66,004,44,28,64,282,48,33,44,162,48*64
$GAGSV,2,1,08,04,42,259,46,06,18,248,38,10,49,311,48,11,22,321,37*60
$GAGSV,2,2,08,12,71,283,45,19,66,004,44,28,64,282,48,33,44,162,48*64
$GAGSV,2,1,08,04,42,259,45,06,18,248,38,10,49,311,48,11,22,321,37*63
$GAGSV,2,2,08,12,71,283,45,19,66,004,44,28,64,282,48,33,44,162,48*64
$GAGSV,2,1,08,04,42,259,45,06,18,248,38,10,49,311,48,11,22,321,37*63
$GAGSV,2,2,08,12,71,283,45,19,66,004,44,28,64,282,48,33,44,162,48*64
$GAGSV,2,1,08,04,42,259,45,06,18,248,38,10,49,311,48,11,22,321,37*63
$GAGSV,2,2,08,12,71,283,46,19,66,004,44,28,64,282,48,33,44,162,48*67
$GAGSV,2,1,08,04,42,259,46,06,18,248,38,10,49,311,48,11,22,321,37*60
$GAGSV,2,2,08,12,71,283,46,19,66,004,44,28,64,282,48,33,44,162,48*67
$GAGSV,2,1,08,04,42,259,46,06,18,248,38,10,49,311,48,11,22,321,37*60
$GAGSV,2,2,08,12,71,283,46,19,66,004,44,28,64,282,48,33,44,162,48*67
$GAGSV,2,1,08,04,42,259,46,06,18,248,38,10,49,311,48,11,22,321,37*60
$GAGSV,2,2,08,12,71,283,46,19,66,004,44,28,64,282,48,33,44,162,48*67
$GAGSV,2,1,08,04,42,259,46,06,18,248,38,10,49,311,48,11,22,321,37*60
$GAGSV,2,2,08,12,71,282,46,19,66,004,44,28,64,282,48,33,44,162,48*66
$GAGSV,2,1,08,04,42,259,46,06,18,248,38,10,49,311,48,11,22,321,37*60
$GAGSV,2,2,08,12,71,282,46,19,66,004,44,28,64,282,48,33,44,162,48*66
$GAGSV,2,1,08,04,42,259,45,06,18,248,38,10,49,311,48,11,22,321,37*63
$GAGSV,2,2,08,12,71,282,46,19,66,004,44,28,64,282,48,33,44,162,48*66
$GAGSV,2,1,08,04,42,259,46,06,18,248,38,10,49,311,48,11,22,321,37*60
$GAGSV,2,2,08,12,71,282,46,19,66,004,44,28,64,282,48,33,44,162,48*66
$GAGSV,2,1,08,04,42,259,46,06,18,248,38,10,49,311,48,11,22,321,37*60
$GAGSV,2,2,08,12,71,282,46,19,66,004,44,28,64,282,48,33,44,162,48*66
$GAGSV,2,1,08,04,42,259,46,06,18,248,38,10,49,311,48,11,22,321,37*60
$GAGSV,2,2,08,12,71,282,46,19,66,004,44,28,64,282,48,33,44,162,48*66
$GAGSV,2,1,08,04,42,259,46,06,18,248,38,10,49,311,48,11,22,321,37*60
$GAGSV,2,2,08,12,71,282,46,19,66,004,44,28,64,282,48,33,44,162,48*66
$GAGSV,2,1,08,04,42,259,46,06,18,248,38,10,49,311,48,11,22,321,36*61
$GAGSV,2,2,08,12,71,282,46,19,66,004,44,28,64,282,48,33,44,162,48*66
$GAGSV,2,1,08,04,42,259,46,06,18,248,37,10,49,311,48,11,22,321,36*6E
$GAGSV,2,2,08,12,71,282,46,19,66,004,44,28,64,282,48,33,44,162,48*66
$GAGSV,2,1,08,04,42,259,46,06,18,248,37,10,49,311,48,11,22,321,36*6E
$GAGSV,2,2,08,12,71,282,46,19,66,004,44,28,64,282,48,33,44,162,48*66
$GAGSV,2,1,08,04,42,259,46,06,18,248,37,10,49,311,48,11,22,321,36*6E
$GAGSV,2,2,08,12,71,282,46,19,66,004,44,28,64,282,48,33,44,162,48*66
$GAGSV,2,1,08,04,42,259,46,06,18,248,37,10,49,311,48,11,22,321,36*6E
$GAGSV,2,2,08,12,71,282,46,19,66,004,44,28,64,282,48,33,44,162,48*66
$GAGSV,2,1,08,04,42,259,46,06,18,248,37,10,49,311,48,11,22,321,36*6E
$GAGSV,2,2,08,12,71,282,46,19,66,004,45,28,64,282,48,33,44,162,48*67
$GAGSV,2,1,08,04,42,259,46,06,18,248,37,10,49,311,48,11,22,321,36*6E
$GAGSV,2,2,08,12,71,282,46,19,66,004,45,28,64,282,48,33,44,162,48*67
$GAGSV,2,1,08,04,42,259,46,06,18,248,37,10,49,311,48,11,22,321,36*6E
$GAGSV,2,2,08,12,71,282,45,19,66,004,45,28,64,282,48,33,44,162,48*64
$GAGSV,2,1,08,04,42,259,46,06,18,248,37,10,49,311,48,11,22,321,36*6E
$GAGSV,2,2,08,12,71,282,45,19,66,004,45,28,64,282,48,33,43,162,48*63
$GAGSV,2,1,08,04,42,259,46,06,18,248,37,10,49,311,48,11,22,321,36*6E
$GAGSV,2,2,08,12,71,282,45,19,66,004,45,28,64,282,48,33,43,162,48*63
$GAGSV,2,1,08,04,42,259,46,06,18,248,37,10,49,311,48,11,22,321,36*6E
$GAGSV,2,2,08,12,71,282,45,19,66,004,45,28,64,282,48,33,43,162,48*63
$GAGSV,2,1,08,04,42,259,46,06,18,248,36,10,49,311,48,11,22,321,36*6F
$GAGSV,2,2,08,12,71,282,45,19,66,004,45,28,64,282,48,33,43,162,48*63
$GAGSV,2,1,08,04,42,259,46,06,18,248,35,10,49,311,48,11,22,321,36*6C
$GAGSV,2,2,08,12,71,282,45,19,66,004,45,28,64,282,48,33,43,162,48*63
$GAGSV,2,1,08,04,42,259,46,06,18,248,35,10,49,311,48,11,22,321,36*6C
$GAGSV,2,2,08,12,71,282,45,19,66,004,45,28,64,282,48,33,43,162,48*63
$GAGSV,2,1,08,04,42,259,46,06,18,248,36,10,49,311,48,11,22,321,37*6E
$GAGSV,2,2,08,12,71,282,45,19,66,004,45,28,64,282,48,33,43,162,48*63
$GAGSV,2,1,08,04,42,259,46,06,18,248,36,10,49,311,48,11,22,321,37*6E
$GAGSV,2,2,08,12,71,282,45,19,66,004,45,28,64,282,48,33,43,162,48*63
$GAGSV,2,1,08,04,42,259,46,06,18,248,36,10,49,311,48,11,22,321,37*6E
$GAGSV,2,2,08,12,71,282,45,19,66,004,45,28,64,282,48,33,43,162,48*63
$GAGSV,2,1,08,04,42,259,46,06,18,248,36,10,49,311,48,11,22,321,36*6F
$GAGSV,2,2,08,12,71,282,45,19,66,004,45,28,64,282,48,33,43,162,48*63
$GAGSV,2,1,08,04,42,259,46,06,18,248,36,10,49,311,48,11,22,321,36*6F
$GAGSV,2,2,08,12,71,282,45,19,66,004,45,28,64,282,48,33,43,162,48*63
$GAGSV,2,1,08,04,42,259,46,06,18,248,36,10,49,311,48,11,22,321,36*6F
$GAGSV,2,2,08,12,71,282,45,19,66,004,45,28,64,282,48,33,43,162,48*63
$GAGSV,2,1,08,04,42,259,46,06,18,248,36,10,49,311,48,11,22,321,36*6F
$GAGSV,2,2,08,12,71,282,45,19,66,004,45,28,64,282,48,33,43,162,48*63
$GAGSV,2,1,08,04,42,259,46,06,18,248,36,10,49,311,48,11,22,321,36*6F
$GAGSV,2,2,08,12,71,282,45,19,66,004,45,28,64,282,48,33,43,162,48*63
$GAGSV,2,1,08,04,42,259,46,06,18,248,36,10,49,311,48,11,22,321,36*6F
$GAGSV,2,2,08,12,71,282,45,19,66,004,45,28,64,282,48,33,43,162,48*63
$GAGSV,2,1,08,04,42,259,46,06,18,248,36,10,49,311,48,11,22,321,36*6F
$GAGSV,2,2,08,12,71,282,45,19,66,004,45,28,64,282,48,33,43,162,48*63
$GAGSV,2,1,08,04,42,259,46,06,18,248,35,10,49,311,48,11,22,321,36*6C
$GAGSV,2,2,08,12,71,282,45,19,66,004,45,28,64,282,48,33,43,162,48*63
$GAGSV,2,1,08,04,42,259,46,06,18,248,35,10,49,311,48,11,22,321,36*6C
$GAGSV,2,2,08,12,71,282,45,19,66,004,45,28,64,282,48,33,43,162,48*63
$GAGSV,2,1,08,04,42,259,46,06,18,248,35,10,49,311,48,11,22,321,36*6C
$GAGSV,2,2,08,12,71,282,45,19,66,004,45,28,64,282,48,33,43,162,48*63
$GAGSV,2,1,08,04,42,259,46,06,18,248,35,10,49,311,48,11,22,321,36*6C
$GAGSV,2,2,08,12,71,282,45,19,66,004,45,28,64,282,48,33,43,162,48*63
$GAGSV,2,1,08,04,42,259,46,06,18,248,36,10,49,311,48,11,22,321,36*6F
$GAGSV,2,2,08,12,71,282,45,19,66,004,45,28,64,282,48,33,43,162,48*63
$GAGSV,2,1,08,04,42,259,46,06,18,248,36,10,49,311,48,11,22,321,36*6F
$GAGSV,2,2,08,12,71,282,46,19,66,004,45,28,64,282,48,33,43,162,48*60
$GAGSV,2,1,08,04,42,259,47,06,18,248,36,10,49,311,48,11,22,321,36*6E
$GAGSV,2,2,08,12,71,282,46,19,66,004,45,28,64,282,48,33,43,162,48*60
$GAGSV,2,1,08,04,42,259,47,06,18,248,36,10,49,311,48,11,22,321,36*6E
$GAGSV,2,2,08,12,71,282,46,19,66,004,45,28,64,282,48,33,43,162,48*60
$GAGSV,2,1,08,04,42,259,47,06,18,248,36,10,49,311,48,11,22,321,36*6E
$GAGSV,2,2,08,12,71,282,46,19,66,004,45,28,64,282,48,33,43,162,48*60
$GAGSV,2,1,08,04,42,259,47,06,18,248,36,10,49,311,48,11,22,321,36*6E
$GAGSV,2,2,08,12,71,282,46,19,66,004,45,28,64,282,48,33,43,162,48*60
$GAGSV,2,1,08,04,42,259,47,06,18,248,36,10,49,311,48,11,22,321,36*6E
$GAGSV,2,2,08,12,71,282,46,19,66,004,45,28,64,282,48,33,43,162,48*60
$GAGSV,2,1,08,04,42,259,47,06,18,248,36,10,49,311,48,11,22,321,36*6E
$GAGSV,2,2,08,12,71,282,46,19,66,004,45,28,64,282,48,33,43,162,48*60
$GAGSV,2,1,08,04,42,259,47,06,18,248,36,10,49,311,48,11,22,321,36*6E
$GAGSV,2,2,08,12,71,282,46,19,66,004,45,28,64,282,48,33,43,162,48*60
$GAGSV,2,1,08,04,42,259,47,06,18,248,35,10,49,311,48,11,22,321,36*6D
$GAGSV,2,2,08,12,71,282,46,19,66,004,45,28,64,282,48,33,43,162,48*60
$GAGSV,2,1,08,04,42,259,47,06,18,248,35,10,49,311,48,11,22,321,36*6D
$GAGSV,2,2,08,12,71,282,46,19,66,004,45,28,64,282,48,33,43,162,48*60
$GAGSV,2,1,08,04,42,259,47,06,18,248,35,10,49,311,48,11,22,321,36*6D
$GAGSV,2,2,08,12,71,282,46,19,66,004,45,28,64,282,48,33,43,162,48*60
$GAGSV,2,1,08,04,42,259,47,06,18,248,35,10,49,311,48,11,22,321,36*6D
$GAGSV,2,2,08,12,71,282,46,19,66,004,45,28,64,282,48,33,43,162,48*60
$GAGSV,2,1,08,04,42,259,46,06,18,248,35,10,49,311,48,11,22,321,36*6C
$GAGSV,2,2,08,12,71,282,46,19,66,004,45,28,64,282,48,33,43,162,48*60
$GAGSV,2,1,08,04,42,259,46,06,18,248,35,10,49,311,48,11,22,321,36*6C
$GAGSV,2,2,08,12,71,282,46,19,66,004,45,28,64,282,48,33,43,162,48*60
$GAGSV,2,1,08,04,42,259,46,06,18,248,35,10,49,311,48,11,22,321,36*6C
$GAGSV,2,2,08,12,71,282,46,19,66,004,45,28,64,282,48,33,43,162,48*60
$GAGSV,2,1,08,04,42,259,46,06,18,248,35,10,49,311,48,11,22,321,36*6C
$GAGSV,2,2,08,12,71,282,46,19,66,004,45,28,64,282,48,33,43,162,48*60
$GAGSV,2,1,08,04,42,259,46,06,18,248,35,10,49,311,48,11,22,321,36*6C
$GAGSV,2,2,08,12,71,282,46,19,66,004,45,28,64,282,48,33,43,162,48*60
$GAGSV,2,1,08,04,42,259,46,06,18,248,35,10,49,311,48,11,22,321,36*6C
$GAGSV,2,2,08,12,71,282,46,19,66,004,45,28,64,282,48,33,43,162,48*60
$GAGSV,2,1,08,04,42,259,46,06,18,248,35,10,49,311,48,11,22,321,36*6C
$GAGSV,2,2,08,12,71,282,46,19,66,004,45,28,64,282,48,33,43,162,47*6F
$GAGSV,2,1,08,04,42,259,46,06,18,248,35,10,49,311,48,11,22,321,36*6C
$GAGSV,2,2,08,12,71,282,46,19,66,004,45,28,64,282,48,33,43,162,47*6F
$GAGSV,2,1,08,04,42,259,46,06,18,248,34,10,49,311,48,11,22,321,36*6D
$GAGSV,2,2,08,12,71,282,46,19,66,004,45,28,64,282,48,33,43,162,47*6F
$GAGSV,2,1,08,04,42,259,46,06,18,248,34,10,49,311,48,11,22,321,36*6D
$GAGSV,2,2,08,12,71,282,46,19,66,004,45,28,64,282,48,33,43,162,47*6F
$GAGSV,2,1,08,04,42,259,46,06,18,248,34,10,49,311,48,11,22,321,36*6D
$GAGSV,2,2,08,12,71,282,46,19,66,004,45,28,64,282,48,33,43,162,47*6F
$GAGSV,2,1,08,04,42,259,46,06,18,248,35,10,49,311,48,11,22,321,36*6C
$GAGSV,2,2,08,12,71,282,46,19,66,004,45,28,64,282,48,33,43,162,47*6F
$GAGSV,2,1,08,04,42,259,46,06,18,248,35,10,49,311,48,11,22,321,36*6C
$GAGSV,2,2,08,12,71,282,46,19,66,004,45,28,64,282,48,33,43,162,47*6F
$GAGSV,2,1,08,04,42,259,46,06,18,248,34,10,49,311,48,11,22,321,36*6D
$GAGSV,2,2,08,12,71,282,46,19,66,004,45,28,64,282,48,33,43,162,47*6F
$GAGSV,2,1,08,04,42,259,46,06,18,248,34,10,49,311,48,11,22,321,36*6D
$GAGSV,2,2,08,12,71,282,46,19,66,004,45,28,64,282,48,33,43,162,47*6F
$GAGSV,2,1,08,04,42,259,46,06,18,248,34,10,49,311,48,11,22,321,36*6D
$GAGSV,2,2,08,12,71,282,46,19,66,004,45,28,64,282,48,33,43,162,47*6F
$GAGSV,2,1,08,04,42,259,46,06,18,248,34,10,49,311,48,11,22,321,36*6D
$GAGSV,2,2,08,12,71,282,46,19,66,004,45,28,64,282,48,33,43,162,48*60
$GAGSV,2,1,08,04,42,259,46,06,18,248,34,10,49,311,48,11,22,321,35*6E
$GAGSV,2,2,08,12,71,282,46,19,66,004,45,28,64,282,48,33,43,162,48*60
$GAGSV,2,1,08,04,42,259,46,06,18,248,33,10,49,311,48,11,22,321,36*6A
$GAGSV,2,2,08,12,71,282,46,19,66,004,45,28,64,282,48,33,43,162,48*60
$GAGSV,2,1,08,04,42,259,46,06,18,248,31,10,49,311,48,11,22,321,36*68
$GAGSV,2,2,08,12,71,282,46,19,66,004,45,28,64,282,48,33,43,162,48*60
$GAGSV,2,1,08,04,42,259,46,06,18,248,31,10,49,311,48,11,22,321,36*68
$GAGSV,2,2,08,12,71,282,46,19,66,004,45,28,64,282,48,33,43,162,47*6F
$GAGSV,2,1,08,04,42,259,46,06,18,248,31,10,49,311,48,11,22,321,36*68
$GAGSV,2,2,08,12,71,282,46,19,66,004,45,28,64,282,48,33,43,162,47*6F
$GAGSV,2,1,08,04,42,259,46,06,18,248,32,10,49,311,48,11,22,321,36*6B
$GAGSV,2,2,08,12,71,282,46,19,66,004,45,28,64,282,48,33,43,162,47*6F
$GAGSV,2,1,08,04,42,259,46,06,18,248,32,10,49,311,48,11,22,321,36*6B
$GAGSV,2,2,08,12,71,282,46,19,66,004,45,28,64,282,48,33,43,162,48*60
$GAGSV,2,1,08,04,42,259,46,06,18,248,33,10,49,311,48,11,22,321,36*6A
$GAGSV,2,2,08,12,71,282,46,19,66,004,45,28,64,282,48,33,43,162,48*60
$GAGSV,2,1,08,04,42,259,46,06,18,248,32,10,49,311,48,11,22,321,36*6B
$GAGSV,2,2,08,12,71,282,46,19,66,004,45,28,64,282,48,33,43,162,48*60
$GAGSV,2,1,08,04,42,259,46,06,18,248,33,10,49,311,48,11,22,321,36*6A
$GAGSV,2,2,08,12,71,282,46,19,66,004,45,28,64,282,48,33,43,162,48*60
$GAGSV,2,1,08,04,42,259,46,06,18,248,33,10,49,311,48,11,22,321,36*6A
$GAGSV,2,2,08,12,71,282,45,19,66,004,45,28,64,282,48,33,43,162,48*63
$GAGSV,2,1,08,04,42,259,46,06,18,248,34,10,49,311,48,11,22,321,36*6D
$GAGSV,2,2,08,12,71,282,45,19,66,004,45,28,64,282,48,33,43,162,48*63
$GAGSV,2,1,08,04,42,259,46,06,18,248,34,10,49,311,48,11,22,321,36*6D
$GAGSV,2,2,08,12,71,282,45,19,66,004,45,28,64,282,48,33,43,162,48*63
$GAGSV,2,1,08,04,42,259,46,06,18,248,34,10,49,311,48,11,22,321,36*6D
$GAGSV,2,2,08,12,71,282,45,19,66,004,45,28,64,282,48,33,43,162,48*63
$GAGSV,2,1,08,04,42,259,46,06,18,248,34,10,49,311,48,11,22,321,36*6D
$GAGSV,2,2,08,12,71,282,45,19,66,004,45,28,64,282,48,33,43,162,48*63
$GAGSV,2,1,08,04,42,259,46,06,18,248,34,10,49,311,48,11,22,321,36*6D
$GAGSV,2,2,08,12,71,282,45,19,66,004,45,28,64,282,48,33,43,162,48*63
$GAGSV,2,1,08,04,42,259,46,06,18,248,34,10,49,311,49,11,22,321,36*6C
$GAGSV,2,2,08,12,71,282,45,19,66,004,45,28,64,282,48,33,43,162,48*63
$GAGSV,2,1,08,04,42,259,46,06,18,248,34,10,49,311,49,11,22,321,36*6C
$GAGSV,2,2,08,12,71,282,45,19,66,004,45,28,64,282,48,33,43,162,48*63
$GAGSV,2,1,08,04,42,259,46,06,18,248,34,10,49,311,49,11,22,321,36*6C
$GAGSV,2,2,08,12,71,282,45,19,66,004,45,28,64,282,48,33,43,162,48*63
$GAGSV,2,1,08,04,42,259,46,06,18,248,34,10,49,311,49,11,22,321,36*6C
$GAGSV,2,2,08,12,71,282,45,19,66,004,45,28,64,282,48,33,43,162,48*63
$GAGSV,2,1,08,04,42,259,46,06,18,248,34,10,49,311,49,11,22,321,36*6C
$GAGSV,2,2,08,12,71,282,45,19,66,004,45,28,64,282,48,33,43,162,48*63
$GAGSV,2,1,08,04,42,259,46,06,18,248,34,10,49,311,49,11,22,321,36*6C
$GAGSV,2,2,08,12,71,282,46,19,66,004,45,28,64,282,48,33,43,162,48*60
$GAGSV,2,1,08,04,42,259,46,06,18,248,34,10,49,311,49,11,22,321,35*6F
$GAGSV,2,2,08,12,71,282,46,19,66,004,45,28,64,282,48,33,43,162,48*60
$GAGSV,2,1,08,04,42,259,46,06,18,248,35,10,49,311,49,11,22,321,35*6E
$GAGSV,2,2,08,12,71,282,46,19,66,004,45,28,64,282,48,33,43,162,48*60
$GAGSV,2,1,08,04,42,259,46,06,18,248,35,10,49,311,49,11,22,321,35*6E
$GAGSV,2,2,08,12,71,282,46,19,66,004,45,28,64,282,48,33,43,162,48*60
$GAGSV,2,1,08,04,42,259,46,06,18,248,34,10,49,311,49,11,22,321,35*6F
$GAGSV,2,2,08,12,71,282,46,19,66,004,45,28,64,282,48,33,43,162,48*60
$GAGSV,2,1,08,04,42,259,46,06,18,248,34,10,49,311,49,11,22,321,35*6F
$GAGSV,2,2,08,12,71,282,46,19,66,004,45,28,64,282,48,33,43,162,48*60
$GAGSV,2,1,08,04,42,259,46,06,18,248,34,10,49,311,49,11,22,321,35*6F
$GAGSV,2,2,08,12,71,282,46,19,66,004,45,28,64,282,48,33,43,162,48*60
$GAGSV,2,1,08,04,42,259,46,06,18,248,34,10,49,311,49,11,22,321,35*6F
$GAGSV,2,2,08,12,71,282,46,19,66,004,45,28,64,282,48,33,43,162,48*60
$GAGSV,2,1,08,04,42,259,46,06,18,248,34,10,49,311,49,11,22,321,35*6F
$GAGSV,2,2,08,12,71,282,46,19,66,004,45,28,64,282,48,33,43,162,48*60
$GAGSV,2,1,08,04,42,259,46,06,18,248,34,10,49,311,49,11,22,321,35*6F
$GAGSV,2,2,08,12,71,282,46,19,66,004,45,28,64,282,48,33,43,162,48*60
$GAGSV,2,1,08,04,42,259,46,06,18,248,34,10,49,311,49,11,22,321,35*6F
$GAGSV,2,2,08,12,71,282,46,19,66,004,45,28,64,282,48,33,43,162,48*60
$GAGSV,2,1,08,04,42,259,46,06,18,248,34,10,49,311,49,11,22,321,35*6F
$GAGSV,2,2,08,12,71,282,46,19,66,004,45,28,64,282,48,33,43,162,48*60
$GAGSV,2,1,08,04,42,259,46,06,18,248,34,10,49,311,49,11,22,321,35*6F
$GAGSV,2,2,08,12,71,282,46,19,66,004,45,28,64,282,48,33,43,162,48*60
$GAGSV,2,1,08,04,42,259,46,06,18,248,34,10,49,311,49,11,22,321,35*6F
$GAGSV,2,2,08,12,71,282,46,19,66,004,45,28,64,282,48,33,43,162,48*60
$GAGSV,2,1,08,04,42,259,46,06,18,248,34,10,49,311,49,11,22,321,35*6F
$GAGSV,2,2,08,12,71,282,46,19,66,004,45,28,64,282,48,33,43,162,47*6F
$GAGSV,2,1,08,04,42,259,46,06,18,248,34,10,49,311,49,11,22,321,35*6F
$GAGSV,2,2,08,12,71,282,46,19,66,004,45,28,64,282,48,33,43,162,47*6F
$GAGSV,2,1,08,04,42,259,46,06,18,248,35,10,49,311,49,11,22,321,35*6E
$GAGSV,2,2,08,12,71,282,46,19,66,004,45,28,64,282,48,33,43,162,47*6F
$GAGSV,2,1,08,04,42,259,46,06,18,248,35,10,49,311,49,11,22,321,35*6E
$GAGSV,2,2,08,12,71,282,46,19,66,004,45,28,64,282,48,33,43,162,47*6F
$GAGSV,2,1,08,04,42,259,46,06,18,248,35,10,49,311,49,11,22,321,36*6D
$GAGSV,2,2,08,12,71,282,46,19,66,004,45,28,64,282,48,33,43,162,47*6F
$GAGSV,2,1,08,04,42,259,46,06,18,248,35,10,49,311,49,11,22,321,35*6E
$GAGSV,2,2,08,12,71,282,45,19,66,004,45,28,64,282,48,33,43,162,47*6C
$GAGSV,2,1,08,04,42,259,46,06,18,248,36,10,49,311,49,11,22,321,35*6D
$GAGSV,2,2,08,12,71,282,45,19,66,004,45,28,64,282,48,33,43,162,47*6C
$GAGSV,2,1,08,04,42,259,46,06,18,248,36,10,49,311,49,11,22,321,35*6D
$GAGSV,2,2,08,12,71,282,45,19,66,004,45,28,64,282,48,33,43,162,47*6C
$GAGSV,2,1,08,04,42,259,46,06,18,248,36,10,49,311,49,11,22,321,35*6D
$GAGSV,2,2,08,12,71,282,45,19,66,004,45,28,64,282,48,33,43,162,47*6C
$GAGSV,2,1,08,04,42,259,46,06,18,248,35,10,49,311,49,11,22,321,35*6E
$GAGSV,2,2,08,12,71,282,45,19,66,004,45,28,64,282,48,33,43,162,47*6C
$GAGSV,2,1,08,04,42,259,46,06,18,248,35,10,49,311,49,11,22,321,35*6E
$GAGSV,2,2,08,12,71,282,45,19,66,004,45,28,64,282,48,33,43,162,47*6C
$GAGSV,2,1,08,04,42,259,46,06,18,248,35,10,49,311,49,11,22,321,35*6E
$GAGSV,2,2,08,12,71,282,45,19,66,004,45,28,64,282,48,33,43,162,47*6C
$GAGSV,2,1,08,04,42,259,46,06,18,248,35,10,49,311,49,11,22,321,35*6E
$GAGSV,2,2,08,12,71,282,45,19,66,004,45,28,64,282,48,33,43,162,47*6C
$GAGSV,2,1,08,04,42,259,46,06,18,248,34,10,49,311,49,11,22,321,35*6F
$GAGSV,2,2,08,12,71,282,45,19,66,004,45,28,64,282,48,33,43,162,47*6C
$GAGSV,2,1,08,04,42,259,46,06,18,248,34,10,49,311,49,11,22,321,35*6F
$GAGSV,2,2,08,12,71,282,45,19,66,004,45,28,64,282,48,33,43,162,47*6C
$GAGSV,2,1,08,04,42,259,46,06,18,248,33,10,49,311,49,11,22,321,35*68
$GAGSV,2,2,08,12,71,282,45,19,66,004,45,28,64,282,48,33,43,162,47*6C
$GAGSV,2,1,08,04,42,259,46,06,18,248,33,10,49,311,49,11,22,321,35*68
$GAGSV,2,2,08,12,71,282,45,19,66,004,45,28,64,282,48,33,43,162,47*6C
$GAGSV,2,1,08,04,42,259,46,06,18,248,33,10,49,311,49,11,22,321,35*68
$GAGSV,2,2,08,12,71,282,45,19,66,004,45,28,64,282,48,33,43,162,47*6C
$GAGSV,2,1,08,04,42,259,46,06,18,248,34,10,49,311,49,11,22,321,36*6C
$GAGSV,2,2,08,12,71,282,45,19,66,004,45,28,64,282,48,33,43,162,47*6C
$GAGSV,2,1,08,04,42,259,46,06,18,248,34,10,49,311,49,11,22,321,36*6C
$GAGSV,2,2,08,12,71,282,45,19,66,004,45,28,64,282,48,33,43,162,48*63
$GAGSV,2,1,08,04,42,259,46,06,18,248,34,10,49,311,49,11,22,321,36*6C
$GAGSV,2,2,08,12,71,282,45,19,66,004,45,28,64,283,48,33,43,162,48*62
$GAGSV,2,1,08,04,42,259,46,06,18,248,34,10,49,311,49,11,22,321,36*6C
$GAGSV,2,2,08,12,71,282,45,19,66,004,45,28,64,283,48,33,43,162,48*62
$GAGSV,2,1,08,04,42,259,46,06,18,248,34,10,49,311,49,11,22,321,36*6C
$GAGSV,2,2,08,12,71,282,45,19,66,004,45,28,64,283,48,33,43,162,48*62
$GAGSV,2,1,08,04,42,259,46,06,18,248,33,10,49,311,49,11,22,321,36*6B
$GAGSV,2,2,08,12,71,282,45,19,66,004,45,28,64,283,48,33,43,162,48*62
$GAGSV,2,1,08,04,42,259,46,06,18,248,33,10,49,311,49,11,22,321,36*6B
$GAGSV,2,2,08,12,71,282,45,19,66,004,45,28,64,283,48,33,43,162,48*62
$GAGSV,2,1,08,04,42,259,46,06,18,248,33,10,49,311,49,11,22,321,36*6B
$GAGSV,2,2,08,12,71,282,45,19,66,004,45,28,64,283,48,33,43,162,48*62
$GAGSV,2,1,08,04,42,259,46,06,18,248,33,10,49,311,49,11,22,321,36*6B
$GAGSV,2,2,08,12,71,282,45,19,66,004,45,28,64,283,48,33,43,162,48*62
$GAGSV,2,1,08,04,42,259,46,06,18,248,33,10,49,311,49,11,22,321,36*6B
$GAGSV,2,2,08,12,71,282,45,19,66,004,45,28,64,283,48,33,43,162,48*62
$GAGSV,2,1,08,04,42,259,46,06,18,248,33,10,49,311,49,11,22,321,36*6B
$GAGSV,2,2,08,12,71,282,45,19,66,004,45,28,64,283,48,33,43,162,48*62
$GAGSV,2,1,08,04,42,259,46,06,18,248,33,10,49,311,49,11,22,321,36*6B
$GAGSV,2,2,08,12,71,282,45,19,66,004,45,28,64,283,48,33,43,162,47*6D
$GAGSV,2,1,08,04,42,259,46,06,18,248,33,10,49,311,49,11,22,321,36*6B
$GAGSV,2,2,08,12,71,282,45,19,66,004,45,28,64,283,48,33,43,162,47*6D
$GAGSV,2,1,08,04,42,259,46,06,18,248,33,10,49,311,49,11,22,321,36*6B
$GAGSV,2,2,08,12,71,282,45,19,66,004,45,28,64,283,48,33,43,162,47*6D
$GAGSV,2,1,08,04,42,259,46,06,18,248,33,10,49,311,49,11,22,321,36*6B
$GAGSV,2,2,08,12,71,282,45,19,66,004,45,28,64,283,48,33,43,162,47*6D
$GAGSV,2,1,08,04,42,259,46,06,18,248,33,10,49,311,49,11,22,321,36*6B
$GAGSV,2,2,08,12,71,282,45,19,66,004,45,28,64,283,48,33,43,162,47*6D
$GAGSV,2,1,08,04,42,259,46,06,18,248,34,10,49,311,49,11,22,321,36*6C
$GAGSV,2,2,08,12,71,282,45,19,66,004,45,28,64,283,48,33,43,162,47*6D
$GAGSV,2,1,08,04,42,259,46,06,18,248,33,10,49,311,49,11,22,321,36*6B
$GAGSV,2,2,08,12,71,282,45,19,66,004,45,28,64,283,48,33,43,162,47*6D
$GAGSV,2,1,08,04,42,259,46,06,18,248,33,10,49,311,49,11,22,321,36*6B
$GAGSV,2,2,08,12,71,282,45,19,66,004,45,28,64,283,48,33,43,162,47*6D
$GAGSV,2,1,08,04,42,259,46,06,18,248,33,10,49,311,49,11,22,321,36*6B
$GAGSV,2,2,08,12,71,282,45,19,66,004,45,28,64,283,48,33,43,162,47*6D
$GAGSV,2,1,08,04,42,259,46,06,18,248,33,10,49,311,49,11,22,321,36*6B
$GAGSV,2,2,08,12,71,282,45,19,66,004,45,28,64,283,47,33,43,162,47*62
$GAGSV,2,1,08,04,42,259,46,06,18,248,33,10,49,311,49,11,22,321,36*6B
$GAGSV,2,2,08,12,71,282,45,19,66,004,45,28,64,283,47,33,43,162,47*62
$GAGSV,2,1,08,04,42,259,46,06,18,248,33,10,49,311,49,11,22,321,36*6B
$GAGSV,2,2,08,12,71,282,45,19,66,004,45,28,64,283,47,33,43,162,48*6D
$GAGSV,2,1,08,04,42,259,46,06,18,248,32,10,49,311,49,11,22,321,36*6A
$GAGSV,2,2,08,12,71,282,45,19,66,004,45,28,64,283,47,33,43,162,48*6D
$GAGSV,2,1,08,04,42,259,46,06,18,248,32,10,49,311,49,11,22,321,36*6A
$GAGSV,2,2,08,12,71,282,45,19,66,004,45,28,64,283,47,33,43,162,48*6D
$GAGSV,2,1,08,04,42,259,46,06,18,248,32,10,49,311,49,11,22,321,36*6A
$GAGSV,2,2,08,12,71,282,45,19,66,004,46,28,64,283,48,33,43,162,48*61
$GAGSV,2,1,08,04,42,259,46,06,18,248,32,10,49,311,49,11,22,321,35*69
$GAGSV,2,2,08,12,71,282,45,19,66,004,46,28,64,283,48,33,43,162,48*61
$GAGSV,2,1,08,04,42,259,46,06,18,248,32,10,49,311,49,11,22,321,35*69
$GAGSV,2,2,08,12,71,282,45,19,66,004,46,28,64,283,48,33,43,162,48*61
$GAGSV,2,1,08,04,42,259,46,06,18,248,32,10,49,311,49,11,22,321,35*69
$GAGSV,2,2,08,12,71,282,45,19,66,004,46,28,64,283,48,33,43,162,48*61
$GAGSV,2,1,08,04,42,259,46,06,18,248,32,10,49,311,49,11,22,321,35*69
$GAGSV,2,2,08,12,71,282,45,19,66,004,46,28,64,283,48,33,43,162,48*61
$GAGSV,2,1,08,04,42,259,46,06,18,248,32,10,49,311,49,11,22,321,35*69
$GAGSV,2,2,08,12,71,282,45,19,66,004,46,28,64,283,48,33,43,162,47*6E
$GAGSV,2,1,08,04,42,259,46,06,18,248,32,10,49,311,49,11,22,321,35*69
$GAGSV,2,2,08,12,71,282,45,19,66,004,46,28,64,283,48,33,43,162,47*6E
$GAGSV,2,1,08,04,42,259,46,06,18,248,33,10,49,311,49,11,22,321,35*68
$GAGSV,2,2,08,12,71,282,45,19,66,004,46,28,64,283,48,33,43,162,47*6E
$GAGSV,2,1,08,04,42,259,46,06,18,248,33,10,49,311,49,11,22,321,36*6B
$GAGSV,2,2,08,12,71,282,45,19,66,004,46,28,64,283,47,33,43,162,47*61
$GAGSV,2,1,08,04,42,259,46,06,18,248,33,10,49,311,49,11,22,321,35*68
$GAGSV,2,2,08,12,71,282,45,19,66,004,45,28,64,283,48,33,43,162,47*6D
$GAGSV,2,1,08,04,42,259,46,06,18,248,33,10,49,311,49,11,22,321,35*68
$GAGSV,2,2,08,12,71,282,45,19,66,004,45,28,64,283,48,33,43,162,47*6D
$GAGSV,2,1,08,04,42,259,46,06,18,248,33,10,49,311,49,11,22,321,35*68
$GAGSV,2,2,08,12,71,282,46,19,66,004,45,28,64,283,48,33,43,162,47*6E
$GAGSV,2,1,08,04,42,259,46,06,18,248,33,10,49,311,49,11,22,321,35*68
$GAGSV,2,2,08,12,71,282,46,19,66,004,45,28,64,283,48,33,43,162,47*6E
$GAGSV,2,1,08,04,42,259,46,06,18,248,34,10,49,311,49,11,22,321,36*6C
$GAGSV,2,2,08,12,71,282,45,19,66,004,45,28,64,283,48,33,43,162,47*6D
$GAGSV,2,1,08,04,42,259,46,06,18,248,34,10,49,311,49,11,22,321,36*6C
$GAGSV,2,2,08,12,71,282,45,19,66,004,45,28,64,283,48,33,43,162,47*6D
$GAGSV,2,1,08,04,42,259,46,06,18,248,34,10,49,311,49,11,22,321,36*6C
$GAGSV,2,2,08,12,71,282,45,19,66,004,45,28,64,283,48,33,43,162,47*6D
$GAGSV,2,1,08,04,42,259,46,06,18,248,34,10,49,311,49,11,22,321,36*6C
$GAGSV,2,2,08,12,71,282,45,19,66,004,45,28,64,283,48,33,43,162,47*6D
$GAGSV,2,1,08,04,42,259,46,06,18,248,34,10,49,311,49,11,22,321,36*6C
$GAGSV,2,2,08,12,71,282,45,19,66,004,45,28,64,283,48,33,43,162,47*6D
$GAGSV,2,1,08,04,42,259,46,06,18,248,34,10,49,311,49,11,22,321,36*6C
$GAGSV,2,2,08,12,71,282,45,19,66,004,45,28,64,283,48,33,43,162,48*62
$GAGSV,2,1,08,04,42,259,47,06,18,248,34,10,49,311,49,11,22,321,36*6D
$GAGSV,2,2,08,12,71,282,45,19,66,004,45,28,64,283,48,33,43,162,48*62
$GAGSV,2,1,08,04,42,259,47,06,18,248,35,10,49,311,49,11,22,321,36*6C
$GAGSV,2,2,08,12,71,282,45,19,66,004,45,28,64,283,48,33,43,162,48*62
$GAGSV,2,1,08,04,42,259,47,06,18,248,35,10,49,311,49,11,22,321,36*6C
$GAGSV,2,2,08,12,71,282,45,19,66,004,45,28,64,283,48,33,43,162,48*62
$GAGSV,2,1,08,04,42,260,47,06,18,248,35,10,49,311,49,11,22,321,36*66
$GAGSV,2,2,08,12,71,282,46,19,66,004,45,28,64,283,48,33,43,162,47*6E
$GAGSV,2,1,08,04,42,260,47,06,18,248,35,10,49,311,49,11,22,321,36*66
$GAGSV,2,2,08,12,71,282,46,19,66,004,45,28,64,283,48,33,43,162,47*6E
$GAGSV,2,1,08,04,42,260,47,06,18,248,35,10,49,311,49,11,22,321,36*66
$GAGSV,2,2,08,12,71,282,46,19,66,004,45,28,64,283,48,33,43,162,48*61
$GAGSV,2,1,08,04,42,260,47,06,18,248,35,10,49,311,49,11,22,321,36*66
$GAGSV,2,2,08,12,71,282,46,19,66,004,45,28,64,283,48,33,43,162,48*61
$GAGSV,2,1,08,04,42,260,47,06,18,248,35,10,49,311,49,11,22,321,36*66
$GAGSV,2,2,08,12,71,282,46,19,66,004,45,28,64,283,48,33,43,162,48*61
$GAGSV,2,1,08,04,42,260,47,06,18,249,35,10,49,311,49,11,22,321,36*67
$GAGSV,2,2,08,12,71,282,46,19,66,005,45,28,64,283,48,33,43,162,48*60
$GAGSV,2,1,08,04,42,260,47,06,18,249,35,10,49,311,49,11,22,321,36*67
$GAGSV,2,2,08,12,71,282,46,19,66,005,45,28,64,283,48,33,43,162,47*6F
$GAGSV,2,1,08,04,42,260,47,06,18,249,36,10,49,311,49,11,22,321,36*64
$GAGSV,2,2,08,12,71,282,45,19,66,005,45,28,64,283,48,33,43,162,47*6C
$GAGSV,2,1,08,04,42,260,47,06,18,249,36,10,49,311,49,11,22,321,36*64
$GAGSV,2,2,08,12,71,282,45,19,66,005,45,28,64,283,48,33,43,162,47*6C
$GAGSV,2,1,08,04,42,260,47,06,18,249,36,10,49,311,49,11,22,321,36*64
$GAGSV,2,2,08,12,71,282,45,19,66,005,46,28,64,283,48,33,43,162,47*6F
$GAGSV,2,1,08,04,42,260,47,06,18,249,36,10,49,311,49,11,22,321,36*64
$GAGSV,2,2,08,12,71,282,45,19,66,005,46,28,64,283,48,33,43,162,47*6F
$GAGSV,2,1,08,04,42,260,47,06,18,249,36,10,49,311,49,11,22,321,36*64
$GAGSV,2,2,08,12,71,282,45,19,66,005,46,28,64,283,48,33,43,162,47*6F
$GAGSV,2,1,08,04,42,260,46,06,18,249,36,10,49,311,49,11,22,321,36*65
$GAGSV,2,2,08,12,71,282,45,19,66,005,46,28,64,283,48,33,43,162,47*6F
$GAGSV,2,1,08,04,42,260,46,06,18,249,36,10,49,311,49,11,22,321,36*65
$GAGSV,2,2,08,12,71,282,45,19,66,005,46,28,64,283,48,33,43,162,47*6F
$GAGSV,2,1,08,04,42,260,46,06,18,249,36,10,49,311,49,11,22,321,36*65
$GAGSV,2,2,08,12,71,282,46,19,66,005,46,28,64,283,48,33,43,162,47*6C
$GAGSV,2,1,08,04,42,260,46,06,18,249,36,10,49,311,49,11,22,321,36*65
$GAGSV,2,2,08,12,71,282,46,19,66,005,46,28,64,283,48,33,43,162,47*6C
$GAGSV,2,1,08,04,42,260,46,06,18,249,36,10,49,311,49,11,22,321,36*65
$GAGSV,2,2,08,12,71,282,46,19,66,005,46,28,64,283,48,33,43,162,47*6C
$GAGSV,2,1,08,04,42,260,46,06,18,249,36,10,49,311,49,11,22,321,36*65
$GAGSV,2,2,08,12,71,282,46,19,66,005,45,28,64,283,48,33,43,162,47*6F
$GAGSV,2,1,08,04,42,260,46,06,18,249,36,10,49,311,49,11,22,321,36*65
$GAGSV,2,2,08,12,71,282,46,19,66,005,45,28,64,283,48,33,43,162,47*6F
$GAGSV,2,1,08,04,42,260,46,06,18,249,36,10,49,311,49,11,22,321,36*65
$GAGSV,2,2,08,12,71,282,46,19,66,005,45,28,64,283,48,33,43,162,48*60
$GAGSV,2,1,08,04,42,260,46,06,18,249,36,10,49,311,49,11,22,321,36*65
$GAGSV,2,2,08,12,71,282,46,19,66,005,45,28,64,283,48,33,43,162,48*60
$GAGSV,2,1,08,04,42,260,46,06,18,249,36,10,49,311,49,11,22,321,36*65
$GAGSV,2,2,08,12,71,282,45,19,66,005,45,28,64,283,48,33,43,162,48*63
$GAGSV,2,1,08,04,42,260,46,06,18,249,36,10,49,311,49,11,22,321,36*65
$GAGSV,2,2,08,12,71,282,45,19,66,005,45,28,64,283,48,33,43,162,48*63
$GAGSV,2,1,08,04,42,260,46,06,18,249,36,10,49,311,49,11,22,321,36*65
$GAGSV,2,2,08,12,71,282,45,19,66,005,45,28,64,283,48,33,43,162,48*63
$GAGSV,2,1,08,04,42,260,46,06,18,249,36,10,49,311,49,11,22,321,36*65
$GAGSV,2,2,08,12,71,282,45,19,66,005,45,28,64,283,48,33,43,162,48*63
$GAGSV,2,1,08,04,42,260,46,06,18,249,37,10,49,311,49,11,22,321,36*64
$GAGSV,2,2,08,12,71,282,45,19,66,005,46,28,64,283,48,33,43,162,48*60
$GAGSV,2,1,08,04,42,260,46,06,18,249,37,10,49,311,49,11,22,321,36*64
$GAGSV,2,2,08,12,71,282,45,19,66,005,46,28,64,283,48,33,43,162,48*60
$GAGSV,2,1,08,04,42,260,46,06,18,249,36,10,49,311,49,11,22,321,36*65
$GAGSV,2,2,08,12,71,282,45,19,66,005,46,28,64,283,48,33,43,162,48*60
$GAGSV,2,1,08,04,42,260,46,06,18,249,36,10,49,311,49,11,22,321,36*65
$GAGSV,2,2,08,12,71,282,45,19,66,005,46,28,64,283,48,33,43,162,48*60
$GAGSV,2,1,08,04,42,260,46,06,18,249,36,10,49,311,49,11,22,321,36*65
$GAGSV,2,2,08,12,71,282,46,19,66,005,46,28,64,283,48,33,43,162,47*6C
$GAGSV,2,1,08,04,42,260,46,06,18,249,35,10,49,311,49,11,22,321,36*66
$GAGSV,2,2,08,12,71,282,46,19,66,005,46,28,64,283,48,33,43,162,47*6C
$GAGSV,2,1,08,04,42,260,47,06,18,249,35,10,49,311,49,11,22,321,36*67
$GAGSV,2,2,08,12,71,282,45,19,66,005,46,28,64,283,48,33,43,162,47*6F
$GAGSV,2,1,08,04,42,260,47,06,18,249,34,10,49,311,49,11,22,321,36*66
$GAGSV,2,2,08,12,71,282,45,19,66,005,46,28,64,283,48,33,43,162,47*6F
$GAGSV,2,1,08,04,42,260,47,06,18,249,33,10,49,311,49,11,22,321,36*61
$GAGSV,2,2,08,12,71,282,45,19,66,005,46,28,64,283,48,33,43,162,47*6F
$GAGSV,2,1,08,04,42,260,47,06,18,249,33,10,49,311,49,11,22,321,36*61
$GAGSV,2,2,08,12,71,282,45,19,66,005,46,28,64,283,48,33,43,162,47*6F
$GAGSV,2,1,08,04,42,260,47,06,18,249,33,10,49,311,49,11,22,321,36*61
$GAGSV,2,2,08,12,71,282,45,19,66,005,46,28,64,283,48,33,43,162,47*6F
$GAGSV,2,1,08,04,42,260,47,06,18,249,33,10,49,311,49,11,22,321,36*61
$GAGSV,2,2,08,12,71,282,46,19,66,005,46,28,64,283,48,33,43,162,47*6C
$GAGSV,2,1,08,04,42,260,47,06,18,249,33,10,49,311,49,11,22,321,36*61
$GAGSV,2,2,08,12,71,282,45,19,66,005,46,28,64,283,48,33,43,162,47*6F
$GAGSV,2,1,08,04,42,260,47,06,18,249,33,10,49,311,49,11,22,321,37*60
$GAGSV,2,2,08,12,71,282,45,19,66,005,46,28,64,283,48,33,43,162,47*6F
$GAGSV,2,1,08,04,42,260,47,06,18,249,33,10,49,311,49,11,22,321,37*60
$GAGSV,2,2,08,12,71,282,45,19,66,005,46,28,64,283,48,33,43,162,47*6F
$GAGSV,2,1,08,04,42,260,47,06,18,249,34,10,49,311,49,11,22,321,37*67
$GAGSV,2,2,08,12,71,282,45,19,66,005,46,28,64,283,48,33,43,162,47*6F
$GAGSV,2,1,08,04,42,260,47,06,18,249,35,10,49,311,49,11,22,321,37*66
$GAGSV,2,2,08,12,71,282,45,19,66,005,45,28,64,283,48,33,43,162,47*6C
$GAGSV,2,1,08,04,42,260,47,06,18,249,35,10,49,311,49,11,22,321,37*66
$GAGSV,2,2,08,12,71,282,45,19,66,005,45,28,64,283,48,33,43,162,47*6C
$GAGSV,2,1,08,04,42,260,47,06,18,249,35,10,49,311,49,11,22,321,37*66
$GAGSV,2,2,08,12,71,282,45,19,66,005,45,28,64,283,48,33,43,162,47*6C
$GAGSV,2,1,08,04,42,260,47,06,18,249,35,10,49,311,49,11,22,321,37*66
$GAGSV,2,2,08,12,71,282,45,19,66,005,45,28,64,283,48,33,43,162,47*6C
$GAGSV,2,1,08,04,42,260,47,06,18,249,35,10,49,311,49,11,22,321,37*66
$GAGSV,2,2,08,12,71,282,45,19,66,005,45,28,64,283,48,33,43,162,47*6C
$GAGSV,2,1,08,04,42,260,47,06,18,249,35,10,49,311,49,11,22,321,37*66
$GAGSV,2,2,08,12,71,282,45,19,66,005,45,28,64,283,48,33,43,162,47*6C
$GAGSV,2,1,08,04,42,260,47,06,18,249,35,10,49,311,49,11,22,321,37*66
$GAGSV,2,2,08,12,71,282,45,19,66,005,45,28,64,283,48,33,43,162,47*6C
$GAGSV,2,1,08,04,42,260,47,06,18,249,35,10,49,311,49,11,22,321,36*67
$GAGSV,2,2,08,12,71,282,45,19,66,005,45,28,64,283,48,33,43,162,47*6C
$GAGSV,2,1,08,04,42,260,47,06,18,249,35,10,49,311,49,11,22,321,36*67
$GAGSV,2,2,08,12,71,282,45,19,66,005,45,28,64,283,48,33,43,162,47*6C
$GAGSV,2,1,08,04,42,260,47,06,18,249,36,10,49,311,49,11,22,321,37*65
$GAGSV,2,2,08,12,71,282,45,19,66,005,45,28,64,283,48,33,43,162,47*6C
$GAGSV,2,1,08,04,42,260,47,06,18,249,36,10,49,311,49,11,22,321,37*65
$GAGSV,2,2,08,12,71,282,45,19,66,005,45,28,64,283,48,33,43,162,47*6C
$GAGSV,2,1,08,04,42,260,47,06,18,249,36,10,49,311,49,11,22,321,37*65
$GAGSV,2,2,08,12,71,282,45,19,66,005,45,28,64,283,48,33,43,162,47*6C
$GAGSV,2,1,08,04,42,260,47,06,18,249,36,10,49,311,49,11,22,321,36*64
$GAGSV,2,2,08,12,71,282,45,19,66,005,45,28,64,283,48,33,43,162,47*6C
$GAGSV,2,1,08,04,42,260,47,06,18,249,35,10,49,311,49,11,22,321,36*67
$GAGSV,2,2,08,12,71,282,45,19,66,005,45,28,64,283,48,33,43,162,47*6C
$GAGSV,2,1,08,04,42,260,47,06,18,249,35,10,49,311,49,11,22,321,36*67
$GAGSV,2,2,08,12,71,282,45,19,66,005,45,28,64,283,48,33,43,162,47*6C
$GAGSV,2,1,08,04,42,260,47,06,18,249,35,10,49,311,49,11,22,321,36*67
$GAGSV,2,2,08,12,71,282,45,19,66,005,45,28,64,283,48,33,43,162,47*6C
$GAGSV,2,1,08,04,42,260,47,06,18,249,35,10,49,311,49,11,22,321,36*67
$GAGSV,2,2,08,12,71,282,45,19,66,005,45,28,64,283,48,33,43,162,47*6C
$GAGSV,2,1,08,04,42,260,47,06,18,249,35,10,49,311,49,11,22,321,36*67
$GAGSV,2,2,08,12,71,282,45,19,66,005,45,28,64,283,48,33,43,162,47*6C
$GAGSV,2,1,08,04,42,260,47,06,18,249,35,10,49,311,49,11,22,321,36*67
$GAGSV,2,2,08,12,71,282,45,19,66,005,45,28,64,283,48,33,43,162,47*6C
$GAGSV,2,1,08,04,42,260,47,06,18,249,35,10,49,311,49,11,22,321,36*67
$GAGSV,2,2,08,12,71,282,45,19,66,005,45,28,64,283,48,33,43,162,47*6C
$GAGSV,2,1,08,04,42,260,47,06,18,249,35,10,49,311,49,11,22,321,37*66
$GAGSV,2,2,08,12,71,282,45,19,66,005,45,28,64,283,48,33,43,162,47*6C
$GAGSV,2,1,08,04,42,260,47,06,18,249,35,10,49,311,49,11,22,321,37*66
$GAGSV,2,2,08,12,71,282,45,19,66,005,45,28,64,283,48,33,43,162,47*6C
$GAGSV,2,1,08,04,42,260,47,06,18,249,35,10,49,311,49,11,22,321,37*66
$GAGSV,2,2,08,12,71,282,45,19,66,005,45,28,64,283,48,33,43,162,47*6C
$GAGSV,2,1,08,04,42,260,47,06,18,249,35,10,49,311,49,11,22,321,37*66
$GAGSV,2,2,08,12,71,282,45,19,66,005,45,28,64,283,48,33,43,162,47*6C
$GAGSV,2,1,08,04,42,260,47,06,18,249,35,10,49,311,49,11,22,321,37*66
$GAGSV,2,2,08,12,71,282,45,19,66,005,45,28,64,283,48,33,43,162,48*63
$GAGSV,2,1,08,04,42,260,47,06,18,249,35,10,49,311,49,11,22,321,36*67
$GAGSV,2,2,08,12,71,282,45,19,66,005,45,28,64,283,48,33,43,162,48*63
$GAGSV,2,1,08,04,42,260,47,06,18,249,34,10,49,311,49,11,22,321,36*66
$GAGSV,2,2,08,12,71,282,45,19,66,005,45,28,64,283,48,33,43,162,48*63
$GAGSV,2,1,08,04,42,260,47,06,18,249,33,10,49,311,49,11,22,321,36*61
$GAGSV,2,2,08,12,71,282,45,19,66,005,45,28,64,283,48,33,43,162,48*63
$GAGSV,2,1,08,04,42,260,46,06,18,249,32,10,49,311,49,11,22,321,36*61
$GAGSV,2,2,08,12,71,282,45,19,66,005,45,28,64,283,48,33,43,162,48*63
$GAGSV,2,1,08,04,42,260,46,06,18,249,32,10,49,311,49,11,22,321,36*61
$GAGSV,2,2,08,12,71,282,45,19,66,005,45,28,64,283,48,33,43,162,48*63
$GAGSV,2,1,08,04,42,260,47,06,18,249,32,10,49,311,49,11,22,321,36*60
$GAGSV,2,2,08,12,71,282,45,19,66,005,45,28,64,283,48,33,43,162,48*63
$GAGSV,2,1,08,04,42,260,47,06,18,249,32,10,49,311,49,11,22,321,36*60
$GAGSV,2,2,08,12,71,282,45,19,66,005,45,28,64,283,48,33,43,162,48*63
$GAGSV,2,1,08,04,42,260,47,06,18,249,32,10,49,311,49,11,22,321,36*60
$GAGSV,2,2,08,12,71,282,45,19,66,005,45,28,64,283,48,33,43,162,48*63
$GAGSV,2,1,08,04,42,260,47,06,18,249,33,10,49,311,49,11,22,321,36*61
$GAGSV,2,2,08,12,71,282,45,19,66,005,45,28,64,283,48,33,43,162,48*63
$GAGSV,2,1,08,04,42,260,47,06,18,249,33,10,49,311,49,11,22,321,36*61
$GAGSV,2,2,08,12,71,281,45,19,66,005,45,28,64,283,48,33,43,162,48*60
$GAGSV,2,1,08,04,42,260,47,06,18,249,34,10,49,311,49,11,22,321,37*67
$GAGSV,2,2,08,12,71,281,45,19,66,005,45,28,64,283,48,33,43,162,48*60
$GAGSV,2,1,08,04,42,260,46,06,18,249,34,10,49,311,49,11,22,321,37*66
$GAGSV,2,2,08,12,71,281,45,19,66,005,45,28,64,283,48,33,43,162,47*6F
$GAGSV,2,1,08,04,42,260,46,06,18,249,34,10,49,311,49,11,22,321,37*66
$GAGSV,2,2,08,12,71,281,45,19,66,005,45,28,64,283,48,33,43,162,47*6F
$GAGSV,2,1,08,04,42,260,46,06,18,249,34,10,49,311,49,11,22,321,37*66
$GAGSV,2,2,08,12,71,281,45,19,66,005,45,28,64,283,48,33,43,162,47*6F
$GAGSV,2,1,08,04,42,260,46,06,18,249,34,10,49,311,49,11,22,321,37*66
$GAGSV,2,2,08,12,71,281,45,19,65,005,46,28,64,283,48,33,43,162,47*6F
$GAGSV,2,1,08,04,42,260,46,06,18,249,34,10,49,311,49,11,22,321,37*66
$GAGSV,2,2,08,12,71,281,45,19,65,005,46,28,64,283,48,33,43,162,48*60
$GAGSV,2,1,08,04,42,260,46,06,18,249,34,10,49,311,49,11,22,321,37*66
$GAGSV,2,2,08,12,71,281,45,19,65,005,46,28,64,283,48,33,43,162,48*60
$GAGSV,2,1,08,04,42,260,46,06,18,249,34,10,49,311,49,11,22,321,37*66
$GAGSV,2,2,08,12,71,281,45,19,65,005,46,28,64,283,48,33,43,162,48*60
$GAGSV,2,1,08,04,42,260,46,06,18,249,34,10,49,311,49,11,22,321,37*66
$GAGSV,2,2,08,12,71,281,45,19,65,005,46,28,64,283,48,33,43,162,48*60
$GAGSV,2,1,08,04,42,260,46,06,18,249,34,10,49,311,49,11,22,321,36*67
$GAGSV,2,2,08,12,71,281,45,19,65,005,46,28,64,283,48,33,43,162,48*60
$GAGSV,2,1,08,04,42,260,46,06,18,249,35,10,49,311,49,11,22,321,36*66
$GAGSV,2,2,08,12,71,281,45,19,65,005,46,28,64,283,48,33,43,162,48*60
$GAGSV,2,1,08,04,42,260,46,06,18,249,35,10,49,311,49,11,22,321,36*66
$GAGSV,2,2,08,12,71,281,45,19,65,005,46,28,64,283,48,33,43,162,47*6F
$GAGSV,2,1,08,04,42,260,46,06,18,249,35,10,49,311,49,11,22,321,36*66
$GAGSV,2,2,08,12,71,281,45,19,65,005,46,28,64,283,48,33,43,162,47*6F
$GAGSV,2,1,08,04,42,260,46,06,18,249,35,10,49,311,49,11,22,321,37*67
$GAGSV,2,2,08,12,71,281,45,19,65,005,46,28,64,283,48,33,43,162,47*6F
$GAGSV,2,1,08,04,42,260,46,06,18,249,35,10,49,311,49,11,22,321,36*66
$GAGSV,2,2,08,12,71,281,45,19,65,005,46,28,64,283,48,33,43,162,47*6F
$GAGSV,2,1,08,04,42,260,46,06,18,249,34,10,49,311,49,11,22,321,37*66
$GAGSV,2,2,08,12,71,281,45,19,65,005,46,28,64,283,48,33,43,162,47*6F
$GAGSV,2,1,08,04,42,260,46,06,18,249,34,10,49,311,49,11,22,321,36*67
$GAGSV,2,2,08,12,71,281,45,19,65,005,46,28,64,283,48,33,43,162,47*6F
$GAGSV,2,1,08,04,42,260,46,06,18,249,34,10,49,311,49,11,22,321,36*67
$GAGSV,2,2,08,12,71,281,45,19,65,005,46,28,64,283,48,33,43,162,47*6F
$GAGSV,2,1,08,04,42,260,46,06,18,249,34,10,49,311,49,11,22,321,36*67
$GAGSV,2,2,08,12,71,281,45,19,65,005,46,28,64,283,48,33,43,162,47*6F
$GAGSV,2,1,08,04,42,260,46,06,18,249,34,10,49,311,49,11,22,321,37*66
$GAGSV,2,2,08,12,71,281,45,19,65,005,46,28,64,283,48,33,43,162,47*6F
$GAGSV,2,1,08,04,42,260,46,06,18,249,34,10,49,311,49,11,22,321,37*66
$GAGSV,2,2,08,12,71,281,45,19,65,005,46,28,64,283,48,33,43,162,47*6F
$GAGSV,2,1,08,04,42,260,46,06,18,249,34,10,49,311,49,11,22,321,37*66
$GAGSV,2,2,08,12,71,281,45,19,65,005,46,28,64,283,48,33,43,162,47*6F
$GAGSV,2,1,08,04,42,260,46,06,18,249,34,10,49,311,49,11,22,321,36*67
$GAGSV,2,2,08,12,71,281,45,19,65,005,46,28,64,283,48,33,43,162,47*6F
$GAGSV,2,1,08,04,42,260,46,06,18,249,34,10,49,311,49,11,22,321,36*67
$GAGSV,2,2,08,12,71,281,45,19,65,005,46,28,64,283,48,33,43,162,47*6F
$GAGSV,2,1,08,04,42,260,46,06,18,249,34,10,49,311,49,11,22,321,37*66
$GAGSV,2,2,08,12,71,281,45,19,65,005,45,28,64,283,48,33,43,162,47*6C
$GAGSV,2,1,08,04,42,260,46,06,18,249,35,10,49,311,49,11,22,321,37*67
$GAGSV,2,2,08,12,71,281,45,19,65,005,45,28,64,283,48,33,43,162,47*6C
$GAGSV,2,1,08,04,42,260,46,06,18,249,35,10,49,311,49,11,22,321,36*66
$GAGSV,2,2,08,12,71,281,45,19,65,005,46,28,64,283,48,33,43,162,47*6F
$GAGSV,2,1,08,04,42,260,46,06,18,249,35,10,49,311,49,11,22,321,36*66
$GAGSV,2,2,08,12,71,281,45,19,65,005,46,28,64,283,48,33,43,162,47*6F
$GAGSV,2,1,08,04,42,260,46,06,18,249,35,10,49,311,49,11,22,321,36*66
$GAGSV,2,2,08,12,71,281,45,19,65,005,46,28,64,283,48,33,43,162,47*6F
$GAGSV,2,1,08,04,42,260,46,06,18,249,35,10,49,311,49,11,22,321,36*66
$GAGSV,2,2,08,12,71,281,45,19,65,005,46,28,64,283,48,33,43,162,47*6F
$GAGSV,2,1,08,04,42,260,47,06,18,249,36,10,49,311,49,11,22,321,36*64
$GAGSV,2,2,08,12,71,281,45,19,65,005,46,28,64,283,48,33,43,162,47*6F
$GAGSV,2,1,08,04,42,260,47,06,18,249,36,10,49,311,49,11,22,321,36*64
$GAGSV,2,2,08,12,71,281,45,19,65,005,46,28,64,283,48,33,43,162,47*6F
$GAGSV,2,1,08,04,42,260,47,06,18,249,36,10,49,311,49,11,22,321,36*64
$GAGSV,2,2,08,12,71,281,45,19,65,005,46,28,64,283,48,33,43,162,47*6F
$GAGSV,2,1,08,04,42,260,47,06,18,249,36,10,49,311,49,11,22,321,36*64
$GAGSV,2,2,08,12,71,281,45,19,65,005,46,28,64,283,48,33,43,162,47*6F
$GAGSV,2,1,08,04,42,260,47,06,18,249,36,10,49,311,49,11,22,321,36*64
$GAGSV,2,2,08,12,71,281,45,19,65,005,46,28,64,283,48,33,43,162,47*6F
$GAGSV,2,1,08,04,42,260,47,06,18,249,36,10,49,311,49,11,22,321,36*64
$GAGSV,2,2,08,12,71,281,45,19,65,005,46,28,64,283,48,33,43,162,47*6F
$GAGSV,2,1,08,04,42,260,47,06,18,249,36,10,49,311,49,11,22,321,36*64
$GAGSV,2,2,08,12,71,281,45,19,65,005,46,28,64,283,48,33,43,162,47*6F
$GAGSV,2,1,08,04,42,260,47,06,18,249,36,10,49,311,49,11,22,321,36*64
$GAGSV,2,2,08,12,71,281,45,19,65,005,46,28,64,283,48,33,43,162,47*6F
$GAGSV,2,1,08,04,42,260,47,06,18,249,36,10,49,311,49,11,22,321,36*64
$GAGSV,2,2,08,12,71,281,45,19,65,005,46,28,64,283,48,33,43,162,47*6F
$GAGSV,2,1,08,04,42,260,47,06,18,249,36,10,49,311,49,11,22,321,35*67
$GAGSV,2,2,08,12,71,281,45,19,65,005,46,28,64,283,48,33,43,162,47*6F
$GAGSV,2,1,08,04,42,260,47,06,18,249,36,10,49,311,49,11,22,321,35*67
$GAGSV,2,2,08,12,71,281,45,19,65,005,46,28,64,283,48,33,43,162,47*6F
$GAGSV,2,1,08,04,42,260,47,06,18,249,36,10,49,311,49,11,22,321,35*67
$GAGSV,2,2,08,12,71,281,45,19,65,005,46,28,64,283,48,33,43,162,47*6F
$GAGSV,2,1,08,04,42,260,47,06,18,249,35,10,49,311,49,11,22,321,35*64
$GAGSV,2,2,08,12,71,281,45,19,65,005,46,28,64,283,48,33,43,162,47*6F
$GAGSV,2,1,08,04,42,260,46,06,18,249,36,10,49,311,49,11,22,321,35*66
$GAGSV,2,2,08,12,71,281,45,19,65,005,46,28,64,283,48,33,43,162,47*6F
$GAGSV,2,1,08,04,42,260,46,06,18,249,36,10,49,311,49,11,22,321,35*66
$GAGSV,2,2,08,12,71,281,45,19,65,005,46,28,64,283,48,33,43,162,47*6F
$GAGSV,2,1,08,04,42,260,46,06,18,249,36,10,49,311,49,11,22,321,35*66
$GAGSV,2,2,08,12,71,281,45,19,65,005,46,28,64,283,48,33,43,162,47*6F
$GAGSV,2,1,08,04,42,260,46,06,18,249,35,10,49,311,49,11,22,321,35*65
$GAGSV,2,2,08,12,71,281,46,19,65,005,46,28,64,283,48,33,43,162,47*6C
$GAGSV,2,1,08,04,42,260,46,06,18,249,35,10,49,311,49,11,22,321,35*65
$GAGSV,2,2,08,12,71,281,46,19,65,005,46,28,64,283,48,33,43,162,47*6C
$GAGSV,2,1,08,04,42,260,46,06,18,249,35,10,49,311,49,11,22,321,35*65
$GAGSV,2,2,08,12,71,281,46,19,65,005,46,28,64,283,48,33,43,162,47*6C
$GAGSV,2,1,08,04,42,260,46,06,18,249,35,10,49,311,49,11,22,321,36*66
$GAGSV,2,2,08,12,71,281,46,19,65,005,46,28,64,283,48,33,43,162,47*6C
$GAGSV,2,1,08,04,42,260,46,06,18,249,35,10,49,311,49,11,22,321,36*66
$GAGSV,2,2,08,12,71,281,46,19,65,005,46,28,64,283,48,33,43,162,47*6C
$GAGSV,2,1,08,04,42,260,46,06,18,249,34,10,49,311,49,11,22,321,36*67
$GAGSV,2,2,08,12,71,281,46,19,65,005,46,28,64,283,48,33,43,162,47*6C
$GAGSV,2,1,08,04,42,260,46,06,18,249,34,10,49,311,49,11,22,321,36*67
$GAGSV,2,2,08,12,71,281,46,19,65,005,46,28,64,283,48,33,43,162,47*6C
$GAGSV,2,1,08,04,42,260,46,06,18,249,35,10,49,311,49,11,22,321,36*66
$GAGSV,2,2,08,12,71,281,46,19,65,005,46,28,64,283,48,33,43,162,47*6C
$GAGSV,2,1,08,04,42,260,46,06,18,249,35,10,49,311,48,11,22,321,36*67
$GAGSV,2,2,08,12,71,281,46,19,65,005,46,28,64,283,48,33,43,162,47*6C
$GAGSV,2,1,08,04,42,260,46,06,18,249,35,10,49,311,48,11,22,321,36*67
$GAGSV,2,2,08,12,71,281,46,19,65,005,46,28,64,283,48,33,43,162,47*6C
$GAGSV,2,1,08,04,42,260,46,06,18,249,35,10,49,311,48,11,22,321,35*64
$GAGSV,2,2,08,12,71,281,46,19,65,005,46,28,64,283,48,33,43,162,47*6C
$GAGSV,2,1,08,04,42,260,46,06,18,249,35,10,49,311,49,11,22,321,35*65
$GAGSV,2,2,08,12,71,281,46,19,65,005,46,28,64,283,48,33,43,162,47*6C
$GAGSV,2,1,08,04,42,260,46,06,18,249,35,10,49,311,49,11,22,321,35*65
$GAGSV,2,2,08,12,71,281,46,19,65,005,46,28,64,283,48,33,43,162,47*6C
$GAGSV,2,1,08,04,42,260,46,06,18,249,35,10,49,311,49,11,22,321,36*66
$GAGSV,2,2,08,12,71,281,46,19,65,005,46,28,64,283,48,33,43,162,47*6C
$GAGSV,2,1,08,04,42,260,46,06,18,249,35,10,49,311,49,11,22,321,36*66
$GAGSV,2,2,08,12,71,281,46,19,65,005,46,28,64,283,48,33,43,162,47*6C
$GAGSV,2,1,08,04,42,260,46,06,18,249,35,10,49,311,48,11,22,321,36*67
$GAGSV,2,2,08,12,71,281,46,19,65,005,46,28,64,283,48,33,43,162,47*6C
$GAGSV,2,1,08,04,42,260,46,06,18,249,35,10,49,311,48,11,22,321,36*67
$GAGSV,2,2,08,12,71,281,46,19,65,005,46,28,64,283,48,33,43,162,47*6C
$GAGSV,2,1,08,04,42,260,46,06,18,249,34,10,49,311,48,11,22,321,36*66
$GAGSV,2,2,08,12,71,281,46,19,65,005,46,28,64,283,48,33,43,162,48*63
$GAGSV,2,1,08,04,42,260,46,06,18,249,33,10,49,311,48,11,22,321,36*61
$GAGSV,2,2,08,12,71,281,46,19,65,005,46,28,64,283,48,33,43,162,48*63
$GAGSV,2,1,08,04,42,260,46,06,18,249,33,10,49,311,48,11,22,321,36*61
$GAGSV,2,2,08,12,71,281,46,19,65,005,46,28,64,283,48,33,43,162,48*63
$GAGSV,2,1,08,04,42,260,46,06,18,249,33,10,49,311,48,11,22,321,36*61
$GAGSV,2,2,08,12,71,281,46,19,65,005,46,28,64,283,48,33,43,162,48*63
$GAGSV,2,1,08,04,42,260,46,06,18,249,33,10,49,311,48,11,22,321,36*61
$GAGSV,2,2,08,12,71,281,46,19,65,005,46,28,64,283,48,33,43,162,48*63
$GAGSV,2,1,08,04,42,260,46,06,18,249,34,10,49,311,48,11,22,321,36*66
$GAGSV,2,2,08,12,71,281,46,19,65,005,46,28,64,283,48,33,43,162,48*63
$GAGSV,2,1,08,04,42,260,46,06,18,249,34,10,49,311,48,11,22,321,36*66
$GAGSV,2,2,08,12,71,281,46,19,65,005,46,28,64,283,48,33,43,162,48*63
$GAGSV,2,1,08,04,42,260,46,06,18,249,34,10,49,311,48,11,22,321,36*66
$GAGSV,2,2,08,12,71,281,46,19,65,005,46,28,64,283,48,33,43,162,47*6C
$GAGSV,2,1,08,04,42,260,46,06,18,249,34,10,49,311,48,11,22,321,36*66
$GAGSV,2,2,08,12,71,281,46,19,65,005,46,28,64,283,48,33,43,162,47*6C
$GAGSV,2,1,08,04,42,260,46,06,18,249,34,10,49,311,48,11,22,321,36*66
$GAGSV,2,2,08,12,71,281,46,19,65,005,46,28,64,283,48,33,43,162,47*6C
$GAGSV,2,1,08,04,42,260,46,06,18,249,33,10,49,311,48,11,22,321,36*61
$GAGSV,2,2,08,12,71,281,46,19,65,005,46,28,64,283,48,33,43,162,47*6C
$GAGSV,2,1,08,04,42,260,46,06,18,249,33,10,49,311,48,11,22,321,36*61
$GAGSV,2,2,08,12,71,281,46,19,65,005,46,28,64,283,48,33,43,162,47*6C
$GAGSV,2,1,08,04,42,260,46,06,18,249,33,10,49,311,48,11,22,321,36*61
$GAGSV,2,2,08,12,71,281,46,19,65,005,46,28,64,283,48,33,43,162,47*6C
$GAGSV,2,1,08,04,42,260,46,06,18,249,33,10,49,311,48,11,22,321,36*61
$GAGSV,2,2,08,12,71,281,46,19,65,005,46,28,64,283,48,33,43,162,47*6C
$GAGSV,2,1,08,04,42,260,47,06,18,249,33,10,49,311,48,11,22,321,36*60
$GAGSV,2,2,08,12,71,281,46,19,65,005,46,28,64,283,48,33,43,162,47*6C
$GAGSV,2,1,08,04,42,260,46,06,18,249,33,10,49,311,48,11,22,321,37*60
$GAGSV,2,2,08,12,71,281,46,19,65,005,46,28,64,283,48,33,43,162,47*6C
$GAGSV,2,1,08,04,42,260,46,06,18,249,32,10,49,311,48,11,22,321,37*61
$GAGSV,2,2,08,12,71,281,46,19,65,005,46,28,64,283,48,33,43,162,47*6C
$GAGSV,2,1,08,04,42,260,46,06,18,249,31,10,49,311,48,11,22,321,37*62
$GAGSV,2,2,08,12,71,281,46,19,65,005,46,28,64,283,48,33,43,162,47*6C
$GAGSV,2,1,08,04,42,260,46,06,18,249,31,10,49,311,48,11,22,321,37*62
$GAGSV,2,2,08,12,71,281,46,19,65,005,46,28,64,283,48,33,43,162,47*6C
$GAGSV,2,1,08,04,42,260,46,06,18,249,30,10,49,311,48,11,22,321,37*63
$GAGSV,2,2,08,12,71,281,46,19,65,005,46,28,64,283,48,33,43,162,47*6C
$GAGSV,2,1,08,04,42,260,46,06,18,249,29,10,49,311,48,11,22,321,37*6B
$GAGSV,2,2,08,12,71,281,46,19,65,005,46,28,64,283,48,33,43,162,47*6C
$GAGSV,2,1,08,04,42,260,46,06,18,249,29,10,49,311,48,11,22,321,37*6B
$GAGSV,2,2,08,12,71,281,46,19,65,005,46,28,64,283,48,33,43,162,47*6C
$GAGSV,2,1,08,04,42,260,46,06,18,249,30,10,49,311,48,11,22,321,37*63
$GAGSV,2,2,08,12,71,281,46,19,65,005,46,28,64,283,48,33,43,162,47*6C
$GAGSV,2,1,08,04,42,260,46,06,18,249,30,10,49,311,48,11,22,321,37*63
$GAGSV,2,2,08,12,71,281,46,19,65,005,46,28,64,283,48,33,43,162,47*6C
$GAGSV,2,1,08,04,42,260,46,06,18,249,31,10,49,311,48,11,22,321,37*62
$GAGSV,2,2,08,12,71,281,45,19,65,005,46,28,64,283,48,33,43,162,47*6F
$GAGSV,2,1,08,04,42,260,47,06,18,249,31,10,49,311,48,11,22,321,37*63
$GAGSV,2,2,08,12,71,281,45,19,65,005,46,28,64,283,48,33,43,162,47*6F
$GAGSV,2,1,08,04,42,260,47,06,18,249,32,10,49,311,48,11,22,321,36*61
$GAGSV,2,2,08,12,71,281,45,19,65,005,46,28,64,283,48,33,43,162,47*6F
$GAGSV,2,1,08,04,42,260,47,06,18,249,31,10,49,311,48,11,22,321,37*63
$GAGSV,2,2,08,12,71,281,45,19,65,005,46,28,64,283,48,33,43,162,47*6F
$GAGSV,2,1,08,04,42,260,47,06,18,249,31,10,49,311,48,11,22,321,37*63
$GAGSV,2,2,08,12,71,281,45,19,65,005,46,28,64,283,48,33,43,162,47*6F
$GAGSV,2,1,08,04,42,260,47,06,18,249,30,10,49,311,48,11,22,321,37*62
$GAGSV,2,2,08,12,71,281,45,19,65,005,46,28,64,283,48,33,43,162,47*6F
$GAGSV,2,1,08,04,42,260,47,06,18,249,31,10,49,311,48,11,22,321,37*63
$GAGSV,2,2,08,12,71,281,45,19,65,005,46,28,64,283,48,33,43,162,47*6F
$GAGSV,2,1,08,04,42,260,47,06,18,249,31,10,49,311,48,11,22,321,37*63
$GAGSV,2,2,08,12,71,281,45,19,65,005,46,28,64,283,48,33,43,162,47*6F
$GAGSV,2,1,08,04,42,260,47,06,18,249,31,10,49,311,48,11,22,321,37*63
$GAGSV,2,2,08,12,71,281,45,19,65,005,46,28,64,283,48,33,43,162,47*6F
$GAGSV,2,1,08,04,42,260,47,06,18,249,32,10,49,311,48,11,22,321,36*61
$GAGSV,2,2,08,12,71,281,45,19,65,005,46,28,64,283,48,33,43,162,47*6F
$GAGSV,2,1,08,04,42,260,47,06,18,249,32,10,49,311,48,11,22,321,36*61
$GAGSV,2,2,08,12,71,281,45,19,65,005,46,28,64,283,48,33,43,162,47*6F
$GAGSV,2,1,08,04,42,260,47,06,18,249,32,10,49,311,48,11,22,321,36*61
$GAGSV,2,2,08,12,71,281,45,19,65,005,46,28,64,283,48,33,43,162,47*6F
$GAGSV,2,1,08,04,42,260,47,06,18,249,31,10,49,311,48,11,22,321,36*62
$GAGSV,2,2,08,12,71,281,45,19,65,005,46,28,64,283,48,33,43,162,47*6F
$GAGSV,2,1,08,04,42,260,47,06,18,249,31,10,49,311,48,11,22,321,36*62
$GAGSV,2,2,08,12,71,281,45,19,65,005,46,28,64,283,48,33,43,162,47*6F
$GAGSV,2,1,08,04,42,260,47,06,18,249,30,10,49,311,48,11,22,321,36*63
$GAGSV,2,2,08,12,71,281,45,19,65,005,46,28,64,283,48,33,43,162,47*6F
$GAGSV,2,1,08,04,42,260,47,06,18,249,29,10,49,311,48,11,22,321,36*6B
$GAGSV,2,2,08,12,71,281,45,19,65,005,46,28,64,283,48,33,43,162,47*6F
$GAGSV,2,1,08,04,42,260,47,06,18,249,29,10,49,311,48,11,22,321,36*6B
$GAGSV,2,2,08,12,71,281,45,19,65,005,46,28,64,283,48,33,43,162,47*6F
$GAGSV,2,1,08,04,42,260,47,06,18,249,29,10,49,311,48,11,22,321,36*6B
$GAGSV,2,2,08,12,71,281,45,19,65,005,46,28,64,283,48,33,43,162,47*6F
$GAGSV,2,1,08,04,42,260,47,06,18,249,29,10,49,311,48,11,22,321,36*6B
$GAGSV,2,2,08,12,71,281,45,19,65,005,46,28,64,283,48,33,43,162,47*6F
$GAGSV,2,1,08,04,42,260,47,06,18,249,29,10,49,311,48,11,22,321,36*6B
$GAGSV,2,2,08,12,71,281,45,19,65,005,46,28,64,283,48,33,43,162,47*6F
$GAGSV,2,1,08,04,42,260,46,06,18,249,28,10,49,311,48,11,22,321,36*6B
$GAGSV,2,2,08,12,71,281,45,19,65,005,46,28,64,283,48,33,43,162,47*6F
$GAGSV,2,1,08,04,42,260,46,06,18,249,29,10,49,311,48,11,22,321,36*6A
$GAGSV,2,2,08,12,71,281,45,19,65,005,46,28,64,283,48,33,43,162,47*6F
$GAGSV,2,1,08,04,42,260,46,06,18,249,29,10,49,311,48,11,22,321,36*6A
$GAGSV,2,2,08,12,71,281,45,19,65,005,46,28,64,283,48,33,43,162,47*6F
$GAGSV,2,1,08,04,42,260,46,06,18,249,30,10,49,311,48,11,22,321,36*62
$GAGSV,2,2,08,12,71,281,45,19,65,005,46,28,64,283,48,33,43,162,47*6F
$GAGSV,2,1,08,04,42,260,46,06,18,249,29,10,49,311,48,11,22,321,36*6A
$GAGSV,2,2,08,12,71,281,45,19,65,005,46,28,64,283,48,33,43,162,47*6F
$GAGSV,2,1,08,04,42,260,46,06,18,249,28,10,49,311,48,11,22,321,36*6B
$GAGSV,2,2,08,12,71,281,45,19,65,005,46,28,64,283,48,33,43,162,47*6F
$GAGSV,2,1,08,04,42,260,46,06,18,249,28,10,49,311,48,11,22,321,36*6B
$GAGSV,2,2,08,12,71,281,45,19,65,005,46,28,64,283,48,33,43,162,47*6F
$GAGSV,2,1,08,04,42,260,46,06,18,249,28,10,49,311,48,11,22,321,36*6B
$GAGSV,2,2,08,12,71,281,45,19,65,005,46,28,64,283,48,33,43,162,47*6F
$GAGSV,2,1,08,04,42,260,46,06,18,249,29,10,49,311,48,11,22,321,36*6A
$GAGSV,2,2,08,12,71,281,45,19,65,005,46,28,64,283,48,33,43,162,47*6F
$GAGSV,2,1,08,04,42,260,46,06,18,249,30,10,49,311,48,11,22,321,36*62
$GAGSV,2,2,08,12,71,281,45,19,65,005,46,28,64,283,48,33,43,162,47*6F
$GAGSV,2,1,08,04,42,260,46,06,18,249,31,10,49,311,48,11,22,321,36*63
$GAGSV,2,2,08,12,71,281,45,19,65,005,46,28,64,283,48,33,43,162,47*6F
$GAGSV,2,1,08,04,42,260,46,06,18,249,32,10,49,311,48,11,22,321,36*60
$GAGSV,2,2,08,12,71,281,45,19,65,005,46,28,64,283,48,33,43,162,47*6F
$GAGSV,2,1,08,04,42,260,46,06,18,249,32,10,49,311,48,11,22,321,36*60
$GAGSV,2,2,08,12,71,281,45,19,65,005,46,28,64,283,48,33,43,162,47*6F
$GAGSV,2,1,08,04,42,260,46,06,18,249,32,10,49,311,48,11,22,321,36*60
$GAGSV,2,2,08,12,71,281,46,19,65,005,46,28,64,283,48,33,43,162,47*6C
$GAGSV,2,1,08,04,42,260,46,06,18,249,32,10,49,311,48,11,22,321,36*60
$GAGSV,2,2,08,12,71,281,46,19,65,005,46,28,64,283,48,33,43,162,47*6C
$GAGSV,2,1,08,04,42,260,46,06,18,249,32,10,49,311,48,11,22,321,36*60
$GAGSV,2,2,08,12,71,281,46,19,65,005,46,28,64,283,48,33,43,162,47*6C
$GAGSV,2,1,08,04,42,260,45,06,18,249,31,10,49,311,48,11,22,321,36*60
$GAGSV,2,2,08,12,71,281,46,19,65,005,46,28,64,283,48,33,43,162,47*6C
$GAGSV,2,1,08,04,42,260,46,06,18,249,32,10,49,311,48,11,22,321,36*60
$GAGSV,2,2,08,12,71,281,46,19,65,005,46,28,64,283,48,33,43,162,47*6C
$GAGSV,2,1,08,04,42,260,46,06,18,249,33,10,49,311,48,11,22,321,36*61
$GAGSV,2,2,08,12,71,281,46,19,65,005,46,28,64,283,48,33,43,162,47*6C
$GAGSV,2,1,08,04,42,260,45,06,18,249,34,10,49,311,48,11,22,321,36*65
$GAGSV,2,2,08,12,71,281,46,19,65,005,46,28,64,283,48,33,43,162,47*6C
$GAGSV,2,1,08,04,42,260,45,06,18,249,35,10,49,311,48,11,22,321,37*65
$GAGSV,2,2,08,12,71,281,46,19,65,005,46,28,64,283,48,33,43,162,47*6C
$GAGSV,2,1,08,04,42,260,45,06,18,249,35,10,49,311,48,11,22,321,37*65
$GAGSV,2,2,08,12,71,281,46,19,65,005,46,28,64,283,48,33,43,162,47*6C
$GAGSV,2,1,08,04,42,260,45,06,18,249,35,10,49,311,48,11,22,321,37*65
$GAGSV,2,2,08,12,71,281,46,19,65,005,46,28,64,283,48,33,43,162,47*6C
$GAGSV,2,1,08,04,42,260,45,06,18,249,35,10,49,311,48,11,22,321,37*65
$GAGSV,2,2,08,12,71,281,46,19,65,005,46,28,64,283,48,33,43,162,47*6C
$GAGSV,2,1,08,04,42,260,45,06,18,249,35,10,49,311,48,11,22,321,37*65
$GAGSV,2,2,08,12,71,281,46,19,65,005,46,28,64,283,48,33,43,162,47*6C
$GAGSV,2,1,08,04,42,260,45,06,18,249,35,10,49,311,48,11,22,321,37*65
$GAGSV,2,2,08,12,71,281,46,19,65,005,46,28,64,283,48,33,43,162,47*6C
$GAGSV,2,1,08,04,42,260,45,06,18,249,34,10,49,311,48,11,22,321,37*64
$GAGSV,2,2,08,12,71,281,46,19,65,005,46,28,64,283,48,33,43,162,47*6C
$GAGSV,2,1,08,04,42,260,45,06,18,249,32,10,49,311,48,11,22,321,37*62
$GAGSV,2,2,08,12,71,281,46,19,65,005,46,28,64,283,48,33,43,162,47*6C
$GAGSV,2,1,08,04,42,260,45,06,18,249,32,10,49,311,48,11,22,321,37*62
$GAGSV,2,2,08,12,71,281,46,19,65,005,46,28,64,283,49,33,43,162,47*6D
$GAGSV,2,1,08,04,42,260,45,06,18,249,31,10,49,311,48,11,22,321,37*61
$GAGSV,2,2,08,12,71,281,45,19,65,005,46,28,64,283,49,33,43,162,47*6E
$GAGSV,2,1,08,04,42,260,45,06,18,249,31,10,49,311,48,11,22,321,37*61
$GAGSV,2,2,08,12,71,281,45,19,65,005,46,28,64,283,49,33,43,162,47*6E
$GAGSV,2,1,08,04,42,260,45,06,18,249,31,10,49,311,48,11,22,321,37*61
$GAGSV,2,2,08,12,71,281,45,19,65,005,46,28,64,283,49,33,43,162,47*6E
$GAGSV,2,1,08,04,42,260,45,06,18,249,31,10,49,311,48,11,22,321,37*61
$GAGSV,2,2,08,12,71,281,45,19,65,005,46,28,64,283,49,33,43,162,47*6E
$GAGSV,2,1,08,04,42,260,45,06,18,249,31,10,49,311,48,11,22,321,37*61
$GAGSV,2,2,08,12,71,281,45,19,65,005,46,28,64,283,49,33,43,162,47*6E
$GAGSV,2,1,08,04,42,260,45,06,18,249,30,10,49,311,48,11,22,321,37*60
$GAGSV,2,2,08,12,71,281,45,19,65,005,46,28,64,283,49,33,43,162,47*6E
$GAGSV,2,1,08,04,42,260,45,06,18,249,31,10,49,311,48,11,22,321,37*61
$GAGSV,2,2,08,12,71,281,45,19,65,005,46,28,64,283,49,33,43,162,47*6E
$GAGSV,2,1,08,04,42,260,45,06,18,249,30,10,49,311,48,11,22,321,37*60
$GAGSV,2,2,08,12,71,281,45,19,65,005,46,28,64,283,49,33,43,162,47*6E
$GAGSV,2,1,08,04,42,260,45,06,18,249,31,10,49,311,48,11,22,321,37*61
$GAGSV,2,2,08,12,71,281,45,19,65,005,46,28,64,283,49,33,43,162,47*6E
$GAGSV,2,1,08,04,42,260,45,06,18,249,31,10,49,311,48,11,22,321,37*61
$GAGSV,2,2,08,12,71,281,45,19,65,005,46,28,64,283,49,33,43,162,47*6E
$GAGSV,2,1,08,04,42,260,45,06,18,249,31,10,49,311,48,11,22,321,37*61
$GAGSV,2,2,08,12,71,281,45,19,65,005,46,28,64,283,49,33,43,162,47*6E
$GAGSV,2,1,08,04,42,260,45,06,18,249,31,10,49,311,48,11,22,321,37*61
$GAGSV,2,2,08,12,71,281,45,19,65,005,46,28,64,283,49,33,43,162,47*6E
$GAGSV,2,1,08,04,42,260,45,06,18,249,29,10,49,311,48,11,22,321,37*68
$GAGSV,2,2,08,12,71,281,45,19,65,005,46,28,64,283,49,33,43,162,47*6E
$GAGSV,2,1,08,04,42,260,45,06,18,249,28,10,49,311,49,11,22,321,37*68
$GAGSV,2,2,08,12,71,281,45,19,65,005,46,28,64,283,49,33,43,162,47*6E
$GAGSV,2,1,08,04,42,260,45,06,18,249,28,10,49,311,49,11,22,321,37*68
$GAGSV,2,2,08,12,71,281,45,19,65,005,46,28,64,283,48,33,43,162,47*6F
$GAGSV,2,1,08,04,42,260,45,06,18,249,29,10,49,311,49,11,22,321,37*69
$GAGSV,2,2,08,12,71,281,45,19,65,005,46,28,64,283,48,33,43,162,47*6F
$GAGSV,2,1,08,04,42,260,45,06,18,249,30,10,49,311,49,11,22,321,37*61
$GAGSV,2,2,08,12,71,281,45,19,65,005,46,28,64,283,48,33,43,162,47*6F
$GAGSV,2,1,08,04,42,260,45,06,18,249,30,10,49,311,49,11,22,321,37*61
$GAGSV,2,2,08,12,71,281,45,19,65,005,46,28,64,283,48,33,43,162,47*6F
$GAGSV,2,1,08,04,42,260,45,06,18,249,31,10,49,311,48,11,22,321,37*61
$GAGSV,2,2,08,12,71,281,45,19,65,005,46,28,64,283,48,33,43,162,47*6F
$GAGSV,2,1,08,04,42,260,45,06,18,249,31,10,49,311,48,11,22,321,37*61
$GAGSV,2,2,08,12,71,281,45,19,65,005,46,28,64,283,48,33,43,162,47*6F
$GAGSV,2,1,08,04,42,260,45,06,18,249,31,10,49,311,48,11,22,321,37*61
$GAGSV,2,2,08,12,71,281,45,19,65,005,46,28,64,283,48,33,43,162,47*6F
$GAGSV,2,1,08,04,42,260,45,06,18,249,31,10,49,311,48,11,22,321,37*61
$GAGSV,2,2,08,12,71,281,45,19,65,005,46,28,64,283,48,33,43,162,47*6F
$GAGSV,2,1,08,04,42,260,45,06,18,249,31,10,49,311,48,11,22,321,37*61
$GAGSV,2,2,08,12,71,281,45,19,65,005,46,28,64,283,49,33,43,162,47*6E
$GAGSV,2,1,08,04,42,260,45,06,18,249,31,10,49,311,49,11,22,321,37*60
$GAGSV,2,2,08,12,71,281,45,19,65,005,46,28,64,283,49,33,43,162,47*6E
$GAGSV,2,1,08,04,42,260,45,06,18,249,30,10,49,311,49,11,22,321,37*61
$GAGSV,2,2,08,12,71,281,45,19,65,005,46,28,64,283,49,33,43,162,47*6E
$GAGSV,2,1,08,04,42,260,45,06,18,249,31,10,49,311,49,11,22,321,37*60
$GAGSV,2,2,08,12,71,281,45,19,65,005,46,28,64,283,49,33,43,162,47*6E
$GAGSV,2,1,08,04,42,260,45,06,18,249,31,10,49,311,49,11,22,321,37*60
$GAGSV,2,2,08,12,71,281,45,19,65,005,46,28,64,283,49,33,43,162,47*6E
$GAGSV,2,1,08,04,42,260,45,06,18,249,30,10,49,311,49,11,22,321,37*61
$GAGSV,2,2,08,12,71,281,45,19,65,005,46,28,64,283,49,33,43,162,47*6E
$GAGSV,2,1,08,04,42,260,45,06,18,249,29,10,49,311,49,11,22,321,37*69
$GAGSV,2,2,08,12,71,281,45,19,65,005,46,28,64,283,49,33,43,162,47*6E
$GAGSV,2,1,08,04,42,260,45,06,18,249,28,10,49,311,48,11,22,321,37*69
$GAGSV,2,2,08,12,71,281,45,19,65,005,46,28,64,283,49,33,43,162,47*6E
$GAGSV,2,1,08,04,42,260,45,06,18,249,28,10,49,311,48,11,22,321,37*69
$GAGSV,2,2,08,12,71,281,45,19,65,005,46,28,64,283,49,33,43,162,47*6E
$GAGSV,2,1,08,04,42,260,45,06,18,249,29,10,49,311,48,11,22,321,37*68
$GAGSV,2,2,08,12,71,281,45,19,65,005,46,28,64,283,49,33,43,162,47*6E
$GAGSV,2,1,08,04,42,260,45,06,18,249,29,10,49,311,48,11,22,321,37*68
$GAGSV,2,2,08,12,71,281,46,19,65,005,46,28,64,283,49,33,43,162,47*6D
$GAGSV,2,1,08,04,42,260,46,06,18,249,29,10,49,311,48,11,22,321,37*6B
$GAGSV,2,2,08,12,71,281,46,19,65,005,46,28,64,283,49,33,43,162,47*6D
$GAGSV,2,1,08,04,42,260,46,06,18,249,30,10,49,311,48,11,22,321,37*63
$GAGSV,2,2,08,12,71,281,46,19,65,005,46,28,64,283,49,33,43,162,47*6D
$GAGSV,2,1,08,04,42,260,45,06,18,249,30,10,49,311,48,11,22,321,37*60
$GAGSV,2,2,08,12,71,281,46,19,65,005,46,28,64,283,49,33,43,162,47*6D
$GAGSV,2,1,08,04,42,260,45,06,18,249,31,10,49,311,48,11,22,321,37*61
$GAGSV,2,2,08,12,71,281,46,19,65,005,46,28,64,283,49,33,43,162,47*6D
$GAGSV,2,1,08,04,42,260,45,06,18,249,32,10,49,311,49,11,22,321,37*63
$GAGSV,2,2,08,12,71,281,46,19,65,005,46,28,64,283,49,33,43,162,47*6D
$GAGSV,2,1,08,04,42,260,45,06,18,249,32,10,49,311,49,11,22,321,37*63
$GAGSV,2,2,08,12,71,281,46,19,65,005,46,28,64,283,49,33,43,162,47*6D
$GAGSV,2,1,08,04,42,260,46,06,18,249,32,10,49,311,49,11,22,321,37*60
$GAGSV,2,2,08,12,71,281,45,19,65,005,46,28,64,283,49,33,43,162,47*6E
$GAGSV,2,1,08,04,42,260,45,06,18,249,32,10,49,311,49,11,22,321,37*63
$GAGSV,2,2,08,12,71,281,45,19,65,005,46,28,64,283,49,33,43,162,47*6E
$GAGSV,2,1,08,04,42,260,45,06,18,249,32,10,49,311,49,11,22,321,37*63
$GAGSV,2,2,08,12,71,281,45,19,65,005,46,28,64,283,49,33,43,162,47*6E
$GAGSV,2,1,08,04,42,260,45,06,18,249,32,10,49,311,49,11,22,321,37*63
$GAGSV,2,2,08,12,71,281,45,19,65,005,46,28,64,283,49,33,43,162,48*61
$GAGSV,2,1,08,04,42,260,45,06,18,249,33,10,49,311,49,11,22,321,37*62
$GAGSV,2,2,08,12,71,281,45,19,65,005,46,28,64,283,49,33,43,162,48*61
$GAGSV,2,1,08,04,42,260,45,06,18,249,33,10,49,311,49,11,22,321,37*62
$GAGSV,2,2,08,12,71,281,45,19,65,005,46,28,64,283,49,33,43,162,48*61
$GAGSV,2,1,08,04,42,260,45,06,18,249,33,10,49,311,49,11,22,321,37*62
$GAGSV,2,2,08,12,71,281,45,19,65,005,46,28,64,283,49,33,43,162,48*61
$GAGSV,2,1,08,04,42,260,45,06,18,249,33,10,49,311,49,11,22,321,37*62
$GAGSV,2,2,08,12,71,281,45,19,65,005,46,28,64,283,49,33,43,162,48*61
$GAGSV,2,1,08,04,42,260,45,06,18,249,33,10,49,311,49,11,22,321,37*62
$GAGSV,2,2,08,12,71,281,45,19,65,005,46,28,64,283,49,33,43,162,47*6E
$GAGSV,2,1,08,04,42,260,45,06,18,249,33,10,49,311,49,11,22,321,37*62
$GAGSV,2,2,08,12,71,281,45,19,65,005,46,28,64,283,49,33,43,162,47*6E
$GAGSV,2,1,08,04,42,260,45,06,18,249,33,10,49,311,49,11,22,321,37*62
$GAGSV,2,2,08,12,71,281,45,19,65,005,46,28,64,283,49,33,43,162,47*6E
$GAGSV,2,1,08,04,42,260,45,06,18,249,33,10,49,311,49,11,22,321,37*62
$GAGSV,2,2,08,12,71,281,45,19,65,005,46,28,64,283,49,33,43,162,47*6E
$GAGSV,2,1,08,04,42,260,45,06,18,249,33,10,49,311,49,11,22,321,37*62
$GAGSV,2,2,08,12,71,281,45,19,65,005,46,28,64,283,49,33,43,162,48*61
$GAGSV,2,1,08,04,42,260,45,06,18,249,33,10,49,311,49,11,22,321,37*62
$GAGSV,2,2,08,12,71,281,45,19,65,005,46,28,64,283,49,33,43,162,48*61
$GAGSV,2,1,08,04,42,260,45,06,18,249,32,10,49,311,49,11,22,321,37*63
$GAGSV,2,2,08,12,71,281,45,19,65,005,46,28,64,283,49,33,43,162,48*61
$GAGSV,2,1,08,04,42,260,45,06,18,249,32,10,49,311,49,11,22,321,37*63
$GAGSV,2,2,08,12,71,281,45,19,65,005,46,28,64,283,49,33,43,162,48*61
$GAGSV,2,1,08,04,42,260,45,06,18,249,31,10,49,311,49,11,22,321,37*60
$GAGSV,2,2,08,12,71,281,46,19,65,005,46,28,64,283,49,33,43,162,48*62
$GAGSV,2,1,08,04,42,260,45,06,18,249,31,10,49,311,49,11,22,321,37*60
$GAGSV,2,2,08,12,71,281,46,19,65,005,46,28,64,283,49,33,43,162,48*62
$GAGSV,2,1,08,04,42,260,45,06,18,249,32,10,49,311,49,11,22,321,37*63
$GAGSV,2,2,08,12,71,281,46,19,65,005,46,28,64,283,49,33,43,162,48*62
$GAGSV,2,1,08,04,42,260,45,06,18,249,33,10,49,311,49,11,22,321,37*62
$GAGSV,2,2,08,12,71,281,46,19,65,005,46,28,64,283,49,33,43,162,47*6D
$GAGSV,2,1,08,04,42,260,45,06,18,249,33,10,49,311,49,11,22,321,37*62
$GAGSV,2,2,08,12,71,281,46,19,65,005,46,28,64,283,49,33,43,162,47*6D
$GAGSV,2,1,08,04,42,260,45,06,18,249,33,10,49,311,49,11,22,321,37*62
$GAGSV,2,2,08,12,71,281,46,19,65,005,46,28,64,283,49,33,43,162,47*6D
$GAGSV,2,1,08,04,42,260,45,06,18,249,33,10,49,311,49,11,22,321,37*62
$GAGSV,2,2,08,12,71,281,46,19,65,005,46,28,64,283,49,33,43,162,47*6D
$GAGSV,2,1,08,04,42,260,45,06,18,249,32,10,49,311,49,11,22,321,37*63
$GAGSV,2,2,08,12,71,281,46,19,65,005,46,28,64,283,49,33,43,162,47*6D
$GAGSV,2,1,08,04,42,260,45,06,18,249,31,10,49,311,49,11,22,321,37*60
$GAGSV,2,2,08,12,71,281,46,19,65,005,46,28,64,283,49,33,43,162,47*6D
$GAGSV,2,1,08,04,42,260,45,06,18,249,29,10,49,311,49,11,22,321,37*69
$GAGSV,2,2,08,12,71,281,46,19,65,005,46,28,64,283,49,33,43,162,47*6D
$GAGSV,2,1,08,04,42,260,45,06,18,249,29,10,49,311,49,11,22,321,37*69
$GAGSV,2,2,08,12,71,281,46,19,65,005,46,28,64,283,49,33,43,162,47*6D
$GAGSV,2,1,08,04,42,260,45,06,18,249,29,10,49,311,49,11,22,321,37*69
$GAGSV,2,2,08,12,71,281,45,19,65,005,46,28,64,283,49,33,43,162,47*6E
$GAGSV,2,1,08,04,42,260,45,06,18,249,29,10,49,311,49,11,22,321,37*69
$GAGSV,2,2,08,12,71,281,45,19,65,005,46,28,64,283,49,33,43,162,47*6E
$GAGSV,2,1,08,04,42,260,45,06,18,249,30,10,49,311,48,11,22,321,38*6F
$GAGSV,2,2,08,12,71,281,45,19,65,005,46,28,64,283,48,33,43,162,47*6F
$GAGSV,2,1,08,04,42,260,45,06,18,249,30,10,49,311,48,11,22,321,37*60
$GAGSV,2,2,08,12,71,281,45,19,65,005,46,28,64,283,48,33,43,162,46*6E
$GAGSV,2,1,08,04,42,260,45,06,18,249,30,10,49,311,48,11,22,321,37*60
$GAGSV,2,2,08,12,71,281,45,19,65,005,46,28,64,283,48,33,43,162,46*6E
$GAGSV,2,1,08,04,42,260,45,06,18,249,30,10,49,311,48,11,22,321,37*60
$GAGSV,2,2,08,12,71,281,45,19,65,005,46,28,64,283,48,33,43,162,46*6E
$GAGSV,2,1,08,04,42,260,45,06,18,249,30,10,49,311,48,11,22,321,38*6F
$GAGSV,2,2,08,12,71,281,45,19,65,005,46,28,64,283,48,33,43,162,46*6E
$GAGSV,2,1,08,04,42,260,45,06,18,249,30,10,49,311,48,11,22,321,38*6F
$GAGSV,2,2,08,12,71,281,45,19,65,005,46,28,64,283,48,33,43,162,46*6E
$GAGSV,2,1,08,04,42,260,45,06,18,249,30,10,49,311,48,11,22,321,38*6F
$GAGSV,2,2,08,12,71,281,45,19,65,005,46,28,64,283,48,33,43,162,46*6E
$GAGSV,2,1,08,04,42,260,45,06,18,249,31,10,49,311,48,11,22,321,38*6E
$GAGSV,2,2,08,12,71,281,45,19,65,005,46,28,64,283,48,33,43,162,46*6E
$GAGSV,2,1,08,04,42,260,45,06,18,249,31,10,49,311,48,11,22,321,38*6E
$GAGSV,2,2,08,12,71,281,45,19,65,005,46,28,64,283,48,33,43,162,47*6F
$GAGSV,2,1,08,04,42,260,45,06,18,249,31,10,49,311,48,11,22,321,38*6E
$GAGSV,2,2,08,12,71,281,45,19,65,005,46,28,64,283,48,33,43,162,47*6F
$GAGSV,2,1,08,04,42,260,45,06,18,249,31,10,49,311,48,11,22,320,38*6F
$GAGSV,2,2,08,12,71,281,45,19,65,005,46,28,64,283,48,33,43,162,47*6F
$GAGSV,2,1,08,04,42,260,45,06,18,249,31,10,49,311,48,11,22,320,38*6F
$GAGSV,2,2,08,12,71,281,45,19,65,005,46,28,64,283,48,33,43,162,47*6F
$GAGSV,2,1,08,04,42,260,44,06,18,249,31,10,49,311,48,11,22,320,38*6E
$GAGSV,2,2,08,12,71,281,45,19,65,005,46,28,64,283,48,33,43,162,47*6F
$GAGSV,2,1,08,04,42,260,44,06,18,249,31,10,49,311,48,11,22,320,38*6E
$GAGSV,2,2,08,12,71,281,45,19,65,005,46,28,64,283,48,33,43,162,47*6F
$GAGSV,2,1,08,04,42,260,44,06,18,249,31,10,49,311,48,11,22,320,38*6E
$GAGSV,2,2,08,12,71,281,45,19,65,005,46,28,64,283,48,33,43,162,47*6F
$GAGSV,2,1,08,04,42,260,44,06,18,249,30,10,49,311,48,11,22,320,38*6F
$GAGSV,2,2,08,12,71,281,45,19,65,005,46,28,64,284,48,33,43,162,47*68
$GAGSV,2,1,08,04,42,260,45,06,18,249,31,10,49,311,48,11,22,320,38*6F
$GAGSV,2,2,08,12,71,281,45,19,65,005,46,28,64,284,48,33,43,162,47*68
$GAGSV,2,1,08,04,42,260,45,06,18,249,31,10,49,311,48,11,22,320,38*6F
$GAGSV,2,2,08,12,71,281,45,19,65,005,45,28,64,284,48,33,43,162,47*6B
$GAGSV,2,1,08,04,42,260,45,06,18,249,32,10,49,311,48,11,22,320,38*6C
$GAGSV,2,2,08,12,71,281,45,19,65,005,45,28,64,284,48,33,43,162,47*6B
$GAGSV,2,1,08,04,42,260,45,06,18,249,32,10,49,311,48,11,22,320,38*6C
$GAGSV,2,2,08,12,71,281,45,19,65,005,46,28,64,284,48,33,43,162,47*68
$GAGSV,2,1,08,04,42,260,45,06,18,249,33,10,49,311,48,11,22,320,38*6D
$GAGSV,2,2,08,12,71,281,46,19,65,005,45,28,64,284,48,33,43,162,47*68
$GAGSV,2,1,08,04,42,260,45,06,18,249,33,10,49,311,48,11,22,320,38*6D
$GAGSV,2,2,08,12,71,281,46,19,65,005,45,28,64,284,48,33,43,162,47*68
$GAGSV,2,1,08,04,42,260,45,06,18,249,32,10,49,311,48,11,22,320,38*6C
$GAGSV,2,2,08,12,71,281,46,19,65,005,45,28,64,284,48,33,43,162,47*68
$GAGSV,2,1,08,04,42,260,45,06,18,249,31,10,49,311,48,11,22,320,38*6F
$GAGSV,2,2,08,12,71,281,46,19,65,005,46,28,64,284,48,33,43,162,47*6B
$GAGSV,2,1,08,04,42,260,45,06,18,249,30,10,49,311,48,11,22,320,38*6E
$GAGSV,2,2,08,12,71,281,46,19,65,005,45,28,64,284,48,33,43,162,47*68
$GAGSV,2,1,08,04,42,260,45,06,18,249,30,10,49,311,48,11,22,320,38*6E
$GAGSV,2,2,08,12,71,281,46,19,65,005,45,28,64,284,48,33,43,162,47*68
$GAGSV,2,1,08,04,42,260,45,06,18,249,28,10,49,311,48,11,22,320,38*67
$GAGSV,2,2,08,12,71,281,46,19,65,005,45,28,64,284,48,33,43,162,47*68
$GAGSV,2,1,08,04,42,260,45,06,18,249,27,10,49,311,49,11,22,320,38*69
$GAGSV,2,2,08,12,71,281,46,19,65,005,45,28,64,284,48,33,43,162,47*68
$GAGSV,2,1,08,04,42,260,45,06,18,249,26,10,49,311,49,11,22,320,38*68
$GAGSV,2,2,08,12,71,281,46,19,65,005,45,28,64,284,48,33,43,162,47*68
$GAGSV,2,1,08,04,42,260,45,06,18,249,25,10,49,311,48,11,22,320,38*6A
$GAGSV,2,2,08,12,71,281,46,19,65,005,45,28,64,284,48,33,43,162,47*68
$GAGSV,2,1,08,04,42,260,45,06,18,249,26,10,49,311,48,11,22,320,38*69
$GAGSV,2,2,08,12,71,281,46,19,65,005,45,28,64,284,48,33,43,162,47*68
$GAGSV,2,1,08,04,42,260,45,06,18,249,28,10,49,311,48,11,22,320,38*67
$GAGSV,2,2,08,12,71,281,45,19,65,005,45,28,64,284,48,33,43,162,47*6B
$GAGSV,2,1,08,04,42,260,45,06,18,249,28,10,49,311,48,11,22,320,37*68
$GAGSV,2,2,08,12,71,281,46,19,65,005,45,28,64,284,48,33,43,162,47*68
$GAGSV,2,1,08,04,42,260,45,06,18,249,29,10,49,311,48,11,22,320,37*69
$GAGSV,2,2,08,12,71,281,46,19,65,005,45,28,64,284,48,33,43,162,47*68
$GAGSV,2,1,08,04,42,260,45,06,18,249,29,10,49,311,48,11,22,320,37*69
$GAGSV,2,2,08,12,71,281,46,19,65,005,45,28,64,284,48,33,43,162,47*68
$GAGSV,2,1,08,04,42,260,45,06,18,249,30,10,49,311,48,11,22,320,36*60
$GAGSV,2,2,08,12,71,280,46,19,65,005,45,28,64,284,48,33,43,162,47*69
$GAGSV,2,1,08,04,42,260,45,06,18,249,31,10,49,311,48,11,22,320,36*61
$GAGSV,2,2,08,12,71,280,46,19,65,005,45,28,64,284,48,33,43,162,47*69
$GAGSV,2,1,08,04,42,260,45,06,18,249,31,10,49,311,48,11,22,320,37*60
$GAGSV,2,2,08,12,71,280,46,19,65,005,45,28,64,284,48,33,43,162,47*69
$GAGSV,2,1,08,04,42,260,45,06,18,249,31,10,49,311,48,11,22,320,37*60
$GAGSV,2,2,08,12,71,280,46,19,65,005,45,28,64,284,48,33,43,162,46*68
$GAGSV,2,1,08,04,42,260,45,06,18,249,31,10,49,311,48,11,22,320,37*60
$GAGSV,2,2,08,12,71,280,46,19,65,005,45,28,64,284,48,33,43,162,46*68
$GAGSV,2,1,08,04,42,260,45,06,18,249,30,10,49,311,48,11,22,320,37*61
$GAGSV,2,2,08,12,71,280,46,19,65,005,45,28,64,284,48,33,43,162,46*68
$GAGSV,2,1,08,04,42,260,45,06,18,249,30,10,49,311,48,11,22,320,37*61
$GAGSV,2,2,08,12,71,280,46,19,65,005,45,28,64,284,48,33,43,162,46*68
$GAGSV,2,1,08,04,42,260,45,06,18,249,30,10,49,311,48,11,22,320,37*61
$GAGSV,2,2,08,12,71,280,45,19,65,005,45,28,64,284,48,33,43,162,46*6B
$GAGSV,2,1,08,04,42,260,45,06,18,249,31,10,49,311,48,11,22,320,37*60
$GAGSV,2,2,08,12,71,280,45,19,65,005,45,28,64,284,48,33,43,162,47*6A
$GAGSV,2,1,08,04,42,260,45,06,18,249,31,10,49,311,48,11,22,320,37*60
$GAGSV,2,2,08,12,71,280,45,19,65,005,45,28,64,284,48,33,43,162,47*6A
$GAGSV,2,1,08,04,42,260,45,06,18,249,30,10,49,311,48,11,22,320,36*60
$GAGSV,2,2,08,12,71,280,45,19,65,005,45,28,64,284,48,33,43,162,47*6A
$GAGSV,2,1,08,04,42,260,45,06,18,249,30,10,49,311,48,11,22,320,36*60
$GAGSV,2,2,08,12,71,280,45,19,65,005,46,28,64,284,48,33,43,162,47*69
$GAGSV,2,1,08,04,42,260,45,06,18,249,30,10,49,311,48,11,22,320,36*60
$GAGSV,2,2,08,12,71,280,45,19,65,005,46,28,64,284,48,33,43,162,47*69
$GAGSV,2,1,08,04,42,260,45,06,18,249,29,10,49,311,48,11,22,320,36*68
$GAGSV,2,2,08,12,71,280,45,19,65,005,45,28,64,284,48,33,43,162,47*6A
$GAGSV,2,1,08,04,42,260,45,06,18,249,29,10,49,311,48,11,22,320,36*68
$GAGSV,2,2,08,12,71,280,45,19,65,005,45,28,64,284,48,33,43,162,47*6A
$GAGSV,2,1,08,04,42,260,45,06,18,249,29,10,49,311,48,11,22,320,36*68
$GAGSV,2,2,08,12,71,280,45,19,65,005,45,28,64,284,48,33,43,162,47*6A
$GAGSV,2,1,08,04,42,260,45,06,18,249,28,10,49,311,48,11,22,320,36*69
$GAGSV,2,2,08,12,71,280,45,19,65,005,45,28,64,284,48,33,43,162,47*6A
$GAGSV,2,1,08,04,42,260,45,06,18,249,28,10,49,311,48,11,22,320,36*69
$GAGSV,2,2,08,12,71,280,45,19,65,005,46,28,64,284,48,33,43,162,47*69
$GAGSV,2,1,08,04,42,260,45,06,18,249,28,10,49,311,48,11,22,320,36*69
$GAGSV,2,2,08,12,71,280,45,19,65,005,46,28,64,284,48,33,43,162,47*69
$GAGSV,2,1,08,04,42,260,45,06,18,249,27,10,49,311,48,11,22,320,36*66
$GAGSV,2,2,08,12,71,280,45,19,65,005,46,28,64,284,48,33,43,162,47*69
$GAGSV,2,1,08,04,42,260,44,06,18,249,26,10,49,311,48,11,22,320,37*67
$GAGSV,2,2,08,12,71,280,45,19,65,005,46,28,64,284,48,33,43,162,47*69
$GAGSV,2,1,08,04,42,260,44,06,18,249,25,10,49,311,48,11,22,320,37*64
$GAGSV,2,2,08,12,71,280,45,19,65,005,46,28,64,284,48,33,43,162,47*69
$GAGSV,2,1,08,04,42,260,44,06,18,249,26,10,49,311,48,11,22,320,37*67
$GAGSV,2,2,08,12,71,280,45,19,65,005,46,28,64,284,48,33,43,162,47*69
$GAGSV,2,1,08,04,42,260,44,06,18,249,27,10,49,311,48,11,22,320,37*66
$GAGSV,2,2,08,12,71,280,45,19,65,005,46,28,64,284,48,33,43,162,47*69
$GAGSV,2,1,08,04,42,260,44,06,18,249,28,10,49,311,48,11,22,320,37*69
$GAGSV,2,2,08,12,71,280,45,19,65,005,46,28,64,284,48,33,43,162,47*69
$GAGSV,2,1,08,04,42,260,44,06,18,249,27,10,49,310,48,11,22,320,37*67
$GAGSV,2,2,08,12,71,280,45,19,65,005,46,28,64,284,48,33,43,162,47*69
$GAGSV,2,1,08,04,42,260,45,06,18,249,27,10,49,310,48,11,22,320,37*66
$GAGSV,2,2,08,12,71,280,45,19,65,005,46,28,64,284,48,33,43,162,47*69
$GAGSV,2,1,08,04,42,260,45,06,18,249,26,10,49,310,48,11,22,320,37*67
$GAGSV,2,2,08,12,71,280,45,19,65,005,46,28,64,284,48,33,43,162,47*69
$GAGSV,2,1,08,04,42,260,45,06,18,249,26,10,49,310,48,11,22,320,37*67
$GAGSV,2,2,08,12,71,280,45,19,65,005,46,28,64,284,48,33,43,162,47*69
$GAGSV,2,1,08,04,42,260,45,06,18,249,26,10,49,310,48,11,22,320,37*67
$GAGSV,2,2,08,12,71,280,45,19,65,005,46,28,64,284,48,33,43,162,47*69
$GAGSV,2,1,08,04,42,260,45,06,18,249,27,10,49,310,48,11,22,320,37*66
$GAGSV,2,2,08,12,71,280,45,19,65,005,46,28,64,284,48,33,43,162,47*69
$GAGSV,2,1,08,04,42,260,44,06,18,249,28,10,49,310,48,11,22,320,37*68
$GAGSV,2,2,08,12,71,280,45,19,65,005,45,28,64,284,48,33,43,162,47*6A
$GAGSV,2,1,08,04,42,260,44,06,18,249,27,10,49,310,48,11,22,320,37*67
$GAGSV,2,2,08,12,71,280,45,19,65,005,45,28,64,284,48,33,43,162,47*6A
$GAGSV,2,1,08,04,42,260,44,06,18,249,26,10,49,310,48,11,22,320,37*66
$GAGSV,2,2,08,12,71,280,45,19,65,005,45,28,64,284,48,33,43,162,47*6A
$GAGSV,2,1,08,04,42,260,44,06,18,249,27,10,49,310,48,11,22,320,37*67
$GAGSV,2,2,08,12,71,280,45,19,65,005,46,28,64,284,48,33,43,162,47*69
$GAGSV,2,1,08,04,42,260,44,06,18,249,28,10,49,310,48,11,22,320,37*68
$GAGSV,2,2,08,12,71,280,45,19,65,005,46,28,64,284,48,33,43,162,47*69
$GAGSV,2,1,08,04,42,260,44,06,18,249,27,10,49,310,48,11,22,320,37*67
$GAGSV,2,2,08,12,71,280,45,19,65,005,46,28,64,284,48,33,43,162,47*69
$GAGSV,2,1,08,04,42,260,44,06,18,249,27,10,49,310,48,11,22,320,37*67
$GAGSV,2,2,08,12,71,280,45,19,65,005,46,28,64,284,48,33,43,162,47*69
$GAGSV,2,1,08,04,42,260,44,06,18,249,27,10,49,310,48,11,22,320,37*67
$GAGSV,2,2,08,12,71,280,45,19,65,005,46,28,64,284,48,33,43,162,47*69
$GAGSV,2,1,08,04,42,260,44,06,18,249,28,10,49,310,48,11,22,320,37*68
$GAGSV,2,2,08,12,71,280,45,19,65,005,45,28,64,284,48,33,43,162,47*6A
$GAGSV,2,1,08,04,42,260,44,06,18,249,29,10,49,310,48,11,22,320,37*69
$GAGSV,2,2,08,12,71,280,45,19,65,005,45,28,64,284,48,33,43,162,47*6A
$GAGSV,2,1,08,04,42,260,44,06,18,249,29,10,49,310,48,11,22,320,37*69
$GAGSV,2,2,08,12,71,280,45,19,65,005,45,28,64,284,48,33,43,162,47*6A
$GAGSV,2,1,08,04,42,260,44,06,18,249,28,10,49,310,48,11,22,320,37*68
$GAGSV,2,2,08,12,71,280,46,19,65,005,45,28,64,284,48,33,43,162,47*69
$GAGSV,2,1,08,04,42,260,45,06,18,249,28,10,49,310,48,11,22,320,38*66
$GAGSV,2,2,08,12,71,280,46,19,65,005,45,28,64,284,48,33,43,162,47*69
$GAGSV,2,1,08,04,42,260,45,06,18,249,28,10,49,310,48,11,22,320,38*66
$GAGSV,2,2,08,12,71,280,46,19,65,005,45,28,64,284,48,33,43,162,47*69
$GAGSV,2,1,08,04,42,260,45,06,18,249,28,10,49,310,48,11,22,320,38*66
$GAGSV,2,2,08,12,71,280,46,19,65,005,45,28,64,284,48,33,43,162,47*69
$GAGSV,2,1,08,04,42,260,45,06,18,249,28,10,49,310,48,11,22,320,38*66
$GAGSV,2,2,08,12,71,280,46,19,65,005,45,28,64,284,48,33,43,162,47*69
$GAGSV,2,1,08,04,42,260,45,06,18,249,28,10,49,310,48,11,22,320,38*66
$GAGSV,2,2,08,12,71,280,45,19,65,005,45,28,64,284,48,33,43,162,47*6A
$GAGSV,2,1,08,04,42,260,45,06,18,249,29,10,49,310,48,11,22,320,38*67
$GAGSV,2,2,08,12,71,280,46,19,65,005,45,28,64,284,48,33,43,162,47*69
$GAGSV,2,1,08,04,42,260,45,06,18,249,29,10,49,310,48,11,22,320,38*67
$GAGSV,2,2,08,12,71,280,46,19,65,005,46,28,64,284,48,33,43,162,47*6A
$GAGSV,2,1,08,04,42,260,45,06,18,249,28,10,49,310,48,11,22,320,38*66
$GAGSV,2,2,08,12,71,280,46,19,65,005,46,28,64,284,48,33,43,162,47*6A
$GAGSV,2,1,08,04,42,260,45,06,18,249,28,10,49,310,48,11,22,320,38*66
$GAGSV,2,2,08,12,71,280,45,19,65,005,46,28,64,284,48,33,43,162,47*69
$GAGSV,2,1,08,04,42,260,45,06,18,249,27,10,49,310,48,11,22,320,38*69
$GAGSV,2,2,08,12,71,280,45,19,65,005,46,28,64,284,48,33,43,162,47*69
$GAGSV,2,1,08,04,42,260,45,06,18,249,27,10,49,310,48,11,22,320,38*69
$GAGSV,2,2,08,12,71,280,45,19,65,005,46,28,64,284,48,33,43,162,47*69
$GAGSV,2,1,08,04,42,260,45,06,18,249,27,10,49,310,48,11,22,320,38*69
$GAGSV,2,2,08,12,71,280,45,19,65,005,46,28,64,284,48,33,43,162,47*69
$GAGSV,2,1,08,04,42,260,45,06,18,249,28,10,49,310,48,11,22,320,38*66
$GAGSV,2,2,08,12,71,280,45,19,65,005,46,28,64,284,48,33,43,162,47*69
$GAGSV,2,1,08,04,42,260,45,06,18,249,28,10,49,310,49,11,22,320,38*67
$GAGSV,2,2,08,12,71,280,45,19,65,005,46,28,64,284,48,33,43,162,47*69
$GAGSV,2,1,08,04,42,260,45,06,18,249,29,10,49,310,49,11,22,320,38*66
$GAGSV,2,2,08,12,71,280,46,19,65,005,46,28,64,284,48,33,43,162,47*6A
$GAGSV,2,1,08,04,42,260,45,06,18,249,28,10,49,310,49,11,22,320,38*67
$GAGSV,2,2,08,12,71,280,46,19,65,005,46,28,64,284,47,33,43,162,47*65
$GAGSV,2,1,08,04,42,260,45,06,18,249,28,10,49,310,49,11,22,320,38*67
$GAGSV,2,2,08,12,71,280,46,19,65,005,46,28,64,284,47,33,43,162,47*65
$GAGSV,2,1,08,04,42,260,45,06,18,249,28,10,49,310,49,11,22,320,38*67
$GAGSV,2,2,08,12,71,280,45,19,65,005,46,28,64,284,47,33,43,162,47*66
$GAGSV,2,1,08,04,42,260,45,06,18,249,28,10,49,310,49,11,22,320,38*67
$GAGSV,2,2,08,12,71,280,45,19,65,005,46,28,64,284,47,33,43,162,47*66
$GAGSV,2,1,08,04,42,260,45,06,18,249,27,10,49,310,49,11,22,320,38*68
$GAGSV,2,2,08,12,71,280,45,19,65,005,46,28,64,284,47,33,43,162,47*66
$GAGSV,2,1,08,04,42,260,45,06,18,249,28,10,49,310,49,11,22,320,38*67
$GAGSV,2,2,08,12,71,280,45,19,65,005,46,28,64,284,47,33,43,162,47*66
$GAGSV,2,1,08,04,42,260,45,06,18,249,29,10,49,310,49,11,22,320,38*66
$GAGSV,2,2,08,12,71,280,45,19,65,005,46,28,64,284,47,33,43,162,47*66
$GAGSV,2,1,08,04,42,260,45,06,18,249,29,10,49,310,49,11,22,320,38*66
$GAGSV,2,2,08,12,71,280,46,19,65,005,46,28,64,284,47,33,43,162,47*65
$GAGSV,2,1,08,04,42,260,45,06,18,249,29,10,49,310,49,11,22,320,38*66
$GAGSV,2,2,08,12,71,280,46,19,65,005,46,28,64,284,47,33,43,162,47*65
$GAGSV,2,1,08,04,42,260,45,06,18,249,29,10,49,310,49,11,22,320,38*66
$GAGSV,2,2,08,12,71,280,46,19,65,005,46,28,64,284,47,33,43,162,47*65
$GAGSV,2,1,08,04,42,260,45,06,18,249,28,10,49,310,49,11,22,320,38*67
$GAGSV,2,2,08,12,71,280,46,19,65,005,46,28,64,284,47,33,43,162,47*65
$GAGSV,2,1,08,04,42,260,45,06,18,249,27,10,49,310,49,11,22,320,38*68
$GAGSV,2,2,08,12,71,280,46,19,65,005,46,28,64,284,47,33,43,162,47*65
$GAGSV,2,1,08,04,42,260,44,06,18,249,26,10,49,310,49,11,22,320,38*68
$GAGSV,2,2,08,12,71,280,46,19,65,005,46,28,64,284,47,33,43,162,47*65
$GAGSV,2,1,08,04,42,260,44,06,18,249,26,10,49,310,49,11,22,320,38*68
$GAGSV,2,2,08,12,71,280,46,19,65,005,46,28,64,284,47,33,43,162,47*65
$GAGSV,2,1,08,04,42,260,44,06,18,249,27,10,49,310,49,11,22,320,39*68
$GAGSV,2,2,08,12,71,280,46,19,65,005,46,28,64,284,47,33,43,162,47*65
$GAGSV,2,1,08,04,42,260,45,06,18,249,27,10,49,310,49,11,22,320,39*69
$GAGSV,2,2,08,12,71,280,46,19,65,005,46,28,64,284,48,33,43,162,47*6A
$GAGSV,2,1,08,04,42,260,45,06,18,249,29,10,49,310,49,11,22,320,39*67
$GAGSV,2,2,08,12,71,280,46,19,65,005,46,28,64,284,48,33,43,162,47*6A
$GAGSV,2,1,08,04,42,260,45,06,18,249,30,10,49,310,49,11,22,320,39*6F
$GAGSV,2,2,08,12,71,280,46,19,65,005,46,28,64,284,48,33,43,162,47*6A
$GAGSV,2,1,08,04,42,260,45,06,18,249,29,10,49,310,49,11,22,320,39*67
$GAGSV,2,2,08,12,71,280,46,19,65,005,46,28,64,284,48,33,43,162,47*6A
$GAGSV,2,1,08,04,42,260,45,06,18,249,29,10,49,310,49,11,22,320,39*67
$GAGSV,2,2,08,12,71,280,46,19,65,005,46,28,64,284,48,33,43,162,47*6A
$GAGSV,2,1,08,04,42,260,45,06,18,249,29,10,49,310,49,11,22,320,39*67
$GAGSV,2,2,08,12,71,280,46,19,65,005,46,28,64,284,48,33,43,162,47*6A
$GAGSV,2,1,08,04,42,260,45,06,18,249,29,10,49,310,49,11,22,320,39*67
$GAGSV,2,2,08,12,71,280,46,19,65,005,46,28,64,284,48,33,43,162,47*6A
$GAGSV,2,1,08,04,42,260,45,06,18,249,28,10,49,310,49,11,22,320,39*66
$GAGSV,2,2,08,12,71,280,46,19,65,005,46,28,64,284,48,33,43,162,47*6A
$GAGSV,2,1,08,04,42,260,45,06,18,249,29,10,49,310,49,11,22,320,39*67
$GAGSV,2,2,08,12,71,280,46,19,65,005,46,28,64,284,48,33,43,162,47*6A
$GAGSV,2,1,08,04,42,260,45,06,18,249,30,10,49,310,49,11,22,320,39*6F
$GAGSV,2,2,08,12,71,280,46,19,65,005,46,28,64,284,48,33,43,162,47*6A
$GAGSV,2,1,08,04,42,260,45,06,18,249,30,10,49,310,49,11,22,320,39*6F
$GAGSV,2,2,08,12,71,280,46,19,65,005,46,28,64,284,48,33,43,162,47*6A
$GAGSV,2,1,08,04,42,260,45,06,18,249,31,10,49,310,49,11,22,320,39*6E
$GAGSV,2,2,08,12,71,280,46,19,65,005,46,28,64,284,48,33,43,162,47*6A
$GAGSV,2,1,08,04,42,260,45,06,18,249,31,10,49,310,48,11,22,320,39*6F
$GAGSV,2,2,08,12,71,280,46,19,65,005,46,28,64,284,48,33,43,162,47*6A
$GAGSV,2,1,08,04,42,260,45,06,18,249,32,10,49,310,48,11,22,320,39*6C
$GAGSV,2,2,08,12,71,280,46,19,65,005,46,28,64,284,48,33,43,162,47*6A
$GAGSV,2,1,08,04,42,260,45,06,18,249,32,10,49,310,48,11,22,320,39*6C
$GAGSV,2,2,08,12,71,280,46,19,65,005,46,28,64,284,48,33,43,162,47*6A
$GAGSV,2,1,08,04,42,260,45,06,18,249,31,10,49,310,48,11,22,320,39*6F
$GAGSV,2,2,08,12,71,280,46,19,65,005,45,28,64,284,48,33,43,162,47*69
$GAGSV,2,1,08,04,42,260,45,06,18,249,31,10,49,310,48,11,22,320,39*6F
$GAGSV,2,2,08,12,71,280,46,19,65,005,45,28,64,284,48,33,43,162,47*69
$GAGSV,2,1,08,04,42,260,45,06,18,249,31,10,49,310,48,11,22,320,39*6F
$GAGSV,2,2,08,12,71,280,46,19,65,005,45,28,64,284,48,33,43,162,47*69
$GAGSV,2,1,08,04,42,260,45,06,18,249,29,10,49,310,48,11,22,320,39*66
$GAGSV,2,2,08,12,71,280,46,19,65,005,45,28,64,284,48,33,43,162,47*69
$GAGSV,2,1,08,04,42,260,45,06,18,249,29,10,49,310,48,11,22,320,39*66
$GAGSV,2,2,08,12,71,280,46,19,65,005,45,28,64,284,48,33,43,162,47*69
$GAGSV,2,1,08,04,42,260,45,06,18,249,29,10,49,310,48,11,22,320,39*66
$GAGSV,2,2,08,12,71,280,46,19,65,005,45,28,64,284,48,33,43,162,47*69
$GAGSV,2,1,08,04,42,260,45,06,18,249,29,10,49,310,48,11,22,320,39*66
$GAGSV,2,2,08,12,71,280,46,19,65,005,45,28,64,284,48,33,43,162,47*69
$GAGSV,2,1,08,04,42,260,45,06,18,249,30,10,49,310,48,11,22,320,39*6E
$GAGSV,2,2,08,12,71,280,46,19,65,005,45,28,64,284,48,33,43,162,47*69
$GAGSV,2,1,08,04,42,260,45,06,18,249,29,10,49,310,48,11,22,320,39*66
$GAGSV,2,2,08,12,71,280,46,19,65,005,45,28,64,284,48,33,43,162,47*69
$GAGSV,2,1,08,04,42,260,45,06,18,249,29,10,49,310,48,11,22,320,39*66
$GAGSV,2,2,08,12,71,280,46,19,65,005,45,28,64,284,48,33,43,162,47*69
$GAGSV,2,1,08,04,42,260,45,06,18,249,29,10,49,310,49,11,22,320,38*66
$GAGSV,2,2,08,12,71,280,46,19,65,005,46,28,64,284,48,33,43,162,47*6A
$GAGSV,2,1,08,04,42,260,45,06,18,249,29,10,49,310,49,11,22,320,38*66
$GAGSV,2,2,08,12,71,280,46,19,65,005,46,28,64,284,48,33,43,162,47*6A
$GAGSV,2,1,08,04,42,260,45,06,18,249,28,10,49,310,49,11,22,320,38*67
$GAGSV,2,2,08,12,71,280,46,19,65,005,46,28,64,284,48,33,43,162,48*65
$GAGSV,2,1,08,04,42,260,45,06,18,249,28,10,49,310,49,11,22,320,38*67
$GAGSV,2,2,08,12,71,280,46,19,65,005,46,28,64,284,48,33,43,162,48*65
$GAGSV,2,1,08,04,42,260,45,06,18,249,28,10,49,310,49,11,22,320,38*67
$GAGSV,2,2,08,12,71,280,46,19,65,005,46,28,64,284,48,33,43,162,48*65
$GAGSV,2,1,08,04,42,260,45,06,18,249,28,10,49,310,49,11,22,320,38*67
$GAGSV,2,2,08,12,71,280,46,19,65,005,46,28,64,284,48,33,43,162,47*6A
$GAGSV,2,1,08,04,42,260,45,06,18,249,27,10,49,310,49,11,22,320,38*68
$GAGSV,2,2,08,12,71,280,46,19,65,005,46,28,64,284,48,33,43,162,47*6A
$GAGSV,2,1,08,04,42,260,45,06,18,249,26,10,49,310,49,11,22,320,38*69
$GAGSV,2,2,08,12,71,280,46,19,65,005,46,28,64,284,48,33,43,162,48*65
$GAGSV,2,1,08,04,42,260,45,06,18,249,26,10,49,310,49,11,22,320,38*69
$GAGSV,2,2,08,12,71,280,46,19,65,005,46,28,64,284,48,33,43,162,48*65
$GAGSV,2,1,08,04,42,260,45,06,18,249,26,10,49,310,49,11,22,320,39*68
$GAGSV,2,2,08,12,71,280,46,19,65,005,46,28,64,284,48,33,43,162,47*6A
$GAGSV,2,1,08,04,42,260,45,06,18,249,26,10,49,310,49,11,22,320,39*68
$GAGSV,2,2,08,12,71,280,46,19,65,005,46,28,64,284,48,33,43,162,47*6A
$GAGSV,2,1,08,04,42,260,45,06,18,249,27,10,49,310,49,11,22,320,39*69
$GAGSV,2,2,08,12,71,280,46,19,65,005,46,28,64,284,48,33,43,162,47*6A
$GAGSV,2,1,08,04,42,260,45,06,18,249,27,10,49,310,49,11,22,320,39*69
$GAGSV,2,2,08,12,71,280,46,19,65,005,46,28,64,284,48,33,43,162,47*6A
$GAGSV,2,1,08,04,42,260,45,06,18,249,26,10,49,310,49,11,22,320,39*68
$GAGSV,2,2,08,12,71,280,46,19,65,005,46,28,64,284,48,33,43,162,47*6A
$GAGSV,2,1,08,04,42,260,45,06,18,249,26,10,49,310,49,11,22,320,39*68
$GAGSV,2,2,08,12,71,280,46,19,65,005,46,28,64,284,48,33,43,162,47*6A
$GAGSV,2,1,08,04,42,260,45,06,18,249,26,10,49,310,49,11,22,320,39*68
$GAGSV,2,2,08,12,71,280,46,19,65,005,46,28,64,284,48,33,43,162,47*6A
$GAGSV,2,1,08,04,42,260,45,06,18,249,26,10,49,310,49,11,22,320,39*68
$GAGSV,2,2,08,12,71,280,46,19,65,005,46,28,64,284,48,33,43,162,48*65
$GAGSV,2,1,08,04,42,260,45,06,18,249,27,10,49,310,49,11,22,320,39*69
$GAGSV,2,2,08,12,71,280,46,19,65,005,46,28,64,284,48,33,43,162,48*65
$GAGSV,2,1,08,04,42,260,45,06,18,249,28,10,49,310,49,11,22,320,39*66
$GAGSV,2,2,08,12,71,280,46,19,65,005,46,28,64,284,48,33,43,162,48*65
$GAGSV,2,1,08,04,42,260,45,06,18,249,27,10,49,310,48,11,22,320,39*68
$GAGSV,2,2,08,12,71,280,46,19,65,005,46,28,64,284,48,33,43,162,47*6A
$GAGSV,2,1,08,04,42,260,45,06,18,249,28,10,49,310,48,11,22,320,39*67
$GAGSV,2,2,08,12,71,280,45,19,65,005,46,28,64,284,48,33,43,162,47*69
$GAGSV,2,1,08,04,42,260,45,06,18,249,28,10,49,310,48,11,22,320,39*67
$GAGSV,2,2,08,12,71,280,45,19,65,005,46,28,64,284,48,33,43,162,47*69
$GAGSV,2,1,08,04,42,260,45,06,18,249,28,10,49,310,48,11,22,320,39*67
$GAGSV,2,2,08,12,71,280,45,19,65,005,46,28,64,284,48,33,43,162,47*69
$GAGSV,2,1,08,04,42,260,45,06,18,249,27,10,49,310,49,11,22,320,39*69
$GAGSV,2,2,08,12,71,280,45,19,65,005,46,28,64,284,48,33,43,162,47*69
$GAGSV,2,1,08,04,42,260,44,06,18,249,26,10,49,310,49,11,22,320,39*69
$GAGSV,2,2,08,12,71,280,45,19,65,005,46,28,64,284,48,33,43,162,47*69
$GAGSV,2,1,08,04,42,260,44,06,18,249,27,10,49,310,49,11,22,320,39*68
$GAGSV,2,2,08,12,71,280,46,19,65,005,46,28,64,284,47,33,43,162,47*65
$GAGSV,2,1,08,04,42,260,44,06,18,249,27,10,49,310,49,11,22,320,39*68
$GAGSV,2,2,08,12,71,280,46,19,65,005,46,28,64,284,47,33,43,162,47*65
$GAGSV,2,1,08,04,42,260,44,06,18,249,28,10,49,310,49,11,22,320,39*67
$GAGSV,2,2,08,12,71,280,46,19,65,005,46,28,64,284,47,33,43,162,47*65
$GAGSV,2,1,08,04,42,260,44,06,18,249,29,10,49,310,49,11,22,320,39*66
$GAGSV,2,2,08,12,71,280,46,19,65,005,46,28,64,284,47,33,43,162,47*65
$GAGSV,2,1,08,04,42,260,44,06,18,249,28,10,49,310,49,11,22,320,39*67
$GAGSV,2,2,08,12,71,280,46,19,65,005,46,28,64,284,48,33,43,162,47*6A
$GAGSV,2,1,08,04,42,260,45,06,18,249,27,10,49,310,49,11,22,320,39*69
$GAGSV,2,2,08,12,71,280,46,19,65,005,46,28,64,284,48,33,43,162,47*6A
$GAGSV,2,1,08,04,42,260,45,06,18,249,28,10,49,310,49,11,22,320,39*66
$GAGSV,2,2,08,12,71,280,46,19,65,005,46,28,64,284,48,33,43,162,47*6A
$GAGSV,2,1,08,04,42,260,45,06,18,249,28,10,49,310,49,11,22,320,39*66
$GAGSV,2,2,08,12,71,280,45,19,65,005,46,28,64,284,48,33,43,162,47*69
$GAGSV,2,1,08,04,42,260,45,06,18,249,28,10,49,310,49,11,22,320,39*66
$GAGSV,2,2,08,12,71,280,45,19,65,005,46,28,64,284,48,33,43,162,47*69
$GAGSV,2,1,08,04,42,260,45,06,18,249,28,10,49,310,49,11,22,320,39*66
$GAGSV,2,2,08,12,71,280,45,19,65,005,46,28,64,284,48,33,43,162,47*69
$GAGSV,2,1,08,04,42,260,45,06,18,249,27,10,49,310,49,11,22,320,39*69
$GAGSV,2,2,08,12,71,280,45,19,65,005,46,28,64,284,48,33,43,162,47*69
$GAGSV,2,1,08,04,42,260,45,06,18,249,26,10,49,310,49,11,22,320,39*68
$GAGSV,2,2,08,12,71,280,45,19,65,005,46,28,64,284,48,33,43,162,47*69
$GAGSV,2,1,08,04,42,260,45,06,18,249,25,10,49,310,49,11,22,320,39*6B
$GAGSV,2,2,08,12,71,280,45,19,65,005,46,28,64,284,48,33,43,162,47*69
$GAGSV,2,1,08,04,42,260,45,06,18,249,26,10,49,310,49,11,22,320,39*68
$GAGSV,2,2,08,12,71,280,45,19,65,005,46,28,64,284,48,33,43,162,47*69
$GAGSV,2,1,08,04,42,260,45,06,18,249,26,10,49,310,49,11,22,320,39*68
$GAGSV,2,2,08,12,71,280,45,19,65,005,46,28,64,284,48,33,43,162,47*69
$GAGSV,2,1,08,04,42,260,44,06,18,249,27,10,49,310,49,11,22,320,39*68
$GAGSV,2,2,08,12,71,280,45,19,65,005,46,28,64,284,48,33,43,162,47*69
$GAGSV,2,1,08,04,42,260,44,06,18,249,27,10,49,310,48,11,22,320,39*69
$GAGSV,2,2,08,12,71,280,45,19,65,005,46,28,64,284,48,33,43,162,47*69
$GAGSV,2,1,08,04,42,260,44,06,18,249,27,10,49,310,48,11,22,320,39*69
$GAGSV,2,2,08,12,71,280,45,19,65,005,46,28,64,284,48,33,43,162,47*69
$GAGSV,2,1,08,04,42,260,44,06,18,249,26,10,49,310,48,11,22,320,39*68
$GAGSV,2,2,08,12,71,280,45,19,65,005,46,28,64,284,48,33,43,162,47*69
$GAGSV,2,1,08,04,42,260,44,06,18,249,26,10,49,310,48,11,22,320,39*68
$GAGSV,2,2,08,12,71,280,45,19,65,005,46,28,64,284,48,33,43,162,47*69
$GAGSV,2,1,08,04,42,260,44,06,18,249,27,10,49,310,48,11,22,320,39*69
$GAGSV,2,2,08,12,71,280,45,19,65,005,46,28,64,284,48,33,43,162,48*66
$GAGSV,2,1,08,04,42,260,44,06,18,249,28,10,49,310,49,11,22,320,39*67
$GAGSV,2,2,08,12,71,280,45,19,65,005,46,28,64,284,48,33,43,162,48*66
$GAGSV,2,1,08,04,42,260,44,06,18,249,27,10,49,310,49,11,22,320,39*68
$GAGSV,2,2,08,12,71,280,45,19,65,005,46,28,64,284,48,33,43,162,48*66
$GAGSV,2,1,08,04,42,260,44,06,18,249,26,10,49,310,49,11,22,320,39*69
$GAGSV,2,2,08,12,71,280,45,19,65,005,46,28,64,284,48,33,43,162,48*66
$GAGSV,2,1,08,04,42,260,44,06,18,249,27,10,49,310,49,11,22,320,39*68
$GAGSV,2,2,08,12,71,280,45,19,65,005,46,28,64,284,48,33,43,162,48*66
$GAGSV,2,1,08,04,42,260,44,06,18,249,27,10,49,310,49,11,22,320,39*68
$GAGSV,2,2,08,12,71,280,45,19,65,005,46,28,64,284,48,33,43,162,48*66
$GAGSV,2,1,08,04,42,260,44,06,18,249,28,10,49,310,49,11,22,320,39*67
$GAGSV,2,2,08,12,71,280,45,19,65,005,46,28,64,284,48,33,43,162,48*66
$GAGSV,2,1,08,04,42,260,44,06,18,249,28,10,49,310,49,11,22,320,38*66
$GAGSV,2,2,08,12,71,280,45,19,65,005,46,28,64,284,48,33,43,162,48*66
$GAGSV,2,1,08,04,42,260,44,06,18,249,28,10,49,310,49,11,22,320,39*67
$GAGSV,2,2,08,12,71,280,45,19,65,005,46,28,64,284,48,33,43,162,48*66
$GAGSV,2,1,08,04,42,260,44,06,18,249,28,10,49,310,49,11,22,320,39*67
$GAGSV,2,2,08,12,71,280,45,19,65,005,46,28,64,284,48,33,43,162,48*66
$GAGSV,2,1,08,04,42,260,44,06,18,249,27,10,49,310,49,11,22,320,39*68
$GAGSV,2,2,08,12,71,280,45,19,65,005,46,28,64,284,48,33,43,162,48*66
$GAGSV,2,1,08,04,42,260,44,06,18,249,26,10,49,310,48,11,22,320,39*68
$GAGSV,2,2,08,12,71,280,45,19,65,005,46,28,64,284,48,33,43,162,48*66
$GAGSV,2,1,08,04,42,260,44,06,18,249,26,10,49,310,48,11,22,320,39*68
$GAGSV,2,2,08,12,71,280,45,19,65,005,46,28,64,284,48,33,43,162,48*66
$GAGSV,2,1,08,04,42,260,44,06,18,249,26,10,49,310,48,11,22,320,39*68
$GAGSV,2,2,08,12,71,280,45,19,65,005,46,28,64,284,48,33,43,162,48*66
$GAGSV,2,1,08,04,42,260,44,06,18,249,27,10,49,310,48,11,22,320,39*69
$GAGSV,2,2,08,12,71,280,45,19,65,005,46,28,64,284,48,33,43,162,48*66
$GAGSV,2,1,08,04,42,260,44,06,18,249,26,10,49,310,48,11,22,320,39*68
$GAGSV,2,2,08,12,71,280,45,19,65,005,46,28,64,284,48,33,43,162,48*66
$GAGSV,2,1,08,04,42,260,44,06,18,249,27,10,49,310,48,11,22,320,39*69
$GAGSV,2,2,08,12,71,280,45,19,65,005,46,28,64,284,48,33,43,162,48*66
$GAGSV,2,1,08,04,42,260,44,06,18,249,27,10,49,310,48,11,22,320,39*69
$GAGSV,2,2,08,12,71,280,45,19,65,005,46,28,64,284,48,33,43,162,48*66
$GAGSV,2,1,08,04,42,260,44,06,18,249,26,10,49,310,48,11,22,320,39*68
$GAGSV,2,2,08,12,71,280,45,19,65,005,46,28,64,284,48,33,43,162,48*66
$GAGSV,2,1,08,04,42,260,44,06,18,249,26,10,49,310,48,11,22,320,39*68
$GAGSV,2,2,08,12,71,280,45,19,65,005,46,28,64,284,48,33,43,162,48*66
$GAGSV,2,1,08,04,42,260,44,06,18,249,40,10,49,310,48,11,22,320,39*68
$GAGSV,2,2,08,12,71,280,45,19,65,005,46,28,64,284,48,33,43,162,48*66
$GAGSV,2,1,08,04,42,260,44,06,18,249,40,10,49,310,48,11,22,320,39*68
$GAGSV,2,2,08,12,71,280,45,19,65,005,46,28,64,284,48,33,43,162,48*66
$GAGSV,2,1,08,04,42,260,44,06,18,249,40,10,49,310,48,11,22,320,39*68
$GAGSV,2,2,08,12,71,280,45,19,65,005,46,28,64,284,48,33,43,162,48*66
$GAGSV,2,1,08,04,42,260,44,06,18,249,40,10,49,310,48,11,22,320,39*68
$GAGSV,2,2,08,12,71,280,45,19,65,005,46,28,64,284,48,33,43,162,47*69
$GAGSV,2,1,08,04,42,260,44,06,18,249,40,10,49,310,48,11,22,320,39*68
$GAGSV,2,2,08,12,71,280,45,19,65,005,46,28,64,284,48,33,43,162,47*69
$GAGSV,2,1,08,04,42,260,45,06,18,249,41,10,49,310,48,11,22,320,39*68
$GAGSV,2,2,08,12,71,280,45,19,65,005,46,28,64,284,48,33,43,162,47*69
$GAGSV,2,1,08,04,42,260,45,06,18,249,41,10,49,310,48,11,22,320,39*68
$GAGSV,2,2,08,12,71,280,45,19,65,005,46,28,64,284,48,33,43,162,47*69
$GAGSV,2,1,08,04,42,260,45,06,18,249,41,10,49,310,48,11,22,320,39*68
$GAGSV,2,2,08,12,71,280,45,19,65,005,46,28,64,284,48,33,43,162,47*69
$GAGSV,2,1,08,04,42,260,45,06,18,249,41,10,49,310,48,11,22,320,39*68
$GAGSV,2,2,08,12,71,280,45,19,65,005,46,28,64,284,48,33,43,162,47*69
$GAGSV,2,1,08,04,42,260,45,06,18,249,41,10,49,310,48,11,22,320,39*68
$GAGSV,2,2,08,12,71,280,45,19,65,005,46,28,64,284,48,33,43,162,47*69
$GAGSV,2,1,08,04,42,260,45,06,18,249,41,10,49,310,48,11,22,320,39*68
$GAGSV,2,2,08,12,71,280,45,19,65,005,46,28,64,284,48,33,43,162,47*69
$GAGSV,2,1,08,04,42,260,45,06,18,249,41,10,49,310,48,11,22,320,39*68
$GAGSV,2,2,08,12,71,280,45,19,65,005,46,28,64,284,48,33,43,162,47*69
$GAGSV,2,1,08,04,42,260,45,06,18,249,40,10,49,310,48,11,22,320,39*69
$GAGSV,2,2,08,12,71,280,45,19,65,005,46,28,64,284,48,33,43,162,47*69
$GAGSV,2,1,08,04,42,260,45,06,18,249,40,10,49,310,48,11,22,320,39*69
$GAGSV,2,2,08,12,71,280,45,19,65,005,46,28,64,284,48,33,43,162,47*69
$GAGSV,2,1,08,04,42,260,45,06,18,249,40,10,49,310,48,11,22,320,39*69
$GAGSV,2,2,08,12,71,280,45,19,65,005,46,28,64,284,48,33,43,162,47*69
$GAGSV,2,1,08,04,42,260,45,06,18,249,40,10,49,310,48,11,22,320,39*69
$GAGSV,2,2,08,12,71,280,46,19,65,005,46,28,64,284,48,33,43,162,47*6A
$GAGSV,2,1,08,04,42,260,45,06,18,249,40,10,49,310,48,11,22,320,39*69
$GAGSV,2,2,08,12,71,280,46,19,65,005,46,28,64,284,48,33,43,162,47*6A
$GAGSV,2,1,08,04,42,260,45,06,18,249,40,10,49,310,48,11,22,320,39*69
$GAGSV,2,2,08,12,71,280,46,19,65,005,46,28,64,284,48,33,43,162,47*6A
$GAGSV,2,1,08,04,42,260,45,06,18,249,40,10,49,310,48,11,22,320,39*69
$GAGSV,2,2,08,12,71,280,46,19,65,005,46,28,64,284,48,33,43,162,47*6A
$GAGSV,2,1,08,04,42,260,45,06,18,249,40,10,49,310,48,11,22,320,39*69
$GAGSV,2,2,08,12,71,280,46,19,65,005,46,28,64,284,48,33,43,162,47*6A
$GAGSV,2,1,08,04,42,260,45,06,18,249,40,10,49,310,48,11,22,320,39*69
$GAGSV,2,2,08,12,71,280,46,19,65,005,46,28,64,284,48,33,43,162,47*6A
$GAGSV,2,1,08,04,42,260,45,06,18,249,40,10,49,310,48,11,22,320,39*69
$GAGSV,2,2,08,12,71,280,46,19,65,005,46,28,64,284,48,33,43,162,47*6A
$GAGSV,2,1,08,04,42,260,45,06,18,249,40,10,49,310,48,11,22,320,39*69
$GAGSV,2,2,08,12,71,280,46,19,65,005,46,28,64,284,48,33,43,162,47*6A
$GAGSV,2,1,08,04,42,260,45,06,18,249,40,10,49,310,48,11,22,320,39*69
$GAGSV,2,2,08,12,71,280,46,19,65,005,46,28,64,284,48,33,43,162,47*6A
$GAGSV,2,1,08,04,42,260,45,06,18,249,40,10,49,310,48,11,22,320,39*69
$GAGSV,2,2,08,12,71,280,46,19,65,005,46,28,64,284,48,33,43,162,47*6A
$GAGSV,2,1,08,04,42,260,45,06,18,249,40,10,49,310,48,11,22,320,39*69
$GAGSV,2,2,08,12,71,280,46,19,65,005,46,28,64,284,48,33,43,162,47*6A
$GAGSV,2,1,08,04,42,260,45,06,18,249,40,10,49,310,48,11,22,320,39*69
$GAGSV,2,2,08,12,71,280,46,19,65,005,46,28,64,284,48,33,43,162,47*6A
$GAGSV,2,1,08,04,42,260,45,06,18,249,40,10,49,310,48,11,22,320,39*69
$GAGSV,2,2,08,12,71,280,46,19,65,005,46,28,64,284,48,33,43,162,47*6A
$GAGSV,2,1,08,04,42,260,45,06,18,249,40,10,49,310,48,11,22,320,39*69
$GAGSV,2,2,08,12,71,280,46,19,65,005,46,28,64,284,48,33,43,162,47*6A
$GAGSV,2,1,08,04,42,260,45,06,18,249,40,10,49,310,48,11,22,320,39*69
$GAGSV,2,2,08,12,71,280,46,19,65,005,46,28,64,284,48,33,43,162,47*6A
$GAGSV,2,1,08,04,42,260,45,06,18,249,40,10,49,310,48,11,22,320,39*69
$GAGSV,2,2,08,12,71,280,46,19,65,005,46,28,64,284,48,33,43,162,47*6A
$GAGSV,2,1,08,04,42,260,45,06,18,249,40,10,49,310,48,11,22,320,39*69
$GAGSV,2,2,08,12,71,280,46,19,65,005,46,28,64,284,48,33,43,162,48*65
$GAGSV,2,1,08,04,42,260,45,06,18,249,40,10,49,310,48,11,22,320,39*69
$GAGSV,2,2,08,12,71,280,46,19,65,005,46,28,64,284,48,33,43,162,48*65
$GAGSV,2,1,08,04,42,260,45,06,18,249,40,10,49,310,48,11,22,320,39*69
$GAGSV,2,2,08,12,71,280,46,19,65,005,46,28,64,284,48,33,43,162,48*65
$GAGSV,2,1,08,04,42,260,45,06,18,249,40,10,49,310,48,11,22,320,39*69
$GAGSV,2,2,08,12,71,280,46,19,65,005,46,28,64,284,48,33,43,162,48*65
$GAGSV,2,1,08,04,42,260,45,06,18,249,40,10,49,310,48,11,22,320,39*69
$GAGSV,2,2,08,12,71,280,46,19,65,005,46,28,64,284,48,33,43,162,48*65
$GAGSV,2,1,08,04,42,260,45,06,18,249,40,10,49,310,48,11,22,320,39*69
$GAGSV,2,2,08,12,71,280,46,19,65,005,46,28,64,284,48,33,43,162,48*65
$GAGSV,2,1,08,04,42,260,45,06,18,249,40,10,49,310,48,11,22,320,39*69
$GAGSV,2,2,08,12,71,280,45,19,65,005,46,28,64,284,48,33,43,162,48*66
$GAGSV,2,1,08,04,42,260,45,06,18,249,40,10,49,310,48,11,22,320,39*69
$GAGSV,2,2,08,12,71,280,45,19,65,005,46,28,64,284,48,33,43,162,48*66
$GAGSV,2,1,08,04,42,260,45,06,18,249,40,10,49,310,48,11,22,320,39*69
$GAGSV,2,2,08,12,71,280,45,19,65,005,46,28,64,284,48,33,43,162,48*66
$GAGSV,2,1,08,04,42,260,45,06,18,249,40,10,49,310,48,11,22,320,39*69
$GAGSV,2,2,08,12,71,280,45,19,65,005,46,28,64,284,48,33,43,162,48*66
$GAGSV,2,1,08,04,42,260,45,06,18,249,40,10,49,310,48,11,22,320,39*69
$GAGSV,2,2,08,12,71,280,45,19,65,005,46,28,64,284,48,33,43,162,48*66
$GAGSV,2,1,08,04,42,260,45,06,18,249,40,10,49,310,48,11,22,320,39*69
$GAGSV,2,2,08,12,71,280,45,19,65,005,46,28,64,284,48,33,43,162,48*66
$GAGSV,2,1,08,04,42,260,45,06,18,249,40,10,49,310,48,11,22,320,39*69
$GAGSV,2,2,08,12,71,280,45,19,65,005,46,28,64,284,48,33,43,162,48*66
$GAGSV,2,1,08,04,42,260,45,06,18,249,40,10,49,310,48,11,22,320,39*69
$GAGSV,2,2,08,12,71,280,45,19,65,005,46,28,64,284,48,33,43,162,48*66
$GAGSV,2,1,08,04,42,260,45,06,18,249,40,10,49,310,48,11,22,320,39*69
$GAGSV,2,2,08,12,71,280,45,19,65,005,46,28,64,284,48,33,43,162,48*66
$GAGSV,2,1,08,04,42,260,45,06,18,249,40,10,49,310,48,11,22,320,39*69
$GAGSV,2,2,08,12,71,280,45,19,65,005,46,28,64,284,48,33,43,162,48*66
$GAGSV,2,1,08,04,42,260,45,06,18,249,40,10,49,310,48,11,22,320,39*69
$GAGSV,2,2,08,12,71,280,45,19,65,006,46,28,64,284,48,33,43,162,48*65
$GAGSV,2,1,08,04,42,260,45,06,18,249,40,10,49,310,48,11,22,320,39*69
$GAGSV,2,2,08,12,71,280,45,19,65,006,46,28,64,284,48,33,43,162,48*65
$GAGSV,2,1,08,04,42,260,45,06,18,249,40,10,49,310,48,11,22,320,39*69
$GAGSV,2,2,08,12,71,280,45,19,65,006,46,28,64,284,48,33,43,162,48*65
$GAGSV,2,1,08,04,42,260,45,06,18,249,40,10,49,310,48,11,22,320,39*69
$GAGSV,2,2,08,12,71,280,45,19,65,006,46,28,64,284,48,33,43,162,48*65
$GAGSV,2,1,08,04,42,260,45,06,18,249,40,10,49,310,48,11,22,320,39*69
$GAGSV,2,2,08,12,71,280,45,19,65,006,46,28,64,284,48,33,43,162,48*65
$GAGSV,2,1,08,04,42,260,45,06,18,249,40,10,49,310,48,11,22,320,39*69
$GAGSV,2,2,08,12,71,280,45,19,65,006,46,28,64,284,48,33,43,162,48*65
$GAGSV,2,1,08,04,42,260,45,06,18,249,40,10,49,310,48,11,22,320,39*69
$GAGSV,2,2,08,12,71,280,45,19,65,006,46,28,64,284,48,33,43,162,48*65
$GAGSV,2,1,08,04,42,260,45,06,18,249,40,10,49,310,48,11,22,320,39*69
$GAGSV,2,2,08,12,71,280,45,19,65,006,46,28,64,284,48,33,43,162,48*65
$GAGSV,2,1,08,04,42,260,45,06,18,249,40,10,49,310,48,11,22,320,39*69
$GAGSV,2,2,08,12,71,280,45,19,65,006,46,28,64,284,48,33,43,162,48*65
$GAGSV,2,1,08,04,42,260,45,06,18,249,40,10,49,310,48,11,22,320,39*69
$GAGSV,2,2,08,12,71,280,45,19,65,006,46,28,64,284,48,33,43,162,48*65
$GAGSV,2,1,08,04,42,260,45,06,18,249,40,10,49,310,48,11,22,320,39*69
$GAGSV,2,2,08,12,71,280,45,19,65,006,46,28,64,284,48,33,43,162,48*65
$GAGSV,2,1,08,04,42,260,45,06,18,249,40,10,49,310,48,11,22,320,39*69
$GAGSV,2,2,08,12,71,280,45,19,65,006,46,28,64,284,48,33,43,162,48*65
$GAGSV,2,1,08,04,42,260,45,06,18,249,40,10,49,310,48,11,22,320,39*69
$GAGSV,2,2,08,12,71,280,45,19,65,006,46,28,64,284,48,33,43,162,48*65
$GAGSV,2,1,08,04,42,260,45,06,18,249,40,10,49,310,48,11,22,320,39*69
$GAGSV,2,2,08,12,71,280,45,19,65,006,46,28,64,284,48,33,43,162,48*65
$GAGSV,2,1,08,04,42,260,45,06,18,249,40,10,49,310,48,11,22,320,39*69
$GAGSV,2,2,08,12,71,280,45,19,65,006,46,28,64,284,48,33,43,162,48*65
$GAGSV,2,1,08,04,42,260,45,06,18,249,40,10,49,310,48,11,22,320,39*69
$GAGSV,2,2,08,12,71,280,45,19,65,006,46,28,64,284,48,33,43,162,48*65
$GAGSV,2,1,08,04,42,260,45,06,18,249,40,10,49,310,48,11,22,320,39*69
$GAGSV,2,2,08,12,71,280,45,19,65,006,46,28,64,284,48,33,43,162,48*65
$GAGSV,2,1,08,04,42,260,45,06,18,249,40,10,49,310,49,11,22,320,39*68
$GAGSV,2,2,08,12,71,280,45,19,65,006,46,28,64,284,48,33,43,162,48*65
$GAGSV,2,1,08,04,42,260,45,06,18,249,40,10,49,310,49,11,22,320,39*68
$GAGSV,2,2,08,12,71,280,45,19,65,006,46,28,64,284,48,33,43,162,48*65
$GAGSV,2,1,08,04,42,260,45,06,18,249,40,10,49,310,49,11,22,320,39*68
$GAGSV,2,2,08,12,71,280,45,19,65,006,46,28,64,284,48,33,43,162,48*65
$GAGSV,2,1,08,04,42,260,45,06,18,249,40,10,49,310,49,11,22,320,39*68
$GAGSV,2,2,08,12,71,280,45,19,65,006,46,28,64,284,48,33,43,162,48*65
$GAGSV,2,1,08,04,42,260,45,06,18,249,40,10,49,310,49,11,22,320,39*68
$GAGSV,2,2,08,12,71,280,46,19,65,006,46,28,64,284,48,33,43,162,48*66
$GAGSV,2,1,08,04,42,260,45,06,18,249,40,10,49,310,48,11,22,320,39*69
$GAGSV,2,2,08,12,71,280,46,19,65,006,46,28,64,284,48,33,43,162,48*66
$GAGSV,2,1,08,04,42,260,45,06,18,249,41,10,49,310,48,11,22,320,39*68
$GAGSV,2,2,08,12,71,280,46,19,65,006,46,28,64,284,48,33,43,162,48*66
$GAGSV,2,1,08,04,42,260,45,06,18,249,41,10,49,310,48,11,22,320,39*68
$GAGSV,2,2,08,12,71,280,46,19,65,006,46,28,64,284,48,33,43,162,48*66
$GAGSV,2,1,08,04,42,260,45,06,18,249,40,10,49,310,48,11,22,320,39*69
$GAGSV,2,2,08,12,71,279,46,19,65,006,46,28,64,284,48,33,43,162,48*60
$GAGSV,2,1,08,04,42,260,45,06,18,249,40,10,49,310,48,11,22,320,39*69
$GAGSV,2,2,08,12,71,279,46,19,65,006,46,28,64,284,48,33,43,162,48*60
$GAGSV,2,1,08,04,42,260,45,06,18,249,40,10,49,310,48,11,22,320,39*69
$GAGSV,2,2,08,12,71,279,46,19,65,006,46,28,64,284,48,33,43,162,48*60
$GAGSV,2,1,08,04,42,260,45,06,18,249,40,10,49,310,48,11,22,320,39*69
$GAGSV,2,2,08,12,71,279,46,19,65,006,46,28,64,284,48,33,43,162,47*6F
$GAGSV,2,1,08,04,42,260,45,06,18,249,40,10,49,310,48,11,22,320,39*69
$GAGSV,2,2,08,12,71,279,45,19,65,006,46,28,64,284,48,33,43,162,48*63
$GAGSV,2,1,08,04,42,260,45,06,18,249,40,10,49,310,48,11,22,320,39*69
$GAGSV,2,2,08,12,71,279,45,19,65,006,46,28,64,284,48,33,43,162,48*63
$GAGSV,2,1,08,04,42,260,45,06,18,249,40,10,49,310,48,11,22,320,39*69
$GAGSV,2,2,08,12,71,279,45,19,65,006,46,28,64,284,48,33,43,162,48*63
$GAGSV,2,1,08,04,42,260,45,06,18,249,40,10,49,310,48,11,22,320,39*69
$GAGSV,2,2,08,12,71,279,45,19,65,006,46,28,64,284,48,33,43,162,48*63
$GAGSV,2,1,08,04,42,260,45,06,18,249,40,10,49,310,48,11,22,320,39*69
$GAGSV,2,2,08,12,71,279,45,19,65,006,46,28,64,284,48,33,43,162,48*63
$GAGSV,2,1,08,04,42,260,45,06,18,249,40,10,49,310,48,11,22,320,39*69
$GAGSV,2,2,08,12,71,279,45,19,65,006,46,28,64,284,48,33,43,162,48*63
$GAGSV,2,1,08,04,42,260,45,06,18,249,40,10,49,310,48,11,22,320,39*69
$GAGSV,2,2,08,12,71,279,45,19,65,006,46,28,64,284,48,33,43,162,48*63
$GAGSV,2,1,08,04,42,260,45,06,18,249,40,10,49,310,48,11,22,320,39*69
$GAGSV,2,2,08,12,71,279,45,19,65,006,46,28,64,284,48,33,43,162,48*63
$GAGSV,2,1,08,04,42,260,45,06,18,249,40,10,49,310,48,11,22,320,39*69
$GAGSV,2,2,08,12,71,279,45,19,65,006,46,28,64,284,48,33,43,162,48*63
$GAGSV,2,1,08,04,42,260,45,06,18,249,40,10,49,310,48,11,22,320,39*69
$GAGSV,2,2,08,12,71,279,45,19,65,006,45,28,64,284,48,33,43,162,48*60
$GAGSV,2,1,08,04,42,260,45,06,18,249,40,10,49,310,48,11,22,320,39*69
$GAGSV,2,2,08,12,71,279,45,19,65,006,46,28,64,284,48,33,43,162,48*63
$GAGSV,2,1,08,04,42,260,45,06,18,249,40,10,49,310,49,11,22,320,39*68
$GAGSV,2,2,08,12,71,279,45,19,65,006,46,28,64,284,48,33,43,162,48*63
$GAGSV,2,1,08,04,42,260,45,06,18,249,40,10,49,310,49,11,22,320,39*68
$GAGSV,2,2,08,12,71,279,45,19,65,006,46,28,64,284,48,33,43,162,48*63
$GAGSV,2,1,08,04,42,260,45,06,18,249,40,10,49,310,49,11,22,320,39*68
$GAGSV,2,2,08,12,71,279,45,19,65,006,46,28,64,284,48,33,43,162,48*63
$GAGSV,2,1,08,04,42,260,45,06,18,249,40,10,49,310,49,11,22,320,39*68
$GAGSV,2,2,08,12,71,279,45,19,65,006,46,28,64,284,48,33,43,162,48*63
$GAGSV,2,1,08,04,42,260,45,06,18,249,40,10,49,310,48,11,22,320,39*69
$GAGSV,2,2,08,12,71,279,45,19,65,006,46,28,64,284,48,33,43,162,48*63
$GAGSV,2,1,08,04,42,260,45,06,18,249,40,10,49,310,48,11,22,320,39*69
$GAGSV,2,2,08,12,71,279,45,19,65,006,46,28,64,284,48,33,43,162,48*63
$GAGSV,2,1,08,04,42,260,45,06,18,249,40,10,49,310,48,11,22,320,39*69
$GAGSV,2,2,08,12,71,279,45,19,65,006,46,28,64,284,48,33,43,162,48*63
$GAGSV,2,1,08,04,42,260,46,06,18,249,40,10,49,310,48,11,22,320,39*6A
$GAGSV,2,2,08,12,71,279,45,19,65,006,46,28,64,284,48,33,43,162,48*63
$GAGSV,2,1,08,04,42,260,46,06,18,249,40,10,49,310,48,11,22,320,39*6A
$GAGSV,2,2,08,12,71,279,45,19,65,006,46,28,64,284,48,33,43,162,48*63
$GAGSV,2,1,08,04,42,260,46,06,18,249,40,10,49,310,48,11,22,320,39*6A
$GAGSV,2,2,08,12,71,279,45,19,65,006,46,28,64,284,48,33,43,162,48*63
$GAGSV,2,1,08,04,42,260,45,06,18,249,40,10,49,310,48,11,22,320,39*69
$GAGSV,2,2,08,12,71,279,45,19,65,006,46,28,64,284,48,33,43,162,48*63
$GAGSV,2,1,08,04,42,260,45,06,18,249,40,10,49,310,48,11,22,320,39*69
$GAGSV,2,2,08,12,71,279,45,19,65,006,45,28,64,284,48,33,43,162,48*60
$GAGSV,2,1,08,04,42,260,45,06,18,249,40,10,49,310,48,11,22,320,39*69
$GAGSV,2,2,08,12,71,279,45,19,65,006,45,28,64,284,48,33,43,162,48*60
$GAGSV,2,1,08,04,42,260,45,06,18,249,40,10,49,310,48,11,22,320,39*69
$GAGSV,2,2,08,12,71,279,45,19,65,006,45,28,64,284,48,33,43,162,48*60
$GAGSV,2,1,08,04,42,260,45,06,18,249,40,10,49,310,48,11,22,320,39*69
$GAGSV,2,2,08,12,71,279,45,19,65,006,45,28,64,284,48,33,43,162,48*60
$GAGSV,2,1,08,04,42,260,45,06,18,249,40,10,49,310,48,11,22,320,39*69
$GAGSV,2,2,08,12,71,279,45,19,65,006,45,28,64,284,48,33,43,162,48*60
$GAGSV,2,1,08,04,42,260,45,06,18,249,40,10,49,310,48,11,22,320,39*69
$GAGSV,2,2,08,12,71,279,45,19,65,006,45,28,64,284,48,33,43,162,48*60
$GAGSV,2,1,08,04,42,260,45,06,18,249,40,10,49,310,48,11,22,320,39*69
$GAGSV,2,2,08,12,71,279,45,19,65,006,45,28,64,284,48,33,43,162,48*60
$GAGSV,2,1,08,04,42,260,45,06,18,249,40,10,49,310,48,11,22,320,39*69
$GAGSV,2,2,08,12,71,279,45,19,65,006,45,28,64,284,48,33,43,162,48*60
$GAGSV,2,1,08,04,42,260,45,06,18,249,40,10,49,310,48,11,22,320,39*69
$GAGSV,2,2,08,12,71,279,45,19,65,006,45,28,64,284,48,33,43,162,48*60
$GAGSV,2,1,08,04,42,260,45,06,18,249,40,10,49,310,48,11,22,320,39*69
$GAGSV,2,2,08,12,71,279,45,19,65,006,45,28,64,284,48,33,43,162,48*60
$GAGSV,2,1,08,04,42,260,45,06,18,249,40,10,49,310,48,11,22,320,39*69
$GAGSV,2,2,08,12,71,279,45,19,65,006,45,28,64,284,48,33,43,162,48*60
$GAGSV,2,1,08,04,42,260,45,06,18,249,40,10,49,310,48,11,22,320,39*69
$GAGSV,2,2,08,12,71,279,45,19,65,006,45,28,64,284,48,33,43,162,48*60
$GAGSV,2,1,08,04,42,260,45,06,18,249,40,10,49,310,48,11,22,320,39*69
$GAGSV,2,2,08,12,71,279,45,19,65,006,45,28,64,284,48,33,43,162,48*60
$GAGSV,2,1,08,04,42,260,45,06,18,249,40,10,49,310,48,11,22,320,39*69
$GAGSV,2,2,08,12,71,279,45,19,65,006,46,28,64,284,48,33,43,162,48*63
$GAGSV,2,1,08,04,42,260,45,06,18,249,40,10,50,310,48,11,22,320,39*61
$GAGSV,2,2,08,12,71,279,45,19,65,006,46,28,64,284,48,33,43,162,48*63
$GAGSV,2,1,08,04,42,260,45,06,18,249,40,10,50,310,48,11,22,320,39*61
$GAGSV,2,2,08,12,71,279,45,19,65,006,46,28,64,284,48,33,43,162,48*63
$GAGSV,2,1,08,04,42,260,45,06,18,249,40,10,50,310,48,11,22,320,38*60
$GAGSV,2,2,08,12,71,279,45,19,65,006,46,28,64,284,48,33,43,162,48*63
$GAGSV,2,1,08,04,42,260,45,06,18,249,40,10,50,310,48,11,22,320,38*60
$GAGSV,2,2,08,12,71,279,45,19,65,006,46,28,64,284,48,33,43,162,48*63
$GAGSV,2,1,08,04,42,260,45,06,18,249,40,10,50,310,48,11,22,320,38*60
$GAGSV,2,2,08,12,71,279,45,19,65,006,46,28,64,284,48,33,43,162,48*63
$GAGSV,2,1,08,04,42,260,45,06,18,249,40,10,50,310,48,11,22,320,38*60
$GAGSV,2,2,08,12,71,279,45,19,65,006,46,28,64,284,48,33,43,162,48*63
$GAGSV,2,1,08,04,42,260,45,06,18,249,40,10,50,310,48,11,22,320,38*60
$GAGSV,2,2,08,12,71,279,45,19,65,006,46,28,64,284,48,33,43,162,48*63
$GAGSV,2,1,08,04,42,260,45,06,18,249,40,10,50,310,48,11,22,320,38*60
$GAGSV,2,2,08,12,71,279,45,19,65,006,46,28,64,284,48,33,43,162,48*63
$GAGSV,2,1,08,04,42,260,45,06,18,249,40,10,50,310,48,11,22,320,38*60
$GAGSV,2,2,08,12,71,279,45,19,65,006,46,28,64,284,48,33,43,162,48*63
$GAGSV,2,1,08,04,42,260,45,06,18,249,40,10,50,310,48,11,22,320,38*60
$GAGSV,2,2,08,12,71,279,45,19,65,006,46,28,64,284,48,33,43,162,48*63
$GAGSV,2,1,08,04,42,260,45,06,18,249,40,10,50,310,48,11,22,320,38*60
$GAGSV,2,2,08,12,71,279,45,19,65,006,46,28,64,284,48,33,42,162,48*62
$GAGSV,2,1,08,04,42,260,45,06,18,249,40,10,50,310,48,11,22,320,38*60
$GAGSV,2,2,08,12,71,279,45,19,65,006,46,28,64,284,48,33,42,162,48*62
$GAGSV,2,1,08,04,42,260,45,06,18,249,40,10,50,310,48,11,22,320,38*60
$GAGSV,2,2,08,12,71,279,45,19,65,006,46,28,64,284,48,33,42,162,48*62
$GAGSV,2,1,08,04,42,260,45,06,18,249,40,10,50,310,48,11,22,320,38*60
$GAGSV,2,2,08,12,71,279,45,19,65,006,46,28,64,284,48,33,42,162,48*62
$GAGSV,2,1,08,04,42,260,45,06,18,249,40,10,50,310,48,11,22,320,38*60
$GAGSV,2,2,08,12,71,279,45,19,65,006,46,28,64,284,48,33,42,162,48*62
$GAGSV,2,1,08,04,42,260,45,06,18,249,40,10,50,310,48,11,22,320,38*60
$GAGSV,2,2,08,12,71,279,45,19,65,006,46,28,64,284,48,33,42,162,48*62
$GAGSV,2,1,08,04,42,260,45,06,18,249,40,10,50,310,48,11,22,320,38*60
$GAGSV,2,2,08,12,71,279,45,19,65,006,46,28,64,284,48,33,42,162,48*62
$GAGSV,2,1,08,04,42,260,45,06,18,249,40,10,50,310,48,11,22,320,38*60
$GAGSV,2,2,08,12,71,279,45,19,65,006,46,28,64,284,48,33,42,162,48*62
$GAGSV,2,1,08,04,42,260,45,06,18,249,40,10,50,310,48,11,22,320,38*60
$GAGSV,2,2,08,12,71,279,45,19,65,006,46,28,64,284,48,33,42,162,48*62
$GAGSV,2,1,08,04,42,260,45,06,18,249,39,10,50,310,48,11,22,320,38*6E
$GAGSV,2,2,08,12,71,279,45,19,65,006,46,28,64,284,48,33,42,162,48*62
$GAGSV,2,1,08,04,42,260,45,06,18,249,39,10,50,310,48,11,22,320,38*6E
$GAGSV,2,2,08,12,71,279,45,19,65,006,46,28,64,284,48,33,42,162,48*62
$GAGSV,2,1,08,04,42,260,45,06,18,249,39,10,50,310,48,11,22,320,38*6E
$GAGSV,2,2,08,12,71,279,45,19,65,006,46,28,64,284,48,33,42,162,48*62
$GAGSV,2,1,08,04,42,260,45,06,18,249,39,10,50,310,48,11,22,320,38*6E
$GAGSV,2,2,08,12,71,279,45,19,65,006,46,28,64,284,48,33,42,162,48*62
$GAGSV,2,1,08,04,42,260,45,06,18,249,39,10,50,310,48,11,22,320,38*6E
$GAGSV,2,2,08,12,71,279,45,19,65,006,46,28,64,284,48,33,42,162,48*62
$GAGSV,2,1,08,04,42,260,45,06,18,249,39,10,50,310,48,11,22,320,38*6E
$GAGSV,2,2,08,12,71,279,45,19,65,006,46,28,64,284,48,33,42,162,48*62
$GAGSV,2,1,08,04,42,260,45,06,19,249,39,10,50,310,48,11,22,320,39*6E
$GAGSV,2,2,08,12,71,279,45,19,65,006,46,28,64,284,48,33,42,162,48*62
$GAGSV,2,1,08,04,42,260,45,06,19,249,39,10,50,310,48,11,22,320,39*6E
$GAGSV,2,2,08,12,71,279,45,19,65,006,46,28,64,284,48,33,42,162,48*62
$GAGSV,2,1,08,04,42,260,45,06,19,249,39,10,50,310,48,11,22,320,39*6E
$GAGSV,2,2,08,12,71,279,45,19,65,006,46,28,64,284,48,33,42,162,48*62
$GAGSV,2,1,08,04,42,260,45,06,19,249,39,10,50,310,48,11,22,320,39*6E
$GAGSV,2,2,08,12,71,279,45,19,65,006,46,28,64,284,48,33,42,162,48*62
$GAGSV,2,1,08,04,42,260,45,06,19,249,39,10,50,310,48,11,22,320,39*6E
$GAGSV,2,2,08,12,71,279,45,19,65,006,46,28,64,284,48,33,42,162,48*62
$GAGSV,2,1,08,04,42,260,45,06,19,249,39,10,50,310,48,11,22,320,39*6E
$GAGSV,2,2,08,12,71,279,45,19,65,006,46,28,64,284,48,33,42,162,48*62
$GAGSV,2,1,08,04,42,260,45,06,19,249,39,10,50,310,48,11,22,320,39*6E
$GAGSV,2,2,08,12,71,279,45,19,65,006,46,28,64,284,48,33,42,162,48*62
$GAGSV,2,1,08,04,42,260,45,06,19,249,40,10,50,310,49,11,22,320,39*61
$GAGSV,2,2,08,12,71,279,45,19,65,006,46,28,64,284,48,33,42,162,48*62
$GAGSV,2,1,08,04,42,260,45,06,19,249,40,10,50,310,49,11,22,320,39*61
$GAGSV,2,2,08,12,71,279,45,19,65,006,46,28,64,284,48,33,42,162,48*62
$GAGSV,2,1,08,04,42,260,45,06,19,249,40,10,50,310,49,11,22,320,39*61
$GAGSV,2,2,08,12,71,279,45,19,65,006,46,28,64,284,48,33,42,162,48*62
$GAGSV,2,1,08,04,42,260,45,06,19,249,40,10,50,310,49,11,22,320,39*61
$GAGSV,2,2,08,12,71,279,45,19,65,006,46,28,64,284,48,33,42,162,48*62
$GAGSV,2,1,08,04,42,260,45,06,19,249,40,10,50,310,49,11,22,320,39*61
$GAGSV,2,2,08,12,71,279,45,19,65,006,46,28,64,284,48,33,42,162,48*62
$GAGSV,2,1,08,04,42,260,45,06,19,249,40,10,50,310,49,11,22,320,39*61
$GAGSV,2,2,08,12,71,279,45,19,65,006,46,28,64,284,48,33,42,162,48*62
$GAGSV,2,1,08,04,42,260,45,06,19,249,40,10,50,310,49,11,22,320,39*61
$GAGSV,2,2,08,12,71,279,45,19,65,006,46,28,64,284,48,33,42,162,48*62
$GAGSV,2,1,08,04,42,260,45,06,19,249,40,10,50,310,49,11,22,320,39*61
$GAGSV,2,2,08,12,71,279,45,19,65,006,46,28,64,284,48,33,42,162,48*62
$GAGSV,2,1,08,04,42,260,45,06,19,249,39,10,50,310,49,11,22,320,39*6F
$GAGSV,2,2,08,12,71,279,45,19,65,006,46,28,64,284,48,33,42,162,48*62
$GAGSV,2,1,08,04,42,260,45,06,19,249,39,10,50,310,49,11,22,320,39*6F
$GAGSV,2,2,08,12,71,279,45,19,65,006,46,28,64,284,48,33,42,162,48*62
$GAGSV,2,1,08,04,42,260,46,06,19,249,39,10,50,310,48,11,22,320,39*6D
$GAGSV,2,2,08,12,71,279,45,19,65,006,46,28,64,284,48,33,42,162,48*62
$GAGSV,2,1,08,04,42,260,46,06,19,249,39,10,50,310,48,11,22,320,39*6D
$GAGSV,2,2,08,12,71,279,46,19,65,006,46,28,64,284,48,33,42,162,48*61
$GAGSV,2,1,08,04,42,260,46,06,19,249,39,10,50,310,48,11,22,320,39*6D
$GAGSV,2,2,08,12,71,279,46,19,65,006,45,28,64,284,48,33,42,162,48*62
$GAGSV,2,1,08,04,42,261,46,06,19,249,39,10,50,310,48,11,22,320,39*6C
$GAGSV,2,2,08,12,71,279,46,19,65,006,45,28,64,285,48,33,42,162,48*63
$GAGSV,2,1,08,04,42,261,45,06,19,249,39,10,50,310,48,11,22,320,39*6F
$GAGSV,2,2,08,12,71,279,46,19,65,006,45,28,64,285,48,33,42,162,48*63
$GAGSV,2,1,08,04,42,261,45,06,19,249,39,10,50,310,48,11,22,320,39*6F
$GAGSV,2,2,08,12,71,279,46,19,65,006,46,28,64,285,48,33,42,162,48*60
$GAGSV,2,1,08,04,42,261,45,06,19,249,40,10,50,310,48,11,22,320,39*61
$GAGSV,2,2,08,12,71,279,46,19,65,006,46,28,64,285,48,33,42,162,48*60
$GAGSV,2,1,08,04,42,261,45,06,19,249,40,10,50,310,48,11,22,320,39*61
$GAGSV,2,2,08,12,71,279,46,19,65,006,45,28,64,285,48,33,42,162,48*63
$GAGSV,2,1,08,04,42,261,45,06,19,249,40,10,50,310,48,11,22,320,39*61
$GAGSV,2,2,08,12,71,279,46,19,65,006,45,28,64,285,48,33,42,162,48*63
$GAGSV,2,1,08,04,42,261,45,06,19,249,40,10,50,310,48,11,22,320,39*61
$GAGSV,2,2,08,12,71,279,46,19,65,006,45,28,64,285,48,33,42,162,48*63
$GAGSV,2,1,08,04,42,261,45,06,19,249,39,10,50,310,48,11,22,320,39*6F
$GAGSV,2,2,08,12,71,279,46,19,65,006,45,28,64,285,48,33,42,162,48*63
$GAGSV,2,1,08,04,42,261,46,06,19,249,40,10,50,310,48,11,22,320,39*62
$GAGSV,2,2,08,12,71,279,46,19,65,006,45,28,64,285,48,33,42,162,48*63
$GAGSV,2,1,08,04,42,261,46,06,19,249,39,10,50,310,48,11,22,320,39*6C
$GAGSV,2,2,08,12,71,279,46,19,65,006,45,28,64,285,48,33,42,162,48*63
$GAGSV,2,1,08,04,42,261,46,06,19,249,39,10,50,310,48,11,22,320,39*6C
$GAGSV,2,2,08,12,71,279,46,19,65,006,45,28,64,285,48,33,42,162,48*63
$GAGSV,2,1,08,04,42,261,45,06,19,249,39,10,50,310,48,11,22,320,39*6F
$GAGSV,2,2,08,12,71,279,46,19,65,006,45,28,64,285,48,33,42,162,48*63
$GAGSV,2,1,08,04,42,261,45,06,19,249,39,10,50,310,48,11,22,320,39*6F
$GAGSV,2,2,08,12,71,279,46,19,65,006,45,28,64,285,48,33,42,162,48*63
$GAGSV,2,1,08,04,42,261,45,06,19,249,39,10,50,310,48,11,22,320,39*6F
$GAGSV,2,2,08,12,71,279,46,19,65,006,46,28,64,285,48,33,42,162,48*60
$GAGSV,2,1,08,04,42,261,45,06,19,249,39,10,50,310,48,11,22,320,39*6F
$GAGSV,2,2,08,12,71,279,46,19,65,006,46,28,64,285,48,33,42,162,48*60
$GAGSV,2,1,08,04,42,261,45,06,19,249,39,10,50,310,48,11,22,320,39*6F
$GAGSV,2,2,08,12,71,279,46,19,65,006,46,28,64,285,48,33,42,162,48*60
$GAGSV,2,1,08,04,42,261,45,06,19,249,39,10,50,310,48,11,22,320,40*61
$GAGSV,2,2,08,12,71,279,46,19,65,006,46,28,64,285,48,33,42,162,48*60
$GAGSV,2,1,08,04,42,261,45,06,19,249,39,10,50,310,48,11,22,320,40*61
$GAGSV,2,2,08,12,71,279,46,19,65,006,46,28,64,285,48,33,42,162,48*60
$GAGSV,2,1,08,04,42,261,45,06,19,249,39,10,50,310,48,11,22,320,39*6F
$GAGSV,2,2,08,12,71,279,46,19,65,006,46,28,64,285,48,33,42,162,48*60
$GAGSV,2,1,08,04,42,261,45,06,19,249,39,10,50,310,48,11,22,320,39*6F
$GAGSV,2,2,08,12,71,279,46,19,65,006,46,28,64,285,48,33,42,162,48*60
$GAGSV,2,1,08,04,42,261,45,06,19,249,39,10,50,310,48,11,22,320,39*6F
$GAGSV,2,2,08,12,71,279,46,19,65,006,45,28,64,285,48,33,42,162,48*63
$GAGSV,2,1,08,04,42,261,45,06,19,249,39,10,50,310,48,11,22,320,39*6F
$GAGSV,2,2,08,12,71,279,46,19,65,006,45,28,64,285,48,33,42,162,48*63
$GAGSV,2,1,08,04,42,261,45,06,19,249,39,10,50,310,48,11,22,320,39*6F
$GAGSV,2,2,08,12,71,279,46,19,65,006,45,28,64,285,48,33,42,162,48*63
$GAGSV,2,1,08,04,42,261,45,06,19,249,39,10,50,310,48,11,22,320,39*6F
$GAGSV,2,2,08,12,71,279,46,19,65,006,45,28,64,285,48,33,42,162,48*63
$GAGSV,2,1,08,04,42,261,45,06,19,249,39,10,50,310,48,11,22,320,39*6F
$GAGSV,2,2,08,12,71,279,46,19,65,006,45,28,64,285,48,33,42,162,48*63
$GAGSV,2,1,08,04,42,261,45,06,19,249,39,10,50,310,48,11,23,320,39*6E
$GAGSV,2,2,08,12,71,279,46,19,65,006,46,28,64,285,48,33,42,162,48*60
$GAGSV,2,1,08,04,42,261,45,06,19,249,39,10,50,310,48,11,23,320,39*6E
$GAGSV,2,2,08,12,71,279,46,19,65,006,46,28,64,285,48,33,42,162,48*60
$GAGSV,2,1,08,04,42,261,45,06,19,249,40,10,50,310,48,11,23,320,39*60
$GAGSV,2,2,08,12,71,279,46,19,65,006,46,28,64,285,48,33,42,162,48*60
$GAGSV,2,1,08,04,42,261,45,06,19,249,40,10,50,310,49,11,23,320,39*61
$GAGSV,2,2,08,12,71,279,46,19,65,006,46,28,64,285,48,33,42,162,48*60
$GAGSV,2,1,08,04,42,261,45,06,19,249,40,10,50,310,49,11,23,320,39*61
$GAGSV,2,2,08,12,71,279,46,19,65,006,46,28,64,285,48,33,42,162,48*60
$GAGSV,2,1,08,04,42,261,45,06,19,249,40,10,50,310,49,11,23,320,39*61
$GAGSV,2,2,08,12,71,279,46,19,65,006,46,28,64,285,48,33,42,162,48*60
$GAGSV,2,1,08,04,42,261,45,06,19,249,40,10,50,310,49,11,23,320,39*61
$GAGSV,2,2,08,12,71,279,46,19,65,006,46,28,64,285,48,33,42,162,48*60
$GAGSV,2,1,08,04,42,261,45,06,19,249,40,10,50,310,49,11,23,320,39*61
$GAGSV,2,2,08,12,71,279,46,19,65,006,46,28,64,285,48,33,42,162,48*60
$GAGSV,2,1,08,04,42,261,45,06,19,249,40,10,50,310,49,11,23,320,39*61
$GAGSV,2,2,08,12,71,279,46,19,65,006,46,28,64,285,48,33,42,162,48*60
$GAGSV,2,1,08,04,42,261,45,06,19,249,40,10,50,310,49,11,23,320,39*61
$GAGSV,2,2,08,12,71,279,46,19,65,006,46,28,64,285,48,33,42,162,48*60
$GAGSV,2,1,08,04,42,261,46,06,19,249,40,10,50,310,49,11,23,320,39*62
$GAGSV,2,2,08,12,71,279,46,19,65,006,46,28,64,285,48,33,42,162,48*60
$GAGSV,2,1,08,04,42,261,46,06,19,249,40,10,50,310,49,11,23,320,39*62
$GAGSV,2,2,08,12,71,279,46,19,65,006,46,28,64,285,48,33,42,162,48*60
$GAGSV,2,1,08,04,42,261,46,06,19,249,40,10,50,310,49,11,23,320,39*62
$GAGSV,2,2,08,12,71,279,46,19,65,006,46,28,64,285,48,33,42,162,48*60
$GAGSV,2,1,08,04,42,261,46,06,19,249,40,10,50,310,49,11,23,320,39*62
$GAGSV,2,2,08,12,71,279,46,19,65,006,46,28,64,285,48,33,42,162,48*60
$GAGSV,2,1,08,04,42,261,46,06,19,249,40,10,50,310,49,11,23,320,39*62
$GAGSV,2,2,08,12,71,279,46,19,65,006,46,28,64,285,48,33,42,162,48*60
$GAGSV,2,1,08,04,42,261,46,06,19,249,40,10,50,310,49,11,23,320,39*62
$GAGSV,2,2,08,12,71,279,46,19,65,006,46,28,64,285,48,33,42,162,47*6F
$GAGSV,2,1,08,04,42,261,46,06,19,249,40,10,50,310,49,11,23,320,39*62
$GAGSV,2,2,08,12,71,279,46,19,65,006,46,28,64,285,48,33,42,162,47*6F
$GAGSV,2,1,08,04,42,261,46,06,19,249,40,10,50,310,49,11,23,320,39*62
$GAGSV,2,2,08,12,71,279,46,19,65,006,46,28,64,285,48,33,42,162,47*6F
$GAGSV,2,1,08,04,42,261,46,06,19,249,40,10,50,310,49,11,23,320,39*62
$GAGSV,2,2,08,12,71,279,46,19,65,006,46,28,64,285,48,33,42,162,48*60
$GAGSV,2,1,08,04,42,261,46,06,19,249,40,10,50,310,49,11,23,320,39*62
$GAGSV,2,2,08,12,71,279,46,19,65,006,46,28,64,285,48,33,42,162,48*60
$GAGSV,2,1,08,04,42,261,46,06,19,249,40,10,50,310,48,11,23,320,39*63
$GAGSV,2,2,08,12,71,279,46,19,65,006,46,28,64,285,48,33,42,162,48*60
$GAGSV,2,1,08,04,42,261,46,06,19,249,40,10,50,310,48,11,23,320,39*63
$GAGSV,2,2,08,12,71,279,45,19,65,006,46,28,64,285,48,33,42,162,47*6C
$GAGSV,2,1,08,04,42,261,46,06,19,249,40,10,50,310,48,11,23,320,39*63
$GAGSV,2,2,08,12,71,279,45,19,65,006,46,28,64,285,48,33,42,162,47*6C
$GAGSV,2,1,08,04,42,261,46,06,19,249,40,10,50,310,48,11,23,320,39*63
$GAGSV,2,2,08,12,71,279,45,19,65,006,46,28,64,285,48,33,42,162,47*6C
$GAGSV,2,1,08,04,42,261,46,06,19,249,40,10,50,310,48,11,23,320,39*63
$GAGSV,2,2,08,12,71,279,45,19,65,006,45,28,64,285,48,33,42,162,48*60
$GAGSV,2,1,08,04,42,261,46,06,19,249,40,10,50,310,48,11,23,320,39*63
$GAGSV,2,2,08,12,71,279,45,19,65,006,45,28,64,285,48,33,42,162,48*60
$GAGSV,2,1,08,04,42,261,46,06,19,249,40,10,50,310,48,11,23,320,39*63
$GAGSV,2,2,08,12,71,279,45,19,65,006,45,28,64,285,48,33,42,162,48*60
$GAGSV,2,1,08,04,42,261,46,06,19,249,40,10,50,310,48,11,23,320,39*63
$GAGSV,2,2,08,12,71,279,45,19,65,006,45,28,64,285,48,33,42,162,48*60
$GAGSV,2,1,08,04,42,261,46,06,19,249,40,10,50,310,49,11,23,320,39*62
$GAGSV,2,2,08,12,71,279,45,19,65,006,45,28,64,285,48,33,42,162,48*60
$GAGSV,2,1,08,04,42,261,46,06,19,249,40,10,50,310,49,11,23,320,39*62
$GAGSV,2,2,08,12,71,279,45,19,65,006,45,28,64,285,48,33,42,162,48*60
$GAGSV,2,1,08,04,42,261,45,06,19,249,40,10,50,310,49,11,23,320,39*61
$GAGSV,2,2,08,12,71,279,45,19,65,006,46,28,64,285,48,33,42,162,48*63
$GAGSV,2,1,08,04,42,261,45,06,19,249,40,10,50,310,49,11,23,320,39*61
$GAGSV,2,2,08,12,71,279,45,19,65,006,46,28,64,285,48,33,42,162,48*63
$GAGSV,2,1,08,04,42,261,45,06,19,249,40,10,50,310,49,11,23,320,39*61
$GAGSV,2,2,08,12,71,279,45,19,65,006,46,28,64,285,48,33,42,162,48*63
$GAGSV,2,1,08,04,42,261,45,06,19,249,40,10,50,310,49,11,23,320,39*61
$GAGSV,2,2,08,12,71,279,45,19,65,006,46,28,64,285,48,33,42,162,48*63
$GAGSV,2,1,08,04,42,261,45,06,19,249,40,10,50,310,49,11,23,320,39*61
$GAGSV,2,2,08,12,71,279,45,19,65,006,46,28,64,285,48,33,42,162,48*63
$GAGSV,2,1,08,04,42,261,45,06,19,249,40,10,50,310,49,11,23,320,39*61
$GAGSV,2,2,08,12,71,279,45,19,65,006,46,28,64,285,48,33,42,162,48*63
$GAGSV,2,1,08,04,42,261,45,06,19,249,40,10,50,310,49,11,23,320,39*61
$GAGSV,2,2,08,12,71,279,45,19,65,006,46,28,64,285,48,33,42,162,48*63
$GAGSV,2,1,08,04,42,261,45,06,19,249,40,10,50,310,49,11,23,320,39*61
$GAGSV,2,2,08,12,71,279,45,19,65,006,46,28,64,285,48,33,42,162,48*63
$GAGSV,2,1,08,04,42,261,45,06,19,249,40,10,50,310,49,11,23,320,39*61
$GAGSV,2,2,08,12,71,279,45,19,65,006,46,28,64,285,48,33,42,162,48*63
$GAGSV,2,1,08,04,42,261,45,06,19,249,40,10,50,310,49,11,23,320,39*61
$GAGSV,2,2,08,12,71,279,45,19,65,006,46,28,64,285,48,33,42,162,48*63
$GAGSV,2,1,08,04,42,261,45,06,19,249,40,10,50,310,49,11,23,320,39*61
$GAGSV,2,2,08,12,71,279,45,19,65,006,46,28,64,285,48,33,42,162,48*63
$GAGSV,2,1,08,04,42,261,45,06,19,249,40,10,50,310,49,11,23,320,39*61
$GAGSV,2,2,08,12,71,279,45,19,65,006,46,28,64,285,48,33,42,162,48*63
$GAGSV,2,1,08,04,42,261,45,06,19,249,40,10,50,310,49,11,23,320,39*61
$GAGSV,2,2,08,12,71,279,45,19,65,006,46,28,64,285,48,33,42,162,48*63
$GAGSV,2,1,08,04,42,261,45,06,19,249,40,10,50,310,49,11,23,320,39*61
$GAGSV,2,2,08,12,71,279,45,19,65,006,46,28,64,285,48,33,42,162,48*63
$GAGSV,2,1,08,04,42,261,46,06,19,249,40,10,50,310,49,11,23,320,39*62
$GAGSV,2,2,08,12,71,279,45,19,65,006,46,28,64,285,48,33,42,162,48*63
$GAGSV,2,1,08,04,42,261,46,06,19,249,40,10,50,310,49,11,23,320,39*62
$GAGSV,2,2,08,12,71,279,45,19,65,006,46,28,64,285,48,33,42,162,48*63
$GAGSV,2,1,08,04,42,261,46,06,19,249,40,10,50,310,49,11,23,320,39*62
$GAGSV,2,2,08,12,71,279,45,19,65,006,46,28,64,285,48,33,42,162,48*63
$GAGSV,2,1,08,04,42,261,46,06,19,249,40,10,50,310,49,11,23,320,39*62
$GAGSV,2,2,08,12,71,279,45,19,65,006,46,28,64,285,48,33,42,162,48*63
$GAGSV,2,1,08,04,42,261,46,06,19,249,40,10,50,310,49,11,23,320,39*62
$GAGSV,2,2,08,12,71,279,45,19,65,006,46,28,64,285,48,33,42,162,48*63
$GAGSV,2,1,08,04,42,261,45,06,19,249,40,10,50,310,49,11,23,320,39*61
$GAGSV,2,2,08,12,71,279,45,19,65,006,46,28,64,285,48,33,42,162,48*63
$GAGSV,2,1,08,04,42,261,45,06,19,249,40,10,50,310,49,11,23,320,39*61
$GAGSV,2,2,08,12,71,279,45,19,65,006,46,28,64,285,48,33,42,162,48*63
$GAGSV,2,1,08,04,42,261,46,06,19,249,40,10,50,310,49,11,23,320,39*62
$GAGSV,2,2,08,12,71,279,45,19,65,006,46,28,64,285,48,33,42,162,48*63
$GAGSV,2,1,08,04,42,261,46,06,19,249,40,10,50,310,49,11,23,320,39*62
$GAGSV,2,2,08,12,71,279,45,19,65,006,46,28,64,285,49,33,42,162,48*62
$GAGSV,2,1,08,04,42,261,46,06,19,249,40,10,50,310,49,11,23,320,39*62
$GAGSV,2,2,08,12,71,279,45,19,65,006,46,28,64,285,49,33,42,162,48*62
$GAGSV,2,1,08,04,42,261,46,06,19,249,40,10,50,310,49,11,23,320,39*62
$GAGSV,2,2,08,12,71,279,45,19,65,006,46,28,64,285,49,33,42,162,48*62
$GAGSV,2,1,08,04,42,261,46,06,19,249,40,10,50,310,49,11,23,320,39*62
$GAGSV,2,2,08,12,71,279,45,19,65,006,46,28,64,285,49,33,42,162,48*62
$GAGSV,2,1,08,04,42,261,46,06,19,249,40,10,50,310,49,11,23,320,39*62
$GAGSV,2,2,08,12,71,279,45,19,65,006,46,28,64,285,49,33,42,162,48*62
$GAGSV,2,1,08,04,42,261,46,06,19,249,40,10,50,310,49,11,23,320,39*62
$GAGSV,2,2,08,12,71,279,45,19,65,006,46,28,64,285,49,33,42,162,48*62
$GAGSV,2,1,08,04,42,261,46,06,19,249,40,10,50,310,49,11,23,320,39*62
$GAGSV,2,2,08,12,71,279,45,19,65,006,46,28,64,285,49,33,42,162,48*62
$GAGSV,2,1,08,04,42,261,46,06,19,249,40,10,50,310,48,11,23,320,39*63
$GAGSV,2,2,08,12,71,279,45,19,65,006,46,28,64,285,49,33,42,162,48*62
$GAGSV,2,1,08,04,42,261,46,06,19,249,40,10,50,310,48,11,23,320,39*63
$GAGSV,2,2,08,12,71,279,45,19,65,006,46,28,64,285,49,33,42,162,48*62
$GAGSV,2,1,08,04,42,261,46,06,19,249,40,10,50,310,48,11,23,320,39*63
$GAGSV,2,2,08,12,71,279,45,19,65,006,46,28,64,285,49,33,42,162,48*62
$GAGSV,2,1,08,04,42,261,46,06,19,249,40,10,50,310,48,11,23,320,39*63
$GAGSV,2,2,08,12,71,279,45,19,65,006,46,28,64,285,49,33,42,162,48*62
$GAGSV,2,1,08,04,42,261,46,06,19,249,40,10,50,310,48,11,23,320,39*63
$GAGSV,2,2,08,12,71,279,45,19,65,006,46,28,64,285,49,33,42,162,48*62
$GAGSV,2,1,08,04,42,261,46,06,19,249,40,10,50,310,48,11,23,320,38*62
$GAGSV,2,2,08,12,71,279,45,19,65,006,46,28,64,285,49,33,42,162,48*62
$GAGSV,2,1,08,04,42,261,46,06,19,249,40,10,50,310,48,11,23,320,38*62
$GAGSV,2,2,08,12,71,279,45,19,65,006,45,28,64,285,49,33,42,162,48*61
$GAGSV,2,1,08,04,42,261,46,06,19,249,40,10,50,310,49,11,23,320,38*63
$GAGSV,2,2,08,12,71,279,45,19,65,006,45,28,64,285,49,33,42,162,48*61
$GAGSV,2,1,08,04,42,261,46,06,19,249,40,10,50,310,49,11,23,320,38*63
$GAGSV,2,2,08,12,71,279,45,19,65,006,45,28,64,285,49,33,42,162,48*61
$GAGSV,2,1,08,04,42,261,46,06,19,249,40,10,50,310,49,11,23,320,38*63
$GAGSV,2,2,08,12,71,279,45,19,65,006,45,28,64,285,49,33,42,162,48*61
$GAGSV,2,1,08,04,42,261,46,06,19,249,40,10,50,310,49,11,23,320,38*63
$GAGSV,2,2,08,12,71,279,45,19,65,006,45,28,64,285,49,33,42,162,48*61
$GAGSV,2,1,08,04,42,261,46,06,19,249,40,10,50,310,49,11,23,320,38*63
$GAGSV,2,2,08,12,71,279,45,19,65,006,45,28,64,285,49,33,42,162,48*61
$GAGSV,2,1,08,04,42,261,46,06,19,249,40,10,50,310,49,11,23,320,38*63
$GAGSV,2,2,08,12,71,279,45,19,65,006,45,28,64,285,49,33,42,162,48*61
$GAGSV,2,1,08,04,42,261,46,06,19,249,40,10,50,310,49,11,23,320,39*62
$GAGSV,2,2,08,12,71,279,45,19,65,006,46,28,64,285,49,33,42,162,48*62
$GAGSV,2,1,08,04,42,261,46,06,19,249,40,10,50,310,49,11,23,320,39*62
$GAGSV,2,2,08,12,71,279,45,19,65,006,45,28,64,285,49,33,42,162,48*61
$GAGSV,2,1,08,04,42,261,46,06,19,249,40,10,50,310,49,11,23,320,39*62
$GAGSV,2,2,08,12,71,279,45,19,65,006,45,28,64,285,49,33,42,162,48*61
$GAGSV,2,1,08,04,42,261,46,06,19,249,40,10,50,310,48,11,23,320,39*63
$GAGSV,2,2,08,12,71,279,45,19,65,006,45,28,64,285,49,33,42,162,48*61
$GAGSV,2,1,08,04,42,261,46,06,19,249,40,10,50,310,48,11,23,320,39*63
$GAGSV,2,2,08,12,71,279,45,19,65,006,45,28,64,285,49,33,42,162,48*61
$GAGSV,2,1,08,04,42,261,46,06,19,249,40,10,50,310,49,11,23,320,39*62
$GAGSV,2,2,08,12,71,279,45,19,65,006,45,28,64,285,49,33,42,162,48*61
$GAGSV,2,1,08,04,42,261,46,06,19,249,40,10,50,310,49,11,23,320,39*62
$GAGSV,2,2,08,12,71,279,45,19,65,006,45,28,64,285,48,33,42,162,48*60
$GAGSV,2,1,08,04,42,261,46,06,19,249,40,10,50,310,49,11,23,320,39*62
$GAGSV,2,2,08,12,71,279,45,19,65,006,45,28,64,285,48,33,42,162,48*60
$GAGSV,2,1,08,04,42,261,46,06,19,249,40,10,50,310,49,11,23,320,39*62
$GAGSV,2,2,08,12,71,279,45,19,65,006,45,28,64,285,48,33,42,162,48*60
$GAGSV,2,1,08,04,42,261,46,06,19,249,40,10,50,310,49,11,23,320,39*62
$GAGSV,2,2,08,12,71,279,45,19,65,006,45,28,64,285,48,33,42,162,48*60
$GAGSV,2,1,08,04,42,261,45,06,19,249,40,10,50,310,49,11,23,320,39*61
$GAGSV,2,2,08,12,71,279,45,19,65,006,45,28,64,285,48,33,42,162,47*6F
$GAGSV,2,1,08,04,42,261,45,06,19,249,40,10,50,310,49,11,23,320,39*61
$GAGSV,2,2,08,12,71,279,45,19,65,006,45,28,64,285,48,33,42,162,47*6F
$GAGSV,2,1,08,04,42,261,45,06,19,249,40,10,50,310,49,11,23,320,39*61
$GAGSV,2,2,08,12,71,279,45,19,65,006,45,28,64,285,48,33,42,162,47*6F
$GAGSV,2,1,08,04,42,261,45,06,19,249,40,10,50,310,49,11,23,320,39*61
$GAGSV,2,2,08,12,71,279,45,19,65,006,45,28,64,285,48,33,42,162,47*6F
$GAGSV,2,1,08,04,42,261,45,06,19,249,40,10,50,310,49,11,23,320,39*61
$GAGSV,2,2,08,12,71,279,45,19,65,006,45,28,64,285,49,33,42,162,47*6E
$GAGSV,2,1,08,04,42,261,45,06,19,249,40,10,50,310,49,11,23,320,39*61
$GAGSV,2,2,08,12,71,279,45,19,65,006,45,28,64,285,49,33,42,162,47*6E
$GAGSV,2,1,08,04,42,261,46,06,19,249,40,10,50,310,49,11,23,320,39*62
$GAGSV,2,2,08,12,71,279,45,19,65,006,45,28,64,285,49,33,42,162,48*61
$GAGSV,2,1,08,04,42,261,45,06,19,249,40,10,50,310,48,11,23,320,39*60
$GAGSV,2,2,08,12,71,279,45,19,65,006,45,28,64,285,49,33,42,162,48*61
$GAGSV,2,1,08,04,42,261,46,06,19,249,40,10,50,310,48,11,23,320,39*63
$GAGSV,2,2,08,12,71,279,45,19,65,006,45,28,64,285,48,33,42,162,48*60
$GAGSV,2,1,08,04,42,261,46,06,19,249,40,10,50,310,48,11,23,320,39*63
$GAGSV,2,2,08,12,71,279,45,19,65,006,45,28,64,285,48,33,42,162,48*60
$GAGSV,2,1,08,04,42,261,46,06,19,249,40,10,50,310,48,11,23,320,39*63
$GAGSV,2,2,08,12,71,279,45,19,65,006,45,28,64,285,48,33,42,162,48*60
$GAGSV,2,1,08,04,42,261,46,06,19,249,40,10,50,310,48,11,23,320,39*63
$GAGSV,2,2,08,12,71,279,45,19,65,006,45,28,64,285,48,33,42,162,48*60
$GAGSV,2,1,08,04,42,261,46,06,19,249,40,10,50,310,48,11,23,320,39*63
$GAGSV,2,2,08,12,71,279,45,19,65,006,45,28,64,285,48,33,42,162,48*60
$GAGSV,2,1,08,04,42,261,46,06,19,249,40,10,50,310,49,11,23,320,39*62
$GAGSV,2,2,08,12,71,279,45,19,65,006,45,28,64,285,48,33,42,162,48*60
$GAGSV,2,1,08,04,42,261,46,06,19,249,40,10,50,310,49,11,23,320,39*62
$GAGSV,2,2,08,12,71,279,45,19,65,006,45,28,64,285,48,33,42,162,48*60
$GAGSV,2,1,08,04,42,261,46,06,19,249,40,10,50,310,49,11,23,320,39*62
$GAGSV,2,2,08,12,71,279,45,19,65,006,45,28,64,285,48,33,42,162,48*60
$GAGSV,2,1,08,04,42,261,46,06,19,249,40,10,50,310,49,11,23,320,39*62
$GAGSV,2,2,08,12,71,279,45,19,65,006,45,28,64,285,48,33,42,162,48*60
$GAGSV,2,1,08,04,42,261,45,06,19,249,40,10,50,310,49,11,23,320,39*61
$GAGSV,2,2,08,12,71,279,45,19,65,006,45,28,64,285,48,33,42,162,48*60
$GAGSV,2,1,08,04,42,261,45,06,19,249,40,10,50,310,49,11,23,320,39*61
$GAGSV,2,2,08,12,71,279,46,19,65,006,45,28,64,285,48,33,42,162,48*63
$GAGSV,2,1,08,04,42,261,45,06,19,249,40,10,50,310,49,11,23,320,39*61
$GAGSV,2,2,08,12,71,279,46,19,65,006,45,28,64,285,48,33,42,162,48*63
$GAGSV,2,1,08,04,42,261,45,06,19,249,40,10,50,310,48,11,23,320,39*60
$GAGSV,2,2,08,12,71,279,45,19,65,006,45,28,64,285,48,33,42,162,48*60
$GAGSV,2,1,08,04,42,261,45,06,19,249,40,10,50,310,48,11,23,320,39*60
$GAGSV,2,2,08,12,71,279,45,19,65,006,45,28,64,285,48,33,42,162,48*60
$GAGSV,2,1,08,04,42,261,45,06,19,249,40,10,50,310,48,11,23,320,39*60
$GAGSV,2,2,08,12,71,279,45,19,65,006,45,28,64,285,48,33,42,162,48*60
$GAGSV,2,1,08,04,42,261,45,06,19,249,40,10,50,310,48,11,23,320,39*60
$GAGSV,2,2,08,12,71,279,45,19,65,006,45,28,64,285,48,33,42,162,48*60
$GAGSV,2,1,08,04,42,261,45,06,19,249,40,10,50,310,48,11,23,320,39*60
$GAGSV,2,2,08,12,71,279,45,19,65,006,45,28,64,285,48,33,42,162,48*60
$GAGSV,2,1,08,04,42,261,45,06,19,249,40,10,50,310,48,11,23,320,39*60
$GAGSV,2,2,08,12,71,279,45,19,65,006,45,28,64,285,48,33,42,162,48*60
$GAGSV,2,1,08,04,42,261,45,06,19,249,40,10,50,310,48,11,23,320,38*61
$GAGSV,2,2,08,12,71,279,45,19,65,006,45,28,64,285,48,33,42,162,48*60
$GAGSV,2,1,08,04,42,261,46,06,19,249,40,10,50,310,48,11,23,320,38*62
$GAGSV,2,2,08,12,71,279,45,19,65,006,45,28,64,285,48,33,42,162,48*60
$GAGSV,2,1,08,04,42,261,46,06,19,249,40,10,50,310,48,11,23,320,38*62
$GAGSV,2,2,08,12,71,279,45,19,65,006,45,28,64,285,48,33,42,163,48*61
$GAGSV,2,1,08,04,42,261,46,06,19,249,40,10,50,310,48,11,23,320,38*62
$GAGSV,2,2,08,12,71,279,45,19,65,006,45,28,64,285,48,33,42,163,48*61
$GAGSV,2,1,08,04,42,261,46,06,19,249,40,10,50,310,48,11,23,320,38*62
$GAGSV,2,2,08,12,71,279,45,19,65,006,45,28,64,285,48,33,42,163,48*61
$GAGSV,2,1,08,04,42,261,46,06,19,249,40,10,50,310,48,11,23,320,38*62
$GAGSV,2,2,08,12,71,279,45,19,65,006,45,28,64,285,48,33,42,163,48*61
$GAGSV,2,1,08,04,42,261,46,06,19,249,40,10,50,310,48,11,23,320,38*62
$GAGSV,2,2,08,12,71,279,45,19,65,006,45,28,64,285,49,33,42,163,48*60
$GAGSV,2,1,08,04,42,261,46,06,19,249,40,10,50,310,48,11,23,320,38*62
$GAGSV,2,2,08,12,71,279,45,19,65,006,45,28,64,285,48,33,42,163,48*61
$GAGSV,2,1,08,04,42,261,46,06,19,249,40,10,50,310,48,11,23,320,38*62
$GAGSV,2,2,08,12,71,279,45,19,65,006,45,28,64,285,48,33,42,163,48*61
$GAGSV,2,1,08,04,42,261,46,06,19,249,40,10,50,310,48,11,23,320,38*62
$GAGSV,2,2,08,12,71,279,45,19,65,006,45,28,64,285,48,33,42,163,48*61
$GAGSV,2,1,08,04,42,261,46,06,19,249,40,10,50,310,48,11,23,320,38*62
$GAGSV,2,2,08,12,71,279,45,19,65,006,45,28,64,285,48,33,42,163,48*61
$GAGSV,2,1,08,04,42,261,46,06,19,249,40,10,50,310,48,11,23,320,38*62
$GAGSV,2,2,08,12,71,279,45,19,65,006,45,28,64,285,48,33,42,163,48*61
$GAGSV,2,1,08,04,42,261,46,06,19,249,40,10,50,310,48,11,23,320,38*62
$GAGSV,2,2,08,12,71,279,45,19,65,006,45,28,64,285,48,33,42,163,48*61
$GAGSV,2,1,08,04,42,261,46,06,19,249,40,10,50,310,48,11,23,320,38*62
$GAGSV,2,2,08,12,71,279,45,19,65,006,45,28,64,285,48,33,42,163,48*61
$GAGSV,2,1,08,04,42,261,46,06,19,249,40,10,50,310,49,11,23,320,38*63
$GAGSV,2,2,08,12,71,279,45,19,65,006,45,28,64,285,48,33,42,163,48*61
$GAGSV,2,1,08,04,42,261,46,06,19,249,40,10,50,310,49,11,23,320,38*63
$GAGSV,2,2,08,12,71,279,45,19,65,006,45,28,64,285,48,33,42,163,48*61
$GAGSV,2,1,08,04,42,261,46,06,19,249,40,10,50,310,49,11,23,320,38*63
$GAGSV,2,2,08,12,71,279,45,19,65,006,45,28,64,285,48,33,42,163,48*61
$GAGSV,2,1,08,04,42,261,46,06,19,249,40,10,50,310,49,11,23,320,38*63
$GAGSV,2,2,08,12,71,278,45,19,65,006,45,28,64,285,48,33,42,163,48*60
$GAGSV,2,1,08,04,42,261,45,06,19,249,40,10,50,310,49,11,23,320,38*60
$GAGSV,2,2,08,12,71,278,45,19,65,006,45,28,64,285,48,33,42,163,48*60
$GAGSV,2,1,08,04,42,261,45,06,19,249,40,10,50,310,49,11,23,320,38*60
$GAGSV,2,2,08,12,71,278,45,19,65,006,45,28,64,285,48,33,42,163,48*60
$GAGSV,2,1,08,04,42,261,45,06,19,249,40,10,50,310,49,11,23,320,38*60
$GAGSV,2,2,08,12,71,278,45,19,65,006,45,28,64,285,48,33,42,163,48*60
$GAGSV,2,1,08,04,42,261,45,06,19,249,40,10,50,310,49,11,23,320,38*60
$GAGSV,2,2,08,12,71,278,45,19,65,006,45,28,64,285,48,33,42,163,48*60
$GAGSV,2,1,08,04,42,261,46,06,19,249,40,10,50,310,49,11,23,320,38*63
$GAGSV,2,2,08,12,71,278,45,19,65,006,45,28,64,285,48,33,42,163,48*60
$GAGSV,2,1,08,04,42,261,46,06,19,249,40,10,50,310,49,11,23,320,38*63
$GAGSV,2,2,08,12,71,278,45,19,65,006,45,28,64,285,48,33,42,163,48*60
$GAGSV,2,1,08,04,42,261,46,06,19,249,40,10,50,310,49,11,23,320,38*63
$GAGSV,2,2,08,12,71,278,45,19,65,006,45,28,64,285,48,33,42,163,48*60
$GAGSV,2,1,08,04,42,261,46,06,19,249,40,10,50,310,49,11,23,320,38*63
$GAGSV,2,2,08,12,71,278,45,19,65,006,45,28,64,285,48,33,42,163,48*60
$GAGSV,2,1,08,04,42,261,46,06,19,249,40,10,50,310,49,11,23,320,38*63
$GAGSV,2,2,08,12,71,278,45,19,65,006,45,28,64,285,48,33,42,163,48*60
$GAGSV,2,1,08,04,42,261,46,06,19,249,40,10,50,310,49,11,23,320,38*63
$GAGSV,2,2,08,12,71,278,45,19,65,006,45,28,64,285,48,33,42,163,48*60
$GAGSV,2,1,08,04,42,261,46,06,19,249,40,10,50,310,49,11,23,320,38*63
$GAGSV,2,2,08,12,71,278,45,19,65,006,45,28,64,285,48,33,42,163,48*60
$GAGSV,2,1,08,04,42,261,45,06,19,249,40,10,50,310,49,11,23,320,38*60
$GAGSV,2,2,08,12,71,278,45,19,65,006,45,28,64,285,48,33,42,163,48*60
$GAGSV,2,1,08,04,42,261,46,06,19,249,40,10,50,310,49,11,23,320,38*63
$GAGSV,2,2,08,12,71,278,45,19,65,006,45,28,64,285,48,33,42,163,47*6F
$GAGSV,2,1,08,04,42,261,46,06,19,249,40,10,50,310,49,11,23,320,38*63
$GAGSV,2,2,08,12,71,278,45,19,65,006,45,28,64,285,48,33,42,163,47*6F
$GAGSV,2,1,08,04,42,261,46,06,19,249,40,10,50,310,49,11,23,320,38*63
$GAGSV,2,2,08,12,71,278,45,19,65,006,45,28,64,285,48,33,42,163,47*6F
$GAGSV,2,1,08,04,42,261,46,06,19,249,40,10,50,310,49,11,23,320,38*63
$GAGSV,2,2,08,12,71,278,45,19,65,006,45,28,64,285,48,33,42,163,47*6F
$GAGSV,2,1,08,04,42,261,46,06,19,249,40,10,50,310,49,11,23,320,38*63
$GAGSV,2,2,08,12,71,278,45,19,65,006,45,28,64,285,48,33,42,163,47*6F
$GAGSV,2,1,08,04,42,261,46,06,19,249,40,10,50,310,49,11,23,320,38*63
$GAGSV,2,2,08,12,71,278,45,19,65,006,45,28,64,285,48,33,42,163,47*6F
$GAGSV,2,1,08,04,42,261,46,06,19,249,40,10,50,310,49,11,23,320,38*63
$GAGSV,2,2,08,12,71,278,45,19,65,006,45,28,64,285,48,33,42,163,47*6F
$GAGSV,2,1,08,04,42,261,46,06,19,249,40,10,50,310,49,11,23,320,38*63
$GAGSV,2,2,08,12,71,278,45,19,65,006,45,28,64,285,48,33,42,163,47*6F
$GAGSV,2,1,08,04,42,261,46,06,19,249,40,10,50,310,49,11,23,320,38*63
$GAGSV,2,2,08,12,71,278,45,19,65,006,45,28,64,285,48,33,42,163,47*6F
$GAGSV,2,1,08,04,42,261,46,06,19,249,40,10,50,310,49,11,23,320,38*63
$GAGSV,2,2,08,12,71,278,45,19,65,006,45,28,64,285,48,33,42,163,47*6F
$GAGSV,2,1,08,04,42,261,46,06,19,249,40,10,50,310,49,11,23,320,38*63
$GAGSV,2,2,08,12,71,278,45,19,65,006,45,28,64,285,48,33,42,163,48*60
$GAGSV,2,1,08,04,42,261,46,06,19,249,40,10,50,310,49,11,23,320,38*63
$GAGSV,2,2,08,12,71,278,44,19,65,006,45,28,64,285,48,33,42,163,48*61
$GAGSV,2,1,08,04,42,261,46,06,19,249,39,10,50,310,49,11,23,320,38*6D
$GAGSV,2,2,08,12,71,278,44,19,65,006,45,28,64,285,48,33,42,163,48*61
$GAGSV,2,1,08,04,42,261,46,06,19,249,39,10,50,310,49,11,23,320,38*6D
$GAGSV,2,2,08,12,71,278,44,19,65,006,45,28,64,285,48,33,42,163,48*61
$GAGSV,2,1,08,04,42,261,46,06,19,249,39,10,50,310,49,11,23,320,38*6D
$GAGSV,2,2,08,12,71,278,44,19,65,006,45,28,64,285,48,33,42,163,48*61
$GAGSV,2,1,08,04,42,261,46,06,19,249,39,10,50,310,49,11,23,320,38*6D
$GAGSV,2,2,08,12,71,278,44,19,65,006,45,28,64,285,48,33,42,163,48*61
$GAGSV,2,1,08,04,42,261,46,06,19,249,40,10,50,310,49,11,23,320,38*63
$GAGSV,2,2,08,12,71,278,44,19,65,006,45,28,64,285,48,33,42,163,48*61
$GAGSV,2,1,08,04,42,261,46,06,19,249,40,10,50,310,49,11,23,320,38*63
$GAGSV,2,2,08,12,71,278,44,19,65,006,45,28,64,285,48,33,42,163,48*61
$GAGSV,2,1,08,04,42,261,46,06,19,249,40,10,50,310,49,11,23,320,38*63
$GAGSV,2,2,08,12,71,278,44,19,65,006,45,28,64,285,48,33,42,163,48*61
$GAGSV,2,1,08,04,42,261,46,06,19,249,39,10,50,310,48,11,23,320,38*6C
$GAGSV,2,2,08,12,71,278,45,19,65,006,45,28,64,285,48,33,42,163,48*60
$GAGSV,2,1,08,04,42,261,46,06,19,249,39,10,50,310,48,11,23,320,38*6C
$GAGSV,2,2,08,12,71,278,45,19,65,006,45,28,64,285,48,33,42,163,48*60
$GAGSV,2,1,08,04,42,261,46,06,19,249,39,10,50,310,48,11,23,320,38*6C
$GAGSV,2,2,08,12,71,278,45,19,65,006,45,28,64,285,48,33,42,163,48*60
$GAGSV,2,1,08,04,42,261,46,06,19,249,39,10,50,310,48,11,23,320,38*6C
$GAGSV,2,2,08,12,71,278,45,19,65,006,45,28,65,285,48,33,42,163,48*61
$GAGSV,2,1,08,04,42,261,46,06,19,249,39,10,50,310,49,11,23,320,38*6D
$GAGSV,2,2,08,12,71,278,45,19,65,006,45,28,65,285,48,33,42,163,48*61
$GAGSV,2,1,08,04,42,261,46,06,19,249,36,10,50,310,49,11,23,320,38*62
$GAGSV,2,2,08,12,71,278,45,19,65,006,45,28,65,285,48,33,42,163,48*61
$GAGSV,2,1,08,04,42,261,46,06,19,249,35,10,50,310,49,11,23,320,38*61
$GAGSV,2,2,08,12,71,278,45,19,65,006,45,28,65,285,48,33,42,163,48*61
$GAGSV,2,1,08,04,42,261,46,06,19,249,34,10,50,310,49,11,23,320,38*60
$GAGSV,2,2,08,12,71,278,45,19,65,006,45,28,65,285,48,33,42,163,48*61
$GAGSV,2,1,08,04,42,261,46,06,19,249,34,10,50,310,49,11,23,320,38*60
$GAGSV,2,2,08,12,71,278,45,19,65,006,45,28,65,285,48,33,42,163,48*61
$GAGSV,2,1,08,04,42,261,46,06,19,249,33,10,50,310,49,11,23,320,38*67
$GAGSV,2,2,08,12,71,278,45,19,65,006,45,28,65,285,48,33,42,163,48*61
$GAGSV,2,1,08,04,42,261,46,06,19,249,33,10,50,310,49,11,23,320,38*67
$GAGSV,2,2,08,12,71,278,45,19,65,006,45,28,65,285,48,33,42,163,48*61
$GAGSV,2,1,08,04,42,261,45,06,19,249,32,10,50,310,49,11,23,320,38*65
$GAGSV,2,2,08,12,71,278,45,19,65,006,45,28,65,285,48,33,42,163,48*61
$GAGSV,2,1,08,04,42,261,45,06,19,249,32,10,50,310,49,11,23,320,38*65
$GAGSV,2,2,08,12,71,278,45,19,65,006,45,28,65,285,48,33,42,163,48*61
$GAGSV,2,1,08,04,42,261,45,06,19,249,32,10,50,310,49,11,23,320,38*65
$GAGSV,2,2,08,12,71,278,45,19,65,006,45,28,65,285,48,33,42,163,48*61
$GAGSV,2,1,08,04,42,261,45,06,19,249,32,10,50,310,49,11,23,320,38*65
$GAGSV,2,2,08,12,71,278,45,19,65,006,45,28,65,285,48,33,42,163,48*61
$GAGSV,2,1,08,04,42,261,46,06,19,249,31,10,50,310,48,11,23,320,38*64
$GAGSV,2,2,08,12,71,278,45,19,65,006,45,28,65,285,48,33,42,163,48*61
$GAGSV,2,1,08,04,42,261,46,06,19,249,31,10,50,310,48,11,23,320,38*64
$GAGSV,2,2,08,12,71,278,45,19,65,006,45,28,65,285,48,33,42,163,48*61
$GAGSV,2,1,08,04,42,261,46,06,19,249,31,10,50,310,49,11,23,320,38*65
$GAGSV,2,2,08,12,71,278,45,19,65,006,45,28,65,285,48,33,42,163,48*61
$GAGSV,2,1,08,04,42,261,46,06,19,249,31,10,50,310,49,11,23,320,38*65
$GAGSV,2,2,08,12,71,278,45,19,65,006,45,28,65,285,48,33,42,163,48*61
$GAGSV,2,1,08,04,42,261,46,06,19,249,31,10,50,310,49,11,23,320,38*65
$GAGSV,2,2,08,12,71,278,45,19,65,006,45,28,65,285,48,33,42,163,48*61
$GAGSV,2,1,08,04,42,261,46,06,19,249,30,10,50,310,49,11,23,320,38*64
$GAGSV,2,2,08,12,71,278,45,19,65,006,45,28,65,285,48,33,42,163,48*61
$GAGSV,2,1,08,04,42,261,46,06,19,249,30,10,50,310,49,11,23,320,38*64
$GAGSV,2,2,08,12,71,278,45,19,65,006,45,28,65,285,48,33,42,163,48*61
$GAGSV,2,1,08,04,42,261,46,06,19,249,29,10,50,310,49,11,23,320,38*6C
$GAGSV,2,2,08,12,71,278,45,19,65,006,45,28,65,285,48,33,42,163,48*61
$GAGSV,2,1,08,04,42,261,46,06,19,249,29,10,50,310,49,11,23,320,38*6C
$GAGSV,2,2,08,12,71,278,45,19,65,006,45,28,65,285,48,33,42,163,48*61
$GAGSV,2,1,08,04,42,261,46,06,19,249,28,10,50,310,49,11,23,320,38*6D
$GAGSV,2,2,08,12,71,278,45,19,65,006,45,28,65,285,48,33,42,163,48*61
$GAGSV,2,1,08,04,42,261,46,06,19,249,28,10,50,310,49,11,23,320,38*6D
$GAGSV,2,2,08,12,71,278,45,19,65,006,45,28,65,285,48,33,42,163,47*6E
$GAGSV,2,1,08,04,42,261,46,06,19,249,29,10,50,310,49,11,23,320,38*6C
$GAGSV,2,2,08,12,71,278,45,19,65,006,45,28,65,285,48,33,42,163,47*6E
$GAGSV,2,1,08,04,42,261,46,06,19,249,29,10,50,310,49,11,23,320,38*6C
$GAGSV,2,2,08,12,71,278,45,19,65,006,45,28,65,285,48,33,42,163,47*6E
$GAGSV,2,1,08,04,42,261,46,06,19,249,29,10,50,310,49,11,23,320,38*6C
$GAGSV,2,2,08,12,71,278,45,19,65,006,45,28,65,285,48,33,42,163,47*6E
$GAGSV,2,1,08,04,42,261,46,06,19,249,29,10,50,310,49,11,23,320,38*6C
$GAGSV,2,2,08,12,71,278,45,19,65,006,45,28,65,285,48,33,42,163,47*6E
$GAGSV,2,1,08,04,42,261,46,06,19,249,29,10,50,310,49,11,23,320,38*6C
$GAGSV,2,2,08,12,71,278,45,19,65,006,45,28,65,285,48,33,42,163,47*6E
$GAGSV,2,1,08,04,42,261,46,06,19,249,29,10,50,310,49,11,23,320,38*6C
$GAGSV,2,2,08,12,71,278,45,19,65,006,45,28,65,285,48,33,42,163,47*6E
$GAGSV,2,1,08,04,42,261,46,06,19,249,29,10,50,310,49,11,23,320,38*6C
$GAGSV,2,2,08,12,71,278,45,19,65,006,45,28,65,285,48,33,42,163,47*6E
$GAGSV,2,1,08,04,42,261,46,06,19,249,30,10,50,310,48,11,23,320,38*65
$GAGSV,2,2,08,12,71,278,45,19,65,006,45,28,65,285,48,33,42,163,47*6E
$GAGSV,2,1,08,04,42,261,46,06,19,249,30,10,50,310,48,11,23,320,38*65
$GAGSV,2,2,08,12,71,278,45,19,65,006,45,28,65,285,48,33,42,163,47*6E
$GAGSV,2,1,08,04,42,261,46,06,19,249,30,10,50,310,48,11,23,320,38*65
$GAGSV,2,2,08,12,71,278,45,19,65,006,45,28,65,285,48,33,42,163,47*6E
$GAGSV,2,1,08,04,42,261,46,06,19,249,30,10,50,310,48,11,23,320,38*65
$GAGSV,2,2,08,12,71,278,45,19,65,006,45,28,65,285,48,33,42,163,47*6E
$GAGSV,2,1,08,04,42,261,46,06,19,249,30,10,50,310,48,11,23,320,38*65
$GAGSV,2,2,08,12,71,278,45,19,65,006,45,28,65,285,48,33,42,163,47*6E
$GAGSV,2,1,08,04,42,261,46,06,19,249,30,10,50,310,48,11,23,320,38*65
$GAGSV,2,2,08,12,71,278,45,19,65,006,45,28,65,285,48,33,42,163,47*6E
$GAGSV,2,1,08,04,42,261,46,06,19,249,31,10,50,310,49,11,23,320,38*65
$GAGSV,2,2,08,12,71,278,45,19,65,006,45,28,65,285,48,33,42,163,47*6E
$GAGSV,2,1,08,04,42,261,46,06,19,249,30,10,50,310,49,11,23,320,38*64
$GAGSV,2,2,08,12,71,278,45,19,65,006,45,28,65,285,48,33,42,163,47*6E
$GAGSV,2,1,08,04,42,261,46,06,19,249,30,10,50,310,48,11,23,320,38*65
$GAGSV,2,2,08,12,71,278,45,19,65,006,45,28,65,285,48,33,42,163,47*6E
$GAGSV,2,1,08,04,42,261,46,06,19,249,30,10,50,310,48,11,23,320,38*65
$GAGSV,2,2,08,12,71,278,45,19,65,006,45,28,65,285,48,33,42,163,47*6E
$GAGSV,2,1,08,04,42,261,46,06,19,249,30,10,50,310,48,11,23,320,38*65
$GAGSV,2,2,08,12,71,278,45,19,65,006,45,28,65,285,48,33,42,163,47*6E
$GAGSV,2,1,08,04,42,261,46,06,19,249,30,10,50,310,48,11,23,320,38*65
$GAGSV,2,2,08,12,71,278,45,19,65,006,45,28,65,285,48,33,42,163,47*6E
$GAGSV,2,1,08,04,42,261,46,06,19,249,30,10,50,310,48,11,23,320,38*65
$GAGSV,2,2,08,12,71,278,45,19,65,006,45,28,65,285,48,33,42,163,47*6E
$GAGSV,2,1,08,04,42,261,46,06,19,249,30,10,50,310,48,11,23,320,38*65
$GAGSV,2,2,08,12,71,278,45,19,65,006,45,28,65,285,48,33,42,163,47*6E
$GAGSV,2,1,08,04,42,261,46,06,19,249,30,10,50,310,48,11,23,320,38*65
$GAGSV,2,2,08,12,71,278,45,19,65,006,45,28,65,285,48,33,42,163,48*61
$GAGSV,2,1,08,04,42,261,46,06,19,249,31,10,50,310,48,11,23,320,38*64
$GAGSV,2,2,08,12,71,278,45,19,65,006,45,28,65,285,48,33,42,163,48*61
$GAGSV,2,1,08,04,42,261,46,06,19,249,31,10,50,310,48,11,23,320,39*65
$GAGSV,2,2,08,12,71,278,45,19,65,006,45,28,65,285,48,33,42,163,48*61
$GAGSV,2,1,08,04,42,261,46,06,19,249,31,10,50,310,49,11,23,320,39*64
$GAGSV,2,2,08,12,71,278,45,19,65,006,45,28,65,285,48,33,42,163,48*61
$GAGSV,2,1,08,04,42,261,46,06,19,249,30,10,50,310,49,11,23,320,39*65
$GAGSV,2,2,08,12,71,278,45,19,65,006,45,28,65,285,48,33,42,163,48*61
$GAGSV,2,1,08,04,42,261,46,06,19,249,30,10,50,310,49,11,23,320,39*65
$GAGSV,2,2,08,12,71,278,45,19,65,006,45,28,65,285,48,33,42,163,48*61
$GAGSV,2,1,08,04,42,261,46,06,19,249,29,10,50,310,49,11,23,320,39*6D
$GAGSV,2,2,08,12,71,278,45,19,65,006,45,28,65,285,48,33,42,163,47*6E
$GAGSV,2,1,08,04,42,261,46,06,19,249,29,10,50,310,49,11,23,320,39*6D
$GAGSV,2,2,08,12,71,278,45,19,65,006,45,28,65,285,48,33,42,163,47*6E
$GAGSV,2,1,08,04,42,261,46,06,19,249,28,10,50,310,49,11,23,320,39*6C
$GAGSV,2,2,08,12,71,278,45,19,65,006,45,28,65,285,48,33,42,163,47*6E
$GAGSV,2,1,08,04,42,261,46,06,19,249,27,10,50,310,49,11,23,320,39*63
$GAGSV,2,2,08,12,71,278,45,19,65,006,45,28,65,285,48,33,42,163,48*61
$GAGSV,2,1,08,04,42,261,46,06,19,249,26,10,50,310,49,11,23,320,39*62
$GAGSV,2,2,08,12,71,278,45,19,65,006,45,28,65,285,48,33,42,163,48*61
$GAGSV,2,1,08,04,42,261,46,06,19,249,26,10,50,310,49,11,23,320,39*62
$GAGSV,2,2,08,12,71,278,45,19,65,006,45,28,65,285,48,33,42,163,48*61
$GAGSV,2,1,08,04,42,261,46,06,19,249,27,10,50,310,49,11,23,320,38*62
$GAGSV,2,2,08,12,71,278,45,19,65,006,45,28,65,285,48,33,42,163,48*61
$GAGSV,2,1,08,04,42,261,46,06,19,249,27,10,50,310,49,11,23,320,38*62
$GAGSV,2,2,08,12,71,278,45,19,65,006,45,28,65,285,48,33,42,163,48*61
$GAGSV,2,1,08,04,42,261,46,06,19,249,28,10,50,310,49,11,23,320,38*6D
$GAGSV,2,2,08,12,71,278,45,19,65,006,45,28,65,285,48,33,42,163,48*61
$GAGSV,2,1,08,04,42,261,46,06,19,249,30,10,50,310,49,11,23,320,38*64
$GAGSV,2,2,08,12,71,278,45,19,65,006,45,28,65,285,48,33,42,163,48*61
$GAGSV,2,1,08,04,42,261,46,06,19,249,31,10,50,310,49,11,23,320,38*65
$GAGSV,2,2,08,12,71,278,45,19,65,006,45,28,65,285,48,33,42,163,48*61
$GAGSV,2,1,08,04,42,261,46,06,19,249,31,10,50,310,49,11,23,320,38*65
$GAGSV,2,2,08,12,71,278,45,19,65,006,45,28,65,285,48,33,42,163,48*61
$GAGSV,2,1,08,04,42,261,46,06,19,249,31,10,50,310,49,11,23,320,38*65
$GAGSV,2,2,08,12,71,278,45,19,65,006,45,28,65,285,48,33,42,163,48*61
$GAGSV,2,1,08,04,42,261,45,06,19,249,31,10,50,310,49,11,23,320,38*66
$GAGSV,2,2,08,12,71,278,45,19,65,006,45,28,65,285,48,33,42,163,48*61
$GAGSV,2,1,08,04,42,261,45,06,19,249,32,10,50,310,49,11,23,320,38*65
$GAGSV,2,2,08,12,71,278,45,19,65,006,45,28,65,285,48,33,42,163,48*61
$GAGSV,2,1,08,04,42,261,46,06,19,249,32,10,50,310,49,11,23,320,38*66
$GAGSV,2,2,08,12,71,278,45,19,65,006,45,28,65,285,48,33,42,163,48*61
$GAGSV,2,1,08,04,42,261,46,06,19,249,32,10,50,310,49,11,23,320,38*66
$GAGSV,2,2,08,12,71,278,45,19,65,006,45,28,65,285,48,33,42,163,48*61
$GAGSV,2,1,08,04,42,261,46,06,19,249,33,10,50,310,49,11,23,320,38*67
$GAGSV,2,2,08,12,71,278,45,19,65,006,45,28,65,285,48,33,42,163,48*61
$GAGSV,2,1,08,04,42,261,46,06,19,249,34,10,50,310,49,11,23,320,38*60
$GAGSV,2,2,08,12,71,278,45,19,65,006,45,28,65,285,48,33,42,163,48*61
$GAGSV,2,1,08,04,42,261,46,06,19,249,34,10,50,310,49,11,23,320,38*60
$GAGSV,2,2,08,12,71,278,45,19,65,006,45,28,65,285,48,33,42,163,48*61
$GAGSV,2,1,08,04,42,261,46,06,19,249,35,10,50,310,49,11,23,320,38*61
$GAGSV,2,2,08,12,71,278,45,19,65,006,45,28,65,285,48,33,42,163,48*61
$GAGSV,2,1,08,04,42,261,46,06,19,249,35,10,50,310,49,11,23,320,38*61
$GAGSV,2,2,08,12,71,278,45,19,65,006,45,28,65,285,48,33,42,163,48*61
$GAGSV,2,1,08,04,42,261,46,06,19,249,34,10,50,310,49,11,23,320,38*60
$GAGSV,2,2,08,12,71,278,45,19,65,006,45,28,65,285,48,33,42,163,48*61
$GAGSV,2,1,08,04,42,261,46,06,19,249,34,10,50,310,49,11,23,320,38*60
$GAGSV,2,2,08,12,71,278,45,19,65,006,45,28,65,285,48,33,42,163,48*61
$GAGSV,2,1,08,04,42,261,46,06,19,249,34,10,50,310,49,11,23,320,39*61
$GAGSV,2,2,08,12,71,278,45,19,65,006,45,28,65,285,48,33,42,163,48*61
$GAGSV,2,1,08,04,42,261,46,06,19,249,34,10,50,310,49,11,23,320,39*61
$GAGSV,2,2,08,12,71,278,45,19,65,006,45,28,65,285,48,33,42,163,48*61
$GAGSV,2,1,08,04,42,261,46,06,19,249,34,10,50,310,49,11,23,320,39*61
$GAGSV,2,2,08,12,71,278,45,19,65,006,45,28,65,285,48,33,42,163,48*61
$GAGSV,2,1,08,04,42,261,46,06,19,249,34,10,50,310,49,11,23,320,39*61
$GAGSV,2,2,08,12,71,278,45,19,65,006,45,28,65,285,48,33,42,163,48*61
$GAGSV,2,1,08,04,42,261,46,06,19,249,34,10,50,310,49,11,23,320,39*61
$GAGSV,2,2,08,12,71,278,45,19,65,006,45,28,65,285,48,33,42,163,48*61
$GAGSV,2,1,08,04,42,261,46,06,19,249,34,10,50,310,49,11,23,320,39*61
$GAGSV,2,2,08,12,71,278,45,19,65,006,45,28,65,285,48,33,42,163,48*61
$GAGSV,2,1,08,04,42,261,46,06,19,249,34,10,50,310,49,11,23,320,39*61
$GAGSV,2,2,08,12,71,278,45,19,65,006,45,28,65,285,48,33,42,163,48*61
$GAGSV,2,1,08,04,42,261,46,06,19,249,34,10,50,310,49,11,23,320,39*61
$GAGSV,2,2,08,12,71,278,45,19,65,006,45,28,65,285,48,33,42,163,48*61
$GAGSV,2,1,08,04,42,261,46,06,19,249,33,10,50,310,49,11,23,320,39*66
$GAGSV,2,2,08,12,71,278,45,19,65,006,45,28,65,285,48,33,42,163,48*61
$GAGSV,2,1,08,04,42,261,46,06,19,249,33,10,50,310,49,11,23,320,39*66
$GAGSV,2,2,08,12,71,278,45,19,65,006,45,28,65,285,48,33,42,163,48*61
$GAGSV,2,1,08,04,42,261,46,06,19,249,34,10,50,310,49,11,23,320,39*61
$GAGSV,2,2,08,12,71,278,45,19,65,006,45,28,65,285,48,33,42,163,48*61
$GAGSV,2,1,08,04,42,261,46,06,19,249,34,10,50,310,49,11,23,320,39*61
$GAGSV,2,2,08,12,71,278,45,19,65,006,45,28,65,285,48,33,42,163,48*61
$GAGSV,2,1,08,04,42,261,46,06,19,249,34,10,50,310,49,11,23,320,39*61
$GAGSV,2,2,08,12,71,278,45,19,65,006,45,28,65,285,48,33,42,163,48*61
$GAGSV,2,1,08,04,42,261,46,06,19,249,33,10,50,310,49,11,23,320,39*66
$GAGSV,2,2,08,12,71,278,45,19,65,006,45,28,65,285,48,33,42,163,48*61
$GAGSV,2,1,08,04,42,261,46,06,19,249,33,10,50,310,49,11,23,320,39*66
$GAGSV,2,2,08,12,71,278,45,19,65,006,45,28,65,285,48,33,42,163,48*61
$GAGSV,2,1,08,04,42,261,46,06,19,249,33,10,50,310,49,11,23,320,39*66
$GAGSV,2,2,08,12,71,278,45,19,65,006,45,28,65,285,48,33,42,163,48*61
$GAGSV,2,1,08,04,42,261,46,06,19,249,32,10,50,310,49,11,23,320,39*67
$GAGSV,2,2,08,12,71,278,45,19,65,006,44,28,65,285,48,33,42,163,48*60
$GAGSV,2,1,08,04,42,261,46,06,19,249,32,10,50,310,49,11,23,320,39*67
$GAGSV,2,2,08,12,71,278,45,19,65,006,44,28,65,285,48,33,42,163,48*60
$GAGSV,2,1,08,04,42,261,46,06,19,249,32,10,50,310,49,11,23,320,39*67
$GAGSV,2,2,08,12,71,278,45,19,65,006,44,28,65,285,48,33,42,163,48*60
$GAGSV,2,1,08,04,42,261,46,06,19,249,33,10,50,310,49,11,23,320,39*66
$GAGSV,2,2,08,12,71,278,45,19,65,006,44,28,65,285,48,33,42,163,48*60
$GAGSV,2,1,08,04,42,261,46,06,19,249,33,10,50,310,49,11,23,320,39*66
$GAGSV,2,2,08,12,71,278,45,19,65,006,44,28,65,285,48,33,42,163,48*60
$GAGSV,2,1,08,04,42,261,46,06,19,250,33,10,50,310,48,11,23,320,39*6F
$GAGSV,2,2,08,12,71,278,45,19,65,006,44,28,65,285,48,33,42,163,48*60
$GAGSV,2,1,08,04,42,261,46,06,19,250,33,10,50,310,48,11,23,320,39*6F
$GAGSV,2,2,08,12,71,278,45,19,65,006,44,28,65,285,48,33,42,163,48*60
$GAGSV,2,1,08,04,42,261,46,06,19,250,33,10,50,310,48,11,23,320,39*6F
$GAGSV,2,2,08,12,71,278,45,19,65,006,44,28,65,285,48,33,42,163,48*60
$GAGSV,2,1,08,04,42,261,46,06,19,250,32,10,50,310,48,11,23,320,39*6E
$GAGSV,2,2,08,12,71,278,45,19,65,006,44,28,65,285,48,33,42,163,48*60
$GAGSV,2,1,08,04,42,261,46,06,19,250,31,10,50,310,48,11,23,320,39*6D
$GAGSV,2,2,08,12,71,278,45,19,65,006,44,28,65,285,48,33,42,163,48*60
$GAGSV,2,1,08,04,42,261,46,06,19,250,31,10,50,310,48,11,23,320,39*6D
$GAGSV,2,2,08,12,71,278,45,19,65,006,44,28,65,285,48,33,42,163,48*60
$GAGSV,2,1,08,04,42,261,46,06,19,250,31,10,50,310,48,11,23,320,39*6D
$GAGSV,2,2,08,12,71,278,45,19,65,006,44,28,65,285,48,33,42,163,48*60
$GAGSV,2,1,08,04,42,261,46,06,19,250,31,10,50,310,48,11,23,320,39*6D
$GAGSV,2,2,08,12,71,278,45,19,65,006,44,28,65,285,48,33,42,163,48*60
$GAGSV,2,1,08,04,42,261,46,06,19,250,32,10,50,310,48,11,23,320,39*6E
$GAGSV,2,2,08,12,71,278,45,19,65,006,44,28,65,285,48,33,42,163,48*60
$GAGSV,2,1,08,04,42,261,46,06,19,250,32,10,50,310,48,11,23,320,38*6F
$GAGSV,2,2,08,12,71,278,45,19,65,006,44,28,65,285,48,33,42,163,47*6F
$GAGSV,2,1,08,04,42,261,46,06,19,250,31,10,50,310,48,11,23,320,38*6C
$GAGSV,2,2,08,12,71,278,45,19,65,006,44,28,65,285,48,33,42,163,47*6F
$GAGSV,2,1,08,04,42,261,46,06,19,250,31,10,50,310,48,11,23,320,38*6C
$GAGSV,2,2,08,12,71,278,45,19,65,006,44,28,65,285,48,33,42,163,47*6F
$GAGSV,2,1,08,04,42,261,45,06,19,250,30,10,50,310,48,11,23,320,38*6E
$GAGSV,2,2,08,12,71,278,45,19,65,006,44,28,65,285,48,33,42,163,47*6F
$GAGSV,2,1,08,04,42,261,46,06,19,250,31,10,50,310,48,11,23,320,38*6C
$GAGSV,2,2,08,12,71,278,45,19,65,006,44,28,65,285,48,33,42,163,47*6F
$GAGSV,2,1,08,04,42,261,46,06,19,250,31,10,50,310,48,11,23,320,38*6C
$GAGSV,2,2,08,12,71,278,45,19,65,006,44,28,65,285,48,33,42,163,47*6F
$GAGSV,2,1,08,04,42,261,46,06,19,250,32,10,50,310,48,11,23,320,38*6F
$GAGSV,2,2,08,12,71,278,45,19,65,006,44,28,65,285,48,33,42,163,47*6F
$GAGSV,2,1,08,04,42,261,45,06,19,250,32,10,50,310,48,11,23,320,38*6C
$GAGSV,2,2,08,12,71,278,45,19,65,006,44,28,65,285,48,33,42,163,47*6F
$GAGSV,2,1,08,04,42,261,45,06,19,250,32,10,50,310,48,11,23,320,38*6C
$GAGSV,2,2,08,12,71,278,45,19,65,006,44,28,65,285,48,33,42,163,47*6F
$GAGSV,2,1,08,04,42,261,45,06,19,250,32,10,50,310,48,11,23,320,38*6C
$GAGSV,2,2,08,12,71,278,45,19,65,006,44,28,65,285,48,33,42,163,47*6F
$GAGSV,2,1,08,04,42,261,45,06,19,250,32,10,50,310,48,11,23,320,39*6D
$GAGSV,2,2,08,12,71,278,45,19,65,006,44,28,65,285,48,33,42,163,47*6F
$GAGSV,2,1,08,04,42,261,45,06,19,250,31,10,50,310,48,11,23,320,39*6E
$GAGSV,2,2,08,12,71,278,45,19,65,006,44,28,65,285,48,33,42,163,47*6F
$GAGSV,2,1,08,04,42,261,45,06,19,250,30,10,50,310,48,11,23,320,39*6F
$GAGSV,2,2,08,12,71,278,45,19,65,006,44,28,65,285,48,33,42,163,47*6F
$GAGSV,2,1,08,04,42,261,45,06,19,250,31,10,50,310,48,11,23,320,39*6E
$GAGSV,2,2,08,12,71,278,45,19,65,006,44,28,65,285,48,33,42,163,48*60
$GAGSV,2,1,08,04,42,261,45,06,19,250,31,10,50,310,48,11,23,320,39*6E
$GAGSV,2,2,08,12,71,278,45,19,65,006,44,28,65,285,48,33,42,163,48*60
$GAGSV,2,1,08,04,42,261,46,06,19,250,31,10,50,310,48,11,23,320,39*6D
$GAGSV,2,2,08,12,71,278,45,19,65,006,44,28,65,285,48,33,42,163,48*60
$GAGSV,2,1,08,04,42,261,46,06,19,250,31,10,50,310,48,11,23,320,39*6D
$GAGSV,2,2,08,12,71,278,45,19,65,006,44,28,65,285,48,33,42,163,48*60
$GAGSV,2,1,08,04,42,261,45,06,19,250,30,10,50,310,48,11,23,320,39*6F
$GAGSV,2,2,08,12,71,278,45,19,65,006,44,28,65,285,48,33,42,163,47*6F
$GAGSV,2,1,08,04,42,261,45,06,19,250,31,10,50,310,48,11,23,320,39*6E
$GAGSV,2,2,08,12,71,278,45,19,65,006,44,28,65,285,48,33,42,163,47*6F
$GAGSV,2,1,08,04,42,261,45,06,19,250,31,10,50,310,48,11,23,320,39*6E
$GAGSV,2,2,08,12,71,278,45,19,65,006,44,28,65,285,48,33,42,163,47*6F
$GAGSV,2,1,08,04,42,261,45,06,19,250,32,10,50,310,48,11,23,320,39*6D
$GAGSV,2,2,08,12,71,278,45,19,65,006,44,28,65,285,48,33,42,163,47*6F
$GAGSV,2,1,08,04,42,261,45,06,19,250,32,10,50,310,48,11,23,320,39*6D
$GAGSV,2,2,08,12,71,278,45,19,65,006,44,28,65,285,48,33,42,163,47*6F
$GAGSV,2,1,08,04,42,261,45,06,19,250,32,10,50,310,48,11,23,320,39*6D
$GAGSV,2,2,08,12,71,278,45,19,65,006,44,28,65,285,48,33,42,163,47*6F
$GAGSV,2,1,08,04,42,261,45,06,19,250,33,10,50,310,48,11,23,320,39*6C
$GAGSV,2,2,08,12,71,278,45,19,65,006,44,28,65,285,48,33,42,163,47*6F
$GAGSV,2,1,08,04,42,261,45,06,19,250,33,10,50,310,48,11,23,320,39*6C
$GAGSV,2,2,08,12,71,278,45,19,65,006,44,28,65,285,48,33,42,163,47*6F
$GAGSV,2,1,08,04,42,261,45,06,19,250,33,10,50,310,48,11,23,320,39*6C
$GAGSV,2,2,08,12,71,278,45,19,65,006,44,28,65,285,48,33,42,163,47*6F
$GAGSV,2,1,08,04,42,261,45,06,19,250,33,10,50,310,48,11,23,320,39*6C
$GAGSV,2,2,08,12,71,278,45,19,65,006,44,28,65,285,48,33,42,163,47*6F
$GAGSV,2,1,08,04,42,261,45,06,19,250,33,10,50,310,48,11,23,320,39*6C
$GAGSV,2,2,08,12,71,278,45,19,65,006,44,28,65,285,48,33,42,163,47*6F
$GAGSV,2,1,08,04,42,261,45,06,19,250,33,10,50,310,48,11,23,320,39*6C
$GAGSV,2,2,08,12,71,278,45,19,65,006,44,28,65,285,48,33,42,163,47*6F
$GAGSV,2,1,08,04,42,261,45,06,19,250,33,10,50,310,48,11,23,320,39*6C
$GAGSV,2,2,08,12,71,278,45,19,65,006,44,28,65,285,48,33,42,163,47*6F
$GAGSV,2,1,08,04,42,261,45,06,19,250,33,10,50,310,48,11,23,320,39*6C
$GAGSV,2,2,08,12,71,278,45,19,65,006,44,28,65,285,48,33,42,163,47*6F
$GAGSV,2,1,08,04,42,261,45,06,19,250,33,10,50,310,48,11,23,320,39*6C
$GAGSV,2,2,08,12,71,278,45,19,65,006,44,28,65,285,48,33,42,163,47*6F
$GAGSV,2,1,08,04,42,261,45,06,19,250,34,10,50,310,48,11,23,320,38*6A
$GAGSV,2,2,08,12,71,278,45,19,65,006,44,28,65,285,48,33,42,163,47*6F
$GAGSV,2,1,08,04,42,261,45,06,19,250,34,10,50,310,48,11,23,320,38*6A
$GAGSV,2,2,08,12,71,278,45,19,65,006,44,28,65,285,48,33,42,163,47*6F
$GAGSV,2,1,08,04,42,261,45,06,19,250,34,10,50,310,48,11,23,320,38*6A
$GAGSV,2,2,08,12,71,278,45,19,65,006,44,28,65,285,48,33,42,163,47*6F
$GAGSV,2,1,08,04,42,261,45,06,19,250,34,10,50,310,48,11,23,320,38*6A
$GAGSV,2,2,08,12,71,278,45,19,65,006,44,28,65,285,48,33,42,163,47*6F
$GAGSV,2,1,08,04,42,261,45,06,19,250,34,10,50,310,48,11,23,320,38*6A
$GAGSV,2,2,08,12,71,278,45,19,65,006,44,28,65,285,48,33,42,163,47*6F
$GAGSV,2,1,08,04,42,261,45,06,19,250,34,10,50,310,48,11,23,320,39*6B
$GAGSV,2,2,08,12,71,278,45,19,65,006,44,28,65,285,48,33,42,163,47*6F
$GAGSV,2,1,08,04,42,261,45,06,19,250,34,10,50,310,48,11,23,320,39*6B
$GAGSV,2,2,08,12,71,278,45,19,65,006,44,28,65,285,48,33,42,163,47*6F
$GAGSV,2,1,08,04,42,261,45,06,19,250,34,10,50,310,49,11,23,320,39*6A
$GAGSV,2,2,08,12,71,278,45,19,65,006,44,28,65,285,48,33,42,163,47*6F
$GAGSV,2,1,08,04,42,261,45,06,19,250,33,10,50,310,49,11,23,320,39*6D
$GAGSV,2,2,08,12,71,278,45,19,65,006,44,28,65,285,48,33,42,163,47*6F
$GAGSV,2,1,08,04,42,261,45,06,19,250,33,10,50,310,49,11,23,320,39*6D
$GAGSV,2,2,08,12,71,278,45,19,65,006,44,28,65,285,48,33,42,163,47*6F
$GAGSV,2,1,08,04,42,261,45,06,19,250,33,10,50,310,49,11,23,320,39*6D
$GAGSV,2,2,08,12,71,278,45,19,65,006,44,28,65,285,48,33,42,163,47*6F
$GAGSV,2,1,08,04,42,261,45,06,19,250,33,10,50,310,49,11,23,320,39*6D
$GAGSV,2,2,08,12,71,278,45,19,65,006,44,28,65,285,48,33,42,163,47*6F
$GAGSV,2,1,08,04,42,261,45,06,19,250,33,10,50,310,49,11,23,320,39*6D
$GAGSV,2,2,08,12,71,278,45,19,65,006,44,28,65,285,48,33,42,163,47*6F
$GAGSV,2,1,08,04,42,261,45,06,19,250,33,10,50,310,49,11,23,320,39*6D
$GAGSV,2,2,08,12,71,278,45,19,65,006,44,28,65,285,48,33,42,163,47*6F
$GAGSV,2,1,08,04,42,261,45,06,19,250,33,10,50,310,49,11,23,320,39*6D
$GAGSV,2,2,08,12,71,278,45,19,65,006,44,28,65,285,48,33,42,163,47*6F
$GAGSV,2,1,08,04,42,261,45,06,19,250,33,10,50,310,49,11,23,320,39*6D
$GAGSV,2,2,08,12,71,278,45,19,65,006,44,28,65,285,48,33,42,163,47*6F
$GAGSV,2,1,08,04,42,261,45,06,19,250,32,10,50,310,49,11,23,320,39*6C
$GAGSV,2,2,08,12,71,278,45,19,65,006,44,28,65,285,48,33,42,163,47*6F
$GAGSV,2,1,08,04,42,261,45,06,19,250,32,10,50,310,49,11,23,320,39*6C
$GAGSV,2,2,08,12,71,278,45,19,65,006,44,28,65,285,48,33,42,163,47*6F
$GAGSV,2,1,08,04,42,261,45,06,19,250,33,10,50,310,49,11,23,320,39*6D
$GAGSV,2,2,08,12,71,278,45,19,65,006,44,28,65,285,48,33,42,163,47*6F
$GAGSV,2,1,08,04,42,261,45,06,19,250,33,10,50,310,49,11,23,320,39*6D
$GAGSV,2,2,08,12,71,278,45,19,65,006,44,28,65,286,48,33,42,163,47*6C
$GAGSV,2,1,08,04,42,261,45,06,19,250,33,10,50,310,49,11,23,320,39*6D
$GAGSV,2,2,08,12,71,278,45,19,65,006,44,28,65,286,48,33,42,163,47*6C
$GAGSV,2,1,08,04,42,261,45,06,19,250,33,10,50,310,49,11,23,320,39*6D
$GAGSV,2,2,08,12,71,278,45,19,65,006,44,28,65,286,48,33,42,163,47*6C
$GAGSV,2,1,08,04,42,261,45,06,19,250,33,10,50,310,49,11,23,320,39*6D
$GAGSV,2,2,08,12,71,278,45,19,65,006,44,28,65,286,48,33,42,163,47*6C
$GAGSV,2,1,08,04,42,261,46,06,19,250,33,10,50,310,49,11,23,320,39*6E
$GAGSV,2,2,08,12,71,278,45,19,65,006,44,28,65,286,48,33,42,163,47*6C
$GAGSV,2,1,08,04,42,261,46,06,19,250,32,10,50,310,49,11,23,320,39*6F
$GAGSV,2,2,08,12,71,278,45,19,65,006,44,28,65,286,48,33,42,163,47*6C
$GAGSV,2,1,08,04,42,261,46,06,19,250,32,10,50,310,49,11,23,320,39*6F
$GAGSV,2,2,08,12,71,278,45,19,65,006,44,28,65,286,48,33,42,163,47*6C
$GAGSV,2,1,08,04,42,261,46,06,19,250,32,10,50,310,49,11,23,320,39*6F
$GAGSV,2,2,08,12,71,278,45,19,65,006,44,28,65,286,48,33,42,163,47*6C
$GAGSV,2,1,08,04,42,261,46,06,19,250,32,10,50,310,49,11,23,320,39*6F
$GAGSV,2,2,08,12,71,278,45,19,65,006,44,28,65,286,48,33,42,163,47*6C
$GAGSV,2,1,08,04,42,261,46,06,19,250,32,10,50,310,49,11,23,320,39*6F
$GAGSV,2,2,08,12,71,278,45,19,65,006,44,28,65,286,48,33,42,163,47*6C
$GAGSV,2,1,08,04,42,261,46,06,19,250,32,10,50,310,49,11,23,320,39*6F
$GAGSV,2,2,08,12,71,278,45,19,65,006,44,28,65,286,48,33,42,163,47*6C
$GAGSV,2,1,08,04,42,261,46,06,19,250,33,10,50,310,49,11,23,320,39*6E
$GAGSV,2,2,08,12,71,278,45,19,65,006,44,28,65,286,48,33,42,163,47*6C
$GAGSV,2,1,08,04,42,261,46,06,19,250,33,10,50,310,49,11,23,320,39*6E
$GAGSV,2,2,08,12,71,278,45,19,65,006,44,28,65,286,48,33,42,163,47*6C
$GAGSV,2,1,08,04,42,261,46,06,19,250,33,10,50,310,49,11,23,320,38*6F
$GAGSV,2,2,08,12,71,278,45,19,65,006,44,28,65,286,48,33,42,163,47*6C
$GAGSV,2,1,08,04,42,261,46,06,19,250,33,10,50,310,49,11,23,320,38*6F
$GAGSV,2,2,08,12,71,278,45,19,65,006,44,28,65,286,48,33,42,163,47*6C
$GAGSV,2,1,08,04,42,261,46,06,19,250,33,10,50,310,49,11,23,320,38*6F
$GAGSV,2,2,08,12,71,278,45,19,65,006,44,28,65,286,48,33,42,163,47*6C
$GAGSV,2,1,08,04,42,261,46,06,19,250,33,10,50,310,49,11,23,320,38*6F
$GAGSV,2,2,08,12,71,278,45,19,65,006,44,28,65,286,48,33,42,163,47*6C
$GAGSV,2,1,08,04,42,261,46,06,19,250,33,10,50,310,49,11,23,320,37*60
$GAGSV,2,2,08,12,71,278,45,19,65,006,44,28,65,286,48,33,42,163,47*6C
$GAGSV,2,1,08,04,42,261,46,06,19,250,33,10,50,310,49,11,23,320,36*61
$GAGSV,2,2,08,12,71,278,45,19,65,006,44,28,65,286,48,33,42,163,47*6C
$GAGSV,2,1,08,04,42,261,46,06,19,250,33,10,50,310,49,11,23,320,37*60
$GAGSV,2,2,08,12,71,278,45,19,65,006,44,28,65,286,48,33,42,163,47*6C
$GAGSV,2,1,08,04,42,261,46,06,19,250,34,10,50,310,49,11,23,320,37*67
$GAGSV,2,2,08,12,71,278,45,19,65,006,44,28,65,286,48,33,42,163,47*6C
$GAGSV,2,1,08,04,42,261,46,06,19,250,34,10,50,310,49,11,23,320,37*67
$GAGSV,2,2,08,12,71,278,45,19,65,006,44,28,65,286,48,33,42,163,47*6C
$GAGSV,2,1,08,04,42,261,45,06,19,250,34,10,50,310,49,11,23,320,37*64
$GAGSV,2,2,08,12,71,278,45,19,65,006,44,28,65,286,48,33,42,163,47*6C
$GAGSV,2,1,08,04,42,261,45,06,19,250,34,10,50,310,49,11,23,320,37*64
$GAGSV,2,2,08,12,71,278,45,19,65,006,44,28,65,286,48,33,42,163,47*6C
$GAGSV,2,1,08,04,42,261,45,06,19,250,34,10,50,310,49,11,23,320,37*64
$GAGSV,2,2,08,12,71,278,45,19,65,006,44,28,65,286,48,33,42,163,47*6C
$GAGSV,2,1,08,04,42,261,45,06,19,250,34,10,50,310,49,11,23,320,37*64
$GAGSV,2,2,08,12,71,278,45,19,65,006,43,28,65,286,48,33,42,163,47*6B
$GAGSV,2,1,08,04,42,261,45,06,19,250,34,10,50,310,49,11,23,320,37*64
$GAGSV,2,2,08,12,71,278,45,19,65,006,43,28,65,286,48,33,42,163,47*6B
$GAGSV,2,1,08,04,42,261,45,06,19,250,33,10,50,310,49,11,23,320,37*63
$GAGSV,2,2,08,12,71,278,45,19,65,006,43,28,65,286,48,33,42,163,47*6B
$GAGSV,2,1,08,04,42,261,45,06,19,250,32,10,50,310,49,11,23,320,37*62
$GAGSV,2,2,08,12,71,278,45,19,65,006,43,28,65,286,48,33,42,163,47*6B
$GAGSV,2,1,08,04,42,261,45,06,19,250,32,10,50,310,49,11,23,320,37*62
$GAGSV,2,2,08,12,71,278,45,19,65,006,43,28,65,286,48,33,42,163,47*6B
$GAGSV,2,1,08,04,42,261,45,06,19,250,32,10,50,310,49,11,23,320,37*62
$GAGSV,2,2,08,12,71,278,45,19,65,006,43,28,65,286,48,33,42,163,47*6B
$GAGSV,2,1,08,04,42,261,45,06,19,250,31,10,50,310,49,11,23,320,37*61
$GAGSV,2,2,08,12,71,278,45,19,65,006,43,28,65,286,48,33,42,163,47*6B
$GAGSV,2,1,08,04,42,261,45,06,19,250,31,10,50,310,49,11,23,320,37*61
$GAGSV,2,2,08,12,71,278,45,19,65,006,44,28,65,286,48,33,42,163,47*6C
$GAGSV,2,1,08,04,42,261,45,06,19,250,31,10,50,310,49,11,23,320,37*61
$GAGSV,2,2,08,12,71,278,45,19,65,006,44,28,65,286,48,33,42,163,47*6C
$GAGSV,2,1,08,04,42,261,45,06,19,250,31,10,50,310,49,11,23,320,37*61
$GAGSV,2,2,08,12,71,278,45,19,65,006,44,28,65,286,48,33,42,163,47*6C
$GAGSV,2,1,08,04,42,261,45,06,19,250,32,10,50,310,49,11,23,320,37*62
$GAGSV,2,2,08,12,71,278,45,19,65,006,43,28,65,286,48,33,42,163,47*6B
$GAGSV,2,1,08,04,42,261,45,06,19,250,33,10,50,310,49,11,23,320,37*63
$GAGSV,2,2,08,12,71,278,45,19,65,006,44,28,65,286,48,33,42,163,47*6C
$GAGSV,2,1,08,04,42,261,45,06,19,250,32,10,50,310,49,11,23,320,37*62
$GAGSV,2,2,08,12,71,278,45,19,65,006,44,28,65,286,48,33,42,163,47*6C
$GAGSV,2,1,08,04,42,261,45,06,19,250,32,10,50,310,49,11,23,320,37*62
$GAGSV,2,2,08,12,71,278,45,19,65,006,44,28,65,286,48,33,42,163,47*6C
$GAGSV,2,1,08,04,42,261,45,06,19,250,33,10,50,310,49,11,23,320,37*63
$GAGSV,2,2,08,12,71,278,45,19,65,006,44,28,65,286,48,33,42,163,47*6C
$GAGSV,2,1,08,04,42,261,45,06,19,250,33,10,50,310,49,11,23,320,37*63
$GAGSV,2,2,08,12,71,277,45,19,65,006,44,28,65,286,48,33,42,163,47*63
$GAGSV,2,1,08,04,42,261,45,06,19,250,33,10,50,310,49,11,23,320,37*63
$GAGSV,2,2,08,12,71,277,45,19,65,006,44,28,65,286,48,33,42,163,48*6C
$GAGSV,2,1,08,04,42,261,45,06,19,250,33,10,50,310,49,11,23,320,37*63
$GAGSV,2,2,08,12,71,277,45,19,65,006,43,28,65,286,48,33,42,163,48*6B
$GAGSV,2,1,08,04,42,261,45,06,19,250,33,10,50,310,49,11,23,320,37*63
$GAGSV,2,2,08,12,71,277,45,19,65,006,44,28,65,286,48,33,42,163,48*6C
$GAGSV,2,1,08,04,42,261,45,06,19,250,33,10,50,310,49,11,23,320,37*63
$GAGSV,2,2,08,12,71,277,45,19,65,006,44,28,65,286,48,33,42,163,48*6C
$GAGSV,2,1,08,04,42,261,45,06,19,250,33,10,50,310,49,11,23,320,37*63
$GAGSV,2,2,08,12,71,277,45,19,65,006,44,28,65,286,48,33,42,163,48*6C
$GAGSV,2,1,08,04,42,261,45,06,19,250,33,10,50,310,49,11,23,320,37*63
$GAGSV,2,2,08,12,71,277,45,19,65,006,44,28,65,286,48,33,42,163,48*6C
$GAGSV,2,1,08,04,42,261,45,06,19,250,33,10,50,310,49,11,23,320,37*63
$GAGSV,2,2,08,12,71,277,45,19,65,006,44,28,65,286,48,33,42,163,48*6C
$GAGSV,2,1,08,04,42,261,45,06,19,250,33,10,50,310,49,11,23,320,37*63
$GAGSV,2,2,08,12,71,277,45,19,65,006,44,28,65,286,48,33,42,163,48*6C
$GAGSV,2,1,08,04,42,261,45,06,19,250,32,10,50,310,49,11,23,320,37*62
$GAGSV,2,2,08,12,71,277,45,19,65,006,44,28,65,286,48,33,42,163,48*6C
$GAGSV,2,1,08,04,42,261,45,06,19,250,33,10,50,310,49,11,23,320,37*63
$GAGSV,2,2,08,12,71,277,45,19,65,006,44,28,65,286,48,33,42,163,48*6C
$GAGSV,2,1,08,04,42,261,45,06,19,250,33,10,50,310,49,11,23,320,37*63
$GAGSV,2,2,08,12,71,277,45,19,65,006,44,28,65,286,48,33,42,163,48*6C
$GAGSV,2,1,08,04,42,261,45,06,19,250,32,10,50,310,49,11,23,320,37*62
$GAGSV,2,2,08,12,71,277,45,19,65,006,44,28,65,286,48,33,42,163,48*6C
$GAGSV,2,1,08,04,42,261,45,06,19,250,32,10,50,310,49,11,23,320,37*62
$GAGSV,2,2,08,12,71,277,45,19,65,006,44,28,65,286,48,33,42,163,48*6C
$GAGSV,2,1,08,04,42,261,45,06,19,250,32,10,50,310,49,11,23,320,37*62
$GAGSV,2,2,08,12,71,277,45,19,65,006,44,28,65,286,48,33,42,163,48*6C
$GAGSV,2,1,08,04,42,261,45,06,19,250,32,10,50,310,49,11,23,320,37*62
$GAGSV,2,2,08,12,71,277,45,19,65,006,44,28,65,286,48,33,42,163,48*6C
$GAGSV,2,1,08,04,42,261,45,06,19,250,32,10,50,310,49,11,23,320,37*62
$GAGSV,2,2,08,12,71,277,45,19,65,006,44,28,65,286,48,33,42,163,48*6C
$GAGSV,2,1,08,04,42,261,45,06,19,250,32,10,50,310,49,11,23,320,37*62
$GAGSV,2,2,08,12,71,277,44,19,65,006,44,28,65,286,48,33,42,163,48*6D
$GAGSV,2,1,08,04,42,261,45,06,19,250,33,10,50,310,49,11,23,320,37*63
$GAGSV,2,2,08,12,71,277,44,19,65,006,44,28,65,286,48,33,42,163,48*6D
$GAGSV,2,1,08,04,42,261,45,06,19,250,33,10,50,310,49,11,23,320,37*63
$GAGSV,2,2,08,12,71,277,44,19,65,006,44,28,65,286,48,33,42,163,48*6D
$GAGSV,2,1,08,04,42,261,45,06,19,250,32,10,50,310,49,11,23,320,37*62
$GAGSV,2,2,08,12,71,277,44,19,65,006,44,28,65,286,48,33,42,163,48*6D
$GAGSV,2,1,08,04,42,261,45,06,19,250,32,10,50,310,49,11,23,320,37*62
$GAGSV,2,2,08,12,71,277,44,19,65,006,44,28,65,286,48,33,42,163,47*62
$GAGSV,2,1,08,04,42,261,45,06,19,250,32,10,50,310,49,11,23,320,37*62
$GAGSV,2,2,08,12,71,277,44,19,65,006,44,28,65,286,49,33,42,163,47*63
$GAGSV,2,1,08,04,42,261,45,06,19,250,33,10,50,310,49,11,23,320,37*63
$GAGSV,2,2,08,12,71,277,44,19,65,006,44,28,65,286,49,33,42,163,47*63
$GAGSV,2,1,08,04,42,261,45,06,19,250,32,10,50,310,49,11,23,320,37*62
$GAGSV,2,2,08,12,71,277,44,19,65,006,44,28,65,286,49,33,42,163,47*63
$GAGSV,2,1,08,04,42,261,45,06,19,250,31,10,50,310,49,11,23,320,37*61
$GAGSV,2,2,08,12,71,277,44,19,65,006,44,28,65,286,49,33,42,163,47*63
$GAGSV,2,1,08,04,42,261,45,06,19,250,31,10,50,310,49,11,23,320,37*61
$GAGSV,2,2,08,12,71,277,45,19,65,006,44,28,65,286,49,33,42,163,47*62
$GAGSV,2,1,08,04,42,261,45,06,19,250,31,10,50,310,49,11,23,320,38*6E
$GAGSV,2,2,08,12,71,277,45,19,65,006,44,28,65,286,49,33,42,163,47*62
$GAGSV,2,1,08,04,42,261,45,06,19,250,31,10,50,310,49,11,23,320,38*6E
$GAGSV,2,2,08,12,71,277,45,19,65,006,44,28,65,286,49,33,42,163,47*62
$GAGSV,2,1,08,04,42,261,45,06,19,250,32,10,50,310,49,11,23,320,37*62
$GAGSV,2,2,08,12,71,277,45,19,65,006,44,28,65,286,49,33,42,163,47*62
$GAGSV,2,1,08,04,42,261,45,06,19,250,32,10,50,310,49,11,23,320,37*62
$GAGSV,2,2,08,12,71,277,44,19,65,006,44,28,65,286,49,33,42,163,47*63
$GAGSV,2,1,08,04,42,261,45,06,19,250,32,10,50,310,49,11,23,320,37*62
$GAGSV,2,2,08,12,71,277,45,19,65,006,44,28,65,286,49,33,42,163,47*62
$GAGSV,2,1,08,04,42,261,45,06,19,250,32,10,50,310,49,11,23,320,37*62
$GAGSV,2,2,08,12,71,277,44,19,65,006,44,28,65,286,49,33,42,163,47*63
$GAGSV,2,1,08,04,42,261,45,06,19,250,32,10,50,310,49,11,23,320,37*62
$GAGSV,2,2,08,12,71,277,45,19,65,006,44,28,65,286,49,33,42,163,47*62
$GAGSV,2,1,08,04,42,261,45,06,19,250,32,10,50,310,49,11,23,320,37*62
$GAGSV,2,2,08,12,71,277,45,19,65,006,44,28,65,286,49,33,42,163,47*62
$GAGSV,2,1,08,04,42,261,45,06,19,250,32,10,50,310,49,11,23,320,37*62
$GAGSV,2,2,08,12,71,277,45,19,65,006,44,28,65,286,49,33,42,163,47*62
$GAGSV,2,1,08,04,42,261,45,06,19,250,32,10,50,310,49,11,23,320,37*62
$GAGSV,2,2,08,12,71,277,45,19,65,006,44,28,65,286,48,33,42,163,47*63
$GAGSV,2,1,08,04,42,261,45,06,19,250,31,10,50,310,49,11,23,320,37*61
$GAGSV,2,2,08,12,71,277,45,19,65,006,44,28,65,286,48,33,42,163,47*63
$GAGSV,2,1,08,04,42,261,45,06,19,250,31,10,50,310,49,11,23,320,37*61
$GAGSV,2,2,08,12,71,277,45,19,65,006,44,28,65,286,48,33,42,163,47*63
$GAGSV,2,1,08,04,42,261,45,06,19,250,31,10,50,310,49,11,23,320,37*61
$GAGSV,2,2,08,12,71,277,45,19,65,006,44,28,65,286,48,33,42,163,47*63
$GAGSV,2,1,08,04,42,261,45,06,19,250,31,10,50,310,49,11,23,320,37*61
$GAGSV,2,2,08,12,71,277,45,19,65,006,44,28,65,286,48,33,42,163,47*63
$GAGSV,2,1,08,04,42,261,45,06,19,250,31,10,50,310,49,11,23,320,38*6E
$GAGSV,2,2,08,12,71,277,45,19,65,006,44,28,65,286,48,33,42,163,47*63
$GAGSV,2,1,08,04,42,261,45,06,19,250,31,10,50,310,49,11,23,320,37*61
$GAGSV,2,2,08,12,71,277,45,19,65,006,44,28,65,286,48,33,42,163,47*63
$GAGSV,2,1,08,04,42,261,45,06,19,250,30,10,50,310,49,11,23,320,37*60
$GAGSV,2,2,08,12,71,277,44,19,65,006,44,28,65,286,48,33,42,163,47*62
$GAGSV,2,1,08,04,42,261,45,06,19,250,30,10,50,310,49,11,23,320,37*60
$GAGSV,2,2,08,12,71,277,44,19,65,006,44,28,65,286,48,33,42,163,47*62
$GAGSV,2,1,08,04,42,261,45,06,19,250,30,10,50,310,49,11,23,320,38*6F
$GAGSV,2,2,08,12,71,277,44,19,65,007,44,28,65,286,48,33,42,163,47*63
$GAGSV,2,1,08,04,42,261,45,06,19,250,31,10,50,310,49,11,23,320,37*61
$GAGSV,2,2,08,12,71,277,44,19,65,007,44,28,65,286,48,33,42,163,47*63
$GAGSV,2,1,08,04,42,261,45,06,19,250,31,10,50,310,49,11,23,320,37*61
$GAGSV,2,2,08,12,71,277,44,19,65,007,44,28,65,286,48,33,42,163,47*63
$GAGSV,2,1,08,04,42,261,45,06,19,250,31,10,50,310,49,11,23,320,37*61
$GAGSV,2,2,08,12,71,277,44,19,65,007,44,28,65,286,48,33,42,163,47*63
$GAGSV,2,1,08,04,42,261,45,06,19,250,31,10,50,310,49,11,23,320,37*61
$GAGSV,2,2,08,12,71,277,44,19,65,007,44,28,65,286,48,33,42,163,47*63
$GAGSV,2,1,08,04,42,261,45,06,19,250,32,10,50,310,49,11,23,320,37*62
$GAGSV,2,2,08,12,71,277,45,19,65,007,44,28,65,286,48,33,42,163,47*62
$GAGSV,2,1,08,04,42,261,45,06,19,250,31,10,50,310,49,11,23,320,37*61
$GAGSV,2,2,08,12,71,277,45,19,65,007,44,28,65,286,48,33,42,163,47*62
$GAGSV,2,1,08,04,42,261,45,06,19,250,31,10,50,310,49,11,23,320,37*61
$GAGSV,2,2,08,12,71,277,45,19,65,007,44,28,65,286,48,33,42,163,47*62
$GAGSV,2,1,08,04,42,261,45,06,19,250,31,10,50,310,49,11,23,320,38*6E
$GAGSV,2,2,08,12,71,277,45,19,65,007,43,28,65,286,48,33,42,163,47*65
$GAGSV,2,1,08,04,42,261,45,06,19,250,32,10,50,310,49,11,23,320,38*6D
$GAGSV,2,2,08,12,71,277,45,19,65,007,43,28,65,286,48,33,42,163,47*65
$GAGSV,2,1,08,04,42,261,45,06,19,250,33,10,50,310,49,11,23,320,38*6C
$GAGSV,2,2,08,12,71,277,45,19,65,007,43,28,65,286,48,33,42,163,47*65
$GAGSV,2,1,08,04,42,261,45,06,19,250,34,10,50,310,49,11,23,320,38*6B
$GAGSV,2,2,08,12,71,277,45,19,65,007,43,28,65,286,48,33,42,163,47*65
$GAGSV,2,1,08,04,42,261,45,06,19,250,33,10,50,310,49,11,23,320,38*6C
$GAGSV,2,2,08,12,71,277,45,19,65,007,43,28,65,286,48,33,42,163,47*65
$GAGSV,2,1,08,04,42,261,45,06,19,250,32,10,50,310,49,11,23,320,38*6D
$GAGSV,2,2,08,12,71,277,45,19,65,007,43,28,65,286,48,33,42,163,47*65
$GAGSV,2,1,08,04,42,261,45,06,19,250,33,10,50,310,49,11,23,320,38*6C
$GAGSV,2,2,08,12,71,277,45,19,65,007,43,28,65,286,48,33,42,163,47*65
$GAGSV,2,1,08,04,42,261,45,06,19,250,34,10,50,310,49,11,23,320,38*6B
$GAGSV,2,2,08,12,71,277,45,19,65,007,43,28,65,286,48,33,42,163,47*65
$GAGSV,2,1,08,04,42,261,45,06,19,250,34,10,50,310,49,11,23,320,38*6B
$GAGSV,2,2,08,12,71,277,45,19,65,007,43,28,65,286,48,33,42,163,47*65
$GAGSV,2,1,08,04,42,261,45,06,19,250,34,10,50,310,49,11,23,320,38*6B
$GAGSV,2,2,08,12,71,277,45,19,65,007,43,28,65,286,48,33,42,163,47*65
$GAGSV,2,1,08,04,42,261,45,06,19,250,34,10,50,310,49,11,23,320,38*6B
$GAGSV,2,2,08,12,71,277,45,19,65,007,43,28,65,286,48,33,42,163,47*65
$GAGSV,2,1,08,04,42,261,45,06,19,250,34,10,50,310,49,11,23,320,38*6B
$GAGSV,2,2,08,12,71,277,45,19,65,007,43,28,65,286,48,33,42,163,47*65
$GAGSV,2,1,08,04,42,261,45,06,19,250,33,10,50,310,49,11,23,320,38*6C
$GAGSV,2,2,08,12,71,277,45,19,65,007,43,28,65,286,48,33,42,163,47*65
$GAGSV,2,1,08,04,42,261,45,06,19,250,33,10,50,310,49,11,23,320,38*6C
$GAGSV,2,2,08,12,71,277,45,19,65,007,43,28,65,286,48,33,42,163,47*65
$GAGSV,2,1,08,04,42,261,45,06,19,250,33,10,50,310,48,11,23,320,38*6D
$GAGSV,2,2,08,12,71,277,45,19,65,007,43,28,65,286,48,33,42,163,47*65
$GAGSV,2,1,08,04,42,261,45,06,19,250,33,10,50,310,48,11,23,320,38*6D
$GAGSV,2,2,08,12,71,277,45,19,65,007,43,28,65,286,48,33,42,163,47*65
$GAGSV,2,1,08,04,42,261,45,06,19,250,33,10,50,310,48,11,23,320,38*6D
$GAGSV,2,2,08,12,71,277,45,19,65,007,44,28,65,286,48,33,42,163,47*62
$GAGSV,2,1,08,04,42,261,45,06,19,250,34,10,50,310,48,11,23,320,38*6A
$GAGSV,2,2,08,12,71,277,45,19,65,007,44,28,65,286,48,33,42,163,47*62
$GAGSV,2,1,08,04,42,261,45,06,19,250,34,10,50,310,48,11,23,320,38*6A
$GAGSV,2,2,08,12,71,277,45,19,65,007,43,28,65,286,48,33,42,163,47*65
$GAGSV,2,1,08,04,42,261,45,06,19,250,34,10,50,310,48,11,23,320,38*6A
$GAGSV,2,2,08,12,71,277,45,19,65,007,43,28,65,286,48,33,42,163,47*65
$GAGSV,2,1,08,04,42,261,45,06,19,250,34,10,50,310,48,11,23,320,38*6A
$GAGSV,2,2,08,12,71,277,45,19,65,007,44,28,65,286,49,33,42,163,47*63
$GAGSV,2,1,08,04,42,261,45,06,19,250,34,10,50,310,48,11,23,320,38*6A
$GAGSV,2,2,08,12,71,277,45,19,65,007,44,28,65,286,49,33,42,163,47*63
$GAGSV,2,1,08,04,42,261,45,06,19,250,34,10,50,310,48,11,23,320,38*6A
$GAGSV,2,2,08,12,71,277,45,19,65,007,44,28,65,286,49,33,42,163,47*63
$GAGSV,2,1,08,04,42,261,45,06,19,250,35,10,50,310,48,11,23,320,38*6B
$GAGSV,2,2,08,12,71,277,45,19,65,007,44,28,65,286,49,33,42,163,47*63
$GAGSV,2,1,08,04,42,261,45,06,19,250,35,10,50,310,48,11,23,320,38*6B
$GAGSV,2,2,08,12,71,277,45,19,65,007,44,28,65,286,49,33,42,163,47*63
$GAGSV,2,1,08,04,42,261,45,06,19,250,35,10,50,310,48,11,23,320,38*6B
$GAGSV,2,2,08,12,71,277,45,19,65,007,43,28,65,286,49,33,42,163,47*64
$GAGSV,2,1,08,04,42,261,45,06,19,250,35,10,50,310,48,11,23,320,38*6B
$GAGSV,2,2,08,12,71,277,45,19,65,007,43,28,65,286,49,33,42,163,47*64
$GAGSV,2,1,08,04,42,261,45,06,19,250,35,10,50,310,48,11,23,320,38*6B
$GAGSV,2,2,08,12,71,277,45,19,65,007,43,28,65,286,49,33,42,163,47*64
$GAGSV,2,1,08,04,42,261,45,06,19,250,35,10,50,310,48,11,23,320,38*6B
$GAGSV,2,2,08,12,71,277,45,19,65,007,43,28,65,286,49,33,42,163,47*64
$GAGSV,2,1,08,04,42,261,45,06,19,250,35,10,50,310,48,11,23,320,38*6B
$GAGSV,2,2,08,12,71,277,45,19,65,007,43,28,65,286,49,33,42,163,47*64
$GAGSV,2,1,08,04,42,261,45,06,19,250,34,10,50,310,48,11,23,320,38*6A
$GAGSV,2,2,08,12,71,277,45,19,65,007,43,28,65,286,49,33,42,163,47*64
$GAGSV,2,1,08,04,42,261,45,06,19,250,33,10,50,310,49,11,23,320,38*6C
$GAGSV,2,2,08,12,71,277,45,19,65,007,43,28,65,286,49,33,42,163,47*64
$GAGSV,2,1,08,04,42,261,45,06,19,250,32,10,50,310,49,11,23,320,38*6D
$GAGSV,2,2,08,12,71,277,45,19,65,007,43,28,65,286,49,33,42,163,47*64
$GAGSV,2,1,08,04,42,261,45,06,19,250,32,10,50,310,49,11,23,320,38*6D
$GAGSV,2,2,08,12,71,277,45,19,65,007,43,28,65,286,49,33,42,163,47*64
$GAGSV,2,1,08,04,42,261,45,06,19,250,32,10,50,310,49,11,23,320,38*6D
$GAGSV,2,2,08,12,71,277,45,19,65,007,43,28,65,286,49,33,42,163,47*64
$GAGSV,2,1,08,04,42,261,45,06,19,250,32,10,50,310,49,11,23,320,38*6D
$GAGSV,2,2,08,12,71,277,45,19,65,007,43,28,65,286,49,33,42,163,47*64
$GAGSV,2,1,08,04,42,261,45,06,19,250,32,10,50,310,49,11,23,320,38*6D
$GAGSV,2,2,08,12,71,277,45,19,65,007,43,28,65,286,49,33,42,163,47*64
$GAGSV,2,1,08,04,42,261,45,06,19,250,33,10,50,310,49,11,23,320,38*6C
$GAGSV,2,2,08,12,71,277,45,19,65,007,43,28,65,286,49,33,42,163,47*64
$GAGSV,2,1,08,04,42,261,45,06,19,250,33,10,50,310,49,11,23,320,38*6C
$GAGSV,2,2,08,12,71,277,45,19,65,007,43,28,65,286,49,33,42,163,47*64
$GAGSV,2,1,08,04,42,261,45,06,19,250,33,10,50,310,49,11,23,320,38*6C
$GAGSV,2,2,08,12,71,277,45,19,65,007,43,28,65,286,49,33,42,163,47*64
$GAGSV,2,1,08,04,42,261,45,06,19,250,33,10,50,310,49,11,23,320,38*6C
$GAGSV,2,2,08,12,71,277,45,19,65,007,43,28,65,286,49,33,42,163,47*64
$GAGSV,2,1,08,04,42,261,45,06,19,250,33,10,50,310,49,11,23,320,38*6C
$GAGSV,2,2,08,12,71,277,45,19,65,007,43,28,65,286,49,33,42,163,47*64
$GAGSV,2,1,08,04,42,261,45,06,19,250,34,10,50,310,49,11,23,320,38*6B
$GAGSV,2,2,08,12,71,277,45,19,65,007,43,28,65,286,49,33,42,163,47*64
$GAGSV,2,1,08,04,42,261,45,06,19,250,34,10,50,310,49,11,23,320,38*6B
$GAGSV,2,2,08,12,71,277,45,19,65,007,43,28,65,286,49,33,42,163,47*64
$GAGSV,2,1,08,04,42,261,45,06,19,250,34,10,50,310,49,11,23,320,38*6B
$GAGSV,2,2,08,12,71,277,45,19,65,007,43,28,65,286,49,33,42,163,47*64
$GAGSV,2,1,08,04,42,261,45,06,19,250,34,10,50,310,49,11,23,320,38*6B
$GAGSV,2,2,08,12,71,277,45,19,65,007,43,28,65,286,49,33,42,163,47*64
$GAGSV,2,1,08,04,42,261,45,06,19,250,34,10,50,310,49,11,23,320,38*6B
$GAGSV,2,2,08,12,71,277,45,19,65,007,43,28,65,286,49,33,42,163,47*64
$GAGSV,2,1,08,04,42,261,45,06,19,250,34,10,50,310,48,11,23,320,38*6A
$GAGSV,2,2,08,12,71,277,45,19,65,007,43,28,65,286,49,33,42,163,47*64
$GAGSV,2,1,08,04,42,261,45,06,19,250,35,10,50,310,48,11,23,320,38*6B
$GAGSV,2,2,08,12,71,277,45,19,65,007,43,28,65,286,49,33,42,163,47*64
$GAGSV,2,1,08,04,42,261,45,06,19,250,35,10,50,310,48,11,23,320,38*6B
$GAGSV,2,2,08,12,71,277,45,19,65,007,43,28,65,286,49,33,42,163,47*64
$GAGSV,2,1,08,04,42,261,45,06,19,250,35,10,50,310,48,11,23,320,38*6B
$GAGSV,2,2,08,12,71,277,45,19,65,007,43,28,65,286,49,33,42,163,47*64
$GAGSV,2,1,08,04,42,261,45,06,19,250,35,10,50,310,48,11,23,320,38*6B
$GAGSV,2,2,08,12,71,277,45,19,65,007,43,28,65,286,49,33,42,163,47*64
$GAGSV,2,1,08,04,42,261,45,06,19,250,35,10,50,310,48,11,23,320,38*6B
$GAGSV,2,2,08,12,71,277,45,19,65,007,43,28,65,286,49,33,42,163,47*64
$GAGSV,2,1,08,04,42,261,45,06,19,250,35,10,50,310,48,11,23,320,38*6B
$GAGSV,2,2,08,12,71,277,45,19,65,007,43,28,65,286,49,33,42,163,47*64
$GAGSV,2,1,08,04,42,261,45,06,19,250,35,10,50,310,48,11,23,320,38*6B
$GAGSV,2,2,08,12,71,277,45,19,65,007,43,28,65,286,49,33,42,163,47*64
$GAGSV,2,1,08,04,42,261,45,06,19,250,35,10,50,310,48,11,23,320,38*6B
$GAGSV,2,2,08,12,71,277,45,19,65,007,43,28,65,286,49,33,42,163,47*64
$GAGSV,2,1,08,04,42,261,45,06,19,250,35,10,50,310,48,11,23,320,38*6B
$GAGSV,2,2,08,12,71,277,45,19,65,007,43,28,65,286,49,33,42,163,47*64
$GAGSV,2,1,08,04,42,261,45,06,19,250,35,10,50,310,48,11,23,320,38*6B
$GAGSV,2,2,08,12,71,277,45,19,65,007,43,28,65,286,49,33,42,163,47*64
$GAGSV,2,1,08,04,42,261,45,06,19,250,35,10,50,310,48,11,23,320,38*6B
$GAGSV,2,2,08,12,71,277,45,19,65,007,43,28,65,286,49,33,42,163,47*64
$GAGSV,2,1,08,04,42,261,45,06,19,250,33,10,50,310,48,11,23,320,38*6D
$GAGSV,2,2,08,12,71,277,45,19,65,007,43,28,65,286,49,33,42,163,47*64
$GAGSV,2,1,08,04,42,261,45,06,19,250,32,10,50,310,48,11,23,320,38*6C
$GAGSV,2,2,08,12,71,277,45,19,65,007,43,28,65,286,49,33,42,163,47*64
$GAGSV,2,1,08,04,42,261,45,06,19,250,32,10,50,310,48,11,23,320,38*6C
$GAGSV,2,2,08,12,71,277,45,19,65,007,43,28,65,286,49,33,42,163,47*64
$GAGSV,2,1,08,04,42,261,45,06,19,250,31,10,50,310,48,11,23,320,38*6F
$GAGSV,2,2,08,12,71,277,45,19,65,007,43,28,65,286,49,33,42,163,47*64
$GAGSV,2,1,08,04,42,261,45,06,19,250,32,10,50,310,48,11,23,320,38*6C
$GAGSV,2,2,08,12,71,277,45,19,65,007,43,28,65,286,49,33,42,163,47*64
$GAGSV,2,1,08,04,42,261,45,06,19,250,32,10,50,310,48,11,23,320,38*6C
$GAGSV,2,2,08,12,71,277,45,19,65,007,43,28,65,286,48,33,42,163,47*65
$GAGSV,2,1,08,04,42,261,45,06,19,250,32,10,50,310,48,11,23,320,38*6C
$GAGSV,2,2,08,12,71,277,45,19,65,007,43,28,65,286,48,33,42,163,47*65
$GAGSV,2,1,08,04,42,261,45,06,19,250,32,10,50,310,48,11,23,320,38*6C
$GAGSV,2,2,08,12,71,277,45,19,65,007,43,28,65,286,48,33,42,163,47*65
$GAGSV,2,1,08,04,42,261,45,06,19,250,32,10,50,309,48,11,23,320,38*64
$GAGSV,2,2,08,12,71,277,45,19,65,007,43,28,65,286,48,33,42,163,47*65
$GAGSV,2,1,08,04,42,261,45,06,19,250,32,10,50,309,48,11,23,320,38*64
$GAGSV,2,2,08,12,71,277,45,19,65,007,43,28,65,286,48,33,42,163,47*65
$GAGSV,2,1,08,04,42,261,46,06,19,250,33,10,50,309,48,11,23,320,38*66
$GAGSV,2,2,08,12,71,277,45,19,65,007,43,28,65,286,48,33,42,163,47*65
$GAGSV,2,1,08,04,42,261,46,06,19,250,33,10,50,309,48,11,23,320,39*67
$GAGSV,2,2,08,12,71,277,45,19,65,007,43,28,65,286,48,33,42,163,47*65
$GAGSV,2,1,08,04,42,261,46,06,19,250,33,10,50,309,48,11,23,320,39*67
$GAGSV,2,2,08,12,71,277,45,19,65,007,43,28,65,286,48,33,42,163,47*65
$GAGSV,2,1,08,04,42,261,46,06,19,250,32,10,50,309,48,11,23,320,39*66
$GAGSV,2,2,08,12,71,277,45,19,65,007,43,28,65,286,48,33,42,163,47*65
$GAGSV,2,1,08,04,42,261,46,06,19,250,32,10,50,309,48,11,23,320,38*67
$GAGSV,2,2,08,12,71,277,45,19,65,007,43,28,65,286,48,33,42,163,47*65
$GAGSV,2,1,08,04,42,261,46,06,19,250,32,10,50,309,48,11,23,320,38*67
$GAGSV,2,2,08,12,71,277,45,19,65,007,43,28,65,286,48,33,42,163,47*65
$GAGSV,2,1,08,04,42,261,46,06,19,250,32,10,50,309,48,11,23,320,38*67
$GAGSV,2,2,08,12,71,277,45,19,65,007,43,28,65,286,48,33,42,163,47*65
$GAGSV,2,1,08,04,42,261,46,06,19,250,32,10,50,309,48,11,23,320,38*67
$GAGSV,2,2,08,12,71,277,45,19,65,007,43,28,65,286,48,33,42,163,47*65
$GAGSV,2,1,08,04,42,261,45,06,19,250,33,10,50,309,48,11,23,320,38*65
$GAGSV,2,2,08,12,71,277,45,19,65,007,43,28,65,286,48,33,42,163,47*65
$GAGSV,2,1,08,04,42,261,45,06,19,250,33,10,50,309,48,11,23,320,38*65
$GAGSV,2,2,08,12,71,277,45,19,65,007,43,28,65,286,48,33,42,163,47*65
$GAGSV,2,1,08,04,42,261,45,06,19,250,33,10,50,309,48,11,23,320,38*65
$GAGSV,2,2,08,12,71,277,45,19,65,007,43,28,65,286,49,33,42,163,47*64
$GAGSV,2,1,08,04,42,261,45,06,19,250,33,10,50,309,48,11,23,320,38*65
$GAGSV,2,2,08,12,71,277,45,19,65,007,43,28,65,286,49,33,42,163,47*64
$GAGSV,2,1,08,04,42,261,45,06,19,250,33,10,50,309,48,11,23,320,38*65
$GAGSV,2,2,08,12,71,277,45,19,65,007,43,28,65,286,49,33,42,163,47*64
$GAGSV,2,1,08,04,42,261,45,06,19,250,32,10,50,309,48,11,23,320,38*64
$GAGSV,2,2,08,12,71,277,45,19,65,007,43,28,65,286,49,33,42,163,46*65
$GAGSV,2,1,08,04,42,261,45,06,19,250,32,10,50,309,48,11,23,320,38*64
$GAGSV,2,2,08,12,71,277,45,19,65,007,43,28,65,286,49,33,42,163,46*65
$GAGSV,2,1,08,04,42,261,45,06,19,250,32,10,50,309,48,11,23,320,38*64
$GAGSV,2,2,08,12,71,277,45,19,65,007,43,28,65,286,49,33,42,163,46*65
$GAGSV,2,1,08,04,42,261,45,06,19,250,31,10,50,309,48,11,23,320,39*66
$GAGSV,2,2,08,12,71,277,45,19,65,007,43,28,65,286,49,33,42,163,46*65
$GAGSV,2,1,08,04,42,261,45,06,19,250,30,10,50,309,48,11,23,320,39*67
$GAGSV,2,2,08,12,71,277,45,19,65,007,43,28,65,286,49,33,42,163,46*65
$GAGSV,2,1,08,04,42,261,45,06,19,250,30,10,50,309,48,11,23,320,39*67
$GAGSV,2,2,08,12,71,277,45,19,65,007,43,28,65,286,49,33,42,163,46*65
$GAGSV,2,1,08,04,42,261,45,06,19,250,31,10,50,309,48,11,23,320,39*66
$GAGSV,2,2,08,12,71,277,45,19,65,007,43,28,65,286,49,33,42,163,46*65
$GAGSV,2,1,08,04,42,261,45,06,19,250,32,10,50,309,48,11,23,320,39*65
$GAGSV,2,2,08,12,71,277,45,19,65,007,43,28,65,286,49,33,42,163,46*65
$GAGSV,2,1,08,04,42,261,45,06,19,250,33,10,50,309,48,11,23,320,39*64
$GAGSV,2,2,08,12,71,277,45,19,65,007,43,28,65,286,49,33,42,163,46*65
$GAGSV,2,1,08,04,42,261,45,06,19,250,34,10,50,309,48,11,23,320,39*63
$GAGSV,2,2,08,12,71,277,46,19,65,007,43,28,65,286,49,33,42,163,46*66
$GAGSV,2,1,08,04,42,261,45,06,19,250,35,10,50,309,48,11,23,320,39*62
$GAGSV,2,2,08,12,71,277,46,19,64,007,43,28,65,286,49,33,42,163,46*67
$GAGSV,2,1,08,04,42,261,45,06,19,250,35,10,50,309,48,11,23,320,39*62
$GAGSV,2,2,08,12,71,277,46,19,64,007,43,28,65,286,49,33,42,163,46*67
$GAGSV,2,1,08,04,42,261,45,06,19,250,35,10,50,309,48,11,23,320,39*62
$GAGSV,2,2,08,12,71,277,46,19,64,007,43,28,65,286,49,33,42,163,46*67
$GAGSV,2,1,08,04,42,261,45,06,19,250,35,10,50,309,48,11,23,320,39*62
$GAGSV,2,2,08,12,71,277,46,19,64,007,43,28,65,286,49,33,42,163,46*67
$GAGSV,2,1,08,04,42,261,45,06,19,250,35,10,50,309,48,11,23,320,39*62
$GAGSV,2,2,08,12,71,277,46,19,64,007,43,28,65,286,49,33,42,163,46*67
$GAGSV,2,1,08,04,42,261,45,06,19,250,34,10,50,309,48,11,23,320,38*62
$GAGSV,2,2,08,12,71,277,46,19,64,007,43,28,65,286,49,33,42,163,46*67
$GAGSV,2,1,08,04,42,261,45,06,19,250,34,10,50,309,48,11,23,320,38*62
$GAGSV,2,2,08,12,71,277,46,19,64,007,43,28,65,286,49,33,42,163,46*67
$GAGSV,2,1,08,04,42,261,45,06,19,250,33,10,50,309,48,11,23,320,38*65
$GAGSV,2,2,08,12,71,277,46,19,64,007,43,28,65,286,49,33,42,163,46*67
$GAGSV,2,1,08,04,42,261,45,06,19,250,33,10,50,309,48,11,23,320,38*65
$GAGSV,2,2,08,12,71,277,46,19,64,007,43,28,65,286,49,33,42,163,46*67
$GAGSV,2,1,08,04,42,261,45,06,19,250,33,10,50,309,48,11,23,320,39*64
$GAGSV,2,2,08,12,71,277,46,19,64,007,43,28,65,286,49,33,42,163,46*67
$GAGSV,2,1,08,04,42,261,45,06,19,250,33,10,50,309,48,11,23,320,39*64
$GAGSV,2,2,08,12,71,277,46,19,64,007,43,28,65,286,49,33,42,163,46*67
$GAGSV,2,1,08,04,42,261,46,06,19,250,33,10,50,309,48,11,23,320,39*67
$GAGSV,2,2,08,12,71,277,46,19,64,007,43,28,65,286,49,33,42,163,46*67
$GAGSV,2,1,08,04,42,261,45,06,19,250,32,10,50,309,48,11,23,320,38*64
$GAGSV,2,2,08,12,71,277,46,19,64,007,43,28,65,286,49,33,42,163,46*67
$GAGSV,2,1,08,04,42,261,45,06,19,250,31,10,50,309,48,11,23,320,38*67
$GAGSV,2,2,08,12,71,277,46,19,64,007,43,28,65,286,49,33,42,163,46*67
$GAGSV,2,1,08,04,42,261,45,06,19,250,32,10,50,309,47,11,23,320,38*6B
$GAGSV,2,2,08,12,71,277,46,19,64,007,43,28,65,286,49,33,42,163,46*67
$GAGSV,2,1,08,04,42,261,45,06,19,250,31,10,50,309,47,11,23,320,38*68
$GAGSV,2,2,08,12,71,277,46,19,64,007,43,28,65,286,49,33,42,163,46*67
$GAGSV,2,1,08,04,42,261,45,06,19,250,31,10,50,309,47,11,23,320,38*68
$GAGSV,2,2,08,12,71,277,46,19,64,007,43,28,65,286,49,33,42,163,46*67
$GAGSV,2,1,08,04,42,261,45,06,19,250,31,10,50,309,47,11,23,320,39*69
$GAGSV,2,2,08,12,71,277,46,19,64,007,43,28,65,286,49,33,42,163,47*66
$GAGSV,2,1,08,04,42,261,45,06,19,250,30,10,50,309,47,11,23,320,39*68
$GAGSV,2,2,08,12,71,277,45,19,64,007,43,28,65,286,49,33,42,163,47*65
$GAGSV,2,1,08,04,42,261,45,06,19,250,30,10,50,309,47,11,23,320,39*68
$GAGSV,2,2,08,12,71,277,45,19,64,007,43,28,65,286,49,33,42,163,47*65
$GAGSV,2,1,08,04,42,261,45,06,19,250,29,10,50,309,47,11,23,320,39*60
$GAGSV,2,2,08,12,71,277,45,19,64,007,43,28,65,286,49,33,42,163,47*65
$GAGSV,2,1,08,04,42,261,45,06,19,250,29,10,50,309,47,11,23,320,39*60
$GAGSV,2,2,08,12,71,277,45,19,64,007,43,28,65,286,49,33,42,163,47*65
$GAGSV,2,1,08,04,42,261,45,06,19,250,30,10,50,309,47,11,23,320,39*68
$GAGSV,2,2,08,12,71,277,45,19,64,007,43,28,65,286,49,33,42,163,47*65
$GAGSV,2,1,08,04,42,261,45,06,19,250,31,10,50,309,47,11,23,320,39*69
$GAGSV,2,2,08,12,71,277,45,19,64,007,43,28,65,286,49,33,42,163,47*65
$GAGSV,2,1,08,04,42,261,45,06,19,250,32,10,50,309,47,11,23,320,39*6A
$GAGSV,2,2,08,12,71,277,45,19,64,007,43,28,65,286,49,33,42,163,47*65
$GAGSV,2,1,08,04,42,261,45,06,19,250,33,10,50,309,47,11,23,320,39*6B
$GAGSV,2,2,08,12,71,277,45,19,64,007,43,28,65,286,49,33,42,163,47*65
$GAGSV,2,1,08,04,42,261,45,06,19,250,33,10,50,309,47,11,23,320,38*6A
$GAGSV,2,2,08,12,71,277,45,19,64,007,43,28,65,286,49,33,42,163,47*65
$GAGSV,2,1,08,04,42,261,45,06,19,250,34,10,50,309,47,11,23,320,38*6D
$GAGSV,2,2,08,12,71,277,45,19,64,007,43,28,65,286,49,33,42,163,47*65
$GAGSV,2,1,08,04,42,261,45,06,19,250,34,10,50,309,48,11,23,320,38*62
$GAGSV,2,2,08,12,71,277,45,19,64,007,43,28,65,286,49,33,42,163,47*65
$GAGSV,2,1,08,04,42,261,45,06,19,250,35,10,50,309,48,11,23,320,38*63
$GAGSV,2,2,08,12,71,277,45,19,64,007,43,28,65,286,49,33,42,163,47*65
$GAGSV,2,1,08,04,42,261,45,06,19,250,35,10,50,309,48,11,23,320,38*63
$GAGSV,2,2,08,12,71,277,45,19,64,007,43,28,65,286,49,33,42,163,47*65
$GAGSV,2,1,08,04,42,261,45,06,19,250,35,10,50,309,48,11,23,320,38*63
$GAGSV,2,2,08,12,71,277,45,19,64,007,43,28,65,286,49,33,42,163,47*65
$GAGSV,2,1,08,04,42,261,45,06,19,250,35,10,50,309,48,11,23,320,38*63
$GAGSV,2,2,08,12,71,277,45,19,64,007,43,28,65,286,49,33,42,163,47*65
$GAGSV,2,1,08,04,42,261,45,06,19,250,35,10,50,309,48,11,23,320,38*63
$GAGSV,2,2,08,12,71,277,45,19,64,007,43,28,65,286,49,33,42,163,47*65
$GAGSV,2,1,08,04,42,261,45,06,19,250,35,10,50,309,48,11,23,320,38*63
$GAGSV,2,2,08,12,71,277,45,19,64,007,43,28,65,286,49,33,42,163,47*65
$GAGSV,2,1,08,04,42,261,45,06,19,250,35,10,50,309,48,11,23,320,38*63
$GAGSV,2,2,08,12,71,277,45,19,64,007,43,28,65,286,49,33,42,163,47*65
$GAGSV,2,1,08,04,42,261,45,06,19,250,34,10,50,309,48,11,23,320,38*62
$GAGSV,2,2,08,12,71,277,45,19,64,007,43,28,65,286,49,33,42,163,47*65
$GAGSV,2,1,08,04,42,261,45,06,19,250,34,10,50,309,47,11,23,320,38*6D
$GAGSV,2,2,08,12,71,277,45,19,64,007,43,28,65,286,49,33,42,163,47*65
$GAGSV,2,1,08,04,42,261,45,06,19,250,34,10,50,309,47,11,23,320,38*6D
$GAGSV,2,2,08,12,71,277,45,19,64,007,43,28,65,286,49,33,42,163,47*65
$GAGSV,2,1,08,04,42,261,45,06,19,250,34,10,50,309,47,11,23,320,38*6D
$GAGSV,2,2,08,12,71,277,45,19,64,007,43,28,65,286,49,33,42,163,47*65
$GAGSV,2,1,08,04,42,261,45,06,19,250,35,10,50,309,47,11,23,320,38*6C
$GAGSV,2,2,08,12,72,277,45,19,64,007,43,28,65,286,49,33,42,163,47*66
$GAGSV,2,1,08,04,42,261,45,06,19,250,35,10,50,309,48,11,23,320,38*63
$GAGSV,2,2,08,12,72,277,45,19,64,007,43,28,65,286,49,33,42,163,47*66
$GAGSV,2,1,08,04,42,261,45,06,19,250,35,10,50,309,48,11,23,320,38*63
$GAGSV,2,2,08,12,72,277,45,19,64,007,43,28,65,286,49,33,42,163,47*66
$GAGSV,2,1,08,04,42,261,45,06,19,250,35,10,50,309,48,11,23,320,38*63
$GAGSV,2,2,08,12,72,277,45,19,64,007,43,28,65,286,49,33,42,163,47*66
$GAGSV,2,1,08,04,42,261,45,06,19,250,34,10,50,309,48,11,23,320,38*62
$GAGSV,2,2,08,12,72,277,46,19,64,007,43,28,65,286,49,33,42,163,48*6A
$GAGSV,2,1,08,04,42,261,45,06,19,250,33,10,50,309,48,11,23,320,38*65
$GAGSV,2,2,08,12,72,277,45,19,64,007,43,28,65,286,49,33,42,163,48*69
$GAGSV,2,1,08,04,42,261,45,06,19,250,33,10,50,309,48,11,23,320,38*65
$GAGSV,2,2,08,12,72,277,45,19,64,007,43,28,65,286,49,33,42,163,48*69
$GAGSV,2,1,08,04,42,261,45,06,19,250,33,10,50,309,48,11,23,320,38*65
$GAGSV,2,2,08,12,72,277,45,19,64,007,43,28,65,286,49,33,42,163,48*69
$GAGSV,2,1,08,04,42,261,45,06,19,250,33,10,50,309,48,11,23,320,38*65
$GAGSV,2,2,08,12,72,277,46,19,64,007,43,28,65,286,49,33,42,163,48*6A
$GAGSV,2,1,08,04,42,261,45,06,19,250,32,10,50,309,48,11,23,320,38*64
$GAGSV,2,2,08,12,72,277,46,19,64,007,43,28,65,286,49,33,42,163,47*65
$GAGSV,2,1,08,04,42,261,45,06,19,250,32,10,50,309,48,11,23,320,38*64
$GAGSV,2,2,08,12,72,277,46,19,64,007,43,28,65,286,49,33,42,163,47*65
$GAGSV,2,1,08,04,42,261,45,06,19,250,32,10,50,309,48,11,23,320,38*64
$GAGSV,2,2,08,12,72,277,46,19,64,007,43,28,65,286,49,33,42,163,47*65
$GAGSV,2,1,08,04,42,261,45,06,19,250,32,10,50,309,48,11,23,320,38*64
$GAGSV,2,2,08,12,72,277,46,19,64,007,43,28,65,286,49,33,42,163,47*65
$GAGSV,2,1,08,04,42,261,45,06,19,250,32,10,50,309,48,11,23,320,38*64
$GAGSV,2,2,08,12,72,277,46,19,64,007,43,28,65,286,49,33,42,163,47*65
