$GPGSV,2,1,08,05,35,098,44,15,00,000,27,18,64,276,46,20,00,000,33*79
$GPGSV,2,2,08,22,00,000,21,23,32,317,43,24,69,161,48,29,00,000,22*78
$GPGSV,2,1,08,05,35,098,44,15,00,000,27,18,64,276,46,20,00,000,33*79
$GPGSV,2,2,08,22,00,000,21,23,32,317,43,24,69,161,48,29,00,000,22*78
$GPGSV,2,1,08,05,35,098,44,15,00,000,27,18,64,276,46,20,00,000,33*79
$GPGSV,2,2,08,22,00,000,21,23,32,317,43,24,69,161,48,29,00,000,21*7B
$GPGSV,2,1,08,05,35,098,44,15,00,000,27,18,64,276,46,20,00,000,33*79
$GPGSV,2,2,08,22,00,000,21,23,32,317,43,24,69,161,48,29,00,000,21*7B
$GPGSV,2,1,08,05,35,098,44,15,00,000,27,18,64,276,46,20,00,000,32*78
$GPGSV,2,2,08,22,00,000,21,23,32,317,43,24,69,161,48,29,00,000,21*7B
$GPGSV,2,1,08,05,35,098,44,15,00,000,27,18,64,276,46,20,00,000,32*78
$GPGSV,2,2,08,22,00,000,21,23,32,317,43,24,69,161,48,29,00,000,21*7B
$GPGSV,2,1,08,05,35,098,45,15,00,000,27,18,64,276,46,20,00,000,32*79
$GPGSV,2,2,08,22,00,000,21,23,32,317,43,24,69,161,48,29,00,000,21*7B
$GPGSV,2,1,08,05,35,098,44,15,00,000,27,18,64,276,46,20,00,000,32*78
$GPGSV,2,2,08,22,00,000,22,23,32,317,43,24,69,161,48,29,00,000,21*78
$GPGSV,2,1,08,05,35,098,44,15,00,000,27,18,64,276,46,20,00,000,32*78
$GPGSV,2,2,08,22,00,000,21,23,32,317,43,24,69,161,48,29,00,000,21*7B
$GPGSV,2,1,08,05,35,098,44,15,00,000,27,18,64,276,46,20,00,000,32*78
$GPGSV,2,2,08,22,00,000,21,23,32,317,44,24,69,161,49,29,00,000,21*7D
$GPGSV,2,1,08,05,35,098,44,15,00,000,27,18,64,276,46,20,00,000,32*78
$GPGSV,2,2,08,22,00,000,21,23,32,317,44,24,69,161,49,29,00,000,21*7D
$GPGSV,2,1,07,05,35,098,44,15,00,000,27,18,64,276,46,20,00,000,32*77
$GPGSV,2,2,07,22,00,000,22,23,32,317,44,24,69,161,49,,,,*49
$GPGSV,2,1,07,05,35,098,44,15,00,000,27,18,64,276,46,20,00,000,32*77
$GPGSV,2,2,07,22,00,000,22,23,32,317,44,24,69,161,49,,,,*49
$GPGSV,2,1,07,05,35,098,44,15,00,000,27,18,64,276,46,20,00,000,32*77
$GPGSV,2,2,07,22,00,000,21,23,32,317,44,24,69,161,49,,,,*4A
$GPGSV,2,1,07,05,35,098,44,15,00,000,26,18,64,276,46,20,00,000,33*77
$GPGSV,2,2,07,22,00,000,21,23,32,317,44,24,69,161,49,,,,*4A
$GPGSV,2,1,07,05,35,098,44,15,00,000,26,18,64,276,46,20,00,000,33*77
$GPGSV,2,2,07,22,00,000,21,23,32,317,44,24,69,161,49,,,,*4A
$GPGSV,2,1,07,05,35,098,44,15,00,000,26,18,64,276,46,20,00,000,33*77
$GPGSV,2,2,07,22,00,000,21,23,32,317,44,24,69,161,49,,,,*4A
$GPGSV,2,1,07,05,35,098,44,15,00,000,25,18,64,276,46,20,00,000,34*73
$GPGSV,2,2,07,22,00,000,21,23,32,317,44,24,69,161,49,,,,*4A
$GPGSV,2,1,07,05,35,098,44,15,00,000,25,18,64,276,46,20,00,000,34*73
$GPGSV,2,2,07,22,00,000,22,23,32,317,44,24,69,161,49,,,,*49
$GPGSV,2,1,07,05,35,098,44,15,00,000,25,18,64,276,46,20,00,000,34*73
$GPGSV,2,2,07,22,00,000,22,23,32,317,44,24,69,161,49,,,,*49
$GPGSV,2,1,07,05,35,098,44,15,00,000,25,18,64,276,46,20,00,000,34*73
$GPGSV,2,2,07,22,00,000,23,23,32,317,44,24,69,161,49,,,,*48
$GPGSV,2,1,07,05,35,098,44,15,00,000,25,18,64,276,46,20,00,000,34*73
$GPGSV,2,2,07,22,00,000,23,23,32,317,44,24,69,161,49,,,,*48
$GPGSV,2,1,07,05,35,098,44,15,00,000,25,18,64,276,46,20,00,000,34*73
$GPGSV,2,2,07,22,00,000,23,23,32,317,44,24,69,161,49,,,,*48
$GPGSV,2,1,07,05,35,098,44,15,00,000,25,18,64,276,46,20,00,000,35*72
$GPGSV,2,2,07,22,00,000,23,23,32,317,44,24,69,161,49,,,,*48
$GPGSV,2,1,07,05,35,098,44,15,00,000,25,18,64,276,46,20,00,000,35*72
$GPGSV,2,2,07,22,00,000,22,23,32,317,44,24,69,161,49,,,,*49
$GPGSV,2,1,07,05,35,098,44,15,00,000,25,18,64,276,46,20,00,000,35*72
$GPGSV,2,2,07,22,00,000,22,23,32,317,44,24,69,161,48,,,,*48
$GPGSV,2,1,07,05,35,098,44,15,00,000,26,18,64,276,46,20,00,000,35*71
$GPGSV,2,2,07,22,00,000,22,23,32,317,43,24,69,161,48,,,,*4F
$GPGSV,2,1,07,05,35,098,44,15,00,000,26,18,64,276,46,20,00,000,35*71
$GPGSV,2,2,07,22,00,000,22,23,32,317,43,24,69,161,48,,,,*4F
$GPGSV,2,1,07,05,35,098,44,15,00,000,26,18,64,276,46,20,00,000,35*71
$GPGSV,2,2,07,22,00,000,22,23,32,317,43,24,69,161,48,,,,*4F
$GPGSV,2,1,08,05,35,098,44,15,00,000,25,18,64,276,46,20,00,000,35*7D
$GPGSV,2,2,08,22,00,000,21,23,32,317,43,24,69,161,48,29,00,000,26*7C
$GPGSV,2,1,08,05,35,098,44,15,00,000,25,18,64,276,46,20,00,000,35*7D
$GPGSV,2,2,08,22,00,000,21,23,32,317,43,24,69,161,48,29,00,000,25*7F
$GPGSV,2,1,08,05,35,098,44,15,00,000,24,18,64,276,46,20,00,000,35*7C
$GPGSV,2,2,08,22,00,000,21,23,32,317,43,24,69,161,48,29,00,000,24*7E
$GPGSV,2,1,08,05,35,098,44,15,00,000,24,18,64,276,46,20,00,000,35*7C
$GPGSV,2,2,08,22,00,000,21,23,32,317,43,24,69,161,48,29,00,000,24*7E
$GPGSV,2,1,07,05,35,098,44,15,00,000,23,18,64,276,46,20,00,000,36*77
$GPGSV,2,2,07,22,00,000,21,23,32,317,43,24,69,161,48,,,,*4C
$GPGSV,2,1,07,05,35,098,44,15,00,000,23,18,64,276,46,20,00,000,36*77
$GPGSV,2,2,07,22,00,000,21,23,32,317,43,24,69,161,48,,,,*4C
$GPGSV,2,1,07,05,35,098,44,15,00,000,23,18,64,276,46,20,00,000,36*77
$GPGSV,2,2,07,22,00,000,21,23,32,317,43,24,69,161,48,,,,*4C
$GPGSV,2,1,07,05,35,098,44,15,00,000,23,18,64,276,46,20,00,000,36*77
$GPGSV,2,2,07,22,00,000,20,23,32,317,43,24,69,161,48,,,,*4D
$GPGSV,2,1,07,05,35,098,44,15,00,000,23,18,64,276,46,20,00,000,36*77
$GPGSV,2,2,07,22,00,000,21,23,32,317,43,24,69,161,48,,,,*4C
$GPGSV,2,1,07,05,35,098,44,15,00,000,22,18,64,276,46,20,00,000,36*76
$GPGSV,2,2,07,22,00,000,21,23,32,317,43,24,69,161,48,,,,*4C
$GPGSV,2,1,07,05,35,098,44,15,00,000,22,18,64,276,46,20,00,000,36*76
$GPGSV,2,2,07,22,00,000,22,23,32,317,43,24,69,161,48,,,,*4F
$GPGSV,2,1,08,05,35,098,44,15,00,000,23,18,64,276,46,20,00,000,36*78
$GPGSV,2,2,08,22,00,000,22,23,32,317,43,24,69,161,48,29,00,000,30*78
$GPGSV,2,1,08,05,35,098,44,15,00,000,23,18,64,276,46,20,00,000,36*78
$GPGSV,2,2,08,22,00,000,22,23,32,317,43,24,69,161,48,29,00,000,30*78
$GPGSV,2,1,08,05,35,098,44,15,00,000,23,18,64,276,46,20,00,000,36*78
$GPGSV,2,2,08,22,00,000,22,23,32,317,43,24,69,161,47,29,00,000,29*7F
$GPGSV,2,1,08,05,35,098,44,15,00,000,23,18,64,276,46,20,00,000,36*78
$GPGSV,2,2,08,22,00,000,22,23,32,317,43,24,69,161,47,29,00,000,29*7F
$GPGSV,2,1,08,05,35,098,44,15,00,000,23,18,64,276,46,20,00,000,36*78
$GPGSV,2,2,08,22,00,000,22,23,32,317,43,24,69,161,47,29,00,000,29*7F
$GPGSV,2,1,08,05,35,098,44,15,00,000,23,18,64,276,46,20,00,000,36*78
$GPGSV,2,2,08,22,00,000,22,23,32,317,43,24,69,161,47,29,00,000,29*7F
$GPGSV,2,1,08,05,35,098,44,15,00,000,23,18,64,276,46,20,00,000,36*78
$GPGSV,2,2,08,22,00,000,22,23,32,317,43,24,69,161,47,29,00,000,29*7F
$GPGSV,2,1,08,05,35,098,44,15,00,000,23,18,64,276,46,20,00,000,36*78
$GPGSV,2,2,08,22,00,000,22,23,32,317,44,24,69,161,47,29,00,000,29*78
$GPGSV,2,1,08,05,35,098,44,15,00,000,23,18,64,276,46,20,00,000,36*78
$GPGSV,2,2,08,22,00,000,22,23,32,317,44,24,69,161,47,29,00,000,29*78
$GPGSV,2,1,08,05,35,098,44,15,00,000,24,18,64,276,46,20,00,000,36*7F
$GPGSV,2,2,08,22,00,000,22,23,32,317,44,24,69,161,47,29,00,000,29*78
$GPGSV,2,1,07,05,35,098,44,15,00,000,24,18,64,276,46,20,00,000,36*70
$GPGSV,2,2,07,22,00,000,22,23,32,317,44,24,69,161,47,,,,*47
$GPGSV,2,1,07,05,35,098,44,15,00,000,24,18,64,276,46,20,00,000,36*70
$GPGSV,2,2,07,22,00,000,22,23,32,317,44,24,69,161,47,,,,*47
$GPGSV,2,1,07,05,35,098,44,15,00,000,24,18,64,276,46,20,00,000,36*70
$GPGSV,2,2,07,22,00,000,22,23,32,317,44,24,69,161,47,,,,*47
$GPGSV,2,1,07,05,35,098,44,15,00,000,24,18,64,276,46,20,00,000,36*70
$GPGSV,2,2,07,22,00,000,22,23,32,317,44,24,69,161,47,,,,*47
$GPGSV,2,1,07,05,35,098,44,15,00,000,24,18,64,276,46,20,00,000,36*70
$GPGSV,2,2,07,22,00,000,22,23,32,317,44,24,69,161,47,,,,*47
$GPGSV,2,1,07,05,35,098,44,15,00,000,24,18,64,276,46,20,00,000,36*70
$GPGSV,2,2,07,22,00,000,22,23,32,317,44,24,69,161,47,,,,*47
$GPGSV,2,1,08,05,35,098,44,15,00,000,24,18,64,276,46,20,00,000,36*7F
$GPGSV,2,2,08,22,00,000,22,23,32,317,44,24,69,161,48,29,00,000,33*7C
$GPGSV,2,1,08,05,35,098,44,15,00,000,24,18,64,276,46,20,00,000,36*7F
$GPGSV,2,2,08,22,00,000,21,23,32,317,44,24,69,161,48,29,00,000,33*7F
$GPGSV,2,1,08,05,35,098,44,15,00,000,23,18,64,276,46,20,00,000,35*7B
$GPGSV,2,2,08,22,00,000,20,23,32,317,44,24,69,161,48,29,00,000,32*7F
$GPGSV,2,1,08,05,35,098,44,15,00,000,23,18,64,276,46,20,00,000,35*7B
$GPGSV,2,2,08,22,00,000,20,23,32,317,44,24,69,161,48,29,00,000,32*7F
$GPGSV,2,1,08,05,35,098,44,15,00,000,23,18,64,276,46,20,00,000,35*7B
$GPGSV,2,2,08,22,00,000,20,23,32,317,44,24,69,161,48,29,00,000,32*7F
$GPGSV,2,1,08,05,35,098,44,15,00,000,23,18,64,276,46,20,00,000,35*7B
$GPGSV,2,2,08,22,00,000,20,23,32,317,44,24,69,161,48,29,00,000,32*7F
$GPGSV,2,1,08,05,35,098,44,15,00,000,23,18,64,276,46,20,00,000,35*7B
$GPGSV,2,2,08,22,00,000,20,23,32,317,44,24,69,161,48,29,00,000,31*7C
$GPGSV,2,1,08,05,35,098,44,15,00,000,23,18,64,276,46,20,00,000,35*7B
$GPGSV,2,2,08,22,00,000,19,23,32,317,44,24,69,161,48,29,00,000,31*76
$GPGSV,2,1,08,05,35,098,44,15,00,000,23,18,64,276,46,20,00,000,34*7A
$GPGSV,2,2,08,22,00,000,20,23,32,317,44,24,69,161,48,29,00,000,31*7C
$GPGSV,2,1,08,05,35,098,44,15,00,000,23,18,64,276,46,20,00,000,34*7A
$GPGSV,2,2,08,22,00,000,20,23,32,317,44,24,69,161,48,29,00,000,31*7C
$GPGSV,2,1,08,05,35,098,44,15,00,000,23,18,64,276,46,20,00,000,33*7D
$GPGSV,2,2,08,22,00,000,21,23,32,317,44,24,69,161,48,29,00,000,31*7D
$GPGSV,2,1,08,05,35,098,44,15,00,000,24,18,64,276,46,20,00,000,31*78
$GPGSV,2,2,08,22,00,000,21,23,32,317,44,24,69,161,48,29,00,000,31*7D
$GPGSV,2,1,08,05,35,098,44,15,00,000,24,18,64,276,46,20,00,000,30*79
$GPGSV,2,2,08,22,00,000,21,23,32,317,44,24,69,161,48,29,00,000,30*7C
$GPGSV,2,1,08,05,35,098,44,15,00,000,24,18,64,276,46,20,00,000,29*71
$GPGSV,2,2,08,22,00,000,21,23,32,317,44,24,69,161,48,29,00,000,30*7C
$GPGSV,2,1,07,05,35,098,44,15,00,000,23,18,64,276,46,20,00,000,28*78
$GPGSV,2,2,07,22,00,000,21,23,32,317,44,24,69,161,48,,,,*4B
$GPGSV,2,1,07,05,35,098,44,15,00,000,23,18,64,276,47,20,00,000,27*76
$GPGSV,2,2,07,22,00,000,22,23,32,317,44,24,69,161,48,,,,*48
$GPGSV,2,1,07,05,35,098,43,15,00,000,23,18,64,276,47,20,00,000,26*70
$GPGSV,2,2,07,22,00,000,22,23,32,317,44,24,69,161,48,,,,*48
$GPGSV,2,1,07,05,35,098,43,15,00,000,23,18,64,276,47,20,00,000,25*73
$GPGSV,2,2,07,22,00,000,22,23,32,317,44,24,69,161,48,,,,*48
$GPGSV,2,1,07,05,35,098,43,15,00,000,23,18,64,276,47,20,00,000,24*72
$GPGSV,2,2,07,22,00,000,22,23,32,317,44,24,69,161,48,,,,*48
$GPGSV,2,1,07,05,35,098,43,15,00,000,24,18,64,276,47,20,00,000,23*72
$GPGSV,2,2,07,22,00,000,22,23,32,317,44,24,69,161,48,,,,*48
$GPGSV,2,1,07,05,35,098,44,15,00,000,24,18,64,276,47,20,00,000,23*75
$GPGSV,2,2,07,22,00,000,22,23,32,317,44,24,69,161,48,,,,*48
$GPGSV,2,1,07,05,35,098,44,15,00,000,24,18,64,276,47,20,00,000,22*74
$GPGSV,2,2,07,22,00,000,22,23,32,317,44,24,69,161,48,,,,*48
$GPGSV,2,1,07,05,35,098,44,15,00,000,24,18,64,276,47,20,00,000,22*74
$GPGSV,2,2,07,22,00,000,22,23,32,317,44,24,69,161,48,,,,*48
$GPGSV,2,1,08,05,35,098,44,15,00,000,24,18,64,276,47,20,00,000,22*7B
$GPGSV,2,2,08,22,00,000,22,23,32,317,44,24,69,161,48,29,00,000,24*7A
$GPGSV,2,1,08,05,35,098,44,15,00,000,24,18,64,276,47,20,00,000,23*7A
$GPGSV,2,2,08,22,00,000,22,23,32,317,44,24,69,161,48,29,00,000,23*7D
$GPGSV,2,1,08,05,35,098,44,15,00,000,24,18,64,276,47,20,00,000,24*7D
$GPGSV,2,2,08,22,00,000,21,23,32,317,44,24,69,161,48,29,00,000,23*7E
$GPGSV,2,1,08,05,35,098,44,15,00,000,24,18,64,276,47,20,00,000,24*7D
$GPGSV,2,2,08,22,00,000,21,23,32,317,44,24,69,161,48,29,00,000,22*7F
$GPGSV,2,1,08,05,35,098,44,15,00,000,24,18,64,276,47,20,00,000,25*7C
$GPGSV,2,2,08,22,00,000,21,23,32,317,44,24,69,161,48,29,00,000,21*7C
$GPGSV,2,1,08,05,35,098,44,15,00,000,24,18,64,276,47,20,00,000,26*7F
$GPGSV,2,2,08,22,00,000,21,23,32,317,44,24,69,161,48,29,00,000,21*7C
$GPGSV,2,1,08,05,35,098,44,15,00,000,24,18,64,276,47,20,00,000,27*7E
$GPGSV,2,2,08,22,00,000,21,23,32,317,44,24,69,161,48,29,00,000,21*7C
$GPGSV,2,1,08,05,35,098,44,15,00,000,24,18,64,276,47,20,00,000,27*7E
$GPGSV,2,2,08,22,00,000,21,23,32,317,44,24,69,161,48,29,00,000,20*7D
$GPGSV,2,1,08,05,35,098,44,15,00,000,24,18,64,276,47,20,00,000,28*71
$GPGSV,2,2,08,22,00,000,21,23,32,317,44,24,69,161,48,29,00,000,19*77
$GPGSV,2,1,08,05,35,098,44,15,00,000,24,18,64,276,47,20,00,000,29*70
$GPGSV,2,2,08,22,00,000,21,23,32,317,44,24,69,161,48,29,00,000,20*7D
$GPGSV,2,1,07,05,35,098,44,15,00,000,24,18,64,276,47,20,00,000,29*7F
$GPGSV,2,2,07,22,00,000,22,23,32,317,44,24,69,161,48,,,,*48
$GPGSV,2,1,07,05,35,098,44,15,00,000,24,18,64,276,47,20,00,000,30*77
$GPGSV,2,2,07,22,00,000,22,23,32,317,44,24,69,161,48,,,,*48
$GPGSV,2,1,07,05,35,098,44,15,00,000,23,18,64,276,47,20,00,000,30*70
$GPGSV,2,2,07,22,00,000,22,23,32,317,44,24,69,161,48,,,,*48
$GPGSV,2,1,07,05,35,098,44,15,00,000,23,18,64,276,47,20,00,000,31*71
$GPGSV,2,2,07,22,00,000,22,23,32,317,44,24,69,161,48,,,,*48
$GPGSV,2,1,07,05,35,098,44,15,00,000,23,18,64,276,47,20,00,000,31*71
$GPGSV,2,2,07,22,00,000,22,23,32,317,44,24,69,161,48,,,,*48
$GPGSV,2,1,07,05,35,098,44,15,00,000,23,18,64,276,47,20,00,000,31*71
$GPGSV,2,2,07,22,00,000,22,23,32,317,44,24,69,161,48,,,,*48
$GPGSV,2,1,07,05,35,098,44,15,00,000,23,18,64,276,47,20,00,000,32*72
$GPGSV,2,2,07,22,00,000,22,23,32,317,44,24,69,161,48,,,,*48
$GPGSV,2,1,07,05,35,098,44,15,00,000,23,18,64,276,47,20,00,000,32*72
$GPGSV,2,2,07,22,00,000,22,23,32,317,44,24,69,161,48,,,,*48
$GPGSV,2,1,07,05,35,098,44,15,00,000,23,18,64,276,47,20,00,000,33*73
$GPGSV,2,2,07,22,00,000,22,23,32,317,44,24,69,161,48,,,,*48
$GPGSV,2,1,07,05,35,098,44,15,00,000,23,18,64,276,47,20,00,000,33*73
$GPGSV,2,2,07,22,00,000,22,23,32,317,44,24,69,161,49,,,,*49
$GPGSV,2,1,07,05,35,098,44,15,00,000,24,18,64,276,47,20,00,000,33*74
$GPGSV,2,2,07,22,00,000,22,23,32,317,44,24,69,161,49,,,,*49
$GPGSV,2,1,07,05,35,098,44,15,00,000,24,18,64,276,47,20,00,000,33*74
$GPGSV,2,2,07,22,00,000,22,23,32,317,44,24,69,161,49,,,,*49
$GPGSV,2,1,07,05,35,098,44,15,00,000,24,18,64,276,47,20,00,000,34*73
$GPGSV,2,2,07,22,00,000,22,23,32,317,44,24,69,161,49,,,,*49
$GPGSV,2,1,07,05,35,098,44,15,00,000,24,18,64,276,47,20,00,000,34*73
$GPGSV,2,2,07,22,00,000,22,23,32,317,44,24,69,161,49,,,,*49
$GPGSV,2,1,07,05,35,098,44,15,00,000,24,18,64,276,47,20,00,000,34*73
$GPGSV,2,2,07,22,00,000,22,23,32,317,44,24,69,161,49,,,,*49
$GPGSV,2,1,07,05,35,098,44,15,00,000,23,18,64,276,47,20,00,000,35*75
$GPGSV,2,2,07,22,00,000,22,23,32,317,44,24,69,161,49,,,,*49
$GPGSV,2,1,08,05,35,098,44,15,00,000,23,18,64,276,47,20,00,000,35*7A
$GPGSV,2,2,08,22,00,000,22,23,32,317,44,24,69,161,49,29,00,000,19*75
$GPGSV,2,1,08,05,35,098,44,15,00,000,23,18,64,276,47,20,00,000,35*7A
$GPGSV,2,2,08,22,00,000,22,23,32,317,44,24,69,161,49,29,00,000,23*7C
$GPGSV,2,1,08,05,35,098,44,15,00,000,23,18,64,276,47,20,00,000,35*7A
$GPGSV,2,2,08,22,00,000,22,23,32,317,44,24,69,161,49,29,00,000,23*7C
$GPGSV,2,1,08,05,35,098,44,15,00,000,23,18,64,276,47,20,00,000,35*7A
$GPGSV,2,2,08,22,00,000,22,23,32,317,44,24,69,161,49,29,00,000,23*7C
$GPGSV,2,1,08,05,35,098,44,15,00,000,23,18,64,276,47,20,00,000,35*7A
$GPGSV,2,2,08,22,00,000,22,23,32,317,44,24,69,161,49,29,00,000,23*7C
$GPGSV,2,1,08,05,35,098,44,15,00,000,23,18,64,276,47,20,00,000,35*7A
$GPGSV,2,2,08,22,00,000,22,23,32,317,44,24,69,161,49,29,00,000,23*7C
$GPGSV,2,1,08,05,35,098,44,15,00,000,23,18,64,276,47,20,00,000,35*7A
$GPGSV,2,2,08,22,00,000,22,23,32,317,44,24,69,161,49,29,00,000,22*7D
$GPGSV,2,1,08,05,35,098,44,15,00,000,23,18,64,276,47,20,00,000,35*7A
$GPGSV,2,2,08,22,00,000,22,23,32,317,44,24,69,161,49,29,00,000,23*7C
$GPGSV,2,1,08,05,35,098,44,15,00,000,23,18,64,276,47,20,00,000,35*7A
$GPGSV,2,2,08,22,00,000,22,23,32,317,44,24,69,161,49,29,00,000,23*7C
$GPGSV,2,1,08,05,35,098,44,15,00,000,23,18,64,276,47,20,00,000,35*7A
$GPGSV,2,2,08,22,00,000,22,23,32,317,44,24,69,161,48,29,00,000,22*7C
$GPGSV,2,1,08,05,35,098,44,15,00,000,23,18,64,276,47,20,00,000,35*7A
$GPGSV,2,2,08,22,00,000,22,23,32,317,44,24,69,161,48,29,09,215,22*73
$GPGSV,2,1,08,05,35,098,44,15,00,000,23,18,64,276,47,20,00,000,35*7A
$GPGSV,2,2,08,22,00,000,22,23,32,317,44,24,69,161,48,29,09,215,22*73
$GPGSV,2,1,08,05,35,098,44,15,00,000,23,18,64,276,47,20,00,000,35*7A
$GPGSV,2,2,08,22,00,000,22,23,32,317,44,24,69,161,48,29,09,215,22*73
$GPGSV,2,1,08,05,35,098,44,15,00,000,24,18,64,276,47,20,00,000,35*7D
$GPGSV,2,2,08,22,00,000,22,23,32,317,44,24,69,161,48,29,09,215,22*73
$GPGSV,2,1,08,05,35,098,44,15,00,000,23,18,64,276,47,20,00,000,35*7A
$GPGSV,2,2,08,22,00,000,22,23,32,317,44,24,69,161,48,29,09,215,22*73
$GPGSV,2,1,08,05,35,098,44,15,00,000,23,18,64,276,47,20,00,000,36*79
$GPGSV,2,2,08,22,00,000,22,23,32,317,44,24,69,161,48,29,09,215,22*73
$GPGSV,2,1,08,05,35,098,44,15,00,000,23,18,64,276,47,20,00,000,36*79
$GPGSV,2,2,08,22,00,000,22,23,32,317,44,24,69,161,48,29,09,215,21*70
$GPGSV,2,1,07,05,35,098,44,15,00,000,23,18,64,276,47,20,00,000,36*76
$GPGSV,2,2,07,22,00,000,22,23,32,317,44,24,69,161,48,,,,*48
$GPGSV,2,1,07,05,35,098,44,15,00,000,23,18,64,276,48,20,00,000,36*79
$GPGSV,2,2,07,22,00,000,23,23,32,317,44,24,69,161,48,,,,*49
$GPGSV,2,1,07,05,35,098,44,15,00,000,23,18,64,276,48,20,00,000,36*79
$GPGSV,2,2,07,22,00,000,23,23,32,317,44,24,70,161,48,,,,*41
$GPGSV,2,1,07,05,35,098,43,15,00,000,23,18,64,276,48,20,00,000,36*7E
$GPGSV,2,2,07,22,00,000,23,23,32,317,44,24,70,161,49,,,,*40
$GPGSV,2,1,07,05,35,098,43,15,00,000,24,18,64,276,48,20,00,000,35*7A
$GPGSV,2,2,07,22,00,000,23,23,32,317,44,24,70,161,49,,,,*40
$GPGSV,2,1,07,05,35,098,43,15,00,000,24,18,64,276,48,20,00,000,35*7A
$GPGSV,2,2,07,22,00,000,23,23,32,317,44,24,70,161,49,,,,*40
$GPGSV,2,1,08,05,35,098,43,15,00,000,24,18,64,276,48,20,00,000,35*75
$GPGSV,2,2,08,22,00,000,23,23,32,317,44,24,70,161,49,29,00,000,28*7E
$GPGSV,2,1,08,05,35,098,43,15,00,000,25,18,64,276,48,20,00,000,35*74
$GPGSV,2,2,08,22,00,000,23,23,32,317,44,24,70,161,49,29,00,000,28*7E
$GPGSV,2,1,08,05,35,098,43,15,00,000,25,18,64,276,48,20,00,000,35*74
$GPGSV,2,2,08,22,00,000,23,23,32,317,44,24,70,161,49,29,00,000,28*7E
$GPGSV,2,1,08,05,35,098,43,15,00,000,26,18,64,276,48,20,00,000,35*77
$GPGSV,2,2,08,22,00,000,23,23,32,317,44,24,70,161,49,29,00,000,28*7E
$GPGSV,2,1,08,05,35,098,43,15,00,000,26,18,64,276,48,20,00,000,35*77
$GPGSV,2,2,08,22,00,000,23,23,32,317,44,24,70,161,49,29,00,000,29*7F
$GPGSV,2,1,08,05,35,098,43,15,00,000,26,18,64,276,48,20,00,000,35*77
$GPGSV,2,2,08,22,00,000,23,23,32,317,44,24,70,161,49,29,00,000,29*7F
$GPGSV,2,1,08,05,35,098,43,15,00,000,26,18,64,276,48,20,00,000,34*76
$GPGSV,2,2,08,22,00,000,23,23,32,317,44,24,70,161,49,29,00,000,29*7F
$GPGSV,2,1,08,05,35,098,43,15,00,000,26,18,64,276,48,20,00,000,33*71
$GPGSV,2,2,08,22,00,000,23,23,32,317,44,24,70,161,49,29,00,000,29*7F
$GPGSV,2,1,08,05,35,098,43,15,00,000,26,18,64,276,48,20,00,000,32*70
$GPGSV,2,2,08,22,00,000,22,23,32,317,44,24,70,161,49,29,00,000,29*7E
$GPGSV,2,1,08,05,35,098,43,15,00,000,26,18,64,276,48,20,00,000,32*70
$GPGSV,2,2,08,22,00,000,22,23,32,317,44,24,70,161,49,29,00,000,29*7E
$GPGSV,2,1,08,05,35,098,43,15,00,000,26,18,64,276,48,20,00,000,32*70
$GPGSV,2,2,08,22,00,000,22,23,32,317,44,24,70,161,48,29,00,000,29*7F
$GPGSV,2,1,08,05,35,098,43,15,00,000,25,18,64,276,48,20,00,000,32*73
$GPGSV,2,2,08,22,00,000,22,23,32,317,44,24,70,161,48,29,00,000,29*7F
$GPGSV,2,1,08,05,35,098,43,15,00,000,25,18,64,276,48,20,00,000,30*71
$GPGSV,2,2,08,22,00,000,22,23,32,317,44,24,70,161,48,29,00,000,29*7F
$GPGSV,2,1,08,05,35,098,43,15,00,000,25,18,64,276,48,20,00,000,29*79
$GPGSV,2,2,08,22,00,000,22,23,32,317,44,24,70,161,48,29,00,000,29*7F
$GPGSV,2,1,08,05,35,098,43,15,00,000,25,18,64,276,48,20,00,000,28*78
$GPGSV,2,2,08,22,00,000,22,23,32,317,44,24,70,161,48,29,00,000,28*7E
$GPGSV,2,1,08,05,35,098,43,15,00,000,26,18,64,276,48,20,00,000,27*74
$GPGSV,2,2,08,22,00,000,22,23,32,317,44,24,70,161,48,29,00,000,28*7E
$GPGSV,2,1,08,05,35,098,43,15,00,000,25,18,64,276,48,20,00,000,25*75
$GPGSV,2,2,08,22,00,000,22,23,32,317,44,24,70,161,48,29,00,000,27*71
$GPGSV,2,1,07,05,35,098,43,15,00,000,25,18,64,276,48,22,00,000,22*7F
$GPGSV,2,2,07,23,32,317,44,24,70,161,48,29,00,000,27,,,,*4E
$GPGSV,2,1,07,05,35,098,44,15,00,000,25,18,64,276,48,22,00,000,22*78
$GPGSV,2,2,07,23,32,317,44,24,70,161,48,29,00,000,26,,,,*4F
$GPGSV,2,1,07,05,35,098,44,15,00,000,25,18,64,276,48,22,00,000,22*78
$GPGSV,2,2,07,23,32,317,44,24,70,161,48,29,00,000,25,,,,*4C
$GPGSV,2,1,07,05,35,098,44,15,00,000,25,18,64,276,48,22,00,000,21*7B
$GPGSV,2,2,07,23,32,317,44,24,70,161,48,29,00,000,24,,,,*4D
$GPGSV,2,1,07,05,35,098,44,15,00,000,25,18,64,276,48,22,00,000,21*7B
$GPGSV,2,2,07,23,32,317,44,24,70,161,48,29,00,000,23,,,,*4A
$GPGSV,2,1,07,05,35,098,44,15,00,000,25,18,64,276,48,22,00,000,22*78
$GPGSV,2,2,07,23,32,317,44,24,70,161,48,29,00,000,22,,,,*4B
$GPGSV,2,1,07,05,35,098,44,15,00,000,25,18,64,276,48,22,00,000,21*7B
$GPGSV,2,2,07,23,32,317,44,24,70,161,48,29,00,000,21,,,,*48
$GPGSV,2,1,07,05,35,098,44,15,00,000,25,18,64,276,48,22,00,000,22*78
$GPGSV,2,2,07,23,32,317,44,24,70,161,48,29,00,000,20,,,,*49
$GPGSV,2,1,07,05,35,098,44,15,00,000,25,18,64,276,48,22,00,000,22*78
$GPGSV,2,2,07,23,32,317,44,24,70,161,48,29,00,000,19,,,,*43
$GPGSV,2,1,07,05,35,098,44,15,00,000,26,18,64,276,48,22,00,000,22*7B
$GPGSV,2,2,07,23,33,317,44,24,70,161,48,29,00,000,18,,,,*43
$GPGSV,2,1,07,05,35,098,44,15,00,000,26,18,64,276,48,22,00,000,22*7B
$GPGSV,2,2,07,23,33,317,44,24,70,161,48,29,00,000,18,,,,*43
$GPGSV,2,1,07,05,35,098,44,15,00,000,26,18,64,276,48,22,00,000,22*7B
$GPGSV,2,2,07,23,33,317,44,24,70,161,48,29,00,000,19,,,,*42
$GPGSV,2,1,07,05,35,098,44,15,00,000,26,18,64,276,48,22,00,000,22*7B
$GPGSV,2,2,07,23,33,317,44,24,70,161,48,29,00,000,20,,,,*48
$GPGSV,2,1,07,05,35,098,44,15,00,000,26,18,64,276,48,22,00,000,23*7A
$GPGSV,2,2,07,23,33,317,44,24,70,161,48,29,00,000,21,,,,*49
$GPGSV,2,1,07,05,35,098,44,15,00,000,26,18,64,276,48,22,00,000,23*7A
$GPGSV,2,2,07,23,33,317,44,24,70,161,48,29,00,000,22,,,,*4A
$GPGSV,2,1,07,05,35,098,44,15,00,000,26,18,64,276,48,22,00,000,23*7A
$GPGSV,2,2,07,23,33,317,44,24,70,161,48,29,00,000,22,,,,*4A
$GPGSV,2,1,07,05,35,098,44,15,00,000,25,18,64,276,48,22,00,000,22*78
$GPGSV,2,2,07,23,33,317,44,24,70,161,48,29,00,000,23,,,,*4B
$GPGSV,2,1,07,05,35,098,44,15,00,000,25,18,64,276,48,22,00,000,23*79
$GPGSV,2,2,07,23,33,317,44,24,70,161,48,29,00,000,24,,,,*4C
$GPGSV,2,1,07,05,35,098,44,15,00,000,25,18,64,276,48,22,00,000,23*79
$GPGSV,2,2,07,23,33,317,44,24,70,161,48,29,00,000,24,,,,*4C
$GPGSV,2,1,08,05,35,098,44,15,00,000,25,18,64,276,48,20,00,000,35*73
$GPGSV,2,2,08,22,00,000,23,23,33,317,44,24,70,161,48,29,00,000,24*72
$GPGSV,2,1,08,05,35,098,44,15,00,000,25,18,64,276,48,20,00,000,35*73
$GPGSV,2,2,08,22,00,000,22,23,33,317,44,24,70,161,48,29,00,000,24*73
$GPGSV,2,1,08,05,35,098,44,15,00,000,25,18,64,276,48,20,00,000,35*73
$GPGSV,2,2,08,22,00,000,22,23,33,317,44,24,70,161,48,29,00,000,24*73
$GPGSV,2,1,08,05,35,098,44,15,00,000,25,18,64,276,48,20,00,000,35*73
$GPGSV,2,2,08,22,00,000,22,23,33,317,44,24,70,161,48,29,00,000,24*73
$GPGSV,2,1,08,05,35,098,44,15,00,000,25,18,64,276,48,20,00,000,35*73
$GPGSV,2,2,08,22,00,000,22,23,33,317,44,24,70,161,48,29,00,000,24*73
$GPGSV,2,1,08,05,35,099,44,15,00,000,25,18,64,276,48,20,00,000,35*72
$GPGSV,2,2,08,22,00,000,22,23,33,317,44,24,70,161,48,29,00,000,23*74
$GPGSV,2,1,08,05,35,099,44,15,00,000,25,18,64,276,48,20,00,000,35*72
$GPGSV,2,2,08,22,00,000,22,23,33,317,44,24,70,161,48,29,00,000,22*75
$GPGSV,2,1,08,05,35,099,44,15,00,000,25,18,64,276,48,20,00,000,35*72
$GPGSV,2,2,08,22,00,000,22,23,33,317,44,24,70,161,48,29,00,000,22*75
$GPGSV,2,1,08,05,35,099,44,15,00,000,25,18,64,276,48,20,00,000,35*72
$GPGSV,2,2,08,22,00,000,22,23,33,317,44,24,70,161,48,29,00,000,21*76
$GPGSV,2,1,08,05,35,099,44,15,00,000,25,18,64,276,48,20,00,000,36*71
$GPGSV,2,2,08,22,00,000,21,23,33,317,43,24,70,161,48,29,00,000,21*72
$GPGSV,2,1,08,05,35,099,43,15,00,000,25,18,64,276,48,20,00,000,36*76
$GPGSV,2,2,08,22,00,000,21,23,33,317,43,24,70,161,47,29,00,000,20*7C
$GPGSV,2,1,07,05,35,099,43,15,00,000,25,18,64,276,48,20,00,000,36*79
$GPGSV,2,2,07,22,00,000,21,23,33,317,43,24,70,161,47,,,,*4A
$GPGSV,2,1,07,05,35,099,43,15,00,000,25,18,64,276,48,20,00,000,36*79
$GPGSV,2,2,07,22,00,000,21,23,33,317,43,24,70,161,47,,,,*4A
$GPGSV,2,1,07,05,35,099,43,15,00,000,25,18,64,276,47,20,00,000,36*76
$GPGSV,2,2,07,22,00,000,21,23,33,317,43,24,70,161,47,,,,*4A
$GPGSV,2,1,07,05,35,099,43,15,00,000,25,18,64,276,47,20,00,000,36*76
$GPGSV,2,2,07,22,00,000,21,23,33,317,43,24,70,161,47,,,,*4A
$GPGSV,2,1,07,05,35,099,43,15,00,000,25,18,64,276,47,20,00,000,36*76
$GPGSV,2,2,07,22,00,000,22,23,33,317,43,24,70,161,47,,,,*49
$GPGSV,2,1,07,05,35,099,43,15,00,000,26,18,64,276,47,20,33,046,36*77
$GPGSV,2,2,07,22,00,000,22,23,33,317,43,24,70,161,47,,,,*49
$GPGSV,2,1,07,05,35,099,43,15,00,000,26,18,64,276,47,20,33,046,36*77
$GPGSV,2,2,07,22,00,000,22,23,33,317,43,24,70,161,47,,,,*49
$GPGSV,2,1,07,05,35,099,43,15,00,000,26,18,64,276,47,20,33,046,36*77
$GPGSV,2,2,07,22,00,000,22,23,33,317,43,24,70,161,47,,,,*49
$GPGSV,2,1,07,05,35,099,43,15,00,000,27,18,64,276,47,20,33,046,36*76
$GPGSV,2,2,07,22,00,000,23,23,33,317,43,24,70,161,47,,,,*48
$GPGSV,2,1,07,05,35,099,43,15,00,000,27,18,64,276,47,20,33,046,37*77
$GPGSV,2,2,07,22,00,000,23,23,33,317,43,24,70,161,47,,,,*48
$GPGSV,2,1,07,05,35,099,43,15,00,000,27,18,64,276,47,20,33,046,37*77
$GPGSV,2,2,07,22,00,000,23,23,33,317,43,24,70,161,47,,,,*48
$GPGSV,2,1,07,05,35,099,43,15,00,000,27,18,64,276,47,20,33,046,37*77
$GPGSV,2,2,07,22,00,000,22,23,33,317,43,24,70,161,47,,,,*49
$GPGSV,2,1,07,05,35,099,43,15,00,000,27,18,64,276,47,20,33,046,36*76
$GPGSV,2,2,07,22,00,000,22,23,33,317,43,24,70,161,47,,,,*49
$GPGSV,2,1,08,05,35,099,43,15,00,000,28,18,64,276,47,20,33,046,36*76
$GPGSV,2,2,08,22,00,000,22,23,33,317,43,24,70,161,47,29,00,000,25*7A
$GPGSV,2,1,08,05,35,099,43,15,00,000,27,18,64,275,47,20,33,046,36*7A
$GPGSV,2,2,08,22,00,000,22,23,33,317,43,24,70,161,47,29,00,000,26*79
$GPGSV,2,1,08,05,35,099,43,15,00,000,27,18,64,275,47,20,33,046,36*7A
$GPGSV,2,2,08,22,00,000,22,23,33,317,43,24,70,161,47,29,00,000,26*79
$GPGSV,2,1,08,05,35,099,43,15,00,000,27,18,64,275,47,20,33,046,36*7A
$GPGSV,2,2,08,22,00,000,22,23,33,317,43,24,70,161,47,29,00,000,26*79
$GPGSV,2,1,08,05,35,099,43,15,00,000,27,18,64,275,47,20,33,046,35*79
$GPGSV,2,2,08,22,00,000,22,23,33,317,43,24,70,161,47,29,00,000,25*7A
$GPGSV,2,1,08,05,35,099,43,15,00,000,27,18,64,275,47,20,33,046,35*79
$GPGSV,2,2,08,22,00,000,22,23,33,317,43,24,70,161,47,29,00,000,25*7A
$GPGSV,2,1,08,05,35,099,43,15,00,000,27,18,64,275,47,20,33,046,35*79
$GPGSV,2,2,08,22,00,000,23,23,33,317,43,24,70,161,47,29,00,000,26*78
$GPGSV,2,1,08,05,35,099,43,15,00,000,27,18,64,275,47,20,33,046,35*79
$GPGSV,2,2,08,22,00,000,23,23,33,317,43,24,70,161,47,29,00,000,26*78
$GPGSV,2,1,08,05,35,099,43,15,00,000,27,18,64,275,47,20,33,046,35*79
$GPGSV,2,2,08,22,00,000,23,23,33,317,43,24,70,161,47,29,00,000,26*78
$GPGSV,2,1,08,05,35,099,43,15,00,000,27,18,64,275,47,20,33,046,35*79
$GPGSV,2,2,08,22,00,000,23,23,33,317,43,24,70,161,47,29,00,000,26*78
$GPGSV,2,1,08,05,35,099,43,15,00,000,27,18,64,275,47,20,33,046,34*78
$GPGSV,2,2,08,22,00,000,23,23,33,317,43,24,70,161,47,29,00,000,26*78
$GPGSV,2,1,07,05,35,099,43,15,00,000,27,18,64,275,47,20,33,046,34*77
$GPGSV,2,2,07,22,00,000,23,23,33,317,43,24,70,161,47,,,,*48
$GPGSV,2,1,07,05,35,099,43,15,00,000,27,18,64,275,47,20,33,046,34*77
$GPGSV,2,2,07,22,00,000,23,23,33,317,43,24,70,161,47,,,,*48
$GPGSV,2,1,07,05,35,099,43,15,00,000,27,18,64,275,47,20,33,046,34*77
$GPGSV,2,2,07,22,00,000,23,23,33,317,43,24,70,161,47,,,,*48
$GPGSV,2,1,07,05,35,099,43,15,00,000,27,18,64,275,47,20,33,046,34*77
$GPGSV,2,2,07,22,00,000,23,23,33,317,43,24,70,161,47,,,,*48
$GPGSV,2,1,07,05,35,099,43,15,00,000,27,18,64,275,47,20,33,046,34*77
$GPGSV,2,2,07,22,00,000,23,23,33,317,43,24,70,161,47,,,,*48
$GPGSV,2,1,07,05,35,099,43,15,00,000,27,18,64,275,47,20,33,046,34*77
$GPGSV,2,2,07,22,00,000,23,23,33,317,43,24,70,161,47,,,,*48
$GPGSV,2,1,08,05,35,099,43,15,00,000,27,18,64,275,47,20,33,046,34*78
$GPGSV,2,2,08,22,00,000,23,23,33,317,43,24,70,161,47,29,00,000,25*7B
$GPGSV,2,1,08,05,35,099,43,15,00,000,27,18,64,275,47,20,33,046,34*78
$GPGSV,2,2,08,22,00,000,22,23,33,317,43,24,70,161,47,29,00,000,25*7A
$GPGSV,2,1,08,05,35,099,43,15,00,000,27,18,64,275,47,20,33,046,33*7F
$GPGSV,2,2,08,22,00,000,22,23,33,317,43,24,70,161,47,29,00,000,26*79
$GPGSV,2,1,08,05,35,099,43,15,00,000,27,18,64,275,47,20,33,046,32*7E
$GPGSV,2,2,08,22,00,000,22,23,33,317,43,24,70,161,47,29,00,000,26*79
$GPGSV,2,1,08,05,35,099,43,15,00,000,27,18,64,275,47,20,33,046,31*7D
$GPGSV,2,2,08,22,00,000,22,23,33,317,43,24,70,161,47,29,00,000,26*79
$GPGSV,2,1,08,05,35,099,43,15,00,000,27,18,64,275,47,20,33,046,31*7D
$GPGSV,2,2,08,22,00,000,22,23,33,317,44,24,70,161,47,29,00,000,26*7E
$GPGSV,2,1,08,05,35,099,43,15,00,000,27,18,64,275,47,20,33,046,30*7C
$GPGSV,2,2,08,22,00,000,22,23,33,317,44,24,70,161,47,29,00,000,26*7E
$GPGSV,2,1,08,05,35,099,43,15,00,000,27,18,64,275,47,20,33,046,29*74
$GPGSV,2,2,08,22,00,000,22,23,33,317,44,24,70,161,47,29,09,215,27*70
$GPGSV,2,1,08,05,35,099,43,15,00,000,27,18,64,275,47,20,33,046,28*75
$GPGSV,2,2,08,22,00,000,22,23,33,317,44,24,70,161,47,29,09,215,27*70
$GPGSV,2,1,07,05,35,099,43,15,00,000,27,18,64,275,47,20,33,046,28*7A
$GPGSV,2,2,07,22,00,000,22,23,33,317,44,24,70,161,47,,,,*4E
$GPGSV,2,1,07,05,35,099,43,15,00,000,27,18,64,275,47,20,33,046,27*75
$GPGSV,2,2,07,22,00,000,22,23,33,317,44,24,70,161,47,,,,*4E
$GPGSV,2,1,07,05,35,099,43,15,00,000,27,18,64,275,47,20,33,046,26*74
$GPGSV,2,2,07,22,00,000,22,23,33,317,44,24,70,161,47,,,,*4E
$GPGSV,2,1,07,05,35,099,43,15,00,000,26,18,64,275,47,20,33,046,26*75
$GPGSV,2,2,07,22,00,000,22,23,33,317,44,24,70,161,47,,,,*4E
$GPGSV,2,1,07,05,35,099,43,15,00,000,26,18,64,275,47,20,00,000,25*74
$GPGSV,2,2,07,22,00,000,21,23,33,317,44,24,70,161,47,,,,*4D
$GPGSV,2,1,07,05,35,099,43,15,00,000,26,18,64,275,47,20,00,000,24*75
$GPGSV,2,2,07,22,00,000,21,23,33,317,44,24,70,161,47,,,,*4D
$GPGSV,2,1,07,05,35,099,43,15,00,000,26,18,64,275,47,20,00,000,23*72
$GPGSV,2,2,07,22,00,000,22,23,33,317,44,24,70,161,47,,,,*4E
$GPGSV,2,1,08,05,35,099,43,15,00,000,26,18,64,275,47,20,00,000,23*7D
$GPGSV,2,2,08,22,00,000,22,23,33,317,44,24,70,161,47,29,00,000,27*7F
$GPGSV,2,1,08,05,35,099,43,15,00,000,26,18,64,275,47,20,00,000,22*7C
$GPGSV,2,2,08,22,00,000,22,23,33,317,44,24,70,161,47,29,00,000,27*7F
$GPGSV,2,1,08,05,35,099,43,15,00,000,26,18,64,275,47,20,00,000,22*7C
$GPGSV,2,2,08,22,00,000,22,23,33,317,44,24,70,161,47,29,00,000,28*70
$GPGSV,2,1,08,05,35,099,43,15,00,000,26,18,64,275,47,20,00,000,22*7C
$GPGSV,2,2,08,22,00,000,23,23,33,317,44,24,70,161,47,29,00,000,27*7E
$GPGSV,2,1,08,05,35,099,43,15,00,000,25,18,64,275,47,20,00,000,22*7F
$GPGSV,2,2,08,22,00,000,23,23,33,317,44,24,70,161,47,29,00,000,27*7E
$GPGSV,2,1,08,05,35,099,43,15,00,000,25,18,64,275,47,20,00,000,22*7F
$GPGSV,2,2,08,22,00,000,23,23,33,317,44,24,70,161,47,29,00,000,26*7F
$GPGSV,2,1,08,05,35,099,43,15,00,000,25,18,64,275,46,20,33,046,22*7C
$GPGSV,2,2,08,22,00,000,23,23,33,317,44,24,70,161,47,29,00,000,25*7C
$GPGSV,2,1,08,05,35,099,43,15,00,000,25,18,64,275,46,20,33,046,23*7D
$GPGSV,2,2,08,22,00,000,23,23,33,317,44,24,70,161,47,29,00,000,25*7C
$GPGSV,2,1,08,05,35,099,43,15,00,000,25,18,64,275,46,20,33,046,24*7A
$GPGSV,2,2,08,22,00,000,23,23,33,317,44,24,70,160,47,29,00,000,24*7C
$GPGSV,2,1,08,05,35,099,43,15,00,000,25,18,64,275,46,20,33,046,25*7B
$GPGSV,2,2,08,22,00,000,22,23,33,317,44,24,70,160,47,29,00,000,23*7A
$GPGSV,2,1,08,05,35,099,43,15,00,000,25,18,64,275,46,20,33,046,25*7B
$GPGSV,2,2,08,22,00,000,22,23,33,317,44,24,70,160,47,29,00,000,23*7A
$GPGSV,2,1,08,05,35,099,43,15,00,000,25,18,64,275,46,20,33,046,26*78
$GPGSV,2,2,08,22,00,000,22,23,33,317,44,24,70,160,47,29,00,000,23*7A
$GPGSV,2,1,08,05,35,099,43,15,00,000,25,18,64,275,46,20,33,046,27*79
$GPGSV,2,2,08,22,00,000,22,23,33,317,44,24,70,160,47,29,00,000,23*7A
$GPGSV,2,1,08,05,35,099,43,15,00,000,25,18,64,275,46,20,33,046,28*76
$GPGSV,2,2,08,22,00,000,22,23,33,317,44,24,70,160,47,29,00,000,23*7A
$GPGSV,2,1,08,05,35,099,43,15,00,000,24,18,64,275,46,20,33,046,28*77
$GPGSV,2,2,08,22,00,000,22,23,33,317,44,24,70,160,47,29,00,000,23*7A
$GPGSV,2,1,07,05,35,099,43,15,00,000,24,18,64,275,46,20,33,046,29*79
$GPGSV,2,2,07,22,00,000,23,23,33,317,44,24,70,160,47,,,,*4E
$GPGSV,2,1,07,05,35,099,44,15,00,000,24,18,64,275,46,20,33,046,30*76
$GPGSV,2,2,07,22,00,000,23,23,33,317,44,24,70,160,47,,,,*4E
$GPGSV,2,1,07,05,35,099,44,15,00,000,24,18,64,275,46,20,33,046,30*76
$GPGSV,2,2,07,22,00,000,23,23,33,317,44,24,70,160,47,,,,*4E
$GPGSV,2,1,07,05,35,099,44,15,00,000,24,18,64,275,46,20,33,046,31*77
$GPGSV,2,2,07,22,00,000,23,23,33,317,44,24,70,160,47,,,,*4E
$GPGSV,2,1,07,05,35,099,44,15,00,000,23,18,64,275,46,20,33,046,31*70
$GPGSV,2,2,07,22,00,000,23,23,33,317,44,24,70,160,47,,,,*4E
$GPGSV,2,1,07,05,35,099,43,15,00,000,23,18,64,275,46,20,33,046,31*77
$GPGSV,2,2,07,22,00,000,23,23,33,317,44,24,70,160,47,,,,*4E
$GPGSV,2,1,07,05,35,099,43,15,00,000,23,18,64,275,46,20,33,046,32*74
$GPGSV,2,2,07,22,00,000,23,23,33,317,44,24,70,160,47,,,,*4E
$GPGSV,2,1,07,05,35,099,43,15,00,000,23,18,64,275,46,20,33,046,32*74
$GPGSV,2,2,07,22,00,000,23,23,33,317,44,24,70,160,47,,,,*4E
$GPGSV,2,1,07,05,35,099,44,15,00,000,22,18,64,275,46,20,33,046,33*73
$GPGSV,2,2,07,22,00,000,23,23,33,317,44,24,70,160,47,,,,*4E
$GPGSV,2,1,07,05,35,099,44,15,00,000,22,18,64,275,46,20,33,046,33*73
$GPGSV,2,2,07,22,00,000,22,23,33,317,44,24,70,160,47,,,,*4F
$GPGSV,2,1,07,05,35,099,44,15,00,000,22,18,64,275,46,20,33,046,33*73
$GPGSV,2,2,07,22,00,000,22,23,33,317,44,24,70,160,47,,,,*4F
$GPGSV,2,1,07,05,35,099,44,15,00,000,22,18,64,275,47,20,33,046,33*72
$GPGSV,2,2,07,22,00,000,22,23,33,317,44,24,70,160,47,,,,*4F
$GPGSV,2,1,07,05,35,099,44,15,00,000,22,18,64,275,47,20,33,046,34*75
$GPGSV,2,2,07,22,00,000,22,23,33,317,44,24,70,160,47,,,,*4F
$GPGSV,2,1,07,05,35,099,44,15,00,000,22,18,64,275,47,20,33,046,34*75
$GPGSV,2,2,07,22,00,000,22,23,33,317,44,24,70,160,47,,,,*4F
$GPGSV,2,1,07,05,35,099,44,15,00,000,22,18,64,275,47,20,33,046,34*75
$GPGSV,2,2,07,22,00,000,22,23,33,317,44,24,70,160,47,,,,*4F
$GPGSV,2,1,07,05,35,099,44,15,00,000,22,18,64,275,47,20,33,046,34*75
$GPGSV,2,2,07,22,00,000,22,23,33,317,44,24,70,160,47,,,,*4F
$GPGSV,2,1,07,05,35,099,44,15,00,000,22,18,64,275,47,20,33,046,34*75
$GPGSV,2,2,07,22,00,000,22,23,33,317,44,24,70,160,47,,,,*4F
$GPGSV,2,1,07,05,35,099,44,15,00,000,21,18,64,275,47,20,33,046,34*76
$GPGSV,2,2,07,22,00,000,22,23,33,317,44,24,70,160,47,,,,*4F
$GPGSV,2,1,07,05,35,099,44,15,00,000,21,18,64,275,47,20,32,047,34*76
$GPGSV,2,2,07,22,00,000,22,23,33,317,44,24,70,160,47,,,,*4F
$GPGSV,2,1,07,05,35,099,44,15,00,000,21,18,64,275,47,20,32,047,34*76
$GPGSV,2,2,07,22,00,000,22,23,33,317,44,24,70,160,47,,,,*4F
$GPGSV,2,1,07,05,35,099,44,15,00,000,21,18,64,275,47,20,32,047,34*76
$GPGSV,2,2,07,22,00,000,21,23,33,317,44,24,70,160,47,,,,*4C
$GPGSV,2,1,07,05,35,099,44,15,00,000,22,18,64,275,47,20,32,047,34*75
$GPGSV,2,2,07,22,00,000,21,23,33,317,44,24,70,160,47,,,,*4C
$GPGSV,2,1,07,05,35,099,44,15,00,000,22,18,64,275,47,20,32,047,34*75
$GPGSV,2,2,07,22,00,000,21,23,33,317,44,24,70,160,47,,,,*4C
$GPGSV,2,1,07,05,35,099,44,15,00,000,22,18,64,275,47,20,32,047,34*75
$GPGSV,2,2,07,22,00,000,21,23,33,317,44,24,70,160,47,,,,*4C
$GPGSV,2,1,07,05,35,099,44,15,00,000,22,18,64,275,47,20,32,047,34*75
$GPGSV,2,2,07,22,00,000,21,23,33,317,44,24,70,160,47,,,,*4C
$GPGSV,2,1,07,05,35,099,44,15,00,000,22,18,64,275,46,20,32,047,34*74
$GPGSV,2,2,07,22,00,000,21,23,33,317,44,24,70,160,47,,,,*4C
$GPGSV,2,1,08,05,35,099,43,15,00,000,22,18,64,275,46,20,32,047,34*7C
$GPGSV,2,2,08,22,00,000,21,23,33,317,44,24,70,160,47,29,00,000,23*79
$GPGSV,2,1,08,05,35,099,43,15,00,000,21,18,64,275,46,20,32,047,34*7F
$GPGSV,2,2,08,22,00,000,21,23,33,317,44,24,70,160,47,29,00,000,24*7E
$GPGSV,2,1,08,05,35,099,43,15,00,000,21,18,64,275,46,20,32,047,34*7F
$GPGSV,2,2,08,22,00,000,21,23,33,317,44,24,70,160,47,29,00,000,25*7F
$GPGSV,2,1,08,05,35,099,43,15,00,000,21,18,64,275,46,20,32,047,34*7F
$GPGSV,2,2,08,22,00,000,21,23,33,317,44,24,70,160,47,29,00,000,25*7F
$GPGSV,2,1,08,05,35,099,43,15,00,000,21,18,64,275,46,20,32,047,34*7F
$GPGSV,2,2,08,22,00,000,21,23,33,317,44,24,70,160,47,29,00,000,25*7F
$GPGSV,2,1,08,05,35,099,43,15,00,000,21,18,64,275,46,20,32,047,34*7F
$GPGSV,2,2,08,22,00,000,21,23,33,317,44,24,70,160,47,29,00,000,25*7F
$GPGSV,2,1,08,05,35,099,43,15,00,000,21,18,64,275,46,20,32,047,34*7F
$GPGSV,2,2,08,22,00,000,22,23,33,317,44,24,70,160,47,29,00,000,25*7C
$GPGSV,2,1,08,05,35,099,43,15,00,000,20,18,64,275,46,20,32,047,34*7E
$GPGSV,2,2,08,22,00,000,22,23,33,317,44,24,70,160,47,29,00,000,26*7F
$GPGSV,2,1,08,05,35,099,43,15,00,000,20,18,64,275,46,20,32,047,34*7E
$GPGSV,2,2,08,22,00,000,21,23,33,317,44,24,70,160,47,29,00,000,26*7C
$GPGSV,2,1,08,05,35,099,43,15,00,000,20,18,64,275,46,20,32,047,34*7E
$GPGSV,2,2,08,22,00,000,21,23,33,317,44,24,70,160,47,29,00,000,27*7D
$GPGSV,2,1,08,05,35,099,43,15,00,000,20,18,64,275,46,20,32,047,34*7E
$GPGSV,2,2,08,22,00,000,21,23,33,317,44,24,70,160,47,29,00,000,27*7D
$GPGSV,2,1,07,05,35,099,43,15,00,000,20,18,64,275,46,20,32,047,34*71
$GPGSV,2,2,07,22,00,000,21,23,33,317,44,24,70,160,47,,,,*4C
$GPGSV,2,1,07,05,35,099,43,15,00,000,20,18,64,275,46,20,32,047,34*71
$GPGSV,2,2,07,22,00,000,21,23,33,317,44,24,70,160,47,,,,*4C
$GPGSV,2,1,07,05,35,099,43,15,00,000,20,18,64,275,46,20,32,047,34*71
$GPGSV,2,2,07,22,00,000,21,23,33,317,44,24,70,160,47,,,,*4C
$GPGSV,2,1,07,05,35,099,43,15,00,000,20,18,64,275,46,20,32,047,34*71
$GPGSV,2,2,07,22,00,000,21,23,33,317,44,24,70,160,47,,,,*4C
$GPGSV,2,1,07,05,35,099,43,15,00,000,20,18,64,275,46,20,32,047,34*71
$GPGSV,2,2,07,22,00,000,20,23,33,317,44,24,70,160,47,,,,*4D
$GPGSV,2,1,07,05,35,099,43,15,00,000,20,18,64,275,46,20,32,047,34*71
$GPGSV,2,2,07,22,00,000,20,23,33,317,44,24,70,160,47,,,,*4D
$GPGSV,2,1,07,05,35,099,43,15,00,000,20,18,64,275,46,20,32,047,33*76
$GPGSV,2,2,07,22,00,000,20,23,33,317,44,24,70,160,47,,,,*4D
$GPGSV,2,1,08,05,35,099,43,15,00,000,20,18,64,275,46,20,32,047,33*79
$GPGSV,2,2,08,22,00,000,21,23,33,317,44,24,70,160,47,29,00,000,30*7B
$GPGSV,2,1,08,05,35,099,43,15,00,000,20,18,64,275,46,20,32,047,33*79
$GPGSV,2,2,08,22,00,000,21,23,33,317,44,24,70,160,47,29,00,000,31*7A
$GPGSV,2,1,08,05,35,099,43,15,00,000,20,18,64,275,46,20,32,047,33*79
$GPGSV,2,2,08,22,00,000,21,23,33,317,44,24,70,160,47,29,00,000,31*7A
$GPGSV,2,1,08,05,35,099,43,15,00,000,20,18,64,275,46,20,32,047,33*79
$GPGSV,2,2,08,22,00,000,21,23,33,317,44,24,70,160,47,29,00,000,31*7A
$GPGSV,2,1,08,05,35,099,43,15,00,000,20,18,64,275,46,20,32,047,33*79
$GPGSV,2,2,08,22,00,000,22,23,33,317,44,24,70,160,47,29,00,000,30*78
$GPGSV,2,1,07,05,35,099,43,15,00,000,19,18,64,275,46,20,32,047,33*7C
$GPGSV,2,2,07,22,00,000,22,23,33,317,44,24,70,160,47,,,,*4F
$GPGSV,2,1,07,05,35,099,43,15,00,000,18,18,64,275,46,20,32,047,33*7D
$GPGSV,2,2,07,22,00,000,22,23,33,317,44,24,70,160,47,,,,*4F
$GPGSV,2,1,07,05,35,099,43,15,00,000,17,18,64,275,46,20,32,047,33*72
$GPGSV,2,2,07,22,00,000,22,23,33,317,44,24,70,160,47,,,,*4F
$GPGSV,2,1,07,05,35,099,43,15,00,000,17,18,64,275,46,20,32,047,32*73
$GPGSV,2,2,07,22,00,000,22,23,33,317,44,24,70,160,47,,,,*4F
$GPGSV,2,1,07,05,35,099,43,15,00,000,17,18,64,275,46,20,32,047,32*73
$GPGSV,2,2,07,22,00,000,21,23,33,317,44,24,70,160,47,,,,*4C
$GPGSV,2,1,07,05,35,099,43,15,00,000,16,18,64,275,46,20,32,047,30*70
$GPGSV,2,2,07,22,00,000,21,23,33,317,44,24,70,160,47,,,,*4C
$GPGSV,2,1,07,05,35,099,43,15,00,000,16,18,64,275,46,20,32,047,29*78
$GPGSV,2,2,07,22,00,000,21,23,33,317,44,24,70,160,47,,,,*4C
$GPGSV,2,1,08,05,35,099,43,15,00,000,16,18,64,275,46,20,32,047,28*76
$GPGSV,2,2,08,22,00,000,21,23,33,317,44,24,70,160,47,29,00,000,26*7C
$GPGSV,2,1,08,05,35,099,43,15,00,000,16,18,64,275,46,20,32,047,27*79
$GPGSV,2,2,08,22,00,000,21,23,33,317,44,24,70,160,47,29,00,000,24*7E
$GPGSV,2,1,07,05,35,099,43,15,00,000,16,18,64,275,46,20,32,047,26*77
$GPGSV,2,2,07,22,00,000,21,23,33,317,44,24,70,160,47,,,,*4C
$GPGSV,2,1,07,05,35,099,43,15,00,000,16,18,64,275,46,20,32,047,26*77
$GPGSV,2,2,07,22,00,000,21,23,33,317,44,24,70,160,47,,,,*4C
$GPGSV,2,1,07,05,35,099,43,15,00,000,15,18,64,275,46,20,32,047,25*77
$GPGSV,2,2,07,22,00,000,21,23,33,317,44,24,70,160,47,,,,*4C
$GPGSV,2,1,07,05,35,099,43,15,00,000,15,18,64,275,46,20,32,047,24*76
$GPGSV,2,2,07,22,00,000,21,23,33,317,44,24,70,160,47,,,,*4C
$GPGSV,2,1,06,05,35,099,43,18,64,275,46,20,32,047,24,22,00,000,21*74
$GPGSV,2,2,06,23,33,317,44,24,70,160,47,,,,,,,,*7E
$GPGSV,2,1,06,05,35,099,43,18,64,275,46,20,32,047,24,22,00,000,21*74
$GPGSV,2,2,06,23,33,317,44,24,70,160,47,,,,,,,,*7E
$GPGSV,2,1,06,05,35,099,43,18,64,275,46,20,32,047,24,22,00,000,21*74
$GPGSV,2,2,06,23,33,317,44,24,70,160,47,,,,,,,,*7E
$GPGSV,2,1,06,05,35,099,43,18,64,275,46,20,32,047,24,22,00,000,22*77
$GPGSV,2,2,06,23,33,317,44,24,70,160,47,,,,,,,,*7E
$GPGSV,2,1,06,05,35,099,43,18,64,275,46,20,32,047,24,22,00,000,22*77
$GPGSV,2,2,06,23,33,317,44,24,70,160,47,,,,,,,,*7E
$GPGSV,2,1,07,05,35,099,43,18,64,275,46,20,32,047,25,22,00,000,22*77
$GPGSV,2,2,07,23,33,317,44,24,70,160,47,29,00,000,25,,,,*43
$GPGSV,2,1,07,05,35,099,43,18,64,275,46,20,32,047,25,22,00,000,22*77
$GPGSV,2,2,07,23,33,317,44,24,70,160,47,29,00,000,25,,,,*43
$GPGSV,2,1,07,05,35,099,43,18,64,275,46,20,32,047,25,22,00,000,22*77
$GPGSV,2,2,07,23,33,317,44,24,70,160,47,29,00,000,25,,,,*43
$GPGSV,2,1,07,05,35,099,43,18,64,275,46,20,32,047,25,22,00,000,22*77
$GPGSV,2,2,07,23,33,317,44,24,70,160,47,29,00,000,26,,,,*40
$GPGSV,2,1,07,05,35,099,43,18,64,275,46,20,32,047,26,22,00,000,22*74
$GPGSV,2,2,07,23,33,317,44,24,70,160,47,29,00,000,26,,,,*40
$GPGSV,2,1,07,05,35,099,43,18,64,275,46,20,32,047,26,22,00,000,22*74
$GPGSV,2,2,07,23,33,317,44,24,70,160,47,29,00,000,27,,,,*41
$GPGSV,2,1,07,05,35,099,43,18,64,275,46,20,32,047,26,22,00,000,21*77
$GPGSV,2,2,07,23,33,317,44,24,70,160,47,29,00,000,27,,,,*41
$GPGSV,2,1,07,05,35,099,43,18,64,275,46,20,32,047,27,22,00,000,21*76
$GPGSV,2,2,07,23,33,317,44,24,70,160,47,29,00,000,26,,,,*40
$GPGSV,2,1,07,05,35,099,43,18,64,275,46,20,32,047,27,22,00,000,21*76
$GPGSV,2,2,07,23,33,317,44,24,70,160,47,29,00,000,26,,,,*40
$GPGSV,2,1,07,05,35,099,43,18,64,275,46,20,32,047,27,22,00,000,21*76
$GPGSV,2,2,07,23,33,317,44,24,70,160,47,29,00,000,26,,,,*40
$GPGSV,2,1,06,05,35,099,43,18,64,275,46,20,32,047,28,22,00,000,21*78
$GPGSV,2,2,06,23,33,317,44,24,70,160,47,,,,,,,,*7E
$GPGSV,2,1,06,05,35,099,44,18,64,275,46,20,32,047,28,22,00,000,21*7F
$GPGSV,2,2,06,23,33,317,44,24,70,160,47,,,,,,,,*7E
$GPGSV,2,1,06,05,35,099,44,18,64,275,46,20,32,047,28,22,00,000,21*7F
$GPGSV,2,2,06,23,33,317,44,24,70,160,47,,,,,,,,*7E
$GPGSV,2,1,06,05,35,099,44,18,64,275,46,20,32,047,29,22,00,000,21*7E
$GPGSV,2,2,06,23,33,317,44,24,70,160,47,,,,,,,,*7E
$GPGSV,2,1,06,05,35,099,44,18,64,275,46,20,32,047,29,22,00,000,21*7E
$GPGSV,2,2,06,23,33,317,44,24,70,160,47,,,,,,,,*7E
$GPGSV,2,1,06,05,35,099,44,18,64,275,46,20,32,047,29,22,00,000,21*7E
$GPGSV,2,2,06,23,33,317,44,24,70,160,47,,,,,,,,*7E
$GPGSV,2,1,06,05,35,099,44,18,64,275,46,20,32,047,30,22,00,000,21*76
$GPGSV,2,2,06,23,33,317,44,24,70,160,47,,,,,,,,*7E
$GPGSV,2,1,07,05,35,099,44,15,00,000,22,18,64,275,46,20,32,047,30*70
$GPGSV,2,2,07,22,00,000,22,23,33,317,44,24,70,160,47,,,,*4F
$GPGSV,2,1,07,05,35,099,44,15,00,000,24,18,64,275,46,20,32,047,30*76
$GPGSV,2,2,07,22,00,000,22,23,33,317,44,24,70,160,47,,,,*4F
$GPGSV,2,1,07,05,35,099,44,15,00,000,24,18,64,275,46,20,32,047,30*76
$GPGSV,2,2,07,22,00,000,22,23,33,317,44,24,70,160,47,,,,*4F
$GPGSV,2,1,07,05,35,099,44,15,00,000,24,18,64,275,46,20,32,047,30*76
$GPGSV,2,2,07,22,00,000,22,23,33,317,44,24,70,160,47,,,,*4F
$GPGSV,2,1,07,05,35,099,44,15,00,000,24,18,64,275,46,20,32,047,31*77
$GPGSV,2,2,07,22,00,000,22,23,33,317,44,24,70,160,47,,,,*4F
$GPGSV,2,1,07,05,35,099,44,15,00,000,24,18,64,275,46,20,32,047,31*77
$GPGSV,2,2,07,22,00,000,22,23,33,317,44,24,70,160,47,,,,*4F
$GPGSV,2,1,07,05,35,099,44,15,00,000,24,18,64,275,46,20,32,047,31*77
$GPGSV,2,2,07,22,00,000,22,23,33,317,44,24,70,160,47,,,,*4F
$GPGSV,2,1,07,05,35,099,44,15,00,000,24,18,64,275,46,20,32,047,31*77
$GPGSV,2,2,07,22,00,000,22,23,33,317,44,24,70,160,47,,,,*4F
$GPGSV,2,1,07,05,35,099,44,15,00,000,24,18,64,275,46,20,32,047,31*77
$GPGSV,2,2,07,22,00,000,22,23,33,317,44,24,70,160,47,,,,*4F
$GPGSV,2,1,07,05,35,099,44,15,00,000,25,18,64,275,46,20,32,047,31*76
$GPGSV,2,2,07,22,00,000,22,23,33,317,45,24,70,160,47,,,,*4E
$GPGSV,2,1,07,05,35,099,44,15,00,000,25,18,64,275,46,20,32,047,30*77
$GPGSV,2,2,07,22,00,000,22,23,33,317,45,24,70,160,47,,,,*4E
$GPGSV,2,1,07,05,35,099,44,15,00,000,24,18,64,275,46,20,32,047,30*76
$GPGSV,2,2,07,22,00,000,21,23,33,317,45,24,70,160,47,,,,*4D
$GPGSV,2,1,07,05,35,099,44,15,00,000,24,18,64,275,46,20,32,047,30*76
$GPGSV,2,2,07,22,00,000,21,23,33,317,45,24,70,160,47,,,,*4D
$GPGSV,2,1,07,05,35,099,44,15,00,000,24,18,64,275,46,20,32,047,31*77
$GPGSV,2,2,07,22,00,000,21,23,33,317,45,24,70,160,47,,,,*4D
$GPGSV,2,1,07,05,35,099,44,15,00,000,23,18,64,275,46,20,32,047,31*70
$GPGSV,2,2,07,22,00,000,22,23,33,317,45,24,70,160,47,,,,*4E
$GPGSV,2,1,07,05,35,099,44,15,00,000,23,18,64,275,46,20,32,047,31*70
$GPGSV,2,2,07,22,00,000,22,23,33,317,45,24,70,160,47,,,,*4E
$GPGSV,2,1,07,05,35,099,44,15,00,000,23,18,64,275,46,20,32,047,31*70
$GPGSV,2,2,07,22,00,000,22,23,33,317,45,24,70,160,47,,,,*4E
$GPGSV,2,1,07,05,35,099,44,15,00,000,23,18,64,275,46,20,32,047,30*71
$GPGSV,2,2,07,22,00,000,22,23,33,317,45,24,70,160,47,,,,*4E
$GPGSV,2,1,07,05,35,099,44,15,00,000,23,18,64,275,46,20,32,047,30*71
$GPGSV,2,2,07,22,00,000,22,23,33,317,45,24,70,160,47,,,,*4E
$GPGSV,2,1,07,05,35,099,44,15,00,000,23,18,64,275,46,20,32,047,30*71
$GPGSV,2,2,07,22,00,000,22,23,33,317,45,24,70,160,47,,,,*4E
$GPGSV,2,1,08,05,35,099,44,15,00,000,24,18,64,275,46,20,32,047,29*71
$GPGSV,2,2,08,22,00,000,22,23,33,317,44,24,70,160,47,29,00,000,26*7F
$GPGSV,2,1,08,05,35,099,44,15,00,000,24,18,64,275,46,20,32,047,29*71
$GPGSV,2,2,08,22,00,000,22,23,33,317,44,24,70,160,47,29,00,000,27*7E
$GPGSV,2,1,08,05,35,099,44,15,00,000,23,18,64,275,46,20,32,047,28*77
$GPGSV,2,2,08,22,00,000,21,23,33,317,44,24,70,160,47,29,00,000,27*7D
$GPGSV,2,1,08,05,35,099,44,15,00,000,23,18,64,275,46,20,32,047,28*77
$GPGSV,2,2,08,22,00,000,22,23,33,317,44,24,70,160,47,29,00,000,28*71
$GPGSV,2,1,08,05,35,099,44,15,00,000,23,18,64,275,46,20,32,047,28*77
$GPGSV,2,2,08,22,00,000,22,23,33,317,44,24,70,160,47,29,00,000,28*71
$GPGSV,2,1,08,05,35,099,44,15,00,000,23,18,64,275,46,20,32,047,27*78
$GPGSV,2,2,08,22,00,000,22,23,33,317,44,24,70,160,47,29,00,000,28*71
$GPGSV,2,1,08,05,35,099,44,15,00,000,24,18,64,275,46,20,32,047,27*7F
$GPGSV,2,2,08,22,00,000,22,23,33,317,44,24,70,160,47,29,00,000,28*71
$GPGSV,2,1,08,05,35,099,44,15,00,000,24,18,64,275,46,20,32,047,26*7E
$GPGSV,2,2,08,22,00,000,22,23,33,317,44,24,70,160,47,29,00,000,28*71
$GPGSV,2,1,08,05,35,099,44,15,00,000,24,18,64,275,46,20,32,047,25*7D
$GPGSV,2,2,08,22,00,000,22,23,33,317,44,24,70,160,47,29,00,000,28*71
$GPGSV,2,1,08,05,35,099,44,15,00,000,25,18,64,275,46,20,00,000,24*7F
$GPGSV,2,2,08,22,00,000,22,23,33,317,44,24,70,160,47,29,00,000,27*7E
$GPGSV,2,1,08,05,35,099,44,15,00,000,25,18,64,275,46,20,00,000,24*7F
$GPGSV,2,2,08,22,00,000,21,23,33,317,44,24,70,160,47,29,00,000,27*7D
$GPGSV,2,1,07,05,35,099,44,15,00,000,25,18,64,275,46,20,00,000,23*77
$GPGSV,2,2,07,22,00,000,21,23,33,317,44,24,70,160,47,,,,*4C
$GPGSV,2,1,07,05,35,099,44,15,00,000,25,18,64,275,46,20,00,000,22*76
$GPGSV,2,2,07,22,00,000,21,23,33,317,44,24,70,160,47,,,,*4C
$GPGSV,2,1,07,05,35,099,44,15,00,000,25,18,64,275,46,20,00,000,22*76
$GPGSV,2,2,07,22,00,000,21,23,33,317,44,24,70,160,47,,,,*4C
$GPGSV,2,1,07,05,35,099,44,15,00,000,26,18,64,275,46,20,00,000,22*75
$GPGSV,2,2,07,22,00,000,21,23,33,317,44,24,70,160,47,,,,*4C
$GPGSV,2,1,07,05,35,099,44,15,00,000,26,18,64,275,46,20,00,000,21*76
$GPGSV,2,2,07,22,00,000,21,23,33,317,44,24,70,160,47,,,,*4C
$GPGSV,2,1,07,05,35,099,44,15,00,000,26,18,64,275,46,20,00,000,20*77
$GPGSV,2,2,07,22,00,000,21,23,33,317,44,24,70,160,47,,,,*4C
$GPGSV,2,1,07,05,35,099,44,15,00,000,26,18,64,275,46,20,00,000,20*77
$GPGSV,2,2,07,22,00,000,21,23,33,317,45,24,70,160,47,,,,*4D
$GPGSV,2,1,08,05,35,099,44,15,00,000,26,18,64,275,46,20,00,000,20*78
$GPGSV,2,2,08,22,00,000,20,23,33,317,45,24,70,160,47,29,00,000,30*7B
$GPGSV,2,1,08,05,35,099,45,15,00,000,26,18,64,275,46,20,00,000,19*73
$GPGSV,2,2,08,22,00,000,20,23,33,317,45,24,70,160,47,29,00,000,30*7B
$GPGSV,2,1,08,05,35,099,45,15,00,000,26,18,64,275,46,20,00,000,19*73
$GPGSV,2,2,08,22,00,000,20,23,33,317,45,24,70,160,47,29,00,000,30*7B
$GPGSV,2,1,08,05,35,099,45,15,00,000,26,18,64,275,46,20,00,000,18*72
$GPGSV,2,2,08,22,00,000,20,23,33,317,45,24,70,160,47,29,00,000,29*73
$GPGSV,2,1,08,05,35,099,45,15,00,000,26,18,64,275,46,20,00,000,19*73
$GPGSV,2,2,08,22,00,000,20,23,33,317,45,24,70,160,47,29,00,000,28*72
$GPGSV,2,1,07,05,35,099,45,15,00,000,27,18,64,275,46,20,00,000,19*7D
$GPGSV,2,2,07,22,00,000,20,23,33,317,44,24,70,160,47,,,,*4D
$GPGSV,2,1,07,05,35,099,45,15,00,000,27,18,64,275,46,20,00,000,19*7D
$GPGSV,2,2,07,22,00,000,20,23,33,317,45,24,70,160,47,,,,*4C
$GPGSV,2,1,07,05,35,099,45,15,00,000,27,18,64,275,46,20,00,000,20*77
$GPGSV,2,2,07,22,00,000,20,23,33,317,45,24,70,160,47,,,,*4C
$GPGSV,2,1,07,05,35,099,45,15,00,000,26,18,64,275,46,20,00,000,22*74
$GPGSV,2,2,07,22,00,000,21,23,33,317,45,24,70,160,47,,,,*4D
$GPGSV,2,1,07,05,35,099,45,15,00,000,26,18,64,275,46,20,00,000,22*74
$GPGSV,2,2,07,22,00,000,20,23,33,317,45,24,70,160,47,,,,*4C
$GPGSV,2,1,07,05,35,099,45,15,00,000,26,18,64,275,46,20,00,000,23*75
$GPGSV,2,2,07,22,00,000,20,23,33,317,45,24,70,160,47,,,,*4C
$GPGSV,2,1,07,05,35,099,45,15,00,000,25,18,64,275,46,20,00,000,24*71
$GPGSV,2,2,07,22,00,000,20,23,33,317,45,24,70,160,47,,,,*4C
$GPGSV,2,1,07,05,35,099,45,15,00,000,25,18,64,275,46,20,00,000,25*70
$GPGSV,2,2,07,22,00,000,20,23,33,317,45,24,70,160,47,,,,*4C
$GPGSV,2,1,07,05,35,099,45,15,00,000,25,18,64,275,46,20,00,000,26*73
$GPGSV,2,2,07,22,00,000,21,23,33,317,45,24,70,160,47,,,,*4D
$GPGSV,2,1,07,05,35,099,45,15,00,000,25,18,64,275,46,20,00,000,26*73
$GPGSV,2,2,07,22,00,000,21,23,33,317,45,24,70,160,47,,,,*4D
$GPGSV,2,1,07,05,35,099,45,15,00,000,25,18,64,275,46,20,32,047,27*70
$GPGSV,2,2,07,22,00,000,22,23,33,317,45,24,70,160,47,,,,*4E
$GPGSV,2,1,07,05,35,099,45,15,00,000,25,18,64,275,46,20,32,047,27*70
$GPGSV,2,2,07,22,00,000,22,23,33,317,45,24,70,160,47,,,,*4E
$GPGSV,2,1,07,05,35,099,45,15,00,000,25,18,64,275,46,20,32,047,28*7F
$GPGSV,2,2,07,22,00,000,22,23,33,317,45,24,70,160,47,,,,*4E
$GPGSV,2,1,08,05,35,099,45,15,00,000,25,18,64,275,46,20,32,047,28*70
$GPGSV,2,2,08,22,00,000,22,23,33,317,45,24,70,160,47,29,00,000,27*7F
$GPGSV,2,1,08,05,35,099,45,15,00,000,26,18,64,275,46,20,32,047,29*72
$GPGSV,2,2,08,22,00,000,22,23,33,317,45,24,70,160,47,29,00,000,26*7E
$GPGSV,2,1,08,05,35,099,45,15,00,000,26,18,64,275,46,20,32,047,29*72
$GPGSV,2,2,08,22,00,000,22,23,33,317,45,24,70,160,47,29,00,000,26*7E
$GPGSV,2,1,08,05,35,099,45,15,00,000,26,18,64,275,46,20,32,047,30*7A
$GPGSV,2,2,08,22,00,000,22,23,33,317,45,24,70,160,47,29,00,000,26*7E
$GPGSV,2,1,08,05,35,099,45,15,00,000,26,18,64,275,46,20,32,047,30*7A
$GPGSV,2,2,08,22,00,000,22,23,33,317,45,24,70,160,47,29,00,000,26*7E
$GPGSV,2,1,08,05,35,099,45,15,00,000,26,18,64,275,46,20,32,047,31*7B
$GPGSV,2,2,08,22,00,000,21,23,33,317,44,24,70,160,47,29,00,000,25*7F
$GPGSV,2,1,08,05,35,099,45,15,00,000,27,18,64,275,46,20,32,047,31*7A
$GPGSV,2,2,08,22,00,000,21,23,33,317,44,24,70,160,47,29,00,000,25*7F
$GPGSV,2,1,08,05,35,099,45,15,00,000,27,18,64,275,46,20,32,047,31*7A
$GPGSV,2,2,08,22,00,000,22,23,33,317,44,24,70,160,47,29,00,000,25*7C
$GPGSV,2,1,08,05,35,099,45,15,00,000,27,18,64,275,46,20,32,047,31*7A
$GPGSV,2,2,08,22,00,000,22,23,33,317,44,24,70,160,47,29,00,000,24*7D
$GPGSV,2,1,08,05,35,099,45,15,00,000,27,18,64,275,46,20,32,047,32*79
$GPGSV,2,2,08,22,00,000,22,23,33,317,44,24,70,160,47,29,00,000,23*7A
$GPGSV,2,1,08,05,35,099,45,15,00,000,27,18,64,275,46,20,32,047,32*79
$GPGSV,2,2,08,22,00,000,22,23,33,317,44,24,70,160,47,29,00,000,22*7B
$GPGSV,2,1,08,05,35,099,45,15,00,000,26,18,64,275,46,20,32,047,32*78
$GPGSV,2,2,08,22,00,000,21,23,33,317,44,24,70,160,47,29,00,000,22*78
$GPGSV,2,1,08,05,35,099,45,15,00,000,26,18,64,275,46,20,32,047,32*78
$GPGSV,2,2,08,22,00,000,21,23,33,317,44,24,70,160,47,29,00,000,21*7B
$GPGSV,2,1,08,05,35,099,45,15,00,000,26,18,64,275,46,20,32,047,32*78
$GPGSV,2,2,08,22,00,000,21,23,33,317,44,24,70,160,47,29,00,000,21*7B
$GPGSV,2,1,08,05,35,099,45,15,00,000,26,18,64,275,46,20,32,047,32*78
$GPGSV,2,2,08,22,00,000,21,23,33,317,44,24,70,160,47,29,00,000,21*7B
$GPGSV,2,1,08,05,35,099,45,15,00,000,25,18,64,275,46,20,32,047,32*7B
$GPGSV,2,2,08,22,00,000,21,23,33,317,45,24,70,160,47,29,00,000,20*7B
$GPGSV,2,1,08,05,35,099,45,15,00,000,25,18,64,275,46,20,32,047,32*7B
$GPGSV,2,2,08,22,00,000,21,23,33,317,45,24,70,160,47,29,00,000,20*7B
$GPGSV,2,1,07,05,35,099,45,15,00,000,25,18,64,275,46,20,32,047,32*74
$GPGSV,2,2,07,22,00,000,21,23,33,317,45,24,70,160,47,,,,*4D
$GPGSV,2,1,07,05,35,099,45,15,00,000,25,18,64,275,46,20,32,047,32*74
$GPGSV,2,2,07,22,00,000,21,23,33,317,45,24,70,160,47,,,,*4D
$GPGSV,2,1,07,05,35,099,45,15,00,000,25,18,64,275,46,20,32,047,32*74
$GPGSV,2,2,07,22,00,000,21,23,33,317,45,24,70,160,47,,,,*4D
$GPGSV,2,1,07,05,35,099,45,15,00,000,25,18,64,275,46,20,32,047,32*74
$GPGSV,2,2,07,22,00,000,21,23,33,317,45,24,70,160,47,,,,*4D
$GPGSV,2,1,07,05,35,099,45,15,00,000,25,18,64,275,46,20,32,047,32*74
$GPGSV,2,2,07,22,00,000,21,23,33,317,45,24,70,160,47,,,,*4D
$GPGSV,2,1,07,05,35,099,45,15,00,000,25,18,64,275,46,20,32,047,32*74
$GPGSV,2,2,07,22,00,000,21,23,33,317,45,24,70,160,47,,,,*4D
$GPGSV,2,1,07,05,35,099,45,15,00,000,24,18,64,275,46,20,32,047,32*75
$GPGSV,2,2,07,22,00,000,21,23,33,317,45,24,70,160,47,,,,*4D
$GPGSV,2,1,07,05,35,099,45,15,00,000,24,18,64,275,46,20,32,047,32*75
$GPGSV,2,2,07,22,00,000,21,23,33,317,45,24,70,160,47,,,,*4D
$GPGSV,2,1,07,05,35,099,45,15,00,000,24,18,64,275,46,20,32,047,32*75
$GPGSV,2,2,07,22,00,000,21,23,33,317,45,24,70,160,47,,,,*4D
$GPGSV,2,1,07,05,35,099,45,15,00,000,25,18,64,275,46,20,32,047,32*74
$GPGSV,2,2,07,22,00,000,21,23,33,317,45,24,70,160,47,,,,*4D
$GPGSV,2,1,07,05,35,099,45,15,00,000,24,18,64,275,46,20,32,047,32*75
$GPGSV,2,2,07,22,00,000,20,23,33,317,45,24,70,160,47,,,,*4C
$GPGSV,2,1,07,05,35,099,45,15,00,000,24,18,64,275,46,20,32,047,32*75
$GPGSV,2,2,07,22,00,000,20,23,33,317,45,24,70,160,47,,,,*4C
$GPGSV,2,1,07,05,35,099,45,15,00,000,24,18,64,275,46,20,32,047,32*75
$GPGSV,2,2,07,22,00,000,20,23,33,317,45,24,70,160,47,,,,*4C
$GPGSV,2,1,07,05,35,099,45,15,00,000,24,18,64,275,46,20,32,047,32*75
$GPGSV,2,2,07,22,00,000,20,23,33,317,45,24,70,160,47,,,,*4C
$GPGSV,2,1,08,05,35,099,45,15,00,000,24,18,64,275,47,20,32,047,32*7B
$GPGSV,2,2,08,22,00,000,20,23,33,317,45,24,70,160,47,29,00,000,26*7C
$GPGSV,2,1,08,05,35,099,45,15,00,000,24,18,64,275,47,20,32,047,32*7B
$GPGSV,2,2,08,22,00,000,20,23,33,317,45,24,70,160,47,29,00,000,25*7F
$GPGSV,2,1,08,05,35,099,45,15,00,000,24,18,64,275,47,20,32,047,32*7B
$GPGSV,2,2,08,22,00,000,20,23,33,317,45,24,70,160,47,29,00,000,25*7F
$GPGSV,2,1,08,05,35,099,45,15,00,000,24,18,64,275,47,20,32,047,32*7B
$GPGSV,2,2,08,22,00,000,20,23,33,317,45,24,70,160,47,29,00,000,25*7F
$GPGSV,2,1,08,05,35,099,45,15,00,000,24,18,64,275,47,20,32,047,32*7B
$GPGSV,2,2,08,22,00,000,20,23,33,317,45,24,70,160,47,29,00,000,25*7F
$GPGSV,2,1,08,05,35,099,45,15,00,000,24,18,64,275,47,20,32,047,32*7B
$GPGSV,2,2,08,22,00,000,20,23,33,317,45,24,70,160,47,29,00,000,24*7E
$GPGSV,2,1,08,05,35,099,45,15,00,000,24,18,64,275,47,20,32,047,32*7B
$GPGSV,2,2,08,22,00,000,20,23,33,317,45,24,70,160,47,29,00,000,24*7E
$GPGSV,2,1,08,05,35,099,45,15,00,000,24,18,64,275,47,20,32,047,32*7B
$GPGSV,2,2,08,22,00,000,20,23,33,317,45,24,70,160,47,29,00,000,23*79
$GPGSV,2,1,07,05,35,099,45,15,00,000,24,18,64,275,47,20,32,047,32*74
$GPGSV,2,2,07,22,00,000,20,23,33,317,44,24,70,160,47,,,,*4D
$GPGSV,2,1,07,05,35,099,45,15,00,000,23,18,64,275,47,20,32,047,32*73
$GPGSV,2,2,07,22,00,000,20,23,33,317,44,24,70,160,47,,,,*4D
$GPGSV,2,1,07,05,35,099,45,15,00,000,23,18,64,275,47,20,32,047,32*73
$GPGSV,2,2,07,22,00,000,20,23,33,317,44,24,70,160,47,,,,*4D
$GPGSV,2,1,07,05,35,099,45,15,00,000,23,18,64,275,47,20,32,047,31*70
$GPGSV,2,2,07,22,00,000,20,23,33,317,44,24,70,160,47,,,,*4D
$GPGSV,2,1,07,05,35,099,45,15,00,000,23,18,64,275,47,20,32,047,31*70
$GPGSV,2,2,07,22,00,000,19,23,33,317,44,24,70,160,47,,,,*47
$GPGSV,2,1,07,05,35,099,45,15,00,000,23,18,64,275,47,20,32,047,31*70
$GPGSV,2,2,07,22,00,000,19,23,33,317,44,24,70,160,47,,,,*47
$GPGSV,2,1,07,05,35,099,45,15,00,000,22,18,64,275,47,20,32,047,30*70
$GPGSV,2,2,07,22,00,000,18,23,33,317,45,24,70,160,47,,,,*47
$GPGSV,2,1,07,05,35,099,45,15,00,000,22,18,64,275,47,20,32,047,29*78
$GPGSV,2,2,07,22,00,000,18,23,33,317,45,24,70,160,47,,,,*47
$GPGSV,2,1,07,05,35,099,45,15,00,000,23,18,64,275,46,20,32,047,28*79
$GPGSV,2,2,07,22,00,000,18,23,33,317,45,24,70,160,47,,,,*47
$GPGSV,2,1,07,05,35,099,45,15,00,000,23,18,64,275,46,20,32,047,28*79
$GPGSV,2,2,07,22,00,000,17,23,33,317,45,24,70,160,47,,,,*48
$GPGSV,2,1,07,05,35,099,45,15,00,000,24,18,64,275,46,20,32,047,27*71
$GPGSV,2,2,07,22,00,000,17,23,33,317,45,24,70,160,47,,,,*48
$GPGSV,2,1,07,05,35,099,45,15,00,000,24,18,64,275,46,20,32,047,27*71
$GPGSV,2,2,07,22,00,000,18,23,33,317,45,24,70,160,47,,,,*47
$GPGSV,2,1,07,05,35,099,45,15,00,000,24,18,64,275,46,20,32,047,27*71
$GPGSV,2,2,07,22,00,000,18,23,33,317,45,24,70,160,47,,,,*47
$GPGSV,2,1,07,05,35,099,45,15,00,000,24,18,64,275,46,20,32,047,26*70
$GPGSV,2,2,07,22,00,000,18,23,33,317,45,24,70,160,47,,,,*47
$GPGSV,2,1,08,05,35,099,45,15,00,000,24,18,64,275,46,20,32,047,26*7F
$GPGSV,2,2,08,22,00,000,18,23,33,317,45,24,70,160,47,29,00,000,23*72
$GPGSV,2,1,08,05,35,099,45,15,00,000,24,18,64,275,46,20,32,047,25*7C
$GPGSV,2,2,08,22,00,000,18,23,33,317,45,24,70,160,47,29,00,000,24*75
$GPGSV,2,1,08,05,35,099,45,15,00,000,24,18,64,275,46,20,32,047,25*7C
$GPGSV,2,2,08,22,00,000,18,23,33,317,45,24,70,160,47,29,00,000,24*75
$GPGSV,2,1,08,05,35,099,45,15,00,000,24,18,64,275,46,20,32,047,25*7C
$GPGSV,2,2,08,22,00,000,18,23,33,317,45,24,70,160,47,29,00,000,24*75
$GPGSV,2,1,07,05,35,099,45,15,00,000,25,18,64,275,46,20,32,047,25*72
$GPGSV,2,2,07,22,00,000,17,23,33,317,45,24,70,160,47,,,,*48
$GPGSV,2,1,07,05,35,099,45,15,00,000,25,18,64,275,46,20,00,000,24*71
$GPGSV,2,2,07,22,00,000,17,23,33,317,45,24,70,160,47,,,,*48
$GPGSV,2,1,07,05,35,099,45,15,00,000,25,18,64,275,46,20,00,000,24*71
$GPGSV,2,2,07,22,00,000,17,23,33,317,45,24,70,160,47,,,,*48
$GPGSV,2,1,07,05,35,099,45,15,00,000,25,18,64,275,46,20,32,047,24*73
$GPGSV,2,2,07,22,00,000,17,23,33,317,45,24,70,160,47,,,,*48
$GPGSV,2,1,07,05,35,099,45,15,00,000,25,18,64,275,46,20,32,047,24*73
$GPGSV,2,2,07,22,00,000,17,23,33,317,45,24,70,160,47,,,,*48
$GPGSV,2,1,07,05,35,099,45,15,00,000,25,18,64,275,46,20,32,047,24*73
$GPGSV,2,2,07,22,00,000,17,23,33,317,45,24,70,160,47,,,,*48
$GPGSV,2,1,08,05,35,099,45,15,00,000,25,18,64,275,46,20,32,047,24*7C
$GPGSV,2,2,08,22,00,000,17,23,33,317,45,24,70,160,47,29,00,000,31*7E
$GPGSV,2,1,08,05,35,099,45,15,00,000,25,18,64,275,46,20,32,047,25*7D
$GPGSV,2,2,08,22,00,000,16,23,33,317,45,24,70,160,47,29,00,000,31*7F
$GPGSV,2,1,08,05,35,099,45,15,00,000,25,18,64,275,46,20,32,047,25*7D
$GPGSV,2,2,08,22,00,000,16,23,33,317,45,24,70,160,47,29,00,000,32*7C
$GPGSV,2,1,08,05,35,099,45,15,00,000,25,18,64,275,46,20,32,047,25*7D
$GPGSV,2,2,08,22,00,000,16,23,33,317,45,24,70,160,47,29,00,000,32*7C
$GPGSV,2,1,08,05,35,099,45,15,00,000,25,18,64,275,46,20,32,047,26*7E
$GPGSV,2,2,08,22,00,000,15,23,33,317,45,24,70,160,47,29,00,000,32*7F
$GPGSV,2,1,08,05,35,099,45,15,00,000,25,18,64,275,46,20,32,047,26*7E
$GPGSV,2,2,08,22,00,000,15,23,33,317,45,24,70,160,47,29,00,000,32*7F
$GPGSV,2,1,08,05,35,099,45,15,00,000,25,18,64,275,46,20,32,047,26*7E
$GPGSV,2,2,08,22,00,000,16,23,33,317,45,24,70,160,47,29,09,215,31*70
$GPGSV,2,1,08,05,35,099,44,15,00,000,26,18,64,275,46,20,32,047,26*7C
$GPGSV,2,2,08,22,00,000,16,23,33,317,45,24,70,160,47,29,09,215,32*73
$GPGSV,2,1,08,05,35,099,44,15,00,000,26,18,64,275,46,20,32,047,27*7D
$GPGSV,2,2,08,22,00,000,17,23,33,317,45,24,70,160,47,29,09,215,32*72
$GPGSV,2,1,07,05,35,099,44,15,00,000,26,18,64,275,46,20,32,047,27*72
$GPGSV,2,2,07,22,00,000,17,23,33,317,45,24,70,160,47,,,,*48
$GPGSV,2,1,07,05,35,099,44,15,00,000,27,18,64,275,46,20,32,047,27*73
$GPGSV,2,2,07,22,00,000,17,23,33,317,45,24,70,160,47,,,,*48
$GPGSV,2,1,07,05,35,099,44,15,00,000,27,18,64,275,46,20,32,047,28*7C
$GPGSV,2,2,07,22,00,000,17,23,33,317,45,24,70,160,47,,,,*48
$GPGSV,2,1,07,05,35,099,44,15,00,000,27,18,64,275,46,20,32,047,28*7C
$GPGSV,2,2,07,22,00,000,18,23,33,317,45,24,70,160,47,,,,*47
$GPGSV,2,1,07,05,35,099,44,15,00,000,27,18,64,275,46,20,32,047,28*7C
$GPGSV,2,2,07,22,00,000,18,23,33,317,45,24,70,160,47,,,,*47
$GPGSV,2,1,08,05,35,099,44,15,00,000,27,18,64,275,46,20,32,047,28*73
$GPGSV,2,2,08,22,00,000,19,23,33,317,45,24,70,160,47,29,00,000,31*70
$GPGSV,2,1,08,05,35,099,44,15,00,000,28,18,64,274,46,20,32,047,28*7D
$GPGSV,2,2,08,22,00,000,19,23,33,317,45,24,70,160,47,29,00,000,30*71
$GPGSV,2,1,08,05,35,099,44,15,00,000,28,18,64,274,46,20,32,047,28*7D
$GPGSV,2,2,08,22,00,000,19,23,33,317,45,24,70,160,47,29,00,000,30*71
$GPGSV,2,1,08,05,35,099,44,15,00,000,28,18,64,274,46,20,32,047,28*7D
$GPGSV,2,2,08,22,00,000,19,23,33,317,45,24,70,160,47,29,00,000,30*71
$GPGSV,2,1,08,05,35,099,44,15,00,000,28,18,64,274,46,20,32,047,28*7D
$GPGSV,2,2,08,22,00,000,20,23,33,317,44,24,70,160,47,29,00,000,29*72
$GPGSV,2,1,08,05,35,099,44,15,00,000,28,18,64,274,46,20,32,047,28*7D
$GPGSV,2,2,08,22,00,000,20,23,33,317,44,24,70,160,47,29,00,000,29*72
$GPGSV,2,1,07,05,35,099,44,15,00,000,29,18,64,274,46,20,32,047,28*73
$GPGSV,2,2,07,22,00,000,21,23,33,317,44,24,70,160,47,,,,*4C
$GPGSV,2,1,07,05,35,099,44,15,00,000,29,18,64,274,46,20,32,047,28*73
$GPGSV,2,2,07,22,00,000,21,23,33,317,44,24,70,160,47,,,,*4C
$GPGSV,2,1,07,05,35,099,44,15,00,000,28,18,64,274,46,20,32,047,28*72
$GPGSV,2,2,07,22,00,000,20,23,33,317,44,24,70,160,47,,,,*4D
$GPGSV,2,1,07,05,35,099,44,15,00,000,28,18,64,274,46,20,32,047,28*72
$GPGSV,2,2,07,22,00,000,20,23,33,317,44,24,70,160,47,,,,*4D
$GPGSV,2,1,07,05,35,099,44,15,00,000,28,18,64,274,46,20,32,047,28*72
$GPGSV,2,2,07,22,00,000,21,23,33,317,44,24,70,160,47,,,,*4C
$GPGSV,2,1,07,05,35,099,44,15,00,000,28,18,64,274,46,20,32,047,28*72
$GPGSV,2,2,07,22,00,000,21,23,33,317,44,24,70,160,47,,,,*4C
$GPGSV,2,1,07,05,35,099,44,15,00,000,28,18,64,274,46,20,32,047,28*72
$GPGSV,2,2,07,22,00,000,21,23,33,317,44,24,70,160,47,,,,*4C
$GPGSV,2,1,07,05,35,099,44,15,00,000,28,18,64,274,46,20,32,047,28*72
$GPGSV,2,2,07,22,00,000,21,23,33,317,44,24,70,160,47,,,,*4C
$GPGSV,2,1,07,05,35,099,44,15,00,000,28,18,64,274,46,20,32,047,28*72
$GPGSV,2,2,07,22,00,000,20,23,33,317,44,24,70,160,47,,,,*4D
$GPGSV,2,1,08,05,35,099,44,15,00,000,29,18,64,274,46,20,32,047,28*7C
$GPGSV,2,2,08,22,00,000,20,23,33,317,44,24,70,160,47,29,00,000,30*7A
$GPGSV,2,1,08,05,35,099,44,15,00,000,29,18,64,274,46,20,32,047,28*7C
$GPGSV,2,2,08,22,00,000,20,23,33,317,44,24,70,160,47,29,00,000,31*7B
$GPGSV,2,1,08,05,35,099,44,15,00,000,29,18,64,274,46,20,32,047,29*7D
$GPGSV,2,2,08,22,00,000,20,23,33,317,44,24,70,160,47,29,00,000,30*7A
$GPGSV,2,1,08,05,35,099,44,15,00,000,29,18,64,274,46,20,32,047,29*7D
$GPGSV,2,2,08,22,00,000,20,23,33,317,44,24,70,160,47,29,00,000,30*7A
$GPGSV,2,1,08,05,35,099,44,15,00,000,29,18,64,274,46,20,32,047,29*7D
$GPGSV,2,2,08,22,00,000,19,23,33,317,44,24,70,160,47,29,00,000,30*70
$GPGSV,2,1,08,05,35,099,44,15,00,000,28,18,64,274,46,20,32,047,29*7C
$GPGSV,2,2,08,22,00,000,19,23,33,317,44,24,70,160,47,29,00,000,30*70
$GPGSV,2,1,08,05,35,099,44,15,00,000,28,18,64,274,46,20,32,047,29*7C
$GPGSV,2,2,08,22,00,000,19,23,33,317,44,24,70,160,47,29,00,000,29*78
$GPGSV,2,1,08,05,35,099,44,15,00,000,28,18,64,274,46,20,32,047,29*7C
$GPGSV,2,2,08,22,00,000,18,23,33,317,44,24,70,160,47,29,09,215,29*76
$GPGSV,2,1,08,05,35,099,44,15,00,000,28,18,64,274,46,20,32,047,28*7D
$GPGSV,2,2,08,22,00,000,18,23,33,317,44,24,70,160,47,29,09,215,29*76
$GPGSV,2,1,08,05,35,099,44,15,00,000,28,18,64,274,46,20,32,047,28*7D
$GPGSV,2,2,08,22,00,000,19,23,33,317,44,24,70,160,47,29,09,215,29*77
$GPGSV,2,1,08,05,35,099,44,15,00,000,28,18,64,274,46,20,32,047,28*7D
$GPGSV,2,2,08,22,00,000,19,23,33,317,44,24,70,160,47,29,09,215,29*77
$GPGSV,2,1,07,05,35,099,44,15,00,000,28,18,64,274,46,20,32,047,28*72
$GPGSV,2,2,07,22,00,000,19,23,33,317,44,24,70,160,47,,,,*47
$GPGSV,2,1,07,05,35,099,44,15,00,000,28,18,64,274,46,20,32,047,28*72
$GPGSV,2,2,07,22,00,000,19,23,33,317,44,24,70,160,47,,,,*47
$GPGSV,2,1,07,05,35,099,44,15,00,000,28,18,64,274,46,20,32,047,28*72
$GPGSV,2,2,07,22,00,000,19,23,33,317,44,24,70,160,47,,,,*47
$GPGSV,2,1,07,05,35,099,44,15,00,000,28,18,64,274,46,20,32,047,28*72
$GPGSV,2,2,07,22,00,000,19,23,33,317,44,24,70,160,47,,,,*47
$GPGSV,2,1,07,05,35,099,44,15,00,000,28,18,64,274,46,20,32,047,28*72
$GPGSV,2,2,07,22,00,000,19,23,33,317,44,24,70,160,47,,,,*47
$GPGSV,2,1,07,05,35,099,44,15,00,000,28,18,64,274,46,20,32,047,28*72
$GPGSV,2,2,07,22,00,000,19,23,33,317,44,24,70,160,47,,,,*47
$GPGSV,2,1,07,05,35,099,44,15,00,000,27,18,64,274,46,20,32,047,27*72
$GPGSV,2,2,07,22,00,000,20,23,33,317,44,24,70,160,47,,,,*4D
$GPGSV,2,1,07,05,35,099,44,15,00,000,27,18,64,274,46,20,32,047,27*72
$GPGSV,2,2,07,22,00,000,20,23,33,317,44,24,70,160,47,,,,*4D
$GPGSV,2,1,07,05,35,099,44,15,00,000,27,18,64,274,46,20,32,047,27*72
$GPGSV,2,2,07,22,00,000,20,23,33,317,44,24,70,160,47,,,,*4D
$GPGSV,2,1,07,05,35,099,44,15,00,000,27,18,64,274,46,20,32,047,26*73
$GPGSV,2,2,07,22,00,000,20,23,33,317,44,24,70,160,47,,,,*4D
$GPGSV,2,1,07,05,35,099,44,15,00,000,27,18,64,274,46,20,32,047,26*73
$GPGSV,2,2,07,22,00,000,20,23,33,317,44,24,70,160,47,,,,*4D
$GPGSV,2,1,07,05,35,099,44,15,00,000,27,18,64,274,46,20,32,047,26*73
$GPGSV,2,2,07,22,00,000,20,23,33,317,44,24,70,160,47,,,,*4D
$GPGSV,2,1,07,05,35,099,44,15,00,000,27,18,64,274,46,20,32,047,25*70
$GPGSV,2,2,07,22,00,000,20,23,33,317,44,24,70,160,47,,,,*4D
$GPGSV,2,1,07,05,35,099,44,15,00,000,27,18,64,274,46,20,32,047,25*70
$GPGSV,2,2,07,22,00,000,20,23,33,317,43,24,70,160,47,,,,*4A
$GPGSV,2,1,07,05,35,099,44,15,00,000,26,18,64,274,46,20,32,047,24*70
$GPGSV,2,2,07,22,00,000,21,23,33,317,43,24,70,160,47,,,,*4B
$GPGSV,2,1,07,05,35,099,44,15,00,000,26,18,64,274,46,20,00,000,24*72
$GPGSV,2,2,07,22,00,000,21,23,33,317,43,24,70,160,47,,,,*4B
$GPGSV,2,1,08,05,35,099,44,15,00,000,26,18,64,274,46,20,00,000,24*7D
$GPGSV,2,2,08,22,00,000,21,23,33,317,43,24,70,160,47,29,00,000,25*78
$GPGSV,2,1,08,05,35,099,44,15,00,000,26,18,64,274,46,20,00,000,23*7A
$GPGSV,2,2,08,22,00,000,21,23,33,317,43,24,70,160,47,29,00,000,25*78
$GPGSV,2,1,07,05,35,099,44,15,00,000,26,18,64,274,46,20,00,000,23*75
$GPGSV,2,2,07,22,00,000,21,23,33,317,44,24,70,160,47,,,,*4C
$GPGSV,2,1,07,05,35,099,44,15,00,000,25,18,64,274,46,20,00,000,22*77
$GPGSV,2,2,07,22,00,000,20,23,33,317,44,24,70,160,47,,,,*4D
$GPGSV,2,1,07,05,35,099,44,15,00,000,25,18,64,274,46,20,00,000,22*77
$GPGSV,2,2,07,22,00,000,20,23,33,317,44,24,70,160,47,,,,*4D
$GPGSV,2,1,07,05,35,099,44,15,00,000,25,18,64,274,46,20,00,000,22*77
$GPGSV,2,2,07,22,00,000,20,23,33,317,44,24,70,160,47,,,,*4D
$GPGSV,2,1,07,05,35,099,44,15,00,000,25,18,64,274,46,20,00,000,21*74
$GPGSV,2,2,07,22,00,000,20,23,33,317,44,24,70,160,47,,,,*4D
$GPGSV,2,1,07,05,35,099,44,15,00,000,25,18,64,274,46,20,00,000,20*75
$GPGSV,2,2,07,22,00,000,20,23,33,317,44,24,70,160,47,,,,*4D
$GPGSV,2,1,08,05,35,099,44,15,00,000,25,18,64,274,46,20,00,000,19*70
$GPGSV,2,2,08,22,00,000,20,23,33,317,44,24,70,160,47,29,00,000,30*7A
$GPGSV,2,1,07,05,35,099,44,15,00,000,25,18,64,274,46,22,00,000,20*77
$GPGSV,2,2,07,23,33,318,44,24,70,160,47,29,00,000,30,,,,*48
$GPGSV,2,1,07,05,35,099,44,15,00,000,26,18,64,274,46,22,00,000,19*7E
$GPGSV,2,2,07,23,33,318,44,24,70,160,47,29,00,000,28,,,,*41
$GPGSV,2,1,07,05,35,099,44,15,00,000,25,18,64,274,46,22,00,000,19*7D
$GPGSV,2,2,07,23,33,318,44,24,70,160,47,29,00,000,28,,,,*41
$GPGSV,2,1,07,05,35,099,44,15,00,000,25,18,64,274,46,22,00,000,19*7D
$GPGSV,2,2,07,23,33,318,44,24,70,160,47,29,00,000,27,,,,*4E
$GPGSV,2,1,07,05,35,099,44,15,00,000,25,18,64,274,46,22,00,000,19*7D
$GPGSV,2,2,07,23,33,318,44,24,70,160,47,29,00,000,26,,,,*4F
$GPGSV,2,1,06,05,35,099,44,15,00,000,25,18,64,274,46,22,00,000,19*7C
$GPGSV,2,2,06,23,33,318,44,24,70,160,47,,,,,,,,*71
$GPGSV,2,1,06,05,35,099,44,15,00,000,25,18,64,274,46,22,00,000,19*7C
$GPGSV,2,2,06,23,33,318,44,24,70,160,47,,,,,,,,*71
$GPGSV,2,1,06,05,35,099,44,15,00,000,24,18,64,274,46,22,00,000,19*7D
$GPGSV,2,2,06,23,33,318,44,24,70,160,47,,,,,,,,*71
$GPGSV,2,1,06,05,35,099,44,15,00,000,24,18,64,274,46,22,00,000,19*7D
$GPGSV,2,2,06,23,33,318,44,24,70,160,47,,,,,,,,*71
$GPGSV,2,1,06,05,35,099,44,15,00,000,24,18,64,274,46,22,00,000,19*7D
$GPGSV,2,2,06,23,33,318,44,24,70,160,47,,,,,,,,*71
$GPGSV,2,1,06,05,35,099,44,15,00,000,23,18,64,274,46,22,00,000,19*7A
$GPGSV,2,2,06,23,33,318,44,24,70,160,47,,,,,,,,*71
$GPGSV,2,1,06,05,35,099,44,15,00,000,23,18,64,274,46,22,00,000,19*7A
$GPGSV,2,2,06,23,33,318,44,24,70,160,47,,,,,,,,*71
$GPGSV,2,1,07,05,35,099,44,15,00,000,23,18,64,274,46,22,00,000,20*71
$GPGSV,2,2,07,23,33,318,44,24,70,160,47,29,00,000,23,,,,*4A
$GPGSV,2,1,07,05,35,099,44,15,00,000,23,18,64,274,46,22,00,000,20*71
$GPGSV,2,2,07,23,33,318,44,24,70,160,47,29,00,000,23,,,,*4A
$GPGSV,2,1,07,05,35,099,44,15,00,000,23,18,64,274,46,22,00,000,20*71
$GPGSV,2,2,07,23,33,318,44,24,70,160,47,29,00,000,21,,,,*48
$GPGSV,2,1,06,05,35,099,44,15,00,000,23,18,64,274,46,22,00,000,20*70
$GPGSV,2,2,06,23,33,318,44,24,70,160,47,,,,,,,,*71
$GPGSV,2,1,06,05,35,099,44,15,00,000,23,18,64,274,46,22,00,000,20*70
$GPGSV,2,2,06,23,33,318,44,24,70,160,47,,,,,,,,*71
$GPGSV,2,1,06,05,35,099,44,15,00,000,23,18,64,274,46,22,00,000,21*71
$GPGSV,2,2,06,23,33,318,43,24,70,160,47,,,,,,,,*76
$GPGSV,2,1,06,05,35,099,44,15,00,000,23,18,64,274,46,22,00,000,21*71
$GPGSV,2,2,06,23,33,318,43,24,70,160,47,,,,,,,,*76
$GPGSV,2,1,06,05,35,099,44,15,00,000,24,18,64,274,46,22,00,000,21*76
$GPGSV,2,2,06,23,33,318,43,24,70,160,47,,,,,,,,*76
$GPGSV,2,1,06,05,35,099,44,15,00,000,24,18,64,274,46,22,00,000,21*76
$GPGSV,2,2,06,23,33,318,43,24,70,160,47,,,,,,,,*76
$GPGSV,2,1,06,05,35,099,44,15,00,000,23,18,64,274,46,22,00,000,21*71
$GPGSV,2,2,06,23,33,318,43,24,70,160,47,,,,,,,,*76
$GPGSV,2,1,06,05,35,099,44,15,00,000,23,18,64,274,46,22,00,000,21*71
$GPGSV,2,2,06,23,33,318,43,24,70,160,47,,,,,,,,*76
$GPGSV,2,1,07,05,35,099,44,15,00,000,23,18,64,274,46,20,00,000,26*75
$GPGSV,2,2,07,22,00,000,20,23,33,318,43,24,70,160,47,,,,*45
$GPGSV,2,1,07,05,35,099,44,15,00,000,23,18,64,274,46,20,00,000,26*75
$GPGSV,2,2,07,22,00,000,21,23,33,318,43,24,70,160,47,,,,*44
$GPGSV,2,1,07,05,35,099,44,15,00,000,23,18,64,274,46,20,00,000,25*76
$GPGSV,2,2,07,22,00,000,20,23,33,318,43,24,70,160,47,,,,*45
$GPGSV,2,1,08,05,35,099,44,15,00,000,23,18,64,274,46,20,00,000,24*78
$GPGSV,2,2,08,22,00,000,20,23,33,318,43,24,70,160,47,29,00,000,30*72
$GPGSV,2,1,08,05,35,099,44,15,00,000,23,18,64,274,46,20,00,000,23*7F
$GPGSV,2,2,08,22,00,000,20,23,33,318,43,24,70,160,47,29,00,000,31*73
$GPGSV,2,1,08,05,35,099,44,15,00,000,23,18,64,274,46,20,00,000,22*7E
$GPGSV,2,2,08,22,00,000,20,23,33,318,43,24,70,160,47,29,00,000,31*73
$GPGSV,2,1,08,05,35,099,44,15,00,000,24,18,64,274,46,20,00,000,20*7B
$GPGSV,2,2,08,22,00,000,20,23,33,318,43,24,70,160,47,29,00,000,30*72
$GPGSV,2,1,08,05,35,099,44,15,00,000,24,18,64,274,46,20,00,000,18*70
$GPGSV,2,2,08,22,00,000,20,23,33,318,43,24,70,160,47,29,00,000,30*72
$GPGSV,2,1,08,05,35,099,44,15,00,000,24,18,64,274,46,20,00,000,18*70
$GPGSV,2,2,08,22,00,000,21,23,33,318,43,24,70,160,47,29,00,000,30*73
$GPGSV,2,1,08,05,35,099,44,15,00,000,23,18,64,274,46,20,00,000,17*78
$GPGSV,2,2,08,22,00,000,21,23,33,318,43,24,70,160,47,29,00,000,30*73
$GPGSV,2,1,08,05,35,099,45,15,00,000,23,18,64,274,46,20,00,000,17*79
$GPGSV,2,2,08,22,00,000,22,23,33,318,44,24,70,160,47,29,09,215,29*70
$GPGSV,2,1,08,05,35,099,45,15,00,000,23,18,64,274,46,20,00,000,16*78
$GPGSV,2,2,08,22,00,000,22,23,33,318,44,24,70,160,47,29,09,215,30*78
$GPGSV,2,1,07,05,35,099,45,15,00,000,23,18,64,274,46,20,00,000,17*76
$GPGSV,2,2,07,22,00,000,22,23,33,318,44,24,70,160,47,,,,*40
$GPGSV,2,1,07,05,35,099,45,15,00,000,23,18,64,274,46,20,00,000,17*76
$GPGSV,2,2,07,22,00,000,22,23,33,318,44,24,70,160,47,,,,*40
$GPGSV,2,1,07,05,35,099,45,15,00,000,23,18,64,274,46,20,00,000,17*76
$GPGSV,2,2,07,22,00,000,22,23,33,318,44,24,70,160,47,,,,*40
$GPGSV,2,1,07,05,35,099,45,15,00,000,23,18,64,274,46,20,00,000,17*76
$GPGSV,2,2,07,22,00,000,22,23,33,318,44,24,70,160,47,,,,*40
$GPGSV,2,1,07,05,35,099,45,15,00,000,23,18,64,274,46,20,00,000,17*76
$GPGSV,2,2,07,22,00,000,22,23,33,318,44,24,70,160,47,,,,*40
$GPGSV,2,1,07,05,35,099,45,15,00,000,23,18,64,274,46,20,00,000,17*76
$GPGSV,2,2,07,22,00,000,23,23,33,318,44,24,70,160,47,,,,*41
$GPGSV,2,1,07,05,35,099,45,15,00,000,23,18,64,274,46,20,00,000,17*76
$GPGSV,2,2,07,22,00,000,23,23,33,318,44,24,70,160,47,,,,*41
$GPGSV,2,1,07,05,35,099,45,15,00,000,23,18,64,274,47,20,00,000,16*76
$GPGSV,2,2,07,22,00,000,23,23,33,318,44,24,70,160,47,,,,*41
$GPGSV,2,1,07,05,35,099,45,15,00,000,23,18,64,274,47,22,00,000,23*72
$GPGSV,2,2,07,23,33,318,44,24,70,160,47,29,00,000,32,,,,*4A
$GPGSV,2,1,07,05,35,099,45,15,00,000,23,18,64,274,47,22,00,000,22*73
$GPGSV,2,2,07,23,33,318,44,24,70,160,47,29,00,000,32,,,,*4A
$GPGSV,2,1,07,05,35,099,45,15,00,000,23,18,64,274,47,22,00,000,22*73
$GPGSV,2,2,07,23,33,318,44,24,70,160,47,29,00,000,32,,,,*4A
$GPGSV,2,1,07,05,35,099,45,15,00,000,23,18,64,274,47,22,00,000,23*72
$GPGSV,2,2,07,23,33,318,44,24,70,160,47,29,00,000,32,,,,*4A
$GPGSV,2,1,07,05,35,099,45,15,00,000,24,18,64,274,47,22,00,000,23*75
$GPGSV,2,2,07,23,33,318,44,24,70,160,47,29,00,000,31,,,,*49
$GPGSV,2,1,07,05,35,099,45,15,00,000,24,18,64,274,47,22,00,000,23*75
$GPGSV,2,2,07,23,33,318,44,24,70,160,47,29,00,000,31,,,,*49
$GPGSV,2,1,07,05,35,099,45,15,00,000,24,18,64,274,47,22,00,000,23*75
$GPGSV,2,2,07,23,33,318,44,24,70,160,47,29,00,000,31,,,,*49
$GPGSV,2,1,07,05,35,099,45,15,00,000,24,18,64,274,47,22,00,000,23*75
$GPGSV,2,2,07,23,33,318,44,24,70,160,47,29,00,000,31,,,,*49
$GPGSV,2,1,07,05,35,099,45,15,00,000,24,18,64,274,47,22,00,000,23*75
$GPGSV,2,2,07,23,33,318,44,24,70,160,47,29,00,000,30,,,,*48
$GPGSV,2,1,07,05,35,099,45,15,00,000,24,18,64,274,47,22,00,000,23*75
$GPGSV,2,2,07,23,33,318,44,24,70,160,47,29,00,000,30,,,,*48
$GPGSV,2,1,06,05,35,099,45,15,00,000,24,18,64,274,47,22,00,000,23*74
$GPGSV,2,2,06,23,33,318,44,24,70,160,47,,,,,,,,*71
$GPGSV,2,1,06,05,35,099,45,15,00,000,25,18,64,274,47,22,00,000,24*72
$GPGSV,2,2,06,23,33,318,44,24,70,160,47,,,,,,,,*71
$GPGSV,2,1,06,05,35,099,45,15,00,000,25,18,64,274,47,22,00,000,24*72
$GPGSV,2,2,06,23,33,318,44,24,70,160,47,,,,,,,,*71
$GPGSV,2,1,06,05,35,099,45,15,00,000,25,18,64,274,47,22,00,000,24*72
$GPGSV,2,2,06,23,33,318,44,24,70,160,47,,,,,,,,*71
$GPGSV,2,1,06,05,35,099,45,15,00,000,26,18,64,274,47,22,00,000,24*71
$GPGSV,2,2,06,23,33,318,44,24,70,160,47,,,,,,,,*71
$GPGSV,2,1,06,05,35,099,45,15,00,000,26,18,64,274,47,22,00,000,24*71
$GPGSV,2,2,06,23,33,318,44,24,70,160,47,,,,,,,,*71
$GPGSV,2,1,06,05,35,099,45,15,00,000,26,18,64,274,47,22,00,000,24*71
$GPGSV,2,2,06,23,33,318,44,24,70,160,47,,,,,,,,*71
$GPGSV,2,1,06,05,35,099,45,15,00,000,26,18,64,274,47,22,00,000,23*76
$GPGSV,2,2,06,23,33,318,44,24,70,160,47,,,,,,,,*71
$GPGSV,2,1,06,05,35,099,45,15,00,000,26,18,64,274,47,22,00,000,23*76
$GPGSV,2,2,06,23,33,318,44,24,70,160,47,,,,,,,,*71
$GPGSV,2,1,06,05,35,099,45,15,00,000,26,18,64,274,47,22,00,000,23*76
$GPGSV,2,2,06,23,33,318,44,24,70,160,47,,,,,,,,*71
$GPGSV,2,1,06,05,35,099,45,15,00,000,26,18,64,274,47,22,00,000,23*76
$GPGSV,2,2,06,23,33,318,44,24,70,160,47,,,,,,,,*71
$GPGSV,2,1,06,05,35,099,45,15,00,000,26,18,64,274,47,22,00,000,22*77
$GPGSV,2,2,06,23,33,318,44,24,70,160,47,,,,,,,,*71
$GPGSV,2,1,06,05,35,099,45,15,00,000,26,18,64,274,47,22,00,000,23*76
$GPGSV,2,2,06,23,33,318,44,24,70,160,47,,,,,,,,*71
$GPGSV,2,1,06,05,35,099,45,15,00,000,26,18,64,274,47,22,00,000,23*76
$GPGSV,2,2,06,23,33,318,44,24,70,160,47,,,,,,,,*71
$GPGSV,2,1,06,05,35,099,45,15,00,000,26,18,64,274,47,22,00,000,22*77
$GPGSV,2,2,06,23,33,318,44,24,70,160,47,,,,,,,,*71
$GPGSV,2,1,06,05,35,099,45,15,00,000,26,18,64,274,47,22,00,000,22*77
$GPGSV,2,2,06,23,33,318,44,24,70,160,47,,,,,,,,*71
$GPGSV,2,1,06,05,35,099,45,15,00,000,25,18,64,274,47,22,00,000,22*74
$GPGSV,2,2,06,23,33,318,44,24,70,160,47,,,,,,,,*71
$GPGSV,2,1,06,05,35,099,45,15,00,000,25,18,64,274,47,22,00,000,22*74
$GPGSV,2,2,06,23,33,318,44,24,70,160,47,,,,,,,,*71
$GPGSV,2,1,06,05,35,099,45,15,00,000,25,18,64,274,47,22,00,000,21*77
$GPGSV,2,2,06,23,33,318,44,24,70,160,47,,,,,,,,*71
$GPGSV,2,1,06,05,35,099,45,15,00,000,24,18,64,274,47,22,00,000,21*76
$GPGSV,2,2,06,23,33,318,44,24,70,160,47,,,,,,,,*71
$GPGSV,2,1,07,05,35,099,44,15,00,000,24,18,64,274,47,20,00,000,22*77
$GPGSV,2,2,07,22,00,000,21,23,33,318,44,24,70,160,47,,,,*43
$GPGSV,2,1,07,05,35,099,44,15,00,000,24,18,64,274,47,20,00,000,24*71
$GPGSV,2,2,07,22,00,000,21,23,33,318,44,24,70,160,47,,,,*43
$GPGSV,2,1,07,05,35,099,44,15,00,000,24,18,64,274,47,20,00,000,24*71
$GPGSV,2,2,07,22,00,000,21,23,33,318,44,24,70,160,47,,,,*43
$GPGSV,2,1,07,05,35,099,44,15,00,000,25,18,64,274,47,20,00,000,25*71
$GPGSV,2,2,07,22,00,000,21,23,33,318,44,24,70,160,47,,,,*43
$GPGSV,2,1,07,05,35,099,44,15,00,000,25,18,64,274,47,20,00,000,25*71
$GPGSV,2,2,07,22,00,000,21,23,33,318,44,24,70,160,47,,,,*43
$GPGSV,2,1,07,05,35,099,44,15,00,000,26,18,64,274,47,20,00,000,25*72
$GPGSV,2,2,07,22,00,000,21,23,33,318,44,24,70,160,47,,,,*43
$GPGSV,2,1,07,05,35,099,44,15,00,000,26,18,64,274,47,20,00,000,25*72
$GPGSV,2,2,07,22,00,000,21,23,33,318,44,24,70,160,47,,,,*43
$GPGSV,2,1,07,05,35,099,44,15,00,000,26,18,64,274,47,20,00,000,25*72
$GPGSV,2,2,07,22,00,000,21,23,33,318,44,24,70,160,47,,,,*43
$GPGSV,2,1,07,05,35,099,44,15,00,000,26,18,64,274,47,20,00,000,25*72
$GPGSV,2,2,07,22,00,000,21,23,33,318,44,24,70,160,47,,,,*43
$GPGSV,2,1,07,05,35,099,44,15,00,000,27,18,64,274,47,20,00,000,25*73
$GPGSV,2,2,07,22,00,000,22,23,33,318,44,24,70,160,47,,,,*40
$GPGSV,2,1,07,05,35,099,44,15,00,000,27,18,64,274,47,20,00,000,25*73
$GPGSV,2,2,07,22,00,000,22,23,33,318,44,24,70,160,47,,,,*40
$GPGSV,2,1,07,05,35,099,44,15,00,000,27,18,64,274,47,20,00,000,25*73
$GPGSV,2,2,07,22,00,000,22,23,33,318,44,24,70,160,47,,,,*40
$GPGSV,2,1,07,05,35,099,44,15,00,000,27,18,64,274,47,20,00,000,25*73
$GPGSV,2,2,07,22,00,000,22,23,33,318,44,24,70,160,47,,,,*40
$GPGSV,2,1,07,05,35,099,44,15,00,000,27,18,64,274,47,20,00,000,25*73
$GPGSV,2,2,07,22,00,000,22,23,33,318,44,24,70,160,47,,,,*40
$GPGSV,2,1,07,05,35,099,44,15,00,000,27,18,64,274,47,20,00,000,25*73
$GPGSV,2,2,07,22,00,000,22,23,33,318,44,24,70,160,47,,,,*40
$GPGSV,2,1,07,05,35,099,44,15,00,000,27,18,64,274,47,20,00,000,25*73
$GPGSV,2,2,07,22,00,000,22,23,33,318,44,24,70,160,47,,,,*40
$GPGSV,2,1,07,05,35,099,44,15,00,000,27,18,64,274,47,20,00,000,25*73
$GPGSV,2,2,07,22,00,000,22,23,33,318,44,24,70,160,47,,,,*40
$GPGSV,2,1,07,05,35,099,44,15,00,000,27,18,64,274,47,20,00,000,25*73
$GPGSV,2,2,07,22,00,000,22,23,33,318,44,24,70,160,47,,,,*40
$GPGSV,2,1,07,05,35,099,44,15,00,000,27,18,64,274,47,20,00,000,25*73
$GPGSV,2,2,07,22,00,000,22,23,33,318,44,24,70,160,47,,,,*40
$GPGSV,2,1,07,05,35,099,44,15,00,000,26,18,64,274,47,20,00,000,25*72
$GPGSV,2,2,07,22,00,000,22,23,33,318,44,24,70,160,47,,,,*40
$GPGSV,2,1,07,05,35,099,44,15,00,000,26,18,64,274,47,20,00,000,25*72
$GPGSV,2,2,07,22,00,000,22,23,33,318,44,24,70,160,47,,,,*40
$GPGSV,2,1,07,05,35,099,44,15,00,000,26,18,64,274,47,20,00,000,25*72
$GPGSV,2,2,07,22,00,000,22,23,33,318,44,24,70,160,47,,,,*40
$GPGSV,2,1,07,05,35,099,44,15,00,000,26,18,64,274,47,20,00,000,25*72
$GPGSV,2,2,07,22,00,000,22,23,33,318,44,24,70,160,47,,,,*40
$GPGSV,2,1,07,05,35,099,44,15,00,000,26,18,64,274,47,20,00,000,25*72
$GPGSV,2,2,07,22,00,000,22,23,33,318,44,24,70,160,47,,,,*40
$GPGSV,2,1,07,05,35,099,44,15,00,000,26,18,64,274,47,20,00,000,25*72
$GPGSV,2,2,07,22,00,000,22,23,33,318,44,24,70,160,47,,,,*40
$GPGSV,2,1,07,05,35,099,44,15,00,000,26,18,64,274,47,20,00,000,25*72
$GPGSV,2,2,07,22,00,000,21,23,33,318,44,24,70,160,47,,,,*43
$GPGSV,2,1,07,05,35,099,44,15,00,000,26,18,64,274,47,20,00,000,25*72
$GPGSV,2,2,07,22,00,000,21,23,33,318,44,24,70,160,47,,,,*43
$GPGSV,2,1,07,05,35,099,44,15,00,000,25,18,64,274,47,20,00,000,25*71
$GPGSV,2,2,07,22,00,000,21,23,33,318,44,24,70,160,47,,,,*43
$GPGSV,2,1,07,05,35,099,44,15,00,000,25,18,64,274,47,20,00,000,25*71
$GPGSV,2,2,07,22,00,000,21,23,33,318,44,24,70,160,47,,,,*43
$GPGSV,2,1,07,05,35,099,44,15,00,000,25,18,64,274,47,20,00,000,25*71
$GPGSV,2,2,07,22,00,000,20,23,33,318,44,24,70,160,47,,,,*42
$GPGSV,2,1,07,05,35,099,44,15,00,000,24,18,64,274,47,20,00,000,25*70
$GPGSV,2,2,07,22,00,000,20,23,33,318,44,24,70,160,47,,,,*42
$GPGSV,2,1,07,05,35,099,44,15,00,000,24,18,64,274,46,20,00,000,25*71
$GPGSV,2,2,07,22,00,000,21,23,33,318,44,24,70,160,47,,,,*43
$GPGSV,2,1,07,05,35,099,44,15,00,000,23,18,64,274,46,20,00,000,25*76
$GPGSV,2,2,07,22,00,000,21,23,33,318,44,24,70,160,47,,,,*43
$GPGSV,2,1,07,05,35,099,44,15,00,000,23,18,64,274,46,20,00,000,25*76
$GPGSV,2,2,07,22,00,000,21,23,33,318,44,24,70,160,47,,,,*43
$GPGSV,2,1,07,05,35,099,44,15,00,000,23,18,64,274,46,20,00,000,25*76
$GPGSV,2,2,07,22,00,000,20,23,33,318,44,24,70,160,47,,,,*42
$GPGSV,2,1,07,05,35,099,44,15,00,000,22,18,64,274,46,20,00,000,25*77
$GPGSV,2,2,07,22,00,000,20,23,33,318,44,24,70,160,47,,,,*42
$GPGSV,2,1,07,05,35,099,44,15,00,000,22,18,64,274,46,20,00,000,25*77
$GPGSV,2,2,07,22,00,000,20,23,33,318,44,24,70,160,47,,,,*42
$GPGSV,2,1,07,05,35,099,44,15,00,000,22,18,64,274,46,20,00,000,26*74
$GPGSV,2,2,07,22,00,000,21,23,33,318,44,24,70,160,47,,,,*43
$GPGSV,2,1,07,05,35,099,44,15,00,000,21,18,64,274,46,20,00,000,25*74
$GPGSV,2,2,07,22,00,000,21,23,33,318,44,24,70,160,47,,,,*43
$GPGSV,2,1,07,05,35,099,44,15,00,000,21,18,64,274,46,20,00,000,25*74
$GPGSV,2,2,07,22,00,000,21,23,33,318,44,24,70,160,47,,,,*43
$GPGSV,2,1,07,05,35,099,44,15,00,000,20,18,64,274,46,20,00,000,25*75
$GPGSV,2,2,07,22,00,000,21,23,33,318,44,24,70,160,47,,,,*43
$GPGSV,2,1,07,05,35,099,44,15,00,000,20,18,64,274,46,20,00,000,25*75
$GPGSV,2,2,07,22,00,000,21,23,33,318,44,24,70,160,47,,,,*43
$GPGSV,2,1,07,05,35,099,44,15,00,000,20,18,64,274,46,20,00,000,25*75
$GPGSV,2,2,07,22,00,000,21,23,33,318,44,24,70,160,47,,,,*43
$GPGSV,2,1,07,05,35,099,44,15,00,000,21,18,64,274,46,20,00,000,25*74
$GPGSV,2,2,07,22,00,000,21,23,33,318,44,24,70,160,47,,,,*43
$GPGSV,2,1,07,05,35,099,44,15,00,000,21,18,64,274,46,20,00,000,24*75
$GPGSV,2,2,07,22,00,000,21,23,33,318,44,24,70,160,47,,,,*43
$GPGSV,2,1,07,05,35,099,44,15,00,000,22,18,64,274,47,20,00,000,24*77
$GPGSV,2,2,07,22,00,000,21,23,33,318,44,24,70,160,47,,,,*43
$GPGSV,2,1,07,05,35,099,44,15,00,000,22,18,64,274,47,20,00,000,23*70
$GPGSV,2,2,07,22,00,000,21,23,33,318,44,24,70,160,47,,,,*43
$GPGSV,2,1,07,05,35,099,44,15,00,000,22,18,64,274,47,20,00,000,23*70
$GPGSV,2,2,07,22,00,000,20,23,33,318,44,24,70,159,47,,,,*48
$GPGSV,2,1,07,05,35,099,44,15,00,000,22,18,64,274,47,20,00,000,23*70
$GPGSV,2,2,07,22,00,000,20,23,33,318,44,24,70,159,47,,,,*48
$GPGSV,2,1,07,05,35,099,43,15,00,000,22,18,64,274,47,20,00,000,23*77
$GPGSV,2,2,07,22,00,000,20,23,33,318,44,24,70,159,47,,,,*48
$GPGSV,2,1,07,05,35,099,43,15,00,000,22,18,64,274,47,20,00,000,23*77
$GPGSV,2,2,07,22,00,000,19,23,33,318,44,24,70,159,47,,,,*42
$GPGSV,2,1,07,05,35,099,43,15,00,000,22,18,64,274,47,20,00,000,22*76
$GPGSV,2,2,07,22,00,000,19,23,33,318,44,24,70,159,47,,,,*42
$GPGSV,2,1,07,05,35,099,43,15,00,000,22,18,64,274,47,20,00,000,22*76
$GPGSV,2,2,07,22,00,000,19,23,33,318,44,24,70,159,47,,,,*42
$GPGSV,2,1,07,05,35,099,43,15,00,000,21,18,64,274,47,20,00,000,22*75
$GPGSV,2,2,07,22,00,000,20,23,33,318,44,24,70,159,47,,,,*48
$GPGSV,2,1,07,05,35,099,44,15,00,000,21,18,64,274,47,20,00,000,21*71
$GPGSV,2,2,07,22,00,000,20,23,33,318,44,24,70,159,47,,,,*48
$GPGSV,2,1,07,05,35,099,44,15,00,000,21,18,64,274,47,20,00,000,21*71
$GPGSV,2,2,07,22,00,000,20,23,33,318,44,24,70,159,47,,,,*48
$GPGSV,2,1,07,05,35,099,44,15,00,000,21,18,64,274,47,20,00,000,21*71
$GPGSV,2,2,07,22,00,000,20,23,33,318,44,24,70,159,47,,,,*48
$GPGSV,2,1,07,05,35,099,44,15,00,000,20,18,64,274,47,20,00,000,20*71
$GPGSV,2,2,07,22,00,000,20,23,33,318,44,24,70,159,47,,,,*48
$GPGSV,2,1,07,05,35,099,44,15,00,000,20,18,64,274,47,20,00,000,20*71
$GPGSV,2,2,07,22,00,000,20,23,33,318,44,24,70,159,47,,,,*48
$GPGSV,2,1,07,05,35,099,44,15,00,000,20,18,64,274,47,20,00,000,20*71
$GPGSV,2,2,07,22,00,000,20,23,33,318,44,24,70,159,47,,,,*48
$GPGSV,2,1,07,05,35,099,44,15,00,000,20,18,64,274,47,20,00,000,20*71
$GPGSV,2,2,07,22,00,000,20,23,33,318,44,24,70,159,47,,,,*48
$GPGSV,2,1,07,05,35,099,44,15,00,000,20,18,64,274,47,20,00,000,21*70
$GPGSV,2,2,07,22,00,000,20,23,33,318,44,24,70,159,47,,,,*48
$GPGSV,2,1,07,05,35,099,44,15,00,000,20,18,64,274,47,20,00,000,21*70
$GPGSV,2,2,07,22,00,000,20,23,33,318,44,24,70,159,47,,,,*48
$GPGSV,2,1,07,05,35,099,44,15,00,000,20,18,64,274,47,20,00,000,21*70
$GPGSV,2,2,07,22,00,000,20,23,33,318,44,24,70,159,47,,,,*48
$GPGSV,2,1,06,05,35,099,44,18,64,274,47,20,00,000,22,22,00,000,20*76
$GPGSV,2,2,06,23,33,318,44,24,70,159,47,,,,,,,,*7B
$GPGSV,2,1,06,05,35,099,44,18,64,274,47,20,00,000,22,22,00,000,19*7C
$GPGSV,2,2,06,23,33,318,44,24,70,159,47,,,,,,,,*7B
$GPGSV,2,1,06,05,35,099,44,18,64,274,47,20,00,000,22,22,00,000,19*7C
$GPGSV,2,2,06,23,33,318,44,24,70,159,47,,,,,,,,*7B
$GPGSV,2,1,06,05,35,099,44,18,64,274,47,20,00,000,23,22,00,000,19*7D
$GPGSV,2,2,06,23,33,318,44,24,70,159,47,,,,,,,,*7B
$GPGSV,2,1,06,05,35,099,44,18,64,274,47,20,00,000,23,22,00,000,19*7D
$GPGSV,2,2,06,23,33,318,44,24,70,159,47,,,,,,,,*7B
$GPGSV,2,1,06,05,35,099,44,18,64,274,47,20,00,000,23,22,00,000,19*7D
$GPGSV,2,2,06,23,33,318,44,24,70,159,47,,,,,,,,*7B
$GPGSV,2,1,06,05,35,099,44,18,64,274,47,20,00,000,23,22,00,000,19*7D
$GPGSV,2,2,06,23,33,318,45,24,70,159,47,,,,,,,,*7A
$GPGSV,2,1,06,05,35,099,44,18,64,274,47,20,00,000,23,22,00,000,19*7D
$GPGSV,2,2,06,23,33,318,45,24,70,159,47,,,,,,,,*7A
$GPGSV,2,1,06,05,35,099,44,18,64,274,47,20,00,000,23,22,00,000,19*7D
$GPGSV,2,2,06,23,33,318,45,24,70,159,47,,,,,,,,*7A
$GPGSV,2,1,06,05,35,099,44,18,64,274,47,20,00,000,24,22,00,000,19*7A
$GPGSV,2,2,06,23,33,318,45,24,70,159,47,,,,,,,,*7A
$GPGSV,2,1,06,05,35,099,44,18,64,274,47,20,00,000,24,22,00,000,19*7A
$GPGSV,2,2,06,23,33,318,45,24,70,159,47,,,,,,,,*7A
$GPGSV,2,1,06,05,35,099,44,18,64,274,47,20,00,000,24,22,00,000,19*7A
$GPGSV,2,2,06,23,33,318,45,24,70,159,47,,,,,,,,*7A
$GPGSV,2,1,06,05,35,099,44,18,64,274,47,20,00,000,24,22,00,000,20*70
$GPGSV,2,2,06,23,33,318,45,24,70,159,47,,,,,,,,*7A
$GPGSV,2,1,06,05,35,099,44,18,64,274,47,20,00,000,24,22,00,000,19*7A
$GPGSV,2,2,06,23,33,318,45,24,70,159,47,,,,,,,,*7A
$GPGSV,2,1,06,05,35,099,44,18,64,274,47,20,00,000,24,22,00,000,19*7A
$GPGSV,2,2,06,23,33,318,45,24,70,159,47,,,,,,,,*7A
$GPGSV,2,1,06,05,35,099,44,18,64,274,47,20,00,000,24,22,00,000,19*7A
$GPGSV,2,2,06,23,33,318,45,24,70,159,47,,,,,,,,*7A
$GPGSV,2,1,06,05,35,099,44,18,64,274,47,20,00,000,23,22,00,000,19*7D
$GPGSV,2,2,06,23,33,318,45,24,70,159,47,,,,,,,,*7A
$GPGSV,2,1,06,05,35,099,44,18,64,274,47,20,00,000,24,22,00,000,18*7B
$GPGSV,2,2,06,23,33,318,45,24,70,159,47,,,,,,,,*7A
$GPGSV,2,1,06,05,35,099,44,18,64,274,47,20,00,000,24,22,00,000,18*7B
$GPGSV,2,2,06,23,33,318,45,24,70,159,47,,,,,,,,*7A
$GPGSV,2,1,06,05,35,099,44,18,64,274,47,20,00,000,24,22,00,000,18*7B
$GPGSV,2,2,06,23,33,318,45,24,70,159,47,,,,,,,,*7A
$GPGSV,2,1,06,05,35,099,44,18,64,274,47,20,00,000,24,22,00,000,19*7A
$GPGSV,2,2,06,23,33,318,45,24,70,159,47,,,,,,,,*7A
$GPGSV,2,1,07,05,35,099,44,15,00,000,22,18,64,274,47,20,00,000,24*77
$GPGSV,2,2,07,22,00,000,19,23,33,318,45,24,70,159,47,,,,*43
$GPGSV,2,1,07,05,35,099,44,15,00,000,22,18,64,274,47,20,00,000,24*77
$GPGSV,2,2,07,22,00,000,19,23,33,318,45,24,70,159,47,,,,*43
$GPGSV,2,1,07,05,35,099,44,15,00,000,22,18,64,274,47,20,00,000,23*70
$GPGSV,2,2,07,22,00,000,19,23,33,318,45,24,70,159,47,,,,*43
$GPGSV,2,1,07,05,35,099,44,15,00,000,22,18,64,274,47,20,00,000,23*70
$GPGSV,2,2,07,22,00,000,19,23,33,318,45,24,70,159,47,,,,*43
$GPGSV,2,1,07,05,35,099,44,15,00,000,21,18,64,274,47,20,00,000,23*73
$GPGSV,2,2,07,22,00,000,19,23,33,318,45,24,70,159,47,,,,*43
$GPGSV,2,1,07,05,35,099,44,15,00,000,20,18,64,274,47,20,00,000,23*72
$GPGSV,2,2,07,22,00,000,19,23,33,318,45,24,70,159,47,,,,*43
$GPGSV,2,1,07,05,35,099,44,15,00,000,20,18,64,274,47,20,00,000,23*72
$GPGSV,2,2,07,22,00,000,19,23,33,318,45,24,70,159,47,,,,*43
$GPGSV,2,1,07,05,35,099,44,15,00,000,20,18,64,274,46,20,00,000,23*73
$GPGSV,2,2,07,22,00,000,19,23,33,318,45,24,70,159,47,,,,*43
$GPGSV,2,1,07,05,35,099,44,15,00,000,21,18,64,274,46,20,00,000,23*72
$GPGSV,2,2,07,22,00,000,19,23,33,318,45,24,70,159,47,,,,*43
$GPGSV,2,1,07,05,35,099,44,15,00,000,21,18,64,274,46,20,00,000,22*73
$GPGSV,2,2,07,22,00,000,19,23,33,318,45,24,70,159,47,,,,*43
$GPGSV,2,1,07,05,35,099,44,15,00,000,22,18,64,274,46,20,00,000,22*70
$GPGSV,2,2,07,22,00,000,19,23,33,318,45,24,70,159,47,,,,*43
$GPGSV,2,1,07,05,35,099,44,15,00,000,22,18,64,274,46,20,00,000,22*70
$GPGSV,2,2,07,22,00,000,19,23,33,318,45,24,70,159,47,,,,*43
$GPGSV,2,1,07,05,35,099,44,15,00,000,22,18,64,274,46,20,00,000,22*70
$GPGSV,2,2,07,22,00,000,19,23,33,318,45,24,70,159,47,,,,*43
$GPGSV,2,1,07,05,35,099,44,15,00,000,22,18,64,274,46,20,00,000,22*70
$GPGSV,2,2,07,22,00,000,19,23,33,318,45,24,70,159,47,,,,*43
$GPGSV,2,1,07,05,35,099,44,15,00,000,23,18,64,274,46,20,00,000,21*72
$GPGSV,2,2,07,22,00,000,18,23,33,318,45,24,70,159,47,,,,*42
$GPGSV,2,1,07,05,35,099,44,15,00,000,23,18,64,274,46,20,00,000,21*72
$GPGSV,2,2,07,22,00,000,19,23,33,318,45,24,70,159,47,,,,*43
$GPGSV,2,1,07,05,35,099,44,15,00,000,23,18,64,274,46,20,00,000,21*72
$GPGSV,2,2,07,22,00,000,19,23,33,318,45,24,70,159,47,,,,*43
$GPGSV,2,1,07,05,35,099,44,15,00,000,23,18,64,274,46,20,00,000,20*73
$GPGSV,2,2,07,22,00,000,19,23,33,318,45,24,70,159,47,,,,*43
$GPGSV,2,1,07,05,35,099,44,15,00,000,23,18,64,274,46,20,00,000,20*73
$GPGSV,2,2,07,22,00,000,19,23,33,318,45,24,70,159,47,,,,*43
$GPGSV,2,1,07,05,35,099,44,15,00,000,23,18,64,274,46,20,00,000,19*79
$GPGSV,2,2,07,22,00,000,19,23,33,318,45,24,70,159,47,,,,*43
$GPGSV,2,1,07,05,35,099,44,15,00,000,23,18,64,274,46,20,00,000,19*79
$GPGSV,2,2,07,22,00,000,19,23,33,318,45,24,70,159,47,,,,*43
$GPGSV,2,1,07,05,35,099,44,15,00,000,23,18,64,274,46,20,00,000,19*79
$GPGSV,2,2,07,22,00,000,20,23,33,318,45,24,70,159,47,,,,*49
$GPGSV,2,1,07,05,35,099,44,15,00,000,23,18,64,274,46,20,00,000,19*79
$GPGSV,2,2,07,22,00,000,20,23,33,318,45,24,70,159,47,,,,*49
$GPGSV,2,1,07,05,35,099,44,15,00,000,22,18,64,274,46,20,00,000,19*78
$GPGSV,2,2,07,22,00,000,21,23,33,318,45,24,70,159,47,,,,*48
$GPGSV,2,1,07,05,35,099,44,15,00,000,22,18,64,274,46,20,00,000,19*78
$GPGSV,2,2,07,22,00,000,21,23,33,318,45,24,70,159,47,,,,*48
$GPGSV,2,1,07,05,35,099,44,15,00,000,22,18,64,274,46,20,00,000,18*79
$GPGSV,2,2,07,22,00,000,21,23,33,318,45,24,70,159,47,,,,*48
$GPGSV,2,1,07,05,35,099,44,15,00,000,22,18,64,274,46,20,00,000,18*79
$GPGSV,2,2,07,22,00,000,21,23,33,318,45,24,70,159,47,,,,*48
$GPGSV,2,1,07,05,35,099,44,15,00,000,23,18,64,274,46,20,00,000,18*78
$GPGSV,2,2,07,22,00,000,21,23,33,318,45,24,70,159,47,,,,*48
$GPGSV,2,1,07,05,35,099,44,15,00,000,23,18,64,274,46,20,00,000,18*78
$GPGSV,2,2,07,22,00,000,21,23,33,318,45,24,70,159,47,,,,*48
$GPGSV,2,1,07,05,35,099,44,15,00,000,23,18,64,274,46,20,00,000,18*78
$GPGSV,2,2,07,22,00,000,21,23,33,318,45,24,70,159,47,,,,*48
$GPGSV,2,1,07,05,35,099,44,15,00,000,23,18,64,274,46,20,00,000,17*77
$GPGSV,2,2,07,22,00,000,21,23,33,318,45,24,70,159,47,,,,*48
$GPGSV,2,1,07,05,35,099,44,15,00,000,23,18,64,274,46,20,00,000,17*77
$GPGSV,2,2,07,22,00,000,21,23,33,318,45,24,70,159,47,,,,*48
$GPGSV,2,1,07,05,35,099,44,15,00,000,23,18,64,274,46,20,00,000,17*77
$GPGSV,2,2,07,22,00,000,21,23,33,318,45,24,70,159,47,,,,*48
$GPGSV,2,1,07,05,35,099,44,15,00,000,23,18,64,274,46,20,00,000,17*77
$GPGSV,2,2,07,22,00,000,21,23,33,318,45,24,70,159,47,,,,*48
$GPGSV,2,1,07,05,35,099,44,15,00,000,23,18,64,274,46,20,00,000,17*77
$GPGSV,2,2,07,22,00,000,21,23,33,318,45,24,70,159,47,,,,*48
$GPGSV,2,1,07,05,35,099,44,15,00,000,24,18,64,274,46,20,00,000,17*70
$GPGSV,2,2,07,22,00,000,21,23,33,318,45,24,70,159,47,,,,*48
$GPGSV,2,1,07,05,35,099,44,15,00,000,24,18,64,274,46,20,00,000,18*7F
$GPGSV,2,2,07,22,00,000,21,23,33,318,45,24,70,159,47,,,,*48
$GPGSV,2,1,07,05,35,099,44,15,00,000,24,18,64,274,46,20,00,000,18*7F
$GPGSV,2,2,07,22,00,000,20,23,33,318,45,24,70,159,47,,,,*49
$GPGSV,2,1,07,05,35,099,44,15,00,000,24,18,64,274,46,20,00,000,18*7F
$GPGSV,2,2,07,22,00,000,20,23,33,318,45,24,70,159,47,,,,*49
$GPGSV,2,1,07,05,35,099,44,15,00,000,24,18,64,274,46,20,00,000,18*7F
$GPGSV,2,2,07,22,00,000,20,23,33,318,45,24,70,159,47,,,,*49
$GPGSV,2,1,07,05,35,099,44,15,00,000,24,18,64,274,46,20,00,000,17*70
$GPGSV,2,2,07,22,00,000,20,23,33,318,45,24,70,159,47,,,,*49
$GPGSV,2,1,07,05,35,099,44,15,00,000,24,18,64,274,46,20,00,000,17*70
$GPGSV,2,2,07,22,00,000,19,23,33,318,45,24,70,159,47,,,,*43
$GPGSV,2,1,07,05,35,099,44,15,00,000,25,18,64,274,46,20,00,000,17*71
$GPGSV,2,2,07,22,00,000,19,23,33,318,45,24,70,159,47,,,,*43
$GPGSV,2,1,06,05,35,099,44,15,00,000,25,18,64,274,47,22,00,000,20*77
$GPGSV,2,2,06,23,33,318,45,24,70,159,47,,,,,,,,*7A
$GPGSV,2,1,06,05,35,099,44,15,00,000,25,18,64,274,47,22,00,000,20*77
$GPGSV,2,2,06,23,33,318,45,24,70,159,47,,,,,,,,*7A
$GPGSV,2,1,06,05,35,099,44,15,00,000,25,18,64,274,47,22,00,000,20*77
$GPGSV,2,2,06,23,33,318,45,24,70,159,47,,,,,,,,*7A
$GPGSV,2,1,06,05,35,099,44,15,00,000,25,18,64,274,47,22,00,000,20*77
$GPGSV,2,2,06,23,33,318,45,24,70,159,47,,,,,,,,*7A
$GPGSV,2,1,06,05,35,099,44,15,00,000,25,18,64,274,47,22,00,000,20*77
$GPGSV,2,2,06,23,33,318,45,24,70,159,47,,,,,,,,*7A
$GPGSV,2,1,06,05,35,099,44,15,00,000,25,18,64,274,47,22,00,000,20*77
$GPGSV,2,2,06,23,33,318,45,24,70,159,47,,,,,,,,*7A
$GPGSV,2,1,06,05,35,099,44,15,00,000,25,18,64,274,47,22,00,000,20*77
$GPGSV,2,2,06,23,33,318,45,24,70,159,47,,,,,,,,*7A
$GPGSV,2,1,06,05,35,099,44,15,00,000,26,18,64,274,47,22,00,000,20*74
$GPGSV,2,2,06,23,33,318,45,24,70,159,47,,,,,,,,*7A
$GPGSV,2,1,06,05,35,099,44,15,00,000,26,18,64,274,47,22,00,000,20*74
$GPGSV,2,2,06,23,33,318,45,24,70,159,47,,,,,,,,*7A
$GPGSV,2,1,06,05,35,099,44,15,00,000,26,18,64,273,47,22,00,000,21*72
$GPGSV,2,2,06,23,33,318,45,24,70,159,47,,,,,,,,*7A
$GPGSV,2,1,06,05,35,099,44,15,00,000,26,18,64,273,47,22,00,000,21*72
$GPGSV,2,2,06,23,33,318,45,24,70,159,47,,,,,,,,*7A
$GPGSV,2,1,06,05,35,099,44,15,00,000,26,18,64,273,47,22,00,000,21*72
$GPGSV,2,2,06,23,33,318,45,24,70,159,47,,,,,,,,*7A
$GPGSV,2,1,06,05,35,099,44,15,00,000,26,18,64,273,47,22,00,000,21*72
$GPGSV,2,2,06,23,33,318,45,24,70,159,47,,,,,,,,*7A
$GPGSV,2,1,06,05,35,099,44,15,00,000,25,18,64,273,47,22,00,000,21*71
$GPGSV,2,2,06,23,33,318,45,24,70,159,47,,,,,,,,*7A
$GPGSV,2,1,06,05,35,099,44,15,00,000,25,18,64,273,47,22,00,000,22*72
$GPGSV,2,2,06,23,33,318,45,24,70,159,47,,,,,,,,*7A
$GPGSV,2,1,06,05,35,099,44,15,00,000,25,18,64,273,46,22,00,000,22*73
$GPGSV,2,2,06,23,33,318,45,24,70,159,47,,,,,,,,*7A
$GPGSV,2,1,06,05,35,099,44,15,00,000,25,18,64,273,46,22,00,000,22*73
$GPGSV,2,2,06,23,33,318,45,24,70,159,47,,,,,,,,*7A
$GPGSV,2,1,06,05,35,099,44,15,00,000,25,18,64,273,46,22,00,000,22*73
$GPGSV,2,2,06,23,33,318,45,24,70,159,47,,,,,,,,*7A
$GPGSV,2,1,06,05,35,099,44,15,00,000,25,18,64,273,46,22,00,000,22*73
$GPGSV,2,2,06,23,33,318,45,24,70,159,47,,,,,,,,*7A
$GPGSV,2,1,06,05,35,099,44,15,00,000,25,18,64,273,46,22,00,000,22*73
$GPGSV,2,2,06,23,33,318,45,24,70,159,47,,,,,,,,*7A
$GPGSV,2,1,06,05,35,099,44,15,00,000,25,18,64,273,46,22,00,000,22*73
$GPGSV,2,2,06,23,33,318,45,24,70,159,47,,,,,,,,*7A
$GPGSV,2,1,06,05,35,099,44,15,00,000,25,18,64,273,46,22,00,000,22*73
$GPGSV,2,2,06,23,33,318,45,24,70,159,47,,,,,,,,*7A
$GPGSV,2,1,06,05,35,099,44,15,00,000,24,18,64,273,46,22,00,000,22*72
$GPGSV,2,2,06,23,33,318,45,24,70,159,47,,,,,,,,*7A
$GPGSV,2,1,06,05,35,099,44,15,00,000,24,18,64,273,46,22,00,000,22*72
$GPGSV,2,2,06,23,33,318,45,24,70,159,47,,,,,,,,*7A
$GPGSV,2,1,06,05,35,099,44,15,00,000,24,18,64,273,46,22,00,000,22*72
$GPGSV,2,2,06,23,33,318,45,24,70,159,47,,,,,,,,*7A
$GPGSV,2,1,06,05,35,099,44,15,00,000,23,18,64,273,46,22,00,000,22*75
$GPGSV,2,2,06,23,33,318,45,24,70,159,47,,,,,,,,*7A
$GPGSV,2,1,06,05,35,099,44,15,00,000,23,18,64,273,46,22,00,000,22*75
$GPGSV,2,2,06,23,33,318,45,24,70,159,47,,,,,,,,*7A
$GPGSV,2,1,06,05,35,099,44,15,00,000,22,18,64,273,46,22,00,000,22*74
$GPGSV,2,2,06,23,33,318,45,24,70,159,47,,,,,,,,*7A
$GPGSV,2,1,06,05,35,099,44,15,00,000,22,18,64,273,46,22,00,000,22*74
$GPGSV,2,2,06,23,33,318,45,24,70,159,47,,,,,,,,*7A
$GPGSV,2,1,06,05,35,099,44,15,00,000,22,18,64,273,46,22,00,000,22*74
$GPGSV,2,2,06,23,33,318,45,24,70,159,47,,,,,,,,*7A
$GPGSV,2,1,06,05,35,099,44,15,00,000,22,18,64,273,46,22,00,000,22*74
$GPGSV,2,2,06,23,33,318,45,24,70,159,47,,,,,,,,*7A
$GPGSV,2,1,06,05,35,099,44,15,00,000,22,18,64,273,46,22,00,000,22*74
$GPGSV,2,2,06,23,33,318,45,24,70,159,47,,,,,,,,*7A
$GPGSV,2,1,06,05,35,099,44,15,00,000,22,18,64,273,46,22,00,000,22*74
$GPGSV,2,2,06,23,33,318,45,24,70,159,47,,,,,,,,*7A
$GPGSV,2,1,06,05,35,099,44,15,00,000,22,18,64,273,46,22,00,000,22*74
$GPGSV,2,2,06,23,33,318,45,24,70,159,47,,,,,,,,*7A
$GPGSV,2,1,06,05,35,099,44,15,00,000,23,18,64,273,46,22,00,000,22*75
$GPGSV,2,2,06,23,33,318,45,24,70,159,47,,,,,,,,*7A
$GPGSV,2,1,06,05,35,099,44,15,00,000,23,18,64,273,46,22,00,000,21*76
$GPGSV,2,2,06,23,33,318,45,24,70,159,47,,,,,,,,*7A
$GPGSV,2,1,06,05,35,099,44,15,00,000,23,18,64,273,46,22,00,000,21*76
$GPGSV,2,2,06,23,33,318,45,24,70,159,47,,,,,,,,*7A
$GPGSV,2,1,06,05,35,099,44,15,00,000,23,18,64,273,46,22,00,000,21*76
$GPGSV,2,2,06,23,33,318,45,24,70,159,47,,,,,,,,*7A
$GPGSV,2,1,06,05,35,099,44,15,00,000,23,18,64,273,46,22,00,000,21*76
$GPGSV,2,2,06,23,33,318,45,24,70,159,47,,,,,,,,*7A
$GPGSV,2,1,06,05,35,099,44,15,00,000,23,18,64,273,46,22,00,000,22*75
$GPGSV,2,2,06,23,33,318,45,24,70,159,47,,,,,,,,*7A
$GPGSV,2,1,06,05,35,099,44,15,00,000,23,18,64,273,46,22,00,000,22*75
$GPGSV,2,2,06,23,33,318,45,24,70,159,47,,,,,,,,*7A
$GPGSV,2,1,06,05,35,099,44,15,00,000,23,18,64,273,46,22,00,000,21*76
$GPGSV,2,2,06,23,33,318,45,24,70,159,47,,,,,,,,*7A
$GPGSV,2,1,06,05,35,099,44,15,00,000,24,18,64,273,46,22,00,000,21*71
$GPGSV,2,2,06,23,33,318,45,24,70,159,47,,,,,,,,*7A
$GPGSV,2,1,06,05,35,099,44,15,00,000,24,18,64,273,46,22,00,000,21*71
$GPGSV,2,2,06,23,33,318,45,24,70,159,47,,,,,,,,*7A
$GPGSV,2,1,06,05,35,099,44,15,00,000,24,18,64,273,46,22,00,000,21*71
$GPGSV,2,2,06,23,33,318,45,24,70,159,47,,,,,,,,*7A
$GPGSV,2,1,06,05,35,099,44,15,00,000,23,18,64,273,46,22,00,000,21*76
$GPGSV,2,2,06,23,33,318,45,24,70,159,47,,,,,,,,*7A
$GPGSV,2,1,06,05,35,099,44,15,00,000,23,18,64,273,46,22,00,000,22*75
$GPGSV,2,2,06,23,33,318,45,24,70,159,47,,,,,,,,*7A
$GPGSV,2,1,06,05,35,099,44,15,00,000,23,18,64,273,46,22,00,000,22*75
$GPGSV,2,2,06,23,33,318,45,24,70,159,47,,,,,,,,*7A
$GPGSV,2,1,06,05,35,099,44,15,00,000,23,18,64,273,46,22,00,000,22*75
$GPGSV,2,2,06,23,33,318,45,24,70,159,47,,,,,,,,*7A
$GPGSV,2,1,06,05,35,099,44,15,00,000,23,18,64,273,46,22,00,000,22*75
$GPGSV,2,2,06,23,33,318,45,24,70,159,47,,,,,,,,*7A
$GPGSV,2,1,06,05,35,099,44,15,00,000,23,18,64,273,46,22,00,000,21*76
$GPGSV,2,2,06,23,33,318,45,24,70,159,47,,,,,,,,*7A
$GPGSV,2,1,06,05,35,099,44,15,00,000,23,18,64,273,46,22,00,000,21*76
$GPGSV,2,2,06,23,33,318,45,24,70,159,47,,,,,,,,*7A
$GPGSV,2,1,06,05,35,099,44,15,00,000,23,18,64,273,46,22,00,000,21*76
$GPGSV,2,2,06,23,33,318,45,24,70,159,47,,,,,,,,*7A
$GPGSV,2,1,06,05,35,099,44,15,00,000,23,18,64,273,46,22,00,000,21*76
$GPGSV,2,2,06,23,33,318,45,24,70,159,47,,,,,,,,*7A
$GPGSV,2,1,06,05,35,099,44,15,00,000,24,18,64,273,46,22,00,000,21*71
$GPGSV,2,2,06,23,33,318,45,24,70,159,47,,,,,,,,*7A
$GPGSV,2,1,06,05,35,099,44,15,00,000,24,18,64,273,46,22,00,000,20*70
$GPGSV,2,2,06,23,33,318,45,24,70,159,47,,,,,,,,*7A
$GPGSV,2,1,06,05,35,099,44,15,00,000,25,18,64,273,46,22,00,000,20*71
$GPGSV,2,2,06,23,33,318,45,24,70,159,47,,,,,,,,*7A
$GPGSV,2,1,06,05,35,099,44,15,00,000,25,18,64,273,46,22,00,000,20*71
$GPGSV,2,2,06,23,33,318,45,24,70,159,47,,,,,,,,*7A
$GPGSV,2,1,06,05,35,099,44,15,00,000,26,18,64,273,46,22,00,000,20*72
$GPGSV,2,2,06,23,33,318,45,24,70,159,47,,,,,,,,*7A
$GPGSV,2,1,06,05,35,099,44,15,00,000,26,18,64,273,46,22,00,000,20*72
$GPGSV,2,2,06,23,33,318,45,24,71,159,47,,,,,,,,*7B
$GPGSV,2,1,06,05,35,099,44,15,00,000,25,18,64,273,46,22,00,000,20*71
$GPGSV,2,2,06,23,33,318,45,24,71,159,47,,,,,,,,*7B
$GPGSV,2,1,06,05,35,099,44,15,00,000,25,18,64,273,46,22,00,000,20*71
$GPGSV,2,2,06,23,33,318,45,24,71,159,47,,,,,,,,*7B
$GPGSV,2,1,06,05,35,099,44,15,00,000,25,18,64,273,46,22,00,000,19*7B
$GPGSV,2,2,06,23,33,318,45,24,71,159,47,,,,,,,,*7B
$GPGSV,2,1,06,05,35,099,44,15,00,000,25,18,64,273,46,22,00,000,20*71
$GPGSV,2,2,06,23,33,318,45,24,71,159,47,,,,,,,,*7B
$GPGSV,2,1,06,05,35,099,44,15,00,000,25,18,64,273,46,22,00,000,19*7B
$GPGSV,2,2,06,23,33,318,45,24,71,159,47,,,,,,,,*7B
$GPGSV,2,1,06,05,35,099,44,15,00,000,25,18,64,273,46,22,00,000,19*7B
$GPGSV,2,2,06,23,33,318,45,24,71,159,47,,,,,,,,*7B
$GPGSV,2,1,06,05,35,099,44,15,00,000,25,18,64,273,46,22,00,000,19*7B
$GPGSV,2,2,06,23,33,318,45,24,71,159,47,,,,,,,,*7B
$GPGSV,2,1,06,05,35,099,44,15,00,000,25,18,64,273,47,22,00,000,19*7A
$GPGSV,2,2,06,23,33,318,45,24,71,159,47,,,,,,,,*7B
$GPGSV,2,1,06,05,35,099,44,15,00,000,25,18,64,273,47,22,00,000,19*7A
$GPGSV,2,2,06,23,33,318,45,24,71,159,47,,,,,,,,*7B
$GPGSV,2,1,06,05,35,099,44,15,00,000,25,18,64,273,47,22,00,000,19*7A
$GPGSV,2,2,06,23,33,318,45,24,71,159,47,,,,,,,,*7B
$GPGSV,2,1,06,05,35,099,44,15,00,000,25,18,64,273,47,22,00,000,19*7A
$GPGSV,2,2,06,23,33,318,45,24,71,159,47,,,,,,,,*7B
$GPGSV,2,1,05,05,35,099,44,18,64,273,47,22,00,000,20,23,33,318,45*7A
$GPGSV,2,2,05,24,71,159,47,,,,,,,,,,,,*42
$GPGSV,2,1,05,05,35,099,44,18,64,273,47,22,00,000,20,23,33,318,45*7A
$GPGSV,2,2,05,24,71,159,47,,,,,,,,,,,,*42
$GPGSV,2,1,05,05,35,099,44,18,64,273,47,22,00,000,20,23,33,318,45*7A
$GPGSV,2,2,05,24,71,159,47,,,,,,,,,,,,*42
$GPGSV,2,1,05,05,35,099,44,18,64,273,47,22,00,000,20,23,33,318,45*7A
$GPGSV,2,2,05,24,71,159,47,,,,,,,,,,,,*42
$GPGSV,2,1,05,05,35,099,44,18,64,273,47,22,00,000,20,23,33,318,45*7A
$GPGSV,2,2,05,24,71,159,47,,,,,,,,,,,,*42
$GPGSV,2,1,05,05,35,099,44,18,64,273,47,22,00,000,20,23,33,318,45*7A
$GPGSV,2,2,05,24,71,159,47,,,,,,,,,,,,*42
$GPGSV,2,1,06,05,35,099,44,15,00,000,27,18,64,273,47,22,00,000,20*72
$GPGSV,2,2,06,23,33,318,45,24,71,159,47,,,,,,,,*7B
$GPGSV,2,1,06,05,35,099,44,15,00,000,27,18,64,273,47,22,00,000,20*72
$GPGSV,2,2,06,23,33,318,45,24,71,159,47,,,,,,,,*7B
$GPGSV,2,1,06,05,35,100,44,15,00,000,27,18,64,273,47,22,00,000,19*79
$GPGSV,2,2,06,23,33,318,45,24,71,159,47,,,,,,,,*7B
$GPGSV,2,1,06,05,35,100,44,15,00,000,26,18,64,273,47,22,00,000,19*78
$GPGSV,2,2,06,23,33,318,45,24,71,159,47,,,,,,,,*7B
$GPGSV,2,1,06,05,35,100,44,15,00,000,26,18,64,273,47,22,00,000,18*79
$GPGSV,2,2,06,23,33,318,45,24,71,159,47,,,,,,,,*7B
$GPGSV,2,1,06,05,35,100,44,15,00,000,26,18,64,273,47,22,00,000,17*76
$GPGSV,2,2,06,23,33,318,45,24,71,159,47,,,,,,,,*7B
$GPGSV,2,1,06,05,35,100,44,15,00,000,26,18,64,273,47,22,00,000,17*76
$GPGSV,2,2,06,23,33,318,45,24,71,159,47,,,,,,,,*7B
$GPGSV,2,1,06,05,35,100,44,15,00,000,26,18,64,273,47,22,00,000,17*76
$GPGSV,2,2,06,23,33,318,45,24,71,159,47,,,,,,,,*7B
$GPGSV,2,1,06,05,35,100,44,15,00,000,26,18,64,273,47,22,00,000,17*76
$GPGSV,2,2,06,23,33,318,45,24,71,159,47,,,,,,,,*7B
$GPGSV,2,1,06,05,35,100,44,15,00,000,26,18,64,273,47,22,00,000,17*76
$GPGSV,2,2,06,23,33,318,45,24,71,159,47,,,,,,,,*7B
$GPGSV,2,1,06,05,35,100,44,15,00,000,26,18,64,273,47,22,00,000,17*76
$GPGSV,2,2,06,23,33,318,45,24,71,159,47,,,,,,,,*7B
$GPGSV,2,1,06,05,35,100,44,15,00,000,26,18,64,273,47,22,00,000,17*76
$GPGSV,2,2,06,23,33,318,45,24,71,159,47,,,,,,,,*7B
$GPGSV,2,1,06,05,35,100,44,15,00,000,26,18,64,273,47,22,00,000,17*76
$GPGSV,2,2,06,23,33,318,45,24,71,159,47,,,,,,,,*7B
$GPGSV,2,1,06,05,35,100,44,15,00,000,26,18,64,273,47,22,00,000,16*77
$GPGSV,2,2,06,23,33,318,45,24,71,159,47,,,,,,,,*7B
$GPGSV,2,1,06,05,35,100,44,15,00,000,26,18,64,273,47,22,00,000,15*74
$GPGSV,2,2,06,23,33,318,45,24,71,159,47,,,,,,,,*7B
$GPGSV,2,1,05,05,35,100,44,15,00,000,26,18,64,273,47,23,33,318,45*79
$GPGSV,2,2,05,24,71,159,47,,,,,,,,,,,,*42
$GPGSV,2,1,05,05,35,100,44,15,00,000,26,18,64,273,47,23,33,318,44*78
$GPGSV,2,2,05,24,71,159,47,,,,,,,,,,,,*42
$GPGSV,2,1,05,05,35,100,44,15,00,000,25,18,64,273,47,23,33,318,44*7B
$GPGSV,2,2,05,24,71,159,47,,,,,,,,,,,,*42
$GPGSV,2,1,05,05,35,100,44,15,00,000,26,18,64,273,47,23,33,318,44*78
$GPGSV,2,2,05,24,71,159,47,,,,,,,,,,,,*42
$GPGSV,2,1,05,05,35,100,44,15,00,000,26,18,64,273,47,23,33,318,44*78
$GPGSV,2,2,05,24,71,159,47,,,,,,,,,,,,*42
$GPGSV,2,1,05,05,35,100,44,15,00,000,26,18,64,273,47,23,33,318,44*78
$GPGSV,2,2,05,24,71,159,47,,,,,,,,,,,,*42
$GPGSV,2,1,05,05,35,100,44,15,00,000,26,18,64,273,47,23,33,318,44*78
$GPGSV,2,2,05,24,71,159,47,,,,,,,,,,,,*42
$GPGSV,2,1,05,05,35,100,44,15,00,000,26,18,64,273,47,23,33,318,44*78
$GPGSV,2,2,05,24,71,159,47,,,,,,,,,,,,*42
$GPGSV,2,1,05,05,35,100,44,15,00,000,26,18,64,273,47,23,33,318,44*78
$GPGSV,2,2,05,24,71,159,47,,,,,,,,,,,,*42
$GPGSV,2,1,05,05,35,100,44,15,00,000,26,18,64,273,47,23,33,318,44*78
$GPGSV,2,2,05,24,71,159,47,,,,,,,,,,,,*42
$GPGSV,2,1,05,05,35,100,44,15,00,000,26,18,64,273,47,23,33,318,45*79
$GPGSV,2,2,05,24,71,159,47,,,,,,,,,,,,*42
$GPGSV,2,1,05,05,35,100,44,15,00,000,26,18,64,273,47,23,33,318,45*79
$GPGSV,2,2,05,24,71,159,47,,,,,,,,,,,,*42
$GPGSV,2,1,05,05,35,100,44,15,00,000,26,18,64,273,47,23,33,318,45*79
$GPGSV,2,2,05,24,71,159,47,,,,,,,,,,,,*42
$GPGSV,2,1,06,05,35,100,44,15,00,000,26,18,64,273,47,20,00,000,28*78
$GPGSV,2,2,06,23,33,318,45,24,71,159,47,,,,,,,,*7B
$GPGSV,2,1,06,05,35,100,44,15,00,000,26,18,64,273,47,20,00,000,31*70
$GPGSV,2,2,06,23,33,318,45,24,71,159,47,,,,,,,,*7B
$GPGSV,2,1,06,05,35,100,44,15,00,000,26,18,64,273,47,20,00,000,31*70
$GPGSV,2,2,06,23,33,318,45,24,71,159,47,,,,,,,,*7B
$GPGSV,2,1,06,05,35,100,44,15,00,000,26,18,64,273,47,20,00,000,30*71
$GPGSV,2,2,06,23,33,318,45,24,71,159,47,,,,,,,,*7B
$GPGSV,2,1,06,05,35,100,44,15,00,000,26,18,64,273,47,20,00,000,29*79
$GPGSV,2,2,06,23,33,318,45,24,71,159,47,,,,,,,,*7B
$GPGSV,2,1,06,05,35,100,44,15,00,000,26,18,64,273,47,20,00,000,28*78
$GPGSV,2,2,06,23,33,318,45,24,71,159,47,,,,,,,,*7B
$GPGSV,2,1,06,05,35,100,44,15,00,000,25,18,64,273,47,20,00,000,29*7A
$GPGSV,2,2,06,23,33,318,45,24,71,159,47,,,,,,,,*7B
$GPGSV,2,1,06,05,35,100,44,15,00,000,25,18,64,273,47,20,32,047,29*78
$GPGSV,2,2,06,23,33,318,44,24,71,159,47,,,,,,,,*7A
$GPGSV,2,1,06,05,35,100,44,15,00,000,24,18,64,273,47,20,32,047,29*79
$GPGSV,2,2,06,23,33,318,44,24,71,159,47,,,,,,,,*7A
$GPGSV,2,1,06,05,35,100,44,15,00,000,24,18,64,273,47,20,32,047,29*79
$GPGSV,2,2,06,23,33,318,44,24,71,159,47,,,,,,,,*7A
$GPGSV,2,1,06,05,35,100,44,15,00,000,24,18,64,273,47,20,32,047,29*79
$GPGSV,2,2,06,23,33,318,44,24,71,159,47,,,,,,,,*7A
$GPGSV,2,1,06,05,35,100,44,15,00,000,23,18,64,273,47,20,00,000,29*7C
$GPGSV,2,2,06,23,33,318,44,24,71,159,47,,,,,,,,*7A
$GPGSV,2,1,06,05,35,100,44,15,00,000,23,18,64,273,47,20,00,000,28*7D
$GPGSV,2,2,06,23,33,318,44,24,71,159,47,,,,,,,,*7A
$GPGSV,2,1,06,05,35,100,44,15,00,000,23,18,64,273,47,20,00,000,28*7D
$GPGSV,2,2,06,23,33,318,44,24,71,159,47,,,,,,,,*7A
$GPGSV,2,1,06,05,35,100,44,15,00,000,23,18,64,273,47,20,00,000,28*7D
$GPGSV,2,2,06,23,33,318,44,24,71,159,47,,,,,,,,*7A
$GPGSV,2,1,06,05,35,100,44,15,00,000,23,18,64,273,47,20,32,047,28*7F
$GPGSV,2,2,06,23,33,318,44,24,71,159,47,,,,,,,,*7A
$GPGSV,2,1,06,05,35,100,44,15,00,000,23,18,64,273,47,20,32,047,28*7F
$GPGSV,2,2,06,23,33,318,44,24,71,159,47,,,,,,,,*7A
$GPGSV,2,1,06,05,35,100,44,15,00,000,23,18,64,273,47,20,32,047,27*70
$GPGSV,2,2,06,23,33,318,44,24,71,159,47,,,,,,,,*7A
$GPGSV,2,1,06,05,35,100,44,15,00,000,23,18,64,273,47,20,32,047,27*70
$GPGSV,2,2,06,23,33,318,44,24,71,159,47,,,,,,,,*7A
$GPGSV,2,1,07,05,35,100,44,15,00,000,23,18,64,273,47,20,32,047,27*71
$GPGSV,2,2,07,22,00,000,25,23,33,318,44,24,71,159,47,,,,*4C
$GPGSV,2,1,07,05,35,100,44,15,00,000,23,18,64,273,47,20,32,047,27*71
$GPGSV,2,2,07,22,00,000,25,23,33,318,44,24,71,159,47,,,,*4C
$GPGSV,2,1,07,05,35,100,44,15,00,000,24,18,64,273,47,20,32,047,28*79
$GPGSV,2,2,07,22,00,000,25,23,33,318,44,24,71,159,47,,,,*4C
$GPGSV,2,1,07,05,35,100,44,15,00,000,24,18,64,273,47,20,32,047,28*79
$GPGSV,2,2,07,22,00,000,25,23,33,318,44,24,71,159,47,,,,*4C
$GPGSV,2,1,07,05,35,100,44,15,00,000,24,18,64,273,47,20,32,047,27*76
$GPGSV,2,2,07,22,00,000,25,23,33,318,44,24,71,159,47,,,,*4C
$GPGSV,2,1,07,05,35,100,44,15,00,000,24,18,64,273,47,20,32,047,28*79
$GPGSV,2,2,07,22,00,000,24,23,33,318,44,24,71,159,47,,,,*4D
$GPGSV,2,1,07,05,35,100,44,15,00,000,24,18,64,273,47,20,32,047,27*76
$GPGSV,2,2,07,22,00,000,23,23,33,318,44,24,71,159,47,,,,*4A
$GPGSV,2,1,07,05,35,100,44,15,00,000,24,18,64,273,47,20,32,047,27*76
$GPGSV,2,2,07,22,00,000,23,23,33,318,44,24,71,159,47,,,,*4A
$GPGSV,2,1,07,05,35,100,44,15,00,000,24,18,64,273,47,20,32,047,27*76
$GPGSV,2,2,07,22,00,000,23,23,33,318,45,24,71,159,47,,,,*4B
$GPGSV,2,1,07,05,35,100,44,15,00,000,23,18,64,273,47,20,32,047,27*71
$GPGSV,2,2,07,22,00,000,23,23,33,318,45,24,71,159,47,,,,*4B
$GPGSV,2,1,07,05,35,100,44,15,00,000,23,18,64,273,47,20,32,047,27*71
$GPGSV,2,2,07,22,00,000,23,23,33,318,45,24,71,159,47,,,,*4B
$GPGSV,2,1,07,05,35,100,44,15,00,000,23,18,64,273,47,20,32,047,27*71
$GPGSV,2,2,07,22,00,000,22,23,33,318,45,24,71,159,47,,,,*4A
$GPGSV,2,1,07,05,35,100,44,15,00,000,23,18,64,273,47,20,32,047,27*71
$GPGSV,2,2,07,22,00,000,22,23,33,318,45,24,71,159,47,,,,*4A
$GPGSV,2,1,07,05,35,100,44,15,00,000,23,18,64,273,47,20,32,047,27*71
$GPGSV,2,2,07,22,00,000,23,23,33,318,45,24,71,159,47,,,,*4B
$GPGSV,2,1,07,05,35,100,44,15,00,000,23,18,64,273,47,20,00,000,26*72
$GPGSV,2,2,07,22,00,000,23,23,33,318,45,24,71,159,47,,,,*4B
$GPGSV,2,1,07,05,35,100,44,15,00,000,22,18,64,273,47,20,00,000,26*73
$GPGSV,2,2,07,22,00,000,23,23,33,318,45,24,71,159,47,,,,*4B
$GPGSV,2,1,07,05,35,100,44,15,00,000,22,18,64,273,47,20,32,047,26*71
$GPGSV,2,2,07,22,00,000,23,23,33,318,45,24,71,159,47,,,,*4B
$GPGSV,2,1,07,05,35,100,44,15,00,000,22,18,64,273,47,20,32,047,26*71
$GPGSV,2,2,07,22,00,000,23,23,33,318,45,24,71,159,47,,,,*4B
$GPGSV,2,1,07,05,35,100,44,15,00,000,22,18,64,273,47,20,32,047,26*71
$GPGSV,2,2,07,22,00,000,23,23,33,318,45,24,71,159,47,,,,*4B
$GPGSV,2,1,07,05,35,100,44,15,00,000,22,18,64,273,47,20,32,047,26*71
$GPGSV,2,2,07,22,00,000,23,23,33,318,45,24,71,159,47,,,,*4B
$GPGSV,2,1,07,05,35,100,44,15,00,000,23,18,64,273,47,20,32,047,25*73
$GPGSV,2,2,07,22,00,000,23,23,33,318,45,24,71,159,47,,,,*4B
$GPGSV,2,1,07,05,35,100,44,15,00,000,23,18,64,273,47,20,00,000,25*71
$GPGSV,2,2,07,22,00,000,23,23,33,318,45,24,71,159,47,,,,*4B
$GPGSV,2,1,07,05,35,100,44,15,00,000,23,18,64,273,47,20,00,000,25*71
$GPGSV,2,2,07,22,00,000,22,23,33,318,45,24,71,159,47,,,,*4A
$GPGSV,2,1,07,05,35,100,44,15,00,000,23,18,64,273,47,20,00,000,24*70
$GPGSV,2,2,07,22,00,000,22,23,33,318,45,24,71,159,47,,,,*4A
$GPGSV,2,1,07,05,35,100,44,15,00,000,23,18,64,273,47,20,00,000,24*70
$GPGSV,2,2,07,22,00,000,22,23,33,318,45,24,71,159,47,,,,*4A
$GPGSV,2,1,07,05,35,100,44,15,00,000,22,18,64,273,46,20,32,047,24*72
$GPGSV,2,2,07,22,00,000,21,23,33,318,45,24,71,159,47,,,,*49
$GPGSV,2,1,07,05,35,100,44,15,00,000,22,18,64,273,46,20,32,047,23*75
$GPGSV,2,2,07,22,00,000,21,23,33,318,45,24,71,159,47,,,,*49
$GPGSV,2,1,07,05,35,100,44,15,00,000,22,18,64,273,46,20,32,047,23*75
$GPGSV,2,2,07,22,00,000,21,23,33,318,45,24,71,159,47,,,,*49
$GPGSV,2,1,07,05,35,100,44,15,00,000,22,18,64,273,46,20,32,047,23*75
$GPGSV,2,2,07,22,00,000,21,23,33,318,45,24,71,159,47,,,,*49
$GPGSV,2,1,07,05,35,100,44,15,00,000,22,18,64,273,47,20,32,047,23*74
$GPGSV,2,2,07,22,00,000,22,23,33,318,45,24,71,159,47,,,,*4A
$GPGSV,2,1,07,05,35,100,44,15,00,000,22,18,64,273,47,20,32,047,24*73
$GPGSV,2,2,07,22,00,000,22,23,33,318,45,24,71,159,47,,,,*4A
$GPGSV,2,1,07,05,35,100,44,15,00,000,21,18,64,273,47,20,32,047,24*70
$GPGSV,2,2,07,22,00,000,22,23,33,318,45,24,71,159,47,,,,*4A
$GPGSV,2,1,07,05,35,100,44,15,00,000,21,18,64,273,47,20,32,047,24*70
$GPGSV,2,2,07,22,00,000,22,23,33,318,45,24,71,159,47,,,,*4A
$GPGSV,2,1,07,05,35,100,44,15,00,000,21,18,64,273,47,20,32,047,25*71
$GPGSV,2,2,07,22,00,000,22,23,33,318,45,24,71,159,47,,,,*4A
$GPGSV,2,1,07,05,35,100,44,15,00,000,21,18,64,273,47,20,32,047,25*71
$GPGSV,2,2,07,22,00,000,22,23,33,318,45,24,71,159,47,,,,*4A
$GPGSV,2,1,07,05,35,100,44,15,00,000,21,18,64,273,47,20,32,047,26*72
$GPGSV,2,2,07,22,00,000,23,23,33,318,45,24,71,159,47,,,,*4B
$GPGSV,2,1,07,05,35,100,44,15,00,000,21,18,64,273,47,20,32,047,26*72
$GPGSV,2,2,07,22,00,000,23,23,33,318,45,24,71,159,47,,,,*4B
$GPGSV,2,1,07,05,35,100,44,15,00,000,20,18,64,273,46,20,32,047,26*72
$GPGSV,2,2,07,22,00,000,23,23,33,318,45,24,71,159,47,,,,*4B
$GPGSV,2,1,07,05,35,100,44,15,00,000,20,18,64,273,46,20,32,047,26*72
$GPGSV,2,2,07,22,00,000,23,23,33,318,45,24,71,159,47,,,,*4B
$GPGSV,2,1,07,05,35,100,44,15,00,000,20,18,64,273,46,20,32,047,26*72
$GPGSV,2,2,07,22,00,000,23,23,33,318,45,24,71,159,47,,,,*4B
$GPGSV,2,1,06,05,35,100,44,18,64,273,46,20,32,047,26,22,00,000,23*74
$GPGSV,2,2,06,23,33,318,45,24,71,159,47,,,,,,,,*7B
$GPGSV,2,1,06,05,35,100,44,18,64,273,46,20,32,047,27,22,00,000,23*75
$GPGSV,2,2,06,23,33,318,45,24,71,159,47,,,,,,,,*7B
$GPGSV,2,1,06,05,35,100,44,18,64,273,46,20,32,047,27,22,00,000,23*75
$GPGSV,2,2,06,23,33,318,45,24,71,159,47,,,,,,,,*7B
$GPGSV,2,1,06,05,35,100,44,18,64,273,46,20,32,047,27,22,00,000,23*75
$GPGSV,2,2,06,23,33,318,45,24,71,159,47,,,,,,,,*7B
$GPGSV,2,1,06,05,35,100,44,18,64,273,46,20,32,047,28,22,00,000,23*7A
$GPGSV,2,2,06,23,33,318,45,24,71,159,47,,,,,,,,*7B
$GPGSV,2,1,06,05,35,100,44,18,64,273,46,20,32,047,28,22,00,000,23*7A
$GPGSV,2,2,06,23,33,318,45,24,71,159,47,,,,,,,,*7B
$GPGSV,2,1,06,05,35,100,44,18,64,273,46,20,32,047,28,22,00,000,23*7A
$GPGSV,2,2,06,23,33,318,45,24,71,159,47,,,,,,,,*7B
$GPGSV,2,1,06,05,35,100,44,18,64,273,46,20,32,047,29,22,00,000,23*7B
$GPGSV,2,2,06,23,33,318,45,24,71,159,47,,,,,,,,*7B
$GPGSV,2,1,06,05,35,100,44,18,64,273,46,20,32,047,29,22,00,000,22*7A
$GPGSV,2,2,06,23,33,318,45,24,71,159,47,,,,,,,,*7B
$GPGSV,2,1,06,05,35,100,44,18,64,273,46,20,32,047,29,22,00,000,22*7A
$GPGSV,2,2,06,23,33,318,45,24,71,159,47,,,,,,,,*7B
$GPGSV,2,1,06,05,35,100,44,18,64,273,46,20,32,047,29,22,00,000,22*7A
$GPGSV,2,2,06,23,33,318,45,24,71,159,47,,,,,,,,*7B
$GPGSV,2,1,06,05,35,100,44,18,64,273,46,20,32,047,29,22,00,000,22*7A
$GPGSV,2,2,06,23,33,318,45,24,71,159,47,,,,,,,,*7B
$GPGSV,2,1,06,05,35,100,44,18,64,273,46,20,32,047,29,22,00,000,21*79
$GPGSV,2,2,06,23,33,318,45,24,71,159,47,,,,,,,,*7B
$GPGSV,2,1,06,05,35,100,44,18,64,273,46,20,32,047,30,22,00,000,21*71
$GPGSV,2,2,06,23,33,318,45,24,71,159,47,,,,,,,,*7B
$GPGSV,2,1,06,05,35,100,44,18,64,273,46,20,32,047,30,22,00,000,21*71
$GPGSV,2,2,06,23,33,318,45,24,71,159,47,,,,,,,,*7B
$GPGSV,2,1,06,05,35,100,44,18,64,273,46,20,32,047,30,22,00,000,21*71
$GPGSV,2,2,06,23,33,318,45,24,71,159,47,,,,,,,,*7B
$GPGSV,2,1,06,05,35,100,44,18,64,273,46,20,32,047,30,22,00,000,20*70
$GPGSV,2,2,06,23,33,318,45,24,71,159,47,,,,,,,,*7B
$GPGSV,2,1,06,05,35,100,44,18,64,273,46,20,32,047,30,22,00,000,20*70
$GPGSV,2,2,06,23,33,318,45,24,71,159,47,,,,,,,,*7B
$GPGSV,2,1,06,05,35,100,44,18,64,273,46,20,32,047,30,22,00,000,20*70
$GPGSV,2,2,06,23,33,318,45,24,71,159,47,,,,,,,,*7B
$GPGSV,2,1,06,05,35,100,44,18,64,273,46,20,32,047,30,22,00,000,20*70
$GPGSV,2,2,06,23,33,318,45,24,71,159,47,,,,,,,,*7B
$GPGSV,2,1,06,05,35,100,44,18,64,273,46,20,32,047,30,22,00,000,21*71
$GPGSV,2,2,06,23,33,318,45,24,71,159,47,,,,,,,,*7B
$GPGSV,2,1,06,05,35,100,44,18,64,273,46,20,32,047,30,22,00,000,21*71
$GPGSV,2,2,06,23,33,318,45,24,71,159,47,,,,,,,,*7B
$GPGSV,2,1,06,05,35,100,44,18,64,273,46,20,32,047,30,22,00,000,21*71
$GPGSV,2,2,06,23,33,318,45,24,71,159,47,,,,,,,,*7B
$GPGSV,2,1,06,05,35,100,44,18,64,273,46,20,32,047,31,22,00,000,22*73
$GPGSV,2,2,06,23,33,318,45,24,71,159,47,,,,,,,,*7B
$GPGSV,2,1,06,05,35,100,44,18,64,273,46,20,32,047,31,22,00,000,22*73
$GPGSV,2,2,06,23,33,318,45,24,71,159,47,,,,,,,,*7B
$GPGSV,2,1,06,05,35,100,44,18,64,273,46,20,32,047,31,22,00,000,22*73
$GPGSV,2,2,06,23,33,318,45,24,71,159,47,,,,,,,,*7B
$GPGSV,2,1,06,05,35,100,44,18,64,273,46,20,32,047,31,22,00,000,22*73
$GPGSV,2,2,06,23,33,318,45,24,71,159,47,,,,,,,,*7B
$GPGSV,2,1,06,05,35,100,44,18,64,273,46,20,32,047,31,22,00,000,21*70
$GPGSV,2,2,06,23,33,318,45,24,71,159,47,,,,,,,,*7B
$GPGSV,2,1,06,05,35,100,44,18,64,273,46,20,32,047,31,22,00,000,21*70
$GPGSV,2,2,06,23,33,318,45,24,71,159,47,,,,,,,,*7B
$GPGSV,2,1,06,05,35,100,44,18,64,273,46,20,32,047,31,22,00,000,21*70
$GPGSV,2,2,06,23,33,318,45,24,71,159,47,,,,,,,,*7B
$GPGSV,2,1,06,05,35,100,44,18,64,273,46,20,32,047,31,22,00,000,21*70
$GPGSV,2,2,06,23,33,318,45,24,71,159,47,,,,,,,,*7B
$GPGSV,2,1,06,05,35,100,44,18,64,273,46,20,32,047,31,22,00,000,21*70
$GPGSV,2,2,06,23,33,318,45,24,71,159,47,,,,,,,,*7B
$GPGSV,2,1,06,05,35,100,44,18,64,273,46,20,32,047,31,22,00,000,21*70
$GPGSV,2,2,06,23,33,318,45,24,71,159,47,,,,,,,,*7B
$GPGSV,2,1,06,05,35,100,44,18,64,273,46,20,32,047,31,22,00,000,21*70
$GPGSV,2,2,06,23,33,318,45,24,71,159,47,,,,,,,,*7B
$GPGSV,2,1,06,05,35,100,44,18,64,273,46,20,32,047,31,22,00,000,21*70
$GPGSV,2,2,06,23,33,318,45,24,71,159,47,,,,,,,,*7B
$GPGSV,2,1,06,05,35,100,44,18,64,273,46,20,32,047,31,22,00,000,21*70
$GPGSV,2,2,06,23,33,318,45,24,71,159,47,,,,,,,,*7B
$GPGSV,2,1,06,05,35,100,44,18,64,273,46,20,32,047,31,22,00,000,21*70
$GPGSV,2,2,06,23,33,318,45,24,71,159,47,,,,,,,,*7B
$GPGSV,2,1,06,05,35,100,44,18,64,273,46,20,32,047,31,22,00,000,21*70
$GPGSV,2,2,06,23,33,318,45,24,71,159,47,,,,,,,,*7B
$GPGSV,2,1,06,05,35,100,44,18,64,273,46,20,32,047,31,22,00,000,21*70
$GPGSV,2,2,06,23,33,318,45,24,71,159,47,,,,,,,,*7B
$GPGSV,2,1,06,05,35,100,44,18,64,273,46,20,32,047,31,22,00,000,21*70
$GPGSV,2,2,06,23,33,318,45,24,71,159,47,,,,,,,,*7B
$GPGSV,2,1,06,05,35,100,44,18,64,273,46,20,32,047,31,22,00,000,21*70
$GPGSV,2,2,06,23,33,318,45,24,71,159,47,,,,,,,,*7B
$GPGSV,2,1,06,05,35,100,44,18,64,273,46,20,32,047,31,22,00,000,21*70
$GPGSV,2,2,06,23,33,318,45,24,71,159,47,,,,,,,,*7B
$GPGSV,2,1,06,05,35,100,44,18,64,273,46,20,32,047,31,22,00,000,21*70
$GPGSV,2,2,06,23,33,318,45,24,71,159,47,,,,,,,,*7B
$GPGSV,2,1,06,05,35,100,44,18,64,273,46,20,32,047,31,22,00,000,20*71
$GPGSV,2,2,06,23,33,318,45,24,71,159,47,,,,,,,,*7B
$GPGSV,2,1,06,05,35,100,44,18,64,273,46,20,32,047,31,22,00,000,21*70
$GPGSV,2,2,06,23,33,318,45,24,71,159,47,,,,,,,,*7B
$GPGSV,2,1,06,05,35,100,44,18,64,273,46,20,32,047,31,22,00,000,21*70
$GPGSV,2,2,06,23,33,318,45,24,71,159,47,,,,,,,,*7B
$GPGSV,2,1,06,05,35,100,44,18,64,273,46,20,32,047,31,22,00,000,21*70
$GPGSV,2,2,06,23,33,318,45,24,71,159,47,,,,,,,,*7B
$GPGSV,2,1,06,05,35,100,44,18,64,273,46,20,32,047,31,22,00,000,21*70
$GPGSV,2,2,06,23,33,318,45,24,71,159,47,,,,,,,,*7B
$GPGSV,2,1,06,05,35,100,44,18,64,273,46,20,32,047,31,22,00,000,21*70
$GPGSV,2,2,06,23,33,318,45,24,71,159,48,,,,,,,,*74
$GPGSV,2,1,06,05,35,100,44,18,64,273,46,20,32,047,31,22,00,000,21*70
$GPGSV,2,2,06,23,33,318,45,24,71,159,48,,,,,,,,*74
$GPGSV,2,1,06,05,35,100,44,18,64,273,46,20,32,047,31,22,00,000,21*70
$GPGSV,2,2,06,23,33,318,45,24,71,159,48,,,,,,,,*74
$GPGSV,2,1,06,05,35,100,44,18,64,273,46,20,32,047,31,22,00,000,21*70
$GPGSV,2,2,06,23,33,318,45,24,71,159,47,,,,,,,,*7B
$GPGSV,2,1,06,05,35,100,44,18,64,273,46,20,32,047,31,22,00,000,22*73
$GPGSV,2,2,06,23,33,318,45,24,71,159,47,,,,,,,,*7B
$GPGSV,2,1,06,05,35,100,45,18,64,273,46,20,32,047,31,22,00,000,22*72
$GPGSV,2,2,06,23,33,318,45,24,71,159,47,,,,,,,,*7B
$GPGSV,2,1,06,05,35,100,45,18,64,273,46,20,32,047,30,22,00,000,22*73
$GPGSV,2,2,06,23,33,318,45,24,71,159,47,,,,,,,,*7B
$GPGSV,2,1,06,05,35,100,44,18,64,273,47,20,32,047,30,22,00,000,23*72
$GPGSV,2,2,06,23,33,318,45,24,71,159,47,,,,,,,,*7B
$GPGSV,2,1,06,05,35,100,44,18,64,273,47,20,32,047,30,22,00,000,23*72
$GPGSV,2,2,06,23,33,318,45,24,71,159,47,,,,,,,,*7B
$GPGSV,2,1,06,05,35,100,44,18,64,273,47,20,32,047,29,22,00,000,23*7A
$GPGSV,2,2,06,23,33,318,45,24,71,159,47,,,,,,,,*7B
$GPGSV,2,1,06,05,35,100,44,18,64,273,47,20,32,047,29,22,00,000,23*7A
$GPGSV,2,2,06,23,33,318,45,24,71,159,47,,,,,,,,*7B
$GPGSV,2,1,06,05,35,100,44,18,64,273,47,20,32,047,29,22,00,000,23*7A
$GPGSV,2,2,06,23,33,318,45,24,71,159,47,,,,,,,,*7B
$GPGSV,2,1,06,05,35,100,44,18,64,273,47,20,32,047,29,22,00,000,23*7A
$GPGSV,2,2,06,23,33,318,45,24,71,159,47,,,,,,,,*7B
$GPGSV,2,1,06,05,35,100,44,18,64,273,47,20,32,047,29,22,00,000,22*7B
$GPGSV,2,2,06,23,33,318,45,24,71,159,48,,,,,,,,*74
$GPGSV,2,1,06,05,35,100,44,18,64,273,46,20,32,047,29,22,00,000,22*7A
$GPGSV,2,2,06,23,33,318,45,24,71,159,48,,,,,,,,*74
$GPGSV,2,1,06,05,35,100,44,18,64,273,46,20,32,047,28,22,00,000,22*7B
$GPGSV,2,2,06,23,33,318,45,24,71,159,48,,,,,,,,*74
$GPGSV,2,1,06,05,35,100,44,18,64,273,46,20,32,047,28,22,00,000,22*7B
$GPGSV,2,2,06,23,33,318,45,24,71,159,47,,,,,,,,*7B
$GPGSV,2,1,06,05,35,100,44,18,64,273,46,20,32,047,28,22,00,000,22*7B
$GPGSV,2,2,06,23,33,318,45,24,71,159,47,,,,,,,,*7B
$GPGSV,2,1,06,05,35,100,44,18,64,273,46,20,32,047,28,22,00,000,22*7B
$GPGSV,2,2,06,23,33,318,45,24,71,159,47,,,,,,,,*7B
$GPGSV,2,1,06,05,35,100,44,18,64,273,46,20,32,047,28,22,00,000,22*7B
$GPGSV,2,2,06,23,33,318,45,24,71,159,47,,,,,,,,*7B
$GPGSV,2,1,06,05,35,100,44,18,64,273,46,20,32,047,28,22,00,000,22*7B
$GPGSV,2,2,06,23,33,318,45,24,71,159,47,,,,,,,,*7B
$GPGSV,2,1,06,05,35,100,44,18,64,273,46,20,32,047,28,22,00,000,22*7B
$GPGSV,2,2,06,23,33,318,45,24,71,159,47,,,,,,,,*7B
$GPGSV,2,1,06,05,35,100,44,18,64,273,46,20,32,047,29,22,00,000,22*7A
$GPGSV,2,2,06,23,33,318,45,24,71,159,47,,,,,,,,*7B
$GPGSV,2,1,06,05,35,100,44,18,64,273,46,20,32,047,29,22,00,000,22*7A
$GPGSV,2,2,06,23,33,318,45,24,71,159,47,,,,,,,,*7B
$GPGSV,2,1,06,05,35,100,44,18,64,273,46,20,32,047,29,22,00,000,22*7A
$GPGSV,2,2,06,23,33,318,45,24,71,159,47,,,,,,,,*7B
$GPGSV,2,1,06,05,35,100,44,18,64,273,46,20,32,047,29,22,00,000,21*79
$GPGSV,2,2,06,23,33,318,45,24,71,159,47,,,,,,,,*7B
$GPGSV,2,1,06,05,35,100,44,18,64,273,46,20,32,047,29,22,00,000,21*79
$GPGSV,2,2,06,23,33,318,45,24,71,159,47,,,,,,,,*7B
$GPGSV,2,1,06,05,35,100,44,18,64,273,46,20,32,047,29,22,00,000,21*79
$GPGSV,2,2,06,23,33,318,45,24,71,159,47,,,,,,,,*7B
$GPGSV,2,1,06,05,35,100,44,18,64,273,46,20,32,047,30,22,00,000,21*71
$GPGSV,2,2,06,23,33,318,45,24,71,159,47,,,,,,,,*7B
$GPGSV,2,1,06,05,35,100,44,18,64,273,46,20,32,047,30,22,00,000,21*71
$GPGSV,2,2,06,23,33,318,45,24,71,159,47,,,,,,,,*7B
$GPGSV,2,1,06,05,35,100,44,18,64,273,46,20,32,047,30,22,00,000,21*71
$GPGSV,2,2,06,23,33,318,45,24,71,159,47,,,,,,,,*7B
$GPGSV,2,1,06,05,35,100,44,18,64,273,46,20,32,047,30,22,00,000,22*72
$GPGSV,2,2,06,23,33,318,45,24,71,159,47,,,,,,,,*7B
$GPGSV,2,1,06,05,35,100,44,18,64,273,46,20,32,047,29,22,00,000,22*7A
$GPGSV,2,2,06,23,33,318,45,24,71,159,47,,,,,,,,*7B
$GPGSV,2,1,06,05,35,100,44,18,64,273,46,20,32,047,29,22,00,000,21*79
$GPGSV,2,2,06,23,33,318,45,24,71,159,47,,,,,,,,*7B
$GPGSV,2,1,06,05,35,100,44,18,64,273,46,20,32,047,29,22,00,000,21*79
$GPGSV,2,2,06,23,33,318,45,24,71,159,47,,,,,,,,*7B
$GPGSV,2,1,06,05,35,100,44,18,64,273,46,20,32,047,29,22,00,000,21*79
$GPGSV,2,2,06,23,33,318,45,24,71,159,47,,,,,,,,*7B
$GPGSV,2,1,06,05,35,100,44,18,64,273,46,20,32,047,29,22,00,000,21*79
$GPGSV,2,2,06,23,33,318,45,24,71,159,47,,,,,,,,*7B
$GPGSV,2,1,06,05,35,100,44,18,64,273,46,20,32,047,29,22,00,000,21*79
$GPGSV,2,2,06,23,33,318,45,24,71,159,47,,,,,,,,*7B
$GPGSV,2,1,06,05,35,100,44,18,64,273,46,20,32,047,29,22,00,000,21*79
$GPGSV,2,2,06,23,33,318,45,24,71,159,47,,,,,,,,*7B
$GPGSV,2,1,06,05,35,100,44,18,64,273,46,20,32,047,30,22,00,000,21*71
$GPGSV,2,2,06,23,33,318,45,24,71,159,47,,,,,,,,*7B
$GPGSV,2,1,06,05,35,100,44,18,64,273,46,20,32,047,30,22,00,000,20*70
$GPGSV,2,2,06,23,33,318,45,24,71,159,47,,,,,,,,*7B
$GPGSV,2,1,06,05,35,100,44,18,64,273,46,20,32,047,30,22,00,000,20*70
$GPGSV,2,2,06,23,33,318,45,24,71,159,47,,,,,,,,*7B
$GPGSV,2,1,06,05,35,100,44,18,64,273,46,20,32,047,30,22,00,000,20*70
$GPGSV,2,2,06,23,33,318,46,24,71,159,47,,,,,,,,*78
$GPGSV,2,1,06,05,35,100,44,18,64,273,46,20,32,047,30,22,00,000,20*70
$GPGSV,2,2,06,23,33,318,46,24,71,159,47,,,,,,,,*78
$GPGSV,2,1,06,05,35,100,44,18,64,273,46,20,32,047,30,22,00,000,20*70
$GPGSV,2,2,06,23,33,318,46,24,71,159,47,,,,,,,,*78
$GPGSV,2,1,06,05,35,100,44,18,64,273,46,20,32,047,30,22,00,000,20*70
$GPGSV,2,2,06,23,33,318,46,24,71,159,47,,,,,,,,*78
$GPGSV,2,1,06,05,35,100,44,18,64,273,46,20,32,047,30,22,00,000,21*71
$GPGSV,2,2,06,23,33,318,46,24,71,159,47,,,,,,,,*78
$GPGSV,2,1,06,05,35,100,44,18,64,273,46,20,32,047,30,22,00,000,21*71
$GPGSV,2,2,06,23,33,318,46,24,71,159,47,,,,,,,,*78
$GPGSV,2,1,06,05,35,100,44,18,64,273,46,20,32,047,30,22,00,000,21*71
$GPGSV,2,2,06,23,33,318,46,24,71,159,47,,,,,,,,*78
$GPGSV,2,1,06,05,35,100,44,18,64,273,46,20,32,047,30,22,00,000,21*71
$GPGSV,2,2,06,23,33,318,46,24,71,159,47,,,,,,,,*78
$GPGSV,2,1,06,05,35,100,44,18,64,273,46,20,32,047,30,22,00,000,21*71
$GPGSV,2,2,06,23,33,318,46,24,71,159,47,,,,,,,,*78
$GPGSV,2,1,06,05,35,100,44,18,64,273,46,20,32,047,30,22,00,000,21*71
$GPGSV,2,2,06,23,33,318,46,24,71,159,47,,,,,,,,*78
$GPGSV,2,1,06,05,35,100,44,18,64,273,46,20,32,047,30,22,00,000,21*71
$GPGSV,2,2,06,23,33,318,46,24,71,159,47,,,,,,,,*78
$GPGSV,2,1,06,05,35,100,44,18,64,273,46,20,32,047,30,22,00,000,21*71
$GPGSV,2,2,06,23,33,318,46,24,71,159,47,,,,,,,,*78
$GPGSV,2,1,06,05,35,100,44,18,64,273,46,20,32,047,30,22,00,000,22*72
$GPGSV,2,2,06,23,33,318,46,24,71,159,47,,,,,,,,*78
$GPGSV,2,1,06,05,35,100,44,18,64,273,46,20,32,047,30,22,00,000,22*72
$GPGSV,2,2,06,23,33,318,46,24,71,159,47,,,,,,,,*78
$GPGSV,2,1,06,05,35,100,44,18,64,273,46,20,32,047,30,22,00,000,22*72
$GPGSV,2,2,06,23,33,318,46,24,71,159,47,,,,,,,,*78
$GPGSV,2,1,06,05,34,100,44,18,64,273,46,20,32,047,29,22,00,000,22*7B
$GPGSV,2,2,06,23,33,318,46,24,71,159,47,,,,,,,,*78
$GPGSV,2,1,06,05,34,100,44,18,64,273,46,20,32,047,29,22,00,000,23*7A
$GPGSV,2,2,06,23,33,318,46,24,71,159,47,,,,,,,,*78
$GPGSV,2,1,06,05,34,100,44,18,64,273,46,20,32,047,29,22,00,000,23*7A
$GPGSV,2,2,06,23,33,318,46,24,71,159,47,,,,,,,,*78
$GPGSV,2,1,06,05,34,100,44,18,64,273,46,20,32,047,29,22,00,000,23*7A
$GPGSV,2,2,06,23,33,318,46,24,71,159,47,,,,,,,,*78
$GPGSV,2,1,06,05,34,100,44,18,64,273,46,20,32,047,28,22,00,000,23*7B
$GPGSV,2,2,06,23,33,318,46,24,71,159,47,,,,,,,,*78
$GPGSV,2,1,06,05,34,100,44,18,64,272,46,20,32,047,28,22,00,000,23*7A
$GPGSV,2,2,06,23,33,318,46,24,71,159,47,,,,,,,,*78
$GPGSV,2,1,06,05,34,100,44,18,64,272,46,20,32,047,28,22,00,000,23*7A
$GPGSV,2,2,06,23,33,318,46,24,71,159,47,,,,,,,,*78
$GPGSV,2,1,06,05,34,100,44,18,64,272,46,20,32,047,27,22,00,000,23*75
$GPGSV,2,2,06,23,33,318,46,24,71,159,47,,,,,,,,*78
$GPGSV,2,1,06,05,34,100,44,18,64,272,46,20,32,047,27,22,00,000,23*75
$GPGSV,2,2,06,23,33,318,46,24,71,159,47,,,,,,,,*78
$GPGSV,2,1,06,05,34,100,44,18,64,272,46,20,32,047,27,22,00,000,23*75
$GPGSV,2,2,06,23,33,318,46,24,71,159,47,,,,,,,,*78
$GPGSV,2,1,06,05,34,100,44,18,64,272,46,20,32,047,27,22,00,000,23*75
$GPGSV,2,2,06,23,33,318,46,24,71,159,47,,,,,,,,*78
$GPGSV,2,1,06,05,34,100,44,18,64,272,46,20,32,047,26,22,00,000,23*74
$GPGSV,2,2,06,23,33,318,46,24,71,159,47,,,,,,,,*78
$GPGSV,2,1,06,05,34,100,44,18,64,272,46,20,32,047,26,22,00,000,23*74
$GPGSV,2,2,06,23,33,318,46,24,71,159,47,,,,,,,,*78
$GPGSV,2,1,06,05,34,100,44,18,64,272,46,20,00,000,25,22,00,000,23*75
$GPGSV,2,2,06,23,33,318,46,24,71,159,47,,,,,,,,*78
$GPGSV,2,1,06,05,34,100,44,18,64,272,46,20,00,000,24,22,00,000,23*74
$GPGSV,2,2,06,23,33,318,46,24,71,159,47,,,,,,,,*78
$GPGSV,2,1,06,05,34,100,44,18,64,272,46,20,00,000,24,22,00,000,22*75
$GPGSV,2,2,06,23,33,318,46,24,71,159,47,,,,,,,,*78
$GPGSV,2,1,06,05,34,100,44,18,64,272,46,20,00,000,24,22,00,000,22*75
$GPGSV,2,2,06,23,33,318,45,24,71,159,47,,,,,,,,*7B
$GPGSV,2,1,06,05,34,100,44,18,64,272,46,20,00,000,23,22,00,000,22*72
$GPGSV,2,2,06,23,33,318,45,24,71,159,47,,,,,,,,*7B
$GPGSV,2,1,06,05,34,100,44,18,64,272,46,20,00,000,23,22,00,000,22*72
$GPGSV,2,2,06,23,33,318,45,24,71,159,47,,,,,,,,*7B
$GPGSV,2,1,06,05,34,100,44,18,64,272,46,20,00,000,23,22,00,000,22*72
$GPGSV,2,2,06,23,33,318,45,24,71,159,47,,,,,,,,*7B
$GPGSV,2,1,06,05,34,100,44,18,64,272,46,20,00,000,22,22,00,000,22*73
$GPGSV,2,2,06,23,33,318,45,24,71,159,47,,,,,,,,*7B
$GPGSV,2,1,06,05,34,100,44,18,64,272,46,20,00,000,22,22,00,000,22*73
$GPGSV,2,2,06,23,33,318,45,24,71,159,47,,,,,,,,*7B
$GPGSV,2,1,06,05,34,100,44,18,64,272,46,20,00,000,22,22,00,000,22*73
$GPGSV,2,2,06,23,33,318,45,24,71,159,47,,,,,,,,*7B
$GPGSV,2,1,06,05,34,100,44,18,64,272,46,20,00,000,21,22,00,000,22*70
$GPGSV,2,2,06,23,33,318,45,24,71,159,47,,,,,,,,*7B
$GPGSV,2,1,06,05,34,100,44,18,64,272,46,20,00,000,21,22,00,000,22*70
$GPGSV,2,2,06,23,33,318,45,24,71,159,47,,,,,,,,*7B
$GPGSV,2,1,06,05,34,100,44,18,64,272,46,20,00,000,20,22,00,000,22*71
$GPGSV,2,2,06,23,33,318,45,24,71,158,47,,,,,,,,*7A
$GPGSV,2,1,06,05,34,100,44,18,64,272,46,20,00,000,19,22,00,000,22*7B
$GPGSV,2,2,06,23,33,318,45,24,71,158,47,,,,,,,,*7A
$GPGSV,2,1,07,05,34,100,44,15,00,000,24,18,64,272,46,20,00,000,19*78
$GPGSV,2,2,07,22,00,000,22,23,33,318,45,24,71,158,47,,,,*4B
$GPGSV,2,1,07,05,34,100,44,15,00,000,23,18,64,272,46,20,00,000,19*7F
$GPGSV,2,2,07,22,00,000,22,23,33,318,45,24,71,158,47,,,,*4B
$GPGSV,2,1,07,05,34,100,44,15,00,000,23,18,64,272,46,20,00,000,19*7F
$GPGSV,2,2,07,22,00,000,22,23,33,318,45,24,71,158,47,,,,*4B
$GPGSV,2,1,07,05,34,100,44,15,00,000,24,18,64,272,46,20,00,000,19*78
$GPGSV,2,2,07,22,00,000,22,23,33,318,45,24,71,158,47,,,,*4B
$GPGSV,2,1,07,05,34,100,44,15,00,000,24,18,64,272,46,20,00,000,19*78
$GPGSV,2,2,07,22,00,000,22,23,33,318,45,24,71,158,47,,,,*4B
$GPGSV,2,1,07,05,34,100,44,15,00,000,25,18,64,272,46,20,00,000,20*73
$GPGSV,2,2,07,22,00,000,22,23,33,318,45,24,71,158,47,,,,*4B
$GPGSV,2,1,07,05,34,100,44,15,00,000,25,18,64,272,46,20,00,000,20*73
$GPGSV,2,2,07,22,00,000,22,23,33,318,45,24,71,158,47,,,,*4B
$GPGSV,2,1,07,05,34,100,44,15,00,000,25,18,64,272,46,20,00,000,21*72
$GPGSV,2,2,07,22,00,000,23,23,33,318,45,24,71,158,47,,,,*4A
$GPGSV,2,1,07,05,34,100,44,15,00,000,26,18,64,272,46,20,00,000,21*71
$GPGSV,2,2,07,22,00,000,23,23,33,318,45,24,71,158,47,,,,*4A
$GPGSV,2,1,07,05,34,100,44,15,00,000,26,18,64,272,47,20,00,000,21*70
$GPGSV,2,2,07,22,00,000,22,23,33,318,45,24,71,158,47,,,,*4B
$GPGSV,2,1,07,05,34,100,44,15,00,000,26,18,64,272,47,20,00,000,22*73
$GPGSV,2,2,07,22,00,000,22,23,33,318,45,24,71,158,47,,,,*4B
$GPGSV,2,1,07,05,34,100,44,15,00,000,26,18,64,272,47,20,32,047,22*71
$GPGSV,2,2,07,22,00,000,22,23,33,318,45,24,71,158,47,,,,*4B
$GPGSV,2,1,07,05,34,100,44,15,00,000,26,18,64,272,47,20,32,047,22*71
$GPGSV,2,2,07,22,00,000,22,23,33,318,45,24,71,158,47,,,,*4B
$GPGSV,2,1,07,05,34,100,44,15,00,000,26,18,64,272,47,20,32,047,22*71
$GPGSV,2,2,07,22,00,000,22,23,33,318,45,24,71,158,47,,,,*4B
$GPGSV,2,1,07,05,34,100,44,15,00,000,26,18,64,272,47,20,32,047,23*70
$GPGSV,2,2,07,22,00,000,22,23,33,318,45,24,71,158,47,,,,*4B
$GPGSV,2,1,07,05,34,100,44,15,00,000,26,18,64,272,47,20,32,047,23*70
$GPGSV,2,2,07,22,00,000,22,23,33,318,45,24,71,158,47,,,,*4B
$GPGSV,2,1,07,05,34,100,44,15,00,000,25,18,64,272,46,20,32,047,23*72
$GPGSV,2,2,07,22,00,000,21,23,33,318,45,24,71,158,47,,,,*48
$GPGSV,2,1,07,05,34,100,44,15,00,000,25,18,64,272,46,20,32,047,24*75
$GPGSV,2,2,07,22,00,000,21,23,33,318,45,24,71,158,47,,,,*48
$GPGSV,2,1,07,05,34,100,44,15,00,000,25,18,64,272,46,20,00,000,24*77
$GPGSV,2,2,07,22,00,000,21,23,33,318,45,24,71,158,47,,,,*48
$GPGSV,2,1,07,05,34,100,44,15,00,000,24,18,64,272,46,20,00,000,24*76
$GPGSV,2,2,07,22,00,000,21,23,33,318,45,24,71,158,47,,,,*48
$GPGSV,2,1,07,05,34,100,44,15,00,000,24,18,64,272,46,20,00,000,24*76
$GPGSV,2,2,07,22,00,000,21,23,33,318,45,24,71,158,47,,,,*48
$GPGSV,2,1,07,05,34,100,44,15,00,000,24,18,64,272,46,20,00,000,24*76
$GPGSV,2,2,07,22,00,000,20,23,33,318,45,24,71,158,47,,,,*49
$GPGSV,2,1,07,05,34,100,44,15,00,000,24,18,64,272,46,20,00,000,24*76
$GPGSV,2,2,07,22,00,000,20,23,33,318,45,24,71,158,47,,,,*49
$GPGSV,2,1,07,05,34,100,44,15,00,000,25,18,64,272,46,20,32,047,25*74
$GPGSV,2,2,07,22,00,000,20,23,33,318,45,24,71,158,47,,,,*49
$GPGSV,2,1,07,05,34,100,44,15,00,000,24,18,64,272,46,20,32,047,25*75
$GPGSV,2,2,07,22,00,000,20,23,33,318,45,24,71,158,47,,,,*49
$GPGSV,2,1,07,05,34,100,44,15,00,000,25,18,64,272,46,20,32,047,25*74
$GPGSV,2,2,07,22,00,000,21,23,33,318,45,24,71,158,47,,,,*48
$GPGSV,2,1,07,05,34,100,44,15,00,000,25,18,64,272,46,20,32,047,25*74
$GPGSV,2,2,07,22,00,000,21,23,33,318,45,24,71,158,47,,,,*48
$GPGSV,2,1,07,05,34,100,44,15,00,000,25,18,64,272,46,20,32,047,26*77
$GPGSV,2,2,07,22,00,000,21,23,33,318,45,24,71,158,48,,,,*47
$GPGSV,2,1,07,05,34,100,44,15,00,000,25,18,64,272,46,20,32,047,26*77
$GPGSV,2,2,07,22,00,000,22,23,34,318,45,24,71,158,48,,,,*43
$GPGSV,2,1,07,05,34,100,44,15,00,000,24,18,64,272,46,20,32,047,26*76
$GPGSV,2,2,07,22,00,000,22,23,34,318,45,24,71,158,48,,,,*43
$GPGSV,2,1,07,05,34,100,45,15,00,000,24,18,64,272,46,20,32,047,27*76
$GPGSV,2,2,07,22,00,000,22,23,34,318,45,24,71,158,48,,,,*43
$GPGSV,2,1,07,05,34,100,45,15,00,000,24,18,64,272,46,20,32,047,27*76
$GPGSV,2,2,07,22,00,000,21,23,34,318,45,24,71,158,48,,,,*40
$GPGSV,2,1,07,05,34,100,45,15,00,000,24,18,64,272,46,20,32,047,27*76
$GPGSV,2,2,07,22,00,000,21,23,34,318,45,24,71,158,48,,,,*40
$GPGSV,2,1,07,05,34,100,45,15,00,000,24,18,64,272,46,20,32,047,27*76
$GPGSV,2,2,07,22,00,000,21,23,34,318,45,24,71,158,48,,,,*40
$GPGSV,2,1,07,05,34,100,45,15,00,000,25,18,64,272,46,20,32,047,27*77
$GPGSV,2,2,07,22,00,000,21,23,34,318,45,24,71,158,48,,,,*40
$GPGSV,2,1,07,05,34,100,44,15,00,000,25,18,64,272,46,20,32,047,27*76
$GPGSV,2,2,07,22,00,000,21,23,34,318,45,24,71,158,48,,,,*40
$GPGSV,2,1,07,05,34,100,44,15,00,000,24,18,64,272,46,20,32,047,27*77
$GPGSV,2,2,07,22,00,000,22,23,34,318,45,24,71,158,48,,,,*43
$GPGSV,2,1,07,05,34,100,44,15,00,000,24,18,64,272,46,20,32,047,26*76
$GPGSV,2,2,07,22,00,000,22,23,34,318,45,24,71,158,48,,,,*43
$GPGSV,2,1,07,05,34,100,44,15,00,000,24,18,64,272,46,20,32,047,26*76
$GPGSV,2,2,07,22,00,000,22,23,34,318,45,24,71,158,48,,,,*43
$GPGSV,2,1,07,05,34,100,44,15,00,000,23,18,64,272,46,20,32,047,26*71
$GPGSV,2,2,07,22,00,000,22,23,34,318,45,24,71,158,48,,,,*43
$GPGSV,2,1,07,05,34,100,44,15,00,000,23,18,64,272,46,20,32,047,25*72
$GPGSV,2,2,07,22,00,000,21,23,34,318,45,24,71,158,48,,,,*40
$GPGSV,2,1,07,05,34,100,44,15,00,000,23,18,64,272,46,20,32,047,25*72
$GPGSV,2,2,07,22,00,000,21,23,34,318,45,24,71,158,48,,,,*40
$GPGSV,2,1,07,05,34,100,44,15,00,000,22,18,64,272,46,20,32,047,25*73
$GPGSV,2,2,07,22,00,000,21,23,34,318,45,24,71,158,48,,,,*40
$GPGSV,2,1,07,05,34,100,44,15,00,000,22,18,64,272,46,20,32,047,25*73
$GPGSV,2,2,07,22,00,000,22,23,34,318,45,24,71,158,47,,,,*4C
$GPGSV,2,1,07,05,34,100,44,15,00,000,22,18,64,272,46,20,32,047,25*73
$GPGSV,2,2,07,22,00,000,22,23,34,318,45,24,71,158,47,,,,*4C
$GPGSV,2,1,07,05,34,100,44,15,00,000,21,18,64,272,46,20,32,047,25*70
$GPGSV,2,2,07,22,00,000,22,23,34,318,45,24,71,158,47,,,,*4C
$GPGSV,2,1,07,05,34,100,44,15,00,000,21,18,64,272,46,20,32,047,25*70
$GPGSV,2,2,07,22,00,000,22,23,34,318,45,24,71,158,47,,,,*4C
$GPGSV,2,1,07,05,34,100,45,15,00,000,20,18,64,272,46,20,32,047,25*70
$GPGSV,2,2,07,22,00,000,22,23,34,318,45,24,71,158,47,,,,*4C
$GPGSV,2,1,07,05,34,100,45,15,00,000,20,18,64,272,46,20,32,047,25*70
$GPGSV,2,2,07,22,00,000,22,23,34,318,45,24,71,158,48,,,,*43
$GPGSV,2,1,07,05,34,100,45,15,00,000,20,18,64,272,46,20,32,047,26*73
$GPGSV,2,2,07,22,00,000,22,23,34,318,45,24,71,158,48,,,,*43
$GPGSV,2,1,07,05,34,100,45,15,00,000,20,18,64,272,46,20,32,047,26*73
$GPGSV,2,2,07,22,00,000,22,23,34,318,45,24,71,158,48,,,,*43
$GPGSV,2,1,07,05,34,100,45,15,00,000,20,18,64,272,46,20,32,047,26*73
$GPGSV,2,2,07,22,00,000,22,23,34,318,45,24,71,158,48,,,,*43
$GPGSV,2,1,07,05,34,100,45,15,00,000,20,18,64,272,46,20,32,047,26*73
$GPGSV,2,2,07,22,00,000,22,23,34,318,45,24,71,158,48,,,,*43
$GPGSV,2,1,07,05,34,100,45,15,00,000,20,18,64,272,47,20,32,047,26*72
$GPGSV,2,2,07,22,00,000,22,23,34,318,45,24,71,158,48,,,,*43
$GPGSV,2,1,07,05,34,100,45,15,00,000,21,18,64,272,47,20,32,047,25*70
$GPGSV,2,2,07,22,00,000,22,23,34,318,45,24,71,158,48,,,,*43
$GPGSV,2,1,07,05,34,100,45,15,00,000,21,18,64,272,47,20,32,047,25*70
$GPGSV,2,2,07,22,00,000,22,23,34,318,45,24,71,158,48,,,,*43
$GPGSV,2,1,07,05,34,100,45,15,00,000,21,18,64,272,47,20,32,047,25*70
$GPGSV,2,2,07,22,00,000,22,23,34,318,45,24,71,158,48,,,,*43
$GPGSV,2,1,06,05,34,100,45,18,64,272,47,20,32,047,25,22,00,000,23*77
$GPGSV,2,2,06,23,34,318,45,24,71,158,48,,,,,,,,*72
$GPGSV,2,1,06,05,34,100,45,18,64,272,47,20,32,047,25,22,00,000,23*77
$GPGSV,2,2,06,23,34,318,45,24,71,158,48,,,,,,,,*72
$GPGSV,2,1,06,05,34,100,45,18,64,272,47,20,32,047,25,22,00,000,23*77
$GPGSV,2,2,06,23,34,318,45,24,71,158,48,,,,,,,,*72
$GPGSV,2,1,06,05,34,100,45,18,64,272,47,20,32,047,25,22,00,000,23*77
$GPGSV,2,2,06,23,34,318,45,24,71,158,48,,,,,,,,*72
$GPGSV,2,1,06,05,34,100,45,18,64,272,47,20,32,047,25,22,00,000,23*77
$GPGSV,2,2,06,23,34,318,45,24,71,158,48,,,,,,,,*72
$GPGSV,2,1,06,05,34,100,45,18,64,272,47,20,32,047,25,22,00,000,23*77
$GPGSV,2,2,06,23,34,318,45,24,71,158,48,,,,,,,,*72
$GPGSV,2,1,06,05,34,100,45,18,64,272,47,20,32,047,25,22,00,000,22*76
$GPGSV,2,2,06,23,34,318,45,24,71,158,48,,,,,,,,*72
$GPGSV,2,1,06,05,34,100,45,18,64,272,46,20,32,047,25,22,00,000,22*77
$GPGSV,2,2,06,23,34,318,45,24,71,158,48,,,,,,,,*72
$GPGSV,2,1,06,05,34,100,45,18,64,272,46,20,32,047,25,22,00,000,22*77
$GPGSV,2,2,06,23,34,318,45,24,71,158,48,,,,,,,,*72
$GPGSV,2,1,06,05,34,100,45,18,64,272,46,20,32,047,25,22,00,000,23*76
$GPGSV,2,2,06,23,34,318,45,24,71,158,48,,,,,,,,*72
$GPGSV,2,1,06,05,34,100,45,18,64,272,46,20,32,047,24,22,00,000,23*77
$GPGSV,2,2,06,23,34,318,45,24,71,158,48,,,,,,,,*72
$GPGSV,2,1,06,05,34,100,45,18,64,272,46,20,32,047,25,22,00,000,23*76
$GPGSV,2,2,06,23,34,318,45,24,71,158,48,,,,,,,,*72
$GPGSV,2,1,06,05,34,100,45,18,64,272,46,20,32,047,24,22,00,000,23*77
$GPGSV,2,2,06,23,34,318,45,24,71,158,48,,,,,,,,*72
$GPGSV,2,1,06,05,34,100,45,18,64,272,46,20,32,047,24,22,00,000,22*76
$GPGSV,2,2,06,23,34,318,45,24,71,158,48,,,,,,,,*72
$GPGSV,2,1,06,05,34,100,45,18,64,272,46,20,32,047,24,22,00,000,22*76
$GPGSV,2,2,06,23,34,318,45,24,71,158,48,,,,,,,,*72
$GPGSV,2,1,06,05,34,100,45,18,64,272,46,20,32,047,24,22,00,000,22*76
$GPGSV,2,2,06,23,34,318,45,24,71,158,48,,,,,,,,*72
$GPGSV,2,1,06,05,34,100,45,18,64,272,46,20,32,047,25,22,00,000,22*77
$GPGSV,2,2,06,23,34,318,45,24,71,158,48,,,,,,,,*72
$GPGSV,2,1,06,05,34,100,45,18,64,272,46,20,32,047,25,22,00,000,22*77
$GPGSV,2,2,06,23,34,318,45,24,71,158,48,,,,,,,,*72
$GPGSV,2,1,06,05,34,100,45,18,64,272,46,20,32,047,25,22,00,000,22*77
$GPGSV,2,2,06,23,34,318,45,24,71,158,48,,,,,,,,*72
$GPGSV,2,1,06,05,34,100,45,18,64,272,46,20,32,047,25,22,00,000,21*74
$GPGSV,2,2,06,23,34,318,45,24,71,158,48,,,,,,,,*72
$GPGSV,2,1,06,05,34,100,45,18,64,272,46,20,32,047,25,22,00,000,21*74
$GPGSV,2,2,06,23,34,318,45,24,71,158,48,,,,,,,,*72
$GPGSV,2,1,06,05,34,100,45,18,64,272,46,20,32,047,26,22,00,000,21*77
$GPGSV,2,2,06,23,34,318,45,24,71,158,48,,,,,,,,*72
$GPGSV,2,1,06,05,34,100,45,18,64,272,46,20,32,047,26,22,00,000,21*77
$GPGSV,2,2,06,23,34,318,45,24,71,158,48,,,,,,,,*72
$GPGSV,2,1,06,05,34,100,45,18,64,272,46,20,32,047,26,22,00,000,21*77
$GPGSV,2,2,06,23,34,318,45,24,71,158,48,,,,,,,,*72
$GPGSV,2,1,06,05,34,100,45,18,64,272,46,20,32,047,26,22,00,000,20*76
$GPGSV,2,2,06,23,34,318,45,24,71,158,48,,,,,,,,*72
$GPGSV,2,1,06,05,34,100,45,18,64,272,46,20,32,047,27,22,00,000,20*77
$GPGSV,2,2,06,23,34,318,45,24,71,158,48,,,,,,,,*72
$GPGSV,2,1,06,05,34,100,45,18,64,272,46,20,32,047,27,22,00,000,20*77
$GPGSV,2,2,06,23,34,318,45,24,71,158,48,,,,,,,,*72
$GPGSV,2,1,06,05,34,100,45,18,64,272,46,20,32,047,27,22,00,000,20*77
$GPGSV,2,2,06,23,34,318,45,24,71,158,48,,,,,,,,*72
$GPGSV,2,1,06,05,34,100,45,18,64,272,46,20,32,047,26,22,00,000,20*76
$GPGSV,2,2,06,23,34,318,45,24,71,158,48,,,,,,,,*72
$GPGSV,2,1,06,05,34,100,45,18,64,272,46,20,32,047,26,22,00,000,20*76
$GPGSV,2,2,06,23,34,318,45,24,71,158,48,,,,,,,,*72
$GPGSV,2,1,06,05,34,100,45,18,64,272,46,20,32,047,27,22,00,000,19*7D
$GPGSV,2,2,06,23,34,318,45,24,71,158,48,,,,,,,,*72
$GPGSV,2,1,06,05,34,100,45,18,64,272,46,20,32,047,27,22,00,000,19*7D
$GPGSV,2,2,06,23,34,318,45,24,71,158,48,,,,,,,,*72
$GPGSV,2,1,06,05,34,100,45,18,64,272,46,20,32,047,27,22,00,000,19*7D
$GPGSV,2,2,06,23,34,318,45,24,71,158,48,,,,,,,,*72
$GPGSV,2,1,06,05,34,100,45,18,64,272,46,20,32,047,27,22,00,000,19*7D
$GPGSV,2,2,06,23,34,318,45,24,71,158,48,,,,,,,,*72
$GPGSV,2,1,06,05,34,100,45,18,64,272,46,20,32,047,27,22,00,000,19*7D
$GPGSV,2,2,06,23,34,318,45,24,71,158,48,,,,,,,,*72
$GPGSV,2,1,06,05,34,100,45,18,64,272,46,20,32,047,27,22,00,000,20*77
$GPGSV,2,2,06,23,34,318,45,24,71,158,48,,,,,,,,*72
$GPGSV,2,1,06,05,34,100,45,18,64,272,46,20,32,047,27,22,00,000,20*77
$GPGSV,2,2,06,23,34,318,45,24,71,158,48,,,,,,,,*72
$GPGSV,2,1,06,05,34,100,45,18,64,272,46,20,32,047,27,22,00,000,20*77
$GPGSV,2,2,06,23,34,318,45,24,71,158,48,,,,,,,,*72
$GPGSV,2,1,06,05,34,100,45,18,64,272,46,20,32,047,28,22,00,000,20*78
$GPGSV,2,2,06,23,34,318,45,24,71,158,48,,,,,,,,*72
$GPGSV,2,1,06,05,34,100,45,18,64,272,46,20,32,047,28,22,00,000,20*78
$GPGSV,2,2,06,23,34,318,45,24,71,158,48,,,,,,,,*72
$GPGSV,2,1,06,05,34,100,45,18,64,272,46,20,32,047,28,22,00,000,20*78
$GPGSV,2,2,06,23,34,318,45,24,71,158,48,,,,,,,,*72
$GPGSV,2,1,06,05,34,100,45,18,64,272,46,20,32,047,28,22,00,000,20*78
$GPGSV,2,2,06,23,34,318,45,24,71,158,48,,,,,,,,*72
$GPGSV,2,1,06,05,34,100,45,18,64,272,46,20,32,047,28,22,00,000,20*78
$GPGSV,2,2,06,23,34,318,45,24,71,158,48,,,,,,,,*72
$GPGSV,2,1,06,05,34,100,45,18,64,272,46,20,32,047,29,22,00,000,20*79
$GPGSV,2,2,06,23,34,318,45,24,71,158,47,,,,,,,,*7D
$GPGSV,2,1,06,05,34,100,45,18,64,272,46,20,32,047,29,22,00,000,19*73
$GPGSV,2,2,06,23,34,318,45,24,71,158,47,,,,,,,,*7D
$GPGSV,2,1,06,05,34,100,45,18,64,272,46,20,32,047,29,22,00,000,20*79
$GPGSV,2,2,06,23,34,318,45,24,71,158,47,,,,,,,,*7D
$GPGSV,2,1,06,05,34,100,45,18,64,272,46,20,32,047,29,22,00,000,20*79
$GPGSV,2,2,06,23,34,318,45,24,71,158,47,,,,,,,,*7D
$GPGSV,2,1,06,05,34,100,45,18,64,272,46,20,32,047,29,22,00,000,20*79
$GPGSV,2,2,06,23,34,318,45,24,71,158,47,,,,,,,,*7D
$GPGSV,2,1,06,05,34,100,45,18,64,272,46,20,32,047,29,22,00,000,20*79
$GPGSV,2,2,06,23,34,318,45,24,71,158,47,,,,,,,,*7D
$GPGSV,2,1,06,05,34,100,45,18,64,272,46,20,32,047,29,22,00,000,20*79
$GPGSV,2,2,06,23,34,318,45,24,71,158,47,,,,,,,,*7D
$GPGSV,2,1,06,05,34,100,45,18,64,272,46,20,32,047,29,22,00,000,21*78
$GPGSV,2,2,06,23,34,318,45,24,71,158,47,,,,,,,,*7D
$GPGSV,2,1,06,05,34,100,45,18,64,272,46,20,32,047,29,22,00,000,21*78
$GPGSV,2,2,06,23,34,318,45,24,71,158,47,,,,,,,,*7D
$GPGSV,2,1,06,05,34,100,45,18,64,272,46,20,32,047,29,22,00,000,21*78
$GPGSV,2,2,06,23,34,318,45,24,71,158,47,,,,,,,,*7D
$GPGSV,2,1,06,05,34,100,45,18,64,272,46,20,32,047,29,22,00,000,21*78
$GPGSV,2,2,06,23,34,318,45,24,71,158,47,,,,,,,,*7D
$GPGSV,2,1,06,05,34,100,45,18,64,272,46,20,32,047,29,22,00,000,22*7B
$GPGSV,2,2,06,23,34,318,45,24,71,158,47,,,,,,,,*7D
$GPGSV,2,1,06,05,34,100,45,18,64,272,46,20,32,047,29,22,00,000,22*7B
$GPGSV,2,2,06,23,34,318,45,24,71,158,47,,,,,,,,*7D
$GPGSV,2,1,06,05,34,100,45,18,64,272,46,20,32,047,29,22,00,000,22*7B
$GPGSV,2,2,06,23,34,318,45,24,71,158,47,,,,,,,,*7D
$GPGSV,2,1,06,05,34,100,45,18,64,272,46,20,32,047,29,22,00,000,22*7B
$GPGSV,2,2,06,23,34,318,45,24,71,158,47,,,,,,,,*7D
$GPGSV,2,1,06,05,34,100,45,18,64,272,46,20,32,047,28,22,00,000,22*7A
$GPGSV,2,2,06,23,34,318,45,24,71,158,47,,,,,,,,*7D
$GPGSV,2,1,06,05,34,100,45,18,64,272,46,20,32,047,28,22,00,000,22*7A
$GPGSV,2,2,06,23,34,318,45,24,71,158,47,,,,,,,,*7D
$GPGSV,2,1,06,05,34,100,45,18,64,272,46,20,32,047,28,22,00,000,22*7A
$GPGSV,2,2,06,23,34,318,45,24,71,158,47,,,,,,,,*7D
$GPGSV,2,1,06,05,34,100,45,18,64,272,46,20,32,047,28,22,00,000,22*7A
$GPGSV,2,2,06,23,34,318,45,24,71,158,47,,,,,,,,*7D
$GPGSV,2,1,06,05,34,100,45,18,64,272,46,20,32,047,27,22,00,000,23*74
$GPGSV,2,2,06,23,34,318,45,24,71,158,47,,,,,,,,*7D
$GPGSV,2,1,06,05,34,100,45,18,64,272,46,20,32,047,27,22,00,000,23*74
$GPGSV,2,2,06,23,34,318,45,24,71,158,47,,,,,,,,*7D
$GPGSV,2,1,06,05,34,100,45,18,64,272,46,20,32,047,27,22,00,000,23*74
$GPGSV,2,2,06,23,34,318,45,24,71,158,47,,,,,,,,*7D
$GPGSV,2,1,06,05,34,100,45,18,64,272,46,20,32,047,26,22,00,000,23*75
$GPGSV,2,2,06,23,34,318,45,24,71,158,47,,,,,,,,*7D
$GPGSV,2,1,06,05,34,100,45,18,64,272,46,20,32,047,26,22,00,000,23*75
$GPGSV,2,2,06,23,34,318,45,24,71,158,47,,,,,,,,*7D
$GPGSV,2,1,06,05,34,100,45,18,64,272,46,20,32,047,26,22,00,000,23*75
$GPGSV,2,2,06,23,34,318,45,24,71,158,47,,,,,,,,*7D
$GPGSV,2,1,06,05,34,100,45,18,64,272,46,20,32,047,26,22,00,000,22*74
$GPGSV,2,2,06,23,34,318,45,24,71,158,47,,,,,,,,*7D
$GPGSV,2,1,06,05,34,100,45,18,64,272,46,20,32,047,26,22,00,000,22*74
$GPGSV,2,2,06,23,34,318,45,24,71,158,47,,,,,,,,*7D
$GPGSV,2,1,06,05,34,100,45,18,64,272,46,20,32,047,25,22,00,000,22*77
$GPGSV,2,2,06,23,34,318,45,24,71,158,47,,,,,,,,*7D
$GPGSV,2,1,06,05,34,100,45,18,64,272,46,20,32,047,25,22,00,000,22*77
$GPGSV,2,2,06,23,34,318,45,24,71,158,47,,,,,,,,*7D
$GPGSV,2,1,06,05,34,100,45,18,64,272,46,20,32,047,25,22,00,000,22*77
$GPGSV,2,2,06,23,34,318,45,24,71,158,47,,,,,,,,*7D
$GPGSV,2,1,06,05,34,100,45,18,64,272,46,20,00,000,25,22,00,000,22*75
$GPGSV,2,2,06,23,34,318,45,24,71,158,47,,,,,,,,*7D
$GPGSV,2,1,06,05,34,100,45,18,64,272,46,20,00,000,24,22,00,000,22*74
$GPGSV,2,2,06,23,34,318,45,24,71,158,47,,,,,,,,*7D
$GPGSV,2,1,06,05,34,100,45,18,64,272,46,20,00,000,24,22,00,000,22*74
$GPGSV,2,2,06,23,34,318,45,24,71,158,47,,,,,,,,*7D
$GPGSV,2,1,06,05,34,100,45,18,64,272,46,20,00,000,24,22,00,000,22*74
$GPGSV,2,2,06,23,34,318,45,24,71,158,47,,,,,,,,*7D
$GPGSV,2,1,06,05,34,100,45,18,64,272,46,20,00,000,23,22,00,000,22*73
$GPGSV,2,2,06,23,34,318,45,24,71,158,47,,,,,,,,*7D
$GPGSV,2,1,06,05,34,100,45,18,64,272,46,20,00,000,23,22,00,000,22*73
$GPGSV,2,2,06,23,34,318,45,24,71,158,47,,,,,,,,*7D
$GPGSV,2,1,06,05,34,100,45,18,64,272,46,20,00,000,23,22,00,000,22*73
$GPGSV,2,2,06,23,34,318,45,24,71,158,47,,,,,,,,*7D
$GPGSV,2,1,06,05,34,100,45,18,64,272,46,20,00,000,23,22,00,000,22*73
$GPGSV,2,2,06,23,34,318,45,24,71,158,47,,,,,,,,*7D
$GPGSV,2,1,06,05,34,100,45,18,64,272,46,20,32,047,23,22,00,000,22*71
$GPGSV,2,2,06,23,34,318,45,24,71,158,47,,,,,,,,*7D
$GPGSV,2,1,06,05,34,100,45,18,64,272,46,20,32,047,23,22,00,000,21*72
$GPGSV,2,2,06,23,34,318,45,24,71,158,47,,,,,,,,*7D
$GPGSV,2,1,06,05,34,100,45,18,64,272,46,20,32,047,22,22,00,000,21*73
$GPGSV,2,2,06,23,34,318,45,24,71,158,47,,,,,,,,*7D
$GPGSV,2,1,06,05,34,100,45,18,64,272,46,20,00,000,22,22,00,000,21*71
$GPGSV,2,2,06,23,34,318,45,24,71,158,47,,,,,,,,*7D
$GPGSV,2,1,06,05,34,100,45,18,64,272,46,20,00,000,22,22,00,000,21*71
$GPGSV,2,2,06,23,34,318,45,24,71,158,47,,,,,,,,*7D
$GPGSV,2,1,06,05,34,100,45,18,64,272,46,20,00,000,22,22,00,000,21*71
$GPGSV,2,2,06,23,34,318,45,24,71,158,47,,,,,,,,*7D
$GPGSV,2,1,06,05,34,100,45,18,64,272,46,20,00,000,22,22,00,000,21*71
$GPGSV,2,2,06,23,34,318,45,24,71,158,47,,,,,,,,*7D
$GPGSV,2,1,06,05,34,100,45,18,64,272,46,20,00,000,22,22,00,000,21*71
$GPGSV,2,2,06,23,34,318,45,24,71,158,47,,,,,,,,*7D
$GPGSV,2,1,06,05,34,100,45,18,64,272,46,20,00,000,21,22,00,000,21*72
$GPGSV,2,2,06,23,34,318,45,24,71,158,47,,,,,,,,*7D
$GPGSV,2,1,06,05,34,100,45,18,64,272,46,20,32,047,21,22,00,000,21*70
$GPGSV,2,2,06,23,34,318,45,24,71,158,47,,,,,,,,*7D
$GPGSV,2,1,06,05,34,100,45,18,64,272,46,20,32,047,21,22,00,000,21*70
$GPGSV,2,2,06,23,34,318,45,24,71,158,47,,,,,,,,*7D
$GPGSV,2,1,06,05,34,100,45,18,64,272,46,20,32,047,21,22,00,000,21*70
$GPGSV,2,2,06,23,34,318,45,24,71,158,47,,,,,,,,*7D
$GPGSV,2,1,06,05,34,100,45,18,64,272,46,20,32,047,21,22,00,000,21*70
$GPGSV,2,2,06,23,34,318,45,24,71,158,47,,,,,,,,*7D
$GPGSV,2,1,06,05,34,100,45,18,64,272,46,20,32,047,21,22,00,000,21*70
$GPGSV,2,2,06,23,34,318,45,24,71,158,47,,,,,,,,*7D
$GPGSV,2,1,06,05,34,100,45,18,64,272,46,20,32,047,22,22,00,000,21*73
$GPGSV,2,2,06,23,34,318,45,24,71,158,47,,,,,,,,*7D
$GPGSV,2,1,06,05,34,100,45,18,64,272,46,20,32,047,22,22,00,000,21*73
$GPGSV,2,2,06,23,34,318,45,24,71,158,47,,,,,,,,*7D
$GPGSV,2,1,06,05,34,100,45,18,64,272,46,20,32,047,22,22,00,000,20*72
$GPGSV,2,2,06,23,34,318,45,24,71,158,47,,,,,,,,*7D
$GPGSV,2,1,06,05,34,100,45,18,64,272,46,20,32,047,22,22,00,000,20*72
$GPGSV,2,2,06,23,34,318,45,24,71,158,47,,,,,,,,*7D
$GPGSV,2,1,06,05,34,100,45,18,64,272,46,20,00,000,22,22,00,000,21*71
$GPGSV,2,2,06,23,34,318,45,24,71,158,47,,,,,,,,*7D
$GPGSV,2,1,06,05,34,100,45,18,64,272,46,20,00,000,22,22,00,000,21*71
$GPGSV,2,2,06,23,34,318,45,24,71,158,47,,,,,,,,*7D
$GPGSV,2,1,06,05,34,100,45,18,64,272,46,20,00,000,22,22,00,000,21*71
$GPGSV,2,2,06,23,34,318,45,24,71,158,47,,,,,,,,*7D
$GPGSV,2,1,06,05,34,100,45,18,64,272,46,20,00,000,22,22,00,000,21*71
$GPGSV,2,2,06,23,34,318,45,24,71,158,47,,,,,,,,*7D
$GPGSV,2,1,06,05,34,100,45,18,64,272,46,20,00,000,22,22,00,000,21*71
$GPGSV,2,2,06,23,34,318,45,24,71,158,47,,,,,,,,*7D
$GPGSV,2,1,06,05,34,100,45,18,64,272,46,20,00,000,23,22,00,000,21*70
$GPGSV,2,2,06,23,34,318,45,24,71,158,47,,,,,,,,*7D
$GPGSV,2,1,06,05,34,100,45,18,64,272,46,20,00,000,22,22,00,000,22*72
$GPGSV,2,2,06,23,34,318,45,24,71,158,47,,,,,,,,*7D
$GPGSV,2,1,06,05,34,100,45,18,64,272,46,20,00,000,23,22,00,000,22*73
$GPGSV,2,2,06,23,34,318,45,24,71,158,47,,,,,,,,*7D
$GPGSV,2,1,06,05,34,100,45,18,64,272,46,20,00,000,23,22,00,000,22*73
$GPGSV,2,2,06,23,34,318,45,24,71,158,47,,,,,,,,*7D
$GPGSV,2,1,06,05,34,100,45,18,64,272,46,20,00,000,23,22,00,000,22*73
$GPGSV,2,2,06,23,34,318,45,24,71,158,47,,,,,,,,*7D
$GPGSV,2,1,06,05,34,100,45,18,64,272,46,20,00,000,23,22,00,000,22*73
$GPGSV,2,2,06,23,34,318,45,24,71,158,47,,,,,,,,*7D
$GPGSV,2,1,06,05,34,100,45,18,64,272,46,20,31,047,23,22,00,000,22*72
$GPGSV,2,2,06,23,34,318,45,24,71,158,47,,,,,,,,*7D
$GPGSV,2,1,06,05,34,100,45,18,64,272,46,20,31,047,23,22,00,000,22*72
$GPGSV,2,2,06,23,34,318,45,24,71,158,47,,,,,,,,*7D
$GPGSV,2,1,06,05,34,100,45,18,64,272,46,20,31,047,23,22,00,000,21*71
$GPGSV,2,2,06,23,34,318,45,24,71,158,47,,,,,,,,*7D
$GPGSV,2,1,06,05,34,100,45,18,64,272,46,20,31,047,24,22,00,000,21*76
$GPGSV,2,2,06,23,34,318,45,24,71,158,47,,,,,,,,*7D
$GPGSV,2,1,06,05,34,100,45,18,64,272,46,20,31,047,24,22,00,000,21*76
$GPGSV,2,2,06,23,34,318,45,24,71,158,47,,,,,,,,*7D
$GPGSV,2,1,06,05,34,100,45,18,64,272,46,20,31,047,24,22,00,000,21*76
$GPGSV,2,2,06,23,34,318,45,24,71,158,47,,,,,,,,*7D
$GPGSV,2,1,06,05,34,100,45,18,64,272,46,20,31,047,25,22,00,000,21*77
$GPGSV,2,2,06,23,34,318,45,24,71,158,47,,,,,,,,*7D
$GPGSV,2,1,06,05,34,100,45,18,64,272,46,20,31,047,25,22,00,000,21*77
$GPGSV,2,2,06,23,34,318,45,24,71,158,47,,,,,,,,*7D
$GPGSV,2,1,06,05,34,100,45,18,64,272,46,20,31,047,25,22,00,000,21*77
$GPGSV,2,2,06,23,34,318,45,24,71,158,47,,,,,,,,*7D
$GPGSV,2,1,06,05,34,100,45,18,64,272,46,20,31,047,25,22,00,000,21*77
$GPGSV,2,2,06,23,34,318,45,24,71,158,47,,,,,,,,*7D
$GPGSV,2,1,06,05,34,100,45,18,64,272,46,20,31,047,26,22,00,000,21*74
$GPGSV,2,2,06,23,34,318,45,24,71,158,47,,,,,,,,*7D
$GPGSV,2,1,05,05,34,100,45,18,64,272,46,22,00,000,22,23,34,318,45*7E
$GPGSV,2,2,05,24,71,158,47,,,,,,,,,,,,*43
$GPGSV,2,1,05,05,34,100,45,18,64,272,46,22,00,000,22,23,34,318,45*7E
$GPGSV,2,2,05,24,71,158,47,,,,,,,,,,,,*43
$GPGSV,2,1,05,05,34,100,45,18,64,272,46,22,00,000,22,23,34,318,45*7E
$GPGSV,2,2,05,24,71,158,47,,,,,,,,,,,,*43
$GPGSV,2,1,05,05,34,100,45,18,64,272,46,22,00,000,22,23,34,318,45*7E
$GPGSV,2,2,05,24,71,158,47,,,,,,,,,,,,*43
$GPGSV,2,1,05,05,34,100,45,18,64,272,46,22,00,000,22,23,34,318,45*7E
$GPGSV,2,2,05,24,71,158,47,,,,,,,,,,,,*43
$GPGSV,2,1,05,05,34,100,45,18,64,272,46,22,00,000,22,23,34,318,45*7E
$GPGSV,2,2,05,24,71,158,47,,,,,,,,,,,,*43
$GPGSV,2,1,05,05,34,100,45,18,64,272,46,22,00,000,22,23,34,318,45*7E
$GPGSV,2,2,05,24,71,158,47,,,,,,,,,,,,*43
$GPGSV,2,1,05,05,34,100,45,18,64,272,46,22,00,000,23,23,34,318,45*7F
$GPGSV,2,2,05,24,71,158,47,,,,,,,,,,,,*43
$GPGSV,2,1,06,05,34,100,45,18,64,272,46,20,00,000,30,22,00,000,23*70
$GPGSV,2,2,06,23,34,318,45,24,71,158,47,,,,,,,,*7D
$GPGSV,2,1,06,05,34,100,45,18,64,272,46,20,00,000,29,22,00,000,23*78
$GPGSV,2,2,06,23,34,318,45,24,71,158,47,,,,,,,,*7D
$GPGSV,2,1,06,05,34,100,45,18,64,272,46,20,00,000,29,22,00,000,23*78
$GPGSV,2,2,06,23,34,318,45,24,71,158,47,,,,,,,,*7D
$GPGSV,2,1,06,05,34,100,45,18,64,272,46,20,00,000,29,22,00,000,23*78
$GPGSV,2,2,06,23,34,318,45,24,71,158,47,,,,,,,,*7D
$GPGSV,2,1,06,05,34,100,45,18,64,272,46,20,00,000,29,22,00,000,22*79
$GPGSV,2,2,06,23,34,318,45,24,71,158,47,,,,,,,,*7D
$GPGSV,2,1,06,05,34,100,45,18,64,272,46,20,00,000,29,22,00,000,22*79
$GPGSV,2,2,06,23,34,318,45,24,71,158,47,,,,,,,,*7D
$GPGSV,2,1,06,05,34,100,45,18,64,272,46,20,00,000,29,22,00,000,22*79
$GPGSV,2,2,06,23,34,318,45,24,71,158,47,,,,,,,,*7D
$GPGSV,2,1,06,05,34,100,45,18,64,272,46,20,00,000,29,22,00,000,22*79
$GPGSV,2,2,06,23,34,318,45,24,71,158,47,,,,,,,,*7D
$GPGSV,2,1,06,05,34,100,45,18,64,272,47,20,00,000,28,22,00,000,22*79
$GPGSV,2,2,06,23,34,318,45,24,71,158,47,,,,,,,,*7D
$GPGSV,2,1,06,05,34,100,45,18,64,272,47,20,00,000,28,22,00,000,22*79
$GPGSV,2,2,06,23,34,318,45,24,71,158,47,,,,,,,,*7D
$GPGSV,2,1,06,05,34,100,45,18,64,272,47,20,00,000,28,22,00,000,22*79
$GPGSV,2,2,06,23,34,318,45,24,71,158,47,,,,,,,,*7D
$GPGSV,2,1,06,05,34,100,45,18,64,272,47,20,00,000,28,22,00,000,22*79
$GPGSV,2,2,06,23,34,318,45,24,71,158,47,,,,,,,,*7D
$GPGSV,2,1,06,05,34,100,45,18,64,272,47,20,00,000,28,22,00,000,22*79
$GPGSV,2,2,06,23,34,318,45,24,71,158,47,,,,,,,,*7D
$GPGSV,2,1,06,05,34,100,45,18,64,272,47,20,00,000,27,22,00,000,22*76
$GPGSV,2,2,06,23,34,318,45,24,71,158,47,,,,,,,,*7D
$GPGSV,2,1,06,05,34,100,45,18,64,272,47,20,00,000,27,22,00,000,22*76
$GPGSV,2,2,06,23,34,318,45,24,71,158,47,,,,,,,,*7D
$GPGSV,2,1,06,05,34,100,45,18,64,272,47,20,00,000,27,22,00,000,22*76
$GPGSV,2,2,06,23,34,318,45,24,71,158,47,,,,,,,,*7D
$GPGSV,2,1,06,05,34,100,45,18,64,272,47,20,00,000,26,22,00,000,23*76
$GPGSV,2,2,06,23,34,318,45,24,71,158,47,,,,,,,,*7D
$GPGSV,2,1,06,05,34,100,45,18,64,272,47,20,00,000,26,22,00,000,23*76
$GPGSV,2,2,06,23,34,318,45,24,71,158,47,,,,,,,,*7D
$GPGSV,2,1,06,05,34,100,45,18,64,272,47,20,00,000,25,22,00,000,23*75
$GPGSV,2,2,06,23,34,318,45,24,71,158,47,,,,,,,,*7D
$GPGSV,2,1,06,05,34,100,45,18,64,272,47,20,00,000,25,22,00,000,23*75
$GPGSV,2,2,06,23,34,318,45,24,71,158,47,,,,,,,,*7D
$GPGSV,2,1,06,05,34,100,45,18,64,272,47,20,00,000,24,22,00,000,23*74
$GPGSV,2,2,06,23,34,318,45,24,71,158,47,,,,,,,,*7D
$GPGSV,2,1,06,05,34,100,45,18,64,272,47,20,00,000,24,22,00,000,23*74
$GPGSV,2,2,06,23,34,318,45,24,71,158,47,,,,,,,,*7D
$GPGSV,2,1,06,05,34,100,45,18,64,272,47,20,00,000,24,22,00,000,23*74
$GPGSV,2,2,06,23,34,318,45,24,71,158,47,,,,,,,,*7D
$GPGSV,2,1,06,05,34,100,45,18,64,272,47,20,00,000,23,22,00,000,23*73
$GPGSV,2,2,06,23,34,318,45,24,71,158,47,,,,,,,,*7D
$GPGSV,2,1,06,05,34,100,45,18,64,272,47,20,00,000,23,22,00,000,23*73
$GPGSV,2,2,06,23,34,318,45,24,71,158,47,,,,,,,,*7D
$GPGSV,2,1,06,05,34,100,45,18,64,272,47,20,00,000,23,22,00,000,23*73
$GPGSV,2,2,06,23,34,318,45,24,71,158,47,,,,,,,,*7D
$GPGSV,2,1,06,05,34,100,45,18,64,272,47,20,00,000,22,22,00,000,23*72
$GPGSV,2,2,06,23,34,318,45,24,71,158,47,,,,,,,,*7D
$GPGSV,2,1,06,05,34,100,45,18,64,272,47,20,00,000,22,22,00,000,22*73
$GPGSV,2,2,06,23,34,318,45,24,71,158,47,,,,,,,,*7D
$GPGSV,2,1,06,05,34,100,45,18,64,272,47,20,00,000,22,22,00,000,22*73
$GPGSV,2,2,06,23,34,318,45,24,71,158,47,,,,,,,,*7D
$GPGSV,2,1,06,05,34,100,45,18,64,272,47,20,00,000,22,22,00,000,22*73
$GPGSV,2,2,06,23,34,318,45,24,71,158,47,,,,,,,,*7D
$GPGSV,2,1,06,05,34,100,45,18,64,272,47,20,00,000,22,22,00,000,22*73
$GPGSV,2,2,06,23,34,318,45,24,71,158,47,,,,,,,,*7D
$GPGSV,2,1,06,05,34,100,45,18,64,272,47,20,00,000,22,22,00,000,22*73
$GPGSV,2,2,06,23,34,318,45,24,71,158,47,,,,,,,,*7D
$GPGSV,2,1,06,05,34,100,45,18,64,272,47,20,00,000,23,22,00,000,21*71
$GPGSV,2,2,06,23,34,318,45,24,71,158,47,,,,,,,,*7D
$GPGSV,2,1,06,05,34,100,45,18,64,272,47,20,00,000,23,22,00,000,21*71
$GPGSV,2,2,06,23,34,318,45,24,71,158,47,,,,,,,,*7D
$GPGSV,2,1,06,05,34,100,45,18,64,272,47,20,00,000,23,22,00,000,21*71
$GPGSV,2,2,06,23,34,318,45,24,71,158,47,,,,,,,,*7D
$GPGSV,2,1,06,05,34,100,45,18,64,272,47,20,00,000,23,22,00,000,21*71
$GPGSV,2,2,06,23,34,318,45,24,71,158,47,,,,,,,,*7D
$GPGSV,2,1,06,05,34,100,45,18,64,272,46,20,00,000,23,22,00,000,21*70
$GPGSV,2,2,06,23,34,318,45,24,71,158,48,,,,,,,,*72
$GPGSV,2,1,06,05,34,100,45,18,64,272,46,20,00,000,23,22,00,000,21*70
$GPGSV,2,2,06,23,34,318,45,24,71,158,48,,,,,,,,*72
$GPGSV,2,1,06,05,34,100,45,18,64,272,46,20,00,000,23,22,00,000,21*70
$GPGSV,2,2,06,23,34,318,45,24,71,158,48,,,,,,,,*72
$GPGSV,2,1,06,05,34,100,45,18,64,272,46,20,00,000,23,22,00,000,21*70
$GPGSV,2,2,06,23,34,318,45,24,71,158,48,,,,,,,,*72
$GPGSV,2,1,06,05,34,100,45,18,64,272,46,20,00,000,23,22,00,000,21*70
$GPGSV,2,2,06,23,34,318,45,24,71,158,48,,,,,,,,*72
$GPGSV,2,1,06,05,34,100,45,18,64,272,46,20,00,000,23,22,00,000,21*70
$GPGSV,2,2,06,23,34,318,45,24,71,158,48,,,,,,,,*72
$GPGSV,2,1,06,05,34,100,45,18,64,272,46,20,00,000,24,22,00,000,21*77
$GPGSV,2,2,06,23,34,318,45,24,71,158,48,,,,,,,,*72
$GPGSV,2,1,06,05,34,100,45,18,64,272,46,20,00,000,24,22,00,000,20*76
$GPGSV,2,2,06,23,34,318,45,24,71,158,48,,,,,,,,*72
$GPGSV,2,1,06,05,34,100,45,18,64,272,46,20,00,000,24,22,00,000,20*76
$GPGSV,2,2,06,23,34,318,45,24,71,158,48,,,,,,,,*72
$GPGSV,2,1,06,05,34,100,45,18,64,272,46,20,00,000,24,22,00,000,20*76
$GPGSV,2,2,06,23,34,318,45,24,71,158,48,,,,,,,,*72
$GPGSV,2,1,06,05,34,100,45,18,64,272,46,20,00,000,23,22,00,000,20*71
$GPGSV,2,2,06,23,34,318,45,24,71,158,48,,,,,,,,*72
$GPGSV,2,1,06,05,34,100,45,18,64,271,46,20,00,000,24,22,00,000,20*75
$GPGSV,2,2,06,23,34,318,45,24,71,158,48,,,,,,,,*72
$GPGSV,2,1,06,05,34,100,45,18,64,271,46,20,00,000,24,22,00,000,20*75
$GPGSV,2,2,06,23,34,318,45,24,71,158,48,,,,,,,,*72
$GPGSV,2,1,06,05,34,100,45,18,64,271,46,20,00,000,24,22,00,000,20*75
$GPGSV,2,2,06,23,34,318,45,24,71,158,48,,,,,,,,*72
$GPGSV,2,1,06,05,34,100,45,18,64,271,46,20,00,000,24,22,00,000,20*75
$GPGSV,2,2,06,23,34,318,45,24,71,158,48,,,,,,,,*72
$GPGSV,2,1,06,05,34,100,45,18,64,271,46,20,00,000,24,22,00,000,20*75
$GPGSV,2,2,06,23,34,318,45,24,71,158,48,,,,,,,,*72
$GPGSV,2,1,06,05,34,100,45,18,64,271,46,20,00,000,24,22,00,000,20*75
$GPGSV,2,2,06,23,34,318,45,24,71,158,48,,,,,,,,*72
$GPGSV,2,1,06,05,34,100,45,18,64,271,46,20,00,000,24,22,00,000,19*7F
$GPGSV,2,2,06,23,34,318,45,24,71,158,48,,,,,,,,*72
$GPGSV,2,1,06,05,34,100,45,18,64,271,46,20,00,000,24,22,00,000,19*7F
$GPGSV,2,2,06,23,34,318,45,24,71,158,48,,,,,,,,*72
$GPGSV,2,1,06,05,34,100,45,18,64,271,46,20,00,000,24,22,00,000,19*7F
$GPGSV,2,2,06,23,34,318,45,24,71,158,48,,,,,,,,*72
$GPGSV,2,1,06,05,34,100,45,18,64,271,46,20,00,000,24,22,00,000,19*7F
$GPGSV,2,2,06,23,34,318,45,24,71,158,48,,,,,,,,*72
$GPGSV,2,1,06,05,34,100,45,18,64,271,46,20,00,000,24,22,00,000,20*75
$GPGSV,2,2,06,23,34,318,45,24,71,158,48,,,,,,,,*72
$GPGSV,2,1,06,05,34,100,45,18,64,271,46,20,00,000,24,22,00,000,21*74
$GPGSV,2,2,06,23,34,318,45,24,71,158,48,,,,,,,,*72
$GPGSV,2,1,06,05,34,100,45,18,64,271,46,20,00,000,24,22,00,000,21*74
$GPGSV,2,2,06,23,34,318,45,24,71,158,48,,,,,,,,*72
$GPGSV,2,1,05,05,34,100,45,18,64,271,46,22,00,000,22,23,34,318,45*7D
$GPGSV,2,2,05,24,71,158,48,,,,,,,,,,,,*4C
$GPGSV,2,1,05,05,34,100,45,18,64,271,46,22,00,000,22,23,34,318,45*7D
$GPGSV,2,2,05,24,71,158,48,,,,,,,,,,,,*4C
$GPGSV,2,1,05,05,34,100,45,18,64,271,46,22,00,000,23,23,34,318,45*7C
$GPGSV,2,2,05,24,71,158,48,,,,,,,,,,,,*4C
$GPGSV,2,1,05,05,34,100,45,18,64,271,46,22,00,000,23,23,34,318,45*7C
$GPGSV,2,2,05,24,71,158,48,,,,,,,,,,,,*4C
$GPGSV,2,1,05,05,34,100,45,18,64,271,46,22,00,000,23,23,34,318,45*7C
$GPGSV,2,2,05,24,71,158,47,,,,,,,,,,,,*43
$GPGSV,2,1,05,05,34,100,45,18,64,271,46,22,00,000,23,23,34,318,45*7C
$GPGSV,2,2,05,24,71,158,47,,,,,,,,,,,,*43
$GPGSV,2,1,05,05,34,100,45,18,64,271,46,22,00,000,23,23,34,318,45*7C
$GPGSV,2,2,05,24,71,158,47,,,,,,,,,,,,*43
$GPGSV,2,1,05,05,34,100,45,18,64,271,46,22,00,000,23,23,34,318,45*7C
$GPGSV,2,2,05,24,71,158,47,,,,,,,,,,,,*43
$GPGSV,2,1,06,05,34,100,45,18,64,271,46,20,00,000,25,22,00,000,23*77
$GPGSV,2,2,06,23,34,318,45,24,71,158,47,,,,,,,,*7D
$GPGSV,2,1,06,05,34,100,45,18,64,271,46,20,00,000,25,22,00,000,23*77
$GPGSV,2,2,06,23,34,318,45,24,71,158,47,,,,,,,,*7D
$GPGSV,2,1,06,05,34,100,45,18,64,271,46,20,00,000,24,22,00,000,22*77
$GPGSV,2,2,06,23,34,318,45,24,71,158,47,,,,,,,,*7D
$GPGSV,2,1,06,05,34,100,45,18,64,271,47,20,00,000,23,22,00,000,22*71
$GPGSV,2,2,06,23,34,318,45,24,71,158,47,,,,,,,,*7D
$GPGSV,2,1,06,05,34,100,45,18,64,271,47,20,00,000,23,22,00,000,22*71
$GPGSV,2,2,06,23,34,318,45,24,71,158,47,,,,,,,,*7D
$GPGSV,2,1,06,05,34,100,45,18,64,271,47,20,00,000,22,22,00,000,22*70
$GPGSV,2,2,06,23,34,318,45,24,71,158,47,,,,,,,,*7D
$GPGSV,2,1,06,05,34,100,45,18,64,271,47,20,00,000,22,22,00,000,22*70
$GPGSV,2,2,06,23,34,318,45,24,71,158,47,,,,,,,,*7D
$GPGSV,2,1,06,05,34,100,45,18,64,271,47,20,31,047,21,22,00,000,22*72
$GPGSV,2,2,06,23,34,318,45,24,71,158,47,,,,,,,,*7D
$GPGSV,2,1,06,05,34,100,45,18,64,271,47,20,00,000,21,22,00,000,22*73
$GPGSV,2,2,06,23,34,318,45,24,71,158,47,,,,,,,,*7D
$GPGSV,2,1,06,05,34,100,45,18,64,271,47,20,00,000,21,22,00,000,22*73
$GPGSV,2,2,06,23,34,318,45,24,71,158,47,,,,,,,,*7D
$GPGSV,2,1,06,05,34,100,45,18,64,271,47,20,00,000,21,22,00,000,22*73
$GPGSV,2,2,06,23,34,318,45,24,71,158,47,,,,,,,,*7D
$GPGSV,2,1,06,05,34,100,45,18,64,271,47,20,00,000,21,22,00,000,22*73
$GPGSV,2,2,06,23,34,318,45,24,71,158,47,,,,,,,,*7D
$GPGSV,2,1,06,05,34,100,45,18,64,271,47,20,00,000,21,22,00,000,22*73
$GPGSV,2,2,06,23,34,318,45,24,71,158,47,,,,,,,,*7D
$GPGSV,2,1,06,05,34,100,45,18,64,271,47,20,00,000,21,22,00,000,22*73
$GPGSV,2,2,06,23,34,318,45,24,71,158,47,,,,,,,,*7D
$GPGSV,2,1,06,05,34,100,45,18,64,271,47,20,00,000,21,22,00,000,22*73
$GPGSV,2,2,06,23,34,318,45,24,71,158,47,,,,,,,,*7D
$GPGSV,2,1,05,05,34,100,45,18,64,271,47,22,00,000,22,23,34,318,45*7C
$GPGSV,2,2,05,24,71,158,47,,,,,,,,,,,,*43
$GPGSV,2,1,05,05,34,100,45,18,64,271,47,22,00,000,21,23,34,318,45*7F
$GPGSV,2,2,05,24,71,158,47,,,,,,,,,,,,*43
$GPGSV,2,1,05,05,34,100,45,18,64,271,47,22,00,000,21,23,34,318,44*7E
$GPGSV,2,2,05,24,71,158,47,,,,,,,,,,,,*43
$GPGSV,2,1,05,05,34,100,45,18,64,271,47,22,00,000,21,23,34,318,44*7E
$GPGSV,2,2,05,24,71,158,47,,,,,,,,,,,,*43
$GPGSV,2,1,05,05,34,100,45,18,64,271,47,22,00,000,21,23,34,318,44*7E
$GPGSV,2,2,05,24,71,158,47,,,,,,,,,,,,*43
$GPGSV,2,1,05,05,34,100,45,18,64,271,47,22,00,000,21,23,34,318,44*7E
$GPGSV,2,2,05,24,71,158,47,,,,,,,,,,,,*43
$GPGSV,2,1,05,05,34,100,45,18,64,271,47,22,00,000,21,23,34,318,44*7E
$GPGSV,2,2,05,24,71,158,47,,,,,,,,,,,,*43
$GPGSV,2,1,05,05,34,100,45,18,64,271,47,22,00,000,21,23,34,318,44*7E
$GPGSV,2,2,05,24,71,158,47,,,,,,,,,,,,*43
$GPGSV,2,1,05,05,34,100,45,18,64,271,47,22,00,000,21,23,34,318,44*7E
$GPGSV,2,2,05,24,71,158,47,,,,,,,,,,,,*43
$GPGSV,2,1,05,05,34,100,45,18,64,271,47,22,00,000,22,23,34,318,44*7D
$GPGSV,2,2,05,24,71,158,47,,,,,,,,,,,,*43
$GPGSV,2,1,05,05,34,100,45,18,64,271,47,22,00,000,22,23,34,318,44*7D
$GPGSV,2,2,05,24,71,158,47,,,,,,,,,,,,*43
$GPGSV,2,1,05,05,34,100,45,18,64,271,47,22,00,000,22,23,34,318,44*7D
$GPGSV,2,2,05,24,71,158,47,,,,,,,,,,,,*43
$GPGSV,2,1,05,05,34,100,45,18,64,271,47,22,00,000,22,23,34,318,45*7C
$GPGSV,2,2,05,24,71,158,47,,,,,,,,,,,,*43
$GPGSV,2,1,05,05,34,100,45,18,64,271,47,22,00,000,22,23,34,318,45*7C
$GPGSV,2,2,05,24,71,158,47,,,,,,,,,,,,*43
$GPGSV,2,1,05,05,34,100,45,18,64,271,47,22,00,000,22,23,34,318,45*7C
$GPGSV,2,2,05,24,71,158,47,,,,,,,,,,,,*43
$GPGSV,2,1,05,05,34,100,45,18,64,271,47,22,00,000,22,23,34,318,45*7C
$GPGSV,2,2,05,24,71,158,47,,,,,,,,,,,,*43
$GPGSV,2,1,05,05,34,100,45,18,64,271,47,22,00,000,22,23,34,318,45*7C
$GPGSV,2,2,05,24,71,158,47,,,,,,,,,,,,*43
$GPGSV,2,1,05,05,34,100,45,18,64,271,47,22,00,000,22,23,34,318,45*7C
$GPGSV,2,2,05,24,71,158,47,,,,,,,,,,,,*43
$GPGSV,2,1,05,05,34,100,45,18,64,271,47,22,00,000,22,23,34,318,45*7C
$GPGSV,2,2,05,24,71,158,47,,,,,,,,,,,,*43
$GPGSV,2,1,05,05,34,100,45,18,64,271,47,22,00,000,22,23,34,318,45*7C
$GPGSV,2,2,05,24,71,158,47,,,,,,,,,,,,*43
$GPGSV,2,1,05,05,34,100,45,18,64,271,47,22,00,000,22,23,34,318,45*7C
$GPGSV,2,2,05,24,71,158,47,,,,,,,,,,,,*43
$GPGSV,2,1,05,05,34,100,45,18,64,271,47,22,00,000,22,23,34,318,45*7C
$GPGSV,2,2,05,24,71,158,47,,,,,,,,,,,,*43
$GPGSV,2,1,05,05,34,100,45,18,64,271,47,22,00,000,22,23,34,318,45*7C
$GPGSV,2,2,05,24,71,158,47,,,,,,,,,,,,*43
$GPGSV,2,1,05,05,34,100,45,18,64,271,47,22,00,000,21,23,34,318,45*7F
$GPGSV,2,2,05,24,71,158,47,,,,,,,,,,,,*43
$GPGSV,2,1,05,05,34,100,45,18,64,271,46,22,00,000,21,23,34,318,45*7E
$GPGSV,2,2,05,24,71,158,47,,,,,,,,,,,,*43
$GPGSV,2,1,05,05,34,100,45,18,64,271,46,22,00,000,21,23,34,318,45*7E
$GPGSV,2,2,05,24,71,158,47,,,,,,,,,,,,*43
$GPGSV,2,1,05,05,34,100,45,18,64,271,46,22,00,000,21,23,34,318,45*7E
$GPGSV,2,2,05,24,71,158,47,,,,,,,,,,,,*43
$GPGSV,2,1,05,05,34,100,45,18,64,271,46,22,00,000,20,23,34,318,45*7F
$GPGSV,2,2,05,24,71,158,47,,,,,,,,,,,,*43
$GPGSV,2,1,05,05,34,100,45,18,64,271,46,22,00,000,20,23,34,318,45*7F
$GPGSV,2,2,05,24,71,158,47,,,,,,,,,,,,*43
$GPGSV,2,1,05,05,34,100,45,18,64,271,46,22,00,000,20,23,34,318,45*7F
$GPGSV,2,2,05,24,71,158,47,,,,,,,,,,,,*43
$GPGSV,2,1,05,05,34,100,45,18,64,271,46,22,00,000,20,23,34,318,45*7F
$GPGSV,2,2,05,24,71,158,47,,,,,,,,,,,,*43
$GPGSV,2,1,05,05,34,100,45,18,64,271,46,22,00,000,20,23,34,318,45*7F
$GPGSV,2,2,05,24,71,158,47,,,,,,,,,,,,*43
$GPGSV,2,1,05,05,34,100,45,18,64,271,46,22,00,000,20,23,34,318,45*7F
$GPGSV,2,2,05,24,71,158,47,,,,,,,,,,,,*43
$GPGSV,2,1,05,05,34,100,45,18,64,271,46,22,00,000,20,23,34,318,45*7F
$GPGSV,2,2,05,24,71,158,47,,,,,,,,,,,,*43
$GPGSV,2,1,05,05,34,100,45,18,64,271,46,22,00,000,20,23,34,318,45*7F
$GPGSV,2,2,05,24,71,158,47,,,,,,,,,,,,*43
$GPGSV,2,1,05,05,34,100,45,18,64,271,46,22,00,000,21,23,34,318,45*7E
$GPGSV,2,2,05,24,71,158,47,,,,,,,,,,,,*43
$GPGSV,2,1,05,05,34,100,45,18,64,271,46,22,00,000,21,23,34,318,45*7E
$GPGSV,2,2,05,24,71,158,47,,,,,,,,,,,,*43
$GPGSV,2,1,05,05,34,100,45,18,64,271,46,22,00,000,21,23,34,318,45*7E
$GPGSV,2,2,05,24,71,158,47,,,,,,,,,,,,*43
$GPGSV,2,1,05,05,34,100,45,18,64,271,46,22,00,000,21,23,34,318,45*7E
$GPGSV,2,2,05,24,71,158,47,,,,,,,,,,,,*43
$GPGSV,2,1,06,05,34,100,45,18,64,271,46,20,00,000,20,22,00,000,21*70
$GPGSV,2,2,06,23,34,318,45,24,71,158,47,,,,,,,,*7D
$GPGSV,2,1,06,05,34,100,45,18,64,271,46,20,00,000,20,22,00,000,21*70
$GPGSV,2,2,06,23,34,318,45,24,71,158,47,,,,,,,,*7D
$GPGSV,2,1,06,05,34,100,45,18,64,271,46,20,00,000,20,22,00,000,21*70
$GPGSV,2,2,06,23,34,318,45,24,71,158,47,,,,,,,,*7D
$GPGSV,2,1,06,05,34,100,45,18,64,271,46,20,00,000,21,22,00,000,21*71
$GPGSV,2,2,06,23,34,318,45,24,71,158,47,,,,,,,,*7D
$GPGSV,2,1,06,05,34,100,45,18,64,271,46,20,00,000,21,22,00,000,21*71
$GPGSV,2,2,06,23,34,318,45,24,71,158,47,,,,,,,,*7D
$GPGSV,2,1,05,05,34,100,45,18,64,271,46,22,00,000,21,23,34,318,45*7E
$GPGSV,2,2,05,24,71,158,47,,,,,,,,,,,,*43
$GPGSV,2,1,05,05,34,100,45,18,64,271,46,22,00,000,21,23,34,318,45*7E
$GPGSV,2,2,05,24,71,158,47,,,,,,,,,,,,*43
$GPGSV,2,1,05,05,34,100,45,18,64,271,46,22,00,000,21,23,34,318,45*7E
$GPGSV,2,2,05,24,71,158,47,,,,,,,,,,,,*43
$GPGSV,2,1,05,05,34,100,45,18,64,271,46,22,00,000,21,23,34,318,45*7E
$GPGSV,2,2,05,24,71,158,47,,,,,,,,,,,,*43
$GPGSV,2,1,05,05,34,100,45,18,64,271,46,22,00,000,21,23,34,318,45*7E
$GPGSV,2,2,05,24,71,158,47,,,,,,,,,,,,*43
$GPGSV,2,1,05,05,34,100,45,18,64,271,46,22,00,000,22,23,34,318,45*7D
$GPGSV,2,2,05,24,71,158,47,,,,,,,,,,,,*43
$GPGSV,2,1,05,05,34,100,45,18,64,271,46,22,00,000,22,23,34,318,45*7D
$GPGSV,2,2,05,24,71,158,47,,,,,,,,,,,,*43
$GPGSV,2,1,05,05,34,100,45,18,64,271,46,22,00,000,22,23,34,318,45*7D
$GPGSV,2,2,05,24,71,158,47,,,,,,,,,,,,*43
$GPGSV,2,1,05,05,34,100,45,18,64,271,46,22,00,000,22,23,34,318,45*7D
$GPGSV,2,2,05,24,71,158,47,,,,,,,,,,,,*43
$GPGSV,2,1,05,05,34,100,45,18,64,271,46,22,00,000,22,23,34,318,45*7D
$GPGSV,2,2,05,24,71,158,47,,,,,,,,,,,,*43
$GPGSV,2,1,05,05,34,100,45,18,64,271,46,22,00,000,22,23,34,318,45*7D
$GPGSV,2,2,05,24,71,158,47,,,,,,,,,,,,*43
$GPGSV,2,1,05,05,34,100,45,18,64,271,46,22,00,000,22,23,34,318,45*7D
$GPGSV,2,2,05,24,71,158,47,,,,,,,,,,,,*43
$GPGSV,2,1,05,05,34,100,45,18,64,271,46,22,00,000,22,23,34,318,45*7D
$GPGSV,2,2,05,24,71,158,47,,,,,,,,,,,,*43
$GPGSV,2,1,05,05,34,100,45,18,64,271,46,22,00,000,22,23,34,318,45*7D
$GPGSV,2,2,05,24,71,158,47,,,,,,,,,,,,*43
$GPGSV,2,1,05,05,34,100,45,18,64,271,46,22,00,000,22,23,34,318,45*7D
$GPGSV,2,2,05,24,71,158,47,,,,,,,,,,,,*43
$GPGSV,2,1,05,05,34,100,45,18,64,271,46,22,00,000,22,23,34,318,45*7D
$GPGSV,2,2,05,24,71,158,47,,,,,,,,,,,,*43
$GPGSV,2,1,05,05,34,100,45,18,64,271,46,22,00,000,22,23,34,318,45*7D
$GPGSV,2,2,05,24,71,158,47,,,,,,,,,,,,*43
$GPGSV,2,1,05,05,34,100,45,18,64,271,46,22,00,000,22,23,34,318,45*7D
$GPGSV,2,2,05,24,71,158,47,,,,,,,,,,,,*43
$GPGSV,2,1,05,05,34,100,45,18,64,271,46,22,00,000,22,23,34,318,45*7D
$GPGSV,2,2,05,24,71,158,47,,,,,,,,,,,,*43
$GPGSV,2,1,05,05,34,100,45,18,64,271,46,22,00,000,21,23,34,318,45*7E
$GPGSV,2,2,05,24,71,158,47,,,,,,,,,,,,*43
$GPGSV,2,1,05,05,34,100,45,18,64,271,46,22,00,000,21,23,34,318,45*7E
$GPGSV,2,2,05,24,71,158,47,,,,,,,,,,,,*43
$GPGSV,2,1,06,05,34,100,45,18,64,271,46,20,00,000,22,22,00,000,21*72
$GPGSV,2,2,06,23,34,318,45,24,71,158,47,,,,,,,,*7D
$GPGSV,2,1,06,05,34,100,45,18,64,271,46,20,00,000,22,22,00,000,21*72
$GPGSV,2,2,06,23,34,318,45,24,71,158,47,,,,,,,,*7D
$GPGSV,2,1,06,05,34,100,45,18,64,271,46,20,00,000,23,22,00,000,21*73
$GPGSV,2,2,06,23,34,318,45,24,71,158,47,,,,,,,,*7D
$GPGSV,2,1,06,05,34,100,45,18,64,271,46,20,00,000,24,22,00,000,22*77
$GPGSV,2,2,06,23,34,318,45,24,71,158,47,,,,,,,,*7D
$GPGSV,2,1,06,05,34,100,45,18,64,271,46,20,00,000,24,22,00,000,22*77
$GPGSV,2,2,06,23,34,318,45,24,71,158,47,,,,,,,,*7D
$GPGSV,2,1,06,05,34,100,45,18,64,271,46,20,00,000,24,22,00,000,22*77
$GPGSV,2,2,06,23,34,318,45,24,71,158,47,,,,,,,,*7D
$GPGSV,2,1,06,05,34,100,45,18,64,271,46,20,00,000,24,22,00,000,22*77
$GPGSV,2,2,06,23,34,318,45,24,71,158,47,,,,,,,,*7D
$GPGSV,2,1,06,05,34,100,45,18,64,271,46,20,00,000,24,22,00,000,22*77
$GPGSV,2,2,06,23,34,318,45,24,71,158,47,,,,,,,,*7D
$GPGSV,2,1,06,05,34,100,45,18,64,271,46,20,00,000,23,22,00,000,21*73
$GPGSV,2,2,06,23,34,318,45,24,71,158,47,,,,,,,,*7D
$GPGSV,2,1,06,05,34,100,45,18,64,271,46,20,00,000,23,22,00,000,21*73
$GPGSV,2,2,06,23,34,318,45,24,71,158,47,,,,,,,,*7D
$GPGSV,2,1,06,05,34,100,45,18,64,271,46,20,00,000,23,22,00,000,21*73
$GPGSV,2,2,06,23,34,318,45,24,71,158,47,,,,,,,,*7D
$GPGSV,2,1,06,05,34,100,45,18,64,271,46,20,00,000,22,22,00,000,21*72
$GPGSV,2,2,06,23,34,318,45,24,71,158,47,,,,,,,,*7D
$GPGSV,2,1,06,05,34,100,45,18,64,271,46,20,00,000,22,22,00,000,21*72
$GPGSV,2,2,06,23,34,318,45,24,71,158,47,,,,,,,,*7D
$GPGSV,2,1,06,05,34,100,45,18,64,271,46,20,00,000,22,22,00,000,21*72
$GPGSV,2,2,06,23,34,318,45,24,71,158,47,,,,,,,,*7D
$GPGSV,2,1,06,05,34,100,45,18,64,271,46,20,00,000,22,22,00,000,21*72
$GPGSV,2,2,06,23,34,318,45,24,71,157,47,,,,,,,,*72
$GPGSV,2,1,06,05,34,100,45,18,64,271,46,20,00,000,22,22,00,000,21*72
$GPGSV,2,2,06,23,34,318,45,24,71,157,47,,,,,,,,*72
$GPGSV,2,1,06,05,34,100,45,18,64,271,46,20,00,000,22,22,00,000,22*71
$GPGSV,2,2,06,23,34,318,45,24,71,157,47,,,,,,,,*72
$GPGSV,2,1,06,05,34,100,45,18,64,271,46,20,00,000,22,22,00,000,22*71
$GPGSV,2,2,06,23,34,318,45,24,71,157,47,,,,,,,,*72
$GPGSV,2,1,06,05,34,100,45,18,64,271,46,20,00,000,22,22,00,000,22*71
$GPGSV,2,2,06,23,34,318,45,24,71,157,47,,,,,,,,*72
$GPGSV,2,1,06,05,34,100,45,18,64,271,46,20,00,000,21,22,00,000,21*71
$GPGSV,2,2,06,23,34,318,45,24,71,157,47,,,,,,,,*72
$GPGSV,2,1,06,05,34,100,45,18,64,271,46,20,00,000,21,22,00,000,21*71
$GPGSV,2,2,06,23,34,318,45,24,71,157,47,,,,,,,,*72
$GPGSV,2,1,06,05,34,100,45,18,64,271,46,20,00,000,21,22,00,000,21*71
$GPGSV,2,2,06,23,34,318,45,24,71,157,47,,,,,,,,*72
$GPGSV,2,1,06,05,34,100,45,18,64,271,46,20,00,000,20,22,00,000,21*70
$GPGSV,2,2,06,23,34,318,45,24,71,157,47,,,,,,,,*72
$GPGSV,2,1,06,05,34,100,45,18,64,271,46,20,00,000,21,22,00,000,21*71
$GPGSV,2,2,06,23,34,318,45,24,71,157,47,,,,,,,,*72
$GPGSV,2,1,06,05,34,100,45,18,64,271,46,20,00,000,21,22,00,000,21*71
$GPGSV,2,2,06,23,34,318,45,24,71,157,47,,,,,,,,*72
$GPGSV,2,1,06,05,34,100,45,18,64,271,46,20,00,000,21,22,00,000,21*71
$GPGSV,2,2,06,23,34,318,45,24,71,157,47,,,,,,,,*72
$GPGSV,2,1,06,05,34,100,45,18,64,271,46,20,00,000,21,22,00,000,21*71
$GPGSV,2,2,06,23,34,318,45,24,71,157,47,,,,,,,,*72
$GPGSV,2,1,06,05,34,100,45,18,64,271,46,20,00,000,20,22,00,000,22*73
$GPGSV,2,2,06,23,34,318,45,24,71,157,47,,,,,,,,*72
$GPGSV,2,1,06,05,34,100,45,18,64,271,46,20,00,000,20,22,00,000,22*73
$GPGSV,2,2,06,23,34,318,45,24,71,157,47,,,,,,,,*72
$GPGSV,2,1,06,05,34,100,45,18,64,271,46,20,00,000,19,22,00,000,22*79
$GPGSV,2,2,06,23,34,318,45,24,71,157,47,,,,,,,,*72
$GPGSV,2,1,06,05,34,100,45,18,64,271,46,20,00,000,19,22,00,000,22*79
$GPGSV,2,2,06,23,34,318,45,24,71,157,47,,,,,,,,*72
$GPGSV,2,1,06,05,34,100,45,18,64,271,46,20,00,000,19,22,00,000,22*79
$GPGSV,2,2,06,23,34,318,45,24,71,157,47,,,,,,,,*72
$GPGSV,2,1,06,05,34,100,45,18,64,271,46,20,00,000,18,22,00,000,22*78
$GPGSV,2,2,06,23,34,318,45,24,71,157,47,,,,,,,,*72
$GPGSV,2,1,06,05,34,100,45,18,64,271,46,20,00,000,18,22,00,000,22*78
$GPGSV,2,2,06,23,34,318,45,24,71,157,47,,,,,,,,*72
$GPGSV,2,1,06,05,34,100,45,18,64,271,46,20,00,000,18,22,00,000,22*78
$GPGSV,2,2,06,23,34,318,45,24,71,157,47,,,,,,,,*72
$GPGSV,2,1,05,05,34,100,45,18,64,271,46,22,00,000,22,23,34,318,45*7D
$GPGSV,2,2,05,24,71,157,47,,,,,,,,,,,,*4C
$GPGSV,2,1,05,05,34,100,45,18,64,271,46,22,00,000,22,23,34,318,45*7D
$GPGSV,2,2,05,24,71,157,47,,,,,,,,,,,,*4C
$GPGSV,2,1,05,05,34,100,45,18,64,271,46,22,00,000,22,23,34,318,45*7D
$GPGSV,2,2,05,24,71,157,47,,,,,,,,,,,,*4C
$GPGSV,2,1,05,05,34,100,45,18,64,271,46,22,00,000,22,23,34,318,45*7D
$GPGSV,2,2,05,24,71,157,47,,,,,,,,,,,,*4C
$GPGSV,2,1,05,05,34,100,45,18,64,271,46,22,00,000,22,23,34,318,45*7D
$GPGSV,2,2,05,24,71,157,47,,,,,,,,,,,,*4C
$GPGSV,2,1,05,05,34,100,45,18,64,271,46,22,00,000,22,23,34,318,45*7D
$GPGSV,2,2,05,24,71,157,47,,,,,,,,,,,,*4C
$GPGSV,2,1,05,05,34,100,45,18,64,271,46,22,00,000,22,23,34,318,45*7D
$GPGSV,2,2,05,24,71,157,47,,,,,,,,,,,,*4C
$GPGSV,2,1,05,05,34,100,45,18,64,271,46,22,00,000,22,23,34,318,45*7D
$GPGSV,2,2,05,24,71,157,47,,,,,,,,,,,,*4C
$GPGSV,2,1,05,05,34,100,45,18,64,271,46,22,00,000,22,23,34,318,45*7D
$GPGSV,2,2,05,24,71,157,47,,,,,,,,,,,,*4C
$GPGSV,2,1,05,05,34,100,45,18,64,271,46,22,00,000,22,23,34,318,45*7D
$GPGSV,2,2,05,24,71,157,47,,,,,,,,,,,,*4C
$GPGSV,2,1,05,05,34,100,45,18,64,271,46,22,00,000,23,23,34,318,45*7C
$GPGSV,2,2,05,24,71,157,47,,,,,,,,,,,,*4C
$GPGSV,2,1,05,05,34,100,45,18,64,271,46,22,00,000,23,23,34,318,45*7C
$GPGSV,2,2,05,24,71,157,47,,,,,,,,,,,,*4C
$GPGSV,2,1,05,05,34,100,45,18,64,271,46,22,00,000,23,23,34,318,45*7C
$GPGSV,2,2,05,24,71,157,47,,,,,,,,,,,,*4C
$GPGSV,2,1,05,05,34,100,45,18,64,271,46,22,00,000,23,23,34,318,45*7C
$GPGSV,2,2,05,24,71,157,47,,,,,,,,,,,,*4C
$GPGSV,2,1,05,05,34,100,45,18,64,271,46,22,00,000,23,23,34,318,45*7C
$GPGSV,2,2,05,24,71,157,47,,,,,,,,,,,,*4C
$GPGSV,2,1,05,05,34,100,45,18,64,271,46,22,00,000,22,23,34,318,45*7D
$GPGSV,2,2,05,24,71,157,47,,,,,,,,,,,,*4C
$GPGSV,2,1,05,05,34,100,45,18,64,271,46,22,00,000,22,23,34,318,45*7D
$GPGSV,2,2,05,24,71,157,47,,,,,,,,,,,,*4C
$GPGSV,2,1,05,05,34,100,45,18,64,271,46,22,00,000,23,23,34,318,45*7C
$GPGSV,2,2,05,24,71,157,47,,,,,,,,,,,,*4C
$GPGSV,2,1,05,05,34,100,45,18,64,271,46,22,00,000,23,23,34,318,45*7C
$GPGSV,2,2,05,24,71,157,47,,,,,,,,,,,,*4C
$GPGSV,2,1,05,05,34,100,45,18,64,271,46,22,00,000,23,23,34,318,45*7C
$GPGSV,2,2,05,24,71,157,47,,,,,,,,,,,,*4C
$GPGSV,2,1,05,05,34,100,45,18,64,271,46,22,00,000,23,23,34,318,45*7C
$GPGSV,2,2,05,24,71,157,47,,,,,,,,,,,,*4C
$GPGSV,2,1,05,05,34,100,45,18,64,271,46,22,00,000,23,23,34,318,45*7C
$GPGSV,2,2,05,24,71,157,47,,,,,,,,,,,,*4C
$GPGSV,2,1,05,05,34,100,45,18,64,271,46,22,00,000,22,23,34,318,45*7D
$GPGSV,2,2,05,24,71,157,47,,,,,,,,,,,,*4C
$GPGSV,2,1,05,05,34,100,45,18,64,271,46,22,00,000,22,23,34,318,45*7D
$GPGSV,2,2,05,24,71,157,47,,,,,,,,,,,,*4C
$GPGSV,2,1,05,05,34,100,45,18,64,271,46,22,00,000,22,23,34,318,45*7D
$GPGSV,2,2,05,24,71,157,47,,,,,,,,,,,,*4C
$GPGSV,2,1,05,05,34,100,45,18,64,271,46,22,00,000,22,23,34,318,45*7D
$GPGSV,2,2,05,24,71,157,47,,,,,,,,,,,,*4C
$GPGSV,2,1,05,05,34,100,45,18,64,271,46,22,00,000,22,23,34,318,45*7D
$GPGSV,2,2,05,24,71,157,47,,,,,,,,,,,,*4C
$GPGSV,2,1,05,05,34,100,45,18,64,271,46,22,00,000,22,23,34,318,45*7D
$GPGSV,2,2,05,24,71,157,47,,,,,,,,,,,,*4C
$GPGSV,2,1,05,05,34,100,45,18,64,271,46,22,00,000,23,23,34,318,45*7C
$GPGSV,2,2,05,24,71,157,47,,,,,,,,,,,,*4C
$GPGSV,2,1,05,05,34,100,45,18,64,271,46,22,00,000,23,23,34,318,45*7C
$GPGSV,2,2,05,24,71,157,47,,,,,,,,,,,,*4C
$GPGSV,2,1,05,05,34,100,45,18,64,271,46,22,00,000,23,23,34,318,45*7C
$GPGSV,2,2,05,24,71,157,47,,,,,,,,,,,,*4C
$GPGSV,2,1,05,05,34,100,45,18,64,271,46,22,00,000,23,23,34,318,45*7C
$GPGSV,2,2,05,24,71,157,47,,,,,,,,,,,,*4C
$GPGSV,2,1,05,05,34,100,45,18,64,271,46,22,00,000,23,23,34,318,45*7C
$GPGSV,2,2,05,24,71,157,47,,,,,,,,,,,,*4C
$GPGSV,2,1,05,05,34,100,45,18,64,271,46,22,00,000,23,23,34,318,45*7C
$GPGSV,2,2,05,24,71,157,47,,,,,,,,,,,,*4C
$GPGSV,2,1,05,05,34,101,45,18,64,271,46,22,00,000,23,23,34,318,45*7D
$GPGSV,2,2,05,24,71,157,47,,,,,,,,,,,,*4C
$GPGSV,2,1,05,05,34,101,45,18,64,271,46,22,00,000,22,23,34,318,45*7C
$GPGSV,2,2,05,24,71,157,47,,,,,,,,,,,,*4C
$GPGSV,2,1,05,05,34,101,45,18,64,271,46,22,00,000,22,23,34,318,45*7C
$GPGSV,2,2,05,24,71,157,47,,,,,,,,,,,,*4C
$GPGSV,2,1,05,05,34,101,45,18,64,271,46,22,00,000,21,23,34,318,45*7F
$GPGSV,2,2,05,24,71,157,47,,,,,,,,,,,,*4C
$GPGSV,2,1,05,05,34,101,45,18,64,271,46,22,00,000,21,23,34,318,45*7F
$GPGSV,2,2,05,24,71,157,47,,,,,,,,,,,,*4C
$GPGSV,2,1,05,05,34,101,45,18,64,271,46,22,00,000,21,23,34,318,45*7F
$GPGSV,2,2,05,24,71,157,47,,,,,,,,,,,,*4C
$GPGSV,2,1,05,05,34,101,45,18,64,271,46,22,00,000,20,23,34,318,45*7E
$GPGSV,2,2,05,24,71,157,47,,,,,,,,,,,,*4C
$GPGSV,2,1,05,05,34,101,45,18,64,271,46,22,00,000,20,23,34,318,45*7E
$GPGSV,2,2,05,24,71,157,47,,,,,,,,,,,,*4C
$GPGSV,2,1,05,05,34,101,44,18,64,271,46,22,00,000,20,23,34,318,45*7F
$GPGSV,2,2,05,24,71,157,47,,,,,,,,,,,,*4C
$GPGSV,2,1,05,05,34,101,44,18,64,271,46,22,00,000,20,23,34,318,45*7F
$GPGSV,2,2,05,24,71,157,47,,,,,,,,,,,,*4C
$GPGSV,2,1,05,05,34,101,44,18,64,271,46,22,00,000,20,23,34,318,45*7F
$GPGSV,2,2,05,24,71,157,47,,,,,,,,,,,,*4C
$GPGSV,2,1,05,05,34,101,44,18,64,271,46,22,00,000,20,23,34,318,45*7F
$GPGSV,2,2,05,24,71,157,47,,,,,,,,,,,,*4C
$GPGSV,2,1,05,05,34,101,44,18,64,271,46,22,00,000,19,23,34,318,45*75
$GPGSV,2,2,05,24,71,157,47,,,,,,,,,,,,*4C
$GPGSV,2,1,05,05,34,101,44,18,64,271,46,22,00,000,19,23,34,318,45*75
$GPGSV,2,2,05,24,71,157,47,,,,,,,,,,,,*4C
$GPGSV,2,1,05,05,34,101,44,18,64,271,46,22,00,000,20,23,34,318,45*7F
$GPGSV,2,2,05,24,71,157,47,,,,,,,,,,,,*4C
$GPGSV,2,1,05,05,34,101,44,18,64,271,46,22,00,000,20,23,34,318,45*7F
$GPGSV,2,2,05,24,72,157,47,,,,,,,,,,,,*4F
$GPGSV,2,1,05,05,34,101,44,18,64,271,46,22,00,000,20,23,34,318,45*7F
$GPGSV,2,2,05,24,72,157,47,,,,,,,,,,,,*4F
$GPGSV,2,1,05,05,34,101,44,18,64,271,46,22,00,000,20,23,34,318,45*7F
$GPGSV,2,2,05,24,72,157,47,,,,,,,,,,,,*4F
$GPGSV,2,1,05,05,34,101,44,18,64,271,46,22,00,000,20,23,34,318,45*7F
$GPGSV,2,2,05,24,72,157,47,,,,,,,,,,,,*4F
$GPGSV,2,1,05,05,34,101,44,18,64,271,46,22,00,000,20,23,34,318,45*7F
$GPGSV,2,2,05,24,72,157,47,,,,,,,,,,,,*4F
$GPGSV,2,1,05,05,34,101,44,18,64,271,46,22,00,000,20,23,34,318,45*7F
$GPGSV,2,2,05,24,72,157,47,,,,,,,,,,,,*4F
$GPGSV,2,1,05,05,34,101,44,18,64,271,46,22,00,000,19,23,34,318,45*75
$GPGSV,2,2,05,24,72,157,47,,,,,,,,,,,,*4F
$GPGSV,2,1,05,05,34,101,44,18,64,271,46,22,00,000,19,23,34,318,45*75
$GPGSV,2,2,05,24,72,157,47,,,,,,,,,,,,*4F
$GPGSV,2,1,05,05,34,101,44,18,64,271,46,22,00,000,19,23,34,318,45*75
$GPGSV,2,2,05,24,72,157,47,,,,,,,,,,,,*4F
$GPGSV,2,1,05,05,34,101,44,18,64,271,46,22,00,000,20,23,34,318,45*7F
$GPGSV,2,2,05,24,72,157,47,,,,,,,,,,,,*4F
$GPGSV,2,1,05,05,34,101,44,18,64,271,46,22,00,000,19,23,34,318,45*75
$GPGSV,2,2,05,24,72,157,47,,,,,,,,,,,,*4F
$GPGSV,2,1,05,05,34,101,44,18,64,271,46,22,00,000,19,23,34,318,45*75
$GPGSV,2,2,05,24,72,157,47,,,,,,,,,,,,*4F
$GPGSV,2,1,05,05,34,101,44,18,64,271,46,22,00,000,19,23,34,318,45*75
$GPGSV,2,2,05,24,72,157,47,,,,,,,,,,,,*4F
$GPGSV,2,1,05,05,34,101,44,18,64,271,46,22,00,000,19,23,34,318,45*75
$GPGSV,2,2,05,24,72,157,47,,,,,,,,,,,,*4F
$GPGSV,2,1,05,05,34,101,44,18,64,271,46,22,00,000,19,23,34,318,45*75
$GPGSV,2,2,05,24,72,157,47,,,,,,,,,,,,*4F
$GPGSV,2,1,05,05,34,101,44,18,64,271,46,22,00,000,19,23,34,318,45*75
$GPGSV,2,2,05,24,72,157,47,,,,,,,,,,,,*4F
$GPGSV,2,1,05,05,34,101,44,18,64,271,46,22,00,000,19,23,34,318,45*75
$GPGSV,2,2,05,24,72,157,47,,,,,,,,,,,,*4F
$GPGSV,2,1,05,05,34,101,44,18,64,271,46,22,00,000,18,23,34,318,45*74
$GPGSV,2,2,05,24,72,157,47,,,,,,,,,,,,*4F
$GPGSV,2,1,06,05,34,101,44,18,64,271,46,20,00,000,21,22,00,000,18*7B
$GPGSV,2,2,06,23,34,318,45,24,72,157,47,,,,,,,,*71
$GPGSV,2,1,06,05,34,101,44,18,64,271,46,20,00,000,18,22,00,000,17*7E
$GPGSV,2,2,06,23,34,318,45,24,72,157,47,,,,,,,,*71
$GPGSV,2,1,06,05,34,101,44,18,64,271,46,20,00,000,17,22,00,000,16*70
$GPGSV,2,2,06,23,34,318,45,24,72,157,47,,,,,,,,*71
$GPGSV,2,1,06,05,34,101,44,18,64,271,46,20,00,000,18,22,00,000,16*7F
$GPGSV,2,2,06,23,34,318,45,24,72,157,47,,,,,,,,*71
$GPGSV,2,1,06,05,34,101,44,18,64,271,46,20,00,000,19,22,00,000,15*7D
$GPGSV,2,2,06,23,34,318,45,24,72,157,47,,,,,,,,*71
$GPGSV,2,1,06,05,34,101,44,18,64,271,46,20,00,000,20,22,00,000,15*77
$GPGSV,2,2,06,23,34,318,45,24,72,157,47,,,,,,,,*71
$GPGSV,2,1,06,05,34,101,44,18,64,271,46,20,00,000,21,22,00,000,16*75
$GPGSV,2,2,06,23,34,318,45,24,72,157,47,,,,,,,,*71
$GPGSV,2,1,06,05,34,101,44,18,64,271,46,20,00,000,21,22,00,000,16*75
$GPGSV,2,2,06,23,34,318,45,24,72,157,47,,,,,,,,*71
$GPGSV,2,1,06,05,34,101,44,18,64,271,46,20,00,000,22,22,00,000,16*76
$GPGSV,2,2,06,23,34,318,45,24,72,157,47,,,,,,,,*71
$GPGSV,2,1,05,05,34,101,44,18,64,271,46,22,00,000,16,23,34,318,45*7A
$GPGSV,2,2,05,24,72,157,47,,,,,,,,,,,,*4F
$GPGSV,2,1,05,05,34,101,44,18,64,271,46,22,00,000,17,23,34,318,45*7B
$GPGSV,2,2,05,24,72,157,47,,,,,,,,,,,,*4F
$GPGSV,2,1,05,05,34,101,44,18,64,271,46,22,00,000,17,23,34,318,45*7B
$GPGSV,2,2,05,24,72,157,47,,,,,,,,,,,,*4F
$GPGSV,2,1,05,05,34,101,44,18,64,271,46,22,00,000,17,23,34,318,45*7B
$GPGSV,2,2,05,24,72,157,47,,,,,,,,,,,,*4F
$GPGSV,2,1,05,05,34,101,44,18,64,271,46,22,00,000,17,23,34,318,45*7B
$GPGSV,2,2,05,24,72,157,47,,,,,,,,,,,,*4F
$GPGSV,2,1,05,05,34,101,44,18,64,271,46,22,00,000,18,23,34,318,45*74
$GPGSV,2,2,05,24,72,157,47,,,,,,,,,,,,*4F
$GPGSV,2,1,05,05,34,101,44,18,64,271,46,22,00,000,19,23,34,318,45*75
$GPGSV,2,2,05,24,72,157,47,,,,,,,,,,,,*4F
$GPGSV,2,1,06,05,34,101,44,18,64,271,46,20,00,000,27,22,00,000,20*76
$GPGSV,2,2,06,23,34,318,45,24,72,157,47,,,,,,,,*71
$GPGSV,2,1,06,05,34,101,44,18,64,271,46,20,00,000,28,22,00,000,20*79
$GPGSV,2,2,06,23,34,318,45,24,72,157,47,,,,,,,,*71
$GPGSV,2,1,06,05,34,101,44,18,64,271,46,20,00,000,28,22,00,000,21*78
$GPGSV,2,2,06,23,34,318,45,24,72,157,47,,,,,,,,*71
$GPGSV,2,1,06,05,34,101,44,18,64,271,46,20,00,000,28,22,00,000,21*78
$GPGSV,2,2,06,23,34,318,45,24,72,157,47,,,,,,,,*71
$GPGSV,2,1,06,05,34,101,44,18,64,271,46,20,00,000,28,22,00,000,22*7B
$GPGSV,2,2,06,23,34,318,45,24,72,157,47,,,,,,,,*71
$GPGSV,2,1,06,05,34,101,44,18,64,271,46,20,00,000,28,22,00,000,22*7B
$GPGSV,2,2,06,23,34,318,45,24,72,157,47,,,,,,,,*71
$GPGSV,2,1,06,05,34,101,44,18,64,271,46,20,31,048,28,22,00,000,22*75
$GPGSV,2,2,06,23,34,318,45,24,72,157,47,,,,,,,,*71
$GPGSV,2,1,06,05,34,101,44,18,64,271,46,20,31,048,28,22,00,000,22*75
$GPGSV,2,2,06,23,34,318,45,24,72,157,47,,,,,,,,*71
$GPGSV,2,1,06,05,34,101,44,18,64,271,46,20,31,048,28,22,00,000,23*74
$GPGSV,2,2,06,23,34,318,45,24,72,157,47,,,,,,,,*71
$GPGSV,2,1,06,05,34,101,44,18,64,271,46,20,31,048,28,22,00,000,23*74
$GPGSV,2,2,06,23,34,318,45,24,72,157,47,,,,,,,,*71
$GPGSV,2,1,06,05,34,101,44,18,64,271,46,20,31,048,28,22,00,000,23*74
$GPGSV,2,2,06,23,34,318,45,24,72,157,47,,,,,,,,*71
$GPGSV,2,1,06,05,34,101,44,18,64,271,46,20,31,048,28,22,00,000,23*74
$GPGSV,2,2,06,23,34,318,45,24,72,157,47,,,,,,,,*71
$GPGSV,2,1,06,05,34,101,44,18,64,271,46,20,31,048,28,22,00,000,23*74
$GPGSV,2,2,06,23,34,318,45,24,72,157,47,,,,,,,,*71
$GPGSV,2,1,06,05,34,101,44,18,64,271,46,20,31,048,28,22,00,000,23*74
$GPGSV,2,2,06,23,34,318,45,24,72,157,47,,,,,,,,*71
$GPGSV,2,1,06,05,34,101,44,18,64,271,46,20,31,048,28,22,00,000,23*74
$GPGSV,2,2,06,23,34,318,45,24,72,157,47,,,,,,,,*71
$GPGSV,2,1,06,05,34,101,44,18,64,271,46,20,31,048,28,22,00,000,22*75
$GPGSV,2,2,06,23,34,318,45,24,72,157,47,,,,,,,,*71
$GPGSV,2,1,06,05,34,101,44,18,64,271,46,20,31,048,28,22,00,000,22*75
$GPGSV,2,2,06,23,34,318,45,24,72,157,47,,,,,,,,*71
$GPGSV,2,1,06,05,34,101,44,18,64,271,46,20,31,048,28,22,00,000,22*75
$GPGSV,2,2,06,23,34,318,45,24,72,157,47,,,,,,,,*71
$GPGSV,2,1,06,05,34,101,44,18,64,271,46,20,31,048,29,22,00,000,23*75
$GPGSV,2,2,06,23,34,318,45,24,72,157,47,,,,,,,,*71
$GPGSV,2,1,06,05,34,101,44,18,64,271,46,20,31,048,29,22,00,000,23*75
$GPGSV,2,2,06,23,34,318,45,24,72,157,47,,,,,,,,*71
$GPGSV,2,1,06,05,34,101,44,18,64,271,46,20,31,048,29,22,00,000,22*74
$GPGSV,2,2,06,23,34,318,45,24,72,157,47,,,,,,,,*71
$GPGSV,2,1,06,05,34,101,44,18,64,271,46,20,31,048,29,22,00,000,22*74
$GPGSV,2,2,06,23,34,318,45,24,72,157,47,,,,,,,,*71
$GPGSV,2,1,06,05,34,101,44,18,64,271,47,20,31,048,30,22,00,000,22*7D
$GPGSV,2,2,06,23,34,318,45,24,72,157,47,,,,,,,,*71
$GPGSV,2,1,06,05,34,101,44,18,64,271,47,20,31,048,30,22,00,000,22*7D
$GPGSV,2,2,06,23,34,318,45,24,72,157,47,,,,,,,,*71
$GPGSV,2,1,06,05,34,101,44,18,64,271,47,20,31,048,30,22,00,000,22*7D
$GPGSV,2,2,06,23,34,318,45,24,72,157,47,,,,,,,,*71
$GPGSV,2,1,06,05,34,101,44,18,64,271,47,20,31,048,30,22,00,000,22*7D
$GPGSV,2,2,06,23,34,318,45,24,72,157,47,,,,,,,,*71
$GPGSV,2,1,06,05,34,101,44,18,64,271,47,20,31,048,30,22,00,000,22*7D
$GPGSV,2,2,06,23,34,318,45,24,72,157,47,,,,,,,,*71
$GPGSV,2,1,06,05,34,101,44,18,64,271,47,20,31,048,30,22,00,000,23*7C
$GPGSV,2,2,06,23,34,318,45,24,72,157,47,,,,,,,,*71
$GPGSV,2,1,06,05,34,101,44,18,64,271,47,20,31,048,29,22,00,000,23*74
$GPGSV,2,2,06,23,34,318,45,24,72,157,47,,,,,,,,*71
$GPGSV,2,1,06,05,34,101,44,18,64,271,47,20,31,048,29,22,00,000,22*75
$GPGSV,2,2,06,23,34,318,45,24,72,157,47,,,,,,,,*71
$GPGSV,2,1,06,05,34,101,44,18,64,271,47,20,31,048,29,22,00,000,22*75
$GPGSV,2,2,06,23,34,318,44,24,72,157,47,,,,,,,,*70
$GPGSV,2,1,06,05,34,101,44,18,64,271,47,20,31,048,29,22,00,000,22*75
$GPGSV,2,2,06,23,34,318,44,24,72,157,47,,,,,,,,*70
$GPGSV,2,1,06,05,34,101,44,18,64,271,47,20,31,048,29,22,00,000,22*75
$GPGSV,2,2,06,23,34,318,44,24,72,157,47,,,,,,,,*70
$GPGSV,2,1,06,05,34,101,44,18,64,271,46,20,31,048,29,22,00,000,22*74
$GPGSV,2,2,06,23,34,318,44,24,72,157,47,,,,,,,,*70
$GPGSV,2,1,06,05,34,101,44,18,64,271,46,20,31,048,29,22,00,000,22*74
$GPGSV,2,2,06,23,34,318,44,24,72,157,47,,,,,,,,*70
$GPGSV,2,1,06,05,34,101,44,18,64,271,46,20,31,048,29,22,00,000,22*74
$GPGSV,2,2,06,23,34,318,44,24,72,157,47,,,,,,,,*70
$GPGSV,2,1,06,05,34,101,44,18,64,271,46,20,31,048,29,22,00,000,22*74
$GPGSV,2,2,06,23,34,318,44,24,72,157,47,,,,,,,,*70
$GPGSV,2,1,06,05,34,101,44,18,64,271,46,20,31,048,29,22,00,000,22*74
$GPGSV,2,2,06,23,34,318,44,24,72,157,47,,,,,,,,*70
$GPGSV,2,1,06,05,34,101,44,18,64,271,46,20,31,048,29,22,00,000,22*74
$GPGSV,2,2,06,23,34,318,44,24,72,157,47,,,,,,,,*70
$GPGSV,2,1,06,05,34,101,44,18,64,271,46,20,31,048,28,22,00,000,21*76
$GPGSV,2,2,06,23,34,318,44,24,72,157,47,,,,,,,,*70
$GPGSV,2,1,06,05,34,101,44,18,64,271,46,20,31,048,28,22,00,000,21*76
$GPGSV,2,2,06,23,34,318,44,24,72,157,47,,,,,,,,*70
$GPGSV,2,1,06,05,34,101,44,18,64,270,46,20,31,048,28,22,00,000,21*77
$GPGSV,2,2,06,23,34,318,44,24,72,157,47,,,,,,,,*70
$GPGSV,2,1,06,05,34,101,44,18,64,270,46,20,31,048,28,22,00,000,21*77
$GPGSV,2,2,06,23,34,318,43,24,72,157,47,,,,,,,,*77
$GPGSV,2,1,06,05,34,101,44,18,64,270,46,20,31,048,28,22,00,000,21*77
$GPGSV,2,2,06,23,34,318,43,24,72,157,47,,,,,,,,*77
$GPGSV,2,1,06,05,34,101,44,18,64,270,46,20,31,048,28,22,00,000,21*77
$GPGSV,2,2,06,23,34,318,43,24,72,157,47,,,,,,,,*77
$GPGSV,2,1,06,05,34,101,44,18,64,270,46,20,31,048,29,22,00,000,22*75
$GPGSV,2,2,06,23,34,318,43,24,72,157,47,,,,,,,,*77
$GPGSV,2,1,06,05,34,101,44,18,64,270,46,20,31,048,29,22,00,000,22*75
$GPGSV,2,2,06,23,34,318,43,24,72,157,47,,,,,,,,*77
$GPGSV,2,1,06,05,34,101,44,18,64,270,46,20,31,048,29,22,00,000,22*75
$GPGSV,2,2,06,23,34,318,43,24,72,157,47,,,,,,,,*77
$GPGSV,2,1,06,05,34,101,44,18,64,270,46,20,31,048,28,22,00,000,22*74
$GPGSV,2,2,06,23,34,318,43,24,72,157,47,,,,,,,,*77
$GPGSV,2,1,06,05,34,101,44,18,64,270,46,20,31,048,28,22,00,000,22*74
$GPGSV,2,2,06,23,34,318,43,24,72,157,47,,,,,,,,*77
$GPGSV,2,1,06,05,34,101,44,18,64,270,46,20,31,048,28,22,00,000,22*74
$GPGSV,2,2,06,23,34,318,43,24,72,157,47,,,,,,,,*77
$GPGSV,2,1,06,05,34,101,44,18,64,270,46,20,31,048,27,22,00,000,22*7B
$GPGSV,2,2,06,23,34,318,43,24,72,157,47,,,,,,,,*77
$GPGSV,2,1,06,05,34,101,44,18,64,270,46,20,31,048,27,22,00,000,22*7B
$GPGSV,2,2,06,23,34,318,43,24,72,157,47,,,,,,,,*77
$GPGSV,2,1,06,05,34,101,44,18,64,270,46,20,31,048,27,22,00,000,22*7B
$GPGSV,2,2,06,23,34,318,43,24,72,157,47,,,,,,,,*77
$GPGSV,2,1,06,05,34,101,44,18,64,270,46,20,31,048,27,22,00,000,22*7B
$GPGSV,2,2,06,23,34,318,43,24,72,157,47,,,,,,,,*77
$GPGSV,2,1,06,05,34,101,44,18,64,270,46,20,31,048,27,22,00,000,22*7B
$GPGSV,2,2,06,23,34,318,43,24,72,157,47,,,,,,,,*77
$GPGSV,2,1,06,05,34,101,44,18,64,270,46,20,31,048,27,22,00,000,22*7B
$GPGSV,2,2,06,23,34,318,43,24,72,157,47,,,,,,,,*77
$GPGSV,2,1,06,05,34,101,44,18,64,270,46,20,31,048,27,22,00,000,22*7B
$GPGSV,2,2,06,23,34,318,43,24,72,157,47,,,,,,,,*77
$GPGSV,2,1,06,05,34,101,44,18,64,270,46,20,31,048,28,22,00,000,22*74
$GPGSV,2,2,06,23,34,318,43,24,72,157,47,,,,,,,,*77
$GPGSV,2,1,06,05,34,101,44,18,64,270,46,20,31,048,28,22,00,000,21*77
$GPGSV,2,2,06,23,34,318,43,24,72,157,47,,,,,,,,*77
$GPGSV,2,1,06,05,34,101,44,18,64,270,46,20,31,048,28,22,00,000,21*77
$GPGSV,2,2,06,23,34,318,43,24,72,157,47,,,,,,,,*77
$GPGSV,2,1,06,05,34,101,44,18,64,270,46,20,31,048,28,22,00,000,22*74
$GPGSV,2,2,06,23,34,318,43,24,72,157,47,,,,,,,,*77
$GPGSV,2,1,06,05,34,101,44,18,64,270,46,20,31,048,28,22,00,000,22*74
$GPGSV,2,2,06,23,34,318,43,24,72,157,47,,,,,,,,*77
$GPGSV,2,1,06,05,34,101,44,18,64,270,46,20,31,048,28,22,00,000,22*74
$GPGSV,2,2,06,23,34,318,43,24,72,157,47,,,,,,,,*77
$GPGSV,2,1,06,05,34,101,44,18,64,270,46,20,31,048,28,22,00,000,22*74
$GPGSV,2,2,06,23,34,318,43,24,72,157,47,,,,,,,,*77
$GPGSV,2,1,06,05,34,101,44,18,64,270,46,20,31,048,28,22,00,000,23*75
$GPGSV,2,2,06,23,34,318,43,24,72,157,47,,,,,,,,*77
$GPGSV,2,1,06,05,34,101,44,18,64,270,46,20,31,048,28,22,00,000,23*75
$GPGSV,2,2,06,23,34,318,43,24,72,157,47,,,,,,,,*77
$GPGSV,2,1,06,05,34,101,44,18,64,270,46,20,31,048,28,22,00,000,23*75
$GPGSV,2,2,06,23,34,318,43,24,72,157,47,,,,,,,,*77
$GPGSV,2,1,06,05,34,101,44,18,64,270,46,20,31,048,28,22,00,000,23*75
$GPGSV,2,2,06,23,34,318,43,24,72,157,47,,,,,,,,*77
$GPGSV,2,1,06,05,34,101,44,18,64,270,46,20,31,048,28,22,00,000,23*75
$GPGSV,2,2,06,23,34,318,43,24,72,157,47,,,,,,,,*77
$GPGSV,2,1,06,05,34,101,44,18,64,270,46,20,31,048,28,22,00,000,23*75
$GPGSV,2,2,06,23,34,318,43,24,72,157,47,,,,,,,,*77
$GPGSV,2,1,06,05,34,101,44,18,64,270,46,20,31,048,28,22,00,000,23*75
$GPGSV,2,2,06,23,34,318,43,24,72,157,47,,,,,,,,*77
$GPGSV,2,1,06,05,34,101,44,18,64,270,46,20,31,048,28,22,00,000,23*75
$GPGSV,2,2,06,23,34,318,43,24,72,157,47,,,,,,,,*77
$GPGSV,2,1,06,05,34,101,44,18,64,270,46,20,31,048,28,22,00,000,23*75
$GPGSV,2,2,06,23,34,318,44,24,72,157,47,,,,,,,,*70
$GPGSV,2,1,06,05,34,101,44,18,64,270,46,20,31,048,28,22,00,000,24*72
$GPGSV,2,2,06,23,34,318,44,24,72,157,47,,,,,,,,*70
$GPGSV,2,1,06,05,34,101,44,18,64,270,46,20,31,048,28,22,00,000,24*72
$GPGSV,2,2,06,23,34,318,44,24,72,157,47,,,,,,,,*70
$GPGSV,2,1,06,05,34,101,44,18,64,270,46,20,31,048,28,22,00,000,24*72
$GPGSV,2,2,06,23,34,318,44,24,72,157,47,,,,,,,,*70
$GPGSV,2,1,06,05,34,101,44,18,64,270,46,20,31,048,28,22,00,000,23*75
$GPGSV,2,2,06,23,34,318,44,24,72,157,47,,,,,,,,*70
$GPGSV,2,1,06,05,34,101,44,18,64,270,46,20,31,048,28,22,00,000,23*75
$GPGSV,2,2,06,23,34,318,44,24,72,157,47,,,,,,,,*70
$GPGSV,2,1,06,05,34,101,44,18,64,270,46,20,31,048,28,22,00,000,23*75
$GPGSV,2,2,06,23,34,318,44,24,72,157,47,,,,,,,,*70
$GPGSV,2,1,06,05,34,101,44,18,64,270,46,20,31,048,28,22,00,000,23*75
$GPGSV,2,2,06,23,34,318,44,24,72,157,47,,,,,,,,*70
$GPGSV,2,1,06,05,34,101,44,18,64,270,46,20,31,048,28,22,00,000,23*75
$GPGSV,2,2,06,23,34,318,44,24,72,157,47,,,,,,,,*70
$GPGSV,2,1,06,05,34,101,44,18,64,270,46,20,31,048,28,22,00,000,23*75
$GPGSV,2,2,06,23,34,318,44,24,72,157,47,,,,,,,,*70
$GPGSV,2,1,06,05,34,101,44,18,64,270,46,20,31,048,28,22,00,000,23*75
$GPGSV,2,2,06,23,34,318,44,24,72,157,47,,,,,,,,*70
$GPGSV,2,1,06,05,34,101,44,18,64,270,46,20,31,048,28,22,00,000,23*75
$GPGSV,2,2,06,23,34,318,44,24,72,157,47,,,,,,,,*70
$GPGSV,2,1,06,05,34,101,44,18,64,270,46,20,31,048,28,22,00,000,23*75
$GPGSV,2,2,06,23,34,318,44,24,72,157,47,,,,,,,,*70
$GPGSV,2,1,06,05,34,101,44,18,64,270,46,20,31,048,28,22,00,000,23*75
$GPGSV,2,2,06,23,34,319,44,24,72,157,47,,,,,,,,*71
$GPGSV,2,1,06,05,34,101,44,18,64,270,46,20,31,048,28,22,00,000,23*75
$GPGSV,2,2,06,23,34,319,44,24,72,157,47,,,,,,,,*71
$GPGSV,2,1,06,05,34,101,44,18,64,270,46,20,31,048,28,22,00,000,23*75
$GPGSV,2,2,06,23,34,319,44,24,72,157,47,,,,,,,,*71
$GPGSV,2,1,06,05,34,101,44,18,64,270,46,20,31,048,28,22,00,000,23*75
$GPGSV,2,2,06,23,34,319,44,24,72,157,47,,,,,,,,*71
$GPGSV,2,1,06,05,34,101,44,18,64,270,46,20,31,048,28,22,00,000,22*74
$GPGSV,2,2,06,23,34,319,44,24,72,157,47,,,,,,,,*71
$GPGSV,2,1,06,05,34,101,44,18,64,270,46,20,31,048,28,22,00,000,23*75
$GPGSV,2,2,06,23,34,319,44,24,72,157,47,,,,,,,,*71
$GPGSV,2,1,06,05,34,101,44,18,64,270,46,20,31,048,28,22,00,000,22*74
$GPGSV,2,2,06,23,34,319,44,24,72,157,47,,,,,,,,*71
$GPGSV,2,1,06,05,34,101,44,18,64,270,46,20,31,048,28,22,00,000,23*75
$GPGSV,2,2,06,23,34,319,44,24,72,157,47,,,,,,,,*71
$GPGSV,2,1,06,05,34,101,44,18,64,270,46,20,31,048,28,22,00,000,23*75
$GPGSV,2,2,06,23,34,319,44,24,72,157,47,,,,,,,,*71
$GPGSV,2,1,06,05,34,101,44,18,64,270,46,20,31,048,28,22,00,000,23*75
$GPGSV,2,2,06,23,34,319,44,24,72,157,47,,,,,,,,*71
$GPGSV,2,1,06,05,34,101,44,18,64,270,46,20,31,048,28,22,00,000,23*75
$GPGSV,2,2,06,23,34,319,44,24,72,157,47,,,,,,,,*71
$GPGSV,2,1,06,05,34,101,44,18,64,270,46,20,31,048,28,22,00,000,23*75
$GPGSV,2,2,06,23,34,319,44,24,72,157,47,,,,,,,,*71
$GPGSV,2,1,06,05,34,101,44,18,64,270,46,20,31,048,28,22,00,000,23*75
$GPGSV,2,2,06,23,34,319,45,24,72,157,47,,,,,,,,*70
$GPGSV,2,1,06,05,34,101,44,18,64,270,46,20,31,048,28,22,00,000,23*75
$GPGSV,2,2,06,23,34,319,45,24,72,157,47,,,,,,,,*70
$GPGSV,2,1,06,05,34,101,44,18,64,270,46,20,31,048,28,22,00,000,23*75
$GPGSV,2,2,06,23,34,319,45,24,72,157,47,,,,,,,,*70
$GPGSV,2,1,06,05,34,101,44,18,64,270,46,20,31,048,28,22,00,000,23*75
$GPGSV,2,2,06,23,34,319,45,24,72,157,47,,,,,,,,*70
$GPGSV,2,1,06,05,34,101,44,18,64,270,46,20,31,048,28,22,00,000,23*75
$GPGSV,2,2,06,23,34,319,45,24,72,157,47,,,,,,,,*70
$GPGSV,2,1,06,05,34,101,44,18,64,270,46,20,31,048,28,22,00,000,23*75
$GPGSV,2,2,06,23,34,319,45,24,72,157,47,,,,,,,,*70
$GPGSV,2,1,06,05,34,101,44,18,64,270,46,20,31,048,28,22,00,000,23*75
$GPGSV,2,2,06,23,34,319,45,24,72,157,47,,,,,,,,*70
$GPGSV,2,1,06,05,34,101,44,18,64,270,46,20,31,048,28,22,00,000,22*74
$GPGSV,2,2,06,23,34,319,45,24,72,157,47,,,,,,,,*70
$GPGSV,2,1,06,05,34,101,44,18,64,270,46,20,31,048,28,22,00,000,22*74
$GPGSV,2,2,06,23,34,319,45,24,72,157,47,,,,,,,,*70
$GPGSV,2,1,06,05,34,101,44,18,64,270,46,20,31,048,27,22,00,000,22*7B
$GPGSV,2,2,06,23,34,319,45,24,72,157,47,,,,,,,,*70
$GPGSV,2,1,06,05,34,101,44,18,64,270,46,20,31,048,27,22,00,000,22*7B
$GPGSV,2,2,06,23,34,319,45,24,72,157,47,,,,,,,,*70
$GPGSV,2,1,06,05,34,101,44,18,64,270,46,20,31,048,27,22,00,000,22*7B
$GPGSV,2,2,06,23,34,319,45,24,72,157,47,,,,,,,,*70
$GPGSV,2,1,06,05,34,101,44,18,64,270,46,20,31,048,27,22,00,000,22*7B
$GPGSV,2,2,06,23,34,319,45,24,72,157,47,,,,,,,,*70
$GPGSV,2,1,06,05,34,101,44,18,64,270,46,20,31,048,27,22,00,000,21*78
$GPGSV,2,2,06,23,34,319,45,24,72,157,47,,,,,,,,*70
$GPGSV,2,1,06,05,34,101,44,18,64,270,46,20,31,048,27,22,00,000,21*78
$GPGSV,2,2,06,23,34,319,45,24,72,157,47,,,,,,,,*70
$GPGSV,2,1,06,05,34,101,44,18,64,270,46,20,31,048,27,22,00,000,21*78
$GPGSV,2,2,06,23,34,319,45,24,72,157,47,,,,,,,,*70
$GPGSV,2,1,06,05,34,101,44,18,64,270,46,20,31,048,27,22,00,000,21*78
$GPGSV,2,2,06,23,34,319,45,24,72,157,47,,,,,,,,*70
$GPGSV,2,1,06,05,34,101,44,18,64,270,46,20,31,048,27,22,00,000,21*78
$GPGSV,2,2,06,23,34,319,45,24,72,157,47,,,,,,,,*70
$GPGSV,2,1,06,05,34,101,44,18,64,270,46,20,31,048,27,22,00,000,21*78
$GPGSV,2,2,06,23,34,319,45,24,72,157,47,,,,,,,,*70
$GPGSV,2,1,06,05,34,101,44,18,64,270,46,20,31,048,27,22,00,000,22*7B
$GPGSV,2,2,06,23,34,319,45,24,72,157,47,,,,,,,,*70
$GPGSV,2,1,06,05,34,101,44,18,64,270,46,20,31,048,27,22,00,000,22*7B
$GPGSV,2,2,06,23,34,319,45,24,72,157,47,,,,,,,,*70
$GPGSV,2,1,06,05,34,101,44,18,64,270,46,20,31,048,27,22,00,000,22*7B
$GPGSV,2,2,06,23,34,319,45,24,72,157,47,,,,,,,,*70
$GPGSV,2,1,06,05,34,101,44,18,64,270,46,20,31,048,27,22,00,000,22*7B
$GPGSV,2,2,06,23,34,319,45,24,72,157,47,,,,,,,,*70
$GPGSV,2,1,06,05,34,101,44,18,64,270,46,20,31,048,27,22,00,000,22*7B
$GPGSV,2,2,06,23,34,319,45,24,72,157,47,,,,,,,,*70
$GPGSV,2,1,06,05,34,101,44,18,64,270,46,20,31,048,27,22,00,000,22*7B
$GPGSV,2,2,06,23,34,319,45,24,72,157,47,,,,,,,,*70
$GPGSV,2,1,06,05,34,101,44,18,64,270,46,20,31,048,27,22,00,000,22*7B
$GPGSV,2,2,06,23,34,319,45,24,72,157,47,,,,,,,,*70
$GPGSV,2,1,06,05,34,101,44,18,64,270,46,20,31,048,28,22,00,000,22*74
$GPGSV,2,2,06,23,34,319,45,24,72,157,47,,,,,,,,*70
$GPGSV,2,1,06,05,34,101,44,18,64,270,46,20,31,048,28,22,00,000,22*74
$GPGSV,2,2,06,23,34,319,45,24,72,157,47,,,,,,,,*70
$GPGSV,2,1,06,05,34,101,44,18,64,270,46,20,31,048,28,22,00,000,22*74
$GPGSV,2,2,06,23,34,319,45,24,72,157,47,,,,,,,,*70
$GPGSV,2,1,06,05,34,101,44,18,64,270,46,20,31,048,28,22,00,000,22*74
$GPGSV,2,2,06,23,34,319,45,24,72,157,47,,,,,,,,*70
$GPGSV,2,1,06,05,34,101,44,18,64,270,46,20,31,048,29,22,00,000,22*75
$GPGSV,2,2,06,23,34,319,45,24,72,157,47,,,,,,,,*70
$GPGSV,2,1,06,05,34,101,44,18,64,270,46,20,31,048,29,22,00,000,22*75
$GPGSV,2,2,06,23,34,319,45,24,72,157,47,,,,,,,,*70
$GPGSV,2,1,06,05,34,101,44,18,64,270,46,20,31,048,29,22,00,000,22*75
$GPGSV,2,2,06,23,34,319,45,24,72,157,47,,,,,,,,*70
$GPGSV,2,1,06,05,34,101,44,18,64,270,46,20,31,048,29,22,00,000,22*75
$GPGSV,2,2,06,23,34,319,45,24,72,157,47,,,,,,,,*70
$GPGSV,2,1,06,05,34,101,44,18,64,270,46,20,31,048,29,22,00,000,23*74
$GPGSV,2,2,06,23,34,319,45,24,72,157,47,,,,,,,,*70
$GPGSV,2,1,06,05,34,101,44,18,64,270,46,20,31,048,29,22,00,000,23*74
$GPGSV,2,2,06,23,34,319,45,24,72,157,47,,,,,,,,*70
$GPGSV,2,1,06,05,34,101,44,18,64,270,46,20,31,048,29,22,00,000,23*74
$GPGSV,2,2,06,23,34,319,45,24,72,157,47,,,,,,,,*70
$GPGSV,2,1,06,05,34,101,44,18,64,270,46,20,31,048,29,22,00,000,23*74
$GPGSV,2,2,06,23,34,319,45,24,72,157,47,,,,,,,,*70
$GPGSV,2,1,06,05,34,101,44,18,64,270,46,20,31,048,29,22,00,000,22*75
$GPGSV,2,2,06,23,34,319,45,24,72,157,47,,,,,,,,*70
$GPGSV,2,1,06,05,34,101,44,18,64,270,46,20,31,048,29,22,00,000,22*75
$GPGSV,2,2,06,23,34,319,45,24,72,157,47,,,,,,,,*70
$GPGSV,2,1,06,05,34,101,44,18,64,270,46,20,31,048,29,22,00,000,22*75
$GPGSV,2,2,06,23,34,319,45,24,72,157,47,,,,,,,,*70
$GPGSV,2,1,06,05,34,101,44,18,64,270,46,20,31,048,29,22,00,000,22*75
$GPGSV,2,2,06,23,34,319,45,24,72,157,47,,,,,,,,*70
$GPGSV,2,1,06,05,34,101,44,18,64,270,46,20,31,048,29,22,00,000,22*75
$GPGSV,2,2,06,23,34,319,45,24,72,157,47,,,,,,,,*70
$GPGSV,2,1,06,05,34,101,44,18,64,270,46,20,31,048,29,22,00,000,22*75
$GPGSV,2,2,06,23,34,319,45,24,72,157,47,,,,,,,,*70
$GPGSV,2,1,06,05,34,101,44,18,64,270,46,20,31,048,28,22,00,000,22*74
$GPGSV,2,2,06,23,34,319,45,24,72,157,47,,,,,,,,*70
$GPGSV,2,1,06,05,34,101,44,18,64,270,46,20,31,048,28,22,00,000,22*74
$GPGSV,2,2,06,23,34,319,45,24,72,157,47,,,,,,,,*70
$GPGSV,2,1,06,05,34,101,44,18,64,270,46,20,31,048,28,22,00,000,21*77
$GPGSV,2,2,06,23,34,319,45,24,72,157,47,,,,,,,,*70
$GPGSV,2,1,06,05,34,101,44,18,64,270,46,20,31,048,28,22,00,000,21*77
$GPGSV,2,2,06,23,34,319,45,24,72,157,47,,,,,,,,*70
$GPGSV,2,1,06,05,34,101,44,18,64,270,46,20,31,048,28,22,00,000,21*77
$GPGSV,2,2,06,23,34,319,45,24,72,157,47,,,,,,,,*70
$GPGSV,2,1,06,05,34,101,44,18,64,270,46,20,31,048,28,22,00,000,21*77
$GPGSV,2,2,06,23,34,319,45,24,72,157,47,,,,,,,,*70
$GPGSV,2,1,06,05,34,101,44,18,64,270,46,20,31,048,28,22,00,000,21*77
$GPGSV,2,2,06,23,34,319,45,24,72,157,47,,,,,,,,*70
$GPGSV,2,1,06,05,34,101,44,18,64,270,46,20,31,048,28,22,00,000,21*77
$GPGSV,2,2,06,23,34,319,45,24,72,157,47,,,,,,,,*70
$GPGSV,2,1,06,05,34,101,44,18,64,270,46,20,31,048,28,22,00,000,21*77
$GPGSV,2,2,06,23,34,319,45,24,72,157,47,,,,,,,,*70
$GPGSV,2,1,06,05,34,101,44,18,64,270,46,20,31,048,28,22,00,000,22*74
$GPGSV,2,2,06,23,34,319,45,24,72,157,47,,,,,,,,*70
$GPGSV,2,1,06,05,34,101,44,18,64,270,46,20,31,048,28,22,00,000,22*74
$GPGSV,2,2,06,23,34,319,45,24,72,157,47,,,,,,,,*70
$GPGSV,2,1,06,05,34,101,44,18,64,270,46,20,31,048,28,22,00,000,22*74
$GPGSV,2,2,06,23,34,319,45,24,72,157,47,,,,,,,,*70
$GPGSV,2,1,06,05,34,101,44,18,64,270,46,20,31,048,28,22,00,000,22*74
$GPGSV,2,2,06,23,34,319,44,24,72,157,47,,,,,,,,*71
$GPGSV,2,1,06,05,34,101,44,18,64,270,46,20,31,048,28,22,00,000,23*75
$GPGSV,2,2,06,23,34,319,44,24,72,157,47,,,,,,,,*71
$GPGSV,2,1,06,05,34,101,44,18,64,270,46,20,31,048,28,22,00,000,23*75
$GPGSV,2,2,06,23,34,319,44,24,72,157,47,,,,,,,,*71
$GPGSV,2,1,06,05,34,101,44,18,64,270,46,20,31,048,27,22,00,000,22*7B
$GPGSV,2,2,06,23,34,319,44,24,72,157,47,,,,,,,,*71
$GPGSV,2,1,06,05,34,101,44,18,64,270,46,20,31,048,27,22,00,000,22*7B
$GPGSV,2,2,06,23,34,319,44,24,72,157,47,,,,,,,,*71
$GPGSV,2,1,06,05,34,101,44,18,64,270,46,20,31,048,27,22,00,000,22*7B
$GPGSV,2,2,06,23,34,319,44,24,72,157,47,,,,,,,,*71
$GPGSV,2,1,06,05,34,101,44,18,64,270,46,20,31,048,27,22,00,000,22*7B
$GPGSV,2,2,06,23,34,319,44,24,72,157,47,,,,,,,,*71
$GPGSV,2,1,06,05,34,101,44,18,64,270,46,20,31,048,27,22,00,000,22*7B
$GPGSV,2,2,06,23,34,319,44,24,72,157,47,,,,,,,,*71
$GPGSV,2,1,06,05,34,101,44,18,64,270,46,20,31,048,27,22,00,000,22*7B
$GPGSV,2,2,06,23,34,319,44,24,72,157,47,,,,,,,,*71
$GPGSV,2,1,06,05,34,101,44,18,64,270,46,20,31,048,27,22,00,000,22*7B
$GPGSV,2,2,06,23,34,319,44,24,72,157,47,,,,,,,,*71
$GPGSV,2,1,06,05,34,101,44,18,64,270,46,20,31,048,27,22,00,000,22*7B
$GPGSV,2,2,06,23,34,319,44,24,72,157,47,,,,,,,,*71
$GPGSV,2,1,06,05,34,101,44,18,64,270,46,20,31,048,27,22,00,000,22*7B
$GPGSV,2,2,06,23,34,319,44,24,72,157,47,,,,,,,,*71
$GPGSV,2,1,06,05,34,101,44,18,64,270,46,20,31,048,27,22,00,000,22*7B
$GPGSV,2,2,06,23,34,319,44,24,72,157,47,,,,,,,,*71
$GPGSV,2,1,06,05,34,101,44,18,64,270,46,20,31,048,27,22,00,000,22*7B
$GPGSV,2,2,06,23,34,319,44,24,72,157,47,,,,,,,,*71
$GPGSV,2,1,06,05,34,101,44,18,64,270,46,20,31,048,27,22,00,000,22*7B
$GPGSV,2,2,06,23,34,319,44,24,72,157,47,,,,,,,,*71
$GPGSV,2,1,06,05,34,101,44,18,64,270,46,20,31,048,27,22,00,000,22*7B
$GPGSV,2,2,06,23,34,319,44,24,72,157,47,,,,,,,,*71
$GPGSV,2,1,06,05,34,101,44,18,64,270,46,20,31,048,27,22,00,000,22*7B
$GPGSV,2,2,06,23,34,319,44,24,72,157,47,,,,,,,,*71
$GPGSV,2,1,06,05,34,101,44,18,64,270,46,20,31,048,27,22,00,000,22*7B
$GPGSV,2,2,06,23,34,319,44,24,72,157,47,,,,,,,,*71
$GPGSV,2,1,06,05,34,101,44,18,64,270,46,20,31,048,27,22,00,000,22*7B
$GPGSV,2,2,06,23,34,319,44,24,72,157,47,,,,,,,,*71
$GPGSV,2,1,06,05,34,101,44,18,64,270,46,20,31,048,27,22,00,000,22*7B
$GPGSV,2,2,06,23,34,319,44,24,72,157,47,,,,,,,,*71
$GPGSV,2,1,06,05,34,101,44,18,64,270,46,20,31,048,27,22,00,000,22*7B
$GPGSV,2,2,06,23,34,319,44,24,72,157,47,,,,,,,,*71
$GPGSV,2,1,06,05,34,101,44,18,64,270,46,20,31,048,28,22,00,000,22*74
$GPGSV,2,2,06,23,34,319,44,24,72,157,47,,,,,,,,*71
$GPGSV,2,1,06,05,34,101,44,18,64,270,46,20,31,048,28,22,00,000,22*74
$GPGSV,2,2,06,23,34,319,44,24,72,157,47,,,,,,,,*71
$GPGSV,2,1,06,05,34,101,44,18,64,270,46,20,31,048,28,22,00,000,22*74
$GPGSV,2,2,06,23,34,319,44,24,72,157,47,,,,,,,,*71
$GPGSV,2,1,06,05,34,101,44,18,64,270,46,20,31,048,29,22,00,000,22*75
$GPGSV,2,2,06,23,34,319,44,24,72,157,47,,,,,,,,*71
$GPGSV,2,1,06,05,34,101,44,18,64,270,46,20,31,048,29,22,00,000,22*75
$GPGSV,2,2,06,23,34,319,44,24,72,157,47,,,,,,,,*71
$GPGSV,2,1,06,05,34,101,44,18,64,270,46,20,31,048,29,22,00,000,21*76
$GPGSV,2,2,06,23,34,319,44,24,72,157,47,,,,,,,,*71
$GPGSV,2,1,06,05,34,101,44,18,64,270,46,20,31,048,29,22,00,000,21*76
$GPGSV,2,2,06,23,34,319,44,24,72,157,47,,,,,,,,*71
$GPGSV,2,1,06,05,34,101,44,18,64,270,46,20,31,048,30,22,00,000,21*7E
$GPGSV,2,2,06,23,34,319,44,24,72,157,47,,,,,,,,*71
$GPGSV,2,1,06,05,34,101,44,18,64,270,46,20,31,048,30,22,00,000,21*7E
$GPGSV,2,2,06,23,34,319,44,24,72,157,47,,,,,,,,*71
$GPGSV,2,1,06,05,34,101,44,18,64,270,46,20,31,048,30,22,00,000,20*7F
$GPGSV,2,2,06,23,34,319,44,24,72,157,47,,,,,,,,*71
$GPGSV,2,1,06,05,34,101,44,18,64,270,46,20,31,048,30,22,00,000,21*7E
$GPGSV,2,2,06,23,34,319,44,24,72,157,47,,,,,,,,*71
$GPGSV,2,1,06,05,34,101,44,18,64,270,46,20,31,048,30,22,00,000,21*7E
$GPGSV,2,2,06,23,34,319,44,24,72,157,47,,,,,,,,*71
$GPGSV,2,1,06,05,34,101,44,18,64,270,46,20,31,048,30,22,00,000,21*7E
$GPGSV,2,2,06,23,34,319,44,24,72,157,47,,,,,,,,*71
$GPGSV,2,1,06,05,34,101,44,18,64,270,46,20,31,048,30,22,00,000,21*7E
$GPGSV,2,2,06,23,34,319,44,24,72,157,47,,,,,,,,*71
$GPGSV,2,1,06,05,34,101,44,18,64,270,46,20,31,048,30,22,00,000,21*7E
$GPGSV,2,2,06,23,34,319,44,24,72,157,47,,,,,,,,*71
$GPGSV,2,1,06,05,34,101,44,18,64,270,46,20,31,048,30,22,00,000,21*7E
$GPGSV,2,2,06,23,34,319,44,24,72,157,47,,,,,,,,*71
$GPGSV,2,1,06,05,34,101,44,18,64,270,46,20,31,048,30,22,00,000,21*7E
$GPGSV,2,2,06,23,34,319,44,24,72,157,47,,,,,,,,*71
$GPGSV,2,1,06,05,34,101,44,18,64,270,46,20,31,048,30,22,00,000,21*7E
$GPGSV,2,2,06,23,34,319,44,24,72,157,47,,,,,,,,*71
$GPGSV,2,1,06,05,34,101,44,18,64,270,46,20,31,048,30,22,00,000,21*7E
$GPGSV,2,2,06,23,34,319,44,24,72,157,47,,,,,,,,*71
$GPGSV,2,1,06,05,34,101,44,18,64,270,46,20,31,048,30,22,00,000,22*7D
$GPGSV,2,2,06,23,34,319,44,24,72,157,47,,,,,,,,*71
$GPGSV,2,1,06,05,34,101,44,18,64,270,46,20,31,048,30,22,00,000,22*7D
$GPGSV,2,2,06,23,34,319,44,24,72,157,47,,,,,,,,*71
$GPGSV,2,1,06,05,34,101,44,18,64,270,46,20,31,048,30,22,00,000,22*7D
$GPGSV,2,2,06,23,34,319,44,24,72,157,47,,,,,,,,*71
$GPGSV,2,1,06,05,34,101,43,18,64,270,46,20,31,048,30,22,00,000,22*7A
$GPGSV,2,2,06,23,34,319,44,24,72,157,47,,,,,,,,*71
$GPGSV,2,1,06,05,34,101,44,18,64,270,46,20,31,048,30,22,00,000,23*7C
$GPGSV,2,2,06,23,34,319,44,24,72,157,47,,,,,,,,*71
$GPGSV,2,1,06,05,34,101,44,18,64,270,46,20,31,048,30,22,00,000,23*7C
$GPGSV,2,2,06,23,34,319,44,24,72,157,47,,,,,,,,*71
$GPGSV,2,1,06,05,34,101,44,18,64,270,46,20,31,048,30,22,00,000,23*7C
$GPGSV,2,2,06,23,34,319,44,24,72,157,47,,,,,,,,*71
$GPGSV,2,1,06,05,34,101,44,18,64,270,46,20,31,048,30,22,00,000,23*7C
$GPGSV,2,2,06,23,34,319,44,24,72,157,47,,,,,,,,*71
$GPGSV,2,1,06,05,34,101,44,18,64,270,46,20,31,048,30,22,00,000,22*7D
$GPGSV,2,2,06,23,34,319,44,24,72,157,47,,,,,,,,*71
$GPGSV,2,1,06,05,34,101,44,18,64,270,46,20,31,048,30,22,00,000,22*7D
$GPGSV,2,2,06,23,34,319,44,24,72,157,47,,,,,,,,*71
$GPGSV,2,1,06,05,34,101,44,18,64,270,46,20,31,048,30,22,00,000,22*7D
$GPGSV,2,2,06,23,34,319,44,24,72,157,47,,,,,,,,*71
$GPGSV,2,1,06,05,34,101,44,18,64,270,46,20,31,048,30,22,00,000,22*7D
$GPGSV,2,2,06,23,34,319,44,24,72,157,47,,,,,,,,*71
$GPGSV,2,1,06,05,34,101,44,18,64,270,46,20,31,048,30,22,00,000,22*7D
$GPGSV,2,2,06,23,34,319,44,24,72,157,47,,,,,,,,*71
$GPGSV,2,1,06,05,34,101,44,18,64,270,46,20,31,048,30,22,00,000,22*7D
$GPGSV,2,2,06,23,34,319,44,24,72,157,47,,,,,,,,*71
$GPGSV,2,1,06,05,34,101,43,18,64,270,46,20,31,048,30,22,00,000,22*7A
$GPGSV,2,2,06,23,34,319,44,24,72,157,47,,,,,,,,*71
$GPGSV,2,1,06,05,34,101,43,18,64,270,46,20,31,048,30,22,00,000,22*7A
$GPGSV,2,2,06,23,34,319,44,24,72,157,47,,,,,,,,*71
$GPGSV,2,1,06,05,34,101,43,18,64,270,46,20,31,048,30,22,00,000,22*7A
$GPGSV,2,2,06,23,34,319,44,24,72,157,47,,,,,,,,*71
$GPGSV,2,1,06,05,34,101,43,18,64,270,46,20,31,048,30,22,00,000,22*7A
$GPGSV,2,2,06,23,34,319,44,24,72,157,47,,,,,,,,*71
$GPGSV,2,1,06,05,34,101,43,18,64,270,46,20,31,048,29,22,00,000,22*72
$GPGSV,2,2,06,23,34,319,44,24,72,157,47,,,,,,,,*71
$GPGSV,2,1,06,05,34,101,43,18,64,270,46,20,31,048,29,22,00,000,22*72
$GPGSV,2,2,06,23,34,319,44,24,72,157,47,,,,,,,,*71
$GPGSV,2,1,06,05,34,101,43,18,64,270,46,20,31,048,29,22,00,000,22*72
$GPGSV,2,2,06,23,34,319,44,24,72,157,47,,,,,,,,*71
$GPGSV,2,1,06,05,34,101,43,18,64,270,46,20,31,048,28,22,00,000,22*73
$GPGSV,2,2,06,23,34,319,44,24,72,157,47,,,,,,,,*71
$GPGSV,2,1,06,05,34,101,43,18,64,270,46,20,31,048,28,22,00,000,22*73
$GPGSV,2,2,06,23,34,319,44,24,72,157,47,,,,,,,,*71
$GPGSV,2,1,06,05,34,101,43,18,64,270,46,20,31,048,27,22,00,000,22*7C
$GPGSV,2,2,06,23,34,319,44,24,72,157,47,,,,,,,,*71
$GPGSV,2,1,06,05,34,101,43,18,64,270,46,20,31,048,27,22,00,000,21*7F
$GPGSV,2,2,06,23,34,319,44,24,72,157,47,,,,,,,,*71
$GPGSV,2,1,06,05,34,101,43,18,64,270,46,20,31,048,27,22,00,000,21*7F
$GPGSV,2,2,06,23,34,319,44,24,72,157,47,,,,,,,,*71
$GPGSV,2,1,06,05,34,101,43,18,64,270,46,20,31,048,27,22,00,000,21*7F
$GPGSV,2,2,06,23,34,319,44,24,72,157,47,,,,,,,,*71
$GPGSV,2,1,06,05,34,101,43,18,64,270,46,20,31,048,27,22,00,000,21*7F
$GPGSV,2,2,06,23,34,319,44,24,72,157,47,,,,,,,,*71
$GPGSV,2,1,06,05,34,101,43,18,64,270,46,20,31,048,26,22,00,000,21*7E
$GPGSV,2,2,06,23,34,319,44,24,72,157,47,,,,,,,,*71
$GPGSV,2,1,06,05,34,101,43,18,64,270,46,20,31,048,26,22,00,000,21*7E
$GPGSV,2,2,06,23,34,319,44,24,72,157,47,,,,,,,,*71
$GPGSV,2,1,06,05,34,101,43,18,64,270,46,20,31,048,26,22,00,000,22*7D
$GPGSV,2,2,06,23,34,319,44,24,72,157,47,,,,,,,,*71
$GPGSV,2,1,06,05,34,101,43,18,64,270,47,20,31,048,26,22,00,000,22*7C
$GPGSV,2,2,06,23,34,319,44,24,72,157,47,,,,,,,,*71
$GPGSV,2,1,06,05,34,101,43,18,64,270,47,20,31,048,27,22,00,000,22*7D
$GPGSV,2,2,06,23,34,319,44,24,72,156,47,,,,,,,,*70
$GPGSV,2,1,06,05,34,101,43,18,64,270,47,20,31,048,27,22,00,000,22*7D
$GPGSV,2,2,06,23,34,319,44,24,72,156,47,,,,,,,,*70
$GPGSV,2,1,06,05,34,101,43,18,64,270,47,20,31,048,27,22,00,000,22*7D
$GPGSV,2,2,06,23,34,319,44,24,72,156,47,,,,,,,,*70
$GPGSV,2,1,06,05,34,101,43,18,64,270,47,20,31,048,27,22,00,000,22*7D
$GPGSV,2,2,06,23,34,319,44,24,72,156,47,,,,,,,,*70
$GPGSV,2,1,06,05,34,101,43,18,64,270,47,20,31,048,27,22,00,000,22*7D
$GPGSV,2,2,06,23,34,319,44,24,72,156,47,,,,,,,,*70
$GPGSV,2,1,06,05,34,101,43,18,64,270,47,20,31,048,27,22,00,000,22*7D
$GPGSV,2,2,06,23,34,319,44,24,72,156,47,,,,,,,,*70
$GPGSV,2,1,06,05,34,101,43,18,64,270,47,20,31,048,27,22,00,000,22*7D
$GPGSV,2,2,06,23,34,319,44,24,72,156,47,,,,,,,,*70
$GPGSV,2,1,06,05,34,101,43,18,64,270,47,20,31,048,27,22,00,000,22*7D
$GPGSV,2,2,06,23,34,319,44,24,72,156,47,,,,,,,,*70
$GPGSV,2,1,06,05,34,101,43,18,64,270,47,20,31,048,27,22,00,000,21*7E
$GPGSV,2,2,06,23,34,319,44,24,72,156,47,,,,,,,,*70
$GPGSV,2,1,06,05,34,101,43,18,64,270,47,20,31,048,27,22,00,000,21*7E
$GPGSV,2,2,06,23,34,319,44,24,72,156,47,,,,,,,,*70
$GPGSV,2,1,06,05,34,101,43,18,64,270,47,20,31,048,27,22,00,000,21*7E
$GPGSV,2,2,06,23,34,319,44,24,72,156,47,,,,,,,,*70
$GPGSV,2,1,06,05,34,101,43,18,64,270,47,20,31,048,27,22,00,000,21*7E
$GPGSV,2,2,06,23,34,319,44,24,72,156,47,,,,,,,,*70
$GPGSV,2,1,06,05,34,101,43,18,64,270,47,20,31,048,27,22,00,000,21*7E
$GPGSV,2,2,06,23,34,319,44,24,72,156,47,,,,,,,,*70
$GPGSV,2,1,06,05,34,101,43,18,64,270,47,20,31,048,27,22,00,000,21*7E
$GPGSV,2,2,06,23,34,319,44,24,72,156,47,,,,,,,,*70
$GPGSV,2,1,06,05,34,101,43,18,64,270,47,20,31,048,27,22,00,000,21*7E
$GPGSV,2,2,06,23,34,319,44,24,72,156,47,,,,,,,,*70
$GPGSV,2,1,06,05,34,101,43,18,64,270,47,20,31,048,28,22,00,000,22*72
$GPGSV,2,2,06,23,34,319,44,24,72,156,47,,,,,,,,*70
$GPGSV,2,1,06,05,34,101,43,18,64,270,47,20,31,048,28,22,00,000,22*72
$GPGSV,2,2,06,23,34,319,44,24,72,156,47,,,,,,,,*70
$GPGSV,2,1,06,05,34,101,43,18,64,270,47,20,31,048,28,22,00,000,22*72
$GPGSV,2,2,06,23,34,319,44,24,72,156,47,,,,,,,,*70
$GPGSV,2,1,06,05,34,101,43,18,64,270,47,20,31,048,28,22,00,000,22*72
$GPGSV,2,2,06,23,34,319,44,24,72,156,47,,,,,,,,*70
$GPGSV,2,1,06,05,34,101,43,18,64,270,47,20,31,048,28,22,00,000,22*72
$GPGSV,2,2,06,23,34,319,44,24,72,156,47,,,,,,,,*70
$GPGSV,2,1,06,05,34,101,43,18,64,270,47,20,31,048,28,22,00,000,22*72
$GPGSV,2,2,06,23,34,319,44,24,72,156,47,,,,,,,,*70
$GPGSV,2,1,06,05,34,101,43,18,64,270,47,20,31,048,28,22,00,000,22*72
$GPGSV,2,2,06,23,34,319,44,24,72,156,47,,,,,,,,*70
$GPGSV,2,1,06,05,34,101,43,18,64,270,47,20,31,048,28,22,00,000,22*72
$GPGSV,2,2,06,23,34,319,44,24,72,156,47,,,,,,,,*70
$GPGSV,2,1,06,05,34,101,43,18,64,270,47,20,31,048,28,22,00,000,22*72
$GPGSV,2,2,06,23,34,319,44,24,72,156,47,,,,,,,,*70
$GPGSV,2,1,06,05,34,101,43,18,64,270,47,20,31,048,28,22,00,000,22*72
$GPGSV,2,2,06,23,34,319,44,24,72,156,47,,,,,,,,*70
$GPGSV,2,1,06,05,34,101,43,18,64,270,46,20,31,048,28,22,00,000,22*73
$GPGSV,2,2,06,23,34,319,44,24,72,156,47,,,,,,,,*70
$GPGSV,2,1,06,05,34,101,43,18,64,270,46,20,31,048,28,22,00,000,22*73
$GPGSV,2,2,06,23,34,319,44,24,72,156,47,,,,,,,,*70
$GPGSV,2,1,06,05,34,101,43,18,64,270,46,20,31,048,27,22,00,000,21*7F
$GPGSV,2,2,06,23,34,319,44,24,72,156,47,,,,,,,,*70
$GPGSV,2,1,06,05,34,101,43,18,64,270,46,20,31,048,27,22,00,000,21*7F
$GPGSV,2,2,06,23,34,319,44,24,72,156,47,,,,,,,,*70
$GPGSV,2,1,06,05,34,101,43,18,64,270,46,20,31,048,27,22,00,000,20*7E
$GPGSV,2,2,06,23,34,319,44,24,72,156,47,,,,,,,,*70
$GPGSV,2,1,06,05,34,101,43,18,64,270,46,20,31,048,27,22,00,000,20*7E
$GPGSV,2,2,06,23,34,319,44,24,72,156,47,,,,,,,,*70
$GPGSV,2,1,06,05,34,101,43,18,64,270,46,20,31,048,27,22,00,000,20*7E
$GPGSV,2,2,06,23,34,319,44,24,72,156,47,,,,,,,,*70
$GPGSV,2,1,06,05,34,101,43,18,64,270,46,20,31,048,27,22,00,000,20*7E
$GPGSV,2,2,06,23,34,319,44,24,72,156,47,,,,,,,,*70
$GPGSV,2,1,06,05,34,101,43,18,64,270,46,20,31,048,27,22,00,000,20*7E
$GPGSV,2,2,06,23,34,319,44,24,72,156,47,,,,,,,,*70
$GPGSV,2,1,06,05,34,101,43,18,64,270,46,20,31,048,27,22,00,000,20*7E
$GPGSV,2,2,06,23,34,319,44,24,72,156,47,,,,,,,,*70
$GPGSV,2,1,06,05,34,101,43,18,64,270,46,20,31,048,27,22,00,000,20*7E
$GPGSV,2,2,06,23,34,319,44,24,72,156,47,,,,,,,,*70
$GPGSV,2,1,06,05,34,101,43,18,64,270,46,20,31,048,27,22,00,000,20*7E
$GPGSV,2,2,06,23,34,319,44,24,72,156,47,,,,,,,,*70
$GPGSV,2,1,06,05,34,101,43,18,64,270,46,20,31,048,27,22,00,000,21*7F
$GPGSV,2,2,06,23,34,319,44,24,72,156,47,,,,,,,,*70
$GPGSV,2,1,06,05,34,101,43,18,64,270,46,20,31,048,27,22,00,000,21*7F
$GPGSV,2,2,06,23,34,319,44,24,72,156,47,,,,,,,,*70
$GPGSV,2,1,06,05,34,101,43,18,64,270,46,20,00,000,27,22,00,000,22*72
$GPGSV,2,2,06,23,34,319,44,24,72,156,47,,,,,,,,*70
$GPGSV,2,1,06,05,34,101,43,18,64,270,46,20,00,000,27,22,00,000,22*72
$GPGSV,2,2,06,23,34,319,44,24,72,156,47,,,,,,,,*70
$GPGSV,2,1,06,05,34,101,43,18,64,270,46,20,00,000,26,22,00,000,23*72
$GPGSV,2,2,06,23,34,319,44,24,72,156,47,,,,,,,,*70
$GPGSV,2,1,06,05,34,101,43,18,64,270,46,20,00,000,26,22,00,000,23*72
$GPGSV,2,2,06,23,34,319,44,24,72,156,47,,,,,,,,*70
$GPGSV,2,1,06,05,34,101,43,18,64,270,46,20,31,048,26,22,00,000,23*7C
$GPGSV,2,2,06,23,34,319,44,24,72,156,47,,,,,,,,*70
$GPGSV,2,1,06,05,34,101,43,18,64,270,46,20,31,048,26,22,00,000,23*7C
$GPGSV,2,2,06,23,34,319,44,24,72,156,47,,,,,,,,*70
$GPGSV,2,1,06,05,34,101,43,18,64,270,46,20,31,048,26,22,00,000,22*7D
$GPGSV,2,2,06,23,34,319,44,24,72,156,47,,,,,,,,*70
$GPGSV,2,1,06,05,34,101,43,18,64,270,46,20,31,048,26,22,00,000,22*7D
$GPGSV,2,2,06,23,34,319,44,24,72,156,47,,,,,,,,*70
$GPGSV,2,1,06,05,34,101,43,18,64,270,46,20,31,048,26,22,00,000,22*7D
$GPGSV,2,2,06,23,34,319,44,24,72,156,47,,,,,,,,*70
$GPGSV,2,1,06,05,34,101,43,18,64,270,46,20,31,048,26,22,00,000,22*7D
$GPGSV,2,2,06,23,34,319,44,24,72,156,47,,,,,,,,*70
$GPGSV,2,1,06,05,34,101,43,18,64,270,46,20,31,048,27,22,00,000,22*7C
$GPGSV,2,2,06,23,34,319,44,24,72,156,47,,,,,,,,*70
$GPGSV,2,1,05,05,34,101,43,18,64,270,46,22,00,000,22,23,34,319,44*7B
$GPGSV,2,2,05,24,72,156,47,,,,,,,,,,,,*4E
$GPGSV,2,1,05,05,34,101,43,18,64,270,46,22,00,000,22,23,34,319,44*7B
$GPGSV,2,2,05,24,72,156,47,,,,,,,,,,,,*4E
$GPGSV,2,1,05,05,34,101,43,18,64,270,46,22,00,000,22,23,34,319,44*7B
$GPGSV,2,2,05,24,72,156,47,,,,,,,,,,,,*4E
$GPGSV,2,1,05,05,34,101,43,18,64,270,46,22,00,000,22,23,34,319,44*7B
$GPGSV,2,2,05,24,72,156,47,,,,,,,,,,,,*4E
$GPGSV,2,1,05,05,34,101,43,18,64,270,46,22,00,000,22,23,34,319,44*7B
$GPGSV,2,2,05,24,72,156,47,,,,,,,,,,,,*4E
$GPGSV,2,1,05,05,34,101,43,18,64,270,46,22,00,000,22,23,34,319,44*7B
$GPGSV,2,2,05,24,72,156,47,,,,,,,,,,,,*4E
$GPGSV,2,1,05,05,34,101,44,18,64,270,46,22,00,000,22,23,34,319,44*7C
$GPGSV,2,2,05,24,72,156,47,,,,,,,,,,,,*4E
$GPGSV,2,1,05,05,34,101,44,18,64,270,46,22,00,000,22,23,34,319,44*7C
$GPGSV,2,2,05,24,72,156,47,,,,,,,,,,,,*4E
$GPGSV,2,1,05,05,34,101,44,18,64,270,46,22,00,000,22,23,34,319,44*7C
$GPGSV,2,2,05,24,72,156,47,,,,,,,,,,,,*4E
$GPGSV,2,1,05,05,34,101,44,18,64,270,46,22,00,000,22,23,34,319,44*7C
$GPGSV,2,2,05,24,72,156,47,,,,,,,,,,,,*4E
$GPGSV,2,1,05,05,34,101,44,18,64,270,46,22,00,000,22,23,34,319,44*7C
$GPGSV,2,2,05,24,72,156,47,,,,,,,,,,,,*4E
$GPGSV,2,1,05,05,34,101,44,18,64,270,46,22,00,000,22,23,34,319,44*7C
$GPGSV,2,2,05,24,72,156,47,,,,,,,,,,,,*4E
$GPGSV,2,1,06,05,34,101,44,18,64,270,46,20,00,000,24,22,00,000,22*76
$GPGSV,2,2,06,23,34,319,44,24,72,156,47,,,,,,,,*70
$GPGSV,2,1,06,05,34,101,44,18,64,270,46,20,00,000,23,22,00,000,22*71
$GPGSV,2,2,06,23,34,319,44,24,72,156,47,,,,,,,,*70
$GPGSV,2,1,06,05,34,101,44,18,64,270,46,20,00,000,23,22,00,000,22*71
$GPGSV,2,2,06,23,34,319,44,24,72,156,47,,,,,,,,*70
$GPGSV,2,1,06,05,34,101,44,18,64,270,46,20,00,000,24,22,00,000,21*75
$GPGSV,2,2,06,23,34,319,44,24,72,156,47,,,,,,,,*70
$GPGSV,2,1,06,05,34,101,44,18,64,270,46,20,00,000,24,22,00,000,21*75
$GPGSV,2,2,06,23,34,319,44,24,72,156,47,,,,,,,,*70
$GPGSV,2,1,06,05,34,101,44,18,64,270,46,20,00,000,24,22,00,000,21*75
$GPGSV,2,2,06,23,34,319,44,24,72,156,47,,,,,,,,*70
$GPGSV,2,1,06,05,34,101,44,18,64,270,46,20,31,048,24,22,00,000,21*7B
$GPGSV,2,2,06,23,34,319,44,24,72,156,47,,,,,,,,*70
$GPGSV,2,1,06,05,34,101,44,18,64,270,46,20,31,048,23,22,00,000,21*7C
$GPGSV,2,2,06,23,34,319,44,24,72,156,47,,,,,,,,*70
$GPGSV,2,1,06,05,34,101,44,18,64,270,46,20,31,048,23,22,00,000,21*7C
$GPGSV,2,2,06,23,34,319,44,24,72,156,47,,,,,,,,*70
$GPGSV,2,1,06,05,34,101,44,18,64,270,46,20,31,048,23,22,00,000,21*7C
$GPGSV,2,2,06,23,34,319,44,24,72,156,47,,,,,,,,*70
$GPGSV,2,1,06,05,34,101,44,18,64,270,46,20,31,048,23,22,00,000,21*7C
$GPGSV,2,2,06,23,34,319,44,24,72,156,47,,,,,,,,*70
$GPGSV,2,1,06,05,34,101,44,18,64,270,46,20,31,048,23,22,00,000,22*7F
$GPGSV,2,2,06,23,34,319,44,24,72,156,47,,,,,,,,*70
$GPGSV,2,1,06,05,34,101,44,18,64,270,46,20,00,000,22,22,00,000,22*70
$GPGSV,2,2,06,23,34,319,44,24,72,156,47,,,,,,,,*70
$GPGSV,2,1,06,05,34,101,44,18,64,269,46,20,00,000,22,22,00,000,23*79
$GPGSV,2,2,06,23,34,319,44,24,72,156,47,,,,,,,,*70
$GPGSV,2,1,06,05,34,101,44,18,64,269,46,20,00,000,21,22,00,000,23*7A
$GPGSV,2,2,06,23,34,319,44,24,72,156,47,,,,,,,,*70
$GPGSV,2,1,06,05,34,101,44,18,64,269,47,20,00,000,20,22,00,000,23*7A
$GPGSV,2,2,06,23,34,319,44,24,72,156,47,,,,,,,,*70
$GPGSV,2,1,06,05,34,101,44,18,64,269,47,20,00,000,19,22,00,000,23*70
$GPGSV,2,2,06,23,34,319,44,24,72,156,47,,,,,,,,*70
$GPGSV,2,1,06,05,34,101,44,18,64,269,47,20,00,000,18,22,00,000,23*71
$GPGSV,2,2,06,23,34,319,44,24,72,156,47,,,,,,,,*70
$GPGSV,2,1,05,05,34,101,44,18,64,269,47,22,00,000,23,23,34,319,44*74
$GPGSV,2,2,05,24,72,156,47,,,,,,,,,,,,*4E
$GPGSV,2,1,05,05,34,101,44,18,64,269,47,22,00,000,22,23,34,319,44*75
$GPGSV,2,2,05,24,72,156,47,,,,,,,,,,,,*4E
$GPGSV,2,1,05,05,34,101,44,18,64,269,47,22,00,000,22,23,34,319,44*75
$GPGSV,2,2,05,24,72,156,47,,,,,,,,,,,,*4E
$GPGSV,2,1,05,05,34,101,44,18,64,269,47,22,00,000,22,23,34,319,44*75
$GPGSV,2,2,05,24,72,156,47,,,,,,,,,,,,*4E
$GPGSV,2,1,05,05,34,101,44,18,64,269,47,22,00,000,22,23,34,319,44*75
$GPGSV,2,2,05,24,72,156,47,,,,,,,,,,,,*4E
$GPGSV,2,1,05,05,34,101,44,18,64,269,47,22,00,000,22,23,34,319,44*75
$GPGSV,2,2,05,24,72,156,47,,,,,,,,,,,,*4E
$GPGSV,2,1,05,05,34,101,44,18,64,269,47,22,00,000,22,23,34,319,44*75
$GPGSV,2,2,05,24,72,156,47,,,,,,,,,,,,*4E
$GPGSV,2,1,05,05,34,101,44,18,64,269,46,22,00,000,22,23,34,319,44*74
$GPGSV,2,2,05,24,72,156,47,,,,,,,,,,,,*4E
$GPGSV,2,1,05,05,34,101,44,18,64,269,46,22,00,000,21,23,34,319,44*77
$GPGSV,2,2,05,24,72,156,47,,,,,,,,,,,,*4E
$GPGSV,2,1,05,05,34,101,44,18,64,269,46,22,00,000,22,23,34,319,44*74
$GPGSV,2,2,05,24,72,156,47,,,,,,,,,,,,*4E
$GPGSV,2,1,05,05,34,101,44,18,64,269,46,22,00,000,21,23,34,319,44*77
$GPGSV,2,2,05,24,72,156,47,,,,,,,,,,,,*4E
$GPGSV,2,1,05,05,34,101,44,18,64,269,46,22,00,000,21,23,34,319,44*77
$GPGSV,2,2,05,24,72,156,47,,,,,,,,,,,,*4E
$GPGSV,2,1,05,05,34,101,44,18,64,269,46,22,00,000,21,23,34,319,44*77
$GPGSV,2,2,05,24,72,156,47,,,,,,,,,,,,*4E
$GPGSV,2,1,05,05,34,101,44,18,64,269,46,22,00,000,21,23,34,319,44*77
$GPGSV,2,2,05,24,72,156,47,,,,,,,,,,,,*4E
$GPGSV,2,1,05,05,34,101,44,18,64,269,46,22,00,000,21,23,34,319,44*77
$GPGSV,2,2,05,24,72,156,47,,,,,,,,,,,,*4E
$GPGSV,2,1,05,05,34,101,44,18,64,269,46,22,00,000,21,23,34,319,44*77
$GPGSV,2,2,05,24,72,156,47,,,,,,,,,,,,*4E
$GPGSV,2,1,05,05,34,101,44,18,64,269,46,22,00,000,22,23,34,319,44*74
$GPGSV,2,2,05,24,72,156,47,,,,,,,,,,,,*4E
$GPGSV,2,1,05,05,34,101,44,18,64,269,46,22,00,000,22,23,34,319,44*74
$GPGSV,2,2,05,24,72,156,47,,,,,,,,,,,,*4E
$GPGSV,2,1,05,05,34,101,44,18,64,269,46,22,00,000,22,23,34,319,44*74
$GPGSV,2,2,05,24,72,156,47,,,,,,,,,,,,*4E
$GPGSV,2,1,05,05,34,101,44,18,64,269,46,22,00,000,22,23,34,319,44*74
$GPGSV,2,2,05,24,72,156,47,,,,,,,,,,,,*4E
$GPGSV,2,1,05,05,34,101,44,18,64,269,46,22,00,000,23,23,34,319,44*75
$GPGSV,2,2,05,24,72,156,47,,,,,,,,,,,,*4E
$GPGSV,2,1,05,05,34,101,44,18,64,269,46,22,00,000,23,23,34,319,44*75
$GPGSV,2,2,05,24,72,156,47,,,,,,,,,,,,*4E
$GPGSV,2,1,05,05,34,101,44,18,64,269,46,22,00,000,23,23,34,319,44*75
$GPGSV,2,2,05,24,72,156,47,,,,,,,,,,,,*4E
$GPGSV,2,1,05,05,34,101,44,18,64,269,46,22,00,000,22,23,34,319,44*74
$GPGSV,2,2,05,24,72,156,47,,,,,,,,,,,,*4E
$GPGSV,2,1,05,05,34,101,44,18,64,269,46,22,00,000,22,23,34,319,44*74
$GPGSV,2,2,05,24,72,156,47,,,,,,,,,,,,*4E
$GPGSV,2,1,05,05,34,101,44,18,64,269,46,22,00,000,22,23,34,319,44*74
$GPGSV,2,2,05,24,72,156,47,,,,,,,,,,,,*4E
$GPGSV,2,1,05,05,34,101,44,18,64,269,46,22,00,000,22,23,34,319,44*74
$GPGSV,2,2,05,24,72,156,47,,,,,,,,,,,,*4E
$GPGSV,2,1,05,05,34,101,44,18,64,269,46,22,00,000,22,23,34,319,44*74
$GPGSV,2,2,05,24,72,156,47,,,,,,,,,,,,*4E
$GPGSV,2,1,05,05,34,101,44,18,64,269,46,22,00,000,22,23,34,319,44*74
$GPGSV,2,2,05,24,72,156,47,,,,,,,,,,,,*4E
$GPGSV,2,1,05,05,34,101,44,18,64,269,46,22,00,000,23,23,34,319,44*75
$GPGSV,2,2,05,24,72,156,47,,,,,,,,,,,,*4E
$GPGSV,2,1,05,05,34,101,44,18,64,269,46,22,00,000,23,23,34,319,44*75
$GPGSV,2,2,05,24,72,156,47,,,,,,,,,,,,*4E
$GPGSV,2,1,05,05,34,101,44,18,64,269,46,22,00,000,22,23,34,319,44*74
$GPGSV,2,2,05,24,72,156,47,,,,,,,,,,,,*4E
$GPGSV,2,1,05,05,34,101,44,18,64,269,46,22,00,000,22,23,34,319,44*74
$GPGSV,2,2,05,24,72,156,47,,,,,,,,,,,,*4E
$GPGSV,2,1,05,05,34,101,44,18,64,269,46,22,00,000,23,23,34,319,44*75
$GPGSV,2,2,05,24,72,156,47,,,,,,,,,,,,*4E
$GPGSV,2,1,05,05,34,101,44,18,64,269,46,22,00,000,23,23,34,319,44*75
$GPGSV,2,2,05,24,72,156,47,,,,,,,,,,,,*4E
$GPGSV,2,1,05,05,34,101,44,18,64,269,46,22,00,000,23,23,34,319,44*75
$GPGSV,2,2,05,24,72,156,47,,,,,,,,,,,,*4E
$GPGSV,2,1,05,05,34,101,44,18,64,269,46,22,00,000,23,23,34,319,44*75
$GPGSV,2,2,05,24,72,156,47,,,,,,,,,,,,*4E
$GPGSV,2,1,05,05,34,101,44,18,64,269,46,22,00,000,23,23,34,319,44*75
$GPGSV,2,2,05,24,72,156,47,,,,,,,,,,,,*4E
$GPGSV,2,1,05,05,34,101,44,18,64,269,46,22,00,000,23,23,34,319,44*75
$GPGSV,2,2,05,24,72,156,47,,,,,,,,,,,,*4E
$GPGSV,2,1,05,05,34,101,44,18,64,269,46,22,00,000,23,23,34,319,44*75
$GPGSV,2,2,05,24,72,156,47,,,,,,,,,,,,*4E
$GPGSV,2,1,05,05,34,101,44,18,64,269,46,22,00,000,23,23,34,319,44*75
$GPGSV,2,2,05,24,72,156,47,,,,,,,,,,,,*4E
$GPGSV,2,1,05,05,34,101,44,18,64,269,46,22,00,000,23,23,34,319,44*75
$GPGSV,2,2,05,24,72,156,47,,,,,,,,,,,,*4E
$GPGSV,2,1,05,05,34,101,44,18,64,269,46,22,00,000,23,23,34,319,44*75
$GPGSV,2,2,05,24,72,156,47,,,,,,,,,,,,*4E
$GPGSV,2,1,05,05,34,101,44,18,64,269,46,22,00,000,23,23,34,319,44*75
$GPGSV,2,2,05,24,72,156,47,,,,,,,,,,,,*4E
$GPGSV,2,1,05,05,34,101,44,18,64,269,46,22,00,000,23,23,34,319,44*75
$GPGSV,2,2,05,24,72,156,47,,,,,,,,,,,,*4E
$GPGSV,2,1,05,05,34,101,44,18,64,269,46,22,00,000,24,23,34,319,44*72
$GPGSV,2,2,05,24,72,156,47,,,,,,,,,,,,*4E
$GPGSV,2,1,05,05,34,101,44,18,64,269,46,22,00,000,24,23,34,319,44*72
$GPGSV,2,2,05,24,72,156,47,,,,,,,,,,,,*4E
$GPGSV,2,1,05,05,34,101,44,18,64,269,46,22,00,000,24,23,34,319,44*72
$GPGSV,2,2,05,24,72,156,47,,,,,,,,,,,,*4E
$GPGSV,2,1,05,05,34,101,44,18,64,269,46,22,00,000,24,23,34,319,44*72
$GPGSV,2,2,05,24,72,156,47,,,,,,,,,,,,*4E
$GPGSV,2,1,05,05,34,101,44,18,64,269,46,22,00,000,24,23,34,319,44*72
$GPGSV,2,2,05,24,72,156,47,,,,,,,,,,,,*4E
$GPGSV,2,1,05,05,34,101,44,18,64,269,46,22,00,000,24,23,34,319,44*72
$GPGSV,2,2,05,24,72,156,47,,,,,,,,,,,,*4E
$GPGSV,2,1,05,05,34,101,44,18,64,269,46,22,00,000,23,23,34,319,44*75
$GPGSV,2,2,05,24,72,156,47,,,,,,,,,,,,*4E
$GPGSV,2,1,05,05,34,101,44,18,64,269,46,22,00,000,23,23,34,319,44*75
$GPGSV,2,2,05,24,72,156,47,,,,,,,,,,,,*4E
$GPGSV,2,1,05,05,34,101,44,18,64,269,47,22,00,000,23,23,34,319,44*74
$GPGSV,2,2,05,24,72,156,47,,,,,,,,,,,,*4E
$GPGSV,2,1,05,05,34,101,44,18,64,269,47,22,00,000,23,23,34,319,44*74
$GPGSV,2,2,05,24,72,156,47,,,,,,,,,,,,*4E
$GPGSV,2,1,05,05,34,101,44,18,64,269,47,22,00,000,22,23,34,319,44*75
$GPGSV,2,2,05,24,72,156,47,,,,,,,,,,,,*4E
$GPGSV,2,1,05,05,34,101,44,18,64,269,47,22,00,000,22,23,34,319,44*75
$GPGSV,2,2,05,24,72,156,47,,,,,,,,,,,,*4E
$GPGSV,2,1,05,05,34,101,45,18,64,269,47,22,00,000,23,23,34,319,44*75
$GPGSV,2,2,05,24,72,156,47,,,,,,,,,,,,*4E
$GPGSV,2,1,05,05,34,101,45,18,64,269,47,22,00,000,23,23,34,319,44*75
$GPGSV,2,2,05,24,72,156,47,,,,,,,,,,,,*4E
$GPGSV,2,1,05,05,34,101,45,18,64,269,47,22,00,000,23,23,34,319,44*75
$GPGSV,2,2,05,24,72,156,47,,,,,,,,,,,,*4E
$GPGSV,2,1,05,05,34,101,45,18,64,269,47,22,00,000,23,23,34,319,44*75
$GPGSV,2,2,05,24,72,156,47,,,,,,,,,,,,*4E
$GPGSV,2,1,05,05,34,101,45,18,64,269,47,22,00,000,23,23,34,319,44*75
$GPGSV,2,2,05,24,72,156,47,,,,,,,,,,,,*4E
$GPGSV,2,1,05,05,34,101,44,18,64,269,47,22,00,000,23,23,34,319,44*74
$GPGSV,2,2,05,24,72,156,47,,,,,,,,,,,,*4E
$GPGSV,2,1,05,05,34,101,44,18,64,269,47,22,00,000,23,23,34,319,44*74
$GPGSV,2,2,05,24,72,156,47,,,,,,,,,,,,*4E
$GPGSV,2,1,05,05,34,101,44,18,64,269,47,22,00,000,23,23,34,319,44*74
$GPGSV,2,2,05,24,72,156,47,,,,,,,,,,,,*4E
$GPGSV,2,1,05,05,34,101,44,18,64,269,47,22,00,000,23,23,34,319,44*74
$GPGSV,2,2,05,24,72,156,47,,,,,,,,,,,,*4E
$GPGSV,2,1,05,05,34,101,44,18,64,269,47,22,00,000,22,23,34,319,44*75
$GPGSV,2,2,05,24,72,156,47,,,,,,,,,,,,*4E
$GPGSV,2,1,05,05,34,101,44,18,64,269,47,22,00,000,22,23,34,319,44*75
$GPGSV,2,2,05,24,72,156,47,,,,,,,,,,,,*4E
$GPGSV,2,1,06,05,34,101,44,18,64,269,47,20,00,000,23,22,00,000,22*78
$GPGSV,2,2,06,23,34,319,44,24,72,156,47,,,,,,,,*70
$GPGSV,2,1,06,05,34,101,44,18,64,269,47,20,00,000,22,22,00,000,21*7A
$GPGSV,2,2,06,23,34,319,44,24,72,156,47,,,,,,,,*70
$GPGSV,2,1,06,05,34,101,44,18,64,269,47,20,00,000,22,22,00,000,21*7A
$GPGSV,2,2,06,23,34,319,44,24,72,156,47,,,,,,,,*70
$GPGSV,2,1,06,05,34,101,44,18,64,269,47,20,00,000,22,22,00,000,21*7A
$GPGSV,2,2,06,23,34,319,44,24,72,156,47,,,,,,,,*70
$GPGSV,2,1,06,05,34,101,44,18,64,269,47,20,00,000,23,22,00,000,21*7B
$GPGSV,2,2,06,23,34,319,44,24,72,156,47,,,,,,,,*70
$GPGSV,2,1,06,05,34,101,44,18,64,269,47,20,00,000,23,22,00,000,21*7B
$GPGSV,2,2,06,23,34,319,44,24,72,156,47,,,,,,,,*70
$GPGSV,2,1,06,05,34,101,44,18,64,269,47,20,00,000,24,22,00,000,21*7C
$GPGSV,2,2,06,23,34,319,44,24,72,156,47,,,,,,,,*70
$GPGSV,2,1,06,05,34,101,44,18,64,269,47,20,00,000,24,22,00,000,21*7C
$GPGSV,2,2,06,23,34,319,44,24,72,156,47,,,,,,,,*70
$GPGSV,2,1,06,05,34,101,44,18,64,269,47,20,00,000,25,22,00,000,21*7D
$GPGSV,2,2,06,23,34,319,44,24,72,156,47,,,,,,,,*70
$GPGSV,2,1,06,05,34,101,44,18,64,269,47,20,00,000,25,22,00,000,21*7D
$GPGSV,2,2,06,23,34,319,44,24,72,156,47,,,,,,,,*70
$GPGSV,2,1,06,05,34,101,44,18,64,269,46,20,00,000,24,22,00,000,20*7C
$GPGSV,2,2,06,23,34,319,44,24,72,156,47,,,,,,,,*70
$GPGSV,2,1,06,05,34,101,44,18,64,269,46,20,00,000,24,22,00,000,20*7C
$GPGSV,2,2,06,23,34,319,44,24,72,156,47,,,,,,,,*70
$GPGSV,2,1,06,05,34,101,44,18,64,269,46,20,31,048,24,22,00,000,20*72
$GPGSV,2,2,06,23,34,319,44,24,72,156,47,,,,,,,,*70
$GPGSV,2,1,06,05,34,101,44,18,64,269,46,20,00,000,24,22,00,000,20*7C
$GPGSV,2,2,06,23,34,319,44,24,72,156,47,,,,,,,,*70
$GPGSV,2,1,06,05,34,101,44,18,64,269,46,20,00,000,24,22,00,000,20*7C
$GPGSV,2,2,06,23,34,319,44,24,72,156,47,,,,,,,,*70
$GPGSV,2,1,06,05,34,101,44,18,64,269,46,20,31,048,24,22,00,000,21*73
$GPGSV,2,2,06,23,34,319,44,24,72,156,47,,,,,,,,*70
$GPGSV,2,1,06,05,34,101,44,18,64,269,46,20,31,048,24,22,00,000,21*73
$GPGSV,2,2,06,23,34,319,44,24,72,156,47,,,,,,,,*70
$GPGSV,2,1,06,05,34,101,44,18,64,269,46,20,00,000,25,22,00,000,22*7F
$GPGSV,2,2,06,23,34,319,44,24,72,156,47,,,,,,,,*70
$GPGSV,2,1,06,05,34,101,44,18,64,269,46,20,00,000,25,22,00,000,21*7C
$GPGSV,2,2,06,23,34,319,44,24,72,156,47,,,,,,,,*70
$GPGSV,2,1,06,05,34,101,44,18,64,269,46,20,00,000,25,22,00,000,21*7C
$GPGSV,2,2,06,23,34,319,44,24,72,156,47,,,,,,,,*70
$GPGSV,2,1,06,05,34,101,44,18,64,269,46,20,31,048,25,22,00,000,21*72
$GPGSV,2,2,06,23,34,319,43,24,72,156,47,,,,,,,,*77
$GPGSV,2,1,06,05,34,101,44,18,64,269,46,20,00,000,24,22,00,000,21*7D
$GPGSV,2,2,06,23,34,319,43,24,72,156,47,,,,,,,,*77
$GPGSV,2,1,06,05,34,101,44,18,64,269,46,20,00,000,24,22,00,000,21*7D
$GPGSV,2,2,06,23,34,319,43,24,72,156,47,,,,,,,,*77
$GPGSV,2,1,06,05,34,101,45,18,64,269,46,20,31,048,24,22,00,000,20*73
$GPGSV,2,2,06,23,34,319,43,24,72,156,47,,,,,,,,*77
$GPGSV,2,1,06,05,34,101,45,18,64,269,46,20,31,048,24,22,00,000,21*72
$GPGSV,2,2,06,23,34,319,43,24,72,156,47,,,,,,,,*77
$GPGSV,2,1,06,05,34,101,45,18,64,269,46,20,00,000,24,22,00,000,21*7C
$GPGSV,2,2,06,23,34,319,43,24,72,156,47,,,,,,,,*77
$GPGSV,2,1,06,05,34,101,45,18,64,269,46,20,00,000,23,22,00,000,22*78
$GPGSV,2,2,06,23,34,319,43,24,72,156,47,,,,,,,,*77
$GPGSV,2,1,05,05,34,101,45,18,64,269,46,22,00,000,22,23,34,319,43*72
$GPGSV,2,2,05,24,72,156,47,,,,,,,,,,,,*4E
$GPGSV,2,1,05,05,34,101,45,18,64,269,46,22,00,000,23,23,34,319,43*73
$GPGSV,2,2,05,24,72,156,47,,,,,,,,,,,,*4E
$GPGSV,2,1,05,05,34,101,45,18,64,269,46,22,00,000,23,23,34,319,43*73
$GPGSV,2,2,05,24,72,156,47,,,,,,,,,,,,*4E
$GPGSV,2,1,05,05,34,101,45,18,64,269,46,22,00,000,23,23,34,319,43*73
$GPGSV,2,2,05,24,72,156,47,,,,,,,,,,,,*4E
$GPGSV,2,1,05,05,34,101,45,18,64,269,47,22,00,000,23,23,34,319,43*72
$GPGSV,2,2,05,24,72,156,47,,,,,,,,,,,,*4E
$GPGSV,2,1,05,05,34,101,45,18,64,269,47,22,00,000,23,23,34,319,43*72
$GPGSV,2,2,05,24,72,156,47,,,,,,,,,,,,*4E
$GPGSV,2,1,05,05,34,101,45,18,64,269,47,22,00,000,23,23,34,319,43*72
$GPGSV,2,2,05,24,72,156,47,,,,,,,,,,,,*4E
$GPGSV,2,1,05,05,34,101,45,18,64,269,47,22,00,000,23,23,34,319,43*72
$GPGSV,2,2,05,24,72,156,47,,,,,,,,,,,,*4E
$GPGSV,2,1,05,05,34,101,44,18,64,269,47,22,00,000,23,23,34,319,43*73
$GPGSV,2,2,05,24,72,156,47,,,,,,,,,,,,*4E
$GPGSV,2,1,05,05,34,101,44,18,64,269,47,22,00,000,22,23,34,319,43*72
$GPGSV,2,2,05,24,72,156,47,,,,,,,,,,,,*4E
$GPGSV,2,1,05,05,34,101,44,18,64,269,46,22,00,000,22,23,34,319,43*73
$GPGSV,2,2,05,24,72,156,47,,,,,,,,,,,,*4E
$GPGSV,2,1,05,05,34,101,44,18,64,269,46,22,00,000,22,23,34,319,43*73
$GPGSV,2,2,05,24,72,156,47,,,,,,,,,,,,*4E
$GPGSV,2,1,05,05,34,101,44,18,64,269,46,22,00,000,22,23,34,319,43*73
$GPGSV,2,2,05,24,72,156,47,,,,,,,,,,,,*4E
$GPGSV,2,1,05,05,34,101,44,18,64,269,46,22,00,000,22,23,34,319,43*73
$GPGSV,2,2,05,24,72,156,47,,,,,,,,,,,,*4E
$GPGSV,2,1,05,05,34,101,44,18,64,269,46,22,00,000,22,23,34,319,43*73
$GPGSV,2,2,05,24,72,156,47,,,,,,,,,,,,*4E
$GPGSV,2,1,05,05,34,101,44,18,64,269,46,22,00,000,23,23,34,319,43*72
$GPGSV,2,2,05,24,72,156,47,,,,,,,,,,,,*4E
$GPGSV,2,1,05,05,34,101,44,18,64,269,46,22,00,000,23,23,34,319,43*72
$GPGSV,2,2,05,24,72,156,47,,,,,,,,,,,,*4E
$GPGSV,2,1,05,05,34,101,44,18,64,269,46,22,00,000,24,23,34,319,43*75
$GPGSV,2,2,05,24,72,156,47,,,,,,,,,,,,*4E
$GPGSV,2,1,05,05,34,101,44,18,64,269,46,22,00,000,24,23,34,319,43*75
$GPGSV,2,2,05,24,72,156,47,,,,,,,,,,,,*4E
$GPGSV,2,1,05,05,34,101,44,18,64,269,46,22,00,000,24,23,34,319,44*72
$GPGSV,2,2,05,24,72,156,47,,,,,,,,,,,,*4E
$GPGSV,2,1,05,05,34,101,44,18,64,269,46,22,00,000,23,23,34,319,44*75
$GPGSV,2,2,05,24,72,156,47,,,,,,,,,,,,*4E
$GPGSV,2,1,05,05,34,101,44,18,64,269,46,22,00,000,23,23,34,319,44*75
$GPGSV,2,2,05,24,72,156,47,,,,,,,,,,,,*4E
$GPGSV,2,1,05,05,34,101,44,18,64,269,46,22,00,000,23,23,34,319,44*75
$GPGSV,2,2,05,24,72,156,47,,,,,,,,,,,,*4E
$GPGSV,2,1,05,05,34,101,44,18,64,269,46,22,00,000,23,23,34,319,44*75
$GPGSV,2,2,05,24,72,156,47,,,,,,,,,,,,*4E
$GPGSV,2,1,05,05,34,101,44,18,64,269,46,22,00,000,23,23,34,319,44*75
$GPGSV,2,2,05,24,72,156,47,,,,,,,,,,,,*4E
$GPGSV,2,1,05,05,34,101,44,18,64,269,46,22,00,000,23,23,34,319,44*75
$GPGSV,2,2,05,24,72,156,47,,,,,,,,,,,,*4E
$GPGSV,2,1,05,05,34,101,44,18,64,269,46,22,00,000,23,23,34,319,44*75
$GPGSV,2,2,05,24,72,156,47,,,,,,,,,,,,*4E
$GPGSV,2,1,05,05,34,101,44,18,64,269,46,22,00,000,23,23,34,319,44*75
$GPGSV,2,2,05,24,72,156,47,,,,,,,,,,,,*4E
$GPGSV,2,1,05,05,34,101,44,18,64,269,46,22,00,000,23,23,34,319,44*75
$GPGSV,2,2,05,24,72,156,47,,,,,,,,,,,,*4E
$GPGSV,2,1,05,05,34,101,44,18,64,269,46,22,00,000,23,23,34,319,44*75
$GPGSV,2,2,05,24,72,156,47,,,,,,,,,,,,*4E
$GPGSV,2,1,05,05,34,101,44,18,64,269,46,22,00,000,23,23,34,319,44*75
$GPGSV,2,2,05,24,72,156,47,,,,,,,,,,,,*4E
$GPGSV,2,1,06,05,34,101,43,18,64,269,46,20,00,000,27,22,00,000,23*7B
$GPGSV,2,2,06,23,34,319,44,24,72,156,47,,,,,,,,*70
$GPGSV,2,1,06,05,34,101,43,18,64,269,46,20,00,000,27,22,00,000,23*7B
$GPGSV,2,2,06,23,34,319,44,24,72,156,47,,,,,,,,*70
$GPGSV,2,1,06,05,34,101,43,18,64,269,46,20,00,000,26,22,00,000,23*7A
$GPGSV,2,2,06,23,34,319,44,24,72,156,47,,,,,,,,*70
$GPGSV,2,1,06,05,34,101,43,18,64,269,46,20,00,000,26,22,00,000,23*7A
$GPGSV,2,2,06,23,34,319,44,24,72,156,47,,,,,,,,*70
$GPGSV,2,1,06,05,34,101,43,18,64,269,46,20,00,000,25,22,00,000,23*79
$GPGSV,2,2,06,23,34,319,44,24,72,156,47,,,,,,,,*70
$GPGSV,2,1,06,05,34,101,43,18,64,269,46,20,00,000,25,22,00,000,22*78
$GPGSV,2,2,06,23,34,319,44,24,72,156,47,,,,,,,,*70
$GPGSV,2,1,06,05,34,101,43,18,64,269,46,20,00,000,25,22,00,000,22*78
$GPGSV,2,2,06,23,34,319,44,24,72,156,47,,,,,,,,*70
$GPGSV,2,1,06,05,34,101,43,18,64,269,46,20,00,000,25,22,00,000,22*78
$GPGSV,2,2,06,23,34,319,44,24,72,156,47,,,,,,,,*70
$GPGSV,2,1,06,05,34,101,43,18,64,269,46,20,00,000,26,22,00,000,22*7B
$GPGSV,2,2,06,23,34,319,44,24,72,156,47,,,,,,,,*70
$GPGSV,2,1,06,05,34,101,43,18,64,269,46,20,00,000,26,22,00,000,22*7B
$GPGSV,2,2,06,23,35,319,44,24,72,156,47,,,,,,,,*71
$GPGSV,2,1,06,05,34,101,43,18,64,269,46,20,00,000,26,22,00,000,22*7B
$GPGSV,2,2,06,23,35,319,44,24,72,156,47,,,,,,,,*71
$GPGSV,2,1,06,05,34,101,43,18,64,269,46,20,00,000,26,22,00,000,22*7B
$GPGSV,2,2,06,23,35,319,44,24,72,156,47,,,,,,,,*71
$GPGSV,2,1,06,05,34,101,43,18,64,269,46,20,31,048,26,22,00,000,22*75
$GPGSV,2,2,06,23,35,319,44,24,72,156,47,,,,,,,,*71
$GPGSV,2,1,06,05,34,101,43,18,64,269,46,20,31,048,26,22,00,000,22*75
$GPGSV,2,2,06,23,35,319,44,24,72,156,47,,,,,,,,*71
$GPGSV,2,1,06,05,34,101,43,18,64,269,46,20,31,048,27,22,00,000,22*74
$GPGSV,2,2,06,23,35,319,44,24,72,156,47,,,,,,,,*71
$GPGSV,2,1,06,05,34,101,43,18,64,269,46,20,31,048,27,22,00,000,22*74
$GPGSV,2,2,06,23,35,319,44,24,72,156,47,,,,,,,,*71
$GPGSV,2,1,06,05,34,101,43,18,64,269,46,20,31,048,27,22,00,000,22*74
$GPGSV,2,2,06,23,35,319,44,24,72,156,47,,,,,,,,*71
$GPGSV,2,1,06,05,34,101,43,18,64,269,46,20,31,048,27,22,00,000,22*74
$GPGSV,2,2,06,23,35,319,44,24,72,156,47,,,,,,,,*71
$GPGSV,2,1,06,05,34,101,43,18,64,269,46,20,31,048,27,22,00,000,22*74
$GPGSV,2,2,06,23,35,319,44,24,72,156,47,,,,,,,,*71
$GPGSV,2,1,06,05,34,101,43,18,64,269,46,20,31,048,27,22,00,000,22*74
$GPGSV,2,2,06,23,35,319,44,24,72,156,47,,,,,,,,*71
$GPGSV,2,1,06,05,34,101,43,18,64,269,46,20,31,048,28,22,00,000,22*7B
$GPGSV,2,2,06,23,35,319,44,24,72,156,47,,,,,,,,*71
$GPGSV,2,1,06,05,34,101,43,18,64,269,46,20,31,048,28,22,00,000,22*7B
$GPGSV,2,2,06,23,35,319,44,24,72,156,47,,,,,,,,*71
$GPGSV,2,1,06,05,34,101,43,18,64,269,46,20,31,048,28,22,00,000,23*7A
$GPGSV,2,2,06,23,35,319,44,24,72,156,47,,,,,,,,*71
$GPGSV,2,1,06,05,34,101,43,18,64,269,46,20,31,048,28,22,00,000,23*7A
$GPGSV,2,2,06,23,35,319,44,24,72,156,47,,,,,,,,*71
$GPGSV,2,1,06,05,34,101,43,18,64,269,46,20,31,048,28,22,00,000,23*7A
$GPGSV,2,2,06,23,35,319,44,24,72,156,47,,,,,,,,*71
$GPGSV,2,1,06,05,34,101,43,18,64,269,46,20,31,048,28,22,00,000,23*7A
$GPGSV,2,2,06,23,35,319,44,24,72,156,47,,,,,,,,*71
$GPGSV,2,1,06,05,34,101,43,18,64,269,46,20,31,048,28,22,00,000,23*7A
$GPGSV,2,2,06,23,35,319,44,24,72,156,47,,,,,,,,*71
$GPGSV,2,1,06,05,34,101,43,18,64,269,46,20,31,048,28,22,00,000,23*7A
$GPGSV,2,2,06,23,35,319,44,24,72,156,47,,,,,,,,*71
$GPGSV,2,1,06,05,34,101,43,18,64,269,46,20,31,048,28,22,00,000,23*7A
$GPGSV,2,2,06,23,35,319,44,24,72,156,47,,,,,,,,*71
$GPGSV,2,1,06,05,34,101,43,18,64,269,46,20,31,048,28,22,00,000,23*7A
$GPGSV,2,2,06,23,35,319,44,24,72,156,47,,,,,,,,*71
$GPGSV,2,1,06,05,34,101,43,18,64,269,46,20,31,048,29,22,00,000,23*7B
$GPGSV,2,2,06,23,35,319,44,24,72,156,47,,,,,,,,*71
$GPGSV,2,1,06,05,34,101,43,18,64,269,46,20,31,048,29,22,00,000,23*7B
$GPGSV,2,2,06,23,35,319,44,24,72,156,47,,,,,,,,*71
$GPGSV,2,1,06,05,34,101,43,18,64,269,46,20,31,048,29,22,00,000,23*7B
$GPGSV,2,2,06,23,35,319,44,24,72,156,47,,,,,,,,*71
$GPGSV,2,1,06,05,34,101,43,18,64,269,46,20,31,048,29,22,00,000,23*7B
$GPGSV,2,2,06,23,35,319,44,24,72,156,47,,,,,,,,*71
$GPGSV,2,1,06,05,34,101,43,18,64,269,46,20,31,048,29,22,00,000,22*7A
$GPGSV,2,2,06,23,35,319,44,24,72,156,47,,,,,,,,*71
$GPGSV,2,1,06,05,34,101,43,18,64,269,46,20,31,048,29,22,00,000,22*7A
$GPGSV,2,2,06,23,35,319,44,24,72,156,47,,,,,,,,*71
$GPGSV,2,1,06,05,34,101,43,18,64,269,46,20,31,048,29,22,00,000,21*79
$GPGSV,2,2,06,23,35,319,44,24,72,156,47,,,,,,,,*71
$GPGSV,2,1,06,05,34,101,43,18,64,269,46,20,31,048,29,22,00,000,21*79
$GPGSV,2,2,06,23,35,319,44,24,72,156,47,,,,,,,,*71
$GPGSV,2,1,06,05,34,101,43,18,64,269,46,20,31,048,29,22,00,000,21*79
$GPGSV,2,2,06,23,35,319,44,24,72,156,47,,,,,,,,*71
$GPGSV,2,1,06,05,34,101,43,18,64,269,46,20,31,048,29,22,00,000,21*79
$GPGSV,2,2,06,23,35,319,44,24,72,156,47,,,,,,,,*71
$GPGSV,2,1,06,05,34,101,43,18,64,269,46,20,31,048,29,22,00,000,21*79
$GPGSV,2,2,06,23,35,319,44,24,72,156,47,,,,,,,,*71
$GPGSV,2,1,06,05,34,101,43,18,64,269,46,20,31,048,29,22,00,000,21*79
$GPGSV,2,2,06,23,35,319,44,24,72,156,47,,,,,,,,*71
$GPGSV,2,1,06,05,34,101,43,18,64,269,46,20,31,048,29,22,00,000,21*79
$GPGSV,2,2,06,23,35,319,44,24,72,156,47,,,,,,,,*71
$GPGSV,2,1,06,05,34,101,43,18,64,269,46,20,31,048,29,22,00,000,21*79
$GPGSV,2,2,06,23,35,319,44,24,72,156,47,,,,,,,,*71
$GPGSV,2,1,06,05,34,101,43,18,64,269,46,20,31,048,28,22,00,000,21*78
$GPGSV,2,2,06,23,35,319,44,24,72,156,47,,,,,,,,*71
$GPGSV,2,1,06,05,34,101,43,18,64,269,46,20,31,048,28,22,00,000,21*78
$GPGSV,2,2,06,23,35,319,44,24,72,156,47,,,,,,,,*71
$GPGSV,2,1,06,05,34,101,43,18,64,269,46,20,31,048,28,22,00,000,21*78
$GPGSV,2,2,06,23,35,319,44,24,72,156,46,,,,,,,,*70
$GPGSV,2,1,06,05,34,101,43,18,64,269,46,20,31,048,28,22,00,000,21*78
$GPGSV,2,2,06,23,35,319,44,24,72,156,46,,,,,,,,*70
$GPGSV,2,1,06,05,34,101,43,18,64,269,46,20,31,048,28,22,00,000,21*78
$GPGSV,2,2,06,23,35,319,44,24,72,156,46,,,,,,,,*70
$GPGSV,2,1,06,05,34,101,43,18,64,269,46,20,31,048,28,22,00,000,21*78
$GPGSV,2,2,06,23,35,319,44,24,72,156,46,,,,,,,,*70
$GPGSV,2,1,06,05,34,101,43,18,64,269,46,20,31,048,29,22,00,000,21*79
$GPGSV,2,2,06,23,35,319,44,24,72,156,46,,,,,,,,*70
$GPGSV,2,1,06,05,34,101,43,18,64,269,46,20,31,048,29,22,00,000,21*79
$GPGSV,2,2,06,23,35,319,44,24,72,156,46,,,,,,,,*70
$GPGSV,2,1,06,05,34,101,43,18,64,269,46,20,31,048,28,22,00,000,21*78
$GPGSV,2,2,06,23,35,319,44,24,72,156,46,,,,,,,,*70
$GPGSV,2,1,06,05,34,101,43,18,64,269,46,20,31,048,28,22,00,000,21*78
$GPGSV,2,2,06,23,35,319,44,24,72,156,46,,,,,,,,*70
$GPGSV,2,1,06,05,34,101,43,18,64,269,46,20,31,048,28,22,00,000,21*78
$GPGSV,2,2,06,23,35,319,44,24,72,156,46,,,,,,,,*70
$GPGSV,2,1,06,05,34,101,43,18,64,269,46,20,31,048,28,22,00,000,21*78
$GPGSV,2,2,06,23,35,319,44,24,72,156,46,,,,,,,,*70
$GPGSV,2,1,06,05,34,101,43,18,64,269,46,20,31,048,28,22,00,000,22*7B
$GPGSV,2,2,06,23,35,319,44,24,72,156,46,,,,,,,,*70
$GPGSV,2,1,06,05,34,101,43,18,64,269,46,20,31,048,28,22,00,000,21*78
$GPGSV,2,2,06,23,35,319,44,24,72,156,46,,,,,,,,*70
$GPGSV,2,1,06,05,34,101,43,18,64,269,46,20,31,048,28,22,00,000,22*7B
$GPGSV,2,2,06,23,35,319,44,24,72,156,46,,,,,,,,*70
$GPGSV,2,1,06,05,34,101,43,18,64,269,46,20,31,048,28,22,00,000,22*7B
$GPGSV,2,2,06,23,35,319,44,24,72,156,46,,,,,,,,*70
$GPGSV,2,1,06,05,34,101,43,18,64,269,46,20,31,048,27,22,00,000,22*74
$GPGSV,2,2,06,23,35,319,44,24,72,156,46,,,,,,,,*70
$GPGSV,2,1,06,05,34,101,43,18,64,269,46,20,31,048,27,22,00,000,22*74
$GPGSV,2,2,06,23,35,319,44,24,72,156,46,,,,,,,,*70
$GPGSV,2,1,06,05,34,101,43,18,64,269,46,20,31,048,27,22,00,000,22*74
$GPGSV,2,2,06,23,35,319,44,24,72,156,46,,,,,,,,*70
$GPGSV,2,1,06,05,34,101,43,18,64,269,46,20,31,048,27,22,00,000,22*74
$GPGSV,2,2,06,23,35,319,44,24,72,156,46,,,,,,,,*70
$GPGSV,2,1,06,05,34,101,43,18,64,269,46,20,31,048,27,22,00,000,22*74
$GPGSV,2,2,06,23,35,319,44,24,72,156,46,,,,,,,,*70
$GPGSV,2,1,06,05,34,101,43,18,64,269,46,20,31,048,27,22,00,000,21*77
$GPGSV,2,2,06,23,35,319,44,24,72,156,46,,,,,,,,*70
$GPGSV,2,1,06,05,34,101,43,18,64,269,46,20,31,048,27,22,00,000,21*77
$GPGSV,2,2,06,23,35,319,44,24,72,156,46,,,,,,,,*70
$GPGSV,2,1,06,05,34,101,43,18,64,269,46,20,31,048,27,22,00,000,20*76
$GPGSV,2,2,06,23,35,319,44,24,72,156,46,,,,,,,,*70
$GPGSV,2,1,06,05,34,101,43,18,64,269,46,20,31,048,28,22,00,000,20*79
$GPGSV,2,2,06,23,35,319,44,24,72,156,46,,,,,,,,*70
$GPGSV,2,1,06,05,34,101,43,18,64,269,46,20,31,048,28,22,00,000,21*78
$GPGSV,2,2,06,23,35,319,44,24,72,156,46,,,,,,,,*70
$GPGSV,2,1,06,05,34,101,43,18,64,269,46,20,31,048,28,22,00,000,21*78
$GPGSV,2,2,06,23,35,319,44,24,72,156,46,,,,,,,,*70
$GPGSV,2,1,06,05,34,101,43,18,64,269,46,20,31,048,28,22,00,000,21*78
$GPGSV,2,2,06,23,35,319,44,24,72,156,46,,,,,,,,*70
$GPGSV,2,1,06,05,34,101,43,18,64,269,46,20,31,048,28,22,00,000,21*78
$GPGSV,2,2,06,23,35,319,44,24,72,156,46,,,,,,,,*70
$GPGSV,2,1,06,05,34,101,43,18,64,269,46,20,31,048,28,22,00,000,21*78
$GPGSV,2,2,06,23,35,319,44,24,72,156,46,,,,,,,,*70
$GPGSV,2,1,06,05,34,101,43,18,64,269,46,20,31,048,28,22,00,000,21*78
$GPGSV,2,2,06,23,35,319,44,24,72,156,46,,,,,,,,*70
$GPGSV,2,1,06,05,34,101,43,18,64,269,46,20,31,048,28,22,00,000,21*78
$GPGSV,2,2,06,23,35,319,44,24,72,156,46,,,,,,,,*70
$GPGSV,2,1,06,05,34,101,43,18,64,269,46,20,31,048,27,22,00,000,20*76
$GPGSV,2,2,06,23,35,319,44,24,72,156,46,,,,,,,,*70
$GPGSV,2,1,06,05,34,101,43,18,64,269,46,20,31,048,27,22,00,000,20*76
$GPGSV,2,2,06,23,35,319,44,24,72,156,46,,,,,,,,*70
$GPGSV,2,1,06,05,34,101,43,18,64,269,46,20,31,048,27,22,00,000,20*76
$GPGSV,2,2,06,23,35,319,44,24,72,156,46,,,,,,,,*70
$GPGSV,2,1,06,05,34,101,43,18,64,269,46,20,31,048,27,22,00,000,20*76
$GPGSV,2,2,06,23,35,319,44,24,72,156,46,,,,,,,,*70
$GPGSV,2,1,06,05,34,101,43,18,64,269,46,20,31,048,27,22,00,000,20*76
$GPGSV,2,2,06,23,35,319,44,24,72,156,46,,,,,,,,*70
$GPGSV,2,1,06,05,34,101,43,18,64,269,46,20,31,048,27,22,00,000,21*77
$GPGSV,2,2,06,23,35,319,44,24,72,156,46,,,,,,,,*70
$GPGSV,2,1,06,05,34,101,43,18,64,269,46,20,31,048,27,22,00,000,21*77
$GPGSV,2,2,06,23,35,319,44,24,72,156,46,,,,,,,,*70
$GPGSV,2,1,06,05,34,101,43,18,64,269,46,20,31,048,27,22,00,000,21*77
$GPGSV,2,2,06,23,35,319,44,24,72,156,46,,,,,,,,*70
$GPGSV,2,1,06,05,34,101,43,18,64,269,46,20,31,048,27,22,00,000,21*77
$GPGSV,2,2,06,23,35,319,44,24,72,156,46,,,,,,,,*70
$GPGSV,2,1,06,05,34,101,43,18,64,269,46,20,31,048,27,22,00,000,21*77
$GPGSV,2,2,06,23,35,319,44,24,72,156,47,,,,,,,,*71
$GPGSV,2,1,06,05,34,101,43,18,64,269,46,20,31,048,28,22,00,000,21*78
$GPGSV,2,2,06,23,35,319,44,24,72,156,47,,,,,,,,*71
$GPGSV,2,1,06,05,34,101,43,18,64,269,46,20,31,048,28,22,00,000,21*78
$GPGSV,2,2,06,23,35,319,44,24,72,156,47,,,,,,,,*71
$GPGSV,2,1,06,05,34,101,43,18,64,269,46,20,31,048,28,22,00,000,21*78
$GPGSV,2,2,06,23,35,319,44,24,72,156,47,,,,,,,,*71
$GPGSV,2,1,06,05,34,101,43,18,64,269,46,20,31,048,28,22,00,000,21*78
$GPGSV,2,2,06,23,35,319,44,24,72,156,47,,,,,,,,*71
$GPGSV,2,1,06,05,34,101,43,18,64,269,46,20,31,048,28,22,00,000,21*78
$GPGSV,2,2,06,23,35,319,44,24,72,156,47,,,,,,,,*71
$GPGSV,2,1,06,05,34,101,43,18,64,269,46,20,31,048,28,22,00,000,21*78
$GPGSV,2,2,06,23,35,319,44,24,72,156,47,,,,,,,,*71
$GPGSV,2,1,06,05,34,101,43,18,64,269,46,20,31,048,28,22,00,000,21*78
$GPGSV,2,2,06,23,35,319,44,24,72,156,47,,,,,,,,*71
$GPGSV,2,1,06,05,34,101,43,18,64,269,46,20,31,048,28,22,00,000,21*78
$GPGSV,2,2,06,23,35,319,44,24,72,156,47,,,,,,,,*71
$GPGSV,2,1,06,05,34,101,43,18,64,269,46,20,31,048,28,22,00,000,22*7B
$GPGSV,2,2,06,23,35,319,44,24,72,156,47,,,,,,,,*71
$GPGSV,2,1,06,05,34,101,43,18,64,269,46,20,31,048,28,22,00,000,22*7B
$GPGSV,2,2,06,23,35,319,44,24,72,156,47,,,,,,,,*71
$GPGSV,2,1,06,05,34,101,43,18,64,269,46,20,31,048,28,22,00,000,22*7B
$GPGSV,2,2,06,23,35,319,44,24,72,156,47,,,,,,,,*71
$GPGSV,2,1,06,05,34,101,43,18,64,269,46,20,31,048,28,22,00,000,22*7B
$GPGSV,2,2,06,23,35,319,44,24,72,156,47,,,,,,,,*71
$GPGSV,2,1,06,05,34,101,44,18,64,269,46,20,31,048,28,22,00,000,22*7C
$GPGSV,2,2,06,23,35,319,44,24,72,156,47,,,,,,,,*71
$GPGSV,2,1,06,05,34,101,44,18,64,269,46,20,31,048,28,22,00,000,22*7C
$GPGSV,2,2,06,23,35,319,44,24,72,156,47,,,,,,,,*71
$GPGSV,2,1,06,05,34,101,44,18,64,269,46,20,31,048,28,22,00,000,22*7C
$GPGSV,2,2,06,23,35,319,44,24,72,156,47,,,,,,,,*71
$GPGSV,2,1,06,05,34,101,44,18,64,269,46,20,31,048,28,22,00,000,22*7C
$GPGSV,2,2,06,23,35,319,44,24,72,156,47,,,,,,,,*71
$GPGSV,2,1,06,05,34,101,44,18,64,269,46,20,31,048,28,22,00,000,22*7C
$GPGSV,2,2,06,23,35,319,44,24,72,156,47,,,,,,,,*71
$GPGSV,2,1,06,05,34,101,44,18,64,269,46,20,31,048,28,22,00,000,22*7C
$GPGSV,2,2,06,23,35,319,44,24,72,156,47,,,,,,,,*71
$GPGSV,2,1,06,05,34,101,44,18,64,269,46,20,31,048,28,22,00,000,22*7C
$GPGSV,2,2,06,23,35,319,44,24,72,155,47,,,,,,,,*72
$GPGSV,2,1,06,05,34,101,44,18,64,269,46,20,31,048,28,22,00,000,22*7C
$GPGSV,2,2,06,23,35,319,44,24,72,155,47,,,,,,,,*72
$GPGSV,2,1,06,05,34,101,44,18,64,269,46,20,31,048,28,22,00,000,22*7C
$GPGSV,2,2,06,23,35,319,44,24,72,155,47,,,,,,,,*72
$GPGSV,2,1,06,05,34,101,44,18,64,269,46,20,31,048,28,22,00,000,22*7C
$GPGSV,2,2,06,23,35,319,44,24,72,155,47,,,,,,,,*72
$GPGSV,2,1,06,05,34,101,44,18,64,269,46,20,31,048,27,22,00,000,22*73
$GPGSV,2,2,06,23,35,319,44,24,72,155,46,,,,,,,,*73
$GPGSV,2,1,06,05,34,101,44,18,64,269,47,20,31,048,27,22,00,000,23*73
$GPGSV,2,2,06,23,35,319,44,24,72,155,46,,,,,,,,*73
$GPGSV,2,1,06,05,34,101,44,18,64,269,47,20,31,048,27,22,00,000,22*72
$GPGSV,2,2,06,23,35,319,44,24,72,155,46,,,,,,,,*73
$GPGSV,2,1,06,05,34,101,44,18,64,269,47,20,31,048,27,22,00,000,22*72
$GPGSV,2,2,06,23,35,319,44,24,72,155,46,,,,,,,,*73
$GPGSV,2,1,06,05,34,101,44,18,64,269,47,20,31,048,27,22,00,000,22*72
$GPGSV,2,2,06,23,35,319,44,24,72,155,46,,,,,,,,*73
$GPGSV,2,1,06,05,34,101,44,18,64,269,47,20,31,048,27,22,00,000,22*72
$GPGSV,2,2,06,23,35,319,44,24,72,155,46,,,,,,,,*73
$GPGSV,2,1,06,05,34,101,44,18,64,269,47,20,31,048,27,22,00,000,22*72
$GPGSV,2,2,06,23,35,319,44,24,72,155,46,,,,,,,,*73
$GPGSV,2,1,06,05,34,101,44,18,64,269,46,20,31,048,27,22,00,000,21*70
$GPGSV,2,2,06,23,35,319,44,24,72,155,46,,,,,,,,*73
$GPGSV,2,1,06,05,34,101,44,18,64,269,46,20,31,048,27,22,00,000,21*70
$GPGSV,2,2,06,23,35,319,44,24,72,155,46,,,,,,,,*73
$GPGSV,2,1,06,05,34,101,44,18,64,269,46,20,31,048,27,22,00,000,21*70
$GPGSV,2,2,06,23,35,319,44,24,72,155,46,,,,,,,,*73
$GPGSV,2,1,06,05,34,101,44,18,64,269,46,20,31,048,27,22,00,000,21*70
$GPGSV,2,2,06,23,35,319,44,24,72,155,46,,,,,,,,*73
$GPGSV,2,1,06,05,34,101,44,18,64,269,46,20,31,048,27,22,00,000,22*73
$GPGSV,2,2,06,23,35,319,44,24,72,155,46,,,,,,,,*73
$GPGSV,2,1,06,05,34,101,44,18,64,269,46,20,31,048,27,22,00,000,22*73
$GPGSV,2,2,06,23,35,319,44,24,72,155,46,,,,,,,,*73
$GPGSV,2,1,06,05,34,101,44,18,64,269,46,20,31,048,27,22,00,000,21*70
$GPGSV,2,2,06,23,35,319,44,24,72,155,46,,,,,,,,*73
$GPGSV,2,1,06,05,34,101,44,18,64,269,47,20,31,048,26,22,00,000,21*70
$GPGSV,2,2,06,23,35,319,44,24,72,155,46,,,,,,,,*73
$GPGSV,2,1,06,05,34,101,44,18,64,269,47,20,31,048,26,22,00,000,21*70
$GPGSV,2,2,06,23,35,319,44,24,72,155,46,,,,,,,,*73
$GPGSV,2,1,06,05,34,101,44,18,64,268,47,20,31,048,26,22,00,000,21*71
$GPGSV,2,2,06,23,35,319,44,24,72,155,46,,,,,,,,*73
$GPGSV,2,1,06,05,34,101,44,18,64,268,47,20,31,048,26,22,00,000,21*71
$GPGSV,2,2,06,23,35,319,44,24,72,155,46,,,,,,,,*73
$GPGSV,2,1,06,05,34,101,44,18,64,268,47,20,31,048,26,22,00,000,21*71
$GPGSV,2,2,06,23,35,319,44,24,72,155,46,,,,,,,,*73
$GPGSV,2,1,06,05,34,101,44,18,64,268,47,20,31,048,26,22,00,000,21*71
$GPGSV,2,2,06,23,35,319,44,24,72,155,46,,,,,,,,*73
$GPGSV,2,1,06,05,34,101,44,18,64,268,47,20,31,048,26,22,00,000,21*71
$GPGSV,2,2,06,23,35,319,44,24,72,155,46,,,,,,,,*73
$GPGSV,2,1,06,05,34,101,44,18,64,268,47,20,00,000,25,22,00,000,21*7C
$GPGSV,2,2,06,23,35,319,44,24,72,155,46,,,,,,,,*73
$GPGSV,2,1,06,05,34,101,44,18,64,268,47,20,00,000,25,22,00,000,21*7C
$GPGSV,2,2,06,23,35,319,44,24,72,155,46,,,,,,,,*73
$GPGSV,2,1,06,05,34,101,44,18,64,268,47,20,00,000,24,22,00,000,21*7D
$GPGSV,2,2,06,23,35,319,44,24,72,155,46,,,,,,,,*73
$GPGSV,2,1,06,05,34,101,44,18,64,268,47,20,00,000,24,22,00,000,21*7D
$GPGSV,2,2,06,23,35,319,44,24,72,155,46,,,,,,,,*73
$GPGSV,2,1,06,05,34,101,44,18,64,268,47,20,00,000,24,22,00,000,21*7D
$GPGSV,2,2,06,23,35,319,44,24,72,155,46,,,,,,,,*73
$GPGSV,2,1,06,05,34,101,44,18,64,268,47,20,00,000,24,22,00,000,22*7E
$GPGSV,2,2,06,23,35,319,44,24,72,155,46,,,,,,,,*73
$GPGSV,2,1,06,05,34,101,44,18,64,268,47,20,00,000,23,22,00,000,22*79
$GPGSV,2,2,06,23,35,319,44,24,72,155,46,,,,,,,,*73
$GPGSV,2,1,06,05,34,101,44,18,64,268,47,20,00,000,23,22,00,000,22*79
$GPGSV,2,2,06,23,35,319,44,24,72,155,46,,,,,,,,*73
$GPGSV,2,1,06,05,34,101,44,18,64,268,47,20,00,000,23,22,00,000,22*79
$GPGSV,2,2,06,23,35,319,44,24,72,155,46,,,,,,,,*73
$GPGSV,2,1,05,05,34,101,44,18,64,268,47,22,00,000,21,23,35,319,44*76
$GPGSV,2,2,05,24,72,155,46,,,,,,,,,,,,*4C
$GPGSV,2,1,05,05,34,101,44,18,64,268,47,22,00,000,21,23,35,319,44*76
$GPGSV,2,2,05,24,72,155,46,,,,,,,,,,,,*4C
$GPGSV,2,1,05,05,34,101,44,18,64,268,47,22,00,000,21,23,35,319,44*76
$GPGSV,2,2,05,24,72,155,46,,,,,,,,,,,,*4C
$GPGSV,2,1,05,05,34,101,44,18,64,268,47,22,00,000,21,23,35,319,44*76
$GPGSV,2,2,05,24,72,155,46,,,,,,,,,,,,*4C
$GPGSV,2,1,05,05,34,101,44,18,64,268,47,22,00,000,21,23,35,319,44*76
$GPGSV,2,2,05,24,72,155,46,,,,,,,,,,,,*4C
$GPGSV,2,1,05,05,34,101,44,18,64,268,47,22,00,000,21,23,35,319,44*76
$GPGSV,2,2,05,24,72,155,46,,,,,,,,,,,,*4C
$GPGSV,2,1,05,05,34,101,44,18,64,268,47,22,00,000,21,23,35,319,44*76
$GPGSV,2,2,05,24,72,155,46,,,,,,,,,,,,*4C
$GPGSV,2,1,05,05,34,101,44,18,64,268,47,22,00,000,21,23,35,319,44*76
$GPGSV,2,2,05,24,72,155,46,,,,,,,,,,,,*4C
$GPGSV,2,1,05,05,34,101,44,18,64,268,47,22,00,000,21,23,35,319,44*76
$GPGSV,2,2,05,24,72,155,46,,,,,,,,,,,,*4C
$GPGSV,2,1,05,05,34,101,44,18,64,268,47,22,00,000,21,23,35,319,44*76
$GPGSV,2,2,05,24,72,155,46,,,,,,,,,,,,*4C
$GPGSV,2,1,05,05,34,101,44,18,64,268,47,22,00,000,21,23,35,319,44*76
$GPGSV,2,2,05,24,72,155,46,,,,,,,,,,,,*4C
$GPGSV,2,1,05,05,34,102,44,18,64,268,47,22,00,000,22,23,35,319,44*76
$GPGSV,2,2,05,24,72,155,46,,,,,,,,,,,,*4C
$GPGSV,2,1,05,05,34,102,44,18,64,268,47,22,00,000,22,23,35,319,44*76
$GPGSV,2,2,05,24,72,155,46,,,,,,,,,,,,*4C
$GPGSV,2,1,05,05,34,102,44,18,64,268,47,22,00,000,23,23,35,319,44*77
$GPGSV,2,2,05,24,72,155,46,,,,,,,,,,,,*4C
$GPGSV,2,1,05,05,34,102,44,18,64,268,46,22,00,000,23,23,35,319,44*76
$GPGSV,2,2,05,24,72,155,46,,,,,,,,,,,,*4C
$GPGSV,2,1,05,05,34,102,44,18,64,268,46,22,00,000,23,23,35,319,44*76
$GPGSV,2,2,05,24,72,155,46,,,,,,,,,,,,*4C
$GPGSV,2,1,05,05,34,102,44,18,64,268,46,22,00,000,22,23,35,319,44*77
$GPGSV,2,2,05,24,72,155,46,,,,,,,,,,,,*4C
$GPGSV,2,1,05,05,34,102,44,18,64,268,46,22,00,000,22,23,35,319,44*77
$GPGSV,2,2,05,24,72,155,46,,,,,,,,,,,,*4C
$GPGSV,2,1,05,05,34,102,44,18,64,268,46,22,00,000,22,23,35,319,44*77
$GPGSV,2,2,05,24,72,155,46,,,,,,,,,,,,*4C
$GPGSV,2,1,05,05,34,102,44,18,64,268,46,22,00,000,22,23,35,319,44*77
$GPGSV,2,2,05,24,72,155,46,,,,,,,,,,,,*4C
$GPGSV,2,1,05,05,34,102,44,18,64,268,46,22,00,000,22,23,35,319,44*77
$GPGSV,2,2,05,24,72,155,46,,,,,,,,,,,,*4C
$GPGSV,2,1,05,05,33,102,44,18,64,268,46,22,00,000,22,23,35,319,44*70
$GPGSV,2,2,05,24,72,155,46,,,,,,,,,,,,*4C
$GPGSV,2,1,05,05,33,102,44,18,64,268,46,22,00,000,22,23,35,319,44*70
$GPGSV,2,2,05,24,72,155,46,,,,,,,,,,,,*4C
$GPGSV,2,1,05,05,33,102,44,18,64,268,46,22,00,000,22,23,35,319,44*70
$GPGSV,2,2,05,24,72,155,46,,,,,,,,,,,,*4C
$GPGSV,2,1,05,05,33,102,44,18,64,268,46,22,00,000,22,23,35,319,44*70
$GPGSV,2,2,05,24,72,155,46,,,,,,,,,,,,*4C
$GPGSV,2,1,05,05,33,102,44,18,64,268,46,22,00,000,22,23,35,319,44*70
$GPGSV,2,2,05,24,72,155,46,,,,,,,,,,,,*4C
$GPGSV,2,1,05,05,33,102,44,18,64,268,46,22,00,000,22,23,35,319,44*70
$GPGSV,2,2,05,24,72,155,46,,,,,,,,,,,,*4C
$GPGSV,2,1,05,05,33,102,44,18,64,268,46,22,00,000,22,23,35,319,44*70
$GPGSV,2,2,05,24,72,155,46,,,,,,,,,,,,*4C
$GPGSV,2,1,05,05,33,102,44,18,64,268,46,22,00,000,22,23,35,319,44*70
$GPGSV,2,2,05,24,72,155,46,,,,,,,,,,,,*4C
$GPGSV,2,1,05,05,33,102,44,18,64,268,46,22,00,000,22,23,35,319,44*70
$GPGSV,2,2,05,24,72,155,46,,,,,,,,,,,,*4C
$GPGSV,2,1,05,05,33,102,44,18,64,268,46,22,00,000,21,23,35,319,44*73
$GPGSV,2,2,05,24,72,155,46,,,,,,,,,,,,*4C
$GPGSV,2,1,05,05,33,102,44,18,64,268,46,22,00,000,21,23,35,319,44*73
$GPGSV,2,2,05,24,72,155,46,,,,,,,,,,,,*4C
$GPGSV,2,1,05,05,33,102,44,18,64,268,46,22,00,000,21,23,35,319,44*73
$GPGSV,2,2,05,24,72,155,46,,,,,,,,,,,,*4C
$GPGSV,2,1,05,05,33,102,44,18,64,268,46,22,00,000,21,23,35,319,44*73
$GPGSV,2,2,05,24,72,155,46,,,,,,,,,,,,*4C
$GPGSV,2,1,05,05,33,102,44,18,64,268,46,22,00,000,21,23,35,319,44*73
$GPGSV,2,2,05,24,72,155,46,,,,,,,,,,,,*4C
$GPGSV,2,1,05,05,33,102,44,18,64,268,46,22,00,000,21,23,35,319,44*73
$GPGSV,2,2,05,24,72,155,46,,,,,,,,,,,,*4C
$GPGSV,2,1,05,05,33,102,44,18,64,268,46,22,00,000,21,23,35,319,44*73
$GPGSV,2,2,05,24,72,155,46,,,,,,,,,,,,*4C
$GPGSV,2,1,05,05,33,102,44,18,64,268,46,22,00,000,21,23,35,319,44*73
$GPGSV,2,2,05,24,72,155,46,,,,,,,,,,,,*4C
$GPGSV,2,1,05,05,33,102,44,18,64,268,46,22,00,000,21,23,35,319,44*73
$GPGSV,2,2,05,24,72,155,46,,,,,,,,,,,,*4C
$GPGSV,2,1,05,05,33,102,44,18,64,268,46,22,00,000,22,23,35,319,44*70
$GPGSV,2,2,05,24,72,155,46,,,,,,,,,,,,*4C
$GPGSV,2,1,05,05,33,102,44,18,64,268,46,22,00,000,22,23,35,319,44*70
$GPGSV,2,2,05,24,72,155,46,,,,,,,,,,,,*4C
$GPGSV,2,1,05,05,33,102,44,18,64,268,46,22,00,000,22,23,35,319,44*70
$GPGSV,2,2,05,24,72,155,46,,,,,,,,,,,,*4C
$GPGSV,2,1,05,05,33,102,44,18,64,268,46,22,00,000,23,23,35,319,44*71
$GPGSV,2,2,05,24,72,155,46,,,,,,,,,,,,*4C
$GPGSV,2,1,05,05,33,102,44,18,64,268,46,22,00,000,23,23,35,319,44*71
$GPGSV,2,2,05,24,72,155,46,,,,,,,,,,,,*4C
$GPGSV,2,1,05,05,33,102,44,18,64,268,46,22,00,000,22,23,35,319,44*70
$GPGSV,2,2,05,24,72,155,46,,,,,,,,,,,,*4C
$GPGSV,2,1,05,05,33,102,44,18,64,268,46,22,00,000,22,23,35,319,44*70
$GPGSV,2,2,05,24,72,155,46,,,,,,,,,,,,*4C
$GPGSV,2,1,05,05,33,102,44,18,64,268,46,22,00,000,23,23,35,319,44*71
$GPGSV,2,2,05,24,72,155,46,,,,,,,,,,,,*4C
$GPGSV,2,1,05,05,33,102,44,18,64,268,46,22,00,000,22,23,35,319,44*70
$GPGSV,2,2,05,24,72,155,46,,,,,,,,,,,,*4C
$GPGSV,2,1,05,05,33,102,44,18,64,268,46,22,00,000,22,23,35,319,44*70
$GPGSV,2,2,05,24,72,155,46,,,,,,,,,,,,*4C
$GPGSV,2,1,05,05,33,102,44,18,64,268,46,22,00,000,22,23,35,319,44*70
$GPGSV,2,2,05,24,72,155,46,,,,,,,,,,,,*4C
$GPGSV,2,1,05,05,33,102,44,18,64,268,46,22,00,000,22,23,35,319,44*70
$GPGSV,2,2,05,24,72,155,46,,,,,,,,,,,,*4C
$GPGSV,2,1,05,05,33,102,44,18,64,268,46,22,00,000,22,23,35,319,44*70
$GPGSV,2,2,05,24,72,155,47,,,,,,,,,,,,*4D
$GPGSV,2,1,05,05,33,102,44,18,64,268,46,22,00,000,22,23,35,319,44*70
$GPGSV,2,2,05,24,72,155,47,,,,,,,,,,,,*4D
$GPGSV,2,1,05,05,33,102,44,18,64,268,46,22,00,000,22,23,35,319,44*70
$GPGSV,2,2,05,24,72,155,47,,,,,,,,,,,,*4D
$GPGSV,2,1,05,05,33,102,44,18,64,268,46,22,00,000,23,23,35,319,44*71
$GPGSV,2,2,05,24,72,155,47,,,,,,,,,,,,*4D
$GPGSV,2,1,05,05,33,102,44,18,64,268,46,22,00,000,23,23,35,319,44*71
$GPGSV,2,2,05,24,72,155,47,,,,,,,,,,,,*4D
$GPGSV,2,1,05,05,33,102,44,18,64,268,46,22,00,000,23,23,35,319,44*71
$GPGSV,2,2,05,24,72,155,47,,,,,,,,,,,,*4D
$GPGSV,2,1,05,05,33,102,44,18,64,268,46,22,00,000,23,23,35,319,44*71
$GPGSV,2,2,05,24,72,155,47,,,,,,,,,,,,*4D
$GPGSV,2,1,05,05,33,102,44,18,64,268,46,22,00,000,23,23,35,319,44*71
$GPGSV,2,2,05,24,72,155,47,,,,,,,,,,,,*4D
$GPGSV,2,1,05,05,33,102,44,18,64,268,46,22,00,000,23,23,35,319,44*71
$GPGSV,2,2,05,24,72,155,47,,,,,,,,,,,,*4D
$GPGSV,2,1,05,05,33,102,44,18,64,268,46,22,00,000,23,23,35,319,44*71
$GPGSV,2,2,05,24,72,155,47,,,,,,,,,,,,*4D
$GPGSV,2,1,05,05,33,102,44,18,64,268,46,22,00,000,23,23,35,319,44*71
$GPGSV,2,2,05,24,72,155,47,,,,,,,,,,,,*4D
$GPGSV,2,1,05,05,33,102,44,18,64,268,46,22,00,000,23,23,35,319,44*71
$GPGSV,2,2,05,24,72,155,47,,,,,,,,,,,,*4D
$GPGSV,2,1,05,05,33,102,44,18,64,268,46,22,00,000,23,23,35,319,44*71
$GPGSV,2,2,05,24,72,155,47,,,,,,,,,,,,*4D
$GPGSV,2,1,05,05,33,102,44,18,64,268,46,22,00,000,23,23,35,319,44*71
$GPGSV,2,2,05,24,72,155,47,,,,,,,,,,,,*4D
$GPGSV,2,1,05,05,33,102,44,18,64,268,46,22,00,000,23,23,35,319,44*71
$GPGSV,2,2,05,24,72,155,47,,,,,,,,,,,,*4D
$GPGSV,2,1,05,05,33,102,44,18,64,268,46,22,00,000,23,23,35,319,44*71
$GPGSV,2,2,05,24,72,155,47,,,,,,,,,,,,*4D
$GPGSV,2,1,05,05,33,102,44,18,64,268,46,22,00,000,23,23,35,319,44*71
$GPGSV,2,2,05,24,72,155,47,,,,,,,,,,,,*4D
$GPGSV,2,1,05,05,33,102,44,18,64,268,46,22,00,000,23,23,35,319,44*71
$GPGSV,2,2,05,24,72,155,47,,,,,,,,,,,,*4D
$GPGSV,2,1,05,05,33,102,44,18,64,268,46,22,00,000,23,23,35,319,44*71
$GPGSV,2,2,05,24,72,155,47,,,,,,,,,,,,*4D
$GPGSV,2,1,05,05,33,102,44,18,64,268,46,22,00,000,23,23,35,319,44*71
$GPGSV,2,2,05,24,72,155,47,,,,,,,,,,,,*4D
$GPGSV,2,1,05,05,33,102,44,18,64,268,46,22,00,000,23,23,35,319,44*71
$GPGSV,2,2,05,24,73,155,47,,,,,,,,,,,,*4C
$GPGSV,2,1,05,05,33,102,44,18,64,268,46,22,00,000,22,23,35,319,44*70
$GPGSV,2,2,05,24,73,155,47,,,,,,,,,,,,*4C
$GPGSV,2,1,05,05,33,102,44,18,64,268,46,22,00,000,22,23,35,319,44*70
$GPGSV,2,2,05,24,73,155,47,,,,,,,,,,,,*4C
$GPGSV,2,1,05,05,33,102,44,18,64,268,46,22,00,000,21,23,35,319,44*73
$GPGSV,2,2,05,24,73,155,47,,,,,,,,,,,,*4C
$GPGSV,2,1,05,05,33,102,44,18,64,268,46,22,00,000,21,23,35,319,44*73
$GPGSV,2,2,05,24,73,155,47,,,,,,,,,,,,*4C
$GPGSV,2,1,05,05,33,102,44,18,64,268,46,22,00,000,21,23,35,319,44*73
$GPGSV,2,2,05,24,73,155,47,,,,,,,,,,,,*4C
$GPGSV,2,1,05,05,33,102,44,18,64,268,46,22,00,000,21,23,35,319,44*73
$GPGSV,2,2,05,24,73,155,47,,,,,,,,,,,,*4C
$GPGSV,2,1,05,05,33,102,44,18,64,268,46,22,00,000,21,23,35,319,44*73
$GPGSV,2,2,05,24,73,155,47,,,,,,,,,,,,*4C
$GPGSV,2,1,05,05,33,102,44,18,64,268,46,22,00,000,21,23,35,319,44*73
$GPGSV,2,2,05,24,73,155,47,,,,,,,,,,,,*4C
$GPGSV,2,1,05,05,33,102,44,18,64,268,46,22,00,000,21,23,35,319,44*73
$GPGSV,2,2,05,24,73,155,47,,,,,,,,,,,,*4C
$GPGSV,2,1,05,05,33,102,44,18,64,268,46,22,00,000,21,23,35,319,44*73
$GPGSV,2,2,05,24,73,155,47,,,,,,,,,,,,*4C
$GPGSV,2,1,05,05,33,102,44,18,64,268,46,22,00,000,20,23,35,319,44*72
$GPGSV,2,2,05,24,73,155,47,,,,,,,,,,,,*4C
$GPGSV,2,1,05,05,33,102,44,18,64,268,46,22,00,000,20,23,35,319,44*72
$GPGSV,2,2,05,24,73,155,47,,,,,,,,,,,,*4C
$GPGSV,2,1,05,05,33,102,44,18,64,268,46,22,00,000,20,23,35,319,44*72
$GPGSV,2,2,05,24,73,155,47,,,,,,,,,,,,*4C
$GPGSV,2,1,05,05,33,102,44,18,64,268,46,22,00,000,20,23,35,319,44*72
$GPGSV,2,2,05,24,73,155,47,,,,,,,,,,,,*4C
$GPGSV,2,1,05,05,33,102,44,18,64,268,46,22,00,000,20,23,35,319,44*72
$GPGSV,2,2,05,24,73,155,47,,,,,,,,,,,,*4C
$GPGSV,2,1,05,05,33,102,44,18,64,268,46,22,00,000,20,23,35,319,44*72
$GPGSV,2,2,05,24,73,155,47,,,,,,,,,,,,*4C
$GPGSV,2,1,05,05,33,102,44,18,64,268,46,22,00,000,20,23,35,319,44*72
$GPGSV,2,2,05,24,73,155,47,,,,,,,,,,,,*4C
$GPGSV,2,1,05,05,33,102,44,18,64,268,46,22,00,000,20,23,35,319,44*72
$GPGSV,2,2,05,24,73,155,47,,,,,,,,,,,,*4C
$GPGSV,2,1,05,05,33,102,44,18,64,268,46,22,00,000,20,23,35,319,44*72
$GPGSV,2,2,05,24,73,155,47,,,,,,,,,,,,*4C
$GPGSV,2,1,05,05,33,102,44,18,64,268,46,22,00,000,20,23,35,319,44*72
$GPGSV,2,2,05,24,73,155,47,,,,,,,,,,,,*4C
$GPGSV,2,1,05,05,33,102,44,18,64,268,46,22,00,000,20,23,35,319,44*72
$GPGSV,2,2,05,24,73,155,47,,,,,,,,,,,,*4C
$GPGSV,2,1,05,05,33,102,44,18,64,268,46,22,00,000,20,23,35,319,44*72
$GPGSV,2,2,05,24,73,155,47,,,,,,,,,,,,*4C
$GPGSV,2,1,05,05,33,102,44,18,64,268,46,22,00,000,21,23,35,319,44*73
$GPGSV,2,2,05,24,73,155,47,,,,,,,,,,,,*4C
$GPGSV,2,1,05,05,33,102,44,18,64,268,46,22,00,000,21,23,35,319,44*73
$GPGSV,2,2,05,24,73,155,47,,,,,,,,,,,,*4C
$GPGSV,2,1,05,05,33,102,44,18,64,268,46,22,00,000,21,23,35,319,44*73
$GPGSV,2,2,05,24,73,155,47,,,,,,,,,,,,*4C
$GPGSV,2,1,05,05,33,102,44,18,64,268,46,22,00,000,21,23,35,319,44*73
$GPGSV,2,2,05,24,73,155,47,,,,,,,,,,,,*4C
$GPGSV,2,1,05,05,33,102,44,18,64,268,46,22,00,000,21,23,35,319,44*73
$GPGSV,2,2,05,24,73,155,47,,,,,,,,,,,,*4C
$GPGSV,2,1,05,05,33,102,44,18,64,268,46,22,00,000,22,23,35,319,44*70
$GPGSV,2,2,05,24,73,155,47,,,,,,,,,,,,*4C
$GPGSV,2,1,05,05,33,102,44,18,64,268,46,22,00,000,22,23,35,319,44*70
$GPGSV,2,2,05,24,73,155,47,,,,,,,,,,,,*4C
$GPGSV,2,1,05,05,33,102,44,18,64,268,46,22,00,000,22,23,35,319,44*70
$GPGSV,2,2,05,24,73,155,47,,,,,,,,,,,,*4C
$GPGSV,2,1,05,05,33,102,44,18,64,268,46,22,00,000,22,23,35,319,44*70
$GPGSV,2,2,05,24,73,155,47,,,,,,,,,,,,*4C
$GPGSV,2,1,05,05,33,102,44,18,64,268,46,22,00,000,22,23,35,319,44*70
$GPGSV,2,2,05,24,73,155,47,,,,,,,,,,,,*4C
$GPGSV,2,1,05,05,33,102,44,18,64,268,46,22,00,000,22,23,35,319,44*70
$GPGSV,2,2,05,24,73,155,47,,,,,,,,,,,,*4C
$GPGSV,2,1,05,05,33,102,44,18,64,268,46,22,00,000,21,23,35,319,44*73
$GPGSV,2,2,05,24,73,155,47,,,,,,,,,,,,*4C
$GPGSV,2,1,05,05,33,102,44,18,64,268,46,22,00,000,21,23,35,319,44*73
$GPGSV,2,2,05,24,73,155,47,,,,,,,,,,,,*4C
$GPGSV,2,1,05,05,33,102,44,18,64,268,46,22,00,000,22,23,35,319,44*70
$GPGSV,2,2,05,24,73,155,47,,,,,,,,,,,,*4C
$GPGSV,2,1,05,05,33,102,44,18,64,268,46,22,00,000,22,23,35,319,44*70
$GPGSV,2,2,05,24,73,155,47,,,,,,,,,,,,*4C
$GPGSV,2,1,05,05,33,102,44,18,64,268,46,22,00,000,21,23,35,319,44*73
$GPGSV,2,2,05,24,73,155,47,,,,,,,,,,,,*4C
$GPGSV,2,1,05,05,33,102,44,18,64,268,46,22,00,000,21,23,35,319,44*73
$GPGSV,2,2,05,24,73,155,47,,,,,,,,,,,,*4C
$GPGSV,2,1,05,05,33,102,44,18,64,268,46,22,00,000,21,23,35,319,44*73
$GPGSV,2,2,05,24,73,155,47,,,,,,,,,,,,*4C
$GPGSV,2,1,05,05,33,102,44,18,64,268,47,22,00,000,21,23,35,319,44*72
$GPGSV,2,2,05,24,73,155,47,,,,,,,,,,,,*4C
$GPGSV,2,1,05,05,33,102,44,18,64,268,46,22,00,000,21,23,35,319,44*73
$GPGSV,2,2,05,24,73,155,47,,,,,,,,,,,,*4C
$GPGSV,2,1,05,05,33,102,44,18,64,268,46,22,00,000,21,23,35,319,44*73
$GPGSV,2,2,05,24,73,155,47,,,,,,,,,,,,*4C
$GPGSV,2,1,05,05,33,102,44,18,64,268,46,22,00,000,22,23,35,319,44*70
$GPGSV,2,2,05,24,73,155,47,,,,,,,,,,,,*4C
$GPGSV,2,1,05,05,33,102,44,18,64,268,46,22,00,000,22,23,35,319,45*71
$GPGSV,2,2,05,24,73,155,47,,,,,,,,,,,,*4C
$GPGSV,2,1,05,05,33,102,44,18,64,268,46,22,00,000,22,23,35,319,45*71
$GPGSV,2,2,05,24,73,155,47,,,,,,,,,,,,*4C
$GPGSV,2,1,05,05,33,102,44,18,64,268,46,22,00,000,22,23,35,319,45*71
$GPGSV,2,2,05,24,73,155,47,,,,,,,,,,,,*4C
$GPGSV,2,1,05,05,33,102,44,18,64,268,46,22,00,000,22,23,35,319,45*71
$GPGSV,2,2,05,24,73,155,47,,,,,,,,,,,,*4C
$GPGSV,2,1,05,05,33,102,44,18,64,268,46,22,00,000,22,23,35,319,44*70
$GPGSV,2,2,05,24,73,155,47,,,,,,,,,,,,*4C
$GPGSV,2,1,05,05,33,102,44,18,64,268,46,22,00,000,22,23,35,319,44*70
$GPGSV,2,2,05,24,73,155,47,,,,,,,,,,,,*4C
$GPGSV,2,1,05,05,33,102,44,18,64,268,46,22,00,000,22,23,35,319,44*70
$GPGSV,2,2,05,24,73,155,47,,,,,,,,,,,,*4C
$GPGSV,2,1,05,05,33,102,44,18,64,268,46,22,00,000,22,23,35,319,44*70
$GPGSV,2,2,05,24,73,155,47,,,,,,,,,,,,*4C
$GPGSV,2,1,05,05,33,102,44,18,64,268,46,22,00,000,22,23,35,319,44*70
$GPGSV,2,2,05,24,73,155,47,,,,,,,,,,,,*4C
$GPGSV,2,1,05,05,33,102,44,18,64,268,46,22,00,000,22,23,35,319,44*70
$GPGSV,2,2,05,24,73,155,47,,,,,,,,,,,,*4C
$GPGSV,2,1,05,05,33,102,44,18,64,268,46,22,00,000,22,23,35,319,44*70
$GPGSV,2,2,05,24,73,155,47,,,,,,,,,,,,*4C
$GPGSV,2,1,05,05,33,102,44,18,64,268,46,22,00,000,22,23,35,319,44*70
$GPGSV,2,2,05,24,73,155,47,,,,,,,,,,,,*4C
$GPGSV,2,1,05,05,33,102,44,18,64,268,46,22,00,000,22,23,35,319,44*70
$GPGSV,2,2,05,24,73,155,47,,,,,,,,,,,,*4C
$GPGSV,2,1,05,05,33,102,44,18,64,268,47,22,00,000,23,23,35,319,44*70
$GPGSV,2,2,05,24,73,155,47,,,,,,,,,,,,*4C
$GPGSV,2,1,05,05,33,102,44,18,64,268,47,22,00,000,23,23,35,319,44*70
$GPGSV,2,2,05,24,73,155,47,,,,,,,,,,,,*4C
$GPGSV,2,1,05,05,33,102,44,18,64,268,47,22,00,000,23,23,35,319,45*71
$GPGSV,2,2,05,24,73,155,47,,,,,,,,,,,,*4C
$GPGSV,2,1,06,05,33,102,44,18,64,268,47,20,00,000,20,22,00,000,23*7F
$GPGSV,2,2,06,23,35,319,45,24,73,155,47,,,,,,,,*72
$GPGSV,2,1,06,05,33,102,44,18,64,268,47,20,00,000,18,22,00,000,23*74
$GPGSV,2,2,06,23,35,319,45,24,73,155,47,,,,,,,,*72
$GPGSV,2,1,06,05,33,102,44,18,64,268,47,20,00,000,19,22,00,000,22*74
$GPGSV,2,2,06,23,35,319,45,24,73,155,47,,,,,,,,*72
$GPGSV,2,1,06,05,33,102,44,18,64,268,47,20,00,000,19,22,00,000,22*74
$GPGSV,2,2,06,23,35,319,45,24,73,155,47,,,,,,,,*72
$GPGSV,2,1,06,05,33,102,44,18,64,268,47,20,00,000,20,22,00,000,22*7E
$GPGSV,2,2,06,23,35,319,45,24,73,155,47,,,,,,,,*72
$GPGSV,2,1,06,05,33,102,44,18,64,268,47,20,00,000,21,22,00,000,21*7C
$GPGSV,2,2,06,23,35,319,45,24,73,155,47,,,,,,,,*72
$GPGSV,2,1,06,05,33,102,44,18,64,268,47,20,00,000,21,22,00,000,21*7C
$GPGSV,2,2,06,23,35,319,45,24,73,155,47,,,,,,,,*72
$GPGSV,2,1,06,05,33,102,44,18,64,268,47,20,00,000,22,22,00,000,21*7F
$GPGSV,2,2,06,23,35,319,45,24,73,155,47,,,,,,,,*72
$GPGSV,2,1,06,05,33,102,44,18,64,268,47,20,00,000,23,22,00,000,22*7D
$GPGSV,2,2,06,23,35,319,45,24,73,155,47,,,,,,,,*72
$GPGSV,2,1,06,05,33,102,44,18,64,268,47,20,00,000,23,22,00,000,22*7D
$GPGSV,2,2,06,23,35,319,45,24,73,155,47,,,,,,,,*72
$GPGSV,2,1,06,05,33,102,44,18,64,268,47,20,00,000,23,22,00,000,22*7D
$GPGSV,2,2,06,23,35,319,45,24,73,155,47,,,,,,,,*72
$GPGSV,2,1,06,05,33,102,44,18,64,268,47,20,00,000,23,22,00,000,22*7D
$GPGSV,2,2,06,23,35,319,45,24,73,155,47,,,,,,,,*72
$GPGSV,2,1,06,05,33,102,44,18,64,268,47,20,00,000,23,22,00,000,22*7D
$GPGSV,2,2,06,23,35,319,45,24,73,155,47,,,,,,,,*72
$GPGSV,2,1,06,05,33,102,44,18,64,268,47,20,00,000,23,22,00,000,22*7D
$GPGSV,2,2,06,23,35,319,45,24,73,155,47,,,,,,,,*72
$GPGSV,2,1,06,05,33,102,44,18,64,268,47,20,00,000,23,22,00,000,22*7D
$GPGSV,2,2,06,23,35,319,45,24,73,155,47,,,,,,,,*72
$GPGSV,2,1,06,05,33,102,44,18,64,268,47,20,00,000,23,22,00,000,22*7D
$GPGSV,2,2,06,23,35,319,45,24,73,155,47,,,,,,,,*72
$GPGSV,2,1,06,05,33,102,44,18,64,268,47,20,00,000,23,22,00,000,23*7C
$GPGSV,2,2,06,23,35,319,45,24,73,155,47,,,,,,,,*72
$GPGSV,2,1,06,05,33,102,44,18,64,268,47,20,00,000,23,22,00,000,23*7C
$GPGSV,2,2,06,23,35,319,45,24,73,155,47,,,,,,,,*72
$GPGSV,2,1,06,05,33,102,44,18,64,268,47,20,00,000,23,22,00,000,23*7C
$GPGSV,2,2,06,23,35,319,45,24,73,155,46,,,,,,,,*73
$GPGSV,2,1,06,05,33,102,44,18,64,268,47,20,00,000,23,22,00,000,23*7C
$GPGSV,2,2,06,23,35,319,45,24,73,155,46,,,,,,,,*73
$GPGSV,2,1,06,05,33,102,44,18,64,268,47,20,00,000,22,22,00,000,23*7D
$GPGSV,2,2,06,23,35,319,45,24,73,155,46,,,,,,,,*73
$GPGSV,2,1,06,05,33,102,44,18,64,268,47,20,00,000,23,22,00,000,22*7D
$GPGSV,2,2,06,23,35,319,45,24,73,155,46,,,,,,,,*73
$GPGSV,2,1,06,05,33,102,44,18,64,268,47,20,00,000,23,22,00,000,22*7D
$GPGSV,2,2,06,23,35,319,45,24,73,155,46,,,,,,,,*73
$GPGSV,2,1,06,05,33,102,44,18,64,268,47,20,00,000,22,22,00,000,22*7C
$GPGSV,2,2,06,23,35,319,45,24,73,155,46,,,,,,,,*73
$GPGSV,2,1,06,05,33,102,44,18,64,268,47,20,00,000,22,22,00,000,22*7C
$GPGSV,2,2,06,23,35,319,45,24,73,155,46,,,,,,,,*73
$GPGSV,2,1,06,05,33,102,44,18,64,268,47,20,00,000,22,22,00,000,22*7C
$GPGSV,2,2,06,23,35,319,45,24,73,155,46,,,,,,,,*73
$GPGSV,2,1,06,05,33,102,44,18,64,268,47,20,00,000,21,22,00,000,23*7E
$GPGSV,2,2,06,23,35,319,45,24,73,155,46,,,,,,,,*73
$GPGSV,2,1,06,05,33,102,44,18,64,268,47,20,00,000,21,22,00,000,23*7E
$GPGSV,2,2,06,23,35,319,45,24,73,155,46,,,,,,,,*73
$GPGSV,2,1,06,05,33,102,44,18,64,268,47,20,00,000,20,22,00,000,23*7F
$GPGSV,2,2,06,23,35,319,45,24,73,155,47,,,,,,,,*72
$GPGSV,2,1,06,05,33,102,44,18,64,268,47,20,00,000,20,22,00,000,23*7F
$GPGSV,2,2,06,23,35,319,45,24,73,155,47,,,,,,,,*72
$GPGSV,2,1,06,05,33,102,44,18,64,268,47,20,00,000,20,22,00,000,24*78
$GPGSV,2,2,06,23,35,319,45,24,73,155,47,,,,,,,,*72
$GPGSV,2,1,06,05,33,102,44,18,64,268,47,20,00,000,20,22,00,000,23*7F
$GPGSV,2,2,06,23,35,319,45,24,73,155,47,,,,,,,,*72
$GPGSV,2,1,06,05,33,102,44,18,64,268,47,20,00,000,20,22,00,000,23*7F
$GPGSV,2,2,06,23,35,319,45,24,73,155,47,,,,,,,,*72
$GPGSV,2,1,06,05,33,102,44,18,64,268,47,20,00,000,20,22,00,000,23*7F
$GPGSV,2,2,06,23,35,319,45,24,73,155,47,,,,,,,,*72
$GPGSV,2,1,06,05,33,102,44,18,64,268,47,20,00,000,20,22,00,000,23*7F
$GPGSV,2,2,06,23,35,319,45,24,73,155,47,,,,,,,,*72
$GPGSV,2,1,06,05,33,102,44,18,64,268,47,20,00,000,20,22,00,000,23*7F
$GPGSV,2,2,06,23,35,319,45,24,73,155,47,,,,,,,,*72
$GPGSV,2,1,06,05,33,102,44,18,64,268,47,20,00,000,20,22,00,000,23*7F
$GPGSV,2,2,06,23,35,319,45,24,73,155,47,,,,,,,,*72
$GPGSV,2,1,06,05,33,102,44,18,64,268,47,20,00,000,21,22,00,000,23*7E
$GPGSV,2,2,06,23,35,319,45,24,73,155,47,,,,,,,,*72
$GPGSV,2,1,06,05,33,102,44,18,64,268,47,20,00,000,21,22,00,000,23*7E
$GPGSV,2,2,06,23,35,319,45,24,73,155,47,,,,,,,,*72
$GPGSV,2,1,06,05,33,102,44,18,64,268,47,20,00,000,21,22,00,000,23*7E
$GPGSV,2,2,06,23,35,319,45,24,73,155,47,,,,,,,,*72
$GPGSV,2,1,06,05,33,102,44,18,64,268,46,20,00,000,21,22,00,000,23*7F
$GPGSV,2,2,06,23,35,319,45,24,73,155,47,,,,,,,,*72
$GPGSV,2,1,06,05,33,102,44,18,64,268,46,20,00,000,21,22,00,000,23*7F
$GPGSV,2,2,06,23,35,319,45,24,73,155,47,,,,,,,,*72
$GPGSV,2,1,06,05,33,102,44,18,64,268,46,20,00,000,21,22,00,000,22*7E
$GPGSV,2,2,06,23,35,319,45,24,73,155,47,,,,,,,,*72
$GPGSV,2,1,06,05,33,102,44,18,64,268,46,20,00,000,21,22,00,000,22*7E
$GPGSV,2,2,06,23,35,319,45,24,73,155,47,,,,,,,,*72
$GPGSV,2,1,06,05,33,102,44,18,64,268,46,20,00,000,20,22,00,000,22*7F
$GPGSV,2,2,06,23,35,319,45,24,73,155,47,,,,,,,,*72
$GPGSV,2,1,06,05,33,102,44,18,64,268,46,20,00,000,20,22,00,000,22*7F
$GPGSV,2,2,06,23,35,319,45,24,73,155,47,,,,,,,,*72
$GPGSV,2,1,06,05,33,102,44,18,64,268,46,20,00,000,20,22,00,000,21*7C
$GPGSV,2,2,06,23,35,319,45,24,73,155,47,,,,,,,,*72
$GPGSV,2,1,06,05,33,102,44,18,64,268,46,20,00,000,19,22,00,000,21*76
$GPGSV,2,2,06,23,35,319,45,24,73,155,47,,,,,,,,*72
$GPGSV,2,1,06,05,33,102,44,18,64,268,46,20,00,000,19,22,00,000,21*76
$GPGSV,2,2,06,23,35,319,45,24,73,155,47,,,,,,,,*72
$GPGSV,2,1,06,05,33,102,44,18,64,268,46,20,00,000,19,22,00,000,22*75
$GPGSV,2,2,06,23,35,319,45,24,73,155,47,,,,,,,,*72
$GPGSV,2,1,06,05,33,102,44,18,64,268,46,20,00,000,20,22,00,000,22*7F
$GPGSV,2,2,06,23,35,319,45,24,73,155,47,,,,,,,,*72
$GPGSV,2,1,06,05,33,102,44,18,64,268,46,20,00,000,20,22,00,000,22*7F
$GPGSV,2,2,06,23,35,319,45,24,73,155,47,,,,,,,,*72
$GPGSV,2,1,06,05,33,102,44,18,64,268,46,20,00,000,20,22,00,000,22*7F
$GPGSV,2,2,06,23,35,319,45,24,73,155,47,,,,,,,,*72
$GPGSV,2,1,06,05,33,102,44,18,64,268,46,20,00,000,20,22,00,000,22*7F
$GPGSV,2,2,06,23,35,319,45,24,73,155,47,,,,,,,,*72
$GPGSV,2,1,06,05,33,102,44,18,64,268,46,20,00,000,20,22,00,000,22*7F
$GPGSV,2,2,06,23,35,319,45,24,73,155,47,,,,,,,,*72
$GPGSV,2,1,06,05,33,102,44,18,64,268,46,20,00,000,20,22,00,000,22*7F
$GPGSV,2,2,06,23,35,319,45,24,73,155,47,,,,,,,,*72
$GPGSV,2,1,06,05,33,102,44,18,64,268,46,20,00,000,20,22,00,000,23*7E
$GPGSV,2,2,06,23,35,319,45,24,73,155,47,,,,,,,,*72
$GPGSV,2,1,06,05,33,102,44,18,64,268,46,20,00,000,20,22,00,000,23*7E
$GPGSV,2,2,06,23,35,319,45,24,73,155,47,,,,,,,,*72
$GPGSV,2,1,06,05,33,102,44,18,64,268,46,20,00,000,20,22,00,000,23*7E
$GPGSV,2,2,06,23,35,319,45,24,73,155,47,,,,,,,,*72
$GPGSV,2,1,06,05,33,102,44,18,64,268,46,20,00,000,20,22,00,000,23*7E
$GPGSV,2,2,06,23,35,319,45,24,73,155,47,,,,,,,,*72
$GPGSV,2,1,06,05,33,102,44,18,64,268,46,20,00,000,21,22,00,000,22*7E
$GPGSV,2,2,06,23,35,319,45,24,73,155,47,,,,,,,,*72
$GPGSV,2,1,06,05,33,102,44,18,64,268,46,20,00,000,21,22,00,000,22*7E
$GPGSV,2,2,06,23,35,319,45,24,73,155,47,,,,,,,,*72
$GPGSV,2,1,06,05,33,102,44,18,64,268,46,20,00,000,21,22,00,000,22*7E
$GPGSV,2,2,06,23,35,319,45,24,73,155,47,,,,,,,,*72
$GPGSV,2,1,06,05,33,102,44,18,64,268,46,20,00,000,21,22,00,000,22*7E
$GPGSV,2,2,06,23,35,319,45,24,73,155,47,,,,,,,,*72
$GPGSV,2,1,05,05,33,102,44,18,64,268,46,22,00,000,22,23,35,319,45*71
$GPGSV,2,2,05,24,73,155,47,,,,,,,,,,,,*4C
$GPGSV,2,1,05,05,33,102,44,18,64,268,46,22,00,000,22,23,35,319,45*71
$GPGSV,2,2,05,24,73,155,47,,,,,,,,,,,,*4C
$GPGSV,2,1,05,05,33,102,44,18,64,268,46,22,00,000,22,23,35,319,45*71
$GPGSV,2,2,05,24,73,155,47,,,,,,,,,,,,*4C
$GPGSV,2,1,05,05,33,102,44,18,64,268,46,22,00,000,22,23,35,319,45*71
$GPGSV,2,2,05,24,73,155,47,,,,,,,,,,,,*4C
$GPGSV,2,1,05,05,33,102,44,18,64,268,46,22,00,000,22,23,35,319,45*71
$GPGSV,2,2,05,24,73,155,47,,,,,,,,,,,,*4C
$GPGSV,2,1,05,05,33,102,44,18,64,268,46,22,00,000,23,23,35,319,45*70
$GPGSV,2,2,05,24,73,155,47,,,,,,,,,,,,*4C
$GPGSV,2,1,05,05,33,102,44,18,64,268,46,22,00,000,23,23,35,319,45*70
$GPGSV,2,2,05,24,73,155,47,,,,,,,,,,,,*4C
$GPGSV,2,1,05,05,33,102,45,18,64,268,46,22,00,000,23,23,35,319,45*71
$GPGSV,2,2,05,24,73,155,47,,,,,,,,,,,,*4C
$GPGSV,2,1,05,05,33,102,45,18,64,268,46,22,00,000,23,23,35,319,45*71
$GPGSV,2,2,05,24,73,155,47,,,,,,,,,,,,*4C
$GPGSV,2,1,05,05,33,102,45,18,64,268,46,22,00,000,23,23,35,319,45*71
$GPGSV,2,2,05,24,73,155,47,,,,,,,,,,,,*4C
$GPGSV,2,1,05,05,33,102,45,18,64,268,46,22,00,000,23,23,35,319,45*71
$GPGSV,2,2,05,24,73,155,47,,,,,,,,,,,,*4C
$GPGSV,2,1,05,05,33,102,45,18,64,268,46,22,00,000,22,23,35,319,45*70
$GPGSV,2,2,05,24,73,155,47,,,,,,,,,,,,*4C
$GPGSV,2,1,05,05,33,102,45,18,64,268,46,22,00,000,22,23,35,319,45*70
$GPGSV,2,2,05,24,73,155,47,,,,,,,,,,,,*4C
$GPGSV,2,1,05,05,33,102,45,18,64,268,46,22,00,000,22,23,35,319,45*70
$GPGSV,2,2,05,24,73,155,47,,,,,,,,,,,,*4C
$GPGSV,2,1,05,05,33,102,45,18,64,268,46,22,00,000,22,23,35,319,45*70
$GPGSV,2,2,05,24,73,155,47,,,,,,,,,,,,*4C
$GPGSV,2,1,05,05,33,102,45,18,64,268,46,22,00,000,21,23,35,319,45*73
$GPGSV,2,2,05,24,73,155,47,,,,,,,,,,,,*4C
$GPGSV,2,1,05,05,33,102,45,18,64,268,46,22,00,000,21,23,35,319,45*73
$GPGSV,2,2,05,24,73,155,47,,,,,,,,,,,,*4C
$GPGSV,2,1,05,05,33,102,45,18,64,268,46,22,00,000,21,23,35,319,45*73
$GPGSV,2,2,05,24,73,155,47,,,,,,,,,,,,*4C
$GPGSV,2,1,05,05,33,102,45,18,64,268,46,22,00,000,21,23,35,319,45*73
$GPGSV,2,2,05,24,73,155,47,,,,,,,,,,,,*4C
$GPGSV,2,1,05,05,33,102,45,18,64,268,46,22,00,000,21,23,35,319,45*73
$GPGSV,2,2,05,24,73,155,47,,,,,,,,,,,,*4C
$GPGSV,2,1,05,05,33,102,45,18,64,268,46,22,00,000,22,23,35,319,45*70
$GPGSV,2,2,05,24,73,155,47,,,,,,,,,,,,*4C
$GPGSV,2,1,05,05,33,102,45,18,64,268,46,22,00,000,22,23,35,319,45*70
$GPGSV,2,2,05,24,73,155,47,,,,,,,,,,,,*4C
$GPGSV,2,1,05,05,33,102,45,18,64,268,46,22,00,000,22,23,35,319,46*73
$GPGSV,2,2,05,24,73,155,47,,,,,,,,,,,,*4C
$GPGSV,2,1,05,05,33,102,45,18,64,268,46,22,00,000,22,23,35,319,46*73
$GPGSV,2,2,05,24,73,155,47,,,,,,,,,,,,*4C
$GPGSV,2,1,05,05,33,102,45,18,64,268,46,22,00,000,22,23,35,319,45*70
$GPGSV,2,2,05,24,73,155,47,,,,,,,,,,,,*4C
$GPGSV,2,1,05,05,33,102,45,18,64,268,46,22,00,000,22,23,35,319,45*70
$GPGSV,2,2,05,24,73,155,47,,,,,,,,,,,,*4C
$GPGSV,2,1,05,05,33,102,45,18,64,268,46,22,00,000,22,23,35,319,45*70
$GPGSV,2,2,05,24,73,155,47,,,,,,,,,,,,*4C
$GPGSV,2,1,05,05,33,102,45,18,64,268,46,22,00,000,21,23,35,319,45*73
$GPGSV,2,2,05,24,73,155,47,,,,,,,,,,,,*4C
$GPGSV,2,1,05,05,33,102,45,18,64,268,46,22,00,000,21,23,35,319,45*73
$GPGSV,2,2,05,24,73,155,47,,,,,,,,,,,,*4C
$GPGSV,2,1,05,05,33,102,45,18,64,268,46,22,00,000,21,23,35,319,45*73
$GPGSV,2,2,05,24,73,155,47,,,,,,,,,,,,*4C
$GPGSV,2,1,05,05,33,102,45,18,64,268,46,22,00,000,21,23,35,319,45*73
$GPGSV,2,2,05,24,73,155,47,,,,,,,,,,,,*4C
$GPGSV,2,1,05,05,33,102,45,18,64,268,46,22,00,000,21,23,35,319,46*70
$GPGSV,2,2,05,24,73,155,47,,,,,,,,,,,,*4C
$GPGSV,2,1,05,05,33,102,45,18,64,268,46,22,00,000,21,23,35,319,46*70
$GPGSV,2,2,05,24,73,155,47,,,,,,,,,,,,*4C
$GPGSV,2,1,05,05,33,102,45,18,64,268,46,22,00,000,22,23,35,319,46*73
$GPGSV,2,2,05,24,73,155,47,,,,,,,,,,,,*4C
$GPGSV,2,1,05,05,33,102,45,18,64,268,47,22,00,000,22,23,35,319,46*72
$GPGSV,2,2,05,24,73,155,47,,,,,,,,,,,,*4C
$GPGSV,2,1,05,05,33,102,45,18,64,268,47,22,00,000,21,23,35,319,46*71
$GPGSV,2,2,05,24,73,155,47,,,,,,,,,,,,*4C
$GPGSV,2,1,05,05,33,102,45,18,64,268,47,22,00,000,21,23,35,319,46*71
$GPGSV,2,2,05,24,73,155,47,,,,,,,,,,,,*4C
$GPGSV,2,1,05,05,33,102,45,18,64,268,47,22,00,000,21,23,35,319,46*71
$GPGSV,2,2,05,24,73,155,47,,,,,,,,,,,,*4C
$GPGSV,2,1,05,05,33,102,45,18,64,268,46,22,00,000,20,23,35,319,45*72
$GPGSV,2,2,05,24,73,155,47,,,,,,,,,,,,*4C
$GPGSV,2,1,05,05,33,102,45,18,64,268,46,22,00,000,20,23,35,319,45*72
$GPGSV,2,2,05,24,73,155,47,,,,,,,,,,,,*4C
$GPGSV,2,1,05,05,33,102,45,18,64,268,46,22,00,000,20,23,35,319,45*72
$GPGSV,2,2,05,24,73,155,46,,,,,,,,,,,,*4D
$GPGSV,2,1,05,05,33,102,45,18,64,268,46,22,00,000,20,23,35,319,45*72
$GPGSV,2,2,05,24,73,155,46,,,,,,,,,,,,*4D
$GPGSV,2,1,05,05,33,102,45,18,64,268,46,22,00,000,20,23,35,319,45*72
$GPGSV,2,2,05,24,73,155,46,,,,,,,,,,,,*4D
$GPGSV,2,1,05,05,33,102,45,18,64,268,46,22,00,000,20,23,35,319,45*72
$GPGSV,2,2,05,24,73,155,46,,,,,,,,,,,,*4D
$GPGSV,2,1,05,05,33,102,45,18,64,268,46,22,00,000,20,23,35,319,45*72
$GPGSV,2,2,05,24,73,155,46,,,,,,,,,,,,*4D
$GPGSV,2,1,05,05,33,102,45,18,64,267,46,22,00,000,21,23,35,319,45*7C
$GPGSV,2,2,05,24,73,155,46,,,,,,,,,,,,*4D
$GPGSV,2,1,05,05,33,102,45,18,64,267,46,22,00,000,21,23,35,319,45*7C
$GPGSV,2,2,05,24,73,155,46,,,,,,,,,,,,*4D
$GPGSV,2,1,05,05,33,102,45,18,64,267,46,22,00,000,21,23,35,319,45*7C
$GPGSV,2,2,05,24,73,155,46,,,,,,,,,,,,*4D
$GPGSV,2,1,05,05,33,102,45,18,64,267,46,22,00,000,21,23,35,319,45*7C
$GPGSV,2,2,05,24,73,155,46,,,,,,,,,,,,*4D
$GPGSV,2,1,06,05,33,102,45,18,64,267,46,20,00,000,23,22,00,000,21*71
$GPGSV,2,2,06,23,35,319,45,24,73,155,46,,,,,,,,*73
$GPGSV,2,1,06,05,33,102,45,18,64,267,46,20,00,000,25,22,00,000,22*74
$GPGSV,2,2,06,23,35,319,45,24,73,155,46,,,,,,,,*73
$GPGSV,2,1,06,05,33,102,45,18,64,267,46,20,00,000,25,22,00,000,22*74
$GPGSV,2,2,06,23,35,319,45,24,73,155,46,,,,,,,,*73
$GPGSV,2,1,06,05,33,102,45,18,64,267,46,20,00,000,25,22,00,000,22*74
$GPGSV,2,2,06,23,35,319,45,24,73,155,46,,,,,,,,*73
$GPGSV,2,1,06,05,33,102,45,18,64,267,46,20,00,000,25,22,00,000,22*74
$GPGSV,2,2,06,23,35,319,45,24,73,155,46,,,,,,,,*73
$GPGSV,2,1,06,05,33,102,45,18,64,267,46,20,00,000,24,22,00,000,22*75
$GPGSV,2,2,06,23,35,319,45,24,73,155,46,,,,,,,,*73
$GPGSV,2,1,06,05,33,102,45,18,64,267,46,20,00,000,23,22,00,000,21*71
$GPGSV,2,2,06,23,35,319,45,24,73,155,46,,,,,,,,*73
$GPGSV,2,1,06,05,33,102,45,18,64,267,46,20,00,000,24,22,00,000,21*76
$GPGSV,2,2,06,23,35,319,45,24,73,155,46,,,,,,,,*73
$GPGSV,2,1,06,05,33,102,45,18,64,267,46,20,00,000,24,22,00,000,21*76
$GPGSV,2,2,06,23,35,319,45,24,73,155,46,,,,,,,,*73
$GPGSV,2,1,06,05,33,102,45,18,64,267,46,20,00,000,25,22,00,000,21*77
$GPGSV,2,2,06,23,35,319,45,24,73,155,46,,,,,,,,*73
$GPGSV,2,1,06,05,33,102,45,18,64,267,46,20,00,000,25,22,00,000,21*77
$GPGSV,2,2,06,23,35,319,45,24,73,155,46,,,,,,,,*73
$GPGSV,2,1,06,05,33,102,45,18,64,267,46,20,00,000,24,22,00,000,21*76
$GPGSV,2,2,06,23,35,319,45,24,73,155,46,,,,,,,,*73
$GPGSV,2,1,06,05,33,102,45,18,64,267,46,20,00,000,24,22,00,000,21*76
$GPGSV,2,2,06,23,35,319,45,24,73,155,46,,,,,,,,*73
$GPGSV,2,1,06,05,33,102,45,18,64,267,46,20,00,000,24,22,00,000,21*76
$GPGSV,2,2,06,23,35,319,46,24,73,155,46,,,,,,,,*70
$GPGSV,2,1,06,05,33,102,45,18,64,267,46,20,31,048,24,22,00,000,22*7B
$GPGSV,2,2,06,23,35,319,46,24,73,155,47,,,,,,,,*71
$GPGSV,2,1,06,05,33,102,45,18,64,267,46,20,31,048,24,22,00,000,22*7B
$GPGSV,2,2,06,23,35,319,46,24,73,155,47,,,,,,,,*71
$GPGSV,2,1,06,05,33,102,45,18,64,267,46,20,00,000,23,22,00,000,22*72
$GPGSV,2,2,06,23,35,319,46,24,73,154,47,,,,,,,,*70
$GPGSV,2,1,06,05,33,102,45,18,64,267,46,20,00,000,23,22,00,000,22*72
$GPGSV,2,2,06,23,35,319,46,24,73,154,47,,,,,,,,*70
$GPGSV,2,1,06,05,33,102,45,18,64,267,46,20,30,049,23,22,00,000,22*7C
$GPGSV,2,2,06,23,35,319,46,24,73,154,47,,,,,,,,*70
$GPGSV,2,1,06,05,33,102,45,18,64,267,46,20,30,049,23,22,00,000,22*7C
$GPGSV,2,2,06,23,35,319,46,24,73,154,47,,,,,,,,*70
$GPGSV,2,1,06,05,33,102,45,18,64,267,46,20,30,049,23,22,00,000,21*7F
$GPGSV,2,2,06,23,35,319,46,24,73,154,47,,,,,,,,*70
$GPGSV,2,1,06,05,33,102,45,18,64,267,46,20,30,049,23,22,00,000,21*7F
$GPGSV,2,2,06,23,35,319,46,24,73,154,47,,,,,,,,*70
$GPGSV,2,1,06,05,33,102,45,18,64,267,46,20,30,049,23,22,00,000,21*7F
$GPGSV,2,2,06,23,35,319,46,24,73,154,47,,,,,,,,*70
$GPGSV,2,1,06,05,33,102,45,18,64,267,46,20,30,049,23,22,00,000,21*7F
$GPGSV,2,2,06,23,35,319,46,24,73,154,47,,,,,,,,*70
$GPGSV,2,1,06,05,33,102,45,18,64,267,46,20,30,049,24,22,00,000,22*7B
$GPGSV,2,2,06,23,35,319,46,24,73,154,47,,,,,,,,*70
$GPGSV,2,1,06,05,33,102,45,18,64,267,46,20,30,049,24,22,00,000,22*7B
$GPGSV,2,2,06,23,35,319,45,24,73,154,47,,,,,,,,*73
$GPGSV,2,1,06,05,33,102,45,18,64,267,46,20,30,049,24,22,00,000,22*7B
$GPGSV,2,2,06,23,35,319,45,24,73,154,47,,,,,,,,*73
$GPGSV,2,1,06,05,33,102,45,18,64,267,46,20,30,049,23,22,00,000,22*7C
$GPGSV,2,2,06,23,35,319,45,24,73,154,47,,,,,,,,*73
$GPGSV,2,1,06,05,33,102,45,18,64,267,46,20,30,049,23,22,00,000,22*7C
$GPGSV,2,2,06,23,35,319,45,24,73,154,47,,,,,,,,*73
$GPGSV,2,1,06,05,33,102,45,18,64,267,46,20,30,049,23,22,00,000,22*7C
$GPGSV,2,2,06,23,35,319,45,24,73,154,47,,,,,,,,*73
$GPGSV,2,1,06,05,33,102,45,18,64,267,46,20,30,049,23,22,00,000,22*7C
$GPGSV,2,2,06,23,35,319,45,24,73,154,47,,,,,,,,*73
$GPGSV,2,1,06,05,33,102,45,18,64,267,46,20,30,049,24,22,00,000,22*7B
$GPGSV,2,2,06,23,35,319,45,24,73,154,47,,,,,,,,*73
$GPGSV,2,1,06,05,33,102,45,18,64,267,46,20,30,049,24,22,00,000,22*7B
$GPGSV,2,2,06,23,35,319,45,24,73,154,47,,,,,,,,*73
$GPGSV,2,1,06,05,33,102,45,18,64,267,46,20,30,049,24,22,00,000,22*7B
$GPGSV,2,2,06,23,35,319,45,24,73,154,46,,,,,,,,*72
$GPGSV,2,1,06,05,33,102,45,18,64,267,46,20,30,049,24,22,00,000,22*7B
$GPGSV,2,2,06,23,35,319,45,24,73,154,46,,,,,,,,*72
$GPGSV,2,1,06,05,33,102,45,18,64,267,46,20,00,000,24,22,00,000,22*75
$GPGSV,2,2,06,23,35,319,45,24,73,154,46,,,,,,,,*72
$GPGSV,2,1,06,05,33,102,45,18,64,267,46,20,00,000,24,22,00,000,22*75
$GPGSV,2,2,06,23,35,319,45,24,73,154,46,,,,,,,,*72
$GPGSV,2,1,06,05,33,102,45,18,64,267,46,20,00,000,23,22,00,000,23*73
$GPGSV,2,2,06,23,35,319,45,24,73,154,46,,,,,,,,*72
$GPGSV,2,1,06,05,33,102,45,18,64,267,46,20,00,000,23,22,00,000,23*73
$GPGSV,2,2,06,23,35,319,45,24,73,154,46,,,,,,,,*72
$GPGSV,2,1,06,05,33,102,45,18,64,267,46,20,00,000,23,22,00,000,22*72
$GPGSV,2,2,06,23,35,319,45,24,73,154,46,,,,,,,,*72
$GPGSV,2,1,06,05,33,102,45,18,64,267,46,20,00,000,23,22,00,000,22*72
$GPGSV,2,2,06,23,35,319,45,24,73,154,46,,,,,,,,*72
$GPGSV,2,1,06,05,33,102,45,18,64,267,46,20,00,000,23,22,00,000,22*72
$GPGSV,2,2,06,23,35,319,45,24,73,154,46,,,,,,,,*72
$GPGSV,2,1,06,05,33,102,45,18,64,267,46,20,00,000,23,22,00,000,22*72
$GPGSV,2,2,06,23,35,319,45,24,73,154,46,,,,,,,,*72
$GPGSV,2,1,06,05,33,102,45,18,64,267,46,20,00,000,22,22,00,000,22*73
$GPGSV,2,2,06,23,35,319,45,24,73,154,46,,,,,,,,*72
$GPGSV,2,1,06,05,33,102,45,18,64,267,46,20,00,000,22,22,00,000,21*70
$GPGSV,2,2,06,23,35,319,45,24,73,154,46,,,,,,,,*72
$GPGSV,2,1,06,05,33,102,45,18,64,267,46,20,00,000,22,22,00,000,21*70
$GPGSV,2,2,06,23,35,319,45,24,73,154,46,,,,,,,,*72
$GPGSV,2,1,06,05,33,102,45,18,64,267,46,20,00,000,21,22,00,000,21*73
$GPGSV,2,2,06,23,35,319,45,24,73,154,46,,,,,,,,*72
$GPGSV,2,1,06,05,33,102,45,18,64,267,46,20,00,000,21,22,00,000,21*73
$GPGSV,2,2,06,23,35,319,45,24,73,154,46,,,,,,,,*72
$GPGSV,2,1,06,05,33,102,45,18,64,267,46,20,00,000,21,22,00,000,21*73
$GPGSV,2,2,06,23,35,319,45,24,73,154,46,,,,,,,,*72
$GPGSV,2,1,06,05,33,102,45,18,64,267,46,20,00,000,21,22,00,000,21*73
$GPGSV,2,2,06,23,35,319,45,24,73,154,46,,,,,,,,*72
$GPGSV,2,1,06,05,33,102,45,18,64,267,46,20,00,000,21,22,00,000,21*73
$GPGSV,2,2,06,23,35,319,45,24,73,154,46,,,,,,,,*72
$GPGSV,2,1,06,05,33,102,45,18,64,267,46,20,00,000,20,22,00,000,21*72
$GPGSV,2,2,06,23,35,319,45,24,73,154,46,,,,,,,,*72
$GPGSV,2,1,06,05,33,102,45,18,64,267,46,20,00,000,20,22,00,000,20*73
$GPGSV,2,2,06,23,35,319,45,24,73,154,46,,,,,,,,*72
$GPGSV,2,1,06,05,33,102,45,18,64,267,46,20,00,000,20,22,00,000,20*73
$GPGSV,2,2,06,23,35,319,45,24,73,154,46,,,,,,,,*72
$GPGSV,2,1,06,05,33,102,45,18,64,267,46,20,00,000,20,22,00,000,20*73
$GPGSV,2,2,06,23,35,319,45,24,73,154,46,,,,,,,,*72
$GPGSV,2,1,06,05,33,102,45,18,64,267,46,20,00,000,20,22,00,000,21*72
$GPGSV,2,2,06,23,35,319,45,24,73,154,46,,,,,,,,*72
$GPGSV,2,1,06,05,33,102,45,18,64,267,46,20,00,000,20,22,00,000,21*72
$GPGSV,2,2,06,23,35,319,45,24,73,154,46,,,,,,,,*72
$GPGSV,2,1,06,05,33,102,45,18,64,267,46,20,00,000,20,22,00,000,21*72
$GPGSV,2,2,06,23,35,319,45,24,73,154,46,,,,,,,,*72
$GPGSV,2,1,06,05,33,102,45,18,64,267,46,20,00,000,20,22,00,000,21*72
$GPGSV,2,2,06,23,35,319,45,24,73,154,46,,,,,,,,*72
$GPGSV,2,1,06,05,33,102,45,18,64,267,46,20,00,000,20,22,00,000,22*71
$GPGSV,2,2,06,23,35,319,45,24,73,154,47,,,,,,,,*73
$GPGSV,2,1,06,05,33,102,45,18,64,267,46,20,00,000,20,22,00,000,22*71
$GPGSV,2,2,06,23,35,319,45,24,73,154,47,,,,,,,,*73
$GPGSV,2,1,06,05,33,102,45,18,64,267,46,20,00,000,20,22,00,000,22*71
$GPGSV,2,2,06,23,35,319,45,24,73,154,47,,,,,,,,*73
$GPGSV,2,1,06,05,33,102,45,18,64,267,46,20,00,000,20,22,00,000,22*71
$GPGSV,2,2,06,23,35,319,45,24,73,154,47,,,,,,,,*73
$GPGSV,2,1,06,05,33,102,45,18,64,267,46,20,00,000,20,22,00,000,22*71
$GPGSV,2,2,06,23,35,319,45,24,73,154,47,,,,,,,,*73
$GPGSV,2,1,06,05,33,102,45,18,64,267,46,20,00,000,20,22,00,000,23*70
$GPGSV,2,2,06,23,35,319,45,24,73,154,47,,,,,,,,*73
$GPGSV,2,1,06,05,33,102,45,18,64,267,46,20,00,000,20,22,00,000,23*70
$GPGSV,2,2,06,23,35,319,45,24,73,154,47,,,,,,,,*73
$GPGSV,2,1,06,05,33,102,45,18,64,267,46,20,00,000,20,22,00,000,23*70
$GPGSV,2,2,06,23,35,319,45,24,73,154,47,,,,,,,,*73
$GPGSV,2,1,06,05,33,102,45,18,64,267,46,20,00,000,20,22,00,000,23*70
$GPGSV,2,2,06,23,35,319,45,24,73,154,47,,,,,,,,*73
$GPGSV,2,1,06,05,33,102,45,18,64,267,46,20,00,000,20,22,00,000,23*70
$GPGSV,2,2,06,23,35,319,45,24,73,154,47,,,,,,,,*73
$GPGSV,2,1,06,05,33,102,45,18,64,267,46,20,00,000,20,22,00,000,23*70
$GPGSV,2,2,06,23,35,319,45,24,73,154,47,,,,,,,,*73
$GPGSV,2,1,06,05,33,102,45,18,64,267,46,20,00,000,20,22,00,000,23*70
$GPGSV,2,2,06,23,35,319,45,24,73,154,47,,,,,,,,*73
$GPGSV,2,1,06,05,33,102,45,18,64,267,46,20,00,000,20,22,00,000,23*70
$GPGSV,2,2,06,23,35,319,45,24,73,154,47,,,,,,,,*73
$GPGSV,2,1,06,05,33,102,45,18,64,267,46,20,00,000,21,22,00,000,22*70
$GPGSV,2,2,06,23,35,319,45,24,73,154,47,,,,,,,,*73
$GPGSV,2,1,06,05,33,102,45,18,64,267,46,20,00,000,22,22,00,000,22*73
$GPGSV,2,2,06,23,35,319,45,24,73,154,47,,,,,,,,*73
$GPGSV,2,1,06,05,33,102,45,18,64,267,46,20,00,000,22,22,00,000,22*73
$GPGSV,2,2,06,23,35,319,45,24,73,154,47,,,,,,,,*73
$GPGSV,2,1,06,05,33,102,45,18,64,267,46,20,00,000,23,22,00,000,22*72
$GPGSV,2,2,06,23,35,319,45,24,73,154,47,,,,,,,,*73
$GPGSV,2,1,06,05,33,102,46,18,64,267,46,20,00,000,23,22,00,000,22*71
$GPGSV,2,2,06,23,35,319,45,24,73,154,47,,,,,,,,*73
$GPGSV,2,1,06,05,33,102,46,18,64,267,46,20,00,000,23,22,00,000,22*71
$GPGSV,2,2,06,23,35,319,45,24,73,154,47,,,,,,,,*73
$GPGSV,2,1,06,05,33,102,46,18,64,267,46,20,00,000,22,22,00,000,22*70
$GPGSV,2,2,06,23,35,319,45,24,73,154,47,,,,,,,,*73
$GPGSV,2,1,06,05,33,102,46,18,64,267,46,20,00,000,21,22,00,000,22*73
$GPGSV,2,2,06,23,35,319,45,24,73,154,47,,,,,,,,*73
$GPGSV,2,1,06,05,33,102,46,18,64,267,46,20,00,000,20,22,00,000,21*71
$GPGSV,2,2,06,23,35,319,45,24,73,154,47,,,,,,,,*73
$GPGSV,2,1,05,05,33,102,46,18,64,267,46,22,00,000,21,23,35,319,45*7F
$GPGSV,2,2,05,24,73,154,47,,,,,,,,,,,,*4D
$GPGSV,2,1,05,05,33,102,46,18,64,267,46,22,00,000,21,23,35,319,45*7F
$GPGSV,2,2,05,24,73,154,47,,,,,,,,,,,,*4D
$GPGSV,2,1,05,05,33,102,45,18,64,267,46,22,00,000,20,23,35,319,45*7D
$GPGSV,2,2,05,24,73,154,47,,,,,,,,,,,,*4D
$GPGSV,2,1,05,05,33,102,45,18,64,267,46,22,00,000,20,23,35,319,45*7D
$GPGSV,2,2,05,24,73,154,46,,,,,,,,,,,,*4C
$GPGSV,2,1,05,05,33,102,45,18,64,267,46,22,00,000,20,23,35,319,45*7D
$GPGSV,2,2,05,24,73,154,46,,,,,,,,,,,,*4C
$GPGSV,2,1,05,05,33,102,45,18,64,267,46,22,00,000,20,23,35,319,45*7D
$GPGSV,2,2,05,24,73,154,46,,,,,,,,,,,,*4C
$GPGSV,2,1,05,05,33,102,45,18,64,267,46,22,00,000,20,23,35,319,45*7D
$GPGSV,2,2,05,24,73,154,46,,,,,,,,,,,,*4C
$GPGSV,2,1,05,05,33,102,45,18,64,267,46,22,00,000,20,23,35,319,45*7D
$GPGSV,2,2,05,24,73,154,46,,,,,,,,,,,,*4C
$GPGSV,2,1,05,05,33,102,45,18,64,267,46,22,00,000,21,23,35,319,45*7C
$GPGSV,2,2,05,24,73,154,46,,,,,,,,,,,,*4C
$GPGSV,2,1,05,05,33,102,45,18,64,267,46,22,00,000,21,23,35,319,45*7C
$GPGSV,2,2,05,24,73,154,46,,,,,,,,,,,,*4C
$GPGSV,2,1,05,05,33,102,45,18,64,267,46,22,00,000,22,23,35,319,45*7F
$GPGSV,2,2,05,24,73,154,46,,,,,,,,,,,,*4C
$GPGSV,2,1,05,05,33,102,45,18,64,267,46,22,00,000,22,23,35,319,45*7F
$GPGSV,2,2,05,24,73,154,46,,,,,,,,,,,,*4C
$GPGSV,2,1,05,05,33,102,45,18,64,267,46,22,00,000,22,23,35,319,45*7F
$GPGSV,2,2,05,24,73,154,46,,,,,,,,,,,,*4C
$GPGSV,2,1,05,05,33,102,45,18,64,267,46,22,00,000,22,23,35,319,45*7F
$GPGSV,2,2,05,24,73,154,46,,,,,,,,,,,,*4C
$GPGSV,2,1,05,05,33,102,45,18,64,267,46,22,00,000,22,23,35,319,45*7F
$GPGSV,2,2,05,24,73,154,46,,,,,,,,,,,,*4C
$GPGSV,2,1,05,05,33,102,45,18,64,267,46,22,00,000,22,23,35,319,45*7F
$GPGSV,2,2,05,24,73,154,46,,,,,,,,,,,,*4C
$GPGSV,2,1,05,05,33,102,45,18,64,267,46,22,00,000,22,23,35,319,45*7F
$GPGSV,2,2,05,24,73,154,46,,,,,,,,,,,,*4C
$GPGSV,2,1,05,05,33,102,45,18,64,267,46,22,00,000,22,23,35,319,45*7F
$GPGSV,2,2,05,24,73,154,46,,,,,,,,,,,,*4C
$GPGSV,2,1,05,05,33,102,45,18,64,267,46,22,00,000,22,23,35,319,45*7F
$GPGSV,2,2,05,24,73,154,46,,,,,,,,,,,,*4C
$GPGSV,2,1,05,05,33,102,45,18,64,267,46,22,00,000,22,23,35,319,45*7F
$GPGSV,2,2,05,24,73,154,46,,,,,,,,,,,,*4C
$GPGSV,2,1,05,05,33,102,45,18,64,267,46,22,00,000,23,23,35,319,45*7E
$GPGSV,2,2,05,24,73,154,46,,,,,,,,,,,,*4C
$GPGSV,2,1,05,05,33,102,45,18,64,267,46,22,00,000,23,23,35,319,45*7E
$GPGSV,2,2,05,24,73,154,46,,,,,,,,,,,,*4C
$GPGSV,2,1,05,05,33,102,45,18,64,267,46,22,00,000,23,23,35,319,45*7E
$GPGSV,2,2,05,24,73,154,46,,,,,,,,,,,,*4C
$GPGSV,2,1,05,05,33,102,45,18,64,267,46,22,00,000,23,23,35,319,45*7E
$GPGSV,2,2,05,24,73,154,46,,,,,,,,,,,,*4C
$GPGSV,2,1,05,05,33,102,45,18,64,267,46,22,00,000,23,23,35,319,45*7E
$GPGSV,2,2,05,24,73,154,46,,,,,,,,,,,,*4C
$GPGSV,2,1,05,05,33,102,45,18,64,267,46,22,00,000,23,23,35,319,45*7E
$GPGSV,2,2,05,24,73,154,46,,,,,,,,,,,,*4C
$GPGSV,2,1,05,05,33,102,45,18,64,267,46,22,00,000,23,23,35,319,45*7E
$GPGSV,2,2,05,24,73,154,46,,,,,,,,,,,,*4C
$GPGSV,2,1,05,05,33,102,45,18,64,267,46,22,00,000,23,23,35,319,45*7E
$GPGSV,2,2,05,24,73,154,46,,,,,,,,,,,,*4C
$GPGSV,2,1,05,05,33,102,45,18,64,267,46,22,00,000,23,23,35,319,45*7E
$GPGSV,2,2,05,24,73,154,46,,,,,,,,,,,,*4C
$GPGSV,2,1,06,05,33,102,45,10,00,000,36,18,64,267,46,22,00,000,23*74
$GPGSV,2,2,06,23,35,319,45,24,73,154,46,,,,,,,,*72
$GPGSV,2,1,06,05,33,102,45,10,00,000,35,18,64,267,46,22,00,000,23*77
$GPGSV,2,2,06,23,35,319,45,24,73,154,46,,,,,,,,*72
$GPGSV,2,1,06,05,33,102,45,10,00,000,35,18,64,267,46,22,00,000,24*70
$GPGSV,2,2,06,23,35,319,45,24,73,154,46,,,,,,,,*72
$GPGSV,2,1,06,05,33,102,45,10,00,000,34,18,64,267,46,22,00,000,23*76
$GPGSV,2,2,06,23,35,319,45,24,73,154,46,,,,,,,,*72
$GPGSV,2,1,06,05,33,102,45,10,00,000,34,18,64,267,46,22,00,000,23*76
$GPGSV,2,2,06,23,35,319,45,24,73,154,46,,,,,,,,*72
$GPGSV,2,1,06,05,33,102,45,10,00,000,34,18,64,267,46,22,00,000,23*76
$GPGSV,2,2,06,23,35,319,45,24,73,154,46,,,,,,,,*72
$GPGSV,2,1,06,05,33,102,45,10,00,000,34,18,64,267,46,22,00,000,23*76
$GPGSV,2,2,06,23,35,319,45,24,73,154,46,,,,,,,,*72
$GPGSV,2,1,06,05,33,102,45,10,00,000,34,18,64,267,46,22,00,000,23*76
$GPGSV,2,2,06,23,35,319,45,24,73,154,46,,,,,,,,*72
$GPGSV,2,1,06,05,33,102,45,10,00,000,33,18,64,267,46,22,00,000,23*71
$GPGSV,2,2,06,23,35,319,45,24,73,154,46,,,,,,,,*72
$GPGSV,2,1,06,05,33,102,45,10,00,000,33,18,64,267,46,22,00,000,23*71
$GPGSV,2,2,06,23,35,319,45,24,73,154,46,,,,,,,,*72
$GPGSV,2,1,06,05,33,102,45,10,00,000,33,18,64,267,46,22,00,000,23*71
$GPGSV,2,2,06,23,35,319,45,24,73,154,46,,,,,,,,*72
$GPGSV,2,1,06,05,33,102,45,10,00,000,33,18,64,267,46,22,00,000,24*76
$GPGSV,2,2,06,23,35,319,45,24,73,154,46,,,,,,,,*72
$GPGSV,2,1,06,05,33,102,45,10,00,000,32,18,64,267,46,22,00,000,23*70
$GPGSV,2,2,06,23,35,319,45,24,73,154,46,,,,,,,,*72
$GPGSV,2,1,06,05,33,102,45,10,00,000,32,18,64,267,46,22,00,000,23*70
$GPGSV,2,2,06,23,35,319,45,24,73,154,46,,,,,,,,*72
$GPGSV,2,1,06,05,33,102,45,10,00,000,32,18,64,267,46,22,00,000,23*70
$GPGSV,2,2,06,23,35,319,45,24,73,154,46,,,,,,,,*72
$GPGSV,2,1,06,05,33,102,45,10,00,000,32,18,64,267,46,22,00,000,23*70
$GPGSV,2,2,06,23,35,319,45,24,73,154,46,,,,,,,,*72
$GPGSV,2,1,06,05,33,102,45,10,00,000,32,18,64,267,46,22,00,000,23*70
$GPGSV,2,2,06,23,35,319,45,24,73,154,46,,,,,,,,*72
$GPGSV,2,1,06,05,33,102,45,10,00,000,32,18,64,267,46,22,00,000,23*70
$GPGSV,2,2,06,23,35,319,45,24,73,154,46,,,,,,,,*72
$GPGSV,2,1,06,05,33,102,45,10,00,000,32,18,64,267,46,22,00,000,23*70
$GPGSV,2,2,06,23,35,319,45,24,73,154,46,,,,,,,,*72
$GPGSV,2,1,06,05,33,102,45,10,00,000,32,18,64,267,46,22,00,000,23*70
$GPGSV,2,2,06,23,35,319,46,24,73,154,46,,,,,,,,*71
$GPGSV,2,1,06,05,33,102,45,10,00,000,32,18,64,267,46,22,00,000,23*70
$GPGSV,2,2,06,23,35,319,46,24,73,154,46,,,,,,,,*71
$GPGSV,2,1,06,05,33,102,45,10,00,000,32,18,64,267,46,22,00,000,23*70
$GPGSV,2,2,06,23,35,319,46,24,73,154,46,,,,,,,,*71
$GPGSV,2,1,06,05,33,102,45,10,00,000,32,18,64,267,46,22,00,000,23*70
$GPGSV,2,2,06,23,35,319,46,24,73,154,46,,,,,,,,*71
$GPGSV,2,1,06,05,33,102,45,10,00,000,32,18,64,267,46,22,00,000,23*70
$GPGSV,2,2,06,23,35,319,46,24,73,154,46,,,,,,,,*71
$GPGSV,2,1,06,05,33,102,45,10,00,000,33,18,64,267,46,22,00,000,22*70
$GPGSV,2,2,06,23,35,319,46,24,73,154,46,,,,,,,,*71
$GPGSV,2,1,06,05,33,102,45,10,00,000,33,18,64,267,46,22,00,000,22*70
$GPGSV,2,2,06,23,35,319,46,24,73,154,46,,,,,,,,*71
$GPGSV,2,1,06,05,33,102,45,10,00,000,33,18,64,267,46,22,00,000,21*73
$GPGSV,2,2,06,23,35,319,46,24,73,154,46,,,,,,,,*71
$GPGSV,2,1,06,05,33,102,45,10,00,000,33,18,64,267,46,22,00,000,21*73
$GPGSV,2,2,06,23,35,319,46,24,73,154,46,,,,,,,,*71
$GPGSV,2,1,06,05,33,102,45,10,00,000,33,18,64,267,46,22,00,000,21*73
$GPGSV,2,2,06,23,35,319,46,24,73,154,46,,,,,,,,*71
$GPGSV,2,1,06,05,33,102,45,10,00,000,34,18,64,267,46,22,00,000,21*74
$GPGSV,2,2,06,23,35,319,46,24,73,154,46,,,,,,,,*71
$GPGSV,2,1,06,05,33,102,45,10,00,000,34,18,64,267,46,22,00,000,20*75
$GPGSV,2,2,06,23,35,319,46,24,73,154,46,,,,,,,,*71
$GPGSV,2,1,06,05,33,102,45,10,00,000,34,18,64,267,46,22,00,000,20*75
$GPGSV,2,2,06,23,35,319,46,24,73,154,46,,,,,,,,*71
$GPGSV,2,1,06,05,33,102,46,10,00,000,34,18,64,267,46,22,00,000,20*76
$GPGSV,2,2,06,23,35,319,46,24,73,154,46,,,,,,,,*71
$GPGSV,2,1,06,05,33,102,46,10,00,000,34,18,64,267,46,22,00,000,20*76
$GPGSV,2,2,06,23,35,319,46,24,73,154,46,,,,,,,,*71
$GPGSV,2,1,06,05,33,102,46,10,00,000,33,18,64,267,46,22,00,000,20*71
$GPGSV,2,2,06,23,35,319,46,24,73,154,46,,,,,,,,*71
$GPGSV,2,1,06,05,33,102,46,10,00,000,33,18,64,267,46,22,00,000,20*71
$GPGSV,2,2,06,23,35,319,46,24,73,154,46,,,,,,,,*71
$GPGSV,2,1,06,05,33,102,46,10,00,000,33,18,64,267,46,22,00,000,20*71
$GPGSV,2,2,06,23,35,319,46,24,73,154,46,,,,,,,,*71
$GPGSV,2,1,06,05,33,102,46,10,00,000,33,18,64,267,46,22,00,000,20*71
$GPGSV,2,2,06,23,35,319,46,24,73,154,46,,,,,,,,*71
$GPGSV,2,1,06,05,33,102,46,10,00,000,33,18,64,267,46,22,00,000,20*71
$GPGSV,2,2,06,23,35,319,46,24,73,154,46,,,,,,,,*71
$GPGSV,2,1,06,05,33,102,46,10,00,000,33,18,64,267,46,22,00,000,21*70
$GPGSV,2,2,06,23,35,319,46,24,73,154,46,,,,,,,,*71
$GPGSV,2,1,06,05,33,102,46,10,00,000,33,18,64,267,46,22,00,000,21*70
$GPGSV,2,2,06,23,35,319,46,24,73,154,46,,,,,,,,*71
$GPGSV,2,1,06,05,33,102,46,10,00,000,33,18,64,267,46,22,00,000,22*73
$GPGSV,2,2,06,23,35,319,45,24,73,154,46,,,,,,,,*72
$GPGSV,2,1,06,05,33,102,46,10,00,000,33,18,64,267,46,22,00,000,22*73
$GPGSV,2,2,06,23,35,319,45,24,73,154,46,,,,,,,,*72
$GPGSV,2,1,06,05,33,102,46,10,00,000,33,18,64,267,46,22,00,000,22*73
$GPGSV,2,2,06,23,35,319,45,24,73,154,46,,,,,,,,*72
$GPGSV,2,1,06,05,33,102,46,10,00,000,32,18,64,267,46,22,00,000,22*72
$GPGSV,2,2,06,23,35,319,45,24,73,154,46,,,,,,,,*72
$GPGSV,2,1,06,05,33,102,46,10,00,000,32,18,64,267,46,22,00,000,22*72
$GPGSV,2,2,06,23,35,319,45,24,73,154,46,,,,,,,,*72
$GPGSV,2,1,06,05,33,102,46,10,00,000,31,18,64,267,46,22,00,000,21*72
$GPGSV,2,2,06,23,35,319,45,24,73,154,46,,,,,,,,*72
$GPGSV,2,1,06,05,33,102,46,10,00,000,30,18,64,267,46,22,00,000,21*73
$GPGSV,2,2,06,23,35,319,45,24,73,154,46,,,,,,,,*72
$GPGSV,2,1,06,05,33,102,46,10,00,000,30,18,64,267,46,22,00,000,21*73
$GPGSV,2,2,06,23,35,319,45,24,73,154,46,,,,,,,,*72
$GPGSV,2,1,06,05,33,102,46,10,00,000,29,18,64,267,46,22,00,000,21*7B
$GPGSV,2,2,06,23,35,319,45,24,73,154,46,,,,,,,,*72
$GPGSV,2,1,06,05,33,102,46,10,00,000,29,18,64,267,46,22,00,000,21*7B
$GPGSV,2,2,06,23,35,319,45,24,73,154,46,,,,,,,,*72
$GPGSV,2,1,06,05,33,102,46,10,00,000,29,18,64,267,46,22,00,000,21*7B
$GPGSV,2,2,06,23,35,319,45,24,73,154,46,,,,,,,,*72
$GPGSV,2,1,06,05,33,102,46,10,00,000,29,18,64,267,46,22,00,000,22*78
$GPGSV,2,2,06,23,35,319,45,24,73,154,46,,,,,,,,*72
$GPGSV,2,1,06,05,33,102,46,10,00,000,29,18,64,267,46,22,00,000,22*78
$GPGSV,2,2,06,23,35,319,45,24,73,154,46,,,,,,,,*72
$GPGSV,2,1,06,05,33,102,46,10,00,000,29,18,64,267,46,22,00,000,22*78
$GPGSV,2,2,06,23,35,319,45,24,73,154,46,,,,,,,,*72
$GPGSV,2,1,06,05,33,102,46,10,00,000,29,18,64,267,46,22,00,000,22*78
$GPGSV,2,2,06,23,35,319,45,24,73,154,46,,,,,,,,*72
$GPGSV,2,1,06,05,33,102,46,10,00,000,29,18,64,267,46,22,00,000,21*7B
$GPGSV,2,2,06,23,35,319,45,24,73,154,46,,,,,,,,*72
$GPGSV,2,1,06,05,33,102,46,10,00,000,29,18,64,267,46,22,00,000,21*7B
$GPGSV,2,2,06,23,35,319,45,24,73,154,46,,,,,,,,*72
$GPGSV,2,1,06,05,33,102,46,10,00,000,29,18,64,267,46,22,00,000,21*7B
$GPGSV,2,2,06,23,35,319,45,24,73,154,46,,,,,,,,*72
$GPGSV,2,1,06,05,33,102,46,10,00,000,29,18,64,267,46,22,00,000,22*78
$GPGSV,2,2,06,23,35,319,45,24,73,154,46,,,,,,,,*72
$GPGSV,2,1,06,05,33,102,46,10,00,000,29,18,64,267,46,22,00,000,22*78
$GPGSV,2,2,06,23,35,319,45,24,73,154,46,,,,,,,,*72
$GPGSV,2,1,06,05,33,102,46,10,00,000,29,18,64,267,46,22,00,000,22*78
$GPGSV,2,2,06,23,35,319,45,24,73,154,46,,,,,,,,*72
$GPGSV,2,1,06,05,33,102,46,10,00,000,31,18,64,267,46,22,00,000,22*71
$GPGSV,2,2,06,23,35,319,45,24,73,154,46,,,,,,,,*72
$GPGSV,2,1,06,05,33,102,46,10,00,000,32,18,64,267,46,22,00,000,22*72
$GPGSV,2,2,06,23,35,319,45,24,73,154,46,,,,,,,,*72
$GPGSV,2,1,06,05,33,102,46,10,00,000,32,18,64,267,46,22,00,000,22*72
$GPGSV,2,2,06,23,35,319,45,24,73,154,46,,,,,,,,*72
$GPGSV,2,1,06,05,33,102,46,10,00,000,32,18,64,267,46,22,00,000,22*72
$GPGSV,2,2,06,23,35,319,45,24,73,154,46,,,,,,,,*72
$GPGSV,2,1,06,05,33,102,46,10,00,000,32,18,64,267,46,22,00,000,22*72
$GPGSV,2,2,06,23,35,319,45,24,73,154,46,,,,,,,,*72
$GPGSV,2,1,06,05,33,102,46,10,00,000,32,18,64,267,46,22,00,000,22*72
$GPGSV,2,2,06,23,35,319,45,24,73,154,46,,,,,,,,*72
$GPGSV,2,1,06,05,33,102,46,10,00,000,32,18,64,267,46,22,00,000,22*72
$GPGSV,2,2,06,23,35,319,45,24,73,154,46,,,,,,,,*72
$GPGSV,2,1,06,05,33,102,46,10,00,000,32,18,64,267,46,22,00,000,23*73
$GPGSV,2,2,06,23,35,319,45,24,73,154,46,,,,,,,,*72
$GPGSV,2,1,06,05,33,102,46,10,00,000,31,18,64,267,46,22,00,000,23*70
$GPGSV,2,2,06,23,35,319,45,24,73,154,46,,,,,,,,*72
$GPGSV,2,1,06,05,33,102,46,10,00,000,31,18,64,267,46,22,00,000,23*70
$GPGSV,2,2,06,23,35,319,45,24,73,154,46,,,,,,,,*72
$GPGSV,2,1,06,05,33,102,46,10,00,000,31,18,64,267,46,22,00,000,24*77
$GPGSV,2,2,06,23,35,319,45,24,73,154,46,,,,,,,,*72
$GPGSV,2,1,06,05,33,102,46,10,00,000,31,18,64,267,46,22,00,000,24*77
$GPGSV,2,2,06,23,35,319,45,24,73,154,46,,,,,,,,*72
$GPGSV,2,1,06,05,33,102,46,10,00,000,31,18,64,267,46,22,00,000,24*77
$GPGSV,2,2,06,23,35,319,45,24,73,154,46,,,,,,,,*72
$GPGSV,2,1,06,05,33,102,46,10,00,000,31,18,64,267,46,22,00,000,24*77
$GPGSV,2,2,06,23,35,319,45,24,73,154,46,,,,,,,,*72
$GPGSV,2,1,06,05,33,102,46,10,00,000,31,18,64,267,46,22,00,000,24*77
$GPGSV,2,2,06,23,35,319,45,24,73,154,46,,,,,,,,*72
$GPGSV,2,1,06,05,33,102,46,10,00,000,31,18,64,267,46,22,00,000,24*77
$GPGSV,2,2,06,23,35,319,45,24,73,154,46,,,,,,,,*72
$GPGSV,2,1,06,05,33,102,46,10,00,000,31,18,64,267,47,22,00,000,24*76
$GPGSV,2,2,06,23,35,319,45,24,73,154,46,,,,,,,,*72
$GPGSV,2,1,06,05,33,102,46,10,00,000,31,18,64,267,47,22,00,000,23*71
$GPGSV,2,2,06,23,35,319,45,24,73,154,46,,,,,,,,*72
$GPGSV,2,1,06,05,33,102,46,10,00,000,31,18,64,267,47,22,00,000,23*71
$GPGSV,2,2,06,23,35,319,45,24,73,154,46,,,,,,,,*72
$GPGSV,2,1,06,05,33,102,46,10,00,000,31,18,64,267,47,22,00,000,22*70
$GPGSV,2,2,06,23,35,319,45,24,73,154,46,,,,,,,,*72
$GPGSV,2,1,06,05,33,102,46,10,00,000,31,18,64,267,47,22,00,000,21*73
$GPGSV,2,2,06,23,35,319,45,24,73,154,46,,,,,,,,*72
$GPGSV,2,1,06,05,33,102,46,10,00,000,31,18,64,267,47,22,00,000,21*73
$GPGSV,2,2,06,23,35,319,45,24,73,154,46,,,,,,,,*72
$GPGSV,2,1,06,05,33,102,46,10,00,000,31,18,64,267,47,22,00,000,21*73
$GPGSV,2,2,06,23,35,319,45,24,73,154,46,,,,,,,,*72
$GPGSV,2,1,06,05,33,102,46,10,00,000,31,18,64,267,47,22,00,000,20*72
$GPGSV,2,2,06,23,35,319,45,24,73,154,46,,,,,,,,*72
$GPGSV,2,1,06,05,33,102,46,10,00,000,31,18,64,267,47,22,00,000,20*72
$GPGSV,2,2,06,23,35,319,45,24,73,154,46,,,,,,,,*72
$GPGSV,2,1,06,05,33,102,46,10,00,000,31,18,64,267,47,22,00,000,20*72
$GPGSV,2,2,06,23,35,319,45,24,73,154,46,,,,,,,,*72
$GPGSV,2,1,06,05,33,102,46,10,00,000,30,18,64,267,47,22,00,000,20*73
$GPGSV,2,2,06,23,35,319,45,24,73,154,46,,,,,,,,*72
$GPGSV,2,1,06,05,33,102,46,10,00,000,30,18,64,267,47,22,00,000,20*73
$GPGSV,2,2,06,23,35,319,45,24,73,154,46,,,,,,,,*72
$GPGSV,2,1,06,05,33,102,46,10,00,000,31,18,64,267,47,22,00,000,21*73
$GPGSV,2,2,06,23,35,319,45,24,73,154,46,,,,,,,,*72
$GPGSV,2,1,06,05,33,102,46,10,00,000,31,18,64,267,46,22,00,000,21*72
$GPGSV,2,2,06,23,35,319,45,24,73,154,46,,,,,,,,*72
$GPGSV,2,1,06,05,33,102,46,10,00,000,31,18,64,267,46,22,00,000,21*72
$GPGSV,2,2,06,23,35,319,45,24,73,154,46,,,,,,,,*72
$GPGSV,2,1,06,05,33,102,46,10,00,000,30,18,64,267,46,22,00,000,21*73
$GPGSV,2,2,06,23,35,319,45,24,73,154,46,,,,,,,,*72
$GPGSV,2,1,06,05,33,102,46,10,00,000,30,18,64,267,46,22,00,000,21*73
$GPGSV,2,2,06,23,35,319,45,24,73,154,46,,,,,,,,*72
$GPGSV,2,1,06,05,33,102,46,10,00,000,30,18,64,267,46,22,00,000,21*73
$GPGSV,2,2,06,23,35,319,45,24,73,154,46,,,,,,,,*72
$GPGSV,2,1,06,05,33,102,46,10,00,000,29,18,64,267,46,22,00,000,21*7B
$GPGSV,2,2,06,23,35,319,45,24,73,154,46,,,,,,,,*72
$GPGSV,2,1,06,05,33,102,46,10,00,000,29,18,64,267,46,22,00,000,21*7B
$GPGSV,2,2,06,23,35,319,45,24,73,154,46,,,,,,,,*72
$GPGSV,2,1,06,05,33,102,46,10,00,000,29,18,64,267,46,22,00,000,21*7B
$GPGSV,2,2,06,23,35,319,45,24,73,154,46,,,,,,,,*72
$GPGSV,2,1,06,05,33,102,46,10,00,000,29,18,64,267,46,22,00,000,21*7B
$GPGSV,2,2,06,23,35,319,45,24,73,154,46,,,,,,,,*72
$GPGSV,2,1,06,05,33,102,46,10,00,000,29,18,64,267,46,22,00,000,21*7B
$GPGSV,2,2,06,23,35,319,45,24,73,154,46,,,,,,,,*72
$GPGSV,2,1,06,05,33,102,46,10,00,000,29,18,64,267,46,22,00,000,21*7B
$GPGSV,2,2,06,23,35,319,45,24,73,154,46,,,,,,,,*72
$GPGSV,2,1,06,05,33,102,46,10,00,000,30,18,64,267,46,22,00,000,21*73
$GPGSV,2,2,06,23,35,319,45,24,73,154,46,,,,,,,,*72
$GPGSV,2,1,06,05,33,102,46,10,00,000,30,18,64,267,46,22,00,000,22*70
$GPGSV,2,2,06,23,35,319,45,24,73,154,46,,,,,,,,*72
$GPGSV,2,1,06,05,33,102,46,10,00,000,30,18,64,267,46,22,00,000,22*70
$GPGSV,2,2,06,23,35,319,45,24,73,154,46,,,,,,,,*72
$GPGSV,2,1,06,05,33,102,46,10,00,000,31,18,64,267,46,22,00,000,22*71
$GPGSV,2,2,06,23,35,319,45,24,73,154,46,,,,,,,,*72
$GPGSV,2,1,06,05,33,102,46,10,00,000,31,18,64,267,46,22,00,000,22*71
$GPGSV,2,2,06,23,35,319,45,24,73,154,46,,,,,,,,*72
$GPGSV,2,1,06,05,33,102,46,10,00,000,31,18,64,267,46,22,00,000,22*71
$GPGSV,2,2,06,23,35,319,45,24,73,154,46,,,,,,,,*72
$GPGSV,2,1,06,05,33,102,46,10,00,000,31,18,64,267,46,22,00,000,22*71
$GPGSV,2,2,06,23,35,319,45,24,73,154,46,,,,,,,,*72
$GPGSV,2,1,06,05,33,102,46,10,00,000,31,18,64,267,46,22,00,000,22*71
$GPGSV,2,2,06,23,35,319,45,24,73,154,46,,,,,,,,*72
$GPGSV,2,1,06,05,33,102,46,10,00,000,31,18,64,267,46,22,00,000,22*71
$GPGSV,2,2,06,23,35,319,45,24,73,154,46,,,,,,,,*72
$GPGSV,2,1,06,05,33,102,46,10,00,000,31,18,64,267,46,22,00,000,22*71
$GPGSV,2,2,06,23,35,319,45,24,73,154,46,,,,,,,,*72
$GPGSV,2,1,06,05,33,102,46,10,00,000,31,18,64,267,46,22,00,000,21*72
$GPGSV,2,2,06,23,35,319,45,24,73,154,46,,,,,,,,*72
$GPGSV,2,1,06,05,33,102,46,10,00,000,32,18,64,267,46,22,00,000,22*72
$GPGSV,2,2,06,23,35,319,45,24,73,154,46,,,,,,,,*72
$GPGSV,2,1,06,05,33,102,46,10,00,000,32,18,64,267,46,22,00,000,22*72
$GPGSV,2,2,06,23,35,319,45,24,73,154,46,,,,,,,,*72
$GPGSV,2,1,06,05,33,102,46,10,00,000,32,18,64,267,46,22,00,000,22*72
$GPGSV,2,2,06,23,35,319,45,24,73,154,46,,,,,,,,*72
$GPGSV,2,1,06,05,33,102,46,10,00,000,32,18,64,267,46,22,00,000,22*72
$GPGSV,2,2,06,23,35,319,45,24,73,154,46,,,,,,,,*72
$GPGSV,2,1,06,05,33,102,46,10,00,000,32,18,64,267,46,22,00,000,21*71
$GPGSV,2,2,06,23,35,319,45,24,73,154,46,,,,,,,,*72
$GPGSV,2,1,06,05,33,102,46,10,00,000,32,18,64,267,46,22,00,000,21*71
$GPGSV,2,2,06,23,35,319,45,24,73,154,46,,,,,,,,*72
$GPGSV,2,1,06,05,33,102,46,10,00,000,32,18,64,267,46,22,00,000,21*71
$GPGSV,2,2,06,23,35,319,45,24,73,154,46,,,,,,,,*72
$GPGSV,2,1,06,05,33,102,46,10,00,000,33,18,64,267,46,22,00,000,21*70
$GPGSV,2,2,06,23,35,319,45,24,73,154,46,,,,,,,,*72
$GPGSV,2,1,06,05,33,102,46,10,00,000,33,18,64,267,46,22,00,000,21*70
$GPGSV,2,2,06,23,35,319,45,24,73,154,46,,,,,,,,*72
$GPGSV,2,1,06,05,33,102,46,10,00,000,32,18,64,267,46,22,00,000,21*71
$GPGSV,2,2,06,23,35,319,45,24,73,154,46,,,,,,,,*72
$GPGSV,2,1,06,05,33,102,46,10,00,000,32,18,64,267,46,22,00,000,21*71
$GPGSV,2,2,06,23,35,319,45,24,73,154,46,,,,,,,,*72
$GPGSV,2,1,06,05,33,102,46,10,00,000,33,18,64,267,46,22,00,000,21*70
$GPGSV,2,2,06,23,35,319,45,24,73,154,46,,,,,,,,*72
$GPGSV,2,1,06,05,33,102,46,10,00,000,33,18,64,267,46,22,00,000,21*70
$GPGSV,2,2,06,23,35,319,45,24,73,154,46,,,,,,,,*72
$GPGSV,2,1,06,05,33,102,46,10,00,000,33,18,64,267,46,22,00,000,21*70
$GPGSV,2,2,06,23,35,319,45,24,73,154,46,,,,,,,,*72
$GPGSV,2,1,06,05,33,102,46,10,00,000,33,18,64,267,46,22,00,000,21*70
$GPGSV,2,2,06,23,35,319,45,24,73,154,46,,,,,,,,*72
$GPGSV,2,1,06,05,33,102,46,10,00,000,33,18,64,267,46,22,00,000,21*70
$GPGSV,2,2,06,23,35,319,45,24,73,154,46,,,,,,,,*72
$GPGSV,2,1,06,05,33,102,46,10,00,000,33,18,64,267,46,22,00,000,21*70
$GPGSV,2,2,06,23,35,319,45,24,73,154,46,,,,,,,,*72
$GPGSV,2,1,06,05,33,102,46,10,00,000,33,18,64,267,46,22,00,000,22*73
$GPGSV,2,2,06,23,35,319,45,24,73,154,46,,,,,,,,*72
$GPGSV,2,1,06,05,33,102,46,10,00,000,33,18,64,267,46,22,00,000,22*73
$GPGSV,2,2,06,23,35,319,45,24,73,154,46,,,,,,,,*72
$GPGSV,2,1,06,05,33,102,46,10,00,000,33,18,64,267,46,22,00,000,22*73
$GPGSV,2,2,06,23,35,319,45,24,73,154,46,,,,,,,,*72
$GPGSV,2,1,06,05,33,102,46,10,00,000,32,18,64,267,46,22,00,000,22*72
$GPGSV,2,2,06,23,35,319,45,24,73,154,46,,,,,,,,*72
$GPGSV,2,1,06,05,33,102,46,10,00,000,26,18,64,267,46,22,00,000,22*77
$GPGSV,2,2,06,23,35,319,45,24,73,154,46,,,,,,,,*72
$GPGSV,2,1,06,05,33,102,46,10,00,000,30,18,64,267,46,22,00,000,22*70
$GPGSV,2,2,06,23,35,319,45,24,73,154,46,,,,,,,,*72
$GPGSV,2,1,06,05,33,102,46,10,00,000,30,18,64,267,46,22,00,000,22*70
$GPGSV,2,2,06,23,35,319,45,24,73,154,46,,,,,,,,*72
$GPGSV,2,1,06,05,33,102,46,10,00,000,28,18,64,267,46,22,00,000,22*79
$GPGSV,2,2,06,23,35,319,45,24,73,154,46,,,,,,,,*72
$GPGSV,2,1,06,05,33,102,46,10,00,000,27,18,64,267,46,22,00,000,22*76
$GPGSV,2,2,06,23,35,319,45,24,73,154,46,,,,,,,,*72
$GPGSV,2,1,06,05,33,102,46,10,00,000,27,18,64,267,46,22,00,000,22*76
$GPGSV,2,2,06,23,35,319,45,24,73,154,46,,,,,,,,*72
$GPGSV,2,1,06,05,33,102,46,10,00,000,26,18,64,267,46,22,00,000,22*77
$GPGSV,2,2,06,23,35,319,45,24,73,154,46,,,,,,,,*72
$GPGSV,2,1,06,05,33,102,46,10,00,000,27,18,64,266,46,22,00,000,22*77
$GPGSV,2,2,06,23,35,319,45,24,73,154,46,,,,,,,,*72
$GPGSV,2,1,06,05,33,102,46,10,00,000,27,18,64,266,46,22,00,000,22*77
$GPGSV,2,2,06,23,35,319,45,24,73,154,46,,,,,,,,*72
$GPGSV,2,1,06,05,33,102,46,10,00,000,28,18,64,266,46,22,00,000,22*78
$GPGSV,2,2,06,23,35,319,45,24,73,154,46,,,,,,,,*72
$GPGSV,2,1,06,05,33,102,46,10,00,000,28,18,64,266,46,22,00,000,22*78
$GPGSV,2,2,06,23,35,319,45,24,73,154,46,,,,,,,,*72
$GPGSV,2,1,06,05,33,102,46,10,00,000,28,18,64,266,46,22,00,000,22*78
$GPGSV,2,2,06,23,35,319,45,24,73,154,46,,,,,,,,*72
$GPGSV,2,1,06,05,33,102,46,10,00,000,28,18,64,266,46,22,00,000,22*78
$GPGSV,2,2,06,23,35,319,45,24,73,154,46,,,,,,,,*72
$GPGSV,2,1,06,05,33,102,46,10,00,000,28,18,64,266,46,22,00,000,22*78
$GPGSV,2,2,06,23,35,319,45,24,73,154,46,,,,,,,,*72
$GPGSV,2,1,06,05,33,102,46,10,00,000,28,18,64,266,46,22,00,000,22*78
$GPGSV,2,2,06,23,35,319,45,24,73,154,46,,,,,,,,*72
$GPGSV,2,1,06,05,33,102,46,10,00,000,28,18,64,266,46,22,00,000,22*78
$GPGSV,2,2,06,23,35,319,45,24,73,154,46,,,,,,,,*72
$GPGSV,2,1,06,05,33,102,46,10,00,000,28,18,64,266,46,22,00,000,22*78
$GPGSV,2,2,06,23,35,319,45,24,73,154,46,,,,,,,,*72
$GPGSV,2,1,06,05,33,102,46,10,00,000,28,18,64,266,46,22,00,000,22*78
$GPGSV,2,2,06,23,35,319,45,24,73,154,46,,,,,,,,*72
$GPGSV,2,1,06,05,33,102,46,10,00,000,28,18,64,266,46,22,00,000,22*78
$GPGSV,2,2,06,23,35,319,45,24,73,154,46,,,,,,,,*72
$GPGSV,2,1,06,05,33,102,46,10,00,000,27,18,64,266,46,22,00,000,21*74
$GPGSV,2,2,06,23,35,319,45,24,73,154,46,,,,,,,,*72
$GPGSV,2,1,06,05,33,102,46,10,00,000,27,18,64,266,46,22,00,000,21*74
$GPGSV,2,2,06,23,35,319,45,24,73,154,46,,,,,,,,*72
$GPGSV,2,1,06,05,33,102,45,10,00,000,27,18,64,266,46,22,00,000,21*77
$GPGSV,2,2,06,23,35,319,45,24,73,154,46,,,,,,,,*72
$GPGSV,2,1,06,05,33,102,45,10,00,000,26,18,64,266,46,22,00,000,21*76
$GPGSV,2,2,06,23,35,319,45,24,73,154,46,,,,,,,,*72
$GPGSV,2,1,06,05,33,102,45,10,00,000,26,18,64,266,46,22,00,000,21*76
$GPGSV,2,2,06,23,35,319,45,24,73,154,46,,,,,,,,*72
$GPGSV,2,1,06,05,33,102,45,10,00,000,26,18,64,266,46,22,00,000,20*77
$GPGSV,2,2,06,23,35,319,45,24,73,154,46,,,,,,,,*72
$GPGSV,2,1,06,05,33,102,45,10,00,000,26,18,64,266,46,22,00,000,20*77
$GPGSV,2,2,06,23,35,319,45,24,73,154,46,,,,,,,,*72
$GPGSV,2,1,06,05,33,102,45,10,00,000,25,18,64,266,46,22,00,000,21*75
$GPGSV,2,2,06,23,35,319,45,24,73,154,46,,,,,,,,*72
$GPGSV,2,1,06,05,33,102,45,10,00,000,24,18,64,266,46,22,00,000,21*74
$GPGSV,2,2,06,23,35,319,45,24,73,154,46,,,,,,,,*72
$GPGSV,2,1,06,05,33,102,45,10,00,000,24,18,64,266,46,22,00,000,21*74
$GPGSV,2,2,06,23,35,319,45,24,73,154,46,,,,,,,,*72
$GPGSV,2,1,06,05,33,102,45,10,00,000,23,18,64,266,46,22,00,000,21*73
$GPGSV,2,2,06,23,35,319,45,24,73,154,46,,,,,,,,*72
$GPGSV,2,1,06,05,33,102,45,10,00,000,23,18,64,266,46,22,00,000,21*73
$GPGSV,2,2,06,23,35,319,45,24,73,154,46,,,,,,,,*72
$GPGSV,2,1,06,05,33,102,45,10,00,000,23,18,64,266,46,22,00,000,22*70
$GPGSV,2,2,06,23,35,319,45,24,73,154,46,,,,,,,,*72
$GPGSV,2,1,06,05,33,102,45,10,00,000,22,18,64,266,46,22,00,000,22*71
$GPGSV,2,2,06,23,35,319,45,24,73,154,46,,,,,,,,*72
$GPGSV,2,1,06,05,33,102,45,10,00,000,22,18,64,266,46,22,00,000,22*71
$GPGSV,2,2,06,23,35,319,45,24,73,154,46,,,,,,,,*72
$GPGSV,2,1,06,05,33,102,45,10,00,000,22,18,64,266,46,22,00,000,22*71
$GPGSV,2,2,06,23,35,319,45,24,73,154,46,,,,,,,,*72
$GPGSV,2,1,07,05,33,102,45,10,00,000,22,18,64,266,46,20,00,000,24*74
$GPGSV,2,2,07,22,00,000,22,23,35,319,45,24,73,154,46,,,,*43
$GPGSV,2,1,07,05,33,102,45,10,00,000,22,18,64,266,46,20,00,000,24*74
$GPGSV,2,2,07,22,00,000,22,23,35,319,45,24,73,154,46,,,,*43
$GPGSV,2,1,07,05,33,102,45,10,00,000,23,18,64,266,46,20,00,000,24*75
$GPGSV,2,2,07,22,00,000,22,23,35,319,45,24,73,154,46,,,,*43
$GPGSV,2,1,07,05,33,102,45,10,00,000,23,18,64,266,46,20,00,000,24*75
$GPGSV,2,2,07,22,00,000,22,23,35,319,45,24,73,154,46,,,,*43
$GPGSV,2,1,07,05,33,102,45,10,00,000,23,18,64,266,46,20,00,000,24*75
$GPGSV,2,2,07,22,00,000,22,23,35,319,45,24,73,154,46,,,,*43
$GPGSV,2,1,07,05,33,102,45,10,00,000,24,18,64,266,46,20,00,000,24*72
$GPGSV,2,2,07,22,00,000,22,23,35,319,45,24,73,154,46,,,,*43
$GPGSV,2,1,07,05,33,102,45,10,00,000,24,18,64,266,46,20,00,000,24*72
$GPGSV,2,2,07,22,00,000,22,23,35,319,45,24,73,154,46,,,,*43
$GPGSV,2,1,07,05,33,102,45,10,00,000,24,18,64,266,46,20,00,000,24*72
$GPGSV,2,2,07,22,00,000,22,23,35,319,45,24,73,154,46,,,,*43
$GPGSV,2,1,07,05,33,102,45,10,00,000,24,18,64,266,46,20,00,000,24*72
$GPGSV,2,2,07,22,00,000,22,23,35,319,45,24,73,154,46,,,,*43
$GPGSV,2,1,07,05,33,102,45,10,00,000,24,18,64,266,46,20,00,000,24*72
$GPGSV,2,2,07,22,00,000,22,23,35,319,45,24,73,154,46,,,,*43
$GPGSV,2,1,07,05,33,102,45,10,00,000,25,18,64,266,46,20,30,049,24*7D
$GPGSV,2,2,07,22,00,000,21,23,35,319,45,24,73,154,46,,,,*40
$GPGSV,2,1,07,05,33,102,45,10,00,000,25,18,64,266,46,20,30,049,25*7C
$GPGSV,2,2,07,22,00,000,21,23,35,319,45,24,73,154,46,,,,*40
$GPGSV,2,1,07,05,33,102,45,10,00,000,26,18,64,266,45,20,30,049,25*7C
$GPGSV,2,2,07,22,00,000,21,23,35,319,45,24,73,154,46,,,,*40
$GPGSV,2,1,07,05,33,102,45,10,00,000,26,18,64,266,45,20,30,049,25*7C
$GPGSV,2,2,07,22,00,000,21,23,35,319,45,24,73,154,46,,,,*40
$GPGSV,2,1,07,05,33,102,45,10,00,000,27,18,64,266,45,20,30,049,25*7D
$GPGSV,2,2,07,22,00,000,21,23,35,319,45,24,73,154,46,,,,*40
$GPGSV,2,1,07,05,33,102,45,10,00,000,27,18,64,266,45,20,30,049,25*7D
$GPGSV,2,2,07,22,00,000,21,23,35,319,45,24,73,154,46,,,,*40
$GPGSV,2,1,07,05,33,102,45,10,00,000,31,18,64,266,45,20,30,049,25*7A
$GPGSV,2,2,07,22,00,000,21,23,35,319,45,24,73,154,46,,,,*40
$GPGSV,2,1,07,05,33,102,45,10,00,000,31,18,64,266,45,20,30,049,25*7A
$GPGSV,2,2,07,22,00,000,22,23,35,319,45,24,73,153,46,,,,*44
$GPGSV,2,1,07,05,33,102,45,10,00,000,32,18,64,266,45,20,30,049,25*79
$GPGSV,2,2,07,22,00,000,22,23,35,319,45,24,73,153,46,,,,*44
$GPGSV,2,1,07,05,33,102,45,10,00,000,32,18,64,266,45,20,30,049,25*79
$GPGSV,2,2,07,22,00,000,22,23,35,319,45,24,73,153,46,,,,*44
$GPGSV,2,1,07,05,33,102,45,10,00,000,32,18,64,266,45,20,30,049,25*79
$GPGSV,2,2,07,22,00,000,22,23,35,319,45,24,73,153,46,,,,*44
$GPGSV,2,1,07,05,33,102,45,10,00,000,32,18,64,266,45,20,30,049,25*79
$GPGSV,2,2,07,22,00,000,22,23,35,319,45,24,73,153,46,,,,*44
$GPGSV,2,1,07,05,33,102,45,10,00,000,32,18,64,266,45,20,30,049,25*79
$GPGSV,2,2,07,22,00,000,22,23,35,319,45,24,73,153,46,,,,*44
$GPGSV,2,1,07,05,33,102,45,10,00,000,32,18,64,266,45,20,30,049,25*79
$GPGSV,2,2,07,22,00,000,22,23,35,319,45,24,73,153,46,,,,*44
$GPGSV,2,1,07,05,33,102,45,10,00,000,32,18,64,266,45,20,30,049,25*79
$GPGSV,2,2,07,22,00,000,22,23,35,319,45,24,73,153,46,,,,*44
$GPGSV,2,1,07,05,33,102,45,10,00,000,31,18,64,266,45,20,30,049,25*7A
$GPGSV,2,2,07,22,00,000,22,23,35,319,45,24,73,153,46,,,,*44
$GPGSV,2,1,07,05,33,102,45,10,00,000,31,18,64,266,45,20,30,049,25*7A
$GPGSV,2,2,07,22,00,000,22,23,35,319,45,24,73,153,46,,,,*44
$GPGSV,2,1,07,05,33,102,45,10,00,000,27,18,64,266,45,20,30,049,25*7D
$GPGSV,2,2,07,22,00,000,22,23,35,319,45,24,73,153,46,,,,*44
$GPGSV,2,1,07,05,33,102,45,10,00,000,25,18,64,266,45,20,30,049,25*7F
$GPGSV,2,2,07,22,00,000,22,23,35,319,45,24,73,153,46,,,,*44
$GPGSV,2,1,07,05,33,102,45,10,00,000,25,18,64,266,45,20,30,049,25*7F
$GPGSV,2,2,07,22,00,000,22,23,35,319,45,24,73,153,46,,,,*44
$GPGSV,2,1,07,05,33,102,45,10,00,000,25,18,64,266,45,20,30,049,26*7C
$GPGSV,2,2,07,22,00,000,22,23,35,319,45,24,73,153,46,,,,*44
$GPGSV,2,1,07,05,33,102,45,10,00,000,26,18,64,266,45,20,30,049,26*7F
$GPGSV,2,2,07,22,00,000,23,23,35,319,45,24,73,153,46,,,,*45
$GPGSV,2,1,07,05,33,102,45,10,00,000,26,18,64,266,45,20,30,049,26*7F
$GPGSV,2,2,07,22,00,000,23,23,35,319,45,24,73,153,46,,,,*45
$GPGSV,2,1,06,05,33,102,45,10,00,000,27,18,64,266,45,22,00,000,23*76
$GPGSV,2,2,06,23,35,319,45,24,73,153,46,,,,,,,,*75
$GPGSV,2,1,06,05,33,102,45,10,00,000,27,18,64,266,45,22,00,000,23*76
$GPGSV,2,2,06,23,35,319,45,24,73,153,46,,,,,,,,*75
$GPGSV,2,1,06,05,33,102,45,10,00,000,27,18,64,266,45,22,00,000,23*76
$GPGSV,2,2,06,23,35,319,45,24,73,153,46,,,,,,,,*75
$GPGSV,2,1,06,05,33,102,45,10,00,000,27,18,64,266,45,22,00,000,23*76
$GPGSV,2,2,06,23,35,319,45,24,73,153,46,,,,,,,,*75
$GPGSV,2,1,06,05,33,102,45,10,00,000,27,18,64,266,45,22,00,000,23*76
$GPGSV,2,2,06,23,35,320,45,24,73,153,46,,,,,,,,*7F
$GPGSV,2,1,06,05,33,102,45,10,00,000,27,18,64,266,45,22,00,000,23*76
$GPGSV,2,2,06,23,35,320,45,24,73,153,46,,,,,,,,*7F
$GPGSV,2,1,06,05,33,102,45,10,00,000,26,18,64,266,45,22,00,000,23*77
$GPGSV,2,2,06,23,35,320,45,24,73,153,46,,,,,,,,*7F
$GPGSV,2,1,06,05,33,102,45,10,00,000,26,18,64,266,45,22,00,000,22*76
$GPGSV,2,2,06,23,35,320,45,24,73,153,46,,,,,,,,*7F
$GPGSV,2,1,06,05,33,102,45,10,00,000,26,18,64,266,45,22,00,000,22*76
$GPGSV,2,2,06,23,35,320,45,24,73,153,46,,,,,,,,*7F
$GPGSV,2,1,06,05,33,102,45,10,00,000,25,18,64,266,45,22,00,000,22*75
$GPGSV,2,2,06,23,35,320,45,24,73,153,46,,,,,,,,*7F
$GPGSV,2,1,06,05,33,102,45,10,00,000,25,18,64,266,45,22,00,000,21*76
$GPGSV,2,2,06,23,35,320,45,24,73,153,46,,,,,,,,*7F
$GPGSV,2,1,06,05,33,102,45,10,00,000,25,18,64,266,45,22,00,000,21*76
$GPGSV,2,2,06,23,35,320,45,24,73,153,46,,,,,,,,*7F
$GPGSV,2,1,06,05,33,102,45,10,00,000,25,18,64,266,45,22,00,000,21*76
$GPGSV,2,2,06,23,35,320,45,24,73,153,46,,,,,,,,*7F
$GPGSV,2,1,06,05,33,102,45,10,00,000,25,18,64,266,45,22,00,000,21*76
$GPGSV,2,2,06,23,35,320,45,24,73,153,46,,,,,,,,*7F
$GPGSV,2,1,06,05,33,102,45,10,00,000,26,18,64,266,45,22,00,000,21*75
$GPGSV,2,2,06,23,35,320,45,24,73,153,46,,,,,,,,*7F
$GPGSV,2,1,06,05,33,102,45,10,00,000,26,18,64,266,45,22,00,000,21*75
$GPGSV,2,2,06,23,35,320,45,24,73,153,46,,,,,,,,*7F
$GPGSV,2,1,07,05,33,102,45,10,00,000,26,18,64,266,45,20,00,000,22*75
$GPGSV,2,2,07,22,00,000,21,23,35,320,45,24,73,153,46,,,,*4D
$GPGSV,2,1,07,05,33,102,45,10,00,000,26,18,64,266,45,20,00,000,22*75
$GPGSV,2,2,07,22,00,000,21,23,35,320,45,24,73,153,46,,,,*4D
$GPGSV,2,1,07,05,33,102,45,10,00,000,26,18,64,266,45,20,00,000,23*74
$GPGSV,2,2,07,22,00,000,22,23,35,320,45,24,73,153,46,,,,*4E
$GPGSV,2,1,07,05,33,102,45,10,00,000,27,18,64,266,45,20,00,000,24*72
$GPGSV,2,2,07,22,00,000,22,23,35,320,45,24,73,153,46,,,,*4E
$GPGSV,2,1,07,05,33,102,45,10,00,000,27,18,64,266,45,20,00,000,25*73
$GPGSV,2,2,07,22,00,000,21,23,35,320,45,24,73,153,46,,,,*4D
$GPGSV,2,1,07,05,33,102,45,10,00,000,27,18,64,266,45,20,00,000,26*70
$GPGSV,2,2,07,22,00,000,21,23,35,320,45,24,73,153,46,,,,*4D
$GPGSV,2,1,07,05,33,102,45,10,00,000,27,18,64,266,45,20,00,000,26*70
$GPGSV,2,2,07,22,00,000,21,23,35,320,45,24,73,153,46,,,,*4D
$GPGSV,2,1,07,05,33,102,45,10,00,000,28,18,64,266,45,20,00,000,26*7F
$GPGSV,2,2,07,22,00,000,22,23,35,320,45,24,73,153,46,,,,*4E
$GPGSV,2,1,07,05,33,102,45,10,00,000,28,18,64,266,45,20,00,000,26*7F
$GPGSV,2,2,07,22,00,000,22,23,35,320,45,24,73,153,46,,,,*4E
$GPGSV,2,1,07,05,33,102,45,10,00,000,28,18,64,266,45,20,00,000,26*7F
$GPGSV,2,2,07,22,00,000,21,23,35,320,45,24,73,153,46,,,,*4D
$GPGSV,2,1,07,05,33,102,45,10,00,000,28,18,64,266,45,20,00,000,26*7F
$GPGSV,2,2,07,22,00,000,21,23,35,320,45,24,73,153,46,,,,*4D
$GPGSV,2,1,07,05,33,102,45,10,00,000,28,18,64,266,45,20,00,000,25*7C
$GPGSV,2,2,07,22,00,000,21,23,35,320,45,24,73,153,46,,,,*4D
$GPGSV,2,1,07,05,33,102,45,10,00,000,28,18,64,266,45,20,00,000,25*7C
$GPGSV,2,2,07,22,00,000,21,23,35,320,45,24,73,153,46,,,,*4D
$GPGSV,2,1,07,05,33,102,45,10,00,000,28,18,64,266,45,20,00,000,25*7C
$GPGSV,2,2,07,22,00,000,21,23,35,320,45,24,73,153,46,,,,*4D
$GPGSV,2,1,07,05,33,102,45,10,00,000,28,18,64,266,45,20,00,000,25*7C
$GPGSV,2,2,07,22,00,000,21,23,35,320,45,24,73,153,46,,,,*4D
$GPGSV,2,1,07,05,33,102,45,10,00,000,28,18,64,266,45,20,00,000,25*7C
$GPGSV,2,2,07,22,00,000,21,23,35,320,45,24,73,153,46,,,,*4D
$GPGSV,2,1,07,05,33,102,45,10,00,000,28,18,64,266,45,20,00,000,25*7C
$GPGSV,2,2,07,22,00,000,21,23,35,320,45,24,73,153,46,,,,*4D
$GPGSV,2,1,07,05,33,102,45,10,00,000,28,18,64,266,45,20,00,000,24*7D
$GPGSV,2,2,07,22,00,000,21,23,35,320,45,24,73,153,46,,,,*4D
$GPGSV,2,1,07,05,33,102,45,10,00,000,28,18,64,266,45,20,00,000,24*7D
$GPGSV,2,2,07,22,00,000,20,23,35,320,45,24,73,153,46,,,,*4C
$GPGSV,2,1,07,05,33,102,45,10,00,000,27,18,64,266,45,20,00,000,24*72
$GPGSV,2,2,07,22,00,000,20,23,35,320,45,24,73,153,46,,,,*4C
$GPGSV,2,1,07,05,33,102,45,10,00,000,27,18,64,266,45,20,00,000,24*72
$GPGSV,2,2,07,22,00,000,19,23,35,320,45,24,73,153,46,,,,*46
$GPGSV,2,1,07,05,33,102,45,10,00,000,27,18,64,266,45,20,00,000,24*72
$GPGSV,2,2,07,22,00,000,20,23,35,320,45,24,73,153,46,,,,*4C
$GPGSV,2,1,07,05,33,102,45,10,00,000,26,18,64,266,45,20,00,000,24*73
$GPGSV,2,2,07,22,00,000,20,23,35,320,45,24,73,153,46,,,,*4C
$GPGSV,2,1,07,05,33,102,45,10,00,000,26,18,64,266,45,20,00,000,23*74
$GPGSV,2,2,07,22,00,000,20,23,35,320,45,24,73,153,46,,,,*4C
$GPGSV,2,1,07,05,33,102,45,10,00,000,26,18,64,266,45,20,00,000,23*74
$GPGSV,2,2,07,22,00,000,21,23,35,320,45,24,73,153,46,,,,*4D
$GPGSV,2,1,07,05,33,102,45,10,00,000,26,18,64,266,45,20,00,000,22*75
$GPGSV,2,2,07,22,00,000,21,23,35,320,45,24,73,153,46,,,,*4D
$GPGSV,2,1,07,05,33,102,45,10,00,000,25,18,64,266,45,20,00,000,21*75
$GPGSV,2,2,07,22,00,000,20,23,35,320,45,24,73,153,46,,,,*4C
$GPGSV,2,1,06,05,33,102,45,10,00,000,25,18,64,266,45,22,00,000,20*77
$GPGSV,2,2,06,23,35,320,45,24,73,153,46,,,,,,,,*7F
$GPGSV,2,1,06,05,33,102,45,10,00,000,25,18,64,266,45,22,00,000,20*77
$GPGSV,2,2,06,23,35,320,45,24,73,153,46,,,,,,,,*7F
$GPGSV,2,1,06,05,33,102,45,10,00,000,25,18,64,266,45,22,00,000,20*77
$GPGSV,2,2,06,23,35,320,45,24,73,153,46,,,,,,,,*7F
$GPGSV,2,1,06,05,33,102,45,10,00,000,24,18,64,266,45,22,00,000,20*76
$GPGSV,2,2,06,23,35,320,45,24,73,153,46,,,,,,,,*7F
$GPGSV,2,1,06,05,33,102,45,10,00,000,24,18,64,266,45,22,00,000,20*76
$GPGSV,2,2,06,23,35,320,45,24,73,153,46,,,,,,,,*7F
$GPGSV,2,1,06,05,33,102,45,10,00,000,23,18,64,266,45,22,00,000,20*71
$GPGSV,2,2,06,23,35,320,45,24,73,153,46,,,,,,,,*7F
$GPGSV,2,1,06,05,33,102,46,10,00,000,22,18,64,266,45,22,00,000,20*73
$GPGSV,2,2,06,23,35,320,45,24,73,153,46,,,,,,,,*7F
$GPGSV,2,1,06,05,33,102,46,10,00,000,22,18,64,266,45,22,00,000,20*73
$GPGSV,2,2,06,23,35,320,45,24,73,153,46,,,,,,,,*7F
$GPGSV,2,1,06,05,33,102,46,10,00,000,22,18,64,266,45,22,00,000,20*73
$GPGSV,2,2,06,23,35,320,45,24,73,153,46,,,,,,,,*7F
$GPGSV,2,1,06,05,33,102,46,10,00,000,22,18,64,266,45,22,00,000,20*73
$GPGSV,2,2,06,23,35,320,45,24,73,153,46,,,,,,,,*7F
$GPGSV,2,1,06,05,33,102,46,10,00,000,22,18,64,266,45,22,00,000,20*73
$GPGSV,2,2,06,23,35,320,45,24,73,153,46,,,,,,,,*7F
$GPGSV,2,1,06,05,33,102,46,10,00,000,22,18,64,266,45,22,00,000,20*73
$GPGSV,2,2,06,23,35,320,45,24,73,153,46,,,,,,,,*7F
$GPGSV,2,1,06,05,33,102,46,10,00,000,22,18,64,266,45,22,00,000,19*79
$GPGSV,2,2,06,23,35,320,45,24,73,153,46,,,,,,,,*7F
$GPGSV,2,1,07,05,33,102,46,10,00,000,23,18,64,266,45,20,00,000,23*72
$GPGSV,2,2,07,22,00,000,19,23,35,320,45,24,73,153,47,,,,*47
$GPGSV,2,1,07,05,33,102,46,10,00,000,23,18,64,266,45,20,00,000,23*72
$GPGSV,2,2,07,22,00,000,19,23,35,320,45,24,73,153,47,,,,*47
$GPGSV,2,1,07,05,33,102,46,10,00,000,23,18,64,266,45,20,00,000,23*72
$GPGSV,2,2,07,22,00,000,20,23,35,320,45,24,73,153,47,,,,*4D
$GPGSV,2,1,07,05,33,102,46,10,00,000,24,18,64,266,45,20,00,000,22*74
$GPGSV,2,2,07,22,00,000,20,23,35,320,45,24,73,153,47,,,,*4D
$GPGSV,2,1,07,05,33,102,46,10,00,000,25,18,64,266,45,20,00,000,21*76
$GPGSV,2,2,07,22,00,000,19,23,35,320,45,24,73,153,47,,,,*47
$GPGSV,2,1,07,05,33,102,46,10,00,000,25,18,64,266,45,20,00,000,21*76
$GPGSV,2,2,07,22,00,000,19,23,35,320,45,24,73,153,47,,,,*47
$GPGSV,2,1,07,05,33,102,46,10,00,000,26,18,64,266,45,20,00,000,20*74
$GPGSV,2,2,07,22,00,000,19,23,35,320,45,24,73,153,47,,,,*47
$GPGSV,2,1,07,05,33,102,46,10,00,000,26,18,64,266,45,20,00,000,20*74
$GPGSV,2,2,07,22,00,000,19,23,35,320,45,24,73,153,47,,,,*47
$GPGSV,2,1,07,05,33,102,46,10,00,000,27,18,64,266,45,20,00,000,20*75
$GPGSV,2,2,07,22,00,000,19,23,35,320,45,24,73,153,47,,,,*47
$GPGSV,2,1,07,05,33,102,46,10,00,000,27,18,64,266,45,20,00,000,20*75
$GPGSV,2,2,07,22,00,000,19,23,35,320,45,24,73,153,47,,,,*47
$GPGSV,2,1,07,05,33,102,46,10,00,000,28,18,64,266,45,20,00,000,20*7A
$GPGSV,2,2,07,22,00,000,19,23,35,320,45,24,73,153,47,,,,*47
$GPGSV,2,1,07,05,33,102,46,10,00,000,28,18,64,266,45,20,00,000,20*7A
$GPGSV,2,2,07,22,00,000,20,23,35,320,45,24,73,153,47,,,,*4D
$GPGSV,2,1,07,05,33,102,46,10,00,000,29,18,64,266,44,20,00,000,19*70
$GPGSV,2,2,07,22,00,000,20,23,35,320,45,24,73,153,47,,,,*4D
$GPGSV,2,1,07,05,33,102,46,10,00,000,29,18,64,266,44,20,00,000,19*70
$GPGSV,2,2,07,22,00,000,20,23,35,320,45,24,73,153,47,,,,*4D
$GPGSV,2,1,06,05,33,102,46,10,00,000,29,18,64,266,44,22,00,000,20*79
$GPGSV,2,2,06,23,35,320,45,24,73,153,47,,,,,,,,*7E
$GPGSV,2,1,06,05,33,102,46,10,00,000,29,18,64,266,44,22,00,000,20*79
$GPGSV,2,2,06,23,35,320,45,24,73,153,47,,,,,,,,*7E
$GPGSV,2,1,06,05,33,102,46,10,00,000,30,18,64,266,44,22,00,000,20*71
$GPGSV,2,2,06,23,35,320,45,24,73,153,47,,,,,,,,*7E
$GPGSV,2,1,06,05,33,102,46,10,00,000,30,18,64,266,44,22,00,000,20*71
$GPGSV,2,2,06,23,35,320,45,24,73,153,47,,,,,,,,*7E
$GPGSV,2,1,06,05,33,102,46,10,00,000,30,18,64,266,44,22,00,000,20*71
$GPGSV,2,2,06,23,35,320,45,24,73,153,47,,,,,,,,*7E
$GPGSV,2,1,06,05,33,102,46,10,00,000,30,18,64,266,44,22,00,000,19*7B
$GPGSV,2,2,06,23,35,320,44,24,73,153,47,,,,,,,,*7F
$GPGSV,2,1,06,05,33,102,46,10,00,000,30,18,64,266,44,22,00,000,19*7B
$GPGSV,2,2,06,23,35,320,44,24,73,153,47,,,,,,,,*7F
$GPGSV,2,1,06,05,33,102,46,10,00,000,30,18,64,266,44,22,00,000,19*7B
$GPGSV,2,2,06,23,35,320,44,24,73,153,47,,,,,,,,*7F
$GPGSV,2,1,06,05,33,102,46,10,00,000,30,18,64,266,44,22,00,000,19*7B
$GPGSV,2,2,06,23,35,320,44,24,73,153,47,,,,,,,,*7F
$GPGSV,2,1,06,05,33,102,46,10,00,000,30,18,64,266,44,22,00,000,19*7B
$GPGSV,2,2,06,23,35,320,44,24,73,153,47,,,,,,,,*7F
$GPGSV,2,1,06,05,33,102,46,10,00,000,29,18,64,266,45,22,00,000,19*72
$GPGSV,2,2,06,23,35,320,44,24,73,153,47,,,,,,,,*7F
$GPGSV,2,1,06,05,33,102,46,10,00,000,29,18,64,266,45,22,00,000,19*72
$GPGSV,2,2,06,23,35,320,44,24,73,153,47,,,,,,,,*7F
$GPGSV,2,1,06,05,33,102,46,10,00,000,29,18,64,266,45,22,00,000,20*78
$GPGSV,2,2,06,23,35,320,44,24,73,153,47,,,,,,,,*7F
$GPGSV,2,1,06,05,33,102,46,10,00,000,28,18,64,266,45,22,00,000,20*79
$GPGSV,2,2,06,23,35,320,44,24,73,153,47,,,,,,,,*7F
$GPGSV,2,1,06,05,33,102,46,10,00,000,28,18,64,266,45,22,00,000,20*79
$GPGSV,2,2,06,23,35,320,44,24,73,153,47,,,,,,,,*7F
$GPGSV,2,1,06,05,33,102,46,10,00,000,28,18,64,266,45,22,00,000,20*79
$GPGSV,2,2,06,23,35,320,44,24,73,153,47,,,,,,,,*7F
$GPGSV,2,1,06,05,33,102,46,10,00,000,27,18,64,266,45,22,00,000,20*76
$GPGSV,2,2,06,23,35,320,44,24,73,153,47,,,,,,,,*7F
$GPGSV,2,1,06,05,33,102,46,10,00,000,27,18,64,266,45,22,00,000,20*76
$GPGSV,2,2,06,23,35,320,44,24,73,153,47,,,,,,,,*7F
$GPGSV,2,1,06,05,33,102,46,10,00,000,26,18,64,266,45,22,00,000,20*77
$GPGSV,2,2,06,23,35,320,44,24,73,153,47,,,,,,,,*7F
$GPGSV,2,1,06,05,33,102,46,10,00,000,26,18,64,266,45,22,00,000,21*76
$GPGSV,2,2,06,23,35,320,44,24,73,153,47,,,,,,,,*7F
$GPGSV,2,1,06,05,33,102,46,10,00,000,25,18,64,266,45,22,00,000,21*75
$GPGSV,2,2,06,23,35,320,44,24,73,153,47,,,,,,,,*7F
$GPGSV,2,1,06,05,33,102,46,10,00,000,25,18,64,266,45,22,00,000,21*75
$GPGSV,2,2,06,23,35,320,44,24,73,153,47,,,,,,,,*7F
$GPGSV,2,1,06,05,33,102,46,10,00,000,24,18,64,266,45,22,00,000,21*74
$GPGSV,2,2,06,23,35,320,44,24,73,153,47,,,,,,,,*7F
$GPGSV,2,1,06,05,33,102,46,10,00,000,23,18,64,266,45,22,00,000,21*73
$GPGSV,2,2,06,23,35,320,44,24,73,153,47,,,,,,,,*7F
$GPGSV,2,1,06,05,33,103,46,10,00,000,23,18,64,266,45,22,00,000,21*72
$GPGSV,2,2,06,23,35,320,44,24,73,153,47,,,,,,,,*7F
$GPGSV,2,1,06,05,33,103,46,10,00,000,22,18,64,266,45,22,00,000,21*73
$GPGSV,2,2,06,23,35,320,44,24,73,153,47,,,,,,,,*7F
$GPGSV,2,1,06,05,33,103,46,10,00,000,22,18,64,266,45,22,00,000,21*73
$GPGSV,2,2,06,23,35,320,44,24,73,153,47,,,,,,,,*7F
$GPGSV,2,1,06,05,33,103,46,10,00,000,21,18,64,266,45,22,00,000,21*70
$GPGSV,2,2,06,23,35,320,44,24,73,153,47,,,,,,,,*7F
$GPGSV,2,1,06,05,33,103,46,10,00,000,21,18,64,266,45,22,00,000,20*71
$GPGSV,2,2,06,23,35,320,44,24,73,153,47,,,,,,,,*7F
$GPGSV,2,1,06,05,33,103,46,10,00,000,21,18,64,266,45,22,00,000,20*71
$GPGSV,2,2,06,23,35,320,44,24,73,153,47,,,,,,,,*7F
$GPGSV,2,1,06,05,33,103,46,10,00,000,21,18,64,266,45,22,00,000,20*71
$GPGSV,2,2,06,23,35,320,44,24,73,153,47,,,,,,,,*7F
$GPGSV,2,1,06,05,33,103,46,10,00,000,21,18,64,266,45,22,00,000,20*71
$GPGSV,2,2,06,23,35,320,44,24,73,153,47,,,,,,,,*7F
$GPGSV,2,1,06,05,33,103,46,10,00,000,21,18,64,266,45,22,00,000,19*7B
$GPGSV,2,2,06,23,35,320,44,24,73,153,47,,,,,,,,*7F
$GPGSV,2,1,06,05,33,103,46,10,00,000,21,18,64,266,45,22,00,000,19*7B
$GPGSV,2,2,06,23,35,320,44,24,73,153,47,,,,,,,,*7F
$GPGSV,2,1,06,05,33,103,46,10,00,000,22,18,64,266,45,22,00,000,19*78
$GPGSV,2,2,06,23,35,320,44,24,73,153,47,,,,,,,,*7F
$GPGSV,2,1,06,05,33,103,46,10,00,000,22,18,64,266,45,22,00,000,19*78
$GPGSV,2,2,06,23,35,320,44,24,73,153,47,,,,,,,,*7F
$GPGSV,2,1,06,05,33,103,46,10,00,000,22,18,64,266,45,22,00,000,19*78
$GPGSV,2,2,06,23,35,320,44,24,73,153,47,,,,,,,,*7F
$GPGSV,2,1,06,05,33,103,46,10,00,000,23,18,64,266,45,22,00,000,19*79
$GPGSV,2,2,06,23,35,320,44,24,73,153,47,,,,,,,,*7F
$GPGSV,2,1,06,05,33,103,46,10,00,000,23,18,64,266,45,22,00,000,19*79
$GPGSV,2,2,06,23,35,320,44,24,73,153,47,,,,,,,,*7F
$GPGSV,2,1,06,05,33,103,46,10,00,000,24,18,64,266,45,22,00,000,19*7E
$GPGSV,2,2,06,23,35,320,44,24,73,153,47,,,,,,,,*7F
$GPGSV,2,1,06,05,33,103,46,10,00,000,24,18,64,266,45,22,00,000,18*7F
$GPGSV,2,2,06,23,35,320,44,24,73,153,47,,,,,,,,*7F
$GPGSV,2,1,06,05,33,103,45,10,00,000,24,18,64,266,45,22,00,000,18*7C
$GPGSV,2,2,06,23,35,320,44,24,73,153,47,,,,,,,,*7F
$GPGSV,2,1,06,05,33,103,45,10,00,000,24,18,64,266,45,22,00,000,18*7C
$GPGSV,2,2,06,23,35,320,44,24,73,153,47,,,,,,,,*7F
$GPGSV,2,1,06,05,33,103,45,10,00,000,24,18,64,266,45,22,00,000,18*7C
$GPGSV,2,2,06,23,35,320,44,24,73,153,47,,,,,,,,*7F
$GPGSV,2,1,06,05,33,103,45,10,00,000,24,18,64,266,45,22,00,000,18*7C
$GPGSV,2,2,06,23,35,320,44,24,73,153,47,,,,,,,,*7F
$GPGSV,2,1,06,05,33,103,45,10,00,000,25,18,64,266,45,22,00,000,18*7D
$GPGSV,2,2,06,23,35,320,44,24,73,153,47,,,,,,,,*7F
$GPGSV,2,1,06,05,33,103,45,10,00,000,25,18,64,266,45,22,00,000,18*7D
$GPGSV,2,2,06,23,35,320,44,24,73,153,47,,,,,,,,*7F
$GPGSV,2,1,06,05,33,103,45,10,00,000,25,18,64,266,45,22,00,000,18*7D
$GPGSV,2,2,06,23,35,320,44,24,73,153,47,,,,,,,,*7F
$GPGSV,2,1,06,05,33,103,45,10,00,000,25,18,64,266,45,22,00,000,19*7C
$GPGSV,2,2,06,23,35,320,44,24,73,153,47,,,,,,,,*7F
$GPGSV,2,1,06,05,33,103,45,10,00,000,26,18,64,266,45,22,00,000,19*7F
$GPGSV,2,2,06,23,35,320,44,24,73,153,47,,,,,,,,*7F
$GPGSV,2,1,06,05,33,103,45,10,00,000,26,18,64,266,45,22,00,000,19*7F
$GPGSV,2,2,06,23,35,320,44,24,73,153,47,,,,,,,,*7F
$GPGSV,2,1,06,05,33,103,45,10,00,000,26,18,64,266,45,22,00,000,19*7F
$GPGSV,2,2,06,23,35,320,44,24,73,153,47,,,,,,,,*7F
$GPGSV,2,1,06,05,33,103,45,10,00,000,27,18,64,266,45,22,00,000,19*7E
$GPGSV,2,2,06,23,35,320,44,24,73,153,47,,,,,,,,*7F
$GPGSV,2,1,06,05,33,103,45,10,00,000,27,18,64,266,45,22,00,000,18*7F
$GPGSV,2,2,06,23,35,320,44,24,73,153,47,,,,,,,,*7F
$GPGSV,2,1,06,05,33,103,45,10,00,000,27,18,64,266,45,22,00,000,19*7E
$GPGSV,2,2,06,23,35,320,44,24,73,153,47,,,,,,,,*7F
$GPGSV,2,1,06,05,33,103,45,10,00,000,27,18,64,266,45,22,00,000,19*7E
$GPGSV,2,2,06,23,35,320,44,24,73,153,47,,,,,,,,*7F
$GPGSV,2,1,06,05,33,103,45,10,00,000,27,18,64,266,45,22,00,000,18*7F
$GPGSV,2,2,06,23,35,320,44,24,73,153,47,,,,,,,,*7F
$GPGSV,2,1,06,05,33,103,45,10,00,000,27,18,64,266,45,22,00,000,18*7F
$GPGSV,2,2,06,23,35,320,44,24,73,153,47,,,,,,,,*7F
$GPGSV,2,1,06,05,33,103,45,10,00,000,27,18,64,266,45,22,00,000,18*7F
$GPGSV,2,2,06,23,35,320,44,24,73,153,47,,,,,,,,*7F
$GPGSV,2,1,06,05,33,103,45,10,00,000,27,18,64,266,45,22,00,000,18*7F
$GPGSV,2,2,06,23,35,320,44,24,73,153,47,,,,,,,,*7F
$GPGSV,2,1,06,05,33,103,45,10,00,000,27,18,64,266,45,22,00,000,18*7F
$GPGSV,2,2,06,23,35,320,44,24,73,153,47,,,,,,,,*7F
$GPGSV,2,1,06,05,33,103,45,10,00,000,26,18,64,266,45,22,00,000,18*7E
$GPGSV,2,2,06,23,35,320,44,24,73,153,47,,,,,,,,*7F
$GPGSV,2,1,06,05,33,103,45,10,00,000,26,18,64,266,45,22,00,000,18*7E
$GPGSV,2,2,06,23,35,320,44,24,73,153,47,,,,,,,,*7F
$GPGSV,2,1,06,05,33,103,45,10,00,000,25,18,64,266,45,22,00,000,19*7C
$GPGSV,2,2,06,23,35,320,44,24,73,153,47,,,,,,,,*7F
$GPGSV,2,1,06,05,33,103,45,10,00,000,25,18,64,266,45,22,00,000,19*7C
$GPGSV,2,2,06,23,35,320,44,24,73,153,47,,,,,,,,*7F
$GPGSV,2,1,06,05,33,103,45,10,00,000,24,18,64,266,45,22,00,000,20*77
$GPGSV,2,2,06,23,35,320,44,24,73,153,47,,,,,,,,*7F
$GPGSV,2,1,06,05,33,103,45,10,00,000,24,18,64,266,45,22,00,000,20*77
$GPGSV,2,2,06,23,35,320,44,24,73,153,47,,,,,,,,*7F
$GPGSV,2,1,06,05,33,103,45,10,00,000,23,18,64,266,45,22,00,000,20*70
$GPGSV,2,2,06,23,35,320,44,24,73,153,47,,,,,,,,*7F
$GPGSV,2,1,06,05,33,103,45,10,00,000,22,18,64,266,45,22,00,000,20*71
$GPGSV,2,2,06,23,35,320,44,24,73,153,47,,,,,,,,*7F
$GPGSV,2,1,06,05,33,103,45,10,00,000,22,18,64,266,45,22,00,000,20*71
$GPGSV,2,2,06,23,35,320,44,24,73,153,47,,,,,,,,*7F
$GPGSV,2,1,06,05,33,103,45,10,00,000,21,18,64,266,45,22,00,000,20*72
$GPGSV,2,2,06,23,35,320,44,24,73,153,47,,,,,,,,*7F
$GPGSV,2,1,06,05,33,103,45,10,00,000,21,18,64,266,45,22,00,000,19*78
$GPGSV,2,2,06,23,35,320,44,24,73,153,47,,,,,,,,*7F
$GPGSV,2,1,06,05,33,103,45,10,00,000,21,18,64,266,45,22,00,000,19*78
$GPGSV,2,2,06,23,35,320,44,24,73,153,47,,,,,,,,*7F
$GPGSV,2,1,06,05,33,103,45,10,00,000,21,18,64,266,45,22,00,000,18*79
$GPGSV,2,2,06,23,35,320,44,24,73,153,47,,,,,,,,*7F
$GPGSV,2,1,06,05,33,103,45,10,00,000,21,18,64,266,45,22,00,000,18*79
$GPGSV,2,2,06,23,35,320,44,24,73,153,47,,,,,,,,*7F
$GPGSV,2,1,06,05,33,103,45,10,00,000,21,18,64,266,45,22,00,000,18*79
$GPGSV,2,2,06,23,35,320,44,24,73,153,47,,,,,,,,*7F
$GPGSV,2,1,06,05,33,103,45,10,00,000,22,18,64,266,45,22,00,000,19*7B
$GPGSV,2,2,06,23,35,320,44,24,73,153,47,,,,,,,,*7F
$GPGSV,2,1,06,05,33,103,45,10,00,000,22,18,64,266,45,22,00,000,19*7B
$GPGSV,2,2,06,23,35,320,44,24,73,153,47,,,,,,,,*7F
$GPGSV,2,1,06,05,33,103,45,10,00,000,23,18,64,266,45,22,00,000,19*7A
$GPGSV,2,2,06,23,35,320,44,24,73,153,47,,,,,,,,*7F
$GPGSV,2,1,06,05,33,103,45,10,00,000,23,18,64,266,45,22,00,000,19*7A
$GPGSV,2,2,06,23,35,320,44,24,73,153,47,,,,,,,,*7F
$GPGSV,2,1,06,05,33,103,45,10,00,000,24,18,64,266,45,22,00,000,18*7C
$GPGSV,2,2,06,23,35,320,44,24,73,153,47,,,,,,,,*7F
$GPGSV,2,1,06,05,33,103,45,10,00,000,25,18,64,266,45,22,00,000,19*7C
$GPGSV,2,2,06,23,35,320,44,24,73,153,47,,,,,,,,*7F
$GPGSV,2,1,06,05,33,103,45,10,00,000,25,18,64,266,45,22,00,000,18*7D
$GPGSV,2,2,06,23,35,320,44,24,73,153,47,,,,,,,,*7F
$GPGSV,2,1,06,05,33,103,45,10,00,000,26,18,64,266,45,22,00,000,18*7E
$GPGSV,2,2,06,23,35,320,44,24,73,153,47,,,,,,,,*7F
$GPGSV,2,1,06,05,33,103,45,10,00,000,27,18,64,266,45,22,00,000,17*70
$GPGSV,2,2,06,23,35,320,44,24,73,153,47,,,,,,,,*7F
$GPGSV,2,1,06,05,33,103,45,10,00,000,27,18,64,266,45,22,00,000,17*70
$GPGSV,2,2,06,23,35,320,44,24,73,153,47,,,,,,,,*7F
$GPGSV,2,1,06,05,33,103,45,10,00,000,28,18,64,266,45,22,00,000,18*70
$GPGSV,2,2,06,23,35,320,44,24,73,153,47,,,,,,,,*7F
$GPGSV,2,1,06,05,33,103,45,10,00,000,28,18,64,266,45,22,00,000,18*70
$GPGSV,2,2,06,23,35,320,44,24,73,153,47,,,,,,,,*7F
$GPGSV,2,1,06,05,33,103,45,10,00,000,29,18,64,266,45,22,00,000,18*71
$GPGSV,2,2,06,23,35,320,44,24,73,153,47,,,,,,,,*7F
$GPGSV,2,1,06,05,33,103,45,10,00,000,29,18,64,266,45,22,00,000,17*7E
$GPGSV,2,2,06,23,35,320,44,24,73,153,47,,,,,,,,*7F
$GPGSV,2,1,06,05,33,103,46,10,00,000,29,18,64,266,45,22,00,000,17*7D
$GPGSV,2,2,06,23,35,320,44,24,73,153,47,,,,,,,,*7F
$GPGSV,2,1,06,05,33,103,46,10,00,000,30,18,64,266,45,22,00,000,18*7A
$GPGSV,2,2,06,23,35,320,44,24,73,153,47,,,,,,,,*7F
$GPGSV,2,1,06,05,33,103,46,10,00,000,30,18,64,266,45,22,00,000,18*7A
$GPGSV,2,2,06,23,35,320,45,24,73,153,47,,,,,,,,*7E
$GPGSV,2,1,06,05,33,103,46,10,00,000,30,18,64,266,45,22,00,000,18*7A
$GPGSV,2,2,06,23,35,320,45,24,73,153,47,,,,,,,,*7E
$GPGSV,2,1,06,05,33,103,46,10,00,000,30,18,64,266,45,22,00,000,18*7A
$GPGSV,2,2,06,23,36,320,45,24,73,153,47,,,,,,,,*7D
$GPGSV,2,1,06,05,33,103,46,10,00,000,30,18,64,266,45,22,00,000,18*7A
$GPGSV,2,2,06,23,36,320,45,24,73,153,47,,,,,,,,*7D
$GPGSV,2,1,06,05,33,103,46,10,00,000,30,18,64,266,45,22,00,000,18*7A
$GPGSV,2,2,06,23,36,320,45,24,73,153,47,,,,,,,,*7D
$GPGSV,2,1,06,05,33,103,46,10,00,000,30,18,64,266,45,22,00,000,18*7A
$GPGSV,2,2,06,23,36,320,45,24,73,153,47,,,,,,,,*7D
$GPGSV,2,1,06,05,33,103,46,10,00,000,30,18,64,266,45,22,00,000,18*7A
$GPGSV,2,2,06,23,36,320,45,24,73,153,47,,,,,,,,*7D
$GPGSV,2,1,06,05,33,103,46,10,00,000,30,18,64,266,45,22,00,000,18*7A
$GPGSV,2,2,06,23,36,320,45,24,73,153,47,,,,,,,,*7D
$GPGSV,2,1,06,05,33,103,46,10,00,000,30,18,64,266,45,22,00,000,19*7B
$GPGSV,2,2,06,23,36,320,45,24,73,153,47,,,,,,,,*7D
$GPGSV,2,1,06,05,33,103,46,10,00,000,30,18,64,266,45,22,00,000,19*7B
$GPGSV,2,2,06,23,36,320,45,24,73,153,47,,,,,,,,*7D
$GPGSV,2,1,06,05,33,103,46,10,00,000,29,18,64,266,45,22,00,000,18*72
$GPGSV,2,2,06,23,36,320,45,24,73,153,47,,,,,,,,*7D
$GPGSV,2,1,06,05,33,103,46,10,00,000,29,18,64,266,45,22,00,000,18*72
$GPGSV,2,2,06,23,36,320,45,24,73,153,47,,,,,,,,*7D
$GPGSV,2,1,06,05,33,103,46,10,00,000,28,18,64,266,45,22,00,000,18*73
$GPGSV,2,2,06,23,36,320,45,24,73,153,47,,,,,,,,*7D
$GPGSV,2,1,06,05,33,103,46,10,00,000,28,18,64,266,45,22,00,000,18*73
$GPGSV,2,2,06,23,36,320,45,24,73,153,47,,,,,,,,*7D
$GPGSV,2,1,06,05,33,103,46,10,00,000,28,18,64,266,46,22,00,000,17*7F
$GPGSV,2,2,06,23,36,320,45,24,73,153,47,,,,,,,,*7D
$GPGSV,2,1,06,05,33,103,46,10,00,000,27,18,64,266,46,22,00,000,17*70
$GPGSV,2,2,06,23,36,320,45,24,73,153,47,,,,,,,,*7D
$GPGSV,2,1,06,05,33,103,46,10,00,000,27,18,64,266,46,22,00,000,16*71
$GPGSV,2,2,06,23,36,320,45,24,73,153,47,,,,,,,,*7D
$GPGSV,2,1,06,05,33,103,46,10,00,000,27,18,64,266,46,22,00,000,16*71
$GPGSV,2,2,06,23,36,320,45,24,73,153,47,,,,,,,,*7D
$GPGSV,2,1,06,05,33,103,46,10,00,000,27,18,64,266,46,22,00,000,16*71
$GPGSV,2,2,06,23,36,320,45,24,73,153,47,,,,,,,,*7D
$GPGSV,2,1,06,05,33,103,46,10,00,000,27,18,64,266,46,22,00,000,16*71
$GPGSV,2,2,06,23,36,320,45,24,73,153,47,,,,,,,,*7D
$GPGSV,2,1,06,05,33,103,46,10,00,000,28,18,64,266,46,22,00,000,17*7F
$GPGSV,2,2,06,23,36,320,45,24,73,153,47,,,,,,,,*7D
$GPGSV,2,1,06,05,33,103,46,10,00,000,28,18,64,266,46,22,00,000,17*7F
$GPGSV,2,2,06,23,36,320,45,24,73,153,47,,,,,,,,*7D
$GPGSV,2,1,06,05,33,103,46,10,00,000,28,18,64,266,46,22,00,000,16*7E
$GPGSV,2,2,06,23,36,320,45,24,73,153,47,,,,,,,,*7D
$GPGSV,2,1,06,05,33,103,46,10,00,000,28,18,64,266,46,22,00,000,16*7E
$GPGSV,2,2,06,23,36,320,45,24,73,153,47,,,,,,,,*7D
$GPGSV,2,1,06,05,33,103,46,10,00,000,29,18,64,266,46,22,00,000,17*7E
$GPGSV,2,2,06,23,36,320,45,24,73,153,47,,,,,,,,*7D
$GPGSV,2,1,06,05,33,103,46,10,00,000,29,18,64,266,46,22,00,000,17*7E
$GPGSV,2,2,06,23,36,320,45,24,73,153,47,,,,,,,,*7D
$GPGSV,2,1,06,05,33,103,46,10,00,000,29,18,64,266,46,22,00,000,17*7E
$GPGSV,2,2,06,23,36,320,45,24,73,153,47,,,,,,,,*7D
$GPGSV,2,1,06,05,33,103,46,10,00,000,29,18,64,266,46,22,00,000,18*71
$GPGSV,2,2,06,23,36,320,45,24,73,153,47,,,,,,,,*7D
$GPGSV,2,1,06,05,33,103,46,10,00,000,30,18,64,266,46,22,00,000,18*79
$GPGSV,2,2,06,23,36,320,45,24,73,153,47,,,,,,,,*7D
$GPGSV,2,1,06,05,33,103,46,10,00,000,30,18,64,266,46,22,00,000,18*79
$GPGSV,2,2,06,23,36,320,45,24,73,153,47,,,,,,,,*7D
$GPGSV,2,1,06,05,33,103,46,10,00,000,30,18,64,266,46,22,00,000,18*79
$GPGSV,2,2,06,23,36,320,45,24,73,153,47,,,,,,,,*7D
$GPGSV,2,1,06,05,33,103,46,10,00,000,30,18,64,266,46,22,00,000,18*79
$GPGSV,2,2,06,23,36,320,45,24,73,153,47,,,,,,,,*7D
$GPGSV,2,1,06,05,33,103,46,10,00,000,30,18,64,265,46,22,00,000,18*7A
$GPGSV,2,2,06,23,36,320,45,24,73,153,47,,,,,,,,*7D
$GPGSV,2,1,06,05,33,103,46,10,00,000,30,18,64,265,46,22,00,000,18*7A
$GPGSV,2,2,06,23,36,320,45,24,73,153,47,,,,,,,,*7D
$GPGSV,2,1,06,05,33,103,46,10,00,000,30,18,64,265,46,22,00,000,18*7A
$GPGSV,2,2,06,23,36,320,45,24,73,153,47,,,,,,,,*7D
$GPGSV,2,1,06,05,33,103,46,10,00,000,30,18,64,265,46,22,00,000,18*7A
$GPGSV,2,2,06,23,36,320,45,24,73,153,47,,,,,,,,*7D
$GPGSV,2,1,06,05,33,103,46,10,00,000,30,18,64,265,45,22,00,000,19*78
$GPGSV,2,2,06,23,36,320,45,24,73,153,47,,,,,,,,*7D
$GPGSV,2,1,06,05,33,103,46,10,00,000,30,18,64,265,45,22,00,000,19*78
$GPGSV,2,2,06,23,36,320,45,24,73,153,47,,,,,,,,*7D
$GPGSV,2,1,06,05,33,103,46,10,00,000,30,18,64,265,45,22,00,000,19*78
$GPGSV,2,2,06,23,36,320,45,24,73,153,47,,,,,,,,*7D
$GPGSV,2,1,06,05,33,103,46,10,00,000,30,18,64,265,45,22,00,000,19*78
$GPGSV,2,2,06,23,36,320,45,24,73,153,47,,,,,,,,*7D
$GPGSV,2,1,06,05,33,103,46,10,00,000,30,18,64,265,45,22,00,000,19*78
$GPGSV,2,2,06,23,36,320,45,24,73,153,47,,,,,,,,*7D
$GPGSV,2,1,06,05,33,103,46,10,00,000,30,18,64,265,45,22,00,000,19*78
$GPGSV,2,2,06,23,36,320,45,24,73,153,47,,,,,,,,*7D
$GPGSV,2,1,06,05,33,103,46,10,00,000,30,18,64,265,45,22,00,000,19*78
$GPGSV,2,2,06,23,36,320,45,24,74,153,47,,,,,,,,*7A
$GPGSV,2,1,06,05,33,103,46,10,00,000,30,18,64,265,45,22,00,000,19*78
$GPGSV,2,2,06,23,36,320,45,24,74,153,47,,,,,,,,*7A
$GPGSV,2,1,06,05,33,103,46,10,00,000,30,18,64,265,45,22,00,000,19*78
$GPGSV,2,2,06,23,36,320,45,24,74,153,47,,,,,,,,*7A
$GPGSV,2,1,06,05,33,103,46,10,00,000,30,18,64,265,45,22,00,000,19*78
$GPGSV,2,2,06,23,36,320,45,24,74,153,47,,,,,,,,*7A
$GPGSV,2,1,06,05,33,103,46,10,00,000,30,18,64,265,45,22,00,000,19*78
$GPGSV,2,2,06,23,36,320,45,24,74,153,47,,,,,,,,*7A
$GPGSV,2,1,06,05,33,103,46,10,00,000,30,18,64,265,45,22,00,000,19*78
$GPGSV,2,2,06,23,36,320,45,24,74,153,47,,,,,,,,*7A
$GPGSV,2,1,06,05,33,103,46,10,00,000,31,18,64,265,45,22,00,000,19*79
$GPGSV,2,2,06,23,36,320,45,24,74,153,47,,,,,,,,*7A
$GPGSV,2,1,06,05,33,103,46,10,00,000,31,18,64,265,45,22,00,000,19*79
$GPGSV,2,2,06,23,36,320,45,24,74,153,47,,,,,,,,*7A
$GPGSV,2,1,06,05,33,103,46,10,00,000,31,18,64,265,45,22,00,000,19*79
$GPGSV,2,2,06,23,36,320,45,24,74,153,47,,,,,,,,*7A
$GPGSV,2,1,06,05,33,103,46,10,00,000,31,18,64,265,45,22,00,000,19*79
$GPGSV,2,2,06,23,36,320,45,24,74,153,47,,,,,,,,*7A
$GPGSV,2,1,06,05,33,103,46,10,00,000,31,18,64,265,45,22,00,000,19*79
$GPGSV,2,2,06,23,36,320,45,24,74,153,47,,,,,,,,*7A
$GPGSV,2,1,06,05,33,103,46,10,00,000,31,18,64,265,45,22,00,000,19*79
$GPGSV,2,2,06,23,36,320,45,24,74,153,47,,,,,,,,*7A
$GPGSV,2,1,06,05,33,103,46,10,00,000,32,18,64,265,45,22,00,000,19*7A
$GPGSV,2,2,06,23,36,320,45,24,74,153,47,,,,,,,,*7A
$GPGSV,2,1,06,05,33,103,46,10,00,000,32,18,64,265,45,22,00,000,19*7A
$GPGSV,2,2,06,23,36,320,45,24,74,153,47,,,,,,,,*7A
$GPGSV,2,1,06,05,33,103,46,10,00,000,32,18,64,265,45,22,00,000,19*7A
$GPGSV,2,2,06,23,36,320,45,24,74,153,47,,,,,,,,*7A
$GPGSV,2,1,06,05,33,103,46,10,00,000,31,18,64,265,45,22,00,000,19*79
$GPGSV,2,2,06,23,36,320,45,24,74,153,47,,,,,,,,*7A
$GPGSV,2,1,06,05,33,103,46,10,00,000,31,18,64,265,45,22,00,000,19*79
$GPGSV,2,2,06,23,36,320,45,24,74,153,47,,,,,,,,*7A
$GPGSV,2,1,06,05,33,103,46,10,00,000,31,18,64,265,45,22,00,000,19*79
$GPGSV,2,2,06,23,36,320,45,24,74,153,47,,,,,,,,*7A
$GPGSV,2,1,06,05,33,103,46,10,00,000,31,18,64,265,45,22,00,000,19*79
$GPGSV,2,2,06,23,36,320,45,24,74,153,47,,,,,,,,*7A
$GPGSV,2,1,06,05,33,103,46,10,00,000,31,18,64,265,45,22,00,000,19*79
$GPGSV,2,2,06,23,36,320,45,24,74,153,47,,,,,,,,*7A
$GPGSV,2,1,06,05,33,103,46,10,00,000,30,18,64,265,45,22,00,000,18*79
$GPGSV,2,2,06,23,36,320,45,24,74,153,47,,,,,,,,*7A
$GPGSV,2,1,06,05,33,103,46,10,00,000,30,18,64,265,45,22,00,000,18*79
$GPGSV,2,2,06,23,36,320,45,24,74,153,47,,,,,,,,*7A
$GPGSV,2,1,06,05,33,103,46,10,00,000,30,18,64,265,45,22,00,000,18*79
$GPGSV,2,2,06,23,36,320,45,24,74,153,47,,,,,,,,*7A
$GPGSV,2,1,06,05,33,103,46,10,00,000,29,18,64,265,45,22,00,000,18*71
$GPGSV,2,2,06,23,36,320,45,24,74,153,47,,,,,,,,*7A
$GPGSV,2,1,06,05,33,103,46,10,00,000,29,18,64,265,44,22,00,000,18*70
$GPGSV,2,2,06,23,36,320,45,24,74,153,47,,,,,,,,*7A
$GPGSV,2,1,06,05,33,103,46,10,00,000,28,18,64,265,44,22,00,000,18*71
$GPGSV,2,2,06,23,36,320,45,24,74,153,47,,,,,,,,*7A
$GPGSV,2,1,06,05,33,103,46,10,00,000,28,18,64,265,44,22,00,000,19*70
$GPGSV,2,2,06,23,36,320,45,24,74,153,47,,,,,,,,*7A
$GPGSV,2,1,06,05,33,103,46,10,00,000,28,18,64,265,44,22,00,000,19*70
$GPGSV,2,2,06,23,36,320,45,24,74,153,47,,,,,,,,*7A
$GPGSV,2,1,06,05,33,103,46,10,00,000,28,18,64,265,44,22,00,000,19*70
$GPGSV,2,2,06,23,36,320,45,24,74,153,47,,,,,,,,*7A
$GPGSV,2,1,06,05,33,103,46,10,00,000,27,18,64,265,44,22,00,000,19*7F
$GPGSV,2,2,06,23,36,320,45,24,74,153,47,,,,,,,,*7A
$GPGSV,2,1,06,05,33,103,46,10,00,000,27,18,64,265,44,22,00,000,18*7E
$GPGSV,2,2,06,23,36,320,45,24,74,153,47,,,,,,,,*7A
$GPGSV,2,1,06,05,33,103,46,10,00,000,27,18,64,265,44,22,00,000,18*7E
$GPGSV,2,2,06,23,36,320,45,24,74,153,47,,,,,,,,*7A
$GPGSV,2,1,06,05,33,103,46,10,00,000,26,18,64,265,44,22,00,000,19*7E
$GPGSV,2,2,06,23,36,320,45,24,74,153,47,,,,,,,,*7A
$GPGSV,2,1,06,05,33,103,46,10,00,000,26,18,64,265,44,22,00,000,19*7E
$GPGSV,2,2,06,23,36,320,45,24,74,153,47,,,,,,,,*7A
$GPGSV,2,1,06,05,33,103,46,10,00,000,26,18,64,265,44,22,00,000,19*7E
$GPGSV,2,2,06,23,36,320,45,24,74,153,47,,,,,,,,*7A
$GPGSV,2,1,06,05,33,103,46,10,00,000,26,18,64,265,44,22,00,000,19*7E
$GPGSV,2,2,06,23,36,320,45,24,74,153,47,,,,,,,,*7A
$GPGSV,2,1,06,05,33,103,46,10,00,000,26,18,64,265,44,22,00,000,18*7F
$GPGSV,2,2,06,23,36,320,45,24,74,153,47,,,,,,,,*7A
$GPGSV,2,1,06,05,33,103,46,10,00,000,27,18,64,265,44,22,00,000,18*7E
$GPGSV,2,2,06,23,36,320,45,24,74,153,47,,,,,,,,*7A
$GPGSV,2,1,06,05,33,103,46,10,00,000,27,18,64,265,44,22,00,000,18*7E
$GPGSV,2,2,06,23,36,320,45,24,74,153,47,,,,,,,,*7A
$GPGSV,2,1,06,05,33,103,46,10,00,000,27,18,64,265,44,22,00,000,19*7F
$GPGSV,2,2,06,23,36,320,45,24,74,153,47,,,,,,,,*7A
$GPGSV,2,1,06,05,33,103,46,10,00,000,28,18,64,265,44,22,00,000,19*70
$GPGSV,2,2,06,23,36,320,45,24,74,153,47,,,,,,,,*7A
$GPGSV,2,1,06,05,33,103,46,10,00,000,28,18,64,265,44,22,00,000,19*70
$GPGSV,2,2,06,23,36,320,45,24,74,153,47,,,,,,,,*7A
$GPGSV,2,1,06,05,33,103,46,10,00,000,28,18,64,265,44,22,00,000,20*7A
$GPGSV,2,2,06,23,36,320,45,24,74,153,47,,,,,,,,*7A
$GPGSV,2,1,06,05,33,103,46,10,00,000,29,18,64,265,44,22,00,000,19*71
$GPGSV,2,2,06,23,36,320,45,24,74,153,47,,,,,,,,*7A
$GPGSV,2,1,06,05,33,103,46,10,00,000,29,18,64,265,44,22,00,000,19*71
$GPGSV,2,2,06,23,36,320,45,24,74,153,47,,,,,,,,*7A
$GPGSV,2,1,06,05,33,103,46,10,00,000,29,18,64,265,44,22,00,000,19*71
$GPGSV,2,2,06,23,36,320,45,24,74,152,47,,,,,,,,*7B
$GPGSV,2,1,06,05,33,103,46,10,00,000,30,18,64,265,44,22,00,000,19*79
$GPGSV,2,2,06,23,36,320,45,24,74,152,47,,,,,,,,*7B
$GPGSV,2,1,06,05,33,103,46,10,00,000,30,18,64,265,44,22,00,000,19*79
$GPGSV,2,2,06,23,36,320,45,24,74,152,47,,,,,,,,*7B
$GPGSV,2,1,06,05,33,103,46,10,00,000,30,18,64,265,44,22,00,000,19*79
$GPGSV,2,2,06,23,36,320,45,24,74,152,47,,,,,,,,*7B
$GPGSV,2,1,06,05,33,103,46,10,00,000,30,18,64,265,44,22,00,000,19*79
$GPGSV,2,2,06,23,36,320,45,24,74,152,47,,,,,,,,*7B
$GPGSV,2,1,06,05,33,103,46,10,00,000,30,18,64,265,44,22,00,000,19*79
$GPGSV,2,2,06,23,36,320,45,24,74,152,47,,,,,,,,*7B
$GPGSV,2,1,06,05,33,103,46,10,00,000,30,18,64,265,44,22,00,000,19*79
$GPGSV,2,2,06,23,36,320,45,24,74,152,47,,,,,,,,*7B
$GPGSV,2,1,06,05,33,103,46,10,00,000,30,18,64,265,44,22,00,000,20*73
$GPGSV,2,2,06,23,36,320,45,24,74,152,47,,,,,,,,*7B
$GPGSV,2,1,06,05,33,103,46,10,00,000,30,18,64,265,44,22,00,000,20*73
$GPGSV,2,2,06,23,36,320,45,24,74,152,47,,,,,,,,*7B
$GPGSV,2,1,06,05,33,103,46,10,00,000,30,18,64,265,44,22,00,000,20*73
$GPGSV,2,2,06,23,36,320,45,24,74,152,47,,,,,,,,*7B
$GPGSV,2,1,06,05,33,103,46,10,00,000,30,18,64,265,44,22,00,000,19*79
$GPGSV,2,2,06,23,36,320,45,24,74,152,47,,,,,,,,*7B
$GPGSV,2,1,06,05,33,103,46,10,00,000,30,18,64,265,44,22,00,000,19*79
$GPGSV,2,2,06,23,36,320,45,24,74,152,47,,,,,,,,*7B
$GPGSV,2,1,06,05,33,103,46,10,00,000,29,18,64,265,44,22,00,000,19*71
$GPGSV,2,2,06,23,36,320,45,24,74,152,47,,,,,,,,*7B
$GPGSV,2,1,06,05,33,103,46,10,00,000,28,18,64,265,44,22,00,000,19*70
$GPGSV,2,2,06,23,36,320,45,24,74,152,47,,,,,,,,*7B
$GPGSV,2,1,06,05,33,103,46,10,00,000,28,18,64,265,44,22,00,000,19*70
$GPGSV,2,2,06,23,36,320,45,24,74,152,47,,,,,,,,*7B
$GPGSV,2,1,06,05,33,103,46,10,00,000,27,18,64,265,44,22,00,000,19*7F
$GPGSV,2,2,06,23,36,320,45,24,74,152,47,,,,,,,,*7B
$GPGSV,2,1,06,05,33,103,46,10,00,000,27,18,64,265,44,22,00,000,19*7F
$GPGSV,2,2,06,23,36,320,45,24,74,152,47,,,,,,,,*7B
$GPGSV,2,1,06,05,33,103,46,10,00,000,26,18,64,265,44,22,00,000,19*7E
$GPGSV,2,2,06,23,36,320,45,24,74,152,47,,,,,,,,*7B
$GPGSV,2,1,06,05,33,103,46,10,00,000,25,18,64,265,44,22,00,000,18*7C
$GPGSV,2,2,06,23,36,320,45,24,74,152,47,,,,,,,,*7B
$GPGSV,2,1,06,05,33,103,46,10,00,000,25,18,64,265,44,22,00,000,18*7C
$GPGSV,2,2,06,23,36,320,45,24,74,152,47,,,,,,,,*7B
$GPGSV,2,1,06,05,33,103,46,10,00,000,25,18,64,265,44,22,00,000,17*73
$GPGSV,2,2,06,23,36,320,45,24,74,152,47,,,,,,,,*7B
$GPGSV,2,1,06,05,33,103,46,10,00,000,24,18,64,265,45,22,00,000,17*73
$GPGSV,2,2,06,23,36,320,45,24,74,152,47,,,,,,,,*7B
$GPGSV,2,1,06,05,33,103,46,10,00,000,24,18,64,265,45,22,00,000,17*73
$GPGSV,2,2,06,23,36,320,45,24,74,152,47,,,,,,,,*7B
$GPGSV,2,1,06,05,33,103,46,10,00,000,24,18,64,265,45,22,00,000,17*73
$GPGSV,2,2,06,23,36,320,45,24,74,152,47,,,,,,,,*7B
$GPGSV,2,1,06,05,33,103,46,10,00,000,25,18,64,265,45,22,00,000,16*73
$GPGSV,2,2,06,23,36,320,45,24,74,152,47,,,,,,,,*7B
$GPGSV,2,1,06,05,33,103,46,10,00,000,25,18,64,265,45,22,00,000,16*73
$GPGSV,2,2,06,23,36,320,45,24,74,152,47,,,,,,,,*7B
$GPGSV,2,1,06,05,33,103,46,10,00,000,26,18,64,265,45,22,00,000,16*70
$GPGSV,2,2,06,23,36,320,45,24,74,152,47,,,,,,,,*7B
$GPGSV,2,1,06,05,33,103,46,10,00,000,26,18,64,265,45,22,00,000,15*73
$GPGSV,2,2,06,23,36,320,45,24,74,152,47,,,,,,,,*7B
$GPGSV,2,1,06,05,33,103,46,10,00,000,26,18,64,265,45,22,00,000,15*73
$GPGSV,2,2,06,23,36,320,45,24,74,152,47,,,,,,,,*7B
$GPGSV,2,1,06,05,33,103,46,10,00,000,27,18,64,265,45,22,00,000,15*72
$GPGSV,2,2,06,23,36,320,45,24,74,152,47,,,,,,,,*7B
$GPGSV,2,1,06,05,33,103,46,10,00,000,27,18,64,265,44,22,00,000,15*73
$GPGSV,2,2,06,23,36,320,45,24,74,152,47,,,,,,,,*7B
$GPGSV,2,1,06,05,33,103,46,10,00,000,28,18,64,265,44,22,00,000,15*7C
$GPGSV,2,2,06,23,36,320,45,24,74,152,47,,,,,,,,*7B
$GPGSV,2,1,06,05,33,103,46,10,00,000,28,18,64,265,44,22,00,000,15*7C
$GPGSV,2,2,06,23,36,320,45,24,74,152,47,,,,,,,,*7B
$GPGSV,2,1,06,05,33,103,46,10,00,000,28,18,64,265,44,22,00,000,15*7C
$GPGSV,2,2,06,23,36,320,45,24,74,152,47,,,,,,,,*7B
$GPGSV,2,1,05,05,33,103,46,10,00,000,29,18,64,265,44,23,36,320,45*7E
$GPGSV,2,2,05,24,74,152,47,,,,,,,,,,,,*4C
$GPGSV,2,1,05,05,33,103,46,10,00,000,29,18,64,265,44,23,36,320,45*7E
$GPGSV,2,2,05,24,74,152,47,,,,,,,,,,,,*4C
$GPGSV,2,1,05,05,33,103,46,10,00,000,30,18,64,265,44,23,36,320,45*76
$GPGSV,2,2,05,24,74,152,47,,,,,,,,,,,,*4C
$GPGSV,2,1,05,05,33,103,46,10,00,000,30,18,64,265,44,23,36,320,45*76
$GPGSV,2,2,05,24,74,152,47,,,,,,,,,,,,*4C
$GPGSV,2,1,05,05,33,103,46,10,00,000,30,18,64,265,44,23,36,320,45*76
$GPGSV,2,2,05,24,74,152,47,,,,,,,,,,,,*4C
$GPGSV,2,1,05,05,33,103,46,10,00,000,30,18,64,265,44,23,36,320,45*76
$GPGSV,2,2,05,24,74,152,47,,,,,,,,,,,,*4C
$GPGSV,2,1,05,05,33,103,46,10,00,000,31,18,64,265,44,23,36,320,45*77
$GPGSV,2,2,05,24,74,152,47,,,,,,,,,,,,*4C
$GPGSV,2,1,05,05,33,103,46,10,00,000,31,18,64,265,44,23,36,320,45*77
$GPGSV,2,2,05,24,74,152,47,,,,,,,,,,,,*4C
$GPGSV,2,1,05,05,33,103,46,10,00,000,31,18,64,265,44,23,36,320,45*77
$GPGSV,2,2,05,24,74,152,47,,,,,,,,,,,,*4C
$GPGSV,2,1,05,05,33,103,46,10,00,000,31,18,64,265,44,23,36,320,45*77
$GPGSV,2,2,05,24,74,152,47,,,,,,,,,,,,*4C
$GPGSV,2,1,05,05,33,103,46,10,00,000,31,18,64,265,44,23,36,320,45*77
$GPGSV,2,2,05,24,74,152,47,,,,,,,,,,,,*4C
$GPGSV,2,1,05,05,33,103,46,10,00,000,31,18,64,265,44,23,36,320,45*77
$GPGSV,2,2,05,24,74,152,47,,,,,,,,,,,,*4C
$GPGSV,2,1,05,05,33,103,46,10,00,000,31,18,64,265,44,23,36,320,45*77
$GPGSV,2,2,05,24,74,152,47,,,,,,,,,,,,*4C
$GPGSV,2,1,05,05,33,103,46,10,00,000,31,18,64,265,44,23,36,320,45*77
$GPGSV,2,2,05,24,74,152,47,,,,,,,,,,,,*4C
$GPGSV,2,1,05,05,33,103,46,10,00,000,31,18,64,265,44,23,36,320,45*77
$GPGSV,2,2,05,24,74,152,47,,,,,,,,,,,,*4C
$GPGSV,2,1,05,05,33,103,46,10,00,000,30,18,64,265,44,23,36,320,45*76
$GPGSV,2,2,05,24,74,152,47,,,,,,,,,,,,*4C
$GPGSV,2,1,05,05,33,103,46,10,00,000,30,18,64,265,44,23,36,320,45*76
$GPGSV,2,2,05,24,74,152,47,,,,,,,,,,,,*4C
$GPGSV,2,1,05,05,33,103,46,10,00,000,30,18,64,265,44,23,36,320,45*76
$GPGSV,2,2,05,24,74,152,47,,,,,,,,,,,,*4C
$GPGSV,2,1,05,05,33,103,46,10,00,000,29,18,64,265,44,23,36,320,45*7E
$GPGSV,2,2,05,24,74,152,47,,,,,,,,,,,,*4C
$GPGSV,2,1,05,05,33,103,46,10,00,000,29,18,64,265,44,23,36,320,44*7F
$GPGSV,2,2,05,24,74,152,47,,,,,,,,,,,,*4C
$GPGSV,2,1,05,05,33,103,46,10,00,000,28,18,64,265,44,23,36,320,44*7E
$GPGSV,2,2,05,24,74,152,47,,,,,,,,,,,,*4C
$GPGSV,2,1,05,05,33,103,46,10,00,000,28,18,64,265,44,23,36,320,44*7E
$GPGSV,2,2,05,24,74,152,47,,,,,,,,,,,,*4C
$GPGSV,2,1,05,05,33,103,46,10,00,000,28,18,64,265,44,23,36,320,44*7E
$GPGSV,2,2,05,24,74,152,47,,,,,,,,,,,,*4C
$GPGSV,2,1,05,05,33,103,46,10,00,000,28,18,64,265,44,23,36,320,45*7F
$GPGSV,2,2,05,24,74,152,47,,,,,,,,,,,,*4C
$GPGSV,2,1,05,05,33,103,46,10,00,000,27,18,64,265,43,23,36,320,45*77
$GPGSV,2,2,05,24,74,152,47,,,,,,,,,,,,*4C
$GPGSV,2,1,05,05,33,103,46,10,00,000,27,18,64,265,43,23,36,320,45*77
$GPGSV,2,2,05,24,74,152,47,,,,,,,,,,,,*4C
$GPGSV,2,1,05,05,33,103,46,10,00,000,27,18,64,265,43,23,36,320,45*77
$GPGSV,2,2,05,24,74,152,47,,,,,,,,,,,,*4C
$GPGSV,2,1,05,05,33,103,46,10,00,000,27,18,64,265,43,23,36,320,45*77
$GPGSV,2,2,05,24,74,152,47,,,,,,,,,,,,*4C
$GPGSV,2,1,05,05,33,103,46,10,00,000,27,18,64,265,43,23,36,320,45*77
$GPGSV,2,2,05,24,74,152,47,,,,,,,,,,,,*4C
$GPGSV,2,1,05,05,33,103,46,10,00,000,27,18,64,265,44,23,36,320,45*70
$GPGSV,2,2,05,24,74,152,47,,,,,,,,,,,,*4C
$GPGSV,2,1,05,05,33,103,46,10,00,000,27,18,64,265,43,23,36,320,45*77
$GPGSV,2,2,05,24,74,152,47,,,,,,,,,,,,*4C
$GPGSV,2,1,05,05,33,103,46,10,00,000,28,18,64,265,43,23,36,320,45*78
$GPGSV,2,2,05,24,74,152,47,,,,,,,,,,,,*4C
$GPGSV,2,1,05,05,33,103,46,10,00,000,28,18,64,265,43,23,36,320,45*78
$GPGSV,2,2,05,24,74,152,47,,,,,,,,,,,,*4C
$GPGSV,2,1,05,05,33,103,46,10,00,000,28,18,64,265,43,23,36,320,45*78
$GPGSV,2,2,05,24,74,152,47,,,,,,,,,,,,*4C
$GPGSV,2,1,05,05,33,103,46,10,00,000,28,18,64,265,43,23,36,320,45*78
$GPGSV,2,2,05,24,74,152,47,,,,,,,,,,,,*4C
$GPGSV,2,1,05,05,33,103,46,10,00,000,28,18,64,265,43,23,36,320,45*78
$GPGSV,2,2,05,24,74,152,47,,,,,,,,,,,,*4C
$GPGSV,2,1,05,05,33,103,46,10,00,000,28,18,64,265,43,23,36,320,45*78
$GPGSV,2,2,05,24,74,152,47,,,,,,,,,,,,*4C
$GPGSV,2,1,05,05,33,103,46,10,00,000,28,18,64,265,43,23,36,320,45*78
$GPGSV,2,2,05,24,74,152,47,,,,,,,,,,,,*4C
$GPGSV,2,1,05,05,33,103,46,10,00,000,28,18,64,265,43,23,36,320,45*78
$GPGSV,2,2,05,24,74,152,47,,,,,,,,,,,,*4C
$GPGSV,2,1,05,05,33,103,46,10,00,000,28,18,64,265,43,23,36,320,45*78
$GPGSV,2,2,05,24,74,152,47,,,,,,,,,,,,*4C
$GPGSV,2,1,05,05,33,103,46,10,00,000,28,18,64,265,43,23,36,320,45*78
$GPGSV,2,2,05,24,74,152,47,,,,,,,,,,,,*4C
$GPGSV,2,1,05,05,33,103,46,10,00,000,29,18,64,265,43,23,36,320,45*79
$GPGSV,2,2,05,24,74,152,47,,,,,,,,,,,,*4C
$GPGSV,2,1,05,05,33,103,46,10,00,000,29,18,64,265,43,23,36,320,45*79
$GPGSV,2,2,05,24,74,152,47,,,,,,,,,,,,*4C
$GPGSV,2,1,05,05,33,103,46,10,00,000,29,18,64,265,43,23,36,320,45*79
$GPGSV,2,2,05,24,74,152,47,,,,,,,,,,,,*4C
$GPGSV,2,1,05,05,33,103,46,10,00,000,29,18,64,265,43,23,36,320,45*79
$GPGSV,2,2,05,24,74,152,47,,,,,,,,,,,,*4C
$GPGSV,2,1,05,05,33,103,46,10,00,000,30,18,64,265,43,23,36,320,45*71
$GPGSV,2,2,05,24,74,152,47,,,,,,,,,,,,*4C
$GPGSV,2,1,05,05,33,103,46,10,00,000,30,18,64,265,43,23,36,320,45*71
$GPGSV,2,2,05,24,74,152,47,,,,,,,,,,,,*4C
$GPGSV,2,1,05,05,33,103,46,10,00,000,30,18,64,265,43,23,36,320,45*71
$GPGSV,2,2,05,24,74,152,47,,,,,,,,,,,,*4C
$GPGSV,2,1,05,05,33,103,46,10,00,000,30,18,64,265,43,23,36,320,45*71
$GPGSV,2,2,05,24,74,152,47,,,,,,,,,,,,*4C
$GPGSV,2,1,05,05,33,103,46,10,00,000,30,18,64,265,43,23,36,320,45*71
$GPGSV,2,2,05,24,74,152,47,,,,,,,,,,,,*4C
$GPGSV,2,1,05,05,33,103,46,10,00,000,30,18,64,265,43,23,36,320,45*71
$GPGSV,2,2,05,24,74,152,47,,,,,,,,,,,,*4C
$GPGSV,2,1,05,05,33,103,46,10,00,000,30,18,64,265,43,23,36,320,45*71
$GPGSV,2,2,05,24,74,152,47,,,,,,,,,,,,*4C
$GPGSV,2,1,05,05,33,103,46,10,00,000,30,18,64,265,43,23,36,320,45*71
$GPGSV,2,2,05,24,74,152,47,,,,,,,,,,,,*4C
$GPGSV,2,1,05,05,33,103,46,10,00,000,30,18,64,265,43,23,36,320,45*71
$GPGSV,2,2,05,24,74,152,47,,,,,,,,,,,,*4C
$GPGSV,2,1,05,05,33,103,46,10,00,000,30,18,64,265,43,23,36,320,45*71
$GPGSV,2,2,05,24,74,152,47,,,,,,,,,,,,*4C
$GPGSV,2,1,05,05,33,103,46,10,00,000,30,18,64,265,43,23,36,320,45*71
$GPGSV,2,2,05,24,74,152,47,,,,,,,,,,,,*4C
$GPGSV,2,1,05,05,33,103,46,10,00,000,30,18,64,265,43,23,36,320,45*71
$GPGSV,2,2,05,24,74,152,47,,,,,,,,,,,,*4C
$GPGSV,2,1,05,05,33,103,46,10,00,000,30,18,64,265,44,23,36,320,45*76
$GPGSV,2,2,05,24,74,152,47,,,,,,,,,,,,*4C
$GPGSV,2,1,05,05,33,103,46,10,00,000,30,18,64,265,44,23,36,320,45*76
$GPGSV,2,2,05,24,74,152,47,,,,,,,,,,,,*4C
$GPGSV,2,1,05,05,33,103,46,10,00,000,29,18,64,265,44,23,36,320,45*7E
$GPGSV,2,2,05,24,74,152,47,,,,,,,,,,,,*4C
$GPGSV,2,1,05,05,33,103,46,10,00,000,29,18,64,265,44,23,36,320,45*7E
$GPGSV,2,2,05,24,74,152,47,,,,,,,,,,,,*4C
$GPGSV,2,1,05,05,33,103,47,10,00,000,29,18,64,265,44,23,36,320,45*7F
$GPGSV,2,2,05,24,74,152,47,,,,,,,,,,,,*4C
$GPGSV,2,1,05,05,33,103,47,10,00,000,29,18,64,265,44,23,36,320,45*7F
$GPGSV,2,2,05,24,74,152,47,,,,,,,,,,,,*4C
$GPGSV,2,1,05,05,33,103,47,10,00,000,29,18,64,265,44,23,36,320,45*7F
$GPGSV,2,2,05,24,74,152,47,,,,,,,,,,,,*4C
$GPGSV,2,1,05,05,33,103,47,10,00,000,29,18,64,265,44,23,36,320,45*7F
$GPGSV,2,2,05,24,74,152,48,,,,,,,,,,,,*43
$GPGSV,2,1,05,05,33,103,47,10,00,000,29,18,64,265,44,23,36,320,45*7F
$GPGSV,2,2,05,24,74,152,48,,,,,,,,,,,,*43
$GPGSV,2,1,05,05,33,103,47,10,00,000,29,18,64,265,44,23,36,320,45*7F
$GPGSV,2,2,05,24,74,152,48,,,,,,,,,,,,*43
$GPGSV,2,1,05,05,33,103,47,10,00,000,29,18,64,265,44,23,36,320,45*7F
$GPGSV,2,2,05,24,74,152,48,,,,,,,,,,,,*43
$GPGSV,2,1,05,05,33,103,47,10,00,000,29,18,64,265,44,23,36,320,45*7F
$GPGSV,2,2,05,24,74,152,48,,,,,,,,,,,,*43
$GPGSV,2,1,05,05,33,103,47,10,00,000,28,18,64,265,44,23,36,320,46*7D
$GPGSV,2,2,05,24,74,152,48,,,,,,,,,,,,*43
$GPGSV,2,1,05,05,33,103,47,10,00,000,28,18,64,265,44,23,36,320,46*7D
$GPGSV,2,2,05,24,74,152,48,,,,,,,,,,,,*43
$GPGSV,2,1,05,05,33,103,47,10,00,000,28,18,64,265,44,23,36,320,46*7D
$GPGSV,2,2,05,24,74,152,48,,,,,,,,,,,,*43
$GPGSV,2,1,05,05,33,103,47,10,00,000,28,18,64,265,44,23,36,320,46*7D
$GPGSV,2,2,05,24,74,152,48,,,,,,,,,,,,*43
$GPGSV,2,1,05,05,33,103,47,10,00,000,28,18,64,265,44,23,36,320,46*7D
$GPGSV,2,2,05,24,74,152,48,,,,,,,,,,,,*43
$GPGSV,2,1,05,05,33,103,47,10,00,000,27,18,64,265,44,23,36,320,46*72
$GPGSV,2,2,05,24,74,152,48,,,,,,,,,,,,*43
$GPGSV,2,1,05,05,33,103,47,10,00,000,27,18,64,265,44,23,36,320,46*72
$GPGSV,2,2,05,24,74,152,48,,,,,,,,,,,,*43
$GPGSV,2,1,05,05,33,103,47,10,00,000,27,18,64,265,44,23,36,320,46*72
$GPGSV,2,2,05,24,74,152,48,,,,,,,,,,,,*43
$GPGSV,2,1,05,05,33,103,47,10,00,000,26,18,64,265,44,23,36,320,46*73
$GPGSV,2,2,05,24,74,152,48,,,,,,,,,,,,*43
$GPGSV,2,1,05,05,33,103,47,10,00,000,26,18,64,265,45,23,36,320,46*72
$GPGSV,2,2,05,24,74,152,48,,,,,,,,,,,,*43
$GPGSV,2,1,05,05,33,103,47,10,00,000,26,18,64,265,45,23,36,320,46*72
$GPGSV,2,2,05,24,74,152,48,,,,,,,,,,,,*43
$GPGSV,2,1,05,05,33,103,47,10,00,000,26,18,64,265,45,23,36,320,46*72
$GPGSV,2,2,05,24,74,152,48,,,,,,,,,,,,*43
$GPGSV,2,1,05,05,33,103,47,10,00,000,25,18,64,265,45,23,36,320,46*71
$GPGSV,2,2,05,24,74,152,48,,,,,,,,,,,,*43
$GPGSV,2,1,05,05,33,103,47,10,00,000,26,18,64,265,45,23,36,320,46*72
$GPGSV,2,2,05,24,74,152,48,,,,,,,,,,,,*43
$GPGSV,2,1,05,05,33,103,47,10,00,000,26,18,64,265,45,23,36,320,46*72
$GPGSV,2,2,05,24,74,152,48,,,,,,,,,,,,*43
$GPGSV,2,1,05,05,33,103,47,10,00,000,26,18,64,265,45,23,36,320,46*72
$GPGSV,2,2,05,24,74,152,48,,,,,,,,,,,,*43
$GPGSV,2,1,05,05,33,103,47,10,00,000,26,18,64,265,45,23,36,320,46*72
$GPGSV,2,2,05,24,74,152,48,,,,,,,,,,,,*43
$GPGSV,2,1,05,05,33,103,47,10,00,000,27,18,64,265,45,23,36,320,46*73
$GPGSV,2,2,05,24,74,152,48,,,,,,,,,,,,*43
$GPGSV,2,1,05,05,33,103,47,10,00,000,27,18,64,265,45,23,36,320,46*73
$GPGSV,2,2,05,24,74,152,48,,,,,,,,,,,,*43
$GPGSV,2,1,05,05,33,103,47,10,00,000,27,18,64,265,45,23,36,320,46*73
$GPGSV,2,2,05,24,74,152,48,,,,,,,,,,,,*43
$GPGSV,2,1,05,05,33,103,47,10,00,000,27,18,64,265,45,23,36,320,46*73
$GPGSV,2,2,05,24,74,152,48,,,,,,,,,,,,*43
$GPGSV,2,1,05,05,33,103,47,10,00,000,28,18,64,265,45,23,36,320,46*7C
$GPGSV,2,2,05,24,74,152,48,,,,,,,,,,,,*43
$GPGSV,2,1,05,05,33,103,47,10,00,000,28,18,64,265,45,23,36,320,46*7C
$GPGSV,2,2,05,24,74,152,48,,,,,,,,,,,,*43
$GPGSV,2,1,05,05,33,103,47,10,00,000,28,18,64,265,45,23,36,320,46*7C
$GPGSV,2,2,05,24,74,152,48,,,,,,,,,,,,*43
$GPGSV,2,1,05,05,33,103,47,10,00,000,28,18,64,265,45,23,36,320,46*7C
$GPGSV,2,2,05,24,74,152,48,,,,,,,,,,,,*43
$GPGSV,2,1,05,05,33,103,47,10,00,000,28,18,64,265,45,23,36,320,46*7C
$GPGSV,2,2,05,24,74,152,48,,,,,,,,,,,,*43
$GPGSV,2,1,05,05,33,103,47,10,00,000,28,18,64,265,45,23,36,320,46*7C
$GPGSV,2,2,05,24,74,152,48,,,,,,,,,,,,*43
$GPGSV,2,1,05,05,33,103,47,10,00,000,28,18,64,265,45,23,36,320,46*7C
$GPGSV,2,2,05,24,74,152,48,,,,,,,,,,,,*43
$GPGSV,2,1,05,05,33,103,47,10,00,000,28,18,64,265,45,23,36,320,46*7C
$GPGSV,2,2,05,24,74,152,48,,,,,,,,,,,,*43
$GPGSV,2,1,05,05,33,103,47,10,00,000,28,18,64,265,45,23,36,320,46*7C
$GPGSV,2,2,05,24,74,152,48,,,,,,,,,,,,*43
$GPGSV,2,1,05,05,33,103,47,10,00,000,28,18,64,265,45,23,36,320,46*7C
$GPGSV,2,2,05,24,74,152,48,,,,,,,,,,,,*43
$GPGSV,2,1,05,05,33,103,47,10,00,000,29,18,64,265,45,23,36,320,46*7D
$GPGSV,2,2,05,24,74,152,48,,,,,,,,,,,,*43
$GPGSV,2,1,05,05,33,103,47,10,00,000,29,18,64,265,45,23,36,320,46*7D
$GPGSV,2,2,05,24,74,152,48,,,,,,,,,,,,*43
$GPGSV,2,1,05,05,33,103,47,10,00,000,29,18,64,265,45,23,36,320,46*7D
$GPGSV,2,2,05,24,74,152,48,,,,,,,,,,,,*43
$GPGSV,2,1,05,05,33,103,47,10,00,000,29,18,64,265,45,23,36,320,46*7D
$GPGSV,2,2,05,24,74,152,48,,,,,,,,,,,,*43
$GPGSV,2,1,05,05,33,103,47,10,00,000,29,18,64,265,45,23,36,320,46*7D
$GPGSV,2,2,05,24,74,152,48,,,,,,,,,,,,*43
$GPGSV,2,1,05,05,33,103,47,10,00,000,29,18,64,265,45,23,36,320,46*7D
$GPGSV,2,2,05,24,74,152,48,,,,,,,,,,,,*43
$GPGSV,2,1,05,05,33,103,47,10,00,000,29,18,64,265,45,23,36,320,46*7D
$GPGSV,2,2,05,24,74,152,48,,,,,,,,,,,,*43
$GPGSV,2,1,05,05,33,103,47,10,00,000,29,18,64,265,45,23,36,320,46*7D
$GPGSV,2,2,05,24,74,152,48,,,,,,,,,,,,*43
$GPGSV,2,1,05,05,33,103,47,10,00,000,29,18,64,265,45,23,36,320,46*7D
$GPGSV,2,2,05,24,74,152,48,,,,,,,,,,,,*43
$GPGSV,2,1,05,05,33,103,47,10,00,000,28,18,64,265,45,23,36,320,46*7C
$GPGSV,2,2,05,24,74,152,48,,,,,,,,,,,,*43
$GPGSV,2,1,05,05,33,103,47,10,00,000,28,18,64,265,45,23,36,320,46*7C
$GPGSV,2,2,05,24,74,152,48,,,,,,,,,,,,*43
$GPGSV,2,1,05,05,33,103,47,10,00,000,27,18,64,265,45,23,36,320,46*73
$GPGSV,2,2,05,24,74,152,48,,,,,,,,,,,,*43
$GPGSV,2,1,05,05,33,103,47,10,00,000,27,18,64,265,45,23,36,320,46*73
$GPGSV,2,2,05,24,74,152,48,,,,,,,,,,,,*43
$GPGSV,2,1,05,05,33,103,47,10,00,000,26,18,64,265,45,23,36,320,46*72
$GPGSV,2,2,05,24,74,152,47,,,,,,,,,,,,*4C
$GPGSV,2,1,05,05,33,103,47,10,00,000,26,18,64,265,45,23,36,320,46*72
$GPGSV,2,2,05,24,74,152,47,,,,,,,,,,,,*4C
$GPGSV,2,1,05,05,33,103,47,10,00,000,26,18,64,265,45,23,36,320,46*72
$GPGSV,2,2,05,24,74,152,47,,,,,,,,,,,,*4C
$GPGSV,2,1,05,05,33,103,47,10,00,000,25,18,64,265,45,23,36,320,46*71
$GPGSV,2,2,05,24,74,152,47,,,,,,,,,,,,*4C
$GPGSV,2,1,05,05,33,103,47,10,00,000,25,18,64,265,45,23,36,320,46*71
$GPGSV,2,2,05,24,74,152,47,,,,,,,,,,,,*4C
$GPGSV,2,1,05,05,33,103,47,10,00,000,25,18,64,265,45,23,36,320,46*71
$GPGSV,2,2,05,24,74,152,47,,,,,,,,,,,,*4C
$GPGSV,2,1,05,05,33,103,47,10,00,000,24,18,64,265,45,23,36,320,46*70
$GPGSV,2,2,05,24,74,152,48,,,,,,,,,,,,*43
$GPGSV,2,1,05,05,33,103,47,10,00,000,24,18,64,265,45,23,36,320,46*70
$GPGSV,2,2,05,24,74,152,48,,,,,,,,,,,,*43
$GPGSV,2,1,05,05,33,103,47,10,00,000,24,18,64,265,45,23,36,320,46*70
$GPGSV,2,2,05,24,74,152,48,,,,,,,,,,,,*43
$GPGSV,2,1,05,05,33,103,47,10,00,000,24,18,64,265,45,23,36,320,46*70
$GPGSV,2,2,05,24,74,152,48,,,,,,,,,,,,*43
$GPGSV,2,1,05,05,33,103,47,10,00,000,24,18,64,265,45,23,36,320,46*70
$GPGSV,2,2,05,24,74,152,48,,,,,,,,,,,,*43
$GPGSV,2,1,05,05,33,103,47,10,00,000,24,18,64,265,45,23,36,320,46*70
$GPGSV,2,2,05,24,74,152,48,,,,,,,,,,,,*43
$GPGSV,2,1,05,05,33,103,47,10,00,000,24,18,64,265,45,23,36,320,46*70
$GPGSV,2,2,05,24,74,152,48,,,,,,,,,,,,*43
$GPGSV,2,1,05,05,33,103,47,10,00,000,24,18,64,265,45,23,36,320,46*70
$GPGSV,2,2,05,24,74,152,48,,,,,,,,,,,,*43
$GPGSV,2,1,05,05,33,103,47,10,00,000,24,18,64,265,45,23,36,320,46*70
$GPGSV,2,2,05,24,74,152,48,,,,,,,,,,,,*43
$GPGSV,2,1,05,05,33,103,47,10,00,000,24,18,64,265,45,23,36,320,46*70
$GPGSV,2,2,05,24,74,152,48,,,,,,,,,,,,*43
$GPGSV,2,1,05,05,33,103,47,10,00,000,24,18,64,265,45,23,36,320,46*70
$GPGSV,2,2,05,24,74,152,48,,,,,,,,,,,,*43
$GPGSV,2,1,05,05,33,103,47,10,00,000,25,18,64,265,45,23,36,320,46*71
$GPGSV,2,2,05,24,74,152,48,,,,,,,,,,,,*43
$GPGSV,2,1,05,05,33,103,47,10,00,000,25,18,64,265,45,23,36,320,46*71
$GPGSV,2,2,05,24,74,152,48,,,,,,,,,,,,*43
$GPGSV,2,1,05,05,33,103,47,10,00,000,26,18,64,265,45,23,36,320,46*72
$GPGSV,2,2,05,24,74,152,48,,,,,,,,,,,,*43
$GPGSV,2,1,05,05,33,103,47,10,00,000,26,18,64,265,45,23,36,320,46*72
$GPGSV,2,2,05,24,74,152,48,,,,,,,,,,,,*43
$GPGSV,2,1,05,05,33,103,47,10,00,000,27,18,64,265,45,23,36,320,46*73
$GPGSV,2,2,05,24,74,152,48,,,,,,,,,,,,*43
$GPGSV,2,1,05,05,33,103,47,10,00,000,27,18,64,265,45,23,36,320,46*73
$GPGSV,2,2,05,24,74,152,48,,,,,,,,,,,,*43
$GPGSV,2,1,05,05,33,103,47,10,00,000,27,18,64,265,45,23,36,320,46*73
$GPGSV,2,2,05,24,74,152,48,,,,,,,,,,,,*43
$GPGSV,2,1,05,05,33,103,47,10,00,000,28,18,64,265,45,23,36,320,46*7C
$GPGSV,2,2,05,24,74,152,48,,,,,,,,,,,,*43
$GPGSV,2,1,05,05,33,103,47,10,00,000,28,18,64,265,45,23,36,320,46*7C
$GPGSV,2,2,05,24,74,152,48,,,,,,,,,,,,*43
$GPGSV,2,1,05,05,33,103,47,10,00,000,28,18,64,265,45,23,36,320,46*7C
$GPGSV,2,2,05,24,74,152,48,,,,,,,,,,,,*43
$GPGSV,2,1,05,05,33,103,47,10,00,000,29,18,64,265,45,23,36,320,46*7D
$GPGSV,2,2,05,24,74,152,48,,,,,,,,,,,,*43
$GPGSV,2,1,05,05,33,103,47,10,00,000,29,18,64,265,45,23,36,320,45*7E
$GPGSV,2,2,05,24,74,152,48,,,,,,,,,,,,*43
$GPGSV,2,1,05,05,33,103,47,10,00,000,29,18,64,265,45,23,36,320,45*7E
$GPGSV,2,2,05,24,74,152,48,,,,,,,,,,,,*43
$GPGSV,2,1,05,05,33,103,47,10,00,000,29,18,64,265,45,23,36,320,45*7E
$GPGSV,2,2,05,24,74,152,48,,,,,,,,,,,,*43
$GPGSV,2,1,05,05,33,103,47,10,00,000,29,18,64,265,45,23,36,320,45*7E
$GPGSV,2,2,05,24,74,152,48,,,,,,,,,,,,*43
$GPGSV,2,1,05,05,33,103,47,10,00,000,29,18,64,265,45,23,36,320,45*7E
$GPGSV,2,2,05,24,74,152,48,,,,,,,,,,,,*43
$GPGSV,2,1,05,05,33,103,47,10,00,000,29,18,64,265,45,23,36,320,45*7E
$GPGSV,2,2,05,24,74,152,48,,,,,,,,,,,,*43
$GPGSV,2,1,05,05,33,103,47,10,00,000,29,18,64,265,45,23,36,320,45*7E
$GPGSV,2,2,05,24,74,152,48,,,,,,,,,,,,*43
$GPGSV,2,1,05,05,33,103,47,10,00,000,29,18,64,265,45,23,36,320,45*7E
$GPGSV,2,2,05,24,74,152,47,,,,,,,,,,,,*4C
$GPGSV,2,1,05,05,33,103,47,10,00,000,29,18,64,265,45,23,36,320,45*7E
$GPGSV,2,2,05,24,74,152,47,,,,,,,,,,,,*4C
$GPGSV,2,1,05,05,33,103,47,10,00,000,29,18,64,265,45,23,36,320,45*7E
$GPGSV,2,2,05,24,74,152,47,,,,,,,,,,,,*4C
$GPGSV,2,1,05,05,33,103,47,10,00,000,29,18,64,265,45,23,36,320,45*7E
$GPGSV,2,2,05,24,74,152,47,,,,,,,,,,,,*4C
$GPGSV,2,1,05,05,33,103,47,10,00,000,29,18,64,265,45,23,36,320,45*7E
$GPGSV,2,2,05,24,74,152,47,,,,,,,,,,,,*4C
$GPGSV,2,1,05,05,33,103,47,10,00,000,29,18,64,265,45,23,36,320,45*7E
$GPGSV,2,2,05,24,74,152,47,,,,,,,,,,,,*4C
$GPGSV,2,1,05,05,33,103,47,10,00,000,29,18,64,265,45,23,36,320,45*7E
$GPGSV,2,2,05,24,74,152,47,,,,,,,,,,,,*4C
$GPGSV,2,1,05,05,33,103,47,10,00,000,29,18,64,265,45,23,36,320,45*7E
$GPGSV,2,2,05,24,74,152,47,,,,,,,,,,,,*4C
$GPGSV,2,1,05,05,33,103,46,10,00,000,29,18,64,265,45,23,36,320,45*7F
$GPGSV,2,2,05,24,74,152,47,,,,,,,,,,,,*4C
$GPGSV,2,1,05,05,33,103,46,10,00,000,29,18,64,265,45,23,36,320,45*7F
$GPGSV,2,2,05,24,74,152,47,,,,,,,,,,,,*4C
$GPGSV,2,1,05,05,33,103,46,10,00,000,29,18,64,265,45,23,36,320,45*7F
$GPGSV,2,2,05,24,74,152,47,,,,,,,,,,,,*4C
$GPGSV,2,1,05,05,33,103,46,10,00,000,29,18,64,265,45,23,36,320,45*7F
$GPGSV,2,2,05,24,74,152,47,,,,,,,,,,,,*4C
$GPGSV,2,1,05,05,33,103,46,10,00,000,29,18,64,265,45,23,36,320,45*7F
$GPGSV,2,2,05,24,74,152,47,,,,,,,,,,,,*4C
$GPGSV,2,1,05,05,33,103,46,10,00,000,29,18,64,265,45,23,36,320,45*7F
$GPGSV,2,2,05,24,74,152,47,,,,,,,,,,,,*4C
$GPGSV,2,1,05,05,33,103,46,10,00,000,29,18,64,265,45,23,36,320,45*7F
$GPGSV,2,2,05,24,74,152,47,,,,,,,,,,,,*4C
$GPGSV,2,1,05,05,33,103,46,10,00,000,29,18,64,265,45,23,36,320,45*7F
$GPGSV,2,2,05,24,74,152,47,,,,,,,,,,,,*4C
$GPGSV,2,1,05,05,33,103,46,10,00,000,28,18,64,265,45,23,36,320,45*7E
$GPGSV,2,2,05,24,74,152,47,,,,,,,,,,,,*4C
$GPGSV,2,1,05,05,33,103,46,10,00,000,28,18,64,265,45,23,36,320,45*7E
$GPGSV,2,2,05,24,74,152,47,,,,,,,,,,,,*4C
$GPGSV,2,1,05,05,33,103,46,10,00,000,28,18,64,264,45,23,36,320,45*7F
$GPGSV,2,2,05,24,74,152,47,,,,,,,,,,,,*4C
$GPGSV,2,1,05,05,33,103,46,10,00,000,28,18,64,264,45,23,36,320,45*7F
$GPGSV,2,2,05,24,74,152,47,,,,,,,,,,,,*4C
$GPGSV,2,1,05,05,33,103,46,10,00,000,28,18,64,264,45,23,36,320,45*7F
$GPGSV,2,2,05,24,74,152,47,,,,,,,,,,,,*4C
$GPGSV,2,1,05,05,33,103,46,10,00,000,28,18,64,264,45,23,36,320,45*7F
$GPGSV,2,2,05,24,74,152,47,,,,,,,,,,,,*4C
$GPGSV,2,1,05,05,33,103,46,10,00,000,27,18,64,264,45,23,36,320,45*70
$GPGSV,2,2,05,24,74,152,47,,,,,,,,,,,,*4C
$GPGSV,2,1,05,05,33,103,46,10,00,000,27,18,64,264,45,23,36,320,45*70
$GPGSV,2,2,05,24,74,152,47,,,,,,,,,,,,*4C
$GPGSV,2,1,05,05,33,103,46,10,00,000,28,18,64,264,45,23,36,320,45*7F
$GPGSV,2,2,05,24,74,152,47,,,,,,,,,,,,*4C
$GPGSV,2,1,05,05,33,103,46,10,00,000,28,18,64,264,45,23,36,320,45*7F
$GPGSV,2,2,05,24,74,152,47,,,,,,,,,,,,*4C
$GPGSV,2,1,05,05,33,103,46,10,00,000,28,18,64,264,45,23,36,320,45*7F
$GPGSV,2,2,05,24,74,152,47,,,,,,,,,,,,*4C
$GPGSV,2,1,05,05,33,103,46,10,00,000,27,18,64,264,45,23,36,320,45*70
$GPGSV,2,2,05,24,74,152,47,,,,,,,,,,,,*4C
$GPGSV,2,1,05,05,33,103,46,10,00,000,27,18,64,264,45,23,36,320,45*70
$GPGSV,2,2,05,24,74,152,47,,,,,,,,,,,,*4C
$GPGSV,2,1,05,05,33,103,46,10,00,000,27,18,64,264,45,23,36,320,45*70
$GPGSV,2,2,05,24,74,152,47,,,,,,,,,,,,*4C
$GPGSV,2,1,05,05,33,103,46,10,00,000,27,18,64,264,45,23,36,320,45*70
$GPGSV,2,2,05,24,74,152,47,,,,,,,,,,,,*4C
$GPGSV,2,1,05,05,33,103,46,10,00,000,27,18,64,264,45,23,36,320,45*70
$GPGSV,2,2,05,24,74,152,47,,,,,,,,,,,,*4C
$GPGSV,2,1,05,05,33,103,46,10,00,000,27,18,64,264,45,23,36,320,45*70
$GPGSV,2,2,05,24,74,152,47,,,,,,,,,,,,*4C
$GPGSV,2,1,05,05,33,103,46,10,00,000,28,18,64,264,45,23,36,320,45*7F
$GPGSV,2,2,05,24,74,152,47,,,,,,,,,,,,*4C
$GPGSV,2,1,05,05,33,103,46,10,00,000,28,18,64,264,45,23,36,320,45*7F
$GPGSV,2,2,05,24,74,152,47,,,,,,,,,,,,*4C
$GPGSV,2,1,05,05,33,103,46,10,00,000,28,18,64,264,45,23,36,320,45*7F
$GPGSV,2,2,05,24,74,152,47,,,,,,,,,,,,*4C
$GPGSV,2,1,05,05,33,103,46,10,00,000,28,18,64,264,45,23,36,320,45*7F
$GPGSV,2,2,05,24,74,152,47,,,,,,,,,,,,*4C
$GPGSV,2,1,05,05,33,103,46,10,00,000,28,18,64,264,45,23,36,320,45*7F
$GPGSV,2,2,05,24,74,152,47,,,,,,,,,,,,*4C
$GPGSV,2,1,05,05,33,103,46,10,00,000,28,18,64,264,45,23,36,320,45*7F
$GPGSV,2,2,05,24,74,152,47,,,,,,,,,,,,*4C
$GPGSV,2,1,05,05,33,103,46,10,00,000,28,18,64,264,45,23,36,320,45*7F
$GPGSV,2,2,05,24,74,152,47,,,,,,,,,,,,*4C
$GPGSV,2,1,05,05,33,103,46,10,00,000,28,18,64,264,45,23,36,320,45*7F
$GPGSV,2,2,05,24,74,152,47,,,,,,,,,,,,*4C
$GPGSV,2,1,05,05,33,103,46,10,00,000,28,18,64,264,45,23,36,320,45*7F
$GPGSV,2,2,05,24,74,152,47,,,,,,,,,,,,*4C
$GPGSV,2,1,05,05,33,103,46,10,00,000,28,18,64,264,45,23,36,320,45*7F
$GPGSV,2,2,05,24,74,152,47,,,,,,,,,,,,*4C
$GPGSV,2,1,05,05,33,103,46,10,00,000,28,18,64,264,45,23,36,320,45*7F
$GPGSV,2,2,05,24,74,152,47,,,,,,,,,,,,*4C
$GPGSV,2,1,05,05,33,103,46,10,00,000,28,18,64,264,45,23,36,320,45*7F
$GPGSV,2,2,05,24,74,152,47,,,,,,,,,,,,*4C
$GPGSV,2,1,05,05,33,103,46,10,00,000,28,18,64,264,45,23,36,320,45*7F
$GPGSV,2,2,05,24,74,152,47,,,,,,,,,,,,*4C
$GPGSV,2,1,05,05,33,103,46,10,00,000,28,18,64,264,45,23,36,320,45*7F
$GPGSV,2,2,05,24,74,152,47,,,,,,,,,,,,*4C
$GPGSV,2,1,05,05,33,103,46,10,00,000,28,18,64,264,45,23,36,320,45*7F
$GPGSV,2,2,05,24,74,152,47,,,,,,,,,,,,*4C
$GPGSV,2,1,05,05,33,103,46,10,00,000,28,18,64,264,45,23,36,320,45*7F
$GPGSV,2,2,05,24,74,152,47,,,,,,,,,,,,*4C
$GPGSV,2,1,05,05,33,103,46,10,00,000,27,18,64,264,45,23,36,320,45*70
$GPGSV,2,2,05,24,74,152,47,,,,,,,,,,,,*4C
$GPGSV,2,1,05,05,33,103,46,10,00,000,27,18,64,264,45,23,36,320,45*70
$GPGSV,2,2,05,24,74,152,47,,,,,,,,,,,,*4C
$GPGSV,2,1,05,05,33,103,46,10,00,000,27,18,64,264,45,23,36,320,45*70
$GPGSV,2,2,05,24,74,152,47,,,,,,,,,,,,*4C
$GPGSV,2,1,05,05,33,103,46,10,00,000,26,18,64,264,45,23,36,320,45*71
$GPGSV,2,2,05,24,74,152,47,,,,,,,,,,,,*4C
$GPGSV,2,1,05,05,33,103,46,10,00,000,27,18,64,264,45,23,36,320,45*70
$GPGSV,2,2,05,24,74,152,47,,,,,,,,,,,,*4C
$GPGSV,2,1,05,05,33,103,46,10,00,000,27,18,64,264,45,23,36,320,45*70
$GPGSV,2,2,05,24,74,152,47,,,,,,,,,,,,*4C
$GPGSV,2,1,05,05,33,103,46,10,00,000,27,18,64,264,45,23,36,320,45*70
$GPGSV,2,2,05,24,74,152,47,,,,,,,,,,,,*4C
$GPGSV,2,1,05,05,33,103,46,10,00,000,28,18,64,264,45,23,36,320,45*7F
$GPGSV,2,2,05,24,74,152,47,,,,,,,,,,,,*4C
$GPGSV,2,1,05,05,33,103,46,10,00,000,28,18,64,264,45,23,36,320,45*7F
$GPGSV,2,2,05,24,74,152,47,,,,,,,,,,,,*4C
$GPGSV,2,1,05,05,33,103,46,10,00,000,29,18,64,264,45,23,36,320,45*7E
$GPGSV,2,2,05,24,74,152,47,,,,,,,,,,,,*4C
$GPGSV,2,1,05,05,33,103,46,10,00,000,29,18,64,264,45,23,36,320,45*7E
$GPGSV,2,2,05,24,74,152,47,,,,,,,,,,,,*4C
$GPGSV,2,1,05,05,33,103,46,10,00,000,30,18,64,264,45,23,36,320,45*76
$GPGSV,2,2,05,24,74,152,47,,,,,,,,,,,,*4C
$GPGSV,2,1,05,05,33,103,46,10,00,000,30,18,64,264,45,23,36,320,45*76
$GPGSV,2,2,05,24,74,152,47,,,,,,,,,,,,*4C
$GPGSV,2,1,05,05,33,103,46,10,00,000,30,18,64,264,45,23,36,320,45*76
$GPGSV,2,2,05,24,74,152,47,,,,,,,,,,,,*4C
$GPGSV,2,1,05,05,33,103,46,10,00,000,30,18,64,264,45,23,36,320,45*76
$GPGSV,2,2,05,24,74,152,47,,,,,,,,,,,,*4C
$GPGSV,2,1,05,05,33,103,46,10,00,000,30,18,64,264,45,23,36,320,45*76
$GPGSV,2,2,05,24,74,152,47,,,,,,,,,,,,*4C
$GPGSV,2,1,05,05,33,103,46,10,00,000,30,18,64,264,45,23,36,320,45*76
$GPGSV,2,2,05,24,74,152,47,,,,,,,,,,,,*4C
$GPGSV,2,1,05,05,33,103,46,10,00,000,30,18,64,264,45,23,36,320,45*76
$GPGSV,2,2,05,24,74,152,47,,,,,,,,,,,,*4C
$GPGSV,2,1,05,05,33,103,46,10,00,000,30,18,64,264,45,23,36,320,45*76
$GPGSV,2,2,05,24,74,152,47,,,,,,,,,,,,*4C
$GPGSV,2,1,05,05,33,103,46,10,00,000,30,18,64,264,45,23,36,320,45*76
$GPGSV,2,2,05,24,74,152,47,,,,,,,,,,,,*4C
$GPGSV,2,1,05,05,33,103,46,10,00,000,30,18,64,264,45,23,36,320,45*76
$GPGSV,2,2,05,24,74,152,47,,,,,,,,,,,,*4C
$GPGSV,2,1,05,05,33,103,46,10,00,000,30,18,64,264,45,23,36,320,45*76
$GPGSV,2,2,05,24,74,152,47,,,,,,,,,,,,*4C
$GPGSV,2,1,05,05,33,103,46,10,00,000,29,18,64,264,45,23,36,320,45*7E
$GPGSV,2,2,05,24,74,152,47,,,,,,,,,,,,*4C
$GPGSV,2,1,05,05,33,103,46,10,00,000,29,18,64,264,45,23,36,320,45*7E
$GPGSV,2,2,05,24,74,152,47,,,,,,,,,,,,*4C
$GPGSV,2,1,05,05,33,103,46,10,00,000,28,18,64,264,45,23,36,320,45*7F
$GPGSV,2,2,05,24,74,151,47,,,,,,,,,,,,*4F
$GPGSV,2,1,05,05,33,103,46,10,00,000,27,18,64,264,45,23,36,320,45*70
$GPGSV,2,2,05,24,74,151,47,,,,,,,,,,,,*4F
$GPGSV,2,1,05,05,33,103,46,10,00,000,26,18,64,264,45,23,36,320,45*71
$GPGSV,2,2,05,24,74,151,47,,,,,,,,,,,,*4F
$GPGSV,2,1,05,05,33,103,46,10,00,000,26,18,64,264,45,23,36,320,45*71
$GPGSV,2,2,05,24,74,151,47,,,,,,,,,,,,*4F
$GPGSV,2,1,05,05,33,103,46,10,00,000,25,18,64,264,45,23,36,320,45*72
$GPGSV,2,2,05,24,74,151,47,,,,,,,,,,,,*4F
$GPGSV,2,1,05,05,33,103,46,10,00,000,25,18,64,264,45,23,36,320,45*72
$GPGSV,2,2,05,24,74,151,47,,,,,,,,,,,,*4F
$GPGSV,2,1,05,05,33,103,46,10,00,000,24,18,64,264,45,23,36,320,45*73
$GPGSV,2,2,05,24,74,151,47,,,,,,,,,,,,*4F
$GPGSV,2,1,05,05,33,103,46,10,00,000,24,18,64,264,45,23,36,320,45*73
$GPGSV,2,2,05,24,74,151,47,,,,,,,,,,,,*4F
$GPGSV,2,1,05,05,33,103,46,10,00,000,23,18,64,264,45,23,36,320,45*74
$GPGSV,2,2,05,24,74,151,47,,,,,,,,,,,,*4F
$GPGSV,2,1,05,05,33,103,46,10,00,000,23,18,64,264,45,23,36,320,45*74
$GPGSV,2,2,05,24,74,151,47,,,,,,,,,,,,*4F
$GPGSV,2,1,05,05,32,103,46,10,00,000,24,18,64,264,45,23,36,320,45*72
$GPGSV,2,2,05,24,74,151,47,,,,,,,,,,,,*4F
$GPGSV,2,1,05,05,32,103,46,10,00,000,24,18,64,264,45,23,36,320,45*72
$GPGSV,2,2,05,24,74,151,47,,,,,,,,,,,,*4F
$GPGSV,2,1,05,05,32,103,46,10,00,000,25,18,64,264,45,23,36,320,45*73
$GPGSV,2,2,05,24,74,151,47,,,,,,,,,,,,*4F
$GPGSV,2,1,05,05,32,103,46,10,00,000,25,18,64,264,45,23,36,320,45*73
$GPGSV,2,2,05,24,74,151,47,,,,,,,,,,,,*4F
$GPGSV,2,1,05,05,32,103,46,10,00,000,26,18,64,264,45,23,36,320,45*70
$GPGSV,2,2,05,24,74,151,47,,,,,,,,,,,,*4F
$GPGSV,2,1,06,05,32,103,46,10,00,000,26,18,64,264,45,22,00,000,39*7D
$GPGSV,2,2,06,23,36,320,45,24,74,151,47,,,,,,,,*78
$GPGSV,2,1,06,05,32,103,46,10,00,000,27,18,64,264,45,22,00,000,40*72
$GPGSV,2,2,06,23,36,320,45,24,74,151,47,,,,,,,,*78
$GPGSV,2,1,06,05,32,103,46,10,00,000,27,18,64,264,45,22,00,000,40*72
$GPGSV,2,2,06,23,36,320,45,24,74,151,47,,,,,,,,*78
$GPGSV,2,1,06,05,32,103,46,10,00,000,28,18,64,264,45,22,00,000,40*7D
$GPGSV,2,2,06,23,36,320,45,24,74,151,47,,,,,,,,*78
$GPGSV,2,1,06,05,32,103,46,10,00,000,28,18,64,264,45,22,00,000,39*73
$GPGSV,2,2,06,23,36,320,45,24,74,151,47,,,,,,,,*78
$GPGSV,2,1,06,05,32,103,46,10,00,000,29,18,64,264,45,22,00,000,38*73
$GPGSV,2,2,06,23,36,320,45,24,74,151,47,,,,,,,,*78
$GPGSV,2,1,06,05,32,103,46,10,00,000,29,18,64,264,45,22,00,000,38*73
$GPGSV,2,2,06,23,36,320,45,24,74,151,47,,,,,,,,*78
$GPGSV,2,1,06,05,32,103,46,10,00,000,29,18,64,264,45,22,00,000,39*72
$GPGSV,2,2,06,23,36,320,45,24,74,151,47,,,,,,,,*78
$GPGSV,2,1,06,05,32,103,46,10,00,000,29,18,64,264,45,22,00,000,39*72
$GPGSV,2,2,06,23,36,320,45,24,74,151,47,,,,,,,,*78
$GPGSV,2,1,06,05,32,103,46,10,00,000,29,18,64,264,45,22,00,000,39*72
$GPGSV,2,2,06,23,36,320,45,24,74,151,47,,,,,,,,*78
$GPGSV,2,1,06,05,32,103,46,10,00,000,29,18,64,264,45,22,00,000,39*72
$GPGSV,2,2,06,23,36,320,45,24,74,151,47,,,,,,,,*78
$GPGSV,2,1,06,05,32,103,46,10,00,000,29,18,64,264,45,22,00,000,39*72
$GPGSV,2,2,06,23,36,320,45,24,74,151,47,,,,,,,,*78
$GPGSV,2,1,06,05,32,103,46,10,00,000,29,18,64,264,45,22,00,000,39*72
$GPGSV,2,2,06,23,36,320,45,24,74,151,47,,,,,,,,*78
$GPGSV,2,1,06,05,32,103,46,10,00,000,29,18,64,264,45,22,00,000,39*72
$GPGSV,2,2,06,23,36,320,45,24,74,151,46,,,,,,,,*79
$GPGSV,2,1,06,05,32,103,46,10,00,000,28,18,64,264,45,22,00,000,39*73
$GPGSV,2,2,06,23,36,320,45,24,74,151,46,,,,,,,,*79
$GPGSV,2,1,06,05,32,103,45,10,00,000,28,18,64,264,45,22,00,000,39*70
$GPGSV,2,2,06,23,36,320,45,24,74,151,46,,,,,,,,*79
$GPGSV,2,1,06,05,32,103,45,10,00,000,28,18,64,264,45,22,00,000,39*70
$GPGSV,2,2,06,23,36,320,45,24,74,151,46,,,,,,,,*79
$GPGSV,2,1,06,05,32,103,45,10,00,000,28,18,64,264,45,22,00,000,39*70
$GPGSV,2,2,06,23,36,320,45,24,74,151,46,,,,,,,,*79
$GPGSV,2,1,06,05,32,103,45,10,00,000,28,18,64,264,45,22,00,000,39*70
$GPGSV,2,2,06,23,36,320,45,24,74,151,46,,,,,,,,*79
$GPGSV,2,1,06,05,32,103,45,10,00,000,28,18,64,264,45,22,00,000,39*70
$GPGSV,2,2,06,23,36,320,45,24,74,151,46,,,,,,,,*79
$GPGSV,2,1,06,05,32,103,45,10,00,000,27,18,64,264,45,22,00,000,39*7F
$GPGSV,2,2,06,23,36,320,45,24,74,151,46,,,,,,,,*79
$GPGSV,2,1,06,05,32,103,45,10,00,000,27,18,64,264,45,22,00,000,39*7F
$GPGSV,2,2,06,23,36,320,45,24,74,151,46,,,,,,,,*79
$GPGSV,2,1,06,05,32,103,45,10,00,000,27,18,64,264,45,22,00,000,39*7F
$GPGSV,2,2,06,23,36,320,45,24,74,151,46,,,,,,,,*79
$GPGSV,2,1,06,05,32,103,45,10,00,000,27,18,64,264,45,22,00,000,39*7F
$GPGSV,2,2,06,23,36,320,45,24,74,151,46,,,,,,,,*79
$GPGSV,2,1,06,05,32,103,45,10,00,000,26,18,64,264,45,22,00,000,39*7E
$GPGSV,2,2,06,23,36,320,45,24,74,151,46,,,,,,,,*79
$GPGSV,2,1,06,05,32,103,45,10,00,000,26,18,64,264,45,22,00,000,39*7E
$GPGSV,2,2,06,23,36,320,45,24,74,151,46,,,,,,,,*79
$GPGSV,2,1,06,05,32,103,45,10,00,000,26,18,64,264,45,22,00,000,39*7E
$GPGSV,2,2,06,23,36,320,45,24,74,151,46,,,,,,,,*79
$GPGSV,2,1,06,05,32,103,45,10,00,000,26,18,64,264,45,22,00,000,39*7E
$GPGSV,2,2,06,23,36,320,45,24,74,151,46,,,,,,,,*79
$GPGSV,2,1,06,05,32,103,45,10,00,000,26,18,64,264,45,22,00,000,39*7E
$GPGSV,2,2,06,23,36,320,45,24,74,151,46,,,,,,,,*79
$GPGSV,2,1,06,05,32,103,45,10,00,000,26,18,64,264,45,22,00,000,39*7E
$GPGSV,2,2,06,23,36,320,45,24,74,151,46,,,,,,,,*79
$GPGSV,2,1,06,05,32,103,45,10,00,000,25,18,64,264,45,22,00,000,39*7D
$GPGSV,2,2,06,23,36,320,45,24,74,151,46,,,,,,,,*79
$GPGSV,2,1,06,05,32,103,45,10,00,000,25,18,64,264,45,22,00,000,39*7D
$GPGSV,2,2,06,23,36,320,45,24,74,151,46,,,,,,,,*79
$GPGSV,2,1,06,05,32,103,45,10,00,000,25,18,64,264,45,22,00,000,39*7D
$GPGSV,2,2,06,23,36,320,45,24,74,151,46,,,,,,,,*79
$GPGSV,2,1,06,05,32,103,45,10,00,000,25,18,64,264,45,22,00,000,39*7D
$GPGSV,2,2,06,23,36,320,45,24,74,151,46,,,,,,,,*79
$GPGSV,2,1,06,05,32,103,45,10,00,000,25,18,64,264,45,22,00,000,39*7D
$GPGSV,2,2,06,23,36,320,45,24,74,151,46,,,,,,,,*79
$GPGSV,2,1,06,05,32,103,45,10,00,000,25,18,64,264,45,22,00,000,39*7D
$GPGSV,2,2,06,23,36,320,45,24,74,151,46,,,,,,,,*79
$GPGSV,2,1,06,05,32,103,45,10,00,000,25,18,64,264,45,22,00,000,39*7D
$GPGSV,2,2,06,23,36,320,45,24,74,151,46,,,,,,,,*79
$GPGSV,2,1,06,05,32,103,45,10,00,000,26,18,64,264,45,22,00,000,39*7E
$GPGSV,2,2,06,23,36,320,45,24,74,151,46,,,,,,,,*79
$GPGSV,2,1,06,05,32,103,45,10,00,000,26,18,64,264,45,22,00,000,39*7E
$GPGSV,2,2,06,23,36,320,45,24,74,151,46,,,,,,,,*79
$GPGSV,2,1,06,05,32,103,45,10,00,000,27,18,64,264,45,22,00,000,39*7F
$GPGSV,2,2,06,23,36,320,45,24,74,151,46,,,,,,,,*79
$GPGSV,2,1,06,05,32,103,45,10,00,000,27,18,64,264,45,22,00,000,39*7F
$GPGSV,2,2,06,23,36,320,44,24,74,151,46,,,,,,,,*78
$GPGSV,2,1,06,05,32,103,45,10,00,000,27,18,64,264,45,22,00,000,39*7F
$GPGSV,2,2,06,23,36,320,44,24,74,151,46,,,,,,,,*78
$GPGSV,2,1,06,05,32,103,45,10,00,000,27,18,64,264,45,22,00,000,39*7F
$GPGSV,2,2,06,23,36,320,44,24,74,151,46,,,,,,,,*78
$GPGSV,2,1,06,05,32,103,45,10,00,000,27,18,64,264,45,22,00,000,39*7F
$GPGSV,2,2,06,23,36,320,44,24,74,151,46,,,,,,,,*78
$GPGSV,2,1,06,05,32,103,45,10,00,000,28,18,64,264,45,22,00,000,39*70
$GPGSV,2,2,06,23,36,320,44,24,74,151,46,,,,,,,,*78
$GPGSV,2,1,06,05,32,103,45,10,00,000,28,18,64,264,45,22,00,000,39*70
$GPGSV,2,2,06,23,36,320,44,24,74,151,46,,,,,,,,*78
$GPGSV,2,1,06,05,32,103,45,10,00,000,27,18,64,264,45,22,00,000,39*7F
$GPGSV,2,2,06,23,36,320,44,24,74,151,46,,,,,,,,*78
$GPGSV,2,1,06,05,32,103,45,10,00,000,27,18,64,264,45,22,00,000,39*7F
$GPGSV,2,2,06,23,36,320,44,24,74,151,46,,,,,,,,*78
$GPGSV,2,1,06,05,32,103,45,10,00,000,27,18,64,264,45,22,00,000,39*7F
$GPGSV,2,2,06,23,36,320,44,24,74,151,46,,,,,,,,*78
$GPGSV,2,1,06,05,32,103,45,10,00,000,28,18,64,264,45,22,00,000,39*70
$GPGSV,2,2,06,23,36,320,44,24,74,151,46,,,,,,,,*78
$GPGSV,2,1,06,05,32,103,45,10,00,000,28,18,64,264,45,22,00,000,39*70
$GPGSV,2,2,06,23,36,320,44,24,74,151,46,,,,,,,,*78
$GPGSV,2,1,06,05,32,103,45,10,00,000,27,18,64,264,45,22,00,000,39*7F
$GPGSV,2,2,06,23,36,320,44,24,74,151,46,,,,,,,,*78
$GPGSV,2,1,06,05,32,103,45,10,00,000,27,18,64,264,45,22,00,000,39*7F
$GPGSV,2,2,06,23,36,320,44,24,74,151,46,,,,,,,,*78
$GPGSV,2,1,06,05,32,103,45,10,00,000,27,18,64,264,45,22,00,000,39*7F
$GPGSV,2,2,06,23,36,320,44,24,74,151,46,,,,,,,,*78
$GPGSV,2,1,06,05,32,103,45,10,00,000,27,18,64,264,45,22,00,000,39*7F
$GPGSV,2,2,06,23,36,320,44,24,74,151,46,,,,,,,,*78
$GPGSV,2,1,06,05,32,103,45,10,00,000,27,18,64,264,45,22,00,000,39*7F
$GPGSV,2,2,06,23,36,320,44,24,74,151,46,,,,,,,,*78
$GPGSV,2,1,06,05,32,103,45,10,00,000,27,18,64,264,45,22,00,000,39*7F
$GPGSV,2,2,06,23,36,320,44,24,74,151,46,,,,,,,,*78
$GPGSV,2,1,06,05,32,103,45,10,00,000,27,18,64,264,45,22,00,000,39*7F
$GPGSV,2,2,06,23,36,320,44,24,74,151,46,,,,,,,,*78
$GPGSV,2,1,06,05,32,103,45,10,00,000,27,18,64,264,45,22,00,000,39*7F
$GPGSV,2,2,06,23,36,320,44,24,74,151,46,,,,,,,,*78
$GPGSV,2,1,06,05,32,103,45,10,00,000,27,18,64,264,45,22,00,000,39*7F
$GPGSV,2,2,06,23,36,320,44,24,74,151,46,,,,,,,,*78
$GPGSV,2,1,06,05,32,103,45,10,00,000,26,18,64,264,45,22,00,000,39*7E
$GPGSV,2,2,06,23,36,320,45,24,74,151,46,,,,,,,,*79
$GPGSV,2,1,06,05,32,103,45,10,00,000,26,18,64,264,45,22,00,000,39*7E
$GPGSV,2,2,06,23,36,320,45,24,74,151,46,,,,,,,,*79
$GPGSV,2,1,06,05,32,103,45,10,00,000,26,18,64,264,45,22,00,000,39*7E
$GPGSV,2,2,06,23,36,320,45,24,74,151,46,,,,,,,,*79
$GPGSV,2,1,06,05,32,103,45,10,00,000,26,18,64,264,45,22,00,000,39*7E
$GPGSV,2,2,06,23,36,320,45,24,74,151,46,,,,,,,,*79
$GPGSV,2,1,06,05,32,103,45,10,00,000,26,18,64,264,45,22,00,000,39*7E
$GPGSV,2,2,06,23,36,320,45,24,74,151,46,,,,,,,,*79
$GPGSV,2,1,06,05,32,103,45,10,00,000,26,18,64,264,45,22,00,000,39*7E
$GPGSV,2,2,06,23,36,320,45,24,74,151,46,,,,,,,,*79
$GPGSV,2,1,06,05,32,103,45,10,00,000,26,18,64,264,45,22,00,000,38*7F
$GPGSV,2,2,06,23,36,320,45,24,74,151,46,,,,,,,,*79
$GPGSV,2,1,06,05,32,103,45,10,00,000,26,18,64,264,45,22,00,000,38*7F
$GPGSV,2,2,06,23,36,320,45,24,74,151,46,,,,,,,,*79
$GPGSV,2,1,06,05,32,103,45,10,00,000,27,18,64,264,45,22,00,000,38*7E
$GPGSV,2,2,06,23,36,320,45,24,74,151,46,,,,,,,,*79
$GPGSV,2,1,06,05,32,103,45,10,00,000,27,18,64,264,45,22,00,000,38*7E
$GPGSV,2,2,06,23,36,320,45,24,74,151,46,,,,,,,,*79
$GPGSV,2,1,06,05,32,103,45,10,00,000,27,18,64,264,45,22,00,000,38*7E
$GPGSV,2,2,06,23,36,320,45,24,74,151,46,,,,,,,,*79
$GPGSV,2,1,06,05,32,103,45,10,00,000,27,18,64,264,45,22,00,000,38*7E
$GPGSV,2,2,06,23,36,320,45,24,74,151,46,,,,,,,,*79
$GPGSV,2,1,06,05,32,103,45,10,00,000,27,18,64,264,45,22,00,000,38*7E
$GPGSV,2,2,06,23,36,320,45,24,74,151,46,,,,,,,,*79
$GPGSV,2,1,06,05,32,103,45,10,00,000,27,18,64,264,45,22,00,000,38*7E
$GPGSV,2,2,06,23,36,320,45,24,74,151,46,,,,,,,,*79
$GPGSV,2,1,06,05,32,103,45,10,00,000,27,18,64,264,45,22,00,000,38*7E
$GPGSV,2,2,06,23,36,320,45,24,74,151,46,,,,,,,,*79
$GPGSV,2,1,06,05,32,103,45,10,00,000,27,18,64,264,45,22,00,000,38*7E
$GPGSV,2,2,06,23,36,320,45,24,74,151,46,,,,,,,,*79
$GPGSV,2,1,06,05,32,103,45,10,00,000,27,18,64,264,45,22,00,000,38*7E
$GPGSV,2,2,06,23,36,320,45,24,74,151,46,,,,,,,,*79
$GPGSV,2,1,06,05,32,103,45,10,00,000,27,18,64,264,45,22,00,000,38*7E
$GPGSV,2,2,06,23,36,320,45,24,74,151,46,,,,,,,,*79
$GPGSV,2,1,06,05,32,103,45,10,00,000,27,18,64,264,45,22,00,000,38*7E
$GPGSV,2,2,06,23,36,320,45,24,74,151,46,,,,,,,,*79
$GPGSV,2,1,06,05,32,103,45,10,00,000,27,18,64,264,46,22,00,000,38*7D
$GPGSV,2,2,06,23,36,320,45,24,74,151,46,,,,,,,,*79
$GPGSV,2,1,06,05,32,103,45,10,00,000,27,18,64,264,46,22,00,000,38*7D
$GPGSV,2,2,06,23,36,320,45,24,74,151,46,,,,,,,,*79
$GPGSV,2,1,06,05,32,103,45,10,00,000,27,18,64,264,46,22,00,000,38*7D
$GPGSV,2,2,06,23,36,320,45,24,74,151,46,,,,,,,,*79
$GPGSV,2,1,06,05,32,103,45,10,00,000,27,18,64,264,46,22,00,000,38*7D
$GPGSV,2,2,06,23,36,320,45,24,74,151,46,,,,,,,,*79
$GPGSV,2,1,06,05,32,103,45,10,00,000,27,18,64,264,46,22,00,000,38*7D
$GPGSV,2,2,06,23,36,320,45,24,74,151,46,,,,,,,,*79
$GPGSV,2,1,06,05,32,103,45,10,00,000,26,18,64,264,46,22,00,000,38*7C
$GPGSV,2,2,06,23,36,320,45,24,74,151,46,,,,,,,,*79
$GPGSV,2,1,06,05,32,103,45,10,00,000,26,18,64,264,46,22,00,000,38*7C
$GPGSV,2,2,06,23,36,320,45,24,74,151,46,,,,,,,,*79
$GPGSV,2,1,06,05,32,103,45,10,00,000,26,18,64,264,46,22,00,000,38*7C
$GPGSV,2,2,06,23,36,320,45,24,74,151,46,,,,,,,,*79
$GPGSV,2,1,06,05,32,103,45,10,00,000,26,18,64,264,46,22,00,000,38*7C
$GPGSV,2,2,06,23,36,320,45,24,74,151,46,,,,,,,,*79
$GPGSV,2,1,06,05,32,103,45,10,00,000,25,18,64,264,46,22,00,000,38*7F
$GPGSV,2,2,06,23,36,320,45,24,74,151,46,,,,,,,,*79
$GPGSV,2,1,06,05,32,103,45,10,00,000,25,18,64,264,46,22,00,000,38*7F
$GPGSV,2,2,06,23,36,320,45,24,74,151,46,,,,,,,,*79
$GPGSV,2,1,06,05,32,103,45,10,00,000,25,18,64,264,46,22,00,000,38*7F
$GPGSV,2,2,06,23,36,320,45,24,74,151,46,,,,,,,,*79
$GPGSV,2,1,06,05,32,103,46,10,00,000,25,18,64,264,46,22,00,000,38*7C
$GPGSV,2,2,06,23,36,320,45,24,74,151,46,,,,,,,,*79
$GPGSV,2,1,06,05,32,103,46,10,00,000,24,18,64,264,46,22,00,000,38*7D
$GPGSV,2,2,06,23,36,320,45,24,74,151,46,,,,,,,,*79
$GPGSV,2,1,06,05,32,103,46,10,00,000,24,18,64,264,46,22,00,000,38*7D
$GPGSV,2,2,06,23,36,320,45,24,74,151,46,,,,,,,,*79
$GPGSV,2,1,06,05,32,103,46,10,00,000,24,18,64,264,46,22,00,000,38*7D
$GPGSV,2,2,06,23,36,320,45,24,74,151,46,,,,,,,,*79
$GPGSV,2,1,06,05,32,103,46,10,00,000,24,18,64,264,46,22,00,000,38*7D
$GPGSV,2,2,06,23,36,320,45,24,74,151,46,,,,,,,,*79
$GPGSV,2,1,06,05,32,103,46,10,00,000,24,18,64,264,46,22,00,000,38*7D
$GPGSV,2,2,06,23,36,320,45,24,74,151,46,,,,,,,,*79
$GPGSV,2,1,06,05,32,103,46,10,00,000,25,18,64,264,46,22,00,000,38*7C
$GPGSV,2,2,06,23,36,320,45,24,74,151,46,,,,,,,,*79
$GPGSV,2,1,06,05,32,103,46,10,00,000,25,18,64,264,46,22,00,000,38*7C
$GPGSV,2,2,06,23,36,320,45,24,74,151,46,,,,,,,,*79
$GPGSV,2,1,06,05,32,103,45,10,00,000,26,18,64,264,46,22,00,000,38*7C
$GPGSV,2,2,06,23,36,320,45,24,74,151,46,,,,,,,,*79
$GPGSV,2,1,06,05,32,103,45,10,00,000,26,18,64,264,46,22,00,000,38*7C
$GPGSV,2,2,06,23,36,320,45,24,74,151,46,,,,,,,,*79
$GPGSV,2,1,06,05,32,103,45,10,00,000,26,18,64,264,46,22,00,000,38*7C
$GPGSV,2,2,06,23,36,320,45,24,74,151,46,,,,,,,,*79
$GPGSV,2,1,06,05,32,103,45,10,00,000,26,18,64,264,46,22,00,000,38*7C
$GPGSV,2,2,06,23,36,320,45,24,74,151,46,,,,,,,,*79
$GPGSV,2,1,06,05,32,103,45,10,00,000,26,18,64,264,46,22,00,000,38*7C
$GPGSV,2,2,06,23,36,320,45,24,74,151,46,,,,,,,,*79
$GPGSV,2,1,06,05,32,103,45,10,00,000,26,18,64,264,46,22,00,000,38*7C
$GPGSV,2,2,06,23,36,320,45,24,74,151,46,,,,,,,,*79
$GPGSV,2,1,06,05,32,103,45,10,00,000,25,18,64,264,46,22,00,000,38*7F
$GPGSV,2,2,06,23,36,320,45,24,74,151,46,,,,,,,,*79
$GPGSV,2,1,06,05,32,103,45,10,00,000,25,18,64,264,46,22,00,000,38*7F
$GPGSV,2,2,06,23,36,320,45,24,74,151,46,,,,,,,,*79
$GPGSV,2,1,06,05,32,103,45,10,00,000,25,18,64,264,46,22,00,000,38*7F
$GPGSV,2,2,06,23,36,320,45,24,74,151,46,,,,,,,,*79
$GPGSV,2,1,06,05,32,103,45,10,00,000,24,18,64,264,46,22,00,000,38*7E
$GPGSV,2,2,06,23,36,320,45,24,74,151,46,,,,,,,,*79
$GPGSV,2,1,06,05,32,103,45,10,00,000,24,18,64,264,46,22,00,000,38*7E
$GPGSV,2,2,06,23,36,320,45,24,74,151,46,,,,,,,,*79
$GPGSV,2,1,06,05,32,103,45,10,00,000,23,18,64,264,46,22,00,000,38*79
$GPGSV,2,2,06,23,36,320,45,24,74,151,46,,,,,,,,*79
$GPGSV,2,1,06,05,32,103,45,10,00,000,23,18,64,264,46,22,00,000,38*79
$GPGSV,2,2,06,23,36,320,45,24,74,151,46,,,,,,,,*79
$GPGSV,2,1,06,05,32,103,45,10,00,000,22,18,64,264,46,22,00,000,38*78
$GPGSV,2,2,06,23,36,320,45,24,74,151,46,,,,,,,,*79
$GPGSV,2,1,06,05,32,103,45,10,00,000,22,18,64,264,46,22,00,000,38*78
$GPGSV,2,2,06,23,36,320,45,24,74,151,46,,,,,,,,*79
$GPGSV,2,1,06,05,32,103,45,10,00,000,22,18,64,264,46,22,00,000,38*78
$GPGSV,2,2,06,23,36,320,45,24,74,151,46,,,,,,,,*79
$GPGSV,2,1,06,05,32,103,45,10,00,000,21,18,64,264,46,22,00,000,38*7B
$GPGSV,2,2,06,23,36,320,45,24,74,151,46,,,,,,,,*79
$GPGSV,2,1,06,05,32,103,45,10,00,000,27,18,64,264,46,22,00,000,38*7D
$GPGSV,2,2,06,23,36,320,45,24,74,151,46,,,,,,,,*79
$GPGSV,2,1,06,05,32,103,45,10,00,000,27,18,64,264,46,22,00,000,38*7D
$GPGSV,2,2,06,23,36,320,45,24,74,151,46,,,,,,,,*79
$GPGSV,2,1,06,05,32,103,45,10,00,000,27,18,64,264,46,22,00,000,38*7D
$GPGSV,2,2,06,23,36,320,45,24,74,151,46,,,,,,,,*79
$GPGSV,2,1,06,05,32,103,45,10,00,000,27,18,64,264,46,22,00,000,38*7D
$GPGSV,2,2,06,23,36,320,45,24,74,151,46,,,,,,,,*79
$GPGSV,2,1,06,05,32,103,45,10,00,000,27,18,64,264,46,22,00,000,38*7D
$GPGSV,2,2,06,23,36,320,45,24,74,151,46,,,,,,,,*79
$GPGSV,2,1,06,05,32,103,45,10,00,000,27,18,64,264,46,22,00,000,38*7D
$GPGSV,2,2,06,23,36,320,45,24,74,151,46,,,,,,,,*79
$GPGSV,2,1,06,05,32,103,45,10,00,000,27,18,64,264,46,22,00,000,38*7D
$GPGSV,2,2,06,23,36,320,45,24,74,151,46,,,,,,,,*79
$GPGSV,2,1,06,05,32,103,45,10,00,000,28,18,64,264,46,22,00,000,38*72
$GPGSV,2,2,06,23,36,320,45,24,74,151,46,,,,,,,,*79
$GPGSV,2,1,06,05,32,103,45,10,00,000,28,18,64,264,46,22,00,000,38*72
$GPGSV,2,2,06,23,36,320,45,24,74,151,46,,,,,,,,*79
$GPGSV,2,1,06,05,32,103,45,10,00,000,28,18,64,264,46,22,00,000,38*72
$GPGSV,2,2,06,23,36,320,45,24,74,151,46,,,,,,,,*79
$GPGSV,2,1,06,05,32,103,45,10,00,000,28,18,64,264,46,22,00,000,38*72
$GPGSV,2,2,06,23,36,320,45,24,74,151,46,,,,,,,,*79
$GPGSV,2,1,06,05,32,103,45,10,00,000,28,18,64,264,46,22,00,000,38*72
$GPGSV,2,2,06,23,36,320,45,24,74,151,46,,,,,,,,*79
$GPGSV,2,1,06,05,32,103,45,10,00,000,27,18,64,264,46,22,00,000,38*7D
$GPGSV,2,2,06,23,36,320,45,24,74,151,46,,,,,,,,*79
$GPGSV,2,1,06,05,32,103,45,10,00,000,27,18,64,264,46,22,00,000,38*7D
$GPGSV,2,2,06,23,36,320,45,24,74,151,46,,,,,,,,*79
$GPGSV,2,1,06,05,32,103,45,10,00,000,26,18,64,264,46,22,00,000,38*7C
$GPGSV,2,2,06,23,36,320,45,24,74,151,46,,,,,,,,*79
$GPGSV,2,1,06,05,32,103,45,10,00,000,26,18,64,264,46,22,00,000,38*7C
$GPGSV,2,2,06,23,36,320,45,24,74,151,46,,,,,,,,*79
$GPGSV,2,1,06,05,32,103,45,10,00,000,25,18,64,264,46,22,00,000,38*7F
$GPGSV,2,2,06,23,36,320,45,24,74,151,46,,,,,,,,*79
$GPGSV,2,1,06,05,32,103,45,10,00,000,24,18,64,264,46,22,00,000,38*7E
$GPGSV,2,2,06,23,36,320,45,24,74,151,46,,,,,,,,*79
$GPGSV,2,1,06,05,32,103,45,10,00,000,24,18,64,264,46,22,00,000,38*7E
$GPGSV,2,2,06,23,36,320,45,24,74,151,46,,,,,,,,*79
$GPGSV,2,1,06,05,32,103,45,10,00,000,24,18,64,264,46,22,00,000,38*7E
$GPGSV,2,2,06,23,36,320,45,24,74,151,46,,,,,,,,*79
$GPGSV,2,1,06,05,32,103,45,10,00,000,25,18,64,264,46,22,00,000,38*7F
$GPGSV,2,2,06,23,36,320,45,24,74,151,46,,,,,,,,*79
$GPGSV,2,1,06,05,32,103,45,10,00,000,25,18,64,264,46,22,00,000,38*7F
$GPGSV,2,2,06,23,36,320,45,24,74,151,46,,,,,,,,*79
$GPGSV,2,1,06,05,32,103,45,10,00,000,26,18,64,264,46,22,00,000,38*7C
$GPGSV,2,2,06,23,36,320,45,24,74,151,46,,,,,,,,*79
$GPGSV,2,1,06,05,32,103,45,10,00,000,26,18,64,264,46,22,00,000,38*7C
$GPGSV,2,2,06,23,36,320,45,24,74,151,46,,,,,,,,*79
$GPGSV,2,1,06,05,32,103,45,10,00,000,26,18,64,264,46,22,00,000,38*7C
$GPGSV,2,2,06,23,36,320,45,24,74,151,46,,,,,,,,*79
$GPGSV,2,1,06,05,32,103,45,10,00,000,26,18,64,264,46,22,00,000,38*7C
$GPGSV,2,2,06,23,36,320,45,24,74,151,46,,,,,,,,*79
$GPGSV,2,1,06,05,32,103,45,10,00,000,26,18,64,264,46,22,00,000,38*7C
$GPGSV,2,2,06,23,36,320,45,24,74,151,46,,,,,,,,*79
$GPGSV,2,1,06,05,32,103,45,10,00,000,23,18,64,264,46,22,00,000,38*79
$GPGSV,2,2,06,23,36,320,45,24,74,151,46,,,,,,,,*79
$GPGSV,2,1,06,05,32,103,45,10,00,000,24,18,64,264,46,22,00,000,38*7E
$GPGSV,2,2,06,23,36,320,45,24,74,151,46,,,,,,,,*79
$GPGSV,2,1,06,05,32,103,45,10,00,000,24,18,64,264,46,22,00,000,38*7E
$GPGSV,2,2,06,23,36,320,45,24,74,151,46,,,,,,,,*79
$GPGSV,2,1,06,05,32,103,45,10,00,000,25,18,64,264,46,22,00,000,38*7F
$GPGSV,2,2,06,23,36,320,45,24,74,151,46,,,,,,,,*79
$GPGSV,2,1,06,05,32,103,45,10,00,000,25,18,64,264,46,22,00,000,38*7F
$GPGSV,2,2,06,23,36,320,45,24,74,151,46,,,,,,,,*79
$GPGSV,2,1,06,05,32,103,45,10,00,000,26,18,64,264,46,22,00,000,38*7C
$GPGSV,2,2,06,23,36,320,45,24,74,151,46,,,,,,,,*79
$GPGSV,2,1,06,05,32,103,45,10,00,000,27,18,64,264,46,22,00,000,38*7D
$GPGSV,2,2,06,23,36,320,45,24,74,151,46,,,,,,,,*79
$GPGSV,2,1,06,05,32,103,45,10,00,000,27,18,64,264,46,22,00,000,38*7D
$GPGSV,2,2,06,23,36,320,45,24,74,151,46,,,,,,,,*79
$GPGSV,2,1,06,05,32,103,45,10,00,000,27,18,64,264,46,22,00,000,38*7D
$GPGSV,2,2,06,23,36,320,45,24,74,151,46,,,,,,,,*79
$GPGSV,2,1,06,05,32,103,45,10,00,000,27,18,64,264,46,22,00,000,38*7D
$GPGSV,2,2,06,23,36,320,45,24,74,151,46,,,,,,,,*79
$GPGSV,2,1,06,05,32,103,45,10,00,000,28,18,64,264,46,22,00,000,38*72
$GPGSV,2,2,06,23,36,320,45,24,74,151,46,,,,,,,,*79
$GPGSV,2,1,06,05,32,103,46,10,00,000,28,18,64,264,46,22,00,000,38*71
$GPGSV,2,2,06,23,36,320,45,24,74,151,46,,,,,,,,*79
$GPGSV,2,1,06,05,32,103,46,10,00,000,28,18,64,264,46,22,00,000,38*71
$GPGSV,2,2,06,23,36,320,44,24,74,151,46,,,,,,,,*78
$GPGSV,2,1,06,05,32,103,46,10,00,000,28,18,64,264,46,22,00,000,38*71
$GPGSV,2,2,06,23,36,320,44,24,74,151,46,,,,,,,,*78
$GPGSV,2,1,06,05,32,103,46,10,00,000,28,18,64,264,46,22,00,000,37*7E
$GPGSV,2,2,06,23,36,320,44,24,74,151,46,,,,,,,,*78
$GPGSV,2,1,06,05,32,103,46,10,00,000,28,18,64,264,46,22,00,000,37*7E
$GPGSV,2,2,06,23,36,320,44,24,74,151,46,,,,,,,,*78
$GPGSV,2,1,06,05,32,103,46,10,00,000,27,18,64,264,46,22,00,000,37*71
$GPGSV,2,2,06,23,36,320,44,24,74,151,46,,,,,,,,*78
$GPGSV,2,1,06,05,32,103,46,10,00,000,27,18,64,264,46,22,00,000,37*71
$GPGSV,2,2,06,23,36,320,44,24,74,151,46,,,,,,,,*78
$GPGSV,2,1,06,05,32,103,46,10,00,000,27,18,64,264,46,22,00,000,37*71
$GPGSV,2,2,06,23,36,320,44,24,74,151,46,,,,,,,,*78
$GPGSV,2,1,06,05,32,103,46,10,00,000,26,18,64,264,46,22,00,000,37*70
$GPGSV,2,2,06,23,36,320,44,24,74,151,46,,,,,,,,*78
$GPGSV,2,1,06,05,32,103,46,10,00,000,25,18,64,264,46,22,00,000,37*73
$GPGSV,2,2,06,23,36,320,44,24,74,151,46,,,,,,,,*78
$GPGSV,2,1,06,05,32,103,46,10,00,000,24,18,64,264,46,22,00,000,37*72
$GPGSV,2,2,06,23,36,320,44,24,74,151,46,,,,,,,,*78
$GPGSV,2,1,06,05,32,103,46,10,00,000,23,18,64,264,46,22,00,000,37*75
$GPGSV,2,2,06,23,36,320,44,24,74,151,46,,,,,,,,*78
$GPGSV,2,1,06,05,32,103,46,10,00,000,22,18,64,264,46,22,00,000,37*74
$GPGSV,2,2,06,23,36,320,44,24,74,151,46,,,,,,,,*78
$GPGSV,2,1,06,05,32,103,46,10,00,000,21,18,64,264,46,22,00,000,37*77
$GPGSV,2,2,06,23,36,320,44,24,74,151,46,,,,,,,,*78
$GPGSV,2,1,06,05,32,103,46,10,00,000,20,18,64,264,46,22,00,000,37*76
$GPGSV,2,2,06,23,36,320,44,24,74,151,46,,,,,,,,*78
$GPGSV,2,1,06,05,32,103,46,10,00,000,20,18,64,264,46,22,00,000,37*76
$GPGSV,2,2,06,23,36,320,44,24,74,151,46,,,,,,,,*78
$GPGSV,2,1,05,05,32,103,46,18,64,264,46,22,00,000,37,23,36,320,44*73
$GPGSV,2,2,05,24,74,151,46,,,,,,,,,,,,*4E
$GPGSV,2,1,06,05,32,103,46,10,00,000,25,18,64,264,46,22,00,000,37*73
$GPGSV,2,2,06,23,36,320,44,24,74,151,46,,,,,,,,*78
$GPGSV,2,1,06,05,32,103,46,10,00,000,25,18,64,264,46,22,00,000,37*73
$GPGSV,2,2,06,23,36,320,44,24,74,151,46,,,,,,,,*78
$GPGSV,2,1,06,05,32,103,46,10,00,000,25,18,64,264,46,22,00,000,37*73
$GPGSV,2,2,06,23,36,320,44,24,74,151,46,,,,,,,,*78
$GPGSV,2,1,06,05,32,103,46,10,00,000,25,18,64,264,46,22,00,000,37*73
$GPGSV,2,2,06,23,36,320,44,24,74,151,46,,,,,,,,*78
$GPGSV,2,1,06,05,32,103,46,10,00,000,26,18,64,264,46,22,00,000,37*70
$GPGSV,2,2,06,23,36,320,44,24,74,151,46,,,,,,,,*78
$GPGSV,2,1,06,05,32,103,45,10,00,000,26,18,64,264,46,22,00,000,37*73
$GPGSV,2,2,06,23,36,320,44,24,74,151,46,,,,,,,,*78
$GPGSV,2,1,06,05,32,103,45,10,00,000,26,18,64,264,46,22,00,000,37*73
$GPGSV,2,2,06,23,36,320,44,24,74,151,46,,,,,,,,*78
$GPGSV,2,1,06,05,32,103,45,10,00,000,25,18,64,264,46,22,00,000,37*70
$GPGSV,2,2,06,23,36,320,44,24,74,151,46,,,,,,,,*78
$GPGSV,2,1,06,05,32,103,45,10,00,000,25,18,64,264,46,22,00,000,37*70
$GPGSV,2,2,06,23,36,320,44,24,74,151,46,,,,,,,,*78
$GPGSV,2,1,06,05,32,103,45,10,00,000,25,18,64,264,46,22,00,000,37*70
$GPGSV,2,2,06,23,36,320,44,24,74,151,46,,,,,,,,*78
$GPGSV,2,1,06,05,32,103,45,10,00,000,25,18,64,264,46,22,00,000,37*70
$GPGSV,2,2,06,23,36,320,44,24,74,151,46,,,,,,,,*78
$GPGSV,2,1,06,05,32,103,45,10,00,000,25,18,64,264,46,22,00,000,37*70
$GPGSV,2,2,06,23,36,320,44,24,74,151,46,,,,,,,,*78
$GPGSV,2,1,06,05,32,103,45,10,00,000,25,18,64,264,46,22,00,000,37*70
$GPGSV,2,2,06,23,36,320,44,24,74,151,46,,,,,,,,*78
$GPGSV,2,1,06,05,32,103,45,10,00,000,25,18,64,264,46,22,00,000,37*70
$GPGSV,2,2,06,23,36,320,44,24,74,151,46,,,,,,,,*78
$GPGSV,2,1,06,05,32,103,45,10,00,000,25,18,64,264,46,22,00,000,37*70
$GPGSV,2,2,06,23,36,320,44,24,74,151,46,,,,,,,,*78
$GPGSV,2,1,06,05,32,103,45,10,00,000,25,18,64,264,46,22,00,000,37*70
$GPGSV,2,2,06,23,36,320,44,24,74,151,46,,,,,,,,*78
$GPGSV,2,1,06,05,32,103,45,10,00,000,25,18,64,264,46,22,00,000,37*70
$GPGSV,2,2,06,23,36,320,44,24,74,151,46,,,,,,,,*78
$GPGSV,2,1,06,05,32,103,45,10,00,000,25,18,64,264,46,22,00,000,37*70
$GPGSV,2,2,06,23,36,320,44,24,74,151,46,,,,,,,,*78
$GPGSV,2,1,06,05,32,103,45,10,00,000,25,18,64,264,46,22,00,000,37*70
$GPGSV,2,2,06,23,36,320,44,24,74,151,46,,,,,,,,*78
$GPGSV,2,1,06,05,32,103,45,10,00,000,25,18,64,263,46,22,00,000,37*77
$GPGSV,2,2,06,23,36,320,44,24,74,151,46,,,,,,,,*78
$GPGSV,2,1,06,05,32,103,45,10,00,000,25,18,64,263,46,22,00,000,37*77
$GPGSV,2,2,06,23,36,320,44,24,74,151,46,,,,,,,,*78
$GPGSV,2,1,06,05,32,103,45,10,00,000,21,18,64,263,46,22,00,000,37*73
$GPGSV,2,2,06,23,36,320,44,24,74,151,46,,,,,,,,*78
$GPGSV,2,1,06,05,32,103,45,10,00,000,21,18,64,263,46,22,00,000,37*73
$GPGSV,2,2,06,23,36,320,44,24,74,151,46,,,,,,,,*78
$GPGSV,2,1,06,05,32,103,45,10,00,000,21,18,64,263,46,22,00,000,37*73
$GPGSV,2,2,06,23,36,320,44,24,74,151,46,,,,,,,,*78
$GPGSV,2,1,06,05,32,103,46,10,00,000,20,18,64,263,46,22,00,000,37*71
$GPGSV,2,2,06,23,36,320,44,24,74,151,46,,,,,,,,*78
$GPGSV,2,1,06,05,32,103,46,10,00,000,20,18,64,263,46,22,00,000,37*71
$GPGSV,2,2,06,23,36,320,44,24,74,151,46,,,,,,,,*78
$GPGSV,2,1,06,05,32,103,46,10,00,000,19,18,64,263,46,22,00,000,37*7B
$GPGSV,2,2,06,23,36,320,44,24,74,151,46,,,,,,,,*78
$GPGSV,2,1,06,05,32,103,46,10,00,000,19,18,64,263,46,22,00,000,37*7B
$GPGSV,2,2,06,23,36,320,44,24,74,151,46,,,,,,,,*78
$GPGSV,2,1,06,05,32,103,46,10,00,000,18,18,64,263,46,22,00,000,37*7A
$GPGSV,2,2,06,23,36,320,44,24,74,151,46,,,,,,,,*78
$GPGSV,2,1,06,05,32,103,46,10,00,000,18,18,64,263,46,22,00,000,37*7A
$GPGSV,2,2,06,23,36,320,44,24,74,151,46,,,,,,,,*78
$GPGSV,2,1,06,05,32,103,46,10,00,000,17,18,64,263,46,22,00,000,37*75
$GPGSV,2,2,06,23,36,320,44,24,74,151,46,,,,,,,,*78
$GPGSV,2,1,06,05,32,103,46,10,00,000,18,18,64,263,46,22,00,000,37*7A
$GPGSV,2,2,06,23,36,320,44,24,74,151,46,,,,,,,,*78
$GPGSV,2,1,06,05,32,103,46,10,00,000,18,18,64,263,46,22,00,000,37*7A
$GPGSV,2,2,06,23,36,320,44,24,74,151,46,,,,,,,,*78
$GPGSV,2,1,06,05,32,103,46,10,00,000,18,18,64,263,46,22,00,000,37*7A
$GPGSV,2,2,06,23,36,320,45,24,74,151,46,,,,,,,,*79
$GPGSV,2,1,06,05,32,103,46,10,00,000,19,18,64,263,46,22,00,000,37*7B
$GPGSV,2,2,06,23,36,320,45,24,74,151,46,,,,,,,,*79
$GPGSV,2,1,06,05,32,103,46,10,00,000,19,18,64,263,46,22,00,000,37*7B
$GPGSV,2,2,06,23,36,320,45,24,74,151,46,,,,,,,,*79
$GPGSV,2,1,06,05,32,103,46,10,00,000,19,18,64,263,46,22,00,000,37*7B
$GPGSV,2,2,06,23,36,320,45,24,74,151,46,,,,,,,,*79
$GPGSV,2,1,06,05,32,103,46,10,00,000,19,18,64,263,46,22,00,000,37*7B
$GPGSV,2,2,06,23,36,320,45,24,74,151,46,,,,,,,,*79
$GPGSV,2,1,06,05,32,103,46,10,00,000,19,18,64,263,46,22,00,000,37*7B
$GPGSV,2,2,06,23,36,320,45,24,74,151,46,,,,,,,,*79
$GPGSV,2,1,06,05,32,103,46,10,00,000,20,18,64,263,46,22,00,000,37*71
$GPGSV,2,2,06,23,36,320,45,24,74,151,46,,,,,,,,*79
$GPGSV,2,1,06,05,32,103,46,10,00,000,20,18,64,263,46,22,00,000,37*71
$GPGSV,2,2,06,23,36,320,45,24,74,151,46,,,,,,,,*79
$GPGSV,2,1,06,05,32,103,46,10,00,000,19,18,64,263,46,22,00,000,37*7B
$GPGSV,2,2,06,23,36,320,45,24,74,151,46,,,,,,,,*79
$GPGSV,2,1,06,05,32,103,46,10,00,000,18,18,64,263,46,22,00,000,37*7A
$GPGSV,2,2,06,23,36,320,45,24,74,151,46,,,,,,,,*79
$GPGSV,2,1,06,05,32,103,46,10,00,000,18,18,64,263,46,22,00,000,37*7A
$GPGSV,2,2,06,23,36,320,45,24,74,151,46,,,,,,,,*79
$GPGSV,2,1,06,05,32,103,46,10,00,000,18,18,64,263,46,22,00,000,37*7A
$GPGSV,2,2,06,23,36,320,45,24,74,151,46,,,,,,,,*79
$GPGSV,2,1,06,05,32,103,46,10,00,000,18,18,64,263,46,22,00,000,37*7A
$GPGSV,2,2,06,23,36,320,45,24,74,151,46,,,,,,,,*79
$GPGSV,2,1,05,05,32,103,46,18,64,263,46,22,00,000,37,23,36,320,45*75
$GPGSV,2,2,05,24,74,151,46,,,,,,,,,,,,*4E
$GPGSV,2,1,05,05,32,103,46,18,64,263,46,22,00,000,37,23,36,320,45*75
$GPGSV,2,2,05,24,74,151,46,,,,,,,,,,,,*4E
$GPGSV,2,1,05,05,32,103,46,18,64,263,46,22,00,000,37,23,36,320,45*75
$GPGSV,2,2,05,24,74,151,46,,,,,,,,,,,,*4E
$GPGSV,2,1,05,05,32,103,46,18,64,263,46,22,00,000,37,23,36,320,45*75
$GPGSV,2,2,05,24,74,151,46,,,,,,,,,,,,*4E
$GPGSV,2,1,05,05,32,103,46,18,64,263,46,22,00,000,37,23,36,320,45*75
$GPGSV,2,2,05,24,74,151,46,,,,,,,,,,,,*4E
$GPGSV,2,1,05,05,32,103,46,18,64,263,46,22,00,000,37,23,36,320,45*75
$GPGSV,2,2,05,24,74,151,46,,,,,,,,,,,,*4E
$GPGSV,2,1,05,05,32,103,46,18,64,263,46,22,00,000,37,23,36,320,45*75
$GPGSV,2,2,05,24,74,151,46,,,,,,,,,,,,*4E
$GPGSV,2,1,05,05,32,103,45,18,64,263,46,22,00,000,37,23,36,320,45*76
$GPGSV,2,2,05,24,74,151,46,,,,,,,,,,,,*4E
$GPGSV,2,1,05,05,32,104,45,18,64,263,46,22,00,000,37,23,36,320,45*71
$GPGSV,2,2,05,24,74,150,46,,,,,,,,,,,,*4F
$GPGSV,2,1,05,05,32,104,45,18,64,263,46,22,00,000,37,23,36,320,45*71
$GPGSV,2,2,05,24,74,150,46,,,,,,,,,,,,*4F
$GPGSV,2,1,05,05,32,104,45,18,64,263,46,22,00,000,37,23,36,320,45*71
$GPGSV,2,2,05,24,74,150,46,,,,,,,,,,,,*4F
$GPGSV,2,1,05,05,32,104,45,18,64,263,46,22,00,000,37,23,36,320,45*71
$GPGSV,2,2,05,24,74,150,46,,,,,,,,,,,,*4F
$GPGSV,2,1,05,05,32,104,45,18,64,263,46,22,00,000,37,23,36,320,45*71
$GPGSV,2,2,05,24,74,150,46,,,,,,,,,,,,*4F
$GPGSV,2,1,05,05,32,104,45,18,64,263,46,22,00,000,37,23,36,320,45*71
$GPGSV,2,2,05,24,74,150,46,,,,,,,,,,,,*4F
$GPGSV,2,1,05,05,32,104,45,18,64,263,46,22,00,000,37,23,36,320,45*71
$GPGSV,2,2,05,24,74,150,46,,,,,,,,,,,,*4F
$GPGSV,2,1,05,05,32,104,46,18,64,263,46,22,00,000,37,23,36,320,45*72
$GPGSV,2,2,05,24,74,150,46,,,,,,,,,,,,*4F
$GPGSV,2,1,05,05,32,104,46,18,64,263,46,22,00,000,37,23,36,320,45*72
$GPGSV,2,2,05,24,74,150,46,,,,,,,,,,,,*4F
$GPGSV,2,1,05,05,32,104,46,18,64,263,46,22,00,000,37,23,36,320,45*72
$GPGSV,2,2,05,24,74,150,46,,,,,,,,,,,,*4F
$GPGSV,2,1,05,05,32,104,46,18,64,263,46,22,00,000,37,23,36,320,45*72
$GPGSV,2,2,05,24,74,150,46,,,,,,,,,,,,*4F
$GPGSV,2,1,06,05,32,104,46,10,00,000,25,18,64,263,46,22,00,000,37*73
$GPGSV,2,2,06,23,36,320,45,24,74,150,46,,,,,,,,*78
$GPGSV,2,1,06,05,32,104,46,10,00,000,25,18,64,263,46,22,00,000,37*73
$GPGSV,2,2,06,23,36,320,45,24,74,150,46,,,,,,,,*78
$GPGSV,2,1,06,05,32,104,46,10,00,000,25,18,64,263,46,22,00,000,37*73
$GPGSV,2,2,06,23,36,320,45,24,74,150,46,,,,,,,,*78
$GPGSV,2,1,06,05,32,104,46,10,00,000,25,18,64,263,46,22,00,000,37*73
$GPGSV,2,2,06,23,36,320,45,24,74,150,46,,,,,,,,*78
$GPGSV,2,1,06,05,32,104,46,10,00,000,25,18,64,263,46,22,00,000,37*73
$GPGSV,2,2,06,23,36,320,45,24,74,150,46,,,,,,,,*78
$GPGSV,2,1,06,05,32,104,46,10,00,000,24,18,64,263,46,22,00,000,37*72
$GPGSV,2,2,06,23,36,320,45,24,74,150,46,,,,,,,,*78
$GPGSV,2,1,06,05,32,104,46,10,00,000,24,18,64,263,46,22,00,000,37*72
$GPGSV,2,2,06,23,36,320,45,24,74,150,46,,,,,,,,*78
$GPGSV,2,1,06,05,32,104,46,10,00,000,23,18,64,263,46,22,00,000,37*75
$GPGSV,2,2,06,23,36,320,45,24,74,150,46,,,,,,,,*78
$GPGSV,2,1,06,05,32,104,46,10,00,000,24,18,64,263,46,22,00,000,37*72
$GPGSV,2,2,06,23,36,320,45,24,74,150,46,,,,,,,,*78
$GPGSV,2,1,06,05,32,104,46,10,00,000,25,18,64,263,46,22,00,000,37*73
$GPGSV,2,2,06,23,36,320,45,24,74,150,46,,,,,,,,*78
$GPGSV,2,1,06,05,32,104,46,10,00,000,25,18,64,263,46,22,00,000,37*73
$GPGSV,2,2,06,23,36,320,45,24,74,150,46,,,,,,,,*78
$GPGSV,2,1,05,05,32,104,46,18,64,263,46,22,00,000,37,23,36,320,45*72
$GPGSV,2,2,05,24,74,150,46,,,,,,,,,,,,*4F
$GPGSV,2,1,05,05,32,104,46,18,64,263,46,22,00,000,37,23,36,320,45*72
$GPGSV,2,2,05,24,74,150,46,,,,,,,,,,,,*4F
$GPGSV,2,1,05,05,32,104,46,18,64,263,46,22,00,000,37,23,36,320,45*72
$GPGSV,2,2,05,24,74,150,46,,,,,,,,,,,,*4F
$GPGSV,2,1,05,05,32,104,46,18,64,263,46,22,00,000,37,23,36,320,45*72
$GPGSV,2,2,05,24,74,150,46,,,,,,,,,,,,*4F
$GPGSV,2,1,05,05,32,104,46,18,64,263,46,22,00,000,37,23,36,320,45*72
$GPGSV,2,2,05,24,74,150,46,,,,,,,,,,,,*4F
$GPGSV,2,1,05,05,32,104,46,18,64,263,46,22,00,000,37,23,36,320,45*72
$GPGSV,2,2,05,24,74,150,46,,,,,,,,,,,,*4F
$GPGSV,2,1,05,05,32,104,46,18,64,263,46,22,00,000,37,23,36,320,45*72
$GPGSV,2,2,05,24,74,150,46,,,,,,,,,,,,*4F
$GPGSV,2,1,05,05,32,104,46,18,64,263,46,22,00,000,37,23,36,320,45*72
$GPGSV,2,2,05,24,74,150,46,,,,,,,,,,,,*4F
$GPGSV,2,1,06,05,32,104,46,10,00,000,25,18,64,263,46,22,00,000,37*73
$GPGSV,2,2,06,23,36,320,45,24,74,150,46,,,,,,,,*78
$GPGSV,2,1,06,05,32,104,46,10,00,000,23,18,64,263,46,22,00,000,37*75
$GPGSV,2,2,06,23,36,320,45,24,74,150,46,,,,,,,,*78
$GPGSV,2,1,06,05,32,104,46,10,00,000,23,18,64,263,46,22,00,000,37*75
$GPGSV,2,2,06,23,36,320,45,24,74,150,46,,,,,,,,*78
$GPGSV,2,1,06,05,32,104,46,10,00,000,23,18,64,263,46,22,00,000,37*75
$GPGSV,2,2,06,23,36,320,45,24,74,150,46,,,,,,,,*78
$GPGSV,2,1,06,05,32,104,46,10,00,000,23,18,64,263,46,22,00,000,37*75
$GPGSV,2,2,06,23,36,320,45,24,74,150,46,,,,,,,,*78
$GPGSV,2,1,06,05,32,104,46,10,00,000,24,18,64,263,46,22,00,000,37*72
$GPGSV,2,2,06,23,36,320,45,24,74,150,46,,,,,,,,*78
$GPGSV,2,1,06,05,32,104,46,10,00,000,23,18,64,263,46,22,00,000,37*75
$GPGSV,2,2,06,23,36,320,45,24,74,150,46,,,,,,,,*78
$GPGSV,2,1,06,05,32,104,46,10,00,000,23,18,64,263,46,22,00,000,37*75
$GPGSV,2,2,06,23,36,320,45,24,74,150,46,,,,,,,,*78
$GPGSV,2,1,06,05,32,104,46,10,00,000,23,18,64,263,46,22,00,000,37*75
$GPGSV,2,2,06,23,36,320,45,24,74,150,46,,,,,,,,*78
$GPGSV,2,1,05,05,32,104,46,18,64,263,46,22,00,000,37,23,36,320,45*72
$GPGSV,2,2,05,24,74,150,46,,,,,,,,,,,,*4F
$GPGSV,2,1,05,05,32,104,46,18,64,263,46,22,00,000,37,23,36,320,45*72
$GPGSV,2,2,05,24,74,150,46,,,,,,,,,,,,*4F
$GPGSV,2,1,05,05,32,104,46,18,64,263,46,22,00,000,37,23,36,320,45*72
$GPGSV,2,2,05,24,74,150,46,,,,,,,,,,,,*4F
$GPGSV,2,1,05,05,32,104,46,18,64,263,46,22,00,000,37,23,36,320,45*72
$GPGSV,2,2,05,24,74,150,46,,,,,,,,,,,,*4F
$GPGSV,2,1,05,05,32,104,46,18,64,263,46,22,00,000,37,23,36,320,45*72
$GPGSV,2,2,05,24,74,150,46,,,,,,,,,,,,*4F
$GPGSV,2,1,05,05,32,104,46,18,64,263,46,22,00,000,37,23,36,320,45*72
$GPGSV,2,2,05,24,74,150,46,,,,,,,,,,,,*4F
$GPGSV,2,1,05,05,32,104,46,18,64,263,46,22,00,000,37,23,36,320,45*72
$GPGSV,2,2,05,24,74,150,46,,,,,,,,,,,,*4F
$GPGSV,2,1,05,05,32,104,46,18,64,263,46,22,00,000,37,23,36,320,45*72
$GPGSV,2,2,05,24,74,150,46,,,,,,,,,,,,*4F
$GPGSV,2,1,05,05,32,104,46,18,64,263,46,22,00,000,37,23,36,320,45*72
$GPGSV,2,2,05,24,74,150,46,,,,,,,,,,,,*4F
$GPGSV,2,1,05,05,32,104,46,18,64,263,46,22,00,000,37,23,36,320,45*72
$GPGSV,2,2,05,24,74,150,46,,,,,,,,,,,,*4F
$GPGSV,2,1,05,05,32,104,46,18,64,263,46,22,00,000,37,23,36,320,45*72
$GPGSV,2,2,05,24,74,150,46,,,,,,,,,,,,*4F
$GPGSV,2,1,05,05,32,104,46,18,64,263,46,22,00,000,37,23,36,320,45*72
$GPGSV,2,2,05,24,74,150,46,,,,,,,,,,,,*4F
$GPGSV,2,1,05,05,32,104,46,18,64,263,46,22,00,000,37,23,36,320,45*72
$GPGSV,2,2,05,24,74,150,46,,,,,,,,,,,,*4F
$GPGSV,2,1,05,05,32,104,46,18,64,263,46,22,00,000,37,23,36,320,45*72
$GPGSV,2,2,05,24,74,150,46,,,,,,,,,,,,*4F
$GPGSV,2,1,05,05,32,104,46,18,64,263,46,22,00,000,37,23,36,320,45*72
$GPGSV,2,2,05,24,74,150,46,,,,,,,,,,,,*4F
$GPGSV,2,1,05,05,32,104,46,18,64,263,46,22,00,000,37,23,36,320,45*72
$GPGSV,2,2,05,24,74,150,46,,,,,,,,,,,,*4F
$GPGSV,2,1,05,05,32,104,46,18,64,263,46,22,00,000,37,23,36,320,45*72
$GPGSV,2,2,05,24,74,150,46,,,,,,,,,,,,*4F
$GPGSV,2,1,05,05,32,104,46,18,64,263,46,22,00,000,37,23,36,320,45*72
$GPGSV,2,2,05,24,74,150,46,,,,,,,,,,,,*4F
$GPGSV,2,1,05,05,32,104,46,18,64,263,46,22,00,000,37,23,36,320,45*72
$GPGSV,2,2,05,24,74,150,46,,,,,,,,,,,,*4F
$GPGSV,2,1,05,05,32,104,46,18,64,263,46,22,00,000,37,23,36,320,45*72
$GPGSV,2,2,05,24,74,150,46,,,,,,,,,,,,*4F
$GPGSV,2,1,05,05,32,104,46,18,64,263,46,22,00,000,37,23,36,320,45*72
$GPGSV,2,2,05,24,74,150,46,,,,,,,,,,,,*4F
$GPGSV,2,1,05,05,32,104,46,18,64,263,46,22,00,000,37,23,36,320,45*72
$GPGSV,2,2,05,24,74,150,46,,,,,,,,,,,,*4F
$GPGSV,2,1,05,05,32,104,46,18,64,263,46,22,00,000,37,23,36,320,45*72
$GPGSV,2,2,05,24,74,150,46,,,,,,,,,,,,*4F
$GPGSV,2,1,06,05,32,104,46,10,00,000,26,18,64,263,46,22,00,000,37*70
$GPGSV,2,2,06,23,36,320,45,24,74,150,46,,,,,,,,*78
$GPGSV,2,1,06,05,32,104,46,10,00,000,26,18,64,263,46,22,00,000,37*70
$GPGSV,2,2,06,23,36,320,45,24,74,150,46,,,,,,,,*78
$GPGSV,2,1,06,05,32,104,46,10,00,000,26,18,64,263,46,22,00,000,37*70
$GPGSV,2,2,06,23,36,320,45,24,74,150,46,,,,,,,,*78
$GPGSV,2,1,06,05,32,104,46,10,00,000,25,18,64,263,46,22,00,000,37*73
$GPGSV,2,2,06,23,36,320,45,24,74,150,46,,,,,,,,*78
$GPGSV,2,1,06,05,32,104,46,10,00,000,24,18,64,263,46,22,00,000,36*73
$GPGSV,2,2,06,23,36,320,45,24,74,150,46,,,,,,,,*78
$GPGSV,2,1,06,05,32,104,46,10,00,000,24,18,64,263,46,22,00,000,36*73
$GPGSV,2,2,06,23,36,320,44,24,74,150,46,,,,,,,,*79
$GPGSV,2,1,06,05,32,104,46,10,00,000,23,18,64,263,45,22,00,000,36*77
$GPGSV,2,2,06,23,36,320,44,24,74,150,46,,,,,,,,*79
$GPGSV,2,1,06,05,32,104,46,10,00,000,22,18,64,263,45,22,00,000,36*76
$GPGSV,2,2,06,23,36,320,44,24,74,150,46,,,,,,,,*79
$GPGSV,2,1,06,05,32,104,46,10,00,000,21,18,64,263,45,22,00,000,36*75
$GPGSV,2,2,06,23,36,320,44,24,74,150,46,,,,,,,,*79
$GPGSV,2,1,06,05,32,104,46,10,00,000,20,18,64,263,45,22,00,000,36*74
$GPGSV,2,2,06,23,36,320,44,24,74,150,46,,,,,,,,*79
$GPGSV,2,1,06,05,32,104,46,10,00,000,19,18,64,263,45,22,00,000,36*7E
$GPGSV,2,2,06,23,36,320,44,24,74,150,46,,,,,,,,*79
$GPGSV,2,1,06,05,32,104,46,10,00,000,18,18,64,263,45,22,00,000,36*7F
$GPGSV,2,2,06,23,36,320,44,24,74,150,46,,,,,,,,*79
$GPGSV,2,1,06,05,32,104,46,10,00,000,17,18,64,263,45,22,00,000,36*70
$GPGSV,2,2,06,23,36,320,44,24,74,150,47,,,,,,,,*78
$GPGSV,2,1,06,05,32,104,46,10,00,000,16,18,64,263,45,22,00,000,36*71
$GPGSV,2,2,06,23,36,320,44,24,74,150,47,,,,,,,,*78
$GPGSV,2,1,06,05,32,104,46,10,00,000,16,18,64,263,45,22,00,000,36*71
$GPGSV,2,2,06,23,36,320,44,24,74,150,47,,,,,,,,*78
$GPGSV,2,1,05,05,32,104,46,18,64,263,45,22,00,000,36,23,36,320,44*71
$GPGSV,2,2,05,24,74,150,47,,,,,,,,,,,,*4E
$GPGSV,2,1,05,05,32,104,46,18,64,263,45,22,00,000,36,23,36,320,44*71
$GPGSV,2,2,05,24,74,150,47,,,,,,,,,,,,*4E
$GPGSV,2,1,05,05,32,104,46,18,64,263,45,22,00,000,36,23,36,320,44*71
$GPGSV,2,2,05,24,74,150,47,,,,,,,,,,,,*4E
$GPGSV,2,1,05,05,32,104,46,18,64,263,45,22,00,000,36,23,36,320,44*71
$GPGSV,2,2,05,24,74,150,47,,,,,,,,,,,,*4E
$GPGSV,2,1,05,05,32,104,46,18,64,263,45,22,00,000,36,23,36,320,44*71
$GPGSV,2,2,05,24,74,150,47,,,,,,,,,,,,*4E
$GPGSV,2,1,05,05,32,104,46,18,64,263,46,22,00,000,36,23,36,320,44*72
$GPGSV,2,2,05,24,74,150,46,,,,,,,,,,,,*4F
$GPGSV,2,1,06,05,32,104,46,10,00,000,23,18,64,263,46,22,00,000,36*74
$GPGSV,2,2,06,23,36,320,44,24,74,150,46,,,,,,,,*79
$GPGSV,2,1,06,05,32,104,46,10,00,000,23,18,64,263,46,22,00,000,36*74
$GPGSV,2,2,06,23,36,320,44,24,74,150,46,,,,,,,,*79
$GPGSV,2,1,06,05,32,104,46,10,00,000,23,18,64,263,46,22,00,000,37*75
$GPGSV,2,2,06,23,36,320,44,24,74,150,46,,,,,,,,*79
$GPGSV,2,1,06,05,32,104,46,10,00,000,23,18,64,263,46,22,00,000,37*75
$GPGSV,2,2,06,23,36,320,44,24,74,150,46,,,,,,,,*79
$GPGSV,2,1,06,05,32,104,46,10,00,000,22,18,64,263,46,22,00,000,37*74
$GPGSV,2,2,06,23,36,320,44,24,74,150,46,,,,,,,,*79
$GPGSV,2,1,06,05,32,104,46,10,00,000,22,18,64,263,46,22,00,000,37*74
$GPGSV,2,2,06,23,36,320,44,24,74,150,46,,,,,,,,*79
$GPGSV,2,1,06,05,32,104,46,10,00,000,21,18,64,263,46,22,00,000,37*77
$GPGSV,2,2,06,23,36,320,44,24,74,150,46,,,,,,,,*79
$GPGSV,2,1,06,05,32,104,46,10,00,000,22,18,64,263,46,22,00,000,37*74
$GPGSV,2,2,06,23,36,320,44,24,74,150,46,,,,,,,,*79
$GPGSV,2,1,06,05,32,104,46,10,00,000,23,18,64,263,46,22,00,000,37*75
$GPGSV,2,2,06,23,36,320,44,24,74,150,46,,,,,,,,*79
$GPGSV,2,1,06,05,32,104,46,10,00,000,23,18,64,263,46,22,00,000,37*75
$GPGSV,2,2,06,23,36,320,44,24,74,150,46,,,,,,,,*79
$GPGSV,2,1,06,05,32,104,46,10,00,000,23,18,64,263,46,22,00,000,37*75
$GPGSV,2,2,06,23,36,320,44,24,74,150,46,,,,,,,,*79
$GPGSV,2,1,06,05,32,104,46,10,00,000,23,18,64,263,46,22,00,000,37*75
$GPGSV,2,2,06,23,36,320,45,24,74,150,46,,,,,,,,*78
$GPGSV,2,1,06,05,32,104,46,10,00,000,24,18,64,263,46,22,00,000,37*72
$GPGSV,2,2,06,23,36,320,45,24,74,150,46,,,,,,,,*78
$GPGSV,2,1,06,05,32,104,46,10,00,000,24,18,64,263,46,22,00,000,37*72
$GPGSV,2,2,06,23,36,320,45,24,74,150,46,,,,,,,,*78
$GPGSV,2,1,06,05,32,104,46,10,00,000,24,18,64,263,46,22,00,000,37*72
$GPGSV,2,2,06,23,36,320,45,24,74,150,46,,,,,,,,*78
$GPGSV,2,1,06,05,32,104,46,10,00,000,25,18,64,263,46,22,00,000,37*73
$GPGSV,2,2,06,23,36,320,45,24,74,150,46,,,,,,,,*78
$GPGSV,2,1,06,05,32,104,46,10,00,000,25,18,64,263,46,22,00,000,37*73
$GPGSV,2,2,06,23,36,320,45,24,74,150,46,,,,,,,,*78
$GPGSV,2,1,06,05,32,104,46,10,00,000,25,18,64,263,46,22,00,000,37*73
$GPGSV,2,2,06,23,36,320,45,24,74,150,46,,,,,,,,*78
$GPGSV,2,1,06,05,32,104,46,10,00,000,25,18,64,263,46,22,00,000,37*73
$GPGSV,2,2,06,23,36,320,45,24,74,150,46,,,,,,,,*78
$GPGSV,2,1,06,05,32,104,46,10,00,000,25,18,64,263,46,22,00,000,37*73
$GPGSV,2,2,06,23,36,320,45,24,74,150,46,,,,,,,,*78
$GPGSV,2,1,06,05,32,104,46,10,00,000,25,18,64,263,46,22,00,000,37*73
$GPGSV,2,2,06,23,36,320,45,24,74,150,46,,,,,,,,*78
$GPGSV,2,1,06,05,32,104,46,10,00,000,25,18,64,263,46,22,00,000,37*73
$GPGSV,2,2,06,23,36,320,45,24,74,150,46,,,,,,,,*78
$GPGSV,2,1,06,05,32,104,46,10,00,000,25,18,64,263,46,22,00,000,37*73
$GPGSV,2,2,06,23,36,320,45,24,74,150,46,,,,,,,,*78
$GPGSV,2,1,06,05,32,104,46,10,00,000,25,18,64,263,46,22,00,000,37*73
$GPGSV,2,2,06,23,36,320,45,24,74,150,46,,,,,,,,*78
$GPGSV,2,1,06,05,32,104,46,10,00,000,23,18,64,263,46,22,00,000,37*75
$GPGSV,2,2,06,23,36,320,45,24,74,150,46,,,,,,,,*78
$GPGSV,2,1,06,05,32,104,46,10,00,000,27,18,64,263,46,22,00,000,37*71
$GPGSV,2,2,06,23,36,320,45,24,74,150,46,,,,,,,,*78
$GPGSV,2,1,06,05,32,104,46,10,00,000,26,18,64,263,46,22,00,000,37*70
$GPGSV,2,2,06,23,36,320,45,24,74,150,46,,,,,,,,*78
$GPGSV,2,1,06,05,32,104,46,10,00,000,26,18,64,263,46,22,00,000,37*70
$GPGSV,2,2,06,23,36,320,45,24,74,150,46,,,,,,,,*78
$GPGSV,2,1,06,05,32,104,46,10,00,000,25,18,64,263,46,22,00,000,37*73
$GPGSV,2,2,06,23,36,320,45,24,74,150,46,,,,,,,,*78
$GPGSV,2,1,05,05,32,104,46,18,64,263,46,22,00,000,37,23,36,320,45*72
$GPGSV,2,2,05,24,74,150,46,,,,,,,,,,,,*4F
$GPGSV,2,1,05,05,32,104,46,18,64,263,46,22,00,000,37,23,36,320,45*72
$GPGSV,2,2,05,24,74,150,46,,,,,,,,,,,,*4F
$GPGSV,2,1,05,05,32,104,46,18,64,263,45,22,00,000,37,23,36,320,45*71
$GPGSV,2,2,05,24,74,150,46,,,,,,,,,,,,*4F
$GPGSV,2,1,05,05,32,104,46,18,64,263,45,22,00,000,37,23,36,320,45*71
$GPGSV,2,2,05,24,74,150,46,,,,,,,,,,,,*4F
$GPGSV,2,1,05,05,32,104,46,18,64,263,45,22,00,000,37,23,36,320,45*71
$GPGSV,2,2,05,24,74,150,46,,,,,,,,,,,,*4F
$GPGSV,2,1,05,05,32,104,46,18,64,263,45,22,00,000,37,23,36,320,45*71
$GPGSV,2,2,05,24,74,150,46,,,,,,,,,,,,*4F
$GPGSV,2,1,05,05,32,104,46,18,64,263,45,22,00,000,37,23,36,320,45*71
$GPGSV,2,2,05,24,74,150,46,,,,,,,,,,,,*4F
$GPGSV,2,1,06,05,32,104,46,10,00,000,22,18,64,263,45,22,00,000,37*77
$GPGSV,2,2,06,23,36,320,45,24,74,150,46,,,,,,,,*78
$GPGSV,2,1,06,05,32,104,46,10,00,000,22,18,64,263,45,22,00,000,37*77
$GPGSV,2,2,06,23,36,320,45,24,74,150,46,,,,,,,,*78
$GPGSV,2,1,06,05,32,104,46,10,00,000,23,18,64,263,45,22,00,000,37*76
$GPGSV,2,2,06,23,36,320,45,24,74,150,46,,,,,,,,*78
$GPGSV,2,1,06,05,32,104,46,10,00,000,23,18,64,263,45,22,00,000,37*76
$GPGSV,2,2,06,23,36,320,45,24,74,150,46,,,,,,,,*78
$GPGSV,2,1,06,05,32,104,46,10,00,000,23,18,64,263,45,22,00,000,37*76
$GPGSV,2,2,06,23,36,320,45,24,74,150,46,,,,,,,,*78
$GPGSV,2,1,06,05,32,104,46,10,00,000,23,18,64,263,45,22,00,000,37*76
$GPGSV,2,2,06,23,36,320,45,24,74,150,46,,,,,,,,*78
$GPGSV,2,1,06,05,32,104,46,10,00,000,23,18,64,263,44,22,00,000,37*77
$GPGSV,2,2,06,23,36,320,45,24,74,150,46,,,,,,,,*78
$GPGSV,2,1,06,05,32,104,46,10,00,000,23,18,64,263,44,22,00,000,37*77
$GPGSV,2,2,06,23,36,320,45,24,74,150,46,,,,,,,,*78
$GPGSV,2,1,06,05,32,104,46,10,00,000,22,18,64,263,44,22,00,000,37*76
$GPGSV,2,2,06,23,36,320,45,24,74,150,46,,,,,,,,*78
$GPGSV,2,1,06,05,32,104,46,10,00,000,22,18,64,263,44,22,00,000,37*76
$GPGSV,2,2,06,23,36,320,45,24,74,150,46,,,,,,,,*78
$GPGSV,2,1,06,05,32,104,46,10,00,000,22,18,64,263,44,22,00,000,37*76
$GPGSV,2,2,06,23,36,320,45,24,74,150,46,,,,,,,,*78
$GPGSV,2,1,06,05,32,104,46,10,00,000,21,18,64,263,44,22,00,000,37*75
$GPGSV,2,2,06,23,36,320,45,24,74,150,46,,,,,,,,*78
$GPGSV,2,1,06,05,32,104,46,10,00,000,21,18,64,263,44,22,00,000,37*75
$GPGSV,2,2,06,23,36,320,45,24,74,150,46,,,,,,,,*78
$GPGSV,2,1,06,05,32,104,46,10,00,000,21,18,64,263,44,22,00,000,37*75
$GPGSV,2,2,06,23,36,320,45,24,74,150,46,,,,,,,,*78
$GPGSV,2,1,06,05,32,104,46,10,00,000,20,18,64,263,44,22,00,000,37*74
$GPGSV,2,2,06,23,36,320,45,24,74,150,46,,,,,,,,*78
$GPGSV,2,1,06,05,32,104,46,10,00,000,19,18,64,263,44,22,00,000,37*7E
$GPGSV,2,2,06,23,36,320,45,24,74,150,46,,,,,,,,*78
$GPGSV,2,1,06,05,32,104,46,10,00,000,19,18,64,263,44,22,00,000,37*7E
$GPGSV,2,2,06,23,36,320,45,24,74,150,46,,,,,,,,*78
$GPGSV,2,1,06,05,32,104,46,10,00,000,19,18,64,263,44,22,00,000,37*7E
$GPGSV,2,2,06,23,36,320,45,24,74,150,46,,,,,,,,*78
$GPGSV,2,1,06,05,32,104,46,10,00,000,18,18,64,263,44,22,00,000,37*7F
$GPGSV,2,2,06,23,36,320,45,24,74,150,46,,,,,,,,*78
$GPGSV,2,1,06,05,32,104,46,10,00,000,18,18,64,263,44,22,00,000,37*7F
$GPGSV,2,2,06,23,36,320,45,24,74,150,46,,,,,,,,*78
$GPGSV,2,1,06,05,32,104,46,10,00,000,17,18,64,263,44,22,00,000,37*70
$GPGSV,2,2,06,23,36,320,45,24,74,150,46,,,,,,,,*78
$GPGSV,2,1,06,05,32,104,46,10,00,000,17,18,64,263,44,22,00,000,37*70
$GPGSV,2,2,06,23,36,320,45,24,74,150,46,,,,,,,,*78
$GPGSV,2,1,06,05,32,104,46,10,00,000,18,18,64,263,44,22,00,000,37*7F
$GPGSV,2,2,06,23,36,320,45,24,74,150,46,,,,,,,,*78
$GPGSV,2,1,06,05,32,104,46,10,00,000,18,18,64,263,44,22,00,000,37*7F
$GPGSV,2,2,06,23,36,320,45,24,74,150,46,,,,,,,,*78
$GPGSV,2,1,06,05,32,104,46,10,00,000,18,18,64,263,44,22,00,000,37*7F
$GPGSV,2,2,06,23,36,320,45,24,74,150,46,,,,,,,,*78
$GPGSV,2,1,06,05,32,104,46,10,00,000,19,18,64,263,44,22,00,000,37*7E
$GPGSV,2,2,06,23,36,320,45,24,74,150,46,,,,,,,,*78
$GPGSV,2,1,06,05,32,104,46,10,00,000,19,18,64,263,44,22,00,000,37*7E
$GPGSV,2,2,06,23,36,320,45,24,74,150,46,,,,,,,,*78
$GPGSV,2,1,06,05,32,104,46,10,00,000,20,18,64,263,44,22,00,000,37*74
$GPGSV,2,2,06,23,36,320,45,24,74,150,46,,,,,,,,*78
$GPGSV,2,1,06,05,32,104,46,10,00,000,21,18,64,263,44,22,00,000,37*75
$GPGSV,2,2,06,23,36,320,45,24,74,150,46,,,,,,,,*78
$GPGSV,2,1,06,05,32,104,46,10,00,000,21,18,64,263,44,22,00,000,37*75
$GPGSV,2,2,06,23,36,320,45,24,74,150,46,,,,,,,,*78
$GPGSV,2,1,06,05,32,104,46,10,00,000,22,18,64,263,44,22,00,000,37*76
$GPGSV,2,2,06,23,36,320,45,24,74,150,46,,,,,,,,*78
$GPGSV,2,1,06,05,32,104,46,10,00,000,22,18,64,263,44,22,00,000,37*76
$GPGSV,2,2,06,23,36,320,45,24,74,150,46,,,,,,,,*78
$GPGSV,2,1,06,05,32,104,46,10,00,000,22,18,64,263,44,22,00,000,37*76
$GPGSV,2,2,06,23,36,320,45,24,74,150,46,,,,,,,,*78
$GPGSV,2,1,06,05,32,104,46,10,00,000,22,18,64,263,44,22,00,000,37*76
$GPGSV,2,2,06,23,36,320,45,24,74,150,46,,,,,,,,*78
$GPGSV,2,1,06,05,32,104,46,10,00,000,22,18,64,263,44,22,00,000,37*76
$GPGSV,2,2,06,23,36,320,45,24,74,150,46,,,,,,,,*78
$GPGSV,2,1,06,05,32,104,46,10,00,000,22,18,64,263,44,22,00,000,37*76
$GPGSV,2,2,06,23,36,320,45,24,74,150,46,,,,,,,,*78
$GPGSV,2,1,06,05,32,104,46,10,00,000,23,18,64,263,44,22,00,000,37*77
$GPGSV,2,2,06,23,36,320,45,24,74,150,46,,,,,,,,*78
$GPGSV,2,1,06,05,32,104,46,10,00,000,23,18,64,263,44,22,00,000,37*77
$GPGSV,2,2,06,23,36,320,45,24,74,150,46,,,,,,,,*78
$GPGSV,2,1,06,05,32,104,46,10,00,000,23,18,64,263,44,22,00,000,37*77
$GPGSV,2,2,06,23,36,320,45,24,74,150,46,,,,,,,,*78
$GPGSV,2,1,05,05,32,104,46,18,64,263,44,22,00,000,37,23,36,320,45*70
$GPGSV,2,2,05,24,74,150,46,,,,,,,,,,,,*4F
$GPGSV,2,1,05,05,32,104,46,18,64,263,44,22,00,000,37,23,36,320,45*70
$GPGSV,2,2,05,24,74,150,46,,,,,,,,,,,,*4F
$GPGSV,2,1,05,05,32,104,46,18,64,263,44,22,00,000,37,23,36,320,45*70
$GPGSV,2,2,05,24,74,150,46,,,,,,,,,,,,*4F
$GPGSV,2,1,05,05,32,104,46,18,64,263,44,22,00,000,37,23,36,320,45*70
$GPGSV,2,2,05,24,74,150,46,,,,,,,,,,,,*4F
$GPGSV,2,1,05,05,32,104,46,18,64,263,44,22,00,000,37,23,36,320,45*70
$GPGSV,2,2,05,24,74,150,46,,,,,,,,,,,,*4F
$GPGSV,2,1,05,05,32,104,46,18,64,263,44,22,00,000,37,23,36,320,45*70
$GPGSV,2,2,05,24,74,150,46,,,,,,,,,,,,*4F
$GPGSV,2,1,05,05,32,104,46,18,64,263,44,22,00,000,37,23,36,320,45*70
$GPGSV,2,2,05,24,74,150,46,,,,,,,,,,,,*4F
$GPGSV,2,1,05,05,32,104,46,18,64,263,44,22,00,000,37,23,36,320,45*70
$GPGSV,2,2,05,24,74,150,46,,,,,,,,,,,,*4F
$GPGSV,2,1,05,05,32,104,46,18,64,263,44,22,00,000,37,23,36,320,45*70
$GPGSV,2,2,05,24,74,150,46,,,,,,,,,,,,*4F
$GPGSV,2,1,05,05,32,104,46,18,64,263,44,22,00,000,37,23,36,320,44*71
$GPGSV,2,2,05,24,74,150,46,,,,,,,,,,,,*4F
$GPGSV,2,1,05,05,32,104,46,18,64,263,44,22,00,000,37,23,36,320,44*71
$GPGSV,2,2,05,24,74,150,46,,,,,,,,,,,,*4F
$GPGSV,2,1,05,05,32,104,46,18,64,263,44,22,00,000,37,23,36,320,44*71
$GPGSV,2,2,05,24,74,150,46,,,,,,,,,,,,*4F
$GPGSV,2,1,05,05,32,104,46,18,64,263,44,22,00,000,38,23,36,320,44*7E
$GPGSV,2,2,05,24,74,150,46,,,,,,,,,,,,*4F
$GPGSV,2,1,05,05,32,104,46,18,64,263,44,22,00,000,38,23,36,320,44*7E
$GPGSV,2,2,05,24,74,150,46,,,,,,,,,,,,*4F
$GPGSV,2,1,05,05,32,104,46,18,64,263,44,22,00,000,38,23,36,320,44*7E
$GPGSV,2,2,05,24,74,150,46,,,,,,,,,,,,*4F
$GPGSV,2,1,05,05,32,104,46,18,64,263,44,22,00,000,38,23,36,320,44*7E
$GPGSV,2,2,05,24,74,150,46,,,,,,,,,,,,*4F
$GPGSV,2,1,05,05,32,104,46,18,64,263,44,22,00,000,38,23,36,320,44*7E
$GPGSV,2,2,05,24,74,150,46,,,,,,,,,,,,*4F
$GPGSV,2,1,05,05,32,104,46,18,64,263,44,22,00,000,38,23,36,320,44*7E
$GPGSV,2,2,05,24,74,150,46,,,,,,,,,,,,*4F
$GPGSV,2,1,05,05,32,104,46,18,64,263,44,22,00,000,38,23,36,320,44*7E
$GPGSV,2,2,05,24,74,150,46,,,,,,,,,,,,*4F
$GPGSV,2,1,05,05,32,104,46,18,64,263,44,22,00,000,38,23,36,320,44*7E
$GPGSV,2,2,05,24,74,150,46,,,,,,,,,,,,*4F
$GPGSV,2,1,05,05,32,104,46,18,64,263,44,22,00,000,38,23,36,320,44*7E
$GPGSV,2,2,05,24,74,150,46,,,,,,,,,,,,*4F
$GPGSV,2,1,05,05,32,104,46,18,64,263,44,22,00,000,38,23,36,320,44*7E
$GPGSV,2,2,05,24,74,150,46,,,,,,,,,,,,*4F
$GPGSV,2,1,05,05,32,104,46,18,64,263,44,22,00,000,38,23,36,320,44*7E
$GPGSV,2,2,05,24,75,150,46,,,,,,,,,,,,*4E
$GPGSV,2,1,05,05,32,104,46,18,64,263,44,22,00,000,38,23,36,320,44*7E
$GPGSV,2,2,05,24,75,150,46,,,,,,,,,,,,*4E
$GPGSV,2,1,05,05,32,104,46,18,64,263,44,22,00,000,38,23,36,320,44*7E
$GPGSV,2,2,05,24,75,150,46,,,,,,,,,,,,*4E
$GPGSV,2,1,06,05,32,104,46,10,00,000,25,18,64,263,44,22,00,000,38*7E
$GPGSV,2,2,06,23,36,320,44,24,75,150,46,,,,,,,,*78
$GPGSV,2,1,06,05,32,104,46,10,00,000,25,18,64,263,44,22,00,000,38*7E
$GPGSV,2,2,06,23,36,320,44,24,75,150,46,,,,,,,,*78
$GPGSV,2,1,06,05,32,104,46,10,00,000,25,18,64,263,44,22,00,000,38*7E
$GPGSV,2,2,06,23,36,320,44,24,75,150,46,,,,,,,,*78
$GPGSV,2,1,06,05,32,104,46,10,00,000,24,18,64,263,44,22,00,000,38*7F
$GPGSV,2,2,06,23,36,320,44,24,75,150,46,,,,,,,,*78
$GPGSV,2,1,06,05,32,104,46,10,00,000,24,18,64,263,44,22,00,000,38*7F
$GPGSV,2,2,06,23,36,320,44,24,75,150,46,,,,,,,,*78
$GPGSV,2,1,06,05,32,104,46,10,00,000,24,18,64,263,44,22,00,000,38*7F
$GPGSV,2,2,06,23,36,320,44,24,75,150,46,,,,,,,,*78
$GPGSV,2,1,06,05,32,104,46,10,00,000,25,18,64,263,44,22,00,000,38*7E
$GPGSV,2,2,06,23,36,320,44,24,75,150,46,,,,,,,,*78
$GPGSV,2,1,06,05,32,104,46,10,00,000,25,18,64,263,44,22,00,000,38*7E
$GPGSV,2,2,06,23,36,320,44,24,75,150,46,,,,,,,,*78
$GPGSV,2,1,06,05,32,104,46,10,00,000,25,18,64,263,44,22,00,000,38*7E
$GPGSV,2,2,06,23,36,320,44,24,75,150,46,,,,,,,,*78
$GPGSV,2,1,06,05,32,104,46,10,00,000,26,18,64,263,44,22,00,000,38*7D
$GPGSV,2,2,06,23,36,320,44,24,75,150,46,,,,,,,,*78
$GPGSV,2,1,06,05,32,104,46,10,00,000,26,18,64,263,44,22,00,000,38*7D
$GPGSV,2,2,06,23,36,320,44,24,75,150,46,,,,,,,,*78
$GPGSV,2,1,06,05,32,104,46,10,00,000,26,18,64,263,44,22,00,000,38*7D
$GPGSV,2,2,06,23,36,320,44,24,75,150,46,,,,,,,,*78
$GPGSV,2,1,06,05,32,104,46,10,00,000,26,18,64,263,44,22,00,000,38*7D
$GPGSV,2,2,06,23,36,320,44,24,75,150,46,,,,,,,,*78
$GPGSV,2,1,06,05,32,104,46,10,00,000,26,18,64,263,44,22,00,000,38*7D
$GPGSV,2,2,06,23,36,320,44,24,75,150,46,,,,,,,,*78
$GPGSV,2,1,06,05,32,104,46,10,00,000,25,18,64,263,44,22,00,000,38*7E
$GPGSV,2,2,06,23,36,320,44,24,75,150,46,,,,,,,,*78
$GPGSV,2,1,06,05,32,104,46,10,00,000,25,18,64,263,44,22,00,000,38*7E
$GPGSV,2,2,06,23,36,320,44,24,75,150,46,,,,,,,,*78
$GPGSV,2,1,06,05,32,104,46,10,00,000,24,18,64,263,44,22,00,000,38*7F
$GPGSV,2,2,06,23,36,320,44,24,75,150,46,,,,,,,,*78
$GPGSV,2,1,06,05,32,104,46,10,00,000,23,18,64,263,44,22,00,000,38*78
$GPGSV,2,2,06,23,36,320,44,24,75,150,46,,,,,,,,*78
$GPGSV,2,1,06,05,32,104,46,10,00,000,23,18,64,263,44,22,00,000,38*78
$GPGSV,2,2,06,23,36,320,44,24,75,150,46,,,,,,,,*78
$GPGSV,2,1,06,05,32,104,46,10,00,000,22,18,64,263,44,22,00,000,38*79
$GPGSV,2,2,06,23,36,320,44,24,75,150,46,,,,,,,,*78
$GPGSV,2,1,06,05,32,104,47,10,00,000,21,18,64,263,44,22,00,000,38*7B
$GPGSV,2,2,06,23,36,320,44,24,75,150,46,,,,,,,,*78
$GPGSV,2,1,06,05,32,104,47,10,00,000,21,18,64,263,44,22,00,000,38*7B
$GPGSV,2,2,06,23,36,320,44,24,75,150,46,,,,,,,,*78
$GPGSV,2,1,06,05,32,104,47,10,00,000,21,18,64,263,44,22,00,000,38*7B
$GPGSV,2,2,06,23,36,320,44,24,75,150,46,,,,,,,,*78
$GPGSV,2,1,06,05,32,104,47,10,00,000,21,18,64,263,44,22,00,000,38*7B
$GPGSV,2,2,06,23,36,320,44,24,75,150,46,,,,,,,,*78
$GPGSV,2,1,06,05,32,104,47,10,00,000,21,18,64,263,44,22,00,000,38*7B
$GPGSV,2,2,06,23,36,320,44,24,75,150,46,,,,,,,,*78
$GPGSV,2,1,06,05,32,104,47,10,00,000,21,18,64,263,44,22,00,000,38*7B
$GPGSV,2,2,06,23,36,320,44,24,75,150,46,,,,,,,,*78
$GPGSV,2,1,06,05,32,104,47,10,00,000,21,18,64,263,44,22,00,000,38*7B
$GPGSV,2,2,06,23,36,320,44,24,75,150,46,,,,,,,,*78
$GPGSV,2,1,06,05,32,104,47,10,00,000,21,18,64,263,44,22,00,000,38*7B
$GPGSV,2,2,06,23,36,320,44,24,75,150,46,,,,,,,,*78
$GPGSV,2,1,06,05,32,104,47,10,00,000,21,18,64,263,44,22,00,000,38*7B
$GPGSV,2,2,06,23,36,320,44,24,75,150,46,,,,,,,,*78
$GPGSV,2,1,06,05,32,104,46,10,00,000,21,18,64,263,44,22,00,000,38*7A
$GPGSV,2,2,06,23,36,320,44,24,75,150,46,,,,,,,,*78
$GPGSV,2,1,06,05,32,104,46,10,00,000,21,18,64,263,44,22,00,000,38*7A
$GPGSV,2,2,06,23,36,320,44,24,75,150,46,,,,,,,,*78
$GPGSV,2,1,06,05,32,104,46,10,00,000,22,18,64,263,44,22,00,000,38*79
$GPGSV,2,2,06,23,36,320,44,24,75,150,46,,,,,,,,*78
$GPGSV,2,1,06,05,32,104,46,10,00,000,21,18,64,263,44,22,00,000,38*7A
$GPGSV,2,2,06,23,36,320,45,24,75,150,46,,,,,,,,*79
$GPGSV,2,1,06,05,32,104,46,10,00,000,21,18,64,263,44,22,00,000,38*7A
$GPGSV,2,2,06,23,36,320,45,24,75,150,46,,,,,,,,*79
$GPGSV,2,1,06,05,32,104,46,10,00,000,21,18,64,263,44,22,00,000,38*7A
$GPGSV,2,2,06,23,36,320,45,24,75,150,46,,,,,,,,*79
$GPGSV,2,1,06,05,32,104,46,10,00,000,21,18,64,263,44,22,00,000,38*7A
$GPGSV,2,2,06,23,36,320,45,24,75,150,46,,,,,,,,*79
$GPGSV,2,1,06,05,32,104,46,10,00,000,21,18,64,263,44,22,00,000,38*7A
$GPGSV,2,2,06,23,36,320,45,24,75,150,46,,,,,,,,*79
$GPGSV,2,1,06,05,32,104,46,10,00,000,21,18,64,262,44,22,00,000,38*7B
$GPGSV,2,2,06,23,36,320,45,24,75,150,46,,,,,,,,*79
$GPGSV,2,1,06,05,32,104,46,10,00,000,22,18,64,262,44,22,00,000,39*79
$GPGSV,2,2,06,23,36,320,45,24,75,150,46,,,,,,,,*79
$GPGSV,2,1,06,05,32,104,46,10,00,000,22,18,64,262,44,22,00,000,39*79
$GPGSV,2,2,06,23,36,320,45,24,75,150,45,,,,,,,,*7A
$GPGSV,2,1,06,05,32,104,46,10,00,000,22,18,64,262,44,22,00,000,39*79
$GPGSV,2,2,06,23,36,320,45,24,75,150,45,,,,,,,,*7A
$GPGSV,2,1,06,05,32,104,46,10,00,000,23,18,64,262,44,22,00,000,39*78
$GPGSV,2,2,06,23,36,320,45,24,75,150,45,,,,,,,,*7A
$GPGSV,2,1,06,05,32,104,46,10,00,000,23,18,64,262,44,22,00,000,39*78
$GPGSV,2,2,06,23,36,320,45,24,75,150,45,,,,,,,,*7A
$GPGSV,2,1,06,05,32,104,46,10,00,000,23,18,64,262,44,22,00,000,39*78
$GPGSV,2,2,06,23,36,320,45,24,75,150,45,,,,,,,,*7A
$GPGSV,2,1,06,05,32,104,46,10,00,000,23,18,64,262,44,22,00,000,39*78
$GPGSV,2,2,06,23,36,320,45,24,75,150,45,,,,,,,,*7A
$GPGSV,2,1,06,05,32,104,46,10,00,000,24,18,64,262,44,22,00,000,39*7F
$GPGSV,2,2,06,23,36,320,45,24,75,150,45,,,,,,,,*7A
$GPGSV,2,1,06,05,32,104,46,10,00,000,24,18,64,262,44,22,00,000,39*7F
$GPGSV,2,2,06,23,36,320,45,24,75,150,45,,,,,,,,*7A
$GPGSV,2,1,06,05,32,104,46,10,00,000,24,18,64,262,44,22,00,000,39*7F
$GPGSV,2,2,06,23,36,320,45,24,75,150,45,,,,,,,,*7A
$GPGSV,2,1,06,05,32,104,46,10,00,000,24,18,64,262,44,22,00,000,39*7F
$GPGSV,2,2,06,23,36,320,45,24,75,150,45,,,,,,,,*7A
$GPGSV,2,1,06,05,32,104,46,10,00,000,24,18,64,262,44,22,00,000,39*7F
$GPGSV,2,2,06,23,36,320,45,24,75,150,45,,,,,,,,*7A
$GPGSV,2,1,06,05,32,104,46,10,00,000,24,18,64,262,44,22,00,000,39*7F
$GPGSV,2,2,06,23,36,320,45,24,75,150,45,,,,,,,,*7A
$GPGSV,2,1,06,05,32,104,46,10,00,000,25,18,64,262,44,22,00,000,39*7E
$GPGSV,2,2,06,23,36,320,45,24,75,150,45,,,,,,,,*7A
$GPGSV,2,1,06,05,32,104,46,10,00,000,25,18,64,262,44,22,00,000,39*7E
$GPGSV,2,2,06,23,36,320,45,24,75,149,45,,,,,,,,*72
$GPGSV,2,1,06,05,32,104,46,10,00,000,25,18,64,262,44,22,00,000,39*7E
$GPGSV,2,2,06,23,36,320,45,24,75,149,45,,,,,,,,*72
$GPGSV,2,1,06,05,32,104,46,10,00,000,26,18,64,262,44,22,00,000,38*7C
$GPGSV,2,2,06,23,36,320,45,24,75,149,45,,,,,,,,*72
$GPGSV,2,1,06,05,32,104,46,10,00,000,26,18,64,262,44,22,00,000,38*7C
$GPGSV,2,2,06,23,36,320,45,24,75,149,45,,,,,,,,*72
$GPGSV,2,1,06,05,32,104,46,10,00,000,27,18,64,262,44,22,00,000,38*7D
$GPGSV,2,2,06,23,36,320,45,24,75,149,46,,,,,,,,*71
$GPGSV,2,1,06,05,32,104,46,10,00,000,27,18,64,262,44,22,00,000,39*7C
$GPGSV,2,2,06,23,36,320,45,24,75,149,46,,,,,,,,*71
$GPGSV,2,1,06,05,32,104,46,10,00,000,27,18,64,262,44,22,00,000,39*7C
$GPGSV,2,2,06,23,36,320,45,24,75,149,46,,,,,,,,*71
$GPGSV,2,1,06,05,32,104,46,10,00,000,28,18,64,262,44,22,00,000,39*73
$GPGSV,2,2,06,23,36,320,45,24,75,149,46,,,,,,,,*71
$GPGSV,2,1,06,05,32,104,46,10,00,000,28,18,64,262,44,22,00,000,39*73
$GPGSV,2,2,06,23,36,320,45,24,75,149,46,,,,,,,,*71
$GPGSV,2,1,06,05,32,104,46,10,00,000,28,18,64,262,44,22,00,000,38*72
$GPGSV,2,2,06,23,36,320,45,24,75,149,45,,,,,,,,*72
$GPGSV,2,1,06,05,32,104,46,10,00,000,28,18,64,262,44,22,00,000,38*72
$GPGSV,2,2,06,23,36,320,45,24,75,149,45,,,,,,,,*72
$GPGSV,2,1,06,05,32,104,46,10,00,000,28,18,64,262,44,22,00,000,38*72
$GPGSV,2,2,06,23,36,320,45,24,75,149,45,,,,,,,,*72
$GPGSV,2,1,06,05,32,104,46,10,00,000,28,18,64,262,44,22,00,000,38*72
$GPGSV,2,2,06,23,36,320,45,24,75,149,46,,,,,,,,*71
$GPGSV,2,1,06,05,32,104,46,10,00,000,29,18,64,262,44,22,00,000,38*73
$GPGSV,2,2,06,23,36,320,45,24,75,149,46,,,,,,,,*71
$GPGSV,2,1,06,05,32,104,46,10,00,000,29,18,64,262,43,22,00,000,38*74
$GPGSV,2,2,06,23,36,320,45,24,75,149,46,,,,,,,,*71
$GPGSV,2,1,06,05,32,104,46,10,00,000,29,18,64,262,43,22,00,000,38*74
$GPGSV,2,2,06,23,36,320,46,24,75,149,45,,,,,,,,*71
$GPGSV,2,1,06,05,32,104,46,10,00,000,29,18,64,262,43,22,00,000,38*74
$GPGSV,2,2,06,23,36,320,46,24,75,149,45,,,,,,,,*71
$GPGSV,2,1,06,05,32,104,46,10,00,000,29,18,64,262,43,22,00,000,38*74
$GPGSV,2,2,06,23,36,320,46,24,75,149,45,,,,,,,,*71
$GPGSV,2,1,06,05,32,104,46,10,00,000,29,18,64,262,43,22,00,000,38*74
$GPGSV,2,2,06,23,36,320,45,24,75,149,45,,,,,,,,*72
$GPGSV,2,1,06,05,32,104,46,10,00,000,29,18,64,262,43,22,00,000,38*74
$GPGSV,2,2,06,23,36,320,45,24,75,149,45,,,,,,,,*72
$GPGSV,2,1,06,05,32,104,46,10,00,000,28,18,64,262,43,22,00,000,38*75
$GPGSV,2,2,06,23,36,320,45,24,75,149,45,,,,,,,,*72
$GPGSV,2,1,06,05,32,104,46,10,00,000,28,18,64,262,43,22,00,000,38*75
$GPGSV,2,2,06,23,36,320,45,24,75,149,45,,,,,,,,*72
$GPGSV,2,1,06,05,32,104,46,10,00,000,28,18,64,262,43,22,00,000,38*75
$GPGSV,2,2,06,23,36,320,45,24,75,149,45,,,,,,,,*72
$GPGSV,2,1,06,05,32,104,46,10,00,000,28,18,64,262,43,22,00,000,38*75
$GPGSV,2,2,06,23,36,320,45,24,75,149,45,,,,,,,,*72
$GPGSV,2,1,06,05,32,104,46,10,00,000,27,18,64,262,43,22,00,000,38*7A
$GPGSV,2,2,06,23,36,320,45,24,75,149,45,,,,,,,,*72
$GPGSV,2,1,06,05,32,104,46,10,00,000,27,18,64,262,43,22,00,000,38*7A
$GPGSV,2,2,06,23,36,320,45,24,75,149,45,,,,,,,,*72
$GPGSV,2,1,06,05,32,104,46,10,00,000,26,18,64,262,43,22,00,000,38*7B
$GPGSV,2,2,06,23,36,320,45,24,75,149,45,,,,,,,,*72
$GPGSV,2,1,06,05,32,104,46,10,00,000,26,18,64,262,43,22,00,000,38*7B
$GPGSV,2,2,06,23,36,320,45,24,75,149,45,,,,,,,,*72
$GPGSV,2,1,06,05,32,104,46,10,00,000,25,18,64,262,43,22,00,000,38*78
$GPGSV,2,2,06,23,36,320,45,24,75,149,45,,,,,,,,*72
$GPGSV,2,1,06,05,32,104,46,10,00,000,25,18,64,262,43,22,00,000,38*78
$GPGSV,2,2,06,23,36,320,45,24,75,149,45,,,,,,,,*72
$GPGSV,2,1,06,05,32,104,46,10,00,000,25,18,64,262,43,22,00,000,38*78
$GPGSV,2,2,06,23,37,320,45,24,75,149,45,,,,,,,,*73
$GPGSV,2,1,06,05,32,104,46,10,00,000,25,18,64,262,43,22,00,000,38*78
$GPGSV,2,2,06,23,37,320,45,24,75,149,45,,,,,,,,*73
$GPGSV,2,1,06,05,32,104,46,10,00,000,25,18,64,262,43,22,00,000,38*78
$GPGSV,2,2,06,23,37,320,45,24,75,149,45,,,,,,,,*73
$GPGSV,2,1,06,05,32,104,46,10,00,000,25,18,64,262,43,22,00,000,38*78
$GPGSV,2,2,06,23,37,320,45,24,75,149,45,,,,,,,,*73
$GPGSV,2,1,06,05,32,104,46,10,00,000,25,18,64,262,43,22,00,000,38*78
$GPGSV,2,2,06,23,37,320,45,24,75,149,45,,,,,,,,*73
$GPGSV,2,1,06,05,32,104,46,10,00,000,25,18,64,262,43,22,00,000,38*78
$GPGSV,2,2,06,23,37,320,45,24,75,149,45,,,,,,,,*73
$GPGSV,2,1,06,05,32,104,46,10,00,000,25,18,64,262,43,22,00,000,38*78
$GPGSV,2,2,06,23,37,320,45,24,75,149,45,,,,,,,,*73
$GPGSV,2,1,06,05,32,104,46,10,00,000,25,18,64,262,43,22,00,000,38*78
$GPGSV,2,2,06,23,37,320,45,24,75,149,45,,,,,,,,*73
$GPGSV,2,1,06,05,32,104,46,10,00,000,25,18,64,262,43,22,00,000,38*78
$GPGSV,2,2,06,23,37,320,45,24,75,149,46,,,,,,,,*70
$GPGSV,2,1,06,05,32,104,46,10,00,000,26,18,64,262,43,22,00,000,38*7B
$GPGSV,2,2,06,23,37,320,45,24,75,149,46,,,,,,,,*70
$GPGSV,2,1,06,05,32,104,46,10,00,000,26,18,64,262,43,22,00,000,38*7B
$GPGSV,2,2,06,23,37,320,45,24,75,149,46,,,,,,,,*70
$GPGSV,2,1,06,05,32,104,46,10,00,000,27,18,64,262,43,22,00,000,38*7A
$GPGSV,2,2,06,23,37,320,45,24,75,149,46,,,,,,,,*70
$GPGSV,2,1,06,05,32,104,46,10,00,000,27,18,64,262,43,22,00,000,38*7A
$GPGSV,2,2,06,23,37,320,45,24,75,149,46,,,,,,,,*70
$GPGSV,2,1,06,05,32,104,46,10,00,000,27,18,64,262,43,22,00,000,38*7A
$GPGSV,2,2,06,23,37,320,45,24,75,149,46,,,,,,,,*70
$GPGSV,2,1,06,05,32,104,46,10,00,000,28,18,64,262,43,22,00,000,38*75
$GPGSV,2,2,06,23,37,320,45,24,75,149,46,,,,,,,,*70
$GPGSV,2,1,06,05,32,104,46,10,00,000,28,18,64,262,43,22,00,000,38*75
$GPGSV,2,2,06,23,37,320,45,24,75,149,46,,,,,,,,*70
$GPGSV,2,1,06,05,32,104,46,10,00,000,28,18,64,262,43,22,00,000,38*75
$GPGSV,2,2,06,23,37,320,45,24,75,149,46,,,,,,,,*70
$GPGSV,2,1,06,05,32,104,46,10,00,000,28,18,64,262,43,22,00,000,38*75
$GPGSV,2,2,06,23,37,320,45,24,75,149,46,,,,,,,,*70
$GPGSV,2,1,06,05,32,104,46,10,00,000,28,18,64,262,43,22,00,000,38*75
$GPGSV,2,2,06,23,37,320,45,24,75,149,46,,,,,,,,*70
$GPGSV,2,1,06,05,32,104,46,10,00,000,29,18,64,262,43,22,00,000,38*74
$GPGSV,2,2,06,23,37,320,45,24,75,149,46,,,,,,,,*70
$GPGSV,2,1,06,05,32,104,46,10,00,000,29,18,64,262,43,22,00,000,38*74
$GPGSV,2,2,06,23,37,320,45,24,75,149,46,,,,,,,,*70
$GPGSV,2,1,06,05,32,104,46,10,00,000,29,18,64,262,43,22,00,000,38*74
$GPGSV,2,2,06,23,37,320,45,24,75,149,46,,,,,,,,*70
$GPGSV,2,1,06,05,32,104,46,10,00,000,28,18,64,262,43,22,00,000,38*75
$GPGSV,2,2,06,23,37,320,45,24,75,149,46,,,,,,,,*70
$GPGSV,2,1,06,05,32,104,46,10,00,000,28,18,64,262,43,22,00,000,38*75
$GPGSV,2,2,06,23,37,320,45,24,75,149,46,,,,,,,,*70
$GPGSV,2,1,06,05,32,104,46,10,00,000,29,18,64,262,43,22,00,000,37*7B
$GPGSV,2,2,06,23,37,320,45,24,75,149,46,,,,,,,,*70
$GPGSV,2,1,06,05,32,104,46,10,00,000,29,18,64,262,43,22,00,000,37*7B
$GPGSV,2,2,06,23,37,320,45,24,75,149,46,,,,,,,,*70
$GPGSV,2,1,06,05,32,104,46,10,00,000,29,18,64,262,43,22,00,000,37*7B
$GPGSV,2,2,06,23,37,320,45,24,75,149,46,,,,,,,,*70
$GPGSV,2,1,06,05,32,104,46,10,00,000,29,18,64,262,43,22,00,000,37*7B
$GPGSV,2,2,06,23,37,320,45,24,75,149,46,,,,,,,,*70
$GPGSV,2,1,06,05,32,104,46,10,00,000,29,18,64,262,44,22,00,000,37*7C
$GPGSV,2,2,06,23,37,320,45,24,75,149,46,,,,,,,,*70
$GPGSV,2,1,06,05,32,104,46,10,00,000,29,18,64,262,44,22,00,000,37*7C
$GPGSV,2,2,06,23,37,320,45,24,75,149,46,,,,,,,,*70
$GPGSV,2,1,06,05,32,104,46,10,00,000,29,18,64,262,44,22,00,000,38*73
$GPGSV,2,2,06,23,37,320,45,24,75,149,46,,,,,,,,*70
$GPGSV,2,1,06,05,32,104,46,10,00,000,29,18,64,262,44,22,00,000,38*73
$GPGSV,2,2,06,23,37,320,45,24,75,149,46,,,,,,,,*70
$GPGSV,2,1,06,05,32,104,46,10,00,000,29,18,64,262,44,22,00,000,38*73
$GPGSV,2,2,06,23,37,320,44,24,75,149,46,,,,,,,,*71
$GPGSV,2,1,06,05,32,104,46,10,00,000,29,18,64,262,44,22,00,000,38*73
$GPGSV,2,2,06,23,37,320,44,24,75,149,46,,,,,,,,*71
$GPGSV,2,1,06,05,32,104,46,10,00,000,29,18,64,262,44,22,00,000,38*73
$GPGSV,2,2,06,23,37,320,44,24,75,149,46,,,,,,,,*71
$GPGSV,2,1,06,05,32,104,46,10,00,000,29,18,64,262,44,22,00,000,38*73
$GPGSV,2,2,06,23,37,320,44,24,75,149,46,,,,,,,,*71
$GPGSV,2,1,06,05,32,104,46,10,00,000,29,18,64,262,44,22,00,000,38*73
$GPGSV,2,2,06,23,37,320,44,24,75,149,46,,,,,,,,*71
$GPGSV,2,1,06,05,32,104,46,10,00,000,29,18,64,262,44,22,00,000,38*73
$GPGSV,2,2,06,23,37,320,44,24,75,149,46,,,,,,,,*71
$GPGSV,2,1,06,05,32,104,46,10,00,000,28,18,64,262,44,22,00,000,38*72
$GPGSV,2,2,06,23,37,320,44,24,75,149,46,,,,,,,,*71
$GPGSV,2,1,06,05,32,104,46,10,00,000,28,18,64,262,44,22,00,000,38*72
$GPGSV,2,2,06,23,37,320,44,24,75,149,46,,,,,,,,*71
$GPGSV,2,1,06,05,32,104,46,10,00,000,28,18,64,262,44,22,00,000,38*72
$GPGSV,2,2,06,23,37,320,44,24,75,149,46,,,,,,,,*71
$GPGSV,2,1,06,05,32,104,46,10,00,000,28,18,64,262,44,22,00,000,38*72
$GPGSV,2,2,06,23,37,320,44,24,75,149,46,,,,,,,,*71
$GPGSV,2,1,06,05,32,104,46,10,00,000,28,18,64,262,44,22,00,000,38*72
$GPGSV,2,2,06,23,37,320,44,24,75,149,46,,,,,,,,*71
$GPGSV,2,1,06,05,32,104,46,10,00,000,28,18,64,262,44,22,00,000,38*72
$GPGSV,2,2,06,23,37,320,44,24,75,149,46,,,,,,,,*71
$GPGSV,2,1,06,05,32,104,46,10,00,000,28,18,64,262,44,22,00,000,38*72
$GPGSV,2,2,06,23,37,320,44,24,75,149,46,,,,,,,,*71
$GPGSV,2,1,06,05,32,104,46,10,00,000,28,18,64,262,44,22,00,000,38*72
$GPGSV,2,2,06,23,37,320,44,24,75,149,46,,,,,,,,*71
$GPGSV,2,1,06,05,32,104,46,10,00,000,27,18,64,262,44,22,00,000,38*7D
$GPGSV,2,2,06,23,37,320,44,24,75,149,46,,,,,,,,*71
$GPGSV,2,1,06,05,32,104,46,10,00,000,28,18,64,262,44,22,00,000,38*72
$GPGSV,2,2,06,23,37,320,44,24,75,149,46,,,,,,,,*71
$GPGSV,2,1,06,05,32,104,46,10,00,000,28,18,64,262,44,22,00,000,38*72
$GPGSV,2,2,06,23,37,320,44,24,75,149,46,,,,,,,,*71
$GPGSV,2,1,06,05,32,104,46,10,00,000,28,18,64,262,44,22,00,000,38*72
$GPGSV,2,2,06,23,37,320,44,24,75,149,46,,,,,,,,*71
$GPGSV,2,1,06,05,32,104,46,10,00,000,28,18,64,262,44,22,00,000,38*72
$GPGSV,2,2,06,23,37,321,44,24,75,149,46,,,,,,,,*70
$GPGSV,2,1,06,05,32,104,46,10,00,000,28,18,64,262,44,22,00,000,38*72
$GPGSV,2,2,06,23,37,321,44,24,75,149,46,,,,,,,,*70
$GPGSV,2,1,06,05,32,104,46,10,00,000,28,18,64,262,44,22,00,000,38*72
$GPGSV,2,2,06,23,37,321,44,24,75,149,46,,,,,,,,*70
$GPGSV,2,1,06,05,32,104,46,10,00,000,29,18,64,262,44,22,00,000,38*73
$GPGSV,2,2,06,23,37,321,44,24,75,149,46,,,,,,,,*70
$GPGSV,2,1,06,05,32,104,46,10,00,000,29,18,64,262,44,22,00,000,38*73
$GPGSV,2,2,06,23,37,321,44,24,75,149,46,,,,,,,,*70
$GPGSV,2,1,06,05,32,104,46,10,00,000,29,18,64,262,44,22,00,000,38*73
$GPGSV,2,2,06,23,37,321,44,24,75,149,46,,,,,,,,*70
$GPGSV,2,1,06,05,32,104,46,10,00,000,29,18,64,262,44,22,00,000,38*73
$GPGSV,2,2,06,23,37,321,44,24,75,149,46,,,,,,,,*70
$GPGSV,2,1,06,05,32,104,46,10,00,000,29,18,64,262,44,22,00,000,38*73
$GPGSV,2,2,06,23,37,321,44,24,75,149,46,,,,,,,,*70
$GPGSV,2,1,06,05,32,104,46,10,00,000,29,18,64,262,44,22,00,000,38*73
$GPGSV,2,2,06,23,37,321,44,24,75,149,46,,,,,,,,*70
$GPGSV,2,1,06,05,32,104,46,10,00,000,28,18,64,262,44,22,00,000,38*72
$GPGSV,2,2,06,23,37,321,44,24,75,149,46,,,,,,,,*70
$GPGSV,2,1,06,05,32,104,46,10,00,000,28,18,64,262,44,22,00,000,38*72
$GPGSV,2,2,06,23,37,321,44,24,75,149,46,,,,,,,,*70
$GPGSV,2,1,06,05,32,104,46,10,00,000,28,18,64,262,44,22,00,000,38*72
$GPGSV,2,2,06,23,37,321,44,24,75,149,46,,,,,,,,*70
$GPGSV,2,1,06,05,32,104,46,10,00,000,28,18,64,262,44,22,00,000,38*72
$GPGSV,2,2,06,23,37,321,44,24,75,149,46,,,,,,,,*70
$GPGSV,2,1,06,05,32,104,46,10,00,000,27,18,64,262,44,22,00,000,38*7D
$GPGSV,2,2,06,23,37,321,44,24,75,149,46,,,,,,,,*70
$GPGSV,2,1,06,05,32,104,46,10,00,000,27,18,64,262,44,22,00,000,38*7D
$GPGSV,2,2,06,23,37,321,44,24,75,149,46,,,,,,,,*70
$GPGSV,2,1,06,05,32,104,46,10,00,000,27,18,64,262,44,22,00,000,38*7D
$GPGSV,2,2,06,23,37,321,44,24,75,149,46,,,,,,,,*70
$GPGSV,2,1,06,05,32,104,46,10,00,000,27,18,64,262,44,22,00,000,38*7D
$GPGSV,2,2,06,23,37,321,44,24,75,149,46,,,,,,,,*70
$GPGSV,2,1,06,05,32,104,46,10,00,000,27,18,64,262,44,22,00,000,38*7D
$GPGSV,2,2,06,23,37,321,44,24,75,149,46,,,,,,,,*70
$GPGSV,2,1,06,05,32,104,46,10,00,000,27,18,64,262,44,22,00,000,38*7D
$GPGSV,2,2,06,23,37,321,44,24,75,149,46,,,,,,,,*70
$GPGSV,2,1,06,05,32,104,46,10,00,000,27,18,64,262,44,22,00,000,38*7D
$GPGSV,2,2,06,23,37,321,44,24,75,149,46,,,,,,,,*70
$GPGSV,2,1,06,05,32,104,46,10,00,000,27,18,64,262,44,22,00,000,38*7D
$GPGSV,2,2,06,23,37,321,44,24,75,149,46,,,,,,,,*70
$GPGSV,2,1,06,05,32,104,46,10,00,000,27,18,64,262,44,22,00,000,38*7D
$GPGSV,2,2,06,23,37,321,44,24,75,149,46,,,,,,,,*70
$GPGSV,2,1,06,05,32,104,46,10,00,000,27,18,64,262,44,22,00,000,38*7D
$GPGSV,2,2,06,23,37,321,44,24,75,149,46,,,,,,,,*70
$GPGSV,2,1,06,05,32,104,46,10,00,000,27,18,64,262,44,22,00,000,38*7D
$GPGSV,2,2,06,23,37,321,44,24,75,149,46,,,,,,,,*70
$GPGSV,2,1,06,05,32,104,46,10,00,000,27,18,64,262,44,22,00,000,39*7C
$GPGSV,2,2,06,23,37,321,44,24,75,149,46,,,,,,,,*70
$GPGSV,2,1,06,05,32,104,46,10,00,000,28,18,64,262,44,22,00,000,39*73
$GPGSV,2,2,06,23,37,321,45,24,75,149,46,,,,,,,,*71
$GPGSV,2,1,06,05,32,104,46,10,00,000,28,18,64,262,44,22,00,000,39*73
$GPGSV,2,2,06,23,37,321,45,24,75,149,46,,,,,,,,*71
$GPGSV,2,1,06,05,32,104,46,10,00,000,28,18,64,262,44,22,00,000,39*73
$GPGSV,2,2,06,23,37,321,45,24,75,149,46,,,,,,,,*71
$GPGSV,2,1,06,05,32,104,46,10,00,000,28,18,64,262,44,22,00,000,39*73
$GPGSV,2,2,06,23,37,321,45,24,75,149,46,,,,,,,,*71
$GPGSV,2,1,06,05,32,104,46,10,00,000,28,18,64,262,44,22,00,000,39*73
$GPGSV,2,2,06,23,37,321,45,24,75,149,46,,,,,,,,*71
$GPGSV,2,1,06,05,32,104,46,10,00,000,29,18,64,262,44,22,00,000,39*72
$GPGSV,2,2,06,23,37,321,45,24,75,149,46,,,,,,,,*71
$GPGSV,2,1,06,05,32,104,46,10,00,000,29,18,64,262,44,22,00,000,39*72
$GPGSV,2,2,06,23,37,321,45,24,75,149,46,,,,,,,,*71
$GPGSV,2,1,06,05,32,104,46,10,00,000,29,18,64,262,44,22,00,000,39*72
$GPGSV,2,2,06,23,37,321,45,24,75,149,46,,,,,,,,*71
$GPGSV,2,1,06,05,32,104,46,10,00,000,29,18,64,262,44,22,00,000,39*72
$GPGSV,2,2,06,23,37,321,45,24,75,149,46,,,,,,,,*71
$GPGSV,2,1,06,05,32,104,46,10,00,000,29,18,64,262,45,22,00,000,39*73
$GPGSV,2,2,06,23,37,321,45,24,75,149,46,,,,,,,,*71
$GPGSV,2,1,06,05,32,104,46,10,00,000,29,18,64,262,44,22,00,000,39*72
$GPGSV,2,2,06,23,37,321,45,24,75,149,46,,,,,,,,*71
$GPGSV,2,1,06,05,32,104,46,10,00,000,29,18,64,262,44,22,00,000,39*72
$GPGSV,2,2,06,23,37,321,45,24,75,149,46,,,,,,,,*71
$GPGSV,2,1,06,05,32,104,46,10,00,000,29,18,64,262,45,22,00,000,39*73
$GPGSV,2,2,06,23,37,321,45,24,75,149,46,,,,,,,,*71
$GPGSV,2,1,06,05,32,104,46,10,00,000,29,18,64,262,45,22,00,000,39*73
$GPGSV,2,2,06,23,37,321,45,24,75,149,46,,,,,,,,*71
$GPGSV,2,1,06,05,32,104,46,10,00,000,29,18,64,262,45,22,00,000,39*73
$GPGSV,2,2,06,23,37,321,45,24,75,149,46,,,,,,,,*71
$GPGSV,2,1,06,05,32,104,46,10,00,000,29,18,64,262,45,22,00,000,39*73
$GPGSV,2,2,06,23,37,321,45,24,75,149,46,,,,,,,,*71
$GPGSV,2,1,06,05,32,104,46,10,00,000,29,18,64,262,45,22,00,000,39*73
$GPGSV,2,2,06,23,37,321,45,24,75,149,46,,,,,,,,*71
$GPGSV,2,1,06,05,32,104,46,10,00,000,30,18,64,262,45,22,00,000,39*7B
$GPGSV,2,2,06,23,37,321,45,24,75,149,46,,,,,,,,*71
$GPGSV,2,1,06,05,32,104,46,10,00,000,30,18,64,262,45,22,00,000,39*7B
$GPGSV,2,2,06,23,37,321,45,24,75,149,46,,,,,,,,*71
$GPGSV,2,1,06,05,32,104,47,10,00,000,30,18,64,262,45,22,00,000,39*7A
$GPGSV,2,2,06,23,37,321,45,24,75,149,46,,,,,,,,*71
$GPGSV,2,1,06,05,32,104,47,10,00,000,30,18,64,262,45,22,00,000,39*7A
$GPGSV,2,2,06,23,37,321,46,24,75,149,46,,,,,,,,*72
$GPGSV,2,1,06,05,32,104,47,10,00,000,30,18,64,262,45,22,00,000,39*7A
$GPGSV,2,2,06,23,37,321,46,24,75,149,46,,,,,,,,*72
$GPGSV,2,1,06,05,32,104,47,10,00,000,29,18,64,262,45,22,00,000,39*72
$GPGSV,2,2,06,23,37,321,46,24,75,149,46,,,,,,,,*72
$GPGSV,2,1,06,05,32,104,47,10,00,000,29,18,64,262,45,22,00,000,39*72
$GPGSV,2,2,06,23,37,321,46,24,75,149,46,,,,,,,,*72
$GPGSV,2,1,06,05,32,104,47,10,00,000,29,18,64,262,45,22,00,000,39*72
$GPGSV,2,2,06,23,37,321,46,24,75,149,46,,,,,,,,*72
$GPGSV,2,1,06,05,32,104,46,10,00,000,29,18,64,262,45,22,00,000,39*73
$GPGSV,2,2,06,23,37,321,46,24,75,149,46,,,,,,,,*72
$GPGSV,2,1,06,05,32,104,46,10,00,000,28,18,64,262,45,22,00,000,39*72
$GPGSV,2,2,06,23,37,321,46,24,75,149,46,,,,,,,,*72
$GPGSV,2,1,06,05,32,104,46,10,00,000,28,18,64,262,45,22,00,000,39*72
$GPGSV,2,2,06,23,37,321,46,24,75,149,46,,,,,,,,*72
$GPGSV,2,1,06,05,32,104,46,10,00,000,28,18,64,262,45,22,00,000,39*72
$GPGSV,2,2,06,23,37,321,46,24,75,149,46,,,,,,,,*72
$GPGSV,2,1,06,05,32,104,46,10,00,000,28,18,64,262,45,22,00,000,39*72
$GPGSV,2,2,06,23,37,321,46,24,75,149,46,,,,,,,,*72
$GPGSV,2,1,06,05,32,104,46,10,00,000,28,18,64,262,45,22,00,000,39*72
$GPGSV,2,2,06,23,37,321,46,24,75,149,46,,,,,,,,*72
$GPGSV,2,1,06,05,32,104,46,10,00,000,28,18,64,262,45,22,00,000,39*72
$GPGSV,2,2,06,23,37,321,46,24,75,149,46,,,,,,,,*72
$GPGSV,2,1,06,05,32,104,46,10,00,000,28,18,64,262,45,22,00,000,38*73
$GPGSV,2,2,06,23,37,321,46,24,75,149,46,,,,,,,,*72
$GPGSV,2,1,06,05,32,104,46,10,00,000,28,18,64,262,45,22,00,000,38*73
$GPGSV,2,2,06,23,37,321,46,24,75,149,46,,,,,,,,*72
$GPGSV,2,1,06,05,32,104,47,10,00,000,28,18,64,262,45,22,00,000,38*72
$GPGSV,2,2,06,23,37,321,46,24,75,149,46,,,,,,,,*72
$GPGSV,2,1,06,05,32,104,47,10,00,000,27,18,64,262,45,22,00,000,38*7D
$GPGSV,2,2,06,23,37,321,46,24,75,149,46,,,,,,,,*72
$GPGSV,2,1,06,05,32,104,47,10,00,000,27,18,64,262,45,22,00,000,38*7D
$GPGSV,2,2,06,23,37,321,46,24,75,149,46,,,,,,,,*72
$GPGSV,2,1,06,05,32,104,47,10,00,000,27,18,64,262,45,22,00,000,38*7D
$GPGSV,2,2,06,23,37,321,46,24,75,149,46,,,,,,,,*72
$GPGSV,2,1,06,05,32,104,47,10,00,000,27,18,64,262,45,22,00,000,38*7D
$GPGSV,2,2,06,23,37,321,46,24,75,149,46,,,,,,,,*72
$GPGSV,2,1,06,05,32,104,47,10,00,000,27,18,64,262,45,22,00,000,38*7D
$GPGSV,2,2,06,23,37,321,46,24,75,149,46,,,,,,,,*72
$GPGSV,2,1,06,05,32,104,47,10,00,000,27,18,64,262,45,22,00,000,38*7D
$GPGSV,2,2,06,23,37,321,46,24,75,149,46,,,,,,,,*72
$GPGSV,2,1,06,05,32,104,47,10,00,000,27,18,64,262,45,22,00,000,38*7D
$GPGSV,2,2,06,23,37,321,46,24,75,149,46,,,,,,,,*72
$GPGSV,2,1,06,05,32,104,47,10,00,000,27,18,64,262,45,22,00,000,38*7D
$GPGSV,2,2,06,23,37,321,46,24,75,149,46,,,,,,,,*72
$GPGSV,2,1,06,05,32,104,47,10,00,000,27,18,64,262,45,22,00,000,38*7D
$GPGSV,2,2,06,23,37,321,46,24,75,149,46,,,,,,,,*72
$GPGSV,2,1,06,05,32,104,46,10,00,000,26,18,64,262,45,22,00,000,38*7D
$GPGSV,2,2,06,23,37,321,46,24,75,149,46,,,,,,,,*72
$GPGSV,2,1,06,05,32,104,46,10,00,000,26,18,64,262,45,22,00,000,38*7D
$GPGSV,2,2,06,23,37,321,46,24,75,149,46,,,,,,,,*72
$GPGSV,2,1,06,05,32,104,46,10,00,000,26,18,64,262,45,22,00,000,38*7D
$GPGSV,2,2,06,23,37,321,46,24,75,149,46,,,,,,,,*72
$GPGSV,2,1,06,05,32,104,46,10,00,000,26,18,64,262,45,22,00,000,38*7D
$GPGSV,2,2,06,23,37,321,46,24,75,149,46,,,,,,,,*72
$GPGSV,2,1,06,05,32,104,47,10,00,000,26,18,64,262,45,22,00,000,38*7C
$GPGSV,2,2,06,23,37,321,46,24,75,149,46,,,,,,,,*72
$GPGSV,2,1,06,05,32,104,47,10,00,000,26,18,64,262,45,22,00,000,38*7C
$GPGSV,2,2,06,23,37,321,46,24,75,149,46,,,,,,,,*72
$GPGSV,2,1,06,05,32,104,47,10,00,000,26,18,64,262,45,22,00,000,38*7C
$GPGSV,2,2,06,23,37,321,46,24,75,149,46,,,,,,,,*72
$GPGSV,2,1,06,05,32,104,47,10,00,000,26,18,64,262,45,22,00,000,38*7C
$GPGSV,2,2,06,23,37,321,46,24,75,149,46,,,,,,,,*72
$GPGSV,2,1,06,05,32,104,47,10,00,000,26,18,64,262,45,22,00,000,38*7C
$GPGSV,2,2,06,23,37,321,46,24,75,149,46,,,,,,,,*72
$GPGSV,2,1,06,05,32,104,47,10,00,000,26,18,64,262,45,22,00,000,38*7C
$GPGSV,2,2,06,23,37,321,46,24,75,149,46,,,,,,,,*72
$GPGSV,2,1,06,05,32,104,47,10,00,000,25,18,64,262,45,22,00,000,38*7F
$GPGSV,2,2,06,23,37,321,46,24,75,149,46,,,,,,,,*72
$GPGSV,2,1,06,05,32,104,47,10,00,000,25,18,64,262,45,22,00,000,38*7F
$GPGSV,2,2,06,23,37,321,46,24,75,149,46,,,,,,,,*72
$GPGSV,2,1,06,05,32,104,47,10,00,000,25,18,64,262,45,22,00,000,38*7F
$GPGSV,2,2,06,23,37,321,46,24,75,149,46,,,,,,,,*72
$GPGSV,2,1,06,05,32,104,47,10,00,000,25,18,64,262,45,22,00,000,39*7E
$GPGSV,2,2,06,23,37,321,46,24,75,149,46,,,,,,,,*72
$GPGSV,2,1,06,05,32,104,47,10,00,000,25,18,64,262,45,22,00,000,39*7E
$GPGSV,2,2,06,23,37,321,46,24,75,149,46,,,,,,,,*72
$GPGSV,2,1,06,05,32,104,47,10,00,000,25,18,64,262,45,22,00,000,39*7E
$GPGSV,2,2,06,23,37,321,46,24,75,149,47,,,,,,,,*73
$GPGSV,2,1,06,05,32,104,47,10,00,000,25,18,64,262,45,22,00,000,39*7E
$GPGSV,2,2,06,23,37,321,46,24,75,149,47,,,,,,,,*73
$GPGSV,2,1,06,05,32,104,47,10,00,000,26,18,64,262,45,22,00,000,39*7D
$GPGSV,2,2,06,23,37,321,46,24,75,149,47,,,,,,,,*73
$GPGSV,2,1,06,05,32,104,47,10,00,000,26,18,64,262,45,22,00,000,39*7D
$GPGSV,2,2,06,23,37,321,46,24,75,149,47,,,,,,,,*73
$GPGSV,2,1,05,05,32,104,47,18,64,262,45,22,00,000,39,23,37,321,46*7C
$GPGSV,2,2,05,24,75,149,47,,,,,,,,,,,,*47
$GPGSV,2,1,05,05,32,104,47,18,64,262,45,22,00,000,39,23,37,321,46*7C
$GPGSV,2,2,05,24,75,149,47,,,,,,,,,,,,*47
$GPGSV,2,1,05,05,32,104,47,18,64,262,45,22,00,000,39,23,37,321,46*7C
$GPGSV,2,2,05,24,75,149,47,,,,,,,,,,,,*47
$GPGSV,2,1,05,05,32,104,47,18,64,262,45,22,00,000,39,23,37,321,46*7C
$GPGSV,2,2,05,24,75,149,46,,,,,,,,,,,,*46
$GPGSV,2,1,05,05,32,104,47,18,64,262,45,22,00,000,39,23,37,321,46*7C
$GPGSV,2,2,05,24,75,149,46,,,,,,,,,,,,*46
$GPGSV,2,1,05,05,32,104,47,18,64,262,45,22,00,000,39,23,37,321,46*7C
$GPGSV,2,2,05,24,75,149,46,,,,,,,,,,,,*46
$GPGSV,2,1,05,05,32,104,47,18,64,262,45,22,00,000,39,23,37,321,46*7C
$GPGSV,2,2,05,24,75,149,46,,,,,,,,,,,,*46
$GPGSV,2,1,05,05,32,104,47,18,64,262,45,22,00,000,39,23,37,321,46*7C
$GPGSV,2,2,05,24,75,149,46,,,,,,,,,,,,*46
$GPGSV,2,1,05,05,32,104,47,18,64,262,45,22,00,000,39,23,37,321,46*7C
$GPGSV,2,2,05,24,75,149,46,,,,,,,,,,,,*46
$GPGSV,2,1,05,05,32,104,47,18,64,262,45,22,00,000,39,23,37,321,46*7C
$GPGSV,2,2,05,24,75,149,46,,,,,,,,,,,,*46
$GPGSV,2,1,06,05,32,104,47,10,00,000,32,18,64,262,45,22,00,000,39*78
$GPGSV,2,2,06,23,37,321,46,24,75,149,46,,,,,,,,*72
$GPGSV,2,1,06,05,32,104,47,10,00,000,32,18,64,262,45,22,00,000,39*78
$GPGSV,2,2,06,23,37,321,46,24,75,149,46,,,,,,,,*72
$GPGSV,2,1,06,05,32,104,47,10,00,000,31,18,64,262,45,22,00,000,40*75
$GPGSV,2,2,06,23,37,321,46,24,75,149,46,,,,,,,,*72
$GPGSV,2,1,06,05,32,104,47,10,00,000,31,18,64,262,45,22,00,000,40*75
$GPGSV,2,2,06,23,37,321,46,24,75,149,46,,,,,,,,*72
$GPGSV,2,1,06,05,32,104,47,10,00,000,30,18,64,262,45,22,00,000,40*74
$GPGSV,2,2,06,23,37,321,46,24,75,149,46,,,,,,,,*72
$GPGSV,2,1,06,05,32,104,47,10,00,000,30,18,64,262,45,22,00,000,40*74
$GPGSV,2,2,06,23,37,321,46,24,75,149,46,,,,,,,,*72
$GPGSV,2,1,06,05,32,104,47,10,00,000,30,18,64,262,45,22,00,000,40*74
$GPGSV,2,2,06,23,37,321,46,24,75,149,46,,,,,,,,*72
$GPGSV,2,1,06,05,32,104,47,10,00,000,30,18,64,262,45,22,00,000,40*74
$GPGSV,2,2,06,23,37,321,46,24,75,149,46,,,,,,,,*72
$GPGSV,2,1,06,05,32,104,47,10,00,000,30,18,64,262,45,22,00,000,40*74
$GPGSV,2,2,06,23,37,321,46,24,75,149,46,,,,,,,,*72
$GPGSV,2,1,06,05,32,104,47,10,00,000,30,18,64,262,45,22,00,000,40*74
$GPGSV,2,2,06,23,37,321,46,24,75,149,46,,,,,,,,*72
$GPGSV,2,1,06,05,32,104,47,10,00,000,30,18,64,262,45,22,00,000,40*74
$GPGSV,2,2,06,23,37,321,46,24,75,149,46,,,,,,,,*72
$GPGSV,2,1,06,05,32,104,47,10,00,000,30,18,64,262,45,22,00,000,40*74
$GPGSV,2,2,06,23,37,321,46,24,75,149,46,,,,,,,,*72
$GPGSV,2,1,06,05,32,104,47,10,00,000,30,18,64,262,45,22,00,000,40*74
$GPGSV,2,2,06,23,37,321,46,24,75,149,46,,,,,,,,*72
$GPGSV,2,1,06,05,32,104,47,10,00,000,29,18,64,262,45,22,00,000,40*7C
$GPGSV,2,2,06,23,37,321,46,24,75,149,46,,,,,,,,*72
$GPGSV,2,1,06,05,32,104,47,10,00,000,29,18,64,262,45,22,00,000,40*7C
$GPGSV,2,2,06,23,37,321,46,24,75,149,46,,,,,,,,*72
$GPGSV,2,1,06,05,32,104,47,10,00,000,28,18,64,262,45,22,00,000,40*7D
$GPGSV,2,2,06,23,37,321,46,24,75,149,46,,,,,,,,*72
$GPGSV,2,1,06,05,32,104,47,10,00,000,27,18,64,262,45,22,00,000,40*72
$GPGSV,2,2,06,23,37,321,46,24,75,149,46,,,,,,,,*72
$GPGSV,2,1,06,05,32,104,47,10,00,000,27,18,64,262,45,22,00,000,40*72
$GPGSV,2,2,06,23,37,321,46,24,75,149,46,,,,,,,,*72
$GPGSV,2,1,06,05,32,104,47,10,00,000,27,18,64,262,45,22,00,000,40*72
$GPGSV,2,2,06,23,37,321,46,24,75,149,46,,,,,,,,*72
$GPGSV,2,1,06,05,32,104,47,10,00,000,27,18,64,262,45,22,00,000,40*72
$GPGSV,2,2,06,23,37,321,46,24,75,149,46,,,,,,,,*72
$GPGSV,2,1,06,05,32,104,47,10,00,000,27,18,64,262,45,22,00,000,40*72
$GPGSV,2,2,06,23,37,321,46,24,75,149,46,,,,,,,,*72
$GPGSV,2,1,06,05,32,104,47,10,00,000,26,18,64,262,45,22,00,000,40*73
$GPGSV,2,2,06,23,37,321,46,24,75,149,46,,,,,,,,*72
$GPGSV,2,1,06,05,32,104,47,10,00,000,26,18,64,262,45,22,00,000,40*73
$GPGSV,2,2,06,23,37,321,46,24,75,149,46,,,,,,,,*72
$GPGSV,2,1,06,05,32,104,47,10,00,000,26,18,64,262,45,22,00,000,40*73
$GPGSV,2,2,06,23,37,321,45,24,75,149,46,,,,,,,,*71
$GPGSV,2,1,06,05,32,104,47,10,00,000,25,18,64,262,45,22,00,000,41*71
$GPGSV,2,2,06,23,37,321,45,24,75,149,46,,,,,,,,*71
$GPGSV,2,1,06,05,32,104,47,10,00,000,25,18,64,262,45,22,00,000,41*71
$GPGSV,2,2,06,23,37,321,45,24,75,149,46,,,,,,,,*71
$GPGSV,2,1,06,05,32,104,47,10,00,000,25,18,64,262,45,22,00,000,41*71
$GPGSV,2,2,06,23,37,321,45,24,75,149,46,,,,,,,,*71
$GPGSV,2,1,06,05,32,104,47,10,00,000,25,18,64,262,45,22,00,000,41*71
$GPGSV,2,2,06,23,37,321,45,24,75,149,46,,,,,,,,*71
$GPGSV,2,1,06,05,32,104,47,10,00,000,25,18,64,262,45,22,00,000,41*71
$GPGSV,2,2,06,23,37,321,45,24,75,149,46,,,,,,,,*71
$GPGSV,2,1,06,05,32,104,47,10,00,000,25,18,64,262,45,22,00,000,41*71
$GPGSV,2,2,06,23,37,321,45,24,75,149,46,,,,,,,,*71
$GPGSV,2,1,06,05,32,104,47,10,00,000,24,18,64,262,45,22,00,000,41*70
$GPGSV,2,2,06,23,37,321,45,24,75,149,46,,,,,,,,*71
$GPGSV,2,1,06,05,32,104,47,10,00,000,24,18,64,262,45,22,00,000,41*70
$GPGSV,2,2,06,23,37,321,45,24,75,149,46,,,,,,,,*71
$GPGSV,2,1,06,05,32,104,47,10,00,000,24,18,64,262,45,22,00,000,41*70
$GPGSV,2,2,06,23,37,321,45,24,75,149,46,,,,,,,,*71
$GPGSV,2,1,06,05,32,104,47,10,00,000,24,18,64,262,45,22,00,000,41*70
$GPGSV,2,2,06,23,37,321,45,24,75,149,47,,,,,,,,*70
$GPGSV,2,1,06,05,32,104,47,10,00,000,25,18,64,262,45,22,00,000,41*71
$GPGSV,2,2,06,23,37,321,45,24,75,149,47,,,,,,,,*70
$GPGSV,2,1,06,05,32,104,47,10,00,000,25,18,64,262,45,22,00,000,41*71
$GPGSV,2,2,06,23,37,321,45,24,75,149,47,,,,,,,,*70
$GPGSV,2,1,06,05,32,104,47,10,00,000,25,18,64,262,45,22,00,000,41*71
$GPGSV,2,2,06,23,37,321,45,24,75,149,47,,,,,,,,*70
$GPGSV,2,1,06,05,32,104,47,10,00,000,25,18,64,262,45,22,00,000,41*71
$GPGSV,2,2,06,23,37,321,45,24,75,149,47,,,,,,,,*70
$GPGSV,2,1,06,05,32,104,47,10,00,000,25,18,64,262,45,22,00,000,41*71
$GPGSV,2,2,06,23,37,321,45,24,75,149,47,,,,,,,,*70
$GPGSV,2,1,06,05,32,104,47,10,00,000,26,18,64,262,45,22,00,000,41*72
$GPGSV,2,2,06,23,37,321,45,24,75,149,47,,,,,,,,*70
$GPGSV,2,1,06,05,32,104,47,10,00,000,26,18,64,262,45,22,00,000,41*72
$GPGSV,2,2,06,23,37,321,45,24,75,149,47,,,,,,,,*70
$GPGSV,2,1,06,05,32,104,47,10,00,000,27,18,64,262,45,22,00,000,41*73
$GPGSV,2,2,06,23,37,321,45,24,75,149,47,,,,,,,,*70
$GPGSV,2,1,06,05,32,104,47,10,00,000,27,18,64,262,45,22,00,000,41*73
$GPGSV,2,2,06,23,37,321,45,24,75,148,47,,,,,,,,*71
$GPGSV,2,1,06,05,32,104,47,10,00,000,27,18,64,262,45,22,00,000,41*73
$GPGSV,2,2,06,23,37,321,45,24,75,148,47,,,,,,,,*71
$GPGSV,2,1,06,05,32,104,47,10,00,000,28,18,64,262,45,22,00,000,41*7C
$GPGSV,2,2,06,23,37,321,45,24,75,148,47,,,,,,,,*71
$GPGSV,2,1,06,05,32,104,47,10,00,000,28,18,64,262,45,22,00,000,41*7C
$GPGSV,2,2,06,23,37,321,45,24,75,148,47,,,,,,,,*71
$GPGSV,2,1,06,05,32,104,47,10,00,000,28,18,64,262,45,22,00,000,41*7C
$GPGSV,2,2,06,23,37,321,45,24,75,148,47,,,,,,,,*71
$GPGSV,2,1,06,05,32,104,47,10,00,000,28,18,64,262,45,22,00,000,41*7C
$GPGSV,2,2,06,23,37,321,45,24,75,148,47,,,,,,,,*71
$GPGSV,2,1,06,05,32,104,47,10,00,000,28,18,64,262,45,22,00,000,41*7C
$GPGSV,2,2,06,23,37,321,45,24,75,148,47,,,,,,,,*71
$GPGSV,2,1,06,05,32,104,47,10,00,000,28,18,64,262,45,22,00,000,41*7C
$GPGSV,2,2,06,23,37,321,45,24,75,148,47,,,,,,,,*71
$GPGSV,2,1,06,05,32,104,47,10,00,000,28,18,64,262,45,22,00,000,41*7C
$GPGSV,2,2,06,23,37,321,45,24,75,148,47,,,,,,,,*71
$GPGSV,2,1,06,05,32,104,47,10,00,000,29,18,64,262,45,22,00,000,41*7D
$GPGSV,2,2,06,23,37,321,46,24,75,148,47,,,,,,,,*72
$GPGSV,2,1,06,05,32,104,47,10,00,000,28,18,64,262,45,22,00,000,41*7C
$GPGSV,2,2,06,23,37,321,46,24,75,148,47,,,,,,,,*72
$GPGSV,2,1,06,05,32,104,47,10,00,000,28,18,64,262,45,22,00,000,41*7C
$GPGSV,2,2,06,23,37,321,46,24,75,148,47,,,,,,,,*72
$GPGSV,2,1,06,05,32,104,47,10,00,000,28,18,64,262,45,22,00,000,41*7C
$GPGSV,2,2,06,23,37,321,46,24,75,148,47,,,,,,,,*72
$GPGSV,2,1,06,05,32,104,47,10,00,000,28,18,64,262,45,22,00,000,41*7C
$GPGSV,2,2,06,23,37,321,46,24,75,148,47,,,,,,,,*72
$GPGSV,2,1,06,05,32,104,47,10,00,000,28,18,64,262,45,22,00,000,41*7C
$GPGSV,2,2,06,23,37,321,46,24,75,148,47,,,,,,,,*72
$GPGSV,2,1,06,05,32,104,47,10,00,000,27,18,64,262,45,22,00,000,41*73
$GPGSV,2,2,06,23,37,321,46,24,75,148,47,,,,,,,,*72
$GPGSV,2,1,06,05,32,104,47,10,00,000,26,18,64,262,45,22,00,000,41*72
$GPGSV,2,2,06,23,37,321,46,24,75,148,47,,,,,,,,*72
$GPGSV,2,1,06,05,32,104,47,10,00,000,26,18,64,262,45,22,00,000,41*72
$GPGSV,2,2,06,23,37,321,46,24,75,148,47,,,,,,,,*72
$GPGSV,2,1,06,05,32,104,47,10,00,000,26,18,64,262,45,22,00,000,41*72
$GPGSV,2,2,06,23,37,321,46,24,75,148,47,,,,,,,,*72
$GPGSV,2,1,06,05,32,104,47,10,00,000,26,18,64,262,45,22,00,000,41*72
$GPGSV,2,2,06,23,37,321,46,24,75,148,46,,,,,,,,*73
$GPGSV,2,1,06,05,32,104,47,10,00,000,26,18,64,261,45,22,00,000,41*71
$GPGSV,2,2,06,23,37,321,46,24,75,148,46,,,,,,,,*73
$GPGSV,2,1,06,05,32,104,47,10,00,000,26,18,64,261,45,22,00,000,41*71
$GPGSV,2,2,06,23,37,321,46,24,75,148,46,,,,,,,,*73
$GPGSV,2,1,06,05,32,104,47,10,00,000,26,18,64,261,45,22,00,000,41*71
$GPGSV,2,2,06,23,37,321,46,24,75,148,46,,,,,,,,*73
$GPGSV,2,1,06,05,32,104,47,10,00,000,26,18,64,261,45,22,00,000,41*71
$GPGSV,2,2,06,23,37,321,46,24,75,148,46,,,,,,,,*73
$GPGSV,2,1,06,05,32,104,47,10,00,000,26,18,64,261,45,22,00,000,41*71
$GPGSV,2,2,06,23,37,321,46,24,75,148,46,,,,,,,,*73
$GPGSV,2,1,06,05,32,104,47,10,00,000,26,18,64,261,45,22,00,000,41*71
$GPGSV,2,2,06,23,37,321,46,24,75,148,46,,,,,,,,*73
$GPGSV,2,1,06,05,32,104,47,10,00,000,26,18,64,261,45,22,00,000,41*71
$GPGSV,2,2,06,23,37,321,46,24,75,148,46,,,,,,,,*73
$GPGSV,2,1,06,05,32,104,47,10,00,000,26,18,64,261,45,22,00,000,41*71
$GPGSV,2,2,06,23,37,321,46,24,75,148,46,,,,,,,,*73
$GPGSV,2,1,06,05,32,104,47,10,00,000,26,18,64,261,45,22,00,000,41*71
$GPGSV,2,2,06,23,37,321,46,24,75,148,46,,,,,,,,*73
$GPGSV,2,1,06,05,32,104,47,10,00,000,26,18,64,261,45,22,00,000,41*71
$GPGSV,2,2,06,23,37,321,46,24,75,148,46,,,,,,,,*73
$GPGSV,2,1,06,05,32,104,47,10,00,000,26,18,64,261,45,22,00,000,41*71
$GPGSV,2,2,06,23,37,321,46,24,75,148,46,,,,,,,,*73
$GPGSV,2,1,06,05,32,104,47,10,00,000,26,18,64,261,45,22,00,000,41*71
$GPGSV,2,2,06,23,37,321,46,24,75,148,46,,,,,,,,*73
$GPGSV,2,1,06,05,32,104,47,10,00,000,26,18,64,261,45,22,00,000,41*71
$GPGSV,2,2,06,23,37,321,46,24,75,148,46,,,,,,,,*73
$GPGSV,2,1,06,05,32,104,47,10,00,000,26,18,64,261,45,22,00,000,41*71
$GPGSV,2,2,06,23,37,321,46,24,75,148,46,,,,,,,,*73
$GPGSV,2,1,06,05,32,104,47,10,00,000,26,18,64,261,45,22,00,000,41*71
$GPGSV,2,2,06,23,37,321,46,24,75,148,46,,,,,,,,*73
$GPGSV,2,1,06,05,32,104,47,10,00,000,26,18,64,261,45,22,00,000,41*71
$GPGSV,2,2,06,23,37,321,46,24,75,148,46,,,,,,,,*73
$GPGSV,2,1,06,05,32,104,47,10,00,000,26,18,64,261,45,22,00,000,41*71
$GPGSV,2,2,06,23,37,321,46,24,75,148,46,,,,,,,,*73
$GPGSV,2,1,06,05,32,104,47,10,00,000,26,18,64,261,45,22,00,000,41*71
$GPGSV,2,2,06,23,37,321,46,24,75,148,46,,,,,,,,*73
$GPGSV,2,1,06,05,32,104,47,10,00,000,26,18,64,261,45,22,00,000,41*71
$GPGSV,2,2,06,23,37,321,46,24,75,148,46,,,,,,,,*73
$GPGSV,2,1,06,05,32,104,47,10,00,000,26,18,64,261,45,22,00,000,41*71
$GPGSV,2,2,06,23,37,321,46,24,75,148,46,,,,,,,,*73
$GPGSV,2,1,06,05,32,104,47,10,00,000,26,18,64,261,45,22,00,000,41*71
$GPGSV,2,2,06,23,37,321,46,24,75,148,46,,,,,,,,*73
$GPGSV,2,1,06,05,32,104,46,10,00,000,26,18,64,261,45,22,00,000,41*70
$GPGSV,2,2,06,23,37,321,46,24,75,148,46,,,,,,,,*73
$GPGSV,2,1,06,05,32,104,46,10,00,000,26,18,64,261,45,22,00,000,41*70
$GPGSV,2,2,06,23,37,321,46,24,75,148,46,,,,,,,,*73
$GPGSV,2,1,06,05,32,104,46,10,00,000,26,18,64,261,46,22,00,000,41*73
$GPGSV,2,2,06,23,37,321,46,24,75,148,46,,,,,,,,*73
$GPGSV,2,1,06,05,32,104,46,10,00,000,26,18,64,261,46,22,00,000,41*73
$GPGSV,2,2,06,23,37,321,46,24,75,148,46,,,,,,,,*73
$GPGSV,2,1,06,05,32,104,46,10,00,000,27,18,64,261,46,22,00,000,41*72
$GPGSV,2,2,06,23,37,321,46,24,75,148,47,,,,,,,,*72
$GPGSV,2,1,06,05,32,104,46,10,00,000,27,18,64,261,46,22,00,000,41*72
$GPGSV,2,2,06,23,37,321,46,24,75,148,47,,,,,,,,*72
$GPGSV,2,1,06,05,32,104,46,10,00,000,27,18,64,261,46,22,00,000,41*72
$GPGSV,2,2,06,23,37,321,46,24,75,148,47,,,,,,,,*72
$GPGSV,2,1,06,05,32,104,46,10,00,000,26,18,64,261,46,22,00,000,41*73
$GPGSV,2,2,06,23,37,321,46,24,75,148,47,,,,,,,,*72
$GPGSV,2,1,06,05,32,104,46,10,00,000,26,18,64,261,46,22,00,000,41*73
$GPGSV,2,2,06,23,37,321,46,24,75,148,47,,,,,,,,*72
$GPGSV,2,1,06,05,32,104,46,10,00,000,26,18,64,261,46,22,00,000,41*73
$GPGSV,2,2,06,23,37,321,46,24,75,148,47,,,,,,,,*72
$GPGSV,2,1,06,05,32,104,46,10,00,000,26,18,64,261,46,22,00,000,41*73
$GPGSV,2,2,06,23,37,321,46,24,75,148,47,,,,,,,,*72
$GPGSV,2,1,06,05,32,104,46,10,00,000,26,18,64,261,46,22,00,000,41*73
$GPGSV,2,2,06,23,37,321,46,24,75,148,47,,,,,,,,*72
$GPGSV,2,1,06,05,32,104,46,10,00,000,26,18,64,261,46,22,00,000,41*73
$GPGSV,2,2,06,23,37,321,46,24,75,148,47,,,,,,,,*72
$GPGSV,2,1,06,05,32,104,46,10,00,000,26,18,64,261,46,22,00,000,41*73
$GPGSV,2,2,06,23,37,321,46,24,75,148,47,,,,,,,,*72
$GPGSV,2,1,06,05,32,104,46,10,00,000,26,18,64,261,46,22,00,000,41*73
$GPGSV,2,2,06,23,37,321,46,24,75,148,47,,,,,,,,*72
$GPGSV,2,1,06,05,32,104,46,10,00,000,26,18,64,261,46,22,00,000,41*73
$GPGSV,2,2,06,23,37,321,46,24,75,148,47,,,,,,,,*72
$GPGSV,2,1,06,05,32,104,46,10,00,000,26,18,64,261,46,22,00,000,41*73
$GPGSV,2,2,06,23,37,321,46,24,75,148,47,,,,,,,,*72
$GPGSV,2,1,06,05,32,104,46,10,00,000,26,18,64,261,46,22,00,000,41*73
$GPGSV,2,2,06,23,37,321,46,24,75,148,47,,,,,,,,*72
$GPGSV,2,1,06,05,32,104,46,10,00,000,26,18,64,261,46,22,00,000,41*73
$GPGSV,2,2,06,23,37,321,46,24,75,148,47,,,,,,,,*72
$GPGSV,2,1,06,05,32,104,46,10,00,000,26,18,64,261,46,22,00,000,41*73
$GPGSV,2,2,06,23,37,321,46,24,75,148,47,,,,,,,,*72
$GPGSV,2,1,06,05,32,104,46,10,00,000,26,18,64,261,46,22,00,000,41*73
$GPGSV,2,2,06,23,37,321,46,24,75,148,47,,,,,,,,*72
$GPGSV,2,1,06,05,32,104,46,10,00,000,26,18,64,261,46,22,00,000,41*73
$GPGSV,2,2,06,23,37,321,46,24,75,148,47,,,,,,,,*72
$GPGSV,2,1,06,05,32,104,46,10,00,000,26,18,64,261,46,22,00,000,41*73
$GPGSV,2,2,06,23,37,321,46,24,75,148,47,,,,,,,,*72
$GPGSV,2,1,06,05,32,104,46,10,00,000,25,18,64,261,46,22,00,000,41*70
$GPGSV,2,2,06,23,37,321,46,24,75,148,47,,,,,,,,*72
$GPGSV,2,1,06,05,32,104,46,10,00,000,26,18,64,261,46,22,00,000,41*73
$GPGSV,2,2,06,23,37,321,46,24,75,148,47,,,,,,,,*72
$GPGSV,2,1,06,05,32,104,46,10,00,000,26,18,64,261,46,22,00,000,41*73
$GPGSV,2,2,06,23,37,321,46,24,75,148,47,,,,,,,,*72
$GPGSV,2,1,06,05,32,104,46,10,00,000,26,18,64,261,46,22,00,000,41*73
$GPGSV,2,2,06,23,37,321,46,24,75,148,47,,,,,,,,*72
$GPGSV,2,1,06,05,32,104,46,10,00,000,26,18,64,261,46,22,00,000,41*73
$GPGSV,2,2,06,23,37,321,46,24,75,148,47,,,,,,,,*72
$GPGSV,2,1,06,05,32,104,46,10,00,000,27,18,64,261,46,22,00,000,41*72
$GPGSV,2,2,06,23,37,321,46,24,75,148,47,,,,,,,,*72
$GPGSV,2,1,06,05,32,104,46,10,00,000,27,18,64,261,46,22,00,000,40*73
$GPGSV,2,2,06,23,37,321,46,24,75,148,47,,,,,,,,*72
$GPGSV,2,1,06,05,32,104,46,10,00,000,27,18,64,261,46,22,00,000,40*73
$GPGSV,2,2,06,23,37,321,46,24,75,148,47,,,,,,,,*72
$GPGSV,2,1,06,05,32,104,46,10,00,000,27,18,64,261,46,22,00,000,40*73
$GPGSV,2,2,06,23,37,321,46,24,75,148,47,,,,,,,,*72
$GPGSV,2,1,06,05,32,104,47,10,00,000,27,18,64,261,46,22,00,000,40*72
$GPGSV,2,2,06,23,37,321,46,24,75,148,47,,,,,,,,*72
$GPGSV,2,1,06,05,32,104,47,10,00,000,28,18,64,261,46,22,00,000,40*7D
$GPGSV,2,2,06,23,37,321,45,24,75,148,47,,,,,,,,*71
$GPGSV,2,1,06,05,32,104,47,10,00,000,28,18,64,261,46,22,00,000,40*7D
$GPGSV,2,2,06,23,37,321,45,24,75,148,47,,,,,,,,*71
$GPGSV,2,1,06,05,32,104,47,10,00,000,29,18,64,261,46,22,00,000,40*7C
$GPGSV,2,2,06,23,37,321,45,24,75,148,47,,,,,,,,*71
$GPGSV,2,1,06,05,32,104,47,10,00,000,29,18,64,261,45,22,00,000,40*7F
$GPGSV,2,2,06,23,37,321,45,24,75,148,47,,,,,,,,*71
$GPGSV,2,1,06,05,32,104,47,10,00,000,30,18,64,261,45,22,00,000,40*77
$GPGSV,2,2,06,23,37,321,45,24,75,148,47,,,,,,,,*71
$GPGSV,2,1,06,05,32,104,47,10,00,000,30,18,64,261,45,22,00,000,40*77
$GPGSV,2,2,06,23,37,321,45,24,75,148,47,,,,,,,,*71
$GPGSV,2,1,06,05,32,104,47,10,00,000,30,18,64,261,45,22,00,000,39*79
$GPGSV,2,2,06,23,37,321,45,24,75,148,47,,,,,,,,*71
$GPGSV,2,1,06,05,32,104,47,10,00,000,30,18,64,261,45,22,00,000,39*79
$GPGSV,2,2,06,23,37,321,45,24,75,148,47,,,,,,,,*71
$GPGSV,2,1,06,05,32,104,47,10,00,000,30,18,64,261,45,22,00,000,39*79
$GPGSV,2,2,06,23,37,321,45,24,75,148,47,,,,,,,,*71
$GPGSV,2,1,06,05,32,104,47,10,00,000,30,18,64,261,45,22,00,000,39*79
$GPGSV,2,2,06,23,37,321,45,24,75,148,47,,,,,,,,*71
$GPGSV,2,1,06,05,32,104,47,10,00,000,30,18,64,261,45,22,00,000,39*79
$GPGSV,2,2,06,23,37,321,45,24,75,148,47,,,,,,,,*71
$GPGSV,2,1,06,05,32,104,47,10,00,000,30,18,64,261,45,22,00,000,39*79
$GPGSV,2,2,06,23,37,321,45,24,75,148,47,,,,,,,,*71
$GPGSV,2,1,06,05,32,104,47,10,00,000,30,18,64,261,45,22,00,000,39*79
$GPGSV,2,2,06,23,37,321,45,24,75,148,47,,,,,,,,*71
$GPGSV,2,1,06,05,32,104,47,10,00,000,30,18,64,261,45,22,00,000,39*79
$GPGSV,2,2,06,23,37,321,45,24,75,148,47,,,,,,,,*71
$GPGSV,2,1,06,05,32,104,47,10,00,000,30,18,64,261,45,22,00,000,39*79
$GPGSV,2,2,06,23,37,321,45,24,75,148,47,,,,,,,,*71
$GPGSV,2,1,06,05,32,104,47,10,00,000,30,18,64,261,45,22,00,000,39*79
$GPGSV,2,2,06,23,37,321,44,24,75,148,47,,,,,,,,*70
$GPGSV,2,1,06,05,32,104,47,10,00,000,29,18,64,261,46,22,00,000,39*72
$GPGSV,2,2,06,23,37,321,44,24,75,148,47,,,,,,,,*70
$GPGSV,2,1,06,05,32,104,47,10,00,000,29,18,64,261,46,22,00,000,39*72
$GPGSV,2,2,06,23,37,321,44,24,75,148,47,,,,,,,,*70
$GPGSV,2,1,06,05,32,104,47,10,00,000,29,18,64,261,46,22,00,000,39*72
$GPGSV,2,2,06,23,37,321,44,24,75,148,47,,,,,,,,*70
$GPGSV,2,1,06,05,32,104,47,10,00,000,28,18,64,261,46,22,00,000,39*73
$GPGSV,2,2,06,23,37,321,44,24,75,148,47,,,,,,,,*70
$GPGSV,2,1,06,05,32,104,47,10,00,000,28,18,64,261,46,22,00,000,39*73
$GPGSV,2,2,06,23,37,321,44,24,75,148,47,,,,,,,,*70
$GPGSV,2,1,06,05,32,104,47,10,00,000,28,18,64,261,46,22,00,000,39*73
$GPGSV,2,2,06,23,37,321,44,24,75,148,47,,,,,,,,*70
$GPGSV,2,1,06,05,32,104,47,10,00,000,28,18,64,261,46,22,00,000,39*73
$GPGSV,2,2,06,23,37,321,44,24,75,148,47,,,,,,,,*70
$GPGSV,2,1,06,05,32,104,47,10,00,000,27,18,64,261,46,22,00,000,39*7C
$GPGSV,2,2,06,23,37,321,44,24,75,148,47,,,,,,,,*70
$GPGSV,2,1,06,05,32,104,47,10,00,000,27,18,64,261,46,22,00,000,39*7C
$GPGSV,2,2,06,23,37,321,44,24,75,148,47,,,,,,,,*70
$GPGSV,2,1,06,05,32,104,47,10,00,000,28,18,64,261,46,22,00,000,39*73
$GPGSV,2,2,06,23,37,321,44,24,75,148,47,,,,,,,,*70
$GPGSV,2,1,06,05,32,104,47,10,00,000,28,18,64,261,46,22,00,000,39*73
$GPGSV,2,2,06,23,37,321,44,24,75,148,47,,,,,,,,*70
$GPGSV,2,1,06,05,32,104,47,10,00,000,28,18,64,261,46,22,00,000,39*73
$GPGSV,2,2,06,23,37,321,44,24,75,148,47,,,,,,,,*70
$GPGSV,2,1,06,05,32,104,47,10,00,000,29,18,64,261,46,22,00,000,39*72
$GPGSV,2,2,06,23,37,321,44,24,75,148,47,,,,,,,,*70
$GPGSV,2,1,06,05,32,104,47,10,00,000,29,18,64,261,46,22,00,000,39*72
$GPGSV,2,2,06,23,37,321,44,24,75,148,47,,,,,,,,*70
$GPGSV,2,1,06,05,32,104,47,10,00,000,29,18,64,261,46,22,00,000,39*72
$GPGSV,2,2,06,23,37,321,44,24,75,148,47,,,,,,,,*70
$GPGSV,2,1,06,05,32,104,47,10,00,000,29,18,64,261,46,22,00,000,39*72
$GPGSV,2,2,06,23,37,321,44,24,75,148,47,,,,,,,,*70
$GPGSV,2,1,06,05,32,104,47,10,00,000,29,18,64,261,46,22,00,000,39*72
$GPGSV,2,2,06,23,37,321,44,24,75,148,47,,,,,,,,*70
$GPGSV,2,1,06,05,32,104,47,10,00,000,29,18,64,261,46,22,00,000,39*72
$GPGSV,2,2,06,23,37,321,44,24,75,148,47,,,,,,,,*70
$GPGSV,2,1,06,05,32,104,47,10,00,000,29,18,64,261,46,22,00,000,39*72
$GPGSV,2,2,06,23,37,321,44,24,75,148,47,,,,,,,,*70
$GPGSV,2,1,06,05,32,104,47,10,00,000,29,18,64,261,46,22,00,000,39*72
$GPGSV,2,2,06,23,37,321,44,24,75,148,47,,,,,,,,*70
$GPGSV,2,1,06,05,32,104,47,10,00,000,29,18,64,261,46,22,00,000,39*72
$GPGSV,2,2,06,23,37,321,44,24,75,148,47,,,,,,,,*70
$GPGSV,2,1,06,05,32,104,47,10,00,000,29,18,64,261,46,22,00,000,39*72
$GPGSV,2,2,06,23,37,321,44,24,75,148,47,,,,,,,,*70
$GPGSV,2,1,06,05,32,104,47,10,00,000,29,18,64,261,45,22,00,000,39*71
$GPGSV,2,2,06,23,37,321,44,24,75,148,47,,,,,,,,*70
$GPGSV,2,1,06,05,32,104,47,10,00,000,29,18,64,261,45,22,00,000,39*71
$GPGSV,2,2,06,23,37,321,44,24,75,148,47,,,,,,,,*70
$GPGSV,2,1,06,05,32,104,47,10,00,000,29,18,64,261,45,22,00,000,39*71
$GPGSV,2,2,06,23,37,321,44,24,75,148,47,,,,,,,,*70
$GPGSV,2,1,06,05,32,104,47,10,00,000,29,18,64,261,45,22,00,000,39*71
$GPGSV,2,2,06,23,37,321,44,24,75,148,47,,,,,,,,*70
$GPGSV,2,1,06,05,32,104,47,10,00,000,29,18,64,261,45,22,00,000,39*71
$GPGSV,2,2,06,23,37,321,44,24,75,148,47,,,,,,,,*70
$GPGSV,2,1,06,05,32,104,47,10,00,000,29,18,64,261,45,22,00,000,39*71
$GPGSV,2,2,06,23,37,321,44,24,75,148,47,,,,,,,,*70
$GPGSV,2,1,06,05,32,104,47,10,00,000,29,18,64,261,45,22,00,000,39*71
$GPGSV,2,2,06,23,37,321,44,24,75,148,47,,,,,,,,*70
$GPGSV,2,1,06,05,32,104,47,10,00,000,29,18,64,261,45,22,00,000,39*71
$GPGSV,2,2,06,23,37,321,44,24,75,148,47,,,,,,,,*70
$GPGSV,2,1,06,05,32,104,47,10,00,000,29,18,64,261,45,22,00,000,39*71
$GPGSV,2,2,06,23,37,321,44,24,75,148,47,,,,,,,,*70
$GPGSV,2,1,06,05,32,104,47,10,00,000,29,18,64,261,45,22,00,000,39*71
$GPGSV,2,2,06,23,37,321,44,24,75,148,47,,,,,,,,*70
$GPGSV,2,1,06,05,32,104,47,10,00,000,29,18,64,261,45,22,00,000,39*71
$GPGSV,2,2,06,23,37,321,44,24,75,148,47,,,,,,,,*70
$GPGSV,2,1,06,05,32,104,47,10,00,000,29,18,64,261,45,22,00,000,39*71
$GPGSV,2,2,06,23,37,321,44,24,75,148,47,,,,,,,,*70
$GPGSV,2,1,06,05,32,104,47,10,00,000,29,18,64,261,45,22,00,000,39*71
$GPGSV,2,2,06,23,37,321,44,24,75,148,47,,,,,,,,*70
$GPGSV,2,1,06,05,32,104,47,10,00,000,29,18,64,261,45,22,00,000,38*70
$GPGSV,2,2,06,23,37,321,44,24,75,148,47,,,,,,,,*70
$GPGSV,2,1,06,05,32,104,47,10,00,000,29,18,64,261,45,22,00,000,38*70
$GPGSV,2,2,06,23,37,321,44,24,75,148,47,,,,,,,,*70
$GPGSV,2,1,06,05,32,104,47,10,00,000,29,18,64,261,45,22,00,000,38*70
$GPGSV,2,2,06,23,37,321,44,24,75,148,47,,,,,,,,*70
$GPGSV,2,1,06,05,32,104,47,10,00,000,29,18,64,261,45,22,00,000,38*70
$GPGSV,2,2,06,23,37,321,44,24,75,148,47,,,,,,,,*70
$GPGSV,2,1,06,05,32,104,47,10,00,000,30,18,64,261,45,22,00,000,38*78
$GPGSV,2,2,06,23,37,321,44,24,75,148,47,,,,,,,,*70
$GPGSV,2,1,06,05,32,104,47,10,00,000,30,18,64,261,45,22,00,000,38*78
$GPGSV,2,2,06,23,37,321,44,24,75,148,46,,,,,,,,*71
$GPGSV,2,1,06,05,32,104,47,10,00,000,30,18,64,261,45,22,00,000,38*78
$GPGSV,2,2,06,23,37,321,44,24,75,148,46,,,,,,,,*71
$GPGSV,2,1,06,05,32,104,47,10,00,000,30,18,64,261,45,22,00,000,38*78
$GPGSV,2,2,06,23,37,321,44,24,75,148,46,,,,,,,,*71
$GPGSV,2,1,06,05,32,104,47,10,00,000,30,18,64,261,45,22,00,000,38*78
$GPGSV,2,2,06,23,37,321,44,24,75,148,46,,,,,,,,*71
$GPGSV,2,1,06,05,32,104,47,10,00,000,30,18,64,261,45,22,00,000,38*78
$GPGSV,2,2,06,23,37,321,44,24,75,148,46,,,,,,,,*71
$GPGSV,2,1,06,05,32,104,47,10,00,000,30,18,64,261,45,22,00,000,38*78
$GPGSV,2,2,06,23,37,321,44,24,75,148,46,,,,,,,,*71
$GPGSV,2,1,06,05,32,104,47,10,00,000,30,18,64,261,45,22,00,000,38*78
$GPGSV,2,2,06,23,37,321,44,24,75,148,46,,,,,,,,*71
$GPGSV,2,1,06,05,32,104,47,10,00,000,30,18,64,261,45,22,00,000,38*78
$GPGSV,2,2,06,23,37,321,44,24,75,148,46,,,,,,,,*71
$GPGSV,2,1,06,05,32,104,47,10,00,000,30,18,64,261,45,22,00,000,38*78
$GPGSV,2,2,06,23,37,321,44,24,75,148,46,,,,,,,,*71
$GPGSV,2,1,06,05,32,104,47,10,00,000,30,18,64,261,45,22,00,000,38*78
$GPGSV,2,2,06,23,37,321,44,24,75,148,46,,,,,,,,*71
$GPGSV,2,1,06,05,32,104,47,10,00,000,30,18,64,261,45,22,00,000,38*78
$GPGSV,2,2,06,23,37,321,44,24,75,148,46,,,,,,,,*71
$GPGSV,2,1,06,05,32,104,47,10,00,000,30,18,64,261,45,22,00,000,38*78
$GPGSV,2,2,06,23,37,321,44,24,75,148,46,,,,,,,,*71
$GPGSV,2,1,06,05,32,104,47,10,00,000,30,18,64,261,45,22,00,000,38*78
$GPGSV,2,2,06,23,37,321,44,24,75,148,46,,,,,,,,*71
$GPGSV,2,1,06,05,32,104,47,10,00,000,30,18,64,261,45,22,00,000,38*78
$GPGSV,2,2,06,23,37,321,44,24,75,148,46,,,,,,,,*71
$GPGSV,2,1,06,05,32,104,47,10,00,000,30,18,64,261,45,22,00,000,38*78
$GPGSV,2,2,06,23,37,321,44,24,75,148,46,,,,,,,,*71
$GPGSV,2,1,06,05,32,104,47,10,00,000,31,18,64,261,45,22,00,000,38*79
$GPGSV,2,2,06,23,37,321,44,24,75,148,46,,,,,,,,*71
$GPGSV,2,1,06,05,32,104,47,10,00,000,31,18,64,261,45,22,00,000,38*79
$GPGSV,2,2,06,23,37,321,44,24,75,148,46,,,,,,,,*71
$GPGSV,2,1,06,05,32,104,47,10,00,000,31,18,64,261,45,22,00,000,38*79
$GPGSV,2,2,06,23,37,321,44,24,75,148,46,,,,,,,,*71
$GPGSV,2,1,06,05,32,104,47,10,00,000,31,18,64,261,45,22,00,000,38*79
$GPGSV,2,2,06,23,37,321,45,24,75,148,46,,,,,,,,*70
$GPGSV,2,1,06,05,32,104,47,10,00,000,31,18,64,261,45,22,00,000,38*79
$GPGSV,2,2,06,23,37,321,45,24,75,148,46,,,,,,,,*70
$GPGSV,2,1,06,05,32,104,47,10,00,000,31,18,64,261,45,22,00,000,38*79
$GPGSV,2,2,06,23,37,321,45,24,75,148,46,,,,,,,,*70
$GPGSV,2,1,06,05,32,104,47,10,00,000,31,18,64,261,45,22,00,000,38*79
$GPGSV,2,2,06,23,37,321,45,24,75,148,46,,,,,,,,*70
$GPGSV,2,1,06,05,32,104,47,10,00,000,31,18,64,261,45,22,00,000,38*79
$GPGSV,2,2,06,23,37,321,45,24,75,148,46,,,,,,,,*70
$GPGSV,2,1,06,05,32,104,47,10,00,000,31,18,64,261,45,22,00,000,38*79
$GPGSV,2,2,06,23,37,321,45,24,75,148,46,,,,,,,,*70
$GPGSV,2,1,06,05,32,104,47,10,00,000,31,18,64,261,45,22,00,000,38*79
$GPGSV,2,2,06,23,37,321,45,24,75,148,46,,,,,,,,*70
$GPGSV,2,1,06,05,32,104,47,10,00,000,31,18,64,261,45,22,00,000,38*79
$GPGSV,2,2,06,23,37,321,45,24,75,148,46,,,,,,,,*70
$GPGSV,2,1,06,05,32,104,47,10,00,000,31,18,64,261,45,22,00,000,38*79
$GPGSV,2,2,06,23,37,321,45,24,75,148,46,,,,,,,,*70
$GPGSV,2,1,06,05,32,104,47,10,00,000,31,18,64,261,45,22,00,000,38*79
$GPGSV,2,2,06,23,37,321,45,24,75,148,46,,,,,,,,*70
$GPGSV,2,1,06,05,32,104,47,10,00,000,31,18,64,261,45,22,00,000,38*79
$GPGSV,2,2,06,23,37,321,45,24,75,148,46,,,,,,,,*70
$GPGSV,2,1,06,05,32,104,47,10,00,000,31,18,64,261,45,22,00,000,38*79
$GPGSV,2,2,06,23,37,321,45,24,75,148,46,,,,,,,,*70
$GPGSV,2,1,06,05,32,104,47,10,00,000,30,18,64,261,45,22,00,000,37*77
$GPGSV,2,2,06,23,37,321,45,24,75,148,46,,,,,,,,*70
$GPGSV,2,1,06,05,32,104,47,10,00,000,30,18,64,261,45,22,00,000,37*77
$GPGSV,2,2,06,23,37,321,45,24,75,148,46,,,,,,,,*70
$GPGSV,2,1,06,05,32,104,47,10,00,000,30,18,64,261,45,22,00,000,37*77
$GPGSV,2,2,06,23,37,321,45,24,75,148,46,,,,,,,,*70
$GPGSV,2,1,06,05,32,104,47,10,00,000,29,18,64,261,45,22,00,000,37*7F
$GPGSV,2,2,06,23,37,321,45,24,75,148,46,,,,,,,,*70
$GPGSV,2,1,06,05,32,104,47,10,00,000,29,18,64,261,45,22,00,000,37*7F
$GPGSV,2,2,06,23,37,321,45,24,75,148,46,,,,,,,,*70
$GPGSV,2,1,06,05,32,104,47,10,00,000,29,18,64,261,45,22,00,000,37*7F
$GPGSV,2,2,06,23,37,321,45,24,75,148,46,,,,,,,,*70
$GPGSV,2,1,06,05,32,104,47,10,00,000,29,18,64,261,45,22,00,000,37*7F
$GPGSV,2,2,06,23,37,321,45,24,75,148,46,,,,,,,,*70
$GPGSV,2,1,06,05,32,104,47,10,00,000,29,18,64,261,45,22,00,000,37*7F
$GPGSV,2,2,06,23,37,321,45,24,75,148,46,,,,,,,,*70
$GPGSV,2,1,06,05,32,104,47,10,00,000,29,18,64,261,45,22,00,000,37*7F
$GPGSV,2,2,06,23,37,321,45,24,75,148,46,,,,,,,,*70
$GPGSV,2,1,06,05,32,104,47,10,00,000,29,18,64,261,45,22,00,000,37*7F
$GPGSV,2,2,06,23,37,321,45,24,75,148,46,,,,,,,,*70
$GPGSV,2,1,06,05,32,104,47,10,00,000,29,18,64,261,45,22,00,000,37*7F
$GPGSV,2,2,06,23,37,321,45,24,75,148,46,,,,,,,,*70
$GPGSV,2,1,06,05,32,104,47,10,00,000,29,18,64,261,45,22,00,000,37*7F
$GPGSV,2,2,06,23,37,321,45,24,75,148,46,,,,,,,,*70
$GPGSV,2,1,06,05,32,104,47,10,00,000,28,18,64,261,45,22,00,000,37*7E
$GPGSV,2,2,06,23,37,321,45,24,75,148,46,,,,,,,,*70
$GPGSV,2,1,05,05,32,104,47,18,64,261,45,22,00,000,36,23,37,321,45*73
$GPGSV,2,2,05,24,75,148,46,,,,,,,,,,,,*47
$GPGSV,2,1,05,05,32,104,47,18,64,261,44,22,00,000,36,23,37,321,45*72
$GPGSV,2,2,05,24,75,148,46,,,,,,,,,,,,*47
$GPGSV,2,1,05,05,32,104,47,18,64,261,44,22,00,000,36,23,37,321,45*72
$GPGSV,2,2,05,24,75,148,46,,,,,,,,,,,,*47
$GPGSV,2,1,05,05,32,104,47,18,64,261,44,22,00,000,36,23,37,321,45*72
$GPGSV,2,2,05,24,75,148,46,,,,,,,,,,,,*47
$GPGSV,2,1,05,05,32,104,47,18,64,261,44,22,00,000,36,23,37,321,45*72
$GPGSV,2,2,05,24,75,148,46,,,,,,,,,,,,*47
$GPGSV,2,1,05,05,32,104,47,18,64,261,44,22,00,000,36,23,37,321,45*72
$GPGSV,2,2,05,24,75,148,46,,,,,,,,,,,,*47
$GPGSV,2,1,06,05,32,104,47,10,00,000,32,18,64,261,44,22,00,000,36*75
$GPGSV,2,2,06,23,37,321,45,24,75,148,46,,,,,,,,*70
$GPGSV,2,1,06,05,32,104,47,10,00,000,32,18,64,261,44,22,00,000,36*75
$GPGSV,2,2,06,23,37,321,45,24,75,148,46,,,,,,,,*70
$GPGSV,2,1,06,05,32,104,47,10,00,000,32,18,64,261,44,22,00,000,36*75
$GPGSV,2,2,06,23,37,321,45,24,75,148,46,,,,,,,,*70
$GPGSV,2,1,06,05,32,104,46,10,00,000,32,18,64,261,44,22,00,000,36*74
$GPGSV,2,2,06,23,37,321,45,24,75,148,46,,,,,,,,*70
$GPGSV,2,1,06,05,32,104,46,10,00,000,32,18,64,261,44,22,00,000,36*74
$GPGSV,2,2,06,23,37,321,45,24,75,148,46,,,,,,,,*70
$GPGSV,2,1,06,05,32,104,46,10,00,000,32,18,64,261,44,22,00,000,36*74
$GPGSV,2,2,06,23,37,321,45,24,75,148,46,,,,,,,,*70
$GPGSV,2,1,06,05,32,104,47,10,00,000,32,18,64,261,44,22,00,000,36*75
$GPGSV,2,2,06,23,37,321,45,24,75,148,46,,,,,,,,*70
$GPGSV,2,1,06,05,32,104,47,10,00,000,32,18,64,261,44,22,00,000,36*75
$GPGSV,2,2,06,23,37,321,45,24,75,148,46,,,,,,,,*70
$GPGSV,2,1,06,05,32,104,47,10,00,000,33,18,64,261,44,22,00,000,36*74
$GPGSV,2,2,06,23,37,321,45,24,75,148,46,,,,,,,,*70
$GPGSV,2,1,06,05,32,104,47,10,00,000,32,18,64,261,44,22,00,000,36*75
$GPGSV,2,2,06,23,37,321,45,24,75,148,46,,,,,,,,*70
$GPGSV,2,1,06,05,32,104,47,10,00,000,32,18,64,261,44,22,00,000,36*75
$GPGSV,2,2,06,23,37,321,45,24,75,148,46,,,,,,,,*70
$GPGSV,2,1,06,05,32,104,47,10,00,000,32,18,64,261,44,22,00,000,36*75
$GPGSV,2,2,06,23,37,321,45,24,75,148,46,,,,,,,,*70
$GPGSV,2,1,06,05,32,104,47,10,00,000,32,18,64,261,44,22,00,000,36*75
$GPGSV,2,2,06,23,37,321,45,24,75,148,46,,,,,,,,*70
$GPGSV,2,1,06,05,32,104,47,10,00,000,31,18,64,261,44,22,00,000,36*76
$GPGSV,2,2,06,23,37,321,45,24,75,148,46,,,,,,,,*70
$GPGSV,2,1,06,05,32,104,47,10,00,000,31,18,64,261,44,22,00,000,36*76
$GPGSV,2,2,06,23,37,321,45,24,75,148,46,,,,,,,,*70
$GPGSV,2,1,06,05,32,104,47,10,00,000,31,18,64,261,44,22,00,000,36*76
$GPGSV,2,2,06,23,37,321,45,24,75,148,46,,,,,,,,*70
$GPGSV,2,1,06,05,32,104,47,10,00,000,31,18,64,261,44,22,00,000,36*76
$GPGSV,2,2,06,23,37,321,45,24,75,148,46,,,,,,,,*70
$GPGSV,2,1,06,05,32,104,47,10,00,000,30,18,64,261,44,22,00,000,36*77
$GPGSV,2,2,06,23,37,321,45,24,75,148,46,,,,,,,,*70
$GPGSV,2,1,06,05,32,104,47,10,00,000,30,18,64,261,44,22,00,000,36*77
$GPGSV,2,2,06,23,37,321,45,24,75,148,46,,,,,,,,*70
$GPGSV,2,1,06,05,32,104,47,10,00,000,30,18,64,261,44,22,00,000,36*77
$GPGSV,2,2,06,23,37,321,45,24,75,148,46,,,,,,,,*70
$GPGSV,2,1,06,05,32,104,47,10,00,000,29,18,64,261,44,22,00,000,36*7F
$GPGSV,2,2,06,23,37,321,45,24,75,148,46,,,,,,,,*70
$GPGSV,2,1,06,05,32,105,47,10,00,000,29,18,64,261,44,22,00,000,36*7E
$GPGSV,2,2,06,23,37,321,45,24,75,148,46,,,,,,,,*70
$GPGSV,2,1,06,05,32,105,47,10,00,000,28,18,64,261,44,22,00,000,36*7F
$GPGSV,2,2,06,23,37,321,45,24,75,148,46,,,,,,,,*70
$GPGSV,2,1,06,05,32,105,47,10,00,000,28,18,64,261,44,22,00,000,36*7F
$GPGSV,2,2,06,23,37,321,44,24,75,148,46,,,,,,,,*71
$GPGSV,2,1,06,05,32,105,47,10,00,000,27,18,64,261,44,22,00,000,35*73
$GPGSV,2,2,06,23,37,321,44,24,75,148,46,,,,,,,,*71
$GPGSV,2,1,06,05,32,105,47,10,00,000,27,18,64,261,44,22,00,000,35*73
$GPGSV,2,2,06,23,37,321,44,24,75,148,46,,,,,,,,*71
$GPGSV,2,1,06,05,32,105,47,10,00,000,27,18,64,261,44,22,00,000,35*73
$GPGSV,2,2,06,23,37,321,44,24,75,148,46,,,,,,,,*71
$GPGSV,2,1,06,05,32,105,47,10,00,000,27,18,64,261,44,22,00,000,35*73
$GPGSV,2,2,06,23,37,321,44,24,75,148,46,,,,,,,,*71
$GPGSV,2,1,06,05,32,105,47,10,00,000,26,18,64,261,44,22,00,000,35*72
$GPGSV,2,2,06,23,37,321,44,24,75,148,46,,,,,,,,*71
$GPGSV,2,1,06,05,32,105,47,10,00,000,26,18,64,261,44,22,00,000,34*73
$GPGSV,2,2,06,23,37,321,44,24,75,148,46,,,,,,,,*71
$GPGSV,2,1,06,05,32,105,47,10,00,000,26,18,64,261,44,22,00,000,34*73
$GPGSV,2,2,06,23,37,321,44,24,75,148,46,,,,,,,,*71
$GPGSV,2,1,06,05,32,105,46,10,00,000,27,18,64,261,44,22,00,000,33*74
$GPGSV,2,2,06,23,37,321,44,24,75,148,46,,,,,,,,*71
$GPGSV,2,1,06,05,32,105,46,10,00,000,27,18,64,261,44,22,00,000,33*74
$GPGSV,2,2,06,23,37,321,44,24,75,148,46,,,,,,,,*71
$GPGSV,2,1,06,05,32,105,46,10,00,000,27,18,64,261,44,22,00,000,33*74
$GPGSV,2,2,06,23,37,321,44,24,75,148,46,,,,,,,,*71
$GPGSV,2,1,06,05,32,105,46,10,00,000,28,18,64,261,44,22,00,000,33*7B
$GPGSV,2,2,06,23,37,321,44,24,75,148,46,,,,,,,,*71
$GPGSV,2,1,06,05,32,105,46,10,00,000,28,18,64,261,44,22,00,000,32*7A
$GPGSV,2,2,06,23,37,321,44,24,75,148,46,,,,,,,,*71
$GPGSV,2,1,06,05,32,105,46,10,00,000,28,18,64,261,44,22,00,000,33*7B
$GPGSV,2,2,06,23,37,321,44,24,75,147,46,,,,,,,,*7E
$GPGSV,2,1,06,05,32,105,46,10,00,000,28,18,64,261,44,22,00,000,33*7B
$GPGSV,2,2,06,23,37,321,44,24,75,147,46,,,,,,,,*7E
$GPGSV,2,1,06,05,32,105,46,10,00,000,28,18,64,261,44,22,00,000,33*7B
$GPGSV,2,2,06,23,37,321,44,24,75,147,45,,,,,,,,*7D
$GPGSV,2,1,06,05,32,105,46,10,00,000,28,18,64,261,44,22,00,000,33*7B
$GPGSV,2,2,06,23,37,321,44,24,75,147,45,,,,,,,,*7D
$GPGSV,2,1,06,05,32,105,46,10,00,000,28,18,64,261,44,22,00,000,33*7B
$GPGSV,2,2,06,23,37,321,44,24,75,147,45,,,,,,,,*7D
$GPGSV,2,1,06,05,32,105,46,10,00,000,29,18,64,261,44,22,00,000,33*7A
$GPGSV,2,2,06,23,37,321,44,24,75,147,45,,,,,,,,*7D
$GPGSV,2,1,06,05,32,105,46,10,00,000,29,18,64,261,44,22,00,000,33*7A
$GPGSV,2,2,06,23,37,321,44,24,75,147,45,,,,,,,,*7D
$GPGSV,2,1,06,05,32,105,46,10,00,000,29,18,64,261,44,22,00,000,33*7A
$GPGSV,2,2,06,23,37,321,44,24,75,147,45,,,,,,,,*7D
$GPGSV,2,1,06,05,32,105,46,10,00,000,29,18,64,261,44,22,00,000,33*7A
$GPGSV,2,2,06,23,37,321,44,24,75,147,45,,,,,,,,*7D
$GPGSV,2,1,06,05,32,105,46,10,00,000,29,18,64,261,44,22,00,000,34*7D
$GPGSV,2,2,06,23,37,321,44,24,75,147,45,,,,,,,,*7D
$GPGSV,2,1,06,05,32,105,46,10,00,000,29,18,64,261,44,22,00,000,34*7D
$GPGSV,2,2,06,23,37,321,44,24,75,147,45,,,,,,,,*7D
$GPGSV,2,1,06,05,32,105,46,10,00,000,28,18,64,261,44,22,00,000,34*7C
$GPGSV,2,2,06,23,37,321,44,24,75,147,45,,,,,,,,*7D
$GPGSV,2,1,06,05,32,105,46,10,00,000,28,18,64,261,44,22,00,000,34*7C
$GPGSV,2,2,06,23,37,321,44,24,75,147,45,,,,,,,,*7D
$GPGSV,2,1,06,05,32,105,46,10,00,000,28,18,64,261,44,22,00,000,34*7C
$GPGSV,2,2,06,23,37,321,44,24,75,147,45,,,,,,,,*7D
$GPGSV,2,1,06,05,32,105,46,10,00,000,28,18,64,261,44,22,00,000,34*7C
$GPGSV,2,2,06,23,37,321,44,24,75,147,45,,,,,,,,*7D
$GPGSV,2,1,06,05,32,105,46,10,00,000,28,18,64,261,44,22,00,000,35*7D
$GPGSV,2,2,06,23,37,321,44,24,75,147,45,,,,,,,,*7D
$GPGSV,2,1,06,05,32,105,46,10,00,000,27,18,64,261,44,22,00,000,35*72
$GPGSV,2,2,06,23,37,321,44,24,75,147,46,,,,,,,,*7E
$GPGSV,2,1,06,05,32,105,46,10,00,000,27,18,64,261,44,22,00,000,35*72
$GPGSV,2,2,06,23,37,321,44,24,75,147,46,,,,,,,,*7E
$GPGSV,2,1,06,05,32,105,46,10,00,000,26,18,64,261,44,22,00,000,35*73
$GPGSV,2,2,06,23,37,321,44,24,75,147,46,,,,,,,,*7E
$GPGSV,2,1,06,05,32,105,46,10,00,000,26,18,64,261,44,22,00,000,35*73
$GPGSV,2,2,06,23,37,321,44,24,75,147,46,,,,,,,,*7E
$GPGSV,2,1,06,05,32,105,46,10,00,000,26,18,64,261,44,22,00,000,36*70
$GPGSV,2,2,06,23,37,321,44,24,75,147,46,,,,,,,,*7E
$GPGSV,2,1,06,05,32,105,46,10,00,000,27,18,64,261,44,22,00,000,36*71
$GPGSV,2,2,06,23,37,321,44,24,75,147,46,,,,,,,,*7E
$GPGSV,2,1,06,05,32,105,46,10,00,000,27,18,64,261,44,22,00,000,36*71
$GPGSV,2,2,06,23,37,321,44,24,75,147,46,,,,,,,,*7E
$GPGSV,2,1,06,05,32,105,46,10,00,000,27,18,64,261,44,22,00,000,36*71
$GPGSV,2,2,06,23,37,321,44,24,75,147,46,,,,,,,,*7E
$GPGSV,2,1,06,05,32,105,46,10,00,000,27,18,64,261,44,22,00,000,36*71
$GPGSV,2,2,06,23,37,321,44,24,75,147,46,,,,,,,,*7E
$GPGSV,2,1,06,05,32,105,46,10,00,000,27,18,64,261,44,22,00,000,36*71
$GPGSV,2,2,06,23,37,321,44,24,75,147,45,,,,,,,,*7D
$GPGSV,2,1,06,05,32,105,46,10,00,000,27,18,64,261,44,22,00,000,36*71
$GPGSV,2,2,06,23,37,321,44,24,75,147,45,,,,,,,,*7D
$GPGSV,2,1,06,05,32,105,46,10,00,000,28,18,64,261,44,22,00,000,36*7E
$GPGSV,2,2,06,23,37,321,44,24,75,147,45,,,,,,,,*7D
$GPGSV,2,1,06,05,32,105,46,10,00,000,28,18,64,261,44,22,00,000,36*7E
$GPGSV,2,2,06,23,37,321,44,24,75,147,45,,,,,,,,*7D
$GPGSV,2,1,06,05,32,105,46,10,00,000,28,18,64,261,44,22,00,000,36*7E
$GPGSV,2,2,06,23,37,321,44,24,75,147,45,,,,,,,,*7D
$GPGSV,2,1,06,05,32,105,46,10,00,000,28,18,64,261,44,22,00,000,36*7E
$GPGSV,2,2,06,23,37,321,44,24,75,147,45,,,,,,,,*7D
$GPGSV,2,1,06,05,32,105,46,10,00,000,29,18,64,261,44,22,00,000,36*7F
$GPGSV,2,2,06,23,37,321,44,24,75,147,45,,,,,,,,*7D
$GPGSV,2,1,06,05,32,105,46,10,00,000,29,18,64,261,44,22,00,000,36*7F
$GPGSV,2,2,06,23,37,321,44,24,75,147,46,,,,,,,,*7E
$GPGSV,2,1,06,05,32,105,46,10,00,000,29,18,64,261,44,22,00,000,36*7F
$GPGSV,2,2,06,23,37,321,44,24,75,147,46,,,,,,,,*7E
$GPGSV,2,1,06,05,32,105,46,10,00,000,29,18,64,261,44,22,00,000,36*7F
$GPGSV,2,2,06,23,37,321,44,24,75,147,46,,,,,,,,*7E
$GPGSV,2,1,06,05,32,105,46,10,00,000,30,18,64,261,44,22,00,000,36*77
$GPGSV,2,2,06,23,37,321,44,24,75,147,46,,,,,,,,*7E
$GPGSV,2,1,06,05,32,105,46,10,00,000,30,18,64,261,44,22,00,000,35*74
$GPGSV,2,2,06,23,37,321,45,24,75,147,46,,,,,,,,*7F
$GPGSV,2,1,06,05,32,105,46,10,00,000,30,18,64,261,44,22,00,000,35*74
$GPGSV,2,2,06,23,37,321,45,24,75,147,46,,,,,,,,*7F
$GPGSV,2,1,06,05,32,105,46,10,00,000,30,18,64,261,44,22,00,000,35*74
$GPGSV,2,2,06,23,37,321,45,24,75,147,46,,,,,,,,*7F
$GPGSV,2,1,06,05,32,105,46,10,00,000,31,18,64,261,44,22,00,000,35*75
$GPGSV,2,2,06,23,37,321,45,24,75,147,46,,,,,,,,*7F
$GPGSV,2,1,06,05,32,105,46,10,00,000,31,18,64,261,44,22,00,000,35*75
$GPGSV,2,2,06,23,37,321,45,24,75,147,46,,,,,,,,*7F
$GPGSV,2,1,06,05,32,105,46,10,00,000,31,18,64,261,44,22,00,000,35*75
$GPGSV,2,2,06,23,37,321,45,24,75,147,46,,,,,,,,*7F
$GPGSV,2,1,06,05,32,105,46,10,00,000,31,18,64,261,44,22,00,000,35*75
$GPGSV,2,2,06,23,37,321,45,24,75,147,46,,,,,,,,*7F
$GPGSV,2,1,06,05,32,105,46,10,00,000,31,18,64,261,44,22,00,000,35*75
$GPGSV,2,2,06,23,37,321,45,24,75,147,46,,,,,,,,*7F
$GPGSV,2,1,06,05,32,105,46,10,00,000,31,18,64,261,44,22,00,000,34*74
$GPGSV,2,2,06,23,37,321,45,24,75,147,46,,,,,,,,*7F
$GPGSV,2,1,06,05,32,105,46,10,00,000,31,18,64,261,44,22,00,000,34*74
$GPGSV,2,2,06,23,37,321,45,24,75,147,46,,,,,,,,*7F
$GPGSV,2,1,06,05,32,105,46,10,00,000,31,18,64,261,44,22,00,000,34*74
$GPGSV,2,2,06,23,37,321,45,24,75,147,46,,,,,,,,*7F
$GPGSV,2,1,06,05,32,105,46,10,00,000,31,18,64,261,44,22,00,000,34*74
$GPGSV,2,2,06,23,37,321,45,24,75,147,46,,,,,,,,*7F
$GPGSV,2,1,06,05,32,105,46,10,00,000,31,18,64,261,44,22,00,000,34*74
$GPGSV,2,2,06,23,37,321,45,24,75,147,46,,,,,,,,*7F
$GPGSV,2,1,06,05,32,105,46,10,00,000,31,18,64,261,44,22,00,000,34*74
$GPGSV,2,2,06,23,37,321,45,24,75,147,46,,,,,,,,*7F
$GPGSV,2,1,06,05,32,105,46,10,00,000,31,18,64,261,44,22,00,000,34*74
$GPGSV,2,2,06,23,37,321,45,24,75,147,46,,,,,,,,*7F
$GPGSV,2,1,06,05,32,105,46,10,00,000,31,18,64,261,44,22,00,000,34*74
$GPGSV,2,2,06,23,37,321,45,24,75,147,46,,,,,,,,*7F
$GPGSV,2,1,06,05,32,105,46,10,00,000,31,18,64,261,44,22,00,000,34*74
$GPGSV,2,2,06,23,37,321,45,24,75,147,46,,,,,,,,*7F
$GPGSV,2,1,06,05,32,105,46,10,00,000,31,18,64,261,44,22,00,000,34*74
$GPGSV,2,2,06,23,37,321,45,24,75,147,46,,,,,,,,*7F
$GPGSV,2,1,06,05,32,105,46,10,00,000,31,18,64,261,44,22,00,000,34*74
$GPGSV,2,2,06,23,37,321,45,24,75,147,46,,,,,,,,*7F
$GPGSV,2,1,06,05,32,105,46,10,00,000,30,18,64,261,44,22,00,000,34*75
$GPGSV,2,2,06,23,37,321,45,24,75,147,46,,,,,,,,*7F
$GPGSV,2,1,06,05,32,105,46,10,00,000,30,18,64,261,44,22,00,000,34*75
$GPGSV,2,2,06,23,37,321,45,24,75,147,46,,,,,,,,*7F
$GPGSV,2,1,06,05,32,105,46,10,00,000,30,18,64,261,44,22,00,000,34*75
$GPGSV,2,2,06,23,37,321,45,24,75,147,46,,,,,,,,*7F
$GPGSV,2,1,06,05,32,105,46,10,00,000,30,18,64,261,44,22,00,000,34*75
$GPGSV,2,2,06,23,37,321,45,24,75,147,46,,,,,,,,*7F
$GPGSV,2,1,06,05,32,105,46,10,00,000,30,18,64,261,44,22,00,000,34*75
$GPGSV,2,2,06,23,37,321,45,24,75,147,46,,,,,,,,*7F
$GPGSV,2,1,06,05,32,105,46,10,00,000,30,18,64,260,44,22,00,000,34*74
$GPGSV,2,2,06,23,37,321,45,24,75,147,46,,,,,,,,*7F
$GPGSV,2,1,06,05,32,105,46,10,00,000,30,18,64,260,44,22,00,000,34*74
$GPGSV,2,2,06,23,37,321,45,24,75,147,46,,,,,,,,*7F
$GPGSV,2,1,06,05,32,105,46,10,00,000,30,18,64,260,45,22,00,000,34*75
$GPGSV,2,2,06,23,37,321,45,24,75,147,46,,,,,,,,*7F
$GPGSV,2,1,06,05,32,105,46,10,00,000,29,18,64,260,45,22,00,000,34*7D
$GPGSV,2,2,06,23,37,321,45,24,75,147,46,,,,,,,,*7F
$GPGSV,2,1,06,05,32,105,46,10,00,000,29,18,64,260,45,22,00,000,34*7D
$GPGSV,2,2,06,23,37,321,45,24,75,147,46,,,,,,,,*7F
$GPGSV,2,1,06,05,32,105,46,10,00,000,29,18,64,260,45,22,00,000,34*7D
$GPGSV,2,2,06,23,37,321,45,24,75,147,46,,,,,,,,*7F
$GPGSV,2,1,06,05,32,105,46,10,00,000,29,18,64,260,45,22,00,000,34*7D
$GPGSV,2,2,06,23,37,321,45,24,75,147,46,,,,,,,,*7F
$GPGSV,2,1,06,05,32,105,46,10,00,000,29,18,64,260,45,22,00,000,34*7D
$GPGSV,2,2,06,23,37,321,45,24,75,147,46,,,,,,,,*7F
$GPGSV,2,1,06,05,32,105,46,10,00,000,28,18,64,260,45,22,00,000,34*7C
$GPGSV,2,2,06,23,37,321,45,24,75,147,46,,,,,,,,*7F
$GPGSV,2,1,06,05,32,105,46,10,00,000,28,18,64,260,45,22,00,000,34*7C
$GPGSV,2,2,06,23,37,321,45,24,75,147,46,,,,,,,,*7F
$GPGSV,2,1,06,05,32,105,46,10,00,000,28,18,64,260,45,22,00,000,34*7C
$GPGSV,2,2,06,23,37,321,45,24,75,147,46,,,,,,,,*7F
$GPGSV,2,1,06,05,32,105,46,10,00,000,28,18,64,260,45,22,00,000,34*7C
$GPGSV,2,2,06,23,37,321,45,24,75,147,46,,,,,,,,*7F
$GPGSV,2,1,06,05,32,105,46,10,00,000,28,18,64,260,45,22,00,000,34*7C
$GPGSV,2,2,06,23,37,321,45,24,75,147,46,,,,,,,,*7F
$GPGSV,2,1,06,05,32,105,46,10,00,000,28,18,64,260,45,22,00,000,35*7D
$GPGSV,2,2,06,23,37,321,45,24,75,147,46,,,,,,,,*7F
$GPGSV,2,1,06,05,32,105,46,10,00,000,28,18,64,260,45,22,00,000,35*7D
$GPGSV,2,2,06,23,37,321,45,24,75,147,46,,,,,,,,*7F
$GPGSV,2,1,06,05,32,105,46,10,00,000,28,18,64,260,45,22,00,000,35*7D
$GPGSV,2,2,06,23,37,321,45,24,75,147,46,,,,,,,,*7F
$GPGSV,2,1,06,05,32,105,46,10,00,000,28,18,64,260,45,22,00,000,34*7C
$GPGSV,2,2,06,23,37,321,45,24,75,147,46,,,,,,,,*7F
$GPGSV,2,1,06,05,32,105,46,10,00,000,28,18,64,260,45,22,00,000,34*7C
$GPGSV,2,2,06,23,37,321,45,24,75,147,46,,,,,,,,*7F
$GPGSV,2,1,06,05,32,105,46,10,00,000,28,18,64,260,45,22,00,000,34*7C
$GPGSV,2,2,06,23,37,321,45,24,75,147,46,,,,,,,,*7F
$GPGSV,2,1,06,05,32,105,46,10,00,000,28,18,64,260,45,22,00,000,34*7C
$GPGSV,2,2,06,23,37,321,45,24,75,147,46,,,,,,,,*7F
$GPGSV,2,1,06,05,32,105,46,10,00,000,28,18,64,260,45,22,00,000,34*7C
$GPGSV,2,2,06,23,37,321,45,24,75,147,46,,,,,,,,*7F
$GPGSV,2,1,06,05,32,105,46,10,00,000,28,18,64,260,45,22,00,000,34*7C
$GPGSV,2,2,06,23,37,321,45,24,75,147,46,,,,,,,,*7F
$GPGSV,2,1,06,05,32,105,46,10,00,000,28,18,64,260,45,22,00,000,33*7B
$GPGSV,2,2,06,23,37,321,45,24,75,147,46,,,,,,,,*7F
$GPGSV,2,1,06,05,32,105,46,10,00,000,28,18,64,260,45,22,00,000,33*7B
$GPGSV,2,2,06,23,37,321,45,24,75,147,46,,,,,,,,*7F
$GPGSV,2,1,06,05,32,105,46,10,00,000,28,18,64,260,45,22,00,000,33*7B
$GPGSV,2,2,06,23,37,321,45,24,75,147,46,,,,,,,,*7F
$GPGSV,2,1,06,05,32,105,46,10,00,000,28,18,64,260,45,22,00,000,33*7B
$GPGSV,2,2,06,23,37,321,45,24,75,147,46,,,,,,,,*7F
$GPGSV,2,1,06,05,32,105,46,10,00,000,28,18,64,260,45,22,00,000,33*7B
$GPGSV,2,2,06,23,37,321,45,24,75,147,45,,,,,,,,*7C
$GPGSV,2,1,06,05,32,105,46,10,00,000,28,18,64,260,45,22,00,000,33*7B
$GPGSV,2,2,06,23,37,321,46,24,75,147,45,,,,,,,,*7F
$GPGSV,2,1,06,05,32,105,46,10,00,000,28,18,64,260,45,22,00,000,33*7B
$GPGSV,2,2,06,23,37,321,46,24,75,147,45,,,,,,,,*7F
$GPGSV,2,1,06,05,32,105,46,10,00,000,28,18,64,260,45,22,00,000,33*7B
$GPGSV,2,2,06,23,37,321,46,24,75,147,45,,,,,,,,*7F
$GPGSV,2,1,06,05,32,105,46,10,00,000,28,18,64,260,45,22,00,000,32*7A
$GPGSV,2,2,06,23,37,321,46,24,75,147,45,,,,,,,,*7F
$GPGSV,2,1,06,05,32,105,46,10,00,000,28,18,64,260,45,22,00,000,32*7A
$GPGSV,2,2,06,23,37,321,45,24,75,147,45,,,,,,,,*7C
$GPGSV,2,1,06,05,32,105,46,10,00,000,28,18,64,260,45,22,00,000,32*7A
$GPGSV,2,2,06,23,37,321,45,24,75,147,45,,,,,,,,*7C
$GPGSV,2,1,06,05,32,105,46,10,00,000,28,18,64,260,45,22,00,000,32*7A
$GPGSV,2,2,06,23,37,321,45,24,75,147,45,,,,,,,,*7C
$GPGSV,2,1,06,05,32,105,46,10,00,000,28,18,64,260,45,22,00,000,32*7A
$GPGSV,2,2,06,23,37,321,45,24,75,147,45,,,,,,,,*7C
$GPGSV,2,1,06,05,32,105,46,10,00,000,28,18,64,260,45,22,00,000,31*79
$GPGSV,2,2,06,23,37,321,45,24,75,147,45,,,,,,,,*7C
$GPGSV,2,1,06,05,32,105,46,10,00,000,28,18,64,260,45,22,00,000,31*79
$GPGSV,2,2,06,23,37,321,45,24,75,147,45,,,,,,,,*7C
$GPGSV,2,1,06,05,32,105,46,10,00,000,28,18,64,260,45,22,00,000,31*79
$GPGSV,2,2,06,23,37,321,45,24,75,147,45,,,,,,,,*7C
$GPGSV,2,1,06,05,32,105,46,10,00,000,28,18,64,260,45,22,00,000,31*79
$GPGSV,2,2,06,23,37,321,45,24,75,147,45,,,,,,,,*7C
$GPGSV,2,1,06,05,32,105,46,10,00,000,28,18,64,260,45,22,00,000,31*79
$GPGSV,2,2,06,23,37,321,45,24,75,147,45,,,,,,,,*7C
$GPGSV,2,1,06,05,32,105,46,10,00,000,28,18,64,260,45,22,00,000,31*79
$GPGSV,2,2,06,23,37,321,45,24,75,147,45,,,,,,,,*7C
$GPGSV,2,1,06,05,32,105,46,10,00,000,29,18,64,260,45,22,00,000,32*7B
$GPGSV,2,2,06,23,37,321,45,24,75,147,45,,,,,,,,*7C
$GPGSV,2,1,06,05,32,105,46,10,00,000,29,18,64,260,45,22,00,000,32*7B
$GPGSV,2,2,06,23,37,321,45,24,75,147,45,,,,,,,,*7C
$GPGSV,2,1,06,05,32,105,46,10,00,000,29,18,64,260,45,22,00,000,32*7B
$GPGSV,2,2,06,23,37,321,45,24,75,147,45,,,,,,,,*7C
$GPGSV,2,1,06,05,32,105,46,10,00,000,29,18,64,260,45,22,00,000,32*7B
$GPGSV,2,2,06,23,37,321,45,24,75,147,45,,,,,,,,*7C
$GPGSV,2,1,06,05,32,105,46,10,00,000,30,18,64,260,45,22,00,000,32*73
$GPGSV,2,2,06,23,37,321,45,24,75,147,45,,,,,,,,*7C
$GPGSV,2,1,06,05,32,105,46,10,00,000,30,18,64,260,45,22,00,000,32*73
$GPGSV,2,2,06,23,37,321,45,24,75,147,45,,,,,,,,*7C
$GPGSV,2,1,06,05,32,105,46,10,00,000,30,18,64,260,45,22,00,000,32*73
$GPGSV,2,2,06,23,37,321,45,24,75,147,45,,,,,,,,*7C
$GPGSV,2,1,06,05,32,105,46,10,00,000,30,18,64,260,45,22,00,000,32*73
$GPGSV,2,2,06,23,37,321,45,24,75,147,45,,,,,,,,*7C
$GPGSV,2,1,06,05,32,105,46,10,00,000,30,18,64,260,45,22,00,000,32*73
$GPGSV,2,2,06,23,37,321,45,24,75,147,45,,,,,,,,*7C
$GPGSV,2,1,06,05,32,105,46,10,00,000,31,18,64,260,45,22,00,000,33*73
$GPGSV,2,2,06,23,37,321,45,24,75,147,45,,,,,,,,*7C
$GPGSV,2,1,06,05,32,105,46,10,00,000,31,18,64,260,45,22,00,000,33*73
$GPGSV,2,2,06,23,37,321,45,24,75,147,45,,,,,,,,*7C
$GPGSV,2,1,06,05,32,105,46,10,00,000,31,18,64,260,45,22,00,000,33*73
$GPGSV,2,2,06,23,37,321,45,24,75,147,45,,,,,,,,*7C
$GPGSV,2,1,06,05,32,105,46,10,00,000,30,18,64,260,45,22,00,000,33*72
$GPGSV,2,2,06,23,37,321,45,24,75,147,45,,,,,,,,*7C
$GPGSV,2,1,06,05,32,105,46,10,00,000,30,18,64,260,45,22,00,000,33*72
$GPGSV,2,2,06,23,37,321,45,24,75,147,45,,,,,,,,*7C
$GPGSV,2,1,06,05,32,105,46,10,00,000,30,18,64,260,45,22,00,000,33*72
$GPGSV,2,2,06,23,37,321,45,24,75,147,45,,,,,,,,*7C
$GPGSV,2,1,06,05,32,105,46,10,00,000,29,18,64,260,45,22,00,000,33*7A
$GPGSV,2,2,06,23,37,321,45,24,75,147,45,,,,,,,,*7C
$GPGSV,2,1,06,05,32,105,46,10,00,000,28,18,64,260,45,22,00,000,33*7B
$GPGSV,2,2,06,23,37,321,45,24,75,147,45,,,,,,,,*7C
$GPGSV,2,1,06,05,32,105,46,10,00,000,28,18,64,260,45,22,00,000,33*7B
$GPGSV,2,2,06,23,37,321,44,24,75,147,45,,,,,,,,*7D
$GPGSV,2,1,06,05,32,105,46,10,00,000,27,18,64,260,45,22,00,000,33*74
$GPGSV,2,2,06,23,37,321,44,24,75,147,45,,,,,,,,*7D
$GPGSV,2,1,06,05,32,105,46,10,00,000,26,18,64,260,45,22,00,000,33*75
$GPGSV,2,2,06,23,37,321,44,24,75,147,45,,,,,,,,*7D
$GPGSV,2,1,06,05,32,105,46,10,00,000,26,18,64,260,45,22,00,000,33*75
$GPGSV,2,2,06,23,37,321,44,24,75,147,45,,,,,,,,*7D
$GPGSV,2,1,06,05,32,105,46,10,00,000,25,18,64,260,45,22,00,000,33*76
$GPGSV,2,2,06,23,37,321,44,24,75,147,45,,,,,,,,*7D
$GPGSV,2,1,06,05,32,105,46,10,00,000,25,18,64,260,45,22,00,000,33*76
$GPGSV,2,2,06,23,37,321,44,24,75,147,45,,,,,,,,*7D
$GPGSV,2,1,06,05,32,105,46,10,00,000,24,18,64,260,45,22,00,000,33*77
$GPGSV,2,2,06,23,37,321,44,24,75,147,45,,,,,,,,*7D
$GPGSV,2,1,06,05,32,105,46,10,00,000,24,18,64,260,45,22,00,000,33*77
$GPGSV,2,2,06,23,37,321,44,24,75,147,45,,,,,,,,*7D
$GPGSV,2,1,06,05,32,105,46,10,00,000,24,18,64,260,45,22,00,000,33*77
$GPGSV,2,2,06,23,37,321,44,24,75,147,45,,,,,,,,*7D
$GPGSV,2,1,06,05,32,105,46,10,00,000,25,18,64,260,45,22,00,000,33*76
$GPGSV,2,2,06,23,37,321,44,24,75,147,45,,,,,,,,*7D
$GPGSV,2,1,06,05,32,105,46,10,00,000,25,18,64,260,45,22,00,000,33*76
$GPGSV,2,2,06,23,37,321,44,24,75,147,45,,,,,,,,*7D
$GPGSV,2,1,06,05,32,105,46,10,00,000,25,18,64,260,45,22,00,000,33*76
$GPGSV,2,2,06,23,37,321,44,24,75,147,46,,,,,,,,*7E
$GPGSV,2,1,06,05,32,105,46,10,00,000,26,18,64,260,45,22,00,000,33*75
$GPGSV,2,2,06,23,37,321,44,24,75,147,46,,,,,,,,*7E
$GPGSV,2,1,06,05,32,105,46,10,00,000,26,18,64,260,45,22,00,000,33*75
$GPGSV,2,2,06,23,37,321,44,24,75,147,46,,,,,,,,*7E
$GPGSV,2,1,06,05,32,105,46,10,00,000,26,18,64,260,45,22,00,000,33*75
$GPGSV,2,2,06,23,37,321,44,24,75,147,46,,,,,,,,*7E
$GPGSV,2,1,06,05,32,105,46,10,00,000,26,18,64,260,45,22,00,000,33*75
$GPGSV,2,2,06,23,37,321,44,24,75,147,46,,,,,,,,*7E
$GPGSV,2,1,06,05,32,105,46,10,00,000,26,18,64,260,45,22,00,000,33*75
$GPGSV,2,2,06,23,37,321,44,24,75,147,46,,,,,,,,*7E
$GPGSV,2,1,06,05,31,105,46,10,00,000,27,18,64,260,45,22,00,000,33*77
$GPGSV,2,2,06,23,37,321,44,24,75,147,45,,,,,,,,*7D
$GPGSV,2,1,06,05,31,105,46,10,00,000,27,18,64,260,45,22,00,000,33*77
$GPGSV,2,2,06,23,37,321,44,24,75,147,45,,,,,,,,*7D
$GPGSV,2,1,06,05,31,105,46,10,00,000,27,18,64,260,45,22,00,000,33*77
$GPGSV,2,2,06,23,37,321,44,24,75,147,45,,,,,,,,*7D
$GPGSV,2,1,06,05,31,105,46,10,00,000,27,18,64,260,45,22,00,000,33*77
$GPGSV,2,2,06,23,37,321,44,24,75,147,45,,,,,,,,*7D
$GPGSV,2,1,06,05,31,105,46,10,00,000,27,18,64,260,45,22,00,000,33*77
$GPGSV,2,2,06,23,37,321,44,24,75,147,45,,,,,,,,*7D
$GPGSV,2,1,06,05,31,105,46,10,00,000,27,18,64,260,45,22,00,000,33*77
$GPGSV,2,2,06,23,37,321,44,24,75,147,45,,,,,,,,*7D
$GPGSV,2,1,06,05,31,105,46,10,00,000,27,18,64,260,45,22,00,000,33*77
$GPGSV,2,2,06,23,37,321,44,24,75,147,45,,,,,,,,*7D
$GPGSV,2,1,06,05,31,105,46,10,00,000,28,18,64,260,45,22,00,000,33*78
$GPGSV,2,2,06,23,37,321,44,24,75,147,45,,,,,,,,*7D
$GPGSV,2,1,06,05,31,105,46,10,00,000,28,18,64,260,45,22,00,000,33*78
$GPGSV,2,2,06,23,37,321,44,24,75,147,45,,,,,,,,*7D
$GPGSV,2,1,06,05,31,105,46,10,00,000,28,18,64,260,45,22,00,000,33*78
$GPGSV,2,2,06,23,37,321,44,24,75,147,46,,,,,,,,*7E
$GPGSV,2,1,06,05,31,105,46,10,00,000,28,18,64,260,45,22,00,000,33*78
$GPGSV,2,2,06,23,37,321,44,24,75,147,46,,,,,,,,*7E
$GPGSV,2,1,06,05,31,105,46,10,00,000,28,18,64,260,45,22,00,000,33*78
$GPGSV,2,2,06,23,37,321,44,24,75,147,46,,,,,,,,*7E
$GPGSV,2,1,06,05,31,105,46,10,00,000,27,18,64,260,44,22,00,000,33*76
$GPGSV,2,2,06,23,37,321,44,24,75,147,46,,,,,,,,*7E
$GPGSV,2,1,06,05,31,105,46,10,00,000,27,18,64,260,44,22,00,000,34*71
$GPGSV,2,2,06,23,37,321,44,24,75,147,46,,,,,,,,*7E
$GPGSV,2,1,06,05,31,105,46,10,00,000,27,18,64,260,44,22,00,000,34*71
$GPGSV,2,2,06,23,37,321,44,24,75,147,46,,,,,,,,*7E
$GPGSV,2,1,06,05,31,105,46,10,00,000,27,18,64,260,44,22,00,000,34*71
$GPGSV,2,2,06,23,37,321,44,24,75,147,46,,,,,,,,*7E
$GPGSV,2,1,06,05,31,105,46,10,00,000,27,18,64,260,44,22,00,000,34*71
$GPGSV,2,2,06,23,37,321,44,24,75,147,46,,,,,,,,*7E
$GPGSV,2,1,06,05,31,105,46,10,00,000,27,18,64,260,44,22,00,000,34*71
$GPGSV,2,2,06,23,37,321,44,24,75,147,46,,,,,,,,*7E
$GPGSV,2,1,06,05,31,105,46,10,00,000,28,18,64,260,44,22,00,000,34*7E
$GPGSV,2,2,06,23,37,321,44,24,75,147,46,,,,,,,,*7E
$GPGSV,2,1,06,05,31,105,46,10,00,000,28,18,64,260,44,22,00,000,34*7E
$GPGSV,2,2,06,23,37,321,44,24,75,147,46,,,,,,,,*7E
$GPGSV,2,1,06,05,31,105,46,10,00,000,28,18,64,260,44,22,00,000,34*7E
$GPGSV,2,2,06,23,37,321,44,24,75,147,46,,,,,,,,*7E
$GPGSV,2,1,06,05,31,105,46,10,00,000,28,18,64,260,44,22,00,000,34*7E
$GPGSV,2,2,06,23,37,321,44,24,75,147,46,,,,,,,,*7E
$GPGSV,2,1,06,05,31,105,46,10,00,000,27,18,64,260,44,22,00,000,34*71
$GPGSV,2,2,06,23,37,321,44,24,75,147,46,,,,,,,,*7E
$GPGSV,2,1,06,05,31,105,46,10,00,000,27,18,64,260,44,22,00,000,34*71
$GPGSV,2,2,06,23,37,321,44,24,75,147,46,,,,,,,,*7E
$GPGSV,2,1,06,05,31,105,46,10,00,000,28,18,64,260,44,22,00,000,34*7E
$GPGSV,2,2,06,23,37,321,44,24,75,147,46,,,,,,,,*7E
$GPGSV,2,1,06,05,31,105,46,10,00,000,28,18,64,260,44,22,00,000,34*7E
$GPGSV,2,2,06,23,37,321,44,24,75,147,46,,,,,,,,*7E
$GPGSV,2,1,06,05,31,105,46,10,00,000,28,18,64,260,44,22,00,000,35*7F
$GPGSV,2,2,06,23,37,321,44,24,75,147,46,,,,,,,,*7E
$GPGSV,2,1,06,05,31,105,46,10,00,000,28,18,64,260,44,22,00,000,35*7F
$GPGSV,2,2,06,23,37,321,44,24,75,147,46,,,,,,,,*7E
$GPGSV,2,1,06,05,31,105,46,10,00,000,28,18,64,260,44,22,00,000,35*7F
$GPGSV,2,2,06,23,37,321,44,24,75,147,46,,,,,,,,*7E
$GPGSV,2,1,06,05,31,105,46,10,00,000,28,18,64,260,44,22,00,000,35*7F
$GPGSV,2,2,06,23,37,321,45,24,75,147,46,,,,,,,,*7F
$GPGSV,2,1,06,05,31,105,46,10,00,000,28,18,64,260,45,22,00,000,35*7E
$GPGSV,2,2,06,23,37,321,45,24,75,147,46,,,,,,,,*7F
$GPGSV,2,1,06,05,31,105,46,10,00,000,28,18,64,260,45,22,00,000,35*7E
$GPGSV,2,2,06,23,37,321,45,24,75,147,46,,,,,,,,*7F
$GPGSV,2,1,06,05,31,105,46,10,00,000,28,18,64,260,45,22,00,000,35*7E
$GPGSV,2,2,06,23,37,321,45,24,75,147,46,,,,,,,,*7F
$GPGSV,2,1,06,05,31,105,46,10,00,000,28,18,64,260,45,22,00,000,35*7E
$GPGSV,2,2,06,23,37,321,45,24,75,147,46,,,,,,,,*7F
$GPGSV,2,1,06,05,31,105,46,10,00,000,28,18,64,260,45,22,00,000,35*7E
$GPGSV,2,2,06,23,37,321,45,24,75,147,46,,,,,,,,*7F
$GPGSV,2,1,06,05,31,105,46,10,00,000,28,18,64,260,45,22,00,000,35*7E
$GPGSV,2,2,06,23,37,321,45,24,75,147,46,,,,,,,,*7F
$GPGSV,2,1,06,05,31,105,46,10,00,000,28,18,64,260,45,22,00,000,35*7E
$GPGSV,2,2,06,23,37,321,45,24,75,147,46,,,,,,,,*7F
$GPGSV,2,1,06,05,31,105,46,10,00,000,28,18,64,260,45,22,00,000,35*7E
$GPGSV,2,2,06,23,37,321,45,24,75,147,46,,,,,,,,*7F
$GPGSV,2,1,06,05,31,105,46,10,00,000,28,18,64,260,45,22,00,000,35*7E
$GPGSV,2,2,06,23,37,321,45,24,75,147,46,,,,,,,,*7F
$GPGSV,2,1,06,05,31,105,46,10,00,000,29,18,64,260,45,22,00,000,35*7F
$GPGSV,2,2,06,23,37,321,45,24,75,147,46,,,,,,,,*7F
$GPGSV,2,1,06,05,31,105,46,10,00,000,29,18,64,260,45,22,00,000,35*7F
$GPGSV,2,2,06,23,37,321,45,24,75,147,46,,,,,,,,*7F
$GPGSV,2,1,06,05,31,105,46,10,00,000,29,18,64,260,45,22,00,000,35*7F
$GPGSV,2,2,06,23,37,321,45,24,75,147,46,,,,,,,,*7F
$GPGSV,2,1,06,05,31,105,46,10,00,000,29,18,64,260,45,22,00,000,35*7F
$GPGSV,2,2,06,23,37,321,45,24,75,147,46,,,,,,,,*7F
$GPGSV,2,1,06,05,31,105,46,10,00,000,29,18,64,260,45,22,00,000,35*7F
$GPGSV,2,2,06,23,37,321,45,24,75,147,46,,,,,,,,*7F
$GPGSV,2,1,06,05,31,105,46,10,00,000,29,18,64,260,45,22,00,000,35*7F
$GPGSV,2,2,06,23,37,321,45,24,75,147,46,,,,,,,,*7F
$GPGSV,2,1,06,05,31,105,46,10,00,000,28,18,64,260,45,22,00,000,35*7E
$GPGSV,2,2,06,23,37,321,45,24,75,147,46,,,,,,,,*7F
$GPGSV,2,1,06,05,31,105,46,10,00,000,28,18,64,260,45,22,00,000,35*7E
$GPGSV,2,2,06,23,37,321,45,24,75,147,46,,,,,,,,*7F
$GPGSV,2,1,06,05,31,105,46,10,00,000,28,18,64,260,45,22,00,000,35*7E
$GPGSV,2,2,06,23,37,321,45,24,75,147,46,,,,,,,,*7F
$GPGSV,2,1,06,05,31,105,46,10,00,000,28,18,64,260,45,22,00,000,35*7E
$GPGSV,2,2,06,23,37,321,45,24,75,147,46,,,,,,,,*7F
$GPGSV,2,1,06,05,31,105,46,10,00,000,29,18,64,260,45,22,00,000,35*7F
$GPGSV,2,2,06,23,37,321,45,24,75,147,46,,,,,,,,*7F
$GPGSV,2,1,06,05,31,105,46,10,00,000,29,18,64,260,45,22,00,000,35*7F
$GPGSV,2,2,06,23,37,321,45,24,75,147,46,,,,,,,,*7F
$GPGSV,2,1,06,05,31,105,46,10,00,000,29,18,64,260,45,22,00,000,35*7F
$GPGSV,2,2,06,23,37,321,45,24,75,147,46,,,,,,,,*7F
$GPGSV,2,1,06,05,31,105,46,10,00,000,28,18,64,260,45,22,00,000,35*7E
$GPGSV,2,2,06,23,37,321,45,24,75,147,46,,,,,,,,*7F
$GPGSV,2,1,06,05,31,105,46,10,00,000,28,18,64,260,45,22,00,000,35*7E
$GPGSV,2,2,06,23,37,321,45,24,75,147,46,,,,,,,,*7F
$GPGSV,2,1,06,05,31,105,46,10,00,000,28,18,64,260,45,22,00,000,35*7E
$GPGSV,2,2,06,23,37,321,45,24,75,147,46,,,,,,,,*7F
$GPGSV,2,1,06,05,31,105,46,10,00,000,28,18,64,260,45,22,00,000,35*7E
$GPGSV,2,2,06,23,37,321,45,24,75,147,46,,,,,,,,*7F
$GPGSV,2,1,06,05,31,105,46,10,00,000,28,18,64,260,45,22,00,000,35*7E
$GPGSV,2,2,06,23,37,321,45,24,75,147,46,,,,,,,,*7F
$GPGSV,2,1,06,05,31,105,46,10,00,000,28,18,64,260,45,22,00,000,35*7E
$GPGSV,2,2,06,23,37,321,45,24,75,147,46,,,,,,,,*7F
$GPGSV,2,1,06,05,31,105,46,10,00,000,28,18,64,260,45,22,00,000,35*7E
$GPGSV,2,2,06,23,37,321,45,24,75,147,46,,,,,,,,*7F
$GPGSV,2,1,06,05,31,105,46,10,00,000,28,18,64,260,45,22,00,000,35*7E
$GPGSV,2,2,06,23,37,321,45,24,75,147,46,,,,,,,,*7F
$GPGSV,2,1,06,05,31,105,46,10,00,000,28,18,64,260,45,22,00,000,35*7E
$GPGSV,2,2,06,23,37,321,45,24,75,147,46,,,,,,,,*7F
$GPGSV,2,1,06,05,31,105,46,10,00,000,28,18,64,260,45,22,00,000,35*7E
$GPGSV,2,2,06,23,37,321,45,24,75,147,46,,,,,,,,*7F
$GPGSV,2,1,06,05,31,105,46,10,00,000,28,18,64,260,45,22,00,000,35*7E
$GPGSV,2,2,06,23,37,321,45,24,75,147,46,,,,,,,,*7F
$GPGSV,2,1,06,05,31,105,46,10,00,000,28,18,64,260,45,22,00,000,35*7E
$GPGSV,2,2,06,23,37,321,45,24,75,147,46,,,,,,,,*7F
$GPGSV,2,1,06,05,31,105,46,10,00,000,27,18,64,260,45,22,00,000,35*71
$GPGSV,2,2,06,23,37,321,45,24,75,147,46,,,,,,,,*7F
$GPGSV,2,1,06,05,31,105,46,10,00,000,27,18,64,260,45,22,00,000,35*71
$GPGSV,2,2,06,23,37,321,45,24,75,147,46,,,,,,,,*7F
$GPGSV,2,1,06,05,31,105,46,10,00,000,27,18,64,260,45,22,00,000,35*71
$GPGSV,2,2,06,23,37,321,45,24,75,147,46,,,,,,,,*7F
$GPGSV,2,1,06,05,31,105,46,10,00,000,26,18,64,260,45,22,00,000,35*70
$GPGSV,2,2,06,23,37,321,45,24,75,147,46,,,,,,,,*7F
$GPGSV,2,1,06,05,31,105,46,10,00,000,26,18,64,260,45,22,00,000,35*70
$GPGSV,2,2,06,23,37,321,46,24,75,147,46,,,,,,,,*7C
$GPGSV,2,1,06,05,31,105,46,10,00,000,26,18,64,260,45,22,00,000,35*70
$GPGSV,2,2,06,23,37,321,46,24,75,147,46,,,,,,,,*7C
$GPGSV,2,1,06,05,31,105,46,10,00,000,26,18,64,260,45,22,00,000,35*70
$GPGSV,2,2,06,23,37,321,46,24,75,146,46,,,,,,,,*7D
$GPGSV,2,1,06,05,31,105,46,10,00,000,26,18,64,260,45,22,00,000,34*71
$GPGSV,2,2,06,23,37,321,46,24,75,146,46,,,,,,,,*7D
$GPGSV,2,1,06,05,31,105,46,10,00,000,26,18,64,260,45,22,00,000,34*71
$GPGSV,2,2,06,23,37,321,46,24,75,146,46,,,,,,,,*7D
$GPGSV,2,1,06,05,31,105,46,10,00,000,26,18,64,260,45,22,00,000,34*71
$GPGSV,2,2,06,23,37,321,46,24,75,146,46,,,,,,,,*7D
$GPGSV,2,1,06,05,31,105,46,10,00,000,26,18,64,260,45,22,00,000,34*71
$GPGSV,2,2,06,23,37,321,46,24,75,146,46,,,,,,,,*7D
$GPGSV,2,1,06,05,31,105,46,10,00,000,25,18,64,260,45,22,00,000,34*72
$GPGSV,2,2,06,23,37,321,46,24,75,146,46,,,,,,,,*7D
$GPGSV,2,1,06,05,31,105,46,10,00,000,25,18,64,260,45,22,00,000,34*72
$GPGSV,2,2,06,23,37,321,45,24,75,146,46,,,,,,,,*7E
$GPGSV,2,1,06,05,31,105,46,10,00,000,25,18,64,260,45,22,00,000,34*72
$GPGSV,2,2,06,23,37,321,45,24,75,146,46,,,,,,,,*7E
$GPGSV,2,1,06,05,31,105,46,10,00,000,25,18,64,260,45,22,00,000,34*72
$GPGSV,2,2,06,23,37,321,45,24,75,146,46,,,,,,,,*7E
$GPGSV,2,1,06,05,31,105,46,10,00,000,25,18,64,260,45,22,00,000,34*72
$GPGSV,2,2,06,23,37,321,45,24,75,146,46,,,,,,,,*7E
$GPGSV,2,1,06,05,31,105,46,10,00,000,25,18,64,260,45,22,00,000,34*72
$GPGSV,2,2,06,23,37,321,45,24,75,146,46,,,,,,,,*7E
$GPGSV,2,1,06,05,31,105,46,10,00,000,25,18,64,260,45,22,00,000,34*72
$GPGSV,2,2,06,23,37,321,45,24,75,146,46,,,,,,,,*7E
$GPGSV,2,1,06,05,31,105,46,10,00,000,25,18,64,260,45,22,00,000,34*72
$GPGSV,2,2,06,23,37,321,45,24,75,146,46,,,,,,,,*7E
$GPGSV,2,1,06,05,31,105,46,10,00,000,25,18,64,260,45,22,00,000,34*72
$GPGSV,2,2,06,23,37,321,45,24,75,146,46,,,,,,,,*7E
$GPGSV,2,1,06,05,31,105,46,10,00,000,26,18,64,260,45,22,00,000,34*71
$GPGSV,2,2,06,23,37,321,45,24,75,146,46,,,,,,,,*7E
$GPGSV,2,1,06,05,31,105,46,10,00,000,26,18,64,260,45,22,00,000,34*71
$GPGSV,2,2,06,23,37,321,45,24,75,146,46,,,,,,,,*7E
$GPGSV,2,1,06,05,31,105,46,10,00,000,26,18,64,260,45,22,00,000,34*71
$GPGSV,2,2,06,23,37,321,45,24,75,146,46,,,,,,,,*7E
$GPGSV,2,1,06,05,31,105,46,10,00,000,26,18,64,260,45,22,00,000,34*71
$GPGSV,2,2,06,23,37,321,45,24,75,146,46,,,,,,,,*7E
$GPGSV,2,1,06,05,31,105,46,10,00,000,27,18,64,260,45,22,00,000,34*70
$GPGSV,2,2,06,23,37,321,45,24,75,146,46,,,,,,,,*7E
$GPGSV,2,1,06,05,31,105,46,10,00,000,27,18,64,260,45,22,00,000,34*70
$GPGSV,2,2,06,23,37,321,45,24,75,146,46,,,,,,,,*7E
$GPGSV,2,1,06,05,31,105,46,10,00,000,27,18,64,260,45,22,00,000,34*70
$GPGSV,2,2,06,23,37,321,45,24,75,146,46,,,,,,,,*7E
$GPGSV,2,1,06,05,31,105,46,10,00,000,27,18,64,260,45,22,00,000,33*77
$GPGSV,2,2,06,23,37,321,45,24,75,146,46,,,,,,,,*7E
$GPGSV,2,1,06,05,31,105,46,10,00,000,27,18,64,260,45,22,00,000,33*77
$GPGSV,2,2,06,23,37,321,45,24,75,146,46,,,,,,,,*7E
$GPGSV,2,1,06,05,31,105,46,10,00,000,27,18,64,260,45,22,00,000,33*77
$GPGSV,2,2,06,23,37,321,45,24,75,146,46,,,,,,,,*7E
$GPGSV,2,1,06,05,31,105,46,10,00,000,28,18,64,260,45,22,00,000,33*78
$GPGSV,2,2,06,23,37,321,45,24,75,146,46,,,,,,,,*7E
$GPGSV,2,1,06,05,31,105,46,10,00,000,28,18,64,260,45,22,00,000,33*78
$GPGSV,2,2,06,23,37,321,45,24,75,146,46,,,,,,,,*7E
$GPGSV,2,1,06,05,31,105,46,10,00,000,28,18,64,260,45,22,00,000,33*78
$GPGSV,2,2,06,23,37,321,45,24,75,146,46,,,,,,,,*7E
$GPGSV,2,1,06,05,31,105,46,10,00,000,28,18,64,260,45,22,00,000,33*78
$GPGSV,2,2,06,23,37,321,45,24,75,146,46,,,,,,,,*7E
$GPGSV,2,1,06,05,31,105,46,10,00,000,28,18,64,260,45,22,00,000,33*78
$GPGSV,2,2,06,23,37,321,45,24,75,146,46,,,,,,,,*7E
$GPGSV,2,1,06,05,31,105,46,10,00,000,29,18,64,260,45,22,00,000,33*79
$GPGSV,2,2,06,23,37,321,45,24,75,146,46,,,,,,,,*7E
$GPGSV,2,1,06,05,31,105,46,10,00,000,29,18,64,260,45,22,00,000,33*79
$GPGSV,2,2,06,23,37,321,44,24,75,146,46,,,,,,,,*7F
$GPGSV,2,1,06,05,31,105,46,10,00,000,29,18,64,260,45,22,00,000,33*79
$GPGSV,2,2,06,23,37,321,44,24,75,146,46,,,,,,,,*7F
$GPGSV,2,1,06,05,31,105,46,10,00,000,29,18,64,260,45,22,00,000,33*79
$GPGSV,2,2,06,23,37,321,44,24,75,146,46,,,,,,,,*7F
$GPGSV,2,1,06,05,31,105,46,10,00,000,30,18,64,260,45,22,00,000,33*71
$GPGSV,2,2,06,23,37,321,44,24,75,146,46,,,,,,,,*7F
$GPGSV,2,1,06,05,31,105,46,10,00,000,30,18,64,260,45,22,00,000,33*71
$GPGSV,2,2,06,23,37,321,44,24,75,146,46,,,,,,,,*7F
$GPGSV,2,1,06,05,31,105,46,10,00,000,30,18,64,260,45,22,00,000,33*71
$GPGSV,2,2,06,23,37,321,44,24,75,146,46,,,,,,,,*7F
$GPGSV,2,1,06,05,31,105,46,10,00,000,30,18,64,260,45,22,00,000,33*71
$GPGSV,2,2,06,23,37,321,44,24,75,146,46,,,,,,,,*7F
$GPGSV,2,1,06,05,31,105,46,10,00,000,30,18,64,260,45,22,00,000,33*71
$GPGSV,2,2,06,23,37,321,44,24,75,146,46,,,,,,,,*7F
$GPGSV,2,1,06,05,31,105,46,10,00,000,29,18,64,260,45,22,00,000,33*79
$GPGSV,2,2,06,23,37,321,44,24,75,146,46,,,,,,,,*7F
$GPGSV,2,1,06,05,31,105,46,10,00,000,29,18,64,260,45,22,00,000,33*79
$GPGSV,2,2,06,23,37,321,44,24,75,146,46,,,,,,,,*7F
$GPGSV,2,1,06,05,31,105,46,10,00,000,29,18,64,260,45,22,00,000,33*79
$GPGSV,2,2,06,23,37,321,44,24,75,146,46,,,,,,,,*7F
$GPGSV,2,1,06,05,31,105,46,10,00,000,29,18,64,260,45,22,00,000,33*79
$GPGSV,2,2,06,23,37,321,44,24,75,146,46,,,,,,,,*7F
$GPGSV,2,1,06,05,31,105,46,10,00,000,29,18,64,260,45,22,00,000,33*79
$GPGSV,2,2,06,23,37,321,44,24,75,146,46,,,,,,,,*7F
$GPGSV,2,1,06,05,31,105,46,10,00,000,29,18,64,260,45,22,00,000,33*79
$GPGSV,2,2,06,23,37,321,44,24,75,146,46,,,,,,,,*7F
$GPGSV,2,1,06,05,31,105,46,10,00,000,28,18,64,260,45,22,00,000,34*7F
$GPGSV,2,2,06,23,37,321,43,24,75,146,46,,,,,,,,*78
$GPGSV,2,1,06,05,31,105,46,10,00,000,28,18,64,260,45,22,00,000,34*7F
$GPGSV,2,2,06,23,37,321,43,24,75,146,46,,,,,,,,*78
$GPGSV,2,1,06,05,31,105,46,10,00,000,28,18,64,260,45,22,00,000,34*7F
$GPGSV,2,2,06,23,37,321,43,24,75,146,46,,,,,,,,*78
$GPGSV,2,1,06,05,31,105,46,10,00,000,27,18,64,260,46,22,00,000,34*73
$GPGSV,2,2,06,23,37,321,43,24,75,146,46,,,,,,,,*78
$GPGSV,2,1,06,05,31,105,46,10,00,000,26,18,64,260,46,22,00,000,34*72
$GPGSV,2,2,06,23,37,321,43,24,75,146,46,,,,,,,,*78
$GPGSV,2,1,06,05,31,105,46,10,00,000,26,18,64,260,46,22,00,000,34*72
$GPGSV,2,2,06,23,37,321,43,24,75,146,46,,,,,,,,*78
$GPGSV,2,1,06,05,31,105,46,10,00,000,25,18,64,260,46,22,00,000,34*71
$GPGSV,2,2,06,23,37,321,43,24,75,146,46,,,,,,,,*78
$GPGSV,2,1,06,05,31,105,46,10,00,000,25,18,64,260,46,22,00,000,34*71
$GPGSV,2,2,06,23,37,321,43,24,75,146,46,,,,,,,,*78
$GPGSV,2,1,06,05,31,105,46,10,00,000,24,18,64,260,46,22,00,000,34*70
$GPGSV,2,2,06,23,37,321,43,24,75,146,46,,,,,,,,*78
$GPGSV,2,1,06,05,31,105,46,10,00,000,24,18,64,260,46,22,00,000,34*70
$GPGSV,2,2,06,23,37,321,43,24,75,146,46,,,,,,,,*78
$GPGSV,2,1,06,05,31,105,46,10,00,000,24,18,64,260,46,22,00,000,34*70
$GPGSV,2,2,06,23,37,321,43,24,75,146,46,,,,,,,,*78
$GPGSV,2,1,06,05,31,105,46,10,00,000,23,18,64,260,46,22,00,000,34*77
$GPGSV,2,2,06,23,37,321,43,24,75,146,46,,,,,,,,*78
$GPGSV,2,1,06,05,31,105,46,10,00,000,23,18,64,260,46,22,00,000,34*77
$GPGSV,2,2,06,23,37,321,43,24,75,146,46,,,,,,,,*78
$GPGSV,2,1,06,05,31,105,46,10,00,000,22,18,64,260,46,22,00,000,34*76
$GPGSV,2,2,06,23,37,321,43,24,75,146,46,,,,,,,,*78
$GPGSV,2,1,06,05,31,105,46,10,00,000,22,18,64,260,46,22,00,000,34*76
$GPGSV,2,2,06,23,37,321,43,24,75,146,46,,,,,,,,*78
$GPGSV,2,1,06,05,31,105,46,10,00,000,21,18,64,260,46,22,00,000,34*75
$GPGSV,2,2,06,23,37,321,43,24,75,146,46,,,,,,,,*78
$GPGSV,2,1,06,05,31,105,46,10,00,000,21,18,64,260,46,22,00,000,34*75
$GPGSV,2,2,06,23,37,321,43,24,75,146,46,,,,,,,,*78
$GPGSV,2,1,06,05,31,105,46,10,00,000,21,18,64,260,46,22,00,000,34*75
$GPGSV,2,2,06,23,37,321,43,24,75,146,46,,,,,,,,*78
$GPGSV,2,1,06,05,31,105,46,10,00,000,21,18,64,260,46,22,00,000,34*75
$GPGSV,2,2,06,23,37,321,43,24,75,146,46,,,,,,,,*78
$GPGSV,2,1,06,05,31,105,46,10,00,000,21,18,64,260,46,22,00,000,34*75
$GPGSV,2,2,06,23,37,321,43,24,75,146,46,,,,,,,,*78
$GPGSV,2,1,06,05,31,105,46,10,00,000,22,18,64,260,46,22,00,000,34*76
$GPGSV,2,2,06,23,37,321,43,24,75,146,46,,,,,,,,*78
$GPGSV,2,1,06,05,31,105,46,10,00,000,22,18,64,260,46,22,00,000,34*76
$GPGSV,2,2,06,23,37,321,43,24,75,146,46,,,,,,,,*78
$GPGSV,2,1,06,05,31,105,46,10,00,000,22,18,64,260,46,22,00,000,34*76
$GPGSV,2,2,06,23,37,321,43,24,75,146,46,,,,,,,,*78
$GPGSV,2,1,06,05,31,105,46,10,00,000,22,18,64,260,46,22,00,000,34*76
$GPGSV,2,2,06,23,37,321,43,24,75,146,46,,,,,,,,*78
$GPGSV,2,1,06,05,31,105,46,10,00,000,23,18,64,260,46,22,00,000,34*77
$GPGSV,2,2,06,23,37,321,43,24,75,146,46,,,,,,,,*78
$GPGSV,2,1,06,05,31,105,46,10,00,000,23,18,64,260,46,22,00,000,34*77
$GPGSV,2,2,06,23,37,321,43,24,75,146,46,,,,,,,,*78
$GPGSV,2,1,06,05,31,105,46,10,00,000,23,18,64,260,46,22,00,000,34*77
$GPGSV,2,2,06,23,37,321,44,24,76,146,46,,,,,,,,*7C
$GPGSV,2,1,06,05,31,105,46,10,00,000,23,18,64,260,46,22,00,000,34*77
$GPGSV,2,2,06,23,37,321,44,24,76,146,46,,,,,,,,*7C
$GPGSV,2,1,06,05,31,105,46,10,00,000,23,18,64,260,46,22,00,000,33*70
$GPGSV,2,2,06,23,37,321,44,24,76,146,46,,,,,,,,*7C
$GPGSV,2,1,06,05,31,105,46,10,00,000,23,18,64,260,46,22,00,000,33*70
$GPGSV,2,2,06,23,37,321,44,24,76,146,46,,,,,,,,*7C
$GPGSV,2,1,06,05,31,105,46,10,00,000,23,18,64,260,46,22,00,000,33*70
$GPGSV,2,2,06,23,37,321,44,24,76,146,46,,,,,,,,*7C
$GPGSV,2,1,06,05,31,105,46,10,00,000,23,18,64,260,46,22,00,000,33*70
$GPGSV,2,2,06,23,37,321,44,24,76,146,46,,,,,,,,*7C
$GPGSV,2,1,06,05,31,105,46,10,00,000,23,18,64,260,46,22,00,000,32*71
$GPGSV,2,2,06,23,37,321,44,24,76,146,46,,,,,,,,*7C
$GPGSV,2,1,06,05,31,105,46,10,00,000,23,18,64,260,46,22,00,000,32*71
$GPGSV,2,2,06,23,37,321,44,24,76,146,46,,,,,,,,*7C
$GPGSV,2,1,06,05,31,105,46,10,00,000,23,18,64,260,46,22,00,000,32*71
$GPGSV,2,2,06,23,37,321,44,24,76,146,46,,,,,,,,*7C
$GPGSV,2,1,06,05,31,105,46,10,00,000,24,18,64,260,46,22,00,000,32*76
$GPGSV,2,2,06,23,37,321,44,24,76,146,46,,,,,,,,*7C
$GPGSV,2,1,06,05,31,105,46,10,00,000,24,18,64,260,46,22,00,000,32*76
$GPGSV,2,2,06,23,37,321,44,24,76,146,46,,,,,,,,*7C
$GPGSV,2,1,06,05,31,105,46,10,00,000,24,18,64,260,46,22,00,000,32*76
$GPGSV,2,2,06,23,37,321,44,24,76,146,46,,,,,,,,*7C
$GPGSV,2,1,06,05,31,105,46,10,00,000,24,18,64,260,46,22,00,000,32*76
$GPGSV,2,2,06,23,37,321,44,24,76,146,46,,,,,,,,*7C
$GPGSV,2,1,06,05,31,105,46,10,00,000,23,18,64,260,46,22,00,000,32*71
$GPGSV,2,2,06,23,37,321,44,24,76,146,46,,,,,,,,*7C
$GPGSV,2,1,06,05,31,105,46,10,00,000,23,18,64,260,46,22,00,000,32*71
$GPGSV,2,2,06,23,37,321,44,24,76,146,46,,,,,,,,*7C
$GPGSV,2,1,06,05,31,105,46,10,00,000,23,18,64,260,46,22,00,000,32*71
$GPGSV,2,2,06,23,37,321,44,24,76,146,46,,,,,,,,*7C
$GPGSV,2,1,06,05,31,105,46,10,00,000,23,18,64,260,46,22,00,000,32*71
$GPGSV,2,2,06,23,37,321,44,24,76,146,46,,,,,,,,*7C
$GPGSV,2,1,06,05,31,105,46,10,00,000,23,18,64,260,46,22,00,000,32*71
$GPGSV,2,2,06,23,37,321,44,24,76,146,46,,,,,,,,*7C
$GPGSV,2,1,06,05,31,105,46,10,00,000,23,18,64,260,46,22,00,000,32*71
$GPGSV,2,2,06,23,37,321,45,24,76,146,46,,,,,,,,*7D
$GPGSV,2,1,06,05,31,105,46,10,00,000,23,18,64,260,46,22,00,000,32*71
$GPGSV,2,2,06,23,37,321,45,24,76,146,46,,,,,,,,*7D
$GPGSV,2,1,06,05,31,105,46,10,00,000,23,18,64,260,46,22,00,000,32*71
$GPGSV,2,2,06,23,37,321,45,24,76,146,46,,,,,,,,*7D
$GPGSV,2,1,06,05,31,105,46,10,00,000,24,18,64,260,46,22,00,000,32*76
$GPGSV,2,2,06,23,37,321,45,24,76,146,46,,,,,,,,*7D
$GPGSV,2,1,06,05,31,105,46,10,00,000,24,18,64,260,46,22,00,000,32*76
$GPGSV,2,2,06,23,37,321,45,24,76,146,46,,,,,,,,*7D
$GPGSV,2,1,06,05,31,105,46,10,00,000,24,18,64,260,46,22,00,000,32*76
$GPGSV,2,2,06,23,37,321,45,24,76,146,46,,,,,,,,*7D
$GPGSV,2,1,06,05,31,105,46,10,00,000,24,18,64,260,46,22,00,000,32*76
$GPGSV,2,2,06,23,37,321,45,24,76,146,46,,,,,,,,*7D
$GPGSV,2,1,06,05,31,105,46,10,00,000,24,18,64,260,46,22,00,000,33*77
$GPGSV,2,2,06,23,37,321,45,24,76,146,46,,,,,,,,*7D
$GPGSV,2,1,06,05,31,105,46,10,00,000,24,18,64,260,46,22,00,000,33*77
$GPGSV,2,2,06,23,37,321,45,24,76,146,46,,,,,,,,*7D
$GPGSV,2,1,06,05,31,105,46,10,00,000,24,18,64,260,46,22,00,000,33*77
$GPGSV,2,2,06,23,37,321,45,24,76,146,46,,,,,,,,*7D
$GPGSV,2,1,06,05,31,105,46,10,00,000,24,18,64,260,46,22,00,000,33*77
$GPGSV,2,2,06,23,37,321,45,24,76,146,46,,,,,,,,*7D
$GPGSV,2,1,06,05,31,105,46,10,00,000,23,18,64,260,46,22,00,000,33*70
$GPGSV,2,2,06,23,37,321,45,24,76,146,46,,,,,,,,*7D
$GPGSV,2,1,06,05,31,105,46,10,00,000,23,18,64,260,46,22,00,000,33*70
$GPGSV,2,2,06,23,37,321,45,24,76,146,46,,,,,,,,*7D
$GPGSV,2,1,06,05,31,105,46,10,00,000,22,18,64,260,46,22,00,000,33*71
$GPGSV,2,2,06,23,37,321,45,24,76,146,46,,,,,,,,*7D
$GPGSV,2,1,06,05,31,105,46,10,00,000,22,18,64,260,46,22,00,000,33*71
$GPGSV,2,2,06,23,37,321,45,24,76,146,46,,,,,,,,*7D
$GPGSV,2,1,06,05,31,105,46,10,00,000,21,18,64,260,46,22,00,000,33*72
$GPGSV,2,2,06,23,37,321,45,24,76,146,46,,,,,,,,*7D
$GPGSV,2,1,06,05,31,105,46,10,00,000,20,18,64,260,46,22,00,000,33*73
$GPGSV,2,2,06,23,37,321,45,24,76,146,46,,,,,,,,*7D
$GPGSV,2,1,06,05,31,105,46,10,00,000,19,18,64,260,46,22,00,000,33*79
$GPGSV,2,2,06,23,37,321,45,24,76,146,46,,,,,,,,*7D
$GPGSV,2,1,05,05,31,105,46,18,64,260,46,22,00,000,33,23,37,321,46*74
$GPGSV,2,2,05,24,76,146,46,,,,,,,,,,,,*4A
$GPGSV,2,1,05,05,31,105,46,18,64,260,45,22,00,000,33,23,37,321,46*77
$GPGSV,2,2,05,24,76,146,46,,,,,,,,,,,,*4A
$GPGSV,2,1,05,05,31,105,46,18,64,260,45,22,00,000,33,23,37,321,46*77
$GPGSV,2,2,05,24,76,146,46,,,,,,,,,,,,*4A
$GPGSV,2,1,05,05,31,105,46,18,64,260,45,22,00,000,33,23,37,321,46*77
$GPGSV,2,2,05,24,76,146,46,,,,,,,,,,,,*4A
$GPGSV,2,1,05,05,31,105,46,18,64,260,45,22,00,000,33,23,37,321,46*77
$GPGSV,2,2,05,24,76,146,46,,,,,,,,,,,,*4A
$GPGSV,2,1,05,05,31,105,46,18,64,260,45,22,00,000,33,23,37,321,46*77
$GPGSV,2,2,05,24,76,146,46,,,,,,,,,,,,*4A
$GPGSV,2,1,05,05,31,105,46,18,64,260,46,22,00,000,33,23,37,321,46*74
$GPGSV,2,2,05,24,76,146,46,,,,,,,,,,,,*4A
$GPGSV,2,1,05,05,31,105,46,18,64,260,46,22,00,000,33,23,37,321,46*74
$GPGSV,2,2,05,24,76,146,46,,,,,,,,,,,,*4A
$GPGSV,2,1,06,05,31,105,46,10,00,000,29,18,64,260,46,22,00,000,33*7A
$GPGSV,2,2,06,23,37,321,46,24,76,146,46,,,,,,,,*7E
$GPGSV,2,1,06,05,31,105,46,10,00,000,30,18,64,259,46,22,00,000,33*78
$GPGSV,2,2,06,23,37,321,46,24,76,146,46,,,,,,,,*7E
$GPGSV,2,1,06,05,31,105,46,10,00,000,29,18,64,259,46,22,00,000,33*70
$GPGSV,2,2,06,23,37,321,46,24,76,146,46,,,,,,,,*7E
$GPGSV,2,1,06,05,31,105,46,10,00,000,28,18,64,259,46,22,00,000,33*71
$GPGSV,2,2,06,23,37,321,46,24,76,146,46,,,,,,,,*7E
$GPGSV,2,1,06,05,31,105,46,10,00,000,28,18,64,259,46,22,00,000,33*71
$GPGSV,2,2,06,23,37,321,46,24,76,146,46,,,,,,,,*7E
$GPGSV,2,1,06,05,31,105,46,10,00,000,27,18,64,259,46,22,00,000,33*7E
$GPGSV,2,2,06,23,37,321,46,24,76,146,46,,,,,,,,*7E
$GPGSV,2,1,06,05,31,105,46,10,00,000,26,18,64,259,46,22,00,000,33*7F
$GPGSV,2,2,06,23,37,321,46,24,76,146,46,,,,,,,,*7E
$GPGSV,2,1,06,05,31,105,46,10,00,000,26,18,64,259,46,22,00,000,33*7F
$GPGSV,2,2,06,23,37,321,46,24,76,146,46,,,,,,,,*7E
$GPGSV,2,1,06,05,31,105,46,10,00,000,25,18,64,259,46,22,00,000,33*7C
$GPGSV,2,2,06,23,37,321,46,24,76,146,46,,,,,,,,*7E
$GPGSV,2,1,06,05,31,105,46,10,00,000,25,18,64,259,46,22,00,000,33*7C
$GPGSV,2,2,06,23,37,321,46,24,76,146,46,,,,,,,,*7E
$GPGSV,2,1,06,05,31,105,46,10,00,000,24,18,64,259,46,22,00,000,33*7D
$GPGSV,2,2,06,23,37,321,46,24,76,146,46,,,,,,,,*7E
$GPGSV,2,1,06,05,31,105,46,10,00,000,24,18,64,259,46,22,00,000,33*7D
$GPGSV,2,2,06,23,37,321,46,24,76,146,46,,,,,,,,*7E
$GPGSV,2,1,06,05,31,105,46,10,00,000,24,18,64,259,46,22,00,000,33*7D
$GPGSV,2,2,06,23,37,321,46,24,76,146,46,,,,,,,,*7E
$GPGSV,2,1,06,05,31,105,46,10,00,000,23,18,64,259,46,22,00,000,33*7A
$GPGSV,2,2,06,23,37,321,46,24,76,146,46,,,,,,,,*7E
$GPGSV,2,1,06,05,31,105,46,10,00,000,23,18,64,259,46,22,00,000,33*7A
$GPGSV,2,2,06,23,37,321,46,24,76,146,46,,,,,,,,*7E
$GPGSV,2,1,06,05,31,105,46,10,00,000,22,18,64,259,46,22,00,000,33*7B
$GPGSV,2,2,06,23,37,321,46,24,76,146,46,,,,,,,,*7E
$GPGSV,2,1,06,05,31,105,46,10,00,000,21,18,64,259,46,22,00,000,33*78
$GPGSV,2,2,06,23,37,321,46,24,76,146,46,,,,,,,,*7E
$GPGSV,2,1,06,05,31,105,46,10,00,000,21,18,64,259,46,22,00,000,33*78
$GPGSV,2,2,06,23,37,321,46,24,76,146,46,,,,,,,,*7E
$GPGSV,2,1,06,05,31,105,46,10,00,000,20,18,64,259,46,22,00,000,33*79
$GPGSV,2,2,06,23,37,321,46,24,76,146,46,,,,,,,,*7E
$GPGSV,2,1,06,05,31,105,46,10,00,000,19,18,64,259,46,22,00,000,33*73
$GPGSV,2,2,06,23,37,321,46,24,76,146,46,,,,,,,,*7E
$GPGSV,2,1,06,05,31,105,46,10,00,000,19,18,64,259,46,22,00,000,33*73
$GPGSV,2,2,06,23,37,321,46,24,76,146,46,,,,,,,,*7E
$GPGSV,2,1,06,05,31,105,46,10,00,000,18,18,64,259,46,22,00,000,33*72
$GPGSV,2,2,06,23,37,321,46,24,76,146,46,,,,,,,,*7E
$GPGSV,2,1,06,05,31,105,46,10,00,000,17,18,64,259,46,22,00,000,33*7D
$GPGSV,2,2,06,23,37,321,46,24,76,146,46,,,,,,,,*7E
$GPGSV,2,1,06,05,31,105,46,10,00,000,16,18,64,259,46,22,00,000,32*7D
$GPGSV,2,2,06,23,37,321,46,24,76,146,46,,,,,,,,*7E
$GPGSV,2,1,05,05,31,105,46,18,64,259,46,22,00,000,32,23,37,321,46*7F
$GPGSV,2,2,05,24,76,146,46,,,,,,,,,,,,*4A
$GPGSV,2,1,05,05,31,105,46,18,64,259,46,22,00,000,32,23,37,321,46*7F
$GPGSV,2,2,05,24,76,146,46,,,,,,,,,,,,*4A
$GPGSV,2,1,05,05,31,105,46,18,64,259,46,22,00,000,32,23,37,321,46*7F
$GPGSV,2,2,05,24,76,146,46,,,,,,,,,,,,*4A
$GPGSV,2,1,05,05,31,105,46,18,64,259,46,22,00,000,32,23,37,321,46*7F
$GPGSV,2,2,05,24,76,146,46,,,,,,,,,,,,*4A
$GPGSV,2,1,05,05,31,105,46,18,64,259,46,22,00,000,32,23,37,321,46*7F
$GPGSV,2,2,05,24,76,146,46,,,,,,,,,,,,*4A
$GPGSV,2,1,05,05,31,105,46,18,64,259,46,22,00,000,32,23,37,321,46*7F
$GPGSV,2,2,05,24,76,146,46,,,,,,,,,,,,*4A
$GPGSV,2,1,05,05,31,105,46,18,64,259,46,22,00,000,32,23,37,321,46*7F
$GPGSV,2,2,05,24,76,146,46,,,,,,,,,,,,*4A
$GPGSV,2,1,05,05,31,105,46,18,64,259,46,22,00,000,32,23,37,321,45*7C
$GPGSV,2,2,05,24,76,146,46,,,,,,,,,,,,*4A
$GPGSV,2,1,06,05,31,105,46,10,00,000,25,18,64,259,46,22,00,000,32*7D
$GPGSV,2,2,06,23,37,321,45,24,76,146,46,,,,,,,,*7D
$GPGSV,2,1,06,05,31,105,46,10,00,000,25,18,64,259,46,22,00,000,32*7D
$GPGSV,2,2,06,23,37,321,45,24,76,146,46,,,,,,,,*7D
$GPGSV,2,1,06,05,31,105,46,10,00,000,24,18,64,259,46,22,00,000,32*7C
$GPGSV,2,2,06,23,37,321,45,24,76,146,46,,,,,,,,*7D
$GPGSV,2,1,06,05,31,105,46,10,00,000,24,18,64,259,46,22,00,000,32*7C
$GPGSV,2,2,06,23,37,321,45,24,76,146,46,,,,,,,,*7D
$GPGSV,2,1,06,05,31,105,46,10,00,000,24,18,64,259,46,22,00,000,32*7C
$GPGSV,2,2,06,23,37,321,45,24,76,146,46,,,,,,,,*7D
$GPGSV,2,1,06,05,31,105,46,10,00,000,24,18,64,259,46,22,00,000,32*7C
$GPGSV,2,2,06,23,37,321,45,24,76,146,46,,,,,,,,*7D
$GPGSV,2,1,06,05,31,105,46,10,00,000,25,18,64,259,46,22,00,000,32*7D
$GPGSV,2,2,06,23,37,321,45,24,76,146,46,,,,,,,,*7D
$GPGSV,2,1,06,05,31,105,46,10,00,000,25,18,64,259,46,22,00,000,32*7D
$GPGSV,2,2,06,23,37,321,45,24,76,146,46,,,,,,,,*7D
$GPGSV,2,1,06,05,31,105,46,10,00,000,25,18,64,259,46,22,00,000,32*7D
$GPGSV,2,2,06,23,37,321,44,24,76,146,46,,,,,,,,*7C
$GPGSV,2,1,06,05,31,105,46,10,00,000,25,18,64,259,45,22,00,000,32*7E
$GPGSV,2,2,06,23,37,321,44,24,76,146,46,,,,,,,,*7C
$GPGSV,2,1,06,05,31,105,46,10,00,000,25,18,64,259,45,22,00,000,32*7E
$GPGSV,2,2,06,23,37,321,44,24,76,146,46,,,,,,,,*7C
$GPGSV,2,1,06,05,31,105,46,10,00,000,25,18,64,259,45,22,00,000,32*7E
$GPGSV,2,2,06,23,37,321,44,24,76,146,46,,,,,,,,*7C
$GPGSV,2,1,06,05,31,105,46,10,00,000,25,18,64,259,45,22,00,000,32*7E
$GPGSV,2,2,06,23,37,321,44,24,76,146,46,,,,,,,,*7C
$GPGSV,2,1,06,05,31,105,46,10,00,000,25,18,64,259,45,22,00,000,32*7E
$GPGSV,2,2,06,23,37,321,44,24,76,146,46,,,,,,,,*7C
$GPGSV,2,1,06,05,31,105,46,10,00,000,25,18,64,259,45,22,00,000,32*7E
$GPGSV,2,2,06,23,37,321,44,24,76,146,46,,,,,,,,*7C
$GPGSV,2,1,06,05,31,105,46,10,00,000,25,18,64,259,45,22,00,000,32*7E
$GPGSV,2,2,06,23,37,321,44,24,76,146,46,,,,,,,,*7C
$GPGSV,2,1,06,05,31,105,46,10,00,000,24,18,64,259,45,22,00,000,32*7F
$GPGSV,2,2,06,23,37,321,43,24,76,146,46,,,,,,,,*7B
$GPGSV,2,1,06,05,31,105,46,10,00,000,24,18,64,259,45,22,00,000,32*7F
$GPGSV,2,2,06,23,37,321,43,24,76,146,46,,,,,,,,*7B
$GPGSV,2,1,06,05,31,105,46,10,00,000,24,18,64,259,45,22,00,000,32*7F
$GPGSV,2,2,06,23,37,321,43,24,76,146,46,,,,,,,,*7B
$GPGSV,2,1,06,05,31,105,46,10,00,000,24,18,64,259,45,22,00,000,32*7F
$GPGSV,2,2,06,23,37,321,43,24,76,146,46,,,,,,,,*7B
$GPGSV,2,1,06,05,31,105,46,10,00,000,24,18,64,259,45,22,00,000,32*7F
$GPGSV,2,2,06,23,37,321,43,24,76,146,46,,,,,,,,*7B
$GPGSV,2,1,06,05,31,105,46,10,00,000,24,18,64,259,45,22,00,000,32*7F
$GPGSV,2,2,06,23,37,321,43,24,76,146,46,,,,,,,,*7B
$GPGSV,2,1,06,05,31,105,46,10,00,000,24,18,64,259,45,22,00,000,32*7F
$GPGSV,2,2,06,23,37,321,43,24,76,146,46,,,,,,,,*7B
$GPGSV,2,1,06,05,31,105,46,10,00,000,24,18,64,259,45,22,00,000,32*7F
$GPGSV,2,2,06,23,37,321,43,24,76,146,46,,,,,,,,*7B
$GPGSV,2,1,06,05,31,105,46,10,00,000,24,18,64,259,45,22,00,000,32*7F
$GPGSV,2,2,06,23,37,321,43,24,76,146,46,,,,,,,,*7B
$GPGSV,2,1,06,05,31,105,46,10,00,000,24,18,64,259,46,22,00,000,32*7C
$GPGSV,2,2,06,23,37,321,42,24,76,146,46,,,,,,,,*7A
$GPGSV,2,1,06,05,31,105,46,10,00,000,24,18,64,259,46,22,00,000,32*7C
$GPGSV,2,2,06,23,37,321,42,24,76,146,46,,,,,,,,*7A
$GPGSV,2,1,06,05,31,105,46,10,00,000,24,18,64,259,46,22,00,000,32*7C
$GPGSV,2,2,06,23,37,321,42,24,76,146,46,,,,,,,,*7A
$GPGSV,2,1,06,05,31,105,46,10,00,000,24,18,64,259,46,22,00,000,32*7C
$GPGSV,2,2,06,23,37,321,42,24,76,146,46,,,,,,,,*7A
$GPGSV,2,1,06,05,31,105,46,10,00,000,24,18,64,259,46,22,00,000,32*7C
$GPGSV,2,2,06,23,37,321,42,24,76,146,47,,,,,,,,*7B
$GPGSV,2,1,06,05,31,105,46,10,00,000,24,18,64,259,46,22,00,000,32*7C
$GPGSV,2,2,06,23,37,321,42,24,76,146,47,,,,,,,,*7B
$GPGSV,2,1,06,05,31,105,46,10,00,000,24,18,64,259,46,22,00,000,32*7C
$GPGSV,2,2,06,23,37,321,42,24,76,146,47,,,,,,,,*7B
$GPGSV,2,1,06,05,31,105,46,10,00,000,24,18,64,259,45,22,00,000,32*7F
$GPGSV,2,2,06,23,37,321,42,24,76,146,47,,,,,,,,*7B
$GPGSV,2,1,06,05,31,105,46,10,00,000,23,18,64,259,45,22,00,000,32*78
$GPGSV,2,2,06,23,37,321,42,24,76,146,47,,,,,,,,*7B
$GPGSV,2,1,06,05,31,105,46,10,00,000,23,18,64,259,45,22,00,000,32*78
$GPGSV,2,2,06,23,37,321,42,24,76,146,47,,,,,,,,*7B
$GPGSV,2,1,06,05,31,105,46,10,00,000,23,18,64,259,45,22,00,000,32*78
$GPGSV,2,2,06,23,37,321,42,24,76,146,46,,,,,,,,*7A
$GPGSV,2,1,06,05,31,105,46,10,00,000,23,18,64,259,45,22,00,000,32*78
$GPGSV,2,2,06,23,37,321,42,24,76,146,46,,,,,,,,*7A
$GPGSV,2,1,06,05,31,105,46,10,00,000,23,18,64,259,45,22,00,000,32*78
$GPGSV,2,2,06,23,37,321,42,24,76,146,46,,,,,,,,*7A
$GPGSV,2,1,06,05,31,105,46,10,00,000,23,18,64,259,45,22,00,000,32*78
$GPGSV,2,2,06,23,37,321,42,24,76,146,46,,,,,,,,*7A
$GPGSV,2,1,06,05,31,105,46,10,00,000,23,18,64,259,45,22,00,000,32*78
$GPGSV,2,2,06,23,37,321,42,24,76,146,46,,,,,,,,*7A
$GPGSV,2,1,06,05,31,105,46,10,00,000,23,18,64,259,45,22,00,000,32*78
$GPGSV,2,2,06,23,37,321,42,24,76,146,46,,,,,,,,*7A
$GPGSV,2,1,05,05,31,105,46,18,64,259,45,22,00,000,32,23,37,321,42*78
$GPGSV,2,2,05,24,76,146,46,,,,,,,,,,,,*4A
$GPGSV,2,1,05,05,31,105,46,18,64,259,45,22,00,000,32,23,37,321,42*78
$GPGSV,2,2,05,24,76,146,46,,,,,,,,,,,,*4A
$GPGSV,2,1,05,05,31,105,46,18,64,259,45,22,00,000,32,23,37,321,42*78
$GPGSV,2,2,05,24,76,146,46,,,,,,,,,,,,*4A
$GPGSV,2,1,05,05,31,105,46,18,64,259,45,22,00,000,33,23,37,321,42*79
$GPGSV,2,2,05,24,76,146,46,,,,,,,,,,,,*4A
$GPGSV,2,1,05,05,31,105,46,18,64,259,45,22,00,000,33,23,37,321,43*78
$GPGSV,2,2,05,24,76,146,46,,,,,,,,,,,,*4A
$GPGSV,2,1,05,05,31,105,46,18,64,259,45,22,00,000,33,23,37,321,43*78
$GPGSV,2,2,05,24,76,146,46,,,,,,,,,,,,*4A
$GPGSV,2,1,05,05,31,105,46,18,64,259,45,22,00,000,33,23,37,321,43*78
$GPGSV,2,2,05,24,76,146,46,,,,,,,,,,,,*4A
$GPGSV,2,1,05,05,31,105,46,18,64,259,45,22,00,000,33,23,37,321,43*78
$GPGSV,2,2,05,24,76,146,46,,,,,,,,,,,,*4A
$GPGSV,2,1,05,05,31,105,46,18,64,259,45,22,00,000,33,23,37,321,43*78
$GPGSV,2,2,05,24,76,146,46,,,,,,,,,,,,*4A
$GPGSV,2,1,05,05,31,105,46,18,64,259,45,22,00,000,33,23,37,321,43*78
$GPGSV,2,2,05,24,76,146,46,,,,,,,,,,,,*4A
$GPGSV,2,1,05,05,31,105,46,18,64,259,45,22,00,000,33,23,37,321,43*78
$GPGSV,2,2,05,24,76,146,46,,,,,,,,,,,,*4A
$GPGSV,2,1,05,05,31,105,46,18,64,259,45,22,00,000,33,23,37,321,43*78
$GPGSV,2,2,05,24,76,146,46,,,,,,,,,,,,*4A
$GPGSV,2,1,05,05,31,105,46,18,64,259,45,22,00,000,33,23,37,321,44*7F
$GPGSV,2,2,05,24,76,146,46,,,,,,,,,,,,*4A
$GPGSV,2,1,05,05,31,105,46,18,64,259,45,22,00,000,33,23,37,321,44*7F
$GPGSV,2,2,05,24,76,145,46,,,,,,,,,,,,*49
$GPGSV,2,1,05,05,31,105,46,18,64,259,45,22,00,000,33,23,37,321,44*7F
$GPGSV,2,2,05,24,76,145,46,,,,,,,,,,,,*49
$GPGSV,2,1,05,05,31,105,46,18,64,259,45,22,00,000,33,23,37,321,44*7F
$GPGSV,2,2,05,24,76,145,46,,,,,,,,,,,,*49
$GPGSV,2,1,05,05,31,105,46,18,64,259,45,22,00,000,33,23,37,321,44*7F
$GPGSV,2,2,05,24,76,145,46,,,,,,,,,,,,*49
$GPGSV,2,1,05,05,31,105,46,18,64,259,45,22,00,000,33,23,37,321,44*7F
$GPGSV,2,2,05,24,76,145,46,,,,,,,,,,,,*49
$GPGSV,2,1,05,05,31,105,46,18,64,259,44,22,00,000,33,23,37,321,44*7E
$GPGSV,2,2,05,24,76,145,46,,,,,,,,,,,,*49
$GPGSV,2,1,05,05,31,105,46,18,64,259,44,22,00,000,33,23,37,321,44*7E
$GPGSV,2,2,05,24,76,145,46,,,,,,,,,,,,*49
$GPGSV,2,1,05,05,31,105,46,18,64,259,44,22,00,000,33,23,37,321,44*7E
$GPGSV,2,2,05,24,76,145,46,,,,,,,,,,,,*49
$GPGSV,2,1,05,05,31,105,46,18,64,259,44,22,00,000,33,23,37,321,44*7E
$GPGSV,2,2,05,24,76,145,46,,,,,,,,,,,,*49
$GPGSV,2,1,05,05,31,105,46,18,64,259,44,22,00,000,33,23,37,321,44*7E
$GPGSV,2,2,05,24,76,145,46,,,,,,,,,,,,*49
$GPGSV,2,1,05,05,31,105,46,18,64,259,44,22,00,000,32,23,37,321,44*7F
$GPGSV,2,2,05,24,76,145,46,,,,,,,,,,,,*49
$GPGSV,2,1,05,05,31,105,46,18,64,259,44,22,00,000,32,23,37,321,44*7F
$GPGSV,2,2,05,24,76,145,46,,,,,,,,,,,,*49
$GPGSV,2,1,05,05,31,105,46,18,64,259,44,22,00,000,32,23,37,321,44*7F
$GPGSV,2,2,05,24,76,145,46,,,,,,,,,,,,*49
$GPGSV,2,1,05,05,31,105,46,18,64,259,44,22,00,000,32,23,37,321,45*7E
$GPGSV,2,2,05,24,76,145,46,,,,,,,,,,,,*49
$GPGSV,2,1,05,05,31,105,46,18,64,259,44,22,00,000,32,23,37,321,45*7E
$GPGSV,2,2,05,24,76,145,46,,,,,,,,,,,,*49
$GPGSV,2,1,05,05,31,105,46,18,64,259,44,22,00,000,32,23,37,321,45*7E
$GPGSV,2,2,05,24,76,145,46,,,,,,,,,,,,*49
$GPGSV,2,1,05,05,31,105,46,18,64,259,44,22,00,000,32,23,37,321,45*7E
$GPGSV,2,2,05,24,76,145,46,,,,,,,,,,,,*49
$GPGSV,2,1,05,05,31,105,46,18,64,259,44,22,00,000,32,23,37,321,45*7E
$GPGSV,2,2,05,24,76,145,46,,,,,,,,,,,,*49
$GPGSV,2,1,05,05,31,105,46,18,64,259,44,22,00,000,32,23,37,321,45*7E
$GPGSV,2,2,05,24,76,145,46,,,,,,,,,,,,*49
$GPGSV,2,1,05,05,31,105,46,18,64,259,44,22,00,000,32,23,37,321,45*7E
$GPGSV,2,2,05,24,76,145,46,,,,,,,,,,,,*49
$GPGSV,2,1,05,05,31,105,45,18,64,259,44,22,00,000,32,23,38,321,45*72
$GPGSV,2,2,05,24,76,145,46,,,,,,,,,,,,*49
$GPGSV,2,1,05,05,31,105,45,18,64,259,44,22,00,000,32,23,38,321,45*72
$GPGSV,2,2,05,24,76,145,46,,,,,,,,,,,,*49
$GPGSV,2,1,05,05,31,105,45,18,64,259,44,22,00,000,32,23,38,321,45*72
$GPGSV,2,2,05,24,76,145,46,,,,,,,,,,,,*49
$GPGSV,2,1,05,05,31,105,45,18,64,259,44,22,00,000,32,23,38,321,45*72
$GPGSV,2,2,05,24,76,145,46,,,,,,,,,,,,*49
$GPGSV,2,1,05,05,31,105,45,18,64,259,44,22,00,000,32,23,38,321,45*72
$GPGSV,2,2,05,24,76,145,46,,,,,,,,,,,,*49
$GPGSV,2,1,05,05,31,105,45,18,64,259,44,22,00,000,32,23,38,321,45*72
$GPGSV,2,2,05,24,76,145,46,,,,,,,,,,,,*49
$GPGSV,2,1,05,05,31,105,45,18,64,259,44,22,00,000,32,23,38,321,45*72
$GPGSV,2,2,05,24,76,145,46,,,,,,,,,,,,*49
$GPGSV,2,1,05,05,31,105,45,18,64,259,44,22,00,000,32,23,38,321,45*72
$GPGSV,2,2,05,24,76,145,46,,,,,,,,,,,,*49
$GPGSV,2,1,05,05,31,105,45,18,64,259,44,22,00,000,33,23,38,321,45*73
$GPGSV,2,2,05,24,76,145,46,,,,,,,,,,,,*49
$GPGSV,2,1,05,05,31,105,45,18,64,259,44,22,00,000,33,23,38,321,45*73
$GPGSV,2,2,05,24,76,145,46,,,,,,,,,,,,*49
$GPGSV,2,1,05,05,31,105,45,18,64,259,44,22,00,000,33,23,38,321,46*70
$GPGSV,2,2,05,24,76,145,46,,,,,,,,,,,,*49
$GPGSV,2,1,05,05,31,105,45,18,64,259,44,22,00,000,32,23,38,321,46*71
$GPGSV,2,2,05,24,76,145,46,,,,,,,,,,,,*49
$GPGSV,2,1,05,05,31,105,45,18,64,259,44,22,00,000,32,23,38,321,46*71
$GPGSV,2,2,05,24,76,145,46,,,,,,,,,,,,*49
$GPGSV,2,1,05,05,31,105,45,18,64,259,44,22,00,000,32,23,38,321,46*71
$GPGSV,2,2,05,24,76,145,46,,,,,,,,,,,,*49
$GPGSV,2,1,05,05,31,105,45,18,64,259,44,22,00,000,32,23,38,321,46*71
$GPGSV,2,2,05,24,76,145,46,,,,,,,,,,,,*49
$GPGSV,2,1,05,05,31,105,45,18,64,259,45,22,00,000,32,23,38,321,46*70
$GPGSV,2,2,05,24,76,145,46,,,,,,,,,,,,*49
$GPGSV,2,1,05,05,31,105,45,18,64,259,45,22,00,000,32,23,38,321,46*70
$GPGSV,2,2,05,24,76,145,46,,,,,,,,,,,,*49
$GPGSV,2,1,05,05,31,105,45,18,64,259,45,22,00,000,32,23,38,321,46*70
$GPGSV,2,2,05,24,76,145,46,,,,,,,,,,,,*49
$GPGSV,2,1,05,05,31,105,45,18,64,259,45,22,00,000,32,23,38,321,46*70
$GPGSV,2,2,05,24,76,145,46,,,,,,,,,,,,*49
$GPGSV,2,1,05,05,31,105,45,18,64,259,45,22,00,000,32,23,38,321,46*70
$GPGSV,2,2,05,24,76,145,46,,,,,,,,,,,,*49
$GPGSV,2,1,05,05,31,105,45,18,64,259,45,22,00,000,32,23,38,321,46*70
$GPGSV,2,2,05,24,76,145,46,,,,,,,,,,,,*49
$GPGSV,2,1,05,05,31,105,45,18,64,259,45,22,00,000,32,23,38,321,46*70
$GPGSV,2,2,05,24,76,145,46,,,,,,,,,,,,*49
$GPGSV,2,1,05,05,31,105,45,18,64,259,45,22,00,000,32,23,38,321,46*70
$GPGSV,2,2,05,24,76,145,46,,,,,,,,,,,,*49
$GPGSV,2,1,05,05,31,105,45,18,64,259,45,22,00,000,32,23,38,321,46*70
$GPGSV,2,2,05,24,76,145,46,,,,,,,,,,,,*49
$GPGSV,2,1,05,05,31,105,45,18,64,259,45,22,00,000,32,23,38,321,46*70
$GPGSV,2,2,05,24,76,145,46,,,,,,,,,,,,*49
$GPGSV,2,1,05,05,31,105,45,18,64,259,45,22,00,000,32,23,38,321,46*70
$GPGSV,2,2,05,24,76,145,46,,,,,,,,,,,,*49
$GPGSV,2,1,05,05,31,105,45,18,64,259,45,22,00,000,32,23,38,321,46*70
$GPGSV,2,2,05,24,76,145,46,,,,,,,,,,,,*49
$GPGSV,2,1,05,05,31,105,45,18,64,259,45,22,00,000,32,23,38,321,46*70
$GPGSV,2,2,05,24,76,145,46,,,,,,,,,,,,*49
$GPGSV,2,1,05,05,31,105,45,18,64,259,45,22,00,000,32,23,38,321,46*70
$GPGSV,2,2,05,24,76,145,46,,,,,,,,,,,,*49
$GPGSV,2,1,05,05,31,105,45,18,64,259,45,22,00,000,32,23,38,321,46*70
$GPGSV,2,2,05,24,76,145,46,,,,,,,,,,,,*49
$GPGSV,2,1,05,05,31,105,45,18,64,259,45,22,00,000,32,23,38,321,46*70
$GPGSV,2,2,05,24,76,145,46,,,,,,,,,,,,*49
$GPGSV,2,1,05,05,31,105,45,18,64,259,45,22,00,000,32,23,38,321,46*70
$GPGSV,2,2,05,24,76,145,46,,,,,,,,,,,,*49
$GPGSV,2,1,05,05,31,105,45,18,64,259,45,22,00,000,32,23,38,321,46*70
$GPGSV,2,2,05,24,76,145,46,,,,,,,,,,,,*49
$GPGSV,2,1,05,05,31,105,45,18,64,259,45,22,00,000,33,23,38,321,46*71
$GPGSV,2,2,05,24,76,145,46,,,,,,,,,,,,*49
$GPGSV,2,1,05,05,31,105,45,18,64,259,45,22,00,000,33,23,38,321,46*71
$GPGSV,2,2,05,24,76,145,46,,,,,,,,,,,,*49
$GPGSV,2,1,05,05,31,105,45,18,64,259,45,22,00,000,33,23,38,321,46*71
$GPGSV,2,2,05,24,76,145,46,,,,,,,,,,,,*49
$GPGSV,2,1,05,05,31,105,45,18,64,259,45,22,00,000,33,23,38,321,46*71
$GPGSV,2,2,05,24,76,145,46,,,,,,,,,,,,*49
$GPGSV,2,1,05,05,31,105,45,18,64,259,44,22,00,000,33,23,38,321,46*70
$GPGSV,2,2,05,24,76,145,46,,,,,,,,,,,,*49
$GPGSV,2,1,05,05,31,105,45,18,64,259,44,22,00,000,33,23,38,321,46*70
$GPGSV,2,2,05,24,76,145,46,,,,,,,,,,,,*49
$GPGSV,2,1,05,05,31,105,45,18,64,259,44,22,00,000,33,23,38,321,46*70
$GPGSV,2,2,05,24,76,145,46,,,,,,,,,,,,*49
$GPGSV,2,1,05,05,31,105,45,18,64,259,44,22,00,000,33,23,38,321,46*70
$GPGSV,2,2,05,24,76,145,46,,,,,,,,,,,,*49
$GPGSV,2,1,05,05,31,105,45,18,64,259,44,22,00,000,33,23,38,321,46*70
$GPGSV,2,2,05,24,76,145,46,,,,,,,,,,,,*49
$GPGSV,2,1,05,05,31,105,45,18,64,259,44,22,00,000,33,23,38,321,46*70
$GPGSV,2,2,05,24,76,145,46,,,,,,,,,,,,*49
$GPGSV,2,1,05,05,31,105,45,18,64,259,44,22,00,000,33,23,38,321,45*73
$GPGSV,2,2,05,24,76,145,46,,,,,,,,,,,,*49
$GPGSV,2,1,05,05,31,105,45,18,64,259,44,22,00,000,33,23,38,321,45*73
$GPGSV,2,2,05,24,76,145,46,,,,,,,,,,,,*49
$GPGSV,2,1,05,05,31,105,45,18,64,259,44,22,00,000,33,23,38,321,45*73
$GPGSV,2,2,05,24,76,145,46,,,,,,,,,,,,*49
$GPGSV,2,1,05,05,31,105,45,18,64,259,44,22,00,000,34,23,38,321,45*74
$GPGSV,2,2,05,24,76,145,46,,,,,,,,,,,,*49
$GPGSV,2,1,05,05,31,105,45,18,64,259,44,22,00,000,34,23,38,321,45*74
$GPGSV,2,2,05,24,76,145,46,,,,,,,,,,,,*49
$GPGSV,2,1,05,05,31,105,45,18,64,259,44,22,00,000,34,23,38,321,45*74
$GPGSV,2,2,05,24,76,145,46,,,,,,,,,,,,*49
$GPGSV,2,1,05,05,31,105,45,18,64,259,44,22,00,000,34,23,38,321,45*74
$GPGSV,2,2,05,24,76,145,46,,,,,,,,,,,,*49
$GPGSV,2,1,05,05,31,105,45,18,64,259,44,22,00,000,34,23,38,321,45*74
$GPGSV,2,2,05,24,76,145,46,,,,,,,,,,,,*49
$GPGSV,2,1,05,05,31,105,45,18,64,259,44,22,00,000,34,23,38,321,45*74
$GPGSV,2,2,05,24,76,145,46,,,,,,,,,,,,*49
$GPGSV,2,1,05,05,31,105,45,18,64,259,44,22,00,000,34,23,38,321,45*74
$GPGSV,2,2,05,24,76,145,46,,,,,,,,,,,,*49
$GPGSV,2,1,05,05,31,105,45,18,64,259,44,22,00,000,34,23,38,321,45*74
$GPGSV,2,2,05,24,76,145,46,,,,,,,,,,,,*49
$GPGSV,2,1,05,05,31,105,45,18,64,259,44,22,00,000,34,23,38,321,45*74
$GPGSV,2,2,05,24,76,145,46,,,,,,,,,,,,*49
$GPGSV,2,1,05,05,31,105,45,18,64,259,44,22,00,000,34,23,38,321,44*75
$GPGSV,2,2,05,24,76,145,46,,,,,,,,,,,,*49
$GPGSV,2,1,05,05,31,105,45,18,64,259,44,22,00,000,34,23,38,321,44*75
$GPGSV,2,2,05,24,76,145,46,,,,,,,,,,,,*49
$GPGSV,2,1,05,05,31,105,45,18,64,259,44,22,00,000,34,23,38,321,44*75
$GPGSV,2,2,05,24,76,145,46,,,,,,,,,,,,*49
$GPGSV,2,1,05,05,31,105,45,18,64,259,44,22,00,000,34,23,38,321,44*75
$GPGSV,2,2,05,24,76,145,46,,,,,,,,,,,,*49
$GPGSV,2,1,05,05,31,105,45,18,64,259,44,22,00,000,34,23,38,321,44*75
$GPGSV,2,2,05,24,76,145,46,,,,,,,,,,,,*49
$GPGSV,2,1,05,05,31,105,45,18,64,259,44,22,00,000,34,23,38,321,44*75
$GPGSV,2,2,05,24,76,145,46,,,,,,,,,,,,*49
$GPGSV,2,1,05,05,31,105,45,18,64,259,44,22,00,000,34,23,38,321,44*75
$GPGSV,2,2,05,24,76,145,46,,,,,,,,,,,,*49
$GPGSV,2,1,05,05,31,105,45,18,64,259,44,22,00,000,34,23,38,321,43*72
$GPGSV,2,2,05,24,76,145,46,,,,,,,,,,,,*49
$GPGSV,2,1,05,05,31,105,45,18,64,259,44,22,00,000,34,23,38,321,43*72
$GPGSV,2,2,05,24,76,145,46,,,,,,,,,,,,*49
$GPGSV,2,1,05,05,31,105,45,18,64,259,44,22,00,000,34,23,38,321,43*72
$GPGSV,2,2,05,24,76,145,46,,,,,,,,,,,,*49
$GPGSV,2,1,05,05,31,105,45,18,64,259,44,22,00,000,34,23,38,321,43*72
$GPGSV,2,2,05,24,76,145,46,,,,,,,,,,,,*49
$GPGSV,2,1,05,05,31,105,45,18,64,259,44,22,00,000,34,23,38,321,43*72
$GPGSV,2,2,05,24,76,145,46,,,,,,,,,,,,*49
$GPGSV,2,1,05,05,31,105,45,18,64,259,44,22,00,000,34,23,38,321,43*72
$GPGSV,2,2,05,24,76,145,46,,,,,,,,,,,,*49
$GPGSV,2,1,05,05,31,105,45,18,64,259,45,22,00,000,34,23,38,321,43*73
$GPGSV,2,2,05,24,76,145,46,,,,,,,,,,,,*49
$GPGSV,2,1,05,05,31,105,45,18,64,259,45,22,00,000,34,23,38,321,43*73
$GPGSV,2,2,05,24,76,145,46,,,,,,,,,,,,*49
$GPGSV,2,1,05,05,31,105,45,18,64,259,45,22,00,000,34,23,38,321,43*73
$GPGSV,2,2,05,24,76,145,46,,,,,,,,,,,,*49
$GPGSV,2,1,05,05,31,105,45,18,64,259,45,22,00,000,34,23,38,321,42*72
$GPGSV,2,2,05,24,76,145,46,,,,,,,,,,,,*49
$GPGSV,2,1,05,05,31,105,45,18,64,259,45,22,00,000,34,23,38,321,42*72
$GPGSV,2,2,05,24,76,145,46,,,,,,,,,,,,*49
$GPGSV,2,1,05,05,31,105,45,18,64,259,45,22,00,000,34,23,38,321,42*72
$GPGSV,2,2,05,24,76,145,46,,,,,,,,,,,,*49
$GPGSV,2,1,05,05,31,105,45,18,64,259,45,22,00,000,34,23,38,321,42*72
$GPGSV,2,2,05,24,76,145,46,,,,,,,,,,,,*49
$GPGSV,2,1,05,05,31,105,45,18,64,259,45,22,00,000,34,23,38,321,42*72
$GPGSV,2,2,05,24,76,145,46,,,,,,,,,,,,*49
$GPGSV,2,1,05,05,31,105,45,18,64,259,45,22,00,000,34,23,38,321,42*72
$GPGSV,2,2,05,24,76,145,46,,,,,,,,,,,,*49
$GPGSV,2,1,05,05,31,105,45,18,64,259,45,22,00,000,34,23,38,321,42*72
$GPGSV,2,2,05,24,76,145,46,,,,,,,,,,,,*49
$GPGSV,2,1,05,05,31,105,45,18,64,259,45,22,00,000,34,23,38,321,42*72
$GPGSV,2,2,05,24,76,145,46,,,,,,,,,,,,*49
$GPGSV,2,1,05,05,31,105,45,18,64,259,45,22,00,000,34,23,38,321,42*72
$GPGSV,2,2,05,24,76,145,46,,,,,,,,,,,,*49
$GPGSV,2,1,05,05,31,105,44,18,64,259,45,22,00,000,34,23,38,321,42*73
$GPGSV,2,2,05,24,76,145,46,,,,,,,,,,,,*49
$GPGSV,2,1,05,05,31,105,44,18,64,259,45,22,00,000,34,23,38,321,42*73
$GPGSV,2,2,05,24,76,145,46,,,,,,,,,,,,*49
$GPGSV,2,1,05,05,31,105,44,18,64,259,45,22,00,000,34,23,38,321,42*73
$GPGSV,2,2,05,24,76,145,46,,,,,,,,,,,,*49
$GPGSV,2,1,05,05,31,105,44,18,64,259,45,22,00,000,34,23,38,321,42*73
$GPGSV,2,2,05,24,76,145,46,,,,,,,,,,,,*49
$GPGSV,2,1,05,05,31,105,44,18,64,259,45,22,00,000,34,23,38,321,42*73
$GPGSV,2,2,05,24,76,145,46,,,,,,,,,,,,*49
$GPGSV,2,1,05,05,31,105,44,18,64,259,45,22,00,000,34,23,38,321,42*73
$GPGSV,2,2,05,24,76,145,46,,,,,,,,,,,,*49
$GPGSV,2,1,05,05,31,105,44,18,64,259,45,22,00,000,34,23,38,321,42*73
$GPGSV,2,2,05,24,76,145,46,,,,,,,,,,,,*49
$GPGSV,2,1,06,05,31,105,44,10,00,000,26,18,64,259,45,22,00,000,33*7E
$GPGSV,2,2,06,23,38,321,43,24,76,145,46,,,,,,,,*77
$GPGSV,2,1,06,05,31,105,44,10,00,000,26,18,64,259,45,22,00,000,33*7E
$GPGSV,2,2,06,23,38,321,43,24,76,145,46,,,,,,,,*77
$GPGSV,2,1,06,05,31,105,44,10,00,000,26,18,64,259,45,22,00,000,33*7E
$GPGSV,2,2,06,23,38,321,43,24,76,145,46,,,,,,,,*77
$GPGSV,2,1,06,05,31,105,44,10,00,000,26,18,64,259,45,22,00,000,33*7E
$GPGSV,2,2,06,23,38,321,43,24,76,145,46,,,,,,,,*77
$GPGSV,2,1,06,05,31,105,44,10,00,000,26,18,64,259,45,22,00,000,33*7E
$GPGSV,2,2,06,23,38,321,43,24,76,145,46,,,,,,,,*77
$GPGSV,2,1,06,05,31,105,44,10,00,000,26,18,64,259,45,22,00,000,33*7E
$GPGSV,2,2,06,23,38,321,43,24,76,145,46,,,,,,,,*77
$GPGSV,2,1,06,05,31,105,44,10,00,000,27,18,64,259,45,22,00,000,33*7F
$GPGSV,2,2,06,23,38,321,43,24,76,145,46,,,,,,,,*77
$GPGSV,2,1,06,05,31,105,45,10,00,000,26,18,64,259,45,22,00,000,32*7E
$GPGSV,2,2,06,23,38,321,43,24,76,145,46,,,,,,,,*77
$GPGSV,2,1,06,05,31,105,45,10,00,000,25,18,64,259,45,22,00,000,32*7D
$GPGSV,2,2,06,23,38,321,43,24,76,145,46,,,,,,,,*77
$GPGSV,2,1,06,05,31,105,45,10,00,000,24,18,64,259,45,22,00,000,32*7C
$GPGSV,2,2,06,23,38,321,44,24,76,145,45,,,,,,,,*73
$GPGSV,2,1,06,05,31,105,45,10,00,000,24,18,64,259,45,22,00,000,32*7C
$GPGSV,2,2,06,23,38,321,44,24,76,145,45,,,,,,,,*73
$GPGSV,2,1,06,05,31,105,45,10,00,000,23,18,64,259,45,22,00,000,32*7B
$GPGSV,2,2,06,23,38,321,44,24,76,145,45,,,,,,,,*73
$GPGSV,2,1,06,05,31,105,45,10,00,000,23,18,64,259,45,22,00,000,32*7B
$GPGSV,2,2,06,23,38,321,44,24,76,145,45,,,,,,,,*73
$GPGSV,2,1,06,05,31,105,45,10,00,000,21,18,64,259,45,22,00,000,32*79
$GPGSV,2,2,06,23,38,321,44,24,76,145,45,,,,,,,,*73
$GPGSV,2,1,06,05,31,105,45,10,00,000,21,18,64,259,45,22,00,000,32*79
$GPGSV,2,2,06,23,38,321,44,24,76,145,45,,,,,,,,*73
$GPGSV,2,1,06,05,31,105,45,10,00,000,20,18,64,259,45,22,00,000,32*78
$GPGSV,2,2,06,23,38,321,44,24,76,145,45,,,,,,,,*73
$GPGSV,2,1,06,05,31,105,45,10,00,000,19,18,64,259,45,22,00,000,32*72
$GPGSV,2,2,06,23,38,321,44,24,76,145,45,,,,,,,,*73
$GPGSV,2,1,06,05,31,105,45,10,00,000,18,18,64,259,45,22,00,000,32*73
$GPGSV,2,2,06,23,38,321,44,24,76,145,45,,,,,,,,*73
$GPGSV,2,1,05,05,31,105,45,18,64,259,45,22,00,000,32,23,38,321,44*72
$GPGSV,2,2,05,24,76,145,46,,,,,,,,,,,,*49
$GPGSV,2,1,05,05,31,105,45,18,64,259,45,22,00,000,32,23,38,321,44*72
$GPGSV,2,2,05,24,76,145,46,,,,,,,,,,,,*49
$GPGSV,2,1,05,05,31,105,45,18,64,259,45,22,00,000,32,23,38,321,44*72
$GPGSV,2,2,05,24,76,145,46,,,,,,,,,,,,*49
$GPGSV,2,1,05,05,31,105,45,18,64,259,45,22,00,000,32,23,38,321,45*73
$GPGSV,2,2,05,24,76,145,46,,,,,,,,,,,,*49
$GPGSV,2,1,05,05,31,105,45,18,64,259,45,22,00,000,32,23,38,321,45*73
$GPGSV,2,2,05,24,76,145,46,,,,,,,,,,,,*49
$GPGSV,2,1,05,05,31,105,45,18,64,259,45,22,00,000,32,23,38,321,45*73
$GPGSV,2,2,05,24,76,145,46,,,,,,,,,,,,*49
$GPGSV,2,1,05,05,31,105,45,18,64,259,45,22,00,000,32,23,38,321,45*73
$GPGSV,2,2,05,24,76,145,46,,,,,,,,,,,,*49
$GPGSV,2,1,05,05,31,105,45,18,64,259,45,22,00,000,32,23,38,321,45*73
$GPGSV,2,2,05,24,76,145,46,,,,,,,,,,,,*49
$GPGSV,2,1,05,05,31,105,45,18,64,259,45,22,00,000,33,23,38,321,45*72
$GPGSV,2,2,05,24,76,145,46,,,,,,,,,,,,*49
$GPGSV,2,1,05,05,31,105,45,18,64,259,45,22,00,000,33,23,38,321,45*72
$GPGSV,2,2,05,24,76,145,46,,,,,,,,,,,,*49
$GPGSV,2,1,05,05,31,105,45,18,64,259,45,22,00,000,33,23,38,321,45*72
$GPGSV,2,2,05,24,76,145,46,,,,,,,,,,,,*49
$GPGSV,2,1,05,05,31,105,45,18,64,259,45,22,00,000,33,23,38,321,45*72
$GPGSV,2,2,05,24,76,145,46,,,,,,,,,,,,*49
$GPGSV,2,1,05,05,31,105,45,18,64,259,45,22,00,000,33,23,38,321,45*72
$GPGSV,2,2,05,24,76,145,46,,,,,,,,,,,,*49
$GPGSV,2,1,05,05,31,105,45,18,64,259,45,22,00,000,33,23,38,321,45*72
$GPGSV,2,2,05,24,76,145,46,,,,,,,,,,,,*49
$GPGSV,2,1,05,05,31,105,45,18,64,259,45,22,00,000,33,23,38,321,45*72
$GPGSV,2,2,05,24,76,145,46,,,,,,,,,,,,*49
$GPGSV,2,1,05,05,31,105,45,18,64,259,45,22,00,000,33,23,38,321,45*72
$GPGSV,2,2,05,24,76,145,46,,,,,,,,,,,,*49
$GPGSV,2,1,05,05,31,105,45,18,64,259,45,22,00,000,33,23,38,321,45*72
$GPGSV,2,2,05,24,76,145,46,,,,,,,,,,,,*49
$GPGSV,2,1,05,05,31,105,45,18,64,259,45,22,00,000,33,23,38,321,45*72
$GPGSV,2,2,05,24,76,145,46,,,,,,,,,,,,*49
$GPGSV,2,1,05,05,31,105,45,18,64,259,45,22,00,000,33,23,38,321,45*72
$GPGSV,2,2,05,24,76,145,46,,,,,,,,,,,,*49
$GPGSV,2,1,05,05,31,105,45,18,64,259,45,22,00,000,33,23,38,321,45*72
$GPGSV,2,2,05,24,76,145,46,,,,,,,,,,,,*49
$GPGSV,2,1,05,05,31,105,45,18,64,259,45,22,00,000,33,23,38,321,45*72
$GPGSV,2,2,05,24,76,145,46,,,,,,,,,,,,*49
$GPGSV,2,1,05,05,31,105,45,18,64,259,45,22,00,000,33,23,38,321,45*72
$GPGSV,2,2,05,24,76,145,46,,,,,,,,,,,,*49
$GPGSV,2,1,05,05,31,105,45,18,64,259,45,22,00,000,33,23,38,321,45*72
$GPGSV,2,2,05,24,76,145,46,,,,,,,,,,,,*49
$GPGSV,2,1,05,05,31,105,45,18,64,259,45,22,00,000,33,23,38,321,45*72
$GPGSV,2,2,05,24,76,145,46,,,,,,,,,,,,*49
$GPGSV,2,1,05,05,31,105,45,18,64,259,45,22,00,000,33,23,38,321,45*72
$GPGSV,2,2,05,24,76,145,46,,,,,,,,,,,,*49
$GPGSV,2,1,05,05,31,105,45,18,64,259,45,22,00,000,33,23,38,321,45*72
$GPGSV,2,2,05,24,76,145,46,,,,,,,,,,,,*49
$GPGSV,2,1,05,05,31,105,45,18,64,259,45,22,00,000,33,23,38,321,45*72
$GPGSV,2,2,05,24,76,145,46,,,,,,,,,,,,*49
$GPGSV,2,1,05,05,31,105,45,18,64,259,45,22,00,000,33,23,38,321,45*72
$GPGSV,2,2,05,24,76,145,46,,,,,,,,,,,,*49
$GPGSV,2,1,05,05,31,105,45,18,64,259,45,22,00,000,33,23,38,321,45*72
$GPGSV,2,2,05,24,76,145,46,,,,,,,,,,,,*49
$GPGSV,2,1,05,05,31,105,45,18,64,259,45,22,00,000,33,23,38,321,45*72
$GPGSV,2,2,05,24,76,145,46,,,,,,,,,,,,*49
$GPGSV,2,1,05,05,31,105,45,18,64,259,45,22,00,000,33,23,38,321,46*71
$GPGSV,2,2,05,24,76,145,46,,,,,,,,,,,,*49
$GPGSV,2,1,05,05,31,105,45,18,64,259,45,22,00,000,33,23,38,321,46*71
$GPGSV,2,2,05,24,76,145,46,,,,,,,,,,,,*49
$GPGSV,2,1,05,05,31,105,45,18,64,259,45,22,00,000,33,23,38,321,46*71
$GPGSV,2,2,05,24,76,145,46,,,,,,,,,,,,*49
$GPGSV,2,1,05,05,31,105,45,18,64,259,45,22,00,000,33,23,38,321,46*71
$GPGSV,2,2,05,24,76,145,46,,,,,,,,,,,,*49
$GPGSV,2,1,05,05,31,105,45,18,64,259,45,22,00,000,33,23,38,321,46*71
$GPGSV,2,2,05,24,76,145,46,,,,,,,,,,,,*49
$GPGSV,2,1,05,05,31,105,45,18,64,259,45,22,00,000,33,23,38,321,46*71
$GPGSV,2,2,05,24,76,145,46,,,,,,,,,,,,*49
$GPGSV,2,1,06,05,31,105,45,10,00,000,22,18,64,259,45,22,00,000,33*7B
$GPGSV,2,2,06,23,38,321,46,24,76,145,46,,,,,,,,*72
$GPGSV,2,1,06,05,31,105,45,10,00,000,22,18,64,259,45,22,00,000,33*7B
$GPGSV,2,2,06,23,38,321,46,24,76,145,46,,,,,,,,*72
$GPGSV,2,1,06,05,31,105,45,10,00,000,22,18,64,259,45,22,00,000,33*7B
$GPGSV,2,2,06,23,38,321,46,24,76,145,46,,,,,,,,*72
$GPGSV,2,1,06,05,31,105,45,10,00,000,22,18,64,259,45,22,00,000,33*7B
$GPGSV,2,2,06,23,38,321,46,24,76,145,46,,,,,,,,*72
$GPGSV,2,1,06,05,31,105,45,10,00,000,23,18,64,259,45,22,00,000,33*7A
$GPGSV,2,2,06,23,38,321,46,24,76,145,46,,,,,,,,*72
$GPGSV,2,1,06,05,31,105,45,10,00,000,23,18,64,259,45,22,00,000,33*7A
$GPGSV,2,2,06,23,38,321,46,24,76,145,46,,,,,,,,*72
$GPGSV,2,1,06,05,31,105,45,10,00,000,23,18,64,259,45,22,00,000,33*7A
$GPGSV,2,2,06,23,38,321,46,24,76,145,46,,,,,,,,*72
$GPGSV,2,1,06,05,31,105,45,10,00,000,24,18,64,259,45,22,00,000,33*7D
$GPGSV,2,2,06,23,38,321,46,24,76,145,46,,,,,,,,*72
$GPGSV,2,1,06,05,31,105,45,10,00,000,24,18,64,259,44,22,00,000,33*7C
$GPGSV,2,2,06,23,38,321,46,24,76,145,46,,,,,,,,*72
$GPGSV,2,1,06,05,31,105,45,10,00,000,24,18,64,259,44,22,00,000,33*7C
$GPGSV,2,2,06,23,38,321,46,24,76,145,46,,,,,,,,*72
$GPGSV,2,1,06,05,31,105,45,10,00,000,23,18,64,259,44,22,00,000,33*7B
$GPGSV,2,2,06,23,38,321,46,24,76,145,46,,,,,,,,*72
$GPGSV,2,1,06,05,31,105,45,10,00,000,23,18,64,259,44,22,00,000,33*7B
$GPGSV,2,2,06,23,38,321,46,24,76,145,46,,,,,,,,*72
$GPGSV,2,1,06,05,31,105,45,10,00,000,23,18,64,259,44,22,00,000,33*7B
$GPGSV,2,2,06,23,38,321,46,24,76,145,46,,,,,,,,*72
$GPGSV,2,1,06,05,31,105,45,10,00,000,23,18,64,259,44,22,00,000,33*7B
$GPGSV,2,2,06,23,38,321,46,24,76,145,46,,,,,,,,*72
$GPGSV,2,1,06,05,31,105,45,10,00,000,23,18,64,258,44,22,00,000,33*7A
$GPGSV,2,2,06,23,38,321,46,24,76,145,46,,,,,,,,*72
$GPGSV,2,1,05,05,31,105,45,18,64,258,44,22,00,000,33,23,38,321,46*71
$GPGSV,2,2,05,24,76,145,46,,,,,,,,,,,,*49
$GPGSV,2,1,05,05,31,105,45,18,64,258,44,22,00,000,33,23,38,321,46*71
$GPGSV,2,2,05,24,76,145,46,,,,,,,,,,,,*49
$GPGSV,2,1,05,05,31,105,45,18,64,258,44,22,00,000,33,23,38,321,46*71
$GPGSV,2,2,05,24,76,145,46,,,,,,,,,,,,*49
$GPGSV,2,1,05,05,31,105,45,18,64,258,44,22,00,000,33,23,38,321,46*71
$GPGSV,2,2,05,24,76,145,46,,,,,,,,,,,,*49
$GPGSV,2,1,05,05,31,105,45,18,64,258,44,22,00,000,33,23,38,321,46*71
$GPGSV,2,2,05,24,76,145,46,,,,,,,,,,,,*49
$GPGSV,2,1,05,05,31,105,45,18,64,258,44,22,00,000,33,23,38,321,46*71
$GPGSV,2,2,05,24,76,145,46,,,,,,,,,,,,*49
$GPGSV,2,1,05,05,31,105,45,18,64,258,44,22,00,000,33,23,38,321,46*71
$GPGSV,2,2,05,24,76,145,46,,,,,,,,,,,,*49
$GPGSV,2,1,05,05,31,105,45,18,64,258,44,22,00,000,33,23,38,321,45*72
$GPGSV,2,2,05,24,76,145,46,,,,,,,,,,,,*49
$GPGSV,2,1,05,05,31,105,45,18,64,258,44,22,00,000,33,23,38,321,45*72
$GPGSV,2,2,05,24,76,145,46,,,,,,,,,,,,*49
$GPGSV,2,1,05,05,31,105,45,18,64,258,44,22,00,000,33,23,38,321,45*72
$GPGSV,2,2,05,24,76,145,46,,,,,,,,,,,,*49
$GPGSV,2,1,05,05,31,105,45,18,64,258,44,22,00,000,33,23,38,321,45*72
$GPGSV,2,2,05,24,76,145,46,,,,,,,,,,,,*49
$GPGSV,2,1,05,05,31,105,45,18,64,258,44,22,00,000,33,23,38,321,45*72
$GPGSV,2,2,05,24,76,145,46,,,,,,,,,,,,*49
$GPGSV,2,1,05,05,31,105,45,18,64,258,44,22,00,000,33,23,38,321,45*72
$GPGSV,2,2,05,24,76,145,46,,,,,,,,,,,,*49
$GPGSV,2,1,05,05,31,105,45,18,64,258,44,22,00,000,33,23,38,321,45*72
$GPGSV,2,2,05,24,76,145,46,,,,,,,,,,,,*49
$GPGSV,2,1,05,05,31,105,45,18,64,258,44,22,00,000,33,23,38,321,45*72
$GPGSV,2,2,05,24,76,144,46,,,,,,,,,,,,*48
$GPGSV,2,1,05,05,31,105,45,18,64,258,44,22,00,000,33,23,38,321,44*73
$GPGSV,2,2,05,24,76,144,46,,,,,,,,,,,,*48
$GPGSV,2,1,05,05,31,105,45,18,64,258,44,22,00,000,33,23,38,321,44*73
$GPGSV,2,2,05,24,76,144,46,,,,,,,,,,,,*48
$GPGSV,2,1,05,05,31,105,45,18,64,258,44,22,00,000,33,23,38,321,44*73
$GPGSV,2,2,05,24,76,144,46,,,,,,,,,,,,*48
$GPGSV,2,1,05,05,31,105,45,18,64,258,44,22,00,000,33,23,38,321,44*73
$GPGSV,2,2,05,24,76,144,46,,,,,,,,,,,,*48
$GPGSV,2,1,05,05,31,105,45,18,64,258,44,22,00,000,34,23,38,321,44*74
$GPGSV,2,2,05,24,76,144,46,,,,,,,,,,,,*48
$GPGSV,2,1,05,05,31,105,45,18,64,258,45,22,00,000,34,23,38,321,44*75
$GPGSV,2,2,05,24,76,144,46,,,,,,,,,,,,*48
$GPGSV,2,1,05,05,31,105,45,18,64,258,45,22,00,000,34,23,38,321,44*75
$GPGSV,2,2,05,24,76,144,46,,,,,,,,,,,,*48
$GPGSV,2,1,05,05,31,105,45,18,64,258,45,22,00,000,34,23,38,321,44*75
$GPGSV,2,2,05,24,76,144,46,,,,,,,,,,,,*48
$GPGSV,2,1,05,05,31,105,45,18,64,258,45,22,00,000,34,23,38,321,44*75
$GPGSV,2,2,05,24,76,144,46,,,,,,,,,,,,*48
$GPGSV,2,1,05,05,31,105,45,18,64,258,45,22,00,000,34,23,38,321,43*72
$GPGSV,2,2,05,24,76,144,46,,,,,,,,,,,,*48
$GPGSV,2,1,05,05,31,105,45,18,64,258,45,22,00,000,34,23,38,321,43*72
$GPGSV,2,2,05,24,76,144,46,,,,,,,,,,,,*48
$GPGSV,2,1,05,05,31,105,45,18,64,258,45,22,00,000,34,23,38,321,43*72
$GPGSV,2,2,05,24,76,144,46,,,,,,,,,,,,*48
$GPGSV,2,1,05,05,31,105,45,18,64,258,45,22,00,000,34,23,38,321,43*72
$GPGSV,2,2,05,24,76,144,46,,,,,,,,,,,,*48
$GPGSV,2,1,05,05,31,105,45,18,64,258,45,22,00,000,34,23,38,321,43*72
$GPGSV,2,2,05,24,76,144,46,,,,,,,,,,,,*48
$GPGSV,2,1,05,05,31,105,45,18,64,258,45,22,00,000,34,23,38,321,43*72
$GPGSV,2,2,05,24,76,144,46,,,,,,,,,,,,*48
$GPGSV,2,1,05,05,31,105,45,18,64,258,45,22,00,000,34,23,38,321,43*72
$GPGSV,2,2,05,24,76,144,46,,,,,,,,,,,,*48
$GPGSV,2,1,05,05,31,105,45,18,64,258,45,22,00,000,34,23,38,321,43*72
$GPGSV,2,2,05,24,76,144,46,,,,,,,,,,,,*48
$GPGSV,2,1,05,05,31,105,45,18,64,258,45,22,00,000,34,23,38,321,43*72
$GPGSV,2,2,05,24,76,144,46,,,,,,,,,,,,*48
$GPGSV,2,1,05,05,31,105,45,18,64,258,45,22,00,000,34,23,38,321,43*72
$GPGSV,2,2,05,24,76,144,46,,,,,,,,,,,,*48
$GPGSV,2,1,05,05,31,105,45,18,64,258,45,22,00,000,34,23,38,321,43*72
$GPGSV,2,2,05,24,76,144,46,,,,,,,,,,,,*48
$GPGSV,2,1,05,05,31,105,45,18,64,258,45,22,00,000,34,23,38,321,42*73
$GPGSV,2,2,05,24,76,144,46,,,,,,,,,,,,*48
$GPGSV,2,1,05,05,31,105,45,18,64,258,45,22,00,000,34,23,38,321,42*73
$GPGSV,2,2,05,24,76,144,46,,,,,,,,,,,,*48
$GPGSV,2,1,05,05,31,105,45,18,64,258,45,22,00,000,34,23,38,321,42*73
$GPGSV,2,2,05,24,76,144,46,,,,,,,,,,,,*48
$GPGSV,2,1,05,05,31,105,45,18,64,258,45,22,00,000,34,23,38,321,42*73
$GPGSV,2,2,05,24,76,144,46,,,,,,,,,,,,*48
$GPGSV,2,1,05,05,31,105,45,18,64,258,45,22,00,000,33,23,38,321,42*74
$GPGSV,2,2,05,24,76,144,46,,,,,,,,,,,,*48
$GPGSV,2,1,05,05,31,105,45,18,64,258,45,22,00,000,33,23,38,321,42*74
$GPGSV,2,2,05,24,76,144,46,,,,,,,,,,,,*48
$GPGSV,2,1,05,05,31,105,45,18,64,258,45,22,00,000,33,23,38,321,42*74
$GPGSV,2,2,05,24,76,144,46,,,,,,,,,,,,*48
$GPGSV,2,1,05,05,31,105,45,18,64,258,45,22,00,000,33,23,38,321,42*74
$GPGSV,2,2,05,24,76,144,46,,,,,,,,,,,,*48
$GPGSV,2,1,05,05,31,105,45,18,64,258,45,22,00,000,33,23,38,321,42*74
$GPGSV,2,2,05,24,76,144,46,,,,,,,,,,,,*48
$GPGSV,2,1,05,05,31,105,45,18,64,258,45,22,00,000,33,23,38,321,42*74
$GPGSV,2,2,05,24,76,144,46,,,,,,,,,,,,*48
$GPGSV,2,1,05,05,31,105,45,18,64,258,45,22,00,000,33,23,38,321,42*74
$GPGSV,2,2,05,24,76,144,46,,,,,,,,,,,,*48
$GPGSV,2,1,05,05,31,105,45,18,64,258,45,22,00,000,33,23,38,321,42*74
$GPGSV,2,2,05,24,76,144,46,,,,,,,,,,,,*48
$GPGSV,2,1,05,05,31,105,45,18,64,258,45,22,00,000,33,23,38,321,42*74
$GPGSV,2,2,05,24,76,144,46,,,,,,,,,,,,*48
$GPGSV,2,1,05,05,31,105,45,18,64,258,45,22,00,000,33,23,38,321,42*74
$GPGSV,2,2,05,24,76,144,46,,,,,,,,,,,,*48
$GPGSV,2,1,05,05,31,105,45,18,64,258,45,22,00,000,33,23,38,321,42*74
$GPGSV,2,2,05,24,76,144,46,,,,,,,,,,,,*48
$GPGSV,2,1,05,05,31,105,45,18,64,258,45,22,00,000,33,23,38,321,42*74
$GPGSV,2,2,05,24,76,144,46,,,,,,,,,,,,*48
$GPGSV,2,1,05,05,31,105,45,18,64,258,45,22,00,000,33,23,38,321,42*74
$GPGSV,2,2,05,24,76,144,46,,,,,,,,,,,,*48
$GPGSV,2,1,05,05,31,105,45,18,64,258,45,22,00,000,33,23,38,321,42*74
$GPGSV,2,2,05,24,76,144,46,,,,,,,,,,,,*48
$GPGSV,2,1,05,05,31,105,45,18,64,258,45,22,00,000,33,23,38,321,43*75
$GPGSV,2,2,05,24,76,144,46,,,,,,,,,,,,*48
$GPGSV,2,1,05,05,31,105,45,18,64,258,45,22,00,000,33,23,38,321,43*75
$GPGSV,2,2,05,24,76,144,46,,,,,,,,,,,,*48
$GPGSV,2,1,05,05,31,105,45,18,64,258,45,22,00,000,33,23,38,321,43*75
$GPGSV,2,2,05,24,76,144,46,,,,,,,,,,,,*48
$GPGSV,2,1,05,05,31,105,45,18,64,258,45,22,00,000,33,23,38,321,43*75
$GPGSV,2,2,05,24,76,144,46,,,,,,,,,,,,*48
$GPGSV,2,1,05,05,31,105,45,18,64,258,45,22,00,000,34,23,38,321,43*72
$GPGSV,2,2,05,24,76,144,46,,,,,,,,,,,,*48
$GPGSV,2,1,05,05,31,105,45,18,64,258,45,22,00,000,34,23,38,321,43*72
$GPGSV,2,2,05,24,76,144,46,,,,,,,,,,,,*48
$GPGSV,2,1,05,05,31,105,45,18,64,258,45,22,00,000,34,23,38,321,43*72
$GPGSV,2,2,05,24,76,144,46,,,,,,,,,,,,*48
$GPGSV,2,1,05,05,31,105,45,18,64,258,45,22,00,000,34,23,38,321,44*75
$GPGSV,2,2,05,24,76,144,46,,,,,,,,,,,,*48
$GPGSV,2,1,05,05,31,105,45,18,64,258,45,22,00,000,34,23,38,321,44*75
$GPGSV,2,2,05,24,76,144,46,,,,,,,,,,,,*48
$GPGSV,2,1,05,05,31,105,45,18,64,258,45,22,00,000,34,23,38,321,44*75
$GPGSV,2,2,05,24,76,144,46,,,,,,,,,,,,*48
$GPGSV,2,1,05,05,31,105,45,18,64,258,45,22,00,000,34,23,38,321,44*75
$GPGSV,2,2,05,24,76,144,46,,,,,,,,,,,,*48
$GPGSV,2,1,05,05,31,105,45,18,64,258,45,22,00,000,34,23,38,321,45*74
$GPGSV,2,2,05,24,76,144,46,,,,,,,,,,,,*48
$GPGSV,2,1,05,05,31,105,45,18,64,258,45,22,00,000,34,23,38,321,45*74
$GPGSV,2,2,05,24,76,144,46,,,,,,,,,,,,*48
$GPGSV,2,1,05,05,31,105,45,18,64,258,45,22,00,000,34,23,38,321,45*74
$GPGSV,2,2,05,24,76,144,46,,,,,,,,,,,,*48
$GPGSV,2,1,05,05,31,105,45,18,64,258,45,22,00,000,34,23,38,321,45*74
$GPGSV,2,2,05,24,76,144,46,,,,,,,,,,,,*48
$GPGSV,2,1,05,05,31,105,45,18,64,258,45,22,00,000,34,23,38,321,45*74
$GPGSV,2,2,05,24,76,144,46,,,,,,,,,,,,*48
$GPGSV,2,1,05,05,31,106,45,18,64,258,45,22,00,000,34,23,38,321,45*77
$GPGSV,2,2,05,24,76,144,46,,,,,,,,,,,,*48
$GPGSV,2,1,05,05,31,106,45,18,64,258,45,22,00,000,34,23,38,321,45*77
$GPGSV,2,2,05,24,76,144,46,,,,,,,,,,,,*48
$GPGSV,2,1,05,05,31,106,45,18,64,258,45,22,00,000,34,23,38,321,45*77
$GPGSV,2,2,05,24,76,144,46,,,,,,,,,,,,*48
$GPGSV,2,1,05,05,31,106,45,18,64,258,45,22,00,000,34,23,38,321,45*77
$GPGSV,2,2,05,24,76,144,46,,,,,,,,,,,,*48
$GPGSV,2,1,05,05,31,106,45,18,64,258,45,22,00,000,34,23,38,321,45*77
$GPGSV,2,2,05,24,76,144,46,,,,,,,,,,,,*48
$GPGSV,2,1,05,05,31,106,45,18,64,258,45,22,00,000,34,23,38,321,45*77
$GPGSV,2,2,05,24,76,144,46,,,,,,,,,,,,*48
$GPGSV,2,1,05,05,31,106,45,18,64,258,45,22,00,000,34,23,38,321,45*77
$GPGSV,2,2,05,24,76,144,46,,,,,,,,,,,,*48
$GPGSV,2,1,05,05,31,106,45,18,64,258,45,22,00,000,34,23,38,321,45*77
$GPGSV,2,2,05,24,76,144,46,,,,,,,,,,,,*48
$GPGSV,2,1,05,05,31,106,45,18,64,258,45,22,00,000,34,23,38,321,45*77
$GPGSV,2,2,05,24,76,144,46,,,,,,,,,,,,*48
$GPGSV,2,1,05,05,31,106,45,18,64,258,45,22,00,000,34,23,38,321,45*77
$GPGSV,2,2,05,24,76,144,46,,,,,,,,,,,,*48
$GPGSV,2,1,05,05,31,106,45,18,64,258,45,22,00,000,34,23,38,321,45*77
$GPGSV,2,2,05,24,76,144,46,,,,,,,,,,,,*48
$GPGSV,2,1,05,05,31,106,45,18,64,258,45,22,00,000,34,23,38,321,45*77
$GPGSV,2,2,05,24,76,144,46,,,,,,,,,,,,*48
$GPGSV,2,1,05,05,31,106,45,18,64,258,45,22,00,000,34,23,38,321,45*77
$GPGSV,2,2,05,24,76,144,46,,,,,,,,,,,,*48
$GPGSV,2,1,05,05,31,106,45,18,64,258,45,22,00,000,34,23,38,321,45*77
$GPGSV,2,2,05,24,76,144,46,,,,,,,,,,,,*48
$GPGSV,2,1,06,05,31,106,45,10,00,000,34,18,64,258,46,22,00,000,34*7A
$GPGSV,2,2,06,23,38,321,45,24,76,144,46,,,,,,,,*70
$GPGSV,2,1,06,05,31,106,45,10,00,000,34,18,64,258,46,22,00,000,34*7A
$GPGSV,2,2,06,23,38,321,46,24,76,144,46,,,,,,,,*73
$GPGSV,2,1,06,05,31,106,45,10,00,000,34,18,64,258,46,22,00,000,34*7A
$GPGSV,2,2,06,23,38,321,46,24,76,144,46,,,,,,,,*73
$GPGSV,2,1,06,05,31,106,45,10,00,000,35,18,64,258,46,22,00,000,34*7B
$GPGSV,2,2,06,23,38,321,46,24,76,144,46,,,,,,,,*73
$GPGSV,2,1,06,05,31,106,45,10,00,000,35,18,64,258,46,22,00,000,34*7B
$GPGSV,2,2,06,23,38,321,46,24,76,144,46,,,,,,,,*73
$GPGSV,2,1,06,05,31,106,45,10,00,000,35,18,64,258,46,22,00,000,34*7B
$GPGSV,2,2,06,23,38,321,46,24,76,144,46,,,,,,,,*73
$GPGSV,2,1,06,05,31,106,45,10,00,000,35,18,64,258,46,22,00,000,34*7B
$GPGSV,2,2,06,23,38,321,46,24,76,144,46,,,,,,,,*73
$GPGSV,2,1,06,05,31,106,45,10,00,000,35,18,64,258,46,22,00,000,34*7B
$GPGSV,2,2,06,23,38,321,46,24,76,144,46,,,,,,,,*73
$GPGSV,2,1,06,05,31,106,45,10,00,000,34,18,64,258,46,22,00,000,34*7A
$GPGSV,2,2,06,23,38,321,46,24,76,144,46,,,,,,,,*73
$GPGSV,2,1,06,05,31,106,45,10,00,000,33,18,64,258,46,22,00,000,34*7D
$GPGSV,2,2,06,23,38,321,46,24,76,144,46,,,,,,,,*73
$GPGSV,2,1,06,05,31,106,45,10,00,000,33,18,64,258,46,22,00,000,34*7D
$GPGSV,2,2,06,23,38,321,46,24,76,144,46,,,,,,,,*73
$GPGSV,2,1,06,05,31,106,45,10,00,000,33,18,64,258,46,22,00,000,34*7D
$GPGSV,2,2,06,23,38,321,46,24,76,144,46,,,,,,,,*73
$GPGSV,2,1,06,05,31,106,45,10,00,000,33,18,64,258,46,22,00,000,34*7D
$GPGSV,2,2,06,23,38,321,46,24,76,144,46,,,,,,,,*73
$GPGSV,2,1,06,05,31,106,45,10,00,000,33,18,64,258,46,22,00,000,34*7D
$GPGSV,2,2,06,23,38,321,46,24,76,144,46,,,,,,,,*73
$GPGSV,2,1,06,05,31,106,45,10,00,000,33,18,64,258,46,22,00,000,34*7D
$GPGSV,2,2,06,23,38,321,46,24,76,144,46,,,,,,,,*73
$GPGSV,2,1,06,05,31,106,45,10,00,000,33,18,64,258,46,22,00,000,34*7D
$GPGSV,2,2,06,23,38,321,46,24,76,144,46,,,,,,,,*73
$GPGSV,2,1,06,05,31,106,45,10,00,000,33,18,64,258,46,22,00,000,34*7D
$GPGSV,2,2,06,23,38,321,46,24,76,144,46,,,,,,,,*73
$GPGSV,2,1,06,05,31,106,45,10,00,000,33,18,64,258,46,22,00,000,34*7D
$GPGSV,2,2,06,23,38,321,46,24,76,144,46,,,,,,,,*73
$GPGSV,2,1,06,05,31,106,45,10,00,000,32,18,64,258,46,22,00,000,34*7C
$GPGSV,2,2,06,23,38,321,46,24,76,144,46,,,,,,,,*73
$GPGSV,2,1,06,05,31,106,45,10,00,000,32,18,64,258,46,22,00,000,35*7D
$GPGSV,2,2,06,23,38,321,46,24,76,144,46,,,,,,,,*73
$GPGSV,2,1,06,05,31,106,45,10,00,000,32,18,64,258,46,22,00,000,35*7D
$GPGSV,2,2,06,23,38,321,46,24,76,144,46,,,,,,,,*73
$GPGSV,2,1,06,05,31,106,45,10,00,000,32,18,64,258,46,22,00,000,35*7D
$GPGSV,2,2,06,23,38,321,46,24,76,144,46,,,,,,,,*73
$GPGSV,2,1,06,05,31,106,45,10,00,000,32,18,64,258,46,22,00,000,35*7D
$GPGSV,2,2,06,23,38,321,46,24,76,144,46,,,,,,,,*73
$GPGSV,2,1,06,05,31,106,45,10,00,000,32,18,64,258,46,22,00,000,35*7D
$GPGSV,2,2,06,23,38,321,46,24,76,144,46,,,,,,,,*73
$GPGSV,2,1,06,05,31,106,45,10,00,000,32,18,64,258,46,22,00,000,35*7D
$GPGSV,2,2,06,23,38,321,46,24,76,144,46,,,,,,,,*73
$GPGSV,2,1,06,05,31,106,45,10,00,000,32,18,64,258,46,22,00,000,35*7D
$GPGSV,2,2,06,23,38,321,46,24,76,144,46,,,,,,,,*73
$GPGSV,2,1,06,05,31,106,45,10,00,000,32,18,64,258,45,22,00,000,35*7E
$GPGSV,2,2,06,23,38,321,46,24,76,144,46,,,,,,,,*73
$GPGSV,2,1,06,05,31,106,45,10,00,000,32,18,64,258,45,22,00,000,34*7F
$GPGSV,2,2,06,23,38,321,46,24,76,144,46,,,,,,,,*73
$GPGSV,2,1,06,05,31,106,45,10,00,000,32,18,64,258,45,22,00,000,34*7F
$GPGSV,2,2,06,23,38,321,46,24,76,144,46,,,,,,,,*73
$GPGSV,2,1,06,05,31,106,45,10,00,000,32,18,64,258,45,22,00,000,34*7F
$GPGSV,2,2,06,23,38,321,46,24,76,144,46,,,,,,,,*73
$GPGSV,2,1,06,05,31,106,45,10,00,000,32,18,64,258,45,22,00,000,34*7F
$GPGSV,2,2,06,23,38,321,46,24,76,144,47,,,,,,,,*72
$GPGSV,2,1,06,05,31,106,45,10,00,000,32,18,64,258,45,22,00,000,34*7F
$GPGSV,2,2,06,23,38,321,46,24,76,144,47,,,,,,,,*72
$GPGSV,2,1,06,05,31,106,45,10,00,000,32,18,64,258,45,22,00,000,34*7F
$GPGSV,2,2,06,23,38,321,46,24,76,144,47,,,,,,,,*72
$GPGSV,2,1,06,05,31,106,45,10,00,000,32,18,64,258,45,22,00,000,34*7F
$GPGSV,2,2,06,23,38,321,46,24,76,144,47,,,,,,,,*72
$GPGSV,2,1,06,05,31,106,45,10,00,000,32,18,64,258,45,22,00,000,34*7F
$GPGSV,2,2,06,23,38,321,46,24,76,144,47,,,,,,,,*72
$GPGSV,2,1,06,05,31,106,45,10,00,000,32,18,64,258,45,22,00,000,34*7F
$GPGSV,2,2,06,23,38,321,46,24,76,144,47,,,,,,,,*72
$GPGSV,2,1,06,05,31,106,45,10,00,000,32,18,64,258,45,22,00,000,34*7F
$GPGSV,2,2,06,23,38,321,46,24,76,144,47,,,,,,,,*72
$GPGSV,2,1,06,05,31,106,45,10,00,000,32,18,64,258,45,22,00,000,34*7F
$GPGSV,2,2,06,23,38,321,46,24,76,144,47,,,,,,,,*72
$GPGSV,2,1,06,05,31,106,45,10,00,000,32,18,64,258,45,22,00,000,34*7F
$GPGSV,2,2,06,23,38,321,46,24,76,144,47,,,,,,,,*72
$GPGSV,2,1,06,05,31,106,45,10,00,000,32,18,64,258,45,22,00,000,34*7F
$GPGSV,2,2,06,23,38,321,46,24,76,144,47,,,,,,,,*72
$GPGSV,2,1,06,05,31,106,45,10,00,000,32,18,64,258,45,22,00,000,34*7F
$GPGSV,2,2,06,23,38,321,46,24,76,144,47,,,,,,,,*72
$GPGSV,2,1,06,05,31,106,45,10,00,000,32,18,64,258,45,22,00,000,34*7F
$GPGSV,2,2,06,23,38,321,46,24,76,144,47,,,,,,,,*72
$GPGSV,2,1,06,05,31,106,45,10,00,000,32,18,64,258,45,22,00,000,34*7F
$GPGSV,2,2,06,23,38,321,46,24,76,144,47,,,,,,,,*72
$GPGSV,2,1,06,05,31,106,45,10,00,000,32,18,64,258,45,22,00,000,34*7F
$GPGSV,2,2,06,23,38,321,46,24,76,144,47,,,,,,,,*72
$GPGSV,2,1,06,05,31,106,45,10,00,000,32,18,64,258,45,22,00,000,34*7F
$GPGSV,2,2,06,23,38,321,46,24,76,144,47,,,,,,,,*72
$GPGSV,2,1,06,05,31,106,45,10,00,000,32,18,64,258,45,22,00,000,34*7F
$GPGSV,2,2,06,23,38,321,46,24,76,144,47,,,,,,,,*72
$GPGSV,2,1,06,05,31,106,45,10,00,000,32,18,64,258,45,22,00,000,34*7F
$GPGSV,2,2,06,23,38,322,46,24,76,144,47,,,,,,,,*71
$GPGSV,2,1,06,05,31,106,45,10,00,000,32,18,64,258,45,22,00,000,34*7F
$GPGSV,2,2,06,23,38,322,46,24,76,144,47,,,,,,,,*71
$GPGSV,2,1,06,05,31,106,45,10,00,000,31,18,64,258,45,22,00,000,34*7C
$GPGSV,2,2,06,23,38,322,46,24,76,144,47,,,,,,,,*71
$GPGSV,2,1,06,05,31,106,45,10,00,000,31,18,64,258,45,22,00,000,34*7C
$GPGSV,2,2,06,23,38,322,46,24,76,144,47,,,,,,,,*71
$GPGSV,2,1,06,05,31,106,45,10,00,000,31,18,64,258,45,22,00,000,34*7C
$GPGSV,2,2,06,23,38,322,46,24,76,144,47,,,,,,,,*71
$GPGSV,2,1,06,05,31,106,45,10,00,000,31,18,64,258,46,22,00,000,34*7F
$GPGSV,2,2,06,23,38,322,46,24,76,144,47,,,,,,,,*71
$GPGSV,2,1,06,05,31,106,45,10,00,000,31,18,64,258,46,22,00,000,34*7F
$GPGSV,2,2,06,23,38,322,46,24,76,144,47,,,,,,,,*71
$GPGSV,2,1,06,05,31,106,45,10,00,000,31,18,64,258,46,22,00,000,34*7F
$GPGSV,2,2,06,23,38,322,46,24,76,144,47,,,,,,,,*71
$GPGSV,2,1,06,05,31,106,45,10,00,000,31,18,64,258,46,22,00,000,33*78
$GPGSV,2,2,06,23,38,322,45,24,76,144,47,,,,,,,,*72
$GPGSV,2,1,06,05,31,106,45,10,00,000,31,18,64,258,46,22,00,000,33*78
$GPGSV,2,2,06,23,38,322,45,24,76,144,47,,,,,,,,*72
$GPGSV,2,1,06,05,31,106,45,10,00,000,32,18,64,258,46,22,00,000,33*7B
$GPGSV,2,2,06,23,38,322,45,24,76,144,47,,,,,,,,*72
$GPGSV,2,1,06,05,31,106,45,10,00,000,32,18,64,258,46,22,00,000,33*7B
$GPGSV,2,2,06,23,38,322,45,24,76,144,47,,,,,,,,*72
$GPGSV,2,1,06,05,31,106,45,10,00,000,31,18,64,258,46,22,00,000,33*78
$GPGSV,2,2,06,23,38,322,45,24,76,144,47,,,,,,,,*72
$GPGSV,2,1,06,05,31,106,45,10,00,000,31,18,64,258,46,22,00,000,33*78
$GPGSV,2,2,06,23,38,322,45,24,76,144,47,,,,,,,,*72
$GPGSV,2,1,06,05,31,106,45,10,00,000,31,18,64,258,46,22,00,000,33*78
$GPGSV,2,2,06,23,38,322,45,24,76,144,47,,,,,,,,*72
$GPGSV,2,1,06,05,31,106,45,10,00,000,31,18,64,258,46,22,00,000,33*78
$GPGSV,2,2,06,23,38,322,44,24,76,144,47,,,,,,,,*73
$GPGSV,2,1,06,05,31,106,45,10,00,000,31,18,64,258,46,22,00,000,33*78
$GPGSV,2,2,06,23,38,322,44,24,76,144,47,,,,,,,,*73
$GPGSV,2,1,06,05,31,106,45,10,00,000,31,18,64,258,46,22,00,000,33*78
$GPGSV,2,2,06,23,38,322,44,24,76,144,47,,,,,,,,*73
$GPGSV,2,1,06,05,31,106,45,10,00,000,31,18,64,258,46,22,00,000,33*78
$GPGSV,2,2,06,23,38,322,44,24,76,144,47,,,,,,,,*73
$GPGSV,2,1,06,05,31,106,45,10,00,000,31,18,64,258,46,22,00,000,33*78
$GPGSV,2,2,06,23,38,322,44,24,76,144,47,,,,,,,,*73
$GPGSV,2,1,06,05,31,106,45,10,00,000,31,18,64,258,46,22,00,000,33*78
$GPGSV,2,2,06,23,38,322,44,24,76,144,47,,,,,,,,*73
$GPGSV,2,1,06,05,31,106,45,10,00,000,31,18,64,258,46,22,00,000,33*78
$GPGSV,2,2,06,23,38,322,44,24,76,144,47,,,,,,,,*73
$GPGSV,2,1,06,05,31,106,45,10,00,000,31,18,64,258,46,22,00,000,33*78
$GPGSV,2,2,06,23,38,322,43,24,76,144,47,,,,,,,,*74
$GPGSV,2,1,06,05,31,106,45,10,00,000,31,18,64,258,47,22,00,000,33*79
$GPGSV,2,2,06,23,38,322,43,24,76,144,47,,,,,,,,*74
$GPGSV,2,1,06,05,31,106,45,10,00,000,30,18,64,258,47,22,00,000,33*78
$GPGSV,2,2,06,23,38,322,43,24,76,144,47,,,,,,,,*74
$GPGSV,2,1,06,05,31,106,45,10,00,000,29,18,64,258,47,22,00,000,33*70
$GPGSV,2,2,06,23,38,322,43,24,76,144,47,,,,,,,,*74
$GPGSV,2,1,06,05,31,106,45,10,00,000,28,18,64,258,47,22,00,000,33*71
$GPGSV,2,2,06,23,38,322,43,24,76,144,47,,,,,,,,*74
$GPGSV,2,1,06,05,31,106,45,10,00,000,27,18,64,258,47,22,00,000,33*7E
$GPGSV,2,2,06,23,38,322,43,24,76,144,47,,,,,,,,*74
$GPGSV,2,1,06,05,31,106,45,10,00,000,25,18,64,258,47,22,00,000,33*7C
$GPGSV,2,2,06,23,38,322,43,24,76,144,47,,,,,,,,*74
$GPGSV,2,1,06,05,31,106,45,10,00,000,24,18,64,258,47,22,00,000,33*7D
$GPGSV,2,2,06,23,38,322,43,24,76,144,47,,,,,,,,*74
$GPGSV,2,1,06,05,31,106,45,10,00,000,22,18,64,258,47,22,00,000,33*7B
$GPGSV,2,2,06,23,38,322,43,24,76,144,47,,,,,,,,*74
$GPGSV,2,1,06,05,31,106,45,10,00,000,21,18,64,258,47,22,00,000,33*78
$GPGSV,2,2,06,23,38,322,42,24,76,144,47,,,,,,,,*75
$GPGSV,2,1,06,05,31,106,45,10,00,000,20,18,64,258,47,22,00,000,33*79
$GPGSV,2,2,06,23,38,322,42,24,76,144,47,,,,,,,,*75
$GPGSV,2,1,06,05,31,106,45,10,00,000,19,18,64,258,47,22,00,000,33*73
$GPGSV,2,2,06,23,38,322,42,24,76,144,47,,,,,,,,*75
$GPGSV,2,1,06,05,31,106,45,10,00,000,19,18,64,258,47,22,00,000,33*73
$GPGSV,2,2,06,23,38,322,42,24,76,144,47,,,,,,,,*75
$GPGSV,2,1,06,05,31,106,45,10,00,000,19,18,64,258,47,22,00,000,33*73
$GPGSV,2,2,06,23,38,322,42,24,76,144,47,,,,,,,,*75
$GPGSV,2,1,06,05,31,106,45,10,00,000,19,18,64,258,46,22,00,000,33*72
$GPGSV,2,2,06,23,38,322,42,24,76,144,47,,,,,,,,*75
$GPGSV,2,1,06,05,31,106,45,10,00,000,20,18,64,258,46,22,00,000,33*78
$GPGSV,2,2,06,23,38,322,42,24,76,144,47,,,,,,,,*75
$GPGSV,2,1,06,05,31,106,45,10,00,000,20,18,64,258,46,22,00,000,33*78
$GPGSV,2,2,06,23,38,322,42,24,76,144,47,,,,,,,,*75
$GPGSV,2,1,06,05,31,106,45,10,00,000,22,18,64,258,46,22,00,000,33*7A
$GPGSV,2,2,06,23,38,322,42,24,76,144,47,,,,,,,,*75
$GPGSV,2,1,06,05,31,106,45,10,00,000,23,18,64,258,46,22,00,000,33*7B
$GPGSV,2,2,06,23,38,322,42,24,76,144,46,,,,,,,,*74
$GPGSV,2,1,06,05,31,106,45,10,00,000,24,18,64,258,46,22,00,000,33*7C
$GPGSV,2,2,06,23,38,322,42,24,76,144,46,,,,,,,,*74
$GPGSV,2,1,06,05,31,106,45,10,00,000,24,18,64,258,46,22,00,000,33*7C
$GPGSV,2,2,06,23,38,322,42,24,76,144,46,,,,,,,,*74
$GPGSV,2,1,06,05,31,106,45,10,00,000,25,18,64,258,46,22,00,000,33*7D
$GPGSV,2,2,06,23,38,322,42,24,76,144,46,,,,,,,,*74
$GPGSV,2,1,06,05,31,106,45,10,00,000,26,18,64,258,46,22,00,000,33*7E
$GPGSV,2,2,06,23,38,322,42,24,76,144,46,,,,,,,,*74
$GPGSV,2,1,06,05,31,106,45,10,00,000,27,18,64,258,46,22,00,000,33*7F
$GPGSV,2,2,06,23,38,322,42,24,76,144,46,,,,,,,,*74
$GPGSV,2,1,06,05,31,106,45,10,00,000,27,18,64,258,46,22,00,000,33*7F
$GPGSV,2,2,06,23,38,322,43,24,76,144,46,,,,,,,,*75
$GPGSV,2,1,06,05,31,106,45,10,00,000,28,18,64,258,46,22,00,000,33*70
$GPGSV,2,2,06,23,38,322,43,24,76,144,46,,,,,,,,*75
$GPGSV,2,1,06,05,31,106,45,10,00,000,28,18,64,258,46,22,00,000,33*70
$GPGSV,2,2,06,23,38,322,43,24,76,144,46,,,,,,,,*75
$GPGSV,2,1,06,05,31,106,45,10,00,000,29,18,64,258,46,22,00,000,33*71
$GPGSV,2,2,06,23,38,322,43,24,76,144,46,,,,,,,,*75
$GPGSV,2,1,06,05,31,106,45,10,00,000,29,18,64,258,46,22,00,000,33*71
$GPGSV,2,2,06,23,38,322,43,24,76,144,46,,,,,,,,*75
$GPGSV,2,1,06,05,31,106,45,10,00,000,29,18,64,258,46,22,00,000,33*71
$GPGSV,2,2,06,23,38,322,43,24,76,144,46,,,,,,,,*75
$GPGSV,2,1,06,05,31,106,45,10,00,000,30,18,64,258,46,22,00,000,33*79
$GPGSV,2,2,06,23,38,322,43,24,76,144,46,,,,,,,,*75
$GPGSV,2,1,06,05,31,106,45,10,00,000,30,18,64,258,46,22,00,000,33*79
$GPGSV,2,2,06,23,38,322,43,24,76,144,46,,,,,,,,*75
$GPGSV,2,1,06,05,31,106,45,10,00,000,31,18,64,258,46,22,00,000,33*78
$GPGSV,2,2,06,23,38,322,43,24,76,144,46,,,,,,,,*75
$GPGSV,2,1,06,05,31,106,45,10,00,000,31,18,64,258,46,22,00,000,33*78
$GPGSV,2,2,06,23,38,322,43,24,76,144,46,,,,,,,,*75
$GPGSV,2,1,06,05,31,106,45,10,00,000,31,18,64,258,46,22,00,000,33*78
$GPGSV,2,2,06,23,38,322,43,24,76,144,46,,,,,,,,*75
$GPGSV,2,1,06,05,31,106,45,10,00,000,31,18,64,258,46,22,00,000,33*78
$GPGSV,2,2,06,23,38,322,43,24,76,144,46,,,,,,,,*75
$GPGSV,2,1,06,05,31,106,45,10,00,000,32,18,64,258,46,22,00,000,33*7B
$GPGSV,2,2,06,23,38,322,43,24,76,144,46,,,,,,,,*75
$GPGSV,2,1,06,05,31,106,45,10,00,000,32,18,64,258,46,22,00,000,33*7B
$GPGSV,2,2,06,23,38,322,44,24,76,144,46,,,,,,,,*72
$GPGSV,2,1,06,05,31,106,45,10,00,000,32,18,64,258,46,22,00,000,33*7B
$GPGSV,2,2,06,23,38,322,44,24,76,144,46,,,,,,,,*72
$GPGSV,2,1,06,05,31,106,45,10,00,000,32,18,64,258,46,22,00,000,33*7B
$GPGSV,2,2,06,23,38,322,44,24,76,144,46,,,,,,,,*72
$GPGSV,2,1,06,05,31,106,45,10,00,000,32,18,64,258,46,22,00,000,33*7B
$GPGSV,2,2,06,23,38,322,44,24,76,144,46,,,,,,,,*72
$GPGSV,2,1,06,05,31,106,45,10,00,000,32,18,64,258,46,22,00,000,33*7B
$GPGSV,2,2,06,23,38,322,44,24,76,144,46,,,,,,,,*72
$GPGSV,2,1,06,05,31,106,45,10,00,000,32,18,64,258,46,22,00,000,33*7B
$GPGSV,2,2,06,23,38,322,44,24,76,144,46,,,,,,,,*72
$GPGSV,2,1,06,05,31,106,45,10,00,000,32,18,64,258,46,22,00,000,33*7B
$GPGSV,2,2,06,23,38,322,44,24,76,144,46,,,,,,,,*72
$GPGSV,2,1,06,05,31,106,45,10,00,000,32,18,64,258,46,22,00,000,33*7B
$GPGSV,2,2,06,23,38,322,44,24,76,144,46,,,,,,,,*72
$GPGSV,2,1,06,05,31,106,45,10,00,000,32,18,64,258,46,22,00,000,33*7B
$GPGSV,2,2,06,23,38,322,44,24,76,144,46,,,,,,,,*72
$GPGSV,2,1,06,05,31,106,45,10,00,000,32,18,64,258,46,22,00,000,33*7B
$GPGSV,2,2,06,23,38,322,44,24,76,144,46,,,,,,,,*72
$GPGSV,2,1,06,05,31,106,45,10,00,000,32,18,64,258,45,22,00,000,33*78
$GPGSV,2,2,06,23,38,322,44,24,76,144,46,,,,,,,,*72
$GPGSV,2,1,06,05,31,106,45,10,00,000,32,18,64,258,45,22,00,000,33*78
$GPGSV,2,2,06,23,38,322,44,24,76,143,46,,,,,,,,*75
$GPGSV,2,1,06,05,31,106,45,10,00,000,32,18,64,258,45,22,00,000,33*78
$GPGSV,2,2,06,23,38,322,44,24,76,143,46,,,,,,,,*75
$GPGSV,2,1,06,05,31,106,45,10,00,000,32,18,64,258,45,22,00,000,33*78
$GPGSV,2,2,06,23,38,322,44,24,76,143,46,,,,,,,,*75
$GPGSV,2,1,06,05,31,106,45,10,00,000,32,18,64,258,45,22,00,000,33*78
$GPGSV,2,2,06,23,38,322,45,24,76,143,46,,,,,,,,*74
$GPGSV,2,1,06,05,31,106,45,10,00,000,32,18,64,258,45,22,00,000,33*78
$GPGSV,2,2,06,23,38,322,45,24,76,143,46,,,,,,,,*74
$GPGSV,2,1,06,05,31,106,45,10,00,000,32,18,64,258,45,22,00,000,33*78
$GPGSV,2,2,06,23,38,322,45,24,76,143,46,,,,,,,,*74
$GPGSV,2,1,06,05,31,106,45,10,00,000,32,18,64,258,46,22,00,000,33*7B
$GPGSV,2,2,06,23,38,322,45,24,76,143,46,,,,,,,,*74
$GPGSV,2,1,06,05,31,106,45,10,00,000,31,18,64,258,46,22,00,000,33*78
$GPGSV,2,2,06,23,38,322,45,24,76,143,46,,,,,,,,*74
$GPGSV,2,1,06,05,31,106,45,10,00,000,30,18,64,258,46,22,00,000,33*79
$GPGSV,2,2,06,23,38,322,45,24,76,143,46,,,,,,,,*74
$GPGSV,2,1,06,05,31,106,45,10,00,000,29,18,64,258,46,22,00,000,33*71
$GPGSV,2,2,06,23,38,322,45,24,76,143,46,,,,,,,,*74
$GPGSV,2,1,06,05,31,106,45,10,00,000,29,18,64,258,46,22,00,000,33*71
$GPGSV,2,2,06,23,38,322,45,24,76,143,46,,,,,,,,*74
$GPGSV,2,1,06,05,31,106,45,10,00,000,28,18,64,258,46,22,00,000,33*70
$GPGSV,2,2,06,23,38,322,45,24,76,143,46,,,,,,,,*74
$GPGSV,2,1,06,05,31,106,45,10,00,000,27,18,64,258,46,22,00,000,33*7F
$GPGSV,2,2,06,23,38,322,45,24,76,143,46,,,,,,,,*74
$GPGSV,2,1,06,05,31,106,45,10,00,000,26,18,64,258,46,22,00,000,33*7E
$GPGSV,2,2,06,23,38,322,45,24,76,143,46,,,,,,,,*74
$GPGSV,2,1,06,05,31,106,45,10,00,000,26,18,64,258,46,22,00,000,33*7E
$GPGSV,2,2,06,23,38,322,45,24,76,143,46,,,,,,,,*74
$GPGSV,2,1,06,05,31,106,44,10,00,000,25,18,64,258,46,22,00,000,33*7C
$GPGSV,2,2,06,23,38,322,45,24,76,143,46,,,,,,,,*74
$GPGSV,2,1,05,05,31,106,44,18,64,258,46,22,00,000,33,23,38,322,45*71
$GPGSV,2,2,05,24,76,143,46,,,,,,,,,,,,*4F
$GPGSV,2,1,05,05,31,106,44,18,64,258,46,22,00,000,33,23,38,322,45*71
$GPGSV,2,2,05,24,76,143,46,,,,,,,,,,,,*4F
$GPGSV,2,1,05,05,31,106,44,18,64,258,46,22,00,000,33,23,38,322,45*71
$GPGSV,2,2,05,24,76,143,46,,,,,,,,,,,,*4F
$GPGSV,2,1,05,05,31,106,44,18,64,258,46,22,00,000,33,23,38,322,45*71
$GPGSV,2,2,05,24,76,143,46,,,,,,,,,,,,*4F
$GPGSV,2,1,05,05,31,106,44,18,64,258,46,22,00,000,33,23,38,322,45*71
$GPGSV,2,2,05,24,76,143,46,,,,,,,,,,,,*4F
$GPGSV,2,1,05,05,31,106,44,18,64,258,46,22,00,000,33,23,38,322,46*72
$GPGSV,2,2,05,24,76,143,46,,,,,,,,,,,,*4F
$GPGSV,2,1,05,05,31,106,44,18,64,258,46,22,00,000,33,23,38,322,46*72
$GPGSV,2,2,05,24,76,143,46,,,,,,,,,,,,*4F
$GPGSV,2,1,05,05,31,106,44,18,64,258,46,22,00,000,33,23,38,322,46*72
$GPGSV,2,2,05,24,76,143,46,,,,,,,,,,,,*4F
$GPGSV,2,1,05,05,31,106,44,18,64,258,46,22,00,000,33,23,38,322,46*72
$GPGSV,2,2,05,24,76,143,46,,,,,,,,,,,,*4F
$GPGSV,2,1,05,05,31,106,44,18,64,258,46,22,00,000,32,23,38,322,46*73
$GPGSV,2,2,05,24,76,143,46,,,,,,,,,,,,*4F
$GPGSV,2,1,05,05,31,106,44,18,64,258,46,22,00,000,32,23,38,322,46*73
$GPGSV,2,2,05,24,76,143,46,,,,,,,,,,,,*4F
$GPGSV,2,1,05,05,31,106,44,18,64,258,46,22,00,000,32,23,38,322,46*73
$GPGSV,2,2,05,24,76,143,46,,,,,,,,,,,,*4F
$GPGSV,2,1,05,05,31,106,44,18,64,258,46,22,00,000,32,23,38,322,46*73
$GPGSV,2,2,05,24,76,143,46,,,,,,,,,,,,*4F
$GPGSV,2,1,05,05,31,106,44,18,64,258,46,22,00,000,32,23,38,322,46*73
$GPGSV,2,2,05,24,76,143,46,,,,,,,,,,,,*4F
$GPGSV,2,1,05,05,31,106,44,18,64,258,46,22,00,000,32,23,38,322,46*73
$GPGSV,2,2,05,24,76,143,46,,,,,,,,,,,,*4F
$GPGSV,2,1,05,05,31,106,44,18,64,258,46,22,00,000,32,23,38,322,46*73
$GPGSV,2,2,05,24,76,143,46,,,,,,,,,,,,*4F
$GPGSV,2,1,05,05,31,106,44,18,64,258,46,22,00,000,32,23,38,322,46*73
$GPGSV,2,2,05,24,76,143,46,,,,,,,,,,,,*4F
$GPGSV,2,1,05,05,31,106,44,18,64,258,46,22,00,000,32,23,38,322,46*73
$GPGSV,2,2,05,24,76,143,46,,,,,,,,,,,,*4F
$GPGSV,2,1,05,05,31,106,44,18,64,258,46,22,00,000,32,23,38,322,46*73
$GPGSV,2,2,05,24,76,143,46,,,,,,,,,,,,*4F
$GPGSV,2,1,05,05,31,106,44,18,64,258,46,22,00,000,32,23,38,322,46*73
$GPGSV,2,2,05,24,76,143,47,,,,,,,,,,,,*4E
$GPGSV,2,1,05,05,31,106,44,18,64,258,46,22,00,000,33,23,38,322,46*72
$GPGSV,2,2,05,24,76,143,47,,,,,,,,,,,,*4E
$GPGSV,2,1,05,05,31,106,44,18,64,258,46,22,00,000,33,23,38,322,46*72
$GPGSV,2,2,05,24,76,143,47,,,,,,,,,,,,*4E
$GPGSV,2,1,05,05,31,106,44,18,64,258,46,22,00,000,33,23,38,322,46*72
$GPGSV,2,2,05,24,76,143,47,,,,,,,,,,,,*4E
$GPGSV,2,1,05,05,31,106,44,18,64,258,46,22,00,000,33,23,38,322,46*72
$GPGSV,2,2,05,24,76,143,47,,,,,,,,,,,,*4E
$GPGSV,2,1,05,05,31,106,44,18,64,258,46,22,00,000,33,23,38,322,46*72
$GPGSV,2,2,05,24,76,143,47,,,,,,,,,,,,*4E
$GPGSV,2,1,05,05,31,106,44,18,64,258,46,22,00,000,33,23,38,322,46*72
$GPGSV,2,2,05,24,76,143,47,,,,,,,,,,,,*4E
$GPGSV,2,1,05,05,31,106,44,18,64,258,46,22,00,000,33,23,38,322,46*72
$GPGSV,2,2,05,24,76,143,47,,,,,,,,,,,,*4E
$GPGSV,2,1,05,05,31,106,44,18,64,258,46,22,00,000,33,23,38,322,46*72
$GPGSV,2,2,05,24,76,143,47,,,,,,,,,,,,*4E
$GPGSV,2,1,05,05,31,106,44,18,64,258,46,22,00,000,33,23,38,322,46*72
$GPGSV,2,2,05,24,76,143,47,,,,,,,,,,,,*4E
$GPGSV,2,1,05,05,31,106,45,18,64,258,46,22,00,000,33,23,38,322,46*73
$GPGSV,2,2,05,24,76,143,47,,,,,,,,,,,,*4E
$GPGSV,2,1,05,05,31,106,45,18,64,258,46,22,00,000,33,23,38,322,46*73
$GPGSV,2,2,05,24,76,143,47,,,,,,,,,,,,*4E
$GPGSV,2,1,05,05,31,106,45,18,64,258,46,22,00,000,33,23,38,322,46*73
$GPGSV,2,2,05,24,76,143,47,,,,,,,,,,,,*4E
$GPGSV,2,1,05,05,31,106,45,18,64,258,46,22,00,000,33,23,38,322,46*73
$GPGSV,2,2,05,24,76,143,47,,,,,,,,,,,,*4E
$GPGSV,2,1,05,05,31,106,45,18,64,258,46,22,00,000,33,23,38,322,46*73
$GPGSV,2,2,05,24,76,143,47,,,,,,,,,,,,*4E
$GPGSV,2,1,05,05,31,106,45,18,64,258,46,22,00,000,33,23,38,322,46*73
$GPGSV,2,2,05,24,76,143,47,,,,,,,,,,,,*4E
$GPGSV,2,1,05,05,31,106,45,18,64,258,46,22,00,000,32,23,38,322,46*72
$GPGSV,2,2,05,24,76,143,47,,,,,,,,,,,,*4E
$GPGSV,2,1,05,05,31,106,45,18,64,258,46,22,00,000,32,23,38,322,46*72
$GPGSV,2,2,05,24,76,143,47,,,,,,,,,,,,*4E
$GPGSV,2,1,05,05,31,106,45,18,64,258,46,22,00,000,32,23,38,322,46*72
$GPGSV,2,2,05,24,76,143,47,,,,,,,,,,,,*4E
$GPGSV,2,1,05,05,31,106,45,18,64,258,46,22,00,000,32,23,38,322,45*71
$GPGSV,2,2,05,24,76,143,47,,,,,,,,,,,,*4E
$GPGSV,2,1,05,05,31,106,45,18,64,258,46,22,00,000,32,23,38,322,45*71
$GPGSV,2,2,05,24,76,143,47,,,,,,,,,,,,*4E
$GPGSV,2,1,05,05,31,106,45,18,64,258,46,22,00,000,32,23,38,322,45*71
$GPGSV,2,2,05,24,76,143,47,,,,,,,,,,,,*4E
$GPGSV,2,1,05,05,31,106,45,18,64,258,46,22,00,000,32,23,38,322,45*71
$GPGSV,2,2,05,24,76,143,47,,,,,,,,,,,,*4E
$GPGSV,2,1,05,05,31,106,45,18,64,258,46,22,00,000,32,23,38,322,45*71
$GPGSV,2,2,05,24,76,143,47,,,,,,,,,,,,*4E
$GPGSV,2,1,05,05,31,106,45,18,64,258,46,22,00,000,32,23,38,322,45*71
$GPGSV,2,2,05,24,76,143,47,,,,,,,,,,,,*4E
$GPGSV,2,1,05,05,31,106,45,18,64,257,46,22,00,000,32,23,38,322,45*7E
$GPGSV,2,2,05,24,76,143,47,,,,,,,,,,,,*4E
$GPGSV,2,1,05,05,31,106,45,18,64,257,46,22,00,000,32,23,38,322,45*7E
$GPGSV,2,2,05,24,76,143,47,,,,,,,,,,,,*4E
$GPGSV,2,1,05,05,31,106,45,18,64,257,46,22,00,000,32,23,38,322,44*7F
$GPGSV,2,2,05,24,76,143,47,,,,,,,,,,,,*4E
$GPGSV,2,1,05,05,31,106,45,18,64,257,46,22,00,000,32,23,38,322,44*7F
$GPGSV,2,2,05,24,76,143,47,,,,,,,,,,,,*4E
$GPGSV,2,1,05,05,31,106,45,18,64,257,46,22,00,000,32,23,38,322,44*7F
$GPGSV,2,2,05,24,76,143,47,,,,,,,,,,,,*4E
$GPGSV,2,1,05,05,31,106,45,18,64,257,46,22,00,000,32,23,38,322,44*7F
$GPGSV,2,2,05,24,76,143,47,,,,,,,,,,,,*4E
$GPGSV,2,1,05,05,31,106,45,18,64,257,46,22,00,000,32,23,38,322,44*7F
$GPGSV,2,2,05,24,76,143,47,,,,,,,,,,,,*4E
$GPGSV,2,1,05,05,31,106,45,18,64,257,46,22,00,000,32,23,38,322,44*7F
$GPGSV,2,2,05,24,76,143,47,,,,,,,,,,,,*4E
$GPGSV,2,1,05,05,31,106,45,18,64,257,46,22,00,000,32,23,38,322,44*7F
$GPGSV,2,2,05,24,76,143,47,,,,,,,,,,,,*4E
$GPGSV,2,1,05,05,31,106,45,18,64,257,46,22,00,000,32,23,38,322,44*7F
$GPGSV,2,2,05,24,76,143,47,,,,,,,,,,,,*4E
$GPGSV,2,1,05,05,31,106,45,18,64,257,46,22,00,000,32,23,38,322,43*78
$GPGSV,2,2,05,24,76,143,47,,,,,,,,,,,,*4E
$GPGSV,2,1,05,05,31,106,45,18,64,257,46,22,00,000,32,23,38,322,43*78
$GPGSV,2,2,05,24,76,143,47,,,,,,,,,,,,*4E
$GPGSV,2,1,05,05,31,106,45,18,64,257,46,22,00,000,32,23,38,322,43*78
$GPGSV,2,2,05,24,76,143,47,,,,,,,,,,,,*4E
$GPGSV,2,1,05,05,31,106,45,18,64,257,46,22,00,000,32,23,38,322,43*78
$GPGSV,2,2,05,24,76,143,47,,,,,,,,,,,,*4E
$GPGSV,2,1,05,05,31,106,45,18,64,257,46,22,00,000,32,23,38,322,43*78
$GPGSV,2,2,05,24,76,143,47,,,,,,,,,,,,*4E
$GPGSV,2,1,05,05,31,106,45,18,64,257,46,22,00,000,32,23,38,322,43*78
$GPGSV,2,2,05,24,76,143,47,,,,,,,,,,,,*4E
$GPGSV,2,1,05,05,31,106,45,18,64,257,46,22,00,000,32,23,38,322,43*78
$GPGSV,2,2,05,24,76,143,47,,,,,,,,,,,,*4E
$GPGSV,2,1,05,05,31,106,45,18,64,257,46,22,00,000,32,23,38,322,42*79
$GPGSV,2,2,05,24,76,143,47,,,,,,,,,,,,*4E
$GPGSV,2,1,05,05,31,106,45,18,64,257,46,22,00,000,32,23,38,322,42*79
$GPGSV,2,2,05,24,76,143,47,,,,,,,,,,,,*4E
$GPGSV,2,1,05,05,31,106,45,18,64,257,46,22,00,000,32,23,38,322,42*79
$GPGSV,2,2,05,24,76,143,47,,,,,,,,,,,,*4E
$GPGSV,2,1,05,05,31,106,45,18,64,257,46,22,00,000,32,23,38,322,42*79
$GPGSV,2,2,05,24,76,143,47,,,,,,,,,,,,*4E
$GPGSV,2,1,05,05,31,106,45,18,64,257,47,22,00,000,32,23,38,322,42*78
$GPGSV,2,2,05,24,76,143,47,,,,,,,,,,,,*4E
$GPGSV,2,1,05,05,31,106,45,18,64,257,47,22,00,000,32,23,38,322,42*78
$GPGSV,2,2,05,24,76,143,47,,,,,,,,,,,,*4E
$GPGSV,2,1,05,05,31,106,45,18,64,257,47,22,00,000,32,23,38,322,42*78
$GPGSV,2,2,05,24,76,143,47,,,,,,,,,,,,*4E
$GPGSV,2,1,05,05,31,106,45,18,64,257,47,22,00,000,32,23,38,322,42*78
$GPGSV,2,2,05,24,76,143,47,,,,,,,,,,,,*4E
$GPGSV,2,1,05,05,31,106,45,18,64,257,47,22,00,000,32,23,38,322,42*78
$GPGSV,2,2,05,24,76,143,47,,,,,,,,,,,,*4E
$GPGSV,2,1,05,05,31,106,45,18,64,257,47,22,00,000,32,23,38,322,42*78
$GPGSV,2,2,05,24,76,143,47,,,,,,,,,,,,*4E
$GPGSV,2,1,05,05,31,106,45,18,64,257,47,22,00,000,32,23,38,322,42*78
$GPGSV,2,2,05,24,76,143,47,,,,,,,,,,,,*4E
$GPGSV,2,1,05,05,31,106,45,18,64,257,46,22,00,000,33,23,38,322,42*78
$GPGSV,2,2,05,24,76,143,47,,,,,,,,,,,,*4E
$GPGSV,2,1,05,05,31,106,45,18,64,257,46,22,00,000,33,23,38,322,41*7B
$GPGSV,2,2,05,24,76,143,47,,,,,,,,,,,,*4E
$GPGSV,2,1,05,05,31,106,45,18,64,257,46,22,00,000,33,23,38,322,41*7B
$GPGSV,2,2,05,24,76,143,47,,,,,,,,,,,,*4E
$GPGSV,2,1,05,05,31,106,45,18,64,257,46,22,00,000,33,23,38,322,41*7B
$GPGSV,2,2,05,24,76,143,47,,,,,,,,,,,,*4E
$GPGSV,2,1,05,05,31,106,45,18,64,257,46,22,00,000,33,23,38,322,41*7B
$GPGSV,2,2,05,24,76,143,47,,,,,,,,,,,,*4E
$GPGSV,2,1,05,05,31,106,45,18,64,257,47,22,00,000,33,23,38,322,41*7A
$GPGSV,2,2,05,24,76,143,47,,,,,,,,,,,,*4E
$GPGSV,2,1,05,05,31,106,45,18,64,257,47,22,00,000,33,23,38,322,42*79
$GPGSV,2,2,05,24,76,143,47,,,,,,,,,,,,*4E
$GPGSV,2,1,05,05,31,106,45,18,64,257,47,22,00,000,33,23,38,322,42*79
$GPGSV,2,2,05,24,76,143,47,,,,,,,,,,,,*4E
$GPGSV,2,1,05,05,31,106,45,18,64,257,47,22,00,000,33,23,38,322,42*79
$GPGSV,2,2,05,24,76,143,47,,,,,,,,,,,,*4E
$GPGSV,2,1,05,05,31,106,45,18,64,257,47,22,00,000,33,23,38,322,42*79
$GPGSV,2,2,05,24,76,143,47,,,,,,,,,,,,*4E
$GPGSV,2,1,05,05,31,106,45,18,64,257,47,22,00,000,33,23,38,322,42*79
$GPGSV,2,2,05,24,76,143,47,,,,,,,,,,,,*4E
$GPGSV,2,1,05,05,31,106,45,18,64,257,47,22,00,000,34,23,38,322,42*7E
$GPGSV,2,2,05,24,76,143,47,,,,,,,,,,,,*4E
$GPGSV,2,1,05,05,31,106,45,18,64,257,47,22,00,000,34,23,38,322,42*7E
$GPGSV,2,2,05,24,76,143,47,,,,,,,,,,,,*4E
$GPGSV,2,1,05,05,31,106,45,18,64,257,47,22,00,000,34,23,38,322,42*7E
$GPGSV,2,2,05,24,76,143,47,,,,,,,,,,,,*4E
$GPGSV,2,1,05,05,31,106,45,18,64,257,47,22,00,000,34,23,38,322,43*7F
$GPGSV,2,2,05,24,76,143,47,,,,,,,,,,,,*4E
$GPGSV,2,1,05,05,31,106,45,18,64,257,47,22,00,000,34,23,38,322,43*7F
$GPGSV,2,2,05,24,76,143,47,,,,,,,,,,,,*4E
$GPGSV,2,1,05,05,31,106,45,18,64,257,47,22,00,000,33,23,38,322,43*78
$GPGSV,2,2,05,24,76,143,47,,,,,,,,,,,,*4E
$GPGSV,2,1,05,05,31,106,45,18,64,257,47,22,00,000,33,23,38,322,43*78
$GPGSV,2,2,05,24,76,143,47,,,,,,,,,,,,*4E
$GPGSV,2,1,05,05,31,106,45,18,64,257,47,22,00,000,33,23,38,322,44*7F
$GPGSV,2,2,05,24,76,143,47,,,,,,,,,,,,*4E
$GPGSV,2,1,05,05,31,106,45,18,64,257,47,22,00,000,33,23,38,322,44*7F
$GPGSV,2,2,05,24,76,143,47,,,,,,,,,,,,*4E
$GPGSV,2,1,05,05,31,106,45,18,64,257,47,22,00,000,33,23,38,322,44*7F
$GPGSV,2,2,05,24,76,143,47,,,,,,,,,,,,*4E
$GPGSV,2,1,05,05,31,106,45,18,64,257,47,22,00,000,33,23,38,322,44*7F
$GPGSV,2,2,05,24,76,143,47,,,,,,,,,,,,*4E
$GPGSV,2,1,05,05,31,106,45,18,64,257,47,22,00,000,33,23,38,322,44*7F
$GPGSV,2,2,05,24,76,143,47,,,,,,,,,,,,*4E
$GPGSV,2,1,05,05,31,106,45,18,64,257,47,22,00,000,33,23,38,322,44*7F
$GPGSV,2,2,05,24,76,143,47,,,,,,,,,,,,*4E
$GPGSV,2,1,05,05,31,106,45,18,64,257,47,22,00,000,33,23,38,322,44*7F
$GPGSV,2,2,05,24,76,143,47,,,,,,,,,,,,*4E
$GPGSV,2,1,05,05,31,106,45,18,64,257,47,22,00,000,33,23,38,322,44*7F
$GPGSV,2,2,05,24,76,143,47,,,,,,,,,,,,*4E
$GPGSV,2,1,05,05,31,106,45,18,64,257,47,22,00,000,33,23,38,322,44*7F
$GPGSV,2,2,05,24,76,143,47,,,,,,,,,,,,*4E
$GPGSV,2,1,05,05,31,106,45,18,64,257,47,22,00,000,33,23,38,322,44*7F
$GPGSV,2,2,05,24,76,143,47,,,,,,,,,,,,*4E
$GPGSV,2,1,05,05,31,106,45,18,64,257,47,22,00,000,33,23,38,322,44*7F
$GPGSV,2,2,05,24,76,143,47,,,,,,,,,,,,*4E
$GPGSV,2,1,05,05,31,106,45,18,64,257,47,22,00,000,33,23,38,322,44*7F
$GPGSV,2,2,05,24,76,143,47,,,,,,,,,,,,*4E
$GPGSV,2,1,05,05,31,106,45,18,64,257,47,22,00,000,33,23,38,322,45*7E
$GPGSV,2,2,05,24,76,143,47,,,,,,,,,,,,*4E
$GPGSV,2,1,05,05,31,106,45,18,64,257,47,22,00,000,33,23,38,322,45*7E
$GPGSV,2,2,05,24,76,143,47,,,,,,,,,,,,*4E
$GPGSV,2,1,05,05,31,106,45,18,64,257,47,22,00,000,33,23,38,322,45*7E
$GPGSV,2,2,05,24,76,143,47,,,,,,,,,,,,*4E
$GPGSV,2,1,05,05,31,106,45,18,64,257,47,22,00,000,34,23,38,322,45*79
$GPGSV,2,2,05,24,76,143,47,,,,,,,,,,,,*4E
$GPGSV,2,1,05,05,31,106,45,18,64,257,47,22,00,000,34,23,38,322,45*79
$GPGSV,2,2,05,24,76,143,47,,,,,,,,,,,,*4E
$GPGSV,2,1,05,05,31,106,45,18,64,257,47,22,00,000,34,23,38,322,45*79
$GPGSV,2,2,05,24,76,143,47,,,,,,,,,,,,*4E
$GPGSV,2,1,05,05,31,106,45,18,64,257,47,22,00,000,34,23,38,322,45*79
$GPGSV,2,2,05,24,76,143,47,,,,,,,,,,,,*4E
$GPGSV,2,1,05,05,31,106,45,18,64,257,47,22,00,000,34,23,38,322,45*79
$GPGSV,2,2,05,24,76,143,47,,,,,,,,,,,,*4E
$GPGSV,2,1,05,05,31,106,45,18,64,257,47,22,00,000,34,23,38,322,45*79
$GPGSV,2,2,05,24,76,143,47,,,,,,,,,,,,*4E
$GPGSV,2,1,05,05,31,106,45,18,64,257,47,22,00,000,34,23,38,322,45*79
$GPGSV,2,2,05,24,76,143,47,,,,,,,,,,,,*4E
$GPGSV,2,1,05,05,31,106,45,18,64,257,47,22,00,000,34,23,38,322,45*79
$GPGSV,2,2,05,24,76,143,47,,,,,,,,,,,,*4E
$GPGSV,2,1,05,05,31,106,45,18,64,257,47,22,00,000,34,23,38,322,45*79
$GPGSV,2,2,05,24,76,143,47,,,,,,,,,,,,*4E
$GPGSV,2,1,05,05,31,106,45,18,64,257,47,22,00,000,34,23,38,322,45*79
$GPGSV,2,2,05,24,76,143,47,,,,,,,,,,,,*4E
$GPGSV,2,1,05,05,31,106,45,18,64,257,47,22,00,000,34,23,38,322,45*79
$GPGSV,2,2,05,24,76,143,47,,,,,,,,,,,,*4E
$GPGSV,2,1,05,05,31,106,45,18,64,257,47,22,00,000,34,23,38,322,45*79
$GPGSV,2,2,05,24,76,143,47,,,,,,,,,,,,*4E
$GPGSV,2,1,05,05,31,106,45,18,64,257,47,22,00,000,34,23,38,322,45*79
$GPGSV,2,2,05,24,76,143,47,,,,,,,,,,,,*4E
$GPGSV,2,1,05,05,31,106,45,18,64,257,47,22,00,000,34,23,38,322,45*79
$GPGSV,2,2,05,24,76,143,47,,,,,,,,,,,,*4E
$GPGSV,2,1,05,05,31,106,45,18,64,257,47,22,00,000,34,23,38,322,45*79
$GPGSV,2,2,05,24,76,143,47,,,,,,,,,,,,*4E
$GPGSV,2,1,05,05,31,106,45,18,64,257,47,22,00,000,34,23,38,322,45*79
$GPGSV,2,2,05,24,76,143,47,,,,,,,,,,,,*4E
$GPGSV,2,1,05,05,31,106,45,18,64,257,47,22,00,000,34,23,38,322,45*79
$GPGSV,2,2,05,24,76,143,47,,,,,,,,,,,,*4E
$GPGSV,2,1,05,05,31,106,45,18,64,257,47,22,00,000,34,23,38,322,46*7A
$GPGSV,2,2,05,24,76,143,47,,,,,,,,,,,,*4E
$GPGSV,2,1,05,05,31,106,45,18,64,257,47,22,00,000,34,23,38,322,46*7A
$GPGSV,2,2,05,24,76,143,47,,,,,,,,,,,,*4E
$GPGSV,2,1,05,05,31,106,45,18,64,257,47,22,00,000,34,23,38,322,46*7A
$GPGSV,2,2,05,24,76,143,47,,,,,,,,,,,,*4E
$GPGSV,2,1,05,05,31,106,45,18,64,257,47,22,00,000,34,23,38,322,46*7A
$GPGSV,2,2,05,24,76,143,47,,,,,,,,,,,,*4E
$GPGSV,2,1,05,05,31,106,45,18,64,257,47,22,00,000,34,23,38,322,46*7A
$GPGSV,2,2,05,24,76,143,47,,,,,,,,,,,,*4E
$GPGSV,2,1,05,05,31,106,45,18,64,257,47,22,00,000,34,23,38,322,46*7A
$GPGSV,2,2,05,24,76,143,47,,,,,,,,,,,,*4E
$GPGSV,2,1,05,05,31,106,45,18,64,257,47,22,00,000,34,23,38,322,46*7A
$GPGSV,2,2,05,24,76,143,47,,,,,,,,,,,,*4E
$GPGSV,2,1,05,05,31,106,45,18,64,257,47,22,00,000,34,23,38,322,46*7A
$GPGSV,2,2,05,24,76,143,47,,,,,,,,,,,,*4E
$GPGSV,2,1,05,05,31,106,45,18,64,257,47,22,00,000,33,23,38,322,46*7D
$GPGSV,2,2,05,24,76,143,47,,,,,,,,,,,,*4E
$GPGSV,2,1,05,05,31,106,45,18,64,257,47,22,00,000,33,23,38,322,46*7D
$GPGSV,2,2,05,24,76,143,47,,,,,,,,,,,,*4E
$GPGSV,2,1,05,05,31,106,45,18,64,257,47,22,00,000,33,23,38,322,46*7D
$GPGSV,2,2,05,24,76,143,47,,,,,,,,,,,,*4E
$GPGSV,2,1,05,05,31,106,45,18,64,257,47,22,00,000,32,23,38,322,46*7C
$GPGSV,2,2,05,24,76,143,47,,,,,,,,,,,,*4E
$GPGSV,2,1,05,05,31,106,45,18,64,257,47,22,00,000,32,23,38,322,46*7C
$GPGSV,2,2,05,24,76,143,47,,,,,,,,,,,,*4E
$GPGSV,2,1,05,05,31,106,45,18,64,257,47,22,00,000,32,23,38,322,46*7C
$GPGSV,2,2,05,24,76,143,47,,,,,,,,,,,,*4E
$GPGSV,2,1,05,05,31,106,45,18,64,257,47,22,00,000,32,23,38,322,46*7C
$GPGSV,2,2,05,24,76,143,47,,,,,,,,,,,,*4E
$GPGSV,2,1,05,05,31,106,45,18,64,257,47,22,00,000,32,23,38,322,46*7C
$GPGSV,2,2,05,24,76,143,47,,,,,,,,,,,,*4E
$GPGSV,2,1,05,05,31,106,45,18,64,257,47,22,00,000,32,23,38,322,46*7C
$GPGSV,2,2,05,24,76,143,47,,,,,,,,,,,,*4E
$GPGSV,2,1,05,05,31,106,45,18,64,257,47,22,00,000,32,23,38,322,46*7C
$GPGSV,2,2,05,24,76,143,47,,,,,,,,,,,,*4E
$GPGSV,2,1,05,05,31,106,45,18,64,257,47,22,00,000,32,23,38,322,46*7C
$GPGSV,2,2,05,24,76,143,47,,,,,,,,,,,,*4E
$GPGSV,2,1,05,05,31,106,45,18,64,257,47,22,00,000,32,23,38,322,46*7C
$GPGSV,2,2,05,24,76,143,47,,,,,,,,,,,,*4E
$GPGSV,2,1,05,05,31,106,45,18,64,257,47,22,00,000,32,23,38,322,46*7C
$GPGSV,2,2,05,24,76,143,47,,,,,,,,,,,,*4E
$GPGSV,2,1,05,05,31,106,45,18,64,257,47,22,00,000,32,23,38,322,46*7C
$GPGSV,2,2,05,24,76,143,47,,,,,,,,,,,,*4E
$GPGSV,2,1,05,05,31,106,45,18,64,257,47,22,00,000,31,23,38,322,46*7F
$GPGSV,2,2,05,24,76,143,47,,,,,,,,,,,,*4E
$GPGSV,2,1,05,05,31,106,45,18,64,257,47,22,00,000,32,23,38,322,46*7C
$GPGSV,2,2,05,24,76,143,47,,,,,,,,,,,,*4E
$GPGSV,2,1,05,05,31,106,45,18,64,257,47,22,00,000,32,23,38,322,46*7C
$GPGSV,2,2,05,24,76,143,47,,,,,,,,,,,,*4E
$GPGSV,2,1,05,05,31,106,45,18,64,257,47,22,00,000,32,23,38,322,46*7C
$GPGSV,2,2,05,24,76,143,47,,,,,,,,,,,,*4E
$GPGSV,2,1,05,05,31,106,44,18,64,257,47,22,00,000,32,23,38,322,46*7D
$GPGSV,2,2,05,24,76,143,47,,,,,,,,,,,,*4E
$GPGSV,2,1,05,05,31,106,44,18,64,257,47,22,00,000,32,23,38,322,46*7D
$GPGSV,2,2,05,24,76,143,47,,,,,,,,,,,,*4E
$GPGSV,2,1,05,05,31,106,44,18,64,257,47,22,00,000,32,23,38,322,46*7D
$GPGSV,2,2,05,24,76,143,47,,,,,,,,,,,,*4E
$GPGSV,2,1,05,05,31,106,44,18,64,257,47,22,00,000,32,23,38,322,46*7D
$GPGSV,2,2,05,24,76,143,47,,,,,,,,,,,,*4E
$GPGSV,2,1,05,05,31,106,44,18,64,257,47,22,00,000,32,23,38,322,46*7D
$GPGSV,2,2,05,24,76,143,47,,,,,,,,,,,,*4E
$GPGSV,2,1,05,05,31,106,44,18,64,257,47,22,00,000,32,23,38,322,46*7D
$GPGSV,2,2,05,24,76,143,47,,,,,,,,,,,,*4E
$GPGSV,2,1,05,05,31,106,44,18,64,257,47,22,00,000,32,23,38,322,46*7D
$GPGSV,2,2,05,24,76,143,47,,,,,,,,,,,,*4E
$GPGSV,2,1,05,05,31,106,44,18,64,257,47,22,00,000,32,23,38,322,46*7D
$GPGSV,2,2,05,24,76,143,47,,,,,,,,,,,,*4E
$GPGSV,2,1,05,05,31,106,44,18,64,257,47,22,00,000,32,23,38,322,45*7E
$GPGSV,2,2,05,24,76,143,47,,,,,,,,,,,,*4E
$GPGSV,2,1,05,05,31,106,44,18,64,257,47,22,00,000,32,23,38,322,45*7E
$GPGSV,2,2,05,24,76,143,47,,,,,,,,,,,,*4E
$GPGSV,2,1,05,05,31,106,44,18,64,257,47,22,00,000,32,23,38,322,45*7E
$GPGSV,2,2,05,24,76,143,47,,,,,,,,,,,,*4E
$GPGSV,2,1,05,05,31,106,44,18,64,257,47,22,00,000,32,23,38,322,45*7E
$GPGSV,2,2,05,24,76,143,47,,,,,,,,,,,,*4E
$GPGSV,2,1,05,05,31,106,44,18,64,257,47,22,00,000,32,23,38,322,45*7E
$GPGSV,2,2,05,24,76,143,47,,,,,,,,,,,,*4E
$GPGSV,2,1,05,05,31,106,44,18,64,257,47,22,00,000,32,23,38,322,45*7E
$GPGSV,2,2,05,24,76,143,47,,,,,,,,,,,,*4E
$GPGSV,2,1,05,05,31,106,44,18,64,257,47,22,00,000,32,23,38,322,45*7E
$GPGSV,2,2,05,24,76,143,47,,,,,,,,,,,,*4E
$GPGSV,2,1,05,05,31,106,44,18,64,257,47,22,00,000,32,23,38,322,45*7E
$GPGSV,2,2,05,24,76,143,47,,,,,,,,,,,,*4E
$GPGSV,2,1,05,05,31,106,44,18,64,257,47,22,00,000,32,23,38,322,45*7E
$GPGSV,2,2,05,24,76,142,47,,,,,,,,,,,,*4F
$GPGSV,2,1,05,05,31,106,44,18,64,257,47,22,00,000,32,23,38,322,45*7E
$GPGSV,2,2,05,24,76,142,47,,,,,,,,,,,,*4F
$GPGSV,2,1,05,05,31,106,44,18,64,257,47,22,00,000,32,23,38,322,44*7F
$GPGSV,2,2,05,24,76,142,47,,,,,,,,,,,,*4F
$GPGSV,2,1,05,05,31,106,44,18,64,257,47,22,00,000,32,23,38,322,44*7F
$GPGSV,2,2,05,24,76,142,47,,,,,,,,,,,,*4F
$GPGSV,2,1,05,05,31,106,44,18,64,257,47,22,00,000,32,23,38,322,44*7F
$GPGSV,2,2,05,24,76,142,47,,,,,,,,,,,,*4F
$GPGSV,2,1,05,05,31,106,44,18,64,257,47,22,00,000,32,23,38,322,44*7F
$GPGSV,2,2,05,24,76,142,47,,,,,,,,,,,,*4F
$GPGSV,2,1,05,05,31,106,44,18,64,257,47,22,00,000,32,23,38,322,44*7F
$GPGSV,2,2,05,24,76,142,47,,,,,,,,,,,,*4F
$GPGSV,2,1,05,05,31,106,44,18,64,257,47,22,00,000,32,23,38,322,44*7F
$GPGSV,2,2,05,24,76,142,47,,,,,,,,,,,,*4F
$GPGSV,2,1,05,05,31,106,44,18,64,257,47,22,00,000,32,23,38,322,44*7F
$GPGSV,2,2,05,24,76,142,47,,,,,,,,,,,,*4F
$GPGSV,2,1,05,05,31,106,44,18,64,257,47,22,00,000,32,23,38,322,43*78
$GPGSV,2,2,05,24,76,142,47,,,,,,,,,,,,*4F
$GPGSV,2,1,05,05,31,106,44,18,64,257,47,22,00,000,32,23,38,322,43*78
$GPGSV,2,2,05,24,76,142,47,,,,,,,,,,,,*4F
$GPGSV,2,1,05,05,31,106,44,18,64,257,47,22,00,000,32,23,38,322,43*78
$GPGSV,2,2,05,24,76,142,47,,,,,,,,,,,,*4F
$GPGSV,2,1,05,05,31,106,44,18,64,257,47,22,00,000,32,23,38,322,43*78
$GPGSV,2,2,05,24,76,142,47,,,,,,,,,,,,*4F
$GPGSV,2,1,05,05,31,106,44,18,64,257,47,22,00,000,31,23,38,322,43*7B
$GPGSV,2,2,05,24,76,142,47,,,,,,,,,,,,*4F
$GPGSV,2,1,05,05,31,106,44,18,64,257,47,22,00,000,31,23,38,322,43*7B
$GPGSV,2,2,05,24,76,142,47,,,,,,,,,,,,*4F
$GPGSV,2,1,05,05,31,106,44,18,64,257,47,22,00,000,30,23,38,322,42*7B
$GPGSV,2,2,05,24,76,142,47,,,,,,,,,,,,*4F
$GPGSV,2,1,05,05,31,106,44,18,64,257,47,22,00,000,30,23,38,322,42*7B
$GPGSV,2,2,05,24,76,142,47,,,,,,,,,,,,*4F
$GPGSV,2,1,05,05,31,106,44,18,64,257,47,22,00,000,30,23,38,322,42*7B
$GPGSV,2,2,05,24,76,142,47,,,,,,,,,,,,*4F
$GPGSV,2,1,05,05,31,106,44,18,64,257,47,22,00,000,30,23,38,322,42*7B
$GPGSV,2,2,05,24,76,142,47,,,,,,,,,,,,*4F
$GPGSV,2,1,05,05,31,106,44,18,64,257,47,22,00,000,29,23,38,322,42*73
$GPGSV,2,2,05,24,76,142,47,,,,,,,,,,,,*4F
$GPGSV,2,1,05,05,31,106,44,18,63,257,47,22,00,000,29,23,38,322,42*74
$GPGSV,2,2,05,24,76,142,47,,,,,,,,,,,,*4F
$GPGSV,2,1,05,05,31,106,44,18,63,257,47,22,00,000,28,23,38,322,42*75
$GPGSV,2,2,05,24,76,142,47,,,,,,,,,,,,*4F
$GPGSV,2,1,05,05,31,106,44,18,63,257,47,22,00,000,27,23,38,322,42*7A
$GPGSV,2,2,05,24,76,142,47,,,,,,,,,,,,*4F
$GPGSV,2,1,05,05,31,106,44,18,63,257,47,22,00,000,27,23,38,322,42*7A
$GPGSV,2,2,05,24,76,142,47,,,,,,,,,,,,*4F
$GPGSV,2,1,05,05,31,106,44,18,63,257,47,22,00,000,26,23,38,322,42*7B
$GPGSV,2,2,05,24,76,142,47,,,,,,,,,,,,*4F
$GPGSV,2,1,05,05,31,106,44,18,63,257,47,22,00,000,26,23,38,322,42*7B
$GPGSV,2,2,05,24,76,142,47,,,,,,,,,,,,*4F
$GPGSV,2,1,05,05,31,106,44,18,63,257,47,22,00,000,25,23,38,322,42*78
$GPGSV,2,2,05,24,76,142,47,,,,,,,,,,,,*4F
$GPGSV,2,1,05,05,31,106,44,18,63,257,47,22,00,000,25,23,38,322,42*78
$GPGSV,2,2,05,24,76,142,47,,,,,,,,,,,,*4F
$GPGSV,2,1,05,05,31,106,45,18,63,257,47,22,00,000,25,23,38,322,42*79
$GPGSV,2,2,05,24,76,142,47,,,,,,,,,,,,*4F
$GPGSV,2,1,05,05,31,106,45,18,63,257,47,22,00,000,24,23,38,322,42*78
$GPGSV,2,2,05,24,76,142,47,,,,,,,,,,,,*4F
$GPGSV,2,1,05,05,31,106,45,18,63,257,47,22,00,000,24,23,38,322,42*78
$GPGSV,2,2,05,24,76,142,47,,,,,,,,,,,,*4F
$GPGSV,2,1,05,05,31,106,45,18,63,257,47,22,00,000,23,23,38,322,42*7F
$GPGSV,2,2,05,24,76,142,47,,,,,,,,,,,,*4F
$GPGSV,2,1,05,05,31,106,45,18,63,257,47,22,00,000,24,23,38,322,42*78
$GPGSV,2,2,05,24,76,142,47,,,,,,,,,,,,*4F
$GPGSV,2,1,05,05,31,106,45,18,63,257,47,22,00,000,24,23,38,322,42*78
$GPGSV,2,2,05,24,76,142,47,,,,,,,,,,,,*4F
$GPGSV,2,1,05,05,31,106,45,18,63,257,47,22,00,000,24,23,38,322,42*78
$GPGSV,2,2,05,24,76,142,47,,,,,,,,,,,,*4F
$GPGSV,2,1,05,05,31,106,45,18,63,257,47,22,00,000,24,23,38,322,42*78
$GPGSV,2,2,05,24,76,142,47,,,,,,,,,,,,*4F
$GPGSV,2,1,05,05,31,106,45,18,63,257,47,22,00,000,24,23,38,322,42*78
$GPGSV,2,2,05,24,76,142,47,,,,,,,,,,,,*4F
$GPGSV,2,1,05,05,31,106,45,18,63,257,47,22,00,000,25,23,38,322,42*79
$GPGSV,2,2,05,24,76,142,47,,,,,,,,,,,,*4F
$GPGSV,2,1,05,05,31,106,45,18,63,257,47,22,00,000,25,23,38,322,43*78
$GPGSV,2,2,05,24,76,142,47,,,,,,,,,,,,*4F
$GPGSV,2,1,05,05,31,106,45,18,63,257,47,22,00,000,25,23,38,322,43*78
$GPGSV,2,2,05,24,76,142,47,,,,,,,,,,,,*4F
$GPGSV,2,1,05,05,31,106,45,18,63,257,47,22,00,000,26,23,38,322,43*7B
$GPGSV,2,2,05,24,76,142,47,,,,,,,,,,,,*4F
$GPGSV,2,1,05,05,31,106,45,18,63,257,47,22,00,000,26,23,38,322,43*7B
$GPGSV,2,2,05,24,76,142,47,,,,,,,,,,,,*4F
$GPGSV,2,1,05,05,31,106,45,18,63,257,47,22,00,000,26,23,38,322,43*7B
$GPGSV,2,2,05,24,76,142,47,,,,,,,,,,,,*4F
$GPGSV,2,1,05,05,31,106,44,18,63,257,47,22,00,000,27,23,38,322,43*7B
$GPGSV,2,2,05,24,76,142,47,,,,,,,,,,,,*4F
$GPGSV,2,1,05,05,31,106,44,18,63,257,47,22,00,000,27,23,38,322,43*7B
$GPGSV,2,2,05,24,76,142,47,,,,,,,,,,,,*4F
$GPGSV,2,1,05,05,31,106,44,18,63,257,47,22,00,000,27,23,38,322,44*7C
$GPGSV,2,2,05,24,76,142,47,,,,,,,,,,,,*4F
$GPGSV,2,1,05,05,31,106,44,18,63,257,47,22,00,000,27,23,38,322,44*7C
$GPGSV,2,2,05,24,76,142,47,,,,,,,,,,,,*4F
$GPGSV,2,1,05,05,31,106,44,18,63,257,47,22,00,000,28,23,38,322,44*73
$GPGSV,2,2,05,24,76,142,47,,,,,,,,,,,,*4F
$GPGSV,2,1,05,05,31,106,44,18,63,257,47,22,00,000,28,23,38,322,44*73
$GPGSV,2,2,05,24,76,142,47,,,,,,,,,,,,*4F
$GPGSV,2,1,05,05,31,106,44,18,63,257,47,22,00,000,27,23,38,322,44*7C
$GPGSV,2,2,05,24,76,142,47,,,,,,,,,,,,*4F
$GPGSV,2,1,05,05,31,106,44,18,63,257,47,22,00,000,27,23,38,322,44*7C
$GPGSV,2,2,05,24,76,142,47,,,,,,,,,,,,*4F
$GPGSV,2,1,05,05,31,106,44,18,63,257,47,22,00,000,27,23,38,322,44*7C
$GPGSV,2,2,05,24,76,142,47,,,,,,,,,,,,*4F
$GPGSV,2,1,05,05,31,106,44,18,63,257,47,22,00,000,27,23,38,322,44*7C
$GPGSV,2,2,05,24,76,142,47,,,,,,,,,,,,*4F
$GPGSV,2,1,06,05,31,106,44,10,00,000,22,18,63,257,47,22,00,000,27*77
$GPGSV,2,2,06,23,38,322,44,24,76,142,47,,,,,,,,*75
$GPGSV,2,1,06,05,31,106,44,10,00,000,20,18,63,257,47,22,00,000,27*75
$GPGSV,2,2,06,23,38,322,45,24,76,142,47,,,,,,,,*74
$GPGSV,2,1,06,05,31,106,44,10,00,000,19,18,63,257,47,22,00,000,27*7F
$GPGSV,2,2,06,23,38,322,45,24,76,142,47,,,,,,,,*74
$GPGSV,2,1,06,05,31,106,44,10,00,000,17,18,63,257,47,22,00,000,27*71
$GPGSV,2,2,06,23,38,322,45,24,76,142,47,,,,,,,,*74
$GPGSV,2,1,06,05,31,106,44,10,00,000,18,18,63,257,47,22,00,000,27*7E
$GPGSV,2,2,06,23,38,322,45,24,76,142,47,,,,,,,,*74
$GPGSV,2,1,06,05,31,106,44,10,00,000,20,18,63,257,47,22,00,000,26*74
$GPGSV,2,2,06,23,38,322,45,24,76,142,47,,,,,,,,*74
$GPGSV,2,1,06,05,31,106,44,10,00,000,21,18,63,257,47,22,00,000,26*75
$GPGSV,2,2,06,23,38,322,45,24,76,142,47,,,,,,,,*74
$GPGSV,2,1,06,05,31,106,44,10,00,000,21,18,63,257,47,22,00,000,26*75
$GPGSV,2,2,06,23,38,322,45,24,76,142,47,,,,,,,,*74
$GPGSV,2,1,06,05,31,106,44,10,00,000,20,18,63,257,47,22,00,000,26*74
$GPGSV,2,2,06,23,38,322,45,24,76,142,47,,,,,,,,*74
$GPGSV,2,1,06,05,31,106,44,10,00,000,20,18,63,257,47,22,00,000,26*74
$GPGSV,2,2,06,23,38,322,45,24,76,142,47,,,,,,,,*74
$GPGSV,2,1,06,05,31,106,44,10,00,000,21,18,63,257,47,22,00,000,26*75
$GPGSV,2,2,06,23,38,322,45,24,76,142,47,,,,,,,,*74
$GPGSV,2,1,06,05,31,106,44,10,00,000,22,18,63,257,47,22,00,000,26*76
$GPGSV,2,2,06,23,38,322,45,24,76,142,47,,,,,,,,*74
$GPGSV,2,1,06,05,31,106,44,10,00,000,22,18,63,257,47,22,00,000,26*76
$GPGSV,2,2,06,23,38,322,45,24,76,142,46,,,,,,,,*75
$GPGSV,2,1,06,05,31,106,44,10,00,000,22,18,63,257,47,22,00,000,26*76
$GPGSV,2,2,06,23,38,322,45,24,76,142,46,,,,,,,,*75
$GPGSV,2,1,06,05,31,106,44,10,00,000,22,18,63,257,47,22,00,000,25*75
$GPGSV,2,2,06,23,38,322,45,24,76,142,46,,,,,,,,*75
$GPGSV,2,1,06,05,31,106,44,10,00,000,22,18,63,257,47,22,00,000,26*76
$GPGSV,2,2,06,23,38,322,46,24,76,142,46,,,,,,,,*76
$GPGSV,2,1,06,05,31,106,44,10,00,000,22,18,63,257,47,22,00,000,26*76
$GPGSV,2,2,06,23,38,322,46,24,76,142,46,,,,,,,,*76
$GPGSV,2,1,06,05,31,106,44,10,00,000,21,18,63,257,47,22,00,000,26*75
$GPGSV,2,2,06,23,38,322,46,24,76,142,46,,,,,,,,*76
$GPGSV,2,1,06,05,31,106,44,10,00,000,21,18,63,257,47,22,00,000,26*75
$GPGSV,2,2,06,23,38,322,46,24,76,142,46,,,,,,,,*76
$GPGSV,2,1,06,05,31,106,44,10,00,000,20,18,63,257,47,22,00,000,26*74
$GPGSV,2,2,06,23,38,322,46,24,76,142,46,,,,,,,,*76
$GPGSV,2,1,06,05,31,106,44,10,00,000,20,18,63,257,47,22,00,000,26*74
$GPGSV,2,2,06,23,38,322,46,24,76,142,46,,,,,,,,*76
$GPGSV,2,1,06,05,31,106,44,10,00,000,20,18,63,257,47,22,00,000,26*74
$GPGSV,2,2,06,23,38,322,46,24,76,142,46,,,,,,,,*76
$GPGSV,2,1,06,05,31,106,44,10,00,000,20,18,63,257,47,22,00,000,26*74
$GPGSV,2,2,06,23,38,322,46,24,76,142,46,,,,,,,,*76
$GPGSV,2,1,06,05,31,106,44,10,00,000,20,18,63,257,46,22,00,000,27*74
$GPGSV,2,2,06,23,38,322,46,24,76,142,46,,,,,,,,*76
$GPGSV,2,1,06,05,31,106,44,10,00,000,19,18,63,257,46,22,00,000,27*7E
$GPGSV,2,2,06,23,38,322,46,24,76,142,46,,,,,,,,*76
$GPGSV,2,1,06,05,31,106,44,10,00,000,19,18,63,257,46,22,00,000,27*7E
$GPGSV,2,2,06,23,38,322,46,24,76,142,46,,,,,,,,*76
$GPGSV,2,1,06,05,31,106,44,10,00,000,18,18,63,257,46,22,00,000,28*70
$GPGSV,2,2,06,23,38,322,46,24,76,142,47,,,,,,,,*77
$GPGSV,2,1,06,05,31,106,44,10,00,000,18,18,63,257,46,22,00,000,28*70
$GPGSV,2,2,06,23,38,322,46,24,76,142,47,,,,,,,,*77
$GPGSV,2,1,05,05,31,106,44,18,63,257,46,22,00,000,28,23,38,322,46*70
$GPGSV,2,2,05,24,76,142,47,,,,,,,,,,,,*4F
$GPGSV,2,1,05,05,31,106,44,18,63,257,46,22,00,000,28,23,38,322,46*70
$GPGSV,2,2,05,24,76,142,47,,,,,,,,,,,,*4F
$GPGSV,2,1,05,05,31,106,44,18,63,257,46,22,00,000,27,23,38,322,46*7F
$GPGSV,2,2,05,24,76,142,47,,,,,,,,,,,,*4F
$GPGSV,2,1,05,05,31,106,44,18,63,257,46,22,00,000,27,23,38,322,46*7F
$GPGSV,2,2,05,24,76,142,46,,,,,,,,,,,,*4E
$GPGSV,2,1,05,05,31,106,44,18,63,257,46,22,00,000,27,23,38,322,46*7F
$GPGSV,2,2,05,24,76,142,46,,,,,,,,,,,,*4E
$GPGSV,2,1,05,05,31,106,44,18,63,257,46,22,00,000,27,23,38,322,46*7F
$GPGSV,2,2,05,24,76,142,46,,,,,,,,,,,,*4E
$GPGSV,2,1,05,05,31,106,44,18,63,257,46,22,00,000,28,23,38,322,46*70
$GPGSV,2,2,05,24,76,142,46,,,,,,,,,,,,*4E
$GPGSV,2,1,05,05,31,106,44,18,63,257,46,22,00,000,28,23,38,322,46*70
$GPGSV,2,2,05,24,76,142,46,,,,,,,,,,,,*4E
$GPGSV,2,1,05,05,31,106,44,18,63,257,46,22,00,000,28,23,38,322,46*70
$GPGSV,2,2,05,24,76,142,46,,,,,,,,,,,,*4E
$GPGSV,2,1,05,05,31,106,44,18,63,257,46,22,00,000,28,23,38,322,46*70
$GPGSV,2,2,05,24,76,142,46,,,,,,,,,,,,*4E
$GPGSV,2,1,05,05,31,106,44,18,63,257,46,22,00,000,28,23,38,322,46*70
$GPGSV,2,2,05,24,76,142,46,,,,,,,,,,,,*4E
$GPGSV,2,1,05,05,31,106,44,18,63,257,46,22,00,000,29,23,38,322,46*71
$GPGSV,2,2,05,24,76,142,47,,,,,,,,,,,,*4F
$GPGSV,2,1,05,05,31,106,44,18,63,257,46,22,00,000,29,23,38,322,46*71
$GPGSV,2,2,05,24,76,142,47,,,,,,,,,,,,*4F
$GPGSV,2,1,05,05,31,106,44,18,63,257,46,22,00,000,29,23,38,322,46*71
$GPGSV,2,2,05,24,76,142,47,,,,,,,,,,,,*4F
$GPGSV,2,1,05,05,31,106,44,18,63,257,46,22,00,000,28,23,38,322,46*70
$GPGSV,2,2,05,24,76,142,47,,,,,,,,,,,,*4F
$GPGSV,2,1,05,05,31,106,44,18,63,257,46,22,00,000,28,23,38,322,46*70
$GPGSV,2,2,05,24,76,142,47,,,,,,,,,,,,*4F
$GPGSV,2,1,05,05,31,106,44,18,63,257,46,22,00,000,28,23,38,322,46*70
$GPGSV,2,2,05,24,76,142,47,,,,,,,,,,,,*4F
$GPGSV,2,1,05,05,31,106,44,18,63,257,46,22,00,000,28,23,38,322,46*70
$GPGSV,2,2,05,24,76,142,47,,,,,,,,,,,,*4F
$GPGSV,2,1,05,05,31,106,44,18,63,257,46,22,00,000,27,23,38,322,46*7F
$GPGSV,2,2,05,24,76,142,47,,,,,,,,,,,,*4F
$GPGSV,2,1,05,05,31,106,44,18,63,257,46,22,00,000,27,23,38,322,46*7F
$GPGSV,2,2,05,24,76,142,47,,,,,,,,,,,,*4F
$GPGSV,2,1,05,05,31,106,44,18,63,257,46,22,00,000,27,23,38,322,46*7F
$GPGSV,2,2,05,24,76,142,47,,,,,,,,,,,,*4F
$GPGSV,2,1,05,05,31,106,44,18,63,257,46,22,00,000,27,23,38,322,46*7F
$GPGSV,2,2,05,24,76,142,47,,,,,,,,,,,,*4F
$GPGSV,2,1,05,05,31,106,44,18,63,257,46,22,00,000,26,23,38,322,46*7E
$GPGSV,2,2,05,24,76,142,47,,,,,,,,,,,,*4F
$GPGSV,2,1,05,05,31,106,44,18,63,257,46,22,00,000,26,23,38,322,46*7E
$GPGSV,2,2,05,24,76,142,47,,,,,,,,,,,,*4F
$GPGSV,2,1,05,05,31,106,44,18,63,257,46,22,00,000,26,23,38,322,46*7E
$GPGSV,2,2,05,24,76,142,47,,,,,,,,,,,,*4F
$GPGSV,2,1,05,05,31,106,44,18,63,257,46,22,00,000,26,23,38,322,46*7E
$GPGSV,2,2,05,24,76,142,47,,,,,,,,,,,,*4F
$GPGSV,2,1,05,05,31,106,44,18,63,257,46,22,00,000,26,23,38,322,46*7E
$GPGSV,2,2,05,24,76,142,47,,,,,,,,,,,,*4F
$GPGSV,2,1,05,05,31,106,44,18,63,257,46,22,00,000,26,23,38,322,46*7E
$GPGSV,2,2,05,24,76,142,47,,,,,,,,,,,,*4F
$GPGSV,2,1,05,05,31,106,44,18,63,257,46,22,00,000,26,23,38,322,46*7E
$GPGSV,2,2,05,24,76,142,47,,,,,,,,,,,,*4F
$GPGSV,2,1,05,05,31,106,44,18,63,257,46,22,00,000,26,23,38,322,46*7E
$GPGSV,2,2,05,24,76,142,47,,,,,,,,,,,,*4F
$GPGSV,2,1,05,05,31,106,44,18,63,257,46,22,00,000,27,23,38,322,46*7F
$GPGSV,2,2,05,24,76,142,47,,,,,,,,,,,,*4F
$GPGSV,2,1,05,05,31,106,44,18,63,257,46,22,00,000,27,23,38,322,46*7F
$GPGSV,2,2,05,24,76,142,47,,,,,,,,,,,,*4F
$GPGSV,2,1,05,05,31,106,44,18,63,257,46,22,00,000,27,23,38,322,46*7F
$GPGSV,2,2,05,24,76,142,47,,,,,,,,,,,,*4F
$GPGSV,2,1,05,05,31,106,44,18,63,257,46,22,00,000,28,23,38,322,46*70
$GPGSV,2,2,05,24,76,142,47,,,,,,,,,,,,*4F
$GPGSV,2,1,05,05,31,106,44,18,63,257,46,22,00,000,28,23,38,322,46*70
$GPGSV,2,2,05,24,76,142,47,,,,,,,,,,,,*4F
$GPGSV,2,1,05,05,31,106,44,18,63,257,46,22,00,000,28,23,38,322,46*70
$GPGSV,2,2,05,24,76,142,47,,,,,,,,,,,,*4F
$GPGSV,2,1,05,05,31,106,44,18,63,257,46,22,00,000,28,23,38,322,46*70
$GPGSV,2,2,05,24,76,142,47,,,,,,,,,,,,*4F
$GPGSV,2,1,05,05,31,106,44,18,63,257,46,22,00,000,28,23,38,322,46*70
$GPGSV,2,2,05,24,76,142,47,,,,,,,,,,,,*4F
$GPGSV,2,1,05,05,31,106,44,18,63,257,46,22,00,000,28,23,38,322,45*73
$GPGSV,2,2,05,24,76,142,47,,,,,,,,,,,,*4F
$GPGSV,2,1,05,05,31,106,44,18,63,257,46,22,00,000,28,23,38,322,45*73
$GPGSV,2,2,05,24,76,142,47,,,,,,,,,,,,*4F
$GPGSV,2,1,05,05,31,106,43,18,63,257,46,22,00,000,28,23,38,322,45*74
$GPGSV,2,2,05,24,76,142,47,,,,,,,,,,,,*4F
$GPGSV,2,1,05,05,31,106,43,18,63,257,46,22,00,000,28,23,38,322,45*74
$GPGSV,2,2,05,24,76,142,46,,,,,,,,,,,,*4E
$GPGSV,2,1,05,05,31,106,43,18,63,257,46,22,00,000,28,23,38,322,45*74
$GPGSV,2,2,05,24,76,142,46,,,,,,,,,,,,*4E
$GPGSV,2,1,05,05,31,106,43,18,63,257,46,22,00,000,29,23,38,322,45*75
$GPGSV,2,2,05,24,76,142,46,,,,,,,,,,,,*4E
$GPGSV,2,1,05,05,31,106,43,18,63,257,46,22,00,000,29,23,38,322,45*75
$GPGSV,2,2,05,24,76,142,46,,,,,,,,,,,,*4E
$GPGSV,2,1,05,05,31,106,43,18,63,257,46,22,00,000,29,23,38,322,45*75
$GPGSV,2,2,05,24,76,142,46,,,,,,,,,,,,*4E
$GPGSV,2,1,05,05,31,106,43,18,63,257,46,22,00,000,29,23,38,322,45*75
$GPGSV,2,2,05,24,76,142,46,,,,,,,,,,,,*4E
$GPGSV,2,1,05,05,31,106,43,18,63,257,46,22,00,000,30,23,38,322,45*7D
$GPGSV,2,2,05,24,76,142,46,,,,,,,,,,,,*4E
$GPGSV,2,1,05,05,31,106,43,18,63,257,46,22,00,000,30,23,38,322,45*7D
$GPGSV,2,2,05,24,76,142,46,,,,,,,,,,,,*4E
$GPGSV,2,1,06,05,31,106,43,10,00,000,25,18,63,257,46,22,00,000,30*70
$GPGSV,2,2,06,23,38,322,45,24,76,142,46,,,,,,,,*75
$GPGSV,2,1,06,05,31,106,43,10,00,000,26,18,63,257,46,22,00,000,30*73
$GPGSV,2,2,06,23,38,322,44,24,76,142,46,,,,,,,,*74
$GPGSV,2,1,06,05,31,106,43,10,00,000,26,18,63,257,46,22,00,000,30*73
$GPGSV,2,2,06,23,38,322,44,24,76,142,46,,,,,,,,*74
$GPGSV,2,1,06,05,31,106,43,10,00,000,25,18,63,257,46,22,00,000,30*70
$GPGSV,2,2,06,23,38,322,44,24,76,142,46,,,,,,,,*74
$GPGSV,2,1,06,05,31,106,43,10,00,000,25,18,63,257,46,22,00,000,31*71
$GPGSV,2,2,06,23,38,322,44,24,76,142,46,,,,,,,,*74
$GPGSV,2,1,06,05,31,106,43,10,00,000,25,18,63,257,46,22,00,000,31*71
$GPGSV,2,2,06,23,38,322,44,24,76,142,46,,,,,,,,*74
$GPGSV,2,1,06,05,31,106,43,10,00,000,25,18,63,257,46,22,00,000,31*71
$GPGSV,2,2,06,23,38,322,44,24,76,142,46,,,,,,,,*74
$GPGSV,2,1,06,05,31,106,43,10,00,000,24,18,63,257,46,22,00,000,31*70
$GPGSV,2,2,06,23,38,322,44,24,76,142,46,,,,,,,,*74
$GPGSV,2,1,06,05,31,106,43,10,00,000,24,18,63,257,46,22,00,000,31*70
$GPGSV,2,2,06,23,38,322,44,24,76,142,46,,,,,,,,*74
$GPGSV,2,1,06,05,31,106,43,10,00,000,23,18,63,257,46,22,00,000,31*77
$GPGSV,2,2,06,23,38,322,44,24,76,142,46,,,,,,,,*74
$GPGSV,2,1,06,05,31,106,43,10,00,000,23,18,63,256,46,22,00,000,31*76
$GPGSV,2,2,06,23,38,322,44,24,77,142,46,,,,,,,,*75
$GPGSV,2,1,06,05,31,106,43,10,00,000,23,18,63,256,46,22,00,000,31*76
$GPGSV,2,2,06,23,38,322,44,24,77,142,46,,,,,,,,*75
$GPGSV,2,1,06,05,31,106,43,10,00,000,23,18,63,256,46,22,00,000,30*77
$GPGSV,2,2,06,23,38,322,44,24,77,142,46,,,,,,,,*75
$GPGSV,2,1,06,05,31,106,43,10,00,000,23,18,63,256,46,22,00,000,30*77
$GPGSV,2,2,06,23,38,322,44,24,77,142,46,,,,,,,,*75
$GPGSV,2,1,06,05,31,106,43,10,00,000,23,18,63,256,46,22,00,000,30*77
$GPGSV,2,2,06,23,38,322,44,24,77,142,46,,,,,,,,*75
$GPGSV,2,1,06,05,31,106,43,10,00,000,22,18,63,256,46,22,00,000,30*76
$GPGSV,2,2,06,23,38,322,44,24,77,142,46,,,,,,,,*75
$GPGSV,2,1,06,05,31,106,43,10,00,000,22,18,63,256,46,22,00,000,29*7E
$GPGSV,2,2,06,23,38,322,44,24,77,142,46,,,,,,,,*75
$GPGSV,2,1,06,05,31,106,43,10,00,000,21,18,63,256,46,22,00,000,29*7D
$GPGSV,2,2,06,23,38,322,44,24,77,142,46,,,,,,,,*75
$GPGSV,2,1,06,05,31,106,43,10,00,000,21,18,63,256,46,22,00,000,29*7D
$GPGSV,2,2,06,23,38,322,44,24,77,142,46,,,,,,,,*75
$GPGSV,2,1,06,05,31,106,43,10,00,000,21,18,63,256,46,22,00,000,29*7D
$GPGSV,2,2,06,23,38,322,44,24,77,142,46,,,,,,,,*75
$GPGSV,2,1,06,05,31,106,43,10,00,000,20,18,63,256,46,22,00,000,29*7C
$GPGSV,2,2,06,23,38,322,44,24,77,142,46,,,,,,,,*75
$GPGSV,2,1,06,05,31,106,43,10,00,000,19,18,63,256,46,22,00,000,29*76
$GPGSV,2,2,06,23,38,322,44,24,77,142,46,,,,,,,,*75
$GPGSV,2,1,05,05,31,106,43,18,63,256,46,22,00,000,28,23,38,322,44*74
$GPGSV,2,2,05,24,77,142,46,,,,,,,,,,,,*4F
$GPGSV,2,1,05,05,31,106,43,18,63,256,46,22,00,000,28,23,38,322,44*74
$GPGSV,2,2,05,24,77,142,46,,,,,,,,,,,,*4F
$GPGSV,2,1,05,05,31,106,43,18,63,256,46,22,00,000,28,23,38,322,44*74
$GPGSV,2,2,05,24,77,142,46,,,,,,,,,,,,*4F
$GPGSV,2,1,05,05,31,106,43,18,63,256,46,22,00,000,27,23,38,322,44*7B
$GPGSV,2,2,05,24,77,142,46,,,,,,,,,,,,*4F
$GPGSV,2,1,05,05,31,106,43,18,63,256,46,22,00,000,27,23,38,322,44*7B
$GPGSV,2,2,05,24,77,142,46,,,,,,,,,,,,*4F
$GPGSV,2,1,05,05,31,106,43,18,63,256,46,22,00,000,27,23,38,322,44*7B
$GPGSV,2,2,05,24,77,142,46,,,,,,,,,,,,*4F
$GPGSV,2,1,05,05,31,106,43,18,63,256,46,22,00,000,27,23,38,322,44*7B
$GPGSV,2,2,05,24,77,142,46,,,,,,,,,,,,*4F
$GPGSV,2,1,05,05,31,106,44,18,63,256,46,22,00,000,27,23,38,322,44*7C
$GPGSV,2,2,05,24,77,142,47,,,,,,,,,,,,*4E
$GPGSV,2,1,05,05,31,106,44,18,63,256,46,22,00,000,27,23,38,322,44*7C
$GPGSV,2,2,05,24,77,142,47,,,,,,,,,,,,*4E
$GPGSV,2,1,05,05,31,106,44,18,63,256,46,22,00,000,28,23,38,322,44*73
$GPGSV,2,2,05,24,77,142,46,,,,,,,,,,,,*4F
$GPGSV,2,1,05,05,31,106,44,18,63,256,46,22,00,000,28,23,38,322,44*73
$GPGSV,2,2,05,24,77,142,46,,,,,,,,,,,,*4F
$GPGSV,2,1,05,05,31,106,44,18,63,256,46,22,00,000,28,23,38,322,44*73
$GPGSV,2,2,05,24,77,142,46,,,,,,,,,,,,*4F
$GPGSV,2,1,05,05,31,106,44,18,63,256,46,22,00,000,28,23,38,322,44*73
$GPGSV,2,2,05,24,77,142,46,,,,,,,,,,,,*4F
$GPGSV,2,1,05,05,31,106,44,18,63,256,46,22,00,000,28,23,38,322,45*72
$GPGSV,2,2,05,24,77,142,46,,,,,,,,,,,,*4F
$GPGSV,2,1,05,05,31,106,44,18,63,256,46,22,00,000,28,23,38,322,45*72
$GPGSV,2,2,05,24,77,142,46,,,,,,,,,,,,*4F
$GPGSV,2,1,05,05,31,106,44,18,63,256,46,22,00,000,28,23,38,322,45*72
$GPGSV,2,2,05,24,77,142,46,,,,,,,,,,,,*4F
$GPGSV,2,1,05,05,31,106,44,18,63,256,46,22,00,000,28,23,38,322,45*72
$GPGSV,2,2,05,24,77,142,46,,,,,,,,,,,,*4F
$GPGSV,2,1,05,05,31,106,44,18,63,256,46,22,00,000,28,23,38,322,45*72
$GPGSV,2,2,05,24,77,142,46,,,,,,,,,,,,*4F
$GPGSV,2,1,05,05,31,106,44,18,63,256,46,22,00,000,28,23,38,322,45*72
$GPGSV,2,2,05,24,77,142,46,,,,,,,,,,,,*4F
$GPGSV,2,1,05,05,31,106,43,18,63,256,46,22,00,000,28,23,38,322,45*75
$GPGSV,2,2,05,24,77,142,46,,,,,,,,,,,,*4F
$GPGSV,2,1,05,05,31,106,43,18,63,256,46,22,00,000,28,23,38,322,45*75
$GPGSV,2,2,05,24,77,142,46,,,,,,,,,,,,*4F
$GPGSV,2,1,05,05,31,106,43,18,63,256,46,22,00,000,28,23,38,322,45*75
$GPGSV,2,2,05,24,77,142,46,,,,,,,,,,,,*4F
$GPGSV,2,1,05,05,31,106,43,18,63,256,46,22,00,000,28,23,38,322,45*75
$GPGSV,2,2,05,24,77,142,46,,,,,,,,,,,,*4F
$GPGSV,2,1,05,05,31,106,43,18,63,256,46,22,00,000,29,23,38,322,45*74
$GPGSV,2,2,05,24,77,141,46,,,,,,,,,,,,*4C
$GPGSV,2,1,05,05,31,106,43,18,63,256,46,22,00,000,29,23,38,322,45*74
$GPGSV,2,2,05,24,77,141,46,,,,,,,,,,,,*4C
$GPGSV,2,1,05,05,31,106,43,18,63,256,46,22,00,000,29,23,38,322,45*74
$GPGSV,2,2,05,24,77,141,46,,,,,,,,,,,,*4C
$GPGSV,2,1,05,05,31,106,43,18,63,256,46,22,00,000,29,23,38,322,45*74
$GPGSV,2,2,05,24,77,141,46,,,,,,,,,,,,*4C
$GPGSV,2,1,05,05,31,106,43,18,63,256,46,22,00,000,29,23,38,322,45*74
$GPGSV,2,2,05,24,77,141,46,,,,,,,,,,,,*4C
$GPGSV,2,1,05,05,31,106,43,18,63,256,46,22,00,000,29,23,38,322,45*74
$GPGSV,2,2,05,24,77,141,46,,,,,,,,,,,,*4C
$GPGSV,2,1,05,05,31,106,43,18,63,256,46,22,00,000,29,23,38,322,45*74
$GPGSV,2,2,05,24,77,141,46,,,,,,,,,,,,*4C
$GPGSV,2,1,05,05,31,106,43,18,63,256,46,22,00,000,29,23,38,322,45*74
$GPGSV,2,2,05,24,77,141,46,,,,,,,,,,,,*4C
$GPGSV,2,1,05,05,31,106,43,18,63,256,46,22,00,000,29,23,38,322,46*77
$GPGSV,2,2,05,24,77,141,46,,,,,,,,,,,,*4C
$GPGSV,2,1,05,05,31,106,43,18,63,256,46,22,00,000,28,23,38,322,46*76
$GPGSV,2,2,05,24,77,141,46,,,,,,,,,,,,*4C
$GPGSV,2,1,05,05,31,106,43,18,63,256,46,22,00,000,28,23,38,322,46*76
$GPGSV,2,2,05,24,77,141,46,,,,,,,,,,,,*4C
$GPGSV,2,1,05,05,31,106,43,18,63,256,46,22,00,000,28,23,38,322,46*76
$GPGSV,2,2,05,24,77,141,46,,,,,,,,,,,,*4C
$GPGSV,2,1,05,05,31,106,43,18,63,256,46,22,00,000,28,23,38,322,46*76
$GPGSV,2,2,05,24,77,141,46,,,,,,,,,,,,*4C
$GPGSV,2,1,05,05,31,106,43,18,63,256,46,22,00,000,28,23,38,322,46*76
$GPGSV,2,2,05,24,77,141,46,,,,,,,,,,,,*4C
$GPGSV,2,1,05,05,31,106,43,18,63,256,46,22,00,000,28,23,38,322,46*76
$GPGSV,2,2,05,24,77,141,46,,,,,,,,,,,,*4C
$GPGSV,2,1,05,05,31,106,43,18,63,256,46,22,00,000,28,23,38,322,46*76
$GPGSV,2,2,05,24,77,141,46,,,,,,,,,,,,*4C
$GPGSV,2,1,05,05,31,106,43,18,63,256,46,22,00,000,28,23,38,322,46*76
$GPGSV,2,2,05,24,77,141,46,,,,,,,,,,,,*4C
$GPGSV,2,1,05,05,31,106,42,18,63,256,46,22,00,000,28,23,38,322,46*77
$GPGSV,2,2,05,24,77,141,46,,,,,,,,,,,,*4C
$GPGSV,2,1,05,05,31,106,42,18,63,256,46,22,00,000,27,23,38,322,46*78
$GPGSV,2,2,05,24,77,141,46,,,,,,,,,,,,*4C
$GPGSV,2,1,05,05,31,106,42,18,63,256,46,22,00,000,27,23,38,322,46*78
$GPGSV,2,2,05,24,77,141,46,,,,,,,,,,,,*4C
$GPGSV,1,1,04,05,30,106,42,18,63,256,46,23,38,322,46,24,77,141,46*7E
$GPGSV,1,1,04,05,30,106,42,18,63,256,46,23,38,322,46,24,77,141,46*7E
$GPGSV,1,1,04,05,30,106,42,18,63,256,46,23,38,322,46,24,77,141,46*7E
$GPGSV,1,1,04,05,30,106,42,18,63,256,46,23,38,322,46,24,77,141,46*7E
$GPGSV,1,1,04,05,30,106,42,18,63,256,46,23,38,322,46,24,77,141,46*7E
$GPGSV,1,1,04,05,30,106,42,18,63,256,46,23,38,322,46,24,77,141,46*7E
$GPGSV,1,1,04,05,30,106,42,18,63,256,46,23,38,322,46,24,77,141,46*7E
$GPGSV,1,1,04,05,30,106,42,18,63,256,46,23,38,322,46,24,77,141,46*7E
$GPGSV,1,1,04,05,30,106,42,18,63,256,46,23,38,322,46,24,77,141,46*7E
$GPGSV,1,1,04,05,30,106,42,18,63,256,46,23,38,322,46,24,77,141,46*7E
$GPGSV,1,1,04,05,30,106,42,18,63,256,46,23,38,322,46,24,77,141,46*7E
$GPGSV,1,1,04,05,30,106,42,18,63,256,46,23,38,322,46,24,77,141,46*7E
$GPGSV,1,1,04,05,30,106,42,18,63,256,46,23,38,322,46,24,77,141,46*7E
$GPGSV,1,1,04,05,30,106,42,18,63,256,46,23,38,322,46,24,77,141,47*7F
$GPGSV,1,1,04,05,30,106,42,18,63,256,46,23,38,322,46,24,77,141,47*7F
$GPGSV,1,1,04,05,30,106,42,18,63,256,46,23,38,322,46,24,77,141,47*7F
$GPGSV,1,1,04,05,30,106,42,18,63,256,46,23,38,322,46,24,77,141,47*7F
$GPGSV,2,1,05,05,30,106,42,10,00,000,26,18,63,256,46,23,38,322,46*79
$GPGSV,2,2,05,24,77,141,47,,,,,,,,,,,,*4D
$GPGSV,2,1,05,05,30,106,42,10,00,000,29,18,63,256,46,23,38,322,46*76
$GPGSV,2,2,05,24,77,141,47,,,,,,,,,,,,*4D
$GPGSV,2,1,05,05,30,106,42,10,00,000,28,18,63,256,46,23,38,322,46*77
$GPGSV,2,2,05,24,77,141,47,,,,,,,,,,,,*4D
$GPGSV,2,1,05,05,30,106,42,10,00,000,28,18,63,256,46,23,38,322,46*77
$GPGSV,2,2,05,24,77,141,47,,,,,,,,,,,,*4D
$GPGSV,2,1,05,05,30,106,43,10,00,000,27,18,63,256,46,23,38,322,46*79
$GPGSV,2,2,05,24,77,141,47,,,,,,,,,,,,*4D
$GPGSV,2,1,05,05,30,106,43,10,00,000,26,18,63,256,46,23,38,322,46*78
$GPGSV,2,2,05,24,77,141,47,,,,,,,,,,,,*4D
$GPGSV,2,1,05,05,30,106,43,10,00,000,26,18,63,256,46,23,38,322,46*78
$GPGSV,2,2,05,24,77,141,47,,,,,,,,,,,,*4D
$GPGSV,2,1,05,05,30,106,43,10,00,000,25,18,63,256,46,23,38,322,46*7B
$GPGSV,2,2,05,24,77,141,47,,,,,,,,,,,,*4D
$GPGSV,1,1,04,05,30,106,43,18,63,256,46,23,38,322,46,24,77,141,47*7E
$GPGSV,2,1,05,05,30,106,43,18,63,256,46,22,00,000,32,23,38,322,46*7C
$GPGSV,2,2,05,24,77,141,47,,,,,,,,,,,,*4D
$GPGSV,2,1,05,05,30,106,43,18,63,256,46,22,00,000,31,23,38,322,46*7F
$GPGSV,2,2,05,24,77,141,47,,,,,,,,,,,,*4D
$GPGSV,2,1,05,05,30,106,43,18,63,256,46,22,00,000,31,23,38,322,46*7F
$GPGSV,2,2,05,24,77,141,47,,,,,,,,,,,,*4D
$GPGSV,2,1,05,05,30,106,43,18,63,256,46,22,00,000,31,23,38,322,46*7F
$GPGSV,2,2,05,24,77,141,47,,,,,,,,,,,,*4D
$GPGSV,2,1,05,05,30,106,43,18,63,256,46,22,00,000,31,23,38,322,46*7F
$GPGSV,2,2,05,24,77,141,47,,,,,,,,,,,,*4D
$GPGSV,2,1,05,05,30,106,43,18,63,256,46,22,00,000,30,23,38,322,46*7E
$GPGSV,2,2,05,24,77,141,47,,,,,,,,,,,,*4D
$GPGSV,2,1,05,05,30,106,43,18,63,256,46,22,00,000,30,23,38,322,46*7E
$GPGSV,2,2,05,24,77,141,47,,,,,,,,,,,,*4D
$GPGSV,2,1,05,05,30,106,43,18,63,256,46,22,00,000,30,23,38,322,46*7E
$GPGSV,2,2,05,24,77,141,47,,,,,,,,,,,,*4D
$GPGSV,2,1,05,05,30,106,43,18,63,256,46,22,00,000,29,23,38,322,46*76
$GPGSV,2,2,05,24,77,141,47,,,,,,,,,,,,*4D
$GPGSV,1,1,04,05,30,106,43,18,63,256,46,23,38,322,46,24,77,141,47*7E
$GPGSV,1,1,04,05,30,106,43,18,63,256,46,23,38,322,46,24,77,141,47*7E
$GPGSV,1,1,04,05,30,106,43,18,63,256,46,23,38,322,46,24,77,141,47*7E
$GPGSV,1,1,04,05,30,106,43,18,63,256,46,23,38,322,46,24,77,141,47*7E
$GPGSV,1,1,04,05,30,106,43,18,63,256,46,23,38,322,46,24,77,141,46*7F
$GPGSV,1,1,04,05,30,106,43,18,63,256,46,23,38,322,46,24,77,141,46*7F
$GPGSV,1,1,04,05,30,106,43,18,63,256,46,23,38,322,46,24,77,141,46*7F
$GPGSV,1,1,04,05,30,106,43,18,63,256,46,23,38,322,46,24,77,141,46*7F
$GPGSV,1,1,04,05,30,106,43,18,63,256,46,23,38,322,46,24,77,141,46*7F
$GPGSV,1,1,04,05,30,106,43,18,63,256,46,23,38,322,46,24,77,141,47*7E
$GPGSV,1,1,04,05,30,106,43,18,63,256,46,23,38,322,46,24,77,141,47*7E
$GPGSV,1,1,04,05,30,106,43,18,63,256,47,23,38,322,46,24,77,141,47*7F
$GPGSV,1,1,04,05,30,106,43,18,63,256,47,23,38,322,46,24,77,141,47*7F
$GPGSV,1,1,04,05,30,106,43,18,63,256,47,23,38,322,46,24,77,141,47*7F
$GPGSV,1,1,04,05,30,106,43,18,63,256,47,23,38,322,46,24,77,141,47*7F
$GPGSV,1,1,04,05,30,106,43,18,63,256,47,23,38,322,46,24,77,141,47*7F
$GPGSV,1,1,04,05,30,106,43,18,63,256,47,23,38,322,46,24,77,141,47*7F
$GPGSV,1,1,04,05,30,106,43,18,63,256,47,23,38,322,46,24,77,141,47*7F
$GPGSV,1,1,04,05,30,106,43,18,63,256,47,23,38,322,46,24,77,141,47*7F
$GPGSV,1,1,04,05,30,106,43,18,63,256,47,23,38,322,46,24,77,141,47*7F
$GPGSV,2,1,05,05,30,106,43,10,00,000,24,18,63,256,47,23,38,322,46*7B
$GPGSV,2,2,05,24,77,141,47,,,,,,,,,,,,*4D
$GPGSV,2,1,05,05,30,106,43,10,00,000,22,18,63,256,47,23,38,322,46*7D
$GPGSV,2,2,05,24,77,141,47,,,,,,,,,,,,*4D
$GPGSV,2,1,05,05,30,106,43,10,00,000,22,18,63,256,47,23,38,322,46*7D
$GPGSV,2,2,05,24,77,141,47,,,,,,,,,,,,*4D
$GPGSV,2,1,05,05,30,106,43,10,00,000,23,18,63,256,47,23,38,322,45*7F
$GPGSV,2,2,05,24,77,141,47,,,,,,,,,,,,*4D
$GPGSV,2,1,05,05,30,106,43,10,00,000,23,18,63,256,47,23,38,322,45*7F
$GPGSV,2,2,05,24,77,141,47,,,,,,,,,,,,*4D
$GPGSV,2,1,05,05,30,106,43,10,00,000,22,18,63,256,47,23,38,322,45*7E
$GPGSV,2,2,05,24,77,141,47,,,,,,,,,,,,*4D
$GPGSV,2,1,05,05,30,106,43,10,00,000,21,18,63,256,47,23,38,322,45*7D
$GPGSV,2,2,05,24,77,141,47,,,,,,,,,,,,*4D
$GPGSV,2,1,05,05,30,106,43,10,00,000,20,18,63,256,47,23,38,322,45*7C
$GPGSV,2,2,05,24,77,141,47,,,,,,,,,,,,*4D
$GPGSV,2,1,05,05,30,106,43,10,00,000,19,18,63,256,47,23,38,322,45*76
$GPGSV,2,2,05,24,77,141,47,,,,,,,,,,,,*4D
$GPGSV,1,1,04,05,30,106,43,18,63,256,47,23,38,322,45,24,77,141,47*7C
$GPGSV,1,1,04,05,30,106,43,18,63,256,47,23,38,322,45,24,77,141,47*7C
$GPGSV,1,1,04,05,30,106,43,18,63,256,47,23,38,322,45,24,77,141,47*7C
$GPGSV,1,1,04,05,30,106,43,18,63,256,47,23,38,322,45,24,77,141,46*7D
$GPGSV,2,1,05,05,30,106,43,18,63,256,47,22,00,000,34,23,38,322,45*78
$GPGSV,2,2,05,24,77,141,46,,,,,,,,,,,,*4C
$GPGSV,2,1,05,05,30,106,43,18,63,256,47,22,00,000,35,23,38,322,45*79
$GPGSV,2,2,05,24,77,141,46,,,,,,,,,,,,*4C
$GPGSV,2,1,05,05,30,106,43,18,63,256,47,22,00,000,34,23,38,322,45*78
$GPGSV,2,2,05,24,77,141,46,,,,,,,,,,,,*4C
$GPGSV,2,1,05,05,30,106,43,18,63,256,47,22,00,000,34,23,38,322,45*78
$GPGSV,2,2,05,24,77,141,46,,,,,,,,,,,,*4C
$GPGSV,2,1,05,05,30,106,43,18,63,256,47,22,00,000,33,23,38,322,45*7F
$GPGSV,2,2,05,24,77,141,46,,,,,,,,,,,,*4C
$GPGSV,2,1,05,05,30,106,43,18,63,256,47,22,00,000,32,23,38,322,45*7E
$GPGSV,2,2,05,24,77,141,46,,,,,,,,,,,,*4C
$GPGSV,2,1,05,05,30,106,43,18,63,256,47,22,00,000,32,23,38,322,45*7E
$GPGSV,2,2,05,24,77,141,46,,,,,,,,,,,,*4C
$GPGSV,2,1,05,05,30,106,43,18,63,256,47,22,00,000,32,23,38,322,45*7E
$GPGSV,2,2,05,24,77,141,46,,,,,,,,,,,,*4C
$GPGSV,2,1,05,05,30,106,43,18,63,256,47,22,00,000,32,23,38,322,45*7E
$GPGSV,2,2,05,24,77,141,47,,,,,,,,,,,,*4D
$GPGSV,2,1,05,05,30,106,43,18,63,256,47,22,00,000,31,23,38,322,45*7D
$GPGSV,2,2,05,24,77,141,47,,,,,,,,,,,,*4D
$GPGSV,2,1,05,05,30,106,43,18,63,256,47,22,00,000,31,23,38,322,45*7D
$GPGSV,2,2,05,24,77,141,47,,,,,,,,,,,,*4D
$GPGSV,2,1,05,05,30,106,43,18,63,256,47,22,00,000,31,23,38,322,45*7D
$GPGSV,2,2,05,24,77,141,47,,,,,,,,,,,,*4D
$GPGSV,2,1,05,05,30,106,43,18,63,256,47,22,00,000,31,23,38,322,45*7D
$GPGSV,2,2,05,24,77,141,47,,,,,,,,,,,,*4D
$GPGSV,2,1,06,05,30,106,43,10,00,000,24,18,63,256,47,22,00,000,31*71
$GPGSV,2,2,06,23,38,322,45,24,77,141,47,,,,,,,,*76
$GPGSV,2,1,06,05,30,106,43,10,00,000,26,18,63,256,47,22,00,000,31*73
$GPGSV,2,2,06,23,38,322,44,24,77,141,47,,,,,,,,*77
$GPGSV,2,1,06,05,30,106,43,10,00,000,26,18,63,256,47,22,00,000,31*73
$GPGSV,2,2,06,23,38,322,44,24,77,141,47,,,,,,,,*77
$GPGSV,2,1,06,05,30,106,43,10,00,000,26,18,63,256,47,22,00,000,31*73
$GPGSV,2,2,06,23,38,322,45,24,77,141,47,,,,,,,,*76
$GPGSV,2,1,06,05,30,106,43,10,00,000,26,18,63,256,47,22,00,000,31*73
$GPGSV,2,2,06,23,38,322,45,24,77,141,47,,,,,,,,*76
$GPGSV,2,1,06,05,30,106,43,10,00,000,25,18,63,256,47,22,00,000,31*70
$GPGSV,2,2,06,23,38,322,45,24,77,141,47,,,,,,,,*76
$GPGSV,2,1,06,05,30,106,43,10,00,000,25,18,63,256,47,22,00,000,31*70
$GPGSV,2,2,06,23,38,322,45,24,77,141,47,,,,,,,,*76
$GPGSV,2,1,06,05,30,106,43,10,00,000,25,18,63,256,47,22,00,000,31*70
$GPGSV,2,2,06,23,38,322,45,24,77,141,47,,,,,,,,*76
$GPGSV,2,1,06,05,30,106,43,10,00,000,24,18,63,256,47,22,00,000,31*71
$GPGSV,2,2,06,23,38,322,45,24,77,141,47,,,,,,,,*76
$GPGSV,2,1,06,05,30,106,43,10,00,000,24,18,63,256,47,22,00,000,30*70
$GPGSV,2,2,06,23,38,322,45,24,77,141,47,,,,,,,,*76
$GPGSV,2,1,05,05,30,106,43,10,00,000,23,18,63,256,47,23,38,322,45*7F
$GPGSV,2,2,05,24,77,141,47,,,,,,,,,,,,*4D
$GPGSV,2,1,05,05,30,106,43,10,00,000,23,18,63,256,47,23,38,322,45*7F
$GPGSV,2,2,05,24,77,141,47,,,,,,,,,,,,*4D
$GPGSV,2,1,05,05,30,106,43,10,00,000,23,18,63,256,47,23,38,322,45*7F
$GPGSV,2,2,05,24,77,141,47,,,,,,,,,,,,*4D
$GPGSV,2,1,05,05,30,106,43,10,00,000,22,18,63,256,47,23,38,322,45*7E
$GPGSV,2,2,05,24,77,141,47,,,,,,,,,,,,*4D
$GPGSV,2,1,05,05,30,106,43,10,00,000,22,18,63,256,47,23,39,322,45*7F
$GPGSV,2,2,05,24,77,141,47,,,,,,,,,,,,*4D
$GPGSV,2,1,05,05,30,106,43,10,00,000,22,18,63,256,47,23,39,322,45*7F
$GPGSV,2,2,05,24,77,141,47,,,,,,,,,,,,*4D
$GPGSV,2,1,05,05,30,106,43,10,00,000,22,18,63,256,47,23,39,322,45*7F
$GPGSV,2,2,05,24,77,141,47,,,,,,,,,,,,*4D
$GPGSV,2,1,05,05,30,106,43,10,00,000,22,18,63,256,47,23,39,322,45*7F
$GPGSV,2,2,05,24,77,141,47,,,,,,,,,,,,*4D
$GPGSV,2,1,05,05,30,106,43,10,00,000,22,18,63,256,47,23,39,322,45*7F
$GPGSV,2,2,05,24,77,141,47,,,,,,,,,,,,*4D
$GPGSV,2,1,05,05,30,106,43,10,00,000,22,18,63,256,47,23,39,322,45*7F
$GPGSV,2,2,05,24,77,141,47,,,,,,,,,,,,*4D
$GPGSV,2,1,05,05,30,106,43,10,00,000,21,18,63,256,47,23,39,322,45*7C
$GPGSV,2,2,05,24,77,141,47,,,,,,,,,,,,*4D
$GPGSV,2,1,05,05,30,106,43,10,00,000,21,18,63,256,47,23,39,322,45*7C
$GPGSV,2,2,05,24,77,141,47,,,,,,,,,,,,*4D
$GPGSV,2,1,05,05,30,106,43,10,00,000,21,18,63,256,47,23,39,322,45*7C
$GPGSV,2,2,05,24,77,141,47,,,,,,,,,,,,*4D
$GPGSV,2,1,05,05,30,106,43,10,00,000,22,18,63,256,47,23,39,322,45*7F
$GPGSV,2,2,05,24,77,141,47,,,,,,,,,,,,*4D
$GPGSV,2,1,05,05,30,106,43,10,00,000,22,18,63,256,47,23,39,322,45*7F
$GPGSV,2,2,05,24,77,141,47,,,,,,,,,,,,*4D
$GPGSV,1,1,04,05,30,106,43,18,63,256,47,23,39,322,45,24,77,141,47*7D
$GPGSV,1,1,04,05,30,106,43,18,63,256,47,23,39,322,45,24,77,141,47*7D
$GPGSV,1,1,04,05,30,106,43,18,63,256,47,23,39,322,46,24,77,141,47*7E
$GPGSV,1,1,04,05,30,106,43,18,63,256,47,23,39,322,46,24,77,141,47*7E
$GPGSV,1,1,04,05,30,106,43,18,63,256,47,23,39,322,46,24,77,141,47*7E
$GPGSV,1,1,04,05,30,106,43,18,63,256,47,23,39,322,46,24,77,141,47*7E
$GPGSV,1,1,04,05,30,106,43,18,63,256,47,23,39,322,46,24,77,141,47*7E
$GPGSV,1,1,04,05,30,106,43,18,63,256,47,23,39,322,46,24,77,141,47*7E
$GPGSV,2,1,05,05,30,106,43,18,63,256,47,22,00,000,30,23,39,322,46*7E
$GPGSV,2,2,05,24,77,141,47,,,,,,,,,,,,*4D
$GPGSV,2,1,05,05,30,106,43,18,63,256,47,22,00,000,32,23,39,322,46*7C
$GPGSV,2,2,05,24,77,141,47,,,,,,,,,,,,*4D
$GPGSV,2,1,05,05,30,106,43,18,63,256,47,22,00,000,32,23,39,322,46*7C
$GPGSV,2,2,05,24,77,141,47,,,,,,,,,,,,*4D
$GPGSV,2,1,05,05,30,106,43,18,63,256,47,22,00,000,31,23,39,322,46*7F
$GPGSV,2,2,05,24,77,141,47,,,,,,,,,,,,*4D
$GPGSV,2,1,05,05,30,106,43,18,63,256,47,22,00,000,31,23,39,322,46*7F
$GPGSV,2,2,05,24,77,141,47,,,,,,,,,,,,*4D
$GPGSV,2,1,05,05,30,106,43,18,63,256,47,22,00,000,30,23,39,322,46*7E
$GPGSV,2,2,05,24,77,141,47,,,,,,,,,,,,*4D
$GPGSV,2,1,05,05,30,106,43,18,63,256,47,22,00,000,29,23,39,322,46*76
$GPGSV,2,2,05,24,77,141,47,,,,,,,,,,,,*4D
$GPGSV,2,1,05,05,30,106,43,18,63,256,47,22,00,000,29,23,39,322,46*76
$GPGSV,2,2,05,24,77,141,47,,,,,,,,,,,,*4D
$GPGSV,2,1,05,05,30,106,43,18,63,256,47,22,00,000,29,23,39,322,46*76
$GPGSV,2,2,05,24,77,141,47,,,,,,,,,,,,*4D
$GPGSV,2,1,05,05,30,106,43,18,63,256,47,22,00,000,29,23,39,322,46*76
$GPGSV,2,2,05,24,77,141,47,,,,,,,,,,,,*4D
$GPGSV,2,1,05,05,30,106,43,18,63,256,47,22,00,000,29,23,39,322,46*76
$GPGSV,2,2,05,24,77,141,47,,,,,,,,,,,,*4D
$GPGSV,2,1,05,05,30,106,43,18,63,256,47,22,00,000,28,23,39,322,46*77
$GPGSV,2,2,05,24,77,141,47,,,,,,,,,,,,*4D
$GPGSV,2,1,05,05,30,106,43,18,63,256,47,22,00,000,28,23,39,322,46*77
$GPGSV,2,2,05,24,77,141,47,,,,,,,,,,,,*4D
$GPGSV,2,1,05,05,30,106,43,18,63,256,47,22,00,000,28,23,39,322,46*77
$GPGSV,2,2,05,24,77,141,47,,,,,,,,,,,,*4D
$GPGSV,2,1,05,05,30,106,43,18,63,256,47,22,00,000,28,23,39,322,46*77
$GPGSV,2,2,05,24,77,141,47,,,,,,,,,,,,*4D
$GPGSV,2,1,05,05,30,106,43,18,63,256,47,22,00,000,29,23,39,322,46*76
$GPGSV,2,2,05,24,77,141,47,,,,,,,,,,,,*4D
$GPGSV,2,1,05,05,30,106,43,18,63,256,47,22,00,000,29,23,39,322,46*76
$GPGSV,2,2,05,24,77,141,47,,,,,,,,,,,,*4D
$GPGSV,2,1,05,05,30,106,43,18,63,256,47,22,00,000,29,23,39,322,46*76
$GPGSV,2,2,05,24,77,141,47,,,,,,,,,,,,*4D
$GPGSV,2,1,05,05,30,106,43,18,63,256,47,22,00,000,29,23,39,322,46*76
$GPGSV,2,2,05,24,77,141,47,,,,,,,,,,,,*4D
$GPGSV,2,1,05,05,30,106,43,18,63,256,47,22,00,000,29,23,39,322,46*76
$GPGSV,2,2,05,24,77,141,47,,,,,,,,,,,,*4D
$GPGSV,2,1,05,05,30,106,43,18,63,256,47,22,00,000,29,23,39,322,46*76
$GPGSV,2,2,05,24,77,141,47,,,,,,,,,,,,*4D
$GPGSV,2,1,05,05,30,106,43,18,63,256,47,22,00,000,28,23,39,322,46*77
$GPGSV,2,2,05,24,77,141,47,,,,,,,,,,,,*4D
$GPGSV,2,1,05,05,30,106,43,18,63,256,47,22,00,000,28,23,39,322,46*77
$GPGSV,2,2,05,24,77,141,47,,,,,,,,,,,,*4D
$GPGSV,2,1,05,05,30,106,43,18,63,256,47,22,00,000,28,23,39,322,46*77
$GPGSV,2,2,05,24,77,141,47,,,,,,,,,,,,*4D
$GPGSV,2,1,05,05,30,106,43,18,63,256,47,22,00,000,27,23,39,322,46*78
$GPGSV,2,2,05,24,77,141,46,,,,,,,,,,,,*4C
$GPGSV,2,1,05,05,30,106,42,18,63,256,47,22,00,000,27,23,39,322,46*79
$GPGSV,2,2,05,24,77,141,46,,,,,,,,,,,,*4C
$GPGSV,2,1,05,05,30,106,42,18,63,256,47,22,00,000,27,23,39,322,46*79
$GPGSV,2,2,05,24,77,141,46,,,,,,,,,,,,*4C
$GPGSV,2,1,05,05,30,106,42,18,63,256,47,22,00,000,27,23,39,322,46*79
$GPGSV,2,2,05,24,77,141,46,,,,,,,,,,,,*4C
$GPGSV,2,1,05,05,30,106,42,18,63,256,47,22,00,000,27,23,39,322,46*79
$GPGSV,2,2,05,24,77,141,46,,,,,,,,,,,,*4C
$GPGSV,2,1,05,05,30,106,42,18,63,256,47,22,00,000,26,23,39,322,46*78
$GPGSV,2,2,05,24,77,141,46,,,,,,,,,,,,*4C
$GPGSV,2,1,05,05,30,106,42,18,63,256,47,22,00,000,26,23,39,322,46*78
$GPGSV,2,2,05,24,77,141,46,,,,,,,,,,,,*4C
$GPGSV,2,1,05,05,30,106,42,18,63,256,47,22,00,000,26,23,39,322,46*78
$GPGSV,2,2,05,24,77,140,46,,,,,,,,,,,,*4D
$GPGSV,2,1,06,05,30,106,42,10,00,000,32,18,63,256,47,22,00,000,26*71
$GPGSV,2,2,06,23,39,322,46,24,77,140,46,,,,,,,,*74
$GPGSV,2,1,06,05,30,106,42,10,00,000,33,18,63,256,47,22,00,000,26*70
$GPGSV,2,2,06,23,39,322,46,24,77,140,46,,,,,,,,*74
$GPGSV,2,1,06,05,30,106,42,10,00,000,32,18,63,256,47,22,00,000,25*72
$GPGSV,2,2,06,23,39,322,46,24,77,140,46,,,,,,,,*74
$GPGSV,2,1,06,05,30,106,42,10,00,000,31,18,63,256,47,22,00,000,25*71
$GPGSV,2,2,06,23,39,322,46,24,77,140,46,,,,,,,,*74
$GPGSV,2,1,05,05,30,106,42,18,63,256,47,22,00,000,25,23,39,322,46*7B
$GPGSV,2,2,05,24,77,140,46,,,,,,,,,,,,*4D
$GPGSV,2,1,05,05,30,106,42,18,63,256,47,22,00,000,24,23,39,322,46*7A
$GPGSV,2,2,05,24,77,140,46,,,,,,,,,,,,*4D
$GPGSV,2,1,05,05,30,106,42,18,63,256,47,22,00,000,24,23,39,322,46*7A
$GPGSV,2,2,05,24,77,140,46,,,,,,,,,,,,*4D
$GPGSV,2,1,05,05,30,106,42,18,63,256,47,22,00,000,24,23,39,322,46*7A
$GPGSV,2,2,05,24,77,140,46,,,,,,,,,,,,*4D
$GPGSV,2,1,05,05,30,106,42,18,63,256,47,22,00,000,24,23,39,322,46*7A
$GPGSV,2,2,05,24,77,140,46,,,,,,,,,,,,*4D
$GPGSV,2,1,05,05,30,106,42,18,63,256,47,22,00,000,24,23,39,322,47*7B
$GPGSV,2,2,05,24,77,140,46,,,,,,,,,,,,*4D
$GPGSV,2,1,05,05,30,106,42,18,63,256,47,22,00,000,25,23,39,322,47*7A
$GPGSV,2,2,05,24,77,140,46,,,,,,,,,,,,*4D
$GPGSV,2,1,05,05,30,106,42,18,63,256,47,22,00,000,25,23,39,322,47*7A
$GPGSV,2,2,05,24,77,140,46,,,,,,,,,,,,*4D
$GPGSV,2,1,05,05,30,106,42,18,63,256,47,22,00,000,26,23,39,322,47*79
$GPGSV,2,2,05,24,77,140,46,,,,,,,,,,,,*4D
$GPGSV,2,1,06,05,30,106,42,10,00,000,23,18,63,256,46,22,00,000,26*70
$GPGSV,2,2,06,23,39,322,47,24,77,140,47,,,,,,,,*74
$GPGSV,2,1,06,05,30,106,43,10,00,000,21,18,63,256,46,22,00,000,27*72
$GPGSV,2,2,06,23,39,322,47,24,77,140,47,,,,,,,,*74
$GPGSV,2,1,05,05,30,106,43,10,00,000,23,18,63,256,46,23,39,322,47*7D
$GPGSV,2,2,05,24,77,140,47,,,,,,,,,,,,*4C
$GPGSV,2,1,05,05,30,106,43,10,00,000,23,18,63,256,46,23,39,322,47*7D
$GPGSV,2,2,05,24,77,140,47,,,,,,,,,,,,*4C
$GPGSV,2,1,05,05,30,106,43,10,00,000,24,18,63,256,46,23,39,322,47*7A
$GPGSV,2,2,05,24,77,140,47,,,,,,,,,,,,*4C
$GPGSV,2,1,05,05,30,106,43,10,00,000,26,18,63,256,46,23,39,322,47*78
$GPGSV,2,2,05,24,77,140,47,,,,,,,,,,,,*4C
$GPGSV,2,1,05,05,30,106,43,10,00,000,27,18,63,256,46,23,39,322,47*79
$GPGSV,2,2,05,24,77,140,47,,,,,,,,,,,,*4C
$GPGSV,2,1,05,05,30,106,43,10,00,000,27,18,63,256,46,23,39,322,47*79
$GPGSV,2,2,05,24,77,140,46,,,,,,,,,,,,*4D
$GPGSV,2,1,05,05,30,106,43,10,00,000,27,18,63,256,46,23,39,322,46*78
$GPGSV,2,2,05,24,77,140,46,,,,,,,,,,,,*4D
$GPGSV,2,1,06,05,30,106,43,10,00,000,27,18,63,256,46,22,00,000,27*74
$GPGSV,2,2,06,23,39,322,46,24,77,140,46,,,,,,,,*74
$GPGSV,2,1,06,05,30,106,43,10,00,000,27,18,63,256,46,22,00,000,27*74
$GPGSV,2,2,06,23,39,322,46,24,77,140,46,,,,,,,,*74
$GPGSV,2,1,06,05,30,107,43,10,00,000,27,18,63,256,46,22,00,000,27*75
$GPGSV,2,2,06,23,39,322,46,24,77,140,46,,,,,,,,*74
$GPGSV,2,1,06,05,30,107,43,10,00,000,28,18,63,256,46,22,00,000,26*7B
$GPGSV,2,2,06,23,39,322,46,24,77,140,46,,,,,,,,*74
$GPGSV,2,1,06,05,30,107,43,10,00,000,28,18,63,256,46,22,00,000,25*78
$GPGSV,2,2,06,23,39,322,46,24,77,140,46,,,,,,,,*74
$GPGSV,2,1,06,05,30,107,43,10,00,000,28,18,63,256,46,22,00,000,25*78
$GPGSV,2,2,06,23,39,322,46,24,77,140,46,,,,,,,,*74
$GPGSV,2,1,06,05,30,107,43,10,00,000,28,18,63,256,46,22,00,000,25*78
$GPGSV,2,2,06,23,39,322,46,24,77,140,46,,,,,,,,*74
$GPGSV,2,1,06,05,30,107,43,10,00,000,28,18,63,256,46,22,00,000,25*78
$GPGSV,2,2,06,23,39,322,46,24,77,140,46,,,,,,,,*74
$GPGSV,2,1,06,05,30,107,43,10,00,000,28,18,63,256,46,22,00,000,25*78
$GPGSV,2,2,06,23,39,322,46,24,77,140,46,,,,,,,,*74
$GPGSV,2,1,05,05,30,107,43,18,63,256,46,22,00,000,25,23,39,322,46*7A
$GPGSV,2,2,05,24,77,140,46,,,,,,,,,,,,*4D
$GPGSV,2,1,05,05,30,107,43,18,63,256,46,22,00,000,25,23,39,322,46*7A
$GPGSV,2,2,05,24,77,140,46,,,,,,,,,,,,*4D
$GPGSV,2,1,05,05,30,107,43,18,63,256,46,22,00,000,25,23,39,322,46*7A
$GPGSV,2,2,05,24,77,140,46,,,,,,,,,,,,*4D
$GPGSV,2,1,05,05,30,107,43,18,63,256,46,22,00,000,25,23,39,322,46*7A
$GPGSV,2,2,05,24,77,140,46,,,,,,,,,,,,*4D
$GPGSV,2,1,05,05,30,107,43,18,63,256,46,22,00,000,25,23,39,322,46*7A
$GPGSV,2,2,05,24,77,140,46,,,,,,,,,,,,*4D
$GPGSV,2,1,05,05,30,107,43,18,63,256,46,22,00,000,24,23,39,322,46*7B
$GPGSV,2,2,05,24,77,140,47,,,,,,,,,,,,*4C
$GPGSV,2,1,05,05,30,107,43,18,63,256,46,22,00,000,24,23,39,322,46*7B
$GPGSV,2,2,05,24,77,140,47,,,,,,,,,,,,*4C
$GPGSV,2,1,05,05,30,107,43,18,63,256,46,22,00,000,23,23,39,322,45*7F
$GPGSV,2,2,05,24,77,140,47,,,,,,,,,,,,*4C
$GPGSV,2,1,05,05,30,107,43,18,63,256,46,22,00,000,23,23,39,322,45*7F
$GPGSV,2,2,05,24,77,140,47,,,,,,,,,,,,*4C
$GPGSV,2,1,05,05,30,107,43,18,63,256,46,22,00,000,22,23,39,322,45*7E
$GPGSV,2,2,05,24,77,140,47,,,,,,,,,,,,*4C
$GPGSV,2,1,05,05,30,107,43,18,63,256,46,22,00,000,22,23,39,322,45*7E
$GPGSV,2,2,05,24,77,140,46,,,,,,,,,,,,*4D
$GPGSV,2,1,05,05,30,107,44,18,63,256,46,22,00,000,21,23,39,322,45*7A
$GPGSV,2,2,05,24,77,140,46,,,,,,,,,,,,*4D
$GPGSV,2,1,05,05,30,107,44,18,63,256,46,22,00,000,21,23,39,322,45*7A
$GPGSV,2,2,05,24,77,140,46,,,,,,,,,,,,*4D
$GPGSV,2,1,05,05,30,107,44,18,63,256,46,22,00,000,21,23,39,322,45*7A
$GPGSV,2,2,05,24,77,140,46,,,,,,,,,,,,*4D
$GPGSV,2,1,05,05,30,107,44,18,63,256,46,22,00,000,21,23,39,322,45*7A
$GPGSV,2,2,05,24,77,140,46,,,,,,,,,,,,*4D
$GPGSV,2,1,05,05,30,107,44,18,63,256,46,22,00,000,20,23,39,322,45*7B
$GPGSV,2,2,05,24,77,140,46,,,,,,,,,,,,*4D
$GPGSV,2,1,05,05,30,107,44,18,63,256,46,22,00,000,20,23,39,322,45*7B
$GPGSV,2,2,05,24,77,140,46,,,,,,,,,,,,*4D
$GPGSV,2,1,05,05,30,107,44,18,63,256,46,22,00,000,19,23,39,322,45*71
$GPGSV,2,2,05,24,77,140,46,,,,,,,,,,,,*4D
$GPGSV,2,1,05,05,30,107,44,18,63,256,46,22,00,000,19,23,39,322,45*71
$GPGSV,2,2,05,24,77,140,47,,,,,,,,,,,,*4C
$GPGSV,2,1,05,05,30,107,44,18,63,256,46,22,00,000,19,23,39,322,45*71
$GPGSV,2,2,05,24,77,140,47,,,,,,,,,,,,*4C
$GPGSV,2,1,05,05,30,107,44,18,63,256,47,22,00,000,19,23,39,322,45*70
$GPGSV,2,2,05,24,77,140,47,,,,,,,,,,,,*4C
$GPGSV,2,1,05,05,30,107,44,18,63,256,47,22,00,000,19,23,39,322,45*70
$GPGSV,2,2,05,24,77,140,47,,,,,,,,,,,,*4C
$GPGSV,2,1,05,05,30,107,44,18,63,256,47,22,00,000,20,23,39,322,45*7A
$GPGSV,2,2,05,24,77,140,47,,,,,,,,,,,,*4C
$GPGSV,2,1,05,05,30,107,44,18,63,256,47,22,00,000,21,23,39,322,45*7B
$GPGSV,2,2,05,24,77,140,47,,,,,,,,,,,,*4C
$GPGSV,2,1,05,05,30,107,44,18,63,256,47,22,00,000,21,23,39,322,45*7B
$GPGSV,2,2,05,24,77,140,47,,,,,,,,,,,,*4C
$GPGSV,2,1,05,05,30,107,44,18,63,256,47,22,00,000,22,23,39,322,45*78
$GPGSV,2,2,05,24,77,140,47,,,,,,,,,,,,*4C
$GPGSV,2,1,05,05,30,107,44,18,63,256,47,22,00,000,23,23,39,322,45*79
$GPGSV,2,2,05,24,77,140,47,,,,,,,,,,,,*4C
$GPGSV,2,1,05,05,30,107,44,18,63,256,47,22,00,000,24,23,39,322,45*7E
$GPGSV,2,2,05,24,77,140,47,,,,,,,,,,,,*4C
$GPGSV,2,1,05,05,30,107,44,18,63,256,47,22,00,000,24,23,39,322,45*7E
$GPGSV,2,2,05,24,77,140,47,,,,,,,,,,,,*4C
$GPGSV,2,1,05,05,30,107,44,18,63,256,47,22,00,000,24,23,39,322,45*7E
$GPGSV,2,2,05,24,77,140,47,,,,,,,,,,,,*4C
$GPGSV,2,1,05,05,30,107,44,18,63,256,47,22,00,000,25,23,39,322,45*7F
$GPGSV,2,2,05,24,77,140,47,,,,,,,,,,,,*4C
$GPGSV,2,1,05,05,30,107,44,18,63,256,47,22,00,000,25,23,39,322,45*7F
$GPGSV,2,2,05,24,77,140,47,,,,,,,,,,,,*4C
$GPGSV,2,1,05,05,30,107,44,18,63,256,47,22,00,000,25,23,39,322,45*7F
$GPGSV,2,2,05,24,77,140,47,,,,,,,,,,,,*4C
$GPGSV,2,1,05,05,30,107,44,18,63,255,47,22,00,000,26,23,39,322,45*7F
$GPGSV,2,2,05,24,77,140,47,,,,,,,,,,,,*4C
$GPGSV,2,1,05,05,30,107,44,18,63,255,47,22,00,000,26,23,39,322,45*7F
$GPGSV,2,2,05,24,77,140,47,,,,,,,,,,,,*4C
$GPGSV,2,1,05,05,30,107,43,18,63,255,47,22,00,000,27,23,39,322,45*79
$GPGSV,2,2,05,24,77,140,47,,,,,,,,,,,,*4C
$GPGSV,2,1,06,05,30,107,43,10,00,000,35,18,63,255,47,22,00,000,27*74
$GPGSV,2,2,06,23,39,322,46,24,77,140,47,,,,,,,,*75
$GPGSV,2,1,06,05,30,107,43,10,00,000,36,18,63,255,47,22,00,000,27*77
$GPGSV,2,2,06,23,39,322,46,24,77,140,47,,,,,,,,*75
$GPGSV,2,1,06,05,30,107,43,10,00,000,36,18,63,255,47,22,00,000,28*78
$GPGSV,2,2,06,23,39,322,46,24,77,140,47,,,,,,,,*75
$GPGSV,2,1,06,05,30,107,43,10,00,000,36,18,63,255,47,22,00,000,28*78
$GPGSV,2,2,06,23,39,322,46,24,77,140,47,,,,,,,,*75
$GPGSV,2,1,06,05,30,107,43,10,00,000,36,18,63,255,47,22,00,000,28*78
$GPGSV,2,2,06,23,39,322,46,24,77,140,47,,,,,,,,*75
$GPGSV,2,1,06,05,30,107,43,10,00,000,36,18,63,255,47,22,00,000,28*78
$GPGSV,2,2,06,23,39,322,46,24,77,140,47,,,,,,,,*75
$GPGSV,2,1,06,05,30,107,43,10,00,000,36,18,63,255,47,22,00,000,28*78
$GPGSV,2,2,06,23,39,322,46,24,77,140,47,,,,,,,,*75
$GPGSV,2,1,05,05,30,107,43,10,00,000,36,18,63,255,47,23,39,322,46*7B
$GPGSV,2,2,05,24,77,140,47,,,,,,,,,,,,*4C
$GPGSV,2,1,05,05,30,107,43,10,00,000,36,18,63,255,47,23,39,322,46*7B
$GPGSV,2,2,05,24,77,140,47,,,,,,,,,,,,*4C
$GPGSV,2,1,05,05,30,107,43,10,00,000,36,18,63,255,47,23,39,322,46*7B
$GPGSV,2,2,05,24,77,140,47,,,,,,,,,,,,*4C
$GPGSV,2,1,05,05,30,107,43,10,00,000,36,18,63,255,47,23,39,322,46*7B
$GPGSV,2,2,05,24,77,140,47,,,,,,,,,,,,*4C
$GPGSV,2,1,05,05,30,107,43,10,00,000,36,18,63,255,47,23,39,322,46*7B
$GPGSV,2,2,05,24,77,140,47,,,,,,,,,,,,*4C
$GPGSV,2,1,05,05,30,107,43,10,00,000,36,18,63,255,47,23,39,322,46*7B
$GPGSV,2,2,05,24,77,140,47,,,,,,,,,,,,*4C
$GPGSV,2,1,05,05,30,107,43,10,00,000,36,18,63,255,46,23,39,322,46*7A
$GPGSV,2,2,05,24,77,140,47,,,,,,,,,,,,*4C
$GPGSV,2,1,05,05,30,107,43,10,00,000,35,18,63,255,46,23,39,322,46*79
$GPGSV,2,2,05,24,77,140,47,,,,,,,,,,,,*4C
$GPGSV,2,1,05,05,30,107,43,10,00,000,35,18,63,255,46,23,39,322,46*79
$GPGSV,2,2,05,24,77,140,47,,,,,,,,,,,,*4C
$GPGSV,2,1,05,05,30,107,43,10,00,000,35,18,63,255,47,23,39,322,46*78
$GPGSV,2,2,05,24,77,140,47,,,,,,,,,,,,*4C
$GPGSV,2,1,05,05,30,107,43,10,00,000,34,18,63,255,47,23,39,322,46*79
$GPGSV,2,2,05,24,77,140,47,,,,,,,,,,,,*4C
$GPGSV,2,1,05,05,30,107,43,10,00,000,34,18,63,255,47,23,39,322,46*79
$GPGSV,2,2,05,24,77,140,47,,,,,,,,,,,,*4C
$GPGSV,2,1,05,05,30,107,43,10,00,000,34,18,63,255,47,23,39,322,46*79
$GPGSV,2,2,05,24,77,140,47,,,,,,,,,,,,*4C
$GPGSV,2,1,05,05,30,107,43,10,00,000,33,18,63,255,47,23,39,322,46*7E
$GPGSV,2,2,05,24,77,140,47,,,,,,,,,,,,*4C
$GPGSV,1,1,04,05,30,107,43,18,63,255,47,23,39,322,46,24,77,140,47*7D
$GPGSV,1,1,04,05,30,107,43,18,63,255,46,23,39,322,46,24,77,140,47*7C
$GPGSV,1,1,04,05,30,107,43,18,63,255,46,23,39,322,46,24,77,140,47*7C
$GPGSV,1,1,04,05,30,107,43,18,63,255,46,23,39,322,46,24,77,140,47*7C
$GPGSV,1,1,04,05,30,107,43,18,63,255,46,23,39,322,47,24,77,140,47*7D
$GPGSV,1,1,04,05,30,107,43,18,63,255,47,23,39,322,47,24,77,140,47*7C
$GPGSV,1,1,04,05,30,107,43,18,63,255,47,23,39,322,47,24,77,140,47*7C
$GPGSV,1,1,04,05,30,107,43,18,63,255,47,23,39,322,47,24,77,140,47*7C
$GPGSV,1,1,04,05,30,107,43,18,63,255,47,23,39,322,47,24,77,140,47*7C
$GPGSV,1,1,04,05,30,107,43,18,63,255,47,23,39,322,47,24,77,140,47*7C
$GPGSV,1,1,04,05,30,107,43,18,63,255,47,23,39,322,47,24,77,140,47*7C
$GPGSV,1,1,04,05,30,107,43,18,63,255,47,23,39,322,47,24,77,140,47*7C
$GPGSV,1,1,04,05,30,107,43,18,63,255,47,23,39,322,47,24,77,140,47*7C
$GPGSV,1,1,04,05,30,107,44,18,63,255,47,23,39,322,47,24,77,140,47*7B
$GPGSV,1,1,04,05,30,107,44,18,63,255,47,23,39,322,47,24,77,140,47*7B
$GPGSV,1,1,04,05,30,107,44,18,63,255,47,23,39,322,47,24,77,140,47*7B
$GPGSV,1,1,04,05,30,107,44,18,63,255,47,23,39,322,47,24,77,140,47*7B
$GPGSV,1,1,04,05,30,107,44,18,63,255,47,23,39,322,47,24,77,140,47*7B
$GPGSV,1,1,04,05,30,107,44,18,63,255,47,23,39,322,47,24,77,140,47*7B
$GPGSV,1,1,04,05,30,107,44,18,63,255,47,23,39,322,47,24,77,140,47*7B
$GPGSV,1,1,04,05,30,107,44,18,63,255,47,23,39,322,47,24,77,140,47*7B
$GPGSV,1,1,04,05,30,107,44,18,63,255,47,23,39,322,47,24,77,140,47*7B
$GPGSV,1,1,04,05,30,107,44,18,63,255,47,23,39,322,47,24,77,140,47*7B
$GPGSV,1,1,04,05,30,107,44,18,63,255,47,23,39,322,47,24,77,140,47*7B
$GPGSV,1,1,04,05,30,107,44,18,63,255,47,23,39,322,47,24,77,140,47*7B
$GPGSV,1,1,04,05,30,107,44,18,63,255,47,23,39,322,47,24,77,140,47*7B
$GPGSV,1,1,04,05,30,107,44,18,63,255,47,23,39,322,47,24,77,140,47*7B
$GPGSV,1,1,04,05,30,107,44,18,63,255,47,23,39,322,47,24,77,140,47*7B
$GPGSV,1,1,04,05,30,107,44,18,63,255,47,23,39,322,47,24,77,140,47*7B
$GPGSV,1,1,04,05,30,107,44,18,63,255,47,23,39,322,47,24,77,140,47*7B
$GPGSV,1,1,04,05,30,107,44,18,63,255,47,23,39,322,47,24,77,140,47*7B
$GPGSV,1,1,04,05,30,107,44,18,63,255,47,23,39,322,47,24,77,140,47*7B
$GPGSV,1,1,04,05,30,107,44,18,63,255,47,23,39,322,47,24,77,140,47*7B
$GPGSV,1,1,04,05,30,107,44,18,63,255,47,23,39,322,47,24,77,140,47*7B
$GPGSV,1,1,04,05,30,107,44,18,63,255,47,23,39,322,47,24,77,140,47*7B
$GPGSV,1,1,04,05,30,107,44,18,63,255,47,23,39,322,47,24,77,140,47*7B
$GPGSV,1,1,04,05,30,107,44,18,63,255,47,23,39,322,47,24,77,140,47*7B
$GPGSV,1,1,04,05,30,107,44,18,63,255,47,23,39,322,47,24,77,140,47*7B
$GPGSV,1,1,04,05,30,107,44,18,63,255,47,23,39,322,47,24,77,140,47*7B
$GPGSV,1,1,04,05,30,107,44,18,63,255,47,23,39,322,47,24,77,140,47*7B
$GPGSV,1,1,04,05,30,107,44,18,63,255,47,23,39,322,47,24,77,140,47*7B
$GPGSV,1,1,04,05,30,107,44,18,63,255,47,23,39,322,47,24,77,140,47*7B
$GPGSV,1,1,04,05,30,107,44,18,63,255,47,23,39,322,47,24,77,140,47*7B
$GPGSV,1,1,04,05,30,107,44,18,63,255,47,23,39,322,47,24,77,140,47*7B
$GPGSV,1,1,04,05,30,107,44,18,63,255,47,23,39,322,47,24,77,140,47*7B
$GPGSV,1,1,04,05,30,107,44,18,63,255,46,23,39,322,47,24,77,140,47*7A
$GPGSV,1,1,04,05,30,107,44,18,63,255,46,23,39,322,47,24,77,140,47*7A
$GPGSV,1,1,04,05,30,107,44,18,63,255,46,23,39,322,47,24,77,140,47*7A
$GPGSV,1,1,04,05,30,107,44,18,63,255,46,23,39,322,47,24,77,140,47*7A
$GPGSV,1,1,04,05,30,107,44,18,63,255,46,23,39,322,47,24,77,140,47*7A
$GPGSV,1,1,04,05,30,107,44,18,63,255,46,23,39,322,47,24,77,140,47*7A
$GPGSV,1,1,04,05,30,107,44,18,63,255,46,23,39,322,47,24,77,140,47*7A
$GPGSV,1,1,04,05,30,107,44,18,63,255,46,23,39,322,47,24,77,140,47*7A
$GPGSV,1,1,04,05,30,107,44,18,63,255,46,23,39,322,47,24,77,140,47*7A
$GPGSV,1,1,04,05,30,107,44,18,63,255,46,23,39,322,47,24,77,140,47*7A
$GPGSV,1,1,04,05,30,107,44,18,63,255,46,23,39,322,47,24,77,140,47*7A
$GPGSV,1,1,04,05,30,107,44,18,63,255,46,23,39,322,47,24,77,140,47*7A
$GPGSV,1,1,04,05,30,107,44,18,63,255,46,23,39,322,47,24,77,140,47*7A
$GPGSV,1,1,04,05,30,107,44,18,63,255,46,23,39,322,46,24,77,140,47*7B
$GPGSV,1,1,04,05,30,107,44,18,63,255,46,23,39,322,46,24,77,140,47*7B
$GPGSV,1,1,04,05,30,107,44,18,63,255,46,23,39,322,46,24,77,140,47*7B
$GPGSV,1,1,04,05,30,107,44,18,63,255,46,23,39,322,46,24,77,140,47*7B
$GPGSV,1,1,04,05,30,107,44,18,63,255,47,23,39,322,46,24,77,140,47*7A
$GPGSV,1,1,04,05,30,107,44,18,63,255,47,23,39,322,46,24,77,140,47*7A
$GPGSV,1,1,04,05,30,107,44,18,63,255,47,23,39,322,46,24,77,140,47*7A
$GPGSV,1,1,04,05,30,107,44,18,63,255,47,23,39,322,46,24,77,140,47*7A
$GPGSV,1,1,04,05,30,107,44,18,63,255,47,23,39,322,46,24,77,140,47*7A
$GPGSV,1,1,04,05,30,107,44,18,63,255,47,23,39,322,46,24,77,140,47*7A
$GPGSV,1,1,04,05,30,107,44,18,63,255,47,23,39,322,46,24,77,140,47*7A
$GPGSV,1,1,04,05,30,107,44,18,63,255,47,23,39,322,46,24,77,140,47*7A
$GPGSV,1,1,04,05,30,107,44,18,63,255,47,23,39,322,46,24,77,140,47*7A
$GPGSV,1,1,04,05,30,107,44,18,63,255,47,23,39,322,46,24,77,140,47*7A
$GPGSV,1,1,04,05,30,107,44,18,63,255,47,23,39,322,46,24,77,140,47*7A
$GPGSV,1,1,04,05,30,107,44,18,63,255,47,23,39,322,46,24,77,140,47*7A
$GPGSV,1,1,04,05,30,107,44,18,63,255,47,23,39,322,46,24,77,140,47*7A
$GPGSV,1,1,04,05,30,107,44,18,63,255,47,23,39,322,46,24,77,140,47*7A
$GPGSV,1,1,04,05,30,107,44,18,63,255,47,23,39,322,46,24,77,139,47*74
$GPGSV,1,1,04,05,30,107,44,18,63,255,47,23,39,322,46,24,77,139,47*74
$GPGSV,1,1,04,05,30,107,44,18,63,255,47,23,39,322,46,24,77,139,47*74
$GPGSV,1,1,04,05,30,107,44,18,63,255,47,23,39,322,46,24,77,139,47*74
$GPGSV,1,1,04,05,30,107,44,18,63,255,47,23,39,322,46,24,77,139,47*74
$GPGSV,1,1,04,05,30,107,44,18,63,255,47,23,39,322,46,24,77,139,47*74
$GPGSV,1,1,04,05,30,107,44,18,63,255,47,23,39,322,46,24,77,139,47*74
$GPGSV,1,1,04,05,30,107,44,18,63,255,47,23,39,322,46,24,77,139,47*74
$GPGSV,1,1,04,05,30,107,44,18,63,255,47,23,39,322,46,24,77,139,47*74
$GPGSV,1,1,04,05,30,107,44,18,63,255,47,23,39,322,46,24,77,139,47*74
$GPGSV,1,1,04,05,30,107,44,18,63,255,47,23,39,322,46,24,77,139,47*74
$GPGSV,1,1,04,05,30,107,44,18,63,255,47,23,39,322,46,24,77,139,47*74
$GPGSV,1,1,04,05,30,107,44,18,63,255,47,23,39,322,46,24,77,139,47*74
$GPGSV,1,1,04,05,30,107,44,18,63,255,47,23,39,322,46,24,77,139,47*74
$GPGSV,1,1,04,05,30,107,44,18,63,255,47,23,39,322,46,24,77,139,47*74
$GPGSV,1,1,04,05,30,107,44,18,63,255,47,23,39,322,46,24,77,139,47*74
$GPGSV,1,1,04,05,30,107,44,18,63,255,47,23,39,322,46,24,77,139,47*74
$GPGSV,1,1,04,05,30,107,44,18,63,255,47,23,39,322,46,24,77,139,47*74
$GPGSV,1,1,04,05,30,107,44,18,63,255,47,23,39,322,46,24,77,139,47*74
$GPGSV,1,1,04,05,30,107,44,18,63,255,47,23,39,322,46,24,77,139,47*74
$GPGSV,1,1,04,05,30,107,44,18,63,255,47,23,39,322,46,24,77,139,47*74
$GPGSV,1,1,04,05,30,107,44,18,63,255,47,23,39,322,46,24,77,139,47*74
$GPGSV,1,1,04,05,30,107,44,18,63,255,47,23,39,322,46,24,77,139,47*74
$GPGSV,1,1,04,05,30,107,44,18,63,255,47,23,39,322,46,24,77,139,47*74
$GPGSV,1,1,04,05,30,107,44,18,63,255,47,23,39,322,46,24,77,139,47*74
$GPGSV,1,1,04,05,30,107,44,18,63,255,47,23,39,322,46,24,77,139,47*74
$GPGSV,1,1,04,05,30,107,44,18,63,255,47,23,39,322,46,24,77,139,47*74
$GPGSV,1,1,04,05,30,107,44,18,63,255,47,23,39,322,46,24,77,139,47*74
$GPGSV,1,1,04,05,30,107,44,18,63,255,47,23,39,322,46,24,77,139,47*74
$GPGSV,1,1,04,05,30,107,44,18,63,255,47,23,39,322,46,24,77,139,47*74
$GPGSV,1,1,04,05,30,107,44,18,63,255,47,23,39,322,46,24,77,139,47*74
$GPGSV,1,1,04,05,30,107,44,18,63,255,47,23,39,322,46,24,77,139,47*74
$GPGSV,1,1,04,05,30,107,44,18,63,255,47,23,39,322,46,24,77,139,47*74
$GPGSV,1,1,04,05,30,107,44,18,63,255,47,23,39,322,46,24,77,139,47*74
$GPGSV,1,1,04,05,30,107,44,18,63,255,47,23,39,322,46,24,77,139,47*74
$GPGSV,1,1,04,05,30,107,44,18,63,255,47,23,39,322,46,24,77,139,47*74
$GPGSV,1,1,04,05,30,107,44,18,63,255,47,23,39,322,46,24,77,139,47*74
$GPGSV,1,1,04,05,30,107,44,18,63,255,47,23,39,322,46,24,77,139,47*74
$GPGSV,1,1,04,05,30,107,44,18,63,255,47,23,39,322,46,24,77,139,47*74
$GPGSV,1,1,04,05,30,107,44,18,63,255,47,23,39,322,46,24,77,139,47*74
$GPGSV,1,1,04,05,30,107,44,18,63,255,47,23,39,322,46,24,77,139,47*74
$GPGSV,1,1,04,05,30,107,44,18,63,255,47,23,39,322,47,24,77,139,47*75
$GPGSV,1,1,04,05,30,107,44,18,63,255,47,23,39,322,47,24,77,139,47*75
$GPGSV,2,1,05,05,30,107,44,18,63,255,47,22,00,000,18,23,39,322,47*70
$GPGSV,2,2,05,24,77,139,47,,,,,,,,,,,,*42
$GPGSV,2,1,05,05,30,107,44,18,63,255,47,22,00,000,17,23,39,322,47*7F
$GPGSV,2,2,05,24,77,139,47,,,,,,,,,,,,*42
$GPGSV,2,1,05,05,30,107,44,18,63,255,47,22,00,000,20,23,39,322,47*7B
$GPGSV,2,2,05,24,77,139,47,,,,,,,,,,,,*42
$GPGSV,2,1,05,05,30,107,44,18,63,255,47,22,00,000,21,23,39,322,47*7A
$GPGSV,2,2,05,24,77,139,47,,,,,,,,,,,,*42
$GPGSV,2,1,05,05,30,107,44,18,63,255,47,22,00,000,21,23,39,322,47*7A
$GPGSV,2,2,05,24,77,139,47,,,,,,,,,,,,*42
$GPGSV,2,1,05,05,30,107,44,18,63,255,47,22,00,000,20,23,39,322,47*7B
$GPGSV,2,2,05,24,77,139,47,,,,,,,,,,,,*42
$GPGSV,2,1,05,05,30,107,44,18,63,255,47,22,00,000,19,23,39,322,47*71
$GPGSV,2,2,05,24,77,139,47,,,,,,,,,,,,*42
$GPGSV,2,1,05,05,30,107,44,18,63,255,47,22,00,000,20,23,39,322,47*7B
$GPGSV,2,2,05,24,77,139,47,,,,,,,,,,,,*42
$GPGSV,2,1,05,05,30,107,44,18,63,255,47,22,00,000,21,23,39,322,47*7A
$GPGSV,2,2,05,24,77,139,47,,,,,,,,,,,,*42
$GPGSV,2,1,05,05,30,107,44,18,63,255,47,22,00,000,21,23,39,322,47*7A
$GPGSV,2,2,05,24,77,139,47,,,,,,,,,,,,*42
$GPGSV,2,1,05,05,30,107,44,18,63,255,47,22,00,000,21,23,39,322,47*7A
$GPGSV,2,2,05,24,77,139,47,,,,,,,,,,,,*42
$GPGSV,1,1,04,05,30,107,44,18,63,255,47,23,39,322,47,24,77,139,47*75
$GPGSV,1,1,04,05,30,107,44,18,63,255,47,23,39,322,47,24,77,139,47*75
$GPGSV,1,1,04,05,30,107,44,18,63,255,47,23,39,322,47,24,77,139,47*75
$GPGSV,1,1,04,05,30,107,44,18,63,255,47,23,39,322,47,24,77,139,47*75
$GPGSV,1,1,04,05,30,107,44,18,63,255,47,23,39,322,47,24,77,139,47*75
$GPGSV,1,1,04,05,30,107,44,18,63,255,47,23,39,322,47,24,77,139,47*75
$GPGSV,1,1,04,05,30,107,44,18,63,255,47,23,39,322,47,24,77,139,47*75
$GPGSV,1,1,04,05,30,107,44,18,63,255,47,23,39,322,47,24,77,139,47*75
$GPGSV,1,1,04,05,30,107,44,18,63,255,47,23,39,322,47,24,77,139,47*75
$GPGSV,1,1,04,05,30,107,44,18,63,255,47,23,39,322,47,24,77,139,47*75
$GPGSV,1,1,04,05,30,107,44,18,63,255,47,23,39,322,47,24,77,139,47*75
$GPGSV,1,1,04,05,30,107,44,18,63,255,47,23,39,322,47,24,77,139,47*75
$GPGSV,1,1,04,05,30,107,44,18,63,255,47,23,39,322,47,24,77,139,47*75
$GPGSV,1,1,04,05,30,107,44,18,63,255,47,23,39,322,47,24,77,139,47*75
$GPGSV,1,1,04,05,30,107,44,18,63,255,47,23,39,322,47,24,77,139,47*75
$GPGSV,1,1,04,05,30,107,44,18,63,255,47,23,39,322,47,24,77,139,47*75
$GPGSV,1,1,04,05,30,107,44,18,63,255,47,23,39,322,47,24,77,139,47*75
$GPGSV,1,1,04,05,30,107,44,18,63,255,47,23,39,322,46,24,77,139,47*74
$GPGSV,1,1,04,05,30,107,44,18,63,255,47,23,39,322,46,24,77,139,47*74
$GPGSV,1,1,04,05,30,107,44,18,63,255,47,23,39,322,46,24,77,139,47*74
$GPGSV,1,1,04,05,30,107,44,18,63,255,47,23,39,322,46,24,77,139,47*74
$GPGSV,1,1,04,05,30,107,44,18,63,255,47,23,39,322,46,24,77,139,47*74
$GPGSV,1,1,04,05,30,107,44,18,63,255,47,23,39,322,46,24,77,139,47*74
$GPGSV,1,1,04,05,30,107,44,18,63,255,47,23,39,322,46,24,77,139,47*74
$GPGSV,2,1,05,05,30,107,44,18,63,255,47,22,00,000,26,23,39,322,46*7C
$GPGSV,2,2,05,24,77,139,47,,,,,,,,,,,,*42
$GPGSV,2,1,05,05,30,107,44,18,63,255,47,22,00,000,26,23,39,322,46*7C
$GPGSV,2,2,05,24,77,139,47,,,,,,,,,,,,*42
$GPGSV,2,1,05,05,30,107,44,18,63,255,47,22,00,000,26,23,39,322,46*7C
$GPGSV,2,2,05,24,77,139,47,,,,,,,,,,,,*42
$GPGSV,2,1,05,05,30,107,44,18,63,255,47,22,00,000,25,23,39,322,46*7F
$GPGSV,2,2,05,24,77,139,47,,,,,,,,,,,,*42
$GPGSV,2,1,05,05,30,107,44,18,63,255,47,22,00,000,23,23,39,322,46*79
$GPGSV,2,2,05,24,77,139,47,,,,,,,,,,,,*42
$GPGSV,2,1,05,05,30,107,44,18,63,255,47,22,00,000,21,23,39,322,46*7B
$GPGSV,2,2,05,24,77,139,47,,,,,,,,,,,,*42
$GPGSV,2,1,05,05,30,107,44,18,63,255,47,22,00,000,20,23,39,322,46*7A
$GPGSV,2,2,05,24,77,139,47,,,,,,,,,,,,*42
$GPGSV,2,1,05,05,30,107,44,18,63,255,47,22,00,000,19,23,39,322,46*70
$GPGSV,2,2,05,24,77,139,47,,,,,,,,,,,,*42
$GPGSV,2,1,05,05,30,107,44,18,63,255,47,22,00,000,19,23,39,322,46*70
$GPGSV,2,2,05,24,77,139,47,,,,,,,,,,,,*42
$GPGSV,2,1,05,05,30,107,44,18,63,255,47,22,00,000,19,23,39,322,46*70
$GPGSV,2,2,05,24,77,139,47,,,,,,,,,,,,*42
$GPGSV,2,1,05,05,30,107,45,18,63,255,47,22,00,000,19,23,39,322,46*71
$GPGSV,2,2,05,24,77,139,47,,,,,,,,,,,,*42
$GPGSV,2,1,05,05,30,107,45,18,63,255,47,22,00,000,20,23,39,322,46*7B
$GPGSV,2,2,05,24,77,139,47,,,,,,,,,,,,*42
$GPGSV,2,1,05,05,30,107,45,18,63,255,47,22,00,000,20,23,39,322,46*7B
$GPGSV,2,2,05,24,77,139,47,,,,,,,,,,,,*42
$GPGSV,2,1,05,05,30,107,45,18,63,255,47,22,00,000,21,23,39,322,46*7A
$GPGSV,2,2,05,24,77,139,47,,,,,,,,,,,,*42
$GPGSV,2,1,05,05,30,107,45,18,63,255,47,22,00,000,21,23,39,322,46*7A
$GPGSV,2,2,05,24,77,139,47,,,,,,,,,,,,*42
$GPGSV,2,1,05,05,30,107,45,18,63,255,47,22,00,000,21,23,39,322,46*7A
$GPGSV,2,2,05,24,77,139,47,,,,,,,,,,,,*42
$GPGSV,2,1,05,05,30,107,45,18,63,255,47,22,00,000,21,23,39,322,46*7A
$GPGSV,2,2,05,24,77,139,47,,,,,,,,,,,,*42
$GPGSV,2,1,05,05,30,107,45,18,63,255,47,22,00,000,21,23,39,322,46*7A
$GPGSV,2,2,05,24,77,139,47,,,,,,,,,,,,*42
$GPGSV,2,1,05,05,30,107,45,18,63,255,47,22,00,000,21,23,39,322,46*7A
$GPGSV,2,2,05,24,77,139,47,,,,,,,,,,,,*42
$GPGSV,2,1,05,05,30,107,45,18,63,255,47,22,00,000,20,23,39,322,46*7B
$GPGSV,2,2,05,24,77,139,47,,,,,,,,,,,,*42
$GPGSV,2,1,05,05,30,107,45,18,63,255,47,22,00,000,20,23,39,322,46*7B
$GPGSV,2,2,05,24,77,139,47,,,,,,,,,,,,*42
$GPGSV,2,1,05,05,30,107,45,18,63,255,47,22,00,000,21,23,39,322,46*7A
$GPGSV,2,2,05,24,77,139,47,,,,,,,,,,,,*42
$GPGSV,2,1,05,05,30,107,45,18,63,255,47,22,00,000,20,23,39,322,46*7B
$GPGSV,2,2,05,24,77,139,47,,,,,,,,,,,,*42
$GPGSV,2,1,05,05,30,107,45,18,63,255,47,22,00,000,20,23,39,322,46*7B
$GPGSV,2,2,05,24,77,139,47,,,,,,,,,,,,*42
$GPGSV,2,1,05,05,30,107,45,18,63,255,47,22,00,000,20,23,39,322,46*7B
$GPGSV,2,2,05,24,77,139,47,,,,,,,,,,,,*42
$GPGSV,2,1,05,05,30,107,45,18,63,255,47,22,00,000,20,23,39,322,46*7B
$GPGSV,2,2,05,24,77,139,47,,,,,,,,,,,,*42
$GPGSV,2,1,05,05,30,107,45,18,63,255,47,22,00,000,21,23,39,322,46*7A
$GPGSV,2,2,05,24,77,139,47,,,,,,,,,,,,*42
$GPGSV,2,1,05,05,30,107,45,18,63,255,47,22,00,000,22,23,39,322,46*79
$GPGSV,2,2,05,24,77,139,47,,,,,,,,,,,,*42
$GPGSV,2,1,05,05,30,107,45,18,63,255,47,22,00,000,22,23,39,322,46*79
$GPGSV,2,2,05,24,77,139,47,,,,,,,,,,,,*42
$GPGSV,2,1,05,05,30,107,45,18,63,255,47,22,00,000,22,23,39,322,46*79
$GPGSV,2,2,05,24,77,139,47,,,,,,,,,,,,*42
$GPGSV,2,1,05,05,30,107,45,18,63,255,47,22,00,000,21,23,39,322,46*7A
$GPGSV,2,2,05,24,77,139,48,,,,,,,,,,,,*4D
$GPGSV,2,1,05,05,30,107,45,18,63,255,47,22,00,000,21,23,39,322,46*7A
$GPGSV,2,2,05,24,77,139,47,,,,,,,,,,,,*42
$GPGSV,2,1,05,05,30,107,45,18,63,255,47,22,00,000,20,23,39,322,46*7B
$GPGSV,2,2,05,24,77,139,47,,,,,,,,,,,,*42
$GPGSV,2,1,05,05,30,107,45,18,63,255,47,22,00,000,20,23,39,322,46*7B
$GPGSV,2,2,05,24,77,139,47,,,,,,,,,,,,*42
$GPGSV,2,1,05,05,30,107,45,18,63,255,47,22,00,000,19,23,39,322,46*71
$GPGSV,2,2,05,24,77,139,47,,,,,,,,,,,,*42
$GPGSV,2,1,05,05,30,107,44,18,63,255,47,22,00,000,18,23,39,322,46*71
$GPGSV,2,2,05,24,77,139,47,,,,,,,,,,,,*42
$GPGSV,2,1,05,05,30,107,44,18,63,255,47,22,00,000,18,23,39,322,46*71
$GPGSV,2,2,05,24,77,139,47,,,,,,,,,,,,*42
$GPGSV,2,1,05,05,30,107,44,18,63,255,47,22,00,000,17,23,39,322,46*7E
$GPGSV,2,2,05,24,77,139,47,,,,,,,,,,,,*42
$GPGSV,2,1,05,05,30,107,44,18,63,255,47,22,00,000,16,23,39,322,46*7F
$GPGSV,2,2,05,24,77,139,47,,,,,,,,,,,,*42
$GPGSV,2,1,05,05,30,107,44,18,63,255,47,22,00,000,16,23,39,322,46*7F
$GPGSV,2,2,05,24,77,139,47,,,,,,,,,,,,*42
$GPGSV,2,1,05,05,30,107,44,18,63,255,47,22,00,000,16,23,39,322,46*7F
$GPGSV,2,2,05,24,77,139,47,,,,,,,,,,,,*42
$GPGSV,2,1,05,05,30,107,44,18,63,255,47,22,00,000,18,23,39,322,46*71
$GPGSV,2,2,05,24,77,139,47,,,,,,,,,,,,*42
$GPGSV,2,1,05,05,30,107,44,18,63,255,47,22,00,000,19,23,39,322,46*70
$GPGSV,2,2,05,24,77,139,47,,,,,,,,,,,,*42
$GPGSV,2,1,05,05,30,107,44,18,63,255,47,22,00,000,19,23,39,322,46*70
$GPGSV,2,2,05,24,77,139,47,,,,,,,,,,,,*42
$GPGSV,2,1,05,05,30,107,44,18,63,255,47,22,00,000,19,23,39,322,46*70
$GPGSV,2,2,05,24,77,139,47,,,,,,,,,,,,*42
$GPGSV,2,1,05,05,30,107,44,18,63,255,47,22,00,000,19,23,39,322,46*70
$GPGSV,2,2,05,24,77,139,47,,,,,,,,,,,,*42
$GPGSV,2,1,05,05,30,107,44,18,63,255,47,22,00,000,18,23,39,322,46*71
$GPGSV,2,2,05,24,77,139,47,,,,,,,,,,,,*42
$GPGSV,1,1,04,05,30,107,44,18,63,255,47,23,39,322,46,24,77,139,47*74
$GPGSV,1,1,04,05,30,107,44,18,63,255,47,23,39,322,46,24,77,139,47*74
$GPGSV,1,1,04,05,30,107,44,18,63,255,47,23,39,322,46,24,77,139,47*74
$GPGSV,1,1,04,05,30,107,44,18,63,255,47,23,39,322,46,24,77,139,47*74
$GPGSV,1,1,04,05,30,107,44,18,63,255,47,23,39,322,46,24,77,139,47*74
$GPGSV,1,1,04,05,30,107,44,18,63,255,47,23,39,322,46,24,77,139,47*74
$GPGSV,1,1,04,05,30,107,44,18,63,255,47,23,39,322,46,24,77,139,47*74
$GPGSV,1,1,04,05,30,107,44,18,63,255,47,23,39,322,46,24,77,139,47*74
$GPGSV,1,1,04,05,30,107,44,18,63,255,47,23,39,322,46,24,77,139,47*74
$GPGSV,1,1,04,05,30,107,44,18,63,255,47,23,39,322,46,24,77,139,47*74
$GPGSV,1,1,04,05,30,107,44,18,63,255,47,23,39,322,46,24,77,139,47*74
$GPGSV,1,1,04,05,30,107,44,18,63,255,47,23,39,322,46,24,77,139,47*74
$GPGSV,2,1,05,05,30,107,44,18,63,255,47,22,00,000,22,23,39,322,46*78
$GPGSV,2,2,05,24,77,139,47,,,,,,,,,,,,*42
$GPGSV,2,1,05,05,30,107,44,18,63,255,47,22,00,000,22,23,39,322,46*78
$GPGSV,2,2,05,24,77,139,47,,,,,,,,,,,,*42
$GPGSV,2,1,05,05,30,107,44,18,63,255,47,22,00,000,23,23,39,322,46*79
$GPGSV,2,2,05,24,77,139,47,,,,,,,,,,,,*42
$GPGSV,2,1,05,05,30,107,44,18,63,255,47,22,00,000,24,23,39,322,46*7E
$GPGSV,2,2,05,24,77,139,47,,,,,,,,,,,,*42
$GPGSV,2,1,05,05,30,107,44,18,63,255,47,22,00,000,23,23,39,322,46*79
$GPGSV,2,2,05,24,77,139,47,,,,,,,,,,,,*42
$GPGSV,2,1,05,05,30,107,44,18,63,255,47,22,00,000,23,23,39,322,46*79
$GPGSV,2,2,05,24,77,139,47,,,,,,,,,,,,*42
$GPGSV,2,1,05,05,30,107,44,18,63,255,47,22,00,000,22,23,39,322,46*78
$GPGSV,2,2,05,24,77,139,47,,,,,,,,,,,,*42
$GPGSV,2,1,05,05,30,107,44,18,63,255,47,22,00,000,21,23,39,322,46*7B
$GPGSV,2,2,05,24,77,139,47,,,,,,,,,,,,*42
$GPGSV,2,1,05,05,30,107,44,18,63,255,47,22,00,000,21,23,39,322,46*7B
$GPGSV,2,2,05,24,77,139,47,,,,,,,,,,,,*42
$GPGSV,2,1,05,05,30,107,44,18,63,255,47,22,00,000,21,23,39,322,46*7B
$GPGSV,2,2,05,24,77,139,47,,,,,,,,,,,,*42
$GPGSV,2,1,05,05,30,107,44,18,63,255,47,22,00,000,21,23,39,322,46*7B
$GPGSV,2,2,05,24,77,139,47,,,,,,,,,,,,*42
$GPGSV,2,1,05,05,30,107,44,18,63,255,47,22,00,000,20,23,39,322,46*7A
$GPGSV,2,2,05,24,77,139,48,,,,,,,,,,,,*4D
$GPGSV,1,1,04,05,30,107,44,18,63,255,46,23,39,322,46,24,77,139,48*7A
$GPGSV,1,1,04,05,30,107,44,18,63,255,46,23,39,322,46,24,77,139,48*7A
$GPGSV,1,1,04,05,30,107,44,18,63,255,46,23,39,322,46,24,77,139,48*7A
$GPGSV,1,1,04,05,30,107,45,18,63,255,46,23,39,322,46,24,77,139,48*7B
$GPGSV,1,1,04,05,30,107,45,18,63,255,46,23,39,322,46,24,77,139,48*7B
$GPGSV,1,1,04,05,30,107,45,18,63,255,46,23,39,322,46,24,77,139,48*7B
$GPGSV,1,1,04,05,30,107,45,18,63,255,46,23,39,322,47,24,77,139,48*7A
$GPGSV,1,1,04,05,30,107,45,18,63,255,46,23,39,322,47,24,77,139,48*7A
$GPGSV,1,1,04,05,30,107,45,18,63,255,46,23,39,322,47,24,77,139,48*7A
$GPGSV,1,1,04,05,30,107,45,18,63,255,46,23,39,322,47,24,77,139,48*7A
$GPGSV,1,1,04,05,30,107,45,18,63,255,46,23,39,322,47,24,77,139,48*7A
$GPGSV,1,1,04,05,30,107,45,18,63,255,46,23,39,322,47,24,77,138,48*7B
$GPGSV,1,1,04,05,30,107,45,18,63,255,46,23,39,322,47,24,77,138,47*74
$GPGSV,1,1,04,05,30,107,45,18,63,255,46,23,39,322,47,24,77,138,47*74
$GPGSV,1,1,04,05,30,107,45,18,63,255,46,23,39,322,47,24,77,138,47*74
$GPGSV,1,1,04,05,30,107,45,18,63,255,46,23,39,322,47,24,77,138,47*74
$GPGSV,1,1,04,05,30,107,45,18,63,254,46,23,39,322,47,24,77,138,47*75
$GPGSV,1,1,04,05,30,107,45,18,63,254,46,23,39,322,47,24,77,138,47*75
$GPGSV,1,1,04,05,30,107,45,18,63,254,46,23,39,322,47,24,77,138,47*75
$GPGSV,1,1,04,05,30,107,45,18,63,254,46,23,39,322,47,24,77,138,47*75
$GPGSV,1,1,04,05,30,107,45,18,63,254,46,23,39,322,47,24,77,138,47*75
$GPGSV,1,1,04,05,30,107,44,18,63,254,46,23,39,322,47,24,77,138,47*74
$GPGSV,1,1,04,05,30,107,44,18,63,254,46,23,39,322,47,24,77,138,47*74
$GPGSV,1,1,04,05,30,107,44,18,63,254,46,23,39,322,46,24,77,138,47*75
$GPGSV,2,1,05,05,30,107,44,18,63,254,46,22,00,000,25,23,39,322,46*7F
$GPGSV,2,2,05,24,77,138,47,,,,,,,,,,,,*43
$GPGSV,2,1,05,05,30,107,44,18,63,254,46,22,00,000,25,23,39,322,46*7F
$GPGSV,2,2,05,24,77,138,47,,,,,,,,,,,,*43
$GPGSV,2,1,05,05,30,107,44,18,63,254,46,22,00,000,25,23,39,322,46*7F
$GPGSV,2,2,05,24,77,138,47,,,,,,,,,,,,*43
$GPGSV,2,1,05,05,30,107,44,18,63,254,46,22,00,000,24,23,39,322,46*7E
$GPGSV,2,2,05,24,77,138,47,,,,,,,,,,,,*43
$GPGSV,2,1,05,05,30,107,44,18,63,254,46,22,00,000,23,23,39,322,46*79
$GPGSV,2,2,05,24,77,138,47,,,,,,,,,,,,*43
$GPGSV,2,1,05,05,30,107,44,18,63,254,47,22,00,000,20,23,39,322,46*7B
$GPGSV,2,2,05,24,77,138,47,,,,,,,,,,,,*43
$GPGSV,2,1,05,05,30,107,44,18,63,254,47,22,00,000,20,23,39,322,46*7B
$GPGSV,2,2,05,24,77,138,47,,,,,,,,,,,,*43
$GPGSV,2,1,05,05,30,107,44,18,63,254,47,22,00,000,20,23,39,322,46*7B
$GPGSV,2,2,05,24,77,138,47,,,,,,,,,,,,*43
$GPGSV,2,1,05,05,30,107,44,18,63,254,47,22,00,000,20,23,39,322,46*7B
$GPGSV,2,2,05,24,77,138,47,,,,,,,,,,,,*43
$GPGSV,2,1,05,05,30,107,44,18,63,254,47,22,00,000,20,23,39,322,46*7B
$GPGSV,2,2,05,24,77,138,47,,,,,,,,,,,,*43
$GPGSV,2,1,05,05,30,107,44,18,63,254,47,22,00,000,20,23,39,322,46*7B
$GPGSV,2,2,05,24,77,138,47,,,,,,,,,,,,*43
$GPGSV,2,1,05,05,30,107,44,18,63,254,47,22,00,000,20,23,39,322,46*7B
$GPGSV,2,2,05,24,77,138,47,,,,,,,,,,,,*43
$GPGSV,2,1,05,05,30,107,44,18,63,254,47,22,00,000,20,23,39,322,46*7B
$GPGSV,2,2,05,24,77,138,47,,,,,,,,,,,,*43
$GPGSV,2,1,05,05,30,107,44,18,63,254,47,22,00,000,19,23,39,322,46*71
$GPGSV,2,2,05,24,77,138,47,,,,,,,,,,,,*43
$GPGSV,2,1,05,05,30,107,44,18,63,254,47,22,00,000,19,23,39,322,46*71
$GPGSV,2,2,05,24,77,138,47,,,,,,,,,,,,*43
$GPGSV,2,1,05,05,30,107,44,18,63,254,47,22,00,000,19,23,39,322,46*71
$GPGSV,2,2,05,24,77,138,47,,,,,,,,,,,,*43
$GPGSV,2,1,05,05,30,107,44,18,63,254,47,22,00,000,19,23,39,322,46*71
$GPGSV,2,2,05,24,77,138,47,,,,,,,,,,,,*43
$GPGSV,2,1,05,05,30,107,44,18,63,254,47,22,00,000,19,23,39,322,46*71
$GPGSV,2,2,05,24,77,138,47,,,,,,,,,,,,*43
$GPGSV,2,1,05,05,30,107,44,18,63,254,47,22,00,000,19,23,39,322,46*71
$GPGSV,2,2,05,24,77,138,47,,,,,,,,,,,,*43
$GPGSV,2,1,06,05,30,107,44,18,63,254,47,20,00,000,35,22,00,000,19*7C
$GPGSV,2,2,06,23,39,322,46,24,77,138,47,,,,,,,,*7A
$GPGSV,2,1,06,05,30,107,44,18,63,254,47,20,00,000,35,22,00,000,20*76
$GPGSV,2,2,06,23,39,322,46,24,77,138,47,,,,,,,,*7A
$GPGSV,2,1,06,05,30,107,44,18,63,254,47,20,00,000,34,22,00,000,20*77
$GPGSV,2,2,06,23,39,322,46,24,77,138,47,,,,,,,,*7A
$GPGSV,2,1,06,05,30,107,44,18,63,254,47,20,00,000,34,22,00,000,21*76
$GPGSV,2,2,06,23,39,322,46,24,77,138,47,,,,,,,,*7A
$GPGSV,2,1,06,05,30,107,44,18,63,254,47,20,27,052,33,22,00,000,21*73
$GPGSV,2,2,06,23,39,322,47,24,77,138,47,,,,,,,,*7B
$GPGSV,2,1,06,05,30,107,44,18,63,254,47,20,27,052,33,22,00,000,21*73
$GPGSV,2,2,06,23,39,322,47,24,77,138,47,,,,,,,,*7B
$GPGSV,2,1,06,05,30,107,44,18,63,254,47,20,27,052,33,22,00,000,21*73
$GPGSV,2,2,06,23,39,322,47,24,77,138,47,,,,,,,,*7B
$GPGSV,2,1,06,05,30,107,44,18,63,254,47,20,27,052,32,22,00,000,21*72
$GPGSV,2,2,06,23,39,322,47,24,77,138,47,,,,,,,,*7B
$GPGSV,2,1,06,05,30,107,44,18,63,254,47,20,27,052,32,22,00,000,21*72
$GPGSV,2,2,06,23,39,322,47,24,77,138,47,,,,,,,,*7B
$GPGSV,2,1,06,05,30,107,44,18,63,254,47,20,27,052,32,22,00,000,21*72
$GPGSV,2,2,06,23,39,322,47,24,77,138,47,,,,,,,,*7B
$GPGSV,2,1,06,05,30,107,45,18,63,254,47,20,27,052,32,22,00,000,21*73
$GPGSV,2,2,06,23,39,322,47,24,77,138,47,,,,,,,,*7B
$GPGSV,2,1,06,05,30,107,45,18,63,254,47,20,27,052,32,22,00,000,21*73
$GPGSV,2,2,06,23,39,322,47,24,77,138,47,,,,,,,,*7B
$GPGSV,2,1,06,05,30,107,45,18,63,254,47,20,27,052,32,22,00,000,22*70
$GPGSV,2,2,06,23,39,322,47,24,77,138,47,,,,,,,,*7B
$GPGSV,2,1,06,05,30,107,45,18,63,254,47,20,27,052,32,22,00,000,22*70
$GPGSV,2,2,06,23,39,322,47,24,77,138,47,,,,,,,,*7B
$GPGSV,2,1,06,05,30,107,45,18,63,254,47,20,27,052,32,22,00,000,22*70
$GPGSV,2,2,06,23,39,322,47,24,77,138,47,,,,,,,,*7B
$GPGSV,2,1,06,05,30,107,45,18,63,254,47,20,27,052,32,22,00,000,22*70
$GPGSV,2,2,06,23,39,322,47,24,77,138,47,,,,,,,,*7B
$GPGSV,2,1,06,05,30,107,45,18,63,254,47,20,27,052,32,22,00,000,21*73
$GPGSV,2,2,06,23,39,322,47,24,77,138,47,,,,,,,,*7B
$GPGSV,2,1,06,05,30,107,45,18,63,254,47,20,27,052,32,22,00,000,20*72
$GPGSV,2,2,06,23,39,322,47,24,77,138,47,,,,,,,,*7B
$GPGSV,2,1,06,05,30,107,45,18,63,254,47,20,27,052,32,22,00,000,19*78
$GPGSV,2,2,06,23,39,322,47,24,77,138,47,,,,,,,,*7B
$GPGSV,2,1,06,05,30,107,45,18,63,254,47,20,27,052,32,22,00,000,18*79
$GPGSV,2,2,06,23,39,322,46,24,77,138,47,,,,,,,,*7A
$GPGSV,2,1,06,05,30,107,45,18,63,254,47,20,27,052,32,22,00,000,18*79
$GPGSV,2,2,06,23,39,322,46,24,77,138,47,,,,,,,,*7A
$GPGSV,2,1,06,05,30,107,45,18,63,254,47,20,27,052,32,22,00,000,18*79
$GPGSV,2,2,06,23,39,322,46,24,77,138,47,,,,,,,,*7A
$GPGSV,2,1,06,05,30,107,45,18,63,254,47,20,00,000,32,22,00,000,18*7B
$GPGSV,2,2,06,23,39,322,46,24,77,138,47,,,,,,,,*7A
$GPGSV,2,1,06,05,30,107,45,18,63,254,47,20,00,000,32,22,00,000,18*7B
$GPGSV,2,2,06,23,39,322,46,24,77,138,47,,,,,,,,*7A
$GPGSV,2,1,06,05,30,107,45,18,63,254,47,20,00,000,32,22,00,000,18*7B
$GPGSV,2,2,06,23,39,322,46,24,77,138,47,,,,,,,,*7A
$GPGSV,2,1,06,05,30,107,45,18,63,254,47,20,00,000,32,22,00,000,17*74
$GPGSV,2,2,06,23,39,322,46,24,77,138,47,,,,,,,,*7A
$GPGSV,2,1,06,05,30,107,45,18,63,254,47,20,00,000,31,22,00,000,18*78
$GPGSV,2,2,06,23,39,322,46,24,77,138,47,,,,,,,,*7A
$GPGSV,2,1,06,05,30,107,45,18,63,254,47,20,00,000,31,22,00,000,19*79
$GPGSV,2,2,06,23,39,322,46,24,77,138,47,,,,,,,,*7A
$GPGSV,2,1,06,05,30,107,45,18,63,254,47,20,00,000,31,22,00,000,19*79
$GPGSV,2,2,06,23,39,322,46,24,77,138,47,,,,,,,,*7A
$GPGSV,2,1,06,05,30,107,45,18,63,254,47,20,00,000,31,22,00,000,19*79
$GPGSV,2,2,06,23,39,322,46,24,77,138,47,,,,,,,,*7A
$GPGSV,2,1,06,05,30,107,45,18,63,254,47,20,00,000,31,22,00,000,19*79
$GPGSV,2,2,06,23,39,322,46,24,77,138,47,,,,,,,,*7A
$GPGSV,2,1,06,05,30,107,45,18,63,254,47,20,00,000,31,22,00,000,20*73
$GPGSV,2,2,06,23,39,322,46,24,77,138,47,,,,,,,,*7A
$GPGSV,2,1,06,05,30,107,45,18,63,254,47,20,00,000,31,22,00,000,20*73
$GPGSV,2,2,06,23,39,322,46,24,77,138,47,,,,,,,,*7A
$GPGSV,2,1,06,05,30,107,45,18,63,254,47,20,00,000,31,22,00,000,21*72
$GPGSV,2,2,06,23,39,322,46,24,77,138,47,,,,,,,,*7A
$GPGSV,2,1,06,05,30,107,45,18,63,254,47,20,00,000,31,22,00,000,21*72
$GPGSV,2,2,06,23,39,322,46,24,77,138,47,,,,,,,,*7A
$GPGSV,2,1,06,05,30,107,45,18,63,254,47,20,00,000,31,22,00,000,21*72
$GPGSV,2,2,06,23,39,322,46,24,77,138,47,,,,,,,,*7A
$GPGSV,2,1,06,05,30,107,45,18,63,254,47,20,00,000,31,22,00,000,21*72
$GPGSV,2,2,06,23,39,322,46,24,77,138,47,,,,,,,,*7A
$GPGSV,2,1,06,05,30,107,45,18,63,254,47,20,00,000,31,22,00,000,21*72
$GPGSV,2,2,06,23,39,322,46,24,77,138,47,,,,,,,,*7A
$GPGSV,2,1,06,05,30,107,45,18,63,254,47,20,00,000,31,22,00,000,21*72
$GPGSV,2,2,06,23,39,322,46,24,77,138,47,,,,,,,,*7A
$GPGSV,2,1,06,05,30,107,45,18,63,254,47,20,00,000,31,22,00,000,21*72
$GPGSV,2,2,06,23,39,322,46,24,77,138,47,,,,,,,,*7A
$GPGSV,2,1,06,05,30,107,45,18,63,254,47,20,00,000,31,22,00,000,21*72
$GPGSV,2,2,06,23,39,322,46,24,77,138,47,,,,,,,,*7A
$GPGSV,2,1,07,05,30,107,45,10,00,000,30,18,63,254,47,20,00,000,31*72
$GPGSV,2,2,07,22,00,000,22,23,39,322,46,24,77,138,47,,,,*4B
$GPGSV,2,1,07,05,30,107,45,10,00,000,30,18,63,254,47,20,00,000,31*72
$GPGSV,2,2,07,22,00,000,22,23,39,322,46,24,77,138,47,,,,*4B
$GPGSV,2,1,07,05,30,107,45,10,00,000,30,18,63,254,47,20,00,000,31*72
$GPGSV,2,2,07,22,00,000,23,23,39,322,46,24,77,138,47,,,,*4A
$GPGSV,2,1,07,05,30,107,45,10,00,000,29,18,63,254,47,20,00,000,30*7B
$GPGSV,2,2,07,22,00,000,23,23,39,322,46,24,77,138,47,,,,*4A
$GPGSV,2,1,07,05,30,107,45,10,00,000,29,18,63,254,47,20,00,000,30*7B
$GPGSV,2,2,07,22,00,000,23,23,39,322,46,24,77,138,47,,,,*4A
$GPGSV,2,1,07,05,30,107,45,10,00,000,29,18,63,254,47,20,00,000,29*73
$GPGSV,2,2,07,22,00,000,22,23,39,322,46,24,77,138,47,,,,*4B
$GPGSV,2,1,07,05,30,107,45,10,11,309,29,18,63,254,47,20,00,000,29*79
$GPGSV,2,2,07,22,00,000,22,23,39,322,46,24,77,138,47,,,,*4B
$GPGSV,2,1,07,05,30,107,45,10,11,309,30,18,63,254,47,20,00,000,28*70
$GPGSV,2,2,07,22,00,000,22,23,39,322,46,24,77,138,47,,,,*4B
$GPGSV,2,1,07,05,30,107,45,10,11,309,30,18,63,254,47,20,00,000,28*70
$GPGSV,2,2,07,22,00,000,22,23,39,322,46,24,77,138,47,,,,*4B
$GPGSV,2,1,07,05,30,107,45,10,11,309,29,18,63,254,47,20,00,000,27*77
$GPGSV,2,2,07,22,00,000,22,23,39,322,46,24,77,138,47,,,,*4B
$GPGSV,2,1,07,05,30,107,45,10,11,309,29,18,63,254,47,20,00,000,26*76
$GPGSV,2,2,07,22,00,000,22,23,39,322,46,24,77,138,47,,,,*4B
$GPGSV,2,1,07,05,30,107,45,10,11,309,29,18,63,254,47,20,00,000,26*76
$GPGSV,2,2,07,22,00,000,21,23,39,322,46,24,77,138,47,,,,*48
$GPGSV,2,1,07,05,30,107,45,10,11,309,28,18,63,254,47,20,00,000,25*74
$GPGSV,2,2,07,22,00,000,21,23,39,322,46,24,77,138,47,,,,*48
$GPGSV,2,1,07,05,30,107,45,10,11,309,28,18,63,254,47,20,00,000,25*74
$GPGSV,2,2,07,22,00,000,21,23,39,322,46,24,77,138,47,,,,*48
$GPGSV,2,1,07,05,30,107,45,10,11,309,28,18,63,254,47,20,00,000,25*74
$GPGSV,2,2,07,22,00,000,20,23,39,322,46,24,77,138,47,,,,*49
$GPGSV,2,1,07,05,30,107,45,10,11,309,28,18,63,254,47,20,00,000,25*74
$GPGSV,2,2,07,22,00,000,20,23,39,322,46,24,77,138,47,,,,*49
$GPGSV,2,1,07,05,30,107,45,10,11,309,29,18,63,254,47,20,00,000,25*75
$GPGSV,2,2,07,22,00,000,20,23,39,322,46,24,77,138,47,,,,*49
$GPGSV,2,1,07,05,30,107,45,10,11,309,29,18,63,254,47,20,00,000,25*75
$GPGSV,2,2,07,22,00,000,20,23,39,322,46,24,77,138,47,,,,*49
$GPGSV,2,1,07,05,30,107,45,10,11,309,29,18,63,254,47,20,00,000,24*74
$GPGSV,2,2,07,22,00,000,19,23,39,322,46,24,77,138,47,,,,*43
$GPGSV,2,1,07,05,30,107,45,10,11,309,29,18,63,254,47,20,00,000,23*73
$GPGSV,2,2,07,22,00,000,19,23,39,322,46,24,77,138,47,,,,*43
$GPGSV,2,1,07,05,30,107,45,10,11,309,30,18,63,254,47,20,00,000,23*7B
$GPGSV,2,2,07,22,00,000,20,23,39,322,46,24,77,138,47,,,,*49
$GPGSV,2,1,07,05,30,107,45,10,11,309,30,18,63,254,47,20,00,000,22*7A
$GPGSV,2,2,07,22,00,000,20,23,39,322,46,24,77,138,47,,,,*49
$GPGSV,2,1,07,05,30,107,45,10,11,309,30,18,63,254,47,20,00,000,22*7A
$GPGSV,2,2,07,22,00,000,21,23,39,322,46,24,77,138,47,,,,*48
$GPGSV,2,1,07,05,30,107,45,10,11,309,30,18,63,254,47,20,00,000,21*79
$GPGSV,2,2,07,22,00,000,21,23,39,322,46,24,77,138,47,,,,*48
$GPGSV,2,1,06,05,30,107,45,10,11,309,30,18,63,254,47,22,00,000,21*7A
$GPGSV,2,2,06,23,39,322,46,24,77,138,47,,,,,,,,*7A
$GPGSV,2,1,06,05,30,107,45,10,11,309,31,18,63,254,47,22,00,000,21*7B
$GPGSV,2,2,06,23,39,322,46,24,77,138,47,,,,,,,,*7A
$GPGSV,2,1,06,05,30,107,45,10,11,309,31,18,63,254,47,22,00,000,22*78
$GPGSV,2,2,06,23,39,322,46,24,77,138,47,,,,,,,,*7A
$GPGSV,2,1,06,05,30,107,45,10,11,309,31,18,63,254,47,22,00,000,22*78
$GPGSV,2,2,06,23,39,322,46,24,77,138,47,,,,,,,,*7A
$GPGSV,2,1,06,05,30,107,45,10,11,309,31,18,63,254,47,22,00,000,22*78
$GPGSV,2,2,06,23,39,322,46,24,77,138,47,,,,,,,,*7A
$GPGSV,2,1,06,05,30,107,45,10,11,309,31,18,63,254,47,22,00,000,22*78
$GPGSV,2,2,06,23,39,322,46,24,77,138,47,,,,,,,,*7A
$GPGSV,2,1,06,05,30,107,45,10,11,309,31,18,63,254,47,22,00,000,22*78
$GPGSV,2,2,06,23,39,322,46,24,77,138,47,,,,,,,,*7A
$GPGSV,2,1,06,05,30,107,45,10,11,309,31,18,63,254,47,22,00,000,22*78
$GPGSV,2,2,06,23,39,322,46,24,77,138,47,,,,,,,,*7A
$GPGSV,2,1,06,05,30,107,45,10,11,309,31,18,63,254,47,22,00,000,22*78
$GPGSV,2,2,06,23,39,322,46,24,77,138,47,,,,,,,,*7A
$GPGSV,2,1,06,05,30,107,45,10,11,309,31,18,63,254,47,22,00,000,22*78
$GPGSV,2,2,06,23,39,322,46,24,77,138,47,,,,,,,,*7A
$GPGSV,2,1,06,05,30,107,45,10,11,309,31,18,63,254,47,22,00,000,22*78
$GPGSV,2,2,06,23,39,322,46,24,77,138,47,,,,,,,,*7A
$GPGSV,2,1,06,05,30,107,45,10,11,309,31,18,63,254,47,22,00,000,21*7B
$GPGSV,2,2,06,23,39,322,46,24,77,138,47,,,,,,,,*7A
$GPGSV,2,1,06,05,30,107,45,10,11,309,31,18,63,254,47,22,00,000,20*7A
$GPGSV,2,2,06,23,39,322,46,24,77,138,47,,,,,,,,*7A
$GPGSV,2,1,06,05,30,107,45,10,11,309,31,18,63,254,47,22,00,000,20*7A
$GPGSV,2,2,06,23,39,322,46,24,77,138,47,,,,,,,,*7A
$GPGSV,2,1,06,05,30,107,45,10,11,309,31,18,63,254,47,22,00,000,19*70
$GPGSV,2,2,06,23,39,322,46,24,77,138,47,,,,,,,,*7A
$GPGSV,2,1,06,05,30,107,45,10,11,309,31,18,63,254,47,22,00,000,19*70
$GPGSV,2,2,06,23,39,322,47,24,77,138,47,,,,,,,,*7B
$GPGSV,2,1,06,05,30,107,45,10,11,309,31,18,63,254,47,22,00,000,19*70
$GPGSV,2,2,06,23,39,322,47,24,77,138,47,,,,,,,,*7B
$GPGSV,2,1,06,05,30,107,45,10,11,309,30,18,63,254,47,22,00,000,19*71
$GPGSV,2,2,06,23,39,322,47,24,77,138,47,,,,,,,,*7B
$GPGSV,2,1,06,05,30,107,45,10,11,309,30,18,63,254,47,22,00,000,19*71
$GPGSV,2,2,06,23,39,322,47,24,77,138,47,,,,,,,,*7B
$GPGSV,2,1,06,05,30,107,45,10,11,309,30,18,63,254,47,22,00,000,19*71
$GPGSV,2,2,06,23,39,322,47,24,77,138,47,,,,,,,,*7B
$GPGSV,2,1,06,05,30,107,45,10,11,309,30,18,63,254,47,22,00,000,18*70
$GPGSV,2,2,06,23,39,322,47,24,77,138,47,,,,,,,,*7B
$GPGSV,2,1,06,05,30,107,45,10,11,309,30,18,63,254,47,22,00,000,18*70
$GPGSV,2,2,06,23,39,322,47,24,77,138,47,,,,,,,,*7B
$GPGSV,2,1,06,05,30,107,45,10,11,309,30,18,63,254,47,22,00,000,18*70
$GPGSV,2,2,06,23,39,322,47,24,77,138,47,,,,,,,,*7B
$GPGSV,2,1,06,05,30,107,45,10,11,309,30,18,63,254,47,22,00,000,19*71
$GPGSV,2,2,06,23,39,322,47,24,77,138,47,,,,,,,,*7B
$GPGSV,2,1,06,05,30,107,45,10,11,309,30,18,63,254,47,22,00,000,18*70
$GPGSV,2,2,06,23,39,322,47,24,77,138,47,,,,,,,,*7B
$GPGSV,2,1,06,05,30,107,45,10,11,309,30,18,63,254,47,22,00,000,18*70
$GPGSV,2,2,06,23,39,322,47,24,77,138,47,,,,,,,,*7B
$GPGSV,2,1,07,05,30,107,45,10,11,309,30,18,63,254,47,20,00,000,25*7D
$GPGSV,2,2,07,22,00,000,19,23,39,322,47,24,77,138,47,,,,*42
$GPGSV,2,1,07,05,30,107,45,10,11,309,30,18,63,254,47,20,00,000,25*7D
$GPGSV,2,2,07,22,00,000,20,23,39,322,47,24,77,138,47,,,,*48
$GPGSV,2,1,07,05,30,107,45,10,11,309,30,18,63,254,47,20,00,000,25*7D
$GPGSV,2,2,07,22,00,000,20,23,39,322,47,24,77,138,47,,,,*48
$GPGSV,2,1,07,05,30,107,45,10,11,309,30,18,63,254,47,20,00,000,24*7C
$GPGSV,2,2,07,22,00,000,21,23,39,322,47,24,77,138,47,,,,*49
$GPGSV,2,1,07,05,30,107,45,10,11,309,30,18,63,254,47,20,00,000,24*7C
$GPGSV,2,2,07,22,00,000,21,23,39,322,47,24,77,138,47,,,,*49
$GPGSV,2,1,07,05,30,107,45,10,11,309,30,18,63,254,47,20,00,000,24*7C
$GPGSV,2,2,07,22,00,000,21,23,39,322,47,24,77,138,47,,,,*49
$GPGSV,2,1,06,05,30,107,45,10,11,309,30,18,63,254,47,20,00,000,24*7D
$GPGSV,2,2,06,23,39,322,47,24,77,138,47,,,,,,,,*7B
$GPGSV,2,1,06,05,30,107,45,10,11,309,30,18,63,254,47,20,00,000,24*7D
$GPGSV,2,2,06,23,39,322,47,24,77,138,47,,,,,,,,*7B
$GPGSV,2,1,06,05,30,107,45,10,11,309,30,18,63,254,47,20,00,000,24*7D
$GPGSV,2,2,06,23,39,322,47,24,77,138,47,,,,,,,,*7B
$GPGSV,2,1,06,05,30,107,45,10,11,309,30,18,63,254,47,20,27,052,24*7F
$GPGSV,2,2,06,23,39,322,47,24,77,138,47,,,,,,,,*7B
$GPGSV,2,1,06,05,30,107,45,10,11,309,30,18,63,254,47,20,27,052,24*7F
$GPGSV,2,2,06,23,39,322,47,24,77,138,47,,,,,,,,*7B
$GPGSV,2,1,06,05,30,107,45,10,11,309,31,18,63,254,47,20,27,052,24*7E
$GPGSV,2,2,06,23,39,322,47,24,77,138,47,,,,,,,,*7B
$GPGSV,2,1,06,05,30,107,45,10,11,309,31,18,63,254,47,20,27,052,24*7E
$GPGSV,2,2,06,23,39,322,47,24,77,138,47,,,,,,,,*7B
$GPGSV,2,1,06,05,30,107,45,10,11,309,31,18,63,254,47,20,27,052,24*7E
$GPGSV,2,2,06,23,39,322,47,24,77,138,47,,,,,,,,*7B
$GPGSV,2,1,06,05,30,107,45,10,11,309,31,18,63,254,47,20,27,052,24*7E
$GPGSV,2,2,06,23,39,322,47,24,77,138,47,,,,,,,,*7B
$GPGSV,2,1,06,05,30,107,45,10,11,309,31,18,63,254,47,20,27,052,24*7E
$GPGSV,2,2,06,23,39,322,47,24,77,138,47,,,,,,,,*7B
$GPGSV,2,1,06,05,30,107,45,10,11,309,32,18,63,254,47,20,27,052,24*7D
$GPGSV,2,2,06,23,39,322,47,24,77,138,47,,,,,,,,*7B
$GPGSV,2,1,06,05,30,107,45,10,11,309,32,18,63,254,47,20,00,000,24*7F
$GPGSV,2,2,06,23,39,322,47,24,77,138,47,,,,,,,,*7B
$GPGSV,2,1,06,05,30,107,45,10,11,309,32,18,63,254,47,20,00,000,24*7F
$GPGSV,2,2,06,23,39,322,47,24,77,138,47,,,,,,,,*7B
$GPGSV,2,1,06,05,30,107,45,10,11,309,32,18,63,254,47,20,00,000,24*7F
$GPGSV,2,2,06,23,39,322,47,24,77,138,47,,,,,,,,*7B
$GPGSV,2,1,06,05,30,107,45,10,11,309,31,18,63,254,47,20,00,000,24*7C
$GPGSV,2,2,06,23,39,322,47,24,77,138,47,,,,,,,,*7B
$GPGSV,2,1,06,05,30,107,45,10,11,309,31,18,63,254,47,20,27,052,24*7E
$GPGSV,2,2,06,23,39,322,47,24,77,138,47,,,,,,,,*7B
$GPGSV,2,1,06,05,30,107,45,10,11,309,31,18,63,254,47,20,27,052,24*7E
$GPGSV,2,2,06,23,39,322,47,24,77,138,47,,,,,,,,*7B
$GPGSV,2,1,06,05,30,107,45,10,11,309,31,18,63,254,47,20,27,052,24*7E
$GPGSV,2,2,06,23,39,322,47,24,77,138,47,,,,,,,,*7B
$GPGSV,2,1,06,05,30,107,45,10,11,309,31,18,63,254,47,20,27,052,25*7F
$GPGSV,2,2,06,23,39,322,46,24,77,138,47,,,,,,,,*7A
$GPGSV,2,1,06,05,30,107,45,10,11,309,31,18,63,254,47,20,27,052,25*7F
$GPGSV,2,2,06,23,39,322,46,24,77,138,47,,,,,,,,*7A
$GPGSV,2,1,06,05,30,107,45,10,11,309,31,18,63,254,47,20,27,052,25*7F
$GPGSV,2,2,06,23,39,322,46,24,77,138,47,,,,,,,,*7A
$GPGSV,2,1,06,05,30,107,45,10,11,309,31,18,63,254,47,20,27,052,25*7F
$GPGSV,2,2,06,23,39,322,46,24,77,138,47,,,,,,,,*7A
$GPGSV,2,1,06,05,30,107,45,10,11,309,31,18,63,254,47,20,27,052,25*7F
$GPGSV,2,2,06,23,39,322,46,24,77,138,47,,,,,,,,*7A
$GPGSV,2,1,06,05,30,107,45,10,11,309,31,18,63,254,47,20,27,052,26*7C
$GPGSV,2,2,06,23,39,322,46,24,77,138,47,,,,,,,,*7A
$GPGSV,2,1,06,05,30,107,45,10,11,309,31,18,63,254,47,20,27,052,26*7C
$GPGSV,2,2,06,23,39,322,46,24,77,138,47,,,,,,,,*7A
$GPGSV,2,1,06,05,30,107,45,10,11,309,31,18,63,254,47,20,27,052,26*7C
$GPGSV,2,2,06,23,39,322,46,24,77,138,47,,,,,,,,*7A
$GPGSV,2,1,06,05,30,107,45,10,11,309,31,18,63,254,47,20,27,052,26*7C
$GPGSV,2,2,06,23,39,323,46,24,77,137,47,,,,,,,,*74
$GPGSV,2,1,06,05,30,107,45,10,11,309,31,18,63,254,47,20,27,052,27*7D
$GPGSV,2,2,06,23,39,323,46,24,77,137,47,,,,,,,,*74
$GPGSV,2,1,06,05,30,107,45,10,11,309,31,18,63,254,47,20,27,052,27*7D
$GPGSV,2,2,06,23,39,323,46,24,77,137,47,,,,,,,,*74
$GPGSV,2,1,06,05,30,107,45,10,11,309,31,18,63,254,47,20,27,052,27*7D
$GPGSV,2,2,06,23,39,323,46,24,77,137,47,,,,,,,,*74
$GPGSV,2,1,06,05,30,107,45,10,11,309,31,18,63,254,47,20,27,052,28*72
$GPGSV,2,2,06,23,39,323,46,24,77,137,47,,,,,,,,*74
$GPGSV,2,1,06,05,30,107,45,10,11,309,31,18,63,254,47,20,27,052,28*72
$GPGSV,2,2,06,23,39,323,46,24,77,137,47,,,,,,,,*74
$GPGSV,2,1,06,05,30,107,45,10,11,309,31,18,63,254,47,20,27,052,28*72
$GPGSV,2,2,06,23,39,323,46,24,77,137,47,,,,,,,,*74
$GPGSV,2,1,06,05,30,107,45,10,11,309,31,18,63,254,47,20,27,052,29*73
$GPGSV,2,2,06,23,39,323,46,24,77,137,47,,,,,,,,*74
$GPGSV,2,1,06,05,30,107,45,10,11,309,30,18,63,254,47,20,27,052,29*72
$GPGSV,2,2,06,23,39,323,46,24,77,137,47,,,,,,,,*74
$GPGSV,2,1,06,05,30,107,45,10,11,309,30,18,63,254,47,20,27,052,29*72
$GPGSV,2,2,06,23,39,323,46,24,77,137,47,,,,,,,,*74
$GPGSV,2,1,06,05,30,107,45,10,11,309,29,18,63,254,47,20,27,052,29*7A
$GPGSV,2,2,06,23,39,323,46,24,77,137,47,,,,,,,,*74
$GPGSV,2,1,06,05,30,107,45,10,11,309,29,18,63,254,47,20,27,052,29*7A
$GPGSV,2,2,06,23,39,323,46,24,77,137,47,,,,,,,,*74
$GPGSV,2,1,06,05,30,107,45,10,11,309,28,18,63,254,47,20,27,052,29*7B
$GPGSV,2,2,06,23,39,323,46,24,77,137,47,,,,,,,,*74
$GPGSV,2,1,06,05,30,107,45,10,11,309,28,18,63,254,47,20,27,052,30*73
$GPGSV,2,2,06,23,39,323,46,24,77,137,47,,,,,,,,*74
$GPGSV,2,1,06,05,30,107,45,10,11,309,28,18,63,254,47,20,27,052,30*73
$GPGSV,2,2,06,23,39,323,46,24,77,137,47,,,,,,,,*74
$GPGSV,2,1,06,05,30,107,45,10,11,309,28,18,63,254,47,20,27,052,30*73
$GPGSV,2,2,06,23,39,323,46,24,77,137,47,,,,,,,,*74
$GPGSV,2,1,06,05,30,107,45,10,11,309,28,18,63,254,47,20,27,052,30*73
$GPGSV,2,2,06,23,39,323,46,24,77,137,47,,,,,,,,*74
$GPGSV,2,1,06,05,30,107,45,10,11,309,28,18,63,254,47,20,27,052,30*73
$GPGSV,2,2,06,23,39,323,46,24,77,137,47,,,,,,,,*74
$GPGSV,2,1,06,05,30,107,45,10,11,309,28,18,63,254,47,20,27,052,31*72
$GPGSV,2,2,06,23,39,323,46,24,77,137,47,,,,,,,,*74
$GPGSV,2,1,06,05,30,107,45,10,11,309,28,18,63,254,47,20,27,052,31*72
$GPGSV,2,2,06,23,39,323,46,24,77,137,47,,,,,,,,*74
$GPGSV,2,1,06,05,30,107,45,10,11,309,29,18,63,254,47,20,27,052,31*73
$GPGSV,2,2,06,23,39,323,46,24,77,137,47,,,,,,,,*74
$GPGSV,2,1,06,05,30,107,45,10,11,309,29,18,63,254,47,20,27,052,31*73
$GPGSV,2,2,06,23,39,323,46,24,77,137,47,,,,,,,,*74
$GPGSV,2,1,06,05,30,107,45,10,11,309,29,18,63,254,47,20,27,052,31*73
$GPGSV,2,2,06,23,39,323,46,24,77,137,47,,,,,,,,*74
$GPGSV,2,1,06,05,30,107,45,10,11,309,29,18,63,254,47,20,27,052,31*73
$GPGSV,2,2,06,23,39,323,46,24,77,137,47,,,,,,,,*74
$GPGSV,2,1,06,05,30,107,45,10,11,309,29,18,63,254,47,20,27,052,31*73
$GPGSV,2,2,06,23,39,323,46,24,77,137,47,,,,,,,,*74
$GPGSV,2,1,06,05,30,107,45,10,11,309,29,18,63,254,47,20,27,052,31*73
$GPGSV,2,2,06,23,39,323,46,24,77,137,47,,,,,,,,*74
$GPGSV,2,1,06,05,30,107,45,10,11,309,29,18,63,254,47,20,27,052,31*73
$GPGSV,2,2,06,23,39,323,46,24,77,137,47,,,,,,,,*74
$GPGSV,2,1,06,05,30,107,45,10,11,309,29,18,63,254,47,20,27,052,32*70
$GPGSV,2,2,06,23,39,323,46,24,77,137,47,,,,,,,,*74
$GPGSV,2,1,06,05,30,107,45,10,11,309,29,18,63,254,47,20,27,052,32*70
$GPGSV,2,2,06,23,39,323,46,24,77,137,47,,,,,,,,*74
$GPGSV,2,1,06,05,30,107,45,10,11,309,29,18,63,254,47,20,27,052,32*70
$GPGSV,2,2,06,23,39,323,46,24,77,137,47,,,,,,,,*74
$GPGSV,2,1,06,05,30,107,45,10,11,309,29,18,63,254,47,20,27,052,32*70
$GPGSV,2,2,06,23,39,323,46,24,77,137,47,,,,,,,,*74
$GPGSV,2,1,06,05,30,107,45,10,11,309,29,18,63,254,47,20,27,052,32*70
$GPGSV,2,2,06,23,39,323,46,24,77,137,47,,,,,,,,*74
$GPGSV,2,1,06,05,30,107,45,10,11,309,29,18,63,254,47,20,27,052,32*70
$GPGSV,2,2,06,23,39,323,46,24,77,137,47,,,,,,,,*74
$GPGSV,2,1,06,05,30,107,45,10,11,309,29,18,63,254,47,20,27,052,32*70
$GPGSV,2,2,06,23,39,323,46,24,77,137,47,,,,,,,,*74
$GPGSV,2,1,06,05,30,107,45,10,11,309,29,18,63,254,47,20,27,052,32*70
$GPGSV,2,2,06,23,39,323,46,24,77,137,47,,,,,,,,*74
$GPGSV,2,1,06,05,30,107,45,10,11,309,29,18,63,254,47,20,27,052,32*70
$GPGSV,2,2,06,23,39,323,46,24,77,137,47,,,,,,,,*74
$GPGSV,2,1,06,05,30,107,45,10,11,309,29,18,63,254,47,20,27,052,31*73
$GPGSV,2,2,06,23,39,323,46,24,77,137,47,,,,,,,,*74
$GPGSV,2,1,06,05,30,107,45,10,11,309,29,18,63,254,47,20,27,052,31*73
$GPGSV,2,2,06,23,39,323,46,24,77,137,47,,,,,,,,*74
$GPGSV,2,1,06,05,30,107,45,10,11,309,30,18,63,254,48,20,27,052,31*74
$GPGSV,2,2,06,23,39,323,46,24,77,137,47,,,,,,,,*74
$GPGSV,2,1,06,05,30,107,45,10,11,309,30,18,63,254,48,20,27,052,31*74
$GPGSV,2,2,06,23,39,323,46,24,77,137,47,,,,,,,,*74
$GPGSV,2,1,06,05,30,107,45,10,11,309,30,18,63,254,48,20,27,052,31*74
$GPGSV,2,2,06,23,39,323,46,24,77,137,47,,,,,,,,*74
$GPGSV,2,1,06,05,30,107,45,10,11,309,30,18,63,254,48,20,27,052,31*74
$GPGSV,2,2,06,23,39,323,46,24,77,137,47,,,,,,,,*74
$GPGSV,2,1,06,05,30,107,45,10,11,309,30,18,63,254,48,20,27,052,31*74
$GPGSV,2,2,06,23,39,323,46,24,77,137,47,,,,,,,,*74
$GPGSV,2,1,06,05,30,107,45,10,11,309,30,18,63,254,48,20,27,052,30*75
$GPGSV,2,2,06,23,39,323,46,24,77,137,47,,,,,,,,*74
$GPGSV,2,1,06,05,30,107,45,10,11,309,29,18,63,254,48,20,27,052,29*75
$GPGSV,2,2,06,23,39,323,46,24,77,137,47,,,,,,,,*74
$GPGSV,2,1,06,05,30,107,45,10,11,309,29,18,63,254,48,20,27,052,29*75
$GPGSV,2,2,06,23,39,323,46,24,77,137,47,,,,,,,,*74
$GPGSV,2,1,06,05,30,107,45,10,11,309,29,18,63,254,48,20,27,052,28*74
$GPGSV,2,2,06,23,39,323,46,24,77,137,47,,,,,,,,*74
$GPGSV,2,1,06,05,30,107,45,10,11,309,29,18,63,254,48,20,27,052,28*74
$GPGSV,2,2,06,23,39,323,46,24,77,137,47,,,,,,,,*74
$GPGSV,2,1,06,05,30,107,45,10,11,309,29,18,63,254,48,20,27,052,28*74
$GPGSV,2,2,06,23,39,323,46,24,77,137,47,,,,,,,,*74
$GPGSV,2,1,06,05,30,107,45,10,11,309,29,18,63,254,48,20,27,052,27*7B
$GPGSV,2,2,06,23,39,323,46,24,77,137,47,,,,,,,,*74
$GPGSV,2,1,06,05,30,107,45,10,11,309,29,18,63,254,48,20,27,052,27*7B
$GPGSV,2,2,06,23,39,323,46,24,77,137,47,,,,,,,,*74
$GPGSV,2,1,06,05,30,107,45,10,11,309,29,18,63,254,48,20,27,052,27*7B
$GPGSV,2,2,06,23,39,323,46,24,77,137,47,,,,,,,,*74
$GPGSV,2,1,06,05,30,107,45,10,11,309,29,18,63,254,48,20,27,052,26*7A
$GPGSV,2,2,06,23,39,323,46,24,77,137,47,,,,,,,,*74
$GPGSV,2,1,06,05,30,107,45,10,11,309,29,18,63,254,48,20,27,052,26*7A
$GPGSV,2,2,06,23,39,323,46,24,77,137,47,,,,,,,,*74
$GPGSV,2,1,06,05,30,107,45,10,11,309,29,18,63,254,48,20,27,052,26*7A
$GPGSV,2,2,06,23,39,323,46,24,77,137,47,,,,,,,,*74
$GPGSV,2,1,06,05,30,107,45,10,11,309,29,18,63,254,48,20,27,052,25*79
$GPGSV,2,2,06,23,39,323,46,24,77,137,47,,,,,,,,*74
$GPGSV,2,1,06,05,30,107,45,10,11,309,28,18,63,254,48,20,27,052,25*78
$GPGSV,2,2,06,23,39,323,46,24,77,137,47,,,,,,,,*74
$GPGSV,2,1,06,05,30,107,45,10,11,309,28,18,63,254,48,20,27,052,24*79
$GPGSV,2,2,06,23,39,323,46,24,77,137,47,,,,,,,,*74
$GPGSV,2,1,06,05,30,107,45,10,11,309,28,18,63,254,48,20,00,000,23*7C
$GPGSV,2,2,06,23,39,323,46,24,77,137,47,,,,,,,,*74
$GPGSV,2,1,06,05,30,107,45,10,11,309,28,18,63,254,48,20,00,000,23*7C
$GPGSV,2,2,06,23,39,323,46,24,77,137,47,,,,,,,,*74
$GPGSV,2,1,06,05,30,107,45,10,11,309,29,18,63,254,48,20,27,052,22*7E
$GPGSV,2,2,06,23,39,323,46,24,77,137,47,,,,,,,,*74
$GPGSV,2,1,06,05,30,107,45,10,11,309,29,18,63,254,48,20,00,000,22*7C
$GPGSV,2,2,06,23,39,323,46,24,77,137,47,,,,,,,,*74
$GPGSV,2,1,06,05,30,107,45,10,11,309,29,18,63,254,48,20,00,000,22*7C
$GPGSV,2,2,06,23,39,323,46,24,77,137,47,,,,,,,,*74
$GPGSV,2,1,06,05,30,107,45,10,11,309,29,18,63,254,48,20,00,000,22*7C
$GPGSV,2,2,06,23,39,323,46,24,77,137,47,,,,,,,,*74
$GPGSV,2,1,06,05,30,107,45,10,11,309,29,18,63,254,47,20,00,000,21*70
$GPGSV,2,2,06,23,39,323,46,24,77,137,47,,,,,,,,*74
$GPGSV,2,1,06,05,30,107,45,10,11,309,28,18,63,254,47,20,00,000,21*71
$GPGSV,2,2,06,23,39,323,46,24,77,137,47,,,,,,,,*74
$GPGSV,2,1,06,05,30,107,45,10,11,309,28,18,63,254,47,20,00,000,21*71
$GPGSV,2,2,06,23,39,323,46,24,77,137,47,,,,,,,,*74
$GPGSV,2,1,06,05,30,107,45,10,11,309,29,18,63,254,47,20,00,000,21*70
$GPGSV,2,2,06,23,39,323,46,24,77,137,47,,,,,,,,*74
$GPGSV,2,1,06,05,30,107,45,10,11,309,29,18,63,254,47,20,00,000,21*70
$GPGSV,2,2,06,23,39,323,46,24,77,137,47,,,,,,,,*74
$GPGSV,2,1,06,05,30,107,45,10,11,309,29,18,63,254,47,20,00,000,21*70
$GPGSV,2,2,06,23,39,323,47,24,77,137,47,,,,,,,,*75
$GPGSV,2,1,06,05,30,107,45,10,11,309,30,18,63,254,47,20,00,000,21*78
$GPGSV,2,2,06,23,39,323,47,24,77,137,47,,,,,,,,*75
$GPGSV,2,1,06,05,30,107,45,10,11,309,30,18,63,254,47,20,00,000,21*78
$GPGSV,2,2,06,23,39,323,47,24,77,137,47,,,,,,,,*75
$GPGSV,2,1,06,05,30,107,45,10,11,309,31,18,63,254,47,20,00,000,21*79
$GPGSV,2,2,06,23,39,323,47,24,77,137,47,,,,,,,,*75
$GPGSV,2,1,06,05,30,107,45,10,11,309,31,18,63,254,48,20,00,000,21*76
$GPGSV,2,2,06,23,39,323,47,24,77,137,47,,,,,,,,*75
$GPGSV,2,1,06,05,30,107,45,10,11,309,31,18,63,254,48,20,00,000,21*76
$GPGSV,2,2,06,23,39,323,47,24,77,137,47,,,,,,,,*75
$GPGSV,2,1,06,05,30,107,45,10,11,309,31,18,63,254,48,20,00,000,22*75
$GPGSV,2,2,06,23,39,323,47,24,77,137,47,,,,,,,,*75
$GPGSV,2,1,06,05,30,107,45,10,11,309,31,18,63,254,48,20,00,000,22*75
$GPGSV,2,2,06,23,39,323,47,24,77,137,47,,,,,,,,*75
$GPGSV,2,1,06,05,30,107,45,10,11,309,31,18,63,254,48,20,00,000,23*74
$GPGSV,2,2,06,23,39,323,47,24,77,137,47,,,,,,,,*75
$GPGSV,2,1,06,05,30,107,45,10,11,309,31,18,63,254,48,20,00,000,23*74
$GPGSV,2,2,06,23,39,323,47,24,77,137,47,,,,,,,,*75
$GPGSV,2,1,06,05,30,107,45,10,11,309,31,18,63,254,48,20,00,000,23*74
$GPGSV,2,2,06,23,39,323,47,24,77,137,47,,,,,,,,*75
$GPGSV,2,1,06,05,30,107,45,10,11,309,31,18,63,254,48,20,00,000,23*74
$GPGSV,2,2,06,23,39,323,47,24,77,137,47,,,,,,,,*75
$GPGSV,2,1,06,05,30,107,45,10,11,309,30,18,63,254,48,20,00,000,24*72
$GPGSV,2,2,06,23,39,323,47,24,77,137,47,,,,,,,,*75
$GPGSV,2,1,06,05,30,107,45,10,11,309,30,18,63,254,48,20,00,000,24*72
$GPGSV,2,2,06,23,39,323,47,24,77,137,47,,,,,,,,*75
$GPGSV,2,1,06,05,30,107,45,10,11,309,30,18,63,254,48,20,26,052,25*70
$GPGSV,2,2,06,23,39,323,47,24,77,137,47,,,,,,,,*75
$GPGSV,2,1,06,05,30,107,45,10,11,309,30,18,63,254,48,20,26,052,25*70
$GPGSV,2,2,06,23,39,323,47,24,77,137,47,,,,,,,,*75
$GPGSV,2,1,06,05,30,107,45,10,11,309,30,18,63,254,48,20,26,052,26*73
$GPGSV,2,2,06,23,39,323,47,24,77,137,47,,,,,,,,*75
$GPGSV,2,1,05,05,30,107,45,10,11,309,30,18,63,254,48,23,39,323,47*7F
$GPGSV,2,2,05,24,77,137,47,,,,,,,,,,,,*4C
$GPGSV,2,1,05,05,30,107,45,10,11,309,30,18,63,254,48,23,39,323,47*7F
$GPGSV,2,2,05,24,77,137,47,,,,,,,,,,,,*4C
$GPGSV,2,1,05,05,30,107,45,10,11,309,30,18,63,254,48,23,39,323,47*7F
$GPGSV,2,2,05,24,77,137,47,,,,,,,,,,,,*4C
$GPGSV,2,1,05,05,30,107,45,10,11,309,30,18,63,254,48,23,39,323,47*7F
$GPGSV,2,2,05,24,77,137,47,,,,,,,,,,,,*4C
$GPGSV,2,1,05,05,30,107,45,10,11,309,30,18,63,254,48,23,39,323,47*7F
$GPGSV,2,2,05,24,77,137,47,,,,,,,,,,,,*4C
$GPGSV,2,1,05,05,30,107,45,10,11,309,30,18,63,254,48,23,39,323,47*7F
$GPGSV,2,2,05,24,77,137,47,,,,,,,,,,,,*4C
$GPGSV,2,1,06,05,30,107,45,10,11,309,30,18,63,254,48,20,00,000,28*7E
$GPGSV,2,2,06,23,39,323,47,24,77,137,47,,,,,,,,*75
$GPGSV,2,1,06,05,30,107,45,10,11,309,30,18,63,254,48,20,00,000,28*7E
$GPGSV,2,2,06,23,39,323,47,24,77,137,47,,,,,,,,*75
$GPGSV,2,1,06,05,30,107,45,10,11,309,30,18,63,254,48,20,00,000,28*7E
$GPGSV,2,2,06,23,39,323,47,24,77,137,47,,,,,,,,*75
$GPGSV,2,1,06,05,30,107,45,10,11,309,30,18,63,254,48,20,00,000,29*7F
$GPGSV,2,2,06,23,39,323,47,24,77,137,47,,,,,,,,*75
$GPGSV,2,1,06,05,30,107,45,10,11,309,30,18,63,254,48,20,00,000,28*7E
$GPGSV,2,2,06,23,39,323,47,24,77,137,47,,,,,,,,*75
$GPGSV,2,1,06,05,30,107,45,10,11,309,30,18,63,254,48,20,26,052,28*7D
$GPGSV,2,2,06,23,39,323,47,24,77,137,47,,,,,,,,*75
$GPGSV,2,1,06,05,30,107,45,10,11,309,30,18,63,254,48,20,26,052,28*7D
$GPGSV,2,2,06,23,39,323,47,24,77,137,47,,,,,,,,*75
$GPGSV,2,1,06,05,30,107,45,10,11,309,30,18,63,254,48,20,26,052,27*72
$GPGSV,2,2,06,23,39,323,47,24,77,137,47,,,,,,,,*75
$GPGSV,2,1,06,05,30,107,45,10,11,309,31,18,63,254,48,20,26,052,26*72
$GPGSV,2,2,06,23,39,323,47,24,77,137,47,,,,,,,,*75
$GPGSV,2,1,06,05,30,107,45,10,11,309,31,18,63,254,48,20,26,052,26*72
$GPGSV,2,2,06,23,39,323,47,24,77,137,47,,,,,,,,*75
$GPGSV,2,1,06,05,30,107,45,10,11,309,31,18,63,254,48,20,26,052,26*72
$GPGSV,2,2,06,23,39,323,47,24,77,137,47,,,,,,,,*75
$GPGSV,2,1,06,05,30,107,45,10,11,309,31,18,63,254,48,20,26,052,26*72
$GPGSV,2,2,06,23,39,323,47,24,77,137,47,,,,,,,,*75
$GPGSV,2,1,06,05,30,107,45,10,11,309,31,18,63,254,48,20,26,052,27*73
$GPGSV,2,2,06,23,39,323,47,24,77,137,47,,,,,,,,*75
$GPGSV,2,1,06,05,30,107,45,10,11,309,30,18,63,254,48,20,26,052,27*72
$GPGSV,2,2,06,23,39,323,47,24,77,137,47,,,,,,,,*75
$GPGSV,2,1,06,05,30,107,45,10,11,309,30,18,63,254,48,20,26,052,26*73
$GPGSV,2,2,06,23,39,323,47,24,77,137,47,,,,,,,,*75
$GPGSV,2,1,06,05,30,107,45,10,11,309,30,18,63,254,48,20,26,052,26*73
$GPGSV,2,2,06,23,39,323,47,24,77,137,48,,,,,,,,*7A
$GPGSV,2,1,06,05,30,107,45,10,11,309,30,18,63,254,48,20,26,052,26*73
$GPGSV,2,2,06,23,39,323,47,24,77,137,48,,,,,,,,*7A
$GPGSV,2,1,06,05,30,107,45,10,11,309,30,18,63,254,48,20,26,052,26*73
$GPGSV,2,2,06,23,39,323,47,24,77,137,48,,,,,,,,*7A
$GPGSV,2,1,06,05,30,107,45,10,11,309,30,18,63,254,48,20,26,052,27*72
$GPGSV,2,2,06,23,39,323,47,24,77,137,48,,,,,,,,*7A
$GPGSV,2,1,06,05,30,107,45,10,11,309,30,18,63,254,48,20,26,052,27*72
$GPGSV,2,2,06,23,39,323,47,24,77,137,48,,,,,,,,*7A
$GPGSV,2,1,06,05,30,107,45,10,11,309,30,18,63,254,48,20,26,052,27*72
$GPGSV,2,2,06,23,39,323,47,24,77,137,48,,,,,,,,*7A
$GPGSV,2,1,06,05,30,107,45,10,11,309,30,18,63,254,48,20,26,052,27*72
$GPGSV,2,2,06,23,39,323,47,24,77,137,48,,,,,,,,*7A
$GPGSV,2,1,06,05,30,107,45,10,11,309,30,18,63,254,48,20,26,052,27*72
$GPGSV,2,2,06,23,39,323,47,24,77,137,48,,,,,,,,*7A
$GPGSV,2,1,06,05,30,107,45,10,11,309,30,18,63,254,48,20,26,052,27*72
$GPGSV,2,2,06,23,39,323,47,24,77,137,48,,,,,,,,*7A
$GPGSV,2,1,06,05,30,107,45,10,11,309,30,18,63,254,48,20,26,052,27*72
$GPGSV,2,2,06,23,39,323,47,24,77,137,48,,,,,,,,*7A
$GPGSV,2,1,06,05,30,107,45,10,11,309,30,18,63,254,48,20,26,052,27*72
$GPGSV,2,2,06,23,39,323,47,24,77,137,47,,,,,,,,*75
$GPGSV,2,1,06,05,30,107,45,10,11,309,30,18,63,254,48,20,26,052,27*72
$GPGSV,2,2,06,23,39,323,47,24,77,137,47,,,,,,,,*75
$GPGSV,2,1,06,05,30,107,45,10,11,309,30,18,63,254,48,20,26,052,26*73
$GPGSV,2,2,06,23,39,323,47,24,77,137,47,,,,,,,,*75
$GPGSV,2,1,06,05,30,107,45,10,11,309,30,18,63,253,48,20,26,052,26*74
$GPGSV,2,2,06,23,39,323,47,24,77,137,47,,,,,,,,*75
$GPGSV,2,1,06,05,30,107,45,10,11,309,30,18,63,253,48,20,26,052,26*74
$GPGSV,2,2,06,23,39,323,47,24,77,137,47,,,,,,,,*75
$GPGSV,2,1,06,05,30,107,45,10,11,309,30,18,63,253,48,20,26,052,26*74
$GPGSV,2,2,06,23,39,323,47,24,77,137,47,,,,,,,,*75
$GPGSV,2,1,06,05,30,107,45,10,11,309,30,18,63,253,48,20,26,052,26*74
$GPGSV,2,2,06,23,39,323,46,24,77,137,48,,,,,,,,*7B
$GPGSV,2,1,06,05,30,107,45,10,11,309,30,18,63,253,48,20,00,000,26*77
$GPGSV,2,2,06,23,39,323,46,24,77,137,48,,,,,,,,*7B
$GPGSV,2,1,06,05,30,107,45,10,11,309,30,18,63,253,48,20,00,000,25*74
$GPGSV,2,2,06,23,39,323,46,24,77,137,48,,,,,,,,*7B
$GPGSV,2,1,06,05,30,107,45,10,11,309,30,18,63,253,48,20,00,000,25*74
$GPGSV,2,2,06,23,39,323,46,24,77,137,48,,,,,,,,*7B
$GPGSV,2,1,06,05,30,107,45,10,11,309,30,18,63,253,48,20,00,000,25*74
$GPGSV,2,2,06,23,39,323,46,24,77,137,48,,,,,,,,*7B
$GPGSV,2,1,06,05,30,107,45,10,11,309,30,18,63,253,48,20,00,000,25*74
$GPGSV,2,2,06,23,39,323,46,24,77,137,47,,,,,,,,*74
$GPGSV,2,1,06,05,30,107,45,10,11,309,30,18,63,253,48,20,26,052,25*77
$GPGSV,2,2,06,23,39,323,46,24,77,137,47,,,,,,,,*74
$GPGSV,2,1,06,05,30,107,45,10,11,309,30,18,63,253,48,20,26,052,25*77
$GPGSV,2,2,06,23,39,323,46,24,77,137,47,,,,,,,,*74
$GPGSV,2,1,06,05,30,107,45,10,11,309,30,18,63,253,48,20,26,052,24*76
$GPGSV,2,2,06,23,39,323,46,24,77,137,47,,,,,,,,*74
$GPGSV,2,1,06,05,30,107,45,10,11,309,30,18,63,253,48,20,26,052,24*76
$GPGSV,2,2,06,23,39,323,46,24,77,137,47,,,,,,,,*74
$GPGSV,2,1,06,05,30,107,45,10,11,309,30,18,63,253,48,20,26,052,24*76
$GPGSV,2,2,06,23,39,323,46,24,77,137,47,,,,,,,,*74
$GPGSV,2,1,06,05,30,107,45,10,11,309,30,18,63,253,48,20,26,052,24*76
$GPGSV,2,2,06,23,39,323,46,24,77,137,47,,,,,,,,*74
$GPGSV,2,1,06,05,30,107,45,10,11,309,30,18,63,253,48,20,26,052,24*76
$GPGSV,2,2,06,23,39,323,46,24,77,137,47,,,,,,,,*74
$GPGSV,2,1,06,05,30,107,45,10,11,309,30,18,63,253,48,20,26,052,24*76
$GPGSV,2,2,06,23,39,323,46,24,77,137,47,,,,,,,,*74
$GPGSV,2,1,06,05,30,107,45,10,11,309,30,18,63,253,48,20,26,052,24*76
$GPGSV,2,2,06,23,39,323,46,24,77,137,47,,,,,,,,*74
$GPGSV,2,1,06,05,30,107,45,10,11,309,30,18,63,253,48,20,26,052,24*76
$GPGSV,2,2,06,23,39,323,46,24,77,137,47,,,,,,,,*74
$GPGSV,2,1,06,05,30,107,45,10,11,309,29,18,63,253,48,20,26,052,23*79
$GPGSV,2,2,06,23,39,323,46,24,77,137,47,,,,,,,,*74
$GPGSV,2,1,06,05,30,107,45,10,11,309,29,18,63,253,48,20,26,052,24*7E
$GPGSV,2,2,06,23,39,323,46,24,77,137,47,,,,,,,,*74
$GPGSV,2,1,06,05,30,107,45,10,11,309,30,18,63,253,48,20,26,052,24*76
$GPGSV,2,2,06,23,39,323,46,24,77,137,47,,,,,,,,*74
$GPGSV,2,1,06,05,30,107,45,10,11,309,30,18,63,253,48,20,26,052,24*76
$GPGSV,2,2,06,23,39,323,46,24,77,137,47,,,,,,,,*74
$GPGSV,2,1,06,05,30,107,45,10,11,309,30,18,63,253,48,20,26,052,24*76
$GPGSV,2,2,06,23,39,323,46,24,77,137,47,,,,,,,,*74
$GPGSV,2,1,06,05,30,107,46,10,11,309,30,18,63,253,48,20,26,052,24*75
$GPGSV,2,2,06,23,39,323,46,24,77,137,47,,,,,,,,*74
$GPGSV,2,1,06,05,30,107,46,10,11,309,30,18,63,253,48,20,26,052,25*74
$GPGSV,2,2,06,23,39,323,46,24,77,137,47,,,,,,,,*74
$GPGSV,2,1,06,05,30,107,46,10,11,309,30,18,63,253,48,20,26,052,25*74
$GPGSV,2,2,06,23,39,323,46,24,77,137,47,,,,,,,,*74
$GPGSV,2,1,06,05,30,107,46,10,11,309,30,18,63,253,48,20,26,052,25*74
$GPGSV,2,2,06,23,39,323,46,24,77,137,47,,,,,,,,*74
$GPGSV,2,1,06,05,30,107,46,10,11,309,30,18,63,253,48,20,26,052,25*74
$GPGSV,2,2,06,23,39,323,46,24,77,137,47,,,,,,,,*74
$GPGSV,2,1,06,05,30,107,45,10,11,309,30,18,63,253,48,20,26,052,25*77
$GPGSV,2,2,06,23,39,323,46,24,77,137,47,,,,,,,,*74
$GPGSV,2,1,06,05,30,107,45,10,11,309,31,18,63,253,48,20,26,052,25*76
$GPGSV,2,2,06,23,39,323,46,24,77,136,47,,,,,,,,*75
$GPGSV,2,1,06,05,30,107,45,10,11,309,31,18,63,253,48,20,26,052,25*76
$GPGSV,2,2,06,23,39,323,46,24,77,136,47,,,,,,,,*75
$GPGSV,2,1,06,05,30,107,45,10,11,309,31,18,63,253,48,20,26,052,25*76
$GPGSV,2,2,06,23,39,323,45,24,77,136,47,,,,,,,,*76
$GPGSV,2,1,06,05,30,107,45,10,11,309,30,18,63,253,48,20,26,052,25*77
$GPGSV,2,2,06,23,39,323,45,24,77,136,47,,,,,,,,*76
$GPGSV,2,1,06,05,30,107,45,10,11,309,30,18,63,253,48,20,26,052,25*77
$GPGSV,2,2,06,23,39,323,45,24,77,136,47,,,,,,,,*76
$GPGSV,2,1,06,05,30,107,45,10,11,309,30,18,63,253,48,20,26,052,26*74
$GPGSV,2,2,06,23,39,323,45,24,77,136,47,,,,,,,,*76
$GPGSV,2,1,06,05,30,107,45,10,11,309,30,18,63,253,48,20,26,052,26*74
$GPGSV,2,2,06,23,39,323,45,24,77,136,47,,,,,,,,*76
$GPGSV,2,1,06,05,30,107,45,10,11,309,30,18,63,253,48,20,26,052,26*74
$GPGSV,2,2,06,23,39,323,45,24,77,136,47,,,,,,,,*76
$GPGSV,2,1,06,05,30,107,45,10,11,309,30,18,63,253,48,20,26,052,26*74
$GPGSV,2,2,06,23,39,323,45,24,77,136,47,,,,,,,,*76
$GPGSV,2,1,06,05,30,107,45,10,11,309,30,18,63,253,48,20,26,052,27*75
$GPGSV,2,2,06,23,39,323,45,24,77,136,47,,,,,,,,*76
$GPGSV,2,1,06,05,30,107,45,10,11,309,30,18,63,253,48,20,26,052,27*75
$GPGSV,2,2,06,23,39,323,45,24,77,136,47,,,,,,,,*76
$GPGSV,2,1,06,05,30,107,45,10,11,309,30,18,63,253,48,20,26,052,27*75
$GPGSV,2,2,06,23,39,323,45,24,77,136,47,,,,,,,,*76
$GPGSV,2,1,06,05,30,107,45,10,11,309,30,18,63,253,48,20,26,052,28*7A
$GPGSV,2,2,06,23,39,323,45,24,77,136,47,,,,,,,,*76
$GPGSV,2,1,06,05,30,107,45,10,11,309,31,18,63,253,48,20,26,052,28*7B
$GPGSV,2,2,06,23,39,323,45,24,77,136,47,,,,,,,,*76
$GPGSV,2,1,06,05,30,107,45,10,11,309,31,18,63,253,48,20,26,052,28*7B
$GPGSV,2,2,06,23,39,323,45,24,77,136,47,,,,,,,,*76
$GPGSV,2,1,06,05,30,107,45,10,11,309,31,18,63,253,48,20,26,052,28*7B
$GPGSV,2,2,06,23,39,323,45,24,77,136,47,,,,,,,,*76
$GPGSV,2,1,06,05,30,107,45,10,11,309,31,18,63,253,48,20,26,052,28*7B
$GPGSV,2,2,06,23,39,323,45,24,77,136,47,,,,,,,,*76
$GPGSV,2,1,06,05,30,107,45,10,11,309,31,18,63,253,48,20,26,052,28*7B
$GPGSV,2,2,06,23,39,323,45,24,77,136,47,,,,,,,,*76
$GPGSV,2,1,06,05,30,107,45,10,11,309,31,18,63,253,48,20,26,052,29*7A
$GPGSV,2,2,06,23,39,323,45,24,77,136,47,,,,,,,,*76
$GPGSV,2,1,06,05,30,107,45,10,11,309,31,18,63,253,48,20,26,052,29*7A
$GPGSV,2,2,06,23,39,323,45,24,77,136,47,,,,,,,,*76
$GPGSV,2,1,06,05,30,107,45,10,11,309,31,18,63,253,48,20,26,052,29*7A
$GPGSV,2,2,06,23,39,323,45,24,77,136,47,,,,,,,,*76
$GPGSV,2,1,06,05,30,107,45,10,11,309,31,18,63,253,48,20,26,052,29*7A
$GPGSV,2,2,06,23,39,323,45,24,77,136,47,,,,,,,,*76
$GPGSV,2,1,06,05,30,107,45,10,11,309,31,18,63,253,48,20,26,052,29*7A
$GPGSV,2,2,06,23,39,323,45,24,77,136,47,,,,,,,,*76
$GPGSV,2,1,06,05,30,107,45,10,11,309,31,18,63,253,48,20,26,052,29*7A
$GPGSV,2,2,06,23,39,323,45,24,77,136,47,,,,,,,,*76
$GPGSV,2,1,06,05,30,107,45,10,11,309,31,18,63,253,48,20,26,052,29*7A
$GPGSV,2,2,06,23,39,323,45,24,77,136,47,,,,,,,,*76
$GPGSV,2,1,06,05,30,107,45,10,11,309,32,18,63,253,48,20,26,052,29*79
$GPGSV,2,2,06,23,39,323,45,24,77,136,47,,,,,,,,*76
$GPGSV,2,1,06,05,30,107,45,10,11,309,32,18,63,253,48,20,26,052,28*78
$GPGSV,2,2,06,23,39,323,45,24,77,136,47,,,,,,,,*76
$GPGSV,2,1,06,05,30,107,45,10,11,309,32,18,63,253,48,20,26,052,28*78
$GPGSV,2,2,06,23,39,323,46,24,77,136,47,,,,,,,,*75
$GPGSV,2,1,06,05,30,107,45,10,11,309,32,18,63,253,48,20,26,052,28*78
$GPGSV,2,2,06,23,39,323,46,24,77,136,47,,,,,,,,*75
$GPGSV,2,1,06,05,30,107,45,10,11,309,31,18,63,253,48,20,26,052,28*7B
$GPGSV,2,2,06,23,39,323,46,24,77,136,47,,,,,,,,*75
$GPGSV,2,1,06,05,30,107,45,10,11,309,31,18,63,253,48,20,26,052,28*7B
$GPGSV,2,2,06,23,39,323,46,24,77,136,47,,,,,,,,*75
$GPGSV,2,1,06,05,30,107,45,10,11,309,31,18,63,253,48,20,26,052,28*7B
$GPGSV,2,2,06,23,39,323,46,24,77,136,47,,,,,,,,*75
$GPGSV,2,1,06,05,30,107,45,10,11,309,31,18,63,253,48,20,26,052,27*74
$GPGSV,2,2,06,23,39,323,46,24,77,136,47,,,,,,,,*75
$GPGSV,2,1,06,05,30,107,45,10,11,309,31,18,63,253,48,20,26,052,27*74
$GPGSV,2,2,06,23,39,323,46,24,77,136,47,,,,,,,,*75
$GPGSV,2,1,06,05,30,107,45,10,11,309,31,18,63,253,48,20,26,052,27*74
$GPGSV,2,2,06,23,39,323,46,24,77,136,47,,,,,,,,*75
$GPGSV,2,1,06,05,30,107,45,10,11,309,31,18,63,253,48,20,26,052,27*74
$GPGSV,2,2,06,23,39,323,46,24,77,136,47,,,,,,,,*75
$GPGSV,2,1,06,05,30,107,45,10,11,309,31,18,63,253,48,20,26,052,27*74
$GPGSV,2,2,06,23,39,323,46,24,77,136,47,,,,,,,,*75
$GPGSV,2,1,06,05,30,107,45,10,11,309,31,18,63,253,48,20,26,052,27*74
$GPGSV,2,2,06,23,39,323,46,24,77,136,47,,,,,,,,*75
$GPGSV,2,1,06,05,30,107,45,10,11,309,31,18,63,253,48,20,26,052,27*74
$GPGSV,2,2,06,23,39,323,46,24,77,136,47,,,,,,,,*75
$GPGSV,2,1,06,05,30,107,45,10,11,309,31,18,63,253,48,20,26,052,27*74
$GPGSV,2,2,06,23,39,323,46,24,77,136,47,,,,,,,,*75
$GPGSV,2,1,06,05,30,107,45,10,11,309,31,18,63,253,48,20,26,052,27*74
$GPGSV,2,2,06,23,39,323,46,24,77,136,47,,,,,,,,*75
$GPGSV,2,1,06,05,30,107,45,10,11,309,31,18,63,253,48,20,26,052,27*74
$GPGSV,2,2,06,23,39,323,46,24,77,136,47,,,,,,,,*75
$GPGSV,2,1,06,05,30,107,45,10,11,309,30,18,63,253,48,20,26,052,27*75
$GPGSV,2,2,06,23,39,323,46,24,77,136,47,,,,,,,,*75
$GPGSV,2,1,06,05,30,107,45,10,11,309,29,18,63,253,48,20,26,052,27*7D
$GPGSV,2,2,06,23,39,323,46,24,77,136,47,,,,,,,,*75
$GPGSV,2,1,06,05,30,107,45,10,00,000,29,18,63,253,48,20,00,000,27*74
$GPGSV,2,2,06,23,39,323,46,24,77,136,47,,,,,,,,*75
$GPGSV,2,1,06,05,30,107,45,10,00,000,29,18,63,253,48,20,00,000,27*74
$GPGSV,2,2,06,23,39,323,46,24,77,136,47,,,,,,,,*75
$GPGSV,2,1,06,05,30,107,45,10,00,000,28,18,63,253,48,20,00,000,27*75
$GPGSV,2,2,06,23,39,323,46,24,77,136,47,,,,,,,,*75
$GPGSV,2,1,06,05,30,107,45,10,00,000,28,18,63,253,48,20,00,000,27*75
$GPGSV,2,2,06,23,39,323,46,24,77,136,47,,,,,,,,*75
$GPGSV,2,1,06,05,30,107,45,10,00,000,28,18,63,253,48,20,00,000,27*75
$GPGSV,2,2,06,23,39,323,46,24,77,136,47,,,,,,,,*75
$GPGSV,2,1,06,05,30,107,45,10,00,000,28,18,63,253,48,20,00,000,27*75
$GPGSV,2,2,06,23,39,323,46,24,77,136,47,,,,,,,,*75
$GPGSV,2,1,06,05,30,107,45,10,11,309,28,18,63,253,48,20,00,000,27*7F
$GPGSV,2,2,06,23,39,323,46,24,77,136,47,,,,,,,,*75
$GPGSV,2,1,06,05,30,107,45,10,11,309,28,18,63,253,48,20,26,052,27*7C
$GPGSV,2,2,06,23,39,323,46,24,77,136,47,,,,,,,,*75
$GPGSV,2,1,06,05,30,107,45,10,11,309,28,18,63,253,48,20,26,052,27*7C
$GPGSV,2,2,06,23,39,323,46,24,77,136,47,,,,,,,,*75
$GPGSV,2,1,06,05,30,107,45,10,11,309,29,18,63,253,48,20,26,052,27*7D
$GPGSV,2,2,06,23,39,323,46,24,77,136,47,,,,,,,,*75
$GPGSV,2,1,06,05,30,107,45,10,11,309,29,18,63,253,48,20,26,052,27*7D
$GPGSV,2,2,06,23,39,323,46,24,77,136,47,,,,,,,,*75
$GPGSV,2,1,06,05,30,107,45,10,11,309,29,18,63,253,48,20,26,052,27*7D
$GPGSV,2,2,06,23,39,323,46,24,77,136,47,,,,,,,,*75
$GPGSV,2,1,06,05,30,107,45,10,11,309,29,18,63,253,48,20,26,052,27*7D
$GPGSV,2,2,06,23,39,323,46,24,77,136,47,,,,,,,,*75
$GPGSV,2,1,06,05,30,107,45,10,11,309,29,18,63,253,48,20,26,052,27*7D
$GPGSV,2,2,06,23,39,323,46,24,77,136,47,,,,,,,,*75
$GPGSV,2,1,06,05,30,107,45,10,11,309,29,18,63,253,48,20,26,052,27*7D
$GPGSV,2,2,06,23,39,323,46,24,77,136,47,,,,,,,,*75
$GPGSV,2,1,06,05,30,107,45,10,11,309,29,18,63,253,48,20,26,052,27*7D
$GPGSV,2,2,06,23,39,323,46,24,77,136,47,,,,,,,,*75
$GPGSV,2,1,06,05,30,107,45,10,11,309,29,18,63,253,48,20,26,052,27*7D
$GPGSV,2,2,06,23,39,323,46,24,77,136,47,,,,,,,,*75
$GPGSV,2,1,06,05,30,107,45,10,11,309,29,18,63,253,48,20,26,052,28*72
$GPGSV,2,2,06,23,39,323,46,24,77,136,47,,,,,,,,*75
$GPGSV,2,1,06,05,30,107,45,10,11,309,29,18,63,253,48,20,26,052,28*72
$GPGSV,2,2,06,23,39,323,46,24,77,136,47,,,,,,,,*75
$GPGSV,2,1,06,05,30,107,45,10,11,309,30,18,63,253,48,20,26,052,28*7A
$GPGSV,2,2,06,23,39,323,46,24,77,136,47,,,,,,,,*75
$GPGSV,2,1,06,05,30,107,45,10,11,309,30,18,63,253,48,20,26,052,28*7A
$GPGSV,2,2,06,23,39,323,46,24,77,136,47,,,,,,,,*75
$GPGSV,2,1,06,05,30,107,45,10,11,309,30,18,63,253,48,20,26,052,29*7B
$GPGSV,2,2,06,23,39,323,46,24,77,136,47,,,,,,,,*75
$GPGSV,2,1,06,05,30,107,45,10,11,309,31,18,63,253,48,20,26,052,29*7A
$GPGSV,2,2,06,23,39,323,46,24,77,136,47,,,,,,,,*75
$GPGSV,2,1,06,05,30,107,45,10,11,309,31,18,63,253,48,20,26,052,29*7A
$GPGSV,2,2,06,23,39,323,46,24,77,136,47,,,,,,,,*75
$GPGSV,2,1,06,05,30,107,45,10,11,309,31,18,63,253,48,20,26,052,29*7A
$GPGSV,2,2,06,23,39,323,46,24,77,136,47,,,,,,,,*75
$GPGSV,2,1,06,05,30,107,45,10,11,309,32,18,63,253,48,20,26,052,30*71
$GPGSV,2,2,06,23,39,323,46,24,77,136,47,,,,,,,,*75
$GPGSV,2,1,06,05,30,107,45,10,11,309,32,18,63,253,48,20,26,052,30*71
$GPGSV,2,2,06,23,39,323,46,24,77,136,47,,,,,,,,*75
$GPGSV,2,1,06,05,30,107,45,10,11,309,32,18,63,253,48,20,26,052,30*71
$GPGSV,2,2,06,23,39,323,46,24,77,136,47,,,,,,,,*75
$GPGSV,2,1,06,05,30,107,45,10,11,309,31,18,63,253,48,20,26,052,30*72
$GPGSV,2,2,06,23,39,323,46,24,77,136,47,,,,,,,,*75
$GPGSV,2,1,06,05,30,107,45,10,11,309,31,18,63,253,48,20,26,052,30*72
$GPGSV,2,2,06,23,39,323,46,24,77,136,47,,,,,,,,*75
$GPGSV,2,1,06,05,30,107,45,10,11,309,31,18,63,253,48,20,26,052,29*7A
$GPGSV,2,2,06,23,39,323,46,24,77,136,47,,,,,,,,*75
$GPGSV,2,1,06,05,30,107,45,10,11,309,31,18,63,253,48,20,26,052,29*7A
$GPGSV,2,2,06,23,39,323,46,24,77,136,47,,,,,,,,*75
$GPGSV,2,1,06,05,30,107,45,10,11,309,31,18,63,253,48,20,26,052,29*7A
$GPGSV,2,2,06,23,39,323,46,24,77,136,47,,,,,,,,*75
$GPGSV,2,1,06,05,30,107,45,10,11,309,31,18,63,253,48,20,26,052,29*7A
$GPGSV,2,2,06,23,39,323,46,24,77,136,47,,,,,,,,*75
$GPGSV,2,1,06,05,30,107,45,10,11,309,31,18,63,253,48,20,26,052,29*7A
$GPGSV,2,2,06,23,39,323,46,24,77,136,47,,,,,,,,*75
$GPGSV,2,1,06,05,30,107,45,10,11,309,31,18,63,253,48,20,26,052,29*7A
$GPGSV,2,2,06,23,39,323,46,24,77,136,47,,,,,,,,*75
$GPGSV,2,1,06,05,30,107,45,10,11,309,31,18,63,253,48,20,26,052,29*7A
$GPGSV,2,2,06,23,39,323,46,24,77,136,47,,,,,,,,*75
$GPGSV,2,1,06,05,30,107,45,10,11,309,31,18,63,253,48,20,26,052,29*7A
$GPGSV,2,2,06,23,39,323,46,24,77,136,47,,,,,,,,*75
$GPGSV,2,1,06,05,30,107,45,10,11,309,32,18,63,253,48,20,26,052,29*79
$GPGSV,2,2,06,23,39,323,46,24,77,136,47,,,,,,,,*75
$GPGSV,2,1,06,05,30,107,45,10,11,309,32,18,63,253,48,20,26,052,29*79
$GPGSV,2,2,06,23,39,323,46,24,77,136,47,,,,,,,,*75
$GPGSV,2,1,06,05,30,107,45,10,11,309,32,18,63,253,48,20,26,052,29*79
$GPGSV,2,2,06,23,39,323,46,24,77,136,47,,,,,,,,*75
$GPGSV,2,1,06,05,30,108,45,10,11,309,32,18,63,253,48,20,26,052,29*76
$GPGSV,2,2,06,23,39,323,46,24,77,136,47,,,,,,,,*75
$GPGSV,2,1,06,05,30,108,45,10,11,309,32,18,63,253,48,20,26,052,29*76
$GPGSV,2,2,06,23,39,323,46,24,77,136,47,,,,,,,,*75
$GPGSV,2,1,06,05,30,108,45,10,11,309,32,18,63,253,48,20,26,052,29*76
$GPGSV,2,2,06,23,39,323,46,24,77,136,47,,,,,,,,*75
$GPGSV,2,1,06,05,30,108,45,10,11,309,32,18,63,253,48,20,26,052,29*76
$GPGSV,2,2,06,23,39,323,46,24,77,136,47,,,,,,,,*75
$GPGSV,2,1,06,05,30,108,45,10,11,309,32,18,63,253,48,20,26,052,29*76
$GPGSV,2,2,06,23,39,323,46,24,77,136,47,,,,,,,,*75
$GPGSV,2,1,06,05,30,108,45,10,11,309,31,18,63,253,48,20,26,052,28*74
$GPGSV,2,2,06,23,39,323,46,24,77,136,47,,,,,,,,*75
$GPGSV,2,1,06,05,30,108,45,10,11,309,31,18,63,253,48,20,26,052,28*74
$GPGSV,2,2,06,23,39,323,46,24,77,136,47,,,,,,,,*75
$GPGSV,2,1,06,05,30,108,45,10,11,309,32,18,63,253,48,20,26,052,28*77
$GPGSV,2,2,06,23,39,323,46,24,77,136,47,,,,,,,,*75
$GPGSV,2,1,06,05,30,108,45,10,11,309,32,18,63,253,48,20,26,052,28*77
$GPGSV,2,2,06,23,39,323,46,24,77,136,47,,,,,,,,*75
$GPGSV,2,1,06,05,30,108,45,10,11,309,32,18,63,253,48,20,26,052,28*77
$GPGSV,2,2,06,23,39,323,46,24,77,136,47,,,,,,,,*75
$GPGSV,2,1,06,05,30,108,45,10,11,309,32,18,63,253,48,20,26,052,28*77
$GPGSV,2,2,06,23,39,323,46,24,78,136,47,,,,,,,,*7A
$GPGSV,2,1,06,05,30,108,45,10,11,309,32,18,63,253,48,20,26,052,28*77
$GPGSV,2,2,06,23,39,323,46,24,78,136,47,,,,,,,,*7A
$GPGSV,2,1,06,05,30,108,45,10,11,309,32,18,63,253,48,20,00,000,27*7B
$GPGSV,2,2,06,23,39,323,46,24,78,136,47,,,,,,,,*7A
$GPGSV,2,1,06,05,30,108,45,10,11,309,31,18,63,253,48,20,00,000,27*78
$GPGSV,2,2,06,23,39,323,46,24,78,136,47,,,,,,,,*7A
$GPGSV,2,1,06,05,30,108,45,10,11,309,31,18,63,253,48,20,00,000,27*78
$GPGSV,2,2,06,23,39,323,46,24,78,136,47,,,,,,,,*7A
$GPGSV,2,1,06,05,30,108,45,10,11,309,30,18,63,253,48,20,26,052,27*7A
$GPGSV,2,2,06,23,39,323,46,24,78,136,47,,,,,,,,*7A
$GPGSV,2,1,06,05,30,108,45,10,11,309,29,18,63,253,48,20,26,052,26*73
$GPGSV,2,2,06,23,39,323,46,24,78,136,47,,,,,,,,*7A
$GPGSV,2,1,06,05,30,108,45,10,11,309,28,18,63,253,48,20,26,052,26*72
$GPGSV,2,2,06,23,39,323,46,24,78,136,47,,,,,,,,*7A
$GPGSV,2,1,06,05,30,108,45,10,11,309,27,18,63,253,48,20,26,052,26*7D
$GPGSV,2,2,06,23,39,323,46,24,78,136,47,,,,,,,,*7A
$GPGSV,2,1,06,05,30,108,45,10,00,000,27,18,63,253,48,20,00,000,26*74
$GPGSV,2,2,06,23,39,323,46,24,78,136,47,,,,,,,,*7A
$GPGSV,2,1,06,05,30,108,45,10,00,000,27,18,63,253,48,20,00,000,26*74
$GPGSV,2,2,06,23,39,323,46,24,78,136,47,,,,,,,,*7A
$GPGSV,2,1,06,05,30,108,45,10,11,309,27,18,63,253,48,20,26,052,27*7C
$GPGSV,2,2,06,23,39,323,46,24,78,136,47,,,,,,,,*7A
$GPGSV,2,1,06,05,30,108,45,10,11,309,27,18,63,253,48,20,26,052,27*7C
$GPGSV,2,2,06,23,39,323,46,24,78,136,47,,,,,,,,*7A
$GPGSV,2,1,06,05,30,108,45,10,11,309,26,18,63,253,48,20,26,052,27*7D
$GPGSV,2,2,06,23,39,323,46,24,78,136,47,,,,,,,,*7A
$GPGSV,2,1,06,05,30,108,45,10,11,309,26,18,63,253,48,20,26,052,27*7D
$GPGSV,2,2,06,23,39,323,46,24,78,136,47,,,,,,,,*7A
$GPGSV,2,1,06,05,30,108,45,10,11,309,25,18,63,253,48,20,26,052,27*7E
$GPGSV,2,2,06,23,39,323,46,24,78,136,47,,,,,,,,*7A
$GPGSV,2,1,06,05,30,108,45,10,11,309,25,18,63,253,48,20,26,052,28*71
$GPGSV,2,2,06,23,39,323,46,24,78,136,47,,,,,,,,*7A
$GPGSV,2,1,06,05,30,108,45,10,11,309,25,18,63,253,48,20,26,052,28*71
$GPGSV,2,2,06,23,39,323,46,24,78,136,47,,,,,,,,*7A
$GPGSV,2,1,06,05,30,108,45,10,11,309,26,18,63,253,48,20,26,052,28*72
$GPGSV,2,2,06,23,39,323,46,24,78,136,47,,,,,,,,*7A
$GPGSV,2,1,06,05,30,108,45,10,11,309,26,18,63,253,48,20,26,052,28*72
$GPGSV,2,2,06,23,39,323,46,24,78,136,47,,,,,,,,*7A
$GPGSV,2,1,06,05,30,108,45,10,11,309,27,18,63,253,48,20,26,052,28*73
$GPGSV,2,2,06,23,39,323,46,24,78,136,47,,,,,,,,*7A
$GPGSV,2,1,06,05,30,108,45,10,11,309,27,18,63,253,48,20,26,052,28*73
$GPGSV,2,2,06,23,39,323,46,24,78,136,47,,,,,,,,*7A
$GPGSV,2,1,06,05,30,108,45,10,11,309,28,18,63,253,48,20,26,052,28*7C
$GPGSV,2,2,06,23,39,323,46,24,78,136,47,,,,,,,,*7A
$GPGSV,2,1,06,05,30,108,45,10,11,309,28,18,63,253,48,20,26,052,28*7C
$GPGSV,2,2,06,23,39,323,46,24,78,136,47,,,,,,,,*7A
$GPGSV,2,1,06,05,30,108,45,10,11,309,28,18,63,253,48,20,26,052,28*7C
$GPGSV,2,2,06,23,39,323,45,24,78,136,47,,,,,,,,*79
$GPGSV,2,1,06,05,30,108,45,10,11,309,28,18,63,253,48,20,26,052,28*7C
$GPGSV,2,2,06,23,39,323,45,24,78,136,47,,,,,,,,*79
$GPGSV,2,1,06,05,30,108,45,10,11,309,28,18,63,253,48,20,26,052,28*7C
$GPGSV,2,2,06,23,39,323,45,24,78,136,47,,,,,,,,*79
$GPGSV,2,1,06,05,30,108,45,10,11,309,28,18,63,253,48,20,26,052,28*7C
$GPGSV,2,2,06,23,39,323,45,24,78,136,47,,,,,,,,*79
$GPGSV,2,1,06,05,30,108,45,10,11,309,28,18,63,253,48,20,26,052,28*7C
$GPGSV,2,2,06,23,39,323,45,24,78,136,47,,,,,,,,*79
$GPGSV,2,1,06,05,30,108,45,10,11,309,29,18,63,253,48,20,26,052,28*7D
$GPGSV,2,2,06,23,39,323,45,24,78,136,47,,,,,,,,*79
$GPGSV,2,1,06,05,30,108,45,10,11,309,29,18,63,253,48,20,26,052,28*7D
$GPGSV,2,2,06,23,39,323,45,24,78,136,47,,,,,,,,*79
$GPGSV,2,1,06,05,30,108,45,10,11,309,29,18,63,253,48,20,26,052,27*72
$GPGSV,2,2,06,23,39,323,45,24,78,136,47,,,,,,,,*79
$GPGSV,2,1,06,05,30,108,46,10,11,309,29,18,63,253,48,20,26,052,27*71
$GPGSV,2,2,06,23,39,323,45,24,78,136,47,,,,,,,,*79
$GPGSV,2,1,06,05,30,108,46,10,11,309,29,18,63,253,48,20,00,000,26*73
$GPGSV,2,2,06,23,39,323,45,24,78,136,47,,,,,,,,*79
$GPGSV,2,1,06,05,30,108,46,10,11,309,29,18,63,253,48,20,00,000,26*73
$GPGSV,2,2,06,23,39,323,45,24,78,136,47,,,,,,,,*79
$GPGSV,2,1,06,05,30,108,46,10,11,309,29,18,63,253,48,20,00,000,25*70
$GPGSV,2,2,06,23,39,323,45,24,78,136,47,,,,,,,,*79
$GPGSV,2,1,06,05,30,108,46,10,11,309,29,18,63,253,48,20,26,052,25*73
$GPGSV,2,2,06,23,39,323,45,24,78,136,47,,,,,,,,*79
$GPGSV,2,1,06,05,30,108,46,10,11,309,29,18,63,253,48,20,26,052,24*72
$GPGSV,2,2,06,23,39,323,45,24,78,136,47,,,,,,,,*79
$GPGSV,2,1,06,05,30,108,46,10,11,309,29,18,63,253,48,20,26,052,24*72
$GPGSV,2,2,06,23,39,323,45,24,78,136,47,,,,,,,,*79
$GPGSV,2,1,06,05,30,108,46,10,11,309,29,18,63,253,48,20,26,052,24*72
$GPGSV,2,2,06,23,39,323,45,24,78,136,47,,,,,,,,*79
$GPGSV,2,1,06,05,30,108,46,10,11,309,29,18,63,253,48,20,00,000,23*76
$GPGSV,2,2,06,23,40,323,45,24,78,136,47,,,,,,,,*77
$GPGSV,2,1,06,05,30,108,46,10,11,309,30,18,63,253,48,20,00,000,23*7E
$GPGSV,2,2,06,23,40,323,45,24,78,136,47,,,,,,,,*77
$GPGSV,2,1,06,05,30,108,46,10,11,309,30,18,63,253,48,20,00,000,23*7E
$GPGSV,2,2,06,23,40,323,45,24,78,136,47,,,,,,,,*77
$GPGSV,2,1,06,05,30,108,46,10,11,309,30,18,63,253,48,20,00,000,22*7F
$GPGSV,2,2,06,23,40,323,45,24,78,136,47,,,,,,,,*77
$GPGSV,2,1,06,05,30,108,46,10,11,309,30,18,63,253,48,20,00,000,22*7F
$GPGSV,2,2,06,23,40,323,45,24,78,136,47,,,,,,,,*77
$GPGSV,2,1,06,05,30,108,46,10,11,309,30,18,63,253,48,20,00,000,22*7F
$GPGSV,2,2,06,23,40,323,45,24,78,136,47,,,,,,,,*77
$GPGSV,2,1,06,05,30,108,46,10,11,309,30,18,63,253,48,20,00,000,22*7F
$GPGSV,2,2,06,23,40,323,45,24,78,136,47,,,,,,,,*77
$GPGSV,2,1,06,05,30,108,46,10,11,309,30,18,63,253,48,20,00,000,21*7C
$GPGSV,2,2,06,23,40,323,45,24,78,136,47,,,,,,,,*77
$GPGSV,2,1,06,05,30,108,46,10,11,309,30,18,63,253,48,20,00,000,21*7C
$GPGSV,2,2,06,23,40,323,45,24,78,136,47,,,,,,,,*77
$GPGSV,2,1,06,05,30,108,46,10,11,309,30,18,63,253,47,20,00,000,21*73
$GPGSV,2,2,06,23,40,323,45,24,78,136,47,,,,,,,,*77
$GPGSV,2,1,06,05,30,108,46,10,11,309,30,18,63,253,47,20,00,000,21*73
$GPGSV,2,2,06,23,40,323,45,24,78,135,47,,,,,,,,*74
$GPGSV,2,1,06,05,30,108,46,10,11,309,31,18,63,253,47,20,00,000,20*73
$GPGSV,2,2,06,23,40,323,45,24,78,135,47,,,,,,,,*74
$GPGSV,2,1,06,05,30,108,45,10,11,309,31,18,63,253,47,20,00,000,20*70
$GPGSV,2,2,06,23,40,323,45,24,78,135,47,,,,,,,,*74
$GPGSV,2,1,06,05,30,108,45,10,11,309,31,18,63,253,47,20,00,000,20*70
$GPGSV,2,2,06,23,40,323,45,24,78,135,47,,,,,,,,*74
$GPGSV,2,1,06,05,30,108,45,10,11,309,31,18,63,253,47,20,00,000,20*70
$GPGSV,2,2,06,23,40,323,45,24,78,135,47,,,,,,,,*74
$GPGSV,2,1,06,05,30,108,45,10,11,309,31,18,63,253,47,20,00,000,20*70
$GPGSV,2,2,06,23,40,323,45,24,78,135,47,,,,,,,,*74
$GPGSV,2,1,05,05,30,108,45,10,11,309,30,18,63,253,47,23,40,323,45*74
$GPGSV,2,2,05,24,78,135,47,,,,,,,,,,,,*41
$GPGSV,2,1,05,05,30,108,45,10,11,309,30,18,63,253,47,23,40,323,45*74
$GPGSV,2,2,05,24,78,135,47,,,,,,,,,,,,*41
$GPGSV,2,1,05,05,30,108,45,10,11,309,30,18,63,253,47,23,40,323,45*74
$GPGSV,2,2,05,24,78,135,46,,,,,,,,,,,,*40
$GPGSV,2,1,05,05,30,108,45,10,11,309,29,18,63,253,47,23,40,323,45*7C
$GPGSV,2,2,05,24,78,135,46,,,,,,,,,,,,*40
$GPGSV,2,1,05,05,30,108,45,10,11,309,27,18,63,253,47,23,40,323,45*72
$GPGSV,2,2,05,24,78,135,46,,,,,,,,,,,,*40
$GPGSV,2,1,05,05,30,108,45,10,11,309,27,18,63,253,47,23,40,323,45*72
$GPGSV,2,2,05,24,78,135,46,,,,,,,,,,,,*40
$GPGSV,2,1,05,05,30,108,45,10,11,309,26,18,63,253,47,23,40,323,45*73
$GPGSV,2,2,05,24,78,135,46,,,,,,,,,,,,*40
$GPGSV,2,1,05,05,30,108,45,10,00,000,25,18,63,253,47,23,40,323,45*7A
$GPGSV,2,2,05,24,78,135,46,,,,,,,,,,,,*40
$GPGSV,2,1,05,05,30,108,45,10,00,000,25,18,63,253,47,23,40,323,45*7A
$GPGSV,2,2,05,24,78,135,46,,,,,,,,,,,,*40
$GPGSV,2,1,05,05,30,108,45,10,11,309,25,18,63,253,47,23,40,323,45*70
$GPGSV,2,2,05,24,78,135,46,,,,,,,,,,,,*40
$GPGSV,2,1,05,05,30,108,45,10,11,309,26,18,63,253,47,23,40,323,45*73
$GPGSV,2,2,05,24,78,135,46,,,,,,,,,,,,*40
$GPGSV,2,1,05,05,30,108,45,10,11,309,26,18,63,253,47,23,40,323,45*73
$GPGSV,2,2,05,24,78,135,46,,,,,,,,,,,,*40
$GPGSV,2,1,05,05,30,108,45,10,11,309,27,18,63,253,47,23,40,323,45*72
$GPGSV,2,2,05,24,78,135,46,,,,,,,,,,,,*40
$GPGSV,2,1,05,05,30,108,45,10,11,309,27,18,63,253,47,23,40,323,45*72
$GPGSV,2,2,05,24,78,135,46,,,,,,,,,,,,*40
$GPGSV,2,1,05,05,30,108,44,10,11,309,28,18,63,253,47,23,40,323,45*7C
$GPGSV,2,2,05,24,78,135,46,,,,,,,,,,,,*40
$GPGSV,2,1,05,05,30,108,44,10,11,309,29,18,63,253,47,23,40,323,45*7D
$GPGSV,2,2,05,24,78,135,46,,,,,,,,,,,,*40
$GPGSV,2,1,05,05,30,108,44,10,11,309,29,18,63,253,47,23,40,323,45*7D
$GPGSV,2,2,05,24,78,135,46,,,,,,,,,,,,*40
$GPGSV,2,1,05,05,30,108,44,10,11,309,30,18,63,253,47,23,40,323,45*75
$GPGSV,2,2,05,24,78,135,46,,,,,,,,,,,,*40
$GPGSV,2,1,05,05,30,108,44,10,11,309,31,18,63,253,47,23,40,323,45*74
$GPGSV,2,2,05,24,78,135,46,,,,,,,,,,,,*40
$GPGSV,2,1,05,05,30,108,44,10,12,309,31,18,63,253,47,23,40,323,45*77
$GPGSV,2,2,05,24,78,135,46,,,,,,,,,,,,*40
$GPGSV,2,1,05,05,30,108,44,10,12,309,31,18,63,253,47,23,40,323,45*77
$GPGSV,2,2,05,24,78,135,46,,,,,,,,,,,,*40
$GPGSV,2,1,05,05,30,108,45,10,12,309,32,18,63,253,47,23,40,323,45*75
$GPGSV,2,2,05,24,78,135,46,,,,,,,,,,,,*40
$GPGSV,2,1,05,05,30,108,45,10,12,309,32,18,63,253,47,23,40,323,45*75
$GPGSV,2,2,05,24,78,135,46,,,,,,,,,,,,*40
$GPGSV,2,1,05,05,30,108,45,10,12,309,32,18,63,253,47,23,40,323,45*75
$GPGSV,2,2,05,24,78,135,46,,,,,,,,,,,,*40
$GPGSV,2,1,05,05,30,108,45,10,12,309,32,18,63,253,47,23,40,323,45*75
$GPGSV,2,2,05,24,78,135,46,,,,,,,,,,,,*40
$GPGSV,2,1,05,05,30,108,45,10,12,309,32,18,63,253,47,23,40,323,45*75
$GPGSV,2,2,05,24,78,135,46,,,,,,,,,,,,*40
$GPGSV,2,1,05,05,30,108,45,10,12,309,32,18,63,253,47,23,40,323,45*75
$GPGSV,2,2,05,24,78,135,46,,,,,,,,,,,,*40
$GPGSV,2,1,05,05,30,108,45,10,12,309,32,18,63,253,47,23,40,323,45*75
$GPGSV,2,2,05,24,78,135,46,,,,,,,,,,,,*40
$GPGSV,2,1,05,05,30,108,45,10,12,309,32,18,63,253,47,23,40,323,45*75
$GPGSV,2,2,05,24,78,135,46,,,,,,,,,,,,*40
$GPGSV,2,1,06,05,30,108,45,10,12,309,32,18,63,253,47,20,00,000,27*77
$GPGSV,2,2,06,23,40,323,45,24,78,135,46,,,,,,,,*75
$GPGSV,2,1,06,05,30,108,45,10,12,309,32,18,63,253,47,20,00,000,27*77
$GPGSV,2,2,06,23,40,323,45,24,78,135,46,,,,,,,,*75
$GPGSV,2,1,06,05,30,108,45,10,12,309,32,18,63,253,47,20,00,000,26*76
$GPGSV,2,2,06,23,40,323,45,24,78,135,46,,,,,,,,*75
$GPGSV,2,1,06,05,30,108,45,10,12,309,32,18,63,253,47,20,00,000,25*75
$GPGSV,2,2,06,23,40,323,45,24,78,135,46,,,,,,,,*75
$GPGSV,2,1,06,05,30,108,45,10,12,309,32,18,63,253,47,20,00,000,25*75
$GPGSV,2,2,06,23,40,323,45,24,78,135,46,,,,,,,,*75
$GPGSV,2,1,06,05,30,108,45,10,12,309,32,18,63,253,47,20,00,000,24*74
$GPGSV,2,2,06,23,40,323,45,24,78,135,46,,,,,,,,*75
$GPGSV,2,1,06,05,30,108,45,10,12,309,31,18,63,253,47,20,00,000,24*77
$GPGSV,2,2,06,23,40,323,45,24,78,135,46,,,,,,,,*75
$GPGSV,2,1,06,05,30,108,45,10,12,309,31,18,63,253,47,20,00,000,24*77
$GPGSV,2,2,06,23,40,323,45,24,78,135,46,,,,,,,,*75
$GPGSV,2,1,06,05,30,108,45,10,12,309,31,18,63,253,47,20,26,052,24*74
$GPGSV,2,2,06,23,40,323,45,24,78,135,46,,,,,,,,*75
$GPGSV,2,1,06,05,30,108,45,10,12,309,31,18,63,253,47,20,00,000,24*77
$GPGSV,2,2,06,23,40,323,45,24,78,135,46,,,,,,,,*75
$GPGSV,2,1,06,05,30,108,45,10,12,309,31,18,63,253,47,20,00,000,24*77
$GPGSV,2,2,06,23,40,323,45,24,78,135,46,,,,,,,,*75
$GPGSV,2,1,06,05,30,108,45,10,12,309,31,18,63,253,47,20,00,000,24*77
$GPGSV,2,2,06,23,40,323,45,24,78,135,46,,,,,,,,*75
$GPGSV,2,1,06,05,30,108,45,10,12,309,31,18,63,253,47,20,00,000,24*77
$GPGSV,2,2,06,23,40,323,45,24,78,135,46,,,,,,,,*75
$GPGSV,2,1,06,05,30,108,45,10,12,309,31,18,63,253,47,20,26,052,24*74
$GPGSV,2,2,06,23,40,323,45,24,78,135,46,,,,,,,,*75
$GPGSV,2,1,06,05,30,108,45,10,12,309,31,18,63,253,47,20,26,052,24*74
$GPGSV,2,2,06,23,40,323,45,24,78,135,46,,,,,,,,*75
$GPGSV,2,1,06,05,30,108,45,10,12,309,31,18,63,253,47,20,26,052,25*75
$GPGSV,2,2,06,23,40,323,45,24,78,135,46,,,,,,,,*75
$GPGSV,2,1,06,05,30,108,45,10,12,309,31,18,63,253,47,20,26,052,24*74
$GPGSV,2,2,06,23,40,323,45,24,78,135,46,,,,,,,,*75
$GPGSV,2,1,06,05,30,108,45,10,12,309,31,18,63,253,47,20,00,000,24*77
$GPGSV,2,2,06,23,40,323,45,24,78,135,46,,,,,,,,*75
$GPGSV,2,1,06,05,30,108,45,10,12,309,31,18,63,253,47,20,00,000,24*77
$GPGSV,2,2,06,23,40,323,45,24,78,135,46,,,,,,,,*75
$GPGSV,2,1,06,05,30,108,45,10,12,309,31,18,63,253,47,20,00,000,23*70
$GPGSV,2,2,06,23,40,323,45,24,78,135,46,,,,,,,,*75
$GPGSV,2,1,06,05,30,108,45,10,12,309,31,18,63,253,46,20,00,000,23*71
$GPGSV,2,2,06,23,40,323,45,24,78,135,46,,,,,,,,*75
$GPGSV,2,1,06,05,30,108,45,10,12,309,31,18,63,253,46,20,00,000,23*71
$GPGSV,2,2,06,23,40,323,45,24,78,135,46,,,,,,,,*75
$GPGSV,2,1,06,05,30,108,45,10,12,309,31,18,63,253,46,20,00,000,22*70
$GPGSV,2,2,06,23,40,323,45,24,78,135,46,,,,,,,,*75
$GPGSV,2,1,06,05,30,108,45,10,12,309,31,18,63,253,46,20,00,000,22*70
$GPGSV,2,2,06,23,40,323,45,24,78,135,46,,,,,,,,*75
$GPGSV,2,1,06,05,30,108,45,10,12,309,32,18,63,253,46,20,00,000,21*70
$GPGSV,2,2,06,23,40,323,45,24,78,135,47,,,,,,,,*74
$GPGSV,2,1,06,05,30,108,45,10,12,309,32,18,63,253,46,20,00,000,21*70
$GPGSV,2,2,06,23,40,323,45,24,78,135,47,,,,,,,,*74
$GPGSV,2,1,06,05,30,108,45,10,12,309,32,18,63,253,46,20,00,000,20*71
$GPGSV,2,2,06,23,40,323,45,24,78,135,46,,,,,,,,*75
$GPGSV,2,1,06,05,30,108,45,10,12,309,32,18,63,253,46,20,00,000,19*7B
$GPGSV,2,2,06,23,40,323,45,24,78,135,46,,,,,,,,*75
$GPGSV,2,1,06,05,30,108,45,10,12,309,32,18,63,253,46,20,00,000,19*7B
$GPGSV,2,2,06,23,40,323,45,24,78,135,46,,,,,,,,*75
$GPGSV,2,1,06,05,30,108,45,10,12,309,32,18,63,253,46,20,00,000,18*7A
$GPGSV,2,2,06,23,40,323,45,24,78,135,46,,,,,,,,*75
$GPGSV,2,1,06,05,30,108,45,10,12,309,32,18,63,253,46,20,00,000,17*75
$GPGSV,2,2,06,23,40,323,45,24,78,135,46,,,,,,,,*75
$GPGSV,2,1,06,05,30,108,45,10,12,309,32,18,63,253,46,20,00,000,17*75
$GPGSV,2,2,06,23,40,323,45,24,78,135,46,,,,,,,,*75
$GPGSV,2,1,06,05,30,108,45,10,12,309,32,18,63,253,46,20,00,000,16*74
$GPGSV,2,2,06,23,40,323,45,24,78,135,46,,,,,,,,*75
$GPGSV,2,1,06,05,30,108,45,10,12,309,32,18,63,253,46,20,00,000,17*75
$GPGSV,2,2,06,23,40,323,45,24,78,135,46,,,,,,,,*75
$GPGSV,2,1,06,05,30,108,45,10,12,309,32,18,63,253,46,20,00,000,17*75
$GPGSV,2,2,06,23,40,323,45,24,78,135,46,,,,,,,,*75
$GPGSV,2,1,06,05,30,108,45,10,12,309,32,18,63,253,46,20,00,000,18*7A
$GPGSV,2,2,06,23,40,323,45,24,78,135,46,,,,,,,,*75
$GPGSV,2,1,06,05,30,108,45,10,12,309,32,18,63,253,46,20,00,000,18*7A
$GPGSV,2,2,06,23,40,323,45,24,78,135,46,,,,,,,,*75
$GPGSV,2,1,05,05,30,108,45,10,12,309,32,18,63,253,46,23,40,323,45*74
$GPGSV,2,2,05,24,78,135,46,,,,,,,,,,,,*40
$GPGSV,2,1,05,05,30,108,45,10,12,309,32,18,63,253,46,23,40,323,45*74
$GPGSV,2,2,05,24,78,135,46,,,,,,,,,,,,*40
$GPGSV,2,1,05,05,30,108,45,10,12,309,32,18,63,253,46,23,40,323,45*74
$GPGSV,2,2,05,24,78,135,46,,,,,,,,,,,,*40
$GPGSV,2,1,05,05,30,108,45,10,12,309,32,18,63,253,46,23,40,323,45*74
$GPGSV,2,2,05,24,78,135,46,,,,,,,,,,,,*40
$GPGSV,2,1,05,05,30,108,45,10,12,309,32,18,63,253,46,23,40,323,45*74
$GPGSV,2,2,05,24,78,135,46,,,,,,,,,,,,*40
$GPGSV,2,1,05,05,30,108,45,10,12,309,32,18,63,253,46,23,40,323,45*74
$GPGSV,2,2,05,24,78,135,46,,,,,,,,,,,,*40
$GPGSV,2,1,05,05,30,108,45,10,12,309,32,18,63,253,46,23,40,323,45*74
$GPGSV,2,2,05,24,78,135,46,,,,,,,,,,,,*40
$GPGSV,2,1,05,05,30,108,45,10,12,309,32,18,63,253,46,23,40,323,45*74
$GPGSV,2,2,05,24,78,135,46,,,,,,,,,,,,*40
$GPGSV,2,1,05,05,30,108,44,10,12,309,32,18,63,253,46,23,40,323,45*75
$GPGSV,2,2,05,24,78,135,46,,,,,,,,,,,,*40
$GPGSV,2,1,05,05,30,108,44,10,12,309,32,18,63,253,46,23,40,323,45*75
$GPGSV,2,2,05,24,78,135,46,,,,,,,,,,,,*40
$GPGSV,2,1,05,05,30,108,44,10,12,309,32,18,63,253,46,23,40,323,45*75
$GPGSV,2,2,05,24,78,135,46,,,,,,,,,,,,*40
$GPGSV,2,1,05,05,30,108,44,10,12,309,32,18,63,253,46,23,40,323,45*75
$GPGSV,2,2,05,24,78,135,46,,,,,,,,,,,,*40
$GPGSV,2,1,05,05,30,108,44,10,12,309,32,18,63,253,46,23,40,323,45*75
$GPGSV,2,2,05,24,78,135,46,,,,,,,,,,,,*40
$GPGSV,2,1,05,05,30,108,44,10,12,309,32,18,63,253,46,23,40,323,45*75
$GPGSV,2,2,05,24,78,135,46,,,,,,,,,,,,*40
$GPGSV,2,1,06,05,30,108,45,10,12,309,32,18,63,253,46,20,00,000,29*78
$GPGSV,2,2,06,23,40,323,45,24,78,135,46,,,,,,,,*75
$GPGSV,2,1,06,05,30,108,45,10,12,309,32,18,63,253,47,20,00,000,31*70
$GPGSV,2,2,06,23,40,323,44,24,78,135,46,,,,,,,,*74
$GPGSV,2,1,06,05,30,108,45,10,12,309,32,18,63,253,47,20,00,000,30*71
$GPGSV,2,2,06,23,40,323,44,24,78,135,46,,,,,,,,*74
$GPGSV,2,1,06,05,30,108,45,10,12,309,32,18,63,253,47,20,00,000,30*71
$GPGSV,2,2,06,23,40,323,44,24,78,135,46,,,,,,,,*74
$GPGSV,2,1,05,05,29,108,45,10,12,309,32,18,63,252,47,23,40,323,44*7D
$GPGSV,2,2,05,24,78,135,46,,,,,,,,,,,,*40
$GPGSV,2,1,05,05,29,108,45,10,12,309,32,18,63,252,47,23,40,323,44*7D
$GPGSV,2,2,05,24,78,135,46,,,,,,,,,,,,*40
$GPGSV,2,1,05,05,29,108,45,10,12,309,32,18,63,252,47,23,40,323,44*7D
$GPGSV,2,2,05,24,78,135,46,,,,,,,,,,,,*40
$GPGSV,2,1,05,05,29,108,45,10,12,309,32,18,63,252,47,23,40,323,44*7D
$GPGSV,2,2,05,24,78,135,46,,,,,,,,,,,,*40
$GPGSV,2,1,05,05,29,108,45,10,12,309,32,18,63,252,47,23,40,323,44*7D
$GPGSV,2,2,05,24,78,135,46,,,,,,,,,,,,*40
$GPGSV,2,1,05,05,29,108,44,10,12,309,32,18,63,252,47,23,40,323,44*7C
$GPGSV,2,2,05,24,78,135,46,,,,,,,,,,,,*40
$GPGSV,2,1,05,05,29,108,44,10,12,309,32,18,63,252,47,23,40,323,44*7C
$GPGSV,2,2,05,24,78,135,46,,,,,,,,,,,,*40
$GPGSV,2,1,05,05,29,108,44,10,12,309,32,18,63,252,47,23,40,323,44*7C
$GPGSV,2,2,05,24,78,135,46,,,,,,,,,,,,*40
$GPGSV,2,1,05,05,29,108,44,10,12,309,32,18,63,252,47,23,40,323,44*7C
$GPGSV,2,2,05,24,78,135,46,,,,,,,,,,,,*40
$GPGSV,2,1,05,05,29,108,44,10,12,309,32,18,63,252,47,23,40,323,44*7C
$GPGSV,2,2,05,24,78,135,46,,,,,,,,,,,,*40
$GPGSV,2,1,05,05,29,108,44,10,12,309,32,18,63,252,47,23,40,323,44*7C
$GPGSV,2,2,05,24,78,135,46,,,,,,,,,,,,*40
$GPGSV,2,1,05,05,29,108,44,10,12,309,32,18,63,252,47,23,40,323,44*7C
$GPGSV,2,2,05,24,78,135,46,,,,,,,,,,,,*40
$GPGSV,2,1,05,05,29,108,44,10,12,309,32,18,63,252,47,23,40,323,44*7C
$GPGSV,2,2,05,24,78,135,46,,,,,,,,,,,,*40
$GPGSV,2,1,06,05,29,108,44,10,12,309,33,18,63,252,47,20,00,000,26*7F
$GPGSV,2,2,06,23,40,323,44,24,78,135,46,,,,,,,,*74
$GPGSV,2,1,06,05,29,108,44,10,12,309,33,18,63,252,47,20,00,000,26*7F
$GPGSV,2,2,06,23,40,323,44,24,78,135,46,,,,,,,,*74
$GPGSV,2,1,06,05,29,108,44,10,12,309,33,18,63,252,47,20,00,000,25*7C
$GPGSV,2,2,06,23,40,323,44,24,78,135,46,,,,,,,,*74
$GPGSV,2,1,06,05,29,108,44,10,12,309,33,18,63,252,47,20,00,000,24*7D
$GPGSV,2,2,06,23,40,323,44,24,78,135,46,,,,,,,,*74
$GPGSV,2,1,06,05,29,108,44,10,12,309,33,18,63,252,46,20,00,000,24*7C
$GPGSV,2,2,06,23,40,323,44,24,78,135,46,,,,,,,,*74
$GPGSV,2,1,06,05,29,108,44,10,12,309,33,18,63,252,46,20,00,000,24*7C
$GPGSV,2,2,06,23,40,323,44,24,78,135,46,,,,,,,,*74
$GPGSV,2,1,06,05,29,108,44,10,12,309,33,18,63,252,46,20,00,000,24*7C
$GPGSV,2,2,06,23,40,323,44,24,78,135,46,,,,,,,,*74
$GPGSV,2,1,06,05,29,108,44,10,12,309,33,18,63,252,46,20,00,000,24*7C
$GPGSV,2,2,06,23,40,323,44,24,78,135,46,,,,,,,,*74
$GPGSV,2,1,06,05,29,108,44,10,12,309,33,18,63,252,46,20,00,000,24*7C
$GPGSV,2,2,06,23,40,323,44,24,78,135,46,,,,,,,,*74
$GPGSV,2,1,06,05,29,108,44,10,12,309,32,18,63,252,46,20,26,053,23*78
$GPGSV,2,2,06,23,40,323,44,24,78,135,46,,,,,,,,*74
$GPGSV,2,1,06,05,29,108,44,10,12,309,32,18,63,252,46,20,26,053,23*78
$GPGSV,2,2,06,23,40,323,44,24,78,135,46,,,,,,,,*74
$GPGSV,2,1,06,05,29,108,44,10,12,309,32,18,63,252,46,20,26,053,23*78
$GPGSV,2,2,06,23,40,323,44,24,78,135,46,,,,,,,,*74
$GPGSV,2,1,06,05,29,108,44,10,12,309,32,18,63,252,46,20,26,053,23*78
$GPGSV,2,2,06,23,40,323,44,24,78,135,46,,,,,,,,*74
$GPGSV,2,1,06,05,29,108,44,10,12,309,32,18,63,252,46,20,26,053,23*78
$GPGSV,2,2,06,23,40,323,44,24,78,135,46,,,,,,,,*74
$GPGSV,2,1,06,05,29,108,44,10,12,309,32,18,63,252,46,20,00,000,23*7A
$GPGSV,2,2,06,23,40,323,44,24,78,135,46,,,,,,,,*74
$GPGSV,2,1,06,05,29,108,44,10,12,309,33,18,63,252,46,20,00,000,22*7A
$GPGSV,2,2,06,23,40,323,44,24,78,135,46,,,,,,,,*74
$GPGSV,2,1,06,05,29,108,44,10,12,309,33,18,63,252,46,20,00,000,22*7A
$GPGSV,2,2,06,23,40,323,44,24,78,135,46,,,,,,,,*74
$GPGSV,2,1,06,05,29,108,44,10,12,309,33,18,63,252,46,20,00,000,23*7B
$GPGSV,2,2,06,23,40,323,44,24,78,135,46,,,,,,,,*74
$GPGSV,2,1,06,05,29,108,44,10,12,309,33,18,63,252,46,20,00,000,23*7B
$GPGSV,2,2,06,23,40,323,44,24,78,135,46,,,,,,,,*74
$GPGSV,2,1,06,05,29,108,44,10,12,309,33,18,63,252,46,20,00,000,23*7B
$GPGSV,2,2,06,23,40,323,44,24,78,135,46,,,,,,,,*74
$GPGSV,2,1,06,05,29,108,44,10,12,309,33,18,63,252,46,20,00,000,22*7A
$GPGSV,2,2,06,23,40,323,44,24,78,135,46,,,,,,,,*74
$GPGSV,2,1,06,05,29,108,44,10,12,309,34,18,63,252,46,20,00,000,22*7D
$GPGSV,2,2,06,23,40,323,44,24,78,135,46,,,,,,,,*74
$GPGSV,2,1,06,05,29,108,44,10,12,309,34,18,63,252,46,20,00,000,22*7D
$GPGSV,2,2,06,23,40,323,44,24,78,135,46,,,,,,,,*74
$GPGSV,2,1,06,05,29,108,44,10,12,309,34,18,63,252,46,20,00,000,21*7E
$GPGSV,2,2,06,23,40,323,44,24,78,135,46,,,,,,,,*74
$GPGSV,2,1,06,05,29,108,44,10,12,309,34,18,63,252,46,20,00,000,21*7E
$GPGSV,2,2,06,23,40,323,44,24,78,135,46,,,,,,,,*74
$GPGSV,2,1,06,05,29,108,44,10,12,309,34,18,63,252,46,20,00,000,21*7E
$GPGSV,2,2,06,23,40,323,44,24,78,135,46,,,,,,,,*74
$GPGSV,2,1,06,05,29,108,44,10,12,309,34,18,63,252,46,20,00,000,21*7E
$GPGSV,2,2,06,23,40,323,44,24,78,135,46,,,,,,,,*74
$GPGSV,2,1,06,05,29,108,44,10,12,309,34,18,63,252,46,20,00,000,21*7E
$GPGSV,2,2,06,23,40,323,44,24,78,135,46,,,,,,,,*74
$GPGSV,2,1,06,05,29,108,44,10,12,309,34,18,63,252,46,20,00,000,21*7E
$GPGSV,2,2,06,23,40,323,44,24,78,135,46,,,,,,,,*74
$GPGSV,2,1,06,05,29,108,44,10,12,309,34,18,63,252,46,20,00,000,21*7E
$GPGSV,2,2,06,23,40,323,44,24,78,135,46,,,,,,,,*74
$GPGSV,2,1,06,05,29,108,44,10,12,309,34,18,63,252,46,20,00,000,21*7E
$GPGSV,2,2,06,23,40,323,44,24,78,135,47,,,,,,,,*75
$GPGSV,2,1,06,05,29,108,44,10,12,309,34,18,63,252,46,20,00,000,21*7E
$GPGSV,2,2,06,23,40,323,44,24,78,135,47,,,,,,,,*75
$GPGSV,2,1,06,05,29,108,44,10,12,309,34,18,63,252,46,20,00,000,22*7D
$GPGSV,2,2,06,23,40,323,44,24,78,135,47,,,,,,,,*75
$GPGSV,2,1,06,05,29,108,44,10,12,309,34,18,63,252,46,20,00,000,22*7D
$GPGSV,2,2,06,23,40,323,44,24,78,135,47,,,,,,,,*75
$GPGSV,2,1,06,05,29,108,44,10,12,309,34,18,63,252,46,20,00,000,22*7D
$GPGSV,2,2,06,23,40,323,44,24,78,135,47,,,,,,,,*75
$GPGSV,2,1,06,05,29,108,44,10,12,309,34,18,63,252,46,20,00,000,23*7C
$GPGSV,2,2,06,23,40,323,44,24,78,135,47,,,,,,,,*75
$GPGSV,2,1,06,05,29,108,44,10,12,309,34,18,63,252,46,20,00,000,23*7C
$GPGSV,2,2,06,23,40,323,45,24,78,135,47,,,,,,,,*74
$GPGSV,2,1,06,05,29,108,44,10,12,309,34,18,63,252,46,20,26,053,24*79
$GPGSV,2,2,06,23,40,323,45,24,78,135,47,,,,,,,,*74
$GPGSV,2,1,06,05,29,108,44,10,12,309,34,18,63,252,46,20,26,053,24*79
$GPGSV,2,2,06,23,40,323,45,24,78,135,47,,,,,,,,*74
$GPGSV,2,1,06,05,29,108,44,10,12,309,34,18,63,252,46,20,26,053,25*78
$GPGSV,2,2,06,23,40,323,45,24,78,135,47,,,,,,,,*74
$GPGSV,2,1,06,05,29,108,44,10,12,309,35,18,63,252,46,20,26,053,26*7A
$GPGSV,2,2,06,23,40,323,45,24,78,135,47,,,,,,,,*74
$GPGSV,2,1,05,05,29,108,44,10,12,309,35,18,63,252,46,23,40,323,45*7B
$GPGSV,2,2,05,24,78,135,47,,,,,,,,,,,,*41
$GPGSV,2,1,05,05,29,108,44,10,12,309,35,18,63,252,47,23,40,323,45*7A
$GPGSV,2,2,05,24,78,134,46,,,,,,,,,,,,*41
$GPGSV,2,1,05,05,29,108,44,10,12,309,35,18,63,252,47,23,40,323,45*7A
$GPGSV,2,2,05,24,78,134,46,,,,,,,,,,,,*41
$GPGSV,2,1,05,05,29,108,44,10,12,309,35,18,63,252,47,23,40,323,45*7A
$GPGSV,2,2,05,24,78,134,46,,,,,,,,,,,,*41
$GPGSV,2,1,05,05,29,108,44,10,12,309,35,18,63,252,47,23,40,323,45*7A
$GPGSV,2,2,05,24,78,134,46,,,,,,,,,,,,*41
$GPGSV,2,1,05,05,29,108,44,10,12,309,35,18,63,252,47,23,40,323,45*7A
$GPGSV,2,2,05,24,78,134,46,,,,,,,,,,,,*41
$GPGSV,2,1,05,05,29,108,44,10,12,309,35,18,63,252,47,23,40,323,45*7A
$GPGSV,2,2,05,24,78,134,46,,,,,,,,,,,,*41
$GPGSV,2,1,05,05,29,108,44,10,12,309,35,18,63,252,47,23,40,323,45*7A
$GPGSV,2,2,05,24,78,134,46,,,,,,,,,,,,*41
$GPGSV,2,1,05,05,29,108,44,10,12,309,35,18,63,252,47,23,40,323,45*7A
$GPGSV,2,2,05,24,78,134,46,,,,,,,,,,,,*41
$GPGSV,2,1,05,05,29,108,44,10,12,309,35,18,63,252,47,23,40,323,45*7A
$GPGSV,2,2,05,24,78,134,46,,,,,,,,,,,,*41
$GPGSV,2,1,05,05,29,108,44,10,12,309,35,18,63,252,47,23,40,323,45*7A
$GPGSV,2,2,05,24,78,134,46,,,,,,,,,,,,*41
$GPGSV,2,1,05,05,29,108,44,10,12,309,35,18,63,252,47,23,40,323,45*7A
$GPGSV,2,2,05,24,78,134,46,,,,,,,,,,,,*41
$GPGSV,2,1,05,05,29,108,44,10,12,309,35,18,63,252,47,23,40,323,45*7A
$GPGSV,2,2,05,24,78,134,46,,,,,,,,,,,,*41
$GPGSV,2,1,06,05,29,108,44,10,12,309,35,18,63,252,47,20,00,000,33*7D
$GPGSV,2,2,06,23,40,323,45,24,78,134,46,,,,,,,,*74
$GPGSV,2,1,06,05,29,108,44,10,12,309,35,18,63,252,47,20,00,000,33*7D
$GPGSV,2,2,06,23,40,323,45,24,78,134,46,,,,,,,,*74
$GPGSV,2,1,06,05,29,108,44,10,12,309,35,18,63,252,47,20,00,000,33*7D
$GPGSV,2,2,06,23,40,323,45,24,78,134,46,,,,,,,,*74
$GPGSV,2,1,06,05,29,108,44,10,12,309,35,18,63,252,47,20,00,000,32*7C
$GPGSV,2,2,06,23,40,323,45,24,78,134,46,,,,,,,,*74
$GPGSV,2,1,06,05,29,108,44,10,12,309,35,18,63,252,47,20,00,000,31*7F
$GPGSV,2,2,06,23,40,323,45,24,78,134,46,,,,,,,,*74
$GPGSV,2,1,06,05,29,108,44,10,12,309,35,18,63,252,46,20,00,000,31*7E
$GPGSV,2,2,06,23,40,323,45,24,78,134,46,,,,,,,,*74
$GPGSV,2,1,06,05,29,108,44,10,12,309,35,18,63,252,46,20,00,000,30*7F
$GPGSV,2,2,06,23,40,323,45,24,78,134,46,,,,,,,,*74
$GPGSV,2,1,06,05,29,108,44,10,12,309,35,18,63,252,46,20,00,000,30*7F
$GPGSV,2,2,06,23,40,323,45,24,78,134,46,,,,,,,,*74
$GPGSV,2,1,06,05,29,108,44,10,12,309,35,18,63,252,46,20,00,000,29*77
$GPGSV,2,2,06,23,40,323,45,24,78,134,46,,,,,,,,*74
$GPGSV,2,1,06,05,29,108,44,10,12,309,35,18,63,252,46,20,00,000,29*77
$GPGSV,2,2,06,23,40,323,45,24,78,134,46,,,,,,,,*74
$GPGSV,2,1,06,05,29,108,44,10,12,309,35,18,63,252,46,20,00,000,28*76
$GPGSV,2,2,06,23,40,323,45,24,78,134,47,,,,,,,,*75
$GPGSV,2,1,06,05,29,108,44,10,12,309,35,18,63,252,46,20,00,000,28*76
$GPGSV,2,2,06,23,40,323,45,24,78,134,47,,,,,,,,*75
$GPGSV,2,1,06,05,29,108,44,10,12,309,35,18,63,252,46,20,00,000,28*76
$GPGSV,2,2,06,23,40,323,45,24,78,134,47,,,,,,,,*75
$GPGSV,2,1,06,05,29,108,44,10,12,309,35,18,63,252,46,20,00,000,28*76
$GPGSV,2,2,06,23,40,323,45,24,78,134,47,,,,,,,,*75
$GPGSV,2,1,06,05,29,108,44,10,12,309,35,18,63,252,46,20,00,000,28*76
$GPGSV,2,2,06,23,40,323,45,24,78,134,47,,,,,,,,*75
$GPGSV,2,1,06,05,29,108,44,10,12,309,35,18,63,252,46,20,00,000,28*76
$GPGSV,2,2,06,23,40,323,45,24,78,134,47,,,,,,,,*75
$GPGSV,2,1,06,05,29,108,44,10,12,309,35,18,63,252,46,20,00,000,28*76
$GPGSV,2,2,06,23,40,323,45,24,78,134,47,,,,,,,,*75
$GPGSV,2,1,06,05,29,108,44,10,12,309,35,18,63,252,46,20,00,000,27*79
$GPGSV,2,2,06,23,40,323,45,24,78,134,47,,,,,,,,*75
$GPGSV,2,1,06,05,29,108,44,10,12,309,35,18,63,252,46,20,00,000,27*79
$GPGSV,2,2,06,23,40,323,46,24,78,134,47,,,,,,,,*76
$GPGSV,2,1,06,05,29,108,44,10,12,309,35,18,63,252,46,20,00,000,27*79
$GPGSV,2,2,06,23,40,323,46,24,78,134,47,,,,,,,,*76
$GPGSV,2,1,06,05,29,108,44,10,12,309,35,18,63,252,46,20,26,053,26*7A
$GPGSV,2,2,06,23,40,323,46,24,78,134,47,,,,,,,,*76
$GPGSV,2,1,06,05,29,108,44,10,12,309,35,18,63,252,46,20,26,053,26*7A
$GPGSV,2,2,06,23,40,323,46,24,78,134,47,,,,,,,,*76
$GPGSV,2,1,06,05,29,108,44,10,12,309,35,18,63,252,46,20,26,053,25*79
$GPGSV,2,2,06,23,40,323,46,24,78,134,47,,,,,,,,*76
$GPGSV,2,1,06,05,29,108,44,10,12,309,35,18,63,252,46,20,26,053,25*79
$GPGSV,2,2,06,23,40,323,46,24,78,134,47,,,,,,,,*76
$GPGSV,2,1,06,05,29,108,44,10,12,309,35,18,63,252,46,20,00,000,25*7B
$GPGSV,2,2,06,23,40,323,46,24,78,134,47,,,,,,,,*76
$GPGSV,2,1,06,05,29,108,44,10,12,309,35,18,63,252,46,20,00,000,25*7B
$GPGSV,2,2,06,23,40,323,46,24,78,134,47,,,,,,,,*76
$GPGSV,2,1,06,05,29,108,44,10,12,309,35,18,63,252,47,20,00,000,24*7B
$GPGSV,2,2,06,23,40,323,46,24,78,134,47,,,,,,,,*76
$GPGSV,2,1,06,05,29,108,44,10,12,309,35,18,63,252,47,20,00,000,24*7B
$GPGSV,2,2,06,23,40,323,46,24,78,134,47,,,,,,,,*76
$GPGSV,2,1,06,05,29,108,44,10,12,309,35,18,63,252,47,20,00,000,24*7B
$GPGSV,2,2,06,23,40,323,45,24,78,134,47,,,,,,,,*75
$GPGSV,2,1,06,05,29,108,44,10,12,309,35,18,63,252,47,20,00,000,24*7B
$GPGSV,2,2,06,23,40,323,45,24,78,134,47,,,,,,,,*75
$GPGSV,2,1,06,05,29,108,44,10,12,309,35,18,63,252,47,20,00,000,23*7C
$GPGSV,2,2,06,23,40,323,45,24,78,134,47,,,,,,,,*75
$GPGSV,2,1,06,05,29,108,44,10,12,309,35,18,63,252,47,20,00,000,23*7C
$GPGSV,2,2,06,23,40,323,45,24,78,134,47,,,,,,,,*75
$GPGSV,2,1,06,05,29,108,44,10,12,309,35,18,63,252,47,20,00,000,23*7C
$GPGSV,2,2,06,23,40,323,45,24,78,134,47,,,,,,,,*75
$GPGSV,2,1,06,05,29,108,44,10,12,309,35,18,63,252,47,20,26,053,23*7E
$GPGSV,2,2,06,23,40,323,45,24,78,134,47,,,,,,,,*75
$GPGSV,2,1,06,05,29,108,44,10,12,309,35,18,63,252,47,20,26,053,23*7E
$GPGSV,2,2,06,23,40,323,45,24,78,134,47,,,,,,,,*75
$GPGSV,2,1,06,05,29,108,44,10,12,309,35,18,63,252,47,20,00,000,23*7C
$GPGSV,2,2,06,23,40,323,45,24,78,134,47,,,,,,,,*75
$GPGSV,2,1,06,05,29,108,44,10,12,309,35,18,63,252,47,20,00,000,23*7C
$GPGSV,2,2,06,23,40,323,45,24,78,134,46,,,,,,,,*74
$GPGSV,2,1,06,05,29,108,44,10,12,309,35,18,63,252,47,20,00,000,23*7C
$GPGSV,2,2,06,23,40,323,45,24,78,134,46,,,,,,,,*74
$GPGSV,2,1,06,05,29,108,44,10,12,309,35,18,63,252,47,20,00,000,23*7C
$GPGSV,2,2,06,23,40,323,45,24,78,134,47,,,,,,,,*75
$GPGSV,2,1,06,05,29,108,44,10,12,309,35,18,63,252,47,20,00,000,23*7C
$GPGSV,2,2,06,23,40,323,45,24,78,134,47,,,,,,,,*75
$GPGSV,2,1,06,05,29,108,44,10,12,309,35,18,63,252,47,20,00,000,23*7C
$GPGSV,2,2,06,23,40,323,45,24,78,134,47,,,,,,,,*75
$GPGSV,2,1,06,05,29,108,44,10,12,309,35,18,63,252,47,20,00,000,23*7C
$GPGSV,2,2,06,23,40,323,45,24,78,134,47,,,,,,,,*75
$GPGSV,2,1,06,05,29,108,44,10,12,309,35,18,63,252,47,20,00,000,23*7C
$GPGSV,2,2,06,23,40,323,45,24,78,134,47,,,,,,,,*75
$GPGSV,2,1,06,05,29,108,44,10,12,309,35,18,63,252,47,20,00,000,23*7C
$GPGSV,2,2,06,23,40,323,45,24,78,134,47,,,,,,,,*75
$GPGSV,2,1,06,05,29,108,44,10,12,309,35,18,63,252,47,20,00,000,23*7C
$GPGSV,2,2,06,23,40,323,45,24,78,134,47,,,,,,,,*75
$GPGSV,2,1,06,05,29,108,44,10,12,309,35,18,63,252,47,20,00,000,23*7C
$GPGSV,2,2,06,23,40,323,45,24,78,134,47,,,,,,,,*75
$GPGSV,2,1,06,05,29,108,44,10,12,309,35,18,63,252,47,20,26,053,24*79
$GPGSV,2,2,06,23,40,323,45,24,78,134,47,,,,,,,,*75
$GPGSV,2,1,06,05,29,108,44,10,12,309,35,18,63,252,47,20,26,053,24*79
$GPGSV,2,2,06,23,40,323,45,24,78,134,47,,,,,,,,*75
$GPGSV,2,1,06,05,29,108,44,10,12,309,35,18,63,252,47,20,26,053,25*78
$GPGSV,2,2,06,23,40,323,45,24,78,134,47,,,,,,,,*75
$GPGSV,2,1,06,05,29,108,44,10,12,309,36,18,63,252,47,20,26,053,25*7B
$GPGSV,2,2,06,23,40,323,45,24,78,134,47,,,,,,,,*75
$GPGSV,2,1,06,05,29,108,44,10,12,309,36,18,63,252,47,20,26,053,26*78
$GPGSV,2,2,06,23,40,323,45,24,78,134,47,,,,,,,,*75
$GPGSV,2,1,06,05,29,108,44,10,12,309,36,18,63,252,47,20,26,053,26*78
$GPGSV,2,2,06,23,40,323,45,24,78,134,47,,,,,,,,*75
$GPGSV,2,1,06,05,29,108,43,10,12,309,36,18,63,252,47,20,26,053,26*7F
$GPGSV,2,2,06,23,40,323,45,24,78,134,47,,,,,,,,*75
$GPGSV,2,1,06,05,29,108,43,10,12,309,36,18,63,252,47,20,26,053,26*7F
$GPGSV,2,2,06,23,40,323,45,24,78,134,47,,,,,,,,*75
$GPGSV,2,1,06,05,29,108,43,10,12,309,36,18,63,252,47,20,26,053,27*7E
$GPGSV,2,2,06,23,40,323,45,24,78,134,47,,,,,,,,*75
$GPGSV,2,1,06,05,29,108,43,10,12,309,36,18,63,252,47,20,26,053,27*7E
$GPGSV,2,2,06,23,40,323,45,24,78,134,47,,,,,,,,*75
$GPGSV,2,1,06,05,29,108,43,10,12,309,36,18,63,252,47,20,26,053,27*7E
$GPGSV,2,2,06,23,40,323,45,24,78,134,47,,,,,,,,*75
$GPGSV,2,1,06,05,29,108,43,10,12,309,36,18,63,252,47,20,26,053,27*7E
$GPGSV,2,2,06,23,40,323,45,24,78,134,47,,,,,,,,*75
$GPGSV,2,1,06,05,29,108,43,10,12,309,36,18,63,252,47,20,26,053,28*71
$GPGSV,2,2,06,23,40,323,45,24,78,134,47,,,,,,,,*75
$GPGSV,2,1,06,05,29,108,43,10,12,309,36,18,63,252,47,20,26,053,28*71
$GPGSV,2,2,06,23,40,323,45,24,78,134,47,,,,,,,,*75
$GPGSV,2,1,06,05,29,108,43,10,12,309,36,18,63,252,47,20,26,053,28*71
$GPGSV,2,2,06,23,40,323,45,24,78,134,47,,,,,,,,*75
$GPGSV,2,1,06,05,29,108,43,10,12,309,36,18,63,252,47,20,26,053,29*70
$GPGSV,2,2,06,23,40,323,45,24,78,134,47,,,,,,,,*75
$GPGSV,2,1,06,05,29,108,43,10,12,309,36,18,63,252,47,20,26,053,29*70
$GPGSV,2,2,06,23,40,323,45,24,78,134,47,,,,,,,,*75
$GPGSV,2,1,06,05,29,108,43,10,12,309,35,18,63,252,47,20,26,053,29*73
$GPGSV,2,2,06,23,40,323,45,24,78,134,47,,,,,,,,*75
$GPGSV,2,1,06,05,29,108,43,10,12,309,35,18,63,252,47,20,26,053,30*7B
$GPGSV,2,2,06,23,40,323,45,24,78,134,47,,,,,,,,*75
$GPGSV,2,1,06,05,29,108,43,10,12,309,35,18,63,252,47,20,26,053,30*7B
$GPGSV,2,2,06,23,40,323,45,24,78,134,47,,,,,,,,*75
$GPGSV,2,1,06,05,29,108,43,10,12,309,35,18,63,252,47,20,26,053,30*7B
$GPGSV,2,2,06,23,40,323,45,24,78,134,47,,,,,,,,*75
$GPGSV,2,1,06,05,29,108,43,10,12,309,35,18,63,252,47,20,26,053,30*7B
$GPGSV,2,2,06,23,40,323,45,24,78,134,47,,,,,,,,*75
$GPGSV,2,1,06,05,29,108,43,10,12,309,35,18,63,252,47,20,26,053,30*7B
$GPGSV,2,2,06,23,40,323,45,24,78,134,47,,,,,,,,*75
$GPGSV,2,1,06,05,29,108,43,10,12,309,35,18,63,252,47,20,26,053,30*7B
$GPGSV,2,2,06,23,40,323,45,24,78,134,47,,,,,,,,*75
$GPGSV,2,1,06,05,29,108,43,10,12,309,35,18,63,252,47,20,26,053,30*7B
$GPGSV,2,2,06,23,40,323,45,24,78,134,47,,,,,,,,*75
$GPGSV,2,1,06,05,29,108,43,10,12,309,35,18,63,252,47,20,26,053,30*7B
$GPGSV,2,2,06,23,40,323,45,24,78,134,47,,,,,,,,*75
$GPGSV,2,1,06,05,29,108,43,10,12,309,35,18,63,252,47,20,26,053,30*7B
$GPGSV,2,2,06,23,40,323,45,24,78,134,47,,,,,,,,*75
$GPGSV,2,1,06,05,29,108,43,10,12,309,35,18,63,252,47,20,26,053,30*7B
$GPGSV,2,2,06,23,40,323,45,24,78,134,47,,,,,,,,*75
$GPGSV,2,1,06,05,29,108,43,10,12,309,35,18,63,252,47,20,26,053,30*7B
$GPGSV,2,2,06,23,40,323,45,24,78,134,47,,,,,,,,*75
$GPGSV,2,1,06,05,29,108,43,10,12,309,35,18,63,252,47,20,26,053,30*7B
$GPGSV,2,2,06,23,40,323,45,24,78,134,47,,,,,,,,*75
$GPGSV,2,1,06,05,29,108,43,10,12,309,35,18,63,252,47,20,26,053,30*7B
$GPGSV,2,2,06,23,40,323,45,24,78,134,47,,,,,,,,*75
$GPGSV,2,1,06,05,29,108,43,10,12,309,35,18,63,252,47,20,26,053,30*7B
$GPGSV,2,2,06,23,40,323,45,24,78,134,47,,,,,,,,*75
$GPGSV,2,1,06,05,29,108,43,10,12,309,35,18,63,252,47,20,26,053,30*7B
$GPGSV,2,2,06,23,40,323,45,24,78,134,47,,,,,,,,*75
$GPGSV,2,1,06,05,29,108,43,10,12,309,35,18,63,252,47,20,26,053,30*7B
$GPGSV,2,2,06,23,40,323,45,24,78,134,47,,,,,,,,*75
$GPGSV,2,1,06,05,29,108,43,10,12,309,35,18,63,252,47,20,26,053,30*7B
$GPGSV,2,2,06,23,40,323,45,24,78,134,47,,,,,,,,*75
$GPGSV,2,1,06,05,29,108,43,10,12,309,35,18,63,252,47,20,26,053,30*7B
$GPGSV,2,2,06,23,40,323,45,24,78,134,47,,,,,,,,*75
$GPGSV,2,1,06,05,29,108,43,10,12,309,35,18,63,252,47,20,26,053,30*7B
$GPGSV,2,2,06,23,40,323,45,24,78,134,47,,,,,,,,*75
$GPGSV,2,1,06,05,29,108,43,10,12,309,35,18,63,252,47,20,26,053,30*7B
$GPGSV,2,2,06,23,40,323,45,24,78,134,47,,,,,,,,*75
$GPGSV,2,1,06,05,29,108,43,10,12,309,35,18,63,252,47,20,26,053,30*7B
$GPGSV,2,2,06,23,40,323,45,24,78,134,47,,,,,,,,*75
$GPGSV,2,1,06,05,29,108,43,10,12,309,35,18,63,252,47,20,26,053,30*7B
$GPGSV,2,2,06,23,40,323,45,24,78,134,47,,,,,,,,*75
$GPGSV,2,1,06,05,29,108,43,10,12,309,35,18,63,252,47,20,26,053,29*73
$GPGSV,2,2,06,23,40,323,45,24,78,134,47,,,,,,,,*75
$GPGSV,2,1,06,05,29,108,43,10,12,309,35,18,63,252,47,20,26,053,29*73
$GPGSV,2,2,06,23,40,323,45,24,78,134,47,,,,,,,,*75
$GPGSV,2,1,06,05,29,108,43,10,12,309,35,18,63,252,47,20,26,053,29*73
$GPGSV,2,2,06,23,40,323,45,24,78,134,47,,,,,,,,*75
$GPGSV,2,1,06,05,29,108,43,10,12,309,35,18,63,252,47,20,26,053,29*73
$GPGSV,2,2,06,23,40,323,45,24,78,134,47,,,,,,,,*75
$GPGSV,2,1,06,05,29,108,43,10,12,309,35,18,63,252,47,20,00,000,28*70
$GPGSV,2,2,06,23,40,323,45,24,78,134,47,,,,,,,,*75
$GPGSV,2,1,06,05,29,108,43,10,12,309,35,18,63,252,47,20,00,000,28*70
$GPGSV,2,2,06,23,40,323,45,24,78,134,47,,,,,,,,*75
$GPGSV,2,1,06,05,29,108,43,10,12,309,35,18,63,252,47,20,26,053,27*7D
$GPGSV,2,2,06,23,40,323,45,24,78,134,47,,,,,,,,*75
$GPGSV,2,1,06,05,29,108,43,10,12,309,35,18,63,252,47,20,26,053,27*7D
$GPGSV,2,2,06,23,40,323,45,24,78,134,47,,,,,,,,*75
$GPGSV,2,1,06,05,29,108,43,10,12,309,35,18,63,252,47,20,26,053,27*7D
$GPGSV,2,2,06,23,40,323,45,24,78,134,47,,,,,,,,*75
$GPGSV,2,1,06,05,29,108,43,10,12,309,35,18,63,252,47,20,00,000,26*7E
$GPGSV,2,2,06,23,40,323,45,24,78,134,47,,,,,,,,*75
$GPGSV,2,1,06,05,29,108,43,10,12,309,34,18,63,252,47,20,00,000,26*7F
$GPGSV,2,2,06,23,40,323,45,24,78,134,47,,,,,,,,*75
$GPGSV,2,1,06,05,29,108,43,10,12,309,34,18,63,252,47,20,00,000,25*7C
$GPGSV,2,2,06,23,40,323,45,24,78,134,47,,,,,,,,*75
$GPGSV,2,1,06,05,29,108,43,10,12,309,34,18,63,252,47,20,00,000,25*7C
$GPGSV,2,2,06,23,40,323,45,24,78,134,47,,,,,,,,*75
$GPGSV,2,1,06,05,29,108,43,10,12,309,34,18,63,252,47,20,00,000,25*7C
$GPGSV,2,2,06,23,40,323,45,24,78,134,47,,,,,,,,*75
$GPGSV,2,1,06,05,29,108,43,10,12,309,34,18,63,252,47,20,00,000,25*7C
$GPGSV,2,2,06,23,40,323,45,24,78,134,47,,,,,,,,*75
$GPGSV,2,1,06,05,29,108,43,10,12,309,34,18,63,252,47,20,00,000,25*7C
$GPGSV,2,2,06,23,40,323,45,24,78,134,47,,,,,,,,*75
$GPGSV,2,1,06,05,29,108,43,10,12,309,34,18,63,252,47,20,00,000,25*7C
$GPGSV,2,2,06,23,40,323,45,24,78,134,47,,,,,,,,*75
$GPGSV,2,1,06,05,29,108,43,10,12,309,34,18,63,252,47,20,00,000,24*7D
$GPGSV,2,2,06,23,40,323,45,24,78,134,47,,,,,,,,*75
$GPGSV,2,1,06,05,29,108,43,10,12,309,34,18,63,252,47,20,00,000,24*7D
$GPGSV,2,2,06,23,40,323,45,24,78,134,47,,,,,,,,*75
$GPGSV,2,1,06,05,29,108,43,10,12,309,34,18,63,252,47,20,00,000,24*7D
$GPGSV,2,2,06,23,40,323,45,24,78,134,47,,,,,,,,*75
$GPGSV,2,1,06,05,29,108,43,10,12,309,34,18,63,252,47,20,00,000,24*7D
$GPGSV,2,2,06,23,40,323,45,24,78,134,47,,,,,,,,*75
$GPGSV,2,1,06,05,29,108,43,10,12,309,34,18,63,252,47,20,00,000,25*7C
$GPGSV,2,2,06,23,40,323,45,24,78,134,47,,,,,,,,*75
$GPGSV,2,1,06,05,29,108,43,10,12,309,34,18,63,252,47,20,00,000,25*7C
$GPGSV,2,2,06,23,40,323,45,24,78,134,47,,,,,,,,*75
$GPGSV,2,1,06,05,29,108,43,10,12,309,34,18,63,252,47,20,00,000,25*7C
$GPGSV,2,2,06,23,40,323,45,24,78,134,47,,,,,,,,*75
$GPGSV,2,1,06,05,29,108,43,10,12,309,34,18,63,252,47,20,00,000,25*7C
$GPGSV,2,2,06,23,40,323,45,24,78,134,47,,,,,,,,*75
$GPGSV,2,1,06,05,29,108,43,10,12,309,34,18,63,252,47,20,00,000,25*7C
$GPGSV,2,2,06,23,40,323,45,24,78,134,47,,,,,,,,*75
$GPGSV,2,1,06,05,29,108,43,10,12,309,34,18,63,252,47,20,00,000,25*7C
$GPGSV,2,2,06,23,40,323,45,24,78,134,47,,,,,,,,*75
$GPGSV,2,1,06,05,29,108,43,10,12,309,34,18,63,252,47,20,00,000,25*7C
$GPGSV,2,2,06,23,40,323,45,24,78,134,47,,,,,,,,*75
$GPGSV,2,1,06,05,29,108,43,10,12,309,33,18,63,252,47,20,00,000,25*7B
$GPGSV,2,2,06,23,40,323,45,24,78,134,47,,,,,,,,*75
$GPGSV,2,1,06,05,29,108,43,10,12,309,33,18,63,252,47,20,00,000,25*7B
$GPGSV,2,2,06,23,40,323,45,24,78,134,47,,,,,,,,*75
$GPGSV,2,1,06,05,29,108,43,10,12,309,33,18,63,252,47,20,00,000,25*7B
$GPGSV,2,2,06,23,40,323,45,24,78,134,47,,,,,,,,*75
$GPGSV,2,1,06,05,29,108,44,10,12,309,33,18,63,252,47,20,00,000,26*7F
$GPGSV,2,2,06,23,40,323,45,24,78,134,47,,,,,,,,*75
$GPGSV,2,1,06,05,29,108,44,10,12,309,33,18,63,252,47,20,00,000,26*7F
$GPGSV,2,2,06,23,40,323,45,24,78,134,47,,,,,,,,*75
$GPGSV,2,1,06,05,29,108,44,10,12,309,33,18,63,252,47,20,00,000,27*7E
$GPGSV,2,2,06,23,40,323,45,24,78,134,47,,,,,,,,*75
$GPGSV,2,1,06,05,29,108,44,10,12,309,33,18,63,252,47,20,26,053,27*7C
$GPGSV,2,2,06,23,40,323,45,24,78,134,47,,,,,,,,*75
$GPGSV,2,1,06,05,29,108,44,10,12,309,33,18,63,252,47,20,26,053,27*7C
$GPGSV,2,2,06,23,40,323,45,24,78,134,47,,,,,,,,*75
$GPGSV,2,1,06,05,29,108,44,10,12,309,33,18,63,252,47,20,26,053,28*73
$GPGSV,2,2,06,23,40,323,45,24,78,134,47,,,,,,,,*75
$GPGSV,2,1,06,05,29,108,44,10,12,309,33,18,63,252,47,20,26,053,28*73
$GPGSV,2,2,06,23,40,323,45,24,78,134,47,,,,,,,,*75
$GPGSV,2,1,06,05,29,108,44,10,12,309,33,18,63,252,47,20,26,053,28*73
$GPGSV,2,2,06,23,40,323,45,24,78,134,47,,,,,,,,*75
$GPGSV,2,1,06,05,29,108,44,10,12,309,33,18,63,252,47,20,26,053,28*73
$GPGSV,2,2,06,23,40,323,45,24,78,134,47,,,,,,,,*75
$GPGSV,2,1,06,05,29,108,44,10,12,309,33,18,63,252,47,20,26,053,29*72
$GPGSV,2,2,06,23,40,323,45,24,78,134,47,,,,,,,,*75
$GPGSV,2,1,06,05,29,108,44,10,12,309,33,18,63,252,47,20,26,053,29*72
$GPGSV,2,2,06,23,40,323,45,24,78,134,47,,,,,,,,*75
$GPGSV,2,1,06,05,29,108,44,10,12,309,33,18,63,252,47,20,26,053,29*72
$GPGSV,2,2,06,23,40,323,45,24,78,133,47,,,,,,,,*72
$GPGSV,2,1,06,05,29,108,44,10,12,309,33,18,63,252,47,20,26,053,29*72
$GPGSV,2,2,06,23,40,323,45,24,78,133,47,,,,,,,,*72
$GPGSV,2,1,06,05,29,108,44,10,12,309,33,18,63,252,47,20,26,053,30*7A
$GPGSV,2,2,06,23,40,323,45,24,78,133,47,,,,,,,,*72
$GPGSV,2,1,06,05,29,108,44,10,12,309,33,18,63,252,47,20,26,053,30*7A
$GPGSV,2,2,06,23,40,323,45,24,78,133,47,,,,,,,,*72
$GPGSV,2,1,06,05,29,108,44,10,12,309,33,18,63,252,47,20,26,053,30*7A
$GPGSV,2,2,06,23,40,323,45,24,78,133,47,,,,,,,,*72
$GPGSV,2,1,06,05,29,108,44,10,12,309,33,18,63,252,47,20,26,053,30*7A
$GPGSV,2,2,06,23,40,323,45,24,78,133,47,,,,,,,,*72
$GPGSV,2,1,06,05,29,108,44,10,12,309,34,18,63,252,47,20,26,053,30*7D
$GPGSV,2,2,06,23,40,323,45,24,78,133,47,,,,,,,,*72
$GPGSV,2,1,06,05,29,108,44,10,12,309,34,18,63,252,47,20,26,053,30*7D
$GPGSV,2,2,06,23,40,323,45,24,78,133,47,,,,,,,,*72
$GPGSV,2,1,06,05,29,108,44,10,12,309,34,18,63,252,47,20,26,053,30*7D
$GPGSV,2,2,06,23,40,323,45,24,78,133,47,,,,,,,,*72
$GPGSV,2,1,06,05,29,108,44,10,12,309,34,18,63,252,47,20,26,053,30*7D
$GPGSV,2,2,06,23,40,323,45,24,78,133,47,,,,,,,,*72
$GPGSV,2,1,06,05,29,108,44,10,12,309,34,18,63,252,47,20,26,053,30*7D
$GPGSV,2,2,06,23,40,323,45,24,78,133,47,,,,,,,,*72
$GPGSV,2,1,06,05,29,108,44,10,12,309,34,18,63,252,47,20,26,053,30*7D
$GPGSV,2,2,06,23,40,323,45,24,78,133,47,,,,,,,,*72
$GPGSV,2,1,06,05,29,108,44,10,12,309,34,18,63,252,47,20,26,053,30*7D
$GPGSV,2,2,06,23,40,323,45,24,78,133,47,,,,,,,,*72
$GPGSV,2,1,06,05,29,108,44,10,12,309,34,18,63,252,47,20,26,053,30*7D
$GPGSV,2,2,06,23,40,323,45,24,78,133,47,,,,,,,,*72
$GPGSV,2,1,06,05,29,108,44,10,12,309,35,18,63,252,47,20,26,053,30*7C
$GPGSV,2,2,06,23,40,323,45,24,78,133,47,,,,,,,,*72
$GPGSV,2,1,06,05,29,108,44,10,12,309,35,18,63,252,47,20,26,053,30*7C
$GPGSV,2,2,06,23,40,323,45,24,78,133,47,,,,,,,,*72
$GPGSV,2,1,06,05,29,108,44,10,12,309,35,18,63,252,47,20,26,053,30*7C
$GPGSV,2,2,06,23,40,323,45,24,78,133,47,,,,,,,,*72
$GPGSV,2,1,06,05,29,108,44,10,12,309,35,18,63,252,47,20,26,053,30*7C
$GPGSV,2,2,06,23,40,323,45,24,78,133,47,,,,,,,,*72
$GPGSV,2,1,06,05,29,108,44,10,12,309,35,18,63,252,47,20,26,053,30*7C
$GPGSV,2,2,06,23,40,323,45,24,78,133,47,,,,,,,,*72
$GPGSV,2,1,06,05,29,108,44,10,12,309,35,18,63,252,47,20,26,053,30*7C
$GPGSV,2,2,06,23,40,323,45,24,78,133,47,,,,,,,,*72
$GPGSV,2,1,06,05,29,108,44,10,12,309,35,18,63,252,47,20,26,053,30*7C
$GPGSV,2,2,06,23,40,323,45,24,78,133,47,,,,,,,,*72
$GPGSV,2,1,06,05,29,108,44,10,12,309,35,18,63,252,47,20,26,053,29*74
$GPGSV,2,2,06,23,40,323,45,24,78,133,47,,,,,,,,*72
$GPGSV,2,1,06,05,29,108,44,10,12,309,35,18,63,252,47,20,26,053,29*74
$GPGSV,2,2,06,23,40,323,45,24,78,133,47,,,,,,,,*72
$GPGSV,2,1,06,05,29,108,44,10,12,309,35,18,63,252,47,20,26,053,29*74
$GPGSV,2,2,06,23,40,323,45,24,78,133,47,,,,,,,,*72
$GPGSV,2,1,06,05,29,108,44,10,12,309,35,18,63,252,47,20,26,053,29*74
$GPGSV,2,2,06,23,40,323,45,24,78,133,47,,,,,,,,*72
$GPGSV,2,1,06,05,29,108,44,10,12,309,35,18,63,252,47,20,26,053,29*74
$GPGSV,2,2,06,23,40,323,45,24,78,133,47,,,,,,,,*72
$GPGSV,2,1,06,05,29,108,44,10,12,309,35,18,63,252,47,20,26,053,29*74
$GPGSV,2,2,06,23,40,323,45,24,78,133,47,,,,,,,,*72
$GPGSV,2,1,06,05,29,108,44,10,12,309,35,18,63,252,47,20,26,053,29*74
$GPGSV,2,2,06,23,40,323,45,24,78,133,47,,,,,,,,*72
$GPGSV,2,1,06,05,29,108,44,10,12,309,35,18,63,252,47,20,26,053,29*74
$GPGSV,2,2,06,23,40,323,45,24,78,133,47,,,,,,,,*72
$GPGSV,2,1,06,05,29,108,44,10,12,309,35,18,63,252,47,20,26,053,29*74
$GPGSV,2,2,06,23,40,323,45,24,78,133,47,,,,,,,,*72
$GPGSV,2,1,06,05,29,108,44,10,12,309,35,18,63,252,47,20,26,053,29*74
$GPGSV,2,2,06,23,40,323,45,24,78,133,47,,,,,,,,*72
$GPGSV,2,1,06,05,29,108,44,10,12,309,35,18,63,252,47,20,26,053,29*74
$GPGSV,2,2,06,23,40,323,45,24,78,133,47,,,,,,,,*72
$GPGSV,2,1,06,05,29,108,44,10,12,309,35,18,63,252,47,20,26,053,29*74
$GPGSV,2,2,06,23,40,323,45,24,78,133,47,,,,,,,,*72
$GPGSV,2,1,06,05,29,108,44,10,12,309,35,18,63,252,47,20,26,053,28*75
$GPGSV,2,2,06,23,40,323,45,24,78,133,47,,,,,,,,*72
$GPGSV,2,1,06,05,29,108,44,10,12,309,35,18,63,252,47,20,26,053,28*75
$GPGSV,2,2,06,23,40,323,45,24,78,133,47,,,,,,,,*72
$GPGSV,2,1,06,05,29,108,44,10,12,309,35,18,63,252,47,20,26,053,28*75
$GPGSV,2,2,06,23,40,323,45,24,78,133,47,,,,,,,,*72
$GPGSV,2,1,06,05,29,108,44,10,12,309,35,18,63,252,47,20,26,053,28*75
$GPGSV,2,2,06,23,40,323,45,24,78,133,47,,,,,,,,*72
$GPGSV,2,1,06,05,29,108,44,10,12,309,35,18,63,252,47,20,26,053,28*75
$GPGSV,2,2,06,23,40,323,45,24,78,133,47,,,,,,,,*72
$GPGSV,2,1,06,05,29,108,44,10,12,309,35,18,63,252,47,20,26,053,28*75
$GPGSV,2,2,06,23,40,323,45,24,78,133,47,,,,,,,,*72
$GPGSV,2,1,06,05,29,108,44,10,12,309,35,18,63,252,47,20,26,053,28*75
$GPGSV,2,2,06,23,40,323,45,24,78,133,47,,,,,,,,*72
$GPGSV,2,1,06,05,29,108,44,10,12,309,35,18,63,252,47,20,26,053,27*7A
$GPGSV,2,2,06,23,40,323,45,24,78,133,47,,,,,,,,*72
$GPGSV,2,1,06,05,29,108,44,10,12,309,35,18,63,252,47,20,26,053,27*7A
$GPGSV,2,2,06,23,40,323,45,24,78,133,47,,,,,,,,*72
$GPGSV,2,1,06,05,29,108,44,10,12,309,35,18,63,252,47,20,26,053,27*7A
$GPGSV,2,2,06,23,40,323,45,24,78,133,47,,,,,,,,*72
$GPGSV,2,1,06,05,29,108,44,10,12,309,35,18,63,252,47,20,26,053,27*7A
$GPGSV,2,2,06,23,40,323,45,24,78,133,47,,,,,,,,*72
$GPGSV,2,1,06,05,29,108,44,10,12,309,35,18,63,252,47,20,26,053,27*7A
$GPGSV,2,2,06,23,40,323,45,24,78,133,47,,,,,,,,*72
$GPGSV,2,1,06,05,29,108,44,10,12,309,35,18,63,252,47,20,26,053,27*7A
$GPGSV,2,2,06,23,40,323,45,24,78,133,47,,,,,,,,*72
$GPGSV,2,1,06,05,29,108,44,10,12,309,35,18,63,252,47,20,26,053,27*7A
$GPGSV,2,2,06,23,40,323,45,24,78,133,47,,,,,,,,*72
$GPGSV,2,1,06,05,29,108,44,10,12,309,35,18,63,252,47,20,26,053,28*75
$GPGSV,2,2,06,23,40,323,45,24,78,133,47,,,,,,,,*72
$GPGSV,2,1,06,05,29,108,44,10,12,309,36,18,63,252,46,20,26,053,28*77
$GPGSV,2,2,06,23,40,323,45,24,78,133,47,,,,,,,,*72
$GPGSV,2,1,06,05,29,108,43,10,12,309,36,18,63,252,46,20,26,053,28*70
$GPGSV,2,2,06,23,40,323,45,24,78,133,47,,,,,,,,*72
$GPGSV,2,1,06,05,29,108,43,10,12,309,36,18,63,252,46,20,26,053,28*70
$GPGSV,2,2,06,23,40,323,45,24,78,133,47,,,,,,,,*72
$GPGSV,2,1,06,05,29,108,43,10,12,309,36,18,63,252,46,20,26,053,28*70
$GPGSV,2,2,06,23,40,323,45,24,78,133,47,,,,,,,,*72
$GPGSV,2,1,06,05,29,108,43,10,12,309,36,18,63,252,46,20,26,053,28*70
$GPGSV,2,2,06,23,40,323,45,24,78,133,47,,,,,,,,*72
$GPGSV,2,1,06,05,29,108,43,10,12,309,36,18,63,252,46,20,26,053,28*70
$GPGSV,2,2,06,23,40,323,45,24,78,133,47,,,,,,,,*72
$GPGSV,2,1,06,05,29,108,43,10,12,309,36,18,63,252,46,20,26,053,28*70
$GPGSV,2,2,06,23,40,323,45,24,78,133,47,,,,,,,,*72
$GPGSV,2,1,06,05,29,108,43,10,12,309,36,18,63,252,46,20,26,053,28*70
$GPGSV,2,2,06,23,40,323,45,24,78,133,47,,,,,,,,*72
$GPGSV,2,1,06,05,29,108,43,10,12,309,36,18,63,252,46,20,26,053,29*71
$GPGSV,2,2,06,23,40,323,45,24,78,133,47,,,,,,,,*72
$GPGSV,2,1,06,05,29,108,43,10,12,309,36,18,63,252,47,20,26,053,29*70
$GPGSV,2,2,06,23,40,323,45,24,78,133,47,,,,,,,,*72
$GPGSV,2,1,06,05,29,108,43,10,12,309,36,18,63,252,47,20,26,053,29*70
$GPGSV,2,2,06,23,40,323,45,24,78,133,47,,,,,,,,*72
$GPGSV,2,1,06,05,29,108,43,10,12,309,36,18,63,252,47,20,26,053,29*70
$GPGSV,2,2,06,23,40,323,45,24,78,133,47,,,,,,,,*72
$GPGSV,2,1,06,05,29,108,43,10,12,309,36,18,63,252,47,20,26,053,30*78
$GPGSV,2,2,06,23,40,323,45,24,78,133,47,,,,,,,,*72
$GPGSV,2,1,06,05,29,108,43,10,12,309,36,18,63,252,47,20,26,053,30*78
$GPGSV,2,2,06,23,40,323,45,24,78,133,47,,,,,,,,*72
$GPGSV,2,1,06,05,29,108,43,10,12,309,36,18,63,252,47,20,26,053,30*78
$GPGSV,2,2,06,23,40,323,45,24,78,133,47,,,,,,,,*72
$GPGSV,2,1,06,05,29,108,43,10,12,309,36,18,63,252,47,20,26,053,30*78
$GPGSV,2,2,06,23,40,323,45,24,78,133,47,,,,,,,,*72
$GPGSV,2,1,06,05,29,108,43,10,12,309,36,18,63,252,47,20,26,053,30*78
$GPGSV,2,2,06,23,40,323,45,24,78,133,47,,,,,,,,*72
$GPGSV,2,1,06,05,29,108,43,10,12,309,36,18,63,252,47,20,26,053,31*79
$GPGSV,2,2,06,23,40,323,45,24,78,133,47,,,,,,,,*72
$GPGSV,2,1,06,05,29,108,43,10,12,309,36,18,63,252,47,20,26,053,31*79
$GPGSV,2,2,06,23,40,323,45,24,78,133,47,,,,,,,,*72
$GPGSV,2,1,06,05,29,108,43,10,12,309,36,18,63,252,47,20,26,053,31*79
$GPGSV,2,2,06,23,40,323,45,24,78,133,47,,,,,,,,*72
$GPGSV,2,1,06,05,29,108,43,10,12,309,37,18,63,252,47,20,26,053,31*78
$GPGSV,2,2,06,23,40,323,45,24,78,133,47,,,,,,,,*72
$GPGSV,2,1,06,05,29,108,43,10,12,309,37,18,63,252,47,20,26,053,31*78
$GPGSV,2,2,06,23,40,323,45,24,78,133,47,,,,,,,,*72
$GPGSV,2,1,06,05,29,108,43,10,12,309,37,18,63,252,47,20,26,053,31*78
$GPGSV,2,2,06,23,40,323,45,24,78,133,47,,,,,,,,*72
$GPGSV,2,1,06,05,29,108,43,10,12,309,37,18,63,252,47,20,26,053,31*78
$GPGSV,2,2,06,23,40,323,45,24,78,133,47,,,,,,,,*72
$GPGSV,2,1,06,05,29,108,43,10,12,309,37,18,63,252,47,20,26,053,31*78
$GPGSV,2,2,06,23,40,323,45,24,78,133,47,,,,,,,,*72
$GPGSV,2,1,06,05,29,108,43,10,12,309,37,18,63,252,47,20,26,053,31*78
$GPGSV,2,2,06,23,40,323,45,24,78,133,47,,,,,,,,*72
$GPGSV,2,1,06,05,29,108,43,10,12,309,37,18,63,252,47,20,26,053,31*78
$GPGSV,2,2,06,23,40,323,45,24,78,133,47,,,,,,,,*72
$GPGSV,2,1,06,05,29,108,43,10,12,309,37,18,63,252,47,20,26,053,31*78
$GPGSV,2,2,06,23,40,323,45,24,78,133,47,,,,,,,,*72
$GPGSV,2,1,06,05,29,108,43,10,12,309,37,18,63,252,47,20,26,053,31*78
$GPGSV,2,2,06,23,40,323,45,24,78,133,47,,,,,,,,*72
$GPGSV,2,1,06,05,29,108,43,10,12,309,37,18,63,252,47,20,26,053,32*7B
$GPGSV,2,2,06,23,40,323,45,24,78,133,47,,,,,,,,*72
$GPGSV,2,1,06,05,29,108,43,10,12,309,37,18,63,252,47,20,26,053,32*7B
$GPGSV,2,2,06,23,40,323,45,24,78,133,47,,,,,,,,*72
$GPGSV,2,1,06,05,29,108,43,10,12,309,37,18,63,252,47,20,26,053,32*7B
$GPGSV,2,2,06,23,40,323,45,24,78,133,47,,,,,,,,*72
$GPGSV,2,1,06,05,29,108,43,10,12,309,36,18,63,251,47,20,26,053,32*79
$GPGSV,2,2,06,23,40,323,45,24,78,133,47,,,,,,,,*72
$GPGSV,2,1,06,05,29,108,43,10,12,309,36,18,63,251,47,20,26,053,32*79
$GPGSV,2,2,06,23,40,323,45,24,78,133,47,,,,,,,,*72
$GPGSV,2,1,06,05,29,108,43,10,12,309,36,18,63,251,47,20,26,053,32*79
$GPGSV,2,2,06,23,40,323,45,24,78,133,47,,,,,,,,*72
$GPGSV,2,1,06,05,29,108,43,10,12,309,36,18,63,251,47,20,26,053,32*79
$GPGSV,2,2,06,23,40,323,45,24,78,133,47,,,,,,,,*72
$GPGSV,2,1,06,05,29,108,43,10,12,309,36,18,63,251,47,20,26,053,32*79
$GPGSV,2,2,06,23,40,323,45,24,78,133,47,,,,,,,,*72
$GPGSV,2,1,06,05,29,108,43,10,12,309,36,18,63,251,47,20,26,053,32*79
$GPGSV,2,2,06,23,40,323,45,24,78,133,47,,,,,,,,*72
$GPGSV,2,1,06,05,29,108,43,10,12,309,36,18,63,251,47,20,26,053,32*79
$GPGSV,2,2,06,23,40,323,45,24,78,133,47,,,,,,,,*72
$GPGSV,2,1,06,05,29,108,43,10,12,309,36,18,63,251,47,20,26,053,32*79
$GPGSV,2,2,06,23,40,323,45,24,78,133,47,,,,,,,,*72
$GPGSV,2,1,06,05,29,108,43,10,12,309,36,18,63,251,47,20,26,053,32*79
$GPGSV,2,2,06,23,40,323,45,24,78,133,47,,,,,,,,*72
$GPGSV,2,1,06,05,29,108,43,10,12,309,36,18,63,251,47,20,26,053,32*79
$GPGSV,2,2,06,23,40,323,45,24,78,133,47,,,,,,,,*72
$GPGSV,2,1,06,05,29,108,43,10,12,309,36,18,63,251,46,20,26,053,32*78
$GPGSV,2,2,06,23,40,323,45,24,78,133,47,,,,,,,,*72
$GPGSV,2,1,06,05,29,108,43,10,12,309,36,18,63,251,46,20,26,053,31*7B
$GPGSV,2,2,06,23,40,323,45,24,78,133,47,,,,,,,,*72
$GPGSV,2,1,06,05,29,108,43,10,12,309,36,18,63,251,46,20,26,053,31*7B
$GPGSV,2,2,06,23,40,323,45,24,78,133,47,,,,,,,,*72
$GPGSV,2,1,06,05,29,108,43,10,12,309,36,18,63,251,46,20,26,053,31*7B
$GPGSV,2,2,06,23,40,323,45,24,78,133,47,,,,,,,,*72
$GPGSV,2,1,06,05,29,108,43,10,12,309,36,18,63,251,46,20,26,053,31*7B
$GPGSV,2,2,06,23,40,323,45,24,78,133,47,,,,,,,,*72
$GPGSV,2,1,06,05,29,108,43,10,12,309,36,18,63,251,46,20,26,053,31*7B
$GPGSV,2,2,06,23,40,323,45,24,78,133,47,,,,,,,,*72
$GPGSV,2,1,06,05,29,108,43,10,12,309,36,18,63,251,46,20,26,053,31*7B
$GPGSV,2,2,06,23,40,323,45,24,78,133,47,,,,,,,,*72
$GPGSV,2,1,06,05,29,108,43,10,12,309,36,18,63,251,46,20,26,053,31*7B
$GPGSV,2,2,06,23,40,323,45,24,78,133,47,,,,,,,,*72
$GPGSV,2,1,06,05,29,108,43,10,12,309,36,18,63,251,47,20,26,053,31*7A
$GPGSV,2,2,06,23,40,323,45,24,78,133,47,,,,,,,,*72
$GPGSV,2,1,06,05,29,108,43,10,12,309,36,18,63,251,47,20,26,053,31*7A
$GPGSV,2,2,06,23,40,323,45,24,78,133,47,,,,,,,,*72
$GPGSV,2,1,06,05,29,108,43,10,12,309,36,18,63,251,47,20,26,053,31*7A
$GPGSV,2,2,06,23,40,323,45,24,78,133,47,,,,,,,,*72
$GPGSV,2,1,06,05,29,108,43,10,12,309,36,18,63,251,47,20,26,053,31*7A
$GPGSV,2,2,06,23,40,323,46,24,78,133,47,,,,,,,,*71
$GPGSV,2,1,06,05,29,108,43,10,12,309,36,18,63,251,47,20,26,053,30*7B
$GPGSV,2,2,06,23,40,323,46,24,78,133,47,,,,,,,,*71
$GPGSV,2,1,06,05,29,108,43,10,12,309,36,18,63,251,47,20,26,053,30*7B
$GPGSV,2,2,06,23,40,323,46,24,78,133,47,,,,,,,,*71
$GPGSV,2,1,06,05,29,108,43,10,12,309,36,18,63,251,47,20,26,053,29*73
$GPGSV,2,2,06,23,40,323,46,24,78,133,47,,,,,,,,*71
$GPGSV,2,1,06,05,29,108,43,10,12,309,36,18,63,251,47,20,26,053,29*73
$GPGSV,2,2,06,23,40,323,46,24,78,133,47,,,,,,,,*71
$GPGSV,2,1,06,05,29,108,43,10,12,309,36,18,63,251,47,20,26,053,29*73
$GPGSV,2,2,06,23,40,323,46,24,78,133,47,,,,,,,,*71
$GPGSV,2,1,06,05,29,108,43,10,12,309,36,18,63,251,47,20,26,053,28*72
$GPGSV,2,2,06,23,40,323,46,24,78,133,47,,,,,,,,*71
$GPGSV,2,1,06,05,29,108,43,10,12,309,36,18,63,251,47,20,26,053,28*72
$GPGSV,2,2,06,23,40,323,46,24,78,133,47,,,,,,,,*71
$GPGSV,2,1,06,05,29,108,43,10,12,309,36,18,63,251,47,20,26,053,28*72
$GPGSV,2,2,06,23,40,323,46,24,78,133,47,,,,,,,,*71
$GPGSV,2,1,06,05,29,108,43,10,12,309,36,18,63,251,47,20,00,000,27*7F
$GPGSV,2,2,06,23,40,323,46,24,78,133,47,,,,,,,,*71
$GPGSV,2,1,06,05,29,108,43,10,12,309,36,18,63,251,47,20,00,000,27*7F
$GPGSV,2,2,06,23,40,323,46,24,78,133,47,,,,,,,,*71
$GPGSV,2,1,06,05,29,108,43,10,12,309,36,18,63,251,47,20,00,000,26*7E
$GPGSV,2,2,06,23,40,323,46,24,78,133,47,,,,,,,,*71
$GPGSV,2,1,06,05,29,108,43,10,12,309,36,18,63,251,47,20,00,000,26*7E
$GPGSV,2,2,06,23,40,323,46,24,78,133,47,,,,,,,,*71
$GPGSV,2,1,06,05,29,108,43,10,12,309,36,18,63,251,47,20,26,053,26*7C
$GPGSV,2,2,06,23,40,323,46,24,78,133,47,,,,,,,,*71
$GPGSV,2,1,06,05,29,108,43,10,12,309,36,18,63,251,47,20,26,053,26*7C
$GPGSV,2,2,06,23,40,323,46,24,78,133,47,,,,,,,,*71
$GPGSV,2,1,06,05,29,108,43,10,12,309,36,18,63,251,47,20,26,053,26*7C
$GPGSV,2,2,06,23,40,323,46,24,78,133,47,,,,,,,,*71
$GPGSV,2,1,06,05,29,108,43,10,12,309,36,18,63,251,47,20,26,053,26*7C
$GPGSV,2,2,06,23,40,323,46,24,78,133,47,,,,,,,,*71
$GPGSV,2,1,06,05,29,108,43,10,12,309,36,18,63,251,47,20,26,053,26*7C
$GPGSV,2,2,06,23,40,323,46,24,78,133,47,,,,,,,,*71
$GPGSV,2,1,06,05,29,108,43,10,12,309,36,18,63,251,47,20,00,000,26*7E
$GPGSV,2,2,06,23,40,323,46,24,78,133,47,,,,,,,,*71
$GPGSV,2,1,06,05,29,108,43,10,12,309,35,18,63,251,47,20,00,000,25*7E
$GPGSV,2,2,06,23,40,323,46,24,78,133,47,,,,,,,,*71
$GPGSV,2,1,06,05,29,108,43,10,12,309,35,18,63,251,47,20,00,000,25*7E
$GPGSV,2,2,06,23,40,323,46,24,78,133,47,,,,,,,,*71
$GPGSV,2,1,06,05,29,108,43,10,12,309,35,18,63,251,47,20,00,000,24*7F
$GPGSV,2,2,06,23,40,323,46,24,78,133,47,,,,,,,,*71
$GPGSV,2,1,06,05,29,108,43,10,12,309,35,18,63,251,47,20,00,000,24*7F
$GPGSV,2,2,06,23,40,323,46,24,78,133,47,,,,,,,,*71
$GPGSV,2,1,06,05,29,108,43,10,12,309,35,18,63,251,47,20,00,000,24*7F
$GPGSV,2,2,06,23,40,323,46,24,78,133,47,,,,,,,,*71
$GPGSV,2,1,06,05,29,108,43,10,12,309,35,18,63,251,47,20,00,000,23*78
$GPGSV,2,2,06,23,40,323,46,24,78,133,47,,,,,,,,*71
$GPGSV,2,1,06,05,29,108,43,10,12,309,35,18,63,251,47,20,00,000,23*78
$GPGSV,2,2,06,23,40,323,46,24,78,133,47,,,,,,,,*71
$GPGSV,2,1,06,05,29,108,43,10,12,309,35,18,63,251,47,20,00,000,22*79
$GPGSV,2,2,06,23,40,323,46,24,78,133,47,,,,,,,,*71
$GPGSV,2,1,06,05,29,108,43,10,12,309,35,18,63,251,47,20,00,000,22*79
$GPGSV,2,2,06,23,40,323,46,24,78,133,47,,,,,,,,*71
$GPGSV,2,1,06,05,29,108,43,10,12,309,35,18,63,251,47,20,00,000,23*78
$GPGSV,2,2,06,23,40,323,46,24,78,133,47,,,,,,,,*71
$GPGSV,2,1,06,05,29,108,43,10,12,309,35,18,63,251,47,20,00,000,23*78
$GPGSV,2,2,06,23,40,323,46,24,78,133,47,,,,,,,,*71
$GPGSV,2,1,06,05,29,108,43,10,12,309,35,18,63,251,47,20,00,000,23*78
$GPGSV,2,2,06,23,40,323,46,24,78,133,47,,,,,,,,*71
$GPGSV,2,1,06,05,29,108,43,10,12,309,35,18,63,251,47,20,00,000,23*78
$GPGSV,2,2,06,23,40,323,46,24,78,133,47,,,,,,,,*71
$GPGSV,2,1,06,05,29,108,43,10,12,309,35,18,63,251,47,20,00,000,23*78
$GPGSV,2,2,06,23,40,323,45,24,78,133,47,,,,,,,,*72
$GPGSV,2,1,06,05,29,108,43,10,12,309,35,18,63,251,47,20,26,053,23*7A
$GPGSV,2,2,06,23,40,323,45,24,78,133,47,,,,,,,,*72
$GPGSV,2,1,06,05,29,108,43,10,12,309,35,18,63,251,47,20,00,000,23*78
$GPGSV,2,2,06,23,40,323,45,24,78,132,47,,,,,,,,*73
$GPGSV,2,1,06,05,29,108,43,10,12,309,36,18,63,251,47,20,00,000,23*7B
$GPGSV,2,2,06,23,40,323,45,24,78,132,47,,,,,,,,*73
$GPGSV,2,1,06,05,29,108,43,10,12,309,36,18,63,251,47,20,00,000,23*7B
$GPGSV,2,2,06,23,40,323,45,24,78,132,47,,,,,,,,*73
$GPGSV,2,1,06,05,29,108,43,10,12,309,36,18,63,251,47,20,00,000,23*7B
$GPGSV,2,2,06,23,40,323,45,24,78,132,47,,,,,,,,*73
$GPGSV,2,1,06,05,29,108,43,10,12,309,36,18,63,251,47,20,00,000,23*7B
$GPGSV,2,2,06,23,40,323,45,24,78,132,47,,,,,,,,*73
$GPGSV,2,1,06,05,29,108,43,10,12,309,35,18,63,251,47,20,26,053,23*7A
$GPGSV,2,2,06,23,40,323,45,24,78,132,47,,,,,,,,*73
$GPGSV,2,1,06,05,29,108,42,10,12,309,35,18,63,251,47,20,26,053,24*7C
$GPGSV,2,2,06,23,40,323,45,24,78,132,47,,,,,,,,*73
$GPGSV,2,1,06,05,29,108,42,10,12,309,36,18,63,251,47,20,26,053,24*7F
$GPGSV,2,2,06,23,40,323,45,24,78,132,47,,,,,,,,*73
$GPGSV,2,1,06,05,29,108,42,10,12,309,36,18,63,251,47,20,26,053,24*7F
$GPGSV,2,2,06,23,40,323,45,24,78,132,47,,,,,,,,*73
$GPGSV,2,1,06,05,29,108,42,10,12,309,36,18,63,251,47,20,26,053,24*7F
$GPGSV,2,2,06,23,40,323,45,24,78,132,47,,,,,,,,*73
$GPGSV,2,1,06,05,29,108,43,10,12,309,36,18,63,251,47,20,26,053,24*7E
$GPGSV,2,2,06,23,40,323,45,24,78,132,47,,,,,,,,*73
$GPGSV,2,1,06,05,29,108,43,10,12,309,36,18,63,251,47,20,26,053,24*7E
$GPGSV,2,2,06,23,40,323,45,24,78,132,47,,,,,,,,*73
$GPGSV,2,1,06,05,29,108,43,10,12,309,36,18,63,251,47,20,26,053,25*7F
$GPGSV,2,2,06,23,40,323,45,24,78,132,47,,,,,,,,*73
$GPGSV,2,1,06,05,29,108,43,10,12,309,35,18,63,251,47,20,26,053,25*7C
$GPGSV,2,2,06,23,40,323,46,24,78,132,47,,,,,,,,*70
$GPGSV,2,1,06,05,29,108,43,10,12,309,35,18,63,251,47,20,26,053,25*7C
$GPGSV,2,2,06,23,40,323,46,24,78,132,47,,,,,,,,*70
$GPGSV,2,1,06,05,29,108,43,10,12,309,35,18,63,251,47,20,26,053,25*7C
$GPGSV,2,2,06,23,40,323,46,24,78,132,47,,,,,,,,*70
$GPGSV,2,1,06,05,29,108,43,10,12,309,36,18,63,251,47,20,26,053,25*7F
$GPGSV,2,2,06,23,40,323,46,24,78,132,47,,,,,,,,*70
$GPGSV,2,1,06,05,29,108,43,10,12,309,36,18,63,251,47,20,26,053,25*7F
$GPGSV,2,2,06,23,40,323,46,24,78,132,47,,,,,,,,*70
$GPGSV,2,1,06,05,29,108,43,10,12,309,36,18,63,251,47,20,26,053,25*7F
$GPGSV,2,2,06,23,40,323,46,24,78,132,47,,,,,,,,*70
$GPGSV,2,1,06,05,29,108,43,10,12,309,36,18,63,251,47,20,26,053,25*7F
$GPGSV,2,2,06,23,40,323,46,24,78,132,47,,,,,,,,*70
$GPGSV,2,1,06,05,29,108,43,10,12,309,36,18,63,251,47,20,26,053,26*7C
$GPGSV,2,2,06,23,40,323,46,24,78,132,47,,,,,,,,*70
$GPGSV,2,1,06,05,29,108,43,10,12,309,36,18,63,251,47,20,26,053,26*7C
$GPGSV,2,2,06,23,40,323,46,24,78,132,47,,,,,,,,*70
$GPGSV,2,1,06,05,29,108,43,10,12,309,36,18,63,251,47,20,26,053,26*7C
$GPGSV,2,2,06,23,40,323,46,24,78,132,47,,,,,,,,*70
$GPGSV,2,1,06,05,29,108,43,10,12,309,36,18,63,251,47,20,26,053,27*7D
$GPGSV,2,2,06,23,40,323,46,24,78,132,47,,,,,,,,*70
$GPGSV,2,1,06,05,29,108,43,10,12,309,36,18,63,251,47,20,26,053,27*7D
$GPGSV,2,2,06,23,40,323,46,24,78,132,47,,,,,,,,*70
$GPGSV,2,1,06,05,29,108,43,10,12,309,36,18,63,251,47,20,26,053,27*7D
$GPGSV,2,2,06,23,40,323,46,24,78,132,47,,,,,,,,*70
$GPGSV,2,1,06,05,29,108,43,10,12,309,36,18,63,251,47,20,26,053,28*72
$GPGSV,2,2,06,23,40,323,46,24,78,132,47,,,,,,,,*70
$GPGSV,2,1,06,05,29,108,43,10,12,309,36,18,63,251,47,20,26,053,28*72
$GPGSV,2,2,06,23,40,323,46,24,78,132,47,,,,,,,,*70
$GPGSV,2,1,06,05,29,108,43,10,12,309,36,18,63,251,47,20,26,053,28*72
$GPGSV,2,2,06,23,40,323,46,24,78,132,47,,,,,,,,*70
$GPGSV,2,1,06,05,29,108,43,10,12,309,36,18,63,251,47,20,26,053,28*72
$GPGSV,2,2,06,23,40,323,46,24,78,132,47,,,,,,,,*70
$GPGSV,2,1,06,05,29,108,43,10,12,309,36,18,63,251,47,20,26,053,29*73
$GPGSV,2,2,06,23,40,323,45,24,78,132,47,,,,,,,,*73
$GPGSV,2,1,06,05,29,108,43,10,12,309,36,18,63,251,47,20,26,053,29*73
$GPGSV,2,2,06,23,40,323,45,24,78,132,47,,,,,,,,*73
$GPGSV,2,1,06,05,29,108,43,10,12,309,36,18,63,251,47,20,26,053,29*73
$GPGSV,2,2,06,23,40,323,45,24,78,132,47,,,,,,,,*73
$GPGSV,2,1,06,05,29,108,43,10,12,309,36,18,63,251,47,20,26,053,29*73
$GPGSV,2,2,06,23,40,323,45,24,78,132,47,,,,,,,,*73
$GPGSV,2,1,06,05,29,108,43,10,12,309,36,18,63,251,47,20,26,053,29*73
$GPGSV,2,2,06,23,40,323,45,24,78,132,47,,,,,,,,*73
$GPGSV,2,1,06,05,29,108,43,10,12,309,36,18,63,251,47,20,26,053,29*73
$GPGSV,2,2,06,23,40,323,45,24,78,132,47,,,,,,,,*73
$GPGSV,2,1,06,05,29,108,43,10,12,309,36,18,63,251,47,20,26,053,29*73
$GPGSV,2,2,06,23,40,323,45,24,78,132,47,,,,,,,,*73
$GPGSV,2,1,06,05,29,108,43,10,12,309,36,18,63,251,47,20,26,053,30*7B
$GPGSV,2,2,06,23,40,323,45,24,78,132,47,,,,,,,,*73
$GPGSV,2,1,06,05,29,108,43,10,12,309,36,18,63,251,47,20,26,053,30*7B
$GPGSV,2,2,06,23,40,323,45,24,78,132,47,,,,,,,,*73
$GPGSV,2,1,06,05,29,108,43,10,12,309,36,18,63,251,47,20,26,053,30*7B
$GPGSV,2,2,06,23,40,323,45,24,78,132,47,,,,,,,,*73
$GPGSV,2,1,06,05,29,108,43,10,12,309,36,18,63,251,47,20,26,053,30*7B
$GPGSV,2,2,06,23,40,323,45,24,78,132,47,,,,,,,,*73
$GPGSV,2,1,06,05,29,108,43,10,12,309,36,18,63,251,47,20,26,053,30*7B
$GPGSV,2,2,06,23,40,323,45,24,78,132,47,,,,,,,,*73
$GPGSV,2,1,06,05,29,108,43,10,12,309,36,18,63,251,47,20,26,053,30*7B
$GPGSV,2,2,06,23,40,323,45,24,78,132,47,,,,,,,,*73
$GPGSV,2,1,06,05,29,108,43,10,12,309,36,18,63,251,47,20,26,053,30*7B
$GPGSV,2,2,06,23,40,323,45,24,78,132,47,,,,,,,,*73
$GPGSV,2,1,06,05,29,108,43,10,12,309,36,18,63,251,47,20,26,053,30*7B
$GPGSV,2,2,06,23,40,323,45,24,78,132,47,,,,,,,,*73
$GPGSV,2,1,06,05,29,108,43,10,12,309,36,18,63,251,47,20,26,053,30*7B
$GPGSV,2,2,06,23,40,323,45,24,78,132,47,,,,,,,,*73
$GPGSV,2,1,06,05,29,108,43,10,12,309,36,18,63,251,47,20,26,053,30*7B
$GPGSV,2,2,06,23,40,323,45,24,78,132,47,,,,,,,,*73
$GPGSV,2,1,06,05,29,108,43,10,12,309,36,18,63,251,47,20,26,053,30*7B
$GPGSV,2,2,06,23,40,323,45,24,78,132,47,,,,,,,,*73
$GPGSV,2,1,06,05,29,108,43,10,12,309,36,18,63,251,47,20,26,053,30*7B
$GPGSV,2,2,06,23,40,323,45,24,78,132,47,,,,,,,,*73
$GPGSV,2,1,06,05,29,108,43,10,12,309,36,18,63,251,47,20,26,053,30*7B
$GPGSV,2,2,06,23,40,323,45,24,78,132,47,,,,,,,,*73
$GPGSV,2,1,06,05,29,108,43,10,12,309,36,18,63,251,47,20,26,053,30*7B
$GPGSV,2,2,06,23,40,323,45,24,78,132,47,,,,,,,,*73
$GPGSV,2,1,05,05,29,108,43,10,12,309,36,18,63,251,47,23,40,323,45*7D
$GPGSV,2,2,05,24,78,132,47,,,,,,,,,,,,*46
$GPGSV,2,1,05,05,29,108,43,10,12,309,36,18,63,251,47,23,40,323,45*7D
$GPGSV,2,2,05,24,78,132,47,,,,,,,,,,,,*46
$GPGSV,2,1,05,05,29,108,43,10,12,309,36,18,63,251,47,23,40,323,45*7D
$GPGSV,2,2,05,24,78,132,47,,,,,,,,,,,,*46
$GPGSV,2,1,05,05,29,108,43,10,12,309,36,18,63,251,47,23,40,323,45*7D
$GPGSV,2,2,05,24,78,132,47,,,,,,,,,,,,*46
$GPGSV,2,1,05,05,29,108,43,10,12,309,36,18,63,251,47,23,40,323,45*7D
$GPGSV,2,2,05,24,78,132,47,,,,,,,,,,,,*46
$GPGSV,2,1,05,05,29,108,43,10,12,309,36,18,63,251,47,23,40,323,45*7D
$GPGSV,2,2,05,24,78,132,47,,,,,,,,,,,,*46
$GPGSV,2,1,05,05,29,108,43,10,12,309,36,18,63,251,47,23,40,323,45*7D
$GPGSV,2,2,05,24,78,132,47,,,,,,,,,,,,*46
$GPGSV,2,1,05,05,29,108,43,10,12,309,36,18,63,251,47,23,40,323,45*7D
$GPGSV,2,2,05,24,78,132,47,,,,,,,,,,,,*46
$GPGSV,2,1,06,05,29,108,43,10,12,309,36,18,63,251,47,20,00,000,27*7F
$GPGSV,2,2,06,23,40,323,45,24,78,132,47,,,,,,,,*73
$GPGSV,2,1,06,05,29,108,42,10,12,309,36,18,63,251,47,20,00,000,28*71
$GPGSV,2,2,06,23,40,323,45,24,78,132,47,,,,,,,,*73
$GPGSV,2,1,06,05,29,108,42,10,12,309,36,18,63,251,47,20,00,000,28*71
$GPGSV,2,2,06,23,40,323,45,24,78,132,47,,,,,,,,*73
$GPGSV,2,1,06,05,29,108,42,10,12,309,36,18,63,251,46,20,00,000,28*70
$GPGSV,2,2,06,23,40,323,45,24,78,132,47,,,,,,,,*73
$GPGSV,2,1,06,05,29,108,42,10,12,309,36,18,63,251,46,20,00,000,28*70
$GPGSV,2,2,06,23,40,323,45,24,78,132,47,,,,,,,,*73
$GPGSV,2,1,06,05,29,108,42,10,12,309,36,18,63,251,46,20,00,000,27*7F
$GPGSV,2,2,06,23,40,323,45,24,78,132,47,,,,,,,,*73
$GPGSV,2,1,06,05,29,108,42,10,12,309,36,18,63,251,46,20,00,000,27*7F
$GPGSV,2,2,06,23,40,323,45,24,78,132,47,,,,,,,,*73
$GPGSV,2,1,06,05,29,108,42,10,12,309,36,18,63,251,46,20,26,053,26*7C
$GPGSV,2,2,06,23,40,323,45,24,78,132,47,,,,,,,,*73
$GPGSV,2,1,06,05,29,108,42,10,12,309,36,18,63,251,46,20,26,053,26*7C
$GPGSV,2,2,06,23,40,323,45,24,78,132,47,,,,,,,,*73
$GPGSV,2,1,06,05,29,108,42,10,12,309,36,18,63,251,46,20,26,053,26*7C
$GPGSV,2,2,06,23,40,323,45,24,78,132,47,,,,,,,,*73
$GPGSV,2,1,06,05,29,108,42,10,12,309,36,18,63,251,46,20,26,053,26*7C
$GPGSV,2,2,06,23,40,323,45,24,78,132,47,,,,,,,,*73
$GPGSV,2,1,06,05,29,108,42,10,12,309,36,18,63,251,46,20,26,053,25*7F
$GPGSV,2,2,06,23,40,323,45,24,78,132,47,,,,,,,,*73
$GPGSV,2,1,06,05,29,108,42,10,12,309,36,18,63,251,46,20,26,053,25*7F
$GPGSV,2,2,06,23,40,323,45,24,78,132,47,,,,,,,,*73
$GPGSV,2,1,06,05,29,108,42,10,12,309,36,18,63,251,46,20,26,053,25*7F
$GPGSV,2,2,06,23,40,323,45,24,78,132,47,,,,,,,,*73
$GPGSV,2,1,06,05,29,108,42,10,12,309,36,18,63,251,46,20,26,053,24*7E
$GPGSV,2,2,06,23,40,323,45,24,78,132,47,,,,,,,,*73
$GPGSV,2,1,06,05,29,108,42,10,12,309,36,18,63,251,46,20,26,053,24*7E
$GPGSV,2,2,06,23,40,323,45,24,78,132,47,,,,,,,,*73
$GPGSV,2,1,06,05,29,108,42,10,12,309,36,18,63,251,46,20,00,000,23*7B
$GPGSV,2,2,06,23,40,323,45,24,78,132,47,,,,,,,,*73
$GPGSV,2,1,06,05,29,108,42,10,12,309,37,18,63,251,46,20,00,000,22*7B
$GPGSV,2,2,06,23,40,323,45,24,78,132,47,,,,,,,,*73
$GPGSV,2,1,06,05,29,108,42,10,12,309,37,18,63,251,46,20,00,000,22*7B
$GPGSV,2,2,06,23,40,323,45,24,78,132,47,,,,,,,,*73
$GPGSV,2,1,06,05,29,108,42,10,12,309,37,18,63,251,46,20,00,000,21*78
$GPGSV,2,2,06,23,40,323,45,24,78,132,47,,,,,,,,*73
$GPGSV,2,1,06,05,29,108,42,10,12,309,37,18,63,251,46,20,00,000,21*78
$GPGSV,2,2,06,23,40,323,45,24,78,132,47,,,,,,,,*73
$GPGSV,2,1,06,05,29,108,42,10,12,309,37,18,63,251,46,20,00,000,21*78
$GPGSV,2,2,06,23,40,323,45,24,78,132,47,,,,,,,,*73
$GPGSV,2,1,06,05,29,108,42,10,12,309,37,18,63,251,46,20,00,000,21*78
$GPGSV,2,2,06,23,40,323,45,24,78,132,47,,,,,,,,*73
$GPGSV,2,1,06,05,29,108,42,10,12,309,37,18,63,251,46,20,00,000,20*79
$GPGSV,2,2,06,23,40,323,45,24,78,132,47,,,,,,,,*73
$GPGSV,2,1,06,05,29,108,42,10,12,309,37,18,63,251,46,20,00,000,20*79
$GPGSV,2,2,06,23,40,323,45,24,78,132,47,,,,,,,,*73
$GPGSV,2,1,06,05,29,108,43,10,12,309,37,18,63,251,46,20,00,000,19*72
$GPGSV,2,2,06,23,40,323,45,24,78,132,47,,,,,,,,*73
$GPGSV,2,1,06,05,29,108,43,10,12,309,37,18,63,251,47,20,00,000,19*73
$GPGSV,2,2,06,23,40,323,45,24,78,132,47,,,,,,,,*73
$GPGSV,2,1,06,05,29,108,43,10,12,309,37,18,63,251,47,20,00,000,19*73
$GPGSV,2,2,06,23,40,323,45,24,78,132,47,,,,,,,,*73
$GPGSV,2,1,06,05,29,108,43,10,12,309,37,18,63,251,47,20,00,000,19*73
$GPGSV,2,2,06,23,40,323,45,24,78,132,47,,,,,,,,*73
$GPGSV,2,1,06,05,29,108,43,10,12,309,37,18,63,251,47,20,00,000,19*73
$GPGSV,2,2,06,23,40,323,45,24,78,132,47,,,,,,,,*73
$GPGSV,2,1,06,05,29,108,43,10,12,309,37,18,63,251,47,20,00,000,19*73
$GPGSV,2,2,06,23,40,323,45,24,78,132,47,,,,,,,,*73
$GPGSV,2,1,06,05,29,108,43,10,12,309,37,18,63,251,47,20,00,000,19*73
$GPGSV,2,2,06,23,40,323,45,24,78,132,47,,,,,,,,*73
$GPGSV,2,1,06,05,29,108,43,10,12,309,37,18,63,251,47,20,00,000,19*73
$GPGSV,2,2,06,23,40,323,45,24,78,132,47,,,,,,,,*73
$GPGSV,2,1,06,05,29,108,43,10,12,309,37,18,63,251,47,20,00,000,19*73
$GPGSV,2,2,06,23,40,323,45,24,78,132,47,,,,,,,,*73
$GPGSV,2,1,06,05,29,108,43,10,12,309,37,18,63,251,47,20,00,000,20*79
$GPGSV,2,2,06,23,40,323,45,24,78,132,47,,,,,,,,*73
$GPGSV,2,1,06,05,29,108,43,10,12,309,37,18,63,251,47,20,00,000,20*79
$GPGSV,2,2,06,23,40,323,45,24,78,132,47,,,,,,,,*73
$GPGSV,2,1,06,05,29,108,43,10,12,309,37,18,63,251,47,20,00,000,21*78
$GPGSV,2,2,06,23,40,323,45,24,78,132,47,,,,,,,,*73
$GPGSV,2,1,06,05,29,108,43,10,12,309,37,18,63,251,47,20,00,000,21*78
$GPGSV,2,2,06,23,40,323,45,24,78,132,47,,,,,,,,*73
$GPGSV,2,1,06,05,29,108,43,10,12,309,37,18,63,251,47,20,00,000,22*7B
$GPGSV,2,2,06,23,40,323,44,24,78,132,47,,,,,,,,*72
$GPGSV,2,1,06,05,29,108,43,10,12,309,37,18,63,251,47,20,00,000,23*7A
$GPGSV,2,2,06,23,40,323,44,24,78,132,47,,,,,,,,*72
$GPGSV,2,1,06,05,29,108,43,10,12,309,37,18,63,251,47,20,00,000,23*7A
$GPGSV,2,2,06,23,40,323,44,24,78,132,47,,,,,,,,*72
$GPGSV,2,1,06,05,29,108,43,10,12,309,37,18,63,251,47,20,00,000,23*7A
$GPGSV,2,2,06,23,40,323,44,24,78,132,47,,,,,,,,*72
$GPGSV,2,1,06,05,29,108,43,10,12,309,38,18,63,251,47,20,00,000,24*72
$GPGSV,2,2,06,23,40,323,44,24,78,132,47,,,,,,,,*72
$GPGSV,2,1,06,05,29,108,43,10,12,309,38,18,63,251,47,20,00,000,24*72
$GPGSV,2,2,06,23,40,323,44,24,78,132,47,,,,,,,,*72
$GPGSV,2,1,06,05,29,108,43,10,12,309,38,18,63,251,47,20,00,000,25*73
$GPGSV,2,2,06,23,40,323,44,24,78,132,47,,,,,,,,*72
$GPGSV,2,1,06,05,29,108,43,10,12,309,38,18,63,251,47,20,26,053,25*71
$GPGSV,2,2,06,23,40,323,44,24,78,132,47,,,,,,,,*72
$GPGSV,2,1,06,05,29,108,43,10,12,309,38,18,63,251,47,20,26,053,26*72
$GPGSV,2,2,06,23,40,323,44,24,78,132,47,,,,,,,,*72
$GPGSV,2,1,06,05,29,108,43,10,12,309,38,18,63,251,47,20,26,053,26*72
$GPGSV,2,2,06,23,40,323,44,24,78,132,47,,,,,,,,*72
$GPGSV,2,1,06,05,29,108,43,10,12,309,38,18,63,251,47,20,26,053,27*73
$GPGSV,2,2,06,23,40,323,44,24,78,132,47,,,,,,,,*72
$GPGSV,2,1,06,05,29,108,43,10,12,309,38,18,63,251,47,20,26,053,27*73
$GPGSV,2,2,06,23,40,323,44,24,78,132,47,,,,,,,,*72
$GPGSV,2,1,06,05,29,108,43,10,12,309,38,18,63,251,47,20,26,053,27*73
$GPGSV,2,2,06,23,40,323,44,24,78,132,47,,,,,,,,*72
$GPGSV,2,1,06,05,29,108,43,10,12,309,38,18,63,251,47,20,26,053,27*73
$GPGSV,2,2,06,23,40,323,44,24,78,132,47,,,,,,,,*72
$GPGSV,2,1,06,05,29,108,43,10,12,309,37,18,63,251,47,20,26,053,28*73
$GPGSV,2,2,06,23,40,323,44,24,78,132,47,,,,,,,,*72
$GPGSV,2,1,06,05,29,108,43,10,12,309,37,18,63,251,47,20,26,053,28*73
$GPGSV,2,2,06,23,40,323,44,24,78,132,47,,,,,,,,*72
$GPGSV,2,1,06,05,29,108,43,10,12,309,37,18,63,251,47,20,26,053,28*73
$GPGSV,2,2,06,23,40,323,44,24,78,132,47,,,,,,,,*72
$GPGSV,2,1,06,05,29,108,43,10,12,309,37,18,63,251,47,20,26,053,28*73
$GPGSV,2,2,06,23,40,323,44,24,78,132,47,,,,,,,,*72
$GPGSV,2,1,06,05,29,108,43,10,12,309,37,18,63,251,47,20,26,053,28*73
$GPGSV,2,2,06,23,40,323,44,24,78,132,47,,,,,,,,*72
$GPGSV,2,1,06,05,29,108,43,10,12,309,37,18,63,251,47,20,26,053,28*73
$GPGSV,2,2,06,23,40,323,44,24,78,132,47,,,,,,,,*72
$GPGSV,2,1,06,05,29,108,43,10,12,309,37,18,63,251,47,20,26,053,29*72
$GPGSV,2,2,06,23,40,323,44,24,78,132,47,,,,,,,,*72
$GPGSV,2,1,06,05,29,108,43,10,12,309,37,18,63,251,47,20,26,053,29*72
$GPGSV,2,2,06,23,40,323,44,24,78,132,47,,,,,,,,*72
$GPGSV,2,1,06,05,29,108,43,10,12,309,37,18,63,251,47,20,26,053,29*72
$GPGSV,2,2,06,23,40,323,44,24,78,132,47,,,,,,,,*72
$GPGSV,2,1,06,05,29,108,43,10,12,309,37,18,63,251,47,20,26,053,29*72
$GPGSV,2,2,06,23,40,323,44,24,78,132,47,,,,,,,,*72
$GPGSV,2,1,06,05,29,108,43,10,12,309,37,18,63,251,47,20,26,053,29*72
$GPGSV,2,2,06,23,40,323,44,24,78,132,47,,,,,,,,*72
$GPGSV,2,1,06,05,29,108,43,10,12,309,37,18,63,251,47,20,26,053,29*72
$GPGSV,2,2,06,23,40,323,44,24,78,132,47,,,,,,,,*72
$GPGSV,2,1,06,05,29,108,43,10,12,309,37,18,63,251,47,20,26,053,29*72
$GPGSV,2,2,06,23,40,323,44,24,78,132,47,,,,,,,,*72
$GPGSV,2,1,06,05,29,108,43,10,12,309,37,18,63,251,47,20,26,053,29*72
$GPGSV,2,2,06,23,40,323,44,24,78,132,47,,,,,,,,*72
$GPGSV,2,1,06,05,29,108,43,10,12,309,37,18,63,251,47,20,26,053,29*72
$GPGSV,2,2,06,23,40,323,44,24,78,132,47,,,,,,,,*72
$GPGSV,2,1,06,05,29,108,43,10,12,309,37,18,63,251,47,20,26,053,29*72
$GPGSV,2,2,06,23,40,323,44,24,78,132,47,,,,,,,,*72
$GPGSV,2,1,06,05,29,108,43,10,12,309,37,18,63,251,47,20,26,053,29*72
$GPGSV,2,2,06,23,40,323,44,24,78,132,47,,,,,,,,*72
$GPGSV,2,1,06,05,29,108,43,10,12,309,37,18,63,251,47,20,26,053,30*7A
$GPGSV,2,2,06,23,40,323,44,24,78,132,47,,,,,,,,*72
$GPGSV,2,1,06,05,29,108,43,10,12,309,37,18,63,251,47,20,26,053,30*7A
$GPGSV,2,2,06,23,40,323,44,24,78,132,47,,,,,,,,*72
$GPGSV,2,1,06,05,29,108,43,10,12,309,37,18,63,251,47,20,26,053,30*7A
$GPGSV,2,2,06,23,40,323,44,24,78,132,47,,,,,,,,*72
$GPGSV,2,1,06,05,29,108,43,10,12,309,37,18,63,251,47,20,26,053,30*7A
$GPGSV,2,2,06,23,40,323,44,24,78,132,47,,,,,,,,*72
$GPGSV,2,1,06,05,29,108,42,10,12,309,37,18,63,251,47,20,26,053,30*7B
$GPGSV,2,2,06,23,40,323,44,24,78,132,47,,,,,,,,*72
$GPGSV,2,1,06,05,29,108,42,10,12,309,37,18,63,251,47,20,26,053,30*7B
$GPGSV,2,2,06,23,40,323,44,24,78,132,47,,,,,,,,*72
$GPGSV,2,1,06,05,29,108,42,10,12,309,37,18,63,251,47,20,26,053,30*7B
$GPGSV,2,2,06,23,40,323,44,24,78,132,47,,,,,,,,*72
$GPGSV,2,1,06,05,29,108,42,10,12,309,37,18,63,251,47,20,26,053,30*7B
$GPGSV,2,2,06,23,40,323,44,24,78,131,47,,,,,,,,*71
$GPGSV,2,1,06,05,29,108,42,10,12,309,37,18,63,251,47,20,26,053,30*7B
$GPGSV,2,2,06,23,40,323,44,24,78,131,47,,,,,,,,*71
$GPGSV,2,1,06,05,29,108,42,10,12,309,37,18,63,251,47,20,26,053,30*7B
$GPGSV,2,2,06,23,40,323,44,24,78,131,47,,,,,,,,*71
$GPGSV,2,1,06,05,29,108,42,10,12,309,37,18,63,251,47,20,26,053,30*7B
$GPGSV,2,2,06,23,40,323,44,24,78,131,47,,,,,,,,*71
$GPGSV,2,1,06,05,29,108,42,10,12,309,37,18,63,251,47,20,26,053,30*7B
$GPGSV,2,2,06,23,40,323,44,24,78,131,47,,,,,,,,*71
$GPGSV,2,1,06,05,29,108,42,10,12,309,37,18,63,251,47,20,26,053,30*7B
$GPGSV,2,2,06,23,40,323,44,24,78,131,47,,,,,,,,*71
$GPGSV,2,1,06,05,29,108,42,10,12,309,37,18,63,251,47,20,26,053,30*7B
$GPGSV,2,2,06,23,40,323,44,24,78,131,47,,,,,,,,*71
$GPGSV,2,1,06,05,29,108,42,10,12,309,37,18,63,251,47,20,26,053,30*7B
$GPGSV,2,2,06,23,40,323,44,24,78,131,47,,,,,,,,*71
$GPGSV,2,1,06,05,29,108,42,10,12,309,37,18,63,251,47,20,26,053,30*7B
$GPGSV,2,2,06,23,40,323,44,24,78,131,47,,,,,,,,*71
$GPGSV,2,1,06,05,29,108,42,10,12,309,37,18,63,251,47,20,26,053,30*7B
$GPGSV,2,2,06,23,40,323,44,24,78,131,47,,,,,,,,*71
$GPGSV,2,1,06,05,29,108,42,10,12,309,37,18,63,251,47,20,26,053,29*73
$GPGSV,2,2,06,23,40,323,44,24,78,131,47,,,,,,,,*71
$GPGSV,2,1,06,05,29,108,42,10,12,309,37,18,63,251,47,20,26,053,29*73
$GPGSV,2,2,06,23,40,323,44,24,78,131,47,,,,,,,,*71
$GPGSV,2,1,06,05,29,108,42,10,12,309,37,18,63,251,47,20,26,053,29*73
$GPGSV,2,2,06,23,40,323,44,24,78,131,47,,,,,,,,*71
$GPGSV,2,1,06,05,29,108,42,10,12,309,37,18,63,251,47,20,26,053,29*73
$GPGSV,2,2,06,23,40,323,44,24,78,131,47,,,,,,,,*71
$GPGSV,2,1,06,05,29,108,42,10,12,309,37,18,63,251,47,20,26,053,29*73
$GPGSV,2,2,06,23,40,323,44,24,78,131,47,,,,,,,,*71
$GPGSV,2,1,06,05,29,108,42,10,12,309,37,18,63,251,47,20,26,053,30*7B
$GPGSV,2,2,06,23,40,323,44,24,78,131,47,,,,,,,,*71
$GPGSV,2,1,06,05,29,108,42,10,12,309,37,18,63,251,47,20,26,053,30*7B
$GPGSV,2,2,06,23,40,323,44,24,78,131,47,,,,,,,,*71
$GPGSV,2,1,06,05,29,108,42,10,12,309,37,18,63,251,47,20,26,053,30*7B
$GPGSV,2,2,06,23,40,323,44,24,78,131,47,,,,,,,,*71
$GPGSV,2,1,06,05,29,108,42,10,12,309,37,18,63,251,47,20,26,053,30*7B
$GPGSV,2,2,06,23,40,323,44,24,78,131,47,,,,,,,,*71
$GPGSV,2,1,06,05,29,108,42,10,12,309,37,18,63,251,47,20,26,053,30*7B
$GPGSV,2,2,06,23,40,323,44,24,78,131,47,,,,,,,,*71
$GPGSV,2,1,06,05,29,108,42,10,12,309,37,18,63,251,47,20,26,053,30*7B
$GPGSV,2,2,06,23,40,323,45,24,78,131,47,,,,,,,,*70
$GPGSV,2,1,06,05,29,108,42,10,12,309,37,18,63,251,47,20,26,053,30*7B
$GPGSV,2,2,06,23,40,323,45,24,78,131,47,,,,,,,,*70
$GPGSV,2,1,06,05,29,108,42,10,12,309,37,18,63,251,47,20,26,053,30*7B
$GPGSV,2,2,06,23,40,323,45,24,78,131,47,,,,,,,,*70
$GPGSV,2,1,06,05,29,108,42,10,12,309,37,18,63,251,47,20,26,053,30*7B
$GPGSV,2,2,06,23,40,323,45,24,78,131,47,,,,,,,,*70
$GPGSV,2,1,06,05,29,108,42,10,12,309,37,18,63,251,47,20,26,053,30*7B
$GPGSV,2,2,06,23,40,323,45,24,78,131,47,,,,,,,,*70
$GPGSV,2,1,06,05,29,108,42,10,12,309,37,18,63,251,47,20,26,053,30*7B
$GPGSV,2,2,06,23,40,323,45,24,78,131,47,,,,,,,,*70
$GPGSV,2,1,06,05,29,108,42,10,12,309,37,18,63,251,47,20,26,053,31*7A
$GPGSV,2,2,06,23,40,323,45,24,78,131,47,,,,,,,,*70
$GPGSV,2,1,06,05,29,108,42,10,12,309,37,18,63,251,47,20,26,053,31*7A
$GPGSV,2,2,06,23,40,323,45,24,78,131,47,,,,,,,,*70
$GPGSV,2,1,06,05,29,108,42,10,12,309,37,18,63,251,47,20,26,053,31*7A
$GPGSV,2,2,06,23,40,323,45,24,78,131,47,,,,,,,,*70
$GPGSV,2,1,06,05,29,108,42,10,12,309,37,18,63,251,47,20,26,053,31*7A
$GPGSV,2,2,06,23,40,323,44,24,78,131,47,,,,,,,,*71
$GPGSV,2,1,06,05,29,108,42,10,12,309,37,18,63,251,47,20,26,053,31*7A
$GPGSV,2,2,06,23,40,323,44,24,78,131,47,,,,,,,,*71
$GPGSV,2,1,06,05,29,108,42,10,12,309,37,18,63,251,47,20,26,053,32*79
$GPGSV,2,2,06,23,40,323,44,24,78,131,47,,,,,,,,*71
$GPGSV,2,1,06,05,29,108,42,10,12,309,37,18,63,251,47,20,26,053,32*79
$GPGSV,2,2,06,23,40,323,44,24,78,131,47,,,,,,,,*71
$GPGSV,2,1,06,05,29,108,42,10,12,309,36,18,63,251,47,20,26,053,32*78
$GPGSV,2,2,06,23,40,323,44,24,78,131,47,,,,,,,,*71
$GPGSV,2,1,06,05,29,108,42,10,12,309,36,18,63,251,47,20,26,053,32*78
$GPGSV,2,2,06,23,40,323,44,24,78,131,47,,,,,,,,*71
$GPGSV,2,1,06,05,29,108,42,10,12,309,36,18,63,251,47,20,26,053,32*78
$GPGSV,2,2,06,23,40,323,44,24,78,131,47,,,,,,,,*71
$GPGSV,2,1,06,05,29,108,42,10,12,309,36,18,63,251,47,20,26,053,32*78
$GPGSV,2,2,06,23,40,323,44,24,78,131,47,,,,,,,,*71
$GPGSV,2,1,06,05,29,108,42,10,12,309,36,18,63,251,47,20,26,053,32*78
$GPGSV,2,2,06,23,40,323,44,24,78,131,47,,,,,,,,*71
$GPGSV,2,1,06,05,29,108,42,10,12,309,36,18,63,251,47,20,26,053,32*78
$GPGSV,2,2,06,23,40,323,44,24,78,131,47,,,,,,,,*71
$GPGSV,2,1,06,05,29,108,42,10,12,309,36,18,63,251,47,20,26,053,32*78
$GPGSV,2,2,06,23,40,323,44,24,78,131,47,,,,,,,,*71
$GPGSV,2,1,06,05,29,108,42,10,12,309,37,18,63,251,47,20,26,053,32*79
$GPGSV,2,2,06,23,40,323,44,24,78,131,47,,,,,,,,*71
$GPGSV,2,1,06,05,29,108,42,10,12,309,37,18,63,251,47,20,26,053,33*78
$GPGSV,2,2,06,23,40,323,44,24,78,131,47,,,,,,,,*71
$GPGSV,2,1,06,05,29,108,42,10,12,309,37,18,63,251,47,20,26,053,33*78
$GPGSV,2,2,06,23,40,323,44,24,78,131,47,,,,,,,,*71
$GPGSV,2,1,06,05,29,108,42,10,12,309,37,18,63,251,47,20,26,053,33*78
$GPGSV,2,2,06,23,40,323,44,24,78,131,47,,,,,,,,*71
$GPGSV,2,1,06,05,29,108,42,10,12,309,37,18,63,251,47,20,26,053,33*78
$GPGSV,2,2,06,23,40,323,44,24,78,131,47,,,,,,,,*71
$GPGSV,2,1,06,05,29,108,42,10,12,309,37,18,63,251,47,20,26,053,33*78
$GPGSV,2,2,06,23,40,323,44,24,78,131,47,,,,,,,,*71
$GPGSV,2,1,06,05,29,108,42,10,12,309,37,18,63,251,47,20,26,053,33*78
$GPGSV,2,2,06,23,40,323,44,24,78,131,47,,,,,,,,*71
$GPGSV,2,1,06,05,29,108,42,10,12,309,37,18,63,251,47,20,26,053,33*78
$GPGSV,2,2,06,23,40,323,44,24,78,131,47,,,,,,,,*71
$GPGSV,2,1,06,05,29,108,42,10,12,309,37,18,63,251,47,20,26,053,33*78
$GPGSV,2,2,06,23,40,323,44,24,78,131,47,,,,,,,,*71
$GPGSV,2,1,06,05,29,108,42,10,12,309,37,18,63,251,47,20,26,053,33*78
$GPGSV,2,2,06,23,40,323,44,24,78,131,47,,,,,,,,*71
$GPGSV,2,1,06,05,29,108,42,10,12,309,37,18,63,251,47,20,26,053,33*78
$GPGSV,2,2,06,23,40,323,44,24,78,131,47,,,,,,,,*71
$GPGSV,2,1,06,05,29,108,42,10,12,309,37,18,63,251,47,20,26,053,32*79
$GPGSV,2,2,06,23,40,323,44,24,78,131,47,,,,,,,,*71
$GPGSV,2,1,06,05,29,108,42,10,12,309,37,18,63,251,47,20,26,053,32*79
$GPGSV,2,2,06,23,40,323,44,24,78,131,47,,,,,,,,*71
$GPGSV,2,1,06,05,29,108,42,10,12,309,37,18,63,251,47,20,26,053,32*79
$GPGSV,2,2,06,23,40,323,44,24,78,131,47,,,,,,,,*71
$GPGSV,2,1,06,05,29,108,42,10,12,309,38,18,63,251,47,20,26,053,32*76
$GPGSV,2,2,06,23,40,323,44,24,78,131,47,,,,,,,,*71
$GPGSV,2,1,06,05,29,108,42,10,12,309,38,18,63,251,47,20,26,053,32*76
$GPGSV,2,2,06,23,40,323,44,24,78,131,47,,,,,,,,*71
$GPGSV,2,1,06,05,29,108,42,10,12,309,38,18,63,251,47,20,26,053,32*76
$GPGSV,2,2,06,23,40,323,44,24,78,131,47,,,,,,,,*71
$GPGSV,2,1,06,05,29,108,42,10,12,309,38,18,63,251,47,20,26,053,32*76
$GPGSV,2,2,06,23,40,323,44,24,78,131,47,,,,,,,,*71
$GPGSV,2,1,06,05,29,108,42,10,12,309,38,18,63,251,47,20,26,053,32*76
$GPGSV,2,2,06,23,40,323,44,24,78,131,47,,,,,,,,*71
$GPGSV,2,1,06,05,29,108,42,10,12,309,38,18,63,251,47,20,26,053,32*76
$GPGSV,2,2,06,23,40,323,44,24,78,131,47,,,,,,,,*71
$GPGSV,2,1,06,05,29,108,42,10,12,309,38,18,63,251,47,20,26,053,32*76
$GPGSV,2,2,06,23,40,323,44,24,78,131,47,,,,,,,,*71
$GPGSV,2,1,06,05,29,108,42,10,12,309,38,18,63,251,47,20,26,053,32*76
$GPGSV,2,2,06,23,40,323,44,24,78,131,47,,,,,,,,*71
$GPGSV,2,1,06,05,29,108,42,10,12,309,38,18,63,251,47,20,26,053,32*76
$GPGSV,2,2,06,23,40,323,44,24,78,131,47,,,,,,,,*71
$GPGSV,2,1,06,05,29,108,42,10,12,309,38,18,63,251,47,20,26,053,32*76
$GPGSV,2,2,06,23,40,323,44,24,78,131,47,,,,,,,,*71
$GPGSV,2,1,06,05,29,108,42,10,12,309,38,18,63,251,47,20,26,053,31*75
$GPGSV,2,2,06,23,40,323,44,24,78,131,47,,,,,,,,*71
$GPGSV,2,1,06,05,29,108,42,10,12,309,38,18,63,251,47,20,26,053,31*75
$GPGSV,2,2,06,23,40,323,44,24,78,131,47,,,,,,,,*71
$GPGSV,2,1,06,05,29,108,42,10,12,309,38,18,63,251,47,20,26,053,31*75
$GPGSV,2,2,06,23,40,323,44,24,78,131,47,,,,,,,,*71
$GPGSV,2,1,06,05,29,108,42,10,12,309,38,18,63,251,47,20,26,053,30*74
$GPGSV,2,2,06,23,40,323,44,24,78,131,47,,,,,,,,*71
$GPGSV,2,1,06,05,29,108,42,10,12,309,38,18,63,251,47,20,26,053,30*74
$GPGSV,2,2,06,23,40,323,44,24,78,131,47,,,,,,,,*71
$GPGSV,2,1,06,05,29,108,42,10,12,309,38,18,63,251,47,20,26,053,30*74
$GPGSV,2,2,06,23,40,323,44,24,78,131,47,,,,,,,,*71
$GPGSV,2,1,06,05,29,108,42,10,12,309,38,18,63,251,47,20,26,053,30*74
$GPGSV,2,2,06,23,40,323,44,24,78,131,47,,,,,,,,*71
$GPGSV,2,1,06,05,29,108,42,10,12,309,38,18,63,251,47,20,26,053,30*74
$GPGSV,2,2,06,23,40,323,44,24,78,131,47,,,,,,,,*71
$GPGSV,2,1,06,05,29,108,42,10,12,309,38,18,63,251,47,20,26,053,30*74
$GPGSV,2,2,06,23,40,323,44,24,78,131,47,,,,,,,,*71
$GPGSV,2,1,06,05,29,108,42,10,12,309,38,18,63,251,47,20,26,053,30*74
$GPGSV,2,2,06,23,40,323,44,24,78,131,47,,,,,,,,*71
$GPGSV,2,1,06,05,29,108,42,10,12,309,38,18,63,251,47,20,26,053,30*74
$GPGSV,2,2,06,23,40,323,44,24,78,131,47,,,,,,,,*71
$GPGSV,2,1,06,05,29,108,42,10,12,309,38,18,63,251,47,20,26,053,30*74
$GPGSV,2,2,06,23,40,323,44,24,78,131,47,,,,,,,,*71
$GPGSV,2,1,06,05,29,108,42,10,12,309,38,18,63,251,47,20,26,053,30*74
$GPGSV,2,2,06,23,40,323,44,24,78,131,47,,,,,,,,*71
$GPGSV,2,1,06,05,29,108,42,10,12,309,38,18,63,251,47,20,26,053,30*74
$GPGSV,2,2,06,23,40,323,44,24,78,131,47,,,,,,,,*71
$GPGSV,2,1,06,05,29,108,42,10,12,309,38,18,63,251,47,20,26,053,30*74
$GPGSV,2,2,06,23,40,323,44,24,78,131,47,,,,,,,,*71
$GPGSV,2,1,06,05,29,108,42,10,12,309,38,18,63,251,47,20,26,053,30*74
$GPGSV,2,2,06,23,40,323,43,24,78,131,47,,,,,,,,*76
$GPGSV,2,1,06,05,29,109,42,10,12,309,38,18,63,251,47,20,26,053,30*75
$GPGSV,2,2,06,23,40,323,43,24,78,131,47,,,,,,,,*76
$GPGSV,2,1,06,05,29,109,42,10,12,309,38,18,63,251,47,20,26,053,30*75
$GPGSV,2,2,06,23,40,323,43,24,78,131,47,,,,,,,,*76
$GPGSV,2,1,06,05,29,109,42,10,12,309,38,18,63,251,47,20,26,053,30*75
$GPGSV,2,2,06,23,40,323,43,24,78,131,47,,,,,,,,*76
$GPGSV,2,1,06,05,29,109,42,10,12,309,38,18,63,251,47,20,26,053,30*75
$GPGSV,2,2,06,23,40,323,43,24,78,131,47,,,,,,,,*76
$GPGSV,2,1,06,05,29,109,42,10,12,309,38,18,63,251,47,20,26,053,30*75
$GPGSV,2,2,06,23,40,323,43,24,78,131,47,,,,,,,,*76
$GPGSV,2,1,06,05,29,109,42,10,12,309,38,18,63,250,47,20,26,053,30*74
$GPGSV,2,2,06,23,40,323,43,24,78,131,47,,,,,,,,*76
$GPGSV,2,1,06,05,29,109,42,10,12,309,38,18,63,250,47,20,26,053,30*74
$GPGSV,2,2,06,23,40,323,43,24,78,131,47,,,,,,,,*76
$GPGSV,2,1,06,05,29,109,42,10,12,309,38,18,63,250,47,20,26,053,30*74
$GPGSV,2,2,06,23,40,323,43,24,78,131,47,,,,,,,,*76
$GPGSV,2,1,06,05,29,109,42,10,12,309,38,18,63,250,47,20,26,053,30*74
$GPGSV,2,2,06,23,40,323,43,24,78,131,47,,,,,,,,*76
$GPGSV,2,1,06,05,29,109,42,10,12,309,38,18,63,250,47,20,26,053,30*74
$GPGSV,2,2,06,23,40,323,43,24,78,131,47,,,,,,,,*76
$GPGSV,2,1,06,05,29,109,42,10,12,309,37,18,63,250,47,20,26,053,31*7A
$GPGSV,2,2,06,23,40,323,43,24,78,131,47,,,,,,,,*76
$GPGSV,2,1,06,05,29,109,42,10,12,309,37,18,63,250,47,20,26,053,31*7A
$GPGSV,2,2,06,23,40,323,43,24,78,131,47,,,,,,,,*76
$GPGSV,2,1,06,05,29,109,42,10,12,309,37,18,63,250,47,20,26,053,31*7A
$GPGSV,2,2,06,23,40,323,43,24,78,131,47,,,,,,,,*76
$GPGSV,2,1,06,05,29,109,42,10,12,309,37,18,63,250,47,20,26,053,31*7A
$GPGSV,2,2,06,23,40,323,43,24,78,131,47,,,,,,,,*76
$GPGSV,2,1,06,05,29,109,42,10,12,309,37,18,63,250,47,20,26,053,31*7A
$GPGSV,2,2,06,23,40,323,43,24,78,131,47,,,,,,,,*76
$GPGSV,2,1,06,05,29,109,42,10,12,309,37,18,63,250,47,20,26,053,32*79
$GPGSV,2,2,06,23,40,323,43,24,78,131,47,,,,,,,,*76
$GPGSV,2,1,06,05,29,109,42,10,12,309,37,18,63,250,47,20,26,053,32*79
$GPGSV,2,2,06,23,40,323,43,24,78,131,47,,,,,,,,*76
$GPGSV,2,1,06,05,29,109,42,10,12,309,37,18,63,250,47,20,26,053,32*79
$GPGSV,2,2,06,23,40,323,43,24,78,131,47,,,,,,,,*76
$GPGSV,2,1,06,05,29,109,42,10,12,309,37,18,63,250,47,20,26,053,32*79
$GPGSV,2,2,06,23,40,323,43,24,78,131,47,,,,,,,,*76
$GPGSV,2,1,06,05,29,109,41,10,12,309,37,18,63,250,47,20,26,053,32*7A
$GPGSV,2,2,06,23,40,323,43,24,78,131,47,,,,,,,,*76
$GPGSV,2,1,06,05,29,109,41,10,12,309,37,18,63,250,47,20,26,053,32*7A
$GPGSV,2,2,06,23,40,323,43,24,78,131,47,,,,,,,,*76
$GPGSV,2,1,06,05,29,109,41,10,12,309,37,18,63,250,47,20,26,053,32*7A
$GPGSV,2,2,06,23,40,323,43,24,78,131,47,,,,,,,,*76
$GPGSV,2,1,06,05,29,109,41,10,12,309,37,18,63,250,47,20,26,053,32*7A
$GPGSV,2,2,06,23,40,323,43,24,78,131,47,,,,,,,,*76
$GPGSV,2,1,06,05,29,109,41,10,12,309,37,18,63,250,47,20,26,053,32*7A
$GPGSV,2,2,06,23,40,323,43,24,78,131,47,,,,,,,,*76
$GPGSV,2,1,06,05,29,109,41,10,12,309,37,18,63,250,47,20,26,053,32*7A
$GPGSV,2,2,06,23,40,323,43,24,78,131,47,,,,,,,,*76
$GPGSV,2,1,06,05,29,109,41,10,12,309,37,18,63,250,47,20,26,053,32*7A
$GPGSV,2,2,06,23,40,323,43,24,78,131,47,,,,,,,,*76
$GPGSV,2,1,06,05,29,109,41,10,12,309,37,18,63,250,47,20,26,053,32*7A
$GPGSV,2,2,06,23,40,323,43,24,78,131,47,,,,,,,,*76
$GPGSV,2,1,06,05,29,109,41,10,12,309,37,18,63,250,47,20,26,053,32*7A
$GPGSV,2,2,06,23,40,323,43,24,78,131,47,,,,,,,,*76
$GPGSV,2,1,06,05,29,109,41,10,12,309,37,18,63,250,47,20,26,053,32*7A
$GPGSV,2,2,06,23,40,323,43,24,78,131,47,,,,,,,,*76
$GPGSV,2,1,06,05,29,109,41,10,12,309,37,18,63,250,47,20,26,053,32*7A
$GPGSV,2,2,06,23,40,323,43,24,78,131,47,,,,,,,,*76
$GPGSV,2,1,06,05,29,109,41,10,12,309,37,18,63,250,47,20,26,053,32*7A
$GPGSV,2,2,06,23,40,323,43,24,78,131,47,,,,,,,,*76
$GPGSV,2,1,06,05,29,109,41,10,12,309,37,18,63,250,47,20,26,053,32*7A
$GPGSV,2,2,06,23,40,323,43,24,78,131,47,,,,,,,,*76
$GPGSV,2,1,06,05,29,109,41,10,12,309,37,18,63,250,47,20,26,053,32*7A
$GPGSV,2,2,06,23,40,323,43,24,78,131,47,,,,,,,,*76
$GPGSV,2,1,06,05,29,109,41,10,12,309,37,18,63,250,47,20,26,053,32*7A
$GPGSV,2,2,06,23,40,323,43,24,78,131,47,,,,,,,,*76
$GPGSV,2,1,06,05,29,109,41,10,12,309,37,18,63,250,47,20,26,053,32*7A
$GPGSV,2,2,06,23,40,323,43,24,78,131,47,,,,,,,,*76
$GPGSV,2,1,06,05,29,109,41,10,12,309,37,18,63,250,47,20,26,053,32*7A
$GPGSV,2,2,06,23,40,323,43,24,78,131,47,,,,,,,,*76
$GPGSV,2,1,06,05,29,109,41,10,12,309,38,18,63,250,47,20,26,053,31*76
$GPGSV,2,2,06,23,40,323,43,24,78,131,47,,,,,,,,*76
$GPGSV,2,1,06,05,29,109,42,10,12,309,38,18,63,250,47,20,26,053,31*75
$GPGSV,2,2,06,23,40,323,43,24,78,131,47,,,,,,,,*76
$GPGSV,2,1,06,05,29,109,42,10,12,309,38,18,63,250,47,20,26,053,31*75
$GPGSV,2,2,06,23,40,323,43,24,78,131,47,,,,,,,,*76
$GPGSV,2,1,06,05,29,109,42,10,12,309,38,18,63,250,47,20,26,053,31*75
$GPGSV,2,2,06,23,40,323,43,24,78,131,47,,,,,,,,*76
$GPGSV,2,1,06,05,29,109,42,10,12,309,38,18,63,250,47,20,26,053,30*74
$GPGSV,2,2,06,23,40,323,43,24,78,131,47,,,,,,,,*76
$GPGSV,2,1,06,05,29,109,42,10,12,309,38,18,63,250,47,20,26,053,30*74
$GPGSV,2,2,06,23,40,323,43,24,78,131,47,,,,,,,,*76
$GPGSV,2,1,06,05,29,109,42,10,12,309,38,18,63,250,47,20,26,053,30*74
$GPGSV,2,2,06,23,40,323,43,24,78,131,47,,,,,,,,*76
$GPGSV,2,1,06,05,29,109,42,10,12,309,38,18,63,250,47,20,26,053,30*74
$GPGSV,2,2,06,23,40,323,43,24,78,131,47,,,,,,,,*76
$GPGSV,2,1,06,05,29,109,42,10,12,309,38,18,63,250,47,20,26,053,30*74
$GPGSV,2,2,06,23,40,323,43,24,78,131,47,,,,,,,,*76
$GPGSV,2,1,06,05,29,109,42,10,12,309,38,18,63,250,47,20,26,053,30*74
$GPGSV,2,2,06,23,40,323,43,24,78,131,47,,,,,,,,*76
$GPGSV,2,1,06,05,29,109,42,10,12,309,38,18,63,250,47,20,26,053,30*74
$GPGSV,2,2,06,23,40,323,43,24,78,131,47,,,,,,,,*76
$GPGSV,2,1,06,05,29,109,42,10,12,309,38,18,63,250,47,20,26,053,30*74
$GPGSV,2,2,06,23,40,323,43,24,78,131,47,,,,,,,,*76
$GPGSV,2,1,06,05,29,109,42,10,12,309,38,18,63,250,47,20,26,053,29*7C
$GPGSV,2,2,06,23,40,323,43,24,78,131,47,,,,,,,,*76
$GPGSV,2,1,06,05,29,109,42,10,12,309,38,18,63,250,47,20,26,053,29*7C
$GPGSV,2,2,06,23,40,323,43,24,78,131,47,,,,,,,,*76
$GPGSV,2,1,06,05,29,109,43,10,12,309,38,18,63,250,47,20,26,053,29*7D
$GPGSV,2,2,06,23,40,323,43,24,78,130,47,,,,,,,,*77
$GPGSV,2,1,06,05,29,109,43,10,12,309,38,18,63,250,47,20,26,053,29*7D
$GPGSV,2,2,06,23,40,323,43,24,78,130,47,,,,,,,,*77
$GPGSV,2,1,06,05,29,109,43,10,12,309,38,18,63,250,47,20,00,000,28*7E
$GPGSV,2,2,06,23,40,323,43,24,78,130,47,,,,,,,,*77
$GPGSV,2,1,06,05,29,109,43,10,12,309,38,18,63,250,47,20,00,000,28*7E
$GPGSV,2,2,06,23,40,323,44,24,78,130,47,,,,,,,,*70
$GPGSV,2,1,06,05,29,109,43,10,12,309,38,18,63,250,47,20,26,053,28*7C
$GPGSV,2,2,06,23,40,323,44,24,78,130,47,,,,,,,,*70
$GPGSV,2,1,06,05,29,109,43,10,12,309,38,18,63,250,47,20,26,053,28*7C
$GPGSV,2,2,06,23,40,323,44,24,78,130,47,,,,,,,,*70
$GPGSV,2,1,06,05,29,109,43,10,12,309,38,18,63,250,47,20,26,053,28*7C
$GPGSV,2,2,06,23,40,323,44,24,78,130,47,,,,,,,,*70
$GPGSV,2,1,06,05,29,109,43,10,12,309,38,18,63,250,47,20,26,053,28*7C
$GPGSV,2,2,06,23,40,323,44,24,78,130,47,,,,,,,,*70
$GPGSV,2,1,06,05,29,109,43,10,12,309,38,18,63,250,47,20,26,053,28*7C
$GPGSV,2,2,06,23,40,323,44,24,78,130,47,,,,,,,,*70
$GPGSV,2,1,06,05,29,109,43,10,12,309,38,18,63,250,47,20,26,053,28*7C
$GPGSV,2,2,06,23,40,323,44,24,78,130,47,,,,,,,,*70
$GPGSV,2,1,06,05,29,109,43,10,12,309,38,18,63,250,47,20,26,053,29*7D
$GPGSV,2,2,06,23,40,323,44,24,78,130,47,,,,,,,,*70
$GPGSV,2,1,06,05,29,109,43,10,12,309,38,18,63,250,47,20,26,053,29*7D
$GPGSV,2,2,06,23,40,323,44,24,78,130,47,,,,,,,,*70
$GPGSV,2,1,06,05,29,109,43,10,12,309,38,18,63,250,47,20,26,053,29*7D
$GPGSV,2,2,06,23,40,323,44,24,78,130,47,,,,,,,,*70
$GPGSV,2,1,06,05,29,109,43,10,12,309,38,18,63,250,47,20,26,053,29*7D
$GPGSV,2,2,06,23,40,323,44,24,78,130,47,,,,,,,,*70
$GPGSV,2,1,06,05,29,109,43,10,12,309,38,18,63,250,47,20,26,053,29*7D
$GPGSV,2,2,06,23,40,323,44,24,78,130,47,,,,,,,,*70
$GPGSV,2,1,06,05,29,109,43,10,12,309,38,18,63,250,47,20,26,053,29*7D
$GPGSV,2,2,06,23,40,323,44,24,78,130,47,,,,,,,,*70
$GPGSV,2,1,06,05,29,109,43,10,12,309,38,18,63,250,47,20,26,053,29*7D
$GPGSV,2,2,06,23,40,323,44,24,78,130,47,,,,,,,,*70
$GPGSV,2,1,06,05,29,109,43,10,12,309,38,18,63,250,47,20,26,053,29*7D
$GPGSV,2,2,06,23,40,323,44,24,78,130,47,,,,,,,,*70
$GPGSV,2,1,06,05,29,109,43,10,12,309,37,18,63,250,47,20,26,053,29*72
$GPGSV,2,2,06,23,40,323,44,24,78,130,47,,,,,,,,*70
$GPGSV,2,1,06,05,29,109,43,10,12,309,37,18,63,250,47,20,26,053,29*72
$GPGSV,2,2,06,23,40,323,44,24,78,130,47,,,,,,,,*70
$GPGSV,2,1,06,05,29,109,43,10,12,309,37,18,63,250,47,20,26,053,29*72
$GPGSV,2,2,06,23,40,323,44,24,78,130,47,,,,,,,,*70
$GPGSV,2,1,06,05,29,109,42,10,12,309,37,18,63,250,47,20,26,053,29*73
$GPGSV,2,2,06,23,40,323,44,24,78,130,47,,,,,,,,*70
$GPGSV,2,1,06,05,29,109,42,10,12,309,37,18,63,250,47,20,26,053,29*73
$GPGSV,2,2,06,23,40,323,44,24,78,130,47,,,,,,,,*70
$GPGSV,2,1,06,05,29,109,42,10,12,309,37,18,63,250,47,20,26,053,29*73
$GPGSV,2,2,06,23,40,323,44,24,78,130,47,,,,,,,,*70
$GPGSV,2,1,06,05,29,109,42,10,12,309,37,18,63,250,47,20,26,053,29*73
$GPGSV,2,2,06,23,40,323,44,24,78,130,47,,,,,,,,*70
$GPGSV,2,1,06,05,29,109,42,10,12,309,37,18,63,250,47,20,26,053,29*73
$GPGSV,2,2,06,23,40,323,44,24,78,130,47,,,,,,,,*70
$GPGSV,2,1,06,05,29,109,42,10,12,309,37,18,63,250,47,20,26,053,30*7B
$GPGSV,2,2,06,23,40,323,44,24,78,130,47,,,,,,,,*70
$GPGSV,2,1,06,05,29,109,42,10,12,309,37,18,63,250,47,20,26,053,30*7B
$GPGSV,2,2,06,23,40,323,44,24,78,130,47,,,,,,,,*70
$GPGSV,2,1,06,05,29,109,42,10,12,309,37,18,63,250,47,20,26,053,30*7B
$GPGSV,2,2,06,23,40,323,44,24,78,130,47,,,,,,,,*70
$GPGSV,2,1,06,05,29,109,42,10,12,309,37,18,63,250,47,20,26,053,31*7A
$GPGSV,2,2,06,23,40,323,44,24,78,130,47,,,,,,,,*70
$GPGSV,2,1,06,05,29,109,42,10,12,309,37,18,63,250,47,20,26,053,31*7A
$GPGSV,2,2,06,23,40,323,44,24,78,130,47,,,,,,,,*70
$GPGSV,2,1,06,05,29,109,42,10,12,309,37,18,63,250,47,20,26,053,31*7A
$GPGSV,2,2,06,23,40,323,44,24,78,130,47,,,,,,,,*70
$GPGSV,2,1,06,05,29,109,42,10,12,309,37,18,63,250,47,20,26,053,31*7A
$GPGSV,2,2,06,23,40,323,44,24,78,130,47,,,,,,,,*70
$GPGSV,2,1,06,05,29,109,42,10,12,309,37,18,63,250,47,20,26,053,31*7A
$GPGSV,2,2,06,23,40,323,43,24,78,130,47,,,,,,,,*77
$GPGSV,2,1,06,05,29,109,42,10,12,309,37,18,63,250,47,20,26,053,32*79
$GPGSV,2,2,06,23,40,323,43,24,78,130,47,,,,,,,,*77
$GPGSV,2,1,06,05,29,109,42,10,12,309,37,18,63,250,47,20,26,053,32*79
$GPGSV,2,2,06,23,40,323,43,24,78,130,47,,,,,,,,*77
$GPGSV,2,1,06,05,29,109,41,10,12,309,37,18,63,250,47,20,26,053,32*7A
$GPGSV,2,2,06,23,40,323,43,24,78,130,47,,,,,,,,*77
$GPGSV,2,1,06,05,29,109,41,10,12,309,37,18,63,250,47,20,26,053,32*7A
$GPGSV,2,2,06,23,40,323,43,24,78,130,47,,,,,,,,*77
$GPGSV,2,1,06,05,29,109,41,10,12,309,37,18,63,250,47,20,26,053,33*7B
$GPGSV,2,2,06,23,40,323,43,24,78,130,47,,,,,,,,*77
$GPGSV,2,1,06,05,29,109,41,10,12,309,37,18,63,250,47,20,26,053,33*7B
$GPGSV,2,2,06,23,40,323,43,24,78,130,47,,,,,,,,*77
$GPGSV,2,1,06,05,29,109,41,10,12,309,37,18,63,250,47,20,26,053,33*7B
$GPGSV,2,2,06,23,40,323,43,24,78,130,47,,,,,,,,*77
$GPGSV,2,1,06,05,29,109,41,10,12,309,37,18,63,250,47,20,26,053,33*7B
$GPGSV,2,2,06,23,40,323,43,24,78,130,47,,,,,,,,*77
$GPGSV,2,1,06,05,29,109,41,10,12,309,37,18,63,250,47,20,26,053,33*7B
$GPGSV,2,2,06,23,40,323,43,24,78,130,47,,,,,,,,*77
$GPGSV,2,1,06,05,29,109,41,10,12,309,37,18,63,250,47,20,26,053,33*7B
$GPGSV,2,2,06,23,40,323,43,24,78,130,47,,,,,,,,*77
$GPGSV,2,1,06,05,29,109,42,10,12,309,37,18,63,250,47,20,26,053,33*78
$GPGSV,2,2,06,23,40,323,43,24,78,130,47,,,,,,,,*77
$GPGSV,2,1,06,05,29,109,42,10,12,309,37,18,63,250,47,20,26,053,33*78
$GPGSV,2,2,06,23,40,323,43,24,78,130,47,,,,,,,,*77
$GPGSV,2,1,06,05,29,109,42,10,12,309,37,18,63,250,47,20,26,053,33*78
$GPGSV,2,2,06,23,40,323,43,24,78,130,47,,,,,,,,*77
$GPGSV,2,1,06,05,29,109,42,10,12,309,37,18,63,250,47,20,26,053,33*78
$GPGSV,2,2,06,23,40,323,43,24,78,130,47,,,,,,,,*77
$GPGSV,2,1,06,05,29,109,42,10,12,309,37,18,63,250,47,20,26,053,33*78
$GPGSV,2,2,06,23,40,323,43,24,78,130,47,,,,,,,,*77
$GPGSV,2,1,06,05,29,109,42,10,12,309,37,18,63,250,47,20,26,053,33*78
$GPGSV,2,2,06,23,40,323,43,24,78,130,47,,,,,,,,*77
$GPGSV,2,1,06,05,29,109,42,10,12,309,37,18,63,250,47,20,26,053,33*78
$GPGSV,2,2,06,23,40,323,43,24,78,130,47,,,,,,,,*77
$GPGSV,2,1,06,05,29,109,42,10,12,309,37,18,63,250,47,20,26,053,33*78
$GPGSV,2,2,06,23,40,323,43,24,78,130,47,,,,,,,,*77
$GPGSV,2,1,06,05,29,109,42,10,12,309,37,18,63,250,47,20,26,053,33*78
$GPGSV,2,2,06,23,40,323,43,24,78,130,47,,,,,,,,*77
$GPGSV,2,1,06,05,29,109,42,10,12,309,37,18,63,250,47,20,26,053,33*78
$GPGSV,2,2,06,23,40,323,43,24,78,130,47,,,,,,,,*77
$GPGSV,2,1,06,05,29,109,42,10,12,309,37,18,63,250,47,20,26,053,33*78
$GPGSV,2,2,06,23,40,323,43,24,78,130,47,,,,,,,,*77
$GPGSV,2,1,06,05,29,109,42,10,12,309,37,18,63,250,47,20,25,053,33*7B
$GPGSV,2,2,06,23,40,323,43,24,78,130,47,,,,,,,,*77
$GPGSV,2,1,06,05,29,109,42,10,12,309,37,18,63,250,47,20,25,053,33*7B
$GPGSV,2,2,06,23,40,323,43,24,78,130,47,,,,,,,,*77
$GPGSV,2,1,06,05,29,109,42,10,12,309,37,18,63,250,47,20,25,053,33*7B
$GPGSV,2,2,06,23,40,323,43,24,78,130,47,,,,,,,,*77
$GPGSV,2,1,06,05,29,109,42,10,12,309,37,18,63,250,47,20,25,053,33*7B
$GPGSV,2,2,06,23,40,323,43,24,78,130,47,,,,,,,,*77
$GPGSV,2,1,06,05,29,109,42,10,12,309,37,18,63,250,47,20,25,053,33*7B
$GPGSV,2,2,06,23,40,323,43,24,78,130,47,,,,,,,,*77
$GPGSV,2,1,06,05,29,109,42,10,12,309,37,18,63,250,47,20,25,053,32*7A
$GPGSV,2,2,06,23,40,323,43,24,78,130,47,,,,,,,,*77
$GPGSV,2,1,06,05,29,109,42,10,12,309,37,18,63,250,47,20,25,053,32*7A
$GPGSV,2,2,06,23,40,323,43,24,78,130,47,,,,,,,,*77
$GPGSV,2,1,06,05,29,109,42,10,12,309,37,18,63,250,47,20,25,053,33*7B
$GPGSV,2,2,06,23,40,323,43,24,78,130,47,,,,,,,,*77
$GPGSV,2,1,06,05,29,109,42,10,12,309,37,18,63,250,47,20,25,053,33*7B
$GPGSV,2,2,06,23,40,323,43,24,78,130,47,,,,,,,,*77
$GPGSV,2,1,06,05,29,109,42,10,12,309,37,18,63,250,47,20,25,053,33*7B
$GPGSV,2,2,06,23,40,323,43,24,78,130,47,,,,,,,,*77
$GPGSV,2,1,06,05,29,109,42,10,12,309,37,18,63,250,47,20,25,053,33*7B
$GPGSV,2,2,06,23,40,323,43,24,78,130,47,,,,,,,,*77
$GPGSV,2,1,06,05,29,109,42,10,12,309,37,18,63,250,47,20,25,053,32*7A
$GPGSV,2,2,06,23,40,323,43,24,78,130,47,,,,,,,,*77
$GPGSV,2,1,06,05,29,109,42,10,12,309,37,18,63,250,47,20,25,053,32*7A
$GPGSV,2,2,06,23,40,323,43,24,78,130,47,,,,,,,,*77
$GPGSV,2,1,06,05,29,109,42,10,12,309,37,18,63,250,47,20,25,053,32*7A
$GPGSV,2,2,06,23,40,323,43,24,78,130,47,,,,,,,,*77
$GPGSV,2,1,06,05,29,109,42,10,12,309,37,18,63,250,47,20,25,053,32*7A
$GPGSV,2,2,06,23,40,323,43,24,78,130,47,,,,,,,,*77
$GPGSV,2,1,06,05,29,109,42,10,12,309,37,18,63,250,47,20,25,053,32*7A
$GPGSV,2,2,06,23,40,323,43,24,78,130,47,,,,,,,,*77
$GPGSV,2,1,06,05,29,109,42,10,12,309,37,18,63,250,47,20,25,053,32*7A
$GPGSV,2,2,06,23,40,323,43,24,78,130,47,,,,,,,,*77
$GPGSV,2,1,06,05,29,109,42,10,12,309,37,18,63,250,47,20,25,053,32*7A
$GPGSV,2,2,06,23,40,323,43,24,78,130,47,,,,,,,,*77
$GPGSV,2,1,06,05,29,109,41,10,12,309,37,18,63,250,47,20,25,053,32*79
$GPGSV,2,2,06,23,40,323,43,24,78,130,47,,,,,,,,*77
$GPGSV,2,1,06,05,29,109,41,10,12,309,37,18,63,250,47,20,25,053,32*79
$GPGSV,2,2,06,23,40,323,43,24,78,130,47,,,,,,,,*77
$GPGSV,2,1,06,05,29,109,41,10,12,309,37,18,63,250,47,20,25,053,32*79
$GPGSV,2,2,06,23,40,323,43,24,78,130,47,,,,,,,,*77
$GPGSV,2,1,06,05,29,109,41,10,12,309,37,18,63,250,47,20,25,053,32*79
$GPGSV,2,2,06,23,40,323,43,24,78,130,47,,,,,,,,*77
$GPGSV,2,1,06,05,29,109,41,10,12,309,37,18,63,250,47,20,25,053,32*79
$GPGSV,2,2,06,23,40,323,43,24,78,130,47,,,,,,,,*77
$GPGSV,2,1,06,05,29,109,41,10,12,309,37,18,63,250,47,20,25,053,32*79
$GPGSV,2,2,06,23,40,323,43,24,78,130,47,,,,,,,,*77
$GPGSV,2,1,06,05,29,109,41,10,12,309,37,18,63,250,47,20,25,053,32*79
$GPGSV,2,2,06,23,40,323,43,24,78,130,47,,,,,,,,*77
$GPGSV,2,1,06,05,29,109,41,10,12,309,37,18,63,250,47,20,25,053,32*79
$GPGSV,2,2,06,23,40,323,43,24,78,130,47,,,,,,,,*77
$GPGSV,2,1,06,05,29,109,41,10,12,309,37,18,63,250,47,20,25,053,32*79
$GPGSV,2,2,06,23,40,323,43,24,78,130,47,,,,,,,,*77
$GPGSV,2,1,06,05,29,109,41,10,12,309,37,18,63,250,47,20,25,053,32*79
$GPGSV,2,2,06,23,40,323,43,24,78,130,47,,,,,,,,*77
$GPGSV,2,1,06,05,29,109,41,10,12,309,37,18,63,250,47,20,25,053,32*79
$GPGSV,2,2,06,23,40,323,43,24,78,130,47,,,,,,,,*77
$GPGSV,2,1,06,05,29,109,41,10,12,309,37,18,63,250,47,20,25,053,32*79
$GPGSV,2,2,06,23,40,323,43,24,78,130,47,,,,,,,,*77
$GPGSV,2,1,06,05,29,109,41,10,12,309,37,18,63,250,47,20,25,053,32*79
$GPGSV,2,2,06,23,40,323,43,24,78,130,47,,,,,,,,*77
$GPGSV,2,1,06,05,29,109,41,10,12,309,37,18,63,250,47,20,25,053,32*79
$GPGSV,2,2,06,23,40,323,43,24,78,130,47,,,,,,,,*77
$GPGSV,2,1,06,05,29,109,41,10,12,309,37,18,63,250,47,20,25,053,32*79
$GPGSV,2,2,06,23,40,323,43,24,78,130,47,,,,,,,,*77
$GPGSV,2,1,06,05,29,109,41,10,12,309,37,18,63,250,47,20,25,053,32*79
$GPGSV,2,2,06,23,40,323,43,24,78,130,47,,,,,,,,*77
$GPGSV,2,1,06,05,29,109,41,10,12,309,37,18,63,250,47,20,25,053,31*7A
$GPGSV,2,2,06,23,40,323,43,24,78,130,47,,,,,,,,*77
$GPGSV,2,1,06,05,29,109,41,10,12,309,37,18,63,250,47,20,25,053,31*7A
$GPGSV,2,2,06,23,40,323,43,24,78,130,47,,,,,,,,*77
$GPGSV,2,1,06,05,29,109,41,10,12,309,37,18,63,250,47,20,25,053,31*7A
$GPGSV,2,2,06,23,40,323,43,24,78,130,47,,,,,,,,*77
$GPGSV,2,1,06,05,29,109,41,10,12,309,37,18,63,250,47,20,25,053,31*7A
$GPGSV,2,2,06,23,40,323,43,24,78,130,47,,,,,,,,*77
$GPGSV,2,1,06,05,29,109,41,10,12,309,37,18,63,250,47,20,25,053,31*7A
$GPGSV,2,2,06,23,40,323,43,24,78,130,47,,,,,,,,*77
$GPGSV,2,1,06,05,29,109,41,10,12,309,37,18,63,250,47,20,25,053,31*7A
$GPGSV,2,2,06,23,40,323,43,24,78,130,47,,,,,,,,*77
$GPGSV,2,1,06,05,29,109,41,10,12,309,37,18,63,250,47,20,25,053,31*7A
$GPGSV,2,2,06,23,40,323,43,24,78,130,47,,,,,,,,*77
$GPGSV,2,1,06,05,29,109,41,10,12,309,37,18,63,250,47,20,25,053,31*7A
$GPGSV,2,2,06,23,40,323,43,24,78,130,47,,,,,,,,*77
$GPGSV,2,1,06,05,29,109,41,10,12,309,37,18,63,250,47,20,25,053,31*7A
$GPGSV,2,2,06,23,40,323,43,24,78,130,47,,,,,,,,*77
$GPGSV,2,1,06,05,29,109,41,10,12,309,36,18,63,250,47,20,25,053,31*7B
$GPGSV,2,2,06,23,40,323,43,24,78,130,47,,,,,,,,*77
$GPGSV,2,1,06,05,29,109,41,10,12,309,36,18,63,250,47,20,25,053,31*7B
$GPGSV,2,2,06,23,40,323,43,24,78,130,47,,,,,,,,*77
$GPGSV,2,1,06,05,29,109,41,10,12,309,36,18,63,250,47,20,25,053,31*7B
$GPGSV,2,2,06,23,40,324,43,24,78,130,47,,,,,,,,*70
$GPGSV,2,1,06,05,29,109,41,10,12,309,36,18,63,250,47,20,25,053,31*7B
$GPGSV,2,2,06,23,40,324,43,24,78,130,47,,,,,,,,*70
$GPGSV,2,1,06,05,29,109,41,10,12,309,36,18,63,250,47,20,25,053,31*7B
$GPGSV,2,2,06,23,40,324,43,24,78,130,47,,,,,,,,*70
$GPGSV,2,1,06,05,29,109,41,10,12,309,36,18,63,250,47,20,25,053,31*7B
$GPGSV,2,2,06,23,40,324,43,24,78,130,47,,,,,,,,*70
$GPGSV,2,1,06,05,29,109,41,10,12,309,36,18,63,250,47,20,25,053,31*7B
$GPGSV,2,2,06,23,40,324,43,24,78,130,47,,,,,,,,*70
$GPGSV,2,1,06,05,29,109,41,10,12,309,36,18,63,250,47,20,25,053,32*78
$GPGSV,2,2,06,23,40,324,43,24,78,130,47,,,,,,,,*70
$GPGSV,2,1,06,05,29,109,41,10,12,309,36,18,63,250,47,20,25,053,32*78
$GPGSV,2,2,06,23,40,324,43,24,78,130,47,,,,,,,,*70
$GPGSV,2,1,06,05,29,109,41,10,12,309,36,18,63,250,47,20,25,053,32*78
$GPGSV,2,2,06,23,40,324,43,24,78,130,47,,,,,,,,*70
$GPGSV,2,1,06,05,29,109,41,10,12,309,36,18,63,250,47,20,25,053,32*78
$GPGSV,2,2,06,23,40,324,43,24,78,130,47,,,,,,,,*70
$GPGSV,2,1,06,05,29,109,41,10,12,309,36,18,63,250,47,20,25,053,32*78
$GPGSV,2,2,06,23,40,324,43,24,78,130,47,,,,,,,,*70
$GPGSV,2,1,06,05,29,109,41,10,12,309,36,18,63,250,47,20,25,053,32*78
$GPGSV,2,2,06,23,41,324,43,24,78,130,47,,,,,,,,*71
$GPGSV,2,1,06,05,29,109,41,10,12,309,36,18,63,250,47,20,25,053,32*78
$GPGSV,2,2,06,23,41,324,43,24,78,130,47,,,,,,,,*71
$GPGSV,2,1,06,05,29,109,41,10,12,309,36,18,63,250,47,20,25,053,32*78
$GPGSV,2,2,06,23,41,324,43,24,78,130,47,,,,,,,,*71
$GPGSV,2,1,06,05,29,109,41,10,12,309,36,18,63,250,47,20,25,053,32*78
$GPGSV,2,2,06,23,41,324,43,24,78,130,47,,,,,,,,*71
$GPGSV,2,1,06,05,29,109,41,10,12,309,35,18,63,250,47,20,25,053,32*7B
$GPGSV,2,2,06,23,41,324,43,24,78,130,47,,,,,,,,*71
$GPGSV,2,1,06,05,29,109,41,10,12,309,35,18,63,250,47,20,25,053,32*7B
$GPGSV,2,2,06,23,41,324,43,24,78,130,47,,,,,,,,*71
$GPGSV,2,1,06,05,29,109,41,10,12,309,35,18,63,250,47,20,25,053,32*7B
$GPGSV,2,2,06,23,41,324,43,24,78,130,47,,,,,,,,*71
$GPGSV,2,1,06,05,29,109,41,10,12,309,35,18,63,250,47,20,25,053,32*7B
$GPGSV,2,2,06,23,41,324,43,24,78,130,47,,,,,,,,*71
$GPGSV,2,1,06,05,29,109,41,10,12,309,35,18,63,250,47,20,25,053,32*7B
$GPGSV,2,2,06,23,41,324,43,24,78,130,47,,,,,,,,*71
$GPGSV,2,1,06,05,29,109,41,10,12,309,35,18,63,250,47,20,25,053,32*7B
$GPGSV,2,2,06,23,41,324,43,24,78,130,47,,,,,,,,*71
$GPGSV,2,1,06,05,29,109,41,10,12,309,35,18,63,250,47,20,25,053,32*7B
$GPGSV,2,2,06,23,41,324,43,24,78,130,47,,,,,,,,*71
$GPGSV,2,1,06,05,29,109,41,10,12,309,35,18,63,250,47,20,25,053,32*7B
$GPGSV,2,2,06,23,41,324,44,24,78,130,47,,,,,,,,*76
$GPGSV,2,1,06,05,29,109,41,10,12,309,35,18,63,250,47,20,25,053,32*7B
$GPGSV,2,2,06,23,41,324,44,24,78,130,47,,,,,,,,*76
$GPGSV,2,1,06,05,29,109,41,10,12,309,35,18,63,250,47,20,25,053,32*7B
$GPGSV,2,2,06,23,41,324,44,24,78,130,47,,,,,,,,*76
$GPGSV,2,1,06,05,29,109,41,10,12,309,35,18,63,250,47,20,25,053,32*7B
$GPGSV,2,2,06,23,41,324,44,24,78,130,47,,,,,,,,*76
$GPGSV,2,1,06,05,29,109,41,10,12,309,35,18,63,250,47,20,25,053,32*7B
$GPGSV,2,2,06,23,41,324,44,24,78,130,47,,,,,,,,*76
$GPGSV,2,1,06,05,29,109,41,10,12,309,35,18,63,250,47,20,25,053,32*7B
$GPGSV,2,2,06,23,41,324,44,24,78,130,47,,,,,,,,*76
$GPGSV,2,1,06,05,29,109,41,10,12,309,35,18,63,250,47,20,25,053,32*7B
$GPGSV,2,2,06,23,41,324,44,24,78,130,47,,,,,,,,*76
$GPGSV,2,1,06,05,29,109,41,10,12,309,35,18,63,250,47,20,25,053,32*7B
$GPGSV,2,2,06,23,41,324,43,24,78,130,47,,,,,,,,*71
$GPGSV,2,1,06,05,29,109,41,10,12,309,35,18,63,250,47,20,25,053,32*7B
$GPGSV,2,2,06,23,41,324,43,24,78,130,47,,,,,,,,*71
$GPGSV,2,1,06,05,29,109,41,10,12,310,35,18,63,250,47,20,25,053,31*70
$GPGSV,2,2,06,23,41,324,43,24,78,129,47,,,,,,,,*79
$GPGSV,2,1,06,05,29,109,41,10,12,310,35,18,63,250,46,20,25,053,31*71
$GPGSV,2,2,06,23,41,324,43,24,78,129,47,,,,,,,,*79
$GPGSV,2,1,06,05,29,109,41,10,12,310,35,18,63,250,46,20,25,053,31*71
$GPGSV,2,2,06,23,41,324,44,24,78,129,47,,,,,,,,*7E
$GPGSV,2,1,06,05,29,109,41,10,12,310,35,18,63,250,46,20,25,053,31*71
$GPGSV,2,2,06,23,41,324,44,24,78,129,47,,,,,,,,*7E
$GPGSV,2,1,06,05,29,109,42,10,12,310,35,18,63,250,46,20,25,053,32*71
$GPGSV,2,2,06,23,41,324,44,24,78,129,47,,,,,,,,*7E
$GPGSV,2,1,06,05,29,109,42,10,12,310,36,18,63,250,47,20,25,053,32*73
$GPGSV,2,2,06,23,41,324,44,24,78,129,47,,,,,,,,*7E
$GPGSV,2,1,06,05,29,109,43,10,12,310,36,18,63,250,47,20,25,053,32*72
$GPGSV,2,2,06,23,41,324,44,24,78,129,47,,,,,,,,*7E
$GPGSV,2,1,06,05,29,109,43,10,12,310,36,18,63,250,47,20,25,053,32*72
$GPGSV,2,2,06,23,41,324,44,24,78,129,47,,,,,,,,*7E
$GPGSV,2,1,06,05,29,109,43,10,12,310,36,18,63,250,47,20,25,053,32*72
$GPGSV,2,2,06,23,41,324,44,24,78,129,47,,,,,,,,*7E
$GPGSV,2,1,06,05,29,109,43,10,12,310,36,18,63,250,47,20,25,053,32*72
$GPGSV,2,2,06,23,41,324,44,24,78,129,47,,,,,,,,*7E
$GPGSV,2,1,06,05,29,109,43,10,12,310,36,18,63,250,47,20,25,053,32*72
$GPGSV,2,2,06,23,41,324,44,24,78,129,47,,,,,,,,*7E
$GPGSV,2,1,06,05,29,109,43,10,12,310,36,18,63,250,47,20,25,053,32*72
$GPGSV,2,2,06,23,41,324,44,24,78,129,47,,,,,,,,*7E
$GPGSV,2,1,06,05,29,109,43,10,12,310,36,18,63,250,47,20,25,053,32*72
$GPGSV,2,2,06,23,41,324,44,24,78,129,47,,,,,,,,*7E
$GPGSV,2,1,06,05,29,109,43,10,12,310,36,18,63,250,47,20,25,053,32*72
$GPGSV,2,2,06,23,41,324,44,24,78,129,47,,,,,,,,*7E
$GPGSV,2,1,06,05,29,109,43,10,12,310,36,18,63,250,47,20,25,053,32*72
$GPGSV,2,2,06,23,41,324,44,24,78,129,47,,,,,,,,*7E
$GPGSV,2,1,06,05,29,109,43,10,12,310,36,18,63,250,47,20,25,053,32*72
$GPGSV,2,2,06,23,41,324,44,24,78,129,47,,,,,,,,*7E
$GPGSV,2,1,06,05,29,109,43,10,12,310,37,18,63,250,47,20,25,053,32*73
$GPGSV,2,2,06,23,41,324,44,24,78,129,47,,,,,,,,*7E
$GPGSV,2,1,06,05,29,109,43,10,12,310,37,18,63,250,47,20,25,053,32*73
$GPGSV,2,2,06,23,41,324,44,24,78,129,47,,,,,,,,*7E
$GPGSV,2,1,06,05,29,109,43,10,12,310,37,18,63,250,47,20,25,053,32*73
$GPGSV,2,2,06,23,41,324,44,24,78,129,47,,,,,,,,*7E
$GPGSV,2,1,06,05,29,109,43,10,12,310,37,18,63,250,47,20,25,053,33*72
$GPGSV,2,2,06,23,41,324,44,24,78,129,47,,,,,,,,*7E
$GPGSV,2,1,06,05,29,109,43,10,12,310,37,18,63,250,47,20,25,053,33*72
$GPGSV,2,2,06,23,41,324,44,24,78,129,47,,,,,,,,*7E
$GPGSV,2,1,06,05,29,109,43,10,12,310,37,18,63,250,47,20,25,053,33*72
$GPGSV,2,2,06,23,41,324,44,24,78,129,47,,,,,,,,*7E
$GPGSV,2,1,06,05,29,109,43,10,12,310,37,18,63,250,47,20,25,053,33*72
$GPGSV,2,2,06,23,41,324,44,24,78,129,47,,,,,,,,*7E
$GPGSV,2,1,06,05,29,109,43,10,12,310,37,18,63,250,47,20,25,053,33*72
$GPGSV,2,2,06,23,41,324,44,24,78,129,47,,,,,,,,*7E
$GPGSV,2,1,06,05,29,109,43,10,12,310,36,18,63,250,47,20,25,053,33*73
$GPGSV,2,2,06,23,41,324,44,24,78,129,47,,,,,,,,*7E
$GPGSV,2,1,06,05,29,109,43,10,12,310,36,18,63,250,47,20,25,053,33*73
$GPGSV,2,2,06,23,41,324,44,24,78,129,47,,,,,,,,*7E
$GPGSV,2,1,06,05,29,109,43,10,12,310,36,18,63,250,47,20,25,053,33*73
$GPGSV,2,2,06,23,41,324,44,24,78,129,47,,,,,,,,*7E
$GPGSV,2,1,06,05,29,109,43,10,12,310,36,18,63,250,47,20,25,053,33*73
$GPGSV,2,2,06,23,41,324,44,24,78,129,47,,,,,,,,*7E
$GPGSV,2,1,06,05,29,109,43,10,12,310,36,18,63,250,47,20,25,053,33*73
$GPGSV,2,2,06,23,41,324,44,24,78,129,47,,,,,,,,*7E
$GPGSV,2,1,06,05,29,109,43,10,12,310,36,18,63,250,47,20,25,053,33*73
$GPGSV,2,2,06,23,41,324,44,24,78,129,47,,,,,,,,*7E
$GPGSV,2,1,06,05,29,109,43,10,12,310,36,18,63,250,47,20,25,053,33*73
$GPGSV,2,2,06,23,41,324,44,24,78,129,47,,,,,,,,*7E
$GPGSV,2,1,06,05,29,109,43,10,12,310,36,18,63,250,47,20,25,053,33*73
$GPGSV,2,2,06,23,41,324,44,24,78,129,47,,,,,,,,*7E
$GPGSV,2,1,06,05,29,109,43,10,12,310,36,18,63,250,47,20,25,053,33*73
$GPGSV,2,2,06,23,41,324,44,24,78,129,47,,,,,,,,*7E
$GPGSV,2,1,06,05,29,109,42,10,12,310,36,18,63,250,47,20,25,053,33*72
$GPGSV,2,2,06,23,41,324,44,24,78,129,47,,,,,,,,*7E
$GPGSV,2,1,06,05,29,109,42,10,12,310,36,18,63,250,47,20,25,053,34*75
$GPGSV,2,2,06,23,41,324,44,24,78,129,47,,,,,,,,*7E
$GPGSV,2,1,06,05,29,109,42,10,12,310,36,18,63,250,47,20,25,053,34*75
$GPGSV,2,2,06,23,41,324,44,24,78,129,47,,,,,,,,*7E
$GPGSV,2,1,06,05,29,109,42,10,12,310,36,18,63,250,47,20,25,053,34*75
$GPGSV,2,2,06,23,41,324,44,24,78,129,47,,,,,,,,*7E
$GPGSV,2,1,06,05,29,109,42,10,12,310,36,18,63,250,47,20,25,053,34*75
$GPGSV,2,2,06,23,41,324,44,24,78,129,47,,,,,,,,*7E
$GPGSV,2,1,06,05,29,109,42,10,12,310,36,18,63,250,47,20,25,053,34*75
$GPGSV,2,2,06,23,41,324,44,24,78,129,47,,,,,,,,*7E
$GPGSV,2,1,06,05,29,109,42,10,12,310,35,18,63,250,47,20,25,053,34*76
$GPGSV,2,2,06,23,41,324,44,24,78,129,47,,,,,,,,*7E
$GPGSV,2,1,06,05,29,109,42,10,12,310,35,18,63,250,47,20,25,053,34*76
$GPGSV,2,2,06,23,41,324,44,24,78,129,47,,,,,,,,*7E
$GPGSV,2,1,06,05,29,109,43,10,12,310,35,18,63,250,47,20,25,053,34*77
$GPGSV,2,2,06,23,41,324,44,24,78,129,47,,,,,,,,*7E
$GPGSV,2,1,06,05,29,109,43,10,12,310,35,18,63,250,47,20,25,053,34*77
$GPGSV,2,2,06,23,41,324,44,24,78,129,47,,,,,,,,*7E
$GPGSV,2,1,06,05,29,109,43,10,12,310,35,18,63,250,47,20,25,053,34*77
$GPGSV,2,2,06,23,41,324,44,24,78,129,47,,,,,,,,*7E
$GPGSV,2,1,06,05,29,109,43,10,12,310,35,18,63,250,47,20,25,053,34*77
$GPGSV,2,2,06,23,41,324,44,24,78,129,47,,,,,,,,*7E
$GPGSV,2,1,06,05,29,109,43,10,12,310,35,18,63,250,47,20,25,053,34*77
$GPGSV,2,2,06,23,41,324,44,24,78,129,47,,,,,,,,*7E
$GPGSV,2,1,06,05,29,109,43,10,12,310,35,18,63,250,47,20,25,053,34*77
$GPGSV,2,2,06,23,41,324,44,24,78,129,47,,,,,,,,*7E
$GPGSV,2,1,06,05,29,109,43,10,12,310,35,18,63,250,47,20,25,053,34*77
$GPGSV,2,2,06,23,41,324,44,24,78,129,47,,,,,,,,*7E
$GPGSV,2,1,06,05,29,109,43,10,12,310,35,18,63,250,47,20,25,053,34*77
$GPGSV,2,2,06,23,41,324,44,24,78,129,47,,,,,,,,*7E
$GPGSV,2,1,06,05,29,109,43,10,12,310,35,18,63,250,47,20,25,053,34*77
$GPGSV,2,2,06,23,41,324,44,24,78,129,47,,,,,,,,*7E
$GPGSV,2,1,06,05,29,109,43,10,12,310,35,18,63,250,47,20,25,053,34*77
$GPGSV,2,2,06,23,41,324,44,24,78,129,47,,,,,,,,*7E
$GPGSV,2,1,06,05,29,109,43,10,12,310,35,18,63,250,47,20,25,053,34*77
$GPGSV,2,2,06,23,41,324,44,24,78,129,47,,,,,,,,*7E
$GPGSV,2,1,06,05,29,109,43,10,12,310,35,18,63,250,47,20,25,053,34*77
$GPGSV,2,2,06,23,41,324,44,24,78,129,47,,,,,,,,*7E
$GPGSV,2,1,06,05,29,109,43,10,12,310,35,18,63,250,47,20,25,053,34*77
$GPGSV,2,2,06,23,41,324,44,24,78,129,47,,,,,,,,*7E
$GPGSV,2,1,06,05,29,109,43,10,12,310,35,18,63,250,47,20,25,053,34*77
$GPGSV,2,2,06,23,41,324,44,24,78,129,47,,,,,,,,*7E
$GPGSV,2,1,06,05,29,109,43,10,12,310,35,18,63,250,47,20,25,053,34*77
$GPGSV,2,2,06,23,41,324,44,24,78,129,47,,,,,,,,*7E
$GPGSV,2,1,06,05,29,109,43,10,12,310,35,18,63,250,47,20,25,053,34*77
$GPGSV,2,2,06,23,41,324,44,24,78,129,47,,,,,,,,*7E
$GPGSV,2,1,06,05,29,109,43,10,12,310,35,18,63,250,47,20,25,053,34*77
$GPGSV,2,2,06,23,41,324,44,24,78,129,47,,,,,,,,*7E
$GPGSV,2,1,06,05,29,109,43,10,12,310,35,18,63,250,47,20,25,053,34*77
$GPGSV,2,2,06,23,41,324,44,24,78,129,47,,,,,,,,*7E
$GPGSV,2,1,06,05,29,109,43,10,12,310,35,18,63,250,47,20,25,053,34*77
$GPGSV,2,2,06,23,41,324,44,24,78,129,47,,,,,,,,*7E
$GPGSV,2,1,06,05,29,109,43,10,12,310,35,18,63,250,47,20,25,053,34*77
$GPGSV,2,2,06,23,41,324,44,24,78,129,47,,,,,,,,*7E
$GPGSV,2,1,06,05,29,109,43,10,12,310,35,18,63,250,47,20,25,053,34*77
$GPGSV,2,2,06,23,41,324,44,24,78,129,47,,,,,,,,*7E
$GPGSV,2,1,06,05,29,109,43,10,12,310,35,18,63,250,47,20,25,053,33*70
$GPGSV,2,2,06,23,41,324,44,24,78,129,47,,,,,,,,*7E
$GPGSV,2,1,06,05,29,109,43,10,12,310,35,18,63,250,47,20,25,053,33*70
$GPGSV,2,2,06,23,41,324,44,24,78,129,47,,,,,,,,*7E
$GPGSV,2,1,06,05,29,109,43,10,12,310,35,18,63,250,47,20,25,053,33*70
$GPGSV,2,2,06,23,41,324,44,24,78,129,47,,,,,,,,*7E
$GPGSV,2,1,06,05,29,109,43,10,12,310,35,18,63,250,47,20,25,053,33*70
$GPGSV,2,2,06,23,41,324,44,24,78,129,47,,,,,,,,*7E
$GPGSV,2,1,06,05,29,109,43,10,12,310,35,18,63,250,47,20,25,053,33*70
$GPGSV,2,2,06,23,41,324,44,24,78,129,47,,,,,,,,*7E
$GPGSV,2,1,06,05,29,109,43,10,12,310,35,18,63,250,47,20,25,053,33*70
$GPGSV,2,2,06,23,41,324,44,24,78,129,47,,,,,,,,*7E
$GPGSV,2,1,06,05,29,109,43,10,12,310,35,18,63,250,47,20,25,053,33*70
$GPGSV,2,2,06,23,41,324,44,24,78,129,47,,,,,,,,*7E
$GPGSV,2,1,06,05,29,109,43,10,12,310,35,18,63,250,47,20,25,053,33*70
$GPGSV,2,2,06,23,41,324,44,24,78,129,47,,,,,,,,*7E
$GPGSV,2,1,06,05,29,109,43,10,12,310,35,18,63,250,47,20,25,053,32*71
$GPGSV,2,2,06,23,41,324,44,24,78,129,47,,,,,,,,*7E
$GPGSV,2,1,06,05,29,109,43,10,12,310,35,18,63,250,47,20,25,053,32*71
$GPGSV,2,2,06,23,41,324,44,24,78,129,47,,,,,,,,*7E
$GPGSV,2,1,06,05,29,109,43,10,12,310,35,18,63,250,47,20,25,053,32*71
$GPGSV,2,2,06,23,41,324,44,24,78,129,47,,,,,,,,*7E
$GPGSV,2,1,06,05,29,109,43,10,12,310,35,18,63,250,47,20,25,053,31*72
$GPGSV,2,2,06,23,41,324,44,24,78,129,47,,,,,,,,*7E
$GPGSV,2,1,06,05,29,109,43,10,12,310,35,18,63,250,47,20,25,053,31*72
$GPGSV,2,2,06,23,41,324,44,24,78,129,47,,,,,,,,*7E
$GPGSV,2,1,06,05,29,109,43,10,12,310,35,18,63,250,47,20,25,053,31*72
$GPGSV,2,2,06,23,41,324,44,24,78,129,47,,,,,,,,*7E
$GPGSV,2,1,06,05,29,109,43,10,12,310,35,18,63,250,47,20,25,053,30*73
$GPGSV,2,2,06,23,41,324,44,24,78,129,47,,,,,,,,*7E
$GPGSV,2,1,06,05,29,109,43,10,12,310,35,18,63,250,47,20,25,053,31*72
$GPGSV,2,2,06,23,41,324,44,24,78,129,47,,,,,,,,*7E
$GPGSV,2,1,06,05,29,109,43,10,12,310,35,18,63,250,47,20,25,053,31*72
$GPGSV,2,2,06,23,41,324,44,24,78,129,47,,,,,,,,*7E
$GPGSV,2,1,06,05,29,109,43,10,12,310,35,18,63,250,47,20,25,053,31*72
$GPGSV,2,2,06,23,41,324,44,24,78,129,47,,,,,,,,*7E
$GPGSV,2,1,06,05,29,109,42,10,12,310,35,18,63,250,47,20,25,053,31*73
$GPGSV,2,2,06,23,41,324,44,24,78,129,47,,,,,,,,*7E
$GPGSV,2,1,06,05,29,109,42,10,12,310,35,18,63,250,47,20,25,053,31*73
$GPGSV,2,2,06,23,41,324,44,24,78,129,47,,,,,,,,*7E
$GPGSV,2,1,06,05,29,109,42,10,12,310,35,18,63,250,47,20,25,053,31*73
$GPGSV,2,2,06,23,41,324,44,24,78,129,47,,,,,,,,*7E
$GPGSV,2,1,06,05,29,109,42,10,12,310,35,18,63,250,47,20,25,053,31*73
$GPGSV,2,2,06,23,41,324,44,24,78,129,47,,,,,,,,*7E
$GPGSV,2,1,06,05,29,109,42,10,12,310,35,18,63,250,47,20,25,053,31*73
$GPGSV,2,2,06,23,41,324,44,24,78,129,47,,,,,,,,*7E
$GPGSV,2,1,06,05,29,109,42,10,12,310,35,18,63,250,47,20,25,053,31*73
$GPGSV,2,2,06,23,41,324,44,24,78,129,47,,,,,,,,*7E
$GPGSV,2,1,06,05,29,109,42,10,12,310,35,18,63,250,47,20,25,053,31*73
$GPGSV,2,2,06,23,41,324,44,24,78,129,47,,,,,,,,*7E
$GPGSV,2,1,06,05,29,109,42,10,12,310,35,18,63,250,47,20,25,053,31*73
$GPGSV,2,2,06,23,41,324,44,24,78,129,47,,,,,,,,*7E
$GPGSV,2,1,06,05,29,109,42,10,12,310,35,18,63,250,47,20,25,053,32*70
$GPGSV,2,2,06,23,41,324,44,24,78,129,47,,,,,,,,*7E
$GPGSV,2,1,06,05,29,109,42,10,12,310,35,18,63,250,47,20,25,053,32*70
$GPGSV,2,2,06,23,41,324,44,24,78,129,47,,,,,,,,*7E
$GPGSV,2,1,06,05,29,109,41,10,12,310,35,18,63,250,47,20,25,053,32*73
$GPGSV,2,2,06,23,41,324,44,24,78,129,47,,,,,,,,*7E
$GPGSV,2,1,06,05,29,109,41,10,12,310,35,18,63,250,47,20,25,053,31*70
$GPGSV,2,2,06,23,41,324,44,24,78,129,47,,,,,,,,*7E
$GPGSV,2,1,06,05,29,109,41,10,12,310,35,18,63,250,47,20,25,053,31*70
$GPGSV,2,2,06,23,41,324,44,24,78,129,47,,,,,,,,*7E
$GPGSV,2,1,06,05,29,109,41,10,12,310,35,18,63,250,47,20,25,053,31*70
$GPGSV,2,2,06,23,41,324,44,24,78,129,47,,,,,,,,*7E
$GPGSV,2,1,06,05,29,109,41,10,12,310,35,18,63,250,47,20,25,053,31*70
$GPGSV,2,2,06,23,41,324,44,24,78,129,47,,,,,,,,*7E
$GPGSV,2,1,06,05,29,109,41,10,12,310,35,18,63,250,47,20,25,053,31*70
$GPGSV,2,2,06,23,41,324,44,24,78,129,47,,,,,,,,*7E
$GPGSV,2,1,06,05,29,109,41,10,12,310,35,18,63,250,47,20,25,053,32*73
$GPGSV,2,2,06,23,41,324,44,24,78,129,47,,,,,,,,*7E
$GPGSV,2,1,06,05,29,109,41,10,12,310,35,18,63,250,47,20,25,053,32*73
$GPGSV,2,2,06,23,41,324,44,24,78,129,47,,,,,,,,*7E
$GPGSV,2,1,06,05,29,109,41,10,12,310,35,18,63,250,47,20,25,053,32*73
$GPGSV,2,2,06,23,41,324,44,24,78,129,47,,,,,,,,*7E
$GPGSV,2,1,06,05,29,109,41,10,12,310,35,18,63,250,47,20,25,053,32*73
$GPGSV,2,2,06,23,41,324,44,24,78,129,47,,,,,,,,*7E
$GPGSV,2,1,06,05,29,109,41,10,12,310,35,18,63,250,47,20,25,053,32*73
$GPGSV,2,2,06,23,41,324,44,24,78,129,47,,,,,,,,*7E
$GPGSV,2,1,06,05,29,109,41,10,12,310,35,18,63,250,47,20,25,053,32*73
$GPGSV,2,2,06,23,41,324,44,24,78,129,47,,,,,,,,*7E
$GPGSV,2,1,06,05,29,109,41,10,12,310,35,18,63,250,47,20,25,053,32*73
$GPGSV,2,2,06,23,41,324,44,24,78,129,47,,,,,,,,*7E
$GPGSV,2,1,06,05,29,109,41,10,12,310,35,18,63,250,47,20,25,053,32*73
$GPGSV,2,2,06,23,41,324,44,24,78,129,47,,,,,,,,*7E
$GPGSV,2,1,06,05,29,109,41,10,12,310,35,18,63,250,47,20,25,053,32*73
$GPGSV,2,2,06,23,41,324,44,24,78,129,47,,,,,,,,*7E
$GPGSV,2,1,06,05,29,109,41,10,12,310,35,18,63,249,47,20,25,053,32*7B
$GPGSV,2,2,06,23,41,324,44,24,78,129,47,,,,,,,,*7E
$GPGSV,2,1,06,05,29,109,41,10,12,310,35,18,63,249,47,20,25,053,32*7B
$GPGSV,2,2,06,23,41,324,44,24,78,129,47,,,,,,,,*7E
$GPGSV,2,1,06,05,29,109,41,10,12,310,35,18,63,249,47,20,25,053,32*7B
$GPGSV,2,2,06,23,41,324,44,24,78,129,47,,,,,,,,*7E
$GPGSV,2,1,06,05,29,109,41,10,12,310,35,18,63,249,47,20,25,053,32*7B
$GPGSV,2,2,06,23,41,324,44,24,78,129,47,,,,,,,,*7E
$GPGSV,2,1,06,05,29,109,41,10,12,310,35,18,63,249,47,20,25,053,32*7B
$GPGSV,2,2,06,23,41,324,44,24,78,129,47,,,,,,,,*7E
$GPGSV,2,1,06,05,29,109,41,10,12,310,35,18,63,249,47,20,25,053,32*7B
$GPGSV,2,2,06,23,41,324,44,24,78,129,47,,,,,,,,*7E
$GPGSV,2,1,06,05,29,109,41,10,12,310,35,18,63,249,47,20,25,053,32*7B
$GPGSV,2,2,06,23,41,324,44,24,78,129,47,,,,,,,,*7E
$GPGSV,2,1,06,05,29,109,41,10,12,310,35,18,63,249,47,20,25,053,32*7B
$GPGSV,2,2,06,23,41,324,44,24,78,129,47,,,,,,,,*7E
$GPGSV,2,1,06,05,29,109,42,10,12,310,35,18,63,249,47,20,25,053,32*78
$GPGSV,2,2,06,23,41,324,44,24,78,129,47,,,,,,,,*7E
$GPGSV,2,1,06,05,29,109,42,10,12,310,35,18,63,249,47,20,25,053,32*78
$GPGSV,2,2,06,23,41,324,44,24,78,129,47,,,,,,,,*7E
$GPGSV,2,1,06,05,29,109,42,10,12,310,35,18,63,249,47,20,25,053,32*78
$GPGSV,2,2,06,23,41,324,44,24,78,129,47,,,,,,,,*7E
$GPGSV,2,1,06,05,29,109,42,10,12,310,35,18,63,249,47,20,25,053,32*78
$GPGSV,2,2,06,23,41,324,44,24,78,129,47,,,,,,,,*7E
$GPGSV,2,1,06,05,29,109,42,10,12,310,35,18,63,249,47,20,25,053,32*78
$GPGSV,2,2,06,23,41,324,44,24,78,129,48,,,,,,,,*71
$GPGSV,2,1,06,05,29,109,42,10,12,310,35,18,63,249,47,20,25,053,32*78
$GPGSV,2,2,06,23,41,324,44,24,78,129,48,,,,,,,,*71
